NO_OF_FRAMES	5000
NO_OF_DATA_TYPES	3
FREQUENCY	500
TIME_STAMP	2026-06-14, 16:59:03
DATA_INCLUDED	Position
DATA_TYPES	Unidentified [8180]_pos_X	Unidentified [8180]_pos_Y	Unidentified [8180]_pos_Z


314.223	102.920	119.819
314.269	102.565	119.871
314.261	102.216	119.867
314.307	101.887	119.870
314.257	101.527	119.849
314.219	101.149	119.815
314.197	100.773	119.793
314.196	100.392	119.771
314.210	100.036	119.820
314.215	99.669	119.894
314.169	99.272	119.952
314.173	98.903	119.970
314.175	98.590	119.963
314.199	98.286	119.942
314.219	98.028	119.907
314.241	97.802	119.846
314.272	97.637	119.802
314.295	97.497	119.799
314.329	97.429	119.812
314.354	97.412	119.809
314.385	97.476	119.800
314.401	97.595	119.791
314.411	97.793	119.783
314.402	98.074	119.812
314.366	98.450	119.845
314.329	98.938	119.904
314.249	99.519	119.943
314.161	100.209	119.980
314.070	101.020	120.039
313.993	101.889	120.067
313.946	102.783	120.028
313.916	103.557	119.946
314.067	103.510	119.879
314.194	103.255	119.858
314.308	102.941	119.906
314.369	102.600	119.965
314.393	102.268	119.930
314.394	101.927	119.872
314.316	101.580	119.806
314.174	101.223	119.791
314.130	100.873	119.764
314.083	100.517	119.740
314.042	100.170	119.768
314.004	99.814	119.846
313.995	99.462	119.958
313.898	99.090	120.028
313.909	98.774	120.074
313.939	98.477	120.069
313.972	98.206	120.007
314.027	97.991	119.937
314.078	97.802	119.881
314.144	97.654	119.860
314.208	97.585	119.865
314.256	97.556	119.853
314.315	97.577	119.864
314.350	97.652	119.865
314.378	97.789	119.869
314.393	98.014	119.854
314.386	98.306	119.871
314.352	98.693	119.896
314.309	99.169	119.929
314.253	99.747	119.962
314.165	100.410	119.975
314.087	101.186	120.008
313.993	102.003	119.991
313.912	102.885	119.958
313.829	103.577	119.910
313.932	103.453	119.837
313.988	103.181	119.819
314.047	102.865	119.879
314.069	102.528	119.961
314.091	102.230	119.931
314.098	101.918	119.866
314.147	101.600	119.797
314.191	101.272	119.753
314.226	100.939	119.714
314.279	100.631	119.718
314.319	100.289	119.726
314.323	99.968	119.802
314.290	99.646	119.898
314.120	99.312	119.973
314.070	99.003	120.034
314.024	98.719	120.018
314.029	98.463	119.944
314.034	98.224	119.864
314.032	98.048	119.836
314.047	97.892	119.858
314.080	97.792	119.887
314.133	97.738	119.910
314.181	97.735	119.882
314.238	97.787	119.858
314.278	97.894	119.834
314.282	98.075	119.826
314.300	98.338	119.845
314.302	98.663	119.905
314.318	99.097	119.972
314.296	99.608	120.025
314.267	100.197	120.068
314.268	100.879	120.042
314.236	101.649	119.988
314.171	102.483	119.939
314.091	103.306	119.879
314.123	103.622	119.728
314.180	103.347	119.668
314.223	103.079	119.735
314.234	102.763	119.851
314.211	102.474	119.884
314.180	102.213	119.866
314.145	101.921	119.804
314.131	101.632	119.784
314.134	101.338	119.773
314.157	101.036	119.758
314.208	100.757	119.772
314.192	100.406	119.786
314.256	100.080	119.851
314.304	99.760	119.911
314.324	99.431	119.950
314.330	99.136	119.956
314.288	98.852	119.913
314.135	98.601	119.847
314.103	98.378	119.808
314.077	98.172	119.804
314.096	98.017	119.848
314.128	97.900	119.856
314.157	97.836	119.863
314.172	97.807	119.868
314.192	97.821	119.867
314.217	97.900	119.860
314.240	98.047	119.863
314.261	98.274	119.907
314.284	98.571	119.950
314.290	98.949	119.991
314.278	99.404	120.031
314.279	99.960	120.057
314.306	100.605	120.011
314.300	101.321	119.936
314.262	102.124	119.892
314.205	102.986	119.875
314.135	103.642	119.748
314.196	103.502	119.650
314.221	103.260	119.678
314.234	102.979	119.796
314.212	102.713	119.897
314.164	102.492	119.880
314.137	102.250	119.862
314.095	101.973	119.835
314.069	101.698	119.817
314.046	101.412	119.793
314.036	101.150	119.765
314.080	100.836	119.798
314.116	100.510	119.847
314.176	100.190	119.915
314.166	99.827	119.948
314.226	99.509	119.946
314.286	99.201	119.910
314.328	98.921	119.853
314.322	98.643	119.793
314.299	98.411	119.781
314.158	98.212	119.796
314.122	98.042	119.854
314.123	97.926	119.870
314.138	97.854	119.869
314.140	97.817	119.838
314.146	97.834	119.823
314.154	97.910	119.844
314.146	98.068	119.888
314.173	98.275	119.915
314.178	98.574	119.932
314.208	98.956	119.968
314.213	99.429	120.002
314.198	99.982	120.007
314.192	100.632	120.002
314.189	101.366	119.968
314.171	102.185	119.890
314.141	103.040	119.855
314.081	103.639	119.722
314.156	103.482	119.631
314.206	103.242	119.682
314.215	102.989	119.802
314.192	102.750	119.889
314.142	102.556	119.893
314.088	102.340	119.874
314.049	102.092	119.873
314.009	101.839	119.839
313.975	101.590	119.803
313.963	101.308	119.767
313.970	101.041	119.828
314.016	100.701	119.885
314.069	100.393	119.947
314.144	100.073	119.973
314.140	99.723	119.964
314.215	99.418	119.937
314.288	99.126	119.865
314.328	98.856	119.812
314.329	98.602	119.797
314.290	98.389	119.806
314.140	98.220	119.822
314.096	98.069	119.827
314.085	97.967	119.835
314.089	97.893	119.829
314.105	97.885	119.831
314.112	97.913	119.836
314.118	98.005	119.871
314.123	98.155	119.923
314.146	98.388	119.956
314.162	98.678	119.986
314.189	99.071	120.027
314.191	99.527	120.059
314.209	100.080	120.046
314.222	100.706	120.005
314.217	101.413	119.947
314.184	102.182	119.878
314.146	103.009	119.838
314.082	103.623	119.691
314.165	103.484	119.618
314.212	103.240	119.695
314.228	103.015	119.800
314.218	102.804	119.887
314.185	102.648	119.886
314.131	102.464	119.859
314.093	102.243	119.834
314.065	102.038	119.816
314.026	101.824	119.819
314.015	101.588	119.812
314.016	101.317	119.857
314.038	101.046	119.910
314.083	100.741	119.950
314.139	100.449	119.966
314.135	100.119	119.936
314.225	99.810	119.885
314.294	99.514	119.854
314.347	99.226	119.822
314.357	98.968	119.815
314.322	98.723	119.799
314.252	98.509	119.809
314.108	98.326	119.820
314.054	98.152	119.840
314.027	98.043	119.884
314.021	97.957	119.905
314.020	97.926	119.942
314.022	97.944	120.011
314.035	98.006	120.079
314.064	98.118	120.121
314.136	98.305	120.120
314.203	98.571	120.102
314.256	98.897	120.068
314.309	99.292	120.009
314.341	99.773	119.964
314.362	100.326	119.872
314.350	100.963	119.842
314.315	101.669	119.778
314.265	102.448	119.745
314.182	103.230	119.714
314.170	103.637	119.600
314.201	103.423	119.595
314.209	103.200	119.675
314.219	103.004	119.830
314.210	102.835	119.927
314.174	102.699	119.962
314.139	102.533	119.953
314.124	102.361	119.899
314.099	102.176	119.827
314.096	101.970	119.775
314.111	101.766	119.755
314.149	101.524	119.806
314.191	101.272	119.832
314.164	100.957	119.832
314.234	100.668	119.837
314.292	100.360	119.810
314.341	100.040	119.789
314.375	99.739	119.790
314.357	99.444	119.806
314.315	99.162	119.813
314.219	98.908	119.858
314.070	98.666	119.920
314.012	98.441	120.033
313.992	98.255	120.135
314.012	98.093	120.135
314.050	97.972	120.096
314.084	97.908	120.087
314.133	97.869	120.067
314.172	97.901	120.028
314.217	97.976	119.976
314.280	98.130	119.950
314.314	98.347	119.913
314.329	98.630	119.888
314.340	99.003	119.875
314.323	99.429	119.840
314.323	99.957	119.787
314.302	100.556	119.767
314.285	101.236	119.755
314.252	101.977	119.761
314.211	102.801	119.815
314.127	103.529	119.771
314.191	103.555	119.699
314.219	103.314	119.726
314.248	103.087	119.807
314.273	102.846	119.909
314.263	102.672	119.926
314.244	102.507	119.911
314.243	102.307	119.853
314.235	102.108	119.770
314.134	101.895	119.681
314.137	101.698	119.599
314.152	101.490	119.613
314.164	101.250	119.706
314.177	101.001	119.787
314.207	100.732	119.852
314.234	100.442	119.922
314.251	100.150	120.002
314.266	99.853	120.083
314.294	99.557	120.123
314.342	99.263	120.100
314.347	99.015	120.100
314.288	98.760	120.080
314.198	98.547	120.034
314.143	98.346	119.977
314.143	98.181	119.952
314.126	98.066	119.933
314.098	98.002	119.901
314.075	97.976	119.861
314.059	98.015	119.857
314.032	98.091	119.863
314.041	98.235	119.857
314.063	98.457	119.847
314.078	98.740	119.845
314.138	99.111	119.869
314.175	99.537	119.893
314.218	100.036	119.868
314.257	100.619	119.859
314.282	101.261	119.864
314.301	101.978	119.818
314.289	102.754	119.805
314.255	103.444	119.694
314.288	103.588	119.582
314.322	103.373	119.588
314.365	103.119	119.671
314.315	102.873	119.801
314.289	102.684	119.832
314.236	102.496	119.827
314.203	102.284	119.789
314.152	102.068	119.741
314.110	101.854	119.717
314.093	101.640	119.687
314.064	101.398	119.734
314.052	101.145	119.873
314.070	100.882	120.019
314.100	100.608	120.105
314.168	100.292	120.095
314.236	99.974	120.061
314.286	99.675	120.043
314.319	99.374	120.023
314.355	99.103	119.976
314.363	98.844	119.922
314.344	98.607	119.899
314.295	98.402	119.880
314.148	98.217	119.872
314.044	98.083	119.884
314.005	97.986	119.892
313.981	97.939	119.869
313.974	97.932	119.860
313.986	97.976	119.857
313.994	98.074	119.896
314.014	98.232	119.914
314.067	98.480	119.911
314.123	98.770	119.892
314.196	99.164	119.888
314.263	99.621	119.877
314.304	100.140	119.815
314.326	100.751	119.797
314.340	101.430	119.746
314.339	102.191	119.709
314.284	102.996	119.697
314.196	103.607	119.599
314.235	103.491	119.569
314.264	103.260	119.619
314.221	103.024	119.728
314.208	102.850	119.851
314.164	102.717	119.892
314.104	102.559	119.910
314.063	102.394	119.934
314.026	102.224	119.925
313.990	102.054	119.903
313.997	101.854	119.859
314.022	101.648	119.902
314.054	101.411	119.947
314.080	101.158	119.988
314.118	100.894	119.973
314.174	100.623	119.932
314.216	100.333	119.899
314.242	100.056	119.881
314.262	99.785	119.885
314.265	99.509	119.871
314.264	99.254	119.851
314.256	99.020	119.846
314.203	98.783	119.849
314.067	98.590	119.869
313.989	98.429	119.918
313.972	98.300	119.946
313.979	98.221	119.928
314.008	98.178	119.904
314.023	98.175	119.886
314.057	98.228	119.890
314.103	98.331	119.884
314.167	98.506	119.861
314.229	98.739	119.837
314.306	99.023	119.824
314.354	99.370	119.822
314.389	99.778	119.796
314.387	100.253	119.769
314.362	100.778	119.768
314.332	101.370	119.753
314.260	102.017	119.737
314.163	102.677	119.750
314.067	103.320	119.757
314.047	103.567	119.724
314.067	103.377	119.807
314.099	103.156	119.934
314.150	102.884	120.075
314.121	102.613	120.105
314.121	102.387	120.117
314.121	102.138	120.072
314.119	101.877	119.993
314.116	101.616	119.878
314.114	101.370	119.779
314.100	101.113	119.705
314.105	100.866	119.736
314.091	100.595	119.791
314.100	100.311	119.828
314.116	100.035	119.863
314.126	99.735	119.895
314.142	99.457	119.901
314.176	99.183	119.908
314.184	98.929	119.906
314.173	98.694	119.899
314.161	98.496	119.903
313.994	98.314	119.925
313.972	98.172	119.942
313.974	98.088	119.941
314.020	98.026	119.895
314.065	98.000	119.841
314.093	98.026	119.827
314.143	98.094	119.844
314.203	98.226	119.848
314.257	98.416	119.858
314.299	98.662	119.851
314.346	98.982	119.839
314.362	99.361	119.838
314.368	99.828	119.845
314.343	100.370	119.873
314.290	100.986	119.929
314.214	101.655	119.970
314.128	102.402	120.028
314.077	103.191	120.032
314.031	103.629	119.944
314.076	103.454	119.908
314.113	103.240	119.892
314.163	103.004	119.916
314.123	102.795	119.937
314.114	102.657	119.942
314.075	102.496	119.902
314.062	102.330	119.827
314.049	102.170	119.750
314.038	102.004	119.654
314.036	101.822	119.618
314.052	101.612	119.683
314.091	101.383	119.800
314.129	101.136	119.894
314.189	100.867	119.936
314.182	100.561	119.924
314.227	100.277	119.911
314.275	99.999	119.892
314.299	99.727	119.894
314.283	99.454	119.882
314.223	99.216	119.844
314.102	98.982	119.828
314.082	98.772	119.834
314.091	98.599	119.846
314.103	98.437	119.839
314.127	98.318	119.822
314.148	98.227	119.831
314.156	98.191	119.863
314.177	98.195	119.871
314.200	98.242	119.897
314.226	98.349	119.952
314.252	98.514	120.032
314.263	98.719	120.083
314.314	99.004	120.115
314.353	99.317	120.066
314.380	99.718	120.059
314.380	100.157	120.029
314.362	100.661	119.951
314.318	101.217	119.872
314.258	101.807	119.808
314.175	102.447	119.778
314.089	103.098	119.762
314.013	103.552	119.638
314.045	103.437	119.587
314.081	103.218	119.644
314.107	102.968	119.759
314.121	102.693	119.868
314.108	102.467	119.923
314.117	102.220	119.934
314.120	101.940	119.901
314.154	101.666	119.841
314.191	101.396	119.782
314.233	101.110	119.708
314.222	100.801	119.735
314.306	100.504	119.782
314.360	100.197	119.811
314.387	99.895	119.834
314.384	99.593	119.846
314.337	99.304	119.842
314.183	99.033	119.804
314.092	98.768	119.776
314.065	98.536	119.811
314.040	98.331	119.839
314.035	98.140	119.884
314.039	98.015	119.962
314.041	97.905	120.034
314.053	97.850	120.110
314.111	97.823	120.104
314.168	97.854	120.092
314.232	97.939	120.075
314.285	98.091	120.062
314.335	98.321	120.020
314.372	98.602	119.947
314.417	98.996	119.921
314.417	99.446	119.878
314.412	99.995	119.822
314.373	100.633	119.801
314.322	101.358	119.769
314.251	102.161	119.740
314.156	103.016	119.733
314.064	103.645	119.636
314.108	103.462	119.652
314.150	103.210	119.763
314.198	102.928	119.875
314.192	102.650	119.958
314.195	102.410	119.943
314.205	102.165	119.911
314.126	101.854	119.865
314.148	101.577	119.811
314.181	101.307	119.728
314.219	101.005	119.653
314.258	100.710	119.651
314.329	100.400	119.670
314.352	100.066	119.704
314.393	99.752	119.767
314.385	99.440	119.851
314.371	99.147	119.887
314.311	98.871	119.884
314.221	98.596	119.893
314.053	98.373	119.968
314.003	98.171	120.095
314.003	98.013	120.153
314.039	97.891	120.131
314.063	97.804	120.084
314.069	97.762	120.066
314.103	97.777	120.010
314.139	97.851	119.955
314.174	97.994	119.922
314.210	98.213	119.907
314.238	98.498	119.887
314.253	98.877	119.879
314.247	99.341	119.852
314.271	99.906	119.805
314.267	100.545	119.778
314.272	101.289	119.773
314.267	102.124	119.765
314.241	102.984	119.797
314.186	103.657	119.721
314.251	103.515	119.687
314.283	103.260	119.765
314.307	102.980	119.864
314.314	102.716	119.958
314.298	102.509	119.958
314.279	102.270	119.918
314.186	101.955	119.865
314.185	101.673	119.780
314.195	101.404	119.701
314.204	101.113	119.608
314.223	100.825	119.607
314.244	100.513	119.679
314.259	100.167	119.726
314.294	99.847	119.791
314.307	99.532	119.853
314.320	99.223	119.885
314.325	98.927	119.894
314.313	98.645	119.945
314.309	98.386	120.031
314.291	98.167	120.118
314.287	97.982	120.162
314.281	97.831	120.127
314.188	97.740	120.093
314.079	97.689	120.052
314.063	97.700	119.965
314.051	97.766	119.897
314.019	97.898	119.866
313.999	98.106	119.863
313.989	98.386	119.856
313.994	98.753	119.860
314.005	99.215	119.845
314.050	99.774	119.812
314.097	100.418	119.797
314.158	101.166	119.803
314.222	101.992	119.800
314.250	102.886	119.836
314.229	103.640	119.776
314.330	103.563	119.702
314.401	103.297	119.760
314.473	103.021	119.849
314.521	102.769	119.963
314.546	102.564	119.958
314.517	102.327	119.922
314.418	102.037	119.873
314.378	101.738	119.778
314.331	101.459	119.694
314.304	101.183	119.621
314.268	100.870	119.597
314.250	100.556	119.677
314.241	100.212	119.741
314.243	99.891	119.824
314.219	99.560	119.884
314.219	99.243	119.915
314.198	98.937	119.914
314.196	98.645	119.926
314.209	98.384	119.995
314.202	98.151	120.065
314.233	97.950	120.113
314.279	97.789	120.124
314.301	97.681	120.119
314.308	97.612	120.085
314.316	97.612	120.024
314.285	97.669	119.972
314.239	97.778	119.945
314.181	97.980	119.914
314.008	98.262	119.877
313.947	98.628	119.870
313.911	99.072	119.848
313.928	99.631	119.821
313.987	100.287	119.778
314.021	101.042	119.784
314.085	101.874	119.816
314.142	102.778	119.854
314.151	103.584	119.798
314.263	103.603	119.710
314.360	103.306	119.782
314.464	103.031	119.883
314.520	102.758	120.001
314.568	102.516	119.998
314.563	102.279	119.964
314.576	101.982	119.904
314.494	101.653	119.827
314.458	101.339	119.736
314.438	101.043	119.670
314.395	100.739	119.642
314.350	100.394	119.698
314.316	100.050	119.748
314.283	99.714	119.854
314.248	99.386	119.933
314.226	99.076	119.975
314.202	98.770	120.001
314.180	98.496	120.011
314.162	98.239	120.073
314.184	98.017	120.118
314.231	97.829	120.152
314.256	97.695	120.167
314.289	97.610	120.140
314.298	97.551	120.063
314.324	97.576	120.010
314.314	97.653	119.966
314.299	97.809	119.934
314.275	98.027	119.900
314.241	98.339	119.872
314.199	98.735	119.861
314.156	99.252	119.847
314.007	99.861	119.809
313.988	100.558	119.812
314.006	101.356	119.824
314.047	102.247	119.813
314.084	103.183	119.824
314.140	103.705	119.710
314.247	103.480	119.725
314.338	103.228	119.850
314.420	102.930	119.962
314.482	102.679	120.029
314.514	102.434	120.002
314.532	102.160	119.967
314.541	101.858	119.920
314.452	101.514	119.828
314.435	101.213	119.757
314.423	100.909	119.679
314.402	100.572	119.684
314.391	100.227	119.730
314.366	99.881	119.834
314.314	99.546	119.956
314.280	99.208	120.037
314.236	98.900	120.105
314.205	98.609	120.129
314.212	98.355	120.094
314.241	98.105	120.097
314.256	97.880	120.136
314.273	97.735	120.163
314.295	97.626	120.112
314.303	97.558	120.061
314.305	97.541	120.019
314.295	97.597	119.993
314.273	97.720	119.964
314.250	97.906	119.905
314.250	98.192	119.879
314.253	98.547	119.834
314.270	99.017	119.824
314.265	99.566	119.803
314.260	100.232	119.774
314.244	101.002	119.792
314.210	101.859	119.779
314.070	102.775	119.792
314.050	103.594	119.751
314.162	103.551	119.668
314.267	103.273	119.728
314.366	102.951	119.829
314.420	102.632	119.961
314.434	102.338	120.003
314.447	102.044	120.000
314.452	101.728	119.945
314.442	101.387	119.876
314.369	101.007	119.799
314.351	100.670	119.742
314.346	100.341	119.748
314.327	99.991	119.835
314.300	99.655	119.993
314.312	99.295	120.099
314.363	98.971	120.147
314.358	98.646	120.153
314.365	98.371	120.137
314.352	98.118	120.040
314.354	97.888	119.953
314.353	97.712	119.957
314.347	97.580	120.009
314.315	97.516	120.010
314.274	97.487	119.991
314.237	97.539	119.965
314.221	97.647	119.916
314.183	97.826	119.887
314.165	98.082	119.869
314.175	98.434	119.879
314.184	98.882	119.901
314.204	99.442	119.903
314.222	100.095	119.834
314.215	100.860	119.792
314.212	101.713	119.711
314.182	102.631	119.665
314.124	103.467	119.536
314.220	103.553	119.438
314.282	103.282	119.479
314.267	102.968	119.631
314.277	102.632	119.842
314.283	102.315	119.913
314.285	102.001	119.904
314.213	101.626	119.837
314.190	101.268	119.813
314.158	100.887	119.825
314.148	100.526	119.844
314.131	100.170	119.893
314.128	99.806	119.978
314.179	99.439	119.999
314.206	99.079	120.047
314.198	98.725	120.139
314.206	98.434	120.116
314.200	98.149	119.997
314.200	97.924	119.901
314.195	97.726	119.854
314.165	97.583	119.858
314.137	97.499	119.893
314.112	97.469	119.927
314.093	97.503	119.933
314.078	97.595	119.909
314.083	97.756	119.903
314.092	98.001	119.899
314.108	98.333	119.918
314.126	98.772	119.936
314.149	99.327	119.933
314.144	100.003	119.898
314.116	100.769	119.844
314.065	101.615	119.775
313.994	102.521	119.710
313.895	103.376	119.589
313.972	103.519	119.472
314.066	103.255	119.471
314.180	102.967	119.590
314.224	102.603	119.749
314.245	102.259	119.784
314.238	101.909	119.770
314.223	101.552	119.731
314.145	101.158	119.733
314.067	100.775	119.743
314.066	100.394	119.754
314.081	100.033	119.823
314.069	99.651	119.911
314.077	99.295	120.010
314.056	98.938	120.093
314.060	98.611	120.146
314.049	98.285	120.115
314.042	98.023	120.058
314.020	97.805	119.980
313.991	97.617	119.892
313.966	97.480	119.868
313.945	97.418	119.881
313.939	97.428	119.923
313.926	97.479	119.918
313.936	97.619	119.903
313.951	97.833	119.891
313.982	98.115	119.883
314.018	98.498	119.894
314.052	98.986	119.912
314.070	99.594	119.936
314.098	100.318	119.925
314.116	101.137	119.903
314.128	102.038	119.848
314.108	102.968	119.784
314.077	103.628	119.649
314.160	103.429	119.577
314.169	103.133	119.592
314.221	102.802	119.745
314.214	102.423	119.817
314.209	102.089	119.804
314.209	101.708	119.753
314.214	101.344	119.714
314.217	100.932	119.705
314.257	100.546	119.671
314.272	100.163	119.669
314.302	99.798	119.708
314.295	99.407	119.790
314.281	99.074	119.918
314.215	98.709	120.011
314.097	98.383	120.088
314.049	98.078	120.122
314.045	97.838	120.101
314.053	97.626	120.031
314.014	97.454	119.983
313.985	97.342	119.970
313.959	97.307	119.998
313.940	97.335	119.987
313.920	97.431	119.957
313.910	97.615	119.935
313.911	97.891	119.912
313.921	98.263	119.885
313.934	98.748	119.867
313.973	99.343	119.870
314.061	100.080	119.861
314.122	100.896	119.854
314.179	101.791	119.856
314.217	102.742	119.837
314.204	103.580	119.764
314.303	103.578	119.678
314.366	103.290	119.733
314.411	102.975	119.838
314.439	102.622	119.916
314.367	102.245	119.882
314.338	101.901	119.850
314.319	101.511	119.792
314.316	101.108	119.753
314.314	100.689	119.690
314.311	100.280	119.632
314.338	99.893	119.625
314.343	99.487	119.654
314.354	99.098	119.739
314.351	98.723	119.840
314.356	98.360	119.918
314.360	98.038	119.970
314.362	97.757	119.971
314.353	97.522	119.972
314.338	97.318	120.008
314.305	97.176	120.091
314.262	97.113	120.209
314.247	97.132	120.217
314.222	97.200	120.139
314.110	97.372	120.101
314.108	97.625	120.041
314.089	97.976	119.963
314.098	98.426	119.875
314.087	99.018	119.844
314.073	99.724	119.814
314.066	100.555	119.805
314.085	101.454	119.806
314.102	102.429	119.784
314.122	103.352	119.721
314.231	103.660	119.604
314.319	103.385	119.676
314.407	103.069	119.802
314.481	102.719	119.905
314.514	102.355	119.922
314.539	102.021	119.924
314.452	101.609	119.856
314.457	101.198	119.826
314.447	100.771	119.747
314.443	100.351	119.669
314.439	99.937	119.618
314.449	99.551	119.620
314.442	99.149	119.676
314.433	98.768	119.772
314.423	98.391	119.835
314.419	98.051	119.845
314.403	97.761	119.842
314.382	97.524	119.836
314.363	97.313	119.839
314.336	97.162	119.902
314.316	97.086	120.000
314.296	97.079	120.102
314.288	97.133	120.174
314.272	97.280	120.238
314.305	97.525	120.228
314.346	97.849	120.188
314.357	98.312	120.173
314.354	98.895	120.139
314.354	99.592	120.022
314.353	100.410	119.916
314.314	101.317	119.880
314.256	102.253	119.796
314.089	103.214	119.744
314.120	103.629	119.576
314.195	103.381	119.584
314.257	103.080	119.694
314.262	102.711	119.825
314.248	102.327	119.900
314.232	101.955	119.981
314.224	101.567	119.980
314.228	101.159	119.981
314.238	100.729	119.923
314.258	100.286	119.851
314.210	99.859	119.799
314.236	99.445	119.803
314.285	99.083	119.829
314.313	98.707	119.852
314.365	98.360	119.862
314.404	98.043	119.847
314.413	97.752	119.821
314.429	97.537	119.801
314.435	97.362	119.779
314.419	97.226	119.783
314.397	97.170	119.844
314.383	97.191	119.892
314.352	97.287	119.931
314.336	97.472	120.003
314.308	97.739	120.068
314.266	98.105	120.140
314.242	98.601	120.203
314.229	99.219	120.212
314.213	99.952	120.168
314.167	100.795	120.131
314.109	101.677	120.066
314.045	102.603	119.961
313.993	103.445	119.816
314.123	103.520	119.675
314.244	103.269	119.666
314.325	102.972	119.770
314.376	102.621	119.880
314.362	102.262	119.870
314.210	101.891	119.850
314.170	101.517	119.850
314.123	101.109	119.868
314.120	100.710	119.879
314.103	100.312	119.852
314.091	99.920	119.860
314.093	99.533	119.912
314.007	99.117	119.942
314.013	98.753	119.999
314.037	98.424	120.040
314.065	98.121	120.035
314.096	97.866	119.980
314.115	97.650	119.915
314.140	97.467	119.882
314.169	97.334	119.885
314.216	97.283	119.868
314.259	97.286	119.873
314.291	97.344	119.869
314.314	97.498	119.910
314.313	97.711	119.948
314.290	98.022	120.014
314.277	98.424	120.081
314.271	98.960	120.144
314.264	99.584	120.123
314.224	100.328	120.091
314.155	101.177	120.064
314.071	102.064	119.996
313.970	102.990	119.898
313.923	103.596	119.767
314.026	103.404	119.669
314.099	103.129	119.704
314.149	102.792	119.801
314.178	102.445	119.879
314.191	102.103	119.857
314.206	101.735	119.806
314.232	101.359	119.786
314.255	100.977	119.801
314.264	100.582	119.791
314.263	100.201	119.771
314.243	99.843	119.802
314.101	99.487	119.885
314.088	99.126	119.955
314.067	98.779	119.997
314.069	98.471	119.985
314.059	98.177	119.933
314.070	97.938	119.887
314.086	97.744	119.849
314.112	97.578	119.838
314.141	97.467	119.861
314.169	97.414	119.877
314.184	97.422	119.892
314.216	97.508	119.926
314.232	97.671	119.966
314.226	97.878	119.992
314.235	98.199	120.063
314.269	98.609	120.110
314.337	99.118	120.061
314.353	99.735	120.040
314.338	100.457	120.021
314.290	101.267	119.950
314.231	102.152	119.834
314.148	103.072	119.771
314.100	103.651	119.615
314.162	103.414	119.579
314.203	103.131	119.671
314.169	102.768	119.782
314.160	102.416	119.847
314.118	102.075	119.845
314.101	101.713	119.829
314.097	101.337	119.827
314.113	100.938	119.832
314.150	100.547	119.809
314.206	100.165	119.775
314.279	99.786	119.790
314.315	99.411	119.829
314.357	99.060	119.897
314.360	98.701	119.941
314.344	98.380	119.945
314.281	98.092	119.905
314.123	97.862	119.858
314.083	97.658	119.829
314.068	97.497	119.835
314.081	97.393	119.856
314.079	97.345	119.868
314.107	97.377	119.888
314.139	97.473	119.899
314.151	97.645	119.900
314.179	97.899	119.903
314.204	98.254	119.925
314.217	98.714	119.983
314.225	99.300	120.038
314.235	99.995	120.056
314.261	100.782	120.007
314.264	101.655	119.965
314.239	102.597	119.927
314.186	103.456	119.812
314.267	103.601	119.655
314.330	103.338	119.652
314.370	103.041	119.754
314.370	102.696	119.880
314.324	102.374	119.895
314.259	102.054	119.874
314.204	101.674	119.832
314.153	101.291	119.814
314.114	100.885	119.787
314.087	100.489	119.778
314.074	100.104	119.799
313.980	99.672	119.857
313.995	99.289	119.904
314.022	98.881	119.954
314.075	98.547	120.002
314.115	98.214	119.986
314.182	97.932	119.934
314.257	97.694	119.848
314.317	97.485	119.804
314.348	97.337	119.827
314.352	97.243	119.861
314.310	97.231	119.895
314.202	97.276	119.885
314.098	97.396	119.877
314.074	97.621	119.878
314.061	97.937	119.866
314.059	98.324	119.849
314.037	98.845	119.840
314.037	99.508	119.881
314.014	100.277	119.893
313.973	101.132	119.893
313.941	102.018	119.860
313.919	102.960	119.847
313.922	103.613	119.770
314.090	103.448	119.721
314.219	103.191	119.795
314.334	102.877	119.915
314.376	102.518	119.991
314.391	102.191	119.982
314.379	101.831	119.929
314.321	101.472	119.877
314.262	101.074	119.834
314.188	100.693	119.796
314.092	100.322	119.760
313.998	99.948	119.769
313.928	99.596	119.832
313.860	99.220	119.911
313.734	98.848	119.970
313.712	98.517	120.023
313.716	98.248	120.037
313.750	97.987	119.994
313.777	97.778	119.942
313.858	97.600	119.908
313.950	97.489	119.913
314.062	97.428	119.923
314.184	97.438	119.918
314.280	97.507	119.879
314.366	97.628	119.852
314.399	97.813	119.827
314.407	98.117	119.813
314.361	98.502	119.802
314.275	98.995	119.791
314.125	99.574	119.773
313.965	100.298	119.772
313.839	101.101	119.780
313.734	101.976	119.750
313.640	102.851	119.723
313.616	103.504	119.661
313.730	103.408	119.692
313.839	103.165	119.789
313.967	102.869	119.925
314.053	102.557	120.054
314.153	102.259	120.078
314.229	101.951	120.045
314.290	101.616	119.988
314.336	101.294	119.953
314.286	100.926	119.863
314.290	100.594	119.795
314.266	100.263	119.752
314.238	99.949	119.781
314.152	99.616	119.820
314.002	99.279	119.867
313.892	98.948	119.910
313.808	98.675	119.939
313.712	98.425	119.930
313.665	98.215	119.917
313.648	98.016	119.926
313.674	97.867	119.959
313.719	97.775	119.978
313.812	97.748	119.985
313.909	97.759	119.954
313.997	97.831	119.921
314.102	97.955	119.880
314.185	98.154	119.844
314.275	98.418	119.819
314.337	98.768	119.805
314.376	99.204	119.789
314.371	99.726	119.734
314.315	100.341	119.721
314.201	101.030	119.697
314.054	101.807	119.677
313.878	102.647	119.663
313.695	103.417	119.615
313.700	103.454	119.606
313.680	103.242	119.681
313.745	102.965	119.793
313.805	102.705	119.978
313.855	102.462	120.085
313.895	102.232	120.115
313.983	101.972	120.057
314.045	101.728	120.003
314.118	101.480	119.930
314.179	101.251	119.844
314.227	101.010	119.815
314.274	100.754	119.813
314.291	100.482	119.836
314.270	100.204	119.851
314.231	99.933	119.868
314.160	99.656	119.879
314.089	99.384	119.878
314.036	99.136	119.845
313.985	98.889	119.848
313.928	98.683	119.862
313.893	98.503	119.930
313.875	98.353	119.993
313.872	98.236	120.007
313.887	98.164	119.992
313.939	98.119	119.959
313.990	98.106	119.920
314.057	98.154	119.901
314.134	98.257	119.866
314.196	98.410	119.832
314.235	98.607	119.808
314.273	98.878	119.791
314.303	99.206	119.760
314.319	99.612	119.744
314.284	100.060	119.721
314.251	100.594	119.730
314.180	101.169	119.722
314.079	101.797	119.736
313.969	102.480	119.770
313.841	103.167	119.839
313.762	103.554	119.840
313.806	103.406	119.882
313.897	103.197	119.964
313.970	102.960	120.041
313.972	102.733	120.123
314.028	102.536	120.141
314.102	102.337	120.084
314.176	102.111	119.995
314.221	101.881	119.884
314.260	101.668	119.772
314.280	101.467	119.712
314.268	101.234	119.740
314.260	100.986	119.784
314.256	100.735	119.822
314.243	100.445	119.844
314.224	100.174	119.912
314.208	99.907	119.962
314.184	99.622	119.985
314.089	99.333	119.966
314.078	99.066	119.944
314.080	98.843	119.934
314.093	98.649	119.905
314.091	98.462	119.900
314.120	98.309	119.914
314.143	98.191	119.921
314.167	98.114	119.885
314.190	98.070	119.861
314.217	98.064	119.846
314.244	98.110	119.824
314.277	98.217	119.819
314.301	98.374	119.810
314.304	98.582	119.829
314.286	98.850	119.848
314.275	99.188	119.886
314.236	99.580	119.944
314.197	100.057	120.010
314.157	100.591	120.069
314.136	101.174	120.088
314.100	101.806	120.040
314.066	102.491	119.998
314.023	103.196	119.965
314.004	103.603	119.876
314.099	103.456	119.792
314.178	103.251	119.734
314.232	103.020	119.795
314.242	102.829	119.868
314.145	102.636	119.878
314.126	102.453	119.861
314.120	102.236	119.823
314.116	102.021	119.779
314.092	101.808	119.756
314.117	101.560	119.774
314.133	101.304	119.846
314.156	101.026	119.909
314.202	100.754	119.961
314.237	100.446	119.977
314.185	100.122	119.968
314.234	99.823	119.946
314.264	99.537	119.925
314.308	99.247	119.875
314.333	98.996	119.848
314.350	98.744	119.822
314.361	98.533	119.799
314.365	98.332	119.800
314.353	98.161	119.837
314.342	98.028	119.887
314.310	97.943	119.927
314.282	97.897	119.960
314.247	97.892	120.005
314.212	97.935	120.071
314.196	98.034	120.112
314.214	98.202	120.106
314.230	98.416	120.080
314.225	98.702	120.067
314.224	99.055	120.021
314.212	99.481	119.973
314.219	99.995	119.904
314.184	100.581	119.867
314.157	101.247	119.839
314.113	101.962	119.765
314.080	102.737	119.738
314.030	103.466	119.651
314.127	103.530	119.578
314.238	103.313	119.611
314.319	103.063	119.705
314.381	102.833	119.865
314.382	102.648	119.901
314.252	102.470	119.906
314.189	102.285	119.900
314.179	102.091	119.893
314.173	101.903	119.852
314.179	101.703	119.764
314.199	101.481	119.749
314.213	101.252	119.800
314.152	100.960	119.837
314.205	100.700	119.857
314.242	100.405	119.837
314.280	100.120	119.822
314.316	99.840	119.820
314.343	99.553	119.815
314.351	99.269	119.823
314.353	99.020	119.838
314.352	98.772	119.878
314.334	98.553	119.936
314.306	98.364	120.013
314.309	98.197	120.121
314.327	98.056	120.112
314.333	97.962	120.108
314.292	97.913	120.107
314.278	97.909	120.051
314.263	97.942	119.960
314.240	98.043	119.924
314.211	98.213	119.915
314.170	98.439	119.883
314.110	98.730	119.851
314.085	99.107	119.836
314.056	99.547	119.819
314.063	100.072	119.786
314.062	100.669	119.782
314.088	101.331	119.770
314.115	102.066	119.757
314.130	102.851	119.770
314.108	103.541	119.705
314.205	103.546	119.622
314.290	103.332	119.638
314.337	103.080	119.712
314.298	102.868	119.849
314.242	102.693	119.905
314.236	102.519	119.913
314.232	102.319	119.862
314.164	102.102	119.764
314.162	101.900	119.692
314.172	101.679	119.650
314.188	101.465	119.665
314.200	101.225	119.727
314.210	100.964	119.777
314.240	100.689	119.813
314.263	100.392	119.838
314.268	100.114	119.900
314.280	99.826	119.970
314.265	99.534	120.018
314.290	99.258	120.074
314.336	99.001	120.058
314.354	98.760	120.034
314.346	98.546	120.045
314.325	98.357	120.033
314.294	98.186	119.970
314.237	98.048	119.922
314.177	97.989	119.885
314.130	97.960	119.885
314.066	97.980	119.885
314.011	98.051	119.879
313.963	98.180	119.862
313.931	98.365	119.849
313.939	98.637	119.844
313.939	98.960	119.832
313.999	99.374	119.858
314.047	99.827	119.861
314.103	100.376	119.842
314.175	100.993	119.841
314.243	101.672	119.795
314.259	102.415	119.768
314.257	103.172	119.734
314.242	103.644	119.601
314.295	103.447	119.537
314.235	103.230	119.575
314.210	102.982	119.738
314.200	102.759	119.847
314.110	102.549	119.851
314.102	102.346	119.815
314.100	102.123	119.764
314.090	101.899	119.746
314.087	101.671	119.735
314.116	101.443	119.702
314.123	101.198	119.780
314.155	100.941	119.882
314.194	100.696	119.995
314.215	100.399	120.067
314.260	100.111	120.077
314.300	99.810	120.045
314.330	99.513	120.030
314.345	99.240	120.006
314.351	98.981	119.983
314.322	98.736	119.932
314.292	98.524	119.902
314.248	98.325	119.885
314.190	98.160	119.866
314.113	98.030	119.860
314.073	97.960	119.863
314.019	97.934	119.848
313.983	97.939	119.853
313.959	97.999	119.891
313.950	98.115	119.918
313.956	98.297	119.922
313.985	98.545	119.906
314.030	98.844	119.880
314.114	99.245	119.873
314.188	99.708	119.842
314.258	100.222	119.793
314.304	100.832	119.765
314.327	101.511	119.707
314.303	102.263	119.680
314.219	103.047	119.655
314.113	103.606	119.582
314.039	103.441	119.565
314.048	103.223	119.618
314.064	102.989	119.744
314.068	102.770	119.860
314.055	102.609	119.907
313.964	102.414	119.933
313.978	102.213	119.989
313.998	102.028	120.030
314.095	101.857	119.992
314.147	101.632	119.917
314.227	101.425	119.945
314.290	101.177	119.974
314.349	100.928	119.954
314.385	100.643	119.918
314.410	100.371	119.888
314.387	100.075	119.853
314.381	99.793	119.832
314.332	99.531	119.829
314.276	99.267	119.850
314.219	99.024	119.847
314.156	98.791	119.863
314.112	98.582	119.880
314.073	98.396	119.909
314.039	98.231	119.911
314.026	98.117	119.916
314.026	98.059	119.895
314.018	98.030	119.876
314.024	98.047	119.868
314.052	98.110	119.865
314.103	98.241	119.859
314.156	98.419	119.831
314.204	98.655	119.803
314.264	98.962	119.793
314.326	99.328	119.776
314.354	99.761	119.738
314.358	100.264	119.726
314.328	100.820	119.743
314.245	101.450	119.739
314.124	102.122	119.765
313.916	102.810	119.815
313.824	103.456	119.859
313.867	103.507	119.861
313.982	103.303	119.911
314.092	103.057	119.956
314.154	102.792	120.063
314.200	102.571	120.108
314.250	102.347	120.070
314.314	102.118	120.011
314.369	101.877	119.922
314.412	101.635	119.802
314.357	101.384	119.680
314.374	101.170	119.665
314.369	100.927	119.733
314.327	100.667	119.788
314.315	100.402	119.848
314.270	100.115	119.901
314.242	99.841	119.957
314.201	99.564	119.974
314.176	99.300	119.957
314.144	99.045	119.924
314.112	98.806	119.898
314.125	98.606	119.899
314.143	98.413	119.894
314.162	98.262	119.891
314.191	98.139	119.860
314.222	98.043	119.821
314.249	97.988	119.785
314.259	97.990	119.772
314.270	98.024	119.767
314.297	98.114	119.801
314.326	98.273	119.837
314.333	98.466	119.871
314.333	98.727	119.910
314.336	99.067	119.943
314.312	99.452	120.012
314.285	99.936	120.075
314.266	100.467	120.101
314.259	101.063	120.056
314.206	101.718	120.001
314.093	102.439	119.976
313.973	103.168	119.925
313.969	103.623	119.773
314.074	103.471	119.661
314.157	103.242	119.658
314.216	102.989	119.739
314.234	102.760	119.838
314.237	102.572	119.872
314.246	102.370	119.854
314.262	102.148	119.818
314.269	101.937	119.795
314.286	101.711	119.804
314.296	101.479	119.815
314.306	101.213	119.873
314.311	100.943	119.911
314.313	100.658	119.945
314.318	100.359	119.962
314.235	100.035	119.960
314.237	99.749	119.926
314.241	99.458	119.902
314.261	99.180	119.857
314.274	98.933	119.831
314.267	98.692	119.816
314.275	98.476	119.811
314.292	98.304	119.808
314.308	98.137	119.812
314.323	97.997	119.813
314.321	97.917	119.820
314.310	97.873	119.838
314.298	97.877	119.864
314.265	97.936	119.909
314.262	98.048	119.976
314.257	98.218	120.040
314.271	98.455	120.076
314.263	98.756	120.091
314.277	99.134	120.071
314.280	99.590	120.036
314.280	100.118	119.964
314.257	100.721	119.907
314.207	101.404	119.852
314.100	102.140	119.761
314.007	102.931	119.737
313.978	103.589	119.638
314.092	103.503	119.590
314.173	103.262	119.637
314.239	102.999	119.724
314.275	102.761	119.869
314.285	102.575	119.933
314.284	102.389	119.965
314.300	102.180	119.964
314.317	101.972	119.938
314.331	101.768	119.889
314.361	101.573	119.823
314.386	101.363	119.845
314.398	101.116	119.895
314.404	100.851	119.925
314.354	100.553	119.915
314.362	100.273	119.886
314.352	99.990	119.840
314.348	99.714	119.819
314.323	99.423	119.799
314.309	99.154	119.769
314.304	98.905	119.764
314.307	98.683	119.790
314.315	98.467	119.813
314.329	98.279	119.833
314.326	98.126	119.861
314.313	98.002	119.907
314.316	97.919	119.970
314.295	97.880	120.043
314.271	97.888	120.099
314.262	97.935	120.142
314.271	98.053	120.142
314.299	98.227	120.103
314.309	98.472	120.062
314.308	98.773	120.011
314.319	99.150	119.941
314.316	99.598	119.883
314.299	100.113	119.825
314.270	100.732	119.808
314.226	101.418	119.775
314.074	102.163	119.738
314.053	102.947	119.751
314.015	103.580	119.663
314.125	103.517	119.618
314.195	103.268	119.703
314.245	103.021	119.843
314.283	102.776	119.987
314.306	102.583	120.023
314.328	102.389	120.015
314.352	102.179	119.978
314.376	101.960	119.928
314.404	101.747	119.855
314.421	101.529	119.770
314.379	101.262	119.727
314.411	100.998	119.756
314.431	100.722	119.774
314.450	100.444	119.768
314.458	100.160	119.768
314.442	99.866	119.764
314.411	99.575	119.770
314.359	99.280	119.785
314.328	99.010	119.798
314.288	98.755	119.839
314.272	98.520	119.894
314.262	98.313	119.968
314.244	98.131	120.055
314.236	97.983	120.115
314.239	97.884	120.181
314.258	97.823	120.172
314.285	97.806	120.145
314.289	97.849	120.121
314.278	97.936	120.092
314.280	98.099	120.019
314.296	98.345	119.962
314.287	98.634	119.901
314.283	99.031	119.877
314.257	99.481	119.826
314.244	100.028	119.774
314.212	100.652	119.763
314.071	101.359	119.756
314.048	102.149	119.772
314.036	102.977	119.798
314.033	103.644	119.743
314.151	103.535	119.723
314.216	103.311	119.807
314.287	103.058	119.913
314.350	102.825	120.017
314.379	102.666	120.040
314.400	102.499	120.016
314.419	102.300	119.951
314.448	102.113	119.865
314.466	101.930	119.785
314.398	101.697	119.681
314.400	101.465	119.666
314.418	101.220	119.681
314.411	100.960	119.720
314.387	100.681	119.745
314.354	100.390	119.757
314.329	100.080	119.784
314.303	99.785	119.832
314.256	99.477	119.905
314.238	99.189	119.959
314.216	98.917	120.047
314.208	98.679	120.149
314.242	98.457	120.173
314.279	98.257	120.174
314.294	98.079	120.179
314.303	97.953	120.167
314.303	97.877	120.111
314.295	97.853	120.037
314.288	97.872	119.992
314.268	97.948	119.961
314.255	98.099	119.927
314.232	98.317	119.883
314.216	98.583	119.822
314.217	98.954	119.802
314.217	99.372	119.773
314.202	99.899	119.759
314.094	100.492	119.779
314.044	101.153	119.851
314.061	101.897	119.896
314.089	102.687	119.886
314.095	103.444	119.839
314.187	103.643	119.763
314.273	103.443	119.797
314.359	103.219	119.836
314.426	102.981	119.947
314.478	102.821	119.991
314.498	102.658	119.989
314.491	102.480	119.948
314.473	102.266	119.859
314.457	102.080	119.766
314.362	101.849	119.672
314.339	101.628	119.647
314.329	101.385	119.725
314.296	101.122	119.809
314.265	100.855	119.936
314.243	100.557	120.032
314.241	100.245	120.082
314.280	99.940	120.080
314.292	99.620	120.103
314.297	99.324	120.122
314.316	99.046	120.080
314.323	98.771	120.029
314.339	98.539	120.002
314.315	98.317	119.980
314.295	98.138	119.952
314.257	98.004	119.939
314.250	97.907	119.922
314.234	97.861	119.903
314.223	97.858	119.863
314.238	97.914	119.863
314.258	98.034	119.873
314.281	98.219	119.863
314.293	98.469	119.835
314.294	98.793	119.831
314.298	99.196	119.838
314.268	99.684	119.800
314.127	100.241	119.768
314.126	100.870	119.772
314.145	101.583	119.785
314.152	102.352	119.765
314.141	103.161	119.732
314.163	103.669	119.634
314.256	103.497	119.628
314.317	103.278	119.693
314.372	103.017	119.817
314.413	102.832	119.912
314.418	102.670	119.964
314.404	102.499	120.026
314.388	102.295	120.074
314.433	102.116	120.002
314.452	101.917	119.908
314.441	101.690	119.879
314.431	101.450	119.868
314.364	101.145	119.839
314.349	100.863	119.843
314.344	100.582	119.876
314.306	100.295	119.882
314.267	99.997	119.858
314.229	99.699	119.830
314.185	99.411	119.844
314.167	99.137	119.838
314.134	98.882	119.843
314.124	98.654	119.879
314.117	98.451	119.907
314.128	98.257	119.923
314.144	98.101	119.939
314.184	98.002	119.922
314.230	97.951	119.898
314.276	97.931	119.851
314.325	97.960	119.814
314.369	98.073	119.804
314.388	98.235	119.796
314.382	98.462	119.772
314.368	98.767	119.768
314.314	99.129	119.752
314.180	99.571	119.716
314.143	100.105	119.712
314.109	100.707	119.721
314.079	101.352	119.685
314.055	102.092	119.659
314.009	102.866	119.703
313.974	103.531	119.698
314.089	103.505	119.667
314.189	103.288	119.751
314.269	103.042	119.882
314.313	102.797	120.009
314.322	102.591	120.037
314.333	102.396	120.010
314.340	102.189	119.974
314.331	101.973	119.925
314.309	101.764	119.843
314.298	101.558	119.729
314.271	101.352	119.731
314.232	101.109	119.764
314.186	100.851	119.832
314.136	100.582	119.867
314.098	100.300	119.893
314.008	99.995	119.890
313.981	99.700	119.895
314.001	99.433	119.908
314.037	99.164	119.908
314.077	98.911	119.902
314.130	98.692	119.902
314.191	98.501	119.901
314.255	98.326	119.873
314.304	98.180	119.866
314.359	98.088	119.854
314.391	98.030	119.822
314.411	98.016	119.794
314.409	98.053	119.783
314.391	98.151	119.782
314.348	98.292	119.779
314.282	98.498	119.778
314.187	98.773	119.777
314.044	99.136	119.781
314.002	99.542	119.785
313.976	100.046	119.785
313.953	100.608	119.782
313.922	101.210	119.768
313.921	101.908	119.766
313.930	102.655	119.797
313.899	103.379	119.822
313.974	103.580	119.720
314.110	103.370	119.764
314.240	103.151	119.852
314.333	102.904	119.963
314.368	102.702	120.011
314.373	102.515	120.009
314.353	102.319	119.958
314.325	102.112	119.887
314.295	101.906	119.807
314.270	101.691	119.714
314.273	101.478	119.708
314.257	101.243	119.789
314.242	100.967	119.840
314.235	100.707	119.869
314.150	100.369	119.867
314.154	100.090	119.908
314.168	99.780	119.905
314.174	99.484	119.889
314.216	99.215	119.845
314.248	98.965	119.807
314.287	98.717	119.796
314.327	98.511	119.792
314.370	98.328	119.775
314.403	98.185	119.784
314.436	98.058	119.783
314.447	97.991	119.779
314.453	97.966	119.787
314.445	97.980	119.781
314.425	98.061	119.795
314.394	98.211	119.825
314.345	98.415	119.843
314.291	98.681	119.850
314.221	99.035	119.863
314.138	99.462	119.892
314.004	99.959	119.917
313.964	100.534	119.950
313.945	101.182	119.961
313.958	101.908	119.951
313.979	102.682	119.889
313.981	103.432	119.825
314.079	103.605	119.726
314.180	103.395	119.716
314.263	103.175	119.749
314.327	102.981	119.858
314.365	102.868	119.923
314.384	102.747	119.936
314.402	102.594	119.902
314.396	102.424	119.836
314.387	102.264	119.770
314.388	102.086	119.686
314.395	101.869	119.666
314.402	101.625	119.723
314.330	101.338	119.766
314.330	101.069	119.795
314.327	100.772	119.783
314.335	100.482	119.760
314.320	100.173	119.741
314.336	99.890	119.745
314.346	99.606	119.750
314.342	99.302	119.716
314.362	99.040	119.686
314.369	98.798	119.700
314.379	98.566	119.729
314.377	98.360	119.750
314.401	98.200	119.791
314.406	98.069	119.804
314.410	97.985	119.811
314.413	97.959	119.834
314.414	97.987	119.872
314.392	98.058	119.927
314.373	98.200	119.988
314.354	98.399	120.045
314.316	98.654	120.101
314.290	99.001	120.149
314.282	99.391	120.103
314.256	99.882	120.051
314.118	100.429	119.997
314.087	101.042	119.939
314.099	101.730	119.855
314.125	102.464	119.775
314.131	103.227	119.715
314.174	103.628	119.585
314.240	103.437	119.596
314.273	103.206	119.665
314.295	102.960	119.781
314.335	102.730	119.867
314.359	102.527	119.932
314.369	102.306	119.938
314.379	102.069	119.889
314.401	101.809	119.810
314.415	101.571	119.758
314.356	101.304	119.663
314.377	101.027	119.661
314.387	100.739	119.706
314.394	100.455	119.741
314.387	100.153	119.739
314.395	99.862	119.737
314.389	99.554	119.707
314.381	99.261	119.688
314.386	98.986	119.678
314.383	98.726	119.701
314.367	98.485	119.740
314.384	98.287	119.784
314.377	98.102	119.828
314.359	97.961	119.867
314.350	97.860	119.918
314.347	97.808	119.983
314.329	97.806	120.050
314.320	97.859	120.122
314.311	97.971	120.217
314.337	98.151	120.216
314.368	98.400	120.186
314.366	98.706	120.138
314.354	99.116	120.084
314.334	99.598	119.980
314.300	100.172	119.878
314.162	100.835	119.819
314.117	101.600	119.802
314.085	102.425	119.775
314.047	103.272	119.727
314.103	103.637	119.582
314.159	103.385	119.597
314.202	103.134	119.725
314.253	102.879	119.875
314.272	102.637	119.958
314.282	102.443	119.981
314.305	102.232	120.005
314.318	101.964	119.995
314.326	101.713	119.936
314.341	101.475	119.865
314.361	101.218	119.796
314.388	100.926	119.805
314.361	100.599	119.788
314.376	100.284	119.801
314.398	99.981	119.790
314.402	99.685	119.791
314.378	99.373	119.758
314.367	99.095	119.746
314.345	98.826	119.723
314.320	98.563	119.772
314.314	98.356	119.844
314.297	98.159	119.917
314.277	97.998	119.995
314.273	97.871	120.067
314.264	97.792	120.131
314.276	97.763	120.192
314.304	97.789	120.199
314.332	97.852	120.182
314.356	97.999	120.168
314.362	98.212	120.141
314.372	98.488	120.075
314.354	98.859	119.976
314.326	99.315	119.924
314.288	99.874	119.862
314.221	100.501	119.795
314.141	101.237	119.762
313.985	102.056	119.707
313.954	102.927	119.710
313.936	103.624	119.633
314.058	103.485	119.631
314.168	103.215	119.740
314.261	102.948	119.876
314.317	102.658	120.017
314.356	102.430	120.036
314.399	102.190	120.017
314.428	101.911	119.961
314.421	101.639	119.906
314.441	101.353	119.854
314.445	101.077	119.829
314.442	100.779	119.799
314.366	100.430	119.793
314.357	100.096	119.814
314.354	99.779	119.855
314.322	99.467	119.882
314.301	99.161	119.882
314.271	98.891	119.873
314.230	98.614	119.901
314.199	98.382	119.970
314.177	98.158	120.081
314.212	97.990	120.146
314.251	97.843	120.176
314.273	97.741	120.184
314.301	97.681	120.119
314.329	97.668	120.048
314.351	97.724	120.019
314.346	97.835	120.020
314.329	98.028	120.002
314.326	98.281	119.966
314.309	98.622	119.916
314.303	99.056	119.888
314.285	99.581	119.827
314.262	100.195	119.775
314.227	100.924	119.763
314.176	101.739	119.729
314.097	102.625	119.741
313.982	103.458	119.665
313.956	103.543	119.609
314.057	103.310	119.682
314.140	103.051	119.790
314.227	102.747	119.913
314.281	102.490	119.902
314.308	102.221	119.889
314.351	101.938	119.868
314.371	101.638	119.850
314.331	101.329	119.793
314.348	101.029	119.719
314.364	100.730	119.715
314.358	100.401	119.725
314.345	100.078	119.809
314.314	99.758	119.934
314.268	99.429	120.019
314.231	99.138	120.090
314.213	98.843	120.081
314.250	98.577	120.005
314.258	98.334	119.987
314.243	98.131	120.023
314.228	97.958	120.016
314.238	97.842	119.982
314.234	97.761	119.950
314.216	97.747	119.948
314.188	97.785	119.922
314.172	97.882	119.896
314.139	98.040	119.873
314.128	98.272	119.850
314.130	98.585	119.848
314.123	98.976	119.846
314.137	99.482	119.848
314.161	100.074	119.846
314.156	100.744	119.830
314.160	101.505	119.787
314.134	102.350	119.739
314.081	103.215	119.682
314.101	103.634	119.559
314.175	103.379	119.513
314.182	103.099	119.577
314.120	102.780	119.730
314.110	102.490	119.823
314.117	102.222	119.834
314.129	101.954	119.795
314.161	101.642	119.748
314.166	101.357	119.712
314.175	101.046	119.704
314.196	100.764	119.713
314.209	100.455	119.738
314.233	100.138	119.798
314.251	99.831	119.903
314.250	99.504	119.982
314.230	99.216	120.046
314.213	98.932	120.060
314.203	98.659	119.990
314.213	98.426	119.940
314.167	98.217	119.973
314.138	98.043	120.007
314.107	97.926	119.998
314.085	97.843	119.976
314.048	97.809	119.956
313.999	97.810	119.912
313.979	97.886	119.882
313.957	98.025	119.861
313.955	98.226	119.854
313.957	98.513	119.857
313.978	98.851	119.852
314.009	99.307	119.879
314.047	99.838	119.873
314.074	100.445	119.851
314.088	101.155	119.826
314.131	101.945	119.768
314.122	102.810	119.738
314.066	103.547	119.641
314.162	103.526	119.546
314.243	103.268	119.535
314.261	102.970	119.624
314.261	102.694	119.776
314.202	102.447	119.797
314.050	102.199	119.792
314.020	101.930	119.780
314.011	101.648	119.748
314.018	101.374	119.701
314.027	101.104	119.625
314.061	100.825	119.660
314.089	100.515	119.760
314.121	100.189	119.857
314.172	99.882	119.955
314.196	99.575	120.013
314.217	99.278	120.054
314.247	99.002	120.059
314.272	98.729	120.004
314.300	98.500	119.981
314.287	98.291	119.997
314.254	98.126	120.003
314.224	97.993	119.972
314.184	97.895	119.917
314.130	97.859	119.893
314.052	97.856	119.877
313.988	97.935	119.877
313.927	98.057	119.884
313.866	98.259	119.880
313.840	98.509	119.874
313.845	98.845	119.888
313.873	99.258	119.890
313.907	99.756	119.888
313.972	100.343	119.858
314.037	101.006	119.834
314.089	101.735	119.782
314.124	102.543	119.757
314.118	103.337	119.703
314.175	103.630	119.578
314.256	103.391	119.543
314.333	103.142	119.604
314.292	102.888	119.745
314.271	102.712	119.809
314.175	102.543	119.816
314.008	102.351	119.795
313.960	102.147	119.770
313.927	101.945	119.723
313.923	101.758	119.647
313.928	101.531	119.639
313.942	101.282	119.745
313.971	101.031	119.862
314.012	100.759	119.953
314.057	100.471	119.995
314.112	100.196	120.025
314.173	99.910	120.035
314.234	99.640	120.039
314.279	99.362	120.018
314.307	99.123	120.009
314.305	98.905	119.992
314.299	98.696	119.947
314.283	98.512	119.908
314.248	98.362	119.892
314.176	98.228	119.882
314.111	98.152	119.868
314.042	98.135	119.873
313.977	98.145	119.861
313.920	98.204	119.839
313.892	98.327	119.868
313.889	98.497	119.905
313.905	98.733	119.910
313.933	99.019	119.907
313.985	99.383	119.907
314.039	99.789	119.876
314.106	100.249	119.825
314.167	100.783	119.800
314.224	101.368	119.749
314.251	102.007	119.709
314.248	102.672	119.685
314.191	103.310	119.622
314.184	103.586	119.542
314.176	103.396	119.551
314.097	103.163	119.577
313.960	102.916	119.727
313.926	102.669	119.829
313.891	102.470	119.894
313.848	102.226	119.932
313.866	101.954	119.935
313.864	101.690	119.956
313.928	101.412	119.974
314.017	101.141	119.947
314.129	100.859	119.964
314.215	100.563	120.011
314.288	100.242	120.029
314.359	99.931	120.002
314.412	99.643	119.970
314.416	99.335	119.927
314.407	99.073	119.898
314.369	98.812	119.878
314.317	98.564	119.863
314.264	98.364	119.863
314.185	98.192	119.890
314.119	98.043	119.896
314.064	97.938	119.913
314.027	97.884	119.914
313.979	97.855	119.916
313.967	97.890	119.916
313.961	97.973	119.904
313.968	98.117	119.880
313.990	98.328	119.885
314.038	98.618	119.891
314.073	98.962	119.848
314.122	99.405	119.818
314.185	99.928	119.768
314.212	100.509	119.751
314.243	101.196	119.709
314.239	101.934	119.673
314.178	102.746	119.655
314.077	103.476	119.585
314.116	103.536	119.540
314.142	103.305	119.622
314.115	103.071	119.807
314.046	102.847	120.013
313.943	102.672	120.161
313.971	102.522	120.184
314.021	102.338	120.105
314.065	102.137	120.009
314.088	101.935	119.943
314.151	101.733	119.865
314.148	101.472	119.806
314.206	101.207	119.811
314.250	100.940	119.813
314.298	100.678	119.806
314.310	100.400	119.811
314.318	100.116	119.811
314.317	99.862	119.827
314.285	99.571	119.861
314.259	99.303	119.904
314.247	99.073	119.931
314.223	98.857	119.933
314.197	98.651	119.926
314.181	98.489	119.935
314.177	98.335	119.948
314.144	98.218	119.956
314.139	98.158	119.922
314.146	98.137	119.879
314.168	98.162	119.835
314.195	98.234	119.801
314.232	98.368	119.792
314.231	98.542	119.776
314.229	98.786	119.775
314.268	99.111	119.791
314.262	99.466	119.814
314.259	99.889	119.814
314.232	100.355	119.810
314.192	100.888	119.851
314.155	101.485	119.898
314.105	102.106	119.936
314.057	102.754	119.996
314.035	103.351	119.989
314.077	103.601	119.928
314.123	103.442	119.891
314.166	103.231	119.884
314.142	102.992	119.912
314.125	102.755	119.943
314.146	102.546	119.943
314.161	102.325	119.907
314.161	102.067	119.833
314.170	101.799	119.752
314.177	101.525	119.697
314.182	101.260	119.691
314.201	100.973	119.754
314.227	100.661	119.835
314.257	100.351	119.914
314.198	100.019	119.968
314.213	99.704	119.989
314.204	99.411	119.976
314.213	99.131	119.952
314.202	98.853	119.925
314.230	98.614	119.901
314.243	98.409	119.888
314.262	98.216	119.887
314.273	98.063	119.871
314.283	97.948	119.865
314.298	97.871	119.840
314.308	97.835	119.819
314.311	97.856	119.799
314.312	97.915	119.802
314.297	98.045	119.814
314.278	98.238	119.826
314.254	98.490	119.850
314.230	98.799	119.894
314.221	99.217	119.942
314.184	99.699	119.980
314.146	100.238	119.982
314.121	100.879	119.999
314.109	101.590	119.986
314.076	102.370	119.913
314.048	103.188	119.886
314.049	103.641	119.757
314.158	103.421	119.704
314.227	103.199	119.742
314.271	102.937	119.811
314.174	102.725	119.889
314.151	102.554	119.904
314.144	102.371	119.860
314.143	102.172	119.821
314.152	101.977	119.755
314.158	101.770	119.738
314.175	101.560	119.758
314.205	101.318	119.852
314.250	101.050	119.908
314.284	100.786	119.958
314.330	100.506	119.966
314.272	100.185	119.955
314.311	99.911	119.953
314.320	99.631	119.932
314.335	99.358	119.905
314.353	99.117	119.877
314.361	98.890	119.856
314.367	98.684	119.844
314.375	98.499	119.829
314.367	98.344	119.834
314.358	98.215	119.840
314.338	98.122	119.846
314.323	98.083	119.861
314.312	98.091	119.865
314.296	98.126	119.887
314.273	98.218	119.923
314.260	98.376	119.973
314.231	98.585	120.013
314.208	98.867	120.042
314.199	99.216	120.047
314.187	99.605	120.024
314.190	100.076	119.982
314.197	100.622	119.957
314.186	101.211	119.915
314.174	101.852	119.848
314.170	102.554	119.790
314.146	103.245	119.730
314.177	103.640	119.612
314.250	103.457	119.585
314.268	103.230	119.620
314.183	103.001	119.780
314.194	102.777	119.894
314.177	102.575	119.942
314.183	102.350	119.932
314.198	102.095	119.922
314.191	101.824	119.902
314.210	101.570	119.895
314.235	101.313	119.851
314.263	101.019	119.869
314.301	100.720	119.906
314.266	100.374	119.920
314.298	100.061	119.919
314.350	99.774	119.929
314.372	99.459	119.891
314.396	99.177	119.860
314.415	98.909	119.841
314.427	98.651	119.827
314.410	98.415	119.836
314.388	98.221	119.870
314.362	98.053	119.898
314.338	97.906	119.925
314.307	97.811	119.965
314.281	97.766	120.016
314.261	97.769	120.067
314.243	97.825	120.134
314.235	97.920	120.166
314.252	98.108	120.144
314.258	98.358	120.135
314.256	98.670	120.100
314.251	99.076	120.028
314.242	99.555	119.955
314.228	100.123	119.877
314.205	100.790	119.832
314.191	101.531	119.761
314.158	102.361	119.711
314.143	103.212	119.666
314.183	103.666	119.568
314.262	103.440	119.597
314.325	103.181	119.711
314.247	102.925	119.875
314.213	102.675	120.004
314.198	102.460	120.046
314.193	102.229	120.025
314.200	101.952	119.982
314.199	101.680	119.937
314.217	101.427	119.924
314.234	101.144	119.881
314.274	100.843	119.881
314.324	100.504	119.864
314.280	100.148	119.884
314.336	99.835	119.904
314.362	99.527	119.910
314.376	99.222	119.882
314.391	98.948	119.840
314.386	98.670	119.813
314.389	98.428	119.838
314.378	98.220	119.901
314.355	98.033	120.008
314.341	97.878	120.099
314.316	97.775	120.178
314.316	97.707	120.209
314.342	97.700	120.190
314.337	97.731	120.189
314.335	97.836	120.164
314.320	98.008	120.118
314.310	98.238	120.053
314.289	98.557	119.998
314.269	98.972	119.960
314.223	99.472	119.931
314.188	100.057	119.847
314.159	100.744	119.789
314.147	101.507	119.711
314.121	102.364	119.674
314.102	103.225	119.613
314.135	103.699	119.505
314.254	103.426	119.564
314.348	103.143	119.735
314.402	102.857	119.906
314.303	102.580	119.997
314.281	102.336	120.027
314.255	102.054	120.021
314.247	101.733	119.981
314.243	101.421	119.907
314.244	101.101	119.858
314.246	100.780	119.841
314.179	100.399	119.831
314.196	100.048	119.845
314.228	99.705	119.878
314.241	99.342	119.895
314.260	99.022	119.925
314.258	98.736	119.932
314.256	98.471	119.936
314.232	98.218	119.987
314.268	98.003	120.075
314.340	97.825	120.115
314.381	97.695	120.154
314.391	97.602	120.180
314.403	97.566	120.121
314.422	97.583	120.045
314.417	97.667	120.012
314.400	97.823	120.007
314.346	98.062	119.992
314.301	98.378	119.958
314.232	98.763	119.913
314.180	99.288	119.875
314.135	99.905	119.832
314.064	100.622	119.785
314.006	101.426	119.767
313.950	102.313	119.734
313.895	103.221	119.715
313.941	103.612	119.568
314.080	103.348	119.546
314.223	103.080	119.630
314.326	102.775	119.792
314.362	102.454	119.844
314.388	102.168	119.828
314.403	101.864	119.779
314.365	101.519	119.757
314.233	101.184	119.777
314.196	100.850	119.764
314.184	100.525	119.725
314.188	100.187	119.737
314.190	99.845	119.793
314.159	99.497	119.894
314.139	99.167	119.994
314.088	98.837	120.077
314.068	98.564	120.098
314.093	98.301	120.049
314.139	98.075	119.998
314.152	97.893	120.045
314.177	97.738	120.075
314.215	97.638	120.050
314.248	97.600	119.997
314.279	97.599	119.968
314.276	97.667	119.943
314.275	97.810	119.923
314.248	98.033	119.905
314.240	98.334	119.894
314.201	98.725	119.888
314.185	99.215	119.884
314.154	99.803	119.852
314.125	100.480	119.818
314.078	101.280	119.826
314.032	102.159	119.781
313.960	103.075	119.767
313.925	103.621	119.635
314.013	103.390	119.595
314.071	103.118	119.638
314.151	102.786	119.760
314.195	102.457	119.831
314.243	102.148	119.797
314.286	101.832	119.738
314.320	101.494	119.700
314.346	101.155	119.673
314.344	100.804	119.639
314.342	100.481	119.622
314.289	100.145	119.662
314.136	99.792	119.715
314.098	99.454	119.861
314.066	99.118	119.990
314.036	98.797	120.080
313.989	98.507	120.081
313.973	98.234	120.066
313.997	98.015	120.047
314.024	97.828	120.013
314.037	97.665	120.024
314.043	97.576	120.029
314.052	97.540	120.001
314.087	97.572	119.964
314.106	97.665	119.934
314.113	97.840	119.910
314.117	98.080	119.895
314.133	98.422	119.884
314.147	98.848	119.863
314.163	99.375	119.858
314.173	100.018	119.845
314.162	100.758	119.850
314.156	101.599	119.845
314.127	102.503	119.836
314.065	103.386	119.783
314.136	103.596	119.691
314.204	103.313	119.688
314.266	103.019	119.766
314.236	102.660	119.867
314.244	102.340	119.868
314.234	102.031	119.829
314.228	101.702	119.780
314.237	101.364	119.741
314.242	101.000	119.706
314.283	100.645	119.635
314.330	100.304	119.610
314.353	99.960	119.658
314.385	99.623	119.739
314.371	99.263	119.847
314.358	98.933	119.918
314.302	98.601	119.963
314.231	98.334	119.961
314.074	98.084	119.968
314.028	97.871	120.006
313.997	97.686	120.045
313.993	97.553	120.062
313.980	97.487	120.069
313.983	97.471	120.069
313.981	97.513	120.029
313.985	97.645	119.988
313.999	97.859	119.946
314.009	98.136	119.909
314.039	98.533	119.886
314.051	99.012	119.882
314.069	99.614	119.872
314.110	100.315	119.826
314.145	101.143	119.813
314.189	102.049	119.789
314.212	103.000	119.797
314.225	103.706	119.707
314.319	103.523	119.722
314.372	103.241	119.836
314.407	102.902	119.935
314.408	102.581	120.020
314.390	102.289	120.010
314.372	101.966	119.971
314.278	101.565	119.909
314.284	101.205	119.834
314.286	100.818	119.742
314.295	100.474	119.680
314.298	100.104	119.663
314.321	99.743	119.692
314.313	99.362	119.753
314.322	99.010	119.841
314.325	98.651	119.896
314.328	98.344	119.909
314.334	98.079	119.880
314.329	97.829	119.868
314.336	97.640	119.932
314.333	97.477	120.026
314.321	97.371	120.136
314.289	97.331	120.226
314.272	97.338	120.227
314.267	97.432	120.158
314.206	97.606	120.095
314.135	97.863	120.054
314.119	98.188	119.993
314.132	98.635	119.921
314.130	99.206	119.891
314.113	99.880	119.820
314.100	100.682	119.802
314.114	101.553	119.787
314.105	102.507	119.769
314.113	103.399	119.697
314.204	103.673	119.602
314.296	103.374	119.658
314.366	103.064	119.808
314.443	102.730	119.957
314.472	102.378	119.986
314.491	102.051	119.975
314.497	101.691	119.930
314.420	101.261	119.883
314.427	100.853	119.800
314.432	100.440	119.732
314.439	100.043	119.661
314.448	99.658	119.646
314.445	99.267	119.694
314.435	98.896	119.784
314.431	98.525	119.846
314.427	98.196	119.871
314.411	97.896	119.842
314.391	97.658	119.814
314.373	97.453	119.824
314.345	97.290	119.888
314.320	97.198	119.980
314.296	97.179	120.065
314.265	97.218	120.151
314.246	97.339	120.226
314.267	97.556	120.266
314.323	97.851	120.220
314.344	98.263	120.205
314.339	98.797	120.176
314.353	99.450	120.094
314.350	100.220	119.972
314.338	101.094	119.897
314.289	102.019	119.834
314.167	102.980	119.768
314.067	103.650	119.607
314.177	103.464	119.552
314.236	103.185	119.642
314.269	102.841	119.768
314.235	102.444	119.865
314.221	102.090	119.943
314.210	101.697	119.996
314.200	101.293	119.976
314.211	100.870	119.942
314.230	100.444	119.885
314.254	100.038	119.822
314.222	99.591	119.809
314.260	99.217	119.839
314.298	98.842	119.877
314.337	98.478	119.885
314.379	98.161	119.870
314.407	97.863	119.843
314.435	97.612	119.814
314.448	97.423	119.788
314.441	97.278	119.791
314.414	97.200	119.840
314.393	97.192	119.881
314.375	97.248	119.917
314.363	97.396	119.976
314.330	97.615	120.041
314.301	97.952	120.107
314.257	98.396	120.184
314.228	98.949	120.230
314.211	99.635	120.224
314.173	100.431	120.160
314.119	101.299	120.106
314.053	102.226	120.029
314.013	103.156	119.920
314.070	103.591	119.735
314.205	103.366	119.658
314.309	103.088	119.720
314.375	102.757	119.842
314.388	102.397	119.887
314.342	102.052	119.863
314.189	101.671	119.818
314.145	101.289	119.836
314.115	100.894	119.870
314.091	100.490	119.873
314.086	100.106	119.855
314.062	99.718	119.883
314.050	99.345	119.946
313.979	98.944	120.009
313.997	98.615	120.079
314.038	98.293	120.072
314.066	98.015	120.006
314.099	97.781	119.955
314.120	97.593	119.925
314.155	97.443	119.883
314.192	97.360	119.883
314.234	97.345	119.876
314.278	97.385	119.895
314.300	97.500	119.893
314.317	97.685	119.919
314.303	97.959	119.968
314.283	98.334	120.044
314.259	98.809	120.115
314.238	99.399	120.135
314.217	100.105	120.109
314.173	100.906	120.094
314.088	101.778	120.051
313.995	102.689	119.969
313.893	103.507	119.839
313.963	103.474	119.689
314.050	103.226	119.686
314.110	102.921	119.776
314.140	102.570	119.878
314.160	102.230	119.883
314.166	101.872	119.834
314.198	101.511	119.771
314.216	101.124	119.782
314.256	100.745	119.789
314.277	100.372	119.766
314.295	100.011	119.793
314.264	99.662	119.845
314.127	99.318	119.936
314.087	98.957	119.997
314.076	98.643	120.026
314.065	98.349	119.989
314.049	98.095	119.916
314.056	97.872	119.865
314.070	97.704	119.850
314.089	97.570	119.858
314.108	97.483	119.876
314.121	97.481	119.904
314.154	97.519	119.922
314.182	97.630	119.959
314.192	97.824	119.991
314.197	98.075	120.034
314.214	98.446	120.117
314.296	98.884	120.106
314.342	99.426	120.062
314.358	100.080	120.052
314.336	100.843	120.004
314.296	101.684	119.898
314.227	102.594	119.808
314.120	103.444	119.700
314.161	103.572	119.582
314.195	103.279	119.598
314.227	102.978	119.710
314.178	102.612	119.819
314.154	102.271	119.834
314.123	101.944	119.847
314.097	101.574	119.818
314.085	101.208	119.836
314.119	100.823	119.835
314.164	100.438	119.793
314.210	100.075	119.772
314.275	99.706	119.806
314.319	99.339	119.870
314.352	98.985	119.923
314.356	98.637	119.959
314.338	98.336	119.940
314.274	98.075	119.890
314.117	97.866	119.840
314.088	97.675	119.824
314.077	97.525	119.848
314.086	97.448	119.877
314.090	97.422	119.898
314.106	97.462	119.911
314.121	97.577	119.921
314.144	97.777	119.929
314.152	98.050	119.927
314.183	98.432	119.950
314.189	98.912	120.008
314.191	99.501	120.053
314.219	100.204	120.053
314.246	101.017	120.003
314.249	101.901	119.969
314.231	102.849	119.926
314.183	103.618	119.759
314.289	103.551	119.632
314.349	103.272	119.656
314.373	102.968	119.779
314.372	102.637	119.891
314.313	102.335	119.894
314.263	102.020	119.851
314.210	101.637	119.815
314.154	101.277	119.808
314.118	100.888	119.785
314.100	100.508	119.791
314.024	100.102	119.806
314.006	99.698	119.871
314.023	99.321	119.929
314.053	98.935	119.979
314.095	98.588	120.013
314.145	98.272	119.978
314.208	97.995	119.916
314.283	97.752	119.849
314.338	97.548	119.812
314.360	97.409	119.848
314.346	97.322	119.897
314.305	97.300	119.912
314.197	97.345	119.902
314.083	97.463	119.898
314.052	97.670	119.884
314.039	97.976	119.885
314.049	98.370	119.860
314.032	98.865	119.863
314.037	99.514	119.895
314.010	100.250	119.910
313.987	101.087	119.915
313.964	101.997	119.910
313.948	102.923	119.889
313.949	103.613	119.826
314.126	103.475	119.722
314.259	103.217	119.759
314.362	102.903	119.879
314.411	102.556	119.980
314.409	102.216	119.977
314.383	101.866	119.907
314.328	101.500	119.855
314.261	101.109	119.830
314.186	100.719	119.808
314.093	100.346	119.769
314.010	99.981	119.781
313.930	99.617	119.847
313.876	99.243	119.932
313.746	98.872	120.006
313.746	98.540	120.065
313.760	98.251	120.077
313.799	97.996	120.017
313.833	97.783	119.966
313.911	97.588	119.909
314.000	97.471	119.917
314.112	97.421	119.925
314.223	97.418	119.910
314.314	97.487	119.895
314.379	97.609	119.861
314.416	97.812	119.846
314.416	98.108	119.818
314.372	98.493	119.819
314.292	98.994	119.824
314.153	99.585	119.801
313.959	100.308	119.795
313.838	101.118	119.812
313.720	101.996	119.811
313.634	102.872	119.777
313.618	103.505	119.725
313.747	103.413	119.754
313.879	103.180	119.835
313.989	102.884	119.982
314.100	102.592	120.082
314.185	102.282	120.078
314.261	101.975	120.035
314.323	101.640	119.999
314.351	101.318	119.924
314.362	100.981	119.843
314.350	100.649	119.778
314.312	100.332	119.758
314.265	100.006	119.784
314.170	99.675	119.836
314.069	99.366	119.904
313.978	99.044	119.955
313.819	98.725	119.973
313.740	98.484	119.981
313.697	98.269	119.960
313.693	98.077	119.959
313.719	97.929	119.985
313.772	97.837	119.990
313.865	97.800	120.002
313.952	97.809	119.974
314.032	97.869	119.933
314.118	97.984	119.889
314.201	98.172	119.843
314.284	98.441	119.829
314.328	98.772	119.818
314.374	99.198	119.796
314.363	99.704	119.749
314.293	100.284	119.730
314.194	100.955	119.708
314.062	101.719	119.704
313.901	102.520	119.691
313.718	103.327	119.692
313.712	103.494	119.675
313.729	103.299	119.755
313.731	103.022	119.862
313.801	102.755	120.075
313.872	102.515	120.168
313.949	102.295	120.141
314.018	102.046	120.055
314.067	101.805	119.994
314.139	101.573	119.924
314.194	101.353	119.834
314.243	101.118	119.777
314.273	100.880	119.792
314.291	100.632	119.810
314.286	100.364	119.846
314.253	100.101	119.875
314.200	99.830	119.883
314.131	99.567	119.899
314.098	99.322	119.915
313.993	99.050	119.903
313.932	98.833	119.899
313.900	98.638	119.944
313.893	98.473	120.010
313.892	98.336	120.025
313.912	98.232	120.004
313.950	98.180	119.985
313.995	98.150	119.939
314.057	98.165	119.896
314.140	98.226	119.856
314.206	98.354	119.840
314.235	98.518	119.829
314.271	98.735	119.810
314.284	99.018	119.791
314.291	99.374	119.780
314.283	99.781	119.771
314.235	100.243	119.772
314.185	100.786	119.810
314.116	101.361	119.845
314.020	101.985	119.894
313.919	102.639	119.959
313.833	103.285	120.022
313.848	103.566	119.962
313.923	103.412	119.916
314.016	103.212	119.909
314.063	102.986	119.989
314.053	102.791	120.051
314.100	102.608	120.030
314.141	102.416	119.981
314.180	102.205	119.906
314.181	101.981	119.792
314.198	101.761	119.701
314.216	101.535	119.670
314.210	101.285	119.736
314.222	101.024	119.831
314.225	100.751	119.904
314.223	100.469	119.966
314.221	100.180	119.999
314.212	99.887	120.005
314.207	99.587	120.012
314.136	99.289	119.981
314.135	99.028	119.944
314.136	98.783	119.902
314.149	98.578	119.879
314.179	98.398	119.901
314.196	98.242	119.917
314.205	98.116	119.895
314.210	98.026	119.875
314.224	97.992	119.877
314.228	97.987	119.866
314.237	98.030	119.847
314.251	98.134	119.866
314.244	98.303	119.898
314.242	98.521	119.945
314.210	98.793	120.007
314.198	99.158	120.078
314.184	99.570	120.118
314.194	100.058	120.108
314.202	100.604	120.072
314.187	101.208	120.026
314.151	101.888	119.983
314.115	102.609	119.899
314.053	103.303	119.824
314.091	103.603	119.652
314.167	103.399	119.601
314.230	103.197	119.645
314.246	102.980	119.778
314.168	102.794	119.846
314.127	102.631	119.878
314.109	102.455	119.868
314.114	102.251	119.856
314.114	102.036	119.828
314.112	101.843	119.793
314.141	101.617	119.820
314.180	101.375	119.889
314.211	101.090	119.930
314.251	100.831	119.968
314.220	100.504	119.943
314.262	100.204	119.923
314.298	99.924	119.910
314.328	99.632	119.896
314.340	99.353	119.873
314.360	99.096	119.845
314.341	98.859	119.821
314.330	98.629	119.828
314.319	98.427	119.865
314.292	98.259	119.931
314.247	98.109	119.975
314.218	98.010	120.045
314.184	97.948	120.113
314.182	97.926	120.141
314.212	97.942	120.116
314.230	98.014	120.110
314.228	98.157	120.118
314.239	98.359	120.063
314.247	98.603	119.985
314.257	98.938	119.958
314.250	99.339	119.939
314.242	99.819	119.901
314.222	100.359	119.847
314.194	100.983	119.802
314.179	101.666	119.737
314.154	102.412	119.711
314.124	103.188	119.687
314.131	103.640	119.583
314.220	103.448	119.599
314.254	103.214	119.668
314.184	102.949	119.797
314.193	102.715	119.913
314.188	102.538	119.950
314.196	102.334	119.931
314.214	102.117	119.862
314.245	101.903	119.823
314.260	101.689	119.810
314.295	101.468	119.759
314.251	101.198	119.761
314.295	100.937	119.798
314.324	100.672	119.822
314.357	100.409	119.847
314.360	100.118	119.840
314.362	99.838	119.840
314.342	99.560	119.867
314.317	99.275	119.888
314.306	99.026	119.938
314.267	98.782	119.999
314.238	98.571	120.072
314.248	98.382	120.091
314.254	98.209	120.108
314.226	98.067	120.131
314.213	97.973	120.089
314.216	97.924	120.000
314.215	97.922	119.950
314.193	97.966	119.950
314.167	98.079	119.946
314.132	98.253	119.919
314.100	98.490	119.885
314.074	98.792	119.848
314.097	99.178	119.849
314.116	99.621	119.824
314.152	100.151	119.800
314.191	100.755	119.798
314.216	101.425	119.784
314.220	102.172	119.763
314.195	102.965	119.758
314.123	103.579	119.674
314.149	103.509	119.607
314.130	103.295	119.630
314.186	103.080	119.736
314.233	102.881	119.862
314.260	102.723	119.881
314.265	102.551	119.857
314.266	102.359	119.835
314.195	102.150	119.786
314.205	101.960	119.717
314.224	101.761	119.646
314.243	101.539	119.683
314.268	101.302	119.757
314.284	101.057	119.838
314.289	100.790	119.898
314.294	100.495	119.952
314.279	100.203	120.029
314.301	99.907	120.088
314.337	99.606	120.076
314.355	99.317	120.057
314.335	99.065	120.071
314.308	98.805	120.037
314.297	98.574	119.980
314.288	98.359	119.928
314.229	98.184	119.928
314.160	98.061	119.928
314.084	97.984	119.903
314.037	97.944	119.890
313.980	97.955	119.891
313.948	98.013	119.898
313.923	98.131	119.886
313.923	98.296	119.880
313.964	98.547	119.883
314.016	98.847	119.877
314.100	99.238	119.893
314.175	99.690	119.879
314.251	100.210	119.831
314.291	100.809	119.813
314.309	101.478	119.780
314.289	102.209	119.730
314.203	102.976	119.697
314.034	103.582	119.585
314.110	103.510	119.549
314.156	103.262	119.601
314.212	102.998	119.709
314.178	102.691	119.800
314.163	102.451	119.814
314.158	102.230	119.851
314.154	102.002	119.846
314.158	101.775	119.852
314.170	101.561	119.859
314.181	101.346	119.858
314.204	101.104	119.950
314.253	100.850	120.016
314.314	100.602	120.061
314.337	100.331	120.080
314.349	100.042	120.097
314.363	99.768	120.038
314.354	99.484	119.961
314.331	99.214	119.913
314.292	98.974	119.899
314.227	98.730	119.891
314.184	98.531	119.878
314.124	98.351	119.879
314.083	98.195	119.876
314.051	98.079	119.874
314.026	98.000	119.878
314.010	97.971	119.894
313.999	97.980	119.905
314.006	98.035	119.930
314.026	98.145	119.936
314.064	98.299	119.912
314.125	98.537	119.898
314.169	98.836	119.885
314.255	99.211	119.849
314.326	99.667	119.786
314.340	100.166	119.737
314.325	100.761	119.727
314.278	101.423	119.698
314.083	102.144	119.678
313.982	102.924	119.693
313.888	103.556	119.636
313.964	103.465	119.593
314.032	103.246	119.637
314.081	102.989	119.768
314.105	102.751	119.958
314.102	102.584	120.085
314.139	102.411	120.137
314.208	102.195	120.108
314.278	101.998	120.022
314.341	101.806	119.969
314.301	101.574	119.917
314.339	101.348	119.884
314.359	101.091	119.853
314.371	100.824	119.845
314.381	100.572	119.852
314.348	100.290	119.830
314.305	100.013	119.836
314.256	99.730	119.843
314.197	99.445	119.857
314.143	99.187	119.871
314.098	98.925	119.905
314.084	98.712	119.939
314.068	98.508	119.956
314.056	98.319	119.937
314.066	98.156	119.922
314.079	98.047	119.909
314.105	97.998	119.905
314.119	97.968	119.868
314.153	97.978	119.831
314.187	98.059	119.838
314.237	98.195	119.848
314.281	98.388	119.838
314.328	98.639	119.821
314.350	98.971	119.807
314.351	99.348	119.811
314.335	99.806	119.796
314.255	100.316	119.795
314.146	100.923	119.856
313.963	101.574	119.912
313.897	102.284	119.975
313.887	103.010	120.017
313.903	103.583	119.960
314.036	103.511	119.873
314.130	103.302	119.872
314.217	103.070	119.906
314.310	102.853	119.970
314.352	102.662	119.964
314.396	102.466	119.934
314.420	102.273	119.886
314.430	102.068	119.808
314.430	101.862	119.710
314.407	101.646	119.658
314.403	101.423	119.706
314.377	101.182	119.796
314.347	100.906	119.880
314.321	100.639	119.931
314.198	100.321	119.968
314.167	100.040	119.986
314.132	99.743	119.978
314.105	99.468	119.961
314.097	99.185	119.926
314.104	98.942	119.904
314.131	98.702	119.883
314.168	98.512	119.871
314.201	98.327	119.839
314.232	98.162	119.827
314.259	98.049	119.807
314.288	97.974	119.799
314.311	97.936	119.795
314.314	97.958	119.813
314.327	98.030	119.851
314.336	98.139	119.909
314.343	98.322	119.977
314.324	98.548	120.036
314.308	98.860	120.098
314.280	99.232	120.161
314.281	99.672	120.138
314.244	100.177	120.072
314.147	100.752	120.006
314.054	101.390	119.954
314.053	102.087	119.855
314.058	102.827	119.789
314.055	103.481	119.650
314.132	103.567	119.531
314.190	103.363	119.566
314.248	103.141	119.669
314.289	102.928	119.827
314.311	102.746	119.879
314.315	102.566	119.907
314.314	102.345	119.921
314.321	102.124	119.905
314.311	101.911	119.900
314.309	101.662	119.840
314.311	101.430	119.852
314.312	101.167	119.899
314.320	100.880	119.932
314.327	100.594	119.954
314.243	100.269	119.930
314.244	99.967	119.906
314.243	99.659	119.865
314.231	99.360	119.842
314.240	99.091	119.815
314.249	98.816	119.800
314.271	98.582	119.811
314.289	98.368	119.820
314.292	98.177	119.832
314.317	98.018	119.859
314.306	97.900	119.895
314.302	97.825	119.925
314.305	97.795	119.978
314.302	97.812	120.027
314.297	97.881	120.082
314.286	98.023	120.119
314.280	98.230	120.148
314.294	98.502	120.124
314.298	98.847	120.078
314.269	99.264	120.015
314.250	99.779	119.972
314.146	100.347	119.863
314.040	101.009	119.801
314.048	101.762	119.758
314.033	102.569	119.742
314.027	103.359	119.654
314.117	103.634	119.551
314.189	103.400	119.582
314.252	103.167	119.694
314.318	102.924	119.867
314.369	102.741	119.946
314.384	102.576	119.998
314.394	102.380	120.006
314.397	102.191	119.984
314.397	101.987	119.931
314.389	101.798	119.882
314.397	101.569	119.831
314.409	101.336	119.852
314.426	101.066	119.859
314.360	100.759	119.864
314.360	100.478	119.850
314.337	100.177	119.826
314.319	99.883	119.810
314.300	99.588	119.797
314.280	99.293	119.790
314.279	99.039	119.795
314.261	98.771	119.813
314.262	98.549	119.845
314.271	98.345	119.888
314.270	98.155	119.945
314.260	98.006	120.014
314.274	97.910	120.107
314.276	97.852	120.150
314.291	97.830	120.186
314.324	97.861	120.176
314.351	97.955	120.149
314.363	98.106	120.133
314.355	98.331	120.073
314.343	98.619	119.985
314.333	98.992	119.920
314.291	99.419	119.878
314.235	99.948	119.810
314.060	100.558	119.782
314.022	101.240	119.783
314.011	101.984	119.748
314.020	102.795	119.742
314.018	103.519	119.641
314.113	103.593	119.618
314.190	103.362	119.743
314.256	103.120	119.857
314.324	102.853	119.972
314.373	102.664	120.027
314.397	102.482	120.027
314.420	102.256	119.996
314.436	102.048	119.937
314.458	101.837	119.859
314.403	101.594	119.742
314.420	101.352	119.686
314.450	101.104	119.703
314.441	100.828	119.737
314.434	100.542	119.760
314.403	100.251	119.766
314.368	99.954	119.775
314.330	99.657	119.783
314.291	99.354	119.816
314.255	99.084	119.865
314.233	98.822	119.920
314.218	98.577	120.009
314.202	98.364	120.102
314.191	98.162	120.175
314.220	98.009	120.227
314.257	97.877	120.222
314.302	97.805	120.202
314.325	97.787	120.180
314.338	97.810	120.136
314.342	97.905	120.077
314.343	98.057	120.013
314.330	98.287	119.960
314.307	98.569	119.908
314.269	98.959	119.856
314.220	99.416	119.819
314.094	99.971	119.755
314.009	100.591	119.745
314.017	101.305	119.773
314.034	102.090	119.779
314.053	102.924	119.802
314.069	103.638	119.762
314.170	103.583	119.758
314.249	103.355	119.837
314.326	103.106	119.914
314.395	102.895	120.021
314.443	102.731	120.050
314.462	102.565	120.041
314.473	102.370	120.007
314.477	102.168	119.924
314.480	101.970	119.828
314.401	101.719	119.710
314.382	101.483	119.686
314.385	101.231	119.711
314.355	100.951	119.754
314.312	100.675	119.809
314.279	100.363	119.839
314.241	100.051	119.903
314.209	99.740	119.987
314.179	99.435	120.067
314.196	99.159	120.148
314.227	98.884	120.168
314.246	98.628	120.171
314.276	98.389	120.187
314.292	98.185	120.162
314.306	98.016	120.125
314.318	97.896	120.093
314.321	97.832	120.067
314.318	97.803	120.018
314.306	97.838	119.981
314.294	97.931	119.944
314.277	98.096	119.898
314.273	98.328	119.853
314.260	98.633	119.825
314.253	99.014	119.828
314.231	99.466	119.815
314.118	100.029	119.794
314.073	100.650	119.812
314.082	101.340	119.794
314.117	102.114	119.776
314.165	102.942	119.797
314.170	103.616	119.727
314.286	103.568	119.672
314.358	103.366	119.725
314.426	103.126	119.827
314.470	102.905	119.919
314.494	102.777	119.944
314.486	102.609	119.932
314.455	102.424	119.900
314.427	102.240	119.836
314.384	102.064	119.819
314.352	101.888	119.804
314.324	101.666	119.904
314.359	101.444	119.950
314.310	101.144	119.957
314.293	100.861	120.003
314.299	100.567	120.022
314.296	100.263	119.976
314.310	99.958	119.961
314.294	99.670	119.956
314.291	99.389	119.951
314.273	99.125	119.919
314.246	98.860	119.882
314.226	98.629	119.875
314.211	98.425	119.882
314.198	98.237	119.894
314.204	98.095	119.924
314.221	97.998	119.949
314.245	97.938	119.950
314.271	97.932	119.941
314.301	97.979	119.910
314.337	98.080	119.885
314.354	98.258	119.870
314.343	98.489	119.836
314.323	98.787	119.820
314.300	99.159	119.779
314.165	99.601	119.736
314.145	100.143	119.731
314.136	100.738	119.713
314.141	101.388	119.660
314.129	102.114	119.626
314.092	102.874	119.611
314.037	103.545	119.590
314.129	103.508	119.585
314.213	103.304	119.701
314.271	103.072	119.864
314.320	102.855	120.060
314.363	102.680	120.128
314.415	102.490	120.092
314.414	102.283	120.046
314.408	102.078	120.005
314.394	101.863	119.917
314.393	101.640	119.791
314.373	101.405	119.735
314.353	101.150	119.777
314.285	100.883	119.806
314.251	100.599	119.819
314.110	100.276	119.811
314.060	99.992	119.817
314.014	99.683	119.846
314.007	99.402	119.885
314.002	99.131	119.912
314.017	98.875	119.936
314.055	98.659	119.951
314.086	98.442	119.941
314.143	98.260	119.922
314.199	98.110	119.925
314.253	98.008	119.919
314.319	97.950	119.891
314.372	97.937	119.857
314.394	97.983	119.822
314.406	98.085	119.822
314.390	98.247	119.813
314.341	98.477	119.812
314.254	98.775	119.795
314.129	99.151	119.780
314.023	99.588	119.772
314.005	100.120	119.770
313.950	100.708	119.769
313.933	101.370	119.742
313.893	102.102	119.696
313.878	102.865	119.703
313.860	103.531	119.681
313.976	103.522	119.625
314.098	103.307	119.683
314.201	103.068	119.828
314.267	102.823	119.966
314.291	102.631	120.004
314.290	102.455	120.009
314.289	102.258	119.948
314.266	102.068	119.873
314.244	101.877	119.802
314.213	101.678	119.741
314.177	101.477	119.749
314.122	101.242	119.792
314.074	100.994	119.842
314.032	100.725	119.882
313.987	100.457	119.908
313.983	100.171	119.924
313.968	99.890	119.933
313.916	99.573	119.941
313.945	99.308	119.936
314.000	99.052	119.920
314.051	98.828	119.924
314.129	98.629	119.914
314.187	98.447	119.892
314.260	98.300	119.888
314.336	98.175	119.881
314.385	98.109	119.858
314.409	98.070	119.830
314.408	98.091	119.804
314.386	98.145	119.802
314.326	98.267	119.802
314.261	98.452	119.802
314.159	98.689	119.795
314.007	98.997	119.787
313.974	99.395	119.804
313.957	99.837	119.795
313.949	100.365	119.798
313.938	100.955	119.788
313.927	101.603	119.812
313.901	102.307	119.827
313.893	103.040	119.887
313.909	103.596	119.831
314.097	103.491	119.745
314.224	103.284	119.775
314.333	103.060	119.872
314.386	102.844	119.959
314.395	102.677	119.965
314.384	102.483	119.937
314.346	102.291	119.917
314.296	102.096	119.862
314.273	101.900	119.758
314.242	101.684	119.688
314.228	101.454	119.738
314.210	101.211	119.795
314.199	100.931	119.845
314.124	100.612	119.859
314.144	100.304	119.881
314.159	100.010	119.875
314.189	99.708	119.857
314.211	99.404	119.817
314.269	99.153	119.787
314.296	98.904	119.779
314.319	98.669	119.780
314.354	98.457	119.775
314.389	98.283	119.788
314.422	98.156	119.794
314.449	98.050	119.808
314.451	97.986	119.800
314.455	97.982	119.799
314.442	98.022	119.814
314.405	98.133	119.848
314.361	98.285	119.864
314.296	98.519	119.873
314.204	98.837	119.897
314.126	99.222	119.914
313.997	99.656	119.957
313.979	100.194	119.985
313.956	100.798	119.988
313.963	101.476	119.977
313.981	102.218	119.923
314.011	103.009	119.880
314.021	103.607	119.814
314.149	103.516	119.704
314.247	103.309	119.727
314.322	103.068	119.777
314.383	102.905	119.887
314.393	102.779	119.914
314.375	102.623	119.877
314.367	102.448	119.828
314.360	102.276	119.799
314.357	102.117	119.758
314.355	101.919	119.692
314.358	101.688	119.709
314.361	101.452	119.779
314.282	101.163	119.839
314.277	100.886	119.835
314.281	100.591	119.815
314.292	100.291	119.788
314.298	99.995	119.772
314.300	99.715	119.770
314.315	99.431	119.759
314.343	99.165	119.732
314.356	98.929	119.733
314.365	98.686	119.740
314.368	98.475	119.752
314.381	98.303	119.784
314.391	98.167	119.810
314.398	98.068	119.829
314.400	98.021	119.845
314.410	98.023	119.878
314.394	98.070	119.951
314.396	98.178	120.024
314.358	98.364	120.106
314.305	98.601	120.188
314.297	98.913	120.214
314.279	99.253	120.146
314.215	99.691	120.102
314.113	100.207	120.055
314.126	100.789	119.961
314.124	101.421	119.858
314.129	102.129	119.768
314.136	102.885	119.744
314.131	103.531	119.638
314.208	103.549	119.569
314.256	103.336	119.622
314.300	103.063	119.728
314.331	102.836	119.869
314.349	102.608	119.898
314.349	102.401	119.924
314.341	102.164	119.918
314.355	101.914	119.881
314.364	101.661	119.837
314.378	101.423	119.757
314.317	101.129	119.711
314.339	100.854	119.759
314.368	100.568	119.790
314.377	100.268	119.797
314.395	99.975	119.790
314.391	99.672	119.757
314.384	99.379	119.735
314.370	99.101	119.728
314.353	98.827	119.715
314.344	98.571	119.738
314.355	98.378	119.790
314.347	98.182	119.853
314.332	98.016	119.909
314.320	97.893	119.966
314.308	97.818	120.032
314.290	97.785	120.094
314.291	97.803	120.184
314.291	97.879	120.248
314.325	98.017	120.236
314.368	98.225	120.216
314.381	98.497	120.194
314.382	98.868	120.129
314.373	99.292	120.008
314.361	99.834	119.926
314.318	100.455	119.850
314.203	101.169	119.795
314.070	101.971	119.740
314.038	102.842	119.739
313.989	103.581	119.645
314.082	103.513	119.575
314.137	103.249	119.630
314.204	102.995	119.816
314.234	102.729	119.996
314.261	102.520	120.062
314.287	102.303	120.056
314.304	102.040	120.020
314.317	101.764	119.965
314.323	101.505	119.902
314.341	101.240	119.843
314.371	100.953	119.840
314.383	100.631	119.826
314.332	100.288	119.824
314.355	99.964	119.853
314.362	99.653	119.865
314.347	99.343	119.846
314.348	99.062	119.821
314.314	98.779	119.785
314.287	98.521	119.798
314.267	98.291	119.871
314.244	98.103	119.978
314.226	97.939	120.101
314.225	97.829	120.196
314.243	97.737	120.225
314.284	97.706	120.216
314.304	97.720	120.201
314.322	97.802	120.172
314.331	97.947	120.139
314.340	98.159	120.077
314.357	98.436	120.028
314.365	98.824	119.970
314.342	99.285	119.918
314.315	99.857	119.859
314.270	100.509	119.797
314.218	101.261	119.753
314.153	102.090	119.691
313.984	102.974	119.676
313.921	103.652	119.607
314.039	103.482	119.637
314.138	103.207	119.749
314.235	102.903	119.873
314.285	102.581	119.969
314.310	102.309	120.008
314.341	102.046	120.005
314.367	101.741	119.961
314.400	101.437	119.910
314.430	101.147	119.862
314.367	100.811	119.789
314.381	100.496	119.760
314.363	100.175	119.756
314.348	99.840	119.795
314.310	99.512	119.879
314.286	99.202	119.927
314.240	98.908	119.959
314.197	98.642	119.998
314.160	98.403	120.055
314.172	98.162	120.078
314.204	97.961	120.091
314.214	97.816	120.151
314.237	97.719	120.165
314.268	97.649	120.103
314.287	97.628	120.023
314.301	97.673	120.010
314.295	97.784	120.012
314.266	97.974	119.984
314.242	98.240	119.945
314.226	98.571	119.904
314.202	99.001	119.883
314.195	99.529	119.861
314.195	100.163	119.791
314.182	100.891	119.786
314.163	101.705	119.747
314.124	102.598	119.744
314.035	103.440	119.655
314.109	103.565	119.591
314.147	103.292	119.593
314.117	103.017	119.731
314.166	102.703	119.883
314.202	102.435	119.921
314.239	102.165	119.906
314.200	101.835	119.834
314.226	101.506	119.809
314.237	101.180	119.787
314.255	100.854	119.743
314.310	100.568	119.726
314.324	100.216	119.735
314.346	99.877	119.794
314.342	99.550	119.904
314.320	99.219	119.971
314.282	98.917	120.030
314.225	98.643	120.067
314.228	98.394	120.041
314.237	98.155	120.001
314.223	97.958	120.057
314.204	97.807	120.102
314.182	97.702	120.084
314.170	97.651	120.021
314.147	97.646	119.976
314.122	97.694	119.946
314.093	97.827	119.925
314.063	98.006	119.892
314.044	98.279	119.865
314.027	98.626	119.849
314.029	99.066	119.848
314.036	99.608	119.841
314.054	100.245	119.813
314.052	100.975	119.809
314.059	101.791	119.786
314.064	102.689	119.762
314.013	103.491	119.668
314.137	103.544	119.579
314.240	103.281	119.587
314.351	102.991	119.672
314.346	102.667	119.815
314.340	102.371	119.819
314.300	102.100	119.803
314.154	101.779	119.775
314.139	101.459	119.773
314.118	101.122	119.739
314.139	100.802	119.681
314.141	100.474	119.669
314.162	100.135	119.711
314.170	99.784	119.820
314.169	99.447	119.943
314.183	99.122	120.001
314.172	98.804	120.060
314.169	98.538	120.087
314.177	98.285	120.075
314.207	98.056	120.056
314.232	97.870	120.071
314.214	97.730	120.111
314.213	97.654	120.085
314.210	97.631	120.021
314.196	97.643	119.956
314.157	97.747	119.923
314.109	97.904	119.911
314.044	98.141	119.887
314.012	98.470	119.886
313.976	98.877	119.864
313.961	99.404	119.865
313.967	100.014	119.830
313.983	100.725	119.814
314.003	101.540	119.803
314.009	102.423	119.779
313.988	103.300	119.764
314.065	103.618	119.623
314.174	103.363	119.608
314.274	103.097	119.690
314.355	102.806	119.825
314.409	102.513	119.871
314.361	102.228	119.852
314.362	101.941	119.793
314.308	101.614	119.746
314.186	101.302	119.703
314.096	100.984	119.649
314.094	100.698	119.638
314.102	100.357	119.696
314.129	100.035	119.758
314.147	99.695	119.841
314.164	99.361	119.933
314.163	99.039	119.983
314.161	98.753	120.008
314.177	98.490	119.993
314.177	98.246	120.000
314.194	98.038	120.068
314.223	97.859	120.112
314.264	97.750	120.140
314.279	97.672	120.136
314.277	97.660	120.101
314.280	97.686	120.031
314.260	97.782	119.972
314.215	97.954	119.926
314.184	98.208	119.914
314.133	98.549	119.888
314.090	98.965	119.862
314.039	99.481	119.841
314.024	100.102	119.788
314.012	100.799	119.782
314.022	101.601	119.794
314.021	102.467	119.780
313.997	103.328	119.777
314.073	103.632	119.689
314.153	103.361	119.685
314.234	103.094	119.759
314.316	102.795	119.876
314.357	102.507	119.924
314.407	102.246	119.912
314.368	101.938	119.835
314.367	101.625	119.791
314.365	101.323	119.720
314.343	101.022	119.662
314.272	100.718	119.638
314.107	100.394	119.681
314.055	100.070	119.762
314.003	99.735	119.873
313.989	99.395	119.953
313.971	99.080	119.991
313.977	98.796	120.032
313.980	98.527	120.070
314.029	98.271	120.098
314.111	98.057	120.100
314.179	97.873	120.129
314.263	97.750	120.167
314.316	97.668	120.153
314.357	97.642	120.090
314.383	97.666	120.026
314.390	97.762	119.993
314.384	97.941	119.942
314.361	98.186	119.929
314.328	98.514	119.906
314.293	98.943	119.880
314.241	99.458	119.866
314.202	100.075	119.814
314.142	100.783	119.796
314.109	101.582	119.773
314.067	102.453	119.762
314.003	103.342	119.722
314.068	103.611	119.621
314.142	103.358	119.643
314.195	103.083	119.771
314.250	102.756	119.895
314.250	102.462	119.925
314.265	102.192	119.908
314.278	101.892	119.874
314.215	101.552	119.802
314.245	101.218	119.741
314.289	100.912	119.680
314.331	100.612	119.659
314.353	100.289	119.705
314.366	99.949	119.779
314.341	99.619	119.908
314.286	99.283	120.026
314.188	98.978	120.140
314.022	98.690	120.186
314.020	98.424	120.133
314.026	98.180	120.086
314.050	97.983	120.098
314.074	97.817	120.097
314.115	97.690	120.071
314.168	97.619	120.044
314.207	97.609	120.013
314.232	97.661	119.996
314.252	97.781	119.979
314.241	97.970	119.956
314.233	98.248	119.911
314.233	98.609	119.885
314.234	99.070	119.873
314.250	99.634	119.852
314.240	100.293	119.832
314.232	101.075	119.840
314.225	101.925	119.805
314.205	102.842	119.790
314.143	103.611	119.721
314.221	103.523	119.635
314.276	103.247	119.654
314.322	102.948	119.767
314.351	102.617	119.863
314.278	102.303	119.847
314.245	102.006	119.825
314.235	101.651	119.803
314.206	101.307	119.799
314.191	100.939	119.752
314.193	100.605	119.696
314.198	100.257	119.700
314.219	99.908	119.776
314.217	99.545	119.914
314.235	99.201	120.037
314.238	98.860	120.184
314.271	98.559	120.231
314.315	98.279	120.172
314.324	98.019	120.115
314.308	97.804	120.113
314.292	97.647	120.104
314.256	97.539	120.065
314.129	97.474	120.040
314.090	97.489	120.034
314.061	97.558	120.009
314.038	97.718	119.976
314.014	97.946	119.911
314.007	98.240	119.856
314.019	98.667	119.852
314.041	99.190	119.858
314.072	99.820	119.855
314.103	100.561	119.835
314.143	101.415	119.834
314.156	102.338	119.802
314.159	103.255	119.776
314.226	103.662	119.657
314.334	103.387	119.632
314.429	103.100	119.713
314.501	102.782	119.844
314.544	102.468	119.902
314.492	102.140	119.883
314.476	101.814	119.842
314.423	101.440	119.812
314.406	101.087	119.765
314.345	100.726	119.700
314.301	100.374	119.652
314.260	100.002	119.669
314.226	99.638	119.766
314.186	99.274	119.902
314.142	98.914	120.012
314.111	98.593	120.119
314.069	98.295	120.157
314.061	98.033	120.132
314.108	97.807	120.089
314.140	97.604	120.073
314.176	97.469	120.129
314.216	97.380	120.124
314.276	97.357	120.073
314.318	97.390	120.032
314.355	97.513	120.018
314.349	97.702	119.990
314.324	97.994	119.952
314.276	98.378	119.902
314.113	98.874	119.871
314.063	99.501	119.851
314.049	100.229	119.825
314.016	101.058	119.813
314.028	101.959	119.763
314.015	102.912	119.746
314.000	103.640	119.665
314.147	103.468	119.613
314.267	103.213	119.701
314.376	102.897	119.827
314.459	102.560	119.944
314.495	102.248	119.941
314.448	101.895	119.906
314.442	101.529	119.860
314.459	101.161	119.838
314.436	100.776	119.791
314.428	100.418	119.727
314.415	100.051	119.713
314.391	99.688	119.747
314.331	99.314	119.834
314.300	98.961	119.923
314.231	98.611	120.008
314.174	98.310	120.036
314.105	98.039	120.051
314.068	97.799	120.059
314.069	97.587	120.057
314.079	97.424	120.091
314.080	97.325	120.143
314.090	97.279	120.145
314.111	97.286	120.085
314.155	97.388	120.029
314.195	97.554	120.001
314.214	97.812	119.978
314.234	98.159	119.950
314.255	98.614	119.923
314.268	99.187	119.894
314.276	99.881	119.841
314.253	100.681	119.810
314.205	101.549	119.760
314.053	102.485	119.727
313.953	103.379	119.681
314.039	103.599	119.603
314.142	103.321	119.657
314.243	103.022	119.766
314.315	102.658	119.885
314.361	102.306	119.930
314.398	101.951	119.950
314.349	101.566	119.897
314.387	101.181	119.863
314.404	100.765	119.818
314.415	100.385	119.760
314.426	99.995	119.753
314.437	99.638	119.769
314.411	99.253	119.824
314.388	98.911	119.903
314.356	98.568	119.964
314.314	98.254	120.005
314.254	97.979	120.035
314.217	97.745	120.084
314.182	97.544	120.139
314.187	97.385	120.128
314.185	97.284	120.139
314.173	97.272	120.172
314.196	97.297	120.124
314.215	97.404	120.023
314.226	97.591	119.990
314.203	97.868	119.973
314.177	98.245	119.951
314.145	98.716	119.926
314.122	99.332	119.909
314.118	100.051	119.850
314.096	100.866	119.803
314.092	101.754	119.765
314.108	102.685	119.714
314.087	103.528	119.595
314.216	103.584	119.580
314.305	103.276	119.670
314.376	102.954	119.806
314.328	102.589	119.912
314.261	102.214	119.947
314.255	101.841	119.970
314.264	101.454	119.916
314.194	101.000	119.855
314.222	100.570	119.793
314.242	100.144	119.769
314.268	99.742	119.790
314.287	99.338	119.828
314.302	98.948	119.851
314.301	98.583	119.892
314.312	98.236	119.947
314.299	97.916	119.981
314.292	97.661	120.016
314.272	97.451	120.032
314.227	97.269	120.090
314.222	97.154	120.180
314.265	97.114	120.217
314.281	97.127	120.211
314.265	97.225	120.203
314.276	97.412	120.148
314.283	97.687	120.060
314.274	98.061	119.999
314.255	98.545	119.967
314.242	99.174	119.942
314.188	99.931	119.882
314.120	100.764	119.825
314.051	101.665	119.745
313.982	102.603	119.685
313.905	103.463	119.563
314.000	103.550	119.535
314.100	103.292	119.617
314.201	102.983	119.781
314.267	102.614	119.916
314.325	102.251	119.928
314.364	101.881	119.933
314.394	101.503	119.902
314.347	101.064	119.885
314.347	100.639	119.831
314.289	100.237	119.776
314.173	99.863	119.771
314.126	99.469	119.821
314.123	99.103	119.850
314.131	98.729	119.885
314.136	98.396	119.897
314.121	98.092	119.920
314.109	97.824	119.930
314.097	97.594	119.939
314.103	97.415	119.972
314.110	97.286	120.050
314.129	97.228	120.172
314.203	97.236	120.210
314.277	97.307	120.197
314.326	97.464	120.195
314.343	97.689	120.161
314.380	98.039	120.093
314.405	98.455	120.000
314.419	99.025	119.973
314.393	99.708	119.949
314.327	100.495	119.889
314.218	101.369	119.853
314.109	102.298	119.753
314.003	103.218	119.664
314.004	103.591	119.548
314.067	103.351	119.571
314.132	103.087	119.713
314.168	102.726	119.861
314.170	102.386	119.918
314.169	102.029	119.918
314.182	101.656	119.867
314.200	101.255	119.819
314.152	100.817	119.787
314.220	100.410	119.763
314.296	100.032	119.758
314.359	99.661	119.777
314.386	99.291	119.816
314.383	98.937	119.878
314.348	98.587	119.922
314.247	98.283	119.917
314.068	98.013	119.893
314.005	97.779	119.889
313.964	97.581	119.905
313.943	97.430	119.942
313.939	97.351	120.012
313.934	97.315	120.120
313.977	97.356	120.184
314.057	97.454	120.169
314.148	97.650	120.139
314.197	97.913	120.136
314.261	98.278	120.084
314.328	98.739	120.005
314.394	99.327	119.951
314.419	100.029	119.904
314.406	100.841	119.875
314.379	101.728	119.809
314.311	102.668	119.762
314.205	103.490	119.612
314.242	103.555	119.537
314.267	103.299	119.615
314.282	103.004	119.780
314.286	102.654	119.933
314.246	102.325	119.977
314.231	101.995	119.968
314.137	101.589	119.928
314.119	101.199	119.895
314.110	100.801	119.864
314.118	100.383	119.811
314.157	100.019	119.781
314.180	99.610	119.780
314.216	99.225	119.811
314.257	98.856	119.842
314.298	98.503	119.877
314.325	98.194	119.869
314.350	97.911	119.837
314.362	97.680	119.837
314.342	97.491	119.863
314.290	97.340	119.926
314.207	97.254	120.027
314.061	97.242	120.129
313.957	97.284	120.207
313.973	97.388	120.216
314.030	97.577	120.155
314.060	97.868	120.124
314.067	98.240	120.081
314.125	98.731	120.010
314.194	99.340	119.946
314.258	100.081	119.898
314.289	100.916	119.874
314.304	101.831	119.810
314.293	102.786	119.752
314.235	103.590	119.605
314.316	103.557	119.529
314.382	103.266	119.599
314.423	102.950	119.761
314.452	102.620	119.918
314.442	102.290	119.968
314.412	101.972	120.004
314.367	101.590	119.981
314.329	101.184	119.960
314.265	100.770	119.917
314.151	100.332	119.864
314.140	99.959	119.855
314.135	99.545	119.871
314.152	99.156	119.877
314.156	98.771	119.913
314.187	98.416	119.941
314.198	98.099	119.927
314.215	97.830	119.875
314.240	97.595	119.817
314.256	97.390	119.813
314.287	97.242	119.847
314.310	97.168	119.921
314.320	97.160	119.962
314.321	97.199	120.023
314.322	97.323	120.086
314.317	97.552	120.189
314.303	97.854	120.233
314.309	98.284	120.211
314.275	98.808	120.171
314.154	99.464	120.111
314.092	100.240	120.018
314.090	101.094	119.902
314.098	102.030	119.812
314.087	102.999	119.755
314.066	103.662	119.578
314.200	103.465	119.526
314.275	103.187	119.628
314.336	102.861	119.772
314.376	102.499	119.880
314.381	102.148	119.905
314.365	101.777	119.921
314.345	101.405	119.950
314.315	100.985	119.962
314.293	100.573	119.935
314.265	100.167	119.912
314.254	99.783	119.919
314.173	99.363	119.940
314.170	98.977	119.987
314.164	98.621	120.034
314.158	98.292	120.047
314.153	97.982	120.008
314.162	97.743	119.950
314.172	97.542	119.886
314.173	97.350	119.855
314.203	97.239	119.864
314.222	97.200	119.908
314.249	97.232	119.929
314.260	97.303	119.934
314.279	97.493	119.953
314.287	97.755	119.985
314.276	98.115	120.025
314.275	98.594	120.087
314.253	99.201	120.148
314.245	99.931	120.172
314.230	100.753	120.134
314.189	101.627	120.047
314.120	102.547	119.962
314.053	103.410	119.864
314.155	103.557	119.686
314.209	103.292	119.652
314.205	102.991	119.765
314.239	102.627	119.884
314.230	102.286	119.900
314.209	101.933	119.869
314.191	101.541	119.784
314.137	101.148	119.794
314.116	100.734	119.836
314.087	100.325	119.857
314.104	99.946	119.883
314.112	99.557	119.936
314.130	99.187	119.991
314.071	98.808	120.071
314.092	98.472	120.094
314.108	98.162	120.086
314.144	97.902	120.044
314.191	97.686	119.978
314.229	97.510	119.903
314.259	97.365	119.872
314.298	97.309	119.907
314.318	97.307	119.916
314.343	97.376	119.925
314.350	97.504	119.907
314.341	97.725	119.883
314.333	98.026	119.879
314.310	98.447	119.885
314.260	98.991	119.921
314.183	99.640	119.956
314.089	100.403	119.983
313.992	101.255	120.031
313.863	102.131	120.060
313.788	103.040	120.035
313.816	103.560	119.926
313.963	103.391	119.857
314.086	103.146	119.876
314.198	102.835	119.963
314.259	102.498	120.024
314.286	102.175	120.006
314.291	101.826	119.922
314.251	101.458	119.850
314.187	101.089	119.784
314.050	100.732	119.736
314.022	100.382	119.735
313.993	100.030	119.788
313.957	99.696	119.873
313.933	99.352	119.956
313.899	99.029	120.064
313.904	98.723	120.130
313.822	98.411	120.116
313.872	98.179	120.068
313.914	97.968	120.020
313.963	97.801	119.988
314.035	97.696	119.978
314.113	97.624	119.980
314.199	97.639	119.979
314.272	97.699	119.957
314.334	97.804	119.904
314.387	97.993	119.877
314.400	98.255	119.869
314.405	98.595	119.849
314.376	99.036	119.870
314.314	99.566	119.885
314.230	100.182	119.888
314.125	100.905	119.918
314.000	101.719	119.956
313.863	102.561	119.964
313.726	103.397	119.991
313.770	103.504	119.939
313.856	103.287	119.936
313.935	102.996	119.976
313.981	102.690	120.107
314.031	102.398	120.132
314.067	102.113	120.078
314.107	101.812	119.997
314.159	101.502	119.904
314.212	101.208	119.802
314.260	100.897	119.691
314.298	100.623	119.682
314.308	100.313	119.716
314.287	100.020	119.773
314.138	99.705	119.874
314.032	99.408	119.973
313.978	99.098	120.019
313.942	98.832	120.028
313.920	98.584	119.984
313.911	98.369	119.939
313.910	98.194	119.957
313.928	98.044	119.997
313.969	97.946	120.012
314.026	97.908	120.013
314.070	97.893	119.978
314.123	97.928	119.959
314.168	98.015	119.919
314.217	98.182	119.902
314.260	98.407	119.900
314.283	98.708	119.906
314.318	99.080	119.922
314.303	99.523	119.952
314.276	100.054	119.989
314.233	100.662	120.057
314.211	101.351	120.059
314.158	102.101	120.010
314.084	102.900	119.988
313.970	103.576	119.938
314.022	103.508	119.860
314.050	103.264	119.784
314.101	102.985	119.846
314.092	102.706	119.952
314.057	102.483	119.946
314.037	102.278	119.905
314.031	102.049	119.819
314.035	101.832	119.763
314.080	101.622	119.723
314.131	101.409	119.705
314.182	101.181	119.748
314.236	100.932	119.805
314.292	100.668	119.844
314.314	100.392	119.874
314.307	100.121	119.898
314.294	99.854	119.893
314.136	99.567	119.875
314.123	99.315	119.860
314.110	99.058	119.821
314.102	98.834	119.821
314.130	98.632	119.836
314.138	98.465	119.882
314.157	98.304	119.903
314.152	98.181	119.906
314.164	98.105	119.929
314.166	98.078	119.931
314.170	98.074	119.948
314.171	98.144	119.996
314.165	98.262	120.077
314.209	98.429	120.122
314.259	98.644	120.103
314.300	98.927	120.089
314.322	99.285	120.062
314.349	99.712	119.997
314.350	100.181	119.894
314.333	100.727	119.850
314.287	101.354	119.836
314.203	102.024	119.778
314.130	102.741	119.748
314.023	103.405	119.640
314.039	103.556	119.559
314.060	103.352	119.582
314.095	103.122	119.667
314.119	102.880	119.824
314.123	102.678	119.914
314.115	102.485	119.962
314.144	102.263	119.927
314.164	102.036	119.865
314.127	101.785	119.798
314.188	101.557	119.740
314.252	101.324	119.724
314.305	101.054	119.745
314.337	100.774	119.776
314.362	100.493	119.773
314.334	100.197	119.771
314.240	99.906	119.778
314.138	99.608	119.772
314.121	99.324	119.786
314.108	99.047	119.794
314.105	98.781	119.793
314.093	98.578	119.823
314.073	98.359	119.891
314.079	98.192	119.996
314.079	98.046	120.099
314.088	97.948	120.139
314.124	97.895	120.139
314.175	97.877	120.130
314.196	97.923	120.098
314.191	98.027	120.073
314.191	98.196	120.009
314.216	98.431	119.922
314.214	98.743	119.887
314.237	99.140	119.883
314.228	99.599	119.863
314.199	100.148	119.817
314.167	100.772	119.805
314.138	101.487	119.773
314.091	102.261	119.730
314.050	103.084	119.735
314.011	103.654	119.659
314.089	103.475	119.658
314.146	103.235	119.764
314.200	102.964	119.863
314.219	102.709	119.939
314.224	102.516	119.940
314.237	102.313	119.914
314.249	102.094	119.867
314.198	101.839	119.797
314.240	101.628	119.714
314.264	101.409	119.645
314.297	101.172	119.638
314.289	100.902	119.675
314.274	100.641	119.738
314.226	100.348	119.756
314.130	100.073	119.791
314.037	99.777	119.820
314.011	99.492	119.855
314.014	99.212	119.881
314.024	98.933	119.882
314.036	98.692	119.918
314.041	98.483	120.006
314.058	98.297	120.091
314.090	98.138	120.117
314.142	98.014	120.097
314.174	97.929	120.080
314.198	97.917	120.058
314.189	97.941	120.021
314.191	98.020	119.975
314.173	98.159	119.929
314.168	98.375	119.919
314.140	98.652	119.904
314.117	99.018	119.874
314.088	99.452	119.847
314.084	99.991	119.818
314.068	100.577	119.808
314.059	101.250	119.811
314.063	101.990	119.788
314.057	102.782	119.806
314.020	103.524	119.780
314.111	103.578	119.720
314.154	103.340	119.737
314.205	103.093	119.811
314.254	102.838	119.916
314.250	102.661	119.935
314.247	102.485	119.922
314.253	102.283	119.864
314.201	102.067	119.777
314.223	101.884	119.697
314.236	101.678	119.610
314.258	101.471	119.596
314.260	101.235	119.645
314.246	100.985	119.711
314.214	100.732	119.773
314.171	100.450	119.797
314.127	100.158	119.834
314.050	99.870	119.886
313.969	99.566	119.940
313.964	99.296	119.993
313.988	99.031	120.050
314.029	98.807	120.117
314.075	98.592	120.128
314.134	98.395	120.117
314.165	98.220	120.096
314.188	98.101	120.086
314.199	98.017	120.035
314.206	97.980	119.967
314.194	98.014	119.931
314.164	98.098	119.909
314.126	98.235	119.899
314.066	98.458	119.876
314.025	98.742	119.854
314.001	99.082	119.854
314.003	99.514	119.860
314.027	100.012	119.853
314.034	100.565	119.853
314.058	101.196	119.889
314.076	101.893	119.902
314.088	102.633	119.890
314.094	103.360	119.854
314.156	103.638	119.741
314.223	103.412	119.712
314.286	103.175	119.742
314.330	102.914	119.838
314.343	102.678	119.880
314.330	102.470	119.882
314.254	102.209	119.826
314.221	101.959	119.763
314.215	101.729	119.698
314.220	101.502	119.630
314.219	101.269	119.599
314.196	100.986	119.657
314.194	100.728	119.762
314.189	100.438	119.854
314.169	100.140	119.943
314.152	99.853	120.022
314.112	99.540	120.061
314.078	99.255	120.121
314.056	98.966	120.152
314.046	98.720	120.155
314.083	98.482	120.149
314.125	98.277	120.146
314.160	98.086	120.101
314.184	97.951	120.038
314.188	97.861	120.007
314.167	97.825	119.983
314.143	97.836	119.960
314.106	97.893	119.926
314.074	98.019	119.898
314.050	98.206	119.871
314.038	98.474	119.861
314.024	98.816	119.847
314.027	99.251	119.851
314.066	99.764	119.905
314.100	100.349	119.930
314.153	101.026	119.940
314.178	101.773	119.936
314.212	102.591	119.907
314.191	103.387	119.859
314.243	103.669	119.743
314.278	103.429	119.713
314.334	103.171	119.739
314.358	102.917	119.840
314.373	102.716	119.885
314.286	102.505	119.862
314.257	102.288	119.816
314.222	102.075	119.749
314.192	101.857	119.688
314.161	101.645	119.630
314.143	101.409	119.625
314.123	101.139	119.734
314.137	100.880	119.892
314.143	100.593	120.041
314.158	100.286	120.156
314.213	99.990	120.204
314.271	99.682	120.196
314.315	99.382	120.197
314.342	99.101	120.202
314.334	98.839	120.170
314.320	98.602	120.106
314.299	98.401	120.053
314.206	98.214	120.001
314.138	98.075	119.980
314.101	97.972	119.958
314.077	97.941	119.943
314.046	97.935	119.902
314.013	97.976	119.862
313.995	98.090	119.872
313.980	98.247	119.907
313.996	98.510	119.928
314.027	98.818	119.919
314.089	99.226	119.922
314.133	99.710	119.917
314.198	100.231	119.900
314.262	100.848	119.913
314.307	101.540	119.905
314.343	102.285	119.836
314.340	103.066	119.788
314.313	103.665	119.667
314.366	103.564	119.621
314.398	103.318	119.643
314.408	103.074	119.737
314.398	102.879	119.852
314.352	102.720	119.881
314.227	102.495	119.873
314.170	102.291	119.908
314.109	102.080	119.946
314.081	101.870	119.964
314.107	101.662	119.915
314.136	101.430	119.944
314.147	101.159	120.021
314.182	100.881	120.079
314.240	100.594	120.055
314.287	100.289	120.027
314.333	99.995	120.011
314.369	99.710	119.985
314.373	99.419	119.953
314.371	99.164	119.936
314.355	98.922	119.915
314.327	98.683	119.905
314.306	98.473	119.893
314.260	98.291	119.918
314.198	98.137	119.941
314.062	98.040	119.961
314.021	97.980	119.975
314.009	97.967	119.972
314.031	98.003	119.951
314.025	98.085	119.914
314.050	98.233	119.894
314.101	98.453	119.892
314.143	98.736	119.868
314.204	99.102	119.864
314.247	99.516	119.829
314.305	100.013	119.789
314.334	100.594	119.770
314.329	101.248	119.736
314.337	101.954	119.718
314.297	102.730	119.756
314.228	103.439	119.729
314.253	103.583	119.705
314.293	103.357	119.845
314.362	103.121	119.925
314.414	102.890	120.024
314.411	102.707	120.060
314.378	102.533	120.099
314.345	102.314	120.053
314.316	102.090	119.940
314.201	101.835	119.828
314.170	101.606	119.737
314.153	101.380	119.673
314.113	101.137	119.727
314.094	100.881	119.771
314.079	100.609	119.812
314.090	100.299	119.833
314.102	100.022	119.869
314.127	99.709	119.907
314.159	99.424	119.944
314.232	99.151	119.946
314.272	98.887	119.935
314.325	98.641	119.920
314.367	98.436	119.920
314.382	98.253	119.911
314.375	98.097	119.905
314.338	97.985	119.893
314.204	97.919	119.879
314.148	97.904	119.867
314.127	97.927	119.865
314.134	98.013	119.855
314.132	98.150	119.825
314.144	98.359	119.812
314.154	98.631	119.825
314.150	98.976	119.847
314.154	99.395	119.847
314.173	99.901	119.845
314.166	100.461	119.850
314.164	101.128	119.896
314.145	101.834	119.922
314.153	102.608	119.925
314.160	103.379	119.908
314.230	103.650	119.803
314.299	103.424	119.779
314.345	103.182	119.801
314.386	102.956	119.880
314.386	102.777	119.904
314.355	102.626	119.918
314.293	102.438	119.892
314.228	102.256	119.841
314.171	102.081	119.776
314.115	101.879	119.681
314.090	101.682	119.675
314.075	101.439	119.754
314.063	101.197	119.852
314.074	100.920	119.936
314.093	100.642	119.967
314.034	100.319	119.954
314.098	100.044	119.945
314.140	99.744	119.932
314.206	99.474	119.919
314.283	99.216	119.892
314.351	98.967	119.851
314.396	98.747	119.838
314.417	98.533	119.824
314.403	98.366	119.824
314.348	98.230	119.844
314.226	98.134	119.840
314.097	98.086	119.860
314.058	98.079	119.862
314.044	98.109	119.872
314.042	98.205	119.885
314.043	98.353	119.875
314.055	98.579	119.905
314.057	98.845	119.927
314.089	99.206	119.961
314.109	99.607	119.973
314.131	100.092	119.968
314.146	100.639	119.956
314.171	101.251	119.925
314.205	101.918	119.879
314.210	102.632	119.819
314.193	103.334	119.773
314.223	103.639	119.635
314.276	103.469	119.595
314.302	103.233	119.649
314.298	103.009	119.802
314.276	102.807	119.893
314.208	102.620	119.926
314.135	102.401	119.928
314.074	102.157	119.895
314.031	101.903	119.851
314.012	101.652	119.835
314.015	101.381	119.827
314.015	101.108	119.879
314.054	100.800	119.934
314.077	100.494	119.961
314.055	100.158	119.965
314.111	99.845	119.953
314.175	99.532	119.919
314.242	99.236	119.877
314.305	98.949	119.842
314.353	98.686	119.824
314.378	98.463	119.837
314.391	98.264	119.846
314.374	98.085	119.836
314.324	97.939	119.849
314.237	97.851	119.878
314.103	97.823	119.917
314.057	97.837	119.944
314.034	97.898	119.975
314.028	98.019	120.000
314.022	98.198	120.019
314.024	98.481	120.067
314.028	98.823	120.128
314.066	99.259	120.126
314.109	99.762	120.060
314.155	100.372	120.010
314.191	101.060	119.956
314.232	101.843	119.887
314.246	102.687	119.812
314.232	103.467	119.675
314.307	103.616	119.559
314.361	103.363	119.587
314.399	103.091	119.681
314.383	102.850	119.814
314.342	102.637	119.871
314.283	102.435	119.914
314.205	102.176	119.933
314.118	101.901	119.925
314.070	101.640	119.907
314.031	101.353	119.874
314.013	101.061	119.859
314.040	100.743	119.898
314.054	100.406	119.940
314.014	100.051	119.967
314.063	99.726	119.973
314.105	99.430	119.933
314.165	99.132	119.863
314.219	98.848	119.812
314.278	98.588	119.795
314.338	98.365	119.810
314.384	98.167	119.850
314.402	98.001	119.865
314.410	97.875	119.874
314.398	97.793	119.877
314.364	97.761	119.904
314.308	97.790	119.959
314.230	97.879	120.005
314.120	98.036	120.061
314.016	98.264	120.133
313.993	98.574	120.199
313.998	98.941	120.199
314.027	99.427	120.127
314.036	100.004	120.071
314.051	100.656	120.014
314.069	101.398	119.942
314.107	102.233	119.846
314.109	103.115	119.789
314.136	103.684	119.589
314.270	103.465	119.555
314.370	103.208	119.670
314.406	102.933	119.804
314.424	102.679	119.898
314.415	102.475	119.916
314.367	102.215	119.908
314.320	101.936	119.908
314.273	101.632	119.869
314.232	101.353	119.883
314.195	101.051	119.865
314.173	100.739	119.866
314.156	100.397	119.921
314.078	100.030	119.978
314.086	99.678	120.002
314.138	99.368	119.981
314.164	99.053	119.899
314.190	98.764	119.830
314.229	98.500	119.780
314.255	98.260	119.773
314.276	98.057	119.806
314.321	97.892	119.875
314.348	97.769	119.902
314.364	97.693	119.920
314.383	97.659	119.935
314.392	97.694	120.000
314.387	97.785	120.076
314.364	97.937	120.172
314.337	98.195	120.268
314.330	98.507	120.295
314.323	98.913	120.254
314.286	99.404	120.209
314.212	100.009	120.133
314.095	100.722	120.024
314.074	101.504	119.913
314.056	102.382	119.811
314.000	103.262	119.743
314.055	103.627	119.534
314.141	103.368	119.502
314.221	103.107	119.641
314.266	102.815	119.822
314.286	102.534	119.916
314.289	102.289	119.962
314.295	102.016	119.978
314.289	101.691	119.981
314.275	101.391	119.962
314.265	101.072	119.941
314.251	100.761	119.887
314.244	100.417	119.882
314.237	100.077	119.913
314.178	99.693	119.983
314.195	99.358	120.025
314.197	99.040	120.008
314.207	98.749	119.950
314.204	98.487	119.874
314.196	98.245	119.813
314.216	98.015	119.798
314.229	97.864	119.840
314.250	97.731	119.906
314.266	97.671	119.963
314.263	97.639	119.978
314.256	97.666	120.049
314.253	97.757	120.108
314.244	97.917	120.195
314.255	98.158	120.225
314.290	98.472	120.223
314.304	98.872	120.207
314.309	99.365	120.176
314.310	99.973	120.108
314.287	100.686	120.030
314.247	101.470	119.920
314.173	102.342	119.825
314.088	103.234	119.746
314.092	103.621	119.533
314.140	103.325	119.491
314.114	103.050	119.612
314.151	102.705	119.807
314.159	102.400	119.915
314.178	102.120	119.958
314.176	101.815	119.942
314.188	101.475	119.929
314.186	101.133	119.944
314.203	100.804	119.942
314.240	100.477	119.911
314.259	100.142	119.916
314.211	99.782	119.941
314.228	99.437	119.986
314.248	99.118	120.016
314.242	98.810	120.025
314.228	98.535	119.954
314.207	98.296	119.865
314.203	98.087	119.821
314.180	97.914	119.847
314.162	97.770	119.931
314.143	97.678	120.018
314.121	97.628	120.100
314.110	97.634	120.197
314.157	97.700	120.187
314.203	97.813	120.150
314.227	98.009	120.167
314.264	98.286	120.141
314.290	98.643	120.067
314.317	99.098	120.011
314.317	99.643	120.007
314.270	100.280	119.961
314.226	101.044	119.911
314.147	101.868	119.812
314.065	102.760	119.731
313.969	103.543	119.592
314.069	103.518	119.521
314.165	103.268	119.560
314.242	102.970	119.718
314.274	102.660	119.881
314.215	102.351	119.906
314.104	102.049	119.903
314.078	101.734	119.898
314.104	101.413	119.901
314.125	101.075	119.877
314.129	100.739	119.820
314.149	100.383	119.800
314.200	100.049	119.840
314.226	99.689	119.919
314.252	99.350	119.956
314.278	99.021	119.973
314.283	98.709	119.952
314.287	98.459	119.905
314.279	98.218	119.859
314.256	98.002	119.868
314.222	97.844	119.936
314.211	97.717	120.041
314.177	97.644	120.135
314.187	97.620	120.162
314.216	97.645	120.127
314.228	97.727	120.132
314.210	97.889	120.146
314.211	98.121	120.060
314.237	98.436	119.976
314.245	98.835	119.951
314.224	99.329	119.933
314.204	99.939	119.873
314.150	100.637	119.813
314.094	101.414	119.744
314.021	102.293	119.691
313.964	103.184	119.641
313.968	103.637	119.528
314.064	103.397	119.534
314.178	103.125	119.658
314.265	102.805	119.834
314.326	102.495	119.921
314.365	102.200	119.929
314.327	101.869	119.890
314.312	101.538	119.872
314.268	101.197	119.829
314.157	100.839	119.795
314.164	100.517	119.764
314.175	100.180	119.754
314.197	99.835	119.776
314.205	99.483	119.842
314.223	99.153	119.884
314.204	98.817	119.926
314.202	98.541	119.917
314.200	98.285	119.879
314.202	98.056	119.848
314.205	97.861	119.897
314.216	97.717	120.007
314.215	97.613	120.108
314.206	97.565	120.198
314.250	97.557	120.216
314.300	97.618	120.169
314.315	97.732	120.144
314.306	97.937	120.126
314.312	98.222	120.046
314.308	98.586	119.961
314.293	99.060	119.918
314.222	99.630	119.904
314.161	100.296	119.833
314.095	101.087	119.799
314.048	101.951	119.742
313.974	102.866	119.684
313.919	103.599	119.578
314.008	103.510	119.561
314.063	103.232	119.627
314.123	102.939	119.809
314.160	102.591	119.937
314.203	102.285	119.953
314.244	101.974	119.950
314.295	101.627	119.899
314.363	101.285	119.876
314.334	100.886	119.825
314.374	100.537	119.791
314.396	100.186	119.764
314.376	99.834	119.766
314.206	99.466	119.811
314.161	99.126	119.880
314.129	98.793	119.915
314.123	98.495	119.905
314.117	98.217	119.852
314.112	97.987	119.833
314.106	97.791	119.878
314.111	97.623	119.958
314.133	97.518	120.034
314.147	97.474	120.115
314.173	97.485	120.181
314.215	97.562	120.228
314.281	97.711	120.204
314.332	97.931	120.163
314.336	98.250	120.144
314.362	98.668	120.098
314.377	99.187	119.995
314.372	99.820	119.919
314.336	100.575	119.856
314.265	101.413	119.823
314.180	102.317	119.750
314.078	103.232	119.655
314.069	103.623	119.498
314.099	103.363	119.509
314.126	103.084	119.617
314.146	102.752	119.801
314.135	102.424	119.929
314.129	102.101	119.995
314.115	101.743	119.962
314.125	101.362	119.918
314.137	100.968	119.899
314.192	100.586	119.870
314.173	100.176	119.815
314.252	99.803	119.820
314.307	99.421	119.839
314.351	99.063	119.879
314.351	98.720	119.923
314.316	98.406	119.924
314.190	98.129	119.879
314.059	97.894	119.855
314.016	97.696	119.878
313.980	97.521	119.903
313.979	97.425	119.941
313.986	97.380	120.010
313.999	97.395	120.087
314.020	97.475	120.170
314.085	97.651	120.211
314.164	97.893	120.183
314.245	98.235	120.167
314.299	98.690	120.162
314.355	99.244	120.102
314.376	99.929	120.024
314.382	100.722	119.948
314.346	101.587	119.874
314.279	102.518	119.793
314.194	103.397	119.657
314.221	103.607	119.532
314.255	103.315	119.564
314.288	103.004	119.686
314.285	102.666	119.840
314.255	102.331	119.901
314.223	102.001	119.949
314.199	101.635	119.935
314.169	101.233	119.914
314.151	100.822	119.883
314.136	100.418	119.833
314.049	100.006	119.814
314.060	99.601	119.856
314.096	99.232	119.899
314.114	98.844	119.928
314.168	98.509	119.965
314.194	98.190	119.968
314.244	97.921	119.917
314.273	97.692	119.856
314.281	97.507	119.837
314.247	97.369	119.880
314.196	97.293	119.951
314.064	97.288	120.032
313.966	97.353	120.134
313.931	97.476	120.202
313.994	97.689	120.200
314.036	97.992	120.154
314.065	98.383	120.121
314.108	98.910	120.104
314.168	99.550	120.044
314.201	100.311	119.979
314.254	101.175	119.919
314.249	102.087	119.836
314.233	103.039	119.768
314.214	103.681	119.586
314.311	103.482	119.514
314.396	103.183	119.593
314.433	102.856	119.753
314.452	102.502	119.872
314.433	102.176	119.929
314.407	101.813	119.955
314.360	101.437	119.947
314.334	101.011	119.933
314.207	100.585	119.897
314.163	100.181	119.870
314.134	99.805	119.882
314.114	99.400	119.911
314.109	99.002	119.941
314.105	98.647	119.978
314.101	98.302	119.982
314.106	98.005	119.955
314.121	97.762	119.886
314.127	97.528	119.823
314.129	97.353	119.828
314.154	97.236	119.875
314.187	97.202	119.975
314.223	97.204	120.047
314.239	97.299	120.121
314.246	97.456	120.212
314.302	97.706	120.260
314.347	98.041	120.220
314.339	98.496	120.191
314.307	99.057	120.153
314.220	99.760	120.063
314.124	100.562	119.947
314.092	101.448	119.875
314.052	102.384	119.796
314.008	103.299	119.718
314.060	103.617	119.526
314.147	103.363	119.497
314.226	103.076	119.614
314.277	102.745	119.802
314.313	102.395	119.873
314.334	102.067	119.910
314.343	101.692	119.919
314.364	101.323	119.937
314.360	100.909	119.913
314.360	100.515	119.886
314.265	100.092	119.864
314.270	99.717	119.894
314.268	99.332	119.934
314.260	98.971	119.988
314.234	98.617	120.037
314.219	98.307	120.028
314.180	98.018	119.974
314.175	97.798	119.928
314.166	97.594	119.880
314.162	97.434	119.866
314.168	97.340	119.901
314.175	97.310	119.924
314.181	97.343	119.952
314.196	97.452	119.967
314.201	97.650	119.985
314.184	97.913	120.013
314.176	98.274	120.058
314.185	98.749	120.132
314.210	99.342	120.166
314.238	100.051	120.143
