NO_OF_FRAMES	7321
NO_OF_DATA_TYPES	3
FREQUENCY	1400
TIME_STAMP	2026-02-09, 18:07:39
DATA_INCLUDED	Position
DATA_TYPES	2_pos_X	2_pos_Y	2_pos_Z


-78.466	-32.178	142.327
-78.454	-32.209	142.406
-78.484	-32.275	142.473
-78.482	-32.251	142.424
-78.456	-32.180	142.284
-78.452	-32.212	142.358
-78.445	-32.227	142.320
-78.459	-32.205	142.336
-78.440	-32.202	142.373
-78.414	-32.193	142.328
-78.463	-32.235	142.377
-78.445	-32.220	142.340
-78.438	-32.211	142.343
-78.429	-32.230	142.421
-78.459	-32.230	142.370
-78.470	-32.207	142.338
-78.450	-32.225	142.389
-78.462	-32.228	142.382
-78.452	-32.219	142.413
-78.449	-32.178	142.298
-78.467	-32.225	142.368
-78.440	-32.236	142.383
-78.465	-32.244	142.369
-78.468	-32.195	142.357
-78.468	-32.231	142.343
-78.441	-32.197	142.339
-78.443	-32.223	142.380
-78.465	-32.229	142.398
-78.467	-32.204	142.403
-78.444	-32.192	142.289
-78.442	-32.208	142.339
-78.414	-32.224	142.320
-78.439	-32.195	142.309
-78.497	-32.230	142.388
-78.438	-32.203	142.320
-78.464	-32.212	142.321
-78.475	-32.217	142.350
-78.443	-32.212	142.321
-78.459	-32.206	142.331
-78.463	-32.226	142.356
-78.427	-32.223	142.359
-78.467	-32.231	142.348
-78.462	-32.236	142.350
-78.447	-32.227	142.349
-78.451	-32.200	142.361
-78.448	-32.245	142.390
-78.453	-32.222	142.383
-78.441	-32.233	142.386
-78.457	-32.235	142.323
-78.443	-32.205	142.371
-78.468	-32.198	142.324
-78.474	-32.208	142.369
-78.460	-32.214	142.359
-78.448	-32.231	142.348
-78.436	-32.201	142.327
-78.429	-32.221	142.343
-78.438	-32.246	142.376
-78.479	-32.230	142.373
-78.436	-32.244	142.348
-78.466	-32.193	142.326
-78.472	-32.209	142.348
-78.454	-32.226	142.362
-78.450	-32.218	142.392
-78.433	-32.206	142.297
-78.462	-32.203	142.355
-78.477	-32.184	142.371
-78.450	-32.253	142.403
-78.434	-32.203	142.279
-78.467	-32.218	142.320
-78.440	-32.206	142.358
-78.457	-32.185	142.337
-78.434	-32.221	142.363
-78.470	-32.218	142.311
-78.447	-32.219	142.341
-78.431	-32.219	142.345
-78.444	-32.198	142.303
-78.452	-32.190	142.303
-78.458	-32.200	142.361
-78.450	-32.234	142.365
-78.447	-32.190	142.311
-78.465	-32.229	142.344
-78.471	-32.205	142.330
-78.463	-32.217	142.356
-78.465	-32.222	142.374
-78.428	-32.194	142.350
-78.446	-32.202	142.381
-78.432	-32.203	142.326
-78.482	-32.240	142.399
-78.450	-32.224	142.373
-78.450	-32.203	142.342
-78.450	-32.216	142.359
-78.438	-32.212	142.389
-78.463	-32.241	142.408
-78.427	-32.232	142.371
-78.462	-32.221	142.357
-78.437	-32.207	142.360
-78.471	-32.191	142.342
-78.449	-32.213	142.347
-78.445	-32.197	142.361
-78.451	-32.208	142.362
-78.454	-32.218	142.364
-78.435	-32.193	142.303
-78.462	-32.209	142.358
-78.459	-32.211	142.353
-78.462	-32.224	142.376
-78.446	-32.205	142.323
-78.445	-32.191	142.354
-78.450	-32.231	142.360
-78.427	-32.224	142.344
-78.453	-32.195	142.323
-78.454	-32.224	142.350
-78.449	-32.215	142.363
-78.443	-32.208	142.317
-78.474	-32.240	142.407
-78.474	-32.188	142.306
-78.469	-32.193	142.310
-78.430	-32.190	142.325
-78.453	-32.244	142.368
-78.438	-32.232	142.370
-78.431	-32.183	142.280
-78.471	-32.214	142.333
-78.482	-32.189	142.319
-78.457	-32.227	142.375
-78.463	-32.218	142.406
-78.443	-32.183	142.299
-78.464	-32.199	142.331
-78.451	-32.198	142.317
-78.425	-32.214	142.354
-78.485	-32.231	142.414
-78.463	-32.192	142.274
-78.480	-32.236	142.361
-78.468	-32.211	142.399
-78.433	-32.212	142.341
-78.451	-32.217	142.364
-78.450	-32.204	142.378
-78.468	-32.201	142.314
-78.448	-32.215	142.380
-78.466	-32.225	142.419
-78.452	-32.255	142.388
-78.447	-32.194	142.341
-78.455	-32.209	142.378
-78.430	-32.183	142.292
-78.459	-32.210	142.327
-78.469	-32.196	142.323
-78.456	-32.199	142.308
-78.463	-32.170	142.327
-78.459	-32.229	142.346
-78.429	-32.231	142.357
-78.465	-32.215	142.346
-78.455	-32.232	142.408
-78.461	-32.222	142.333
-78.457	-32.210	142.344
-78.441	-32.241	142.376
-78.469	-32.224	142.385
-78.449	-32.219	142.369
-78.433	-32.216	142.333
-78.464	-32.244	142.385
-78.423	-32.201	142.379
-78.436	-32.190	142.375
-78.463	-32.181	142.293
-78.459	-32.209	142.391
-78.425	-32.201	142.328
-78.450	-32.227	142.347
-78.466	-32.206	142.393
-78.457	-32.222	142.352
-78.444	-32.200	142.335
-78.462	-32.241	142.378
-78.434	-32.200	142.312
-78.448	-32.207	142.336
-78.436	-32.200	142.357
-78.469	-32.218	142.408
-78.460	-32.167	142.322
-78.451	-32.180	142.368
-78.463	-32.207	142.310
-78.450	-32.203	142.355
-78.454	-32.238	142.368
-78.418	-32.201	142.375
-78.473	-32.236	142.413
-78.468	-32.228	142.351
-78.465	-32.214	142.394
-78.449	-32.215	142.377
-78.473	-32.171	142.264
-78.447	-32.231	142.395
-78.484	-32.197	142.306
-78.439	-32.215	142.394
-78.456	-32.215	142.384
-78.480	-32.233	142.382
-78.439	-32.207	142.350
-78.472	-32.190	142.299
-78.449	-32.199	142.352
-78.450	-32.216	142.329
-78.489	-32.213	142.344
-78.441	-32.210	142.326
-78.458	-32.222	142.388
-78.478	-32.188	142.352
-78.447	-32.181	142.353
-78.439	-32.218	142.355
-78.439	-32.204	142.339
-78.445	-32.205	142.349
-78.432	-32.200	142.349
-78.431	-32.222	142.326
-78.452	-32.214	142.343
-78.468	-32.207	142.359
-78.467	-32.210	142.350
-78.471	-32.213	142.402
-78.470	-32.200	142.390
-78.417	-32.195	142.313
-78.446	-32.228	142.384
-78.461	-32.231	142.398
-78.472	-32.201	142.374
-78.441	-32.203	142.321
-78.457	-32.231	142.331
-78.426	-32.221	142.351
-78.458	-32.224	142.346
-78.439	-32.215	142.387
-78.432	-32.197	142.342
-78.447	-32.212	142.311
-78.439	-32.204	142.336
-78.437	-32.197	142.326
-78.454	-32.225	142.313
-78.437	-32.230	142.359
-78.433	-32.230	142.371
-78.465	-32.188	142.316
-78.447	-32.195	142.328
-78.455	-32.199	142.323
-78.453	-32.223	142.383
-78.456	-32.225	142.350
-78.450	-32.210	142.309
-78.439	-32.243	142.400
-78.445	-32.188	142.324
-78.419	-32.222	142.350
-78.449	-32.220	142.335
-78.442	-32.218	142.390
-78.448	-32.185	142.310
-78.441	-32.213	142.373
-78.435	-32.216	142.360
-78.453	-32.215	142.319
-78.462	-32.192	142.362
-78.466	-32.199	142.308
-78.430	-32.196	142.316
-78.454	-32.199	142.319
-78.448	-32.216	142.355
-78.440	-32.184	142.314
-78.438	-32.192	142.331
-78.440	-32.233	142.361
-78.445	-32.206	142.381
-78.446	-32.236	142.371
-78.465	-32.212	142.330
-78.446	-32.254	142.362
-78.463	-32.236	142.380
-78.457	-32.214	142.343
-78.454	-32.236	142.393
-78.445	-32.205	142.318
-78.444	-32.189	142.297
-78.476	-32.187	142.330
-78.463	-32.232	142.385
-78.476	-32.195	142.335
-78.460	-32.206	142.329
-78.424	-32.208	142.357
-78.460	-32.239	142.375
-78.459	-32.204	142.318
-78.438	-32.207	142.380
-78.456	-32.207	142.318
-78.456	-32.195	142.329
-78.479	-32.217	142.337
-78.465	-32.218	142.375
-78.474	-32.259	142.409
-78.438	-32.206	142.353
-78.454	-32.187	142.331
-78.452	-32.216	142.351
-78.468	-32.211	142.363
-78.448	-32.214	142.377
-78.466	-32.201	142.344
-78.475	-32.193	142.324
-78.447	-32.209	142.403
-78.439	-32.190	142.295
-78.438	-32.233	142.359
-78.469	-32.220	142.384
-78.472	-32.229	142.355
-78.464	-32.213	142.384
-78.434	-32.225	142.311
-78.451	-32.215	142.363
-78.445	-32.220	142.389
-78.466	-32.199	142.328
-78.460	-32.214	142.368
-78.452	-32.220	142.331
-78.468	-32.221	142.342
-78.476	-32.231	142.384
-78.462	-32.190	142.368
-78.434	-32.188	142.353
-78.421	-32.185	142.339
-78.460	-32.213	142.314
-78.443	-32.218	142.349
-78.457	-32.212	142.305
-78.450	-32.185	142.332
-78.444	-32.204	142.326
-78.423	-32.222	142.351
-78.445	-32.218	142.398
-78.462	-32.240	142.356
-78.448	-32.207	142.340
-78.428	-32.213	142.354
-78.469	-32.224	142.361
-78.433	-32.197	142.395
-78.447	-32.235	142.330
-78.438	-32.209	142.353
-78.478	-32.217	142.369
-78.444	-32.186	142.333
-78.466	-32.218	142.345
-78.451	-32.222	142.350
-78.423	-32.205	142.357
-78.452	-32.219	142.384
-78.450	-32.235	142.328
-78.429	-32.183	142.344
-78.440	-32.203	142.312
-78.437	-32.177	142.306
-78.434	-32.228	142.357
-78.429	-32.220	142.317
-78.456	-32.197	142.346
-78.454	-32.218	142.356
-78.464	-32.236	142.373
-78.444	-32.187	142.312
-78.463	-32.191	142.311
-78.464	-32.235	142.351
-78.455	-32.243	142.350
-78.445	-32.177	142.280
-78.439	-32.209	142.321
-78.484	-32.245	142.422
-78.443	-32.218	142.390
-78.439	-32.179	142.322
-78.450	-32.210	142.373
-78.453	-32.218	142.368
-78.432	-32.226	142.423
-78.448	-32.225	142.350
-78.427	-32.218	142.317
-78.439	-32.211	142.301
-78.434	-32.196	142.318
-78.466	-32.221	142.374
-78.429	-32.200	142.335
-78.455	-32.197	142.309
-78.454	-32.204	142.347
-78.454	-32.190	142.327
-78.447	-32.198	142.377
-78.468	-32.182	142.297
-78.449	-32.235	142.372
-78.438	-32.225	142.376
-78.445	-32.178	142.309
-78.444	-32.219	142.379
-78.459	-32.209	142.366
-78.455	-32.223	142.388
-78.459	-32.202	142.334
-78.449	-32.217	142.402
-78.482	-32.215	142.376
-78.447	-32.231	142.341
-78.451	-32.232	142.337
-78.459	-32.202	142.348
-78.447	-32.210	142.379
-78.455	-32.242	142.366
-78.462	-32.209	142.331
-78.479	-32.194	142.339
-78.468	-32.185	142.335
-78.459	-32.237	142.395
-78.464	-32.172	142.294
-78.461	-32.200	142.355
-78.451	-32.241	142.417
-78.452	-32.238	142.414
-78.459	-32.215	142.378
-78.464	-32.216	142.384
-78.449	-32.213	142.324
-78.459	-32.227	142.389
-78.435	-32.225	142.365
-78.461	-32.230	142.369
-78.452	-32.228	142.391
-78.455	-32.188	142.314
-78.434	-32.186	142.328
-78.439	-32.247	142.352
-78.438	-32.187	142.352
-78.451	-32.194	142.354
-78.437	-32.187	142.314
-78.428	-32.198	142.328
-78.460	-32.241	142.382
-78.439	-32.198	142.325
-78.466	-32.211	142.293
-78.422	-32.192	142.340
-78.475	-32.206	142.383
-78.455	-32.212	142.363
-78.472	-32.243	142.398
-78.443	-32.216	142.351
-78.465	-32.209	142.377
-78.448	-32.221	142.331
-78.466	-32.198	142.342
-78.452	-32.216	142.359
-78.456	-32.215	142.344
-78.450	-32.237	142.366
-78.431	-32.227	142.375
-78.456	-32.203	142.343
-78.442	-32.212	142.324
-78.442	-32.227	142.370
-78.417	-32.215	142.404
-78.467	-32.242	142.405
-78.436	-32.217	142.365
-78.436	-32.209	142.375
-78.454	-32.219	142.319
-78.457	-32.210	142.303
-78.427	-32.226	142.329
-78.440	-32.194	142.357
-78.465	-32.206	142.343
-78.448	-32.198	142.323
-78.477	-32.215	142.406
-78.455	-32.204	142.391
-78.459	-32.203	142.322
-78.449	-32.199	142.342
-78.463	-32.211	142.329
-78.434	-32.210	142.349
-78.473	-32.216	142.348
-78.468	-32.212	142.349
-78.435	-32.218	142.389
-78.474	-32.200	142.374
-78.440	-32.217	142.334
-78.452	-32.221	142.352
-78.429	-32.201	142.340
-78.439	-32.207	142.378
-78.464	-32.237	142.393
-78.466	-32.193	142.335
-78.463	-32.207	142.360
-78.437	-32.211	142.355
-78.445	-32.209	142.354
-78.453	-32.222	142.359
-78.480	-32.233	142.358
-78.460	-32.228	142.412
-78.439	-32.211	142.327
-78.475	-32.253	142.430
-78.459	-32.213	142.347
-78.435	-32.224	142.344
-78.429	-32.211	142.353
-78.472	-32.246	142.426
-78.445	-32.203	142.337
-78.452	-32.183	142.303
-78.435	-32.194	142.370
-78.436	-32.214	142.340
-78.469	-32.193	142.289
-78.460	-32.218	142.373
-78.457	-32.193	142.345
-78.458	-32.210	142.374
-78.466	-32.220	142.360
-78.461	-32.205	142.350
-78.453	-32.204	142.358
-78.432	-32.181	142.310
-78.471	-32.214	142.349
-78.437	-32.210	142.342
-78.462	-32.217	142.360
-78.436	-32.218	142.324
-78.415	-32.161	142.266
-78.442	-32.202	142.325
-78.429	-32.197	142.324
-78.456	-32.196	142.358
-78.463	-32.219	142.346
-78.449	-32.201	142.328
-78.474	-32.227	142.381
-78.455	-32.196	142.336
-78.448	-32.217	142.332
-78.440	-32.209	142.315
-78.468	-32.196	142.324
-78.445	-32.215	142.309
-78.439	-32.191	142.319
-78.439	-32.212	142.360
-78.456	-32.195	142.343
-78.464	-32.217	142.326
-78.458	-32.182	142.297
-78.463	-32.170	142.341
-78.453	-32.188	142.359
-78.450	-32.212	142.319
-78.459	-32.223	142.351
-78.456	-32.185	142.304
-78.454	-32.185	142.312
-78.430	-32.216	142.330
-78.440	-32.219	142.320
-78.472	-32.193	142.348
-78.428	-32.212	142.343
-78.447	-32.194	142.282
-78.445	-32.251	142.424
-78.440	-32.230	142.404
-78.446	-32.210	142.328
-78.448	-32.196	142.328
-78.447	-32.204	142.333
-78.445	-32.201	142.343
-78.445	-32.202	142.287
-78.469	-32.218	142.347
-78.444	-32.205	142.307
-78.425	-32.224	142.361
-78.446	-32.206	142.304
-78.446	-32.187	142.347
-78.466	-32.219	142.388
-78.452	-32.224	142.388
-78.475	-32.202	142.394
-78.457	-32.228	142.375
-78.453	-32.204	142.338
-78.450	-32.217	142.347
-78.449	-32.210	142.357
-78.470	-32.218	142.397
-78.473	-32.190	142.318
-78.487	-32.234	142.369
-78.462	-32.232	142.390
-78.446	-32.217	142.385
-78.438	-32.175	142.336
-78.453	-32.188	142.344
-78.450	-32.207	142.316
-78.468	-32.232	142.351
-78.455	-32.225	142.308
-78.428	-32.208	142.351
-78.442	-32.198	142.352
-78.443	-32.190	142.331
-78.472	-32.214	142.388
-78.452	-32.207	142.337
-78.454	-32.206	142.392
-78.443	-32.211	142.369
-78.452	-32.227	142.388
-78.443	-32.218	142.333
-78.444	-32.217	142.326
-78.462	-32.236	142.340
-78.439	-32.202	142.364
-78.428	-32.228	142.355
-78.461	-32.181	142.359
-78.428	-32.218	142.350
-78.390	-32.230	142.361
-78.452	-32.231	142.407
-78.435	-32.224	142.386
-78.444	-32.204	142.283
-78.440	-32.194	142.375
-78.453	-32.204	142.367
-78.464	-32.237	142.435
-78.431	-32.191	142.320
-78.410	-32.216	142.347
-78.432	-32.209	142.388
-78.453	-32.234	142.353
-78.452	-32.221	142.383
-78.452	-32.200	142.354
-78.432	-32.221	142.299
-78.470	-32.221	142.295
-78.460	-32.198	142.327
-78.445	-32.182	142.256
-78.466	-32.201	142.348
-78.436	-32.215	142.337
-78.428	-32.192	142.287
-78.446	-32.180	142.303
-78.425	-32.221	142.367
-78.448	-32.207	142.346
-78.424	-32.199	142.325
-78.436	-32.219	142.348
-78.431	-32.218	142.388
-78.457	-32.202	142.345
-78.441	-32.218	142.373
-78.451	-32.234	142.371
-78.431	-32.200	142.315
-78.430	-32.241	142.369
-78.451	-32.189	142.350
-78.427	-32.206	142.331
-78.448	-32.221	142.361
-78.472	-32.195	142.340
-78.441	-32.204	142.312
-78.442	-32.233	142.352
-78.471	-32.224	142.371
-78.451	-32.212	142.383
-78.455	-32.206	142.321
-78.447	-32.202	142.363
-78.435	-32.213	142.328
-78.444	-32.208	142.305
-78.465	-32.205	142.368
-78.438	-32.210	142.371
-78.436	-32.204	142.377
-78.424	-32.206	142.295
-78.421	-32.200	142.330
-78.448	-32.223	142.394
-78.441	-32.196	142.320
-78.462	-32.202	142.308
-78.464	-32.217	142.445
-78.437	-32.210	142.387
-78.455	-32.211	142.342
-78.439	-32.201	142.315
-78.432	-32.233	142.338
-78.465	-32.234	142.396
-78.467	-32.208	142.341
-78.462	-32.205	142.347
-78.439	-32.196	142.378
-78.439	-32.201	142.357
-78.474	-32.188	142.347
-78.417	-32.211	142.332
-78.454	-32.204	142.315
-78.428	-32.218	142.309
-78.466	-32.216	142.350
-78.431	-32.192	142.320
-78.440	-32.205	142.328
-78.477	-32.177	142.355
-78.443	-32.196	142.386
-78.456	-32.195	142.323
-78.452	-32.216	142.345
-78.453	-32.214	142.364
-78.440	-32.207	142.353
-78.450	-32.209	142.386
-78.429	-32.204	142.282
-78.458	-32.217	142.371
-78.479	-32.218	142.360
-78.460	-32.219	142.405
-78.443	-32.222	142.381
-78.441	-32.181	142.301
-78.439	-32.211	142.366
-78.443	-32.206	142.366
-78.444	-32.210	142.359
-78.445	-32.214	142.369
-78.440	-32.194	142.341
-78.436	-32.184	142.314
-78.441	-32.207	142.328
-78.446	-32.232	142.331
-78.469	-32.217	142.318
-78.478	-32.215	142.311
-78.485	-32.211	142.321
-78.449	-32.229	142.356
-78.438	-32.221	142.356
-78.452	-32.222	142.342
-78.438	-32.209	142.338
-78.434	-32.228	142.344
-78.436	-32.216	142.396
-78.473	-32.221	142.354
-78.443	-32.213	142.392
-78.476	-32.217	142.351
-78.437	-32.221	142.305
-78.424	-32.230	142.357
-78.455	-32.168	142.292
-78.441	-32.193	142.312
-78.449	-32.213	142.363
-78.466	-32.236	142.370
-78.461	-32.184	142.332
-78.449	-32.185	142.327
-78.447	-32.210	142.355
-78.433	-32.215	142.327
-78.457	-32.192	142.317
-78.461	-32.250	142.420
-78.450	-32.193	142.325
-78.439	-32.233	142.355
-78.437	-32.217	142.365
-78.461	-32.201	142.313
-78.451	-32.209	142.316
-78.453	-32.188	142.337
-78.433	-32.213	142.365
-78.465	-32.219	142.369
-78.458	-32.189	142.258
-78.423	-32.172	142.359
-78.421	-32.209	142.340
-78.438	-32.245	142.388
-78.467	-32.211	142.381
-78.464	-32.208	142.356
-78.458	-32.222	142.374
-78.447	-32.220	142.350
-78.462	-32.231	142.362
-78.432	-32.196	142.361
-78.446	-32.201	142.319
-78.458	-32.229	142.415
-78.463	-32.227	142.365
-78.457	-32.195	142.327
-78.442	-32.190	142.319
-78.446	-32.234	142.339
-78.456	-32.228	142.371
-78.429	-32.197	142.320
-78.453	-32.189	142.304
-78.484	-32.202	142.398
-78.458	-32.216	142.343
-78.465	-32.216	142.380
-78.453	-32.194	142.321
-78.443	-32.187	142.360
-78.467	-32.176	142.297
-78.446	-32.213	142.367
-78.428	-32.197	142.347
-78.451	-32.210	142.347
-78.411	-32.176	142.311
-78.424	-32.187	142.347
-78.451	-32.162	142.315
-78.434	-32.199	142.337
-78.455	-32.209	142.376
-78.451	-32.196	142.327
-78.448	-32.199	142.306
-78.456	-32.237	142.384
-78.422	-32.214	142.347
-78.436	-32.222	142.338
-78.436	-32.213	142.333
-78.430	-32.221	142.382
-78.449	-32.194	142.327
-78.420	-32.196	142.298
-78.463	-32.195	142.341
-78.439	-32.191	142.353
-78.452	-32.171	142.302
-78.415	-32.189	142.339
-78.424	-32.241	142.362
-78.446	-32.228	142.404
-78.441	-32.220	142.332
-78.443	-32.201	142.367
-78.462	-32.183	142.343
-78.463	-32.203	142.364
-78.478	-32.216	142.369
-78.448	-32.206	142.336
-78.454	-32.197	142.330
-78.466	-32.246	142.442
-78.447	-32.210	142.331
-78.444	-32.222	142.409
-78.424	-32.182	142.284
-78.425	-32.214	142.371
-78.442	-32.228	142.421
-78.455	-32.173	142.320
-78.465	-32.204	142.351
-78.434	-32.209	142.334
-78.443	-32.204	142.343
-78.431	-32.190	142.337
-78.459	-32.183	142.318
-78.414	-32.234	142.331
-78.440	-32.209	142.326
-78.456	-32.203	142.327
-78.460	-32.247	142.401
-78.447	-32.219	142.375
-78.448	-32.191	142.334
-78.453	-32.202	142.310
-78.439	-32.197	142.361
-78.460	-32.188	142.348
-78.436	-32.205	142.344
-78.445	-32.200	142.304
-78.450	-32.191	142.306
-78.451	-32.229	142.351
-78.439	-32.217	142.364
-78.448	-32.215	142.357
-78.437	-32.195	142.302
-78.456	-32.175	142.319
-78.456	-32.215	142.337
-78.423	-32.176	142.302
-78.445	-32.210	142.334
-78.413	-32.214	142.344
-78.436	-32.202	142.348
-78.475	-32.232	142.367
-78.447	-32.228	142.379
-78.429	-32.212	142.342
-78.451	-32.244	142.363
-78.448	-32.195	142.335
-78.451	-32.203	142.342
-78.440	-32.210	142.324
-78.453	-32.226	142.375
-78.450	-32.218	142.342
-78.453	-32.203	142.339
-78.434	-32.201	142.338
-78.440	-32.213	142.391
-78.458	-32.234	142.366
-78.442	-32.187	142.332
-78.425	-32.218	142.300
-78.461	-32.212	142.348
-78.436	-32.213	142.325
-78.466	-32.199	142.338
-78.477	-32.217	142.334
-78.451	-32.225	142.383
-78.468	-32.200	142.328
-78.461	-32.227	142.405
-78.454	-32.225	142.337
-78.455	-32.225	142.384
-78.455	-32.213	142.314
-78.482	-32.212	142.359
-78.469	-32.186	142.345
-78.436	-32.220	142.347
-78.458	-32.216	142.326
-78.455	-32.234	142.400
-78.444	-32.189	142.341
-78.463	-32.215	142.433
-78.452	-32.212	142.322
-78.451	-32.232	142.359
-78.424	-32.221	142.380
-78.450	-32.233	142.406
-78.450	-32.189	142.295
-78.460	-32.208	142.334
-78.424	-32.222	142.317
-78.461	-32.227	142.412
-78.461	-32.232	142.376
-78.424	-32.216	142.363
-78.458	-32.211	142.369
-78.426	-32.211	142.408
-78.450	-32.226	142.353
-78.449	-32.247	142.390
-78.429	-32.211	142.326
-78.449	-32.212	142.315
-78.450	-32.207	142.343
-78.459	-32.231	142.363
-78.438	-32.204	142.313
-78.485	-32.201	142.349
-78.448	-32.238	142.367
-78.486	-32.229	142.360
-78.469	-32.215	142.363
-78.443	-32.209	142.356
-78.458	-32.240	142.426
-78.426	-32.190	142.327
-78.441	-32.208	142.335
-78.443	-32.203	142.381
-78.426	-32.218	142.382
-78.453	-32.200	142.344
-78.446	-32.216	142.329
-78.449	-32.219	142.356
-78.467	-32.199	142.369
-78.455	-32.195	142.402
-78.461	-32.196	142.351
-78.452	-32.238	142.385
-78.461	-32.227	142.393
-78.439	-32.197	142.294
-78.447	-32.209	142.332
-78.433	-32.259	142.385
-78.451	-32.221	142.357
-78.443	-32.216	142.358
-78.435	-32.211	142.315
-78.451	-32.224	142.323
-78.467	-32.237	142.382
-78.459	-32.191	142.369
-78.450	-32.234	142.377
-78.443	-32.203	142.384
-78.441	-32.223	142.331
-78.451	-32.208	142.355
-78.449	-32.228	142.356
-78.431	-32.219	142.390
-78.461	-32.232	142.369
-78.476	-32.234	142.381
-78.472	-32.190	142.323
-78.444	-32.215	142.325
-78.444	-32.238	142.358
-78.457	-32.211	142.307
-78.420	-32.197	142.311
-78.439	-32.206	142.370
-78.445	-32.214	142.362
-78.464	-32.220	142.356
-78.464	-32.193	142.359
-78.455	-32.235	142.388
-78.471	-32.190	142.310
-78.442	-32.245	142.380
-78.437	-32.226	142.373
-78.434	-32.191	142.329
-78.451	-32.210	142.347
-78.422	-32.200	142.303
-78.452	-32.212	142.362
-78.426	-32.225	142.336
-78.465	-32.213	142.331
-78.447	-32.209	142.328
-78.433	-32.191	142.337
-78.485	-32.223	142.339
-78.455	-32.253	142.411
-78.419	-32.202	142.365
-78.445	-32.235	142.394
-78.440	-32.242	142.414
-78.438	-32.234	142.366
-78.460	-32.210	142.344
-78.453	-32.219	142.398
-78.406	-32.213	142.343
-78.462	-32.229	142.367
-78.435	-32.246	142.380
-78.449	-32.229	142.331
-78.448	-32.217	142.399
-78.443	-32.217	142.353
-78.442	-32.238	142.381
-78.443	-32.223	142.367
-78.463	-32.198	142.361
-78.458	-32.191	142.332
-78.440	-32.204	142.352
-78.445	-32.206	142.363
-78.471	-32.211	142.381
-78.426	-32.212	142.355
-78.478	-32.243	142.407
-78.445	-32.226	142.369
-78.433	-32.243	142.344
-78.451	-32.201	142.311
-78.438	-32.200	142.346
-78.431	-32.222	142.354
-78.454	-32.205	142.387
-78.449	-32.166	142.346
-78.460	-32.206	142.331
-78.427	-32.208	142.348
-78.454	-32.188	142.352
-78.430	-32.208	142.387
-78.429	-32.221	142.338
-78.433	-32.214	142.338
-78.453	-32.198	142.352
-78.466	-32.218	142.331
-78.483	-32.199	142.339
-78.453	-32.241	142.407
-78.460	-32.219	142.391
-78.444	-32.203	142.337
-78.460	-32.199	142.328
-78.469	-32.227	142.352
-78.454	-32.201	142.381
-78.439	-32.205	142.341
-78.448	-32.198	142.375
-78.457	-32.242	142.409
-78.411	-32.186	142.346
-78.445	-32.216	142.380
-78.453	-32.207	142.335
-78.440	-32.194	142.352
-78.453	-32.215	142.338
-78.430	-32.202	142.357
-78.450	-32.218	142.376
-78.431	-32.227	142.344
-78.432	-32.213	142.376
-78.453	-32.211	142.355
-78.422	-32.210	142.351
-78.445	-32.196	142.337
-78.433	-32.210	142.299
-78.441	-32.219	142.380
-78.429	-32.216	142.344
-78.436	-32.215	142.367
-78.443	-32.194	142.362
-78.447	-32.236	142.356
-78.442	-32.192	142.394
-78.435	-32.221	142.375
-78.449	-32.184	142.280
-78.434	-32.196	142.404
-78.452	-32.175	142.326
-78.456	-32.192	142.319
-78.470	-32.228	142.385
-78.471	-32.235	142.364
-78.457	-32.228	142.325
-78.419	-32.238	142.354
-78.430	-32.223	142.379
-78.461	-32.224	142.380
-78.476	-32.218	142.349
-78.444	-32.211	142.344
-78.440	-32.189	142.313
-78.453	-32.259	142.414
-78.457	-32.217	142.338
-78.455	-32.226	142.398
-78.514	-32.209	142.356
-78.475	-32.241	142.347
-78.436	-32.231	142.419
-78.451	-32.203	142.303
-78.454	-32.203	142.426
-78.450	-32.234	142.372
-78.413	-32.237	142.387
-78.459	-32.213	142.338
-78.449	-32.198	142.333
-78.440	-32.216	142.387
-78.457	-32.216	142.404
-78.444	-32.229	142.337
-78.435	-32.211	142.350
-78.481	-32.207	142.323
-78.439	-32.176	142.304
-78.449	-32.170	142.307
-78.439	-32.215	142.391
-78.476	-32.233	142.401
-78.437	-32.226	142.351
-78.452	-32.218	142.392
-78.446	-32.205	142.350
-78.454	-32.240	142.403
-78.430	-32.212	142.393
-78.467	-32.232	142.406
-78.438	-32.208	142.352
-78.440	-32.195	142.365
-78.429	-32.226	142.388
-78.460	-32.202	142.326
-78.472	-32.238	142.391
-78.444	-32.196	142.343
-78.450	-32.229	142.423
-78.431	-32.216	142.353
-78.428	-32.188	142.371
-78.450	-32.190	142.285
-78.456	-32.189	142.319
-78.451	-32.209	142.367
-78.453	-32.223	142.374
-78.459	-32.233	142.368
-78.447	-32.219	142.325
-78.439	-32.210	142.364
-78.434	-32.234	142.411
-78.468	-32.202	142.335
-78.457	-32.149	142.280
-78.447	-32.218	142.355
-78.455	-32.224	142.401
-78.483	-32.226	142.357
-78.477	-32.209	142.320
-78.455	-32.245	142.399
-78.435	-32.196	142.365
-78.443	-32.214	142.343
-78.439	-32.191	142.304
-78.474	-32.213	142.387
-78.450	-32.195	142.317
-78.436	-32.228	142.338
-78.451	-32.219	142.403
-78.434	-32.202	142.303
-78.473	-32.228	142.403
-78.439	-32.203	142.355
-78.431	-32.237	142.395
-78.440	-32.181	142.314
-78.452	-32.208	142.356
-78.468	-32.226	142.405
-78.452	-32.227	142.390
-78.436	-32.227	142.338
-78.416	-32.219	142.391
-78.469	-32.184	142.322
-78.437	-32.224	142.344
-78.446	-32.229	142.355
-78.442	-32.183	142.300
-78.475	-32.214	142.332
-78.477	-32.234	142.388
-78.468	-32.221	142.370
-78.422	-32.177	142.331
-78.458	-32.224	142.401
-78.441	-32.221	142.331
-78.451	-32.219	142.372
-78.477	-32.197	142.343
-78.467	-32.217	142.441
-78.433	-32.195	142.305
-78.461	-32.225	142.297
-78.462	-32.217	142.371
-78.437	-32.223	142.377
-78.456	-32.212	142.393
-78.443	-32.218	142.332
-78.468	-32.191	142.350
-78.439	-32.254	142.384
-78.440	-32.204	142.330
-78.461	-32.173	142.290
-78.439	-32.205	142.291
-78.468	-32.253	142.397
-78.485	-32.194	142.311
-78.448	-32.209	142.349
-78.426	-32.194	142.388
-78.454	-32.222	142.380
-78.447	-32.192	142.310
-78.453	-32.225	142.382
-78.469	-32.214	142.364
-78.441	-32.201	142.308
-78.432	-32.213	142.367
-78.459	-32.215	142.360
-78.444	-32.189	142.329
-78.486	-32.207	142.356
-78.451	-32.186	142.349
-78.440	-32.206	142.379
-78.454	-32.221	142.380
-78.451	-32.234	142.419
-78.452	-32.241	142.403
-78.451	-32.235	142.359
-78.479	-32.220	142.372
-78.457	-32.209	142.362
-78.440	-32.201	142.339
-78.442	-32.198	142.374
-78.452	-32.211	142.375
-78.461	-32.187	142.377
-78.430	-32.218	142.386
-78.462	-32.209	142.342
-78.432	-32.202	142.323
-78.448	-32.206	142.278
-78.424	-32.221	142.358
-78.460	-32.209	142.317
-78.452	-32.204	142.343
-78.470	-32.190	142.346
-78.429	-32.219	142.397
-78.461	-32.188	142.371
-78.446	-32.211	142.356
-78.439	-32.190	142.325
-78.430	-32.221	142.407
-78.423	-32.192	142.298
-78.458	-32.218	142.359
-78.451	-32.179	142.299
-78.450	-32.200	142.362
-78.453	-32.197	142.343
-78.431	-32.206	142.344
-78.457	-32.232	142.388
-78.476	-32.197	142.303
-78.467	-32.208	142.348
-78.474	-32.218	142.376
-78.448	-32.202	142.351
-78.466	-32.220	142.369
-78.418	-32.236	142.347
-78.425	-32.177	142.299
-78.439	-32.200	142.323
-78.454	-32.204	142.350
-78.425	-32.228	142.348
-78.500	-32.213	142.312
-78.474	-32.225	142.373
-78.451	-32.218	142.391
-78.429	-32.196	142.308
-78.434	-32.200	142.357
-78.451	-32.204	142.343
-78.449	-32.183	142.297
-78.439	-32.181	142.282
-78.464	-32.216	142.380
-78.447	-32.231	142.402
-78.447	-32.215	142.328
-78.437	-32.230	142.398
-78.454	-32.226	142.367
-78.454	-32.197	142.328
-78.425	-32.203	142.306
-78.434	-32.175	142.346
-78.439	-32.199	142.304
-78.428	-32.200	142.322
-78.466	-32.232	142.372
-78.455	-32.216	142.374
-78.463	-32.224	142.380
-78.453	-32.227	142.369
-78.450	-32.230	142.354
-78.425	-32.221	142.400
-78.455	-32.183	142.321
-78.469	-32.235	142.380
-78.455	-32.224	142.390
-78.430	-32.245	142.402
-78.451	-32.190	142.325
-78.454	-32.258	142.385
-78.416	-32.196	142.370
-78.466	-32.204	142.338
-78.442	-32.224	142.328
-78.456	-32.253	142.403
-78.474	-32.232	142.371
-78.427	-32.222	142.414
-78.454	-32.194	142.316
-78.447	-32.241	142.406
-78.423	-32.240	142.356
-78.446	-32.195	142.339
-78.460	-32.197	142.355
-78.448	-32.213	142.309
-78.459	-32.207	142.355
-78.437	-32.207	142.298
-78.466	-32.222	142.361
-78.451	-32.211	142.354
-78.450	-32.199	142.395
-78.464	-32.196	142.325
-78.449	-32.233	142.355
-78.465	-32.211	142.352
-78.462	-32.224	142.397
-78.443	-32.195	142.364
-78.450	-32.221	142.366
-78.429	-32.222	142.309
-78.465	-32.253	142.444
-78.439	-32.242	142.387
-78.441	-32.205	142.332
-78.462	-32.202	142.303
-78.451	-32.199	142.341
-78.441	-32.230	142.405
-78.465	-32.211	142.383
-78.434	-32.203	142.342
-78.451	-32.210	142.340
-78.465	-32.208	142.399
-78.477	-32.207	142.371
-78.448	-32.215	142.356
-78.448	-32.195	142.259
-78.442	-32.230	142.333
-78.431	-32.193	142.289
-78.470	-32.205	142.367
-78.434	-32.194	142.333
-78.426	-32.228	142.345
-78.449	-32.186	142.347
-78.442	-32.219	142.348
-78.444	-32.212	142.362
-78.455	-32.226	142.376
-78.440	-32.227	142.410
-78.444	-32.225	142.382
-78.434	-32.208	142.333
-78.469	-32.200	142.312
-78.474	-32.231	142.349
-78.447	-32.193	142.360
-78.460	-32.217	142.366
-78.451	-32.218	142.349
-78.446	-32.207	142.311
-78.426	-32.195	142.318
-78.448	-32.212	142.403
-78.453	-32.202	142.355
-78.471	-32.244	142.413
-78.431	-32.197	142.354
-78.448	-32.237	142.416
-78.450	-32.223	142.336
-78.450	-32.183	142.323
-78.467	-32.190	142.349
-78.465	-32.206	142.363
-78.431	-32.197	142.353
-78.425	-32.189	142.366
-78.464	-32.217	142.358
-78.478	-32.226	142.304
-78.454	-32.187	142.341
-78.447	-32.212	142.352
-78.464	-32.195	142.318
-78.442	-32.218	142.369
-78.455	-32.192	142.362
-78.449	-32.208	142.332
-78.444	-32.202	142.338
-78.433	-32.209	142.332
-78.454	-32.208	142.343
-78.434	-32.209	142.333
-78.447	-32.221	142.327
-78.448	-32.205	142.340
-78.449	-32.236	142.354
-78.454	-32.203	142.315
-78.437	-32.219	142.317
-78.464	-32.237	142.333
-78.465	-32.185	142.373
-78.484	-32.217	142.368
-78.465	-32.226	142.378
-78.454	-32.197	142.354
-78.453	-32.222	142.413
-78.462	-32.221	142.336
-78.444	-32.200	142.345
-78.449	-32.174	142.337
-78.444	-32.225	142.348
-78.432	-32.228	142.354
-78.455	-32.205	142.379
-78.450	-32.196	142.316
-78.432	-32.194	142.353
-78.425	-32.243	142.380
-78.436	-32.205	142.324
-78.456	-32.214	142.320
-78.453	-32.184	142.311
-78.464	-32.213	142.391
-78.446	-32.213	142.331
-78.451	-32.206	142.311
-78.432	-32.236	142.328
-78.445	-32.192	142.337
-78.469	-32.212	142.371
-78.455	-32.185	142.321
-78.467	-32.207	142.359
-78.434	-32.214	142.345
-78.433	-32.208	142.339
-78.440	-32.207	142.375
-78.431	-32.195	142.297
-78.446	-32.216	142.387
-78.449	-32.214	142.346
-78.450	-32.176	142.303
-78.467	-32.230	142.379
-78.439	-32.215	142.366
-78.465	-32.221	142.372
-78.456	-32.203	142.350
-78.436	-32.221	142.336
-78.481	-32.188	142.311
-78.443	-32.211	142.346
-78.451	-32.236	142.374
-78.471	-32.200	142.363
-78.460	-32.203	142.345
-78.436	-32.234	142.400
-78.447	-32.203	142.357
-78.440	-32.218	142.393
-78.458	-32.214	142.351
-78.449	-32.221	142.360
-78.441	-32.194	142.332
-78.445	-32.213	142.341
-78.446	-32.207	142.321
-78.433	-32.199	142.316
-78.465	-32.173	142.292
-78.433	-32.198	142.334
-78.404	-32.207	142.301
-78.451	-32.225	142.352
-78.434	-32.182	142.314
-78.450	-32.169	142.296
-78.449	-32.228	142.358
-78.455	-32.222	142.384
-78.421	-32.197	142.298
-78.452	-32.209	142.315
-78.443	-32.211	142.369
-78.460	-32.211	142.348
-78.455	-32.211	142.307
-78.434	-32.218	142.346
-78.449	-32.194	142.328
-78.418	-32.233	142.330
-78.457	-32.214	142.371
-78.451	-32.209	142.327
-78.438	-32.214	142.312
-78.442	-32.203	142.322
-78.438	-32.241	142.393
-78.433	-32.206	142.300
-78.443	-32.205	142.328
-78.434	-32.217	142.321
-78.434	-32.218	142.381
-78.461	-32.213	142.368
-78.428	-32.211	142.394
-78.440	-32.226	142.385
-78.454	-32.231	142.399
-78.460	-32.231	142.372
-78.457	-32.213	142.343
-78.441	-32.218	142.412
-78.467	-32.212	142.385
-78.431	-32.235	142.433
-78.485	-32.226	142.337
-78.442	-32.211	142.370
-78.444	-32.189	142.327
-78.457	-32.245	142.380
-78.440	-32.190	142.315
-78.430	-32.201	142.306
-78.436	-32.186	142.329
-78.475	-32.223	142.366
-78.457	-32.233	142.362
-78.468	-32.221	142.373
-78.445	-32.225	142.375
-78.432	-32.198	142.345
-78.455	-32.214	142.367
-78.459	-32.207	142.308
-78.462	-32.232	142.346
-78.449	-32.203	142.384
-78.453	-32.234	142.406
-78.477	-32.233	142.376
-78.472	-32.237	142.364
-78.439	-32.240	142.353
-78.432	-32.202	142.318
-78.451	-32.199	142.358
-78.456	-32.179	142.309
-78.444	-32.201	142.329
-78.451	-32.238	142.358
-78.440	-32.211	142.312
-78.437	-32.227	142.336
-78.438	-32.191	142.314
-78.449	-32.227	142.350
-78.426	-32.228	142.411
-78.461	-32.201	142.334
-78.444	-32.185	142.293
-78.471	-32.214	142.369
-78.432	-32.230	142.399
-78.468	-32.239	142.380
-78.447	-32.203	142.289
-78.442	-32.197	142.368
-78.445	-32.199	142.341
-78.450	-32.204	142.297
-78.444	-32.188	142.367
-78.450	-32.202	142.334
-78.443	-32.216	142.408
-78.457	-32.208	142.317
-78.452	-32.228	142.373
-78.435	-32.208	142.353
-78.457	-32.233	142.339
-78.474	-32.198	142.304
-78.467	-32.198	142.364
-78.447	-32.230	142.391
-78.422	-32.236	142.399
-78.440	-32.193	142.343
-78.475	-32.231	142.360
-78.463	-32.235	142.380
-78.461	-32.214	142.347
-78.451	-32.186	142.335
-78.452	-32.239	142.419
-78.430	-32.197	142.338
-78.470	-32.216	142.371
-78.428	-32.200	142.328
-78.458	-32.202	142.371
-78.464	-32.205	142.334
-78.468	-32.236	142.386
-78.445	-32.231	142.387
-78.448	-32.242	142.361
-78.440	-32.204	142.370
-78.441	-32.229	142.384
-78.445	-32.226	142.383
-78.455	-32.242	142.383
-78.457	-32.231	142.365
-78.454	-32.246	142.396
-78.441	-32.186	142.312
-78.436	-32.236	142.422
-78.484	-32.189	142.290
-78.444	-32.253	142.317
-78.454	-32.228	142.375
-78.467	-32.219	142.323
-78.444	-32.211	142.341
-78.458	-32.191	142.326
-78.459	-32.202	142.365
-78.421	-32.261	142.374
-78.443	-32.199	142.263
-78.450	-32.217	142.344
-78.456	-32.216	142.357
-78.442	-32.198	142.299
-78.447	-32.223	142.310
-78.463	-32.245	142.355
-78.433	-32.187	142.328
-78.483	-32.223	142.372
-78.441	-32.224	142.343
-78.465	-32.207	142.349
-78.442	-32.181	142.319
-78.421	-32.203	142.324
-78.453	-32.186	142.334
-78.465	-32.201	142.392
-78.465	-32.179	142.294
-78.441	-32.210	142.355
-78.419	-32.195	142.322
-78.448	-32.222	142.378
-78.462	-32.218	142.404
-78.461	-32.203	142.356
-78.434	-32.219	142.366
-78.433	-32.222	142.343
-78.449	-32.204	142.335
-78.447	-32.227	142.329
-78.434	-32.210	142.303
-78.446	-32.235	142.382
-78.438	-32.218	142.327
-78.447	-32.229	142.392
-78.443	-32.233	142.350
-78.464	-32.218	142.368
-78.445	-32.196	142.384
-78.446	-32.212	142.346
-78.429	-32.201	142.326
-78.446	-32.203	142.330
-78.429	-32.204	142.303
-78.429	-32.219	142.324
-78.468	-32.218	142.345
-78.446	-32.235	142.376
-78.422	-32.169	142.298
-78.462	-32.215	142.342
-78.447	-32.211	142.319
-78.429	-32.172	142.298
-78.437	-32.188	142.286
-78.461	-32.223	142.371
-78.414	-32.168	142.277
-78.466	-32.213	142.378
-78.432	-32.187	142.289
-78.454	-32.180	142.295
-78.445	-32.196	142.311
-78.460	-32.222	142.306
-78.481	-32.233	142.360
-78.441	-32.230	142.363
-78.456	-32.197	142.350
-78.444	-32.219	142.342
-78.456	-32.225	142.413
-78.443	-32.227	142.374
-78.443	-32.215	142.376
-78.448	-32.225	142.334
-78.439	-32.222	142.360
-78.428	-32.199	142.370
-78.456	-32.214	142.347
-78.442	-32.227	142.379
-78.448	-32.225	142.368
-78.457	-32.230	142.382
-78.426	-32.212	142.337
-78.451	-32.222	142.378
-78.449	-32.186	142.303
-78.448	-32.217	142.344
-78.469	-32.230	142.404
-78.462	-32.217	142.340
-78.437	-32.239	142.343
-78.467	-32.218	142.378
-78.451	-32.220	142.352
-78.446	-32.221	142.360
-78.440	-32.191	142.313
-78.462	-32.214	142.350
-78.452	-32.239	142.345
-78.453	-32.235	142.406
-78.439	-32.200	142.311
-78.471	-32.225	142.400
-78.429	-32.201	142.353
-78.442	-32.207	142.347
-78.460	-32.220	142.364
-78.425	-32.234	142.394
-78.460	-32.186	142.292
-78.411	-32.218	142.358
-78.423	-32.220	142.325
-78.419	-32.227	142.393
-78.443	-32.232	142.417
-78.454	-32.213	142.389
-78.455	-32.197	142.347
-78.472	-32.250	142.367
-78.414	-32.196	142.313
-78.436	-32.215	142.388
-78.420	-32.200	142.317
-78.454	-32.197	142.314
-78.449	-32.202	142.357
-78.454	-32.162	142.289
-78.446	-32.202	142.317
-78.447	-32.206	142.347
-78.472	-32.195	142.338
-78.454	-32.211	142.350
-78.425	-32.191	142.298
-78.430	-32.195	142.350
-78.448	-32.234	142.393
-78.405	-32.199	142.367
-78.445	-32.201	142.331
-78.456	-32.202	142.320
-78.427	-32.225	142.342
-78.417	-32.199	142.365
-78.469	-32.228	142.364
-78.440	-32.224	142.334
-78.448	-32.216	142.413
-78.433	-32.202	142.309
-78.463	-32.206	142.404
-78.419	-32.227	142.349
-78.430	-32.191	142.272
-78.433	-32.243	142.367
-78.453	-32.197	142.376
-78.448	-32.195	142.352
-78.464	-32.218	142.392
-78.445	-32.167	142.277
-78.462	-32.235	142.381
-78.437	-32.195	142.315
-78.442	-32.213	142.365
-78.459	-32.228	142.403
-78.452	-32.246	142.372
-78.454	-32.233	142.363
-78.419	-32.210	142.326
-78.446	-32.222	142.404
-78.445	-32.195	142.334
-78.456	-32.212	142.342
-78.433	-32.227	142.361
-78.452	-32.193	142.379
-78.447	-32.230	142.343
-78.461	-32.222	142.381
-78.454	-32.209	142.331
-78.475	-32.216	142.404
-78.438	-32.240	142.389
-78.443	-32.224	142.350
-78.455	-32.180	142.354
-78.449	-32.201	142.370
-78.466	-32.198	142.341
-78.453	-32.232	142.386
-78.462	-32.218	142.381
-78.460	-32.227	142.385
-78.449	-32.196	142.311
-78.451	-32.244	142.381
-78.460	-32.197	142.342
-78.448	-32.236	142.345
-78.434	-32.212	142.361
-78.435	-32.228	142.362
-78.462	-32.208	142.344
-78.453	-32.190	142.305
-78.452	-32.215	142.369
-78.461	-32.203	142.361
-78.468	-32.221	142.385
-78.458	-32.252	142.393
-78.434	-32.255	142.397
-78.429	-32.200	142.337
-78.441	-32.209	142.332
-78.463	-32.160	142.315
-78.434	-32.224	142.289
-78.444	-32.216	142.361
-78.435	-32.212	142.333
-78.436	-32.196	142.335
-78.438	-32.210	142.335
-78.441	-32.235	142.368
-78.449	-32.190	142.296
-78.439	-32.207	142.343
-78.423	-32.211	142.336
-78.470	-32.214	142.331
-78.433	-32.218	142.357
-78.431	-32.240	142.350
-78.432	-32.204	142.321
-78.435	-32.215	142.345
-78.456	-32.225	142.408
-78.427	-32.233	142.387
-78.422	-32.221	142.382
-78.435	-32.222	142.321
-78.442	-32.181	142.313
-78.450	-32.188	142.235
-78.434	-32.221	142.333
-78.429	-32.234	142.356
-78.460	-32.242	142.343
-78.434	-32.180	142.310
-78.447	-32.181	142.322
-78.458	-32.218	142.350
-78.414	-32.229	142.366
-78.433	-32.232	142.368
-78.450	-32.160	142.282
-78.454	-32.209	142.330
-78.460	-32.267	142.424
-78.457	-32.226	142.357
-78.445	-32.214	142.330
-78.432	-32.216	142.335
-78.439	-32.243	142.423
-78.448	-32.214	142.351
-78.431	-32.220	142.375
-78.442	-32.193	142.283
-78.451	-32.205	142.367
-78.448	-32.216	142.369
-78.447	-32.235	142.399
-78.445	-32.201	142.352
-78.446	-32.219	142.324
-78.467	-32.222	142.396
-78.470	-32.230	142.405
-78.404	-32.186	142.325
-78.443	-32.201	142.359
-78.415	-32.209	142.348
-78.452	-32.239	142.345
-78.424	-32.186	142.276
-78.462	-32.202	142.326
-78.442	-32.192	142.246
-78.432	-32.207	142.351
-78.458	-32.224	142.365
-78.442	-32.184	142.316
-78.446	-32.209	142.330
-78.428	-32.217	142.349
-78.458	-32.239	142.367
-78.472	-32.229	142.426
-78.435	-32.195	142.299
-78.462	-32.232	142.368
-78.454	-32.178	142.303
-78.428	-32.228	142.336
-78.481	-32.210	142.338
-78.428	-32.210	142.328
-78.441	-32.231	142.351
-78.448	-32.192	142.336
-78.438	-32.214	142.390
-78.435	-32.187	142.352
-78.445	-32.180	142.322
-78.439	-32.217	142.362
-78.432	-32.212	142.383
-78.440	-32.196	142.276
-78.451	-32.191	142.384
-78.490	-32.219	142.355
-78.456	-32.203	142.263
-78.451	-32.217	142.341
-78.464	-32.208	142.355
-78.463	-32.228	142.370
-78.440	-32.189	142.294
-78.458	-32.212	142.316
-78.445	-32.204	142.373
-78.441	-32.203	142.324
-78.466	-32.225	142.392
-78.423	-32.218	142.383
-78.455	-32.216	142.370
-78.457	-32.204	142.328
-78.446	-32.226	142.359
-78.459	-32.203	142.364
-78.445	-32.214	142.350
-78.453	-32.217	142.324
-78.457	-32.188	142.339
-78.466	-32.244	142.413
-78.441	-32.214	142.320
-78.461	-32.201	142.349
-78.476	-32.249	142.385
-78.464	-32.215	142.373
-78.444	-32.198	142.327
-78.427	-32.204	142.304
-78.438	-32.211	142.339
-78.431	-32.220	142.353
-78.451	-32.231	142.401
-78.424	-32.214	142.371
-78.478	-32.226	142.415
-78.429	-32.216	142.349
-78.477	-32.207	142.372
-78.480	-32.230	142.412
-78.469	-32.201	142.319
-78.466	-32.219	142.307
-78.462	-32.187	142.295
-78.470	-32.230	142.386
-78.438	-32.202	142.346
-78.466	-32.200	142.346
-78.457	-32.225	142.403
-78.436	-32.215	142.329
-78.451	-32.215	142.397
-78.463	-32.196	142.371
-78.452	-32.214	142.347
-78.433	-32.203	142.299
-78.459	-32.225	142.376
-78.458	-32.216	142.371
-78.437	-32.224	142.327
-78.441	-32.229	142.370
-78.447	-32.221	142.349
-78.465	-32.176	142.342
-78.452	-32.228	142.374
-78.451	-32.214	142.354
-78.496	-32.207	142.352
-78.446	-32.211	142.311
-78.423	-32.216	142.350
-78.479	-32.196	142.369
-78.453	-32.211	142.370
-78.468	-32.221	142.426
-78.464	-32.198	142.342
-78.406	-32.198	142.327
-78.448	-32.188	142.350
-78.457	-32.246	142.398
-78.425	-32.252	142.394
-78.454	-32.230	142.366
-78.431	-32.200	142.374
-78.444	-32.207	142.405
-78.452	-32.222	142.355
-78.473	-32.251	142.415
-78.430	-32.231	142.371
-78.431	-32.234	142.332
-78.434	-32.192	142.356
-78.457	-32.220	142.360
-78.472	-32.222	142.388
-78.458	-32.223	142.308
-78.438	-32.219	142.384
-78.426	-32.204	142.391
-78.443	-32.212	142.370
-78.455	-32.227	142.374
-78.461	-32.194	142.309
-78.437	-32.194	142.353
-78.446	-32.220	142.404
-78.418	-32.199	142.299
-78.421	-32.188	142.350
-78.470	-32.220	142.356
-78.445	-32.217	142.343
-78.457	-32.224	142.344
-78.436	-32.220	142.393
-78.434	-32.229	142.328
-78.422	-32.214	142.354
-78.463	-32.199	142.327
-78.472	-32.214	142.360
-78.433	-32.200	142.319
-78.466	-32.225	142.383
-78.454	-32.236	142.376
-78.433	-32.215	142.367
-78.427	-32.215	142.347
-78.448	-32.227	142.356
-78.447	-32.198	142.355
-78.425	-32.206	142.334
-78.456	-32.232	142.339
-78.422	-32.213	142.339
-78.449	-32.230	142.347
-78.455	-32.217	142.343
-78.447	-32.187	142.288
-78.433	-32.242	142.398
-78.443	-32.211	142.341
-78.462	-32.189	142.289
-78.433	-32.223	142.356
-78.455	-32.181	142.295
-78.432	-32.204	142.327
-78.452	-32.202	142.342
-78.488	-32.209	142.389
-78.476	-32.202	142.323
-78.466	-32.168	142.297
-78.477	-32.243	142.390
-78.466	-32.211	142.387
-78.462	-32.215	142.374
-78.464	-32.217	142.368
-78.457	-32.190	142.339
-78.460	-32.238	142.399
-78.455	-32.199	142.357
-78.432	-32.184	142.311
-78.444	-32.192	142.307
-78.472	-32.212	142.379
-78.428	-32.216	142.357
-78.436	-32.225	142.362
-78.448	-32.208	142.379
-78.461	-32.214	142.374
-78.434	-32.215	142.377
-78.443	-32.186	142.274
-78.435	-32.189	142.286
-78.457	-32.211	142.339
-78.436	-32.198	142.362
-78.431	-32.191	142.362
-78.436	-32.212	142.327
-78.463	-32.217	142.369
-78.438	-32.209	142.350
-78.440	-32.197	142.373
-78.425	-32.210	142.328
-78.429	-32.207	142.364
-78.448	-32.190	142.293
-78.460	-32.219	142.371
-78.426	-32.225	142.374
-78.455	-32.211	142.325
-78.435	-32.229	142.354
-78.450	-32.205	142.331
-78.462	-32.176	142.314
-78.461	-32.190	142.369
-78.455	-32.229	142.391
-78.435	-32.220	142.326
-78.452	-32.226	142.373
-78.447	-32.234	142.374
-78.465	-32.159	142.295
-78.444	-32.195	142.329
-78.470	-32.227	142.376
-78.461	-32.197	142.351
-78.434	-32.229	142.317
-78.446	-32.187	142.353
-78.449	-32.207	142.354
-78.455	-32.239	142.386
-78.453	-32.200	142.343
-78.442	-32.236	142.397
-78.443	-32.214	142.333
-78.444	-32.201	142.345
-78.454	-32.243	142.346
-78.448	-32.237	142.406
-78.444	-32.220	142.344
-78.450	-32.205	142.367
-78.444	-32.224	142.358
-78.466	-32.197	142.309
-78.439	-32.204	142.316
-78.466	-32.232	142.405
-78.454	-32.234	142.430
-78.461	-32.228	142.376
-78.468	-32.218	142.395
-78.437	-32.192	142.324
-78.438	-32.215	142.309
-78.478	-32.240	142.428
-78.441	-32.207	142.347
-78.446	-32.234	142.374
-78.454	-32.224	142.370
-78.446	-32.231	142.347
-78.404	-32.228	142.343
-78.455	-32.224	142.364
-78.470	-32.264	142.424
-78.449	-32.223	142.345
-78.455	-32.217	142.325
-78.448	-32.207	142.349
-78.419	-32.210	142.375
-78.433	-32.208	142.334
-78.426	-32.174	142.286
-78.435	-32.216	142.337
-78.467	-32.192	142.305
-78.426	-32.202	142.353
-78.469	-32.223	142.362
-78.434	-32.246	142.383
-78.473	-32.188	142.325
-78.436	-32.220	142.366
-78.475	-32.239	142.396
-78.451	-32.191	142.342
-78.451	-32.209	142.304
-78.434	-32.220	142.343
-78.442	-32.228	142.362
-78.451	-32.197	142.394
-78.447	-32.238	142.392
-78.437	-32.207	142.292
-78.429	-32.219	142.362
-78.463	-32.212	142.319
-78.450	-32.186	142.329
-78.452	-32.214	142.344
-78.427	-32.214	142.383
-78.458	-32.216	142.355
-78.441	-32.204	142.323
-78.430	-32.227	142.349
-78.456	-32.209	142.300
-78.453	-32.203	142.354
-78.436	-32.223	142.344
-78.437	-32.260	142.390
-78.434	-32.240	142.348
-78.444	-32.218	142.348
-78.430	-32.198	142.359
-78.444	-32.213	142.387
-78.434	-32.203	142.351
-78.439	-32.230	142.417
-78.457	-32.218	142.380
-78.454	-32.236	142.370
-78.420	-32.215	142.352
-78.421	-32.211	142.349
-78.436	-32.223	142.360
-78.442	-32.220	142.343
-78.430	-32.238	142.306
-78.426	-32.182	142.332
-78.440	-32.222	142.352
-78.418	-32.196	142.330
-78.458	-32.211	142.334
-78.440	-32.208	142.339
-78.442	-32.253	142.355
-78.440	-32.221	142.328
-78.438	-32.209	142.296
-78.446	-32.220	142.336
-78.418	-32.226	142.340
-78.484	-32.231	142.370
-78.458	-32.214	142.369
-78.433	-32.184	142.345
-78.449	-32.233	142.393
-78.445	-32.211	142.349
-78.457	-32.175	142.263
-78.458	-32.229	142.369
-78.432	-32.178	142.293
-78.461	-32.198	142.327
-78.467	-32.212	142.366
-78.451	-32.186	142.291
-78.456	-32.217	142.379
-78.460	-32.226	142.358
-78.453	-32.194	142.288
-78.448	-32.213	142.347
-78.440	-32.221	142.335
-78.418	-32.190	142.321
-78.468	-32.184	142.337
-78.452	-32.202	142.316
-78.447	-32.193	142.355
-78.467	-32.206	142.368
-78.441	-32.192	142.334
-78.457	-32.217	142.375
-78.465	-32.233	142.374
-78.430	-32.202	142.319
-78.449	-32.228	142.375
-78.447	-32.228	142.410
-78.480	-32.247	142.403
-78.480	-32.202	142.349
-78.443	-32.214	142.374
-78.461	-32.221	142.371
-78.443	-32.207	142.306
-78.452	-32.234	142.389
-78.441	-32.204	142.343
-78.479	-32.208	142.388
-78.449	-32.185	142.300
-78.444	-32.212	142.404
-78.443	-32.184	142.280
-78.424	-32.223	142.353
-78.434	-32.200	142.357
-78.457	-32.204	142.343
-78.472	-32.203	142.340
-78.433	-32.230	142.350
-78.457	-32.202	142.339
-78.442	-32.205	142.319
-78.434	-32.198	142.287
-78.448	-32.198	142.313
-78.475	-32.182	142.258
-78.427	-32.201	142.355
-78.464	-32.211	142.324
-78.464	-32.201	142.353
-78.429	-32.223	142.309
-78.451	-32.179	142.327
-78.461	-32.220	142.387
-78.435	-32.213	142.286
-78.453	-32.194	142.332
-78.466	-32.232	142.369
-78.441	-32.214	142.380
-78.418	-32.205	142.335
-78.425	-32.199	142.321
-78.461	-32.227	142.403
-78.450	-32.200	142.339
-78.458	-32.215	142.350
-78.437	-32.220	142.365
-78.450	-32.232	142.364
-78.476	-32.215	142.372
-78.461	-32.193	142.310
-78.471	-32.198	142.337
-78.434	-32.206	142.362
-78.444	-32.222	142.305
-78.432	-32.214	142.311
-78.445	-32.223	142.332
-78.472	-32.219	142.375
-78.436	-32.186	142.277
-78.448	-32.195	142.304
-78.438	-32.213	142.331
-78.420	-32.213	142.322
-78.452	-32.228	142.347
-78.455	-32.199	142.344
-78.426	-32.229	142.358
-78.445	-32.210	142.329
-78.446	-32.212	142.366
-78.410	-32.198	142.324
-78.432	-32.212	142.328
-78.453	-32.209	142.403
-78.458	-32.230	142.357
-78.429	-32.199	142.379
-78.471	-32.240	142.388
-78.452	-32.229	142.383
-78.463	-32.225	142.348
-78.443	-32.233	142.340
-78.473	-32.199	142.350
-78.448	-32.187	142.358
-78.466	-32.195	142.285
-78.446	-32.214	142.362
-78.461	-32.216	142.345
-78.440	-32.196	142.268
-78.446	-32.228	142.360
-78.430	-32.223	142.329
-78.445	-32.212	142.383
-78.435	-32.215	142.362
-78.443	-32.190	142.297
-78.455	-32.233	142.399
-78.457	-32.221	142.374
-78.433	-32.201	142.312
-78.453	-32.224	142.417
-78.442	-32.212	142.346
-78.425	-32.221	142.380
-78.448	-32.177	142.297
-78.467	-32.208	142.334
-78.441	-32.195	142.317
-78.454	-32.207	142.367
-78.446	-32.216	142.343
-78.456	-32.181	142.311
-78.415	-32.216	142.352
-78.461	-32.198	142.332
-78.435	-32.213	142.358
-78.482	-32.224	142.362
-78.459	-32.201	142.342
-78.440	-32.199	142.332
-78.458	-32.194	142.299
-78.439	-32.239	142.327
-78.449	-32.245	142.380
-78.481	-32.229	142.367
-78.452	-32.210	142.347
-78.446	-32.223	142.356
-78.449	-32.204	142.321
-78.436	-32.218	142.347
-78.427	-32.226	142.321
-78.435	-32.245	142.406
-78.437	-32.198	142.347
-78.431	-32.206	142.315
-78.456	-32.225	142.293
-78.445	-32.193	142.247
-78.455	-32.205	142.313
-78.437	-32.217	142.363
-78.450	-32.186	142.318
-78.434	-32.203	142.388
-78.422	-32.226	142.353
-78.454	-32.253	142.410
-78.446	-32.209	142.357
-78.458	-32.216	142.335
-78.447	-32.200	142.353
-78.439	-32.193	142.281
-78.439	-32.187	142.381
-78.456	-32.198	142.343
-78.449	-32.220	142.324
-78.456	-32.218	142.399
-78.456	-32.197	142.360
-78.448	-32.213	142.353
-78.441	-32.216	142.412
-78.435	-32.214	142.405
-78.480	-32.196	142.352
-78.454	-32.218	142.326
-78.447	-32.177	142.310
-78.467	-32.220	142.363
-78.430	-32.180	142.320
-78.474	-32.218	142.394
-78.463	-32.191	142.325
-78.450	-32.222	142.380
-78.432	-32.223	142.346
-78.452	-32.216	142.321
-78.429	-32.197	142.302
-78.428	-32.201	142.355
-78.450	-32.226	142.379
-78.457	-32.219	142.341
-78.459	-32.208	142.301
-78.426	-32.166	142.331
-78.472	-32.201	142.344
-78.459	-32.192	142.309
-78.442	-32.205	142.301
-78.454	-32.233	142.355
-78.454	-32.200	142.319
-78.451	-32.223	142.398
-78.457	-32.213	142.322
-78.452	-32.213	142.331
-78.458	-32.261	142.421
-78.459	-32.240	142.427
-78.474	-32.206	142.344
-78.439	-32.234	142.382
-78.447	-32.225	142.328
-78.430	-32.187	142.246
-78.462	-32.222	142.349
-78.452	-32.233	142.325
-78.452	-32.244	142.405
-78.484	-32.200	142.310
-78.481	-32.224	142.369
-78.482	-32.231	142.392
-78.443	-32.224	142.408
-78.433	-32.211	142.350
-78.460	-32.208	142.370
-78.444	-32.194	142.353
-78.429	-32.203	142.331
-78.459	-32.211	142.402
-78.445	-32.184	142.274
-78.443	-32.200	142.334
-78.465	-32.224	142.345
-78.444	-32.207	142.309
-78.438	-32.189	142.313
-78.449	-32.212	142.327
-78.459	-32.205	142.330
-78.456	-32.178	142.316
-78.440	-32.229	142.388
-78.434	-32.182	142.335
-78.458	-32.210	142.354
-78.453	-32.214	142.358
-78.460	-32.247	142.370
-78.461	-32.233	142.364
-78.438	-32.217	142.350
-78.438	-32.211	142.350
-78.459	-32.219	142.352
-78.458	-32.209	142.346
-78.457	-32.221	142.314
-78.443	-32.210	142.413
-78.461	-32.217	142.367
-78.429	-32.199	142.317
-78.442	-32.214	142.355
-78.469	-32.208	142.390
-78.447	-32.214	142.354
-78.437	-32.217	142.354
-78.455	-32.217	142.300
-78.422	-32.224	142.333
-78.449	-32.223	142.385
-78.451	-32.240	142.353
-78.463	-32.230	142.413
-78.447	-32.226	142.334
-78.455	-32.224	142.388
-78.439	-32.202	142.329
-78.441	-32.212	142.371
-78.443	-32.227	142.385
-78.442	-32.228	142.358
-78.444	-32.221	142.349
-78.445	-32.198	142.285
-78.452	-32.211	142.358
-78.471	-32.249	142.388
-78.439	-32.179	142.323
-78.439	-32.222	142.309
-78.456	-32.237	142.389
-78.468	-32.205	142.378
-78.447	-32.230	142.341
-78.423	-32.183	142.328
-78.454	-32.227	142.356
-78.451	-32.215	142.362
-78.473	-32.184	142.309
-78.436	-32.222	142.371
-78.448	-32.221	142.360
-78.444	-32.205	142.327
-78.461	-32.203	142.321
-78.443	-32.219	142.408
-78.432	-32.179	142.293
-78.439	-32.212	142.347
-78.463	-32.202	142.359
-78.454	-32.218	142.369
-78.429	-32.221	142.302
-78.442	-32.197	142.378
-78.458	-32.217	142.359
-78.449	-32.212	142.338
-78.430	-32.229	142.341
-78.428	-32.215	142.310
-78.456	-32.241	142.380
-78.439	-32.221	142.369
-78.471	-32.231	142.399
-78.474	-32.222	142.393
-78.446	-32.254	142.397
-78.454	-32.238	142.376
-78.437	-32.229	142.350
-78.447	-32.194	142.342
-78.463	-32.182	142.324
-78.445	-32.216	142.361
-78.454	-32.203	142.326
-78.461	-32.239	142.368
-78.434	-32.190	142.319
-78.431	-32.223	142.316
-78.441	-32.233	142.333
-78.468	-32.243	142.370
-78.465	-32.216	142.413
-78.458	-32.217	142.369
-78.471	-32.205	142.359
-78.436	-32.206	142.311
-78.452	-32.226	142.328
-78.423	-32.198	142.356
-78.444	-32.219	142.312
-78.445	-32.222	142.325
-78.448	-32.199	142.341
-78.469	-32.259	142.392
-78.450	-32.207	142.360
-78.440	-32.189	142.311
-78.444	-32.202	142.359
-78.450	-32.208	142.384
-78.449	-32.242	142.357
-78.473	-32.223	142.380
-78.462	-32.205	142.324
-78.461	-32.210	142.396
-78.442	-32.182	142.331
-78.455	-32.209	142.335
-78.447	-32.207	142.323
-78.432	-32.207	142.320
-78.437	-32.208	142.306
-78.456	-32.230	142.370
-78.441	-32.196	142.363
-78.464	-32.219	142.345
-78.426	-32.206	142.377
-78.477	-32.202	142.361
-78.448	-32.208	142.301
-78.459	-32.205	142.382
-78.439	-32.212	142.322
-78.458	-32.201	142.336
-78.427	-32.222	142.356
-78.453	-32.212	142.358
-78.482	-32.220	142.369
-78.456	-32.207	142.342
-78.416	-32.204	142.325
-78.436	-32.217	142.321
-78.456	-32.216	142.369
-78.439	-32.217	142.347
-78.480	-32.233	142.380
-78.431	-32.218	142.316
-78.440	-32.256	142.387
-78.462	-32.208	142.337
-78.440	-32.214	142.307
-78.456	-32.220	142.382
-78.431	-32.190	142.301
-78.449	-32.195	142.351
-78.476	-32.218	142.370
-78.461	-32.236	142.364
-78.448	-32.200	142.329
-78.455	-32.221	142.343
-78.440	-32.216	142.344
-78.447	-32.223	142.357
-78.452	-32.200	142.350
-78.456	-32.208	142.318
-78.450	-32.225	142.365
-78.449	-32.240	142.414
-78.453	-32.193	142.314
-78.441	-32.204	142.345
-78.451	-32.226	142.361
-78.466	-32.200	142.344
-78.422	-32.190	142.293
-78.473	-32.217	142.304
-78.474	-32.192	142.330
-78.461	-32.214	142.353
-78.439	-32.208	142.349
-78.465	-32.221	142.372
-78.455	-32.222	142.349
-78.455	-32.221	142.355
-78.444	-32.214	142.392
-78.447	-32.208	142.339
-78.437	-32.233	142.368
-78.467	-32.217	142.379
-78.451	-32.206	142.368
-78.433	-32.204	142.350
-78.449	-32.219	142.323
-78.435	-32.212	142.309
-78.441	-32.222	142.341
-78.456	-32.202	142.361
-78.458	-32.215	142.350
-78.409	-32.216	142.362
-78.439	-32.220	142.333
-78.449	-32.203	142.316
-78.458	-32.217	142.356
-78.442	-32.188	142.347
-78.435	-32.231	142.336
-78.445	-32.215	142.407
-78.445	-32.229	142.385
-78.428	-32.225	142.342
-78.432	-32.184	142.315
-78.438	-32.213	142.305
-78.461	-32.235	142.397
-78.435	-32.226	142.377
-78.455	-32.242	142.358
-78.469	-32.221	142.372
-78.444	-32.206	142.381
-78.485	-32.191	142.352
-78.446	-32.199	142.310
-78.480	-32.213	142.406
-78.471	-32.216	142.370
-78.449	-32.217	142.417
-78.452	-32.207	142.357
-78.455	-32.221	142.347
-78.438	-32.240	142.375
-78.422	-32.198	142.321
-78.428	-32.223	142.378
-78.458	-32.252	142.410
-78.442	-32.194	142.357
-78.480	-32.243	142.347
-78.455	-32.208	142.398
-78.474	-32.221	142.305
-78.428	-32.211	142.364
-78.453	-32.197	142.338
-78.436	-32.220	142.379
-78.466	-32.228	142.390
-78.454	-32.226	142.425
-78.425	-32.224	142.368
-78.430	-32.226	142.368
-78.450	-32.217	142.371
-78.465	-32.213	142.371
-78.441	-32.195	142.367
-78.449	-32.220	142.344
-78.454	-32.211	142.371
-78.432	-32.211	142.368
-78.422	-32.171	142.383
-78.457	-32.230	142.394
-78.450	-32.225	142.385
-78.454	-32.198	142.364
-78.461	-32.240	142.404
-78.436	-32.186	142.352
-78.441	-32.247	142.369
-78.444	-32.200	142.340
-78.463	-32.245	142.396
-78.464	-32.238	142.411
-78.420	-32.218	142.349
-78.456	-32.197	142.338
-78.451	-32.222	142.397
-78.456	-32.237	142.398
-78.430	-32.218	142.346
-78.458	-32.204	142.367
-78.408	-32.193	142.343
-78.475	-32.233	142.399
-78.438	-32.212	142.377
-78.443	-32.187	142.343
-78.472	-32.223	142.380
-78.472	-32.192	142.340
-78.467	-32.215	142.379
-78.469	-32.231	142.372
-78.477	-32.214	142.340
-78.444	-32.230	142.368
-78.464	-32.207	142.355
-78.468	-32.221	142.373
-78.447	-32.200	142.362
-78.453	-32.212	142.360
-78.454	-32.176	142.295
-78.445	-32.212	142.367
-78.454	-32.225	142.408
-78.438	-32.217	142.363
-78.454	-32.221	142.389
-78.451	-32.230	142.382
-78.433	-32.208	142.337
-78.436	-32.210	142.350
-78.451	-32.225	142.337
-78.448	-32.216	142.409
-78.424	-32.211	142.329
-78.465	-32.203	142.351
-78.449	-32.217	142.354
-78.456	-32.212	142.349
-78.464	-32.229	142.365
-78.438	-32.217	142.333
-78.458	-32.224	142.402
-78.452	-32.231	142.414
-78.441	-32.204	142.319
-78.431	-32.209	142.311
-78.429	-32.235	142.358
-78.427	-32.199	142.336
-78.443	-32.230	142.435
-78.450	-32.215	142.387
-78.442	-32.210	142.355
-78.462	-32.192	142.287
-78.442	-32.199	142.286
-78.447	-32.208	142.341
-78.468	-32.228	142.393
-78.448	-32.192	142.289
-78.457	-32.192	142.299
-78.479	-32.176	142.355
-78.442	-32.206	142.347
-78.447	-32.224	142.366
-78.444	-32.235	142.382
-78.447	-32.210	142.320
-78.485	-32.219	142.377
-78.444	-32.218	142.381
-78.427	-32.202	142.367
-78.421	-32.198	142.316
-78.466	-32.218	142.397
-78.422	-32.217	142.395
-78.459	-32.206	142.319
-78.436	-32.230	142.355
-78.451	-32.208	142.346
-78.448	-32.213	142.330
-78.455	-32.225	142.327
-78.475	-32.234	142.397
-78.456	-32.219	142.349
-78.476	-32.232	142.386
-78.429	-32.211	142.338
-78.466	-32.237	142.382
-78.459	-32.225	142.313
-78.444	-32.199	142.362
-78.438	-32.198	142.405
-78.440	-32.225	142.367
-78.445	-32.190	142.343
-78.456	-32.205	142.406
-78.446	-32.204	142.306
-78.472	-32.213	142.365
-78.446	-32.243	142.378
-78.443	-32.204	142.367
-78.417	-32.207	142.360
-78.428	-32.234	142.401
-78.458	-32.220	142.371
-78.438	-32.190	142.342
-78.442	-32.226	142.360
-78.449	-32.224	142.347
-78.457	-32.250	142.401
-78.444	-32.215	142.353
-78.453	-32.245	142.426
-78.431	-32.227	142.362
-78.439	-32.176	142.326
-78.445	-32.207	142.376
-78.426	-32.208	142.313
-78.453	-32.209	142.394
-78.450	-32.201	142.354
-78.445	-32.219	142.348
-78.457	-32.195	142.338
-78.435	-32.216	142.352
-78.453	-32.211	142.353
-78.425	-32.181	142.329
-78.441	-32.196	142.335
-78.440	-32.213	142.320
-78.433	-32.190	142.342
-78.465	-32.213	142.367
-78.456	-32.201	142.295
-78.423	-32.212	142.333
-78.439	-32.196	142.332
-78.424	-32.214	142.351
-78.447	-32.222	142.354
-78.447	-32.206	142.382
-78.456	-32.179	142.293
-78.452	-32.225	142.353
-78.448	-32.254	142.371
-78.438	-32.180	142.318
-78.441	-32.217	142.340
-78.427	-32.190	142.368
-78.444	-32.181	142.332
-78.423	-32.205	142.315
-78.460	-32.243	142.379
-78.462	-32.210	142.343
-78.445	-32.212	142.301
-78.440	-32.224	142.387
-78.455	-32.157	142.284
-78.443	-32.226	142.351
-78.426	-32.224	142.365
-78.473	-32.198	142.352
-78.449	-32.195	142.336
-78.438	-32.194	142.317
-78.462	-32.163	142.263
-78.464	-32.227	142.371
-78.441	-32.207	142.341
-78.451	-32.207	142.399
-78.447	-32.207	142.378
-78.459	-32.213	142.326
-78.462	-32.221	142.346
-78.447	-32.197	142.321
-78.449	-32.216	142.370
-78.457	-32.206	142.311
-78.445	-32.215	142.377
-78.442	-32.184	142.319
-78.472	-32.215	142.392
-78.454	-32.209	142.314
-78.471	-32.247	142.430
-78.451	-32.219	142.354
-78.439	-32.204	142.372
-78.434	-32.219	142.384
-78.440	-32.213	142.404
-78.444	-32.189	142.340
-78.433	-32.227	142.370
-78.454	-32.215	142.387
-78.439	-32.194	142.310
-78.446	-32.186	142.293
-78.441	-32.212	142.390
-78.434	-32.208	142.314
-78.448	-32.201	142.342
-78.454	-32.204	142.351
-78.469	-32.216	142.334
-78.454	-32.224	142.352
-78.453	-32.207	142.362
-78.473	-32.151	142.296
-78.482	-32.198	142.383
-78.464	-32.218	142.337
-78.408	-32.175	142.331
-78.424	-32.200	142.332
-78.443	-32.233	142.393
-78.441	-32.224	142.338
-78.428	-32.208	142.299
-78.456	-32.183	142.314
-78.479	-32.227	142.408
-78.461	-32.179	142.325
-78.441	-32.230	142.383
-78.444	-32.221	142.329
-78.460	-32.201	142.320
-78.488	-32.198	142.313
-78.428	-32.226	142.377
-78.451	-32.228	142.336
-78.453	-32.214	142.321
-78.442	-32.226	142.403
-78.440	-32.198	142.340
-78.445	-32.199	142.345
-78.458	-32.198	142.297
-78.464	-32.201	142.344
-78.432	-32.216	142.389
-78.445	-32.215	142.375
-78.443	-32.191	142.315
-78.440	-32.202	142.353
-78.470	-32.212	142.375
-78.449	-32.210	142.400
-78.433	-32.215	142.346
-78.453	-32.235	142.416
-78.432	-32.203	142.366
-78.451	-32.210	142.365
-78.434	-32.185	142.323
-78.423	-32.229	142.384
-78.440	-32.203	142.285
-78.453	-32.213	142.332
-78.465	-32.225	142.364
-78.432	-32.187	142.294
-78.488	-32.182	142.300
-78.462	-32.212	142.373
-78.434	-32.238	142.388
-78.431	-32.208	142.333
-78.459	-32.197	142.334
-78.451	-32.216	142.267
-78.437	-32.194	142.368
-78.430	-32.196	142.350
-78.433	-32.217	142.278
-78.432	-32.202	142.302
-78.435	-32.208	142.342
-78.458	-32.226	142.374
-78.457	-32.224	142.360
-78.461	-32.199	142.331
-78.419	-32.220	142.340
-78.440	-32.170	142.323
-78.440	-32.209	142.315
-78.444	-32.165	142.307
-78.465	-32.190	142.322
-78.474	-32.211	142.384
-78.440	-32.222	142.356
-78.461	-32.223	142.393
-78.459	-32.233	142.398
-78.435	-32.196	142.327
-78.450	-32.230	142.386
-78.446	-32.185	142.316
-78.447	-32.236	142.380
-78.468	-32.207	142.340
-78.470	-32.231	142.386
-78.470	-32.242	142.387
-78.437	-32.224	142.410
-78.433	-32.226	142.378
-78.462	-32.182	142.346
-78.464	-32.244	142.373
-78.469	-32.240	142.421
-78.446	-32.213	142.377
-78.459	-32.210	142.378
-78.447	-32.238	142.372
-78.463	-32.221	142.384
-78.444	-32.204	142.325
-78.435	-32.184	142.388
-78.455	-32.232	142.334
-78.456	-32.205	142.340
-78.454	-32.240	142.385
-78.434	-32.226	142.361
-78.429	-32.221	142.313
-78.438	-32.242	142.373
-78.473	-32.230	142.319
-78.460	-32.214	142.358
-78.446	-32.230	142.360
-78.459	-32.230	142.391
-78.446	-32.210	142.353
-78.443	-32.192	142.387
-78.453	-32.192	142.362
-78.488	-32.207	142.336
-78.443	-32.212	142.343
-78.447	-32.207	142.339
-78.442	-32.233	142.357
-78.454	-32.197	142.323
-78.458	-32.229	142.327
-78.436	-32.237	142.426
-78.463	-32.225	142.339
-78.436	-32.203	142.330
-78.448	-32.216	142.315
-78.464	-32.213	142.371
-78.432	-32.237	142.395
-78.434	-32.232	142.419
-78.437	-32.207	142.315
-78.465	-32.174	142.351
-78.454	-32.184	142.365
-78.438	-32.216	142.340
-78.449	-32.221	142.375
-78.464	-32.208	142.430
-78.451	-32.213	142.370
-78.459	-32.220	142.374
-78.471	-32.190	142.333
-78.451	-32.211	142.375
-78.463	-32.202	142.357
-78.430	-32.207	142.401
-78.450	-32.219	142.329
-78.462	-32.213	142.334
-78.468	-32.199	142.354
-78.433	-32.215	142.361
-78.444	-32.218	142.383
-78.428	-32.214	142.358
-78.445	-32.231	142.399
-78.478	-32.254	142.356
-78.473	-32.207	142.339
-78.431	-32.217	142.354
-78.461	-32.207	142.357
-78.430	-32.211	142.355
-78.473	-32.223	142.384
-78.478	-32.208	142.406
-78.470	-32.226	142.381
-78.458	-32.229	142.338
-78.453	-32.197	142.287
-78.429	-32.220	142.370
-78.436	-32.240	142.366
-78.439	-32.195	142.356
-78.436	-32.220	142.322
-78.450	-32.214	142.368
-78.450	-32.209	142.349
-78.447	-32.193	142.320
-78.461	-32.224	142.354
-78.457	-32.255	142.362
-78.454	-32.223	142.368
-78.447	-32.217	142.426
-78.439	-32.223	142.322
-78.448	-32.211	142.325
-78.495	-32.223	142.386
-78.434	-32.205	142.335
-78.448	-32.211	142.374
-78.442	-32.214	142.305
-78.427	-32.220	142.390
-78.450	-32.214	142.335
-78.449	-32.192	142.337
-78.435	-32.212	142.341
-78.453	-32.217	142.390
-78.442	-32.217	142.372
-78.423	-32.190	142.312
-78.481	-32.227	142.354
-78.469	-32.246	142.382
-78.476	-32.210	142.348
-78.442	-32.242	142.389
-78.448	-32.193	142.307
-78.459	-32.254	142.376
-78.462	-32.243	142.345
-78.426	-32.180	142.323
-78.438	-32.227	142.412
-78.439	-32.208	142.305
-78.426	-32.206	142.324
-78.440	-32.218	142.417
-78.451	-32.199	142.330
-78.467	-32.208	142.375
-78.456	-32.218	142.369
-78.454	-32.234	142.375
-78.454	-32.217	142.333
-78.412	-32.229	142.334
-78.428	-32.217	142.345
-78.452	-32.237	142.378
-78.442	-32.219	142.354
-78.438	-32.214	142.338
-78.464	-32.193	142.352
-78.451	-32.211	142.374
-78.411	-32.197	142.300
-78.469	-32.241	142.387
-78.458	-32.231	142.401
-78.443	-32.206	142.354
-78.458	-32.204	142.326
-78.448	-32.212	142.352
-78.451	-32.209	142.356
-78.445	-32.214	142.335
-78.447	-32.200	142.342
-78.454	-32.189	142.321
-78.463	-32.196	142.310
-78.441	-32.199	142.314
-78.449	-32.219	142.370
-78.437	-32.221	142.357
-78.436	-32.237	142.391
-78.430	-32.212	142.312
-78.434	-32.211	142.353
-78.439	-32.234	142.363
-78.440	-32.216	142.331
-78.416	-32.224	142.341
-78.417	-32.244	142.401
-78.476	-32.214	142.352
-78.434	-32.174	142.297
-78.463	-32.204	142.353
-78.452	-32.201	142.338
-78.452	-32.193	142.312
-78.450	-32.219	142.376
-78.443	-32.177	142.336
-78.442	-32.195	142.346
-78.455	-32.208	142.377
-78.448	-32.199	142.334
-78.445	-32.252	142.427
-78.438	-32.188	142.324
-78.439	-32.198	142.316
-78.425	-32.203	142.342
-78.457	-32.201	142.339
-78.444	-32.211	142.345
-78.436	-32.203	142.319
-78.429	-32.213	142.316
-78.457	-32.219	142.332
-78.433	-32.207	142.347
-78.443	-32.219	142.366
-78.461	-32.221	142.384
-78.443	-32.234	142.341
-78.464	-32.206	142.332
-78.443	-32.197	142.345
-78.450	-32.242	142.356
-78.455	-32.225	142.374
-78.466	-32.208	142.349
-78.460	-32.209	142.403
-78.457	-32.206	142.356
-78.425	-32.216	142.313
-78.459	-32.193	142.323
-78.428	-32.178	142.296
-78.469	-32.229	142.332
-78.461	-32.243	142.405
-78.450	-32.209	142.371
-78.446	-32.209	142.323
-78.453	-32.210	142.356
-78.449	-32.210	142.313
-78.456	-32.191	142.347
-78.468	-32.211	142.373
-78.446	-32.208	142.331
-78.430	-32.242	142.353
-78.449	-32.202	142.369
-78.464	-32.225	142.383
-78.436	-32.199	142.361
-78.437	-32.172	142.308
-78.449	-32.224	142.338
-78.430	-32.179	142.288
-78.455	-32.225	142.372
-78.454	-32.199	142.370
-78.440	-32.223	142.330
-78.456	-32.261	142.398
-78.447	-32.196	142.358
-78.440	-32.232	142.345
-78.460	-32.223	142.382
-78.437	-32.183	142.250
-78.454	-32.207	142.312
-78.441	-32.225	142.344
-78.447	-32.194	142.323
-78.444	-32.217	142.379
-78.432	-32.196	142.338
-78.461	-32.213	142.331
-78.453	-32.200	142.374
-78.448	-32.221	142.328
-78.422	-32.201	142.294
-78.439	-32.206	142.384
-78.481	-32.238	142.384
-78.438	-32.241	142.403
-78.451	-32.242	142.389
-78.450	-32.226	142.341
-78.455	-32.191	142.318
-78.435	-32.210	142.299
-78.427	-32.226	142.339
-78.450	-32.201	142.337
-78.457	-32.212	142.290
-78.432	-32.236	142.333
-78.468	-32.223	142.355
-78.457	-32.223	142.362
-78.467	-32.212	142.345
-78.453	-32.228	142.351
-78.441	-32.241	142.377
-78.453	-32.171	142.336
-78.484	-32.197	142.355
-78.447	-32.206	142.348
-78.479	-32.188	142.326
-78.448	-32.214	142.398
-78.444	-32.214	142.363
-78.433	-32.203	142.338
-78.449	-32.214	142.360
-78.457	-32.217	142.337
-78.443	-32.228	142.364
-78.454	-32.227	142.393
-78.439	-32.220	142.306
-78.466	-32.196	142.368
-78.450	-32.202	142.360
-78.476	-32.235	142.367
-78.467	-32.218	142.410
-78.451	-32.185	142.339
-78.470	-32.229	142.416
-78.447	-32.218	142.326
-78.439	-32.200	142.346
-78.434	-32.209	142.365
-78.435	-32.193	142.325
-78.480	-32.263	142.409
-78.440	-32.216	142.364
-78.439	-32.199	142.314
-78.460	-32.186	142.401
-78.418	-32.199	142.323
-78.437	-32.211	142.349
-78.453	-32.216	142.373
-78.459	-32.228	142.347
-78.418	-32.211	142.354
-78.460	-32.200	142.345
-78.439	-32.195	142.363
-78.450	-32.233	142.403
-78.442	-32.222	142.372
-78.455	-32.238	142.450
-78.444	-32.215	142.332
-78.455	-32.209	142.387
-78.453	-32.224	142.352
-78.449	-32.205	142.338
-78.435	-32.232	142.325
-78.420	-32.205	142.363
-78.475	-32.214	142.354
-78.455	-32.234	142.371
-78.418	-32.209	142.354
-78.431	-32.208	142.322
-78.426	-32.200	142.343
-78.473	-32.193	142.350
-78.437	-32.238	142.367
-78.464	-32.224	142.369
-78.427	-32.204	142.370
-78.436	-32.211	142.363
-78.461	-32.220	142.355
-78.442	-32.201	142.337
-78.446	-32.197	142.328
-78.448	-32.225	142.353
-78.437	-32.210	142.345
-78.462	-32.199	142.345
-78.457	-32.225	142.350
-78.433	-32.212	142.297
-78.435	-32.197	142.331
-78.437	-32.196	142.379
-78.430	-32.225	142.377
-78.467	-32.227	142.348
-78.449	-32.199	142.353
-78.467	-32.233	142.407
-78.444	-32.232	142.362
-78.442	-32.239	142.362
-78.443	-32.238	142.366
-78.439	-32.203	142.312
-78.440	-32.218	142.385
-78.433	-32.214	142.348
-78.449	-32.209	142.350
-78.447	-32.230	142.313
-78.452	-32.189	142.344
-78.440	-32.208	142.322
-78.457	-32.199	142.315
-78.460	-32.200	142.334
-78.458	-32.209	142.352
-78.475	-32.204	142.333
-78.443	-32.229	142.372
-78.461	-32.220	142.326
-78.446	-32.204	142.371
-78.459	-32.214	142.356
-78.440	-32.238	142.404
-78.457	-32.212	142.334
-78.479	-32.213	142.319
-78.447	-32.187	142.316
-78.454	-32.204	142.356
-78.472	-32.247	142.369
-78.457	-32.209	142.333
-78.456	-32.218	142.351
-78.429	-32.199	142.318
-78.444	-32.228	142.393
-78.463	-32.211	142.311
-78.450	-32.200	142.347
-78.467	-32.211	142.346
-78.444	-32.233	142.378
-78.453	-32.179	142.296
-78.429	-32.217	142.370
-78.473	-32.238	142.394
-78.448	-32.203	142.369
-78.441	-32.208	142.309
-78.444	-32.227	142.356
-78.455	-32.197	142.365
-78.455	-32.213	142.336
-78.479	-32.201	142.373
-78.470	-32.225	142.405
-78.443	-32.237	142.432
-78.419	-32.220	142.383
-78.454	-32.222	142.373
-78.452	-32.190	142.330
-78.454	-32.213	142.333
-78.457	-32.206	142.331
-78.461	-32.202	142.386
-78.469	-32.214	142.358
-78.435	-32.220	142.371
-78.449	-32.207	142.368
-78.441	-32.197	142.293
-78.467	-32.192	142.341
-78.466	-32.206	142.368
-78.426	-32.218	142.331
-78.443	-32.183	142.326
-78.431	-32.220	142.373
-78.469	-32.201	142.295
-78.462	-32.197	142.354
-78.456	-32.232	142.338
-78.447	-32.231	142.343
-78.469	-32.225	142.363
-78.456	-32.211	142.338
-78.454	-32.205	142.371
-78.454	-32.234	142.393
-78.469	-32.197	142.360
-78.450	-32.208	142.315
-78.453	-32.185	142.324
-78.468	-32.213	142.330
-78.474	-32.213	142.385
-78.462	-32.214	142.323
-78.450	-32.216	142.316
-78.454	-32.222	142.376
-78.433	-32.219	142.336
-78.449	-32.194	142.366
-78.461	-32.189	142.366
-78.440	-32.206	142.341
-78.407	-32.189	142.335
-78.450	-32.227	142.345
-78.490	-32.223	142.353
-78.436	-32.187	142.351
-78.478	-32.199	142.328
-78.442	-32.184	142.328
-78.466	-32.237	142.402
-78.440	-32.213	142.351
-78.435	-32.199	142.377
-78.442	-32.224	142.380
-78.435	-32.227	142.319
-78.449	-32.206	142.356
-78.468	-32.219	142.333
-78.453	-32.199	142.326
-78.444	-32.232	142.342
-78.443	-32.220	142.344
-78.449	-32.209	142.337
-78.442	-32.206	142.298
-78.477	-32.203	142.364
-78.445	-32.216	142.379
-78.448	-32.182	142.332
-78.435	-32.204	142.352
-78.424	-32.220	142.374
-78.435	-32.202	142.319
-78.450	-32.208	142.365
-78.453	-32.229	142.390
-78.437	-32.227	142.375
-78.442	-32.233	142.352
-78.448	-32.208	142.344
-78.463	-32.244	142.380
-78.421	-32.236	142.414
-78.437	-32.202	142.270
-78.423	-32.205	142.329
-78.449	-32.212	142.347
-78.450	-32.199	142.314
-78.440	-32.196	142.298
-78.464	-32.222	142.368
-78.436	-32.215	142.364
-78.471	-32.189	142.337
-78.454	-32.197	142.345
-78.475	-32.243	142.420
-78.442	-32.215	142.402
-78.473	-32.217	142.376
-78.448	-32.201	142.340
-78.458	-32.206	142.363
-78.427	-32.228	142.373
-78.453	-32.195	142.262
-78.462	-32.215	142.315
-78.433	-32.218	142.348
-78.466	-32.235	142.326
-78.462	-32.205	142.316
-78.426	-32.198	142.339
-78.460	-32.198	142.340
-78.453	-32.217	142.365
-78.460	-32.209	142.327
-78.473	-32.191	142.322
-78.434	-32.205	142.294
-78.429	-32.173	142.291
-78.468	-32.209	142.332
-78.445	-32.201	142.344
-78.433	-32.210	142.371
-78.479	-32.197	142.369
-78.446	-32.212	142.348
-78.446	-32.237	142.345
-78.485	-32.202	142.356
-78.438	-32.202	142.330
-78.426	-32.211	142.331
-78.468	-32.241	142.355
-78.478	-32.232	142.388
-78.449	-32.208	142.360
-78.462	-32.207	142.379
-78.450	-32.207	142.358
-78.437	-32.205	142.384
-78.459	-32.206	142.341
-78.451	-32.209	142.385
-78.432	-32.223	142.392
-78.465	-32.209	142.331
-78.432	-32.205	142.317
-78.450	-32.193	142.391
-78.457	-32.207	142.349
-78.446	-32.197	142.334
-78.458	-32.245	142.419
-78.451	-32.230	142.391
-78.465	-32.226	142.424
-78.442	-32.214	142.345
-78.425	-32.195	142.326
-78.458	-32.202	142.322
-78.473	-32.204	142.368
-78.449	-32.217	142.411
-78.423	-32.218	142.325
-78.485	-32.231	142.338
-78.460	-32.196	142.314
-78.438	-32.249	142.377
-78.464	-32.218	142.323
-78.451	-32.213	142.362
-78.414	-32.211	142.315
-78.477	-32.223	142.308
-78.462	-32.200	142.376
-78.473	-32.187	142.368
-78.435	-32.195	142.275
-78.428	-32.221	142.386
-78.430	-32.187	142.343
-78.448	-32.222	142.325
-78.441	-32.211	142.372
-78.439	-32.205	142.345
-78.440	-32.202	142.426
-78.463	-32.195	142.324
-78.445	-32.204	142.344
-78.441	-32.219	142.365
-78.484	-32.199	142.331
-78.435	-32.232	142.359
-78.461	-32.222	142.363
-78.447	-32.196	142.362
-78.443	-32.198	142.336
-78.479	-32.216	142.322
-78.452	-32.186	142.325
-78.466	-32.187	142.287
-78.452	-32.239	142.361
-78.432	-32.210	142.362
-78.436	-32.207	142.376
-78.437	-32.210	142.291
-78.443	-32.213	142.372
-78.460	-32.196	142.317
-78.443	-32.200	142.305
-78.431	-32.202	142.266
-78.463	-32.225	142.342
-78.443	-32.195	142.330
-78.439	-32.222	142.344
-78.445	-32.192	142.359
-78.434	-32.187	142.341
-78.440	-32.208	142.336
-78.453	-32.229	142.386
-78.467	-32.195	142.270
-78.456	-32.253	142.424
-78.462	-32.194	142.325
-78.458	-32.212	142.335
-78.484	-32.217	142.342
-78.477	-32.225	142.362
-78.455	-32.219	142.348
-78.455	-32.193	142.309
-78.456	-32.188	142.286
-78.426	-32.186	142.315
-78.433	-32.203	142.348
-78.450	-32.226	142.379
-78.468	-32.218	142.329
-78.431	-32.214	142.349
-78.471	-32.208	142.348
-78.472	-32.210	142.358
-78.443	-32.192	142.340
-78.435	-32.187	142.301
-78.451	-32.218	142.348
-78.461	-32.197	142.310
-78.447	-32.205	142.357
-78.428	-32.215	142.349
-78.452	-32.214	142.367
-78.435	-32.189	142.315
-78.453	-32.228	142.390
-78.434	-32.211	142.313
-78.485	-32.188	142.295
-78.449	-32.225	142.368
-78.459	-32.219	142.385
-78.476	-32.186	142.324
-78.450	-32.180	142.333
-78.451	-32.251	142.401
-78.451	-32.213	142.358
-78.438	-32.237	142.373
-78.443	-32.209	142.363
-78.461	-32.225	142.387
-78.465	-32.212	142.363
-78.438	-32.190	142.314
-78.440	-32.203	142.269
-78.426	-32.229	142.381
-78.467	-32.215	142.331
-78.444	-32.227	142.360
-78.440	-32.203	142.307
-78.431	-32.215	142.305
-78.440	-32.214	142.331
-78.464	-32.219	142.375
-78.430	-32.197	142.402
-78.426	-32.199	142.308
-78.428	-32.212	142.358
-78.433	-32.223	142.339
-78.432	-32.224	142.374
-78.480	-32.243	142.373
-78.441	-32.204	142.313
-78.445	-32.219	142.321
-78.440	-32.217	142.365
-78.448	-32.237	142.334
-78.425	-32.212	142.363
-78.447	-32.241	142.360
-78.453	-32.207	142.317
-78.438	-32.201	142.328
-78.426	-32.219	142.355
-78.438	-32.241	142.397
-78.447	-32.198	142.341
-78.462	-32.226	142.380
-78.456	-32.208	142.341
-78.435	-32.253	142.376
-78.457	-32.209	142.334
-78.440	-32.210	142.357
-78.446	-32.223	142.340
-78.433	-32.188	142.327
-78.442	-32.222	142.361
-78.428	-32.214	142.328
-78.454	-32.205	142.350
-78.437	-32.233	142.401
-78.441	-32.219	142.372
-78.456	-32.217	142.351
-78.441	-32.245	142.423
-78.451	-32.218	142.350
-78.448	-32.211	142.331
-78.447	-32.215	142.383
-78.456	-32.245	142.377
-78.468	-32.218	142.345
-78.442	-32.232	142.388
-78.466	-32.226	142.367
-78.457	-32.199	142.292
-78.462	-32.216	142.361
-78.440	-32.221	142.317
-78.433	-32.207	142.366
-78.477	-32.201	142.329
-78.445	-32.196	142.355
-78.445	-32.199	142.337
-78.451	-32.228	142.377
-78.464	-32.223	142.409
-78.426	-32.197	142.295
-78.457	-32.220	142.369
-78.430	-32.198	142.359
-78.445	-32.174	142.290
-78.461	-32.230	142.338
-78.414	-32.232	142.384
-78.436	-32.191	142.321
-78.443	-32.221	142.333
-78.438	-32.229	142.384
-78.433	-32.206	142.354
-78.420	-32.197	142.347
-78.474	-32.222	142.393
-78.443	-32.212	142.339
-78.438	-32.227	142.389
-78.453	-32.212	142.353
-78.451	-32.212	142.366
-78.465	-32.236	142.364
-78.452	-32.225	142.360
-78.447	-32.220	142.357
-78.447	-32.195	142.332
-78.438	-32.219	142.340
-78.458	-32.184	142.356
-78.454	-32.189	142.325
-78.452	-32.209	142.331
-78.433	-32.223	142.422
-78.455	-32.197	142.341
-78.457	-32.201	142.347
-78.460	-32.210	142.370
-78.448	-32.220	142.355
-78.464	-32.226	142.353
-78.424	-32.195	142.351
-78.431	-32.240	142.375
-78.455	-32.214	142.321
-78.438	-32.223	142.324
-78.454	-32.186	142.320
-78.475	-32.229	142.412
-78.453	-32.245	142.381
-78.420	-32.204	142.384
-78.426	-32.210	142.418
-78.455	-32.201	142.367
-78.438	-32.212	142.323
-78.451	-32.208	142.360
-78.437	-32.206	142.345
-78.448	-32.195	142.274
-78.463	-32.224	142.418
-78.451	-32.214	142.399
-78.438	-32.197	142.306
-78.465	-32.242	142.430
-78.442	-32.226	142.322
-78.440	-32.235	142.372
-78.470	-32.215	142.335
-78.459	-32.217	142.341
-78.455	-32.215	142.314
-78.456	-32.199	142.366
-78.436	-32.222	142.354
-78.432	-32.202	142.369
-78.434	-32.225	142.388
-78.460	-32.219	142.372
-78.459	-32.221	142.386
-78.419	-32.201	142.343
-78.441	-32.194	142.312
-78.445	-32.207	142.372
-78.445	-32.212	142.358
-78.442	-32.208	142.353
-78.438	-32.175	142.293
-78.435	-32.222	142.386
-78.423	-32.210	142.396
-78.442	-32.217	142.383
-78.444	-32.209	142.358
-78.444	-32.219	142.341
-78.446	-32.199	142.311
-78.424	-32.202	142.318
-78.426	-32.194	142.304
-78.435	-32.203	142.352
-78.424	-32.193	142.275
-78.442	-32.200	142.331
-78.475	-32.183	142.336
-78.460	-32.218	142.367
-78.435	-32.201	142.332
-78.430	-32.195	142.328
-78.433	-32.202	142.329
-78.449	-32.198	142.364
-78.439	-32.172	142.251
-78.474	-32.227	142.365
-78.453	-32.220	142.357
-78.435	-32.219	142.317
-78.418	-32.190	142.330
-78.447	-32.226	142.374
-78.430	-32.213	142.376
-78.432	-32.211	142.402
-78.443	-32.218	142.391
-78.461	-32.248	142.386
-78.458	-32.209	142.349
-78.427	-32.209	142.339
-78.493	-32.216	142.374
-78.459	-32.230	142.390
-78.460	-32.240	142.366
-78.413	-32.225	142.390
-78.449	-32.225	142.384
-78.417	-32.189	142.359
-78.456	-32.196	142.333
-78.421	-32.230	142.367
-78.454	-32.214	142.343
-78.455	-32.188	142.306
-78.441	-32.198	142.324
-78.445	-32.226	142.357
-78.446	-32.228	142.373
-78.445	-32.236	142.373
-78.443	-32.241	142.415
-78.440	-32.221	142.339
-78.444	-32.204	142.322
-78.442	-32.210	142.347
-78.454	-32.214	142.343
-78.433	-32.175	142.330
-78.485	-32.193	142.291
-78.437	-32.173	142.299
-78.431	-32.213	142.375
-78.473	-32.223	142.399
-78.452	-32.234	142.363
-78.447	-32.180	142.319
-78.452	-32.180	142.294
-78.452	-32.191	142.345
-78.465	-32.186	142.303
-78.463	-32.218	142.345
-78.448	-32.206	142.350
-78.431	-32.219	142.373
-78.449	-32.220	142.406
-78.424	-32.203	142.364
-78.451	-32.201	142.357
-78.446	-32.191	142.343
-78.444	-32.211	142.311
-78.456	-32.196	142.309
-78.469	-32.251	142.375
-78.438	-32.251	142.368
-78.422	-32.207	142.347
-78.474	-32.159	142.298
-78.457	-32.223	142.380
-78.436	-32.207	142.344
-78.448	-32.218	142.344
-78.442	-32.201	142.362
-78.439	-32.189	142.349
-78.435	-32.210	142.339
-78.434	-32.194	142.299
-78.466	-32.209	142.361
-78.478	-32.211	142.386
-78.439	-32.148	142.230
-78.472	-32.206	142.346
-78.449	-32.215	142.358
-78.453	-32.208	142.347
-78.431	-32.186	142.305
-78.442	-32.190	142.380
-78.462	-32.212	142.351
-78.459	-32.203	142.361
-78.448	-32.210	142.398
-78.474	-32.201	142.343
-78.448	-32.212	142.337
-78.445	-32.212	142.322
-78.460	-32.224	142.372
-78.459	-32.206	142.400
-78.474	-32.186	142.302
-78.463	-32.193	142.360
-78.440	-32.199	142.346
-78.462	-32.224	142.367
-78.451	-32.200	142.322
-78.457	-32.201	142.325
-78.447	-32.209	142.319
-78.442	-32.196	142.323
-78.411	-32.196	142.377
-78.442	-32.197	142.349
-78.437	-32.211	142.358
-78.440	-32.207	142.347
-78.431	-32.210	142.318
-78.450	-32.204	142.311
-78.458	-32.214	142.342
-78.469	-32.211	142.341
-78.456	-32.215	142.355
-78.427	-32.198	142.289
-78.480	-32.255	142.425
-78.471	-32.224	142.371
-78.460	-32.229	142.363
-78.478	-32.222	142.360
-78.458	-32.195	142.318
-78.451	-32.233	142.329
-78.461	-32.233	142.401
-78.473	-32.230	142.352
-78.465	-32.208	142.307
-78.444	-32.205	142.323
-78.450	-32.183	142.309
-78.459	-32.193	142.372
-78.433	-32.212	142.340
-78.448	-32.237	142.363
-78.460	-32.218	142.369
-78.444	-32.182	142.315
-78.449	-32.216	142.370
-78.431	-32.206	142.325
-78.444	-32.212	142.369
-78.470	-32.196	142.316
-78.456	-32.204	142.308
-78.452	-32.196	142.382
-78.454	-32.239	142.372
-78.459	-32.216	142.383
-78.456	-32.219	142.331
-78.423	-32.221	142.363
-78.428	-32.219	142.345
-78.452	-32.205	142.360
-78.452	-32.205	142.331
-78.456	-32.203	142.304
-78.457	-32.208	142.331
-78.468	-32.191	142.313
-78.454	-32.189	142.311
-78.462	-32.213	142.388
-78.464	-32.229	142.413
-78.457	-32.234	142.362
-78.429	-32.209	142.370
-78.429	-32.243	142.410
-78.452	-32.228	142.403
-78.452	-32.195	142.369
-78.454	-32.260	142.435
-78.469	-32.207	142.325
-78.448	-32.231	142.419
-78.484	-32.194	142.324
-78.440	-32.217	142.342
-78.450	-32.220	142.384
-78.438	-32.196	142.324
-78.433	-32.188	142.283
-78.448	-32.227	142.356
-78.443	-32.229	142.327
-78.444	-32.245	142.348
-78.469	-32.207	142.373
-78.445	-32.219	142.330
-78.465	-32.201	142.357
-78.442	-32.207	142.289
-78.443	-32.213	142.366
-78.445	-32.218	142.364
-78.443	-32.202	142.360
-78.453	-32.185	142.302
-78.455	-32.212	142.334
-78.451	-32.210	142.342
-78.441	-32.209	142.372
-78.476	-32.237	142.383
-78.421	-32.216	142.358
-78.477	-32.223	142.388
-78.467	-32.196	142.318
-78.421	-32.202	142.373
-78.452	-32.196	142.322
-78.455	-32.182	142.356
-78.437	-32.195	142.351
-78.436	-32.185	142.322
-78.440	-32.215	142.346
-78.427	-32.203	142.376
-78.466	-32.234	142.366
-78.435	-32.212	142.373
-78.457	-32.208	142.359
-78.448	-32.235	142.337
-78.456	-32.208	142.345
-78.456	-32.232	142.370
-78.434	-32.225	142.322
-78.450	-32.198	142.389
-78.457	-32.255	142.381
-78.439	-32.191	142.339
-78.443	-32.222	142.353
-78.439	-32.238	142.380
-78.446	-32.202	142.315
-78.434	-32.169	142.255
-78.447	-32.202	142.376
-78.496	-32.230	142.414
-78.436	-32.220	142.375
-78.446	-32.214	142.348
-78.442	-32.208	142.376
-78.448	-32.245	142.408
-78.431	-32.166	142.258
-78.460	-32.227	142.378
-78.480	-32.212	142.356
-78.448	-32.162	142.276
-78.460	-32.209	142.348
-78.445	-32.223	142.393
-78.423	-32.205	142.329
-78.431	-32.200	142.339
-78.458	-32.210	142.358
-78.434	-32.188	142.306
-78.455	-32.234	142.405
-78.435	-32.190	142.281
-78.466	-32.214	142.342
-78.435	-32.184	142.364
-78.460	-32.212	142.366
-78.471	-32.224	142.364
-78.453	-32.219	142.393
-78.478	-32.217	142.359
-78.444	-32.217	142.390
-78.453	-32.218	142.328
-78.472	-32.193	142.393
-78.446	-32.239	142.393
-78.439	-32.237	142.358
-78.439	-32.230	142.333
-78.459	-32.218	142.362
-78.419	-32.197	142.304
-78.439	-32.222	142.360
-78.428	-32.191	142.294
-78.435	-32.202	142.347
-78.436	-32.212	142.356
-78.465	-32.192	142.342
-78.440	-32.236	142.407
-78.440	-32.187	142.318
-78.430	-32.220	142.382
-78.421	-32.207	142.339
-78.446	-32.212	142.340
-78.441	-32.239	142.378
-78.453	-32.209	142.385
-78.427	-32.241	142.356
-78.487	-32.228	142.386
-78.462	-32.213	142.351
-78.442	-32.211	142.328
-78.454	-32.216	142.342
-78.423	-32.216	142.349
-78.444	-32.228	142.320
-78.424	-32.207	142.375
-78.462	-32.201	142.405
-78.429	-32.197	142.342
-78.459	-32.202	142.344
-78.465	-32.222	142.362
-78.457	-32.219	142.323
-78.462	-32.216	142.336
-78.459	-32.198	142.371
-78.466	-32.227	142.368
-78.468	-32.196	142.355
-78.467	-32.236	142.393
-78.427	-32.206	142.329
-78.436	-32.196	142.353
-78.448	-32.206	142.312
-78.446	-32.247	142.351
-78.467	-32.211	142.325
-78.472	-32.209	142.332
-78.462	-32.213	142.425
-78.451	-32.195	142.338
-78.443	-32.208	142.378
-78.451	-32.221	142.351
-78.446	-32.220	142.347
-78.436	-32.204	142.316
-78.442	-32.247	142.395
-78.450	-32.230	142.327
-78.460	-32.211	142.355
-78.459	-32.229	142.380
-78.456	-32.209	142.349
-78.438	-32.184	142.308
-78.446	-32.219	142.363
-78.452	-32.222	142.347
-78.463	-32.228	142.324
-78.457	-32.214	142.358
-78.454	-32.224	142.338
-78.444	-32.182	142.319
-78.440	-32.225	142.393
-78.451	-32.236	142.345
-78.411	-32.233	142.345
-78.450	-32.204	142.342
-78.449	-32.225	142.375
-78.457	-32.172	142.337
-78.460	-32.220	142.389
-78.424	-32.228	142.366
-78.427	-32.187	142.369
-78.462	-32.254	142.419
-78.431	-32.223	142.324
-78.432	-32.197	142.342
-78.434	-32.218	142.297
-78.475	-32.245	142.357
-78.433	-32.213	142.433
-78.458	-32.214	142.329
-78.449	-32.214	142.342
-78.475	-32.248	142.365
-78.469	-32.215	142.390
-78.461	-32.223	142.352
-78.449	-32.220	142.417
-78.453	-32.227	142.385
-78.450	-32.210	142.367
-78.431	-32.205	142.323
-78.458	-32.196	142.325
-78.447	-32.188	142.317
-78.449	-32.228	142.390
-78.459	-32.236	142.389
-78.447	-32.230	142.383
-78.450	-32.248	142.413
-78.439	-32.182	142.321
-78.443	-32.246	142.401
-78.427	-32.215	142.358
-78.431	-32.218	142.328
-78.435	-32.221	142.339
-78.450	-32.209	142.369
-78.446	-32.203	142.411
-78.454	-32.220	142.347
-78.437	-32.213	142.344
-78.439	-32.205	142.389
-78.442	-32.234	142.368
-78.446	-32.224	142.346
-78.452	-32.218	142.350
-78.460	-32.211	142.350
-78.451	-32.230	142.359
-78.438	-32.198	142.345
-78.490	-32.237	142.365
-78.437	-32.219	142.370
-78.460	-32.224	142.353
-78.455	-32.208	142.331
-78.454	-32.215	142.407
-78.466	-32.231	142.351
-78.439	-32.177	142.315
-78.462	-32.216	142.340
-78.431	-32.215	142.325
-78.439	-32.214	142.365
-78.436	-32.197	142.339
-78.414	-32.169	142.328
-78.436	-32.182	142.321
-78.464	-32.246	142.400
-78.448	-32.199	142.319
-78.458	-32.181	142.310
-78.451	-32.171	142.286
-78.447	-32.219	142.331
-78.449	-32.202	142.292
-78.425	-32.192	142.326
-78.440	-32.178	142.287
-78.430	-32.199	142.331
-78.455	-32.180	142.283
-78.445	-32.222	142.352
-78.456	-32.202	142.361
-78.463	-32.224	142.404
-78.447	-32.201	142.323
-78.442	-32.236	142.360
-78.441	-32.210	142.364
-78.452	-32.208	142.356
-78.466	-32.207	142.334
-78.439	-32.222	142.358
-78.469	-32.209	142.367
-78.447	-32.223	142.382
-78.472	-32.235	142.398
-78.478	-32.228	142.397
-78.457	-32.210	142.352
-78.440	-32.224	142.388
-78.453	-32.180	142.295
-78.440	-32.193	142.291
-78.446	-32.241	142.394
-78.446	-32.228	142.370
-78.458	-32.212	142.301
-78.444	-32.178	142.270
-78.465	-32.226	142.414
-78.441	-32.179	142.357
-78.442	-32.196	142.296
-78.471	-32.195	142.390
-78.430	-32.206	142.349
-78.451	-32.215	142.317
-78.450	-32.246	142.401
-78.447	-32.210	142.334
-78.442	-32.216	142.342
-78.439	-32.189	142.334
-78.450	-32.175	142.310
-78.470	-32.241	142.415
-78.460	-32.210	142.332
-78.440	-32.189	142.308
-78.435	-32.241	142.384
-78.438	-32.199	142.337
-78.429	-32.187	142.316
-78.437	-32.203	142.370
-78.450	-32.216	142.343
-78.423	-32.213	142.314
-78.460	-32.194	142.341
-78.451	-32.232	142.386
-78.415	-32.201	142.316
-78.471	-32.258	142.408
-78.452	-32.198	142.362
-78.447	-32.227	142.401
-78.445	-32.199	142.347
-78.441	-32.232	142.406
-78.425	-32.210	142.335
-78.409	-32.224	142.363
-78.432	-32.203	142.296
-78.451	-32.215	142.341
-78.436	-32.209	142.338
-78.418	-32.203	142.347
-78.449	-32.203	142.381
-78.457	-32.193	142.291
-78.464	-32.245	142.380
-78.444	-32.263	142.405
-78.453	-32.195	142.277
-78.434	-32.181	142.367
-78.458	-32.184	142.354
-78.456	-32.245	142.377
-78.436	-32.223	142.379
-78.462	-32.225	142.383
-78.450	-32.202	142.351
-78.437	-32.191	142.335
-78.460	-32.197	142.305
-78.443	-32.222	142.340
-78.422	-32.217	142.369
-78.468	-32.221	142.424
-78.462	-32.190	142.294
-78.432	-32.187	142.319
-78.453	-32.189	142.383
-78.438	-32.234	142.400
-78.446	-32.212	142.351
-78.443	-32.195	142.361
-78.455	-32.230	142.317
-78.433	-32.223	142.342
-78.431	-32.223	142.350
-78.459	-32.211	142.350
-78.470	-32.218	142.396
-78.433	-32.238	142.369
-78.453	-32.199	142.303
-78.447	-32.185	142.311
-78.428	-32.216	142.308
-78.427	-32.216	142.329
-78.434	-32.209	142.367
-78.467	-32.205	142.365
-78.462	-32.183	142.274
-78.474	-32.209	142.370
-78.466	-32.223	142.334
-78.418	-32.217	142.319
-78.474	-32.231	142.351
-78.461	-32.231	142.369
-78.446	-32.214	142.356
-78.428	-32.192	142.343
-78.451	-32.224	142.379
-78.436	-32.209	142.360
-78.448	-32.212	142.357
-78.441	-32.250	142.388
-78.423	-32.201	142.316
-78.423	-32.184	142.325
-78.427	-32.217	142.311
-78.447	-32.238	142.346
-78.455	-32.189	142.327
-78.444	-32.222	142.348
-78.451	-32.223	142.311
-78.437	-32.212	142.382
-78.433	-32.185	142.341
-78.456	-32.202	142.288
-78.478	-32.204	142.363
-78.451	-32.229	142.375
-78.480	-32.258	142.381
-78.456	-32.213	142.372
-78.450	-32.202	142.324
-78.451	-32.193	142.307
-78.450	-32.221	142.390
-78.433	-32.202	142.383
-78.464	-32.222	142.317
-78.464	-32.213	142.401
-78.464	-32.207	142.358
-78.450	-32.204	142.328
-78.441	-32.236	142.349
-78.444	-32.208	142.296
-78.463	-32.224	142.412
-78.436	-32.205	142.326
-78.465	-32.197	142.342
-78.451	-32.224	142.378
-78.463	-32.227	142.374
-78.448	-32.215	142.371
-78.442	-32.218	142.402
-78.449	-32.210	142.343
-78.464	-32.221	142.377
-78.454	-32.215	142.352
-78.443	-32.229	142.364
-78.465	-32.248	142.397
-78.440	-32.222	142.371
-78.459	-32.182	142.293
-78.461	-32.190	142.323
-78.452	-32.245	142.382
-78.470	-32.216	142.331
-78.423	-32.227	142.352
-78.430	-32.213	142.346
-78.449	-32.241	142.386
-78.457	-32.225	142.401
-78.435	-32.231	142.413
-78.438	-32.241	142.380
-78.445	-32.203	142.314
-78.465	-32.253	142.445
-78.465	-32.211	142.409
-78.476	-32.226	142.387
-78.448	-32.207	142.352
-78.455	-32.193	142.341
-78.424	-32.207	142.340
-78.469	-32.220	142.350
-78.441	-32.231	142.390
-78.441	-32.194	142.318
-78.446	-32.224	142.364
-78.453	-32.206	142.333
-78.479	-32.218	142.388
-78.433	-32.196	142.308
-78.450	-32.209	142.339
-78.466	-32.200	142.364
-78.440	-32.195	142.311
-78.416	-32.239	142.321
-78.489	-32.249	142.371
-78.440	-32.231	142.378
-78.435	-32.219	142.315
-78.473	-32.222	142.370
-78.436	-32.226	142.307
-78.446	-32.175	142.274
-78.454	-32.219	142.391
-78.441	-32.187	142.327
-78.427	-32.210	142.328
-78.452	-32.214	142.364
-78.449	-32.221	142.357
-78.457	-32.208	142.370
-78.419	-32.213	142.327
-78.446	-32.214	142.315
-78.426	-32.215	142.360
-78.447	-32.176	142.286
-78.473	-32.247	142.384
-78.472	-32.210	142.319
-78.441	-32.194	142.347
-78.424	-32.199	142.379
-78.461	-32.205	142.293
-78.441	-32.213	142.323
-78.424	-32.181	142.259
-78.462	-32.197	142.329
-78.457	-32.235	142.375
-78.434	-32.237	142.356
-78.443	-32.234	142.375
-78.484	-32.211	142.325
-78.449	-32.222	142.373
-78.456	-32.212	142.370
-78.448	-32.198	142.302
-78.432	-32.234	142.374
-78.450	-32.209	142.290
-78.456	-32.198	142.353
-78.450	-32.230	142.384
-78.433	-32.212	142.351
-78.470	-32.217	142.364
-78.450	-32.240	142.399
-78.452	-32.207	142.357
-78.450	-32.173	142.283
-78.443	-32.185	142.291
-78.450	-32.209	142.327
-78.434	-32.230	142.386
-78.448	-32.204	142.335
-78.425	-32.222	142.384
-78.443	-32.235	142.298
-78.447	-32.187	142.312
-78.463	-32.222	142.416
-78.444	-32.210	142.364
-78.437	-32.208	142.351
-78.434	-32.240	142.338
-78.424	-32.163	142.275
-78.450	-32.204	142.293
-78.474	-32.237	142.392
-78.467	-32.194	142.378
-78.460	-32.214	142.383
-78.450	-32.204	142.297
-78.455	-32.219	142.326
-78.443	-32.196	142.353
-78.440	-32.220	142.389
-78.448	-32.236	142.340
-78.433	-32.225	142.368
-78.457	-32.206	142.341
-78.448	-32.208	142.371
-78.429	-32.201	142.294
-78.458	-32.217	142.380
-78.443	-32.236	142.302
-78.439	-32.198	142.328
-78.447	-32.218	142.363
-78.468	-32.220	142.394
-78.431	-32.211	142.352
-78.472	-32.199	142.313
-78.443	-32.209	142.397
-78.464	-32.224	142.394
-78.456	-32.203	142.314
-78.448	-32.220	142.339
-78.430	-32.205	142.285
-78.465	-32.237	142.368
-78.455	-32.227	142.348
-78.451	-32.195	142.378
-78.420	-32.189	142.312
-78.466	-32.190	142.316
-78.452	-32.192	142.338
-78.444	-32.231	142.371
-78.433	-32.202	142.311
-78.434	-32.193	142.352
-78.459	-32.220	142.367
-78.465	-32.247	142.376
-78.468	-32.180	142.342
-78.456	-32.221	142.353
-78.471	-32.199	142.309
-78.440	-32.216	142.327
-78.447	-32.209	142.324
-78.458	-32.210	142.364
-78.470	-32.232	142.378
-78.459	-32.246	142.469
-78.454	-32.222	142.371
-78.452	-32.204	142.335
-78.454	-32.233	142.366
-78.456	-32.202	142.347
-78.436	-32.218	142.352
-78.445	-32.206	142.301
-78.453	-32.232	142.383
-78.437	-32.216	142.360
-78.457	-32.223	142.324
-78.452	-32.188	142.358
-78.464	-32.230	142.380
-78.451	-32.234	142.382
-78.465	-32.202	142.356
-78.433	-32.204	142.312
-78.456	-32.205	142.343
-78.447	-32.218	142.306
-78.446	-32.174	142.246
-78.455	-32.197	142.347
-78.457	-32.241	142.411
-78.440	-32.191	142.345
-78.446	-32.203	142.347
-78.479	-32.169	142.299
-78.440	-32.199	142.303
-78.465	-32.221	142.396
-78.468	-32.229	142.371
-78.445	-32.218	142.330
-78.464	-32.197	142.340
-78.467	-32.230	142.363
-78.466	-32.216	142.380
-78.456	-32.211	142.360
-78.470	-32.196	142.319
-78.464	-32.227	142.383
-78.450	-32.193	142.319
-78.449	-32.183	142.292
-78.458	-32.199	142.312
-78.424	-32.221	142.374
-78.442	-32.210	142.358
-78.434	-32.217	142.356
-78.435	-32.190	142.313
-78.459	-32.243	142.387
-78.467	-32.175	142.264
-78.461	-32.231	142.388
-78.457	-32.232	142.346
-78.446	-32.264	142.427
-78.471	-32.211	142.365
-78.451	-32.206	142.334
-78.432	-32.184	142.294
-78.428	-32.198	142.314
-78.454	-32.207	142.366
-78.448	-32.196	142.367
-78.444	-32.188	142.306
-78.469	-32.241	142.376
-78.457	-32.189	142.375
-78.435	-32.224	142.377
-78.453	-32.212	142.323
-78.447	-32.209	142.333
-78.454	-32.203	142.303
-78.437	-32.205	142.329
-78.452	-32.200	142.352
-78.460	-32.202	142.302
-78.437	-32.221	142.337
-78.436	-32.211	142.318
-78.434	-32.215	142.346
-78.445	-32.206	142.317
-78.476	-32.227	142.388
-78.467	-32.217	142.365
-78.442	-32.178	142.336
-78.444	-32.199	142.356
-78.442	-32.248	142.380
-78.446	-32.180	142.227
-78.448	-32.239	142.406
-78.441	-32.213	142.342
-78.459	-32.210	142.384
-78.454	-32.236	142.407
-78.434	-32.217	142.296
-78.447	-32.250	142.393
-78.437	-32.190	142.348
-78.450	-32.198	142.286
-78.492	-32.218	142.324
-78.459	-32.173	142.290
-78.470	-32.208	142.361
-78.450	-32.206	142.326
-78.460	-32.214	142.379
-78.437	-32.242	142.436
-78.462	-32.234	142.372
-78.454	-32.203	142.328
-78.475	-32.206	142.318
-78.438	-32.207	142.368
-78.437	-32.199	142.330
-78.427	-32.196	142.294
-78.434	-32.226	142.350
-78.428	-32.216	142.322
-78.447	-32.218	142.380
-78.452	-32.228	142.368
-78.446	-32.203	142.324
-78.442	-32.211	142.344
-78.448	-32.200	142.327
-78.461	-32.201	142.313
-78.451	-32.196	142.305
-78.442	-32.223	142.326
-78.425	-32.212	142.327
-78.471	-32.201	142.390
-78.442	-32.188	142.333
-78.451	-32.206	142.377
-78.436	-32.181	142.304
-78.441	-32.207	142.334
-78.427	-32.211	142.321
-78.436	-32.225	142.351
-78.440	-32.213	142.346
-78.446	-32.196	142.351
-78.419	-32.210	142.331
-78.466	-32.217	142.375
-78.473	-32.185	142.292
-78.437	-32.200	142.373
-78.459	-32.245	142.397
-78.469	-32.233	142.357
-78.457	-32.211	142.341
-78.448	-32.208	142.354
-78.432	-32.250	142.451
-78.425	-32.198	142.355
-78.456	-32.211	142.386
-78.441	-32.181	142.266
-78.415	-32.208	142.313
-78.456	-32.222	142.367
-78.460	-32.213	142.319
-78.450	-32.210	142.351
-78.437	-32.221	142.418
-78.427	-32.217	142.323
-78.436	-32.197	142.291
-78.442	-32.215	142.357
-78.471	-32.226	142.366
-78.458	-32.229	142.338
-78.434	-32.218	142.345
-78.457	-32.194	142.355
-78.453	-32.213	142.329
-78.439	-32.194	142.341
-78.457	-32.209	142.330
-78.447	-32.230	142.359
-78.439	-32.237	142.419
-78.431	-32.219	142.356
-78.417	-32.197	142.282
-78.417	-32.210	142.330
-78.423	-32.190	142.344
-78.450	-32.221	142.366
-78.439	-32.184	142.346
-78.476	-32.200	142.407
-78.464	-32.193	142.391
-78.453	-32.197	142.347
-78.486	-32.203	142.356
-78.441	-32.184	142.312
-78.470	-32.229	142.348
-78.446	-32.187	142.307
-78.465	-32.223	142.392
-78.457	-32.220	142.362
-78.455	-32.210	142.371
-78.447	-32.203	142.358
-78.449	-32.222	142.373
-78.459	-32.246	142.399
-78.449	-32.225	142.355
-78.420	-32.190	142.329
-78.456	-32.217	142.380
-78.482	-32.211	142.357
-78.462	-32.210	142.425
-78.455	-32.202	142.335
-78.461	-32.229	142.370
-78.469	-32.211	142.349
-78.461	-32.215	142.352
-78.438	-32.222	142.369
-78.462	-32.197	142.361
-78.448	-32.229	142.336
-78.448	-32.227	142.346
-78.431	-32.192	142.346
-78.448	-32.229	142.312
-78.454	-32.206	142.375
-78.439	-32.209	142.341
-78.438	-32.218	142.298
-78.451	-32.204	142.327
-78.470	-32.221	142.305
-78.469	-32.227	142.360
-78.439	-32.217	142.339
-78.444	-32.230	142.358
-78.455	-32.216	142.365
-78.435	-32.221	142.355
-78.479	-32.238	142.374
-78.430	-32.203	142.340
-78.438	-32.232	142.409
-78.442	-32.218	142.362
-78.433	-32.224	142.401
-78.431	-32.200	142.292
-78.426	-32.203	142.305
-78.454	-32.210	142.379
-78.450	-32.215	142.356
-78.447	-32.194	142.325
-78.455	-32.232	142.397
-78.433	-32.180	142.268
-78.432	-32.205	142.358
-78.451	-32.220	142.356
-78.446	-32.227	142.358
-78.430	-32.223	142.362
-78.443	-32.206	142.349
-78.440	-32.199	142.292
-78.448	-32.210	142.382
-78.427	-32.193	142.295
-78.447	-32.217	142.330
-78.435	-32.207	142.334
-78.425	-32.210	142.359
-78.444	-32.203	142.304
-78.422	-32.221	142.355
-78.442	-32.225	142.357
-78.455	-32.222	142.370
-78.445	-32.251	142.420
-78.449	-32.181	142.301
-78.455	-32.216	142.368
-78.465	-32.204	142.367
-78.455	-32.194	142.375
-78.428	-32.245	142.384
-78.447	-32.211	142.378
-78.460	-32.231	142.367
-78.466	-32.203	142.336
-78.456	-32.206	142.325
-78.457	-32.195	142.310
-78.464	-32.196	142.294
-78.449	-32.242	142.374
-78.431	-32.246	142.435
-78.465	-32.203	142.326
-78.459	-32.217	142.372
-78.438	-32.196	142.325
-78.419	-32.210	142.318
-78.447	-32.217	142.339
-78.457	-32.236	142.384
-78.438	-32.215	142.320
-78.467	-32.178	142.318
-78.457	-32.198	142.337
-78.447	-32.217	142.383
-78.454	-32.218	142.339
-78.441	-32.221	142.354
-78.438	-32.211	142.314
-78.438	-32.223	142.383
-78.443	-32.231	142.433
-78.429	-32.208	142.387
-78.453	-32.209	142.338
-78.436	-32.207	142.364
-78.464	-32.240	142.450
-78.458	-32.216	142.333
-78.452	-32.232	142.350
-78.451	-32.201	142.282
-78.455	-32.208	142.381
-78.460	-32.213	142.385
-78.419	-32.207	142.312
-78.442	-32.189	142.322
-78.457	-32.223	142.410
-78.465	-32.189	142.287
-78.456	-32.194	142.340
-78.457	-32.190	142.332
-78.417	-32.197	142.351
-78.454	-32.195	142.340
-78.437	-32.208	142.321
-78.441	-32.207	142.327
-78.445	-32.185	142.312
-78.417	-32.221	142.318
-78.486	-32.209	142.339
-78.438	-32.223	142.395
-78.441	-32.221	142.378
-78.445	-32.215	142.336
-78.469	-32.214	142.341
-78.467	-32.216	142.375
-78.449	-32.208	142.342
-78.466	-32.204	142.307
-78.439	-32.199	142.341
-78.464	-32.223	142.349
-78.451	-32.201	142.320
-78.427	-32.238	142.397
-78.452	-32.198	142.345
-78.457	-32.216	142.364
-78.442	-32.200	142.322
-78.455	-32.233	142.359
-78.471	-32.237	142.411
-78.451	-32.197	142.309
-78.442	-32.216	142.363
-78.445	-32.234	142.413
-78.460	-32.200	142.341
-78.443	-32.198	142.314
-78.426	-32.201	142.329
-78.456	-32.184	142.325
-78.463	-32.196	142.341
-78.456	-32.224	142.402
-78.446	-32.187	142.329
-78.441	-32.215	142.373
-78.431	-32.191	142.316
-78.464	-32.221	142.368
-78.442	-32.230	142.417
-78.465	-32.207	142.343
-78.419	-32.223	142.364
-78.458	-32.211	142.345
-78.407	-32.187	142.328
-78.448	-32.180	142.333
-78.436	-32.198	142.331
-78.447	-32.222	142.377
-78.447	-32.190	142.342
-78.444	-32.214	142.311
-78.456	-32.208	142.364
-78.476	-32.197	142.312
-78.444	-32.228	142.421
-78.423	-32.208	142.323
-78.425	-32.206	142.386
-78.455	-32.223	142.359
-78.469	-32.202	142.280
-78.458	-32.203	142.297
-78.430	-32.202	142.319
-78.454	-32.221	142.335
-78.454	-32.195	142.272
-78.446	-32.227	142.355
-78.450	-32.216	142.403
-78.451	-32.212	142.375
-78.472	-32.221	142.379
-78.463	-32.243	142.432
-78.438	-32.199	142.335
-78.452	-32.204	142.318
-78.430	-32.202	142.308
-78.430	-32.218	142.354
-78.429	-32.217	142.362
-78.434	-32.167	142.254
-78.451	-32.197	142.316
-78.445	-32.245	142.393
-78.427	-32.216	142.326
-78.444	-32.220	142.386
-78.430	-32.164	142.292
-78.426	-32.206	142.368
-78.452	-32.212	142.384
-78.465	-32.207	142.374
-78.428	-32.225	142.388
-78.417	-32.215	142.328
-78.446	-32.251	142.402
-78.455	-32.225	142.345
-78.466	-32.249	142.415
-78.440	-32.188	142.355
-78.443	-32.207	142.332
-78.439	-32.218	142.335
-78.492	-32.215	142.372
-78.458	-32.193	142.337
-78.439	-32.215	142.360
-78.447	-32.232	142.384
-78.444	-32.199	142.338
-78.471	-32.203	142.405
-78.468	-32.201	142.339
-78.438	-32.205	142.291
-78.441	-32.214	142.351
-78.471	-32.223	142.316
-78.438	-32.224	142.341
-78.471	-32.217	142.403
-78.445	-32.216	142.373
-78.414	-32.208	142.298
-78.422	-32.219	142.317
-78.454	-32.218	142.375
-78.448	-32.245	142.406
-78.440	-32.210	142.354
-78.478	-32.211	142.348
-78.444	-32.224	142.397
-78.452	-32.227	142.397
-78.472	-32.203	142.346
-78.444	-32.219	142.317
-78.446	-32.206	142.369
-78.436	-32.234	142.354
-78.426	-32.218	142.329
-78.449	-32.205	142.396
-78.452	-32.177	142.276
-78.422	-32.234	142.368
-78.439	-32.227	142.347
-78.458	-32.221	142.366
-78.441	-32.211	142.312
-78.458	-32.214	142.354
-78.453	-32.221	142.429
-78.458	-32.206	142.362
-78.450	-32.240	142.378
-78.442	-32.182	142.319
-78.432	-32.207	142.399
-78.458	-32.228	142.346
-78.443	-32.204	142.367
-78.436	-32.206	142.355
-78.491	-32.225	142.331
-78.446	-32.197	142.314
-78.429	-32.229	142.352
-78.451	-32.203	142.332
-78.446	-32.186	142.345
-78.437	-32.188	142.293
-78.420	-32.204	142.262
-78.444	-32.210	142.310
-78.468	-32.203	142.352
-78.465	-32.229	142.412
-78.448	-32.217	142.354
-78.458	-32.232	142.365
-78.430	-32.217	142.349
-78.456	-32.225	142.332
-78.433	-32.213	142.354
-78.435	-32.215	142.347
-78.454	-32.214	142.390
-78.447	-32.190	142.295
-78.473	-32.209	142.317
-78.449	-32.203	142.266
-78.436	-32.204	142.345
-78.418	-32.210	142.320
-78.439	-32.180	142.295
-78.453	-32.210	142.364
-78.456	-32.229	142.360
-78.451	-32.194	142.316
-78.461	-32.216	142.304
-78.460	-32.203	142.337
-78.456	-32.191	142.316
-78.412	-32.195	142.314
-78.437	-32.205	142.341
-78.445	-32.211	142.389
-78.449	-32.206	142.300
-78.471	-32.195	142.340
-78.481	-32.205	142.364
-78.430	-32.212	142.345
-78.463	-32.222	142.338
-78.450	-32.228	142.347
-78.450	-32.196	142.345
-78.440	-32.207	142.352
-78.462	-32.224	142.353
-78.425	-32.226	142.323
-78.438	-32.216	142.303
-78.442	-32.222	142.378
-78.425	-32.203	142.333
-78.458	-32.202	142.331
-78.439	-32.208	142.334
-78.446	-32.200	142.297
-78.438	-32.222	142.393
-78.457	-32.213	142.400
-78.444	-32.201	142.319
-78.449	-32.259	142.396
-78.441	-32.202	142.302
-78.469	-32.225	142.340
-78.445	-32.222	142.393
-78.456	-32.218	142.334
-78.453	-32.225	142.409
-78.477	-32.222	142.360
-78.444	-32.228	142.387
-78.459	-32.224	142.369
-78.457	-32.217	142.371
-78.456	-32.203	142.334
-78.467	-32.248	142.453
-78.453	-32.185	142.305
-78.436	-32.210	142.305
-78.467	-32.223	142.320
-78.446	-32.227	142.375
-78.456	-32.203	142.351
-78.450	-32.191	142.303
-78.432	-32.217	142.278
-78.462	-32.230	142.369
-78.418	-32.203	142.339
-78.436	-32.187	142.302
-78.434	-32.222	142.309
-78.453	-32.215	142.386
-78.446	-32.206	142.360
-78.441	-32.227	142.409
-78.444	-32.188	142.331
-78.436	-32.207	142.315
-78.421	-32.216	142.328
-78.455	-32.188	142.359
-78.447	-32.199	142.352
-78.463	-32.207	142.366
-78.441	-32.188	142.331
-78.440	-32.202	142.329
-78.446	-32.219	142.369
-78.487	-32.216	142.363
-78.473	-32.219	142.365
-78.472	-32.230	142.385
-78.416	-32.204	142.345
-78.460	-32.193	142.339
-78.480	-32.206	142.356
-78.453	-32.203	142.277
-78.440	-32.229	142.397
-78.425	-32.220	142.370
-78.468	-32.237	142.330
-78.454	-32.170	142.307
-78.426	-32.241	142.372
-78.432	-32.240	142.377
-78.451	-32.211	142.313
-78.448	-32.203	142.296
-78.429	-32.232	142.396
-78.450	-32.214	142.337
-78.432	-32.209	142.349
-78.455	-32.216	142.330
-78.463	-32.217	142.362
-78.455	-32.202	142.350
-78.449	-32.222	142.360
-78.457	-32.220	142.334
-78.448	-32.240	142.399
-78.469	-32.235	142.363
-78.449	-32.233	142.370
-78.463	-32.180	142.326
-78.444	-32.235	142.324
-78.440	-32.248	142.433
-78.418	-32.205	142.393
-78.460	-32.229	142.373
-78.417	-32.236	142.418
-78.446	-32.219	142.362
-78.451	-32.217	142.335
-78.460	-32.204	142.342
-78.453	-32.210	142.351
-78.469	-32.215	142.347
-78.444	-32.228	142.380
-78.446	-32.217	142.336
-78.446	-32.197	142.312
-78.453	-32.199	142.393
-78.449	-32.223	142.378
-78.456	-32.216	142.328
-78.439	-32.214	142.365
-78.468	-32.207	142.323
-78.453	-32.167	142.264
-78.458	-32.215	142.353
-78.462	-32.206	142.361
-78.448	-32.186	142.341
-78.454	-32.216	142.391
-78.450	-32.208	142.360
-78.468	-32.228	142.374
-78.441	-32.212	142.351
-78.456	-32.209	142.317
-78.417	-32.228	142.270
-78.439	-32.215	142.361
-78.470	-32.207	142.310
-78.481	-32.206	142.337
-78.433	-32.218	142.371
-78.452	-32.237	142.379
-78.458	-32.227	142.367
-78.466	-32.176	142.235
-78.458	-32.200	142.310
-78.458	-32.235	142.368
-78.435	-32.211	142.321
-78.449	-32.189	142.312
-78.466	-32.202	142.317
-78.455	-32.218	142.310
-78.455	-32.193	142.344
-78.443	-32.205	142.335
-78.487	-32.224	142.327
-78.425	-32.205	142.375
-78.455	-32.206	142.344
-78.438	-32.212	142.382
-78.433	-32.187	142.328
-78.465	-32.197	142.318
-78.451	-32.212	142.356
-78.458	-32.236	142.394
-78.440	-32.227	142.351
-78.447	-32.196	142.337
-78.433	-32.207	142.379
-78.445	-32.245	142.375
-78.468	-32.227	142.379
-78.449	-32.237	142.390
-78.472	-32.214	142.346
-78.428	-32.213	142.376
-78.426	-32.233	142.361
-78.411	-32.232	142.413
-78.433	-32.222	142.356
-78.466	-32.196	142.362
-78.459	-32.211	142.363
-78.420	-32.187	142.334
-78.432	-32.223	142.366
-78.414	-32.194	142.276
-78.434	-32.194	142.313
-78.428	-32.212	142.397
-78.453	-32.226	142.372
-78.409	-32.205	142.324
-78.453	-32.226	142.385
-78.437	-32.192	142.316
-78.440	-32.185	142.346
-78.445	-32.216	142.360
-78.474	-32.218	142.371
-78.453	-32.209	142.328
-78.465	-32.239	142.383
-78.461	-32.217	142.351
-78.452	-32.204	142.292
-78.456	-32.198	142.317
-78.448	-32.209	142.352
-78.462	-32.248	142.401
-78.448	-32.142	142.287
-78.424	-32.207	142.393
-78.436	-32.188	142.322
-78.433	-32.174	142.340
-78.457	-32.228	142.381
-78.438	-32.228	142.356
-78.467	-32.202	142.350
-78.444	-32.203	142.356
-78.443	-32.177	142.308
-78.444	-32.217	142.349
-78.448	-32.222	142.341
-78.442	-32.211	142.376
-78.425	-32.216	142.347
-78.436	-32.196	142.321
-78.452	-32.243	142.374
-78.438	-32.231	142.365
-78.436	-32.230	142.391
-78.437	-32.208	142.325
-78.446	-32.194	142.349
-78.441	-32.246	142.365
-78.420	-32.204	142.356
-78.467	-32.248	142.399
-78.424	-32.193	142.321
-78.431	-32.209	142.322
-78.424	-32.235	142.397
-78.428	-32.196	142.340
-78.429	-32.224	142.357
-78.449	-32.216	142.399
-78.462	-32.200	142.312
-78.423	-32.210	142.362
-78.438	-32.232	142.334
-78.442	-32.227	142.402
-78.437	-32.211	142.354
-78.453	-32.231	142.395
-78.433	-32.194	142.331
-78.465	-32.202	142.355
-78.450	-32.195	142.357
-78.439	-32.199	142.314
-78.453	-32.223	142.340
-78.429	-32.214	142.386
-78.462	-32.197	142.330
-78.431	-32.241	142.472
-78.459	-32.213	142.370
-78.461	-32.227	142.351
-78.455	-32.194	142.360
-78.449	-32.221	142.353
-78.474	-32.199	142.372
-78.452	-32.230	142.385
-78.448	-32.224	142.368
-78.421	-32.206	142.310
-78.441	-32.208	142.328
-78.442	-32.167	142.303
-78.424	-32.240	142.396
-78.444	-32.220	142.317
-78.429	-32.226	142.394
-78.447	-32.230	142.402
-78.460	-32.194	142.315
-78.458	-32.213	142.360
-78.424	-32.218	142.364
-78.450	-32.237	142.388
-78.441	-32.186	142.341
-78.443	-32.231	142.390
-78.433	-32.233	142.368
-78.424	-32.236	142.373
-78.435	-32.212	142.409
-78.424	-32.219	142.360
-78.466	-32.201	142.306
-78.444	-32.189	142.355
-78.474	-32.244	142.423
-78.454	-32.234	142.388
-78.436	-32.217	142.375
-78.469	-32.225	142.340
-78.453	-32.224	142.328
-78.455	-32.223	142.341
-78.447	-32.241	142.450
-78.449	-32.233	142.414
-78.458	-32.204	142.356
-78.422	-32.189	142.317
-78.447	-32.216	142.330
-78.484	-32.214	142.351
-78.441	-32.224	142.364
-78.451	-32.204	142.384
-78.474	-32.190	142.350
-78.440	-32.195	142.349
-78.434	-32.216	142.326
-78.435	-32.229	142.331
-78.445	-32.223	142.376
-78.422	-32.224	142.331
-78.453	-32.226	142.334
-78.425	-32.195	142.294
-78.424	-32.188	142.363
-78.433	-32.188	142.327
-78.444	-32.217	142.374
-78.486	-32.211	142.344
-78.437	-32.211	142.361
-78.449	-32.225	142.301
-78.465	-32.208	142.313
-78.434	-32.209	142.350
-78.440	-32.221	142.347
-78.430	-32.209	142.331
-78.499	-32.257	142.389
-78.443	-32.212	142.377
-78.440	-32.183	142.330
-78.457	-32.212	142.392
-78.460	-32.188	142.301
-78.465	-32.229	142.375
-78.430	-32.207	142.370
-78.460	-32.208	142.296
-78.443	-32.229	142.365
-78.456	-32.220	142.397
-78.455	-32.244	142.382
-78.454	-32.207	142.337
-78.435	-32.208	142.337
-78.439	-32.198	142.331
-78.468	-32.224	142.336
-78.459	-32.236	142.393
-78.456	-32.208	142.337
-78.446	-32.224	142.384
-78.430	-32.195	142.323
-78.464	-32.208	142.339
-78.453	-32.225	142.341
-78.483	-32.202	142.340
-78.441	-32.197	142.294
-78.440	-32.193	142.359
-78.445	-32.257	142.404
-78.461	-32.233	142.400
-78.450	-32.239	142.388
-78.461	-32.235	142.355
-78.453	-32.200	142.381
-78.441	-32.223	142.314
-78.427	-32.223	142.347
-78.473	-32.223	142.358
-78.427	-32.200	142.314
-78.448	-32.237	142.362
-78.436	-32.189	142.357
-78.429	-32.216	142.318
-78.450	-32.233	142.380
-78.451	-32.198	142.345
-78.437	-32.217	142.325
-78.444	-32.226	142.330
-78.415	-32.185	142.303
-78.422	-32.209	142.339
-78.449	-32.224	142.363
-78.436	-32.214	142.331
-78.447	-32.205	142.372
-78.432	-32.223	142.317
-78.465	-32.210	142.397
-78.433	-32.199	142.318
-78.454	-32.223	142.410
-78.432	-32.207	142.334
-78.419	-32.197	142.366
-78.437	-32.221	142.353
-78.453	-32.204	142.374
-78.442	-32.225	142.397
-78.468	-32.209	142.393
-78.419	-32.206	142.328
-78.438	-32.191	142.325
-78.454	-32.227	142.343
-78.425	-32.190	142.328
-78.423	-32.204	142.352
-78.445	-32.195	142.314
-78.427	-32.213	142.318
-78.440	-32.211	142.388
-78.450	-32.223	142.343
-78.445	-32.216	142.307
-78.441	-32.231	142.383
-78.459	-32.215	142.336
-78.451	-32.220	142.363
-78.437	-32.231	142.302
-78.432	-32.214	142.374
-78.448	-32.195	142.321
-78.444	-32.177	142.299
-78.440	-32.222	142.350
-78.450	-32.204	142.304
-78.429	-32.228	142.372
-78.454	-32.219	142.318
-78.447	-32.233	142.372
-78.464	-32.215	142.358
-78.443	-32.213	142.337
-78.454	-32.189	142.313
-78.464	-32.231	142.396
-78.436	-32.238	142.357
-78.474	-32.207	142.351
-78.472	-32.214	142.372
-78.418	-32.220	142.336
-78.436	-32.226	142.360
-78.434	-32.179	142.330
-78.422	-32.210	142.313
-78.460	-32.207	142.343
-78.439	-32.228	142.321
-78.436	-32.194	142.340
-78.454	-32.211	142.343
-78.460	-32.222	142.315
-78.427	-32.223	142.335
-78.447	-32.222	142.361
-78.444	-32.198	142.353
-78.457	-32.188	142.307
-78.430	-32.219	142.321
-78.458	-32.196	142.336
-78.406	-32.211	142.397
-78.423	-32.183	142.313
-78.450	-32.202	142.317
-78.433	-32.212	142.315
-78.435	-32.244	142.362
-78.466	-32.202	142.325
-78.448	-32.226	142.302
-78.465	-32.201	142.368
-78.461	-32.181	142.301
-78.435	-32.181	142.331
-78.437	-32.212	142.364
-78.440	-32.201	142.341
-78.442	-32.201	142.338
-78.471	-32.238	142.354
-78.432	-32.225	142.324
-78.430	-32.224	142.368
-78.443	-32.165	142.306
-78.430	-32.219	142.313
-78.440	-32.215	142.373
-78.465	-32.223	142.341
-78.433	-32.212	142.294
-78.453	-32.185	142.338
-78.437	-32.233	142.365
-78.465	-32.222	142.423
-78.432	-32.203	142.295
-78.458	-32.216	142.341
-78.466	-32.246	142.413
-78.442	-32.224	142.403
-78.428	-32.217	142.272
-78.432	-32.210	142.346
-78.449	-32.189	142.368
-78.460	-32.221	142.401
-78.458	-32.245	142.386
-78.453	-32.220	142.349
-78.441	-32.219	142.376
-78.442	-32.231	142.347
-78.429	-32.209	142.365
-78.454	-32.205	142.340
-78.434	-32.195	142.350
-78.445	-32.247	142.388
-78.429	-32.213	142.366
-78.457	-32.221	142.364
-78.432	-32.238	142.338
-78.438	-32.225	142.401
-78.448	-32.244	142.424
-78.463	-32.235	142.402
-78.427	-32.237	142.394
-78.417	-32.194	142.319
-78.438	-32.182	142.299
-78.459	-32.229	142.358
-78.454	-32.201	142.334
-78.457	-32.201	142.325
-78.433	-32.211	142.312
-78.467	-32.197	142.326
-78.435	-32.200	142.355
-78.455	-32.248	142.387
-78.435	-32.218	142.327
-78.459	-32.233	142.372
-78.442	-32.235	142.387
-78.454	-32.206	142.351
-78.441	-32.212	142.345
-78.479	-32.210	142.367
-78.448	-32.238	142.419
-78.446	-32.249	142.408
-78.423	-32.209	142.305
-78.461	-32.208	142.351
-78.442	-32.207	142.320
-78.460	-32.211	142.415
-78.417	-32.210	142.314
-78.475	-32.218	142.352
-78.458	-32.191	142.317
-78.442	-32.210	142.317
-78.438	-32.198	142.305
-78.458	-32.245	142.414
-78.455	-32.200	142.305
-78.461	-32.218	142.366
-78.434	-32.241	142.340
-78.450	-32.238	142.376
-78.437	-32.242	142.357
-78.420	-32.197	142.316
-78.442	-32.205	142.339
-78.440	-32.172	142.262
-78.416	-32.211	142.356
-78.440	-32.219	142.372
-78.430	-32.226	142.329
-78.459	-32.216	142.330
-78.442	-32.217	142.338
-78.436	-32.201	142.329
-78.459	-32.176	142.307
-78.459	-32.222	142.344
-78.460	-32.251	142.404
-78.461	-32.188	142.290
-78.432	-32.225	142.368
-78.462	-32.224	142.377
-78.414	-32.240	142.341
-78.467	-32.251	142.414
-78.455	-32.238	142.377
-78.446	-32.215	142.359
-78.474	-32.250	142.412
-78.436	-32.228	142.357
-78.471	-32.217	142.390
-78.424	-32.199	142.341
-78.441	-32.187	142.303
-78.449	-32.219	142.427
-78.424	-32.209	142.360
-78.426	-32.205	142.311
-78.443	-32.250	142.397
-78.430	-32.188	142.342
-78.430	-32.192	142.307
-78.436	-32.208	142.353
-78.454	-32.205	142.330
-78.456	-32.214	142.344
-78.427	-32.219	142.336
-78.458	-32.234	142.387
-78.433	-32.206	142.343
-78.426	-32.220	142.295
-78.437	-32.215	142.381
-78.456	-32.206	142.340
-78.450	-32.220	142.361
-78.426	-32.235	142.333
-78.456	-32.205	142.307
-78.430	-32.224	142.311
-78.444	-32.211	142.332
-78.448	-32.203	142.300
-78.438	-32.194	142.335
-78.455	-32.214	142.327
-78.457	-32.197	142.342
-78.438	-32.204	142.341
-78.457	-32.217	142.362
-78.477	-32.201	142.298
-78.409	-32.200	142.328
-78.436	-32.243	142.405
-78.429	-32.231	142.395
-78.425	-32.220	142.374
-78.447	-32.215	142.376
-78.430	-32.225	142.396
-78.453	-32.244	142.354
-78.426	-32.239	142.377
-78.443	-32.220	142.354
-78.462	-32.221	142.391
-78.429	-32.174	142.277
-78.439	-32.220	142.309
-78.444	-32.182	142.336
-78.446	-32.230	142.334
-78.443	-32.196	142.327
-78.459	-32.246	142.409
-78.464	-32.207	142.346
-78.440	-32.220	142.388
-78.439	-32.188	142.315
-78.465	-32.195	142.323
-78.451	-32.202	142.339
-78.451	-32.235	142.391
-78.434	-32.188	142.287
-78.437	-32.215	142.370
-78.453	-32.204	142.355
-78.449	-32.226	142.331
-78.451	-32.223	142.355
-78.461	-32.183	142.367
-78.450	-32.224	142.343
-78.473	-32.225	142.381
-78.441	-32.203	142.313
-78.454	-32.214	142.361
-78.455	-32.202	142.321
-78.449	-32.219	142.368
-78.459	-32.246	142.452
-78.451	-32.206	142.360
-78.463	-32.183	142.337
-78.447	-32.216	142.315
-78.473	-32.231	142.406
-78.452	-32.230	142.358
-78.434	-32.212	142.404
-78.442	-32.194	142.341
-78.457	-32.217	142.326
-78.488	-32.215	142.338
-78.447	-32.231	142.397
-78.448	-32.244	142.364
-78.431	-32.186	142.360
-78.458	-32.195	142.328
-78.475	-32.238	142.388
-78.451	-32.231	142.361
-78.443	-32.224	142.342
-78.471	-32.208	142.317
-78.430	-32.244	142.442
-78.474	-32.196	142.366
-78.471	-32.231	142.393
-78.433	-32.189	142.307
-78.473	-32.218	142.379
-78.456	-32.201	142.309
-78.442	-32.210	142.308
-78.460	-32.218	142.312
-78.442	-32.251	142.376
-78.439	-32.221	142.352
-78.460	-32.192	142.346
-78.441	-32.221	142.423
-78.442	-32.211	142.384
-78.447	-32.188	142.319
-78.452	-32.203	142.381
-78.450	-32.233	142.412
-78.460	-32.194	142.343
-78.468	-32.230	142.427
-78.463	-32.210	142.358
-78.455	-32.239	142.342
-78.471	-32.247	142.416
-78.448	-32.199	142.366
-78.419	-32.216	142.330
-78.444	-32.210	142.343
-78.432	-32.212	142.300
-78.458	-32.209	142.335
-78.427	-32.225	142.393
-78.456	-32.205	142.369
-78.436	-32.203	142.392
-78.433	-32.220	142.349
-78.456	-32.211	142.354
-78.463	-32.191	142.336
-78.464	-32.240	142.331
-78.439	-32.209	142.284
-78.443	-32.238	142.391
-78.458	-32.218	142.359
-78.470	-32.184	142.295
-78.422	-32.209	142.391
-78.448	-32.223	142.371
-78.460	-32.226	142.391
-78.424	-32.234	142.339
-78.438	-32.226	142.311
-78.445	-32.183	142.338
-78.449	-32.230	142.350
-78.418	-32.208	142.377
-78.436	-32.205	142.365
-78.473	-32.237	142.418
-78.436	-32.206	142.313
-78.456	-32.251	142.441
-78.430	-32.226	142.390
-78.471	-32.217	142.381
-78.429	-32.223	142.357
-78.449	-32.207	142.338
-78.430	-32.211	142.316
-78.470	-32.193	142.310
-78.453	-32.172	142.308
-78.413	-32.229	142.357
-78.432	-32.223	142.345
-78.434	-32.179	142.316
-78.460	-32.216	142.354
-78.411	-32.219	142.323
-78.423	-32.227	142.275
-78.459	-32.249	142.365
-78.472	-32.207	142.355
-78.433	-32.217	142.397
-78.453	-32.230	142.383
-78.445	-32.198	142.324
-78.432	-32.222	142.390
-78.453	-32.194	142.343
-78.408	-32.196	142.317
-78.467	-32.222	142.371
-78.457	-32.197	142.335
-78.443	-32.230	142.359
-78.422	-32.188	142.300
-78.460	-32.191	142.318
-78.430	-32.187	142.320
-78.433	-32.210	142.340
-78.442	-32.201	142.299
-78.423	-32.225	142.385
-78.438	-32.219	142.325
-78.457	-32.227	142.303
-78.446	-32.215	142.374
-78.448	-32.225	142.350
-78.416	-32.213	142.352
-78.445	-32.214	142.399
-78.425	-32.219	142.390
-78.446	-32.212	142.327
-78.431	-32.223	142.297
-78.417	-32.207	142.301
-78.451	-32.226	142.358
-78.428	-32.236	142.343
-78.447	-32.209	142.355
-78.425	-32.219	142.318
-78.417	-32.214	142.319
-78.422	-32.200	142.323
-78.455	-32.201	142.322
-78.446	-32.227	142.359
-78.454	-32.229	142.326
-78.427	-32.193	142.353
-78.432	-32.217	142.272
-78.443	-32.223	142.313
-78.409	-32.196	142.319
-78.452	-32.216	142.368
-78.456	-32.243	142.405
-78.433	-32.221	142.314
-78.456	-32.212	142.350
-78.425	-32.200	142.297
-78.448	-32.220	142.322
-78.434	-32.208	142.311
-78.438	-32.218	142.335
-78.429	-32.236	142.385
-78.440	-32.209	142.299
-78.453	-32.209	142.335
-78.486	-32.245	142.397
-78.447	-32.227	142.379
-78.456	-32.200	142.342
-78.435	-32.205	142.305
-78.436	-32.210	142.337
-78.437	-32.192	142.275
-78.456	-32.211	142.351
-78.458	-32.208	142.346
-78.461	-32.226	142.347
-78.420	-32.221	142.377
-78.452	-32.207	142.338
-78.491	-32.215	142.366
-78.441	-32.217	142.355
-78.462	-32.192	142.334
-78.469	-32.239	142.398
-78.447	-32.198	142.302
-78.435	-32.182	142.336
-78.460	-32.226	142.387
-78.440	-32.218	142.391
-78.446	-32.208	142.349
-78.436	-32.209	142.326
-78.448	-32.201	142.347
-78.430	-32.185	142.275
-78.443	-32.226	142.392
-78.456	-32.217	142.334
-78.440	-32.224	142.361
-78.435	-32.207	142.374
-78.433	-32.234	142.321
-78.459	-32.231	142.344
-78.436	-32.223	142.303
-78.457	-32.199	142.342
-78.435	-32.220	142.306
-78.429	-32.186	142.337
-78.426	-32.202	142.355
-78.444	-32.205	142.290
-78.451	-32.210	142.347
-78.457	-32.225	142.326
-78.438	-32.179	142.315
-78.463	-32.202	142.336
-78.438	-32.161	142.302
-78.434	-32.185	142.281
-78.440	-32.246	142.347
-78.424	-32.195	142.345
-78.455	-32.185	142.329
-78.452	-32.248	142.385
-78.450	-32.225	142.397
-78.442	-32.227	142.336
-78.422	-32.219	142.352
-78.453	-32.201	142.267
-78.450	-32.258	142.406
-78.434	-32.169	142.281
-78.430	-32.197	142.292
-78.440	-32.236	142.302
-78.423	-32.232	142.333
-78.455	-32.215	142.347
-78.442	-32.207	142.319
-78.430	-32.250	142.386
-78.447	-32.224	142.351
-78.424	-32.189	142.321
-78.443	-32.196	142.327
-78.446	-32.203	142.341
-78.440	-32.207	142.351
-78.454	-32.235	142.403
-78.426	-32.228	142.360
-78.423	-32.193	142.324
-78.454	-32.218	142.315
-78.427	-32.209	142.308
-78.435	-32.225	142.358
-78.424	-32.190	142.294
-78.432	-32.231	142.323
-78.440	-32.208	142.291
-78.427	-32.216	142.310
-78.438	-32.248	142.393
-78.442	-32.235	142.403
-78.424	-32.225	142.355
-78.450	-32.195	142.322
-78.404	-32.225	142.338
-78.452	-32.252	142.367
-78.425	-32.225	142.326
-78.434	-32.215	142.331
-78.429	-32.212	142.330
-78.444	-32.226	142.368
-78.443	-32.226	142.368
-78.423	-32.231	142.344
-78.430	-32.227	142.362
-78.453	-32.229	142.357
-78.430	-32.225	142.328
-78.431	-32.264	142.376
-78.442	-32.219	142.331
-78.445	-32.237	142.374
-78.460	-32.258	142.422
-78.437	-32.222	142.311
-78.482	-32.216	142.364
-78.434	-32.243	142.394
-78.436	-32.194	142.290
-78.459	-32.214	142.342
-78.431	-32.240	142.380
-78.451	-32.250	142.373
-78.455	-32.209	142.332
-78.439	-32.237	142.381
-78.458	-32.217	142.316
-78.466	-32.219	142.392
-78.471	-32.234	142.363
-78.451	-32.231	142.330
-78.488	-32.255	142.371
-78.441	-32.224	142.365
-78.436	-32.233	142.333
-78.450	-32.255	142.424
-78.440	-32.225	142.379
-78.460	-32.221	142.350
-78.454	-32.242	142.394
-78.452	-32.213	142.327
-78.445	-32.228	142.374
-78.452	-32.199	142.311
-78.468	-32.238	142.350
-78.456	-32.223	142.315
-78.391	-32.197	142.304
-78.457	-32.246	142.365
-78.474	-32.215	142.323
-78.458	-32.253	142.372
-78.459	-32.239	142.323
-78.423	-32.223	142.338
-78.454	-32.222	142.351
-78.431	-32.258	142.358
-78.440	-32.218	142.323
-78.468	-32.211	142.347
-78.458	-32.223	142.387
-78.446	-32.224	142.315
-78.461	-32.220	142.341
-78.473	-32.244	142.368
-78.445	-32.229	142.334
-78.441	-32.227	142.374
-78.455	-32.221	142.318
-78.453	-32.236	142.351
-78.481	-32.217	142.331
-78.451	-32.230	142.347
-78.444	-32.206	142.329
-78.460	-32.237	142.390
-78.452	-32.259	142.413
-78.442	-32.209	142.340
-78.439	-32.239	142.445
-78.441	-32.234	142.388
-78.449	-32.227	142.367
-78.446	-32.209	142.326
-78.461	-32.224	142.359
-78.440	-32.235	142.388
-78.462	-32.233	142.390
-78.438	-32.251	142.378
-78.473	-32.192	142.302
-78.446	-32.227	142.393
-78.454	-32.237	142.364
-78.431	-32.229	142.393
-78.437	-32.172	142.284
-78.464	-32.243	142.300
-78.439	-32.214	142.378
-78.458	-32.243	142.392
-78.437	-32.239	142.375
-78.492	-32.252	142.413
-78.439	-32.240	142.389
-78.436	-32.245	142.418
-78.425	-32.220	142.374
-78.462	-32.236	142.385
-78.463	-32.191	142.315
-78.441	-32.230	142.369
-78.450	-32.252	142.379
-78.458	-32.203	142.355
-78.459	-32.237	142.460
-78.436	-32.221	142.299
-78.458	-32.238	142.401
-78.433	-32.245	142.425
-78.467	-32.247	142.403
-78.459	-32.242	142.370
-78.429	-32.223	142.336
-78.448	-32.219	142.363
-78.484	-32.249	142.386
-78.451	-32.201	142.314
-78.466	-32.214	142.358
-78.454	-32.224	142.340
-78.449	-32.233	142.286
-78.473	-32.232	142.420
-78.463	-32.219	142.305
-78.452	-32.224	142.381
-78.451	-32.216	142.358
-78.468	-32.239	142.368
-78.458	-32.210	142.366
-78.473	-32.243	142.338
-78.459	-32.216	142.357
-78.456	-32.232	142.393
-78.458	-32.240	142.410
-78.445	-32.226	142.403
-78.428	-32.229	142.358
-78.451	-32.203	142.336
-78.443	-32.217	142.396
-78.462	-32.246	142.429
-78.482	-32.239	142.379
-78.460	-32.219	142.371
-78.452	-32.199	142.370
-78.450	-32.209	142.350
-78.445	-32.209	142.366
-78.450	-32.256	142.425
-78.457	-32.242	142.410
-78.455	-32.200	142.374
-78.437	-32.238	142.349
-78.476	-32.217	142.382
-78.432	-32.210	142.356
-78.468	-32.227	142.403
-78.443	-32.219	142.349
-78.451	-32.200	142.321
-78.456	-32.205	142.349
-78.447	-32.252	142.405
-78.468	-32.242	142.333
-78.453	-32.232	142.325
-78.454	-32.243	142.383
-78.435	-32.225	142.384
-78.470	-32.232	142.376
-78.464	-32.230	142.320
-78.486	-32.249	142.379
-78.448	-32.229	142.406
-78.449	-32.239	142.351
-78.452	-32.212	142.336
-78.450	-32.209	142.279
-78.475	-32.256	142.414
-78.445	-32.231	142.328
-78.442	-32.265	142.419
-78.464	-32.230	142.371
-78.447	-32.227	142.388
-78.450	-32.238	142.336
-78.458	-32.238	142.396
-78.438	-32.246	142.350
-78.450	-32.212	142.322
-78.421	-32.224	142.315
-78.459	-32.216	142.318
-78.442	-32.203	142.331
-78.440	-32.200	142.288
-78.427	-32.187	142.325
-78.444	-32.225	142.386
-78.440	-32.190	142.302
-78.459	-32.259	142.368
-78.459	-32.259	142.413
-78.455	-32.217	142.354
-78.437	-32.213	142.345
-78.449	-32.255	142.420
-78.455	-32.227	142.335
-78.438	-32.234	142.306
-78.436	-32.221	142.371
-78.453	-32.222	142.344
-78.454	-32.214	142.380
-78.427	-32.244	142.364
-78.442	-32.205	142.342
-78.453	-32.238	142.301
-78.433	-32.228	142.366
-78.467	-32.231	142.363
-78.442	-32.220	142.342
-78.471	-32.207	142.320
-78.468	-32.250	142.402
-78.452	-32.205	142.311
-78.454	-32.228	142.353
-78.458	-32.244	142.365
-78.481	-32.238	142.371
-78.431	-32.217	142.377
-78.460	-32.261	142.421
-78.462	-32.235	142.402
-78.441	-32.272	142.360
-78.404	-32.211	142.317
-78.449	-32.257	142.444
-78.422	-32.200	142.328
-78.449	-32.240	142.401
-78.436	-32.191	142.289
-78.445	-32.234	142.319
-78.445	-32.225	142.316
-78.433	-32.207	142.358
-78.470	-32.240	142.394
-78.451	-32.254	142.374
-78.441	-32.249	142.401
-78.458	-32.238	142.330
-78.474	-32.223	142.335
-78.452	-32.247	142.445
-78.412	-32.228	142.355
-78.444	-32.235	142.383
-78.461	-32.246	142.384
-78.457	-32.250	142.374
-78.442	-32.239	142.341
-78.459	-32.233	142.355
-78.444	-32.246	142.415
-78.458	-32.248	142.396
-78.423	-32.214	142.348
-78.434	-32.214	142.294
-78.489	-32.255	142.440
-78.456	-32.232	142.350
-78.457	-32.191	142.322
-78.433	-32.222	142.293
-78.475	-32.263	142.407
-78.436	-32.228	142.313
-78.424	-32.227	142.376
-78.446	-32.227	142.328
-78.438	-32.225	142.353
-78.451	-32.227	142.354
-78.477	-32.234	142.328
-78.437	-32.201	142.284
-78.424	-32.203	142.277
-78.444	-32.249	142.363
-78.429	-32.244	142.320
-78.456	-32.239	142.379
-78.450	-32.251	142.386
-78.452	-32.235	142.351
-78.469	-32.212	142.376
-78.448	-32.199	142.337
-78.449	-32.233	142.348
-78.441	-32.247	142.361
-78.430	-32.220	142.340
-78.448	-32.239	142.354
-78.419	-32.223	142.337
-78.423	-32.244	142.357
-78.473	-32.222	142.353
-78.456	-32.219	142.391
-78.455	-32.204	142.357
-78.433	-32.223	142.340
-78.422	-32.242	142.341
-78.477	-32.217	142.348
-78.473	-32.192	142.341
-78.433	-32.219	142.326
-78.438	-32.194	142.343
-78.444	-32.214	142.386
-78.448	-32.228	142.327
-78.437	-32.225	142.315
-78.441	-32.243	142.373
-78.424	-32.233	142.352
-78.476	-32.214	142.342
-78.450	-32.243	142.405
-78.474	-32.223	142.379
-78.465	-32.244	142.370
-78.464	-32.223	142.343
-78.431	-32.224	142.327
-78.448	-32.234	142.330
-78.439	-32.225	142.333
-78.449	-32.215	142.373
-78.421	-32.208	142.352
-78.467	-32.235	142.377
-78.468	-32.223	142.357
-78.456	-32.237	142.380
-78.463	-32.189	142.281
-78.434	-32.241	142.393
-78.436	-32.223	142.333
-78.461	-32.189	142.319
-78.416	-32.215	142.369
-78.439	-32.190	142.298
-78.452	-32.224	142.321
-78.465	-32.243	142.355
-78.430	-32.216	142.366
-78.471	-32.236	142.357
-78.451	-32.198	142.313
-78.446	-32.219	142.350
-78.467	-32.264	142.391
-78.423	-32.221	142.312
-78.447	-32.237	142.356
-78.465	-32.214	142.373
-78.425	-32.235	142.344
-78.447	-32.227	142.331
-78.461	-32.241	142.332
-78.456	-32.219	142.359
-78.444	-32.218	142.305
-78.445	-32.206	142.334
-78.435	-32.192	142.389
-78.423	-32.223	142.356
-78.446	-32.237	142.348
-78.434	-32.245	142.365
-78.454	-32.202	142.340
-78.445	-32.214	142.378
-78.450	-32.204	142.330
-78.423	-32.236	142.372
-78.456	-32.199	142.279
-78.428	-32.191	142.276
-78.459	-32.237	142.390
-78.430	-32.219	142.337
-78.459	-32.214	142.362
-78.453	-32.233	142.344
-78.435	-32.211	142.361
-78.432	-32.208	142.338
-78.435	-32.218	142.354
-78.450	-32.185	142.318
-78.417	-32.201	142.309
-78.452	-32.164	142.294
-78.436	-32.247	142.336
-78.409	-32.238	142.409
-78.460	-32.216	142.360
-78.459	-32.229	142.405
-78.428	-32.210	142.367
-78.462	-32.223	142.373
-78.422	-32.231	142.355
-78.415	-32.225	142.332
-78.443	-32.237	142.425
-78.438	-32.226	142.387
-78.439	-32.220	142.364
-78.450	-32.262	142.411
-78.439	-32.238	142.325
-78.445	-32.235	142.348
-78.443	-32.220	142.377
-78.447	-32.246	142.357
-78.460	-32.204	142.344
-78.428	-32.193	142.321
-78.466	-32.248	142.385
-78.426	-32.227	142.360
-78.443	-32.193	142.299
-78.460	-32.234	142.350
-78.422	-32.211	142.304
-78.465	-32.237	142.378
-78.449	-32.242	142.347
-78.454	-32.233	142.390
-78.429	-32.206	142.331
-78.444	-32.199	142.305
-78.450	-32.239	142.347
-78.450	-32.234	142.349
-78.455	-32.242	142.352
-78.460	-32.252	142.386
-78.438	-32.257	142.419
-78.451	-32.235	142.355
-78.449	-32.228	142.343
-78.423	-32.223	142.346
-78.440	-32.220	142.362
-78.448	-32.240	142.312
-78.452	-32.220	142.322
-78.432	-32.249	142.338
-78.422	-32.227	142.307
-78.436	-32.226	142.295
-78.436	-32.199	142.310
-78.435	-32.231	142.328
-78.433	-32.228	142.331
-78.448	-32.215	142.355
-78.442	-32.211	142.348
-78.424	-32.197	142.298
-78.470	-32.234	142.359
-78.424	-32.235	142.325
-78.468	-32.253	142.393
-78.432	-32.241	142.365
-78.422	-32.251	142.324
-78.447	-32.236	142.370
-78.437	-32.265	142.400
-78.445	-32.241	142.341
-78.442	-32.230	142.324
-78.452	-32.207	142.283
-78.456	-32.229	142.320
-78.423	-32.249	142.381
-78.420	-32.214	142.352
-78.469	-32.202	142.312
-78.443	-32.211	142.304
-78.417	-32.245	142.336
-78.426	-32.191	142.325
-78.436	-32.210	142.329
-78.420	-32.251	142.368
-78.439	-32.212	142.351
-78.431	-32.195	142.346
-78.418	-32.241	142.402
-78.462	-32.230	142.390
-78.450	-32.232	142.371
-78.454	-32.249	142.412
-78.426	-32.206	142.317
-78.435	-32.237	142.356
-78.433	-32.207	142.339
-78.452	-32.220	142.367
-78.423	-32.225	142.368
-78.419	-32.198	142.298
-78.450	-32.172	142.343
-78.438	-32.239	142.331
-78.430	-32.229	142.234
-78.451	-32.219	142.344
-78.458	-32.234	142.357
-78.427	-32.219	142.359
-78.448	-32.217	142.328
-78.431	-32.204	142.301
-78.433	-32.234	142.291
-78.418	-32.236	142.331
-78.451	-32.201	142.278
-78.411	-32.209	142.349
-78.449	-32.188	142.298
-78.448	-32.247	142.389
-78.436	-32.235	142.337
-78.428	-32.235	142.353
-78.443	-32.234	142.341
-78.442	-32.213	142.345
-78.452	-32.253	142.371
-78.409	-32.219	142.316
-78.438	-32.228	142.358
-78.443	-32.234	142.379
-78.429	-32.216	142.300
-78.435	-32.229	142.365
-78.449	-32.211	142.346
-78.420	-32.217	142.340
-78.446	-32.209	142.357
-78.441	-32.191	142.301
-78.430	-32.205	142.310
-78.482	-32.242	142.390
-78.450	-32.222	142.357
-78.423	-32.176	142.296
-78.462	-32.205	142.313
-78.427	-32.245	142.384
-78.456	-32.202	142.321
-78.449	-32.239	142.347
-78.433	-32.230	142.337
-78.441	-32.228	142.328
-78.438	-32.220	142.308
-78.435	-32.252	142.401
-78.453	-32.262	142.340
-78.430	-32.190	142.325
-78.452	-32.221	142.320
-78.460	-32.260	142.307
-78.438	-32.181	142.285
-78.444	-32.205	142.279
-78.465	-32.223	142.402
-78.438	-32.214	142.347
-78.436	-32.202	142.357
-78.473	-32.234	142.388
-78.440	-32.238	142.352
-78.432	-32.231	142.304
-78.465	-32.234	142.343
-78.438	-32.207	142.336
-78.479	-32.229	142.359
-78.462	-32.233	142.364
-78.442	-32.247	142.374
-78.429	-32.242	142.328
-78.453	-32.220	142.298
-78.446	-32.205	142.366
-78.440	-32.232	142.343
-78.435	-32.190	142.311
-78.452	-32.209	142.359
-78.458	-32.217	142.339
-78.426	-32.213	142.378
-78.448	-32.253	142.358
-78.463	-32.230	142.371
-78.418	-32.241	142.356
-78.463	-32.238	142.386
-78.453	-32.255	142.362
-78.429	-32.207	142.327
-78.426	-32.239	142.325
-78.419	-32.204	142.265
-78.437	-32.203	142.336
-78.438	-32.210	142.379
-78.444	-32.227	142.368
-78.444	-32.216	142.294
-78.463	-32.229	142.365
-78.466	-32.215	142.346
-78.434	-32.204	142.288
-78.450	-32.210	142.341
-78.432	-32.229	142.375
-78.446	-32.237	142.309
-78.471	-32.248	142.411
-78.463	-32.212	142.337
-78.451	-32.211	142.314
-78.459	-32.223	142.328
-78.458	-32.247	142.384
-78.422	-32.184	142.272
-78.405	-32.236	142.316
-78.432	-32.223	142.311
-78.424	-32.215	142.291
-78.415	-32.220	142.305
-78.453	-32.232	142.321
-78.466	-32.231	142.384
-78.435	-32.195	142.286
-78.475	-32.249	142.366
-78.448	-32.206	142.338
-78.458	-32.200	142.307
-78.434	-32.232	142.327
-78.449	-32.272	142.397
-78.438	-32.230	142.329
-78.442	-32.235	142.314
-78.432	-32.214	142.355
-78.442	-32.237	142.350
-78.463	-32.239	142.401
-78.439	-32.219	142.313
-78.448	-32.264	142.385
-78.427	-32.227	142.269
-78.441	-32.223	142.313
-78.433	-32.226	142.345
-78.438	-32.233	142.346
-78.459	-32.220	142.348
-78.455	-32.201	142.339
-78.446	-32.244	142.346
-78.449	-32.209	142.362
-78.416	-32.210	142.352
-78.444	-32.252	142.344
-78.430	-32.212	142.297
-78.438	-32.196	142.395
-78.453	-32.228	142.405
-78.425	-32.235	142.310
-78.425	-32.226	142.326
-78.443	-32.241	142.365
-78.455	-32.229	142.328
-78.430	-32.233	142.299
-78.476	-32.224	142.316
-78.450	-32.203	142.268
-78.452	-32.223	142.359
-78.438	-32.173	142.208
-78.439	-32.257	142.374
-78.452	-32.206	142.321
-78.417	-32.199	142.307
-78.462	-32.231	142.354
-78.464	-32.229	142.328
-78.463	-32.261	142.347
-78.455	-32.242	142.318
-78.425	-32.229	142.341
-78.476	-32.216	142.332
-78.459	-32.214	142.290
-78.424	-32.226	142.321
-78.443	-32.202	142.327
-78.436	-32.223	142.350
-78.443	-32.243	142.392
-78.437	-32.203	142.290
-78.439	-32.227	142.284
-78.478	-32.239	142.375
-78.426	-32.218	142.327
-78.442	-32.256	142.408
-78.422	-32.233	142.318
-78.464	-32.236	142.301
-78.448	-32.223	142.340
-78.427	-32.229	142.392
-78.449	-32.237	142.340
-78.398	-32.220	142.307
-78.447	-32.227	142.326
-78.436	-32.236	142.352
-78.438	-32.215	142.306
-78.449	-32.243	142.352
-78.436	-32.216	142.334
-78.435	-32.218	142.320
-78.450	-32.211	142.373
-78.449	-32.227	142.322
-78.435	-32.209	142.357
-78.446	-32.206	142.320
-78.432	-32.232	142.298
-78.438	-32.246	142.394
-78.441	-32.229	142.307
-78.448	-32.186	142.294
-78.462	-32.283	142.392
-78.467	-32.251	142.379
-78.452	-32.233	142.400
-78.463	-32.214	142.327
-78.431	-32.220	142.312
-78.440	-32.229	142.333
-78.445	-32.245	142.356
-78.448	-32.218	142.325
-78.425	-32.240	142.387
-78.447	-32.227	142.321
-78.443	-32.256	142.416
-78.465	-32.211	142.348
-78.427	-32.241	142.348
-78.440	-32.216	142.363
-78.445	-32.237	142.373
-78.452	-32.209	142.366
-78.445	-32.209	142.316
-78.444	-32.188	142.298
-78.440	-32.225	142.353
-78.439	-32.214	142.335
-78.444	-32.207	142.293
-78.441	-32.226	142.362
-78.436	-32.195	142.319
-78.465	-32.235	142.381
-78.443	-32.219	142.346
-78.469	-32.226	142.368
-78.450	-32.221	142.338
-78.441	-32.233	142.375
-78.437	-32.199	142.263
-78.421	-32.209	142.341
-78.437	-32.227	142.367
-78.418	-32.261	142.373
-78.454	-32.233	142.383
-78.450	-32.200	142.300
-78.453	-32.225	142.364
-78.451	-32.235	142.305
-78.432	-32.224	142.311
-78.458	-32.265	142.365
-78.467	-32.241	142.312
-78.459	-32.228	142.350
-78.436	-32.189	142.289
-78.445	-32.236	142.318
-78.436	-32.217	142.281
-78.452	-32.238	142.343
-78.411	-32.218	142.305
-78.469	-32.242	142.316
-78.421	-32.209	142.293
-78.457	-32.209	142.295
-78.476	-32.228	142.372
-78.413	-32.241	142.369
-78.431	-32.213	142.321
-78.450	-32.240	142.384
-78.436	-32.256	142.351
-78.473	-32.197	142.295
-78.434	-32.207	142.294
-78.385	-32.191	142.244
-78.433	-32.193	142.337
-78.446	-32.209	142.332
-78.425	-32.211	142.301
-78.449	-32.233	142.328
-78.434	-32.205	142.323
-78.414	-32.213	142.332
-78.424	-32.217	142.361
-78.446	-32.235	142.356
-78.433	-32.222	142.304
-78.450	-32.236	142.327
-78.465	-32.206	142.360
-78.438	-32.224	142.352
-78.445	-32.213	142.282
-78.462	-32.239	142.345
-78.430	-32.213	142.322
-78.436	-32.233	142.369
-78.452	-32.205	142.335
-78.429	-32.216	142.384
-78.432	-32.207	142.287
-78.440	-32.222	142.303
-78.465	-32.234	142.361
-78.459	-32.232	142.314
-78.439	-32.225	142.381
-78.431	-32.214	142.358
-78.449	-32.244	142.417
-78.463	-32.239	142.377
-78.424	-32.234	142.347
-78.426	-32.213	142.304
-78.452	-32.221	142.360
-78.450	-32.249	142.322
-78.448	-32.216	142.314
-78.454	-32.242	142.336
-78.422	-32.220	142.302
-78.453	-32.204	142.300
-78.430	-32.226	142.326
-78.442	-32.197	142.349
-78.466	-32.208	142.350
-78.441	-32.262	142.361
-78.435	-32.243	142.370
-78.431	-32.234	142.320
-78.443	-32.238	142.332
-78.445	-32.255	142.400
-78.435	-32.222	142.306
-78.432	-32.208	142.311
-78.402	-32.234	142.374
-78.416	-32.227	142.363
-78.404	-32.181	142.304
-78.429	-32.214	142.351
-78.436	-32.193	142.302
-78.424	-32.217	142.313
-78.443	-32.254	142.401
-78.429	-32.225	142.330
-78.449	-32.230	142.342
-78.437	-32.254	142.269
-78.417	-32.202	142.279
-78.427	-32.195	142.327
-78.440	-32.253	142.331
-78.449	-32.247	142.386
-78.476	-32.250	142.433
-78.458	-32.218	142.362
-78.444	-32.237	142.396
-78.453	-32.217	142.363
-78.459	-32.230	142.325
-78.436	-32.201	142.296
-78.439	-32.189	142.273
-78.444	-32.242	142.381
-78.441	-32.221	142.312
-78.470	-32.208	142.367
-78.398	-32.227	142.297
-78.434	-32.176	142.276
-78.454	-32.234	142.317
-78.433	-32.211	142.299
-78.449	-32.170	142.242
-78.430	-32.198	142.284
-78.447	-32.232	142.319
-78.424	-32.205	142.314
-78.443	-32.225	142.348
-78.436	-32.213	142.359
-78.423	-32.238	142.339
-78.429	-32.219	142.360
-78.442	-32.222	142.340
-78.457	-32.206	142.293
-78.441	-32.211	142.359
-78.455	-32.242	142.405
-78.463	-32.218	142.350
-78.434	-32.221	142.363
-78.458	-32.222	142.346
-78.433	-32.232	142.344
-78.429	-32.239	142.381
-78.438	-32.202	142.314
-78.452	-32.244	142.390
-78.472	-32.222	142.397
-78.448	-32.238	142.379
-78.440	-32.231	142.360
-78.449	-32.233	142.349
-78.414	-32.238	142.365
-78.430	-32.211	142.348
-78.445	-32.230	142.368
-78.436	-32.233	142.362
-78.469	-32.242	142.352
-78.438	-32.218	142.342
-78.457	-32.257	142.432
-78.462	-32.195	142.332
-78.446	-32.234	142.394
-78.472	-32.198	142.309
-78.440	-32.244	142.382
-78.451	-32.223	142.358
-78.443	-32.247	142.367
-78.428	-32.240	142.349
-78.454	-32.193	142.309
-78.413	-32.228	142.347
-78.425	-32.222	142.353
-78.406	-32.238	142.331
-78.435	-32.259	142.378
-78.432	-32.237	142.320
-78.442	-32.225	142.351
-78.423	-32.226	142.329
-78.436	-32.235	142.335
-78.436	-32.252	142.320
-78.469	-32.217	142.340
-78.424	-32.231	142.361
-78.458	-32.254	142.404
-78.441	-32.270	142.369
-78.435	-32.222	142.358
-78.463	-32.232	142.371
-78.448	-32.194	142.321
-78.436	-32.248	142.366
-78.436	-32.231	142.332
-78.436	-32.229	142.364
-78.440	-32.221	142.317
-78.448	-32.234	142.334
-78.428	-32.215	142.357
-78.412	-32.223	142.276
-78.457	-32.235	142.358
-78.444	-32.225	142.334
-78.459	-32.211	142.329
-78.444	-32.205	142.358
-78.444	-32.231	142.357
-78.450	-32.247	142.383
-78.420	-32.240	142.297
-78.439	-32.242	142.343
-78.420	-32.230	142.316
-78.452	-32.249	142.361
-78.440	-32.224	142.357
-78.447	-32.231	142.361
-78.432	-32.222	142.360
-78.440	-32.242	142.366
-78.448	-32.203	142.304
-78.445	-32.204	142.317
-78.459	-32.238	142.363
-78.418	-32.221	142.325
-78.400	-32.229	142.362
-78.421	-32.228	142.319
-78.450	-32.267	142.379
-78.449	-32.241	142.396
-78.472	-32.202	142.308
-78.436	-32.237	142.340
-78.419	-32.242	142.369
-78.409	-32.212	142.309
-78.451	-32.222	142.320
-78.417	-32.231	142.327
-78.452	-32.222	142.334
-78.444	-32.226	142.320
-78.440	-32.216	142.286
-78.447	-32.226	142.376
-78.469	-32.223	142.333
-78.437	-32.237	142.381
-78.424	-32.224	142.349
-78.449	-32.223	142.353
-78.453	-32.204	142.327
-78.436	-32.203	142.337
-78.462	-32.229	142.382
-78.442	-32.276	142.388
-78.452	-32.227	142.364
-78.466	-32.216	142.289
-78.472	-32.205	142.240
-78.445	-32.248	142.342
-78.438	-32.219	142.340
-78.431	-32.200	142.328
-78.442	-32.214	142.277
-78.452	-32.223	142.343
-78.457	-32.264	142.383
-78.456	-32.204	142.290
-78.448	-32.233	142.336
-78.420	-32.215	142.344
-78.455	-32.211	142.328
-78.459	-32.248	142.368
-78.437	-32.206	142.305
-78.435	-32.194	142.318
-78.451	-32.214	142.298
-78.466	-32.199	142.334
-78.439	-32.224	142.337
-78.447	-32.226	142.344
-78.428	-32.238	142.354
-78.457	-32.225	142.358
-78.413	-32.228	142.385
-78.441	-32.230	142.384
-78.456	-32.210	142.355
-78.447	-32.244	142.356
-78.432	-32.250	142.339
-78.459	-32.226	142.360
-78.466	-32.216	142.357
-78.444	-32.206	142.271
-78.468	-32.229	142.391
-78.431	-32.210	142.345
-78.457	-32.236	142.349
-78.482	-32.246	142.361
-78.433	-32.247	142.371
-78.471	-32.261	142.389
-78.440	-32.213	142.332
-78.451	-32.229	142.363
-78.441	-32.225	142.359
-78.464	-32.249	142.385
-78.460	-32.250	142.437
-78.438	-32.230	142.273
-78.440	-32.221	142.305
-78.458	-32.205	142.364
-78.469	-32.218	142.353
-78.422	-32.209	142.315
-78.495	-32.264	142.393
-78.420	-32.222	142.317
-78.435	-32.224	142.307
-78.415	-32.218	142.309
-78.433	-32.234	142.332
-78.430	-32.244	142.351
-78.462	-32.235	142.348
-78.441	-32.211	142.321
-78.453	-32.255	142.373
-78.415	-32.224	142.368
-78.464	-32.225	142.331
-78.437	-32.215	142.350
-78.447	-32.230	142.331
-78.455	-32.195	142.307
-78.436	-32.208	142.364
-78.465	-32.181	142.373
-78.453	-32.211	142.352
-78.442	-32.181	142.294
-78.448	-32.222	142.365
-78.435	-32.178	142.334
-78.463	-32.186	142.321
-78.435	-32.186	142.374
-78.420	-32.169	142.352
-78.444	-32.200	142.389
-78.423	-32.116	142.325
-78.423	-32.162	142.325
-78.439	-32.121	142.354
-78.454	-32.148	142.339
-78.444	-32.118	142.321
-78.448	-32.112	142.306
-78.435	-32.107	142.368
-78.458	-32.113	142.376
-78.450	-32.105	142.393
-78.441	-32.053	142.343
-78.448	-32.058	142.329
-78.489	-31.995	142.299
-78.452	-32.012	142.299
-78.494	-31.993	142.345
-78.513	-31.979	142.346
-78.511	-31.959	142.362
-78.495	-31.932	142.332
-78.502	-31.907	142.296
-78.486	-31.879	142.348
-78.488	-31.871	142.358
-78.495	-31.824	142.309
-78.512	-31.860	142.336
-78.520	-31.796	142.276
-78.546	-31.768	142.325
-78.520	-31.784	142.414
-78.499	-31.779	142.368
-78.540	-31.719	142.360
-78.511	-31.690	142.362
-78.539	-31.666	142.405
-78.518	-31.578	142.260
-78.559	-31.619	142.319
-78.526	-31.575	142.307
-78.508	-31.545	142.320
-78.533	-31.559	142.385
-78.519	-31.508	142.371
-78.540	-31.486	142.305
-78.535	-31.456	142.331
-78.549	-31.434	142.355
-78.519	-31.371	142.318
-78.532	-31.380	142.360
-78.531	-31.370	142.362
-78.527	-31.308	142.315
-78.546	-31.326	142.366
-78.556	-31.261	142.312
-78.530	-31.242	142.380
-78.538	-31.228	142.355
-78.528	-31.173	142.342
-78.559	-31.113	142.277
-78.565	-31.093	142.310
-78.558	-31.058	142.328
-78.562	-31.063	142.358
-78.542	-30.957	142.252
-78.571	-30.944	142.317
-78.554	-30.882	142.300
-78.551	-30.860	142.272
-78.554	-30.832	142.292
-78.543	-30.749	142.252
-78.572	-30.722	142.238
-78.565	-30.717	142.283
-78.544	-30.621	142.228
-78.581	-30.600	142.209
-78.600	-30.584	142.261
-78.589	-30.546	142.228
-78.571	-30.496	142.236
-78.590	-30.482	142.258
-78.560	-30.439	142.242
-78.585	-30.403	142.269
-78.591	-30.360	142.284
-78.612	-30.342	142.244
-78.580	-30.290	142.239
-78.608	-30.256	142.264
-78.639	-30.242	142.357
-78.615	-30.227	142.323
-78.630	-30.223	142.386
-78.666	-30.142	142.328
-78.671	-30.107	142.314
-78.659	-30.090	142.301
-78.655	-30.033	142.291
-78.663	-30.014	142.321
-78.670	-30.004	142.310
-78.639	-29.974	142.359
-78.634	-29.961	142.343
-78.642	-29.902	142.311
-78.676	-29.874	142.359
-78.655	-29.832	142.287
-78.639	-29.826	142.333
-78.660	-29.806	142.284
-78.654	-29.803	142.335
-78.654	-29.761	142.323
-78.648	-29.734	142.330
-78.656	-29.750	142.296
-78.624	-29.771	142.338
-78.607	-29.723	142.294
-78.579	-29.732	142.365
-78.564	-29.727	142.370
-78.525	-29.718	142.356
-78.559	-29.724	142.370
-78.562	-29.701	142.330
-78.502	-29.724	142.339
-78.489	-29.731	142.343
-78.473	-29.707	142.256
-78.456	-29.734	142.306
-78.457	-29.750	142.322
-78.440	-29.749	142.313
-78.426	-29.764	142.260
-78.398	-29.791	142.336
-78.385	-29.800	142.400
-78.376	-29.839	142.404
-78.375	-29.830	142.384
-78.337	-29.837	142.345
-78.300	-29.885	142.465
-78.308	-29.892	142.415
-78.294	-29.925	142.382
-78.244	-29.982	142.418
-78.250	-30.011	142.369
-78.238	-30.040	142.380
-78.234	-30.099	142.392
-78.236	-30.125	142.348
-78.220	-30.167	142.375
-78.218	-30.199	142.324
-78.204	-30.244	142.265
-78.197	-30.294	142.312
-78.160	-30.347	142.304
-78.166	-30.406	142.304
-78.182	-30.479	142.309
-78.167	-30.513	142.268
-78.185	-30.603	142.257
-78.195	-30.633	142.272
-78.170	-30.742	142.289
-78.176	-30.787	142.228
-78.165	-30.865	142.253
-78.200	-30.931	142.204
-78.188	-30.966	142.171
-78.175	-31.046	142.152
-78.226	-31.208	142.313
-78.203	-31.273	142.279
-78.203	-31.353	142.330
-78.206	-31.452	142.311
-78.229	-31.516	142.312
-78.213	-31.614	142.324
-78.217	-31.710	142.336
-78.240	-31.815	142.366
-78.221	-31.904	142.309
-78.234	-32.008	142.271
-78.266	-32.156	142.360
-78.282	-32.235	142.316
-78.255	-32.333	142.275
-78.277	-32.437	142.268
-78.343	-32.600	142.351
-78.330	-32.699	142.327
-78.389	-32.777	142.324
-78.343	-32.890	142.308
-78.381	-33.024	142.394
-78.385	-33.077	142.339
-78.380	-33.165	142.322
-78.352	-33.289	142.408
-78.400	-33.318	142.324
-78.417	-33.445	142.381
-78.399	-33.505	142.440
-78.392	-33.577	142.436
-78.383	-33.683	142.457
-78.402	-33.720	142.404
-78.414	-33.853	142.528
-78.402	-33.867	142.437
-78.425	-33.957	142.498
-78.415	-34.008	142.447
-78.423	-34.088	142.429
-78.432	-34.115	142.483
-78.433	-34.155	142.472
-78.448	-34.193	142.443
-78.452	-34.228	142.448
-78.447	-34.296	142.466
-78.452	-34.321	142.518
-78.472	-34.341	142.451
-78.487	-34.355	142.457
-78.490	-34.369	142.454
-78.478	-34.417	142.498
-78.485	-34.396	142.446
-78.510	-34.381	142.418
-78.512	-34.413	142.480
-78.537	-34.412	142.467
-78.526	-34.400	142.453
-78.517	-34.350	142.418
-78.538	-34.355	142.451
-78.558	-34.386	142.494
-78.558	-34.319	142.444
-78.574	-34.339	142.486
-78.562	-34.295	142.464
-78.576	-34.264	142.498
-78.577	-34.209	142.467
-78.615	-34.198	142.468
-78.608	-34.164	142.453
-78.627	-34.083	142.387
-78.655	-34.088	142.504
-78.634	-34.033	142.478
-78.658	-33.930	142.454
-78.655	-33.906	142.471
-78.684	-33.860	142.478
-78.673	-33.801	142.502
-78.690	-33.732	142.485
-78.702	-33.689	142.485
-78.699	-33.656	142.480
-78.683	-33.565	142.412
-78.682	-33.522	142.427
-78.682	-33.446	142.423
-78.681	-33.370	142.399
-78.691	-33.282	142.422
-78.706	-33.261	142.444
-78.655	-33.158	142.372
-78.682	-33.121	142.418
-78.675	-33.060	142.405
-78.695	-32.949	142.378
-78.702	-32.915	142.444
-78.663	-32.827	142.353
-78.637	-32.772	142.405
-78.668	-32.657	142.323
-78.610	-32.580	142.311
-78.587	-32.527	142.362
-78.622	-32.446	142.375
-78.604	-32.368	142.339
-78.556	-32.307	142.351
-78.586	-32.219	142.398
-78.564	-32.170	142.371
-78.559	-32.079	142.414
-78.554	-31.983	142.387
-78.543	-31.879	142.367
-78.526	-31.842	142.436
-78.500	-31.709	142.331
-78.525	-31.669	142.355
-78.490	-31.616	142.369
-78.486	-31.583	142.502
-78.468	-31.464	142.372
-78.486	-31.444	142.412
-78.442	-31.338	142.381
-78.431	-31.307	142.398
-78.441	-31.235	142.364
-78.411	-31.195	142.434
-78.417	-31.107	142.349
-78.409	-31.071	142.374
-78.391	-31.043	142.385
-78.366	-30.946	142.300
-78.409	-30.953	142.399
-78.355	-30.843	142.315
-78.357	-30.807	142.306
-78.336	-30.773	142.340
-78.341	-30.723	142.304
-78.339	-30.692	142.298
-78.315	-30.673	142.321
-78.341	-30.645	142.354
-78.336	-30.617	142.326
-78.342	-30.567	142.253
-78.329	-30.546	142.308
-78.326	-30.552	142.356
-78.326	-30.462	142.269
-78.331	-30.487	142.297
-78.322	-30.486	142.309
-78.311	-30.500	142.342
-78.343	-30.456	142.292
-78.332	-30.480	142.387
-78.312	-30.443	142.274
-78.333	-30.505	142.374
-78.347	-30.481	142.327
-78.331	-30.512	142.354
-78.332	-30.531	142.336
-78.328	-30.548	142.314
-78.336	-30.533	142.298
-78.310	-30.561	142.298
-78.342	-30.610	142.303
-78.338	-30.613	142.345
-78.361	-30.643	142.314
-78.344	-30.680	142.285
-78.355	-30.719	142.333
-78.373	-30.762	142.352
-78.350	-30.775	142.319
-78.340	-30.796	142.314
-78.347	-30.827	142.312
-78.385	-30.889	142.336
-78.352	-30.943	142.359
-78.381	-31.028	142.400
-78.358	-31.030	142.330
-78.371	-31.084	142.368
-78.339	-31.121	142.315
-78.366	-31.173	142.352
-78.350	-31.182	142.296
-78.388	-31.251	142.329
-78.353	-31.341	142.425
-78.351	-31.355	142.368
-78.366	-31.389	142.328
-78.377	-31.471	142.377
-78.329	-31.505	142.377
-78.343	-31.578	142.367
-78.343	-31.606	142.345
-78.395	-31.708	142.375
-78.358	-31.711	142.310
-78.353	-31.814	142.393
-78.339	-31.877	142.398
-78.338	-31.938	142.382
-78.335	-32.023	142.401
-78.357	-32.034	142.330
-78.308	-32.132	142.346
-78.386	-32.203	142.331
-78.381	-32.274	142.322
-78.359	-32.323	142.349
-78.389	-32.383	142.299
-78.392	-32.428	142.328
-78.387	-32.477	142.300
-78.379	-32.500	142.294
-78.410	-32.581	142.299
-78.391	-32.638	142.351
-78.386	-32.647	142.316
-78.414	-32.724	142.356
-78.434	-32.782	142.306
-78.428	-32.832	142.408
-78.448	-32.903	142.383
-78.441	-32.913	142.357
-78.422	-32.972	142.399
-78.444	-32.995	142.409
-78.456	-33.064	142.417
-78.447	-33.106	142.478
-78.467	-33.112	142.418
-78.453	-33.142	142.393
-78.457	-33.197	142.463
-78.475	-33.225	142.409
-78.453	-33.265	142.471
-78.468	-33.263	142.387
-78.497	-33.309	142.473
-78.491	-33.334	142.466
-78.460	-33.356	142.438
-78.487	-33.350	142.405
-78.478	-33.376	142.452
-78.507	-33.391	142.448
-78.510	-33.402	142.449
-78.502	-33.425	142.446
-78.535	-33.435	142.445
-78.522	-33.451	142.500
-78.546	-33.422	142.429
-78.533	-33.428	142.494
-78.542	-33.428	142.423
-78.565	-33.423	142.430
-78.573	-33.448	142.434
-78.546	-33.428	142.439
-78.565	-33.397	142.408
-78.586	-33.427	142.446
-78.570	-33.397	142.498
-78.568	-33.381	142.428
-78.566	-33.381	142.441
-78.607	-33.331	142.432
-78.578	-33.352	142.478
-78.588	-33.308	142.430
-78.586	-33.322	142.477
-78.609	-33.292	142.474
-78.609	-33.237	142.451
-78.619	-33.216	142.417
-78.610	-33.230	142.450
-78.613	-33.179	142.423
-78.606	-33.148	142.455
-78.649	-33.091	142.419
-78.617	-33.060	142.391
-78.614	-33.065	142.410
-78.619	-32.998	142.388
-78.640	-32.994	142.434
-78.623	-32.939	142.390
-78.627	-32.913	142.374
-78.636	-32.865	142.400
-78.632	-32.835	142.405
-78.622	-32.788	142.406
-78.632	-32.766	142.364
-78.607	-32.690	142.336
-78.589	-32.685	142.383
-78.606	-32.643	142.339
-78.622	-32.602	142.361
-78.577	-32.584	142.386
-78.587	-32.492	142.299
-78.582	-32.493	142.452
-78.584	-32.415	142.311
-78.568	-32.390	142.380
-78.591	-32.367	142.371
-78.573	-32.320	142.416
-78.590	-32.270	142.345
-78.572	-32.235	142.409
-78.566	-32.180	142.322
-78.562	-32.142	142.361
-78.534	-32.109	142.363
-78.561	-32.064	142.374
-78.538	-31.988	142.365
-78.515	-32.026	142.393
-78.527	-31.912	142.360
-78.546	-31.943	142.415
-78.560	-31.890	142.440
-78.513	-31.831	142.396
-78.493	-31.807	142.379
-78.523	-31.754	142.353
-78.478	-31.709	142.330
-78.465	-31.719	142.423
-78.455	-31.669	142.386
-78.448	-31.672	142.419
-78.431	-31.638	142.425
-78.451	-31.614	142.393
-78.414	-31.601	142.425
-78.397	-31.542	142.363
-78.427	-31.501	142.349
-78.370	-31.493	142.323
-78.387	-31.486	142.364
-78.371	-31.431	142.344
-78.354	-31.410	142.256
-78.344	-31.417	142.317
-78.357	-31.410	142.359
-78.342	-31.378	142.342
-78.346	-31.395	142.360
-78.348	-31.365	142.357
-78.325	-31.346	142.310
-78.306	-31.372	142.309
-78.309	-31.359	142.359
-78.294	-31.362	142.333
-78.292	-31.338	142.329
-78.299	-31.325	142.321
-78.307	-31.312	142.283
-78.278	-31.315	142.278
-78.304	-31.337	142.265
-78.283	-31.327	142.317
-78.288	-31.357	142.379
-78.294	-31.310	142.285
-78.273	-31.319	142.280
-78.279	-31.347	142.301
-78.269	-31.340	142.314
-78.282	-31.373	142.378
-78.268	-31.354	142.274
-78.293	-31.382	142.322
-78.276	-31.395	142.325
-78.268	-31.380	142.270
-78.252	-31.433	142.324
-78.283	-31.427	142.328
-78.279	-31.442	142.313
-78.278	-31.436	142.293
-78.299	-31.485	142.342
-78.311	-31.475	142.314
-78.300	-31.499	142.295
-78.285	-31.518	142.320
-78.297	-31.569	142.384
-78.276	-31.577	142.303
-78.329	-31.623	142.386
-78.314	-31.598	142.298
-78.331	-31.631	142.291
-78.323	-31.617	142.298
-78.345	-31.665	142.310
-78.355	-31.691	142.368
-78.347	-31.734	142.359
-78.359	-31.736	142.306
-78.379	-31.772	142.344
-78.355	-31.842	142.410
-78.358	-31.830	142.311
-78.401	-31.897	142.414
-78.381	-31.926	142.410
-78.364	-31.936	142.395
-78.403	-31.937	142.352
-78.423	-32.003	142.380
-78.431	-32.000	142.352
-78.426	-32.039	142.341
-78.440	-32.066	142.352
-78.441	-32.107	142.354
-78.473	-32.137	142.347
-78.459	-32.169	142.360
-78.444	-32.179	142.332
-78.441	-32.209	142.319
-78.461	-32.253	142.369
-78.492	-32.273	142.330
-78.480	-32.293	142.379
-78.482	-32.323	142.329
-78.496	-32.337	142.371
-78.532	-32.352	142.357
-78.512	-32.415	142.351
-78.532	-32.381	142.319
-78.541	-32.415	142.331
-78.540	-32.418	142.330
-78.522	-32.492	142.432
-78.553	-32.490	142.341
-78.539	-32.510	142.363
-78.552	-32.510	142.293
-78.542	-32.502	142.329
-78.561	-32.568	142.337
-78.561	-32.574	142.343
-78.586	-32.571	142.309
-78.595	-32.608	142.322
-78.571	-32.604	142.357
-78.574	-32.641	142.366
-78.581	-32.637	142.357
-78.569	-32.645	142.275
-78.582	-32.669	142.329
-78.595	-32.690	142.349
-78.566	-32.710	142.419
-78.569	-32.655	142.317
-78.574	-32.713	142.329
-78.604	-32.711	142.349
-78.580	-32.730	142.357
-78.578	-32.724	142.395
-78.558	-32.721	142.355
-78.586	-32.718	142.347
-78.583	-32.765	142.371
-78.569	-32.721	142.335
-78.583	-32.727	142.347
-78.595	-32.726	142.302
-78.568	-32.751	142.393
-78.583	-32.750	142.380
-78.561	-32.745	142.397
-78.575	-32.750	142.346
-78.560	-32.775	142.426
-78.570	-32.742	142.346
-78.569	-32.717	142.363
-78.565	-32.749	142.410
-78.569	-32.734	142.399
-78.528	-32.716	142.364
-78.543	-32.729	142.336
-78.550	-32.731	142.358
-78.531	-32.692	142.374
-78.526	-32.698	142.360
-78.540	-32.688	142.317
-78.520	-32.654	142.305
-78.519	-32.677	142.364
-78.532	-32.660	142.358
-78.534	-32.664	142.395
-78.520	-32.670	142.430
-78.488	-32.623	142.339
-78.480	-32.602	142.334
-78.514	-32.585	142.350
-78.489	-32.590	142.317
-78.472	-32.559	142.292
-78.456	-32.533	142.269
-78.483	-32.558	142.373
-78.468	-32.560	142.358
-78.451	-32.514	142.329
-78.442	-32.501	142.278
-78.426	-32.518	142.355
-78.460	-32.485	142.314
-78.441	-32.482	142.355
-78.432	-32.431	142.303
-78.436	-32.436	142.299
-78.434	-32.413	142.333
-78.446	-32.418	142.314
-78.432	-32.401	142.348
-78.443	-32.394	142.373
-78.432	-32.357	142.317
-78.411	-32.328	142.303
-78.405	-32.339	142.333
-78.395	-32.304	142.350
-78.398	-32.280	142.304
-78.412	-32.267	142.275
-78.401	-32.249	142.385
-78.374	-32.236	142.301
-78.378	-32.214	142.306
-78.387	-32.198	142.297
-78.333	-32.186	142.284
-78.408	-32.194	142.366
-78.357	-32.164	142.335
-78.344	-32.126	142.322
-78.364	-32.148	142.290
-78.335	-32.086	142.292
-78.367	-32.107	142.340
-78.354	-32.064	142.328
-78.357	-32.083	142.386
-78.358	-32.071	142.422
-78.348	-32.042	142.352
-78.331	-32.001	142.319
-78.368	-32.011	142.346
-78.342	-31.974	142.288
-78.344	-32.000	142.390
-78.337	-31.987	142.358
-78.341	-31.912	142.322
-78.356	-31.943	142.386
-78.344	-31.963	142.441
-78.342	-31.928	142.435
-78.340	-31.893	142.346
-78.329	-31.902	142.399
-78.336	-31.861	142.344
-78.340	-31.870	142.417
-78.354	-31.859	142.358
-78.376	-31.822	142.363
-78.335	-31.830	142.384
-78.373	-31.861	142.436
-78.368	-31.823	142.385
-78.373	-31.780	142.342
-78.382	-31.786	142.370
-78.382	-31.809	142.417
-78.358	-31.771	142.381
-78.381	-31.792	142.390
-78.357	-31.744	142.342
-78.367	-31.809	142.354
-78.381	-31.739	142.284
-78.373	-31.763	142.385
-78.361	-31.756	142.347
-78.388	-31.728	142.324
-78.383	-31.764	142.398
-78.404	-31.722	142.275
-78.376	-31.726	142.314
-78.416	-31.781	142.400
-78.431	-31.754	142.393
-78.424	-31.751	142.375
-78.412	-31.789	142.421
-78.390	-31.730	142.292
-78.391	-31.748	142.371
-78.446	-31.754	142.362
-78.430	-31.781	142.424
-78.466	-31.792	142.397
-78.418	-31.777	142.397
-78.422	-31.796	142.373
-78.448	-31.799	142.420
-78.441	-31.789	142.417
-78.450	-31.781	142.362
-78.450	-31.819	142.334
-78.478	-31.830	142.427
-78.461	-31.840	142.401
-78.428	-31.830	142.366
-78.505	-31.856	142.385
-78.521	-31.835	142.373
-78.503	-31.852	142.370
-78.492	-31.917	142.429
-78.505	-31.892	142.389
-78.481	-31.840	142.253
-78.499	-31.922	142.361
-78.499	-31.947	142.396
-78.472	-31.924	142.354
-78.538	-31.965	142.423
-78.555	-31.962	142.338
-78.508	-32.001	142.372
-78.544	-32.003	142.353
-78.511	-32.016	142.377
-78.516	-32.048	142.420
-78.531	-32.012	142.375
-78.524	-32.063	142.404
-78.534	-32.056	142.370
-78.527	-32.062	142.364
-78.522	-32.083	142.345
-78.524	-32.099	142.340
-78.533	-32.098	142.312
-78.536	-32.124	142.363
-78.506	-32.153	142.359
-78.537	-32.191	142.375
-78.528	-32.204	142.366
-78.524	-32.212	142.429
-78.496	-32.197	142.356
-78.505	-32.228	142.382
-78.510	-32.263	142.367
-78.521	-32.220	142.304
-78.523	-32.293	142.353
-78.529	-32.298	142.379
-78.516	-32.294	142.355
-78.527	-32.347	142.355
-78.534	-32.340	142.390
-78.513	-32.322	142.349
-78.535	-32.374	142.349
-78.541	-32.395	142.329
-78.515	-32.377	142.415
-78.516	-32.416	142.379
-78.520	-32.409	142.357
-78.532	-32.435	142.382
-78.494	-32.423	142.370
-78.508	-32.457	142.379
-78.496	-32.447	142.339
-78.507	-32.440	142.319
-78.477	-32.473	142.366
-78.496	-32.506	142.388
-78.496	-32.489	142.306
-78.500	-32.474	142.356
-78.484	-32.510	142.354
-78.488	-32.501	142.319
-78.486	-32.514	142.294
-78.497	-32.557	142.358
-78.488	-32.555	142.357
-78.473	-32.534	142.348
-78.460	-32.570	142.360
-78.472	-32.576	142.367
-78.460	-32.557	142.339
-78.453	-32.564	142.347
-78.472	-32.567	142.306
-78.451	-32.576	142.338
-78.454	-32.573	142.344
-78.462	-32.565	142.310
-78.446	-32.593	142.308
-78.447	-32.622	142.362
-78.410	-32.590	142.354
-78.436	-32.621	142.392
-78.415	-32.621	142.392
-78.444	-32.594	142.387
-78.422	-32.591	142.324
-78.409	-32.573	142.315
-78.412	-32.589	142.309
-78.428	-32.577	142.297
-78.404	-32.585	142.307
-78.426	-32.583	142.343
-78.405	-32.585	142.344
-78.418	-32.577	142.346
-78.406	-32.561	142.345
-78.397	-32.562	142.361
-78.406	-32.565	142.319
-78.392	-32.555	142.355
-78.415	-32.581	142.387
-78.386	-32.510	142.318
-78.397	-32.503	142.329
-78.394	-32.522	142.312
-78.411	-32.506	142.314
-78.425	-32.520	142.359
-78.387	-32.515	142.341
-78.410	-32.490	142.389
-78.392	-32.468	142.355
-78.409	-32.459	142.283
-78.377	-32.473	142.386
-78.394	-32.439	142.334
-78.390	-32.431	142.320
-78.350	-32.380	142.271
-78.370	-32.372	142.267
-78.400	-32.404	142.334
-78.410	-32.374	142.350
-78.395	-32.371	142.331
-78.360	-32.343	142.312
-78.378	-32.314	142.298
-78.381	-32.292	142.289
-78.395	-32.312	142.343
-78.371	-32.287	142.393
-78.436	-32.312	142.397
-78.348	-32.271	142.340
-78.401	-32.265	142.350
-78.386	-32.213	142.325
-78.395	-32.210	142.359
-78.383	-32.223	142.393
-78.375	-32.186	142.351
-78.381	-32.172	142.405
-78.407	-32.185	142.379
-78.420	-32.161	142.406
-78.377	-32.125	142.275
-78.383	-32.108	142.369
-78.404	-32.088	142.355
-78.429	-32.086	142.382
-78.416	-32.092	142.414
-78.433	-32.036	142.358
-78.422	-32.035	142.369
-78.431	-32.023	142.356
-78.432	-31.998	142.397
-78.425	-31.980	142.359
-78.446	-31.962	142.362
-78.451	-31.963	142.390
-78.483	-31.945	142.390
-78.431	-31.932	142.402
-78.444	-31.874	142.366
-78.464	-31.911	142.432
-78.474	-31.904	142.373
-78.458	-31.869	142.403
-78.501	-31.836	142.362
-78.453	-31.868	142.426
-78.496	-31.863	142.430
-78.483	-31.824	142.375
-78.477	-31.818	142.363
-78.479	-31.824	142.381
-78.467	-31.798	142.330
-78.477	-31.837	142.400
-78.515	-31.806	142.401
-78.477	-31.774	142.354
-78.496	-31.799	142.418
-78.481	-31.813	142.416
-78.480	-31.802	142.372
-78.493	-31.818	142.475
-78.506	-31.803	142.412
-78.485	-31.734	142.336
-78.496	-31.786	142.359
-78.516	-31.792	142.410
-78.486	-31.786	142.408
-78.518	-31.756	142.389
-78.478	-31.777	142.357
-78.511	-31.766	142.363
-78.508	-31.792	142.408
-78.489	-31.800	142.366
-78.522	-31.789	142.391
-78.514	-31.819	142.402
-78.539	-31.824	142.426
-78.487	-31.760	142.251
-78.516	-31.845	142.422
-78.516	-31.855	142.361
-78.502	-31.832	142.418
-78.520	-31.868	142.449
-78.500	-31.868	142.402
-78.500	-31.890	142.444
-78.506	-31.854	142.357
-78.507	-31.908	142.426
-78.472	-31.918	142.403
-78.508	-31.885	142.300
-78.480	-31.933	142.377
-78.495	-31.954	142.361
-78.525	-31.947	142.330
-78.489	-32.007	142.428
-78.507	-32.007	142.392
-78.481	-32.019	142.419
-78.467	-32.013	142.379
-78.509	-32.026	142.390
-78.498	-32.034	142.362
-78.449	-32.062	142.343
-78.485	-32.068	142.374
-78.454	-32.125	142.437
-78.492	-32.116	142.370
-78.447	-32.143	142.360
-78.498	-32.141	142.375
-78.479	-32.174	142.400
-78.472	-32.187	142.411
-78.466	-32.198	142.373
-78.447	-32.205	142.328
-78.437	-32.217	142.373
-78.485	-32.270	142.417
-78.464	-32.258	142.372
-78.430	-32.270	142.387
-78.454	-32.291	142.373
-78.469	-32.314	142.396
-78.460	-32.331	142.354
-78.436	-32.335	142.370
-78.441	-32.342	142.367
-78.432	-32.352	142.332
-78.432	-32.365	142.361
-78.439	-32.378	142.306
-78.431	-32.411	142.338
-78.431	-32.431	142.396
-78.432	-32.413	142.379
-78.409	-32.433	142.319
-78.427	-32.430	142.337
-78.429	-32.428	142.285
-78.435	-32.470	142.341
-78.415	-32.470	142.328
-78.409	-32.533	142.389
-78.423	-32.493	142.349
-78.440	-32.510	142.341
-78.419	-32.516	142.349
-78.415	-32.525	142.343
-78.414	-32.532	142.353
-78.403	-32.536	142.313
-78.412	-32.530	142.304
-78.417	-32.557	142.350
-78.399	-32.582	142.383
-78.411	-32.584	142.339
-78.421	-32.540	142.295
-78.412	-32.560	142.367
-78.411	-32.586	142.363
-78.416	-32.584	142.347
-78.405	-32.577	142.317
-78.422	-32.585	142.361
-78.381	-32.560	142.328
-78.376	-32.569	142.314
-78.414	-32.637	142.416
-78.401	-32.577	142.356
-78.394	-32.541	142.327
-78.413	-32.552	142.358
-78.401	-32.583	142.315
-78.418	-32.533	142.284
-78.442	-32.522	142.256
-78.417	-32.559	142.333
-78.412	-32.552	142.325
-78.413	-32.532	142.368
-78.414	-32.538	142.314
-78.444	-32.527	142.305
-78.402	-32.517	142.265
-78.410	-32.518	142.327
-78.439	-32.500	142.341
-78.457	-32.522	142.353
-78.425	-32.492	142.345
-78.413	-32.501	142.344
-78.408	-32.460	142.309
-78.426	-32.484	142.382
-78.425	-32.420	142.269
-78.457	-32.441	142.346
-78.432	-32.401	142.295
-78.451	-32.402	142.311
-78.446	-32.402	142.373
-78.433	-32.367	142.267
-78.450	-32.392	142.332
-78.433	-32.376	142.360
-78.457	-32.328	142.307
-78.445	-32.344	142.344
-78.463	-32.309	142.279
-78.452	-32.305	142.297
-78.465	-32.340	142.401
-78.438	-32.308	142.394
-78.451	-32.261	142.336
-78.428	-32.274	142.378
-78.454	-32.188	142.299
-78.465	-32.263	142.416
-78.465	-32.224	142.374
-78.467	-32.175	142.347
-78.469	-32.193	142.322
-78.437	-32.167	142.393
-78.434	-32.171	142.389
-78.451	-32.140	142.397
-78.478	-32.144	142.351
-78.501	-32.119	142.338
-78.472	-32.105	142.347
-78.461	-32.098	142.350
-78.474	-32.072	142.352
-78.478	-32.050	142.346
-78.487	-32.046	142.401
-78.508	-32.034	142.367
-78.475	-32.020	142.375
-78.475	-31.995	142.354
-78.516	-31.991	142.368
-78.496	-31.970	142.368
-78.514	-31.962	142.407
-78.491	-31.956	142.395
-78.507	-31.901	142.290
-78.481	-31.911	142.350
-78.504	-31.917	142.384
-78.499	-31.923	142.391
-78.529	-31.895	142.435
-78.497	-31.907	142.428
-78.488	-31.878	142.379
-78.494	-31.866	142.375
-78.500	-31.872	142.395
-78.507	-31.812	142.316
-78.527	-31.847	142.385
-78.475	-31.851	142.386
-78.489	-31.866	142.401
-78.504	-31.862	142.426
-78.497	-31.801	142.320
-78.473	-31.866	142.434
-78.496	-31.815	142.348
-78.484	-31.839	142.371
-78.486	-31.836	142.409
-78.493	-31.818	142.365
-78.488	-31.830	142.398
-78.486	-31.849	142.362
-78.488	-31.832	142.369
-78.483	-31.869	142.455
-78.498	-31.874	142.389
-78.507	-31.872	142.453
-78.467	-31.832	142.368
-78.468	-31.873	142.434
-78.483	-31.853	142.401
-78.472	-31.885	142.382
-78.439	-31.893	142.324
-78.482	-31.919	142.440
-78.471	-31.903	142.402
-78.478	-31.916	142.372
-78.485	-31.906	142.362
-78.462	-31.956	142.408
-78.448	-31.949	142.423
-78.446	-31.958	142.368
-78.446	-31.964	142.375
-78.428	-31.973	142.408
-78.432	-31.993	142.377
-78.426	-31.974	142.342
-78.445	-32.004	142.386
-78.462	-32.008	142.401
-78.486	-32.077	142.439
-78.461	-32.058	142.406
-78.430	-32.064	142.363
-78.431	-32.062	142.395
-78.407	-32.084	142.374
-78.431	-32.114	142.392
-78.425	-32.123	142.393
-78.417	-32.132	142.432
-78.397	-32.150	142.387
-78.414	-32.201	142.433
-78.398	-32.185	142.355
-78.429	-32.168	142.315
-78.405	-32.215	142.349
-78.393	-32.195	142.331
-78.435	-32.225	142.408
-78.440	-32.246	142.374
-78.398	-32.227	142.289
-78.388	-32.236	142.307
-78.423	-32.280	142.391
-78.397	-32.286	142.311
-78.409	-32.309	142.346
-78.384	-32.283	142.261
-78.426	-32.341	142.328
-78.384	-32.314	142.351
-78.387	-32.332	142.347
-78.413	-32.381	142.363
-78.391	-32.368	142.369
-78.421	-32.350	142.352
-78.408	-32.348	142.337
-78.420	-32.364	142.321
-78.403	-32.400	142.382
-78.396	-32.399	142.325
-78.413	-32.407	142.341
-78.395	-32.407	142.319
-78.403	-32.434	142.321
-78.406	-32.414	142.304
-78.423	-32.450	142.344
-78.424	-32.442	142.331
-78.395	-32.439	142.304
-78.404	-32.465	142.336
-78.383	-32.453	142.318
-78.404	-32.502	142.379
-78.392	-32.445	142.326
-78.414	-32.465	142.302
-78.410	-32.439	142.297
-78.395	-32.485	142.309
-78.399	-32.458	142.270
-78.430	-32.483	142.331
-78.421	-32.498	142.310
-78.436	-32.463	142.315
-78.417	-32.473	142.274
-78.409	-32.518	142.350
-78.419	-32.521	142.388
-78.422	-32.509	142.359
-78.433	-32.505	142.357
-78.452	-32.469	142.302
-78.428	-32.469	142.278
-78.450	-32.490	142.335
-78.440	-32.455	142.291
-78.435	-32.453	142.278
-78.423	-32.475	142.368
-78.447	-32.457	142.341
-78.430	-32.450	142.328
-78.464	-32.461	142.333
-78.440	-32.457	142.333
-78.460	-32.440	142.374
-78.454	-32.436	142.309
-78.455	-32.451	142.366
-78.461	-32.414	142.348
-78.437	-32.386	142.289
-78.433	-32.393	142.316
-78.442	-32.410	142.324
-78.465	-32.370	142.267
-78.481	-32.384	142.360
-78.486	-32.362	142.293
-78.471	-32.359	142.386
-78.462	-32.328	142.324
-78.479	-32.351	142.347
-78.462	-32.333	142.297
-78.488	-32.354	142.375
-78.463	-32.334	142.418
-78.467	-32.300	142.307
-78.489	-32.310	142.364
-78.488	-32.301	142.354
-78.487	-32.284	142.365
-78.458	-32.262	142.373
-78.490	-32.256	142.327
-78.468	-32.258	142.399
-78.488	-32.246	142.384
-78.494	-32.258	142.419
-78.475	-32.204	142.365
-78.492	-32.216	142.364
-78.460	-32.191	142.380
-78.484	-32.147	142.319
-78.485	-32.184	142.417
-78.475	-32.190	142.391
-78.522	-32.161	142.404
-78.491	-32.148	142.393
-78.486	-32.154	142.408
-78.500	-32.107	142.362
-78.495	-32.119	142.372
-78.492	-32.084	142.359
-78.494	-32.076	142.306
-78.501	-32.066	142.315
-78.488	-32.098	142.405
-78.475	-32.056	142.380
-78.473	-32.080	142.427
-78.477	-32.065	142.405
-78.496	-32.029	142.326
-78.455	-32.015	142.341
-78.493	-32.020	142.435
-78.512	-32.048	142.394
-78.483	-32.002	142.365
-78.466	-32.011	142.388
-78.461	-31.981	142.321
-78.444	-31.977	142.354
-78.459	-32.044	142.430
-78.447	-31.978	142.376
-78.460	-31.948	142.334
-78.466	-31.992	142.403
-78.452	-31.961	142.375
-78.458	-31.997	142.457
-78.481	-31.925	142.334
-78.471	-31.940	142.325
-78.427	-31.984	142.409
-78.461	-31.953	142.409
-78.489	-31.974	142.344
-78.456	-31.955	142.362
-78.457	-31.979	142.335
-78.462	-32.010	142.451
-78.477	-31.968	142.419
-78.439	-31.965	142.397
-78.443	-32.005	142.401
-78.427	-31.974	142.477
-78.448	-31.973	142.369
-78.454	-32.001	142.358
-78.435	-31.978	142.408
-78.439	-31.949	142.359
-78.435	-31.971	142.369
-78.454	-32.012	142.396
-78.451	-32.000	142.400
-78.426	-32.008	142.394
-78.423	-31.997	142.378
-78.430	-31.997	142.388
-78.393	-32.038	142.423
-78.430	-32.028	142.357
-78.435	-32.072	142.405
-78.394	-32.017	142.368
-78.410	-32.050	142.374
-78.413	-32.068	142.352
-78.415	-32.072	142.409
-78.421	-32.060	142.372
-78.397	-32.093	142.365
-78.406	-32.095	142.371
-78.418	-32.077	142.314
-78.409	-32.095	142.350
-78.411	-32.097	142.316
-78.422	-32.106	142.360
-78.404	-32.123	142.340
-78.374	-32.163	142.376
-78.395	-32.183	142.397
-78.403	-32.148	142.359
-78.412	-32.187	142.409
-78.404	-32.190	142.415
-78.395	-32.163	142.351
-78.399	-32.188	142.388
-78.414	-32.210	142.369
-78.389	-32.226	142.374
-78.427	-32.233	142.321
-78.387	-32.216	142.329
-78.432	-32.233	142.311
-78.412	-32.261	142.407
-78.416	-32.262	142.363
-78.410	-32.257	142.332
-78.409	-32.272	142.320
-78.421	-32.274	142.332
-78.384	-32.259	142.317
-78.401	-32.252	142.338
-78.412	-32.287	142.324
-78.418	-32.291	142.317
-78.406	-32.287	142.287
-78.412	-32.284	142.302
-78.413	-32.309	142.309
-78.419	-32.324	142.338
-78.422	-32.307	142.277
-78.436	-32.359	142.386
-78.456	-32.309	142.335
-78.420	-32.338	142.375
-78.463	-32.357	142.378
-78.427	-32.315	142.297
-78.457	-32.363	142.396
-78.419	-32.321	142.282
-78.451	-32.399	142.380
-78.420	-32.368	142.336
-78.431	-32.376	142.356
-78.449	-32.377	142.323
-78.424	-32.369	142.322
-78.428	-32.384	142.281
-78.466	-32.367	142.324
-78.451	-32.383	142.358
-78.448	-32.378	142.304
-78.427	-32.389	142.329
-78.481	-32.397	142.370
-78.458	-32.385	142.296
-78.437	-32.389	142.364
-78.453	-32.374	142.304
-78.444	-32.373	142.329
-78.426	-32.386	142.337
-78.478	-32.364	142.332
-78.448	-32.367	142.334
-78.457	-32.373	142.348
-78.455	-32.369	142.304
-78.467	-32.375	142.343
-78.469	-32.372	142.301
-78.479	-32.383	142.383
-78.488	-32.397	142.418
-78.478	-32.366	142.348
-78.480	-32.355	142.368
-78.457	-32.336	142.331
-78.473	-32.353	142.365
-78.482	-32.352	142.379
-78.457	-32.336	142.276
-78.457	-32.319	142.299
-78.484	-32.356	142.361
-78.469	-32.340	142.338
-78.487	-32.372	142.384
-78.488	-32.312	142.367
-78.480	-32.320	142.333
-78.486	-32.341	142.393
-78.474	-32.300	142.342
-78.458	-32.294	142.270
-78.502	-32.277	142.333
-78.478	-32.299	142.402
-78.493	-32.284	142.351
-78.483	-32.292	142.388
-78.497	-32.254	142.346
-78.470	-32.281	142.373
-78.433	-32.245	142.284
-78.494	-32.244	142.345
-78.465	-32.224	142.315
-78.449	-32.251	142.354
-78.448	-32.224	142.354
-78.506	-32.240	142.424
-78.470	-32.231	142.359
-78.444	-32.210	142.324
-78.505	-32.204	142.345
-78.495	-32.226	142.366
-78.425	-32.194	142.338
-78.467	-32.203	142.376
-78.449	-32.198	142.368
-78.465	-32.214	142.361
-78.425	-32.195	142.396
-78.470	-32.175	142.358
-78.456	-32.167	142.354
-78.471	-32.125	142.306
-78.466	-32.124	142.333
-78.466	-32.150	142.372
-78.447	-32.142	142.382
-78.459	-32.152	142.340
-78.467	-32.124	142.308
-78.471	-32.112	142.366
-78.462	-32.111	142.324
-78.445	-32.110	142.367
-78.452	-32.109	142.381
-78.460	-32.095	142.360
-78.430	-32.128	142.342
-78.439	-32.099	142.407
-78.432	-32.099	142.338
-78.446	-32.129	142.402
-78.430	-32.122	142.414
-78.425	-32.120	142.367
-78.448	-32.098	142.379
-78.421	-32.066	142.325
-78.424	-32.091	142.401
-78.417	-32.126	142.441
-78.434	-32.086	142.396
-78.403	-32.112	142.386
-78.443	-32.071	142.346
-78.414	-32.058	142.316
-78.424	-32.091	142.383
-78.434	-32.067	142.365
-78.419	-32.102	142.390
-78.420	-32.079	142.395
-78.410	-32.099	142.399
-78.418	-32.032	142.344
-78.420	-32.084	142.393
-78.412	-32.071	142.330
-78.404	-32.097	142.381
-78.437	-32.078	142.368
-78.409	-32.112	142.414
-78.412	-32.101	142.431
-78.386	-32.093	142.393
-78.428	-32.093	142.369
-78.387	-32.094	142.330
-78.437	-32.115	142.386
-78.404	-32.080	142.351
-78.407	-32.072	142.338
-78.404	-32.107	142.340
-78.433	-32.120	142.380
-78.436	-32.163	142.405
-78.405	-32.092	142.323
-78.408	-32.153	142.416
-78.375	-32.120	142.366
-78.403	-32.069	142.300
-78.413	-32.103	142.324
-78.384	-32.136	142.306
-78.400	-32.135	142.362
-78.401	-32.124	142.364
-78.428	-32.123	142.303
-78.414	-32.186	142.397
-78.386	-32.162	142.353
-78.420	-32.170	142.340
-78.447	-32.163	142.338
-78.424	-32.155	142.324
-78.401	-32.184	142.331
-78.401	-32.158	142.367
-78.406	-32.163	142.361
-78.413	-32.182	142.345
-78.409	-32.175	142.338
-78.432	-32.197	142.323
-78.406	-32.173	142.316
-78.401	-32.216	142.335
-78.437	-32.203	142.371
-78.432	-32.205	142.367
-78.429	-32.234	142.385
-78.436	-32.232	142.371
-78.409	-32.237	142.368
-78.409	-32.204	142.298
-78.429	-32.248	142.379
-78.442	-32.256	142.378
-78.453	-32.263	142.376
-78.428	-32.247	142.326
-78.460	-32.247	142.366
-78.439	-32.274	142.417
-78.445	-32.271	142.369
-78.419	-32.222	142.330
-78.436	-32.264	142.385
-78.446	-32.289	142.352
-78.456	-32.232	142.339
-78.470	-32.294	142.347
-78.424	-32.269	142.311
-78.464	-32.268	142.348
-78.447	-32.264	142.342
-78.436	-32.289	142.326
-78.455	-32.298	142.349
-78.443	-32.313	142.374
-78.444	-32.281	142.331
-78.456	-32.318	142.422
-78.455	-32.293	142.325
-78.454	-32.282	142.334
-78.458	-32.257	142.313
-78.443	-32.282	142.323
-78.462	-32.299	142.330
-78.474	-32.314	142.337
-78.487	-32.326	142.398
-78.436	-32.272	142.317
-78.460	-32.296	142.307
-78.447	-32.313	142.376
-78.459	-32.287	142.319
-78.452	-32.285	142.372
-78.474	-32.288	142.351
-78.498	-32.283	142.308
-78.483	-32.328	142.375
-78.454	-32.281	142.351
-78.451	-32.287	142.276
-78.462	-32.273	142.336
-78.486	-32.295	142.343
-78.447	-32.284	142.355
-78.460	-32.297	142.321
-78.463	-32.301	142.353
-78.484	-32.338	142.430
-78.476	-32.261	142.331
-78.474	-32.271	142.281
-78.469	-32.294	142.346
-78.467	-32.271	142.371
-78.468	-32.306	142.377
-78.484	-32.290	142.380
-78.465	-32.285	142.376
-78.473	-32.260	142.343
-78.470	-32.284	142.390
-78.476	-32.293	142.380
-78.497	-32.309	142.377
-78.475	-32.259	142.362
-78.481	-32.273	142.373
-78.445	-32.264	142.334
-78.459	-32.240	142.306
-78.447	-32.248	142.340
-78.454	-32.277	142.399
-78.474	-32.255	142.374
-78.459	-32.263	142.373
-78.471	-32.274	142.393
-78.474	-32.235	142.352
-78.468	-32.262	142.429
-78.445	-32.239	142.356
-78.458	-32.266	142.344
-78.483	-32.277	142.358
-78.462	-32.223	142.366
-78.463	-32.281	142.384
-78.453	-32.227	142.363
-78.463	-32.216	142.375
-78.437	-32.239	142.362
-78.441	-32.242	142.362
-78.430	-32.213	142.336
-78.444	-32.233	142.392
-78.456	-32.218	142.352
-78.452	-32.201	142.385
-78.461	-32.203	142.338
-78.422	-32.198	142.354
-78.445	-32.210	142.336
-78.417	-32.183	142.333
-78.429	-32.191	142.330
-78.433	-32.192	142.327
-78.427	-32.163	142.326
-78.434	-32.206	142.355
-78.438	-32.216	142.397
-78.441	-32.179	142.368
-78.453	-32.188	142.362
-78.448	-32.173	142.319
-78.431	-32.159	142.292
-78.428	-32.143	142.301
-78.399	-32.162	142.332
-78.418	-32.156	142.341
-78.455	-32.144	142.358
-78.427	-32.161	142.331
-78.422	-32.155	142.387
-78.414	-32.128	142.280
-78.413	-32.139	142.346
-78.400	-32.154	142.311
-78.428	-32.128	142.310
-78.449	-32.154	142.324
-78.426	-32.135	142.312
-78.419	-32.173	142.372
-78.418	-32.182	142.363
-78.424	-32.160	142.365
-78.403	-32.164	142.397
-78.394	-32.233	142.480
-78.408	-32.163	142.356
-78.390	-32.235	142.416
-78.395	-32.246	142.424
-78.375	-32.299	142.501
-78.349	-32.292	142.513
-78.369	-32.310	142.503
-78.369	-32.327	142.555
-78.315	-32.325	142.556
-78.339	-32.338	142.571
-78.329	-32.385	142.647
-78.332	-32.429	142.623
-78.336	-32.444	142.669
-78.296	-32.479	142.662
-78.305	-32.488	142.759
-78.290	-32.517	142.780
-78.274	-32.528	142.770
-78.269	-32.568	142.832
-78.248	-32.569	142.776
-78.259	-32.658	142.872
-78.255	-32.673	142.939
-78.240	-32.736	142.942
-78.213	-32.723	142.979
-78.241	-32.763	143.013
-78.193	-32.809	143.122
-78.210	-32.866	143.113
-78.192	-32.879	143.144
-78.175	-32.904	143.192
-78.182	-32.918	143.128
-78.172	-32.951	143.266
-78.167	-32.970	143.262
-78.177	-32.987	143.242
-78.169	-33.057	143.308
-78.126	-33.082	143.424
-78.151	-33.077	143.305
-78.130	-33.108	143.378
-78.109	-33.135	143.417
-78.126	-33.174	143.374
-78.097	-33.192	143.444
-78.116	-33.164	143.455
-78.133	-33.183	143.455
-78.114	-33.209	143.463
-78.091	-33.251	143.513
-78.117	-33.193	143.467
-78.115	-33.242	143.476
-78.131	-33.222	143.482
-78.120	-33.207	143.509
-78.112	-33.228	143.475
-78.148	-33.238	143.568
-78.104	-33.228	143.560
-78.140	-33.270	143.579
-78.115	-33.264	143.534
-78.108	-33.247	143.483
-78.098	-33.269	143.537
-78.131	-33.214	143.478
-78.121	-33.201	143.493
-78.104	-33.181	143.446
-78.095	-33.210	143.474
-78.123	-33.202	143.476
-78.116	-33.242	143.523
-78.125	-33.184	143.471
-78.140	-33.182	143.455
-78.139	-33.194	143.458
-78.132	-33.220	143.477
-78.131	-33.179	143.467
-78.128	-33.197	143.412
-78.159	-33.116	143.319
-78.105	-33.208	143.464
-78.127	-33.189	143.441
-78.136	-33.145	143.420
-78.150	-33.127	143.373
-78.119	-33.145	143.413
-78.103	-33.205	143.391
-78.163	-33.127	143.401
-78.140	-33.185	143.455
-78.158	-33.110	143.361
-78.130	-33.120	143.319
-78.172	-33.161	143.382
-78.129	-33.179	143.410
-78.098	-33.133	143.385
-78.157	-33.102	143.342
-78.295	-32.713	143.262
-78.324	-32.669	143.231
-78.331	-32.655	143.249
-78.297	-32.703	143.256
-78.302	-32.711	143.295
-78.325	-32.689	143.234
-78.313	-32.690	143.226
-78.334	-32.663	143.246
-78.317	-32.682	143.212
-78.308	-32.699	143.256
-78.313	-32.668	143.214
-78.300	-32.690	143.250
-78.299	-32.692	143.307
-78.313	-32.697	143.265
-78.303	-32.672	143.214
-78.308	-32.686	143.219
-78.321	-32.681	143.230
-78.328	-32.630	143.181
-78.316	-32.677	143.262
-78.291	-32.668	143.207
-78.300	-32.659	143.183
-78.322	-32.685	143.276
-78.298	-32.702	143.240
-78.309	-32.684	143.203
-78.325	-32.657	143.217
-78.294	-32.704	143.280
-78.335	-32.671	143.208
-78.301	-32.704	143.255
-78.313	-32.686	143.267
-78.286	-32.688	143.235
-78.296	-32.658	143.222
-78.270	-32.698	143.306
-78.310	-32.649	143.220
-78.310	-32.668	143.231
-78.297	-32.753	143.303
-78.317	-32.634	143.254
-78.275	-32.641	143.226
-78.270	-32.665	143.254
-78.318	-32.685	143.251
-78.267	-32.688	143.217
-78.294	-32.680	143.245
-78.296	-32.665	143.254
-78.299	-32.636	143.179
-78.306	-32.636	143.196
-78.305	-32.691	143.218
-78.268	-32.688	143.258
-78.302	-32.681	143.244
-78.298	-32.666	143.246
-78.287	-32.636	143.213
-78.288	-32.658	143.233
-78.296	-32.644	143.259
-78.303	-32.652	143.234
-78.285	-32.636	143.245
-78.276	-32.662	143.264
-78.245	-32.647	143.260
-78.281	-32.593	143.206
-78.269	-32.631	143.180
-78.286	-32.671	143.277
-78.287	-32.650	143.250
-78.292	-32.597	143.171
-78.294	-32.617	143.216
-78.283	-32.645	143.251
-78.298	-32.635	143.252
-78.307	-32.603	143.194
-78.266	-32.674	143.326
-78.264	-32.635	143.228
-78.262	-32.652	143.289
-78.283	-32.615	143.273
-78.278	-32.603	143.211
-78.293	-32.626	143.264
-78.289	-32.626	143.246
-78.263	-32.648	143.258
-78.299	-32.623	143.239
-78.288	-32.583	143.190
-78.266	-32.606	143.242
-78.287	-32.634	143.271
-78.307	-32.620	143.224
-78.266	-32.618	143.256
-78.296	-32.613	143.265
-78.273	-32.636	143.275
-78.277	-32.641	143.275
-78.295	-32.643	143.235
-78.309	-32.597	143.220
-78.327	-32.547	143.191
-78.271	-32.623	143.263
-78.312	-32.600	143.197
-78.279	-32.573	143.240
-78.302	-32.600	143.203
-78.308	-32.614	143.250
-78.322	-32.589	143.230
-78.282	-32.610	143.250
-78.284	-32.577	143.247
-78.277	-32.559	143.235
-78.297	-32.637	143.268
-78.275	-32.568	143.241
-78.292	-32.595	143.228
-78.289	-32.590	143.236
-78.289	-32.606	143.285
-78.305	-32.603	143.260
-78.287	-32.623	143.311
-78.293	-32.586	143.215
-78.297	-32.606	143.194
-78.319	-32.595	143.198
-78.305	-32.594	143.236
-78.314	-32.585	143.247
-78.300	-32.583	143.232
-78.317	-32.576	143.248
-78.283	-32.561	143.226
-78.280	-32.633	143.292
-78.303	-32.587	143.270
-78.329	-32.636	143.262
-78.303	-32.589	143.206
-78.311	-32.627	143.263
-78.328	-32.627	143.257
-78.309	-32.590	143.222
-78.308	-32.616	143.273
-78.321	-32.585	143.230
-78.335	-32.601	143.220
-78.302	-32.594	143.260
-78.330	-32.597	143.213
-78.333	-32.617	143.265
-78.329	-32.612	143.266
-78.345	-32.589	143.199
-78.315	-32.623	143.246
-78.302	-32.619	143.256
-78.311	-32.655	143.298
-78.324	-32.605	143.220
-78.322	-32.606	143.267
-78.337	-32.583	143.197
-78.322	-32.620	143.231
-78.330	-32.591	143.197
