NO_OF_FRAMES	5000
NO_OF_DATA_TYPES	3
FREQUENCY	500
TIME_STAMP	2026-06-04, 15:53:01
DATA_INCLUDED	Position
DATA_TYPES	Unidentified [767369]_pos_X	Unidentified [767369]_pos_Y	Unidentified [767369]_pos_Z


145.030	98.799	189.342
145.016	98.714	189.353
144.995	98.644	189.372
145.001	98.564	189.456
144.998	98.556	189.463
145.012	98.514	189.443
145.005	98.534	189.437
145.026	98.548	189.440
145.033	98.587	189.409
145.066	98.627	189.398
145.079	98.711	189.380
144.192	100.234	189.725
144.190	100.391	189.724
144.366	100.270	189.648
144.514	100.200	189.543
144.656	100.186	189.451
144.795	100.179	189.368
144.914	100.219	189.297
145.015	100.259	189.235
145.130	100.289	189.155
145.240	100.329	189.099
145.339	100.354	189.027
145.421	100.403	188.964
145.449	100.536	188.935
145.470	100.652	188.918
145.456	100.723	188.892
145.464	100.683	188.884
145.427	100.677	188.923
145.409	100.600	188.956
145.399	100.541	188.998
145.379	100.462	189.009
145.368	100.347	189.016
145.341	100.269	189.044
145.346	100.100	189.060
145.309	100.005	189.114
145.288	99.874	189.138
145.257	99.752	189.179
145.242	99.598	189.212
145.200	99.471	189.244
145.175	99.324	189.283
145.154	99.185	189.312
145.117	99.064	189.345
145.099	98.981	189.374
145.067	98.867	189.391
145.045	98.780	189.411
145.026	98.702	189.442
145.022	98.624	189.454
145.000	98.575	189.460
145.005	98.558	189.468
144.995	98.559	189.465
145.014	98.537	189.448
145.033	98.568	189.434
145.043	98.608	189.424
145.065	98.672	189.412
145.080	98.763	189.383
145.107	98.848	189.365
145.146	98.938	189.332
145.162	99.040	189.293
145.188	99.192	189.260
145.218	99.343	189.226
145.258	99.492	189.171
145.294	99.641	189.141
145.324	99.828	189.112
145.352	99.962	189.068
145.379	100.135	189.041
145.401	100.272	189.012
145.424	100.435	188.986
145.446	100.540	188.950
145.460	100.673	188.936
145.474	100.716	188.898
145.435	100.739	188.904
145.425	100.716	188.936
145.419	100.636	188.959
145.400	100.557	188.994
145.391	100.490	189.018
145.380	100.380	189.026
145.347	100.289	189.055
145.329	100.170	189.079
145.296	100.039	189.113
145.285	99.902	189.148
145.256	99.753	189.176
145.233	99.608	189.209
145.185	99.486	189.250
145.156	99.341	189.287
145.134	99.200	189.316
145.108	99.080	189.347
145.078	98.983	189.373
145.064	98.882	189.385
145.038	98.772	189.411
145.022	98.695	189.423
144.996	98.645	189.440
144.998	98.594	189.452
145.000	98.553	189.457
144.989	98.560	189.455
145.002	98.532	189.437
145.023	98.564	189.426
145.037	98.615	189.425
145.067	98.666	189.398
145.087	98.747	189.375
145.100	98.829	189.355
145.136	98.945	189.324
145.166	99.045	189.290
145.179	99.176	189.254
145.217	99.334	189.205
145.256	99.479	189.165
145.306	99.647	189.128
145.326	99.828	189.102
145.332	100.012	189.067
145.378	100.134	189.039
145.384	100.283	189.006
145.440	100.414	188.967
145.432	100.566	188.937
145.461	100.657	188.910
145.443	100.721	188.890
145.433	100.721	188.897
145.439	100.650	188.928
145.392	100.646	188.972
145.385	100.549	189.000
145.372	100.447	189.006
145.370	100.341	189.030
145.341	100.264	189.051
145.327	100.132	189.081
145.308	99.996	189.115
145.268	99.856	189.152
145.260	99.696	189.185
145.222	99.586	189.213
145.192	99.462	189.256
145.166	99.311	189.295
145.142	99.158	189.326
145.119	99.055	189.348
145.091	98.963	189.384
145.066	98.845	189.402
145.041	98.753	189.430
145.031	98.670	189.439
145.030	98.599	189.450
145.007	98.558	189.459
145.011	98.538	189.465
145.001	98.522	189.458
145.016	98.532	189.454
145.042	98.559	189.439
145.048	98.622	189.420
145.071	98.664	189.406
145.092	98.748	189.379
145.116	98.848	189.356
145.148	98.945	189.328
145.175	99.060	189.307
145.201	99.202	189.262
145.230	99.352	189.204
145.268	99.498	189.165
145.307	99.673	189.124
145.333	99.859	189.096
145.367	100.012	189.062
145.394	100.151	189.021
145.409	100.330	189.001
145.449	100.464	188.965
145.440	100.606	188.947
145.469	100.684	188.913
145.467	100.693	188.890
145.447	100.683	188.899
145.430	100.628	188.940
145.407	100.608	188.983
145.376	100.524	189.000
145.391	100.400	189.002
145.372	100.305	189.030
145.334	100.221	189.062
145.331	100.072	189.087
145.302	99.961	189.128
145.273	99.823	189.161
145.252	99.662	189.184
145.206	99.557	189.227
145.181	99.395	189.261
145.150	99.263	189.294
145.129	99.133	189.325
145.103	99.036	189.360
145.066	98.936	189.376
145.047	98.828	189.399
145.034	98.739	189.418
145.001	98.670	189.444
144.995	98.612	189.451
144.995	98.553	189.457
144.994	98.537	189.446
145.007	98.543	189.448
145.004	98.546	189.431
145.024	98.588	189.430
145.037	98.632	189.410
145.067	98.707	189.389
145.081	98.774	189.367
145.119	98.860	189.339
145.138	98.966	189.315
145.173	99.085	189.281
145.208	99.222	189.239
145.236	99.397	189.190
145.262	99.542	189.154
145.290	99.691	189.126
145.323	99.877	189.096
145.356	100.008	189.060
145.378	100.176	189.022
145.409	100.345	188.997
145.427	100.482	188.973
145.437	100.578	188.945
145.455	100.693	188.913
145.450	100.716	188.888
145.418	100.695	188.907
145.420	100.666	188.941
145.396	100.615	188.979
145.389	100.537	189.006
145.371	100.445	189.012
145.375	100.325	189.024
145.352	100.221	189.054
145.312	100.136	189.094
145.283	100.020	189.143
145.276	99.830	189.154
145.242	99.678	189.201
145.210	99.578	189.222
145.182	99.419	189.267
145.163	99.282	189.304
145.137	99.166	189.328
145.104	99.048	189.353
145.068	98.956	189.388
145.055	98.855	189.412
145.035	98.756	189.431
145.023	98.665	189.451
145.015	98.608	189.463
144.998	98.581	189.470
145.005	98.545	189.463
145.008	98.546	189.455
145.020	98.543	189.454
145.039	98.573	189.437
145.051	98.639	189.423
145.080	98.693	189.410
145.099	98.768	189.376
145.123	98.878	189.355
145.148	98.960	189.331
145.177	99.082	189.292
145.202	99.249	189.260
145.236	99.369	189.208
145.273	99.546	189.171
145.314	99.708	189.131
145.347	99.850	189.091
145.370	100.039	189.066
145.402	100.175	189.029
145.418	100.331	188.991
145.451	100.462	188.962
145.465	100.586	188.937
145.460	100.696	188.924
145.466	100.702	188.879
145.460	100.688	188.910
145.439	100.628	188.946
145.417	100.583	188.976
145.396	100.518	189.012
145.390	100.411	189.020
145.384	100.313	189.032
145.344	100.216	189.063
145.321	100.087	189.095
145.301	99.961	189.126
145.277	99.800	189.160
145.239	99.673	189.200
145.218	99.530	189.226
145.176	99.399	189.267
145.156	99.248	189.305
145.133	99.123	189.332
145.108	99.005	189.364
145.084	98.913	189.390
145.049	98.806	189.398
145.030	98.718	189.430
145.027	98.638	189.442
145.015	98.570	189.450
145.002	98.525	189.461
145.008	98.510	189.454
145.005	98.504	189.454
145.006	98.526	189.439
145.027	98.550	189.426
145.051	98.613	189.392
145.073	98.682	189.377
145.082	98.782	189.369
145.119	98.860	189.335
145.144	98.958	189.310
145.175	99.077	189.267
145.207	99.242	189.233
145.236	99.397	189.187
145.272	99.557	189.146
145.303	99.719	189.113
145.326	99.894	189.083
145.356	100.032	189.046
145.384	100.205	189.014
145.406	100.351	188.977
145.437	100.479	188.954
145.449	100.614	188.926
145.454	100.721	188.912
145.459	100.699	188.879
145.399	100.763	188.924
145.428	100.615	188.943
145.385	100.599	188.992
145.393	100.480	189.002
145.371	100.393	189.018
145.357	100.292	189.031
145.334	100.200	189.063
145.310	100.068	189.099
145.281	99.926	189.128
145.250	99.799	189.166
145.233	99.643	189.197
145.203	99.496	189.235
145.158	99.395	189.275
145.146	99.226	189.300
145.116	99.111	189.333
145.090	99.003	189.367
145.060	98.905	189.390
145.040	98.824	189.412
145.019	98.728	189.425
145.011	98.650	189.454
144.999	98.615	189.460
144.987	98.562	189.466
144.972	98.564	189.471
144.991	98.558	189.452
145.020	98.554	189.448
145.039	98.602	189.430
145.051	98.642	189.415
145.079	98.720	189.389
145.089	98.806	189.369
145.130	98.889	189.345
145.150	98.989	189.315
145.181	99.123	189.278
145.206	99.276	189.239
145.237	99.416	189.189
145.281	99.569	189.154
145.314	99.763	189.123
145.339	99.914	189.084
145.374	100.069	189.051
145.396	100.209	189.014
145.418	100.385	189.001
145.433	100.503	188.966
145.436	100.650	188.943
145.470	100.723	188.905
145.453	100.727	188.890
145.437	100.692	188.908
145.411	100.643	188.957
145.401	100.615	188.997
145.396	100.500	189.002
145.365	100.428	189.022
145.358	100.315	189.047
145.338	100.196	189.071
145.327	100.069	189.099
145.288	99.956	189.134
145.259	99.809	189.176
145.231	99.646	189.201
145.207	99.524	189.239
145.170	99.386	189.277
145.158	99.231	189.310
145.124	99.095	189.349
145.095	98.989	189.372
145.073	98.889	189.391
145.054	98.802	189.414
145.030	98.714	189.434
145.013	98.643	189.449
144.990	98.589	189.475
144.994	98.534	189.469
145.000	98.524	189.470
145.001	98.509	189.461
145.027	98.537	189.439
145.033	98.573	189.433
145.057	98.635	189.413
145.072	98.716	189.398
145.108	98.788	189.367
145.130	98.893	189.342
145.156	99.005	189.307
145.184	99.132	189.274
145.215	99.284	189.229
145.239	99.441	189.177
145.290	99.586	189.143
145.321	99.749	189.111
145.346	99.915	189.076
145.366	100.097	189.039
145.403	100.246	189.013
145.413	100.414	188.982
145.440	100.552	188.950
145.465	100.653	188.925
145.456	100.722	188.892
145.466	100.709	188.889
145.437	100.682	188.932
145.415	100.643	188.967
145.401	100.555	188.998
145.377	100.462	189.011
145.376	100.363	189.027
145.350	100.266	189.052
145.336	100.154	189.078
145.318	100.017	189.112
145.284	99.898	189.143
145.254	99.768	189.187
145.243	99.623	189.214
145.190	99.495	189.248
145.171	99.346	189.294
145.152	99.199	189.314
145.118	99.085	189.352
145.090	98.994	189.380
145.056	98.895	189.396
145.045	98.787	189.420
145.018	98.713	189.434
145.011	98.642	189.451
145.012	98.575	189.461
144.989	98.549	189.464
144.998	98.535	189.458
145.001	98.540	189.448
145.022	98.571	189.439
145.040	98.601	189.420
145.057	98.663	189.409
145.081	98.747	189.393
145.103	98.823	189.359
145.126	98.924	189.330
145.160	99.020	189.301
145.169	99.162	189.273
145.215	99.310	189.215
145.259	99.457	189.183
145.277	99.624	189.138
145.314	99.801	189.113
145.340	99.945	189.076
145.374	100.111	189.038
145.404	100.238	189.003
145.415	100.407	188.969
145.445	100.547	188.948
145.463	100.641	188.916
145.460	100.701	188.891
145.468	100.687	188.877
145.431	100.657	188.920
145.413	100.611	188.964
145.407	100.551	188.989
145.367	100.474	189.009
145.372	100.354	189.014
145.349	100.273	189.050
145.335	100.127	189.077
145.306	100.013	189.103
145.271	99.879	189.140
145.254	99.754	189.180
145.224	99.609	189.205
145.190	99.466	189.234
145.151	99.337	189.290
145.144	99.179	189.315
145.120	99.068	189.340
145.094	98.961	189.370
145.055	98.871	189.386
145.045	98.765	189.416
145.010	98.700	189.421
145.005	98.616	189.437
145.003	98.564	189.448
145.007	98.539	189.461
145.014	98.530	189.447
145.014	98.519	189.437
145.024	98.560	189.435
145.050	98.589	189.420
145.063	98.660	189.400
145.077	98.743	189.376
145.113	98.811	189.362
145.126	98.938	189.339
145.166	99.022	189.301
145.197	99.178	189.254
145.221	99.316	189.215
145.264	99.466	189.171
145.293	99.640	189.145
145.322	99.800	189.102
145.358	99.973	189.066
145.384	100.126	189.041
145.412	100.261	189.001
145.410	100.436	188.989
145.447	100.546	188.947
145.461	100.650	188.923
145.474	100.691	188.891
145.429	100.746	188.908
145.413	100.699	188.946
145.431	100.624	188.971
145.404	100.557	189.005
145.374	100.494	189.022
145.371	100.360	189.039
145.353	100.268	189.056
145.327	100.164	189.086
145.304	100.017	189.123
145.288	99.872	189.156
145.255	99.743	189.197
145.236	99.605	189.223
145.195	99.461	189.266
145.157	99.318	189.291
145.144	99.184	189.329
145.117	99.080	189.354
145.094	98.976	189.392
145.057	98.876	189.410
145.041	98.776	189.431
145.020	98.692	189.447
145.004	98.613	189.461
145.006	98.565	189.453
145.010	98.550	189.471
145.001	98.529	189.451
145.004	98.547	189.452
145.021	98.560	189.437
145.038	98.614	189.425
145.061	98.687	189.406
145.086	98.752	189.380
145.110	98.839	189.352
145.142	98.943	189.330
145.167	99.063	189.299
145.188	99.198	189.263
145.224	99.345	189.212
145.252	99.505	189.172
145.279	99.676	189.147
145.330	99.831	189.099
145.354	99.989	189.065
145.382	100.165	189.035
145.401	100.299	189.000
145.425	100.447	188.978
145.444	100.580	188.946
145.454	100.653	188.920
145.451	100.720	188.897
145.456	100.691	188.896
145.422	100.671	188.941
145.390	100.611	188.975
145.389	100.534	189.003
145.378	100.463	189.013
145.352	100.338	189.035
145.343	100.235	189.050
145.316	100.125	189.085
145.301	99.992	189.112
145.272	99.863	189.152
145.251	99.711	189.183
145.219	99.569	189.216
145.189	99.428	189.253
145.161	99.293	189.293
145.138	99.160	189.316
145.111	99.045	189.343
145.070	98.955	189.374
145.049	98.855	189.392
145.038	98.760	189.419
145.018	98.670	189.431
145.008	98.620	189.444
145.008	98.557	189.456
144.997	98.534	189.451
145.001	98.529	189.446
145.014	98.527	189.444
145.027	98.551	189.420
145.037	98.604	189.417
145.064	98.660	189.389
145.090	98.740	189.375
145.117	98.840	189.343
145.139	98.927	189.328
145.173	99.051	189.291
145.199	99.186	189.247
145.235	99.326	189.201
145.271	99.493	189.164
145.294	99.662	189.136
145.319	99.823	189.099
145.349	99.963	189.054
145.374	100.132	189.034
145.412	100.291	188.998
145.430	100.436	188.971
145.457	100.563	188.940
145.461	100.648	188.914
145.440	100.745	188.903
145.452	100.708	188.894
145.426	100.688	188.939
145.407	100.600	188.965
145.386	100.559	189.003
145.383	100.470	189.016
145.372	100.339	189.025
145.351	100.247	189.051
145.334	100.127	189.089
145.299	100.028	189.126
145.273	99.864	189.153
145.253	99.729	189.196
145.223	99.568	189.217
145.190	99.456	189.262
145.155	99.292	189.290
145.136	99.157	189.329
145.118	99.063	189.353
145.069	98.956	189.380
145.065	98.844	189.398
145.034	98.753	189.430
145.025	98.657	189.450
145.012	98.604	189.459
144.994	98.564	189.471
145.000	98.529	189.464
145.007	98.526	189.452
145.006	98.533	189.444
145.031	98.553	189.436
145.037	98.595	189.417
145.061	98.660	189.400
145.093	98.755	189.375
145.121	98.832	189.357
145.139	98.958	189.322
145.166	99.059	189.291
145.201	99.209	189.252
145.229	99.350	189.206
145.253	99.539	189.175
145.296	99.678	189.134
145.318	99.837	189.097
145.357	100.013	189.056
145.387	100.157	189.024
145.419	100.306	188.999
145.416	100.470	188.972
145.454	100.596	188.942
145.472	100.675	188.911
145.443	100.721	188.889
145.434	100.723	188.912
145.421	100.663	188.951
145.401	100.572	188.979
145.388	100.530	188.999
145.381	100.432	189.017
145.357	100.325	189.037
145.342	100.224	189.057
145.327	100.081	189.085
145.284	99.974	189.124
145.275	99.821	189.156
145.240	99.682	189.196
145.209	99.543	189.223
145.177	99.415	189.264
145.155	99.248	189.302
145.126	99.134	189.328
145.100	99.020	189.357
145.080	98.928	189.393
145.044	98.824	189.408
145.020	98.748	189.433
145.011	98.660	189.446
145.006	98.597	189.458
144.998	98.544	189.456
145.004	98.524	189.461
144.991	98.552	189.459
145.009	98.545	189.448
145.024	98.556	189.437
145.043	98.607	189.415
145.070	98.678	189.398
145.084	98.769	189.382
145.117	98.866	189.361
145.150	98.974	189.325
145.164	99.074	189.291
145.199	99.231	189.247
145.243	99.390	189.200
145.274	99.542	189.164
145.290	99.702	189.133
145.330	99.875	189.095
145.358	100.038	189.058
145.390	100.188	189.032
145.411	100.341	189.002
145.416	100.520	188.986
145.448	100.601	188.939
145.455	100.724	188.926
145.447	100.731	188.899
145.450	100.681	188.905
145.426	100.651	188.957
145.422	100.595	188.986
145.384	100.513	189.009
145.389	100.422	189.026
145.367	100.318	189.039
145.360	100.210	189.055
145.335	100.117	189.094
145.294	99.971	189.125
145.281	99.811	189.169
145.252	99.681	189.201
145.209	99.543	189.233
145.185	99.412	189.267
145.160	99.257	189.309
145.131	99.139	189.337
145.108	99.020	189.363
145.068	98.927	189.393
145.054	98.837	189.404
145.040	98.723	189.425
145.019	98.651	189.444
145.009	98.596	189.453
145.003	98.539	189.465
144.996	98.532	189.461
144.997	98.526	189.463
145.008	98.544	189.447
145.032	98.550	189.432
145.053	98.594	189.422
145.060	98.683	189.395
145.082	98.764	189.378
145.112	98.860	189.346
145.143	98.948	189.315
145.173	99.061	189.285
145.194	99.225	189.238
145.226	99.373	189.196
145.265	99.545	189.162
145.296	99.697	189.128
145.322	99.864	189.088
145.365	100.004	189.051
145.384	100.155	189.021
145.401	100.331	188.986
145.432	100.449	188.960
145.453	100.584	188.934
145.463	100.689	188.912
145.451	100.692	188.883
145.439	100.668	188.893
145.430	100.630	188.934
145.415	100.562	188.967
145.399	100.488	188.987
145.373	100.407	189.009
145.357	100.326	189.030
145.336	100.208	189.060
145.314	100.095	189.083
145.289	99.961	189.127
145.269	99.807	189.149
145.241	99.669	189.192
145.210	99.537	189.224
145.169	99.412	189.258
145.151	99.262	189.289
145.128	99.138	189.328
145.091	99.026	189.353
145.068	98.928	189.378
145.038	98.817	189.403
145.033	98.731	189.422
145.010	98.650	189.448
145.006	98.569	189.452
144.993	98.556	189.462
144.997	98.510	189.457
144.995	98.530	189.456
145.010	98.521	189.448
145.025	98.549	189.428
145.046	98.606	189.416
145.068	98.678	189.391
145.092	98.760	189.372
145.116	98.868	189.349
145.145	98.983	189.320
145.173	99.083	189.278
145.201	99.248	189.251
145.238	99.384	189.200
145.273	99.547	189.161
145.308	99.716	189.126
145.351	99.893	189.085
145.349	100.048	189.055
145.394	100.192	189.029
145.422	100.349	188.991
145.438	100.487	188.963
145.455	100.599	188.942
145.465	100.700	188.913
145.467	100.693	188.884
145.452	100.667	188.912
145.401	100.674	188.961
145.388	100.611	188.994
145.396	100.504	189.010
145.371	100.410	189.027
145.369	100.311	189.031
145.342	100.203	189.070
145.327	100.061	189.097
145.298	99.954	189.141
145.270	99.804	189.172
145.249	99.670	189.205
145.205	99.540	189.244
145.185	99.403	189.281
145.147	99.254	189.314
145.115	99.122	189.336
145.096	99.028	189.367
145.072	98.912	189.398
145.051	98.812	189.419
145.022	98.731	189.437
145.017	98.653	189.447
145.009	98.579	189.453
144.997	98.551	189.466
145.002	98.535	189.466
145.012	98.528	189.453
145.026	98.542	189.444
145.031	98.565	189.427
145.052	98.611	189.409
145.080	98.702	189.395
145.096	98.794	189.373
145.131	98.881	189.343
145.153	98.988	189.314
145.176	99.119	189.280
145.213	99.267	189.238
145.245	99.400	189.197
145.271	99.577	189.157
145.316	99.739	189.118
145.344	99.897	189.081
145.364	100.079	189.050
145.399	100.214	189.012
145.428	100.371	188.982
145.443	100.512	188.948
145.451	100.617	188.940
145.451	100.721	188.908
145.425	100.756	188.907
145.428	100.690	188.920
145.406	100.634	188.963
145.413	100.548	188.986
145.383	100.491	189.012
145.371	100.367	189.025
145.353	100.283	189.040
145.333	100.149	189.066
145.315	100.020	189.105
145.295	99.895	189.135
145.252	99.771	189.177
145.214	99.623	189.215
145.193	99.487	189.243
145.166	99.353	189.289
145.145	99.204	189.313
145.115	99.077	189.345
145.085	98.983	189.373
145.058	98.894	189.401
145.036	98.793	189.422
145.014	98.695	189.441
145.000	98.624	189.453
144.994	98.581	189.463
144.997	98.531	189.455
144.988	98.530	189.458
145.015	98.531	189.456
144.999	98.564	189.452
145.027	98.585	189.428
145.059	98.640	189.407
145.070	98.711	189.390
145.096	98.801	189.362
145.121	98.894	189.337
145.158	99.004	189.307
145.178	99.144	189.274
145.212	99.292	189.227
145.239	99.422	189.177
145.271	99.609	189.139
145.313	99.749	189.115
145.343	99.918	189.073
145.365	100.096	189.041
145.405	100.227	189.013
145.436	100.380	188.972
145.440	100.537	188.960
145.447	100.639	188.933
145.448	100.753	188.917
145.446	100.721	188.891
145.447	100.655	188.911
145.414	100.631	188.958
145.391	100.581	189.001
145.372	100.494	189.013
145.369	100.378	189.029
145.366	100.275	189.038
145.321	100.172	189.075
145.312	100.025	189.099
145.284	99.902	189.147
145.264	99.767	189.172
145.225	99.629	189.213
145.202	99.469	189.240
145.163	99.331	189.281
145.146	99.198	189.316
145.122	99.083	189.340
145.085	98.970	189.371
145.062	98.881	189.390
145.029	98.783	189.415
145.023	98.685	189.430
145.002	98.616	189.451
144.992	98.570	189.455
145.005	98.524	189.450
144.998	98.517	189.459
145.019	98.515	189.439
145.033	98.548	189.433
145.032	98.574	189.426
145.075	98.647	189.396
145.081	98.712	189.382
145.106	98.811	189.354
145.135	98.902	189.331
145.159	99.012	189.308
145.188	99.160	189.272
145.222	99.303	189.213
145.258	99.452	189.169
145.287	99.621	189.141
145.318	99.803	189.111
145.351	99.962	189.064
145.374	100.128	189.041
145.402	100.272	189.005
145.434	100.411	188.979
145.452	100.545	188.952
145.472	100.652	188.918
145.469	100.702	188.887
145.455	100.689	188.888
145.435	100.653	188.932
145.420	100.610	188.977
145.391	100.559	189.003
145.382	100.449	189.016
145.382	100.322	189.024
145.353	100.242	189.051
145.336	100.131	189.082
145.322	99.992	189.109
145.285	99.864	189.147
145.257	99.727	189.181
145.229	99.592	189.213
145.191	99.457	189.252
145.159	99.334	189.291
145.138	99.180	189.327
145.120	99.070	189.351
145.093	98.968	189.371
145.060	98.875	189.407
145.039	98.771	189.427
145.031	98.695	189.445
145.010	98.604	189.455
145.005	98.567	189.460
144.995	98.543	189.462
144.995	98.538	189.458
145.009	98.541	189.456
145.024	98.557	189.439
145.030	98.587	189.421
145.059	98.661	189.412
145.085	98.749	189.391
145.111	98.821	189.365
145.138	98.950	189.335
145.159	99.055	189.306
145.189	99.170	189.260
145.226	99.344	189.224
145.261	99.473	189.179
145.288	99.638	189.141
145.321	99.802	189.105
145.354	99.952	189.079
145.380	100.127	189.043
145.409	100.273	189.011
145.413	100.445	188.985
145.433	100.546	188.954
145.464	100.666	188.929
145.435	100.771	188.914
145.423	100.749	188.906
145.423	100.690	188.943
145.419	100.606	188.962
145.392	100.558	189.001
145.377	100.484	189.020
145.368	100.341	189.025
145.347	100.263	189.051
145.323	100.140	189.083
145.290	100.025	189.115
145.273	99.874	189.152
145.244	99.743	189.183
145.218	99.581	189.219
145.184	99.450	189.254
145.157	99.317	189.295
145.139	99.176	189.323
145.102	99.057	189.357
145.074	98.963	189.378
145.057	98.863	189.399
145.033	98.771	189.416
145.013	98.683	189.437
145.004	98.613	189.459
144.987	98.569	189.456
144.989	98.523	189.458
144.991	98.525	189.461
145.004	98.525	189.447
145.026	98.548	189.442
145.035	98.591	189.420
145.054	98.655	189.397
145.073	98.745	189.379
145.104	98.831	189.355
145.131	98.934	189.320
145.160	99.041	189.293
145.195	99.190	189.252
145.223	99.354	189.213
145.254	99.507	189.168
145.290	99.644	189.129
145.314	99.830	189.090
145.345	100.006	189.059
145.373	100.168	189.033
145.410	100.285	188.986
145.430	100.437	188.966
145.433	100.602	188.945
145.462	100.697	188.914
145.460	100.712	188.880
145.444	100.683	188.900
145.416	100.650	188.942
145.393	100.616	188.982
145.396	100.492	189.004
145.379	100.406	189.014
145.361	100.331	189.031
145.355	100.205	189.059
145.311	100.121	189.086
145.308	99.958	189.126
145.272	99.821	189.157
145.244	99.685	189.189
145.214	99.529	189.223
145.193	99.412	189.254
145.165	99.259	189.299
145.130	99.136	189.325
145.103	99.033	189.359
145.078	98.927	189.385
145.051	98.833	189.410
145.027	98.738	189.424
145.024	98.652	189.440
145.012	98.604	189.450
145.011	98.555	189.464
145.003	98.522	189.454
145.011	98.537	189.466
145.023	98.532	189.449
145.030	98.551	189.445
145.055	98.614	189.426
145.074	98.669	189.401
145.097	98.772	189.382
145.120	98.854	189.351
145.147	98.951	189.325
145.172	99.076	189.287
145.202	99.221	189.256
145.242	99.365	189.205
145.269	99.510	189.166
145.296	99.711	189.136
145.346	99.860	189.091
145.357	100.022	189.058
145.390	100.180	189.024
145.395	100.358	189.004
145.431	100.469	188.969
145.462	100.584	188.936
145.457	100.693	188.916
145.472	100.701	188.882
145.453	100.720	188.909
145.430	100.660	188.948
145.396	100.620	188.980
145.381	100.535	189.010
145.387	100.402	189.019
145.364	100.335	189.034
145.340	100.216	189.064
145.315	100.096	189.096
145.297	99.959	189.128
145.279	99.818	189.166
145.249	99.678	189.198
145.206	99.564	189.228
145.187	99.398	189.260
145.153	99.252	189.306
145.134	99.128	189.331
145.105	99.027	189.365
145.077	98.914	189.384
145.053	98.821	189.404
145.014	98.739	189.425
145.005	98.651	189.442
145.013	98.586	189.459
145.004	98.546	189.468
144.994	98.524	189.461
144.996	98.522	189.451
145.010	98.555	189.449
145.025	98.567	189.433
145.041	98.623	189.423
145.065	98.676	189.387
145.084	98.770	189.372
145.106	98.866	189.346
145.147	98.965	189.313
145.173	99.101	189.282
145.207	99.230	189.245
145.236	99.376	189.192
145.260	99.549	189.157
145.301	99.711	189.115
145.335	99.880	189.089
145.358	100.041	189.053
145.389	100.186	189.023
145.415	100.326	188.984
145.436	100.486	188.961
145.450	100.589	188.934
145.454	100.718	188.925
145.459	100.719	188.884
145.435	100.698	188.907
145.403	100.657	188.956
145.390	100.596	188.985
145.389	100.520	189.007
145.369	100.415	189.028
145.361	100.294	189.039
145.350	100.192	189.062
145.319	100.081	189.099
145.290	99.968	189.135
145.257	99.822	189.169
145.235	99.653	189.202
145.195	99.536	189.240
145.173	99.393	189.279
145.145	99.239	189.311
145.118	99.099	189.338
145.101	98.995	189.360
145.069	98.899	189.394
145.036	98.806	189.420
145.026	98.707	189.440
145.004	98.633	189.449
144.994	98.580	189.459
144.996	98.534	189.467
144.996	98.521	189.468
144.997	98.525	189.464
145.013	98.535	189.449
145.022	98.564	189.430
145.052	98.611	189.422
145.071	98.686	189.403
145.104	98.782	189.377
145.126	98.883	189.350
145.145	98.984	189.318
145.174	99.103	189.281
145.213	99.262	189.248
145.247	99.402	189.196
145.282	99.571	189.151
145.306	99.728	189.127
145.343	99.896	189.089
145.360	100.085	189.060
145.386	100.216	189.022
145.415	100.372	188.988
145.448	100.522	188.966
145.455	100.627	188.934
145.465	100.728	188.913
145.459	100.720	188.893
145.431	100.714	188.929
145.406	100.644	188.971
145.399	100.574	188.997
145.394	100.473	189.011
145.388	100.364	189.018
145.358	100.275	189.039
145.340	100.161	189.069
145.317	100.030	189.099
145.278	99.922	189.135
145.262	99.765	189.163
145.241	99.642	189.201
145.205	99.491	189.239
145.175	99.347	189.279
145.136	99.204	189.310
145.124	99.096	189.332
145.096	98.987	189.370
145.062	98.904	189.391
145.049	98.779	189.409
145.019	98.719	189.431
145.020	98.634	189.447
145.002	98.581	189.463
145.012	98.534	189.460
145.001	98.521	189.456
145.010	98.527	189.446
145.023	98.531	189.441
145.039	98.576	189.425
145.060	98.641	189.407
145.080	98.707	189.381
145.107	98.797	189.362
145.123	98.900	189.339
145.160	99.001	189.302
145.184	99.138	189.266
145.213	99.278	189.229
145.255	99.432	189.181
145.282	99.577	189.145
145.326	99.758	189.103
145.342	99.921	189.074
145.363	100.103	189.043
145.393	100.254	189.012
145.420	100.407	188.991
145.445	100.535	188.949
145.449	100.650	188.932
145.448	100.746	188.910
145.462	100.705	188.897
145.448	100.653	188.912
145.403	100.621	188.963
145.408	100.573	189.001
145.378	100.461	189.014
145.367	100.377	189.027
145.353	100.275	189.048
145.339	100.157	189.075
145.301	100.053	189.115
145.279	99.910	189.154
145.250	99.782	189.185
145.238	99.620	189.214
145.190	99.487	189.251
145.168	99.346	189.293
145.140	99.199	189.322
145.114	99.088	189.355
145.087	98.984	189.374
145.065	98.888	189.403
145.040	98.803	189.422
145.022	98.690	189.440
145.007	98.632	189.458
144.985	98.582	189.465
144.987	98.578	189.467
145.002	98.548	189.461
145.005	98.532	189.455
145.021	98.563	189.448
145.046	98.592	189.429
145.062	98.660	189.420
145.085	98.735	189.390
145.108	98.831	189.369
145.127	98.927	189.342
145.165	99.030	189.306
145.188	99.160	189.274
145.215	99.327	189.237
145.247	99.446	189.182
145.286	99.633	189.147
145.304	99.821	189.121
145.345	99.965	189.072
145.384	100.134	189.049
145.405	100.265	189.012
145.420	100.428	188.981
145.427	100.573	188.960
145.434	100.690	188.935
145.464	100.721	188.893
145.466	100.685	188.892
145.433	100.682	188.933
145.397	100.632	188.972
145.393	100.545	188.996
145.388	100.456	189.012
145.370	100.363	189.031
145.357	100.263	189.047
145.325	100.124	189.083
145.312	100.011	189.110
145.280	99.893	189.152
145.251	99.733	189.176
145.221	99.613	189.224
145.185	99.472	189.258
145.168	99.314	189.295
145.148	99.194	189.319
145.105	99.084	189.350
145.088	98.973	189.373
145.052	98.862	189.397
145.038	98.777	189.418
145.020	98.673	189.442
145.007	98.612	189.453
144.998	98.571	189.456
144.990	98.533	189.461
144.996	98.512	189.448
144.999	98.522	189.455
145.015	98.540	189.436
145.048	98.578	189.421
145.053	98.647	189.402
145.084	98.728	189.376
145.097	98.810	189.356
145.136	98.910	189.328
145.157	99.012	189.297
145.193	99.181	189.265
145.213	99.324	189.221
145.255	99.459	189.169
145.284	99.634	189.143
145.323	99.808	189.106
145.348	99.961	189.060
145.380	100.122	189.029
145.408	100.278	189.002
145.434	100.443	188.975
145.435	100.588	188.951
145.457	100.677	188.920
145.446	100.739	188.897
145.453	100.710	188.892
145.417	100.660	188.941
145.393	100.596	188.979
145.396	100.522	188.996
145.365	100.448	189.019
145.367	100.310	189.019
145.340	100.252	189.049
145.329	100.097	189.075
145.294	100.011	189.126
145.272	99.856	189.161
145.245	99.699	189.185
145.211	99.592	189.217
145.186	99.451	189.265
145.158	99.314	189.296
145.132	99.167	189.328
145.108	99.053	189.351
145.074	98.962	189.381
145.063	98.864	189.390
145.043	98.763	189.413
145.018	98.683	189.444
145.009	98.609	189.451
145.003	98.554	189.459
145.006	98.535	189.461
145.012	98.545	189.448
145.013	98.532	189.459
145.025	98.579	189.446
145.041	98.600	189.415
145.069	98.673	189.408
145.086	98.755	189.381
145.116	98.839	189.356
145.145	98.945	189.330
145.166	99.043	189.295
145.200	99.190	189.261
145.232	99.360	189.206
145.264	99.480	189.175
145.298	99.665	189.134
145.325	99.816	189.093
145.362	100.005	189.065
145.390	100.148	189.040
145.407	100.285	189.001
145.431	100.442	188.970
145.434	100.586	188.952
145.465	100.706	188.933
145.438	100.742	188.904
145.428	100.708	188.909
145.437	100.632	188.923
145.408	100.625	188.984
145.386	100.561	189.010
145.394	100.428	189.015
145.365	100.345	189.032
145.356	100.222	189.053
145.330	100.111	189.085
145.306	99.982	189.116
145.279	99.855	189.153
145.254	99.709	189.188
145.216	99.562	189.215
145.179	99.441	189.260
145.164	99.287	189.292
145.128	99.167	189.331
145.114	99.042	189.351
145.078	98.954	189.381
145.054	98.844	189.404
145.034	98.740	189.415
145.013	98.684	189.437
145.014	98.602	189.460
145.001	98.564	189.455
144.995	98.530	189.459
144.999	98.528	189.461
145.004	98.541	189.441
145.025	98.557	189.434
145.044	98.598	189.418
145.061	98.655	189.389
145.086	98.753	189.386
145.107	98.859	189.352
145.134	98.941	189.316
145.171	99.064	189.291
145.194	99.220	189.260
145.233	99.366	189.216
145.265	99.512	189.168
145.291	99.678	189.139
145.329	99.835	189.093
145.352	100.033	189.067
145.372	100.179	189.029
145.410	100.306	188.999
145.423	100.479	188.977
145.461	100.579	188.941
145.456	100.708	188.926
145.448	100.722	188.898
145.450	100.667	188.907
145.412	100.659	188.952
145.396	100.607	188.989
145.398	100.513	189.004
145.383	100.417	189.016
145.362	100.319	189.033
145.337	100.240	189.066
145.322	100.105	189.096
145.295	99.974	189.140
145.254	99.842	189.160
145.240	99.671	189.199
145.193	99.551	189.239
145.181	99.419	189.271
145.150	99.264	189.309
145.120	99.145	189.333
145.098	99.035	189.364
145.066	98.923	189.391
145.053	98.827	189.407
145.027	98.734	189.427
145.010	98.659	189.442
145.006	98.594	189.455
144.987	98.553	189.468
144.993	98.540	189.470
145.000	98.528	189.449
145.008	98.530	189.438
145.026	98.572	189.439
145.046	98.621	189.412
145.069	98.693	189.392
145.104	98.786	189.371
145.124	98.872	189.347
145.142	98.968	189.310
145.169	99.094	189.287
145.195	99.260	189.247
145.237	99.389	189.204
145.262	99.541	189.158
145.303	99.721	189.124
145.334	99.905	189.091
145.351	100.055	189.056
145.390	100.228	189.024
145.409	100.344	188.985
145.431	100.506	188.967
145.448	100.612	188.934
145.461	100.676	188.911
145.458	100.693	188.876
145.450	100.693	188.908
145.403	100.646	188.954
145.411	100.561	188.984
145.381	100.502	189.004
145.380	100.375	189.010
145.355	100.314	189.036
145.333	100.195	189.062
145.324	100.053	189.095
145.293	99.935	189.127
145.260	99.794	189.167
145.231	99.640	189.200
145.210	99.512	189.231
145.172	99.392	189.270
145.155	99.242	189.307
145.123	99.109	189.331
145.104	99.008	189.367
145.069	98.899	189.391
145.042	98.810	189.406
145.026	98.733	189.422
145.018	98.638	189.446
144.995	98.588	189.465
145.007	98.535	189.459
144.986	98.535	189.458
145.007	98.514	189.454
145.026	98.533	189.444
145.022	98.564	189.434
145.054	98.637	189.414
145.078	98.690	189.393
145.092	98.789	189.375
145.122	98.868	189.344
145.153	98.976	189.314
145.180	99.120	189.286
145.220	99.269	189.238
145.255	99.407	189.189
145.276	99.576	189.158
145.327	99.747	189.121
145.339	99.908	189.079
145.387	100.072	189.047
145.398	100.211	189.024
145.400	100.413	188.992
145.451	100.506	188.961
145.460	100.603	188.934
145.474	100.705	188.900
145.441	100.708	188.891
145.451	100.667	188.919
145.416	100.608	188.965
145.411	100.553	188.996
145.385	100.446	189.011
145.384	100.361	189.028
145.355	100.265	189.045
145.332	100.162	189.082
145.315	100.056	189.117
145.281	99.911	189.146
145.260	99.764	189.181
145.232	99.639	189.206
145.202	99.487	189.243
145.173	99.350	189.284
145.141	99.201	189.312
145.120	99.086	189.341
145.089	99.004	189.381
145.069	98.903	189.405
145.038	98.804	189.422
145.027	98.698	189.431
145.022	98.631	189.454
144.999	98.570	189.458
145.000	98.551	189.467
144.991	98.546	189.462
145.000	98.526	189.457
145.023	98.552	189.450
145.038	98.597	189.425
145.058	98.651	189.414
145.073	98.728	189.391
145.100	98.813	189.365
145.130	98.893	189.344
145.152	99.018	189.307
145.186	99.158	189.269
145.207	99.309	189.231
145.260	99.458	189.189
145.277	99.618	189.144
145.316	99.784	189.107
145.331	99.940	189.079
145.379	100.117	189.037
145.396	100.251	189.005
145.416	100.428	188.978
145.450	100.529	188.949
145.467	100.640	188.912
145.466	100.720	188.887
145.434	100.721	188.898
145.421	100.680	188.933
145.397	100.607	188.958
145.392	100.545	189.007
145.371	100.470	189.010
145.373	100.342	189.022
145.356	100.252	189.041
145.327	100.127	189.071
145.303	100.016	189.114
145.279	99.884	189.150
145.250	99.727	189.181
145.217	99.587	189.217
145.180	99.471	189.253
145.161	99.329	189.288
145.125	99.187	189.328
145.123	99.068	189.355
145.080	98.958	189.381
145.048	98.868	189.405
145.034	98.758	189.416
145.001	98.699	189.448
145.015	98.606	189.454
144.984	98.580	189.475
144.989	98.532	189.461
144.999	98.521	189.455
145.001	98.531	189.456
145.022	98.548	189.445
145.041	98.587	189.427
145.058	98.652	189.418
145.077	98.741	189.390
145.103	98.828	189.358
145.142	98.932	189.330
145.160	99.021	189.299
145.189	99.172	189.263
145.226	99.315	189.219
145.256	99.465	189.176
145.294	99.643	189.141
145.318	99.808	189.110
145.345	99.964	189.077
145.386	100.127	189.043
145.397	100.284	189.008
145.416	100.447	188.992
145.449	100.541	188.946
145.465	100.657	188.924
145.465	100.708	188.895
145.450	100.734	188.895
145.437	100.651	188.918
145.402	100.631	188.972
145.401	100.550	189.000
145.383	100.451	189.015
145.374	100.339	189.024
145.359	100.275	189.043
145.340	100.139	189.078
145.303	100.003	189.113
145.284	99.868	189.144
145.258	99.744	189.184
145.229	99.594	189.210
145.204	99.450	189.254
145.170	99.312	189.294
145.139	99.167	189.327
145.116	99.059	189.361
145.083	98.963	189.383
145.058	98.856	189.404
145.037	98.756	189.430
145.024	98.670	189.447
145.004	98.602	189.451
144.993	98.554	189.465
145.001	98.517	189.458
145.004	98.512	189.461
145.012	98.504	189.453
145.017	98.535	189.447
145.032	98.583	189.440
145.067	98.639	189.414
145.082	98.720	189.389
145.110	98.808	189.362
145.136	98.903	189.331
145.165	99.023	189.301
145.186	99.146	189.267
145.225	99.315	189.220
145.260	99.468	189.178
145.300	99.649	189.143
145.324	99.797	189.100
145.352	99.981	189.070
145.382	100.129	189.031
145.407	100.293	189.000
145.412	100.462	188.975
145.439	100.573	188.946
145.460	100.668	188.921
145.462	100.699	188.882
145.453	100.693	188.889
145.409	100.647	188.938
145.409	100.597	188.979
145.398	100.512	189.002
145.369	100.420	189.017
145.365	100.326	189.032
145.347	100.220	189.051
145.319	100.097	189.080
145.292	99.974	189.119
145.275	99.844	189.153
145.246	99.684	189.190
145.207	99.575	189.228
145.176	99.414	189.256
145.151	99.277	189.300
145.135	99.151	189.318
145.096	99.048	189.352
145.069	98.931	189.385
145.052	98.834	189.401
145.034	98.750	189.426
145.015	98.670	189.435
145.000	98.607	189.451
144.982	98.579	189.472
144.990	98.544	189.454
145.001	98.531	189.455
145.001	98.539	189.448
145.022	98.560	189.432
145.042	98.605	189.414
145.065	98.681	189.400
145.086	98.754	189.376
145.110	98.865	189.352
145.138	98.968	189.327
145.170	99.064	189.298
145.196	99.226	189.257
145.225	99.380	189.211
145.268	99.514	189.157
145.291	99.689	189.136
145.321	99.862	189.100
145.345	100.033	189.063
145.382	100.152	189.030
145.400	100.350	189.007
145.422	100.476	188.977
145.451	100.576	188.950
145.464	100.682	188.911
145.445	100.733	188.897
145.450	100.695	188.895
145.418	100.655	188.942
145.380	100.653	188.985
145.393	100.526	189.004
145.386	100.416	189.010
145.366	100.331	189.031
145.346	100.220	189.056
145.327	100.088	189.077
145.296	99.973	189.132
145.269	99.841	189.160
145.243	99.708	189.199
145.207	99.567	189.231
145.187	99.414	189.274
145.157	99.281	189.307
145.128	99.144	189.333
145.109	99.039	189.360
145.072	98.928	189.386
145.046	98.838	189.412
145.029	98.738	189.431
145.022	98.655	189.456
145.018	98.583	189.457
144.990	98.551	189.465
144.993	98.513	189.467
145.003	98.506	189.461
145.006	98.527	189.446
145.026	98.549	189.442
145.045	98.613	189.426
145.058	98.660	189.402
145.091	98.756	189.374
145.115	98.844	189.349
145.142	98.952	189.318
145.171	99.078	189.289
145.205	99.227	189.256
145.246	99.368	189.202
145.273	99.522	189.157
145.299	99.692	189.130
145.335	99.856	189.085
145.362	100.013	189.051
145.382	100.185	189.025
145.416	100.364	188.999
145.435	100.503	188.971
145.463	100.582	188.932
145.460	100.690	188.913
145.470	100.689	188.873
145.429	100.706	188.917
145.426	100.636	188.944
145.407	100.567	188.978
145.397	100.485	189.007
145.381	100.388	189.015
145.367	100.289	189.038
145.334	100.199	189.066
145.323	100.049	189.097
145.279	99.947	189.135
145.253	99.801	189.162
145.232	99.655	189.190
145.216	99.499	189.228
145.176	99.380	189.271
145.153	99.242	189.302
145.125	99.116	189.326
145.099	99.001	189.364
145.080	98.898	189.388
145.047	98.807	189.407
145.026	98.705	189.434
145.013	98.649	189.451
145.005	98.572	189.459
144.998	98.547	189.460
144.989	98.519	189.465
145.006	98.509	189.453
145.022	98.531	189.447
145.032	98.574	189.435
145.058	98.614	189.413
145.078	98.693	189.393
145.099	98.777	189.371
145.126	98.880	189.339
145.148	98.980	189.312
145.183	99.105	189.283
145.206	99.254	189.244
145.240	99.400	189.196
145.279	99.570	189.151
145.303	99.730	189.125
145.348	99.879	189.078
145.354	100.046	189.051
145.390	100.223	189.027
145.410	100.383	188.992
145.439	100.512	188.962
145.456	100.616	188.935
145.468	100.687	188.906
145.447	100.726	188.897
145.444	100.685	188.912
145.418	100.636	188.955
145.412	100.580	188.992
145.377	100.504	189.011
145.371	100.396	189.024
145.358	100.286	189.034
145.339	100.176	189.077
145.315	100.051	189.092
145.289	99.932	189.135
145.266	99.786	189.175
145.238	99.647	189.196
145.202	99.518	189.239
145.180	99.368	189.281
145.154	99.219	189.316
145.116	99.090	189.341
145.093	98.993	189.367
145.074	98.890	189.396
145.033	98.799	189.412
145.026	98.701	189.430
145.001	98.624	189.454
145.001	98.564	189.470
144.996	98.523	189.461
145.001	98.513	189.455
145.003	98.511	189.459
145.012	98.530	189.443
145.033	98.572	189.431
145.062	98.624	189.413
145.079	98.707	189.389
145.099	98.782	189.369
145.129	98.885	189.340
145.151	98.991	189.306
145.180	99.123	189.274
145.208	99.264	189.235
145.239	99.411	189.194
145.275	99.584	189.148
145.313	99.747	189.114
145.341	99.899	189.080
145.365	100.073	189.042
145.409	100.221	189.008
145.423	100.381	188.981
145.433	100.536	188.955
145.455	100.629	188.925
145.468	100.708	188.898
145.453	100.682	188.891
145.431	100.672	188.920
145.419	100.610	188.963
145.401	100.558	188.998
145.394	100.457	189.002
145.369	100.375	189.025
145.343	100.275	189.047
145.332	100.153	189.073
145.303	100.038	189.111
145.273	99.892	189.147
145.255	99.750	189.175
145.227	99.605	189.214
145.193	99.479	189.253
145.162	99.339	189.293
145.144	99.207	189.309
145.120	99.073	189.345
145.086	98.986	189.375
145.069	98.864	189.396
145.021	98.788	189.412
145.025	98.694	189.435
145.011	98.629	189.441
144.992	98.576	189.462
144.994	98.535	189.472
145.008	98.526	189.461
144.991	98.524	189.453
145.009	98.548	189.441
145.035	98.576	189.427
145.047	98.654	189.409
145.080	98.728	189.382
145.094	98.807	189.364
145.126	98.914	189.338
145.162	99.018	189.308
145.182	99.173	189.284
145.217	99.307	189.221
145.248	99.443	189.175
145.276	99.618	189.152
145.312	99.802	189.115
145.356	99.944	189.076
145.368	100.118	189.040
145.399	100.257	189.011
145.417	100.430	188.987
145.438	100.543	188.952
145.463	100.631	188.924
145.447	100.738	188.907
145.462	100.695	188.889
145.433	100.683	188.925
145.414	100.610	188.963
145.405	100.545	188.992
145.386	100.459	189.008
145.377	100.346	189.020
145.349	100.257	189.035
145.337	100.160	189.068
145.308	100.034	189.104
145.288	99.880	189.149
145.254	99.764	189.171
145.231	99.596	189.210
145.189	99.479	189.256
145.169	99.322	189.287
145.146	99.184	189.317
145.114	99.074	189.346
145.096	98.960	189.375
145.060	98.888	189.401
145.031	98.771	189.411
145.024	98.674	189.439
145.011	98.608	189.443
144.996	98.568	189.462
144.996	98.538	189.459
144.990	98.535	189.465
145.018	98.514	189.444
145.016	98.542	189.437
145.038	98.581	189.420
145.054	98.644	189.407
145.077	98.716	189.387
145.106	98.808	189.357
145.138	98.915	189.328
145.156	99.022	189.301
145.189	99.155	189.262
145.221	99.314	189.218
145.252	99.452	189.178
145.285	99.630	189.142
145.328	99.793	189.105
145.362	99.945	189.070
145.379	100.100	189.039
145.401	100.264	189.004
145.422	100.423	188.976
145.427	100.580	188.963
145.466	100.665	188.919
145.457	100.703	188.888
145.457	100.681	188.891
145.428	100.679	188.928
145.421	100.568	188.957
145.395	100.534	188.999
145.384	100.435	189.010
145.361	100.347	189.028
145.354	100.248	189.051
145.340	100.104	189.081
145.299	99.984	189.114
145.274	99.852	189.157
145.263	99.712	189.184
145.212	99.586	189.222
145.188	99.451	189.266
145.163	99.296	189.297
145.131	99.158	189.327
145.110	99.037	189.354
145.087	98.948	189.383
145.051	98.842	189.407
145.036	98.740	189.422
145.018	98.661	189.448
144.999	98.597	189.452
144.989	98.557	189.473
145.001	98.519	189.466
144.999	98.519	189.461
144.997	98.541	189.456
145.023	98.554	189.438
145.045	98.599	189.431
145.060	98.657	189.405
145.085	98.739	189.382
145.102	98.840	189.361
145.144	98.934	189.332
145.167	99.044	189.301
145.189	99.186	189.265
145.229	99.349	189.226
145.255	99.472	189.169
145.294	99.652	189.132
145.321	99.814	189.107
145.353	99.987	189.066
145.379	100.144	189.034
145.408	100.285	189.000
145.427	100.430	188.968
145.433	100.582	188.954
145.467	100.658	188.920
145.456	100.712	188.891
145.432	100.720	188.906
145.401	100.699	188.949
145.404	100.599	188.977
145.396	100.522	189.001
145.385	100.423	189.010
145.362	100.323	189.032
145.358	100.236	189.057
145.312	100.117	189.096
145.295	99.995	189.127
145.270	99.854	189.154
145.248	99.700	189.192
145.216	99.566	189.226
145.189	99.435	189.255
145.154	99.288	189.304
145.138	99.150	189.331
145.102	99.038	189.356
145.072	98.936	189.381
145.036	98.851	189.412
145.037	98.751	189.420
145.013	98.673	189.449
145.004	98.594	189.463
144.989	98.541	189.469
144.999	98.523	189.457
144.990	98.519	189.455
144.992	98.538	189.452
145.016	98.553	189.447
145.032	98.591	189.424
145.061	98.662	189.412
145.080	98.734	189.381
145.110	98.837	189.356
145.131	98.929	189.329
145.168	99.047	189.299
145.192	99.193	189.260
145.217	99.341	189.211
145.260	99.494	189.170
145.292	99.656	189.129
145.310	99.837	189.106
145.363	99.975	189.053
145.385	100.153	189.031
145.405	100.311	188.999
145.428	100.425	188.969
145.450	100.562	188.942
145.458	100.679	188.923
145.459	100.719	188.885
145.428	100.728	188.917
145.432	100.653	188.941
145.417	100.584	188.974
145.403	100.507	188.998
145.364	100.439	189.023
145.359	100.348	189.032
145.347	100.226	189.053
145.333	100.103	189.086
145.299	99.995	189.126
145.281	99.848	189.162
145.247	99.698	189.201
145.214	99.561	189.226
145.186	99.423	189.263
145.156	99.281	189.306
145.137	99.142	189.332
145.106	99.035	189.362
145.078	98.920	189.381
145.053	98.834	189.417
145.031	98.745	189.421
145.018	98.649	189.448
145.015	98.578	189.466
145.001	98.548	189.468
144.996	98.506	189.464
144.996	98.521	189.460
145.008	98.523	189.446
145.021	98.545	189.439
145.046	98.599	189.423
145.075	98.662	189.405
145.086	98.749	189.387
145.121	98.838	189.349
145.143	98.934	189.328
145.178	99.054	189.290
145.194	99.198	189.255
145.230	99.345	189.208
145.262	99.501	189.169
145.303	99.674	189.140
145.323	99.834	189.093
145.365	99.998	189.068
145.390	100.175	189.027
145.409	100.316	189.003
145.435	100.452	188.972
145.451	100.581	188.946
145.468	100.685	188.911
145.456	100.702	188.883
145.467	100.682	188.893
145.420	100.647	188.947
145.404	100.592	188.982
145.394	100.516	189.005
145.378	100.400	189.021
145.363	100.299	189.034
145.330	100.222	189.066
145.320	100.097	189.082
145.300	99.970	189.124
145.275	99.818	189.158
145.246	99.675	189.193
145.209	99.543	189.230
145.181	99.414	189.273
145.155	99.269	189.309
145.126	99.124	189.339
145.102	99.019	189.366
145.077	98.923	189.388
145.037	98.825	189.399
145.032	98.710	189.438
145.010	98.637	189.442
144.999	98.591	189.458
144.996	98.543	189.462
144.991	98.517	189.460
144.998	98.515	189.459
145.017	98.529	189.455
145.030	98.555	189.431
145.039	98.608	189.425
145.062	98.669	189.401
145.089	98.743	189.377
145.112	98.841	189.348
145.144	98.947	189.315
145.167	99.077	189.293
145.194	99.232	189.253
145.219	99.366	189.204
145.266	99.525	189.159
145.288	99.710	189.128
145.330	99.861	189.096
145.367	100.029	189.052
145.392	100.194	189.024
145.414	100.334	188.992
145.400	100.521	188.978
145.444	100.634	188.942
145.475	100.696	188.915
145.451	100.712	188.885
145.430	100.704	188.909
145.408	100.664	188.958
145.408	100.566	188.987
145.385	100.486	189.008
145.389	100.375	189.017
145.369	100.299	189.040
145.342	100.190	189.067
145.321	100.070	189.098
145.286	99.963	189.138
145.274	99.789	189.157
145.232	99.682	189.207
145.202	99.527	189.235
145.172	99.392	189.282
145.156	99.246	189.318
145.121	99.111	189.335
145.086	99.019	189.370
145.071	98.905	189.394
145.045	98.812	189.412
145.029	98.720	189.441
145.018	98.627	189.456
145.005	98.573	189.452
144.994	98.529	189.469
145.007	98.514	189.465
145.004	98.523	189.452
145.013	98.531	189.450
145.036	98.577	189.442
145.046	98.617	189.423
145.066	98.674	189.401
145.099	98.774	189.377
145.121	98.869	189.348
145.152	98.962	189.320
145.170	99.086	189.287
145.209	99.258	189.248
145.233	99.403	189.208
145.272	99.544	189.159
145.303	99.738	189.131
145.337	99.882	189.084
145.365	100.036	189.056
145.394	100.199	189.024
145.418	100.342	188.992
145.441	100.487	188.961
145.439	100.623	188.940
145.477	100.717	188.911
145.445	100.734	188.890
145.442	100.717	188.909
145.418	100.650	188.958
145.401	100.579	188.987
145.375	100.515	189.005
145.380	100.399	189.017
145.370	100.291	189.037
145.337	100.218	189.071
145.323	100.057	189.091
145.282	99.952	189.143
145.274	99.785	189.167
145.236	99.641	189.201
145.202	99.515	189.240
145.167	99.377	189.276
145.147	99.225	189.305
145.125	99.102	189.339
145.092	98.988	189.366
145.055	98.897	189.396
145.041	98.794	189.415
145.029	98.691	189.430
145.008	98.620	189.446
144.995	98.564	189.464
144.991	98.537	189.461
144.998	98.497	189.466
145.012	98.506	189.455
145.023	98.527	189.455
145.023	98.559	189.436
145.053	98.604	189.419
145.065	98.694	189.400
145.087	98.766	189.374
145.122	98.870	189.346
145.141	98.968	189.308
145.180	99.101	189.274
145.205	99.252	189.224
145.235	99.394	189.193
145.264	99.570	189.146
145.309	99.750	189.122
145.334	99.907	189.088
145.368	100.055	189.044
145.393	100.216	189.018
145.410	100.383	188.994
145.433	100.511	188.962
145.461	100.626	188.927
145.468	100.691	188.902
145.461	100.687	188.883
145.432	100.682	188.917
145.405	100.621	188.954
145.394	100.573	189.000
145.386	100.488	189.009
145.368	100.374	189.026
145.342	100.270	189.050
145.326	100.168	189.066
145.316	100.036	189.102
145.278	99.915	189.146
145.263	99.762	189.173
145.229	99.635	189.211
145.185	99.499	189.246
145.161	99.369	189.289
145.146	99.196	189.318
145.118	99.084	189.340
145.085	98.983	189.380
145.065	98.880	189.396
145.027	98.789	189.413
145.011	98.717	189.441
145.011	98.631	189.452
144.992	98.570	189.467
144.994	98.547	189.464
144.983	98.545	189.466
145.011	98.528	189.451
145.010	98.542	189.448
145.019	98.576	189.433
145.055	98.625	189.417
145.066	98.719	189.388
145.109	98.794	189.366
145.131	98.887	189.339
145.151	98.993	189.311
145.178	99.130	189.277
145.205	99.280	189.230
145.243	99.442	189.188
145.281	99.588	189.149
145.304	99.756	189.118
145.336	99.957	189.091
145.355	100.092	189.049
145.392	100.233	189.015
145.420	100.387	188.985
145.444	100.495	188.959
145.450	100.631	188.930
145.473	100.706	188.914
145.435	100.725	188.888
145.427	100.670	188.917
145.410	100.622	188.960
145.409	100.560	188.994
145.372	100.528	189.019
145.379	100.377	189.027
145.353	100.292	189.046
145.340	100.168	189.074
145.309	100.046	189.111
145.263	99.919	189.152
145.268	99.741	189.173
145.234	99.618	189.216
145.188	99.490	189.251
145.169	99.331	189.285
145.141	99.208	189.316
145.124	99.085	189.344
145.087	98.960	189.380
145.057	98.865	189.406
145.038	98.766	189.417
145.015	98.675	189.435
145.000	98.608	189.463
144.995	98.552	189.474
144.990	98.514	189.464
144.994	98.507	189.465
144.997	98.518	189.459
145.008	98.535	189.450
145.029	98.562	189.433
145.059	98.622	189.418
145.063	98.695	189.393
145.100	98.794	189.373
145.118	98.890	189.345
145.151	98.986	189.316
145.177	99.143	189.275
145.217	99.278	189.239
145.241	99.417	189.177
145.285	99.599	189.144
145.309	99.774	189.121
145.342	99.918	189.069
145.373	100.105	189.046
145.398	100.260	189.019
145.425	100.387	188.974
145.441	100.560	188.958
145.443	100.681	188.937
145.453	100.712	188.894
145.447	100.688	188.897
145.431	100.682	188.939
145.399	100.624	188.974
145.391	100.570	189.015
145.377	100.458	189.013
145.372	100.339	189.026
145.362	100.243	189.046
145.340	100.122	189.076
145.305	99.997	189.115
145.290	99.869	189.150
145.263	99.726	189.187
145.218	99.584	189.222
145.192	99.442	189.252
145.165	99.315	189.295
145.131	99.157	189.334
145.114	99.054	189.354
145.083	98.950	189.375
145.056	98.862	189.406
145.027	98.752	189.428
145.019	98.678	189.442
145.005	98.616	189.457
145.000	98.554	189.476
145.004	98.517	189.474
144.996	98.512	189.455
144.996	98.532	189.461
145.018	98.555	189.445
145.035	98.581	189.424
145.061	98.662	189.417
145.068	98.742	189.395
145.112	98.816	189.355
145.135	98.916	189.329
145.163	99.036	189.299
145.193	99.161	189.271
145.218	99.318	189.219
145.268	99.465	189.172
145.282	99.636	189.140
145.315	99.804	189.111
145.336	99.961	189.069
145.379	100.117	189.038
145.393	100.303	189.009
145.419	100.432	188.980
145.427	100.541	188.947
145.450	100.666	188.926
145.434	100.727	188.899
145.445	100.723	188.898
145.420	100.643	188.925
145.411	100.613	188.973
145.388	100.550	189.004
145.369	100.471	189.018
145.370	100.346	189.028
145.338	100.238	189.050
145.334	100.115	189.078
145.300	100.009	189.122
145.273	99.859	189.155
145.253	99.724	189.191
145.210	99.583	189.219
145.177	99.457	189.255
145.156	99.303	189.299
145.128	99.148	189.328
145.110	99.053	189.356
145.083	98.936	189.380
145.056	98.853	189.409
145.041	98.745	189.425
145.016	98.648	189.441
145.005	98.601	189.462
144.993	98.556	189.463
144.996	98.502	189.467
144.995	98.509	189.458
145.018	98.520	189.454
145.026	98.536	189.439
145.035	98.574	189.427
145.057	98.641	189.406
145.083	98.724	189.379
145.113	98.828	189.357
145.134	98.910	189.328
145.166	99.035	189.299
145.192	99.164	189.260
145.226	99.335	189.219
145.266	99.491	189.168
145.290	99.647	189.135
145.326	99.830	189.104
145.339	100.010	189.067
145.393	100.141	189.031
145.407	100.307	189.004
145.430	100.437	188.969
145.447	100.591	188.948
145.457	100.694	188.914
145.458	100.729	188.898
145.432	100.694	188.912
145.407	100.640	188.949
145.399	100.601	188.992
145.385	100.525	189.012
145.381	100.405	189.022
145.343	100.326	189.045
145.346	100.229	189.060
145.314	100.097	189.098
145.289	99.960	189.132
145.279	99.841	189.165
145.241	99.688	189.202
145.206	99.547	189.227
145.177	99.422	189.270
145.152	99.266	189.311
145.125	99.136	189.331
145.100	99.025	189.372
145.068	98.925	189.392
145.052	98.827	189.413
145.028	98.737	189.426
145.019	98.649	189.446
145.008	98.597	189.465
144.997	98.555	189.469
144.994	98.540	189.468
144.986	98.530	189.453
145.021	98.522	189.454
145.030	98.555	189.443
145.042	98.606	189.416
145.062	98.677	189.400
145.095	98.757	189.382
145.120	98.859	189.350
145.139	98.954	189.321
145.172	99.078	189.284
145.197	99.257	189.255
145.236	99.381	189.212
145.269	99.517	189.165
145.301	99.707	189.134
145.318	99.878	189.096
145.350	100.023	189.056
145.376	100.175	189.031
145.406	100.343	189.000
145.430	100.465	188.958
145.452	100.587	188.940
145.454	100.669	188.917
145.455	100.704	188.887
145.444	100.693	188.910
145.428	100.622	188.942
145.413	100.575	188.974
145.390	100.504	189.003
145.388	100.398	189.022
145.362	100.308	189.033
145.331	100.206	189.059
145.321	100.081	189.090
145.281	99.982	189.133
145.264	99.819	189.164
145.236	99.679	189.201
145.207	99.549	189.227
145.191	99.407	189.259
145.147	99.269	189.306
145.132	99.122	189.333
145.095	99.013	189.358
145.068	98.913	189.392
145.049	98.798	189.398
145.024	98.729	189.424
145.016	98.649	189.440
145.007	98.584	189.455
144.991	98.546	189.468
145.003	98.527	189.461
144.988	98.545	189.458
145.011	98.534	189.442
145.029	98.574	189.439
145.050	98.607	189.414
145.069	98.679	189.395
145.097	98.770	189.366
145.108	98.868	189.352
145.138	98.950	189.318
145.174	99.079	189.282
145.193	99.251	189.243
145.232	99.380	189.197
145.262	99.551	189.162
145.307	99.706	189.127
145.335	99.860	189.087
145.362	100.035	189.061
145.369	100.195	189.029
145.412	100.328	188.990
145.433	100.477	188.967
145.455	100.572	188.929
145.457	100.700	188.924
145.455	100.735	188.890
145.424	100.744	188.928
145.407	100.691	188.961
145.399	100.613	188.987
145.374	100.553	189.020
145.372	100.405	189.021
145.367	100.315	189.041
145.346	100.201	189.066
145.314	100.083	189.094
145.284	99.957	189.138
145.265	99.805	189.170
145.236	99.672	189.203
145.204	99.531	189.241
145.174	99.386	189.271
145.152	99.242	189.308
145.124	99.122	189.338
145.097	99.012	189.361
145.063	98.915	189.390
145.046	98.811	189.413
145.025	98.718	189.432
145.011	98.636	189.451
144.993	98.603	189.460
144.993	98.544	189.469
144.993	98.525	189.466
145.001	98.515	189.454
145.009	98.532	189.445
145.037	98.563	189.440
145.044	98.599	189.410
145.070	98.684	189.398
145.097	98.780	189.379
145.119	98.869	189.349
145.144	98.963	189.312
145.175	99.091	189.284
145.205	99.245	189.244
145.232	99.369	189.203
145.269	99.557	189.153
145.292	99.718	189.134
145.324	99.858	189.094
145.362	100.052	189.057
145.385	100.201	189.026
145.416	100.362	188.993
145.447	100.493	188.962
145.446	100.611	188.933
145.457	100.706	188.907
145.461	100.698	188.884
145.454	100.671	188.914
145.407	100.638	188.950
145.410	100.563	188.991
145.387	100.494	189.006
145.366	100.386	189.023
145.359	100.280	189.044
145.325	100.203	189.074
145.315	100.050	189.093
145.279	99.948	189.144
145.262	99.801	189.176
145.228	99.630	189.203
145.204	99.508	189.241
145.174	99.381	189.280
145.148	99.246	189.306
145.117	99.095	189.343
145.093	98.997	189.367
145.070	98.906	189.392
145.046	98.794	189.409
145.024	98.717	189.441
145.007	98.641	189.452
144.995	98.576	189.466
144.989	98.526	189.470
144.999	98.520	189.457
144.994	98.530	189.455
145.018	98.533	189.448
145.031	98.567	189.436
145.048	98.635	189.412
145.071	98.703	189.402
145.090	98.784	189.367
145.130	98.884	189.342
145.154	98.994	189.316
145.177	99.127	189.277
145.204	99.267	189.233
145.254	99.415	189.189
145.277	99.576	189.149
145.315	99.757	189.117
145.353	99.905	189.088
145.367	100.074	189.047
145.394	100.214	189.016
145.408	100.385	188.993
145.445	100.514	188.957
145.464	100.631	188.931
145.463	100.715	188.913
145.465	100.681	188.893
145.443	100.672	188.921
145.408	100.627	188.969
145.411	100.531	188.987
145.383	100.471	189.016
145.360	100.388	189.028
145.362	100.269	189.048
145.332	100.175	189.080
145.315	100.027	189.102
145.280	99.898	189.145
145.250	99.783	189.186
145.232	99.630	189.214
145.196	99.490	189.254
145.169	99.358	189.290
145.145	99.200	189.317
145.118	99.094	189.348
145.088	98.979	189.377
145.059	98.878	189.401
145.042	98.775	189.417
145.014	98.699	189.434
144.998	98.633	189.459
144.996	98.585	189.463
144.993	98.541	189.459
144.998	98.509	189.452
145.003	98.517	189.454
145.018	98.527	189.447
145.040	98.582	189.432
145.064	98.640	189.409
145.074	98.721	189.387
145.099	98.813	189.365
145.125	98.898	189.333
145.152	99.000	189.301
145.180	99.142	189.269
145.210	99.280	189.222
145.259	99.436	189.177
145.284	99.619	189.143
145.311	99.784	189.105
145.341	99.933	189.080
145.374	100.117	189.035
145.389	100.241	189.006
145.421	100.424	188.983
145.448	100.529	188.944
145.469	100.657	188.916
145.454	100.716	188.889
145.444	100.711	188.902
145.426	100.670	188.933
145.407	100.602	188.968
145.391	100.555	189.003
145.374	100.450	189.018
145.366	100.339	189.025
145.347	100.237	189.051
145.317	100.153	189.085
145.286	100.033	189.125
145.278	99.867	189.156
145.245	99.730	189.193
145.208	99.588	189.214
145.175	99.460	189.257
145.158	99.301	189.288
145.132	99.157	189.320
145.112	99.051	189.360
145.075	98.972	189.379
145.049	98.862	189.401
145.030	98.776	189.415
145.019	98.678	189.442
145.005	98.602	189.450
145.000	98.556	189.463
145.000	98.526	189.466
145.003	98.520	189.457
144.995	98.538	189.458
145.029	98.548	189.437
145.044	98.593	189.425
145.061	98.655	189.408
145.079	98.753	189.381
145.108	98.830	189.355
145.134	98.929	189.326
145.161	99.027	189.300
145.190	99.170	189.263
145.224	99.312	189.220
145.251	99.488	189.179
145.287	99.645	189.138
145.330	99.812	189.105
145.353	99.958	189.069
145.384	100.131	189.037
145.409	100.258	189.001
145.422	100.439	188.983
145.443	100.571	188.954
145.445	100.703	188.933
145.470	100.689	188.890
145.446	100.705	188.903
145.442	100.657	188.935
145.417	100.601	188.974
145.395	100.532	189.006
145.379	100.456	189.015
145.370	100.333	189.036
145.364	100.233	189.055
145.326	100.139	189.086
145.299	100.015	189.123
145.295	99.847	189.150
145.250	99.723	189.184
145.225	99.579	189.220
145.179	99.457	189.260
145.157	99.323	189.307
145.140	99.174	189.322
145.113	99.062	189.354
145.079	98.962	189.387
145.046	98.858	189.400
145.047	98.763	189.419
145.017	98.685	189.448
145.008	98.612	189.459
144.993	98.558	189.462
144.994	98.546	189.466
144.995	98.533	189.463
145.006	98.546	189.447
145.031	98.547	189.435
145.043	98.601	189.424
145.055	98.673	189.403
145.075	98.743	189.380
145.107	98.837	189.359
145.133	98.923	189.333
145.163	99.036	189.295
145.191	99.190	189.256
145.218	99.325	189.215
145.259	99.483	189.167
145.296	99.665	189.144
145.321	99.829	189.105
145.350	99.989	189.079
145.378	100.128	189.038
145.403	100.285	189.001
145.428	100.414	188.976
145.450	100.548	188.944
145.445	100.700	188.943
145.472	100.705	188.892
145.438	100.704	188.902
145.418	100.674	188.945
145.397	100.608	188.974
145.389	100.552	189.008
145.371	100.446	189.022
145.357	100.358	189.044
145.351	100.224	189.052
145.321	100.100	189.080
145.287	100.011	189.130
145.286	99.830	189.159
145.246	99.686	189.187
145.207	99.557	189.221
145.177	99.427	189.258
145.160	99.280	189.290
145.129	99.154	189.325
145.102	99.052	189.351
145.072	98.917	189.387
145.050	98.824	189.411
145.033	98.738	189.420
145.017	98.662	189.439
145.008	98.596	189.455
144.997	98.532	189.467
144.998	98.521	189.465
145.005	98.514	189.460
145.008	98.521	189.449
145.026	98.557	189.434
145.035	98.612	189.430
145.059	98.664	189.404
145.087	98.755	189.383
145.108	98.844	189.355
145.134	98.941	189.323
145.165	99.065	189.289
145.195	99.208	189.249
145.232	99.357	189.210
145.273	99.511	189.163
145.302	99.670	189.132
145.331	99.821	189.094
145.356	100.004	189.055
145.384	100.147	189.025
145.398	100.315	189.002
145.437	100.462	188.973
145.456	100.569	188.938
145.467	100.682	188.917
145.454	100.711	188.891
145.447	100.682	188.901
145.433	100.628	188.938
145.391	100.602	188.982
145.389	100.536	189.012
145.373	100.416	189.019
145.355	100.333	189.033
145.350	100.217	189.059
145.328	100.108	189.097
145.294	99.965	189.130
145.271	99.821	189.159
145.253	99.689	189.191
145.203	99.541	189.230
145.178	99.421	189.266
145.160	99.263	189.294
145.132	99.151	189.327
145.102	99.027	189.356
145.076	98.932	189.386
145.048	98.836	189.409
145.042	98.742	189.428
145.013	98.667	189.438
145.013	98.584	189.453
145.001	98.552	189.471
145.009	98.519	189.459
144.997	98.524	189.450
145.015	98.532	189.446
145.028	98.556	189.431
145.044	98.625	189.418
145.078	98.683	189.400
145.087	98.767	189.374
145.109	98.858	189.352
145.149	98.967	189.317
145.174	99.079	189.283
145.198	99.225	189.248
145.231	99.380	189.203
145.269	99.524	189.158
145.300	99.682	189.125
145.347	99.854	189.090
145.364	100.006	189.057
145.388	100.165	189.026
145.398	100.332	188.996
145.425	100.476	188.967
145.456	100.572	188.941
145.447	100.669	188.923
145.452	100.752	188.899
145.438	100.698	188.899
145.433	100.654	188.940
145.404	100.611	188.978
145.394	100.539	189.003
145.380	100.446	189.018
145.349	100.356	189.039
145.320	100.261	189.075
145.319	100.095	189.084
145.286	99.976	189.126
145.275	99.836	189.154
145.241	99.676	189.190
145.206	99.539	189.224
145.183	99.402	189.261
145.154	99.271	189.307
145.126	99.137	189.339
145.108	99.030	189.374
145.072	98.930	189.387
145.045	98.827	189.407
145.025	98.726	189.423
145.009	98.637	189.458
144.998	98.582	189.450
144.998	98.539	189.470
145.000	98.506	189.465
144.991	98.507	189.458
145.008	98.529	189.452
145.028	98.565	189.437
145.041	98.604	189.417
145.062	98.665	189.398
145.084	98.757	189.377
145.111	98.856	189.359
145.145	98.950	189.323
145.167	99.064	189.288
145.197	99.220	189.250
145.227	99.364	189.202
145.260	99.531	189.164
145.303	99.685	189.123
145.338	99.864	189.099
145.367	100.019	189.058
145.380	100.189	189.031
145.415	100.339	188.994
145.424	100.478	188.963
145.448	100.600	188.942
145.471	100.695	188.916
145.455	100.693	188.895
145.439	100.707	188.913
145.411	100.638	188.950
145.404	100.587	188.984
145.362	100.543	189.022
145.390	100.395	189.015
145.368	100.307	189.040
145.348	100.192	189.066
145.309	100.087	189.091
145.290	99.964	189.136
145.266	99.816	189.166
145.241	99.660	189.200
145.196	99.522	189.238
145.176	99.390	189.271
145.151	99.251	189.312
145.120	99.104	189.332
145.091	98.997	189.363
145.066	98.896	189.387
145.048	98.795	189.408
145.013	98.745	189.440
145.009	98.634	189.448
144.997	98.585	189.459
144.993	98.531	189.464
144.994	98.526	189.456
144.995	98.517	189.450
145.014	98.529	189.453
145.028	98.570	189.427
145.040	98.616	189.419
145.075	98.691	189.401
145.096	98.765	189.368
145.128	98.874	189.345
145.149	98.962	189.310
145.173	99.103	189.281
145.199	99.251	189.243
145.233	99.379	189.197
145.276	99.532	189.152
145.301	99.733	189.124
145.334	99.862	189.088
145.359	100.052	189.063
145.370	100.207	189.025
145.423	100.343	188.989
145.444	100.485	188.956
145.459	100.611	188.939
145.472	100.686	188.901
145.465	100.709	188.886
145.434	100.697	188.919
145.407	100.620	188.955
145.392	100.597	188.988
145.383	100.493	189.009
145.377	100.375	189.021
145.351	100.307	189.044
145.340	100.187	189.067
145.312	100.053	189.097
145.293	99.943	189.132
145.266	99.797	189.169
145.229	99.657	189.201
145.202	99.521	189.230
145.172	99.383	189.282
145.151	99.218	189.309
145.129	99.096	189.338
145.096	99.007	189.363
145.067	98.889	189.385
145.038	98.800	189.412
145.021	98.719	189.429
145.008	98.623	189.458
145.000	98.575	189.458
144.995	98.543	189.462
144.998	98.514	189.458
145.006	98.523	189.461
145.012	98.541	189.440
145.030	98.566	189.430
145.051	98.623	189.418
145.067	98.702	189.393
145.096	98.776	189.367
145.123	98.879	189.349
145.155	98.990	189.324
145.173	99.102	189.271
145.206	99.265	189.242
145.241	99.407	189.192
145.279	99.568	189.153
145.311	99.723	189.122
145.335	99.895	189.084
145.376	100.075	189.044
145.391	100.234	189.024
145.417	100.352	188.987
145.440	100.503	188.957
145.455	100.638	188.930
145.460	100.709	188.914
145.430	100.738	188.900
145.435	100.708	188.921
145.420	100.614	188.959
145.400	100.561	189.000
145.386	100.491	189.009
145.379	100.402	189.019
145.363	100.268	189.042
145.324	100.186	189.077
145.311	100.063	189.102
145.287	99.907	189.144
145.262	99.763	189.172
145.223	99.639	189.213
145.185	99.509	189.248
145.161	99.377	189.283
145.144	99.231	189.311
145.119	99.096	189.342
145.087	98.990	189.368
145.049	98.897	189.402
145.043	98.799	189.419
145.028	98.712	189.435
145.009	98.624	189.448
144.992	98.586	189.467
144.994	98.548	189.455
144.997	98.533	189.465
145.016	98.524	189.453
145.014	98.550	189.436
145.032	98.569	189.427
145.039	98.658	189.408
145.072	98.705	189.389
145.090	98.789	189.371
145.124	98.890	189.336
145.150	98.998	189.310
145.181	99.130	189.270
145.222	99.282	189.228
145.251	99.414	189.188
145.274	99.588	189.154
145.310	99.749	189.121
145.349	99.931	189.092
145.356	100.068	189.054
145.390	100.243	189.019
145.409	100.381	188.998
145.426	100.509	188.956
145.453	100.609	188.931
145.468	100.702	188.898
145.447	100.704	188.883
145.445	100.664	188.910
145.419	100.631	188.954
145.413	100.563	188.986
145.388	100.492	189.005
145.375	100.392	189.020
145.368	100.285	189.041
145.331	100.190	189.080
145.314	100.044	189.101
145.285	99.906	189.133
145.261	99.764	189.176
145.228	99.637	189.205
145.194	99.493	189.242
145.151	99.402	189.290
145.138	99.210	189.312
145.117	99.081	189.336
145.085	98.987	189.376
145.056	98.884	189.401
145.051	98.782	189.412
145.029	98.689	189.437
145.004	98.631	189.448
144.991	98.568	189.465
145.001	98.546	189.465
144.998	98.526	189.459
145.002	98.514	189.449
145.012	98.520	189.439
145.042	98.560	189.439
145.055	98.626	189.417
145.075	98.698	189.394
145.099	98.781	189.373
145.119	98.876	189.338
145.154	98.984	189.316
145.187	99.124	189.268
145.212	99.276	189.241
145.248	99.410	189.194
145.277	99.586	189.142
145.316	99.744	189.113
145.345	99.909	189.080
145.364	100.103	189.055
145.384	100.256	189.025
145.416	100.394	188.987
145.441	100.519	188.956
145.468	100.629	188.924
145.454	100.700	188.899
145.446	100.728	188.902
145.433	100.696	188.921
145.404	100.643	188.974
145.401	100.534	188.990
145.369	100.482	189.020
145.359	100.381	189.029
145.348	100.274	189.047
145.339	100.152	189.077
145.307	100.022	189.110
145.283	99.909	189.147
145.263	99.751	189.178
145.228	99.621	189.213
145.188	99.476	189.246
145.164	99.329	189.292
145.137	99.185	189.316
145.120	99.064	189.345
145.094	98.965	189.376
145.047	98.866	189.397
145.049	98.747	189.411
145.016	98.684	189.451
144.993	98.615	189.452
144.989	98.567	189.461
144.997	98.509	189.460
144.990	98.509	189.456
145.004	98.503	189.454
145.014	98.533	189.447
145.031	98.576	189.438
145.046	98.633	189.411
145.070	98.700	189.393
145.097	98.788	189.362
145.121	98.900	189.333
145.152	98.991	189.311
145.187	99.138	189.266
145.212	99.295	189.228
145.249	99.429	189.184
145.276	99.599	189.148
145.323	99.749	189.112
145.352	99.950	189.071
145.366	100.071	189.039
145.394	100.258	189.012
145.421	100.401	188.985
145.442	100.539	188.952
145.454	100.675	188.926
145.447	100.738	188.900
145.433	100.718	188.897
145.428	100.659	188.937
145.420	100.597	188.963
145.394	100.535	189.013
145.370	100.474	189.024
145.370	100.336	189.025
145.355	100.245	189.051
145.324	100.142	189.084
145.288	100.027	189.128
145.278	99.860	189.151
145.249	99.714	189.191
145.223	99.577	189.224
145.178	99.446	189.264
145.163	99.300	189.295
145.128	99.173	189.329
145.113	99.064	189.346
145.078	98.952	189.388
145.053	98.848	189.403
145.026	98.750	189.422
145.021	98.669	189.450
144.995	98.624	189.461
144.996	98.545	189.473
145.000	98.506	189.462
144.986	98.518	189.460
145.001	98.525	189.455
145.018	98.548	189.442
145.034	98.574	189.429
145.062	98.651	189.408
145.077	98.727	189.393
145.101	98.820	189.366
145.137	98.915	189.331
145.161	99.034	189.306
145.182	99.167	189.269
145.222	99.341	189.224
145.255	99.453	189.174
145.292	99.640	189.138
145.310	99.813	189.105
145.342	99.986	189.074
145.378	100.152	189.044
145.410	100.311	189.013
145.435	100.436	188.974
145.444	100.569	188.947
145.462	100.682	188.921
145.467	100.695	188.880
145.449	100.701	188.915
145.414	100.666	188.948
145.397	100.601	188.983
145.393	100.524	189.008
145.387	100.395	189.011
145.357	100.338	189.033
145.342	100.203	189.056
145.311	100.132	189.089
145.293	99.969	189.132
145.277	99.825	189.152
145.246	99.693	189.202
145.221	99.549	189.221
145.175	99.443	189.270
145.158	99.270	189.299
145.128	99.137	189.330
145.108	99.027	189.364
145.071	98.943	189.389
145.045	98.846	189.412
145.028	98.742	189.430
145.014	98.658	189.439
145.001	98.596	189.459
144.979	98.547	189.469
144.986	98.524	189.466
145.007	98.511	189.461
144.998	98.536	189.452
145.014	98.552	189.441
145.040	98.592	189.420
145.063	98.660	189.401
145.086	98.741	189.371
145.111	98.835	189.350
145.144	98.928	189.329
145.170	99.053	189.293
145.187	99.201	189.262
145.218	99.360	189.215
145.257	99.499	189.173
145.297	99.667	189.129
145.318	99.862	189.105
145.349	100.000	189.065
145.377	100.168	189.029
145.409	100.297	188.992
145.403	100.475	188.980
145.449	100.578	188.943
145.448	100.703	188.925
145.456	100.705	188.885
145.449	100.667	188.894
145.419	100.657	188.945
145.395	100.605	188.981
145.387	100.511	189.005
145.380	100.404	189.008
145.376	100.309	189.034
145.336	100.230	189.063
145.315	100.095	189.086
145.296	99.947	189.123
145.277	99.831	189.164
145.248	99.683	189.191
145.211	99.528	189.231
145.180	99.403	189.269
145.145	99.266	189.299
145.125	99.142	189.329
145.098	99.025	189.362
145.067	98.922	189.384
145.052	98.806	189.412
145.024	98.734	189.440
145.015	98.630	189.447
144.996	98.583	189.468
144.991	98.533	189.457
144.990	98.496	189.466
144.987	98.518	189.465
145.006	98.511	189.455
145.015	98.545	189.442
145.045	98.592	189.423
145.064	98.659	189.406
145.092	98.757	189.379
145.102	98.852	189.357
145.142	98.947	189.330
145.168	99.054	189.296
145.194	99.206	189.261
145.232	99.374	189.207
145.269	99.519	189.165
145.296	99.693	189.131
145.335	99.867	189.094
145.363	100.020	189.060
145.377	100.189	189.024
145.416	100.339	189.002
145.432	100.470	188.969
145.431	100.627	188.951
145.457	100.706	188.916
145.424	100.773	188.902
145.449	100.680	188.914
145.409	100.665	188.959
145.416	100.566	188.987
145.385	100.517	189.009
145.381	100.393	189.018
145.357	100.320	189.037
145.343	100.207	189.060
145.325	100.078	189.098
145.279	99.942	189.140
145.263	99.806	189.163
145.240	99.648	189.202
145.195	99.537	189.239
145.184	99.398	189.276
145.150	99.234	189.304
145.127	99.105	189.331
145.096	99.007	189.361
145.070	98.901	189.389
145.039	98.796	189.406
145.030	98.716	189.428
145.011	98.634	189.440
145.002	98.566	189.463
144.983	98.550	189.472
144.987	98.523	189.465
144.997	98.504	189.465
145.016	98.520	189.455
145.022	98.570	189.438
145.043	98.599	189.429
145.059	98.687	189.400
145.085	98.779	189.369
145.117	98.888	189.352
145.152	98.978	189.319
145.170	99.096	189.285
145.206	99.259	189.249
145.241	99.404	189.200
145.268	99.564	189.161
145.302	99.730	189.123
145.339	99.897	189.083
145.371	100.058	189.051
145.392	100.194	189.018
145.410	100.379	188.986
145.445	100.504	188.950
145.462	100.636	188.934
145.457	100.680	188.902
145.455	100.690	188.891
145.448	100.636	188.912
145.414	100.606	188.962
145.400	100.547	188.989
145.376	100.502	189.021
145.387	100.365	189.025
145.345	100.288	189.050
145.333	100.172	189.075
145.311	100.029	189.106
145.281	99.912	189.141
145.250	99.788	189.186
145.232	99.634	189.202
145.189	99.493	189.249
145.167	99.362	189.296
145.147	99.205	189.318
145.115	99.099	189.351
145.088	98.985	189.379
145.062	98.892	189.400
145.034	98.791	189.410
145.021	98.698	189.436
145.000	98.624	189.451
144.999	98.569	189.458
144.994	98.539	189.457
144.994	98.522	189.456
145.002	98.529	189.454
145.010	98.546	189.446
145.026	98.592	189.429
145.054	98.637	189.409
145.082	98.716	189.386
145.098	98.812	189.370
145.133	98.903	189.338
145.155	99.003	189.308
145.175	99.145	189.276
145.217	99.287	189.229
145.253	99.432	189.186
145.279	99.588	189.147
145.307	99.756	189.116
145.349	99.914	189.084
145.364	100.080	189.046
145.400	100.236	189.009
145.413	100.408	188.988
145.450	100.507	188.950
145.449	100.653	188.935
145.459	100.707	188.893
145.462	100.692	188.890
145.434	100.677	188.928
145.398	100.610	188.965
145.388	100.559	188.990
145.386	100.456	189.007
145.377	100.362	189.023
145.338	100.292	189.057
145.318	100.161	189.076
145.307	100.013	189.111
145.279	99.900	189.141
145.256	99.741	189.179
145.228	99.603	189.209
145.206	99.482	189.243
145.170	99.327	189.286
145.147	99.183	189.316
145.105	99.078	189.343
145.095	98.961	189.373
145.056	98.869	189.396
145.040	98.768	189.421
145.024	98.676	189.439
145.005	98.609	189.446
144.990	98.569	189.458
145.001	98.527	189.462
144.994	98.496	189.455
145.008	98.511	189.459
145.017	98.517	189.444
145.037	98.582	189.429
145.056	98.638	189.415
145.087	98.714	189.384
145.106	98.800	189.363
145.128	98.907	189.336
145.160	99.009	189.299
145.182	99.148	189.275
145.216	99.296	189.221
145.261	99.431	189.172
145.292	99.630	189.152
145.322	99.778	189.112
145.348	99.953	189.080
145.382	100.116	189.048
145.399	100.275	189.014
145.412	100.418	188.982
145.455	100.542	188.953
145.450	100.676	188.934
145.457	100.708	188.889
145.450	100.699	188.901
145.430	100.648	188.933
145.414	100.582	188.973
145.382	100.561	189.004
145.379	100.444	189.005
145.378	100.355	189.033
145.350	100.228	189.053
145.336	100.128	189.077
145.301	100.012	189.119
145.277	99.888	189.154
145.243	99.731	189.182
145.209	99.575	189.221
145.184	99.458	189.252
145.163	99.295	189.291
145.134	99.172	189.322
145.115	99.061	189.345
145.086	98.957	189.378
145.054	98.860	189.402
145.030	98.771	189.427
145.017	98.697	189.444
145.000	98.618	189.452
144.993	98.565	189.473
144.998	98.547	189.462
145.008	98.516	189.464
144.997	98.518	189.448
145.015	98.542	189.444
145.037	98.597	189.424
145.059	98.653	189.408
145.080	98.744	189.376
145.104	98.839	189.355
145.131	98.930	189.333
145.154	99.048	189.298
145.184	99.171	189.256
145.225	99.329	189.221
145.266	99.482	189.170
145.280	99.642	189.145
145.325	99.806	189.108
145.355	99.974	189.064
145.381	100.123	189.030
145.406	100.274	189.009
145.411	100.449	188.983
145.442	100.558	188.942
145.464	100.661	188.928
145.451	100.713	188.893
145.445	100.699	188.890
145.440	100.649	188.931
145.414	100.613	188.973
145.380	100.562	189.006
145.385	100.425	189.018
145.363	100.351	189.036
145.347	100.229	189.049
145.324	100.113	189.079
145.302	99.999	189.122
145.268	99.864	189.160
145.245	99.721	189.187
145.210	99.562	189.221
145.177	99.442	189.253
145.162	99.287	189.306
145.131	99.149	189.325
145.116	99.047	189.350
145.079	98.950	189.376
145.046	98.836	189.403
145.028	98.760	189.426
145.016	98.667	189.436
145.001	98.598	189.453
144.998	98.564	189.461
144.998	98.533	189.459
144.995	98.512	189.453
145.010	98.530	189.456
145.018	98.557	189.444
145.035	98.595	189.425
145.053	98.664	189.408
145.088	98.747	189.386
145.116	98.839	189.356
145.144	98.932	189.322
145.167	99.049	189.294
145.189	99.199	189.265
145.230	99.354	189.210
145.259	99.493	189.170
145.298	99.666	189.137
145.332	99.831	189.099
145.344	100.014	189.076
145.382	100.164	189.032
145.417	100.281	189.000
145.424	100.456	188.975
145.457	100.593	188.951
145.464	100.667	188.921
145.464	100.731	188.891
145.441	100.685	188.895
145.429	100.628	188.943
145.415	100.601	188.984
145.393	100.519	189.006
145.372	100.434	189.025
145.362	100.330	189.040
145.345	100.208	189.057
145.333	100.096	189.090
145.305	99.975	189.131
145.278	99.827	189.162
145.235	99.693	189.198
145.224	99.560	189.226
145.186	99.433	189.264
145.163	99.290	189.305
145.128	99.142	189.334
145.108	99.028	189.363
145.068	98.935	189.385
145.058	98.828	189.401
145.030	98.738	189.425
145.018	98.678	189.446
145.008	98.601	189.456
145.008	98.543	189.463
144.999	98.536	189.460
144.998	98.522	189.465
145.020	98.535	189.444
145.030	98.555	189.440
145.040	98.614	189.422
145.080	98.678	189.395
145.101	98.764	189.375
145.118	98.847	189.346
145.144	98.948	189.315
145.174	99.072	189.294
145.198	99.223	189.241
145.236	99.348	189.202
145.273	99.522	189.164
145.294	99.689	189.126
145.330	99.860	189.096
145.358	100.020	189.065
145.381	100.155	189.027
145.400	100.310	188.997
145.424	100.453	188.966
145.437	100.563	188.940
145.466	100.678	188.912
145.460	100.706	188.889
145.430	100.725	188.908
145.420	100.648	188.941
145.427	100.570	188.969
145.392	100.509	189.001
145.373	100.423	189.021
145.376	100.302	189.031
145.349	100.205	189.062
145.322	100.098	189.088
145.286	99.964	189.124
145.262	99.827	189.160
145.237	99.668	189.200
145.203	99.544	189.222
145.169	99.407	189.260
145.144	99.250	189.305
145.125	99.134	189.332
145.091	99.030	189.359
145.071	98.917	189.390
145.053	98.805	189.398
145.026	98.724	189.434
145.016	98.648	189.439
144.999	98.581	189.456
144.994	98.540	189.472
144.986	98.531	189.463
145.000	98.521	189.458
145.006	98.519	189.453
145.028	98.550	189.438
145.049	98.607	189.412
145.055	98.681	189.390
145.090	98.764	189.376
145.124	98.856	189.351
145.155	98.962	189.330
145.169	99.078	189.286
145.198	99.231	189.241
145.235	99.383	189.201
145.261	99.533	189.161
145.299	99.710	189.129
145.332	99.872	189.094
145.351	100.037	189.061
145.380	100.199	189.031
145.419	100.342	188.994
145.434	100.481	188.969
145.436	100.631	188.946
145.461	100.705	188.911
145.458	100.701	188.884
145.424	100.715	188.918
145.411	100.630	188.954
145.396	100.574	188.993
145.398	100.492	189.006
145.377	100.399	189.019
145.366	100.268	189.028
145.347	100.181	189.068
145.330	100.063	189.092
145.279	99.945	189.145
145.271	99.809	189.170
145.237	99.652	189.205
145.189	99.528	189.242
145.162	99.401	189.285
145.142	99.232	189.311
145.113	99.103	189.335
145.095	99.003	189.369
145.059	98.903	189.390
145.038	98.795	189.410
145.016	98.716	189.442
145.013	98.626	189.449
145.002	98.574	189.463
144.992	98.548	189.465
145.001	98.513	189.459
144.997	98.523	189.454
145.005	98.536	189.447
145.029	98.556	189.442
145.053	98.614	189.423
145.068	98.693	189.397
145.086	98.788	189.372
145.121	98.880	189.341
145.146	98.979	189.312
145.186	99.110	189.280
145.200	99.263	189.243
145.241	99.411	189.191
145.275	99.559	189.150
145.311	99.756	189.122
145.339	99.891	189.085
145.373	100.063	189.046
145.384	100.217	189.016
145.422	100.376	188.988
145.429	100.508	188.953
145.450	100.656	188.936
145.469	100.710	188.899
145.455	100.689	188.885
145.431	100.675	188.923
145.408	100.602	188.965
145.405	100.538	188.989
145.368	100.490	189.018
145.372	100.344	189.025
145.352	100.254	189.043
145.332	100.150	189.073
145.316	100.018	189.106
145.294	99.888	189.140
145.253	99.762	189.185
145.228	99.614	189.214
145.207	99.483	189.239
145.162	99.347	189.288
145.137	99.214	189.312
145.118	99.086	189.348
145.094	98.975	189.373
145.071	98.880	189.404
145.043	98.795	189.414
145.009	98.711	189.444
145.007	98.634	189.444
144.997	98.566	189.463
144.992	98.557	189.459
144.986	98.542	189.465
145.005	98.526	189.452
145.025	98.552	189.431
145.043	98.595	189.427
145.062	98.638	189.410
145.077	98.729	189.389
145.107	98.809	189.362
145.133	98.905	189.330
145.155	99.005	189.300
145.186	99.153	189.272
145.214	99.295	189.222
145.246	99.435	189.185
145.290	99.610	189.145
145.317	99.773	189.113
145.357	99.922	189.073
145.372	100.082	189.050
145.375	100.273	189.024
145.420	100.389	188.982
145.450	100.518	188.958
145.453	100.606	188.935
145.471	100.713	188.912
145.457	100.704	188.888
145.422	100.710	188.921
145.422	100.628	188.958
145.396	100.591	188.993
145.394	100.459	189.001
145.383	100.374	189.025
145.354	100.305	189.056
145.345	100.165	189.066
145.328	100.040	189.102
145.284	99.920	189.141
145.259	99.775	189.177
145.227	99.621	189.209
145.204	99.495	189.240
145.168	99.362	189.288
145.149	99.210	189.313
145.114	99.092	189.340
145.098	98.978	189.376
145.072	98.869	189.395
145.042	98.770	189.408
145.028	98.710	189.430
145.004	98.620	189.448
144.988	98.577	189.465
144.995	98.539	189.460
144.991	98.513	189.462
144.999	98.529	189.460
145.013	98.554	189.449
145.037	98.573	189.439
145.057	98.638	189.419
145.078	98.719	189.393
145.105	98.796	189.366
145.122	98.893	189.340
145.164	99.007	189.304
145.181	99.153	189.273
145.217	99.303	189.228
145.248	99.426	189.186
145.281	99.609	189.152
145.324	99.770	189.114
145.349	99.913	189.077
145.366	100.082	189.043
145.393	100.231	189.013
145.422	100.384	188.973
145.432	100.521	188.955
145.438	100.652	188.933
145.460	100.727	188.905
145.446	100.715	188.895
145.424	100.678	188.925
145.397	100.629	188.970
145.405	100.542	188.992
145.392	100.455	189.012
145.375	100.373	189.023
145.357	100.272	189.046
145.324	100.150	189.073
145.317	100.009	189.105
145.270	99.913	189.157
145.256	99.743	189.180
145.213	99.614	189.211
145.192	99.467	189.255
145.165	99.322	189.284
145.135	99.182	189.320
145.116	99.064	189.347
145.077	98.971	189.384
145.062	98.868	189.403
145.041	98.763	189.427
145.015	98.676	189.453
145.003	98.605	189.452
145.003	98.554	189.456
144.989	98.518	189.466
144.995	98.509	189.459
145.008	98.518	189.459
145.016	98.538	189.451
145.023	98.588	189.443
145.054	98.633	189.415
145.079	98.724	189.386
145.094	98.820	189.372
145.129	98.912	189.335
145.156	99.027	189.301
145.185	99.168	189.272
145.216	99.307	189.231
145.246	99.447	189.190
145.277	99.643	189.157
145.308	99.796	189.112
145.351	99.961	189.070
145.372	100.143	189.046
145.399	100.273	189.010
145.440	100.438	188.975
145.445	100.570	188.953
145.471	100.653	188.918
145.469	100.711	188.892
145.445	100.704	188.901
145.416	100.670	188.944
145.417	100.580	188.967
145.392	100.510	189.005
145.381	100.430	189.025
145.360	100.334	189.031
145.362	100.210	189.051
145.319	100.123	189.081
145.299	99.999	189.125
145.278	99.836	189.156
145.247	99.700	189.193
145.212	99.571	189.221
145.186	99.428	189.264
145.156	99.290	189.303
145.123	99.157	189.337
145.112	99.051	189.357
145.084	98.949	189.386
145.047	98.838	189.399
145.025	98.753	189.429
145.008	98.665	189.436
145.003	98.596	189.459
145.000	98.541	189.470
145.003	98.515	189.464
144.992	98.520	189.457
145.012	98.528	189.451
145.027	98.563	189.439
145.033	98.604	189.429
145.060	98.665	189.401
145.089	98.749	189.382
145.114	98.853	189.349
145.142	98.939	189.324
145.168	99.057	189.285
145.189	99.215	189.262
145.232	99.348	189.205
145.275	99.512	189.165
145.298	99.684	189.133
145.324	99.818	189.096
145.360	100.011	189.057
145.378	100.168	189.027
145.403	100.324	189.000
145.443	100.451	188.968
145.449	100.587	188.930
145.459	100.668	188.919
145.457	100.716	188.882
145.439	100.706	188.903
145.425	100.660	188.944
145.410	100.584	188.977
145.374	100.549	189.010
145.374	100.410	189.010
145.379	100.305	189.028
145.336	100.218	189.063
145.331	100.095	189.091
145.299	99.970	189.120
145.266	99.824	189.159
145.244	99.683	189.197
145.204	99.543	189.229
145.177	99.423	189.266
145.155	99.274	189.310
145.125	99.125	189.333
145.102	99.035	189.363
145.078	98.925	189.380
145.053	98.834	189.407
145.026	98.724	189.431
145.013	98.658	189.442
144.993	98.572	189.468
144.997	98.553	189.465
144.984	98.529	189.479
144.994	98.506	189.456
145.006	98.519	189.451
145.019	98.577	189.441
145.045	98.606	189.428
145.058	98.686	189.388
145.087	98.761	189.378
145.114	98.865	189.353
145.139	98.946	189.323
145.170	99.068	189.294
145.204	99.238	189.253
145.237	99.373	189.206
145.263	99.514	189.159
145.303	99.691	189.127
145.331	99.868	189.099
145.364	100.032	189.054
145.371	100.204	189.029
145.408	100.350	189.004
145.445	100.469	188.962
145.445	100.601	188.934
145.470	100.713	188.915
145.442	100.711	188.889
145.447	100.686	188.909
145.409	100.624	188.959
145.401	100.576	188.985
145.380	100.504	189.008
145.390	100.384	189.016
145.362	100.284	189.039
145.340	100.171	189.065
145.317	100.075	189.101
145.280	99.945	189.131
145.266	99.801	189.173
145.242	99.640	189.203
145.198	99.532	189.239
145.174	99.380	189.276
145.153	99.240	189.311
145.114	99.104	189.330
145.094	99.008	189.367
145.075	98.890	189.393
145.046	98.797	189.415
145.025	98.726	189.432
145.001	98.646	189.442
145.001	98.593	189.460
144.985	98.550	189.464
145.000	98.526	189.450
144.989	98.535	189.453
145.013	98.541	189.443
145.032	98.567	189.433
145.055	98.625	189.418
145.073	98.686	189.399
145.093	98.782	189.371
145.124	98.867	189.353
145.155	98.979	189.320
145.174	99.094	189.282
145.196	99.253	189.254
145.237	99.379	189.193
145.273	99.537	189.153
145.310	99.702	189.114
145.340	99.877	189.091
145.350	100.031	189.056
145.389	100.211	189.033
145.413	100.322	188.987
145.435	100.479	188.962
145.454	100.593	188.934
145.459	100.703	188.917
145.450	100.713	188.896
145.431	100.723	188.913
145.413	100.639	188.944
145.400	100.593	188.983
145.391	100.498	189.010
145.376	100.394	189.020
145.358	100.307	189.040
145.342	100.184	189.065
145.319	100.072	189.094
145.292	99.952	189.128
145.267	99.810	189.162
145.238	99.669	189.197
145.202	99.524	189.235
145.176	99.386	189.276
145.152	99.228	189.309
145.122	99.092	189.335
145.097	98.993	189.369
145.066	98.902	189.394
145.044	98.796	189.413
145.031	98.696	189.439
145.010	98.633	189.461
144.998	98.566	189.465
145.007	98.521	189.468
144.991	98.524	189.468
144.991	98.518	189.457
145.009	98.512	189.447
145.023	98.563	189.431
145.051	98.617	189.429
145.070	98.679	189.404
145.093	98.770	189.371
145.123	98.855	189.349
145.144	98.959	189.324
145.180	99.106	189.288
145.209	99.244	189.240
145.240	99.390	189.189
145.276	99.566	189.158
145.308	99.741	189.122
145.339	99.892	189.087
145.375	100.044	189.051
145.388	100.227	189.021
145.412	100.381	188.992
145.431	100.512	188.961
145.469	100.626	188.929
145.446	100.733	188.902
145.461	100.671	188.879
145.416	100.699	188.931
145.406	100.612	188.970
145.389	100.563	189.007
145.385	100.477	189.013
145.368	100.354	189.030
145.346	100.264	189.050
145.323	100.143	189.074
145.289	100.034	189.117
145.286	99.888	189.144
145.257	99.731	189.179
145.242	99.609	189.205
145.188	99.479	189.242
145.157	99.330	189.287
145.144	99.187	189.320
145.106	99.073	189.345
145.089	98.968	189.377
145.064	98.854	189.392
145.036	98.782	189.413
145.014	98.699	189.439
145.000	98.605	189.453
144.993	98.572	189.471
144.993	98.531	189.464
144.991	98.509	189.464
145.005	98.537	189.456
145.010	98.565	189.448
145.031	98.587	189.437
145.051	98.644	189.420
145.074	98.735	189.385
145.097	98.817	189.359
145.132	98.906	189.328
145.148	99.002	189.299
145.185	99.165	189.272
145.214	99.315	189.233
145.249	99.432	189.179
145.281	99.619	189.149
145.303	99.796	189.116
145.343	99.931	189.066
145.379	100.101	189.038
145.419	100.251	189.011
145.404	100.401	188.992
145.442	100.525	188.957
145.466	100.646	188.924
145.449	100.722	188.905
145.457	100.704	188.896
145.434	100.659	188.922
145.411	100.625	188.970
145.411	100.549	188.992
145.383	100.466	189.013
145.363	100.358	189.032
145.345	100.258	189.048
145.320	100.153	189.081
145.299	100.019	189.118
145.283	99.896	189.144
145.244	99.746	189.185
145.229	99.605	189.205
145.193	99.473	189.250
145.162	99.319	189.289
145.148	99.192	189.329
145.115	99.073	189.346
145.082	98.970	189.382
145.064	98.871	189.401
145.048	98.778	189.413
145.012	98.695	189.445
145.006	98.620	189.466
144.997	98.556	189.466
144.996	98.537	189.475
144.995	98.524	189.455
145.010	98.526	189.451
145.017	98.547	189.449
145.034	98.594	189.434
145.058	98.646	189.416
145.082	98.720	189.387
145.106	98.816	189.368
145.136	98.913	189.328
145.158	99.013	189.313
145.193	99.163	189.273
145.211	99.316	189.230
145.255	99.446	189.176
145.289	99.617	189.143
145.319	99.793	189.107
145.340	99.962	189.075
145.377	100.122	189.036
145.403	100.273	189.010
145.422	100.405	188.977
145.429	100.541	188.955
145.451	100.663	188.930
145.456	100.698	188.900
145.455	100.691	188.888
145.429	100.697	188.939
145.400	100.621	188.977
145.390	100.558	189.009
145.393	100.432	189.007
145.379	100.326	189.028
145.336	100.256	189.055
145.321	100.116	189.075
145.299	100.016	189.112
145.287	99.862	189.149
145.238	99.729	189.193
145.218	99.586	189.220
145.179	99.471	189.258
145.160	99.312	189.291
145.131	99.163	189.327
145.108	99.066	189.362
145.072	98.970	189.390
145.057	98.843	189.402
145.038	98.756	189.428
145.013	98.675	189.449
145.003	98.598	189.460
145.006	98.546	189.460
144.986	98.520	189.467
144.999	98.502	189.455
145.003	98.517	189.458
145.029	98.536	189.438
145.037	98.593	189.419
145.059	98.649	189.405
145.084	98.726	189.389
145.100	98.815	189.359
145.138	98.923	189.332
145.153	99.020	189.301
145.193	99.173	189.271
145.223	99.318	189.216
145.263	99.469	189.168
145.290	99.634	189.134
145.320	99.811	189.107
145.360	99.966	189.052
145.378	100.126	189.033
145.402	100.284	188.999
145.422	100.445	188.980
145.451	100.553	188.945
145.479	100.672	188.926
145.447	100.710	188.888
145.442	100.702	188.909
145.426	100.657	188.940
145.409	100.594	188.979
145.398	100.514	188.997
145.379	100.440	189.013
145.380	100.348	189.031
145.340	100.251	189.054
145.331	100.098	189.077
145.300	99.976	189.129
145.273	99.861	189.159
145.252	99.716	189.190
145.202	99.587	189.228
145.189	99.433	189.261
145.155	99.294	189.304
145.129	99.161	189.323
145.105	99.052	189.360
145.076	98.951	189.383
145.047	98.855	189.403
145.041	98.743	189.435
145.019	98.661	189.437
145.002	98.588	189.470
145.014	98.551	189.465
145.010	98.517	189.466
144.991	98.514	189.463
145.008	98.532	189.457
145.030	98.536	189.441
145.048	98.589	189.422
145.054	98.661	189.409
145.078	98.736	189.383
145.116	98.820	189.354
145.132	98.930	189.335
145.160	99.049	189.303
145.187	99.181	189.264
145.222	99.333	189.211
145.260	99.474	189.169
145.297	99.642	189.132
145.320	99.803	189.102
145.349	99.968	189.059
145.374	100.141	189.047
145.398	100.288	189.004
145.426	100.480	188.991
145.444	100.564	188.948
145.454	100.677	188.924
145.450	100.740	188.886
145.444	100.700	188.903
145.429	100.648	188.941
145.391	100.602	188.976
145.389	100.534	189.008
145.388	100.412	189.011
145.368	100.334	189.037
145.344	100.222	189.062
145.326	100.097	189.083
145.287	99.993	189.127
145.261	99.862	189.175
145.245	99.699	189.192
145.218	99.557	189.223
145.180	99.424	189.264
145.154	99.285	189.304
145.126	99.148	189.331
145.101	99.023	189.357
145.073	98.938	189.389
145.048	98.823	189.413
145.039	98.720	189.430
145.008	98.662	189.455
144.993	98.587	189.456
144.989	98.544	189.465
144.988	98.517	189.468
144.997	98.517	189.461
145.007	98.516	189.459
145.033	98.540	189.442
145.038	98.580	189.423
145.056	98.641	189.404
145.080	98.739	189.381
145.110	98.828	189.353
145.135	98.938	189.328
145.178	99.056	189.289
145.190	99.198	189.255
145.232	99.357	189.214
145.260	99.503	189.171
145.297	99.661	189.130
145.337	99.853	189.106
145.350	100.010	189.067
145.380	100.166	189.036
145.413	100.319	188.999
145.431	100.481	188.976
145.446	100.579	188.939
145.464	100.678	188.914
145.456	100.701	188.881
145.439	100.700	188.908
145.420	100.625	188.945
145.398	100.579	188.983
145.383	100.513	189.016
145.372	100.367	189.014
145.357	100.287	189.035
145.337	100.191	189.062
145.321	100.090	189.091
145.287	99.960	189.138
145.260	99.821	189.170
145.243	99.672	189.200
145.210	99.533	189.226
145.174	99.393	189.272
145.156	99.250	189.311
145.130	99.125	189.335
145.101	99.008	189.361
145.079	98.915	189.390
145.038	98.825	189.414
145.034	98.723	189.432
145.013	98.655	189.458
145.012	98.579	189.466
145.002	98.547	189.462
144.999	98.527	189.462
145.008	98.522	189.453
145.011	98.552	189.453
145.017	98.569	189.445
145.054	98.623	189.419
145.072	98.675	189.398
145.082	98.770	189.373
145.122	98.870	189.348
145.148	98.969	189.319
145.163	99.091	189.290
145.207	99.236	189.244
145.230	99.377	189.200
145.280	99.537	189.156
145.305	99.703	189.124
145.329	99.859	189.086
145.365	100.040	189.055
145.390	100.189	189.026
145.402	100.364	188.999
145.439	100.469	188.963
145.455	100.587	188.930
145.467	100.689	188.905
145.473	100.706	188.889
145.450	100.688	188.902
145.429	100.634	188.947
145.395	100.574	188.989
145.372	100.516	189.011
145.373	100.418	189.019
145.359	100.301	189.034
145.337	100.199	189.068
145.309	100.110	189.097
145.284	99.946	189.131
145.269	99.791	189.167
145.229	99.653	189.199
145.203	99.514	189.238
145.159	99.398	189.276
145.158	99.233	189.306
145.117	99.130	189.336
145.085	99.004	189.369
145.070	98.901	189.387
145.056	98.782	189.409
145.015	98.716	189.431
145.009	98.624	189.452
144.989	98.572	189.463
144.987	98.532	189.469
145.000	98.509	189.452
144.999	98.504	189.448
145.002	98.538	189.447
145.026	98.547	189.435
145.044	98.611	189.422
145.072	98.690	189.393
145.099	98.757	189.376
145.111	98.854	189.343
145.146	98.982	189.315
145.166	99.094	189.289
145.199	99.242	189.238
145.243	99.385	189.192
145.277	99.551	189.157
145.318	99.727	189.124
145.344	99.903	189.095
145.373	100.030	189.051
145.400	100.202	189.015
145.411	100.361	188.998
145.422	100.504	188.964
145.455	100.612	188.939
145.467	100.718	188.913
145.445	100.699	188.882
145.417	100.735	188.927
145.409	100.609	188.960
145.400	100.578	189.003
145.380	100.493	189.008
145.372	100.383	189.023
145.360	100.273	189.043
145.333	100.180	189.065
145.309	100.061	189.108
145.271	99.940	189.146
145.264	99.781	189.172
145.239	99.632	189.205
145.203	99.500	189.243
145.170	99.379	189.285
145.141	99.205	189.310
145.125	99.093	189.336
145.089	99.013	189.371
145.072	98.872	189.394
145.044	98.787	189.418
145.029	98.704	189.437
145.008	98.625	189.444
144.999	98.561	189.471
144.983	98.549	189.474
144.998	98.514	189.465
145.002	98.512	189.452
145.006	98.541	189.453
145.019	98.566	189.443
145.055	98.619	189.410
145.072	98.690	189.398
145.086	98.781	189.367
145.121	98.873	189.352
145.149	98.973	189.312
145.176	99.100	189.279
145.204	99.256	189.242
145.242	99.393	189.197
145.275	99.565	189.162
145.310	99.738	189.123
145.344	99.898	189.089
145.371	100.056	189.051
145.392	100.227	189.027
145.421	100.351	188.986
145.437	100.514	188.965
145.458	100.624	188.929
145.463	100.712	188.915
145.451	100.713	188.884
145.428	100.684	188.919
145.416	100.626	188.953
145.392	100.578	188.991
145.375	100.500	189.015
145.365	100.372	189.030
145.346	100.291	189.045
145.335	100.157	189.064
145.326	100.023	189.101
145.292	99.920	189.139
145.260	99.746	189.169
145.230	99.631	189.213
145.190	99.484	189.247
145.172	99.335	189.286
145.139	99.193	189.321
145.110	99.058	189.350
145.076	98.981	189.376
145.054	98.866	189.396
145.023	98.773	189.419
145.026	98.695	189.440
145.003	98.611	189.450
145.004	98.549	189.458
144.990	98.519	189.463
144.994	98.512	189.464
145.003	98.502	189.461
145.010	98.514	189.451
145.025	98.574	189.443
145.044	98.605	189.417
145.072	98.696	189.399
145.094	98.792	189.371
145.121	98.884	189.345
145.151	98.985	189.314
145.180	99.125	189.274
145.206	99.280	189.227
145.248	99.416	189.176
145.282	99.597	189.153
145.310	99.754	189.113
145.349	99.914	189.073
145.382	100.095	189.039
145.403	100.223	189.014
145.428	100.390	188.976
145.453	100.524	188.947
145.445	100.668	188.927
145.439	100.733	188.905
145.438	100.714	188.898
145.413	100.680	188.930
145.425	100.589	188.960
145.390	100.542	189.005
145.385	100.472	189.015
145.357	100.349	189.038
145.349	100.260	189.055
145.331	100.135	189.077
145.304	100.025	189.120
145.284	99.872	189.149
145.255	99.720	189.183
145.228	99.577	189.216
145.194	99.462	189.252
145.165	99.303	189.292
145.138	99.161	189.325
145.106	99.049	189.357
145.080	98.948	189.386
145.055	98.851	189.411
145.033	98.757	189.428
145.012	98.667	189.443
145.006	98.590	189.455
145.000	98.539	189.463
144.989	98.515	189.464
145.001	98.503	189.463
144.991	98.508	189.463
145.014	98.542	189.444
145.031	98.563	189.430
145.054	98.631	189.423
145.083	98.708	189.392
145.105	98.798	189.365
145.133	98.896	189.339
145.154	99.004	189.297
145.178	99.156	189.268
145.208	99.296	189.225
145.241	99.455	189.177
145.284	99.635	189.145
145.307	99.799	189.108
145.350	99.963	189.075
145.383	100.104	189.031
145.408	100.269	188.996
145.427	100.407	188.977
145.441	100.565	188.950
145.456	100.673	188.918
145.450	100.719	188.888
145.435	100.708	188.898
145.415	100.667	188.947
145.389	100.616	188.983
145.395	100.502	188.999
145.380	100.412	189.015
145.368	100.309	189.035
145.344	100.214	189.056
145.321	100.114	189.087
145.294	99.979	189.130
145.275	99.815	189.154
145.242	99.692	189.192
145.216	99.556	189.228
145.184	99.423	189.272
145.155	99.270	189.304
145.130	99.152	189.330
145.106	99.033	189.362
145.070	98.939	189.392
145.041	98.826	189.412
145.027	98.725	189.430
145.013	98.665	189.452
144.995	98.605	189.466
144.992	98.552	189.466
145.003	98.516	189.460
144.997	98.515	189.468
144.994	98.539	189.456
145.013	98.560	189.444
145.047	98.588	189.418
145.058	98.654	189.402
145.086	98.746	189.380
145.120	98.828	189.349
145.140	98.931	189.322
145.170	99.050	189.288
145.195	99.199	189.253
145.230	99.370	189.213
145.260	99.489	189.160
145.289	99.667	189.132
145.327	99.837	189.101
145.359	100.010	189.059
145.400	100.166	189.030
145.401	100.326	189.006
145.417	100.470	188.976
145.470	100.578	188.932
145.462	100.694	188.922
145.453	100.730	188.897
145.428	100.733	188.914
145.420	100.647	188.946
145.402	100.624	188.997
145.396	100.511	188.999
145.384	100.405	189.015
145.363	100.331	189.042
145.339	100.211	189.064
145.314	100.091	189.088
145.289	99.978	189.134
145.273	99.829	189.161
145.236	99.692	189.195
145.222	99.552	189.232
145.178	99.428	189.274
145.152	99.271	189.303
145.129	99.134	189.333
145.105	99.024	189.363
145.073	98.910	189.387
145.045	98.817	189.407
145.029	98.719	189.429
145.011	98.649	189.436
145.013	98.569	189.459
145.002	98.530	189.469
144.990	98.524	189.466
145.003	98.510	189.460
145.009	98.524	189.446
145.028	98.552	189.432
145.044	98.607	189.418
145.064	98.665	189.403
145.090	98.759	189.380
145.121	98.847	189.352
145.135	98.943	189.326
145.170	99.073	189.288
145.195	99.207	189.252
145.228	99.347	189.206
145.258	99.526	189.166
145.290	99.705	189.134
145.328	99.871	189.098
145.350	99.990	189.053
145.389	100.165	189.028
145.412	100.296	188.988
145.424	100.452	188.963
145.443	100.579	188.937
145.452	100.699	188.921
145.452	100.719	188.890
145.430	100.736	188.910
145.388	100.690	188.963
145.393	100.605	188.981
145.379	100.540	189.017
145.371	100.430	189.016
145.364	100.309	189.025
145.344	100.205	189.056
145.314	100.090	189.086
145.287	99.976	189.129
145.264	99.817	189.159
145.238	99.680	189.189
145.213	99.539	189.226
145.181	99.389	189.266
145.146	99.251	189.299
145.126	99.128	189.326
145.098	99.007	189.362
145.071	98.913	189.387
145.050	98.811	189.412
145.035	98.711	189.433
145.014	98.643	189.443
144.999	98.570	189.451
144.997	98.533	189.467
145.003	98.504	189.464
144.999	98.502	189.460
144.999	98.527	189.457
145.030	98.555	189.436
145.040	98.600	189.423
145.072	98.674	189.401
145.093	98.758	189.376
145.115	98.857	189.356
145.142	98.941	189.326
145.172	99.063	189.285
145.200	99.229	189.260
145.237	99.366	189.205
145.269	99.528	189.162
145.301	99.704	189.130
145.339	99.856	189.095
145.359	100.027	189.060
145.386	100.216	189.032
145.428	100.322	188.986
145.431	100.496	188.968
145.453	100.621	188.938
145.460	100.712	188.912
145.448	100.723	188.895
145.434	100.698	188.914
145.407	100.647	188.955
145.409	100.556	188.978
145.385	100.510	189.016
145.371	100.399	189.028
145.359	100.298	189.045
145.338	100.182	189.069
145.318	100.045	189.101
145.292	99.939	189.139
145.269	99.802	189.172
145.246	99.645	189.209
145.200	99.507	189.236
145.174	99.383	189.282
145.146	99.230	189.317
145.117	99.112	189.343
145.097	99.004	189.374
145.067	98.893	189.392
145.055	98.783	189.415
145.022	98.719	189.429
145.012	98.636	189.456
145.000	98.567	189.471
144.986	98.538	189.465
144.975	98.531	189.460
144.998	98.522	189.461
145.003	98.541	189.456
145.033	98.573	189.434
145.058	98.622	189.413
145.078	98.703	189.401
145.102	98.790	189.374
145.140	98.878	189.347
145.148	98.992	189.311
145.179	99.107	189.275
145.210	99.249	189.236
145.241	99.409	189.192
145.288	99.578	189.150
145.312	99.735	189.119
145.344	99.896	189.078
145.373	100.084	189.051
145.380	100.258	189.021
145.421	100.387	188.986
145.428	100.517	188.963
145.462	100.625	188.928
145.450	100.742	188.916
145.458	100.697	188.880
145.413	100.709	188.925
145.413	100.622	188.960
145.397	100.575	188.998
145.370	100.500	189.013
145.388	100.346	189.023
145.369	100.270	189.045
145.333	100.164	189.068
145.315	100.038	189.104
145.276	99.927	189.146
145.254	99.777	189.178
145.232	99.634	189.212
145.195	99.478	189.248
145.169	99.347	189.282
145.143	99.203	189.316
145.118	99.092	189.341
145.090	98.988	189.372
145.060	98.887	189.398
145.039	98.781	189.415
145.026	98.697	189.432
145.004	98.623	189.457
144.998	98.555	189.458
144.996	98.531	189.464
144.994	98.515	189.467
145.002	98.520	189.451
145.015	98.540	189.442
145.030	98.577	189.433
145.047	98.639	189.415
145.070	98.713	189.396
145.097	98.808	189.363
145.124	98.885	189.338
145.149	98.989	189.310
145.178	99.138	189.276
145.212	99.292	189.228
145.247	99.427	189.186
145.290	99.595	189.144
145.311	99.776	189.116
145.348	99.922	189.074
145.382	100.092	189.043
145.389	100.259	189.021
145.406	100.400	188.993
145.434	100.552	188.963
145.449	100.658	188.929
145.456	100.713	188.903
145.453	100.707	188.888
145.454	100.645	188.917
145.421	100.601	188.959
145.402	100.550	188.999
145.376	100.470	189.012
145.362	100.359	189.033
145.347	100.272	189.045
145.332	100.150	189.074
145.311	100.008	189.107
145.274	99.917	189.149
145.252	99.764	189.185
145.220	99.590	189.206
145.185	99.483	189.251
145.168	99.338	189.291
145.140	99.182	189.318
145.115	99.089	189.349
145.089	98.970	189.370
145.053	98.857	189.400
145.035	98.763	189.421
145.033	98.677	189.437
145.006	98.611	189.444
144.995	98.580	189.464
144.997	98.525	189.461
144.996	98.504	189.459
145.007	98.514	189.449
145.024	98.547	189.446
145.039	98.589	189.427
145.059	98.640	189.406
145.068	98.724	189.390
145.102	98.799	189.366
145.129	98.908	189.332
145.159	99.008	189.303
145.186	99.159	189.272
145.212	99.306	189.227
145.252	99.425	189.179
145.273	99.613	189.148
145.316	99.774	189.114
145.352	99.919	189.072
145.381	100.101	189.034
145.405	100.237	189.006
145.418	100.386	188.985
145.443	100.532	188.949
145.463	100.655	188.933
145.463	100.723	188.902
145.464	100.677	188.887
145.435	100.694	188.925
145.412	100.617	188.959
145.398	100.552	188.995
145.375	100.494	189.020
145.379	100.363	189.028
145.362	100.240	189.045
145.319	100.158	189.079
145.314	100.011	189.105
145.272	99.890	189.150
145.270	99.742	189.174
145.228	99.597	189.214
145.192	99.476	189.256
145.160	99.315	189.292
145.132	99.178	189.325
145.113	99.046	189.353
145.092	98.955	189.377
145.053	98.863	189.402
145.034	98.769	189.417
145.016	98.681	189.444
145.000	98.599	189.461
145.003	98.555	189.463
144.984	98.531	189.463
144.990	98.513	189.465
145.010	98.516	189.455
145.009	98.526	189.452
145.034	98.581	189.422
145.051	98.639	189.409
145.068	98.722	189.393
145.089	98.811	189.373
145.121	98.883	189.341
145.157	99.008	189.304
145.183	99.158	189.277
145.214	99.308	189.226
145.245	99.445	189.189
145.284	99.618	189.143
145.311	99.805	189.121
145.356	99.959	189.073
145.372	100.114	189.042
145.395	100.259	189.014
145.425	100.415	188.976
145.438	100.542	188.957
145.451	100.651	188.924
145.459	100.689	188.884
145.447	100.700	188.902
145.417	100.673	188.944
145.403	100.605	188.977
145.395	100.524	189.001
145.369	100.445	189.020
145.362	100.341	189.031
145.350	100.234	189.059
145.324	100.137	189.088
145.302	100.003	189.122
145.275	99.843	189.159
145.254	99.715	189.183
145.221	99.585	189.222
145.176	99.440	189.263
145.160	99.278	189.305
145.132	99.168	189.328
145.113	99.052	189.354
145.070	98.943	189.386
145.053	98.834	189.406
145.027	98.761	189.428
145.019	98.660	189.447
145.011	98.591	189.463
144.991	98.551	189.476
144.989	98.527	189.467
144.997	98.517	189.460
145.008	98.517	189.449
145.011	98.553	189.446
145.033	98.592	189.426
145.054	98.663	189.405
145.077	98.734	189.388
145.114	98.832	189.354
145.129	98.926	189.331
145.163	99.033	189.293
145.187	99.179	189.263
145.226	99.341	189.217
145.259	99.471	189.172
145.291	99.650	189.136
145.331	99.801	189.104
145.352	99.964	189.057
145.384	100.118	189.023
145.400	100.290	189.003
145.429	100.448	188.977
145.453	100.569	188.942
145.457	100.702	188.922
145.443	100.714	188.897
145.436	100.684	188.907
145.415	100.670	188.943
145.401	100.578	188.979
145.394	100.502	188.998
145.375	100.421	189.016
145.371	100.307	189.029
145.345	100.232	189.062
145.308	100.114	189.095
145.297	99.974	189.127
145.268	99.822	189.162
145.228	99.705	189.198
145.212	99.558	189.226
145.183	99.429	189.266
145.156	99.278	189.302
145.134	99.148	189.321
145.113	99.045	189.353
145.072	98.930	189.388
145.050	98.823	189.405
145.030	98.733	189.427
145.006	98.658	189.453
144.991	98.597	189.455
144.981	98.564	189.463
145.000	98.524	189.460
144.992	98.525	189.461
145.009	98.535	189.460
145.024	98.547	189.441
145.037	98.614	189.426
145.059	98.669	189.401
145.087	98.737	189.375
145.115	98.838	189.354
145.139	98.941	189.322
145.163	99.063	189.295
145.194	99.202	189.258
145.241	99.344	189.211
145.265	99.504	189.167
145.301	99.675	189.130
145.333	99.819	189.096
145.367	100.004	189.063
145.380	100.175	189.032
145.402	100.346	189.004
145.426	100.445	188.968
145.453	100.574	188.947
145.473	100.677	188.919
145.464	100.700	188.883
145.441	100.715	188.910
145.418	100.651	188.944
145.392	100.610	188.974
145.389	100.525	189.013
145.387	100.414	189.018
145.362	100.332	189.027
145.335	100.204	189.065
145.332	100.095	189.086
145.298	99.978	189.120
145.271	99.832	189.165
145.247	99.686	189.195
145.207	99.554	189.228
145.187	99.411	189.271
145.156	99.278	189.303
145.134	99.131	189.331
145.104	99.024	189.360
145.074	98.907	189.391
145.048	98.827	189.412
145.037	98.717	189.417
145.015	98.643	189.440
144.999	98.585	189.466
144.981	98.538	189.476
144.991	98.523	189.467
145.000	98.503	189.461
144.998	98.523	189.454
145.028	98.539	189.441
145.041	98.605	189.416
145.071	98.654	189.401
145.079	98.756	189.378
145.121	98.836	189.347
145.136	98.953	189.329
145.168	99.061	189.291
145.190	99.215	189.261
145.228	99.350	189.210
145.262	99.503	189.169
145.303	99.680	189.133
145.335	99.829	189.095
145.358	100.025	189.061
145.390	100.159	189.032
145.408	100.319	188.997
145.433	100.473	188.971
145.451	100.618	188.950
145.467	100.690	188.918
145.460	100.700	188.893
145.426	100.713	188.918
145.402	100.665	188.963
145.386	100.605	188.998
145.389	100.485	189.006
145.365	100.384	189.027
145.349	100.302	189.043
145.341	100.200	189.068
145.315	100.045	189.103
145.282	99.945	189.130
145.247	99.804	189.174
145.231	99.642	189.204
145.196	99.505	189.234
145.167	99.374	189.274
145.152	99.226	189.310
145.118	99.102	189.345
145.092	98.990	189.370
145.060	98.914	189.398
145.050	98.793	189.414
145.016	98.712	189.432
144.995	98.639	189.441
144.997	98.582	189.467
145.001	98.530	189.468
145.003	98.504	189.459
145.010	98.510	189.459
145.007	98.536	189.450
145.038	98.564	189.442
145.051	98.622	189.417
145.076	98.683	189.401
145.099	98.775	189.370
145.121	98.870	189.346
145.146	98.969	189.310
145.177	99.108	189.283
145.201	99.264	189.250
145.243	99.392	189.199
145.271	99.551	189.152
145.292	99.733	189.122
145.323	99.891	189.091
145.366	100.052	189.059
145.387	100.215	189.024
145.397	100.387	189.000
145.424	100.507	188.969
145.465	100.601	188.934
145.467	100.701	188.913
145.455	100.693	188.884
145.449	100.688	188.911
145.428	100.620	188.952
145.395	100.580	188.990
145.390	100.487	189.012
145.371	100.351	189.016
145.356	100.299	189.049
145.334	100.175	189.078
145.297	100.072	189.103
145.275	99.933	189.142
145.257	99.792	189.171
145.236	99.625	189.204
145.201	99.491	189.232
145.178	99.362	189.280
145.144	99.214	189.309
145.113	99.083	189.346
145.088	98.996	189.370
145.065	98.872	189.394
145.034	98.798	189.411
145.023	98.700	189.441
145.016	98.621	189.445
144.987	98.574	189.463
145.013	98.531	189.457
144.989	98.500	189.458
145.001	98.516	189.467
145.006	98.537	189.462
145.024	98.579	189.441
145.052	98.623	189.418
145.073	98.694	189.398
145.091	98.783	189.364
145.117	98.864	189.338
145.142	98.970	189.314
145.178	99.105	189.276
145.208	99.261	189.238
145.246	99.399	189.180
145.268	99.599	189.162
145.316	99.738	189.118
145.342	99.895	189.083
145.363	100.067	189.046
145.398	100.230	189.022
145.417	100.378	188.989
145.435	100.506	188.963
145.457	100.627	188.930
145.467	100.691	188.908
145.411	100.770	188.908
145.440	100.675	188.917
145.425	100.599	188.957
145.401	100.562	188.995
145.401	100.472	189.009
145.376	100.366	189.028
145.362	100.256	189.045
145.332	100.153	189.077
145.301	100.038	189.109
145.277	99.910	189.144
145.256	99.755	189.177
145.219	99.624	189.210
145.187	99.477	189.250
145.166	99.336	189.289
145.134	99.201	189.312
145.116	99.074	189.349
145.089	98.972	189.375
145.056	98.876	189.399
145.042	98.776	189.416
145.007	98.687	189.438
145.011	98.631	189.459
145.007	98.562	189.464
144.975	98.542	189.470
144.995	98.505	189.466
144.998	98.524	189.460
145.016	98.541	189.437
145.027	98.581	189.440
145.052	98.649	189.416
145.078	98.718	189.396
145.091	98.794	189.366
145.129	98.887	189.342
145.159	99.011	189.311
145.172	99.141	189.275
145.212	99.275	189.229
145.239	99.430	189.190
145.279	99.613	189.154
145.306	99.784	189.117
145.339	99.956	189.081
145.368	100.106	189.045
145.400	100.258	189.012
145.420	100.412	188.988
145.438	100.546	188.955
145.450	100.657	188.930
145.446	100.738	188.903
145.448	100.706	188.895
145.418	100.681	188.930
145.397	100.626	188.973
145.388	100.555	189.007
145.376	100.471	189.018
145.368	100.348	189.025
145.351	100.246	189.053
145.335	100.144	189.088
145.297	100.014	189.125
145.291	99.880	189.141
145.243	99.751	189.188
145.209	99.607	189.214
145.190	99.438	189.251
145.148	99.331	189.292
145.129	99.168	189.320
145.107	99.055	189.352
145.075	98.958	189.379
145.055	98.854	189.405
145.026	98.752	189.423
145.003	98.682	189.443
144.996	98.601	189.441
144.992	98.553	189.468
144.996	98.514	189.469
145.002	98.518	189.458
145.000	98.521	189.455
145.022	98.544	189.442
145.029	98.573	189.430
145.056	98.630	189.420
145.078	98.720	189.381
145.104	98.806	189.362
145.127	98.902	189.337
145.155	99.016	189.302
145.190	99.167	189.266
145.212	99.308	189.219
145.243	99.475	189.181
145.275	99.635	189.142
145.308	99.792	189.109
145.345	99.961	189.077
145.373	100.114	189.036
145.409	100.261	189.004
145.419	100.412	188.975
145.444	100.541	188.948
145.473	100.626	188.912
145.462	100.723	188.900
145.438	100.713	188.897
145.430	100.666	188.932
145.422	100.604	188.966
145.390	100.543	188.997
145.358	100.470	189.018
145.363	100.353	189.027
145.339	100.245	189.059
145.311	100.133	189.085
145.305	100.004	189.118
145.265	99.891	189.155
145.240	99.733	189.190
145.226	99.582	189.215
145.184	99.443	189.258
145.158	99.316	189.290
145.135	99.173	189.321
145.104	99.057	189.354
145.072	98.946	189.388
145.057	98.841	189.407
145.023	98.764	189.426
145.021	98.662	189.440
145.008	98.592	189.451
145.009	98.549	189.464
144.985	98.513	189.468
144.999	98.508	189.454
145.017	98.506	189.457
145.020	98.544	189.445
145.037	98.573	189.435
145.054	98.651	189.406
145.084	98.723	189.382
145.105	98.821	189.362
145.134	98.924	189.330
145.157	99.027	189.292
145.187	99.169	189.253
145.229	99.334	189.222
145.256	99.474	189.178
145.292	99.658	189.137
145.324	99.840	189.106
145.350	99.977	189.068
145.388	100.135	189.031
145.397	100.309	189.005
145.425	100.442	188.966
145.455	100.579	188.946
145.462	100.670	188.921
145.463	100.715	188.887
145.451	100.690	188.901
145.412	100.647	188.952
145.400	100.604	188.982
145.392	100.507	189.000
145.380	100.423	189.020
145.373	100.310	189.033
145.341	100.199	189.060
145.316	100.113	189.084
145.290	99.974	189.133
145.272	99.835	189.168
145.244	99.684	189.195
145.210	99.532	189.229
145.176	99.415	189.268
145.156	99.258	189.306
145.132	99.125	189.328
145.098	99.027	189.357
145.080	98.915	189.390
145.051	98.822	189.412
145.017	98.724	189.428
145.011	98.645	189.447
144.997	98.597	189.467
144.986	98.544	189.469
144.998	98.505	189.461
144.995	98.508	189.454
145.008	98.515	189.454
145.023	98.541	189.439
145.042	98.602	189.417
145.061	98.672	189.404
145.082	98.754	189.377
145.109	98.838	189.353
145.148	98.951	189.323
145.169	99.062	189.288
145.188	99.223	189.258
145.225	99.377	189.205
145.258	99.522	189.170
145.293	99.694	189.133
145.328	99.826	189.097
145.356	100.000	189.062
145.387	100.169	189.024
145.408	100.330	189.000
145.428	100.478	188.970
145.456	100.581	188.936
145.464	100.676	188.915
145.460	100.674	188.880
145.428	100.701	188.913
145.411	100.661	188.957
145.400	100.596	188.985
145.386	100.510	189.005
145.374	100.401	189.021
145.364	100.315	189.039
145.344	100.175	189.060
145.315	100.072	189.090
145.285	99.955	189.131
145.259	99.803	189.164
145.231	99.642	189.201
145.206	99.529	189.226
145.174	99.391	189.270
145.151	99.255	189.310
145.118	99.108	189.333
145.085	99.016	189.372
145.067	98.914	189.392
145.050	98.813	189.410
145.024	98.715	189.423
145.006	98.636	189.459
145.001	98.575	189.462
145.003	98.540	189.463
144.992	98.520	189.459
144.987	98.526	189.457
145.007	98.520	189.450
145.025	98.556	189.442
145.047	98.597	189.420
145.072	98.677	189.397
145.096	98.755	189.384
145.116	98.859	189.348
145.146	98.958	189.317
145.165	99.072	189.290
145.209	99.232	189.250
145.238	99.378	189.198
145.272	99.546	189.163
145.297	99.711	189.127
145.331	99.880	189.090
145.353	100.070	189.057
145.394	100.170	189.026
145.411	100.353	188.995
145.437	100.479	188.964
145.457	100.619	188.931
145.461	100.676	188.910
145.449	100.711	188.887
145.433	100.694	188.915
145.404	100.654	188.960
145.409	100.560	188.987
145.387	100.480	189.007
145.380	100.347	189.017
145.352	100.260	189.041
145.341	100.166	189.067
145.314	100.042	189.099
145.287	99.923	189.133
145.256	99.773	189.179
145.237	99.616	189.206
145.204	99.494	189.236
145.171	99.358	189.282
145.151	99.222	189.309
145.123	99.091	189.343
145.092	98.996	189.373
145.062	98.897	189.396
145.040	98.783	189.407
145.019	98.709	189.422
145.008	98.615	189.459
144.999	98.548	189.462
144.994	98.512	189.463
144.997	98.527	189.450
145.006	98.519	189.458
145.015	98.530	189.448
145.027	98.556	189.433
145.048	98.622	189.415
145.079	98.694	189.395
145.099	98.776	189.372
145.140	98.876	189.343
145.138	98.974	189.308
145.170	99.102	189.279
145.208	99.258	189.232
145.244	99.426	189.191
145.273	99.593	189.148
145.304	99.759	189.129
145.354	99.898	189.084
145.376	100.083	189.041
145.398	100.222	189.012
145.412	100.380	188.990
145.452	100.506	188.960
145.447	100.620	188.934
145.467	100.694	188.899
145.464	100.690	188.884
145.436	100.657	188.923
145.396	100.633	188.972
145.396	100.558	189.001
145.375	100.476	189.016
145.370	100.340	189.026
145.341	100.258	189.045
145.327	100.177	189.077
145.307	100.028	189.115
145.290	99.890	189.141
145.271	99.745	189.180
145.217	99.629	189.216
145.193	99.466	189.244
145.169	99.329	189.282
145.144	99.201	189.316
145.116	99.077	189.346
145.090	98.963	189.379
145.069	98.867	189.395
145.033	98.769	189.424
145.021	98.689	189.444
145.000	98.627	189.450
144.992	98.576	189.466
144.995	98.511	189.467
145.000	98.509	189.458
145.004	98.534	189.459
145.015	98.529	189.445
145.031	98.576	189.430
145.054	98.638	189.411
145.072	98.723	189.388
145.093	98.806	189.367
145.126	98.907	189.345
145.162	99.014	189.307
145.181	99.143	189.275
145.224	99.298	189.232
145.243	99.440	189.186
145.281	99.602	189.150
145.301	99.781	189.117
145.343	99.932	189.072
145.361	100.118	189.047
145.396	100.254	189.009
145.427	100.393	188.987
145.448	100.514	188.941
145.460	100.653	188.922
145.450	100.718	188.899
145.448	100.695	188.894
145.430	100.684	188.933
145.400	100.633	188.972
145.399	100.531	188.993
145.371	100.480	189.013
145.375	100.345	189.035
145.335	100.281	189.053
145.316	100.156	189.082
145.305	99.999	189.110
145.273	99.895	189.149
145.261	99.734	189.182
145.221	99.600	189.214
145.194	99.484	189.249
145.163	99.323	189.290
145.134	99.179	189.313
145.102	99.073	189.345
145.085	98.977	189.375
145.052	98.870	189.400
145.036	98.774	189.423
145.027	98.683	189.438
145.013	98.607	189.457
145.007	98.556	189.459
144.987	98.535	189.458
145.000	98.516	189.460
145.007	98.526	189.452
145.012	98.565	189.442
145.032	98.585	189.430
145.051	98.645	189.408
145.074	98.726	189.374
145.106	98.826	189.364
145.126	98.898	189.330
145.158	99.029	189.303
145.187	99.168	189.265
145.217	99.317	189.222
145.249	99.444	189.182
145.288	99.637	189.139
145.319	99.802	189.106
145.347	99.963	189.072
145.376	100.099	189.041
145.394	100.293	189.013
145.426	100.406	188.983
145.448	100.560	188.949
145.463	100.666	188.921
145.463	100.706	188.893
145.437	100.693	188.894
145.421	100.668	188.932
145.394	100.638	188.980
145.386	100.534	189.007
145.372	100.446	189.016
145.375	100.350	189.035
145.344	100.268	189.062
145.324	100.121	189.077
145.306	99.977	189.111
145.289	99.869	189.150
145.241	99.723	189.190
145.211	99.593	189.220
145.196	99.442	189.252
145.160	99.310	189.300
145.132	99.161	189.321
145.111	99.055	189.352
145.085	98.934	189.377
