NO_OF_FRAMES	5000
NO_OF_DATA_TYPES	3
FREQUENCY	500
TIME_STAMP	2026-06-08, 10:04:09
DATA_INCLUDED	Position
DATA_TYPES	Unidentified [1377430]_pos_X	Unidentified [1377430]_pos_Y	Unidentified [1377430]_pos_Z


259.923	-15.802	155.741
259.950	-16.134	155.810
260.004	-15.984	155.851
259.933	-15.903	155.891
259.883	-15.678	155.864
259.847	-15.422	155.812
259.829	-15.128	155.784
259.838	-14.793	155.772
259.840	-14.415	155.747
259.821	-14.007	155.737
259.785	-13.557	155.712
259.762	-13.104	155.728
259.723	-12.633	155.738
259.682	-12.165	155.758
259.656	-11.698	155.804
259.637	-11.232	155.823
259.630	-10.789	155.858
259.620	-10.417	155.915
259.606	-10.088	155.955
259.603	-9.821	155.973
259.603	-9.647	155.999
259.603	-9.562	156.015
259.607	-9.577	156.012
259.603	-9.685	155.995
259.601	-9.883	155.963
259.616	-10.190	155.936
259.632	-10.576	155.888
259.652	-11.028	155.820
259.677	-11.563	155.770
259.708	-12.132	155.713
259.746	-12.737	155.697
259.782	-13.358	155.697
259.813	-13.985	155.720
259.822	-14.581	155.741
259.834	-15.145	155.767
259.865	-15.650	155.798
259.883	-16.080	155.834
259.960	-16.182	155.901
259.981	-15.996	155.920
259.934	-15.788	155.895
259.878	-15.533	155.842
259.859	-15.248	155.795
259.854	-14.946	155.782
259.850	-14.587	155.761
259.836	-14.202	155.738
259.819	-13.791	155.726
259.776	-13.350	155.700
259.746	-12.934	155.736
259.704	-12.478	155.739
259.683	-12.040	155.762
259.661	-11.616	155.810
259.647	-11.184	155.828
259.646	-10.804	155.877
259.637	-10.468	155.919
259.634	-10.192	155.947
259.633	-9.981	155.969
259.631	-9.850	155.979
259.628	-9.799	155.983
259.631	-9.861	155.987
259.640	-9.990	155.968
259.650	-10.228	155.955
259.659	-10.527	155.913
259.684	-10.927	155.875
259.700	-11.371	155.810
259.730	-11.892	155.757
259.751	-12.431	155.707
259.781	-13.020	155.707
259.804	-13.598	155.688
259.826	-14.206	155.730
259.843	-14.762	155.742
259.849	-15.277	155.759
259.868	-15.741	155.797
259.891	-16.121	155.809
259.944	-16.135	155.884
259.949	-15.964	155.896
259.900	-15.740	155.856
259.860	-15.498	155.815
259.839	-15.224	155.788
259.841	-14.894	155.755
259.845	-14.540	155.736
259.838	-14.156	155.741
259.811	-13.722	155.724
259.786	-13.269	155.723
259.747	-12.821	155.746
259.706	-12.336	155.746
259.683	-11.879	155.792
259.657	-11.422	155.824
259.649	-10.976	155.863
259.642	-10.579	155.912
259.622	-10.223	155.955
259.618	-9.924	155.979
259.618	-9.711	155.995
259.623	-9.595	156.025
259.623	-9.565	156.030
259.617	-9.621	156.011
259.613	-9.775	155.986
259.626	-10.040	155.956
259.636	-10.387	155.923
259.651	-10.794	155.851
259.666	-11.294	155.784
259.695	-11.862	155.743
259.730	-12.458	155.716
259.762	-13.070	155.705
259.794	-13.691	155.694
259.803	-14.306	155.722
259.819	-14.891	155.749
259.847	-15.428	155.786
259.868	-15.893	155.811
259.893	-16.248	155.861
259.979	-16.096	155.921
259.951	-15.898	155.902
259.894	-15.678	155.867
259.854	-15.411	155.823
259.846	-15.127	155.792
259.839	-14.784	155.759
259.839	-14.421	155.749
259.824	-14.020	155.729
259.789	-13.584	155.694
259.754	-13.159	155.717
259.724	-12.717	155.727
259.681	-12.255	155.733
259.675	-11.817	155.771
259.648	-11.404	155.816
259.643	-10.976	155.833
259.633	-10.620	155.878
259.630	-10.309	155.920
259.619	-10.060	155.940
259.618	-9.894	155.969
259.620	-9.808	155.979
259.619	-9.802	155.978
259.622	-9.902	155.975
259.630	-10.089	155.959
259.638	-10.358	155.938
259.657	-10.695	155.885
259.678	-11.129	155.842
259.708	-11.616	155.793
259.728	-12.146	155.744
259.769	-12.715	155.714
259.800	-13.309	155.715
259.818	-13.899	155.724
259.836	-14.462	155.743
259.844	-15.010	155.766
259.857	-15.505	155.798
259.886	-15.933	155.823
259.919	-16.234	155.857
259.965	-16.083	155.911
259.939	-15.890	155.894
259.884	-15.655	155.853
259.855	-15.398	155.807
259.845	-15.105	155.774
259.851	-14.771	155.764
259.850	-14.398	155.742
259.824	-13.989	155.738
259.802	-13.546	155.709
259.763	-13.099	155.723
259.728	-12.630	155.730
259.692	-12.169	155.758
259.668	-11.712	155.795
259.649	-11.262	155.824
259.646	-10.837	155.863
259.634	-10.465	155.916
259.621	-10.143	155.946
259.618	-9.881	155.973
259.620	-9.701	155.993
259.614	-9.636	156.021
259.617	-9.641	156.009
259.621	-9.737	155.989
259.623	-9.954	155.976
259.628	-10.241	155.939
259.654	-10.629	155.899
259.666	-11.070	155.830
259.695	-11.597	155.779
259.713	-12.150	155.725
259.753	-12.764	155.716
259.784	-13.367	155.697
259.806	-13.984	155.719
259.834	-14.579	155.738
259.847	-15.137	155.773
259.860	-15.646	155.809
259.881	-16.065	155.835
259.954	-16.181	155.894
259.983	-16.016	155.929
259.933	-15.796	155.894
259.877	-15.556	155.846
259.859	-15.295	155.813
259.852	-14.982	155.781
259.859	-14.633	155.758
259.834	-14.261	155.741
259.823	-13.861	155.736
259.781	-13.421	155.717
259.742	-12.989	155.728
259.711	-12.543	155.730
259.679	-12.107	155.759
259.656	-11.671	155.791
259.649	-11.250	155.819
259.641	-10.850	155.852
259.633	-10.507	155.897
259.622	-10.229	155.931
259.619	-10.012	155.952
259.614	-9.859	155.962
259.620	-9.798	155.964
259.618	-9.839	155.972
259.616	-9.956	155.957
259.628	-10.179	155.943
259.650	-10.471	155.915
259.667	-10.845	155.869
259.679	-11.292	155.807
259.716	-11.797	155.759
259.743	-12.340	155.717
259.772	-12.923	155.708
259.788	-13.495	155.689
259.815	-14.095	155.722
259.833	-14.660	155.742
259.838	-15.196	155.771
259.853	-15.647	155.787
259.875	-16.054	155.817
259.923	-16.183	155.890
259.938	-16.000	155.901
259.902	-15.797	155.872
259.855	-15.560	155.838
259.830	-15.285	155.788
259.833	-14.970	155.762
259.841	-14.616	155.739
259.832	-14.235	155.740
259.805	-13.807	155.722
259.779	-13.347	155.707
259.751	-12.901	155.720
259.709	-12.422	155.732
259.684	-11.952	155.763
259.653	-11.493	155.795
259.650	-11.048	155.834
259.652	-10.652	155.890
259.628	-10.282	155.930
259.627	-9.992	155.963
259.623	-9.761	155.983
259.632	-9.637	156.012
259.633	-9.584	156.007
259.629	-9.640	155.999
259.633	-9.795	155.985
259.640	-10.044	155.967
259.646	-10.376	155.924
259.660	-10.776	155.860
259.675	-11.270	155.805
259.708	-11.806	155.751
259.734	-12.400	155.716
259.764	-13.005	155.704
259.793	-13.621	155.696
259.811	-14.234	155.723
259.823	-14.818	155.744
259.835	-15.342	155.768
259.860	-15.828	155.803
259.884	-16.220	155.846
259.970	-16.106	155.897
259.957	-15.928	155.903
259.902	-15.699	155.857
259.855	-15.446	155.814
259.850	-15.161	155.779
259.858	-14.842	155.760
259.853	-14.481	155.740
259.832	-14.105	155.745
259.803	-13.672	155.717
259.768	-13.246	155.719
259.737	-12.804	155.736
259.698	-12.366	155.753
259.671	-11.917	155.776
259.662	-11.502	155.824
259.652	-11.075	155.841
259.649	-10.705	155.882
259.636	-10.394	155.928
259.638	-10.135	155.947
259.628	-9.949	155.965
259.626	-9.849	155.972
259.633	-9.835	155.975
259.625	-9.916	155.976
259.639	-10.090	155.964
259.644	-10.326	155.927
259.659	-10.671	155.896
259.668	-11.069	155.839
259.697	-11.549	155.796
259.729	-12.075	155.735
259.750	-12.629	155.709
259.777	-13.207	155.705
259.812	-13.814	155.725
259.827	-14.375	155.737
259.833	-14.936	155.772
259.852	-15.431	155.795
259.874	-15.876	155.825
259.903	-16.228	155.859
259.955	-16.114	155.922
259.942	-15.938	155.912
259.889	-15.708	155.867
259.854	-15.458	155.826
259.842	-15.185	155.804
259.847	-14.845	155.776
259.846	-14.480	155.753
259.829	-14.088	155.744
259.801	-13.654	155.722
259.764	-13.197	155.724
259.735	-12.752	155.744
259.688	-12.269	155.741
259.669	-11.820	155.786
259.645	-11.370	155.826
259.644	-10.930	155.845
259.637	-10.545	155.892
259.623	-10.210	155.930
259.619	-9.934	155.949
259.614	-9.739	155.970
259.620	-9.639	155.991
259.617	-9.624	155.996
259.625	-9.725	155.989
259.616	-9.902	155.966
259.632	-10.182	155.939
259.645	-10.535	155.894
259.672	-10.977	155.847
259.683	-11.465	155.769
259.718	-12.023	155.722
259.748	-12.618	155.702
259.779	-13.224	155.698
259.810	-13.857	155.723
259.827	-14.445	155.736
259.831	-15.011	155.758
259.848	-15.527	155.797
259.879	-15.967	155.812
259.930	-16.223	155.890
259.974	-16.040	155.922
259.932	-15.833	155.889
259.879	-15.609	155.866
259.846	-15.339	155.814
259.842	-15.034	155.777
259.841	-14.704	155.764
259.834	-14.338	155.749
259.806	-13.933	155.734
259.776	-13.503	155.715
259.738	-13.063	155.712
259.712	-12.639	155.742
259.675	-12.195	155.756
259.658	-11.769	155.789
259.644	-11.350	155.821
259.635	-10.949	155.851
259.631	-10.597	155.896
259.623	-10.299	155.921
259.616	-10.082	155.951
259.615	-9.926	155.967
259.617	-9.847	155.968
259.614	-9.856	155.961
259.626	-9.977	155.960
259.634	-10.171	155.952
259.639	-10.429	155.912
259.656	-10.800	155.877
259.671	-11.220	155.818
259.701	-11.704	155.761
259.725	-12.235	155.710
259.767	-12.822	155.709
259.784	-13.393	155.695
259.803	-13.981	155.717
259.819	-14.555	155.733
259.833	-15.097	155.764
259.848	-15.570	155.792
259.875	-15.992	155.819
259.916	-16.230	155.881
259.951	-16.052	155.917
259.919	-15.853	155.885
259.874	-15.617	155.844
259.841	-15.356	155.805
259.839	-15.057	155.785
259.849	-14.707	155.757
259.844	-14.346	155.759
259.818	-13.910	155.727
259.802	-13.479	155.730
259.771	-13.030	155.739
259.724	-12.561	155.751
259.691	-12.089	155.769
259.669	-11.631	155.806
259.659	-11.179	155.836
259.642	-10.749	155.875
259.641	-10.392	155.933
259.629	-10.073	155.958
259.625	-9.817	155.973
259.625	-9.658	156.001
259.632	-9.594	156.011
259.631	-9.623	156.007
259.631	-9.727	155.986
259.631	-9.952	155.962
259.637	-10.258	155.929
259.656	-10.654	155.878
259.674	-11.122	155.820
259.706	-11.655	155.766
259.733	-12.232	155.721
259.764	-12.834	155.701
259.797	-13.446	155.694
259.821	-14.077	155.724
259.835	-14.663	155.740
259.844	-15.222	155.771
259.867	-15.713	155.801
259.890	-16.137	155.837
259.971	-16.168	155.907
259.976	-15.977	155.913
259.918	-15.762	155.876
259.878	-15.524	155.842
259.852	-15.249	155.798
259.853	-14.921	155.763
259.862	-14.586	155.752
259.843	-14.205	155.744
259.816	-13.788	155.725
259.779	-13.353	155.707
259.740	-12.915	155.724
259.704	-12.480	155.750
259.668	-12.030	155.765
259.651	-11.602	155.813
259.640	-11.170	155.830
259.639	-10.791	155.876
259.634	-10.460	155.914
259.621	-10.186	155.943
259.620	-9.977	155.963
259.621	-9.844	155.972
259.622	-9.816	155.980
259.622	-9.864	155.971
259.626	-10.011	155.966
259.634	-10.234	155.937
259.648	-10.559	155.914
259.662	-10.946	155.863
259.682	-11.410	155.801
259.716	-11.923	155.753
259.740	-12.483	155.724
259.766	-13.055	155.703
259.788	-13.657	155.712
259.819	-14.243	155.739
259.821	-14.808	155.765
259.833	-15.314	155.777
259.861	-15.780	155.812
259.883	-16.161	155.839
259.937	-16.152	155.902
259.928	-15.976	155.903
259.884	-15.754	155.861
259.848	-15.523	155.833
259.823	-15.245	155.785
259.821	-14.912	155.763
259.829	-14.553	155.735
259.821	-14.175	155.745
259.792	-13.738	155.727
259.767	-13.289	155.721
259.731	-12.835	155.737
259.691	-12.356	155.738
259.662	-11.891	155.771
259.643	-11.443	155.803
259.634	-10.988	155.836
259.628	-10.612	155.907
259.615	-10.252	155.935
259.615	-9.967	155.971
259.610	-9.748	155.980
259.616	-9.632	156.001
259.618	-9.607	156.008
259.619	-9.681	155.997
259.619	-9.837	155.968
259.628	-10.097	155.948
259.642	-10.452	155.911
259.663	-10.874	155.847
259.680	-11.376	155.790
259.721	-11.932	155.752
259.746	-12.519	155.718
259.775	-13.117	155.695
259.805	-13.755	155.716
259.829	-14.350	155.732
259.840	-14.942	155.768
259.856	-15.461	155.798
259.878	-15.905	155.819
259.919	-16.214	155.866
259.989	-16.052	155.923
259.949	-15.850	155.897
259.896	-15.636	155.875
259.864	-15.359	155.819
259.852	-15.066	155.783
259.861	-14.726	155.760
259.846	-14.370	155.756
259.831	-13.967	155.731
259.795	-13.541	155.702
259.755	-13.117	155.725
259.719	-12.672	155.728
259.690	-12.235	155.752
259.667	-11.801	155.787
259.652	-11.376	155.812
259.654	-10.979	155.849
259.641	-10.628	155.890
259.633	-10.311	155.918
259.631	-10.078	155.950
259.629	-9.903	155.960
259.624	-9.814	155.969
259.635	-9.822	155.968
259.631	-9.922	155.969
259.641	-10.107	155.951
259.643	-10.369	155.928
259.661	-10.711	155.882
259.681	-11.125	155.823
259.709	-11.626	155.785
259.729	-12.143	155.724
259.764	-12.718	155.708
259.794	-13.299	155.699
259.812	-13.896	155.711
259.827	-14.457	155.732
259.832	-14.996	155.753
259.852	-15.497	155.786
259.875	-15.912	155.805
259.905	-16.229	155.862
259.951	-16.067	155.911
259.928	-15.881	155.891
259.877	-15.650	155.856
259.851	-15.389	155.805
259.841	-15.098	155.778
259.836	-14.758	155.769
259.836	-14.385	155.747
259.822	-13.986	155.745
259.795	-13.530	155.717
259.759	-13.086	155.736
259.729	-12.629	155.749
259.696	-12.154	155.766
259.672	-11.703	155.810
259.644	-11.241	155.830
259.643	-10.810	155.869
259.628	-10.436	155.928
259.620	-10.114	155.958
259.612	-9.857	155.985
259.620	-9.689	156.012
259.620	-9.604	156.019
259.615	-9.615	156.009
259.615	-9.718	155.993
259.615	-9.926	155.962
259.622	-10.229	155.934
259.641	-10.602	155.876
259.662	-11.069	155.818
259.687	-11.595	155.769
259.706	-12.158	155.712
259.751	-12.777	155.706
259.774	-13.381	155.682
259.802	-14.002	155.703
259.821	-14.601	155.732
259.835	-15.163	155.761
259.848	-15.661	155.792
259.871	-16.094	155.825
259.954	-16.184	155.896
259.977	-16.000	155.909
259.930	-15.796	155.885
259.875	-15.544	155.840
259.850	-15.281	155.806
259.859	-14.975	155.780
259.857	-14.615	155.751
259.834	-14.233	155.741
259.817	-13.830	155.737
259.780	-13.396	155.716
259.743	-12.954	155.730
259.710	-12.509	155.744
259.676	-12.056	155.755
259.657	-11.633	155.809
259.645	-11.212	155.837
259.638	-10.814	155.872
259.635	-10.469	155.907
259.623	-10.195	155.945
259.622	-9.979	155.967
259.613	-9.841	155.978
259.616	-9.792	155.984
259.621	-9.836	155.982
259.624	-9.980	155.970
259.635	-10.211	155.961
259.658	-10.520	155.927
259.669	-10.890	155.866
259.679	-11.350	155.807
259.715	-11.852	155.748
259.753	-12.426	155.728
259.777	-12.998	155.711
259.795	-13.574	155.687
259.824	-14.177	155.724
259.829	-14.751	155.754
259.845	-15.265	155.770
259.865	-15.724	155.792
259.891	-16.116	155.816
259.946	-16.170	155.895
259.954	-16.001	155.911
259.904	-15.782	155.868
259.860	-15.533	155.823
259.844	-15.263	155.793
259.839	-14.938	155.759
259.848	-14.585	155.741
259.826	-14.189	155.732
259.812	-13.765	155.726
259.787	-13.313	155.721
259.742	-12.853	155.733
259.707	-12.375	155.740
259.671	-11.901	155.772
259.650	-11.464	155.816
259.639	-10.999	155.838
259.638	-10.610	155.895
259.627	-10.258	155.934
259.622	-9.971	155.971
259.614	-9.743	155.984
259.617	-9.632	156.017
259.619	-9.596	156.020
259.626	-9.648	156.005
259.620	-9.802	155.981
259.627	-10.073	155.968
259.643	-10.401	155.922
259.658	-10.820	155.864
259.673	-11.322	155.806
259.706	-11.855	155.743
259.732	-12.445	155.718
259.767	-13.049	155.707
259.792	-13.668	155.709
259.815	-14.282	155.733
259.834	-14.855	155.760
259.848	-15.384	155.786
259.869	-15.851	155.817
259.891	-16.223	155.863
259.976	-16.089	155.908
259.954	-15.902	155.904
259.894	-15.678	155.864
259.849	-15.421	155.821
259.850	-15.133	155.787
259.849	-14.796	155.758
259.843	-14.422	155.729
259.822	-14.045	155.737
259.792	-13.609	155.702
259.760	-13.169	155.700
259.733	-12.739	155.726
259.692	-12.286	155.735
259.667	-11.838	155.769
259.650	-11.416	155.809
259.647	-10.993	155.837
259.631	-10.621	155.873
259.637	-10.317	155.921
259.629	-10.064	155.941
259.619	-9.884	155.965
259.631	-9.802	155.985
259.624	-9.788	155.980
259.626	-9.881	155.977
259.636	-10.059	155.952
259.632	-10.319	155.936
259.661	-10.670	155.890
259.679	-11.094	155.837
259.706	-11.583	155.789
259.729	-12.106	155.723
259.762	-12.682	155.702
259.792	-13.262	155.693
259.811	-13.879	155.721
259.837	-14.449	155.732
259.842	-15.003	155.760
259.851	-15.505	155.799
259.883	-15.923	155.816
259.912	-16.227	155.862
259.962	-16.072	155.916
259.936	-15.875	155.885
259.880	-15.647	155.849
259.856	-15.393	155.809
259.848	-15.107	155.787
259.852	-14.773	155.764
259.847	-14.392	155.738
259.824	-13.999	155.744
259.799	-13.542	155.705
259.761	-13.097	155.717
259.725	-12.640	155.731
259.693	-12.187	155.755
259.664	-11.738	155.800
259.649	-11.281	155.821
259.646	-10.856	155.858
259.634	-10.472	155.897
259.622	-10.171	155.949
259.615	-9.907	155.964
259.617	-9.741	155.998
259.619	-9.656	156.001
259.618	-9.670	156.005
259.620	-9.768	155.981
259.628	-9.976	155.965
259.631	-10.261	155.933
259.648	-10.639	155.888
259.664	-11.086	155.832
259.696	-11.603	155.773
259.719	-12.160	155.725
259.751	-12.764	155.713
259.772	-13.355	155.698
259.800	-13.976	155.721
259.830	-14.571	155.742
259.838	-15.125	155.772
259.853	-15.625	155.803
259.879	-16.046	155.828
259.943	-16.210	155.900
259.971	-16.028	155.919
259.932	-15.829	155.895
259.885	-15.585	155.854
259.852	-15.315	155.808
259.851	-15.008	155.782
259.850	-14.654	155.758
259.837	-14.269	155.737
259.819	-13.877	155.736
259.785	-13.437	155.713
259.746	-12.996	155.724
259.710	-12.547	155.734
259.683	-12.116	155.772
259.660	-11.686	155.803
259.645	-11.256	155.829
259.641	-10.849	155.859
259.635	-10.510	155.907
259.620	-10.212	155.928
259.620	-10.000	155.962
259.621	-9.843	155.964
259.623	-9.795	155.977
259.623	-9.831	155.972
259.623	-9.965	155.972
259.630	-10.183	155.953
259.644	-10.482	155.918
259.664	-10.854	155.867
259.679	-11.302	155.810
259.710	-11.815	155.761
259.740	-12.367	155.722
259.763	-12.950	155.711
259.788	-13.528	155.697
259.816	-14.127	155.723
259.829	-14.689	155.744
259.834	-15.215	155.774
259.859	-15.688	155.803
259.881	-16.083	155.819
259.938	-16.171	155.885
259.945	-16.001	155.907
259.908	-15.794	155.866
259.863	-15.556	155.832
259.835	-15.279	155.787
259.843	-14.971	155.766
259.847	-14.622	155.748
259.833	-14.236	155.741
259.814	-13.814	155.727
259.784	-13.354	155.707
259.746	-12.909	155.727
259.714	-12.437	155.738
259.679	-11.969	155.768
259.655	-11.513	155.805
259.645	-11.064	155.833
259.636	-10.661	155.881
259.621	-10.293	155.917
259.621	-10.011	155.953
259.623	-9.786	155.982
259.619	-9.641	156.000
259.621	-9.599	156.006
259.616	-9.654	156.003
259.627	-9.798	155.977
259.625	-10.040	155.953
259.642	-10.378	155.925
259.661	-10.793	155.874
259.678	-11.266	155.807
259.709	-11.803	155.744
259.739	-12.396	155.716
259.768	-13.008	155.716
259.789	-13.607	155.689
259.817	-14.236	155.736
259.824	-14.813	155.759
259.835	-15.347	155.776
259.867	-15.818	155.807
259.885	-16.213	155.841
259.968	-16.102	155.903
259.961	-15.921	155.896
259.898	-15.691	155.860
259.851	-15.438	155.819
259.843	-15.160	155.779
259.853	-14.833	155.757
259.843	-14.471	155.737
259.826	-14.087	155.726
259.808	-13.671	155.713
259.773	-13.237	155.715
259.728	-12.794	155.725
259.685	-12.350	155.738
259.676	-11.927	155.777
259.655	-11.492	155.809
259.646	-11.073	155.834
259.641	-10.704	155.881
259.633	-10.381	155.920
259.633	-10.137	155.955
259.627	-9.939	155.958
259.625	-9.828	155.974
259.627	-9.819	155.986
259.631	-9.890	155.973
259.632	-10.056	155.960
259.636	-10.306	155.936
259.653	-10.643	155.900
259.667	-11.036	155.843
259.702	-11.510	155.794
259.724	-12.054	155.748
259.755	-12.613	155.719
259.777	-13.176	155.697
259.805	-13.784	155.721
259.824	-14.356	155.739
259.828	-14.907	155.764
259.846	-15.410	155.792
259.873	-15.848	155.814
259.896	-16.212	155.846
259.955	-16.114	155.907
259.939	-15.934	155.900
259.894	-15.713	155.859
259.855	-15.461	155.813
259.841	-15.179	155.794
259.854	-14.851	155.770
259.857	-14.488	155.753
259.834	-14.092	155.750
259.815	-13.656	155.724
259.774	-13.184	155.715
259.744	-12.740	155.741
259.704	-12.272	155.764
259.670	-11.789	155.788
259.655	-11.340	155.820
259.651	-10.904	155.865
259.633	-10.497	155.899
259.626	-10.173	155.956
259.622	-9.879	155.970
259.622	-9.683	155.998
259.621	-9.581	156.018
259.625	-9.569	156.018
259.615	-9.640	155.990
259.620	-9.821	155.972
259.625	-10.103	155.943
259.644	-10.469	155.905
259.666	-10.917	155.852
259.676	-11.422	155.782
259.714	-11.989	155.732
259.742	-12.599	155.714
259.775	-13.201	155.697
259.802	-13.821	155.702
259.815	-14.434	155.728
259.830	-15.011	155.764
259.843	-15.529	155.797
259.872	-15.972	155.823
259.928	-16.230	155.891
259.977	-16.044	155.923
259.939	-15.844	155.909
259.887	-15.612	155.859
259.853	-15.341	155.815
259.847	-15.044	155.789
259.844	-14.704	155.766
259.830	-14.331	155.750
259.811	-13.926	155.732
259.778	-13.486	155.695
259.742	-13.054	155.717
259.710	-12.617	155.732
259.680	-12.182	155.765
259.657	-11.746	155.799
259.643	-11.316	155.817
259.626	-10.906	155.846
259.631	-10.563	155.894
259.624	-10.266	155.928
259.618	-10.049	155.961
259.611	-9.876	155.964
259.616	-9.807	155.976
259.611	-9.826	155.972
259.617	-9.931	155.954
259.626	-10.146	155.951
259.638	-10.425	155.920
259.659	-10.795	155.880
259.672	-11.231	155.814
259.709	-11.730	155.766
259.739	-12.276	155.721
259.768	-12.853	155.712
259.793	-13.421	155.691
259.801	-14.026	155.727
259.827	-14.582	155.735
259.834	-15.119	155.768
259.848	-15.601	155.801
259.870	-16.003	155.817
259.913	-16.220	155.890
259.952	-16.042	155.912
259.918	-15.852	155.883
259.873	-15.616	155.849
259.846	-15.344	155.805
259.843	-15.048	155.784
259.853	-14.692	155.759
259.842	-14.312	155.740
259.813	-13.883	155.726
259.794	-13.438	155.719
259.761	-12.991	155.741
259.721	-12.509	155.756
259.697	-12.037	155.782
259.668	-11.566	155.811
259.659	-11.109	155.845
259.645	-10.682	155.873
259.635	-10.325	155.939
259.632	-10.006	155.968
259.625	-9.755	155.978
259.631	-9.611	156.014
259.629	-9.545	156.015
259.629	-9.581	156.010
259.627	-9.711	155.991
259.628	-9.934	155.961
259.639	-10.272	155.940
259.662	-10.658	155.876
259.680	-11.135	155.810
259.702	-11.674	155.756
259.728	-12.254	155.716
259.772	-12.879	155.713
259.789	-13.477	155.683
259.820	-14.122	155.731
259.839	-14.712	155.753
259.849	-15.259	155.778
259.868	-15.744	155.803
259.889	-16.157	155.839
259.981	-16.132	155.912
259.978	-15.947	155.913
259.915	-15.726	155.886
259.872	-15.477	155.835
259.853	-15.205	155.808
259.860	-14.878	155.767
259.866	-14.533	155.758
259.836	-14.143	155.737
259.816	-13.741	155.728
259.771	-13.297	155.714
259.747	-12.865	155.730
259.702	-12.409	155.733
259.678	-11.973	155.766
259.663	-11.548	155.807
259.656	-11.128	155.837
259.642	-10.744	155.864
259.637	-10.419	155.909
259.637	-10.164	155.947
259.626	-9.963	155.967
259.622	-9.849	155.981
259.623	-9.819	155.980
259.622	-9.884	155.976
259.639	-10.048	155.971
259.637	-10.292	155.948
259.649	-10.607	155.899
259.678	-11.009	155.858
259.695	-11.483	155.806
259.726	-12.007	155.753
259.751	-12.562	155.717
259.782	-13.139	155.711
259.810	-13.736	155.713
259.820	-14.307	155.728
259.823	-14.861	155.748
259.838	-15.370	155.774
259.865	-15.816	155.808
259.889	-16.195	155.840
259.945	-16.141	155.913
259.935	-15.957	155.901
259.890	-15.743	155.864
259.848	-15.494	155.821
259.837	-15.212	155.793
259.829	-14.872	155.745
259.835	-14.519	155.741
259.823	-14.130	155.737
259.797	-13.703	155.731
259.761	-13.246	155.725
259.737	-12.800	155.746
259.684	-12.307	155.743
259.672	-11.857	155.791
259.646	-11.407	155.828
259.634	-10.948	155.849
259.627	-10.556	155.898
259.618	-10.216	155.943
259.615	-9.929	155.968
259.612	-9.717	155.986
259.610	-9.614	156.010
259.618	-9.596	156.017
259.621	-9.672	156.000
259.624	-9.841	155.982
259.629	-10.102	155.940
259.643	-10.462	155.911
259.658	-10.882	155.845
259.678	-11.394	155.784
259.709	-11.938	155.735
259.743	-12.543	155.709
259.761	-13.152	155.703
259.806	-13.785	155.724
259.820	-14.380	155.737
259.834	-14.945	155.756
259.852	-15.467	155.790
259.874	-15.922	155.819
259.912	-16.234	155.877
259.979	-16.073	155.930
259.941	-15.860	155.900
259.896	-15.639	155.865
259.849	-15.369	155.818
259.845	-15.078	155.787
259.850	-14.729	155.762
259.841	-14.365	155.743
259.815	-13.968	155.730
259.796	-13.537	155.703
259.755	-13.105	155.717
259.722	-12.661	155.725
259.683	-12.219	155.761
259.663	-11.772	155.776
259.651	-11.361	155.820
259.649	-10.936	155.843
259.641	-10.581	155.898
259.638	-10.272	155.931
259.630	-10.028	155.956
259.626	-9.846	155.958
259.629	-9.771	155.984
259.627	-9.774	155.980
259.636	-9.882	155.977
259.639	-10.085	155.975
259.641	-10.331	155.923
259.666	-10.681	155.879
259.683	-11.125	155.834
259.715	-11.612	155.778
259.732	-12.142	155.718
259.772	-12.731	155.723
259.794	-13.301	155.697
259.818	-13.907	155.717
259.832	-14.475	155.729
259.846	-15.027	155.760
259.858	-15.511	155.783
259.880	-15.941	155.814
259.913	-16.233	155.864
259.959	-16.083	155.918
259.928	-15.875	155.888
259.882	-15.645	155.853
259.850	-15.381	155.801
259.844	-15.097	155.781
259.848	-14.761	155.761
259.837	-14.385	155.748
259.823	-13.986	155.746
259.798	-13.529	155.716
259.759	-13.085	155.729
259.725	-12.622	155.743
259.692	-12.159	155.768
259.666	-11.705	155.807
259.643	-11.258	155.834
259.638	-10.826	155.868
259.633	-10.450	155.917
259.632	-10.140	155.962
259.630	-9.877	155.975
259.619	-9.719	156.004
259.625	-9.631	156.004
259.619	-9.632	155.988
259.627	-9.759	155.994
259.628	-9.963	155.965
259.633	-10.256	155.935
259.645	-10.629	155.884
259.668	-11.084	155.821
259.696	-11.624	155.778
259.724	-12.180	155.728
259.758	-12.789	155.713
259.783	-13.377	155.687
259.807	-14.004	155.719
259.830	-14.587	155.732
259.832	-15.136	155.761
259.854	-15.633	155.798
259.874	-16.057	155.822
259.943	-16.184	155.889
259.972	-16.003	155.911
259.929	-15.804	155.882
259.871	-15.562	155.840
259.855	-15.301	155.811
259.852	-14.978	155.768
259.849	-14.644	155.762
259.839	-14.257	155.736
259.819	-13.863	155.740
259.783	-13.420	155.724
259.748	-12.981	155.726
259.714	-12.538	155.745
259.679	-12.079	155.763
259.668	-11.658	155.804
259.645	-11.219	155.827
259.641	-10.826	155.870
259.634	-10.466	155.905
259.626	-10.185	155.942
259.627	-9.967	155.969
259.623	-9.819	155.983
259.622	-9.751	155.983
259.623	-9.790	155.987
259.626	-9.925	155.976
259.639	-10.142	155.956
259.642	-10.444	155.927
259.660	-10.818	155.867
259.684	-11.265	155.808
259.701	-11.770	155.745
259.742	-12.348	155.729
259.775	-12.927	155.716
259.791	-13.509	155.695
259.811	-14.112	155.725
259.830	-14.688	155.752
259.840	-15.214	155.766
259.858	-15.692	155.806
259.884	-16.090	155.820
259.936	-16.181	155.896
259.961	-16.018	155.921
259.909	-15.796	155.873
259.870	-15.562	155.839
259.839	-15.282	155.792
259.839	-14.970	155.767
259.844	-14.617	155.742
259.835	-14.233	155.735
259.810	-13.817	155.728
259.785	-13.372	155.720
259.746	-12.923	155.724
259.707	-12.466	155.747
259.681	-12.010	155.775
259.656	-11.554	155.807
259.643	-11.118	155.839
259.632	-10.699	155.866
259.625	-10.352	155.921
259.624	-10.065	155.964
259.617	-9.831	155.978
259.614	-9.689	155.993
259.617	-9.652	156.012
259.618	-9.695	155.998
259.620	-9.822	155.968
259.628	-10.072	155.961
259.637	-10.387	155.923
259.659	-10.786	155.863
259.672	-11.272	155.812
259.708	-11.799	155.759
259.731	-12.379	155.727
259.768	-12.973	155.712
259.791	-13.575	155.697
259.815	-14.190	155.732
259.833	-14.779	155.763
259.835	-15.304	155.782
259.867	-15.783	155.818
259.887	-16.186	155.847
259.969	-16.140	155.922
259.974	-15.954	155.915
259.912	-15.730	155.879
259.868	-15.488	155.842
259.853	-15.200	155.793
259.853	-14.869	155.765
259.853	-14.515	155.750
259.841	-14.133	155.738
259.810	-13.720	155.723
259.769	-13.274	155.709
259.735	-12.832	155.727
259.701	-12.373	155.740
259.675	-11.935	155.772
259.653	-11.495	155.805
259.652	-11.067	155.835
259.636	-10.686	155.877
259.632	-10.361	155.922
259.626	-10.083	155.948
259.624	-9.880	155.965
259.624	-9.758	155.978
259.622	-9.736	155.979
259.632	-9.795	155.974
259.633	-9.951	155.958
259.637	-10.202	155.943
259.654	-10.527	155.907
259.674	-10.927	155.853
259.694	-11.392	155.788
259.727	-11.930	155.745
259.749	-12.498	155.719
259.777	-13.070	155.699
259.805	-13.674	155.701
259.827	-14.263	155.729
259.832	-14.831	155.752
259.851	-15.341	155.781
259.868	-15.798	155.809
259.889	-16.179	155.842
259.962	-16.107	155.904
259.947	-15.933	155.907
259.897	-15.713	155.871
259.858	-15.454	155.817
259.846	-15.173	155.788
259.846	-14.844	155.767
259.841	-14.476	155.740
259.833	-14.092	155.743
259.805	-13.658	155.720
259.768	-13.202	155.719
259.735	-12.752	155.734
259.694	-12.285	155.754
259.670	-11.833	155.784
259.646	-11.390	155.824
259.638	-10.947	155.845
259.635	-10.572	155.898
259.617	-10.231	155.933
259.619	-9.969	155.968
259.620	-9.763	155.974
259.615	-9.666	156.001
259.622	-9.643	155.998
259.624	-9.730	155.987
259.620	-9.902	155.965
259.631	-10.176	155.940
259.649	-10.533	155.910
259.662	-10.949	155.841
259.684	-11.444	155.783
259.716	-11.991	155.727
259.735	-12.579	155.700
259.770	-13.191	155.702
259.795	-13.800	155.712
259.815	-14.392	155.728
259.830	-14.968	155.765
259.842	-15.476	155.784
259.866	-15.917	155.809
259.907	-16.243	155.869
259.970	-16.070	155.918
259.938	-15.891	155.900
259.883	-15.659	155.867
259.855	-15.389	155.816
259.848	-15.102	155.786
259.849	-14.773	155.769
259.841	-14.403	155.751
259.828	-14.013	155.748
259.795	-13.580	155.726
259.757	-13.126	155.715
259.729	-12.689	155.737
259.691	-12.231	155.752
259.676	-11.787	155.790
259.657	-11.350	155.813
259.648	-10.945	155.860
259.632	-10.565	155.892
259.625	-10.258	155.937
259.622	-10.013	155.962
259.619	-9.827	155.966
259.623	-9.745	155.978
259.627	-9.751	155.984
259.624	-9.850	155.971
259.626	-10.048	155.956
259.636	-10.325	155.934
259.658	-10.690	155.891
259.681	-11.129	155.832
259.698	-11.626	155.777
259.729	-12.173	155.728
259.768	-12.756	155.706
259.793	-13.354	155.697
259.815	-13.954	155.705
259.840	-14.541	155.730
259.837	-15.084	155.753
259.858	-15.590	155.801
259.877	-16.013	155.817
259.929	-16.217	155.881
259.974	-16.037	155.916
259.924	-15.832	155.883
259.881	-15.608	155.854
259.851	-15.325	155.799
259.849	-15.029	155.779
259.857	-14.673	155.750
259.838	-14.304	155.750
259.815	-13.888	155.728
259.794	-13.430	155.704
259.756	-12.989	155.716
259.709	-12.526	155.739
259.685	-12.068	155.759
259.658	-11.616	155.795
259.656	-11.178	155.828
259.637	-10.764	155.862
259.630	-10.402	155.913
259.622	-10.106	155.955
259.618	-9.860	155.976
259.616	-9.705	155.993
259.624	-9.648	156.010
259.627	-9.664	155.993
259.622	-9.797	155.977
259.625	-10.021	155.958
259.635	-10.324	155.924
259.657	-10.725	155.884
259.674	-11.187	155.816
259.707	-11.709	155.760
259.728	-12.277	155.722
259.761	-12.882	155.712
259.786	-13.490	155.709
259.813	-14.098	155.725
259.831	-14.685	155.747
259.834	-15.216	155.766
259.857	-15.709	155.804
259.876	-16.113	155.829
259.948	-16.149	155.884
259.961	-15.987	155.906
259.913	-15.772	155.874
259.861	-15.530	155.841
259.844	-15.272	155.808
259.848	-14.929	155.756
259.843	-14.585	155.747
259.832	-14.197	155.732
259.815	-13.778	155.718
259.775	-13.332	155.705
259.743	-12.908	155.734
259.700	-12.433	155.727
259.671	-11.993	155.769
259.657	-11.556	155.800
259.651	-11.118	155.825
259.639	-10.733	155.865
259.628	-10.393	155.911
259.626	-10.126	155.950
259.613	-9.894	155.955
259.618	-9.769	155.975
259.622	-9.728	155.981
259.622	-9.785	155.981
259.624	-9.923	155.957
259.632	-10.165	155.943
259.656	-10.497	155.917
259.670	-10.881	155.870
259.687	-11.359	155.804
259.714	-11.873	155.753
259.745	-12.445	155.721
259.768	-13.027	155.702
259.797	-13.619	155.691
259.820	-14.238	155.740
259.830	-14.793	155.755
259.843	-15.318	155.782
259.870	-15.768	155.800
259.888	-16.169	155.835
259.962	-16.134	155.907
259.952	-15.959	155.916
259.901	-15.725	155.865
259.862	-15.491	155.834
259.842	-15.201	155.792
259.853	-14.870	155.765
259.852	-14.513	155.749
259.843	-14.117	155.737
259.810	-13.673	155.712
259.776	-13.234	155.717
259.743	-12.778	155.731
259.695	-12.294	155.728
259.680	-11.852	155.785
259.658	-11.406	155.821
259.649	-10.954	155.845
259.643	-10.572	155.901
259.629	-10.235	155.939
259.623	-9.954	155.965
259.620	-9.752	155.982
259.623	-9.644	156.000
259.628	-9.626	156.002
259.624	-9.699	155.984
259.627	-9.864	155.966
259.636	-10.149	155.952
259.651	-10.496	155.910
259.663	-10.912	155.839
259.686	-11.424	155.792
259.714	-11.972	155.744
259.745	-12.561	155.709
259.767	-13.161	155.694
259.798	-13.793	155.718
259.820	-14.380	155.723
259.829	-14.956	155.765
259.851	-15.477	155.796
259.872	-15.912	155.810
259.906	-16.242	155.877
259.976	-16.071	155.920
259.941	-15.875	155.899
259.887	-15.651	155.868
259.852	-15.395	155.819
259.850	-15.103	155.793
259.843	-14.760	155.761
259.839	-14.394	155.743
259.827	-14.003	155.740
259.787	-13.572	155.709
259.759	-13.139	155.720
259.726	-12.687	155.726
259.682	-12.252	155.752
259.666	-11.806	155.790
259.648	-11.368	155.814
259.641	-10.940	155.842
259.630	-10.572	155.872
259.624	-10.266	155.927
259.619	-10.032	155.955
259.609	-9.846	155.965
259.613	-9.760	155.979
259.621	-9.780	155.988
259.616	-9.868	155.973
259.629	-10.064	155.957
259.632	-10.337	155.934
259.648	-10.687	155.878
259.672	-11.120	155.828
259.699	-11.633	155.785
259.723	-12.172	155.727
259.754	-12.753	155.703
259.787	-13.344	155.698
259.801	-13.941	155.710
259.819	-14.538	155.740
259.832	-15.081	155.764
259.849	-15.586	155.806
259.872	-16.007	155.826
259.925	-16.225	155.891
259.965	-16.043	155.918
259.924	-15.843	155.891
259.873	-15.605	155.857
259.846	-15.333	155.806
259.843	-15.037	155.785
259.850	-14.695	155.760
259.840	-14.309	155.745
259.812	-13.897	155.731
259.793	-13.453	155.714
259.755	-13.019	155.735
259.723	-12.549	155.738
259.690	-12.111	155.777
259.666	-11.656	155.811
259.654	-11.199	155.820
259.641	-10.789	155.861
259.630	-10.432	155.905
259.629	-10.135	155.948
259.626	-9.903	155.972
259.628	-9.746	155.984
259.627	-9.686	155.997
259.621	-9.710	155.989
259.628	-9.833	155.969
259.639	-10.060	155.954
259.644	-10.357	155.915
259.662	-10.752	155.875
259.682	-11.202	155.809
259.708	-11.725	155.755
259.732	-12.294	155.709
259.771	-12.890	155.708
259.798	-13.491	155.701
259.816	-14.098	155.720
259.835	-14.675	155.739
259.842	-15.222	155.776
259.864	-15.690	155.800
259.884	-16.101	155.819
259.962	-16.157	155.895
259.972	-15.974	155.908
259.922	-15.768	155.885
259.877	-15.529	155.840
259.855	-15.251	155.803
259.854	-14.933	155.772
259.866	-14.590	155.763
259.843	-14.197	155.745
259.815	-13.783	155.727
259.779	-13.344	155.717
259.748	-12.917	155.738
259.713	-12.452	155.741
259.676	-12.011	155.775
259.653	-11.565	155.799
259.653	-11.149	155.838
259.642	-10.756	155.874
259.633	-10.412	155.922
259.631	-10.130	155.953
259.619	-9.910	155.967
259.623	-9.782	155.978
259.625	-9.741	155.990
259.628	-9.790	155.978
259.627	-9.928	155.967
259.640	-10.166	155.952
259.640	-10.470	155.905
259.659	-10.864	155.857
259.677	-11.331	155.802
259.702	-11.837	155.742
259.742	-12.420	155.724
259.763	-12.994	155.702
259.787	-13.587	155.691
259.815	-14.201	155.732
259.819	-14.766	155.757
259.844	-15.285	155.776
259.858	-15.743	155.798
259.875	-16.132	155.824
259.952	-16.163	155.907
259.953	-15.983	155.913
259.898	-15.757	155.864
259.862	-15.519	155.828
259.842	-15.236	155.787
259.838	-14.928	155.767
259.846	-14.572	155.755
259.829	-14.188	155.744
259.800	-13.751	155.726
259.778	-13.312	155.724
259.735	-12.857	155.738
259.703	-12.387	155.748
259.671	-11.918	155.768
259.652	-11.469	155.809
259.643	-11.022	155.829
259.631	-10.630	155.881
259.623	-10.297	155.938
259.618	-10.006	155.965
259.617	-9.775	155.972
259.620	-9.666	156.007
259.622	-9.640	156.013
259.619	-9.695	155.993
259.616	-9.839	155.961
259.623	-10.098	155.941
259.639	-10.449	155.907
259.663	-10.868	155.863
259.675	-11.353	155.794
259.712	-11.900	155.746
259.735	-12.484	155.711
259.767	-13.085	155.708
259.792	-13.691	155.702
259.820	-14.312	155.735
259.826	-14.883	155.758
259.844	-15.404	155.785
259.870	-15.858	155.803
259.887	-16.224	155.847
259.970	-16.093	155.916
259.950	-15.898	155.890
259.898	-15.690	155.877
259.851	-15.425	155.822
259.844	-15.136	155.792
259.850	-14.804	155.772
259.842	-14.432	155.749
259.827	-14.038	155.744
259.795	-13.594	155.708
259.760	-13.148	155.717
259.732	-12.710	155.738
259.692	-12.236	155.744
259.670	-11.800	155.790
259.663	-11.352	155.813
259.642	-10.916	155.839
259.640	-10.559	155.897
259.627	-10.228	155.931
259.621	-9.980	155.967
259.618	-9.788	155.979
259.622	-9.699	155.996
259.625	-9.714	155.999
259.626	-9.813	155.996
259.632	-10.009	155.971
259.640	-10.284	155.944
259.659	-10.655	155.899
259.678	-11.087	155.834
259.713	-11.597	155.787
259.728	-12.150	155.736
259.762	-12.725	155.709
259.791	-13.323	155.698
259.813	-13.936	155.712
259.830	-14.524	155.740
259.836	-15.075	155.768
259.854	-15.574	155.791
259.888	-16.000	155.818
259.932	-16.224	155.884
259.967	-16.036	155.913
259.932	-15.845	155.892
259.884	-15.603	155.849
259.854	-15.330	155.801
259.852	-15.045	155.789
259.851	-14.672	155.749
259.840	-14.300	155.746
259.823	-13.892	155.732
259.789	-13.439	155.721
259.754	-12.991	155.730
259.715	-12.528	155.747
259.677	-12.065	155.766
259.658	-11.614	155.806
259.651	-11.176	155.845
259.632	-10.755	155.873
259.632	-10.392	155.925
259.625	-10.097	155.952
259.613	-9.853	155.970
259.617	-9.708	155.996
259.626	-9.649	156.003
259.619	-9.676	155.988
259.622	-9.795	155.970
259.630	-10.033	155.955
259.642	-10.336	155.916
259.655	-10.736	155.870
259.673	-11.196	155.814
259.703	-11.719	155.759
259.726	-12.284	155.709
259.769	-12.900	155.721
259.782	-13.482	155.696
259.816	-14.112	155.727
259.829	-14.684	155.743
259.832	-15.210	155.763
259.857	-15.700	155.796
259.882	-16.099	155.824
259.954	-16.146	155.894
259.960	-15.976	155.916
259.914	-15.757	155.878
259.869	-15.513	155.839
259.850	-15.252	155.813
259.843	-14.915	155.767
259.848	-14.563	155.744
259.836	-14.187	155.738
259.817	-13.755	155.711
259.780	-13.323	155.713
259.745	-12.883	155.731
259.709	-12.430	155.741
259.677	-11.981	155.774
259.657	-11.540	155.810
259.653	-11.092	155.824
259.643	-10.697	155.867
259.632	-10.351	155.908
259.624	-10.079	155.953
259.614	-9.853	155.964
259.617	-9.727	155.983
259.623	-9.696	156.007
259.615	-9.736	155.986
259.627	-9.884	155.968
259.633	-10.129	155.952
259.641	-10.458	155.917
259.662	-10.858	155.857
259.683	-11.335	155.794
259.721	-11.876	155.755
259.743	-12.453	155.719
259.766	-13.029	155.699
259.795	-13.641	155.692
259.815	-14.238	155.717
259.830	-14.815	155.743
259.838	-15.339	155.773
259.857	-15.800	155.800
259.888	-16.201	155.838
259.959	-16.121	155.905
259.947	-15.939	155.906
259.898	-15.720	155.872
259.854	-15.467	155.826
259.845	-15.183	155.793
259.842	-14.853	155.761
259.836	-14.487	155.738
259.827	-14.108	155.738
259.804	-13.671	155.713
259.759	-13.237	155.725
259.730	-12.788	155.736
259.689	-12.322	155.747
259.671	-11.882	155.791
259.648	-11.441	155.831
259.642	-10.995	155.844
259.635	-10.615	155.896
259.628	-10.284	155.938
259.620	-10.004	155.960
259.617	-9.798	155.976
259.614	-9.692	155.993
259.620	-9.678	156.003
259.621	-9.750	155.991
259.628	-9.909	155.967
259.625	-10.173	155.948
259.641	-10.519	155.906
259.664	-10.933	155.844
259.685	-11.429	155.787
259.714	-11.976	155.741
259.748	-12.557	155.707
259.763	-13.146	155.697
259.801	-13.772	155.717
259.817	-14.358	155.729
259.827	-14.923	155.752
259.849	-15.443	155.791
259.872	-15.888	155.806
259.902	-16.239	155.849
259.971	-16.094	155.917
259.949	-15.899	155.890
259.894	-15.672	155.857
259.856	-15.401	155.807
259.850	-15.134	155.794
259.856	-14.783	155.760
259.846	-14.421	155.748
259.825	-14.025	155.735
259.801	-13.597	155.715
259.766	-13.156	155.719
259.734	-12.723	155.739
259.687	-12.267	155.756
259.671	-11.817	155.787
259.652	-11.373	155.810
259.650	-10.972	155.859
259.638	-10.596	155.896
259.633	-10.273	155.930
259.624	-10.027	155.953
259.619	-9.847	155.976
259.622	-9.761	155.982
259.621	-9.756	155.973
259.622	-9.861	155.972
259.629	-10.053	155.956
259.643	-10.318	155.921
259.654	-10.678	155.877
259.682	-11.106	155.829
259.707	-11.604	155.770
259.731	-12.153	155.733
259.755	-12.730	155.708
259.785	-13.320	155.698
259.809	-13.922	155.709
259.834	-14.515	155.741
259.835	-15.049	155.756
259.855	-15.562	155.804
259.872	-15.976	155.814
259.925	-16.226	155.890
259.970	-16.043	155.917
259.934	-15.846	155.887
259.883	-15.606	155.839
259.854	-15.354	155.813
259.847	-15.037	155.766
259.854	-14.708	155.757
259.848	-14.337	155.737
259.813	-13.922	155.728
259.783	-13.476	155.704
259.753	-13.053	155.727
259.722	-12.590	155.730
259.681	-12.129	155.751
259.664	-11.685	155.787
259.644	-11.251	155.823
259.642	-10.843	155.872
259.627	-10.475	155.912
259.618	-10.167	155.945
259.623	-9.928	155.965
259.619	-9.762	155.979
259.622	-9.700	155.996
259.617	-9.722	156.000
259.619	-9.824	155.969
259.623	-10.036	155.954
259.637	-10.342	155.926
259.652	-10.712	155.879
259.660	-11.151	155.805
259.699	-11.686	155.777
259.719	-12.234	155.716
259.762	-12.839	155.715
259.781	-13.423	155.691
259.803	-14.031	155.714
259.831	-14.614	155.743
259.833	-15.150	155.759
259.850	-15.647	155.804
259.877	-16.062	155.823
259.941	-16.185	155.893
259.970	-16.020	155.921
259.924	-15.807	155.882
259.878	-15.569	155.840
259.853	-15.299	155.808
259.846	-14.977	155.775
259.851	-14.622	155.751
259.835	-14.233	155.735
259.816	-13.818	155.728
259.782	-13.369	155.716
259.742	-12.921	155.726
259.712	-12.457	155.747
259.675	-11.992	155.768
259.652	-11.537	155.804
259.647	-11.094	155.831
259.633	-10.694	155.880
259.622	-10.344	155.927
259.616	-10.054	155.954
259.613	-9.819	155.967
259.619	-9.691	155.991
259.624	-9.654	156.000
259.622	-9.706	155.996
259.626	-9.851	155.975
259.633	-10.097	155.957
259.648	-10.420	155.918
259.666	-10.831	155.866
259.675	-11.308	155.805
259.709	-11.834	155.745
259.737	-12.422	155.723
259.764	-13.019	155.700
259.789	-13.619	155.688
259.814	-14.236	155.723
259.830	-14.820	155.752
259.842	-15.346	155.785
259.865	-15.806	155.804
259.894	-16.210	155.852
259.971	-16.114	155.915
259.960	-15.935	155.914
259.894	-15.704	155.867
259.865	-15.459	155.826
259.849	-15.165	155.783
259.850	-14.841	155.765
259.850	-14.476	155.743
259.823	-14.086	155.735
259.810	-13.655	155.709
259.774	-13.220	155.716
259.742	-12.781	155.737
259.699	-12.309	155.732
259.670	-11.870	155.774
259.658	-11.441	155.814
259.648	-11.012	155.846
259.643	-10.623	155.880
259.630	-10.312	155.934
259.629	-10.053	155.959
259.617	-9.847	155.967
259.621	-9.749	155.983
259.616	-9.736	155.986
259.623	-9.831	155.980
259.624	-10.008	155.966
259.640	-10.268	155.935
259.649	-10.615	155.899
259.673	-11.041	155.846
259.696	-11.531	155.792
259.723	-12.076	155.746
259.750	-12.645	155.717
259.782	-13.224	155.695
259.809	-13.849	155.725
259.828	-14.408	155.719
259.831	-14.986	155.763
259.851	-15.480	155.790
259.870	-15.912	155.807
259.902	-16.240	155.856
259.961	-16.085	155.912
259.939	-15.897	155.893
259.881	-15.666	155.856
259.849	-15.415	155.820
259.845	-15.123	155.795
259.848	-14.772	155.766
259.839	-14.404	155.743
259.823	-13.998	155.737
259.797	-13.549	155.703
259.753	-13.100	155.716
259.725	-12.632	155.726
259.681	-12.172	155.749
259.661	-11.725	155.791
259.648	-11.277	155.822
259.644	-10.843	155.859
259.625	-10.462	155.902
259.625	-10.163	155.957
259.615	-9.892	155.966
259.615	-9.708	155.984
259.623	-9.640	156.008
259.618	-9.638	156.001
259.625	-9.747	155.991
259.622	-9.938	155.967
259.631	-10.237	155.942
259.645	-10.605	155.895
259.666	-11.044	155.825
259.693	-11.568	155.781
259.719	-12.125	155.728
259.747	-12.716	155.706
259.775	-13.317	155.692
259.805	-13.936	155.709
259.828	-14.533	155.738
259.833	-15.088	155.764
259.851	-15.588	155.801
259.875	-16.018	155.829
259.931	-16.199	155.893
259.973	-16.026	155.925
259.927	-15.820	155.892
259.878	-15.586	155.852
259.847	-15.309	155.803
259.845	-15.017	155.792
259.842	-14.661	155.755
259.841	-14.285	155.742
259.823	-13.871	155.728
259.780	-13.420	155.702
259.752	-12.990	155.721
259.713	-12.537	155.743
259.687	-12.083	155.761
259.665	-11.627	155.791
259.652	-11.189	155.820
259.649	-10.781	155.860
259.635	-10.427	155.906
259.627	-10.125	155.942
259.619	-9.884	155.957
259.619	-9.732	155.977
259.622	-9.674	155.992
259.623	-9.704	155.989
259.625	-9.825	155.969
259.633	-10.055	155.956
259.643	-10.358	155.931
259.654	-10.729	155.866
259.671	-11.201	155.818
259.707	-11.716	155.764
259.743	-12.287	155.725
259.767	-12.886	155.720
259.800	-13.481	155.698
259.813	-14.095	155.731
259.827	-14.676	155.750
259.838	-15.211	155.771
259.857	-15.693	155.813
259.880	-16.093	155.828
259.946	-16.162	155.896
259.962	-15.986	155.915
259.917	-15.780	155.885
259.869	-15.531	155.835
259.849	-15.256	155.799
259.840	-14.930	155.760
259.849	-14.595	155.755
259.832	-14.218	155.749
259.811	-13.786	155.725
259.780	-13.339	155.712
259.742	-12.901	155.732
259.704	-12.438	155.741
259.674	-11.976	155.763
259.652	-11.525	155.806
259.641	-11.088	155.832
259.637	-10.682	155.869
259.622	-10.336	155.920
259.621	-10.054	155.961
259.617	-9.829	155.980
259.613	-9.687	155.993
259.611	-9.646	155.990
259.625	-9.703	155.992
259.618	-9.841	155.971
259.626	-10.097	155.963
259.634	-10.424	155.924
259.659	-10.832	155.873
259.670	-11.301	155.799
259.700	-11.827	155.744
259.739	-12.422	155.719
259.762	-13.009	155.701
259.783	-13.623	155.705
259.815	-14.236	155.735
259.830	-14.814	155.753
259.841	-15.339	155.783
259.867	-15.811	155.815
259.884	-16.207	155.847
259.961	-16.122	155.906
259.949	-15.947	155.912
259.893	-15.714	155.872
259.861	-15.464	155.827
259.843	-15.193	155.804
259.850	-14.859	155.778
259.848	-14.505	155.759
259.829	-14.118	155.747
259.811	-13.694	155.727
259.769	-13.246	155.713
259.743	-12.808	155.733
259.696	-12.344	155.744
259.667	-11.891	155.767
259.653	-11.466	155.817
259.645	-11.028	155.838
259.643	-10.647	155.878
259.634	-10.312	155.916
259.623	-10.043	155.942
259.623	-9.849	155.968
259.621	-9.740	155.986
259.625	-9.729	155.995
259.627	-9.799	155.983
259.629	-9.959	155.959
259.637	-10.213	155.933
259.646	-10.557	155.897
259.672	-10.975	155.847
259.691	-11.468	155.797
259.721	-12.005	155.746
259.753	-12.578	155.716
259.779	-13.163	155.693
259.809	-13.758	155.700
259.827	-14.360	155.736
259.829	-14.928	155.763
259.843	-15.419	155.780
259.874	-15.884	155.818
259.898	-16.228	155.853
259.962	-16.094	155.906
259.946	-15.919	155.905
259.892	-15.692	155.869
259.855	-15.428	155.819
259.843	-15.143	155.797
259.854	-14.792	155.765
259.843	-14.414	155.739
259.827	-14.015	155.740
259.795	-13.565	155.704
259.756	-13.111	155.711
259.730	-12.658	155.735
259.696	-12.188	155.751
259.669	-11.727	155.792
259.648	-11.275	155.830
259.645	-10.835	155.860
259.630	-10.453	155.902
259.622	-10.130	155.947
259.618	-9.861	155.967
259.614	-9.688	155.994
259.622	-9.611	156.014
259.621	-9.614	156.011
259.612	-9.708	155.987
259.626	-9.900	155.965
259.631	-10.214	155.948
259.642	-10.577	155.889
259.669	-11.027	155.835
259.688	-11.548	155.778
259.721	-12.109	155.729
259.745	-12.712	155.714
259.773	-13.321	155.707
259.806	-13.949	155.726
259.821	-14.529	155.737
259.834	-15.085	155.758
259.849	-15.596	155.797
259.872	-16.024	155.824
259.940	-16.202	155.890
259.965	-16.024	155.920
259.927	-15.818	155.892
259.878	-15.586	155.853
259.848	-15.307	155.808
259.844	-15.003	155.777
259.846	-14.658	155.754
259.833	-14.279	155.740
259.811	-13.869	155.721
259.781	-13.433	155.712
259.747	-12.992	155.721
259.714	-12.534	155.737
259.675	-12.069	155.744
259.662	-11.632	155.795
259.648	-11.183	155.815
259.636	-10.773	155.859
259.632	-10.423	155.919
259.626	-10.124	155.957
259.607	-9.862	155.958
259.617	-9.711	155.978
259.624	-9.670	156.012
259.618	-9.695	156.000
259.623	-9.823	155.983
259.626	-10.035	155.956
259.639	-10.348	155.935
259.661	-10.728	155.869
259.679	-11.186	155.808
259.712	-11.717	155.765
259.729	-12.275	155.713
259.770	-12.878	155.709
259.788	-13.471	155.691
259.816	-14.092	155.722
259.827	-14.664	155.743
259.840	-15.210	155.773
259.863	-15.697	155.804
259.884	-16.110	155.832
259.950	-16.155	155.903
259.966	-15.980	155.915
259.914	-15.764	155.878
259.870	-15.520	155.831
259.849	-15.243	155.796
259.843	-14.927	155.766
259.845	-14.571	155.753
259.832	-14.187	155.741
259.811	-13.761	155.723
259.771	-13.315	155.718
259.740	-12.881	155.739
259.699	-12.407	155.746
259.671	-11.955	155.777
259.661	-11.512	155.814
259.651	-11.061	155.827
259.635	-10.661	155.870
259.631	-10.320	155.928
259.625	-10.037	155.963
259.615	-9.805	155.964
259.627	-9.681	155.990
259.626	-9.649	156.003
259.623	-9.706	155.996
259.627	-9.856	155.974
259.633	-10.099	155.948
259.643	-10.429	155.911
259.661	-10.836	155.866
259.677	-11.312	155.798
259.708	-11.840	155.734
259.739	-12.436	155.723
259.764	-13.034	155.712
259.796	-13.637	155.695
259.818	-14.254	155.734
259.828	-14.831	155.763
259.843	-15.356	155.784
259.860	-15.810	155.803
259.887	-16.210	155.845
259.970	-16.113	155.911
259.954	-15.944	155.921
259.898	-15.711	155.872
259.857	-15.462	155.832
259.843	-15.174	155.799
259.840	-14.830	155.761
259.846	-14.475	155.754
259.832	-14.083	155.743
259.803	-13.646	155.716
259.761	-13.190	155.711
259.725	-12.743	155.737
259.690	-12.277	155.750
259.674	-11.820	155.781
259.655	-11.381	155.813
259.645	-10.939	155.840
259.633	-10.553	155.889
259.620	-10.224	155.929
259.623	-9.959	155.965
259.612	-9.753	155.971
259.623	-9.662	155.998
259.614	-9.652	156.000
259.619	-9.734	155.987
259.617	-9.917	155.974
259.630	-10.184	155.943
259.651	-10.544	155.910
259.668	-10.968	155.844
259.693	-11.470	155.791
259.720	-12.015	155.727
259.750	-12.608	155.716
259.779	-13.201	155.694
259.806	-13.816	155.708
259.823	-14.415	155.737
259.838	-14.972	155.752
259.851	-15.488	155.795
259.868	-15.928	155.818
259.913	-16.240	155.872
259.972	-16.059	155.908
259.950	-15.870	155.897
259.888	-15.638	155.856
259.852	-15.371	155.806
259.843	-15.074	155.777
259.851	-14.743	155.769
259.847	-14.365	155.736
259.826	-13.959	155.724
259.793	-13.524	155.710
259.756	-13.079	155.718
259.716	-12.614	155.725
259.686	-12.171	155.760
259.664	-11.707	155.799
259.646	-11.256	155.814
259.638	-10.825	155.845
259.627	-10.468	155.910
259.626	-10.142	155.946
259.618	-9.892	155.970
259.617	-9.719	155.986
259.615	-9.629	155.998
259.618	-9.633	155.986
259.617	-9.740	155.973
259.623	-9.943	155.953
259.635	-10.242	155.932
259.653	-10.616	155.881
259.671	-11.058	155.814
259.693	-11.593	155.785
259.718	-12.154	155.729
259.756	-12.745	155.707
259.784	-13.345	155.695
259.800	-13.960	155.707
259.830	-14.563	155.745
259.836	-15.114	155.766
259.848	-15.612	155.792
259.871	-16.029	155.815
259.946	-16.196	155.900
259.973	-16.010	155.919
259.919	-15.802	155.883
259.867	-15.569	155.842
259.840	-15.290	155.798
259.844	-14.995	155.780
259.843	-14.648	155.760
259.833	-14.273	155.752
259.806	-13.856	155.732
259.779	-13.418	155.721
259.745	-12.967	155.723
259.705	-12.511	155.730
259.679	-12.059	155.761
259.648	-11.617	155.800
259.641	-11.161	155.816
259.635	-10.761	155.860
259.631	-10.415	155.921
259.620	-10.102	155.943
259.617	-9.866	155.972
259.621	-9.716	155.991
259.623	-9.657	156.004
259.621	-9.680	155.998
259.619	-9.813	155.985
259.629	-10.029	155.962
259.642	-10.335	155.924
259.656	-10.730	155.879
259.677	-11.196	155.826
259.711	-11.727	155.769
259.730	-12.289	155.720
259.770	-12.876	155.701
259.791	-13.474	155.684
259.815	-14.110	155.730
259.828	-14.680	155.741
259.840	-15.221	155.772
259.865	-15.706	155.806
259.879	-16.108	155.831
259.954	-16.161	155.899
259.962	-15.997	155.913
259.914	-15.775	155.880
259.872	-15.540	155.845
259.841	-15.262	155.797
259.845	-14.942	155.773
259.855	-14.578	155.749
259.835	-14.199	155.749
259.820	-13.777	155.726
259.779	-13.326	155.712
259.744	-12.882	155.736
259.709	-12.418	155.743
259.683	-11.966	155.776
259.662	-11.510	155.814
259.646	-11.069	155.835
259.639	-10.667	155.875
259.628	-10.325	155.923
259.632	-10.039	155.963
259.613	-9.806	155.968
259.625	-9.687	155.994
259.617	-9.637	155.990
259.628	-9.702	155.994
259.629	-9.858	155.969
259.637	-10.106	155.952
259.647	-10.433	155.913
259.662	-10.839	155.859
259.680	-11.324	155.792
259.716	-11.860	155.750
259.741	-12.446	155.724
259.766	-13.039	155.705
259.799	-13.634	155.691
259.825	-14.261	155.736
259.827	-14.818	155.746
259.841	-15.351	155.782
259.865	-15.798	155.795
259.886	-16.196	155.834
259.965	-16.110	155.906
259.953	-15.929	155.906
259.894	-15.702	155.867
259.859	-15.454	155.819
259.840	-15.176	155.794
259.849	-14.845	155.765
259.845	-14.492	155.750
259.832	-14.094	155.733
259.802	-13.667	155.711
259.758	-13.222	155.717
259.732	-12.782	155.732
259.691	-12.322	155.736
259.665	-11.874	155.776
259.652	-11.429	155.814
259.645	-11.000	155.847
259.638	-10.610	155.887
259.628	-10.279	155.931
259.610	-10.002	155.948
259.607	-9.796	155.972
259.611	-9.689	155.990
259.617	-9.667	155.996
259.610	-9.741	155.989
259.616	-9.915	155.973
259.626	-10.171	155.941
259.646	-10.527	155.913
259.658	-10.934	155.844
259.682	-11.424	155.784
259.709	-11.968	155.737
259.744	-12.558	155.717
259.766	-13.139	155.696
259.797	-13.766	155.713
259.823	-14.357	155.740
259.829	-14.910	155.751
259.833	-15.426	155.779
259.871	-15.880	155.808
259.897	-16.232	155.852
259.964	-16.084	155.916
259.942	-15.895	155.898
259.888	-15.662	155.851
259.856	-15.407	155.816
259.850	-15.129	155.794
259.845	-14.779	155.755
259.843	-14.422	155.745
259.824	-14.017	155.737
259.797	-13.574	155.708
259.754	-13.131	155.711
259.724	-12.693	155.745
259.689	-12.222	155.750
259.658	-11.773	155.785
259.644	-11.336	155.822
259.636	-10.900	155.843
259.632	-10.528	155.900
259.621	-10.208	155.947
259.623	-9.945	155.960
259.616	-9.745	155.978
259.615	-9.653	155.995
259.620	-9.653	156.003
259.621	-9.734	155.982
259.622	-9.925	155.971
259.624	-10.202	155.947
259.648	-10.559	155.901
259.666	-10.984	155.829
259.685	-11.490	155.784
259.718	-12.050	155.741
259.751	-12.627	155.706
259.776	-13.233	155.703
259.801	-13.845	155.712
259.822	-14.431	155.731
259.840	-15.007	155.773
259.854	-15.512	155.793
259.881	-15.944	155.817
259.918	-16.228	155.881
259.978	-16.059	155.924
259.942	-15.860	155.904
259.882	-15.636	155.865
259.849	-15.362	155.813
259.845	-15.077	155.789
259.848	-14.722	155.760
259.836	-14.350	155.732
259.822	-13.957	155.736
259.794	-13.502	155.700
259.753	-13.070	155.723
259.716	-12.601	155.727
259.685	-12.146	155.754
259.665	-11.690	155.784
259.653	-11.259	155.824
259.643	-10.820	155.853
259.630	-10.452	155.902
259.630	-10.141	155.950
259.616	-9.882	155.961
259.615	-9.720	155.997
259.620	-9.647	156.011
259.623	-9.662	156.004
259.627	-9.773	155.989
259.634	-9.985	155.977
259.633	-10.278	155.939
259.655	-10.658	155.892
259.674	-11.119	155.838
259.703	-11.628	155.773
259.731	-12.198	155.724
259.759	-12.793	155.708
259.791	-13.389	155.685
259.814	-14.005	155.716
259.826	-14.596	155.738
259.836	-15.149	155.763
259.858	-15.651	155.806
259.882	-16.065	155.821
259.946	-16.184	155.892
259.973	-16.009	155.918
259.923	-15.801	155.890
259.877	-15.561	155.839
259.846	-15.282	155.799
259.851	-14.971	155.768
259.855	-14.635	155.755
259.839	-14.252	155.745
259.813	-13.831	155.729
259.778	-13.389	155.714
259.749	-12.939	155.725
259.708	-12.498	155.752
259.673	-12.032	155.766
259.646	-11.581	155.803
259.644	-11.143	155.831
259.638	-10.745	155.877
259.632	-10.389	155.925
259.623	-10.093	155.950
259.612	-9.844	155.961
259.616	-9.709	155.985
259.620	-9.654	156.002
259.617	-9.692	155.991
259.616	-9.819	155.973
259.622	-10.046	155.951
259.636	-10.359	155.920
259.650	-10.754	155.875
259.681	-11.220	155.813
259.702	-11.743	155.754
259.729	-12.306	155.707
259.766	-12.909	155.707
259.783	-13.504	155.694
259.814	-14.114	155.721
259.827	-14.695	155.746
259.838	-15.230	155.775
259.862	-15.717	155.809
259.882	-16.119	155.837
259.957	-16.158	155.904
259.960	-15.981	155.916
259.905	-15.757	155.879
259.867	-15.527	155.842
259.852	-15.241	155.793
259.846	-14.935	155.776
259.852	-14.576	155.753
259.834	-14.184	155.734
259.811	-13.769	155.729
259.782	-13.314	155.710
259.747	-12.880	155.728
259.710	-12.403	155.741
259.682	-11.939	155.756
259.660	-11.499	155.807
259.650	-11.050	155.829
259.634	-10.648	155.872
259.631	-10.307	155.931
259.622	-10.014	155.955
259.618	-9.777	155.966
259.618	-9.658	155.997
259.617	-9.624	156.003
259.623	-9.675	155.995
259.626	-9.821	155.972
259.633	-10.082	155.959
259.638	-10.405	155.915
259.663	-10.820	155.866
259.682	-11.307	155.807
259.710	-11.841	155.748
259.740	-12.425	155.720
259.764	-13.013	155.700
259.793	-13.636	155.699
259.817	-14.246	155.734
259.823	-14.817	155.750
259.841	-15.343	155.777
259.862	-15.804	155.799
259.883	-16.205	155.845
259.969	-16.116	155.911
259.949	-15.928	155.902
259.898	-15.707	155.875
259.860	-15.460	155.829
259.844	-15.170	155.794
259.845	-14.833	155.759
259.842	-14.478	155.748
259.830	-14.088	155.738
259.801	-13.662	155.718
259.764	-13.201	155.713
259.738	-12.759	155.730
259.697	-12.286	155.734
259.673	-11.846	155.777
259.654	-11.395	155.808
259.644	-10.962	155.844
259.634	-10.570	155.887
259.622	-10.236	155.929
259.620	-9.981	155.967
259.612	-9.767	155.975
259.620	-9.667	155.998
259.626	-9.655	156.004
259.622	-9.726	155.984
259.622	-9.902	155.968
259.630	-10.171	155.944
259.647	-10.535	155.913
259.665	-10.952	155.850
259.684	-11.453	155.787
259.718	-12.006	155.743
259.744	-12.595	155.711
259.771	-13.177	155.688
259.805	-13.821	155.723
259.824	-14.402	155.724
259.829	-14.961	155.755
259.843	-15.481	155.785
259.868	-15.918	155.812
259.903	-16.229	155.866
259.969	-16.063	155.919
259.939	-15.864	155.890
259.884	-15.640	155.858
259.847	-15.384	155.821
259.847	-15.093	155.780
259.850	-14.756	155.764
259.843	-14.397	155.751
259.822	-13.991	155.743
259.795	-13.554	155.707
259.755	-13.110	155.717
259.726	-12.660	155.731
259.692	-12.201	155.752
259.666	-11.754	155.781
259.650	-11.312	155.817
259.646	-10.880	155.843
259.631	-10.519	155.899
259.630	-10.204	155.947
259.626	-9.922	155.951
259.620	-9.746	155.975
259.621	-9.651	155.985
259.625	-9.673	156.004
259.620	-9.756	155.975
259.624	-9.959	155.967
259.635	-10.238	155.932
259.648	-10.606	155.891
259.677	-11.045	155.833
259.697	-11.550	155.773
259.727	-12.119	155.741
259.753	-12.697	155.703
259.781	-13.289	155.689
259.806	-13.917	155.723
259.823	-14.498	155.737
259.837	-15.057	155.767
259.851	-15.557	155.797
259.874	-15.980	155.817
259.923	-16.212	155.881
259.966	-16.040	155.918
259.936	-15.840	155.892
259.882	-15.607	155.854
259.853	-15.335	155.808
259.852	-15.051	155.788
259.856	-14.697	155.760
259.837	-14.316	155.738
259.825	-13.916	155.737
259.789	-13.457	155.699
259.749	-13.028	155.724
259.715	-12.566	155.737
259.682	-12.116	155.763
259.659	-11.672	155.804
259.648	-11.221	155.829
259.639	-10.794	155.859
259.628	-10.432	155.909
259.625	-10.124	155.946
259.614	-9.867	155.958
259.617	-9.714	155.993
259.619	-9.651	156.002
259.617	-9.667	155.996
259.617	-9.778	155.967
259.627	-9.993	155.956
259.628	-10.294	155.921
259.654	-10.679	155.877
259.672	-11.134	155.809
259.703	-11.662	155.769
259.718	-12.228	155.715
259.760	-12.826	155.706
259.792	-13.431	155.700
259.808	-14.038	155.719
259.830	-14.633	155.738
259.834	-15.178	155.773
259.856	-15.668	155.809
259.873	-16.075	155.823
259.947	-16.175	155.903
259.964	-15.995	155.916
259.913	-15.778	155.873
259.871	-15.547	155.852
259.847	-15.264	155.797
259.843	-14.953	155.776
259.847	-14.607	155.754
259.834	-14.225	155.736
259.819	-13.807	155.726
259.781	-13.360	155.708
259.750	-12.931	155.730
259.713	-12.464	155.741
259.675	-12.004	155.764
259.659	-11.562	155.801
259.653	-11.106	155.828
259.636	-10.701	155.864
259.629	-10.353	155.919
259.620	-10.050	155.943
259.611	-9.821	155.964
259.625	-9.692	156.001
259.622	-9.645	156.006
259.622	-9.700	156.005
259.620	-9.830	155.977
259.628	-10.068	155.962
259.639	-10.385	155.928
259.667	-10.790	155.876
259.676	-11.252	155.797
259.714	-11.794	155.760
259.738	-12.364	155.717
259.776	-12.969	155.710
259.793	-13.559	155.687
259.819	-14.178	155.725
259.828	-14.768	155.760
259.842	-15.284	155.772
259.869	-15.759	155.801
259.887	-16.155	155.827
259.965	-16.127	155.904
259.961	-15.961	155.927
259.907	-15.720	155.866
259.864	-15.481	155.828
259.849	-15.194	155.787
259.851	-14.873	155.761
259.846	-14.514	155.739
259.839	-14.144	155.749
259.811	-13.713	155.723
259.773	-13.273	155.723
259.738	-12.828	155.740
259.700	-12.361	155.742
259.673	-11.898	155.766
259.660	-11.471	155.819
259.643	-11.011	155.831
259.640	-10.625	155.886
259.629	-10.280	155.924
259.624	-9.996	155.951
259.608	-9.779	155.974
259.619	-9.662	155.991
259.623	-9.622	155.992
259.620	-9.702	156.001
259.628	-9.854	155.969
259.632	-10.112	155.951
259.650	-10.458	155.915
259.660	-10.865	155.852
259.681	-11.355	155.794
259.706	-11.898	155.737
259.740	-12.484	155.716
259.764	-13.075	155.698
259.797	-13.698	155.702
259.819	-14.302	155.728
259.832	-14.879	155.752
259.838	-15.396	155.777
259.868	-15.861	155.808
259.892	-16.236	155.861
259.966	-16.097	155.910
259.947	-15.915	155.908
259.892	-15.688	155.867
259.853	-15.440	155.830
259.849	-15.149	155.797
259.845	-14.811	155.773
259.843	-14.454	155.754
259.821	-14.039	155.733
259.798	-13.608	155.716
259.752	-13.159	155.712
259.728	-12.704	155.732
259.697	-12.248	155.748
259.672	-11.792	155.783
259.652	-11.340	155.814
259.657	-10.914	155.855
259.636	-10.526	155.896
259.624	-10.207	155.945
259.621	-9.938	155.973
259.621	-9.731	155.980
259.626	-9.648	156.003
259.621	-9.637	156.005
259.626	-9.729	155.989
259.624	-9.922	155.973
259.633	-10.199	155.944
259.652	-10.572	155.905
259.680	-11.004	155.837
259.697	-11.512	155.788
259.725	-12.067	155.732
259.762	-12.664	155.722
259.781	-13.252	155.697
259.806	-13.866	155.707
259.826	-14.451	155.717
259.839	-15.030	155.765
259.854	-15.531	155.789
259.875	-15.965	155.811
259.925	-16.232	155.889
259.977	-16.043	155.918
259.938	-15.840	155.885
259.883	-15.613	155.854
259.852	-15.345	155.802
259.846	-15.060	155.784
259.854	-14.707	155.756
259.839	-14.338	155.745
259.817	-13.935	155.731
259.790	-13.489	155.697
259.753	-13.057	155.725
259.718	-12.599	155.739
259.687	-12.142	155.758
259.667	-11.693	155.798
259.650	-11.248	155.823
259.640	-10.809	155.851
259.630	-10.446	155.904
259.622	-10.136	155.940
259.616	-9.881	155.960
259.617	-9.708	155.985
259.620	-9.642	156.003
259.623	-9.664	156.004
259.618	-9.762	155.979
259.627	-9.983	155.969
259.634	-10.267	155.925
259.645	-10.641	155.873
259.674	-11.111	155.825
259.697	-11.618	155.767
259.724	-12.191	155.725
259.755	-12.796	155.712
259.789	-13.384	155.693
259.810	-14.011	155.727
259.828	-14.605	155.750
259.833	-15.138	155.761
259.849	-15.640	155.797
259.875	-16.065	155.829
259.942	-16.173	155.896
259.970	-16.009	155.931
259.919	-15.793	155.887
259.868	-15.564	155.852
259.843	-15.275	155.798
259.845	-14.969	155.777
259.845	-14.609	155.746
259.835	-14.246	155.750
259.814	-13.823	155.725
259.781	-13.387	155.719
259.753	-12.948	155.730
259.714	-12.490	155.744
259.673	-12.032	155.766
259.662	-11.593	155.808
259.645	-11.142	155.825
259.640	-10.732	155.864
259.631	-10.396	155.924
259.623	-10.092	155.950
259.615	-9.858	155.972
259.612	-9.703	155.980
259.617	-9.662	156.003
259.615	-9.697	155.994
259.618	-9.834	155.981
259.625	-10.072	155.964
259.641	-10.381	155.923
259.658	-10.783	155.873
259.681	-11.244	155.800
259.706	-11.778	155.767
259.737	-12.349	155.719
259.771	-12.951	155.704
259.797	-13.544	155.699
259.817	-14.156	155.719
259.823	-14.727	155.741
259.841	-15.272	155.779
259.862	-15.745	155.801
259.883	-16.154	155.831
259.967	-16.144	155.903
259.963	-15.964	155.912
259.912	-15.736	155.869
259.867	-15.498	155.830
259.852	-15.225	155.803
259.854	-14.895	155.769
259.850	-14.551	155.754
259.834	-14.173	155.752
259.815	-13.743	155.723
259.781	-13.293	155.712
259.745	-12.864	155.733
259.703	-12.401	155.744
259.674	-11.951	155.780
259.655	-11.507	155.814
259.653	-11.062	155.837
259.639	-10.660	155.869
259.632	-10.326	155.929
259.630	-10.038	155.960
259.622	-9.813	155.971
259.620	-9.679	155.987
259.628	-9.653	155.996
259.629	-9.717	155.994
259.624	-9.857	155.969
259.629	-10.113	155.953
259.644	-10.437	155.907
259.663	-10.852	155.858
259.683	-11.328	155.787
259.707	-11.865	155.743
259.740	-12.438	155.708
259.768	-13.033	155.694
259.797	-13.643	155.695
259.821	-14.253	155.722
259.823	-14.831	155.763
259.840	-15.345	155.779
259.867	-15.813	155.806
259.887	-16.205	155.843
259.963	-16.114	155.910
259.955	-15.938	155.909
259.900	-15.706	155.868
259.854	-15.442	155.813
259.841	-15.171	155.796
259.849	-14.846	155.773
259.839	-14.490	155.750
259.825	-14.091	155.739
259.795	-13.652	155.712
259.766	-13.214	155.715
259.733	-12.766	155.729
259.693	-12.302	155.749
259.665	-11.843	155.780
259.645	-11.392	155.805
259.644	-10.961	155.851
259.631	-10.568	155.899
259.623	-10.224	155.934
259.615	-9.942	155.966
259.609	-9.726	155.987
259.613	-9.614	156.007
259.616	-9.599	156.015
259.615	-9.665	156.001
259.615	-9.828	155.979
259.623	-10.103	155.959
259.635	-10.450	155.917
259.663	-10.868	155.856
259.680	-11.373	155.799
259.707	-11.917	155.742
259.747	-12.501	155.708
259.772	-13.105	155.694
259.801	-13.730	155.709
259.820	-14.331	155.732
259.824	-14.904	155.760
259.844	-15.429	155.786
259.864	-15.875	155.805
259.896	-16.239	155.857
259.970	-16.082	155.911
259.943	-15.885	155.891
259.887	-15.655	155.852
259.856	-15.401	155.815
259.843	-15.112	155.779
259.851	-14.782	155.762
259.846	-14.416	155.741
259.823	-14.030	155.739
259.794	-13.588	155.706
259.751	-13.153	155.713
259.729	-12.718	155.740
259.685	-12.270	155.753
259.668	-11.821	155.784
259.652	-11.393	155.830
259.641	-10.957	155.841
259.638	-10.592	155.897
259.631	-10.271	155.930
259.623	-10.014	155.954
259.618	-9.824	155.973
259.618	-9.733	155.981
259.619	-9.728	155.984
259.618	-9.811	155.976
259.631	-9.998	155.955
259.636	-10.265	155.935
259.652	-10.615	155.887
259.670	-11.038	155.831
259.699	-11.534	155.786
259.723	-12.074	155.727
259.754	-12.651	155.704
259.788	-13.249	155.702
259.803	-13.854	155.714
259.827	-14.426	155.723
259.836	-14.989	155.761
259.852	-15.491	155.786
259.880	-15.929	155.818
259.908	-16.232	155.867
259.968	-16.068	155.918
259.936	-15.881	155.899
259.881	-15.635	155.853
259.856	-15.385	155.811
259.843	-15.094	155.790
259.850	-14.750	155.766
259.849	-14.370	155.745
259.825	-13.971	155.737
259.798	-13.514	155.702
259.754	-13.066	155.724
259.722	-12.605	155.733
259.687	-12.139	155.755
259.666	-11.679	155.790
259.651	-11.233	155.835
259.639	-10.806	155.866
259.633	-10.424	155.904
259.617	-10.103	155.947
259.617	-9.846	155.970
259.613	-9.675	155.996
259.623	-9.608	156.016
259.621	-9.607	156.004
259.622	-9.725	155.992
259.618	-9.920	155.966
259.637	-10.228	155.946
259.652	-10.602	155.883
259.673	-11.048	155.828
259.696	-11.580	155.776
259.725	-12.145	155.725
259.753	-12.755	155.709
259.784	-13.354	155.690
259.809	-13.972	155.708
259.828	-14.581	155.745
259.835	-15.136	155.773
259.854	-15.631	155.804
259.878	-16.047	155.819
259.943	-16.192	155.901
259.976	-16.018	155.929
259.931	-15.794	155.884
259.878	-15.569	155.855
259.839	-15.288	155.804
259.845	-14.993	155.787
259.845	-14.627	155.749
259.840	-14.266	155.745
259.817	-13.861	155.738
259.789	-13.423	155.725
259.742	-12.972	155.724
259.713	-12.523	155.738
259.679	-12.071	155.767
259.660	-11.628	155.799
259.650	-11.192	155.833
259.645	-10.774	155.866
259.629	-10.414	155.916
259.620	-10.110	155.950
259.615	-9.875	155.977
259.619	-9.720	155.996
259.621	-9.656	156.011
259.620	-9.686	156.004
259.626	-9.804	155.983
259.632	-10.027	155.967
259.644	-10.333	155.935
259.668	-10.731	155.898
259.674	-11.169	155.819
259.709	-11.702	155.769
259.731	-12.264	155.718
259.769	-12.857	155.712
259.796	-13.458	155.695
259.817	-14.076	155.726
259.831	-14.647	155.735
259.839	-15.194	155.767
259.856	-15.668	155.791
259.886	-16.082	155.824
259.947	-16.168	155.895
259.963	-15.987	155.908
259.921	-15.785	155.881
259.878	-15.532	155.831
259.849	-15.257	155.791
259.849	-14.943	155.762
259.857	-14.601	155.756
259.842	-14.222	155.748
259.813	-13.795	155.728
259.781	-13.342	155.703
259.748	-12.905	155.723
259.712	-12.452	155.748
259.674	-11.992	155.774
259.658	-11.546	155.812
259.649	-11.081	155.827
259.637	-10.689	155.877
259.631	-10.342	155.934
259.627	-10.044	155.957
259.617	-9.816	155.975
259.619	-9.664	155.982
259.624	-9.635	156.011
259.621	-9.681	156.007
259.625	-9.814	155.973
259.633	-10.049	155.949
259.637	-10.375	155.919
259.654	-10.776	155.860
259.675	-11.250	155.797
259.702	-11.782	155.745
259.733	-12.371	155.719
259.763	-12.965	155.708
259.797	-13.577	155.700
259.816	-14.182	155.721
259.822	-14.762	155.751
259.839	-15.287	155.772
259.868	-15.776	155.807
259.886	-16.162	155.834
259.969	-16.141	155.914
259.953	-15.950	155.908
259.904	-15.725	155.875
259.861	-15.484	155.832
259.847	-15.203	155.799
259.848	-14.873	155.766
259.848	-14.515	155.743
259.835	-14.129	155.737
259.808	-13.700	155.713
259.770	-13.260	155.718
259.738	-12.812	155.726
259.705	-12.349	155.741
259.671	-11.890	155.771
259.657	-11.453	155.810
259.647	-11.004	155.839
259.641	-10.620	155.889
259.631	-10.275	155.926
259.616	-10.000	155.963
259.615	-9.795	155.976
259.618	-9.677	156.002
259.620	-9.648	156.003
259.611	-9.715	155.994
259.626	-9.875	155.968
259.632	-10.147	155.954
259.646	-10.490	155.918
259.663	-10.905	155.857
259.681	-11.392	155.795
259.713	-11.929	155.740
259.746	-12.508	155.711
259.768	-13.111	155.704
259.807	-13.720	155.703
259.817	-14.313	155.728
259.835	-14.896	155.762
259.850	-15.401	155.777
259.879	-15.862	155.813
259.895	-16.216	155.835
259.976	-16.088	155.900
259.956	-15.909	155.897
259.904	-15.688	155.869
259.865	-15.427	155.824
259.847	-15.137	155.787
259.856	-14.802	155.756
259.852	-14.453	155.760
259.826	-14.051	155.737
259.802	-13.613	155.706
259.765	-13.171	155.721
259.742	-12.724	155.741
259.695	-12.261	155.761
259.673	-11.798	155.785
259.650	-11.348	155.820
259.646	-10.909	155.846
259.635	-10.537	155.902
259.629	-10.194	155.939
259.617	-9.908	155.948
259.619	-9.727	155.985
259.623	-9.621	156.002
259.629	-9.612	155.999
259.619	-9.701	155.983
259.621	-9.881	155.970
259.632	-10.165	155.944
259.643	-10.524	155.906
259.665	-10.950	155.836
259.688	-11.458	155.785
259.721	-12.017	155.738
259.748	-12.613	155.721
259.777	-13.203	155.693
259.803	-13.841	155.725
259.819	-14.421	155.730
259.834	-14.996	155.765
259.849	-15.500	155.788
259.871	-15.944	155.812
259.918	-16.232	155.888
259.982	-16.056	155.922
259.943	-15.853	155.892
259.887	-15.626	155.858
259.851	-15.362	155.815
259.850	-15.080	155.796
259.854	-14.730	155.768
259.841	-14.359	155.746
259.813	-13.951	155.730
259.784	-13.519	155.713
259.752	-13.071	155.713
259.717	-12.627	155.733
259.682	-12.169	155.751
259.662	-11.724	155.794
259.645	-11.267	155.808
259.636	-10.852	155.852
259.628	-10.484	155.902
259.621	-10.170	155.941
259.613	-9.902	155.961
259.613	-9.725	155.976
259.619	-9.657	156.007
259.617	-9.654	155.997
259.616	-9.764	155.991
259.630	-9.956	155.962
259.637	-10.253	155.942
259.651	-10.626	155.900
259.670	-11.060	155.825
259.702	-11.583	155.783
259.723	-12.137	155.723
259.758	-12.731	155.712
259.783	-13.332	155.695
259.809	-13.953	155.721
259.826	-14.549	155.747
259.835	-15.090	155.765
259.850	-15.598	155.797
259.880	-16.025	155.817
259.936	-16.206	155.892
259.974	-16.033	155.923
259.929	-15.821	155.892
259.879	-15.577	155.839
259.851	-15.320	155.808
259.846	-15.003	155.764
259.847	-14.678	155.760
259.835	-14.287	155.735
259.820	-13.894	155.736
259.789	-13.442	155.703
259.747	-12.999	155.726
259.712	-12.543	155.740
259.683	-12.085	155.753
259.655	-11.642	155.797
259.647	-11.207	155.834
259.641	-10.775	155.856
259.629	-10.432	155.920
259.625	-10.122	155.947
259.617	-9.871	155.956
259.618	-9.720	155.985
259.617	-9.652	155.989
259.623	-9.676	155.986
259.622	-9.799	155.977
259.626	-10.010	155.945
259.636	-10.324	155.926
259.653	-10.715	155.878
259.679	-11.168	155.814
259.705	-11.691	155.767
259.728	-12.251	155.719
259.765	-12.857	155.708
259.790	-13.442	155.682
259.819	-14.078	155.729
259.829	-14.660	155.750
259.842	-15.187	155.765
259.857	-15.676	155.800
259.884	-16.084	155.821
259.954	-16.160	155.898
259.962	-15.991	155.922
259.912	-15.773	155.887
259.872	-15.530	155.830
259.854	-15.264	155.798
259.850	-14.946	155.772
259.854	-14.604	155.760
259.838	-14.220	155.742
259.817	-13.802	155.723
259.777	-13.361	155.710
259.752	-12.935	155.729
259.713	-12.470	155.738
259.687	-12.019	155.764
259.658	-11.571	155.807
259.653	-11.129	155.824
259.646	-10.727	155.864
259.629	-10.365	155.908
259.621	-10.087	155.955
259.611	-9.843	155.968
259.614	-9.698	155.985
259.625	-9.649	156.000
259.621	-9.698	156.002
259.619	-9.823	155.968
259.627	-10.054	155.956
259.637	-10.375	155.927
259.653	-10.767	155.867
259.674	-11.241	155.814
259.707	-11.767	155.763
259.739	-12.334	155.711
259.766	-12.944	155.708
259.784	-13.530	155.691
259.815	-14.157	155.732
259.820	-14.727	155.747
259.838	-15.263	155.777
259.866	-15.744	155.807
259.885	-16.157	155.843
259.961	-16.146	155.903
259.960	-15.975	155.915
259.912	-15.761	155.889
259.871	-15.508	155.835
259.854	-15.232	155.796
259.847	-14.899	155.750
259.851	-14.557	155.739
259.839	-14.174	155.743
259.809	-13.751	155.722
259.778	-13.313	155.721
259.739	-12.868	155.731
259.706	-12.407	155.749
259.675	-11.943	155.770
259.653	-11.503	155.820
259.643	-11.060	155.839
259.633	-10.646	155.878
259.626	-10.307	155.928
259.626	-10.026	155.965
259.618	-9.789	155.972
259.621	-9.655	155.986
259.622	-9.625	156.001
259.627	-9.682	155.998
259.619	-9.822	155.969
259.633	-10.076	155.952
259.641	-10.409	155.919
259.650	-10.802	155.850
259.675	-11.288	155.799
259.705	-11.822	155.743
259.735	-12.412	155.713
259.759	-13.014	155.709
259.786	-13.609	155.694
259.814	-14.225	155.727
259.822	-14.798	155.753
259.835	-15.324	155.776
259.862	-15.798	155.810
259.885	-16.183	155.837
259.965	-16.134	155.918
259.952	-15.941	155.910
259.896	-15.708	155.869
259.859	-15.468	155.825
259.843	-15.191	155.798
259.845	-14.858	155.773
259.839	-14.503	155.748
259.831	-14.106	155.738
259.797	-13.673	155.710
259.767	-13.235	155.712
259.737	-12.783	155.730
259.695	-12.317	155.740
259.669	-11.856	155.767
259.652	-11.419	155.803
259.646	-10.972	155.837
259.640	-10.580	155.887
259.624	-10.234	155.924
259.621	-9.963	155.961
259.614	-9.742	155.984
259.622	-9.633	156.007
259.623	-9.610	156.015
259.628	-9.682	156.009
259.619	-9.832	155.974
259.633	-10.107	155.955
259.647	-10.449	155.918
259.669	-10.872	155.856
259.690	-11.373	155.797
259.718	-11.915	155.735
259.743	-12.514	155.721
259.776	-13.116	155.700
259.804	-13.735	155.705
259.826	-14.336	155.731
259.828	-14.903	155.741
259.851	-15.444	155.796
259.870	-15.889	155.813
259.906	-16.244	155.863
259.972	-16.071	155.906
259.948	-15.897	155.905
259.884	-15.661	155.860
259.853	-15.406	155.812
259.849	-15.126	155.794
259.848	-14.788	155.759
259.847	-14.434	155.756
259.826	-14.033	155.744
259.792	-13.596	155.703
259.757	-13.155	155.721
259.726	-12.714	155.737
259.691	-12.262	155.756
259.667	-11.804	155.784
259.649	-11.370	155.813
259.647	-10.954	155.859
259.629	-10.576	155.896
259.629	-10.247	155.930
259.634	-10.000	155.967
259.620	-9.810	155.987
259.624	-9.696	155.981
259.619	-9.691	155.984
259.628	-9.794	155.988
259.626	-9.955	155.954
259.635	-10.230	155.942
259.654	-10.588	155.903
259.669	-10.995	155.830
259.685	-11.496	155.780
259.724	-12.048	155.734
259.755	-12.617	155.705
259.769	-13.206	155.695
259.807	-13.825	155.718
259.823	-14.409	155.738
259.832	-14.958	155.760
259.843	-15.453	155.782
259.871	-15.898	155.819
259.896	-16.234	155.859
259.959	-16.096	155.925
259.941	-15.918	155.910
259.889	-15.672	155.860
259.854	-15.420	155.819
259.845	-15.121	155.788
259.850	-14.769	155.755
259.841	-14.401	155.737
259.829	-14.006	155.737
259.799	-13.563	155.711
259.755	-13.123	155.722
259.727	-12.648	155.733
259.686	-12.190	155.754
259.676	-11.732	155.793
259.653	-11.282	155.826
259.648	-10.850	155.854
259.638	-10.472	155.903
259.627	-10.148	155.946
259.627	-9.883	155.971
259.619	-9.697	155.992
259.617	-9.599	155.999
259.627	-9.610	156.005
259.621	-9.715	155.994
259.621	-9.898	155.960
259.630	-10.180	155.929
259.652	-10.569	155.898
259.669	-10.999	155.822
259.699	-11.528	155.781
259.722	-12.092	155.732
259.751	-12.677	155.705
259.789	-13.287	155.703
259.801	-13.900	155.709
259.820	-14.494	155.733
259.836	-15.061	155.773
259.852	-15.564	155.799
259.870	-15.987	155.826
259.932	-16.218	155.891
259.973	-16.040	155.922
259.934	-15.840	155.897
259.876	-15.614	155.860
259.847	-15.334	155.807
259.847	-15.045	155.790
259.849	-14.682	155.754
259.828	-14.314	155.744
259.823	-13.917	155.736
259.783	-13.460	155.707
259.743	-13.013	155.719
259.713	-12.559	155.732
259.682	-12.093	155.752
259.658	-11.656	155.799
259.647	-11.212	155.825
259.640	-10.791	155.862
259.629	-10.424	155.906
259.618	-10.119	155.946
259.608	-9.869	155.968
259.620	-9.715	156.001
259.618	-9.627	155.996
259.617	-9.668	156.003
259.617	-9.779	155.988
259.625	-9.990	155.963
259.630	-10.291	155.939
259.653	-10.678	155.885
259.672	-11.133	155.832
259.705	-11.660	155.773
259.731	-12.220	155.720
259.765	-12.821	155.713
259.781	-13.409	155.684
259.814	-14.045	155.720
259.834	-14.620	155.738
259.831	-15.165	155.763
259.854	-15.653	155.793
259.879	-16.077	155.823
259.949	-16.189	155.905
259.973	-16.013	155.927
259.921	-15.791	155.882
259.874	-15.540	155.830
259.843	-15.270	155.798
259.845	-14.966	155.768
259.846	-14.623	155.761
259.834	-14.237	155.742
259.817	-13.830	155.735
259.781	-13.380	155.714
259.741	-12.938	155.730
259.709	-12.482	155.747
259.673	-12.016	155.767
259.654	-11.576	155.809
259.644	-11.123	155.828
259.632	-10.712	155.865
259.628	-10.369	155.924
259.618	-10.074	155.954
259.622	-9.841	155.970
259.615	-9.689	155.986
259.624	-9.654	156.008
259.620	-9.689	155.995
259.618	-9.823	155.975
259.625	-10.052	155.943
259.641	-10.371	155.916
259.659	-10.772	155.867
259.673	-11.240	155.797
259.708	-11.778	155.755
259.738	-12.350	155.714
259.766	-12.950	155.706
259.792	-13.554	155.690
259.819	-14.176	155.734
259.828	-14.738	155.741
259.840	-15.280	155.778
259.867	-15.751	155.801
259.886	-16.152	155.837
259.972	-16.138	155.905
259.963	-15.962	155.914
259.907	-15.735	155.871
259.872	-15.498	155.830
259.850	-15.224	155.801
259.851	-14.897	155.772
259.846	-14.543	155.751
259.839	-14.154	155.740
259.816	-13.732	155.728
259.766	-13.278	155.708
259.746	-12.852	155.739
259.700	-12.379	155.744
259.678	-11.927	155.775
259.660	-11.486	155.818
259.651	-11.038	155.832
259.639	-10.640	155.874
259.628	-10.301	155.925
259.620	-10.020	155.959
259.614	-9.798	155.974
259.621	-9.680	156.006
259.626	-9.649	156.010
259.622	-9.715	156.003
259.623	-9.847	155.969
259.635	-10.113	155.958
259.642	-10.438	155.911
259.669	-10.853	155.858
259.680	-11.338	155.796
259.712	-11.869	155.742
259.741	-12.452	155.713
259.778	-13.052	155.704
259.801	-13.660	155.697
259.825	-14.275	155.733
259.826	-14.839	155.751
259.840	-15.368	155.784
259.877	-15.839	155.815
259.887	-16.222	155.849
259.970	-16.118	155.913
259.949	-15.928	155.900
259.899	-15.697	155.860
259.864	-15.447	155.820
259.847	-15.154	155.785
259.849	-14.820	155.752
259.848	-14.466	155.745
259.831	-14.082	155.740
259.804	-13.640	155.712
259.767	-13.187	155.714
259.727	-12.746	155.740
259.687	-12.285	155.754
259.666	-11.821	155.779
259.647	-11.378	155.817
259.642	-10.941	155.853
259.627	-10.544	155.889
259.622	-10.221	155.940
259.618	-9.944	155.963
259.613	-9.744	155.981
259.617	-9.643	155.998
259.626	-9.644	156.012
259.620	-9.708	155.983
259.615	-9.888	155.959
259.629	-10.163	155.937
259.653	-10.536	155.907
259.660	-10.954	155.837
259.685	-11.461	155.787
259.716	-12.015	155.737
259.742	-12.593	155.707
259.771	-13.195	155.694
259.803	-13.812	155.705
259.812	-14.409	155.724
259.827	-14.969	155.760
259.847	-15.483	155.783
259.873	-15.924	155.810
259.905	-16.241	155.877
259.971	-16.065	155.914
259.948	-15.879	155.903
259.888	-15.639	155.857
259.845	-15.373	155.814
259.841	-15.091	155.788
259.850	-14.743	155.762
259.838	-14.382	155.754
259.818	-13.967	155.734
259.790	-13.527	155.706
259.754	-13.083	155.716
259.717	-12.631	155.732
259.690	-12.172	155.755
259.663	-11.712	155.787
259.645	-11.255	155.812
259.646	-10.828	155.847
259.634	-10.457	155.899
259.624	-10.135	155.936
259.612	-9.879	155.966
259.613	-9.699	155.990
259.615	-9.616	156.002
259.622	-9.649	156.015
259.621	-9.747	155.995
259.620	-9.947	155.964
259.636	-10.245	155.941
259.650	-10.625	155.893
259.669	-11.075	155.831
259.693	-11.595	155.774
259.728	-12.166	155.726
259.766	-12.757	155.702
259.785	-13.357	155.698
259.811	-13.995	155.730
259.826	-14.571	155.734
259.835	-15.129	155.765
259.855	-15.630	155.796
259.885	-16.055	155.826
259.951	-16.199	155.898
259.974	-16.015	155.918
259.926	-15.794	155.877
259.877	-15.562	155.839
259.850	-15.295	155.803
259.857	-14.986	155.782
259.855	-14.634	155.755
259.835	-14.247	155.733
259.817	-13.830	155.718
259.782	-13.386	155.704
259.747	-12.953	155.728
259.710	-12.495	155.746
259.688	-12.029	155.765
259.659	-11.583	155.807
259.647	-11.144	155.831
259.642	-10.731	155.868
259.628	-10.376	155.922
259.625	-10.079	155.955
259.612	-9.826	155.965
259.612	-9.685	155.985
259.620	-9.630	155.998
259.618	-9.673	155.994
259.620	-9.807	155.982
259.624	-10.029	155.948
259.636	-10.347	155.921
259.653	-10.747	155.879
259.679	-11.206	155.812
259.705	-11.739	155.765
259.723	-12.295	155.717
259.764	-12.905	155.712
259.784	-13.492	155.681
259.814	-14.119	155.721
259.827	-14.702	155.752
259.835	-15.232	155.771
259.860	-15.714	155.813
259.880	-16.117	155.832
259.965	-16.159	155.906
259.967	-15.980	155.916
259.917	-15.757	155.874
259.873	-15.524	155.842
259.846	-15.238	155.800
259.847	-14.914	155.764
259.854	-14.577	155.759
259.831	-14.186	155.747
259.812	-13.755	155.725
259.776	-13.299	155.704
259.746	-12.866	155.736
259.705	-12.387	155.741
259.682	-11.944	155.780
259.656	-11.488	155.809
259.640	-11.028	155.824
259.636	-10.630	155.871
259.630	-10.297	155.931
259.625	-9.999	155.963
259.613	-9.768	155.976
259.623	-9.652	156.006
259.624	-9.623	156.022
259.621	-9.674	156.001
259.626	-9.822	155.969
259.627	-10.087	155.966
259.634	-10.418	155.922
259.659	-10.828	155.856
259.681	-11.319	155.802
259.711	-11.860	155.743
259.752	-12.454	155.714
259.770	-13.058	155.709
259.795	-13.655	155.696
259.817	-14.273	155.729
259.832	-14.847	155.748
259.849	-15.374	155.781
259.866	-15.837	155.812
259.882	-16.217	155.849
259.971	-16.100	155.907
259.957	-15.929	155.910
259.896	-15.682	155.864
259.863	-15.443	155.827
259.847	-15.149	155.793
259.854	-14.818	155.767
259.841	-14.445	155.751
259.833	-14.050	155.740
259.799	-13.601	155.703
259.755	-13.159	155.717
259.725	-12.712	155.744
259.687	-12.232	155.747
259.664	-11.775	155.785
259.644	-11.331	155.822
259.644	-10.884	155.850
259.631	-10.499	155.906
259.618	-10.166	155.944
259.609	-9.884	155.968
259.616	-9.698	155.995
259.614	-9.596	156.013
259.616	-9.589	156.009
259.620	-9.677	155.999
259.619	-9.865	155.979
259.624	-10.149	155.950
259.639	-10.506	155.898
259.667	-10.953	155.847
259.683	-11.461	155.787
259.712	-12.016	155.723
259.748	-12.619	155.712
259.768	-13.221	155.692
259.798	-13.856	155.708
259.821	-14.449	155.737
259.827	-15.019	155.766
259.845	-15.539	155.799
259.870	-15.974	155.813
259.930	-16.222	155.888
259.972	-16.036	155.911
259.942	-15.846	155.899
259.879	-15.611	155.857
259.846	-15.338	155.806
259.845	-15.048	155.786
259.851	-14.703	155.770
259.836	-14.331	155.743
259.824	-13.917	155.722
259.789	-13.474	155.698
259.745	-13.044	155.717
259.711	-12.601	155.744
259.682	-12.138	155.758
259.667	-11.694	155.796
259.648	-11.251	155.827
259.643	-10.818	155.852
259.631	-10.452	155.902
259.620	-10.140	155.945
259.615	-9.886	155.959
259.617	-9.721	155.987
259.618	-9.652	156.008
259.622	-9.674	156.003
259.624	-9.778	155.993
259.628	-9.995	155.976
259.631	-10.270	155.928
259.650	-10.655	155.884
259.678	-11.107	155.822
259.705	-11.635	155.786
259.730	-12.196	155.732
259.758	-12.779	155.704
259.794	-13.379	155.694
259.808	-14.002	155.724
259.830	-14.583	155.738
259.835	-15.135	155.763
259.860	-15.630	155.797
259.880	-16.055	155.829
259.949	-16.190	155.903
259.975	-16.010	155.920
259.924	-15.800	155.881
259.882	-15.566	155.838
259.847	-15.295	155.798
259.852	-14.990	155.774
259.859	-14.653	155.764
259.836	-14.267	155.738
259.810	-13.856	155.727
259.782	-13.416	155.706
259.747	-12.984	155.729
259.712	-12.523	155.743
259.685	-12.073	155.766
259.655	-11.621	155.800
259.651	-11.193	155.834
259.645	-10.780	155.879
259.625	-10.410	155.909
259.630	-10.116	155.954
259.622	-9.875	155.978
259.621	-9.717	155.991
259.618	-9.651	155.998
259.626	-9.684	155.997
259.620	-9.807	155.980
259.629	-10.028	155.963
259.640	-10.341	155.929
259.657	-10.714	155.875
259.668	-11.169	155.805
259.702	-11.690	155.754
259.724	-12.268	155.715
259.757	-12.870	155.707
259.781	-13.467	155.696
259.812	-14.092	155.732
259.821	-14.662	155.744
259.837	-15.204	155.772
259.851	-15.680	155.791
259.875	-16.099	155.829
259.943	-16.157	155.891
259.965	-15.995	155.920
259.908	-15.785	155.888
259.864	-15.535	155.841
259.846	-15.264	155.802
259.843	-14.957	155.777
259.848	-14.595	155.751
259.832	-14.224	155.749
259.820	-13.811	155.727
259.780	-13.352	155.710
259.744	-12.917	155.730
259.707	-12.457	155.747
259.680	-12.000	155.772
259.660	-11.556	155.812
259.649	-11.105	155.829
259.642	-10.695	155.866
259.629	-10.345	155.921
259.623	-10.045	155.950
259.616	-9.815	155.973
259.613	-9.669	155.988
259.621	-9.632	156.006
259.618	-9.672	155.997
259.615	-9.806	155.973
259.620	-10.044	155.955
259.638	-10.370	155.921
259.661	-10.782	155.878
259.677	-11.242	155.801
259.705	-11.780	155.760
259.737	-12.366	155.725
259.770	-12.964	155.710
259.798	-13.557	155.689
259.816	-14.185	155.727
259.827	-14.763	155.749
259.840	-15.300	155.781
259.871	-15.769	155.803
259.888	-16.173	155.843
259.965	-16.129	155.910
259.962	-15.950	155.913
259.908	-15.724	155.873
259.865	-15.480	155.824
259.846	-15.195	155.790
259.851	-14.879	155.760
259.849	-14.527	155.742
259.832	-14.138	155.740
259.815	-13.711	155.722
259.775	-13.279	155.724
259.737	-12.826	155.730
259.704	-12.364	155.739
259.668	-11.908	155.765
259.651	-11.476	155.813
259.642	-11.026	155.836
259.632	-10.620	155.866
259.629	-10.295	155.921
259.625	-10.010	155.951
259.618	-9.799	155.971
259.617	-9.680	155.990
259.624	-9.648	156.000
259.626	-9.729	155.997
259.619	-9.860	155.962
259.626	-10.133	155.947
259.650	-10.476	155.912
259.658	-10.887	155.853
259.686	-11.375	155.790
259.708	-11.907	155.737
259.741	-12.495	155.722
259.767	-13.085	155.707
259.796	-13.701	155.710
259.819	-14.293	155.729
259.828	-14.861	155.749
259.830	-15.388	155.782
259.861	-15.846	155.814
259.889	-16.225	155.859
259.968	-16.108	155.918
259.951	-15.919	155.904
259.898	-15.702	155.875
259.850	-15.442	155.824
259.847	-15.162	155.792
259.838	-14.820	155.761
259.845	-14.468	155.747
259.822	-14.075	155.736
259.800	-13.642	155.722
259.762	-13.193	155.712
259.730	-12.738	155.719
259.689	-12.285	155.747
259.670	-11.833	155.782
259.652	-11.393	155.824
259.645	-10.942	155.848
259.637	-10.553	155.895
259.624	-10.210	155.938
259.615	-9.929	155.965
259.614	-9.728	155.985
259.614	-9.626	156.013
259.623	-9.620	156.013
259.626	-9.702	156.011
259.620	-9.860	155.972
259.633	-10.150	155.955
259.652	-10.499	155.917
259.670	-10.933	155.852
259.692	-11.441	155.793
259.719	-11.990	155.738
259.750	-12.592	155.718
259.779	-13.193	155.704
259.807	-13.806	155.702
259.824	-14.416	155.728
259.837	-14.988	155.763
259.850	-15.501	155.789
259.880	-15.945	155.816
259.923	-16.240	155.877
259.983	-16.064	155.921
259.942	-15.858	155.895
259.891	-15.631	155.854
259.858	-15.368	155.817
259.852	-15.070	155.783
259.847	-14.719	155.748
259.844	-14.362	155.749
259.835	-13.971	155.745
259.798	-13.526	155.718
259.761	-13.088	155.731
259.724	-12.633	155.740
259.681	-12.161	155.751
259.666	-11.723	155.796
259.650	-11.279	155.832
259.647	-10.850	155.862
259.632	-10.468	155.901
259.630	-10.160	155.946
259.616	-9.896	155.966
259.619	-9.716	155.986
259.620	-9.629	155.998
259.626	-9.643	155.997
259.620	-9.745	155.985
259.623	-9.931	155.955
259.637	-10.235	155.937
259.648	-10.602	155.885
259.670	-11.046	155.830
259.702	-11.564	155.778
259.720	-12.114	155.724
259.752	-12.711	155.707
259.783	-13.304	155.692
259.806	-13.933	155.719
259.823	-14.513	155.726
259.835	-15.078	155.768
259.852	-15.582	155.803
259.872	-16.002	155.818
259.925	-16.216	155.898
259.968	-16.031	155.924
259.929	-15.829	155.884
259.877	-15.593	155.848
259.847	-15.336	155.809
259.841	-15.023	155.777
259.844	-14.685	155.763
259.833	-14.310	155.744
259.813	-13.904	155.732
259.785	-13.456	155.711
259.747	-13.018	155.732
259.711	-12.557	155.736
259.684	-12.102	155.760
259.661	-11.641	155.790
259.649	-11.203	155.822
259.634	-10.770	155.856
259.628	-10.408	155.907
259.618	-10.103	155.949
259.617	-9.849	155.968
259.613	-9.693	155.990
259.615	-9.628	156.008
259.620	-9.660	156.009
259.617	-9.773	155.984
259.628	-9.997	155.967
259.638	-10.308	155.934
259.656	-10.693	155.878
259.676	-11.154	155.816
259.706	-11.686	155.768
259.723	-12.247	155.717
259.770	-12.852	155.714
259.790	-13.448	155.691
259.820	-14.080	155.729
259.826	-14.658	155.743
259.841	-15.200	155.769
259.851	-15.681	155.805
259.876	-16.095	155.824
259.953	-16.169	155.907
259.969	-15.994	155.918
259.919	-15.775	155.880
259.872	-15.535	155.840
259.850	-15.256	155.801
259.846	-14.938	155.767
259.842	-14.585	155.754
259.837	-14.205	155.745
259.809	-13.783	155.731
259.781	-13.339	155.722
259.743	-12.878	155.728
259.700	-12.416	155.747
259.670	-11.954	155.776
259.655	-11.499	155.815
259.646	-11.050	155.837
259.634	-10.649	155.889
259.623	-10.289	155.929
259.620	-9.993	155.963
259.617	-9.751	155.969
259.617	-9.631	156.000
259.624	-9.592	156.010
259.620	-9.627	155.990
259.620	-9.778	155.977
259.623	-10.031	155.961
259.636	-10.355	155.911
259.657	-10.767	155.857
259.675	-11.254	155.789
259.698	-11.802	155.750
259.737	-12.386	155.713
259.769	-12.990	155.703
259.788	-13.613	155.703
259.821	-14.233	155.729
259.826	-14.799	155.749
259.843	-15.342	155.787
259.857	-15.793	155.801
259.884	-16.196	155.849
259.973	-16.116	155.917
259.955	-15.934	155.908
259.906	-15.710	155.874
259.858	-15.461	155.825
259.850	-15.183	155.800
259.849	-14.845	155.764
259.843	-14.485	155.740
259.826	-14.113	155.745
259.804	-13.665	155.705
259.766	-13.230	155.718
259.737	-12.786	155.730
259.698	-12.321	155.735
259.664	-11.868	155.767
259.654	-11.438	155.816
259.644	-10.998	155.837
259.645	-10.615	155.886
259.634	-10.273	155.924
259.622	-10.007	155.964
259.619	-9.787	155.965
259.622	-9.688	155.997
259.620	-9.665	156.007
259.628	-9.740	155.998
259.622	-9.900	155.967
259.631	-10.159	155.947
259.650	-10.510	155.919
259.671	-10.924	155.855
259.693	-11.411	155.793
259.717	-11.949	155.733
259.744	-12.540	155.712
259.774	-13.127	155.700
259.809	-13.742	155.709
259.819	-14.337	155.727
259.838	-14.900	155.747
259.846	-15.425	155.782
259.875	-15.874	155.812
259.900	-16.225	155.848
259.973	-16.093	155.920
259.946	-15.902	155.901
259.889	-15.670	155.859
259.857	-15.415	155.808
259.845	-15.139	155.794
259.843	-14.796	155.756
259.835	-14.428	155.739
259.828	-14.044	155.743
259.796	-13.593	155.708
259.766	-13.162	155.717
259.726	-12.719	155.746
259.684	-12.253	155.754
259.660	-11.793	155.783
259.650	-11.364	155.816
259.645	-10.921	155.852
259.632	-10.538	155.891
259.621	-10.221	155.938
259.617	-9.944	155.961
259.613	-9.749	155.981
259.614	-9.652	155.993
259.617	-9.644	155.991
259.623	-9.725	155.975
259.620	-9.909	155.954
259.628	-10.198	155.939
259.651	-10.557	155.897
259.671	-10.992	155.835
259.699	-11.503	155.787
259.722	-12.043	155.725
259.743	-12.623	155.693
259.774	-13.230	155.691
259.807	-13.853	155.712
259.821	-14.434	155.722
259.832	-15.007	155.762
259.851	-15.514	155.790
259.867	-15.946	155.806
259.922	-16.228	155.886
259.969	-16.056	155.927
259.938	-15.854	155.898
259.880	-15.621	155.855
259.849	-15.363	155.814
259.842	-15.068	155.787
259.851	-14.730	155.771
259.834	-14.356	155.743
259.815	-13.951	155.732
259.792	-13.513	155.710
259.755	-13.073	155.718
259.720	-12.632	155.745
259.688	-12.164	155.754
259.665	-11.718	155.797
259.650	-11.263	155.810
259.643	-10.844	155.857
259.631	-10.472	155.907
259.624	-10.158	155.947
259.618	-9.884	155.954
259.615	-9.716	155.982
259.625	-9.644	156.002
259.621	-9.663	156.008
259.612	-9.760	155.986
259.628	-9.975	155.971
259.636	-10.263	155.936
259.652	-10.645	155.890
259.672	-11.085	155.818
259.694	-11.601	155.766
259.731	-12.180	155.728
259.768	-12.775	155.709
259.793	-13.373	155.701
259.812	-13.997	155.723
259.829	-14.588	155.746
259.837	-15.132	155.759
259.859	-15.634	155.794
259.881	-16.064	155.828
259.953	-16.196	155.908
259.978	-16.014	155.926
259.922	-15.801	155.887
259.881	-15.556	155.837
259.847	-15.277	155.794
259.855	-14.982	155.773
259.853	-14.632	155.753
259.841	-14.250	155.739
259.820	-13.845	155.730
259.780	-13.404	155.722
259.745	-12.962	155.731
259.710	-12.527	155.756
259.686	-12.074	155.778
259.654	-11.627	155.806
259.653	-11.192	155.837
259.641	-10.780	155.866
259.630	-10.427	155.915
259.627	-10.132	155.949
259.618	-9.898	155.969
259.624	-9.741	155.981
259.627	-9.699	156.004
259.622	-9.722	155.990
259.625	-9.846	155.972
259.632	-10.073	155.959
259.638	-10.371	155.928
259.660	-10.762	155.880
259.674	-11.212	155.812
259.700	-11.732	155.766
259.726	-12.290	155.714
259.770	-12.891	155.706
259.788	-13.491	155.702
259.820	-14.112	155.731
259.820	-14.680	155.747
259.835	-15.216	155.773
259.855	-15.704	155.815
259.876	-16.104	155.830
259.950	-16.164	155.901
259.968	-15.981	155.908
259.914	-15.775	155.876
259.867	-15.542	155.838
259.845	-15.262	155.801
259.851	-14.952	155.773
259.847	-14.593	155.750
259.840	-14.223	155.743
259.811	-13.809	155.731
259.784	-13.368	155.713
259.754	-12.931	155.736
259.714	-12.470	155.741
259.679	-12.011	155.769
259.663	-11.567	155.806
259.649	-11.119	155.819
259.638	-10.726	155.871
259.633	-10.368	155.915
259.623	-10.076	155.954
259.612	-9.841	155.971
259.616	-9.702	155.994
259.626	-9.651	156.004
259.617	-9.685	155.994
259.618	-9.817	155.975
259.633	-10.058	155.963
259.641	-10.361	155.918
259.653	-10.771	155.876
259.677	-11.235	155.812
259.706	-11.763	155.763
259.730	-12.333	155.719
259.771	-12.940	155.717
259.791	-13.525	155.692
259.815	-14.148	155.724
259.824	-14.728	155.754
259.840	-15.250	155.766
259.864	-15.739	155.801
259.878	-16.143	155.836
259.961	-16.146	155.904
259.965	-15.965	155.908
259.910	-15.752	155.881
259.866	-15.514	155.835
259.842	-15.232	155.795
259.841	-14.907	155.765
259.848	-14.553	155.743
259.833	-14.177	155.743
259.813	-13.756	155.721
259.774	-13.308	155.709
259.738	-12.876	155.733
259.704	-12.412	155.747
259.670	-11.955	155.768
259.655	-11.510	155.807
259.643	-11.070	155.840
259.628	-10.657	155.869
259.626	-10.321	155.922
259.618	-10.031	155.954
259.609	-9.804	155.973
259.617	-9.679	155.994
259.618	-9.647	156.000
259.618	-9.699	155.992
259.619	-9.853	155.972
259.625	-10.105	155.952
259.636	-10.434	155.913
259.659	-10.844	155.855
259.679	-11.336	155.803
259.708	-11.871	155.746
259.733	-12.449	155.713
259.763	-13.054	155.708
259.799	-13.659	155.704
259.816	-14.269	155.737
259.818	-14.841	155.756
259.841	-15.358	155.780
259.866	-15.812	155.804
259.880	-16.202	155.844
259.965	-16.118	155.920
259.954	-15.937	155.914
259.900	-15.707	155.868
259.858	-15.456	155.824
259.837	-15.173	155.790
259.843	-14.844	155.755
259.847	-14.497	155.753
259.830	-14.112	155.750
259.804	-13.670	155.713
259.771	-13.222	155.713
259.730	-12.780	155.729
259.693	-12.313	155.732
259.668	-11.859	155.766
259.649	-11.430	155.818
259.641	-10.978	155.835
259.635	-10.591	155.876
259.629	-10.261	155.936
259.617	-9.988	155.968
259.609	-9.775	155.985
259.618	-9.662	155.999
259.626	-9.644	156.004
259.618	-9.703	155.991
259.629	-9.875	155.974
259.634	-10.143	155.957
259.645	-10.485	155.917
259.666	-10.906	155.859
259.686	-11.393	155.786
259.719	-11.945	155.739
259.753	-12.526	155.713
259.775	-13.121	155.696
259.799	-13.752	155.718
259.830	-14.331	155.722
259.829	-14.906	155.749
259.853	-15.428	155.785
259.874	-15.872	155.802
259.898	-16.224	155.846
259.976	-16.090	155.908
259.950	-15.900	155.898
259.896	-15.667	155.861
259.859	-15.416	155.818
259.852	-15.132	155.789
259.857	-14.795	155.760
259.844	-14.429	155.744
259.823	-14.030	155.738
259.797	-13.588	155.695
259.764	-13.155	155.720
259.728	-12.699	155.731
259.688	-12.250	155.754
259.666	-11.796	155.784
259.644	-11.350	155.809
259.649	-10.931	155.856
259.632	-10.546	155.889
259.625	-10.221	155.936
259.624	-9.953	155.960
259.627	-9.762	155.981
259.615	-9.659	155.992
259.627	-9.669	156.003
259.619	-9.740	155.983
259.617	-9.918	155.963
259.634	-10.197	155.941
259.649	-10.568	155.910
259.669	-10.985	155.843
259.688	-11.482	155.781
259.722	-12.031	155.728
259.744	-12.618	155.705
259.771	-13.218	155.697
259.795	-13.843	155.721
259.818	-14.419	155.728
259.834	-14.992	155.767
259.845	-15.490	155.786
259.871	-15.931	155.814
259.908	-16.232	155.873
259.967	-16.065	155.915
259.940	-15.874	155.899
259.882	-15.640	155.855
259.850	-15.386	155.819
259.847	-15.094	155.790
259.848	-14.752	155.765
259.838	-14.378	155.745
259.825	-13.974	155.737
259.799	-13.538	155.716
259.754	-13.083	155.713
259.725	-12.632	155.735
259.680	-12.163	155.744
259.660	-11.713	155.790
259.651	-11.263	155.820
259.642	-10.835	155.856
259.639	-10.462	155.906
259.625	-10.134	155.944
259.615	-9.874	155.970
259.618	-9.700	155.996
259.617	-9.624	156.012
259.617	-9.635	156.009
259.621	-9.739	155.995
259.621	-9.941	155.975
259.635	-10.233	155.941
259.652	-10.614	155.898
259.676	-11.061	155.828
259.698	-11.581	155.768
259.728	-12.158	155.730
259.757	-12.748	155.708
259.792	-13.358	155.702
259.816	-13.989	155.724
259.826	-14.559	155.722
259.837	-15.117	155.755
259.859	-15.612	155.782
259.877	-16.038	155.811
259.949	-16.189	155.895
259.980	-16.009	155.919
259.931	-15.801	155.891
259.874	-15.569	155.850
259.846	-15.282	155.790
259.855	-14.998	155.787
259.854	-14.632	155.745
259.837	-14.257	155.747
259.820	-13.854	155.734
259.787	-13.395	155.710
259.745	-12.961	155.721
259.706	-12.505	155.738
259.682	-12.054	155.775
259.659	-11.601	155.803
259.644	-11.154	155.823
259.638	-10.747	155.867
259.630	-10.385	155.914
259.620	-10.095	155.954
259.615	-9.852	155.965
259.612	-9.709	155.988
259.615	-9.652	155.993
259.623	-9.695	155.999
259.624	-9.831	155.983
259.629	-10.058	155.957
259.635	-10.371	155.926
259.654	-10.759	155.862
259.670	-11.231	155.810
259.703	-11.754	155.759
259.729	-12.338	155.728
259.770	-12.931	155.709
259.787	-13.530	155.695
259.810	-14.157	155.742
259.821	-14.728	155.755
259.828	-15.257	155.774
259.861	-15.743	155.809
259.881	-16.141	155.832
259.958	-16.146	155.906
259.962	-15.974	155.925
259.906	-15.759	155.881
259.864	-15.511	155.838
259.848	-15.241	155.803
259.844	-14.916	155.768
259.849	-14.560	155.743
259.827	-14.192	155.748
259.813	-13.756	155.719
259.777	-13.318	155.711
259.745	-12.883	155.731
259.707	-12.425	155.747
259.675	-11.967	155.773
259.663	-11.522	155.806
259.658	-11.073	155.826
259.634	-10.678	155.874
259.624	-10.328	155.916
259.620	-10.052	155.960
259.615	-9.813	155.964
259.616	-9.692	155.989
259.618	-9.644	155.994
259.616	-9.703	155.987
259.615	-9.856	155.981
259.629	-10.106	155.958
259.639	-10.425	155.912
259.664	-10.845	155.869
259.676	-11.318	155.803
259.710	-11.852	155.753
259.739	-12.439	155.724
259.773	-13.038	155.710
259.798	-13.637	155.698
259.814	-14.245	155.723
259.823	-14.814	155.741
259.842	-15.352	155.784
259.868	-15.812	155.805
259.888	-16.211	155.852
259.972	-16.126	155.921
259.955	-15.938	155.906
259.904	-15.709	155.863
259.863	-15.453	155.816
259.852	-15.188	155.800
259.848	-14.857	155.767
259.853	-14.498	155.743
259.840	-14.121	155.744
259.803	-13.693	155.716
259.772	-13.257	155.722
259.739	-12.820	155.741
259.698	-12.357	155.747
259.670	-11.911	155.776
259.655	-11.464	155.814
259.651	-11.028	155.840
259.641	-10.654	155.891
259.634	-10.314	155.933
259.622	-10.038	155.965
259.620	-9.813	155.962
259.616	-9.714	156.000
259.626	-9.675	155.996
259.625	-9.747	155.990
259.625	-9.904	155.970
259.631	-10.152	155.944
259.641	-10.484	155.905
259.657	-10.901	155.848
259.686	-11.392	155.795
259.714	-11.920	155.736
259.741	-12.508	155.722
259.760	-13.087	155.698
259.796	-13.703	155.707
259.814	-14.303	155.737
259.827	-14.872	155.763
259.843	-15.387	155.787
259.864	-15.845	155.820
259.890	-16.223	155.854
259.963	-16.107	155.919
259.948	-15.927	155.908
259.892	-15.700	155.875
259.852	-15.444	155.821
259.843	-15.168	155.794
259.841	-14.822	155.757
259.846	-14.476	155.746
259.825	-14.085	155.739
259.799	-13.652	155.717
259.769	-13.219	155.720
259.740	-12.782	155.744
259.695	-12.316	155.748
259.670	-11.851	155.769
259.650	-11.422	155.815
259.640	-10.987	155.841
259.634	-10.601	155.890
259.628	-10.267	155.931
259.622	-9.996	155.965
259.615	-9.793	155.983
259.615	-9.691	156.011
259.619	-9.664	156.006
259.615	-9.738	155.996
259.624	-9.899	155.976
259.631	-10.165	155.950
259.646	-10.514	155.914
259.662	-10.927	155.858
259.682	-11.419	155.793
259.718	-11.963	155.735
259.744	-12.547	155.719
259.768	-13.137	155.690
259.804	-13.759	155.709
259.812	-14.355	155.730
259.828	-14.922	155.753
259.846	-15.432	155.782
259.868	-15.891	155.809
259.904	-16.242	155.860
259.970	-16.087	155.918
259.942	-15.901	155.904
259.894	-15.669	155.860
259.849	-15.407	155.814
259.844	-15.125	155.786
259.844	-14.790	155.758
259.838	-14.421	155.738
259.823	-14.041	155.745
259.795	-13.596	155.706
259.764	-13.167	155.727
259.720	-12.703	155.722
259.685	-12.259	155.746
259.665	-11.813	155.788
259.645	-11.365	155.817
259.644	-10.941	155.848
259.635	-10.562	155.897
259.622	-10.233	155.930
259.620	-9.968	155.959
259.617	-9.772	155.975
259.624	-9.668	155.995
259.623	-9.664	155.993
259.621	-9.755	155.989
259.626	-9.936	155.974
259.633	-10.199	155.936
259.652	-10.560	155.899
259.666	-10.982	155.846
259.693	-11.483	155.788
259.719	-12.033	155.739
259.746	-12.623	155.716
259.774	-13.212	155.702
259.806	-13.836	155.721
259.819	-14.416	155.738
259.829	-14.985	155.761
259.848	-15.491	155.789
259.874	-15.931	155.817
259.910	-16.248	155.890
259.976	-16.072	155.927
259.941	-15.875	155.900
259.883	-15.651	155.872
259.848	-15.387	155.823
259.842	-15.086	155.781
259.849	-14.761	155.772
259.836	-14.377	155.741
259.815	-13.986	155.735
259.790	-13.554	155.707
259.753	-13.112	155.722
259.730	-12.672	155.750
259.691	-12.206	155.758
259.670	-11.754	155.790
259.648	-11.300	155.808
259.646	-10.880	155.854
259.636	-10.510	155.900
259.631	-10.189	155.934
259.619	-9.930	155.964
259.619	-9.758	155.987
259.620	-9.665	155.998
259.624	-9.678	156.001
259.620	-9.782	155.986
259.626	-9.979	155.967
259.634	-10.255	155.935
259.653	-10.634	155.904
259.670	-11.063	155.828
259.706	-11.594	155.787
259.724	-12.138	155.732
259.766	-12.735	155.707
259.782	-13.323	155.700
259.811	-13.939	155.718
259.826	-14.519	155.726
259.838	-15.085	155.761
259.853	-15.589	155.794
259.882	-16.022	155.823
259.943	-16.211	155.893
259.973	-16.038	155.921
259.933	-15.829	155.889
259.880	-15.603	155.851
259.851	-15.338	155.813
259.851	-15.036	155.789
259.856	-14.705	155.777
259.843	-14.313	155.747
259.817	-13.902	155.738
259.778	-13.447	155.709
259.747	-13.020	155.732
259.712	-12.568	155.750
259.687	-12.112	155.771
259.655	-11.654	155.794
259.648	-11.216	155.832
259.649	-10.797	155.859
259.632	-10.443	155.916
259.627	-10.132	155.956
259.617	-9.883	155.968
259.617	-9.723	155.983
259.626	-9.662	156.000
259.624	-9.689	156.001
259.618	-9.799	155.971
259.629	-10.029	155.969
259.636	-10.325	155.927
259.654	-10.699	155.866
259.675	-11.161	155.809
259.701	-11.686	155.761
259.723	-12.252	155.719
259.757	-12.847	155.704
259.781	-13.435	155.679
259.817	-14.080	155.735
259.832	-14.655	155.752
259.832	-15.191	155.772
259.861	-15.686	155.805
259.868	-16.097	155.836
259.955	-16.168	155.900
259.970	-15.990	155.920
259.913	-15.778	155.887
259.870	-15.542	155.845
259.844	-15.268	155.800
259.850	-14.963	155.776
259.859	-14.610	155.757
259.833	-14.237	155.748
259.810	-13.826	155.727
259.785	-13.385	155.710
259.743	-12.942	155.723
259.710	-12.497	155.744
259.683	-12.045	155.771
259.656	-11.590	155.799
259.649	-11.148	155.822
259.638	-10.753	155.873
259.630	-10.385	155.913
259.625	-10.091	155.951
259.619	-9.852	155.970
259.625	-9.718	156.005
259.622	-9.658	156.002
259.626	-9.701	156.001
259.626	-9.829	155.985
259.633	-10.061	155.962
259.643	-10.379	155.933
259.664	-10.766	155.874
259.682	-11.230	155.805
259.711	-11.761	155.760
259.733	-12.334	155.723
259.772	-12.940	155.709
259.793	-13.535	155.701
259.814	-14.155	155.723
259.825	-14.728	155.744
259.839	-15.267	155.769
259.867	-15.751	155.810
259.885	-16.152	155.835
259.958	-16.141	155.898
259.962	-15.973	155.918
259.912	-15.767	155.889
259.872	-15.510	155.836
259.840	-15.216	155.786
259.839	-14.911	155.779
259.849	-14.553	155.746
259.829	-14.171	155.744
259.809	-13.747	155.731
259.773	-13.294	155.717
259.735	-12.856	155.736
259.698	-12.399	155.755
259.678	-11.935	155.775
259.655	-11.487	155.808
259.645	-11.042	155.830
259.636	-10.649	155.883
259.627	-10.308	155.932
259.621	-10.024	155.967
259.614	-9.804	155.981
259.613	-9.668	155.995
259.618	-9.638	156.000
259.617	-9.694	155.989
259.620	-9.850	155.973
259.630	-10.108	155.957
259.640	-10.435	155.911
259.664	-10.845	155.854
259.679	-11.331	155.797
259.709	-11.871	155.746
259.740	-12.450	155.714
259.761	-13.042	155.698
259.801	-13.663	155.706
259.819	-14.268	155.735
259.825	-14.831	155.750
259.843	-15.360	155.783
259.872	-15.832	155.818
259.890	-16.211	155.856
259.967	-16.114	155.916
259.955	-15.938	155.908
259.899	-15.712	155.872
259.861	-15.464	155.828
259.838	-15.178	155.791
259.850	-14.853	155.763
259.844	-14.501	155.748
259.826	-14.111	155.744
259.804	-13.682	155.721
259.767	-13.234	155.713
259.731	-12.794	155.737
259.686	-12.327	155.735
259.667	-11.870	155.770
259.654	-11.435	155.810
259.640	-10.997	155.840
259.637	-10.607	155.886
259.629	-10.267	155.926
259.624	-9.992	155.959
259.614	-9.787	155.983
259.615	-9.681	155.999
259.620	-9.662	156.010
259.623	-9.736	155.991
259.623	-9.895	155.977
259.638	-10.157	155.944
259.650	-10.504	155.912
259.669	-10.932	155.852
259.692	-11.428	155.797
259.720	-11.973	155.743
259.747	-12.551	155.713
259.774	-13.152	155.704
259.808	-13.771	155.711
259.824	-14.355	155.722
259.836	-14.939	155.762
259.846	-15.456	155.785
259.874	-15.895	155.807
259.904	-16.231	155.862
259.976	-16.079	155.919
259.942	-15.888	155.898
259.894	-15.665	155.868
259.850	-15.397	155.817
259.843	-15.114	155.793
259.848	-14.773	155.759
259.837	-14.413	155.748
259.830	-14.020	155.743
259.796	-13.579	155.712
259.754	-13.151	155.726
259.727	-12.706	155.740
259.684	-12.239	155.749
259.665	-11.806	155.790
259.647	-11.372	155.828
259.639	-10.938	155.849
259.635	-10.567	155.897
259.628	-10.250	155.944
259.615	-9.985	155.965
259.611	-9.795	155.976
259.621	-9.705	155.992
259.618	-9.689	155.982
259.615	-9.781	155.969
259.625	-9.984	155.972
259.626	-10.236	155.929
259.648	-10.603	155.902
259.669	-11.024	155.834
259.692	-11.524	155.786
259.720	-12.077	155.740
259.744	-12.646	155.708
259.775	-13.238	155.699
259.801	-13.857	155.719
259.823	-14.438	155.731
259.831	-14.995	155.762
259.846	-15.502	155.792
259.872	-15.941	155.822
259.913	-16.245	155.887
259.966	-16.063	155.923
259.940	-15.870	155.900
259.885	-15.648	155.868
259.852	-15.380	155.815
259.841	-15.091	155.789
259.843	-14.746	155.757
259.832	-14.376	155.744
259.818	-13.964	155.720
259.795	-13.529	155.703
259.755	-13.092	155.713
259.729	-12.641	155.736
259.689	-12.183	155.759
259.670	-11.726	155.786
259.651	-11.285	155.824
259.649	-10.859	155.854
259.639	-10.485	155.910
259.629	-10.168	155.952
259.617	-9.889	155.960
259.623	-9.727	155.990
259.625	-9.649	156.010
259.627	-9.651	156.003
259.623	-9.762	155.994
259.631	-9.962	155.971
259.640	-10.256	155.944
259.662	-10.629	155.891
259.677	-11.073	155.835
259.699	-11.587	155.777
259.727	-12.150	155.727
259.761	-12.747	155.713
259.786	-13.338	155.687
259.815	-13.963	155.711
259.833	-14.546	155.725
259.845	-15.112	155.766
259.866	-15.615	155.799
259.886	-16.044	155.823
259.949	-16.195	155.895
259.973	-16.013	155.917
259.935	-15.812	155.888
259.882	-15.565	155.846
259.849	-15.299	155.800
259.849	-14.988	155.777
259.860	-14.649	155.759
259.841	-14.261	155.737
259.815	-13.851	155.721
259.785	-13.409	155.712
259.749	-12.963	155.720
259.712	-12.512	155.745
259.678	-12.057	155.761
259.655	-11.610	155.802
259.649	-11.166	155.828
259.641	-10.756	155.863
259.633	-10.397	155.916
259.616	-10.087	155.946
259.614	-9.843	155.965
259.619	-9.697	155.990
259.624	-9.642	156.001
259.628	-9.677	156.000
259.623	-9.800	155.970
259.630	-10.034	155.963
259.636	-10.337	155.924
259.655	-10.736	155.878
259.681	-11.202	155.817
259.702	-11.715	155.757
259.729	-12.295	155.725
259.770	-12.895	155.705
259.786	-13.488	155.700
259.817	-14.111	155.726
259.832	-14.689	155.747
259.837	-15.234	155.774
259.860	-15.717	155.804
259.879	-16.125	155.832
259.965	-16.158	155.906
259.961	-15.973	155.917
259.914	-15.764	155.885
259.859	-15.517	155.831
259.840	-15.241	155.799
259.844	-14.930	155.774
259.856	-14.580	155.760
259.831	-14.191	155.746
259.802	-13.762	155.718
259.776	-13.322	155.709
259.745	-12.883	155.730
259.704	-12.429	155.750
259.674	-11.965	155.773
259.651	-11.519	155.807
259.643	-11.065	155.829
259.640	-10.669	155.876
259.629	-10.316	155.927
259.626	-10.019	155.952
259.614	-9.781	155.968
259.617	-9.650	155.998
259.620	-9.623	156.018
259.621	-9.675	156.008
259.627	-9.818	155.988
259.627	-10.060	155.961
259.641	-10.397	155.930
259.668	-10.808	155.865
259.679	-11.288	155.804
259.709	-11.822	155.748
259.745	-12.418	155.719
259.777	-13.013	155.702
259.798	-13.623	155.697
259.822	-14.241	155.725
259.836	-14.818	155.751
259.844	-15.343	155.778
259.870	-15.812	155.799
259.895	-16.212	155.845
259.979	-16.107	155.909
259.959	-15.927	155.906
259.902	-15.697	155.871
259.859	-15.444	155.820
259.847	-15.173	155.796
259.860	-14.842	155.772
259.846	-14.470	155.746
259.831	-14.089	155.738
259.802	-13.650	155.705
259.766	-13.211	155.713
259.729	-12.766	155.729
259.685	-12.303	155.746
259.665	-11.851	155.780
259.653	-11.403	155.815
259.645	-10.964	155.844
259.637	-10.571	155.890
259.625	-10.243	155.941
259.618	-9.963	155.965
259.616	-9.753	155.985
259.614	-9.639	155.996
259.631	-9.620	156.009
259.618	-9.693	155.993
259.622	-9.871	155.980
259.633	-10.136	155.950
259.647	-10.485	155.913
259.661	-10.899	155.845
259.676	-11.404	155.794
259.711	-11.947	155.743
259.741	-12.531	155.715
259.774	-13.134	155.708
259.797	-13.736	155.702
259.817	-14.338	155.732
259.826	-14.902	155.754
259.845	-15.425	155.791
259.872	-15.875	155.817
259.893	-16.231	155.863
259.973	-16.091	155.921
259.947	-15.910	155.916
259.896	-15.680	155.868
259.853	-15.418	155.823
259.840	-15.126	155.787
259.840	-14.791	155.766
259.835	-14.417	155.741
259.823	-14.034	155.740
259.790	-13.589	155.710
259.757	-13.155	155.721
259.725	-12.694	155.731
259.681	-12.218	155.732
259.665	-11.777	155.786
259.646	-11.317	155.810
259.643	-10.886	155.840
259.634	-10.506	155.890
259.627	-10.187	155.946
259.616	-9.907	155.963
259.616	-9.718	155.983
259.622	-9.624	156.011
259.617	-9.631	156.018
259.618	-9.706	155.989
259.616	-9.894	155.976
259.638	-10.173	155.941
259.652	-10.548	155.908
259.672	-10.987	155.844
259.693	-11.490	155.786
259.725	-12.047	155.736
259.759	-12.640	155.714
259.783	-13.244	155.701
259.807	-13.861	155.717
259.819	-14.453	155.731
259.835	-15.011	155.755
259.852	-15.528	155.789
259.881	-15.978	155.828
259.932	-16.231	155.883
259.975	-16.041	155.914
259.940	-15.845	155.895
259.889	-15.604	155.848
259.853	-15.344	155.805
259.853	-15.060	155.788
259.848	-14.700	155.754
259.835	-14.333	155.747
259.816	-13.915	155.717
259.792	-13.483	155.706
259.754	-13.048	155.718
259.719	-12.602	155.745
259.685	-12.137	155.762
259.664	-11.686	155.793
259.645	-11.241	155.822
259.648	-10.821	155.861
259.630	-10.458	155.908
259.628	-10.150	155.945
259.609	-9.892	155.964
259.621	-9.717	155.981
259.620	-9.648	156.003
259.623	-9.664	156.004
259.619	-9.761	155.980
259.625	-9.966	155.961
259.628	-10.253	155.934
259.655	-10.638	155.889
259.665	-11.076	155.824
259.691	-11.586	155.773
259.715	-12.161	155.733
259.755	-12.762	155.718
259.781	-13.351	155.697
259.808	-13.960	155.717
259.828	-14.564	155.747
259.835	-15.116	155.770
259.851	-15.612	155.795
259.877	-16.032	155.821
259.937	-16.202	155.900
259.973	-16.020	155.924
259.924	-15.814	155.887
259.878	-15.585	155.855
259.845	-15.305	155.803
259.838	-14.999	155.777
259.853	-14.647	155.757
259.841	-14.267	155.739
259.813	-13.855	155.725
259.780	-13.408	155.704
259.751	-12.976	155.720
259.710	-12.521	155.742
259.680	-12.065	155.761
259.661	-11.600	155.789
259.647	-11.152	155.819
259.640	-10.746	155.861
259.627	-10.384	155.911
259.620	-10.078	155.947
259.616	-9.835	155.969
259.621	-9.687	155.996
259.624	-9.635	156.010
259.623	-9.666	155.997
259.620	-9.794	155.984
259.625	-10.021	155.966
259.644	-10.331	155.927
259.651	-10.725	155.871
259.675	-11.194	155.808
259.708	-11.725	155.756
259.733	-12.305	155.722
259.769	-12.911	155.710
259.790	-13.512	155.700
259.816	-14.135	155.729
259.828	-14.717	155.750
259.840	-15.266	155.788
259.863	-15.738	155.805
259.890	-16.147	155.835
259.962	-16.143	155.904
259.965	-15.965	155.914
259.913	-15.743	155.869
259.865	-15.507	155.824
259.850	-15.225	155.792
259.857	-14.912	155.771
259.854	-14.566	155.758
259.840	-14.173	155.746
259.814	-13.758	155.729
259.781	-13.312	155.718
259.742	-12.871	155.728
259.707	-12.414	155.740
259.677	-11.958	155.769
259.655	-11.531	155.826
259.651	-11.072	155.832
259.640	-10.674	155.868
259.627	-10.330	155.911
259.628	-10.046	155.949
259.617	-9.828	155.979
259.614	-9.688	155.984
259.623	-9.651	155.989
259.622	-9.699	155.986
259.619	-9.847	155.972
259.632	-10.099	155.954
259.643	-10.427	155.920
259.664	-10.821	155.858
259.681	-11.295	155.798
259.709	-11.821	155.739
259.744	-12.416	155.727
259.768	-13.001	155.701
259.792	-13.593	155.687
259.816	-14.220	155.739
259.828	-14.793	155.755
259.838	-15.310	155.777
259.865	-15.779	155.807
259.884	-16.188	155.859
259.961	-16.129	155.914
259.954	-15.949	155.910
259.899	-15.730	155.879
259.859	-15.477	155.824
259.843	-15.211	155.802
259.842	-14.884	155.771
259.844	-14.523	155.752
259.830	-14.136	155.747
259.804	-13.716	155.730
259.771	-13.255	155.712
259.740	-12.820	155.744
259.693	-12.350	155.739
259.671	-11.898	155.771
259.655	-11.461	155.814
259.642	-11.013	155.840
259.638	-10.615	155.876
259.625	-10.269	155.927
259.628	-9.996	155.967
259.617	-9.778	155.973
259.619	-9.653	155.991
259.623	-9.637	156.008
259.623	-9.702	155.995
259.619	-9.855	155.971
259.631	-10.128	155.963
259.641	-10.472	155.922
259.665	-10.884	155.855
259.681	-11.388	155.805
259.711	-11.930	155.746
259.744	-12.520	155.724
259.766	-13.107	155.703
259.808	-13.733	155.712
259.820	-14.319	155.723
259.825	-14.899	155.754
259.850	-15.424	155.790
259.871	-15.873	155.809
259.898	-16.238	155.862
259.974	-16.099	155.920
259.952	-15.910	155.907
259.891	-15.675	155.860
259.856	-15.426	155.819
259.841	-15.128	155.780
259.856	-14.802	155.765
259.841	-14.432	155.738
259.824	-14.055	155.744
259.802	-13.613	155.713
259.765	-13.185	155.726
259.728	-12.725	155.729
259.685	-12.259	155.737
259.661	-11.820	155.780
259.650	-11.383	155.821
259.644	-10.950	155.846
259.636	-10.568	155.891
259.622	-10.239	155.929
259.624	-9.965	155.957
259.619	-9.776	155.977
259.619	-9.669	155.988
259.619	-9.666	155.998
259.625	-9.740	155.976
259.623	-9.923	155.970
259.636	-10.202	155.941
259.650	-10.543	155.890
259.666	-10.978	155.838
259.682	-11.475	155.782
259.718	-12.025	155.730
259.751	-12.611	155.709
259.767	-13.209	155.701
259.803	-13.828	155.712
259.815	-14.405	155.725
259.836	-14.982	155.764
259.851	-15.494	155.795
259.866	-15.919	155.809
259.912	-16.247	155.879
259.976	-16.066	155.920
259.936	-15.880	155.901
259.880	-15.652	155.867
259.846	-15.392	155.820
259.840	-15.101	155.793
259.845	-14.756	155.766
259.836	-14.388	155.740
259.816	-14.005	155.741
259.789	-13.556	155.714
259.752	-13.111	155.712
259.719	-12.659	155.729
259.689	-12.208	155.748
259.668	-11.755	155.779
259.651	-11.317	155.825
259.646	-10.881	155.845
259.637	-10.505	155.893
259.626	-10.184	155.928
259.622	-9.928	155.962
259.616	-9.748	155.986
259.622	-9.657	156.004
259.618	-9.664	156.005
259.619	-9.758	155.997
259.626	-9.950	155.971
259.634	-10.231	155.946
259.658	-10.603	155.899
259.680	-11.039	155.831
259.701	-11.556	155.792
259.729	-12.109	155.738
259.763	-12.701	155.710
259.787	-13.286	155.690
259.812	-13.909	155.707
259.833	-14.502	155.734
259.835	-15.049	155.748
259.855	-15.558	155.793
259.873	-15.985	155.814
259.928	-16.219	155.886
259.978	-16.056	155.933
259.931	-15.837	155.885
259.885	-15.604	155.849
259.853	-15.341	155.807
259.848	-15.041	155.782
259.850	-14.689	155.754
259.843	-14.319	155.748
259.821	-13.915	155.734
259.790	-13.464	155.710
259.749	-13.034	155.733
259.714	-12.580	155.745
259.681	-12.109	155.755
259.657	-11.659	155.796
259.649	-11.216	155.827
259.644	-10.790	155.859
259.633	-10.421	155.911
259.625	-10.115	155.949
259.621	-9.858	155.963
259.618	-9.689	155.990
259.626	-9.633	156.014
259.621	-9.635	155.998
259.619	-9.750	155.982
259.627	-9.969	155.962
259.636	-10.267	155.929
259.645	-10.650	155.878
259.673	-11.108	155.816
259.695	-11.627	155.756
259.722	-12.215	155.733
259.750	-12.807	155.710
259.782	-13.400	155.687
259.808	-14.030	155.724
259.831	-14.603	155.736
259.838	-15.169	155.772
259.856	-15.650	155.796
259.877	-16.069	155.830
259.948	-16.182	155.903
259.973	-15.996	155.920
259.919	-15.795	155.885
259.866	-15.562	155.848
259.845	-15.281	155.807
259.841	-14.963	155.770
259.855	-14.636	155.771
259.833	-14.250	155.753
259.813	-13.831	155.730
259.776	-13.383	155.712
259.742	-12.945	155.730
259.698	-12.480	155.739
259.679	-12.018	155.752
259.659	-11.580	155.805
259.644	-11.122	155.820
259.637	-10.721	155.869
259.625	-10.359	155.920
259.618	-10.046	155.940
259.614	-9.819	155.968
259.613	-9.664	155.988
259.619	-9.622	156.005
259.622	-9.669	156.001
259.619	-9.806	155.989
259.628	-10.025	155.953
259.641	-10.352	155.936
259.663	-10.747	155.870
259.677	-11.223	155.814
259.710	-11.756	155.761
259.736	-12.323	155.713
259.772	-12.923	155.711
259.795	-13.527	155.690
259.820	-14.148	155.724
259.825	-14.727	155.744
259.842	-15.262	155.767
259.866	-15.749	155.815
259.885	-16.140	155.821
259.958	-16.147	155.906
259.965	-15.958	155.900
259.911	-15.752	155.881
259.872	-15.491	155.823
259.842	-15.210	155.788
259.849	-14.888	155.764
259.843	-14.551	155.761
259.833	-14.157	155.748
259.813	-13.726	155.724
259.766	-13.268	155.718
259.739	-12.817	155.727
259.699	-12.359	155.748
259.675	-11.888	155.763
259.647	-11.451	155.822
259.650	-10.997	155.838
259.631	-10.594	155.884
259.626	-10.257	155.931
259.626	-9.967	155.961
259.615	-9.753	155.975
259.618	-9.632	156.001
259.623	-9.608	156.006
259.621	-9.685	155.999
259.621	-9.845	155.982
259.625	-10.100	155.943
259.642	-10.454	155.902
259.664	-10.881	155.854
259.689	-11.379	155.795
259.709	-11.910	155.731
259.744	-12.506	155.717
259.766	-13.103	155.694
259.803	-13.720	155.697
259.820	-14.321	155.723
259.831	-14.902	155.762
259.844	-15.429	155.788
259.876	-15.881	155.814
259.899	-16.235	155.863
259.978	-16.079	155.912
259.950	-15.901	155.907
259.901	-15.682	155.875
259.861	-15.414	155.829
259.846	-15.122	155.791
259.851	-14.795	155.777
259.839	-14.399	155.741
259.824	-14.014	155.743
259.789	-13.562	155.705
259.761	-13.105	155.711
259.720	-12.667	155.737
259.683	-12.193	155.749
259.665	-11.731	155.779
259.644	-11.276	155.813
259.647	-10.850	155.860
259.632	-10.462	155.902
259.622	-10.130	155.948
259.616	-9.851	155.966
259.616	-9.675	155.998
259.622	-9.576	156.011
259.623	-9.584	156.021
259.626	-9.684	156.007
259.616	-9.852	155.965
259.632	-10.161	155.949
259.651	-10.534	155.902
259.676	-10.973	155.837
259.689	-11.483	155.774
259.724	-12.059	155.733
259.756	-12.656	155.713
259.785	-13.267	155.699
259.809	-13.883	155.707
259.826	-14.482	155.725
259.838	-15.057	155.759
259.853	-15.565	155.790
259.883	-16.004	155.817
259.946	-16.214	155.895
259.982	-16.027	155.919
259.935	-15.823	155.892
259.885	-15.586	155.845
259.855	-15.313	155.797
259.847	-15.000	155.764
259.859	-14.672	155.762
259.842	-14.293	155.743
259.816	-13.876	155.724
259.794	-13.446	155.718
259.755	-13.011	155.731
259.716	-12.557	155.745
259.682	-12.104	155.773
259.659	-11.652	155.800
259.653	-11.214	155.834
259.641	-10.797	155.870
259.634	-10.440	155.919
259.625	-10.129	155.954
259.620	-9.876	155.967
259.621	-9.725	155.995
259.619	-9.654	156.007
259.619	-9.676	155.995
259.619	-9.787	155.974
259.628	-10.009	155.970
