NO_OF_FRAMES	5000
NO_OF_DATA_TYPES	3
FREQUENCY	500
TIME_STAMP	2026-06-07, 17:49:56
DATA_INCLUDED	Position
DATA_TYPES	Unidentified [1364607]_pos_X	Unidentified [1364607]_pos_Y	Unidentified [1364607]_pos_Z


259.689	-12.494	155.752
259.675	-12.063	155.762
259.647	-11.669	155.789
259.580	-11.369	155.903
259.583	-11.009	155.938
259.581	-10.691	155.961
259.580	-10.436	155.994
259.581	-10.246	156.009
259.580	-10.119	156.014
259.578	-10.082	156.025
259.586	-10.135	156.034
259.589	-10.242	156.013
259.593	-10.454	156.004
259.609	-10.736	155.975
259.619	-11.093	155.931
259.634	-11.526	155.893
259.658	-12.000	155.845
259.683	-12.521	155.798
259.711	-13.084	155.807
259.734	-13.642	155.793
259.765	-14.231	155.844
259.762	-14.772	155.859
259.773	-15.265	155.865
259.793	-15.729	155.905
259.809	-16.128	155.943
259.866	-16.172	156.002
259.870	-16.025	156.033
259.828	-15.806	155.976
259.789	-15.584	155.935
259.771	-15.329	155.889
259.772	-15.030	155.859
259.773	-14.721	155.862
259.776	-14.349	155.844
259.752	-13.972	155.838
259.728	-13.552	155.810
259.692	-13.139	155.820
259.656	-12.708	155.827
259.624	-12.290	155.858
259.605	-11.878	155.886
259.591	-11.459	155.905
259.589	-11.053	155.930
259.587	-10.700	155.978
259.583	-10.400	156.003
259.573	-10.154	156.015
259.569	-9.986	156.030
259.576	-9.906	156.047
259.571	-9.911	156.045
259.580	-10.000	156.044
259.578	-10.178	156.026
259.586	-10.452	156.013
259.590	-10.801	155.969
259.604	-11.216	155.917
259.636	-11.700	155.864
259.651	-12.245	155.824
259.685	-12.820	155.805
259.711	-13.410	155.805
259.731	-14.000	155.814
259.750	-14.580	155.846
259.764	-15.123	155.865
259.772	-15.612	155.897
259.797	-16.046	155.932
259.847	-16.232	156.006
259.899	-16.052	156.035
259.844	-15.858	156.004
259.794	-15.631	155.954
259.767	-15.369	155.899
259.770	-15.089	155.878
259.776	-14.775	155.863
259.759	-14.426	155.853
259.751	-14.045	155.838
259.714	-13.635	155.806
259.680	-13.238	155.825
259.652	-12.835	155.842
259.615	-12.413	155.846
259.593	-12.011	155.870
259.585	-11.614	155.902
259.577	-11.225	155.915
259.575	-10.878	155.952
259.577	-10.585	155.984
259.571	-10.347	155.993
259.567	-10.191	156.018
259.565	-10.095	156.015
259.576	-10.100	156.022
259.571	-10.179	156.025
259.576	-10.326	156.004
259.585	-10.580	155.988
259.596	-10.896	155.959
259.609	-11.289	155.913
259.629	-11.740	155.871
259.662	-12.242	155.825
259.687	-12.774	155.792
259.707	-13.343	155.795
259.734	-13.926	155.815
259.750	-14.475	155.842
259.760	-15.006	155.855
259.776	-15.494	155.883
259.797	-15.937	155.919
259.819	-16.255	155.973
259.875	-16.103	156.025
259.858	-15.927	156.010
259.811	-15.710	155.963
259.775	-15.462	155.910
259.774	-15.200	155.877
259.781	-14.899	155.864
259.775	-14.568	155.857
259.771	-14.196	155.846
259.749	-13.803	155.832
259.719	-13.393	155.827
259.688	-12.995	155.850
259.647	-12.559	155.850
259.616	-12.132	155.870
259.598	-11.718	155.890
259.585	-11.319	155.912
259.594	-10.937	155.942
259.581	-10.604	155.968
259.578	-10.341	156.002
259.575	-10.132	156.014
259.570	-9.995	156.014
259.575	-9.959	156.029
259.577	-10.006	156.039
259.576	-10.131	156.025
259.578	-10.339	156.005
259.591	-10.630	155.972
259.598	-11.006	155.935
259.613	-11.451	155.889
259.641	-11.936	155.827
259.669	-12.499	155.809
259.696	-13.062	155.800
259.725	-13.649	155.798
259.746	-14.235	155.832
259.762	-14.795	155.857
259.765	-15.306	155.873
259.792	-15.763	155.907
259.804	-16.168	155.947
259.875	-16.162	156.015
259.883	-15.995	156.033
259.826	-15.781	155.985
259.792	-15.543	155.931
259.778	-15.298	155.899
259.773	-14.985	155.861
259.775	-14.670	155.857
259.770	-14.311	155.850
259.756	-13.928	155.835
259.715	-13.518	155.820
259.682	-13.115	155.827
259.652	-12.706	155.848
259.618	-12.288	155.861
259.603	-11.881	155.883
259.590	-11.485	155.905
259.585	-11.110	155.931
259.576	-10.765	155.955
259.581	-10.497	155.988
259.572	-10.277	155.996
259.577	-10.129	156.009
259.574	-10.067	156.023
259.577	-10.086	156.024
259.585	-10.195	156.033
259.580	-10.370	156.010
259.586	-10.621	155.973
259.605	-10.957	155.937
259.613	-11.386	155.898
259.639	-11.841	155.844
259.656	-12.363	155.812
259.698	-12.923	155.804
259.717	-13.481	155.795
259.746	-14.058	155.816
259.756	-14.629	155.858
259.764	-15.132	155.865
259.774	-15.609	155.893
259.795	-16.031	155.941
259.844	-16.233	156.005
259.871	-16.061	156.038
259.838	-15.866	155.995
259.799	-15.643	155.945
259.773	-15.401	155.898
259.771	-15.111	155.868
259.776	-14.813	155.867
259.765	-14.460	155.849
259.756	-14.078	155.832
259.725	-13.676	155.806
259.698	-13.283	155.827
259.670	-12.878	155.849
259.628	-12.447	155.850
259.606	-12.032	155.876
259.595	-11.619	155.897
259.584	-11.218	155.915
259.584	-10.840	155.929
259.578	-10.547	155.982
259.574	-10.289	155.998
259.572	-10.101	156.014
259.573	-9.986	156.020
259.576	-9.977	156.035
259.581	-10.040	156.037
259.584	-10.185	156.033
259.580	-10.403	156.003
259.588	-10.707	155.966
259.601	-11.093	155.921
259.622	-11.553	155.879
259.646	-12.068	155.833
259.680	-12.618	155.810
259.706	-13.199	155.814
259.732	-13.783	155.815
259.745	-14.356	155.841
259.762	-14.906	155.860
259.770	-15.411	155.884
259.790	-15.876	155.924
259.806	-16.252	155.965
259.884	-16.132	156.032
259.871	-15.950	156.022
259.820	-15.729	155.974
259.780	-15.490	155.923
259.771	-15.221	155.887
259.771	-14.919	155.854
259.763	-14.605	155.859
259.761	-14.244	155.856
259.743	-13.856	155.830
259.698	-13.449	155.819
259.667	-13.051	155.834
259.638	-12.646	155.847
259.607	-12.229	155.855
259.596	-11.842	155.889
259.584	-11.444	155.897
259.579	-11.077	155.927
259.576	-10.742	155.951
259.571	-10.488	155.983
259.560	-10.277	155.989
259.575	-10.158	156.017
259.576	-10.104	156.027
259.580	-10.142	156.027
259.577	-10.250	156.027
259.581	-10.446	156.013
259.581	-10.709	155.981
259.605	-11.055	155.936
259.620	-11.474	155.890
259.638	-11.950	155.837
259.672	-12.486	155.823
259.702	-13.034	155.806
259.724	-13.599	155.804
259.752	-14.176	155.835
259.768	-14.731	155.861
259.771	-15.248	155.883
259.785	-15.710	155.913
259.803	-16.126	155.950
259.856	-16.208	156.014
259.880	-16.043	156.034
259.834	-15.823	155.980
259.799	-15.606	155.942
259.772	-15.351	155.895
259.777	-15.065	155.876
259.779	-14.750	155.862
259.770	-14.399	155.857
259.758	-14.010	155.837
259.728	-13.591	155.806
259.693	-13.199	155.835
259.669	-12.778	155.841
259.624	-12.356	155.852
259.601	-11.940	155.878
259.597	-11.545	155.906
259.582	-11.149	155.932
259.587	-10.787	155.952
259.581	-10.496	155.988
259.578	-10.255	156.012
259.572	-10.085	156.017
259.574	-9.993	156.021
259.574	-9.994	156.029
259.583	-10.069	156.030
259.579	-10.233	156.019
259.587	-10.484	155.991
259.598	-10.818	155.954
259.611	-11.221	155.913
259.632	-11.692	155.870
259.656	-12.219	155.820
259.688	-12.785	155.810
259.711	-13.354	155.802
259.736	-13.944	155.816
259.759	-14.520	155.856
259.769	-15.053	155.869
259.773	-15.532	155.882
259.793	-15.978	155.932
259.845	-16.249	155.987
259.894	-16.076	156.032
259.867	-15.889	155.998
259.818	-15.671	155.957
259.780	-15.405	155.896
259.779	-15.134	155.873
259.778	-14.840	155.870
259.778	-14.505	155.858
259.769	-14.127	155.841
259.739	-13.734	155.814
259.708	-13.340	155.831
259.668	-12.935	155.841
259.636	-12.525	155.849
259.609	-12.114	155.865
259.597	-11.725	155.896
259.586	-11.340	155.910
259.594	-10.980	155.940
259.593	-10.684	155.979
259.578	-10.437	156.000
259.580	-10.255	156.014
259.581	-10.133	156.005
259.582	-10.117	156.026
259.580	-10.173	156.020
259.580	-10.309	156.020
259.585	-10.525	156.006
259.593	-10.798	155.950
259.602	-11.162	155.918
259.620	-11.610	155.884
259.647	-12.100	155.846
259.669	-12.616	155.811
259.697	-13.180	155.802
259.724	-13.744	155.804
259.741	-14.320	155.850
259.754	-14.859	155.868
259.763	-15.353	155.878
259.778	-15.804	155.912
259.804	-16.196	155.950
259.856	-16.164	156.014
259.850	-15.998	156.021
259.817	-15.782	155.967
259.778	-15.560	155.932
259.768	-15.312	155.891
259.762	-15.003	155.858
259.769	-14.687	155.861
259.763	-14.324	155.852
259.751	-13.940	155.836
259.712	-13.528	155.825
259.679	-13.112	155.831
259.653	-12.694	155.850
259.612	-12.255	155.847
259.597	-11.848	155.880
259.592	-11.444	155.908
259.582	-11.044	155.928
259.579	-10.711	155.979
259.580	-10.417	156.001
259.568	-10.182	156.010
259.573	-10.036	156.026
259.569	-9.964	156.027
259.578	-9.989	156.043
259.575	-10.088	156.028
259.580	-10.281	156.017
259.590	-10.554	155.990
259.597	-10.901	155.943
259.609	-11.334	155.893
259.635	-11.822	155.856
259.658	-12.356	155.810
259.692	-12.929	155.802
259.717	-13.498	155.788
259.744	-14.104	155.828
259.760	-14.680	155.866
259.770	-15.186	155.862
259.783	-15.678	155.909
259.808	-16.098	155.948
259.871	-16.203	156.013
259.891	-16.030	156.035
259.842	-15.829	155.992
259.803	-15.603	155.951
259.778	-15.348	155.895
259.776	-15.061	155.874
259.777	-14.742	155.860
259.773	-14.397	155.855
259.751	-14.014	155.836
259.720	-13.627	155.824
259.688	-13.207	155.820
259.649	-12.808	155.839
259.624	-12.398	155.855
259.606	-11.994	155.878
259.593	-11.597	155.900
259.579	-11.201	155.911
259.584	-10.851	155.943
259.586	-10.576	155.982
259.577	-10.343	156.002
259.575	-10.175	156.005
259.577	-10.098	156.015
259.583	-10.106	156.030
259.584	-10.187	156.027
259.570	-10.339	156.008
259.591	-10.584	155.995
259.599	-10.901	155.956
259.613	-11.303	155.914
259.632	-11.738	155.866
259.657	-12.247	155.814
259.688	-12.812	155.821
259.713	-13.363	155.800
259.741	-13.945	155.822
259.749	-14.503	155.852
259.768	-15.040	155.869
259.773	-15.514	155.893
259.790	-15.954	155.926
259.818	-16.269	155.985
259.868	-16.106	156.039
259.853	-15.930	156.013
259.805	-15.707	155.966
259.780	-15.469	155.919
259.769	-15.188	155.882
259.769	-14.882	155.865
259.765	-14.546	155.858
259.769	-14.188	155.854
259.741	-13.776	155.833
259.710	-13.368	155.828
259.679	-12.961	155.844
259.639	-12.530	155.849
259.611	-12.108	155.868
259.596	-11.701	155.900
259.585	-11.300	155.918
259.586	-10.919	155.943
259.575	-10.589	155.973
259.569	-10.319	155.994
259.577	-10.122	156.010
259.574	-10.010	156.034
259.572	-9.959	156.025
259.580	-10.031	156.048
259.579	-10.147	156.025
259.572	-10.366	156.007
259.594	-10.668	155.969
259.604	-11.046	155.929
259.620	-11.505	155.879
259.649	-12.012	155.841
259.668	-12.560	155.810
259.707	-13.137	155.803
259.727	-13.730	155.809
259.753	-14.300	155.829
259.764	-14.859	155.856
259.769	-15.380	155.880
259.791	-15.832	155.922
259.812	-16.236	155.969
259.898	-16.133	156.029
259.885	-15.960	156.033
259.831	-15.716	155.964
259.792	-15.486	155.924
259.785	-15.225	155.898
259.787	-14.919	155.869
259.783	-14.592	155.865
259.772	-14.231	155.851
259.750	-13.836	155.827
259.715	-13.432	155.814
259.686	-13.042	155.838
259.649	-12.623	155.841
259.618	-12.228	155.865
259.600	-11.823	155.889
259.600	-11.445	155.911
259.593	-11.065	155.932
259.591	-10.750	155.961
259.580	-10.488	155.979
259.574	-10.287	155.996
259.579	-10.156	155.997
259.585	-10.121	156.012
259.588	-10.157	156.025
259.585	-10.268	156.011
259.591	-10.466	155.992
259.596	-10.736	155.967
259.607	-11.077	155.926
259.621	-11.501	155.882
259.648	-11.982	155.838
259.670	-12.506	155.809
259.700	-13.061	155.809
259.719	-13.608	155.788
259.754	-14.191	155.837
259.758	-14.733	155.856
259.764	-15.236	155.868
259.779	-15.688	155.894
259.800	-16.102	155.945
259.849	-16.208	156.006
259.861	-16.056	156.034
259.819	-15.850	155.990
259.785	-15.627	155.946
259.763	-15.379	155.903
259.762	-15.080	155.869
259.766	-14.773	155.859
259.759	-14.411	155.841
259.747	-14.034	155.843
259.714	-13.614	155.818
259.681	-13.205	155.832
259.654	-12.766	155.830
259.619	-12.341	155.849
259.599	-11.919	155.877
259.583	-11.499	155.892
259.578	-11.113	155.935
259.574	-10.738	155.958
259.575	-10.436	155.997
259.563	-10.190	156.010
259.562	-10.003	156.018
259.568	-9.918	156.033
259.563	-9.916	156.034
259.565	-10.000	156.039
259.574	-10.168	156.021
259.574	-10.436	156.014
259.591	-10.771	155.970
259.597	-11.173	155.908
259.628	-11.664	155.868
259.653	-12.204	155.826
259.689	-12.775	155.805
259.713	-13.362	155.809
259.732	-13.958	155.813
259.762	-14.543	155.848
259.761	-15.088	155.865
259.777	-15.588	155.892
259.798	-16.040	155.944
259.848	-16.231	155.992
259.898	-16.063	156.039
259.852	-15.860	156.005
259.802	-15.639	155.958
259.769	-15.382	155.909
259.778	-15.101	155.879
259.780	-14.794	155.873
259.768	-14.445	155.856
259.749	-14.060	155.834
259.718	-13.649	155.800
259.686	-13.252	155.814
259.662	-12.863	155.842
259.622	-12.430	155.828
259.600	-12.041	155.867
259.591	-11.639	155.896
259.583	-11.262	155.913
259.592	-10.899	155.938
259.584	-10.612	155.980
259.577	-10.380	156.002
259.577	-10.198	156.004
259.584	-10.114	156.022
259.581	-10.102	156.019
259.581	-10.178	156.029
259.590	-10.326	156.015
259.598	-10.568	156.000
259.611	-10.877	155.968
259.620	-11.252	155.910
259.634	-11.694	155.874
259.665	-12.200	155.826
259.694	-12.740	155.800
259.722	-13.302	155.800
259.747	-13.883	155.817
259.757	-14.434	155.842
259.771	-14.981	155.868
259.780	-15.463	155.880
259.797	-15.911	155.925
259.827	-16.258	155.968
259.877	-16.106	156.028
259.857	-15.931	156.017
259.811	-15.705	155.956
259.781	-15.487	155.917
259.772	-15.203	155.866
259.779	-14.919	155.867
259.771	-14.584	155.852
259.770	-14.224	155.849
259.751	-13.843	155.836
259.714	-13.429	155.820
259.677	-13.028	155.836
259.645	-12.612	155.852
259.617	-12.194	155.861
259.607	-11.789	155.891
259.586	-11.398	155.916
259.590	-11.010	155.931
259.588	-10.688	155.963
259.577	-10.429	156.002
259.574	-10.211	156.013
259.577	-10.073	156.020
259.573	-10.016	156.024
259.580	-10.069	156.041
259.583	-10.166	156.020
259.575	-10.359	156.005
259.590	-10.646	155.976
259.597	-11.001	155.935
259.609	-11.431	155.885
259.638	-11.931	155.849
259.666	-12.470	155.818
259.690	-13.028	155.800
259.714	-13.597	155.797
259.749	-14.196	155.837
259.751	-14.744	155.858
259.761	-15.266	155.873
259.778	-15.737	155.916
259.798	-16.151	155.949
259.867	-16.182	156.017
259.879	-16.006	156.030
259.828	-15.797	155.987
259.785	-15.575	155.945
259.769	-15.317	155.898
259.766	-15.018	155.868
259.769	-14.718	155.871
259.767	-14.361	155.860
259.744	-13.980	155.841
259.715	-13.588	155.826
259.682	-13.174	155.815
259.657	-12.790	155.848
259.615	-12.377	155.855
259.596	-11.976	155.880
259.592	-11.595	155.905
259.584	-11.211	155.918
259.582	-10.870	155.937
259.589	-10.598	155.974
259.579	-10.373	155.990
259.578	-10.222	156.001
259.574	-10.149	156.008
259.577	-10.170	156.025
259.583	-10.246	156.012
259.592	-10.412	156.003
259.594	-10.665	155.988
259.604	-10.962	155.933
259.614	-11.369	155.895
259.638	-11.820	155.854
259.661	-12.330	155.820
259.694	-12.862	155.793
259.722	-13.436	155.810
259.741	-13.996	155.813
259.759	-14.553	155.858
259.765	-15.081	155.871
259.773	-15.540	155.879
259.804	-15.981	155.931
259.828	-16.261	155.993
259.878	-16.100	156.038
259.847	-15.910	156.007
259.804	-15.687	155.958
259.775	-15.452	155.907
259.769	-15.188	155.882
259.781	-14.891	155.867
259.772	-14.563	155.865
259.764	-14.199	155.860
259.747	-13.802	155.830
259.712	-13.394	155.826
259.684	-12.995	155.844
259.649	-12.580	155.855
259.617	-12.172	155.889
259.603	-11.740	155.886
259.589	-11.357	155.918
259.582	-10.958	155.927
259.588	-10.654	155.977
259.580	-10.377	155.997
259.578	-10.181	156.016
259.577	-10.048	156.022
259.574	-10.001	156.025
259.581	-10.053	156.043
259.578	-10.167	156.027
259.576	-10.370	156.011
259.584	-10.664	155.979
259.599	-11.016	155.926
259.618	-11.466	155.883
259.643	-11.954	155.832
259.671	-12.501	155.803
259.699	-13.067	155.802
259.725	-13.642	155.797
259.746	-14.230	155.832
259.758	-14.783	155.853
259.766	-15.307	155.882
259.785	-15.769	155.912
259.801	-16.171	155.949
259.871	-16.180	156.022
259.880	-16.011	156.034
259.824	-15.794	155.981
259.784	-15.563	155.932
259.766	-15.304	155.896
259.772	-15.018	155.878
259.773	-14.704	155.873
259.766	-14.345	155.855
259.747	-13.960	155.840
259.706	-13.561	155.825
259.681	-13.168	155.841
259.644	-12.761	155.849
259.611	-12.342	155.853
259.601	-11.934	155.871
259.594	-11.562	155.906
259.584	-11.170	155.924
259.583	-10.831	155.944
259.584	-10.554	155.973
259.572	-10.335	155.994
259.578	-10.185	156.006
259.578	-10.105	156.013
259.580	-10.119	156.020
259.584	-10.218	156.026
259.581	-10.379	156.008
259.597	-10.632	155.985
259.608	-10.938	155.933
259.614	-11.351	155.903
259.647	-11.809	155.858
259.661	-12.318	155.813
259.705	-12.869	155.807
259.727	-13.432	155.807
259.744	-13.996	155.814
259.753	-14.557	155.855
259.774	-15.074	155.865
259.784	-15.563	155.900
259.803	-15.987	155.936
259.830	-16.254	155.997
259.877	-16.086	156.033
259.848	-15.899	156.002
259.801	-15.676	155.950
259.774	-15.437	155.900
259.772	-15.174	155.890
259.775	-14.867	155.861
259.773	-14.532	155.856
259.769	-14.163	155.851
259.740	-13.761	155.828
259.705	-13.348	155.826
259.669	-12.922	155.821
259.633	-12.514	155.845
259.614	-12.107	155.880
259.593	-11.683	155.882
259.581	-11.288	155.904
259.582	-10.914	155.938
259.578	-10.602	155.981
259.579	-10.335	155.999
259.571	-10.130	156.008
259.574	-10.012	156.019
259.573	-9.973	156.022
259.568	-10.029	156.029
259.576	-10.161	156.020
259.575	-10.376	156.002
259.589	-10.677	155.968
259.609	-11.054	155.934
259.613	-11.494	155.879
259.637	-11.991	155.827
259.675	-12.544	155.801
259.697	-13.112	155.800
259.719	-13.694	155.805
259.749	-14.277	155.837
259.762	-14.832	155.865
259.770	-15.341	155.882
259.784	-15.792	155.913
259.803	-16.186	155.949
259.877	-16.163	156.020
259.874	-15.985	156.029
259.824	-15.766	155.976
259.782	-15.537	155.932
259.770	-15.275	155.899
259.768	-14.971	155.864
259.774	-14.664	155.873
259.759	-14.283	155.848
259.748	-13.906	155.837
259.708	-13.493	155.825
259.674	-13.096	155.845
259.637	-12.661	155.849
259.616	-12.241	155.860
259.597	-11.836	155.886
259.577	-11.440	155.912
259.582	-11.057	155.937
259.575	-10.710	155.966
259.578	-10.438	155.987
259.576	-10.231	156.016
259.571	-10.075	156.009
259.570	-10.030	156.034
259.568	-10.052	156.033
259.578	-10.166	156.029
259.585	-10.360	156.011
259.588	-10.638	155.983
259.604	-10.985	155.948
259.614	-11.406	155.889
259.643	-11.885	155.839
259.661	-12.420	155.803
259.697	-12.996	155.805
259.720	-13.562	155.797
259.751	-14.151	155.831
259.760	-14.706	155.853
259.769	-15.213	155.862
259.784	-15.686	155.901
259.806	-16.112	155.951
259.864	-16.212	156.018
259.880	-16.038	156.034
259.840	-15.840	156.001
259.800	-15.609	155.952
259.776	-15.344	155.893
259.775	-15.056	155.873
259.778	-14.736	155.854
259.774	-14.382	155.850
259.752	-13.986	155.823
259.718	-13.585	155.811
259.693	-13.191	155.835
259.665	-12.772	155.851
259.618	-12.343	155.853
259.611	-11.931	155.883
259.588	-11.523	155.897
259.588	-11.139	155.927
259.583	-10.794	155.969
259.586	-10.487	155.988
259.578	-10.262	156.016
259.576	-10.085	156.014
259.573	-9.994	156.017
259.578	-10.018	156.039
259.581	-10.108	156.037
259.586	-10.274	156.021
259.581	-10.519	155.992
259.600	-10.846	155.950
259.611	-11.249	155.905
259.634	-11.734	155.871
259.664	-12.251	155.825
259.683	-12.810	155.806
259.716	-13.379	155.802
259.740	-13.973	155.824
259.751	-14.530	155.842
259.768	-15.071	155.865
259.777	-15.550	155.884
259.801	-15.982	155.918
259.835	-16.254	155.988
259.890	-16.081	156.033
259.856	-15.889	156.000
259.803	-15.674	155.960
259.780	-15.416	155.905
259.768	-15.137	155.874
259.771	-14.823	155.856
259.767	-14.487	155.847
259.762	-14.122	155.847
259.729	-13.713	155.814
259.698	-13.319	155.829
259.670	-12.900	155.836
259.622	-12.480	155.845
259.608	-12.064	155.866
259.592	-11.657	155.893
259.584	-11.269	155.920
259.579	-10.899	155.943
259.586	-10.596	155.977
259.573	-10.352	156.009
259.566	-10.155	156.010
259.570	-10.052	156.020
259.577	-10.044	156.039
259.570	-10.096	156.028
259.579	-10.241	156.015
259.584	-10.475	156.006
259.595	-10.774	155.965
259.603	-11.149	155.915
259.624	-11.599	155.873
259.648	-12.115	155.828
259.668	-12.644	155.796
259.708	-13.221	155.804
259.727	-13.806	155.810
259.750	-14.370	155.839
259.757	-14.910	155.855
259.763	-15.414	155.882
259.786	-15.863	155.919
259.805	-16.233	155.953
259.874	-16.141	156.030
259.864	-15.963	156.021
259.815	-15.738	155.959
259.784	-15.521	155.925
259.767	-15.245	155.876
259.780	-14.949	155.864
259.770	-14.631	155.858
259.768	-14.263	155.848
259.748	-13.876	155.834
259.711	-13.448	155.807
259.681	-13.055	155.831
259.640	-12.624	155.835
259.618	-12.212	155.867
259.598	-11.801	155.891
259.584	-11.390	155.897
259.592	-11.012	155.941
259.587	-10.669	155.966
259.574	-10.382	155.990
259.572	-10.177	156.015
259.577	-10.025	156.016
259.570	-9.965	156.026
259.574	-9.996	156.035
259.579	-10.113	156.032
259.581	-10.293	156.009
259.589	-10.575	155.985
259.601	-10.928	155.943
259.617	-11.368	155.899
259.647	-11.849	155.851
259.661	-12.380	155.809
259.705	-12.962	155.813
259.727	-13.536	155.803
259.751	-14.121	155.828
259.766	-14.690	155.863
259.772	-15.204	155.868
259.782	-15.678	155.899
259.807	-16.104	155.953
259.869	-16.191	156.011
259.888	-16.019	156.035
259.841	-15.820	155.991
259.798	-15.600	155.953
259.771	-15.337	155.906
259.763	-15.027	155.862
259.773	-14.731	155.867
259.768	-14.374	155.858
259.750	-13.995	155.840
259.719	-13.572	155.808
259.677	-13.167	155.817
259.652	-12.763	155.835
259.620	-12.347	155.852
259.597	-11.934	155.872
259.592	-11.529	155.899
259.584	-11.144	155.922
259.577	-10.790	155.945
259.585	-10.513	155.984
259.571	-10.280	155.998
259.571	-10.112	156.011
259.576	-10.032	156.017
259.570	-10.049	156.037
259.574	-10.136	156.035
259.582	-10.307	156.024
259.580	-10.547	155.986
259.602	-10.875	155.954
259.610	-11.282	155.906
259.636	-11.743	155.864
259.660	-12.257	155.817
259.684	-12.824	155.810
259.711	-13.384	155.802
259.736	-13.959	155.819
259.757	-14.536	155.866
259.766	-15.053	155.862
259.777	-15.540	155.885
259.795	-15.983	155.941
259.821	-16.267	155.997
259.876	-16.082	156.036
259.853	-15.901	156.008
259.807	-15.687	155.971
259.771	-15.443	155.918
259.768	-15.151	155.878
259.771	-14.846	155.866
259.769	-14.513	155.859
259.763	-14.138	155.846
259.737	-13.746	155.824
259.700	-13.339	155.835
259.673	-12.949	155.855
259.634	-12.517	155.854
259.601	-12.104	155.871
259.591	-11.695	155.893
259.592	-11.303	155.918
259.585	-10.930	155.940
259.577	-10.622	155.976
259.576	-10.361	155.997
259.571	-10.174	156.008
259.573	-10.066	156.020
259.574	-10.043	156.037
259.577	-10.094	156.025
259.584	-10.228	156.018
259.593	-10.445	156.001
259.587	-10.735	155.961
259.615	-11.111	155.915
259.628	-11.554	155.873
259.648	-12.064	155.839
259.682	-12.602	155.808
259.703	-13.156	155.792
259.735	-13.749	155.801
259.751	-14.315	155.834
259.769	-14.864	155.855
259.769	-15.362	155.875
259.792	-15.823	155.920
259.811	-16.204	155.947
259.887	-16.145	156.026
259.877	-15.980	156.027
259.828	-15.759	155.978
259.789	-15.517	155.921
259.775	-15.252	155.885
259.784	-14.954	155.874
259.778	-14.634	155.858
259.771	-14.265	155.850
259.751	-13.878	155.829
259.720	-13.470	155.829
259.677	-13.066	155.844
259.651	-12.644	155.854
259.620	-12.229	155.866
259.601	-11.814	155.892
259.591	-11.413	155.911
259.588	-11.023	155.934
259.583	-10.682	155.964
259.581	-10.410	155.995
259.572	-10.195	156.012
259.578	-10.049	156.017
259.577	-9.992	156.025
259.574	-10.019	156.032
259.581	-10.131	156.031
259.581	-10.325	156.020
259.586	-10.586	155.980
259.601	-10.948	155.949
259.614	-11.366	155.888
259.637	-11.858	155.853
259.653	-12.366	155.792
259.698	-12.967	155.813
259.721	-13.524	155.790
259.743	-14.119	155.826
259.762	-14.685	155.855
259.765	-15.196	155.862
259.781	-15.675	155.899
259.803	-16.088	155.937
259.855	-16.211	156.005
259.880	-16.036	156.029
259.842	-15.840	155.991
259.792	-15.613	155.948
259.768	-15.349	155.892
259.778	-15.069	155.878
259.779	-14.767	155.877
259.764	-14.398	155.857
259.754	-14.019	155.838
259.724	-13.618	155.824
259.691	-13.210	155.831
259.672	-12.803	155.849
259.623	-12.383	155.863
259.601	-11.959	155.873
259.598	-11.574	155.909
259.590	-11.186	155.930
259.577	-10.817	155.953
259.581	-10.534	155.988
259.570	-10.296	156.006
259.571	-10.126	156.014
259.575	-10.040	156.029
259.575	-10.042	156.028
259.578	-10.131	156.041
259.576	-10.282	156.019
259.575	-10.532	156.005
259.595	-10.852	155.966
259.606	-11.241	155.908
259.623	-11.713	155.875
259.645	-12.215	155.826
259.686	-12.765	155.801
259.706	-13.335	155.803
259.730	-13.919	155.812
259.744	-14.482	155.848
259.761	-15.012	155.858
259.768	-15.502	155.889
259.793	-15.938	155.931
259.809	-16.264	155.974
259.870	-16.113	156.024
259.847	-15.935	156.011
259.808	-15.708	155.962
259.777	-15.477	155.922
259.777	-15.202	155.878
259.774	-14.891	155.866
259.767	-14.566	155.866
259.763	-14.201	155.854
259.734	-13.792	155.824
259.701	-13.377	155.815
259.669	-12.970	155.829
259.641	-12.558	155.844
259.612	-12.141	155.875
259.599	-11.721	155.884
259.582	-11.318	155.903
259.590	-10.947	155.928
259.582	-10.631	155.965
259.582	-10.376	156.003
259.581	-10.159	156.000
259.571	-10.034	156.017
259.576	-9.998	156.024
259.576	-10.054	156.036
259.590	-10.173	156.028
259.596	-10.384	156.012
259.603	-10.673	155.978
259.609	-11.031	155.927
259.631	-11.476	155.889
259.658	-11.970	155.844
259.685	-12.500	155.804
259.714	-13.065	155.797
259.729	-13.641	155.801
259.755	-14.218	155.830
259.768	-14.770	155.860
259.776	-15.269	155.876
259.795	-15.731	155.907
259.813	-16.130	155.946
259.877	-16.184	156.023
259.886	-16.010	156.034
259.838	-15.805	155.983
259.798	-15.580	155.939
259.788	-15.319	155.900
259.776	-15.019	155.858
259.787	-14.720	155.873
259.765	-14.347	155.851
259.756	-13.957	155.828
259.724	-13.565	155.828
259.687	-13.150	155.829
259.650	-12.733	155.846
259.620	-12.317	155.858
259.604	-11.897	155.879
259.594	-11.504	155.909
259.587	-11.119	155.939
259.576	-10.758	155.957
259.579	-10.488	155.995
259.572	-10.256	156.009
259.568	-10.101	156.018
259.571	-10.020	156.019
259.576	-10.044	156.039
259.573	-10.138	156.026
259.578	-10.312	156.017
259.590	-10.577	155.990
259.604	-10.917	155.952
259.605	-11.330	155.897
259.629	-11.790	155.854
259.654	-12.325	155.817
259.692	-12.894	155.810
259.720	-13.445	155.802
259.734	-14.035	155.818
259.749	-14.592	155.853
259.765	-15.123	155.867
259.778	-15.598	155.902
259.797	-16.029	155.944
259.840	-16.240	155.998
259.886	-16.080	156.047
259.845	-15.870	155.996
259.797	-15.655	155.965
259.775	-15.405	155.908
259.770	-15.122	155.881
259.768	-14.803	155.856
259.760	-14.461	155.859
259.748	-14.073	155.830
259.724	-13.672	155.814
259.686	-13.269	155.821
259.662	-12.859	155.841
259.624	-12.435	155.847
259.603	-12.016	155.861
259.588	-11.608	155.891
259.583	-11.213	155.910
259.580	-10.836	155.926
259.579	-10.535	155.979
259.572	-10.281	155.991
259.577	-10.109	156.014
259.575	-9.995	156.016
259.575	-9.980	156.026
259.580	-10.054	156.029
259.584	-10.202	156.017
259.585	-10.438	155.999
259.604	-10.744	155.954
259.613	-11.140	155.923
259.637	-11.588	155.865
259.660	-12.109	155.831
259.686	-12.656	155.805
259.716	-13.230	155.807
259.745	-13.817	155.812
259.765	-14.389	155.848
259.767	-14.924	155.856
259.777	-15.426	155.881
259.806	-15.876	155.920
259.822	-16.255	155.977
259.891	-16.127	156.034
259.872	-15.951	156.024
259.826	-15.727	155.970
259.793	-15.489	155.930
259.788	-15.211	155.885
259.784	-14.911	155.872
259.780	-14.576	155.861
259.766	-14.210	155.849
259.750	-13.820	155.836
259.720	-13.402	155.825
259.685	-13.012	155.848
259.646	-12.571	155.841
259.619	-12.161	155.867
259.607	-11.766	155.901
259.590	-11.360	155.909
259.593	-10.994	155.945
259.576	-10.663	155.973
259.583	-10.404	156.007
259.578	-10.206	156.019
259.581	-10.069	156.024
259.579	-10.029	156.038
259.578	-10.075	156.045
259.580	-10.195	156.036
259.590	-10.404	156.020
259.590	-10.678	155.977
259.612	-11.039	155.942
259.624	-11.480	155.899
259.644	-11.952	155.831
259.674	-12.487	155.804
259.703	-13.062	155.804
259.728	-13.621	155.800
259.749	-14.203	155.830
259.764	-14.752	155.853
259.773	-15.272	155.874
259.790	-15.721	155.903
259.810	-16.138	155.945
259.865	-16.223	156.010
259.874	-16.057	156.033
259.836	-15.836	155.974
259.799	-15.616	155.934
259.775	-15.364	155.890
259.778	-15.070	155.869
259.774	-14.760	155.862
259.766	-14.391	155.845
259.759	-14.020	155.838
259.724	-13.604	155.808
259.688	-13.199	155.826
259.663	-12.802	155.852
259.623	-12.367	155.847
259.603	-11.959	155.882
259.591	-11.563	155.907
259.585	-11.162	155.924
259.582	-10.820	155.961
259.580	-10.529	155.986
259.576	-10.292	156.005
259.581	-10.130	156.019
259.583	-10.046	156.028
259.581	-10.054	156.035
259.587	-10.137	156.036
259.591	-10.304	156.029
259.598	-10.544	155.995
259.607	-10.877	155.961
259.618	-11.283	155.916
259.640	-11.748	155.868
259.660	-12.258	155.823
259.697	-12.812	155.807
259.723	-13.388	155.818
259.749	-13.952	155.815
259.762	-14.521	155.850
259.769	-15.042	155.863
259.780	-15.517	155.871
259.798	-15.954	155.918
259.830	-16.265	155.979
259.890	-16.113	156.038
259.860	-15.923	156.005
259.808	-15.698	155.954
259.778	-15.462	155.908
259.776	-15.179	155.870
259.779	-14.871	155.858
259.771	-14.542	155.859
259.765	-14.164	155.844
259.745	-13.772	155.826
259.707	-13.348	155.819
259.680	-12.939	155.833
259.641	-12.506	155.849
259.618	-12.087	155.866
259.596	-11.674	155.894
259.593	-11.280	155.924
259.589	-10.880	155.935
259.590	-10.575	155.987
259.580	-10.316	156.011
259.580	-10.099	156.010
259.579	-9.989	156.028
259.575	-9.952	156.029
259.573	-10.022	156.046
259.582	-10.153	156.028
259.582	-10.369	156.012
259.590	-10.678	155.978
259.598	-11.051	155.926
259.616	-11.509	155.880
259.647	-12.021	155.839
259.668	-12.567	155.812
259.689	-13.127	155.796
259.717	-13.720	155.806
259.739	-14.299	155.829
259.753	-14.864	155.867
259.761	-15.358	155.873
259.780	-15.823	155.919
259.800	-16.215	155.957
259.875	-16.158	156.034
259.868	-15.982	156.032
259.822	-15.761	155.972
259.783	-15.523	155.923
259.772	-15.267	155.890
259.779	-14.959	155.862
259.765	-14.642	155.857
259.775	-14.277	155.848
259.747	-13.881	155.825
259.711	-13.475	155.817
259.683	-13.067	155.831
259.645	-12.654	155.846
259.617	-12.226	155.856
259.602	-11.821	155.878
259.584	-11.423	155.901
259.589	-11.042	155.926
259.586	-10.715	155.964
259.580	-10.446	155.994
259.583	-10.234	156.005
259.578	-10.098	156.013
259.577	-10.044	156.029
259.585	-10.086	156.043
259.594	-10.198	156.036
259.592	-10.383	156.013
259.609	-10.661	155.987
259.620	-11.017	155.952
259.627	-11.434	155.896
259.657	-11.911	155.849
259.682	-12.441	155.808
259.728	-13.015	155.817
259.741	-13.576	155.811
259.768	-14.166	155.848
259.785	-14.722	155.874
259.788	-15.226	155.883
259.802	-15.688	155.914
259.824	-16.103	155.959
259.884	-16.202	156.028
259.898	-16.011	156.030
259.860	-15.819	155.993
259.813	-15.591	155.948
259.788	-15.346	155.911
259.793	-15.060	155.882
259.801	-14.759	155.879
259.781	-14.388	155.856
259.763	-14.004	155.830
259.743	-13.620	155.826
259.702	-13.216	155.828
259.675	-12.805	155.837
259.636	-12.398	155.855
259.615	-11.993	155.872
259.605	-11.605	155.905
259.597	-11.218	155.918
259.594	-10.861	155.946
259.596	-10.580	155.978
259.586	-10.356	156.003
259.583	-10.185	156.005
259.585	-10.101	156.017
259.588	-10.103	156.021
259.584	-10.178	156.016
259.590	-10.346	156.010
259.591	-10.579	155.981
259.604	-10.891	155.938
259.612	-11.295	155.905
259.640	-11.744	155.861
259.655	-12.267	155.832
259.685	-12.810	155.808
259.713	-13.373	155.807
259.738	-13.941	155.817
259.747	-14.504	155.856
259.760	-15.029	155.867
259.771	-15.523	155.895
259.789	-15.957	155.937
259.812	-16.291	155.996
259.877	-16.138	156.054
259.850	-15.949	156.019
259.802	-15.731	155.971
259.772	-15.494	155.919
259.766	-15.232	155.902
259.770	-14.924	155.877
259.760	-14.600	155.873
259.755	-14.222	155.860
259.735	-13.831	155.832
259.694	-13.430	155.841
259.665	-13.025	155.853
259.633	-12.608	155.861
259.601	-12.184	155.873
259.582	-11.772	155.891
259.572	-11.380	155.916
259.571	-10.989	155.932
259.563	-10.658	155.958
259.566	-10.400	155.994
259.557	-10.202	156.017
259.561	-10.067	156.022
259.557	-10.013	156.026
259.564	-10.058	156.036
259.564	-10.174	156.026
259.566	-10.376	156.008
259.576	-10.652	155.971
259.593	-11.016	155.930
259.606	-11.447	155.878
259.626	-11.938	155.833
259.655	-12.472	155.802
259.689	-13.051	155.802
259.713	-13.611	155.789
259.744	-14.196	155.831
259.749	-14.754	155.850
259.763	-15.272	155.878
259.779	-15.730	155.912
259.796	-16.130	155.936
259.856	-16.209	156.008
259.875	-16.034	156.031
259.837	-15.831	155.987
259.796	-15.601	155.950
259.769	-15.331	155.887
259.766	-15.039	155.866
259.778	-14.737	155.865
259.760	-14.380	155.856
259.750	-14.001	155.838
259.719	-13.597	155.821
259.684	-13.196	155.830
259.657	-12.787	155.846
259.618	-12.373	155.856
259.606	-11.969	155.879
259.589	-11.571	155.888
259.579	-11.193	155.919
259.586	-10.846	155.945
259.585	-10.569	155.980
259.578	-10.339	156.002
259.582	-10.178	156.013
259.583	-10.092	156.022
259.586	-10.102	156.035
259.586	-10.180	156.028
259.591	-10.323	156.011
259.594	-10.568	155.996
259.610	-10.873	155.953
259.622	-11.256	155.906
259.644	-11.709	155.868
259.669	-12.218	155.824
259.693	-12.747	155.799
259.726	-13.309	155.799
259.748	-13.879	155.815
259.765	-14.440	155.850
259.777	-14.966	155.867
259.787	-15.450	155.887
259.802	-15.866	155.909
259.820	-16.233	155.964
259.876	-16.144	156.023
259.860	-15.982	156.013
259.817	-15.754	155.956
259.792	-15.538	155.924
259.775	-15.262	155.885
259.771	-14.964	155.870
259.776	-14.642	155.869
259.778	-14.251	155.846
259.751	-13.859	155.839
259.723	-13.428	155.824
259.689	-13.011	155.831
259.648	-12.571	155.846
259.622	-12.140	155.873
259.601	-11.707	155.885
259.589	-11.304	155.919
259.586	-10.911	155.950
259.587	-10.574	155.989
259.578	-10.294	156.018
259.574	-10.079	156.028
259.571	-9.938	156.047
259.569	-9.897	156.053
259.580	-9.950	156.068
259.579	-10.072	156.053
259.579	-10.284	156.031
259.587	-10.583	155.996
259.606	-10.959	155.946
259.616	-11.415	155.896
259.642	-11.930	155.854
259.671	-12.487	155.821
259.695	-13.071	155.818
259.721	-13.656	155.804
259.750	-14.253	155.836
259.763	-14.817	155.863
259.768	-15.330	155.871
259.784	-15.807	155.919
259.802	-16.216	155.960
259.877	-16.196	156.021
259.884	-16.017	156.022
259.826	-15.807	155.981
259.790	-15.584	155.937
259.767	-15.306	155.890
259.773	-15.009	155.866
259.771	-14.687	155.857
259.757	-14.304	155.833
259.741	-13.928	155.825
259.698	-13.510	155.807
259.676	-13.112	155.829
259.636	-12.684	155.830
259.612	-12.275	155.856
259.594	-11.848	155.869
259.582	-11.464	155.908
259.588	-11.079	155.932
259.587	-10.736	155.963
259.580	-10.458	155.992
259.581	-10.248	156.016
259.579	-10.095	156.017
259.583	-10.046	156.033
259.583	-10.064	156.037
259.590	-10.172	156.036
259.600	-10.354	156.016
259.601	-10.625	155.985
259.613	-10.967	155.944
259.623	-11.400	155.902
259.656	-11.874	155.861
259.678	-12.390	155.808
259.710	-12.967	155.812
259.725	-13.532	155.811
259.751	-14.109	155.837
259.765	-14.665	155.860
259.782	-15.181	155.872
259.787	-15.636	155.890
259.806	-16.061	155.942
259.850	-16.214	156.005
259.880	-16.058	156.040
259.855	-15.855	155.997
259.799	-15.619	155.939
259.782	-15.379	155.897
259.782	-15.095	155.878
259.784	-14.780	155.855
259.783	-14.426	155.848
259.768	-14.044	155.838
259.749	-13.651	155.828
259.709	-13.230	155.835
259.681	-12.809	155.835
259.645	-12.401	155.868
259.622	-11.972	155.880
259.598	-11.565	155.904
259.599	-11.175	155.932
259.599	-10.807	155.957
259.593	-10.500	155.987
259.579	-10.261	156.010
259.572	-10.091	156.023
259.571	-9.990	156.025
259.575	-9.990	156.038
259.583	-10.067	156.030
259.572	-10.225	156.024
259.580	-10.470	155.999
259.593	-10.796	155.959
259.604	-11.196	155.913
259.626	-11.658	155.865
259.656	-12.188	155.830
259.684	-12.747	155.808
259.698	-13.318	155.801
259.729	-13.920	155.825
259.751	-14.495	155.862
259.764	-15.026	155.872
259.776	-15.515	155.893
259.788	-15.963	155.940
259.819	-16.270	155.983
259.889	-16.118	156.048
259.863	-15.933	156.024
259.807	-15.713	155.981
259.778	-15.466	155.923
259.774	-15.196	155.897
259.781	-14.887	155.883
259.772	-14.563	155.872
259.758	-14.176	155.850
259.736	-13.797	155.844
259.701	-13.378	155.832
259.667	-12.976	155.852
259.624	-12.540	155.847
259.605	-12.132	155.875
259.591	-11.730	155.898
259.581	-11.321	155.902
259.583	-10.948	155.927
259.586	-10.633	155.958
259.581	-10.381	155.986
259.577	-10.185	156.001
259.578	-10.058	156.001
259.587	-10.051	156.022
259.591	-10.101	156.027
259.593	-10.220	156.007
259.600	-10.439	155.994
259.612	-10.737	155.965
259.630	-11.107	155.920
259.645	-11.551	155.879
259.681	-12.049	155.828
259.707	-12.587	155.797
259.735	-13.154	155.803
259.762	-13.724	155.802
259.792	-14.308	155.844
259.791	-14.844	155.863
259.809	-15.340	155.877
259.825	-15.795	155.920
259.841	-16.187	155.959
259.906	-16.155	156.033
259.903	-15.982	156.037
259.860	-15.771	155.988
259.830	-15.536	155.944
259.807	-15.276	155.901
259.806	-14.975	155.881
259.814	-14.659	155.870
259.803	-14.295	155.863
259.782	-13.912	155.853
259.748	-13.498	155.826
259.714	-13.098	155.845
259.685	-12.685	155.858
259.650	-12.267	155.870
259.633	-11.870	155.898
259.623	-11.468	155.910
259.618	-11.089	155.943
259.610	-10.743	155.963
259.610	-10.480	156.010
259.600	-10.258	156.012
259.598	-10.115	156.029
259.604	-10.051	156.033
259.603	-10.080	156.042
259.604	-10.183	156.035
259.602	-10.358	156.007
259.612	-10.640	155.997
259.622	-10.968	155.940
259.632	-11.404	155.907
259.654	-11.878	155.857
259.675	-12.398	155.803
259.711	-12.971	155.807
259.726	-13.523	155.782
259.753	-14.125	155.825
259.769	-14.686	155.856
259.782	-15.203	155.862
259.790	-15.676	155.898
259.815	-16.102	155.937
259.868	-16.275	156.015
259.899	-16.102	156.038
259.857	-15.901	155.993
259.809	-15.675	155.955
259.789	-15.417	155.903
259.789	-15.146	155.889
259.785	-14.815	155.861
259.773	-14.467	155.858
259.766	-14.087	155.844
259.733	-13.674	155.817
259.701	-13.274	155.838
259.668	-12.855	155.849
259.630	-12.433	155.862
259.607	-12.007	155.878
259.594	-11.606	155.908
259.582	-11.207	155.926
259.589	-10.862	155.969
259.587	-10.547	155.991
259.587	-10.322	156.023
259.583	-10.143	156.026
259.592	-10.054	156.042
259.588	-10.057	156.058
259.597	-10.131	156.049
259.593	-10.295	156.040
259.597	-10.539	156.015
259.616	-10.861	155.977
259.631	-11.253	155.922
259.646	-11.716	155.880
259.680	-12.235	155.831
259.703	-12.791	155.818
259.743	-13.367	155.817
259.756	-13.944	155.833
259.774	-14.507	155.861
259.785	-15.036	155.859
259.794	-15.533	155.892
259.818	-15.973	155.935
259.845	-16.292	155.985
259.906	-16.134	156.039
259.883	-15.942	156.008
259.833	-15.717	155.959
259.799	-15.480	155.909
259.803	-15.204	155.878
259.791	-14.883	155.844
259.791	-14.554	155.851
259.785	-14.185	155.843
259.754	-13.788	155.823
259.728	-13.381	155.827
259.691	-12.969	155.833
259.658	-12.552	155.849
259.633	-12.127	155.862
259.612	-11.713	155.893
259.604	-11.312	155.909
259.608	-10.943	155.945
259.605	-10.622	155.975
259.597	-10.364	156.010
259.590	-10.157	156.012
259.591	-10.035	156.029
259.592	-10.001	156.035
259.588	-10.055	156.044
259.597	-10.191	156.043
259.598	-10.396	156.021
259.606	-10.697	155.989
259.622	-11.067	155.947
259.637	-11.503	155.884
259.660	-12.005	155.848
259.690	-12.556	155.818
259.715	-13.120	155.808
259.736	-13.692	155.802
259.760	-14.278	155.843
259.766	-14.832	155.863
259.773	-15.338	155.876
259.790	-15.790	155.906
259.804	-16.200	155.955
259.865	-16.180	156.021
259.869	-16.012	156.030
259.814	-15.794	155.973
259.780	-15.579	155.937
259.759	-15.308	155.885
259.757	-15.011	155.858
259.759	-14.692	155.852
259.749	-14.337	155.854
259.731	-13.949	155.829
259.695	-13.546	155.814
259.662	-13.138	155.821
259.629	-12.724	155.838
259.587	-12.315	155.853
259.572	-11.916	155.892
259.564	-11.510	155.901
259.557	-11.133	155.939
259.556	-10.795	155.966
259.555	-10.520	155.999
259.550	-10.290	156.010
259.544	-10.135	156.019
259.551	-10.066	156.028
259.549	-10.078	156.037
259.558	-10.176	156.036
259.554	-10.345	156.021
259.557	-10.598	155.996
259.571	-10.926	155.953
259.582	-11.324	155.892
259.607	-11.798	155.863
259.630	-12.321	155.828
259.657	-12.863	155.797
259.680	-13.427	155.799
259.712	-14.011	155.820
259.715	-14.552	155.835
259.735	-15.098	155.870
259.748	-15.558	155.883
259.762	-15.995	155.933
259.807	-16.211	155.989
259.852	-16.040	156.030
259.816	-15.836	155.988
259.762	-15.608	155.940
259.739	-15.359	155.891
259.744	-15.078	155.869
259.750	-14.769	155.854
259.740	-14.424	155.846
259.731	-14.040	155.831
259.703	-13.637	155.802
259.674	-13.239	155.824
259.652	-12.825	155.833
259.606	-12.386	155.837
259.590	-11.973	155.864
259.579	-11.565	155.886
259.572	-11.166	155.912
259.562	-10.785	155.927
259.562	-10.474	155.958
259.552	-10.221	155.983
259.553	-10.019	155.981
259.557	-9.913	155.998
259.548	-9.895	156.012
259.555	-9.942	156.005
259.554	-10.088	155.994
259.553	-10.309	155.977
259.573	-10.626	155.948
259.587	-10.999	155.888
259.603	-11.460	155.845
259.632	-11.982	155.813
259.658	-12.530	155.777
259.685	-13.098	155.765
259.715	-13.700	155.786
259.735	-14.274	155.823
259.746	-14.828	155.846
259.755	-15.335	155.871
259.780	-15.781	155.896
259.801	-16.180	155.957
259.871	-16.079	156.017
259.867	-15.908	156.018
259.816	-15.688	155.975
259.780	-15.460	155.927
259.764	-15.191	155.883
259.766	-14.894	155.867
259.768	-14.575	155.871
259.756	-14.212	155.859
259.739	-13.830	155.836
259.704	-13.434	155.836
259.671	-13.031	155.842
259.636	-12.621	155.854
259.601	-12.214	155.873
259.580	-11.812	155.895
259.577	-11.420	155.914
259.574	-11.053	155.947
259.556	-10.710	155.956
259.558	-10.454	155.992
259.561	-10.264	156.016
259.555	-10.128	156.026
259.559	-10.074	156.030
259.560	-10.106	156.035
259.556	-10.210	156.020
259.555	-10.399	156.007
259.568	-10.671	155.980
259.584	-11.014	155.937
259.592	-11.442	155.900
259.617	-11.909	155.847
259.638	-12.438	155.816
259.675	-13.002	155.816
259.695	-13.555	155.798
259.728	-14.133	155.829
259.734	-14.682	155.849
259.747	-15.198	155.870
259.761	-15.659	155.893
259.782	-16.079	155.935
259.822	-16.240	155.998
259.848	-16.073	156.027
259.812	-15.882	155.992
259.775	-15.655	155.945
259.755	-15.402	155.900
259.752	-15.119	155.873
259.753	-14.809	155.860
259.756	-14.471	155.861
259.741	-14.087	155.842
259.711	-13.682	155.819
259.680	-13.278	155.834
259.650	-12.861	155.839
259.611	-12.442	155.859
259.583	-12.009	155.869
259.577	-11.606	155.896
259.563	-11.202	155.918
259.567	-10.836	155.950
259.564	-10.531	155.995
259.559	-10.271	156.001
259.566	-10.087	156.022
259.561	-9.975	156.025
259.557	-9.952	156.033
259.566	-10.022	156.048
259.571	-10.155	156.017
259.576	-10.393	156.012
259.586	-10.702	155.973
259.610	-11.080	155.918
259.627	-11.540	155.871
259.656	-12.049	155.825
259.688	-12.606	155.806
259.711	-13.177	155.800
259.745	-13.765	155.813
259.764	-14.321	155.827
259.776	-14.879	155.863
259.784	-15.366	155.874
259.807	-15.815	155.914
259.831	-16.205	155.975
259.899	-16.071	156.014
259.879	-15.895	156.002
259.822	-15.668	155.957
259.792	-15.441	155.913
259.788	-15.173	155.877
259.785	-14.875	155.862
259.773	-14.539	155.841
259.764	-14.189	155.841
259.733	-13.773	155.793
259.708	-13.389	155.806
259.672	-12.994	155.822
259.640	-12.583	155.836
259.604	-12.165	155.847
259.591	-11.767	155.877
259.579	-11.376	155.894
259.573	-11.003	155.915
259.577	-10.682	155.947
259.571	-10.425	155.985
259.568	-10.230	156.007
259.565	-10.095	156.013
259.568	-10.045	156.018
259.563	-10.087	156.036
259.568	-10.199	156.032
259.573	-10.397	156.020
259.580	-10.668	155.995
259.593	-11.010	155.943
259.596	-11.424	155.890
259.620	-11.900	155.852
259.651	-12.439	155.821
259.681	-12.989	155.810
259.693	-13.557	155.810
259.724	-14.120	155.825
259.730	-14.671	155.859
259.743	-15.174	155.859
259.756	-15.643	155.897
259.775	-16.061	155.936
259.817	-16.192	156.007
259.836	-16.014	156.015
259.800	-15.817	155.978
259.757	-15.594	155.931
259.736	-15.349	155.890
259.739	-15.054	155.860
259.739	-14.747	155.843
259.727	-14.393	155.836
259.713	-14.009	155.819
259.686	-13.615	155.807
259.646	-13.207	155.820
259.621	-12.798	155.831
259.581	-12.371	155.836
259.563	-11.956	155.866
259.554	-11.558	155.896
259.545	-11.161	155.919
259.541	-10.790	155.941
259.541	-10.493	155.979
259.532	-10.251	156.004
259.541	-10.068	156.008
259.536	-9.950	156.012
259.539	-9.953	156.033
259.543	-10.018	156.029
259.554	-10.182	156.031
259.559	-10.417	156.010
259.573	-10.725	155.966
259.594	-11.122	155.928
259.615	-11.565	155.862
259.648	-12.093	155.819
259.672	-12.638	155.797
259.705	-13.211	155.795
259.731	-13.783	155.795
259.751	-14.359	155.830
259.774	-14.906	155.859
259.771	-15.382	155.862
259.797	-15.827	155.903
259.823	-16.191	155.963
259.894	-16.043	156.009
259.874	-15.868	156.004
259.827	-15.647	155.959
259.794	-15.401	155.903
259.778	-15.127	155.874
259.785	-14.818	155.855
259.778	-14.486	155.854
259.772	-14.112	155.843
259.746	-13.717	155.815
259.718	-13.318	155.827
259.687	-12.903	155.824
259.640	-12.486	155.840
259.630	-12.080	155.867
259.603	-11.675	155.887
259.602	-11.282	155.905
259.598	-10.930	155.950
259.595	-10.605	155.975
259.590	-10.356	156.004
259.583	-10.158	156.016
259.581	-10.040	156.027
259.581	-9.994	156.027
259.580	-10.048	156.033
259.583	-10.176	156.022
259.584	-10.391	156.012
259.594	-10.669	155.966
259.604	-11.025	155.919
259.615	-11.470	155.883
259.636	-11.957	155.830
259.665	-12.501	155.800
259.695	-13.069	155.802
259.707	-13.630	155.786
259.735	-14.204	155.816
259.738	-14.756	155.832
259.753	-15.271	155.857
259.767	-15.714	155.874
259.781	-16.119	155.916
259.847	-16.183	156.000
259.852	-16.006	156.004
259.810	-15.800	155.962
259.768	-15.574	155.914
259.759	-15.332	155.881
259.757	-15.043	155.861
259.765	-14.725	155.856
259.758	-14.374	155.847
259.738	-13.994	155.838
259.708	-13.584	155.817
259.676	-13.183	155.830
259.647	-12.788	155.872
259.607	-12.362	155.870
259.590	-11.966	155.901
259.578	-11.554	155.919
259.574	-11.168	155.952
259.570	-10.822	155.977
259.564	-10.526	155.998
259.555	-10.292	156.011
259.558	-10.137	156.034
259.556	-10.047	156.032
259.554	-10.058	156.036
259.555	-10.140	156.038
259.548	-10.308	156.031
259.560	-10.563	156.009
259.569	-10.876	155.964
259.574	-11.281	155.915
259.599	-11.736	155.866
259.622	-12.257	155.826
259.662	-12.814	155.809
259.688	-13.374	155.806
259.715	-13.960	155.827
259.729	-14.513	155.842
259.742	-15.042	155.851
259.758	-15.536	155.887
259.780	-15.967	155.927
259.805	-16.275	155.987
259.869	-16.115	156.036
259.851	-15.929	156.006
259.803	-15.704	155.953
259.762	-15.459	155.910
259.768	-15.187	155.881
259.776	-14.878	155.862
259.765	-14.548	155.865
259.760	-14.170	155.847
259.741	-13.785	155.829
259.702	-13.357	155.812
259.678	-12.950	155.822
259.630	-12.541	155.847
259.612	-12.118	155.859
259.592	-11.711	155.878
259.580	-11.310	155.892
259.583	-10.940	155.918
259.573	-10.622	155.953
259.574	-10.365	155.985
259.570	-10.170	156.000
259.566	-10.041	156.002
259.568	-9.996	156.012
259.567	-10.042	156.019
259.577	-10.158	156.004
259.569	-10.355	155.997
259.578	-10.635	155.969
259.601	-10.985	155.921
259.612	-11.420	155.876
259.634	-11.890	155.829
259.656	-12.426	155.799
259.688	-12.990	155.806
259.713	-13.552	155.794
259.746	-14.125	155.827
259.748	-14.675	155.852
259.759	-15.186	155.870
259.777	-15.638	155.893
259.800	-16.056	155.945
259.853	-16.141	156.009
259.868	-15.967	156.019
259.825	-15.760	155.973
259.786	-15.533	155.923
259.769	-15.289	155.888
259.763	-15.004	155.859
259.775	-14.693	155.850
259.768	-14.324	155.826
259.750	-13.950	155.820
259.723	-13.549	155.808
259.690	-13.144	155.811
259.655	-12.719	155.817
259.614	-12.298	155.833
259.596	-11.885	155.856
259.584	-11.490	155.886
259.574	-11.084	155.908
259.567	-10.728	155.938
259.561	-10.433	155.975
259.557	-10.189	155.996
259.552	-10.019	156.004
259.554	-9.926	156.006
259.540	-9.925	156.026
259.557	-10.010	156.028
259.557	-10.188	156.023
259.556	-10.438	156.006
259.567	-10.766	155.964
259.583	-11.161	155.911
259.615	-11.648	155.881
259.642	-12.180	155.854
259.664	-12.725	155.814
259.686	-13.313	155.828
259.725	-13.906	155.840
259.740	-14.466	155.861
259.747	-15.009	155.885
259.765	-15.516	155.923
259.782	-15.953	155.954
259.819	-16.240	156.009
259.873	-16.066	156.054
259.852	-15.876	156.021
259.791	-15.657	155.969
259.766	-15.415	155.926
259.753	-15.138	155.886
259.757	-14.833	155.867
259.753	-14.490	155.852
259.739	-14.123	155.841
259.717	-13.725	155.802
259.680	-13.316	155.802
259.653	-12.922	155.817
259.611	-12.498	155.824
259.588	-12.097	155.846
259.572	-11.694	155.865
259.563	-11.315	155.890
259.566	-10.953	155.908
259.560	-10.632	155.934
259.564	-10.388	155.966
259.556	-10.205	155.980
259.566	-10.096	155.992
259.565	-10.081	156.010
259.569	-10.135	156.007
259.570	-10.272	156.008
259.580	-10.487	155.985
259.589	-10.765	155.961
259.605	-11.137	155.918
259.624	-11.573	155.877
259.653	-12.061	155.836
259.681	-12.593	155.805
259.713	-13.149	155.807
259.730	-13.714	155.805
259.758	-14.276	155.848
259.769	-14.817	155.863
259.775	-15.312	155.885
259.790	-15.742	155.906
259.806	-16.143	155.950
259.870	-16.107	156.017
259.869	-15.937	156.022
259.824	-15.718	155.969
259.790	-15.504	155.936
259.778	-15.233	155.881
259.768	-14.932	155.855
259.779	-14.619	155.855
259.769	-14.247	155.833
259.760	-13.873	155.824
259.732	-13.460	155.812
259.693	-13.053	155.818
259.661	-12.642	155.833
259.635	-12.225	155.849
259.615	-11.830	155.880
259.601	-11.431	155.902
259.603	-11.047	155.929
259.604	-10.708	155.962
259.593	-10.431	155.994
259.586	-10.204	156.003
259.587	-10.051	156.016
259.588	-9.985	156.028
259.591	-10.005	156.030
259.588	-10.112	156.042
259.590	-10.291	156.028
259.591	-10.549	155.991
259.599	-10.898	155.961
259.612	-11.319	155.906
259.634	-11.799	155.864
259.653	-12.326	155.823
259.685	-12.891	155.807
259.714	-13.473	155.823
259.726	-14.057	155.834
259.736	-14.605	155.853
259.748	-15.129	155.872
259.766	-15.616	155.904
259.783	-16.044	155.945
259.819	-16.264	156.001
259.859	-16.081	156.029
259.822	-15.900	156.012
259.780	-15.679	155.965
259.749	-15.425	155.914
259.746	-15.143	155.884
259.750	-14.833	155.872
259.739	-14.481	155.856
259.738	-14.113	155.851
259.698	-13.707	155.830
259.671	-13.298	155.832
259.644	-12.894	155.854
259.605	-12.448	155.844
259.586	-12.050	155.880
259.576	-11.635	155.904
259.569	-11.241	155.919
259.569	-10.873	155.939
259.564	-10.578	155.979
259.559	-10.331	155.999
259.567	-10.142	156.004
259.567	-10.035	156.007
259.568	-10.043	156.032
259.572	-10.103	156.026
259.585	-10.263	156.026
259.581	-10.491	155.999
259.593	-10.784	155.953
259.608	-11.174	155.909
259.631	-11.629	155.870
259.652	-12.137	155.823
259.679	-12.677	155.796
259.704	-13.238	155.793
259.739	-13.827	155.807
259.755	-14.381	155.831
259.769	-14.927	155.855
259.779	-15.412	155.869
259.793	-15.856	155.911
259.812	-16.224	155.958
259.887	-16.107	156.031
259.874	-15.917	156.007
259.821	-15.697	155.961
259.793	-15.466	155.917
259.787	-15.199	155.885
259.794	-14.904	155.872
259.798	-14.567	155.859
259.787	-14.207	155.852
259.776	-13.811	155.828
259.744	-13.411	155.836
259.709	-13.011	155.845
259.676	-12.576	155.838
259.656	-12.185	155.878
259.635	-11.777	155.894
259.616	-11.377	155.907
259.624	-11.006	155.940
259.619	-10.681	155.975
259.611	-10.409	155.996
259.604	-10.190	156.002
259.601	-10.050	156.015
259.600	-9.999	156.021
259.600	-10.029	156.025
259.603	-10.142	156.026
259.604	-10.315	155.994
259.608	-10.589	155.974
259.619	-10.928	155.926
259.624	-11.348	155.876
259.654	-11.822	155.831
259.677	-12.345	155.786
259.710	-12.921	155.795
259.726	-13.477	155.786
259.739	-14.050	155.804
259.762	-14.628	155.845
259.774	-15.142	155.860
259.786	-15.614	155.893
259.801	-16.032	155.926
259.854	-16.218	156.005
259.880	-16.051	156.036
259.845	-15.856	155.996
259.794	-15.630	155.952
259.772	-15.389	155.910
259.765	-15.106	155.882
259.772	-14.801	155.868
259.757	-14.456	155.867
259.752	-14.087	155.853
259.722	-13.685	155.832
259.684	-13.278	155.830
259.656	-12.871	155.843
259.621	-12.456	155.861
259.604	-12.039	155.878
259.585	-11.638	155.900
259.569	-11.245	155.926
259.575	-10.886	155.953
259.570	-10.570	155.977
259.559	-10.318	155.997
259.559	-10.133	156.007
259.562	-10.025	156.006
259.565	-10.018	156.020
259.559	-10.098	156.036
259.566	-10.243	156.021
259.567	-10.470	155.997
259.576	-10.772	155.953
259.591	-11.159	155.910
259.608	-11.629	155.877
259.637	-12.146	155.839
259.670	-12.684	155.807
259.692	-13.262	155.812
259.721	-13.845	155.811
259.748	-14.426	155.850
259.761	-14.957	155.858
259.771	-15.477	155.898
259.795	-15.922	155.936
259.814	-16.282	155.971
259.883	-16.159	156.040
259.882	-15.994	156.038
259.835	-15.758	155.979
259.806	-15.536	155.942
259.791	-15.257	155.900
259.793	-14.951	155.878
259.789	-14.627	155.878
259.783	-14.248	155.858
259.763	-13.862	155.845
259.732	-13.451	155.830
259.700	-13.040	155.838
259.663	-12.611	155.841
259.634	-12.199	155.862
259.617	-11.792	155.880
259.603	-11.399	155.900
259.603	-11.028	155.931
259.595	-10.697	155.955
259.596	-10.424	155.983
259.582	-10.222	155.998
259.587	-10.082	156.009
259.588	-10.032	156.012
259.592	-10.076	156.036
259.591	-10.172	156.017
259.591	-10.357	155.998
259.602	-10.640	155.983
259.627	-10.982	155.948
259.626	-11.390	155.891
259.653	-11.875	155.856
259.686	-12.400	155.825
259.714	-12.955	155.813
259.738	-13.516	155.810
259.766	-14.097	155.834
259.776	-14.642	155.861
259.786	-15.161	155.878
259.799	-15.628	155.907
259.814	-16.044	155.949
259.868	-16.204	156.009
259.888	-16.039	156.031
259.848	-15.834	155.990
259.799	-15.615	155.942
259.776	-15.367	155.891
259.772	-15.079	155.856
259.777	-14.778	155.855
259.767	-14.421	155.839
259.750	-14.039	155.820
259.726	-13.630	155.789
259.688	-13.228	155.809
259.656	-12.814	155.818
259.619	-12.380	155.821
259.599	-11.959	155.850
259.591	-11.551	155.871
259.580	-11.154	155.905
259.584	-10.787	155.938
259.587	-10.491	155.980
259.585	-10.243	156.006
259.582	-10.060	156.018
259.589	-9.959	156.029
259.589	-9.952	156.038
259.593	-10.037	156.053
259.608	-10.195	156.038
259.600	-10.434	156.021
259.617	-10.763	155.978
259.631	-11.175	155.944
259.653	-11.648	155.900
259.680	-12.181	155.864
259.699	-12.717	155.821
259.734	-13.309	155.833
259.758	-13.903	155.840
259.771	-14.468	155.867
259.786	-15.021	155.889
259.786	-15.515	155.911
259.814	-15.978	155.963
259.835	-16.262	156.004
259.899	-16.086	156.037
259.864	-15.913	156.031
259.809	-15.680	155.976
259.782	-15.444	155.928
259.776	-15.171	155.897
259.773	-14.853	155.862
259.765	-14.525	155.856
259.758	-14.161	155.848
259.732	-13.773	155.827
259.695	-13.369	155.819
259.666	-12.977	155.837
259.637	-12.568	155.842
259.612	-12.165	155.860
259.600	-11.774	155.884
259.589	-11.393	155.906
259.602	-11.044	155.936
259.595	-10.721	155.955
259.592	-10.471	155.970
259.598	-10.299	156.001
259.598	-10.196	156.008
259.605	-10.170	156.023
259.603	-10.214	156.010
259.605	-10.349	156.012
259.613	-10.555	155.997
259.628	-10.830	155.959
259.630	-11.182	155.912
259.652	-11.601	155.861
259.676	-12.097	155.826
259.701	-12.605	155.788
259.724	-13.156	155.784
259.751	-13.721	155.790
259.771	-14.285	155.835
259.774	-14.827	155.859
259.786	-15.305	155.862
259.798	-15.759	155.908
259.812	-16.138	155.929
259.869	-16.114	156.006
259.863	-15.953	156.017
259.826	-15.746	155.967
259.796	-15.522	155.929
259.776	-15.252	155.877
259.777	-14.954	155.859
259.782	-14.648	155.860
259.781	-14.283	155.849
259.764	-13.890	155.834
259.733	-13.470	155.812
259.705	-13.079	155.843
259.676	-12.654	155.856
259.643	-12.236	155.873
259.632	-11.817	155.892
259.609	-11.404	155.909
259.607	-11.016	155.935
259.602	-10.659	155.960
259.595	-10.382	156.002
259.589	-10.157	156.018
259.593	-10.003	156.029
259.586	-9.936	156.031
259.585	-9.950	156.034
259.591	-10.057	156.033
259.591	-10.251	156.015
259.603	-10.526	155.988
259.605	-10.874	155.934
259.615	-11.312	155.892
259.638	-11.791	155.841
259.661	-12.331	155.787
259.699	-12.917	155.789
259.725	-13.492	155.783
259.749	-14.097	155.817
259.765	-14.677	155.851
259.777	-15.193	155.861
259.787	-15.680	155.890
259.811	-16.111	155.939
259.879	-16.234	155.999
259.912	-16.064	156.030
259.859	-15.867	156.004
259.824	-15.642	155.960
259.794	-15.384	155.915
259.795	-15.092	155.894
259.800	-14.776	155.887
259.780	-14.420	155.876
259.772	-14.040	155.860
259.738	-13.638	155.840
259.695	-13.235	155.850
259.664	-12.845	155.874
259.628	-12.428	155.883
259.607	-12.022	155.909
259.596	-11.626	155.928
259.588	-11.252	155.954
259.585	-10.906	155.976
259.578	-10.611	156.003
259.575	-10.394	156.022
259.577	-10.233	156.026
259.579	-10.149	156.028
259.569	-10.151	156.036
259.575	-10.231	156.022
259.577	-10.395	156.012
259.585	-10.638	155.990
259.590	-10.946	155.938
259.602	-11.340	155.888
259.637	-11.794	155.850
259.650	-12.299	155.796
259.699	-12.848	155.784
259.723	-13.408	155.776
259.751	-13.991	155.799
259.768	-14.543	155.826
259.775	-15.061	155.829
259.793	-15.542	155.855
259.818	-15.991	155.912
259.845	-16.302	155.965
259.902	-16.143	156.017
259.879	-15.958	155.998
259.829	-15.721	155.932
259.811	-15.496	155.896
259.803	-15.226	155.875
259.813	-14.925	155.864
259.818	-14.591	155.856
259.806	-14.223	155.848
259.792	-13.829	155.837
259.758	-13.411	155.834
259.725	-13.002	155.848
259.692	-12.575	155.864
259.659	-12.153	155.887
259.647	-11.741	155.913
259.639	-11.326	155.929
259.641	-10.947	155.962
259.641	-10.618	155.997
259.625	-10.340	156.021
259.626	-10.133	156.037
259.622	-9.991	156.048
259.625	-9.943	156.046
259.622	-9.984	156.059
259.626	-10.106	156.053
259.620	-10.299	156.025
259.629	-10.594	156.001
259.648	-10.948	155.947
259.655	-11.388	155.898
259.671	-11.884	155.853
259.704	-12.428	155.815
259.732	-12.998	155.799
259.748	-13.590	155.812
259.781	-14.186	155.841
259.782	-14.753	155.860
259.788	-15.277	155.879
259.806	-15.744	155.902
259.814	-16.157	155.933
259.900	-16.204	156.018
259.906	-16.031	156.024
259.845	-15.820	155.980
259.807	-15.600	155.933
259.783	-15.337	155.889
259.790	-15.060	155.866
259.781	-14.734	155.844
259.778	-14.393	155.845
259.753	-14.004	155.813
259.723	-13.610	155.805
259.693	-13.205	155.808
259.657	-12.799	155.824
259.610	-12.380	155.824
259.605	-11.980	155.853
259.591	-11.588	155.882
259.584	-11.213	155.909
259.585	-10.861	155.924
259.581	-10.582	155.963
259.572	-10.356	155.981
259.566	-10.199	155.999
259.569	-10.123	156.013
259.572	-10.119	156.016
259.573	-10.214	156.033
259.585	-10.373	156.014
259.582	-10.609	155.991
259.596	-10.931	155.959
259.602	-11.326	155.917
259.632	-11.778	155.882
259.663	-12.291	155.846
259.687	-12.832	155.829
259.715	-13.393	155.830
259.744	-13.966	155.839
259.760	-14.525	155.881
259.779	-15.045	155.884
259.780	-15.523	155.903
259.807	-15.969	155.955
259.843	-16.253	156.008
259.891	-16.088	156.053
259.865	-15.908	156.025
259.825	-15.688	155.975
259.789	-15.437	155.913
259.797	-15.182	155.892
259.795	-14.880	155.871
259.792	-14.544	155.857
259.781	-14.166	155.835
259.763	-13.785	155.822
259.731	-13.358	155.800
259.701	-12.962	155.817
259.664	-12.545	155.825
259.637	-12.124	155.842
259.622	-11.716	155.864
259.616	-11.326	155.880
259.616	-10.941	155.911
259.606	-10.618	155.950
259.599	-10.359	155.985
259.593	-10.145	155.991
259.599	-10.014	156.006
259.607	-9.981	156.025
259.611	-10.022	156.039
259.613	-10.140	156.028
259.622	-10.335	156.005
259.629	-10.626	155.979
259.641	-10.979	155.937
259.657	-11.419	155.892
259.690	-11.921	155.854
259.715	-12.445	155.811
259.746	-13.019	155.816
259.772	-13.597	155.824
259.790	-14.169	155.843
259.811	-14.747	155.897
259.818	-15.245	155.904
259.826	-15.696	155.928
259.845	-16.119	155.982
259.912	-16.147	156.042
259.918	-15.971	156.051
259.861	-15.771	156.010
259.816	-15.532	155.953
259.791	-15.270	155.902
259.789	-14.987	155.879
259.781	-14.681	155.869
259.773	-14.334	155.865
259.752	-13.956	155.841
259.723	-13.560	155.825
259.689	-13.154	155.823
259.645	-12.750	155.830
259.612	-12.351	155.847
259.601	-11.951	155.863
259.591	-11.568	155.887
259.587	-11.193	155.912
259.587	-10.848	155.928
259.586	-10.578	155.961
259.575	-10.368	155.982
259.582	-10.222	156.003
259.585	-10.156	156.012
259.584	-10.172	156.024
259.589	-10.268	156.022
259.591	-10.432	156.010
259.602	-10.677	155.981
259.617	-11.005	155.943
259.629	-11.400	155.897
259.656	-11.862	155.864
259.676	-12.376	155.827
259.708	-12.910	155.805
259.724	-13.468	155.805
259.751	-14.043	155.825
259.772	-14.602	155.864
259.772	-15.104	155.866
259.787	-15.586	155.896
259.809	-16.019	155.942
259.839	-16.293	156.004
259.886	-16.122	156.046
259.865	-15.935	156.022
259.816	-15.699	155.963
259.785	-15.464	155.924
259.782	-15.185	155.899
259.795	-14.867	155.870
259.792	-14.547	155.890
259.785	-14.175	155.870
259.765	-13.773	155.850
259.734	-13.361	155.851
259.699	-12.954	155.862
259.661	-12.533	155.880
259.641	-12.108	155.892
259.625	-11.706	155.915
259.618	-11.305	155.937
259.616	-10.935	155.974
259.621	-10.611	156.001
259.610	-10.344	156.027
259.605	-10.143	156.041
259.608	-10.012	156.044
259.607	-9.964	156.037
259.610	-10.019	156.049
259.605	-10.151	156.044
259.609	-10.352	156.013
259.613	-10.645	155.976
259.632	-11.004	155.919
259.640	-11.454	155.878
259.666	-11.942	155.815
259.698	-12.482	155.782
259.723	-13.059	155.784
259.742	-13.636	155.777
259.773	-14.219	155.812
259.781	-14.781	155.841
259.791	-15.280	155.844
259.809	-15.751	155.894
259.830	-16.139	155.920
259.891	-16.158	155.994
259.903	-15.977	156.002
259.856	-15.768	155.961
259.811	-15.534	155.919
259.797	-15.270	155.877
259.799	-14.972	155.862
259.797	-14.656	155.860
259.787	-14.283	155.848
259.770	-13.895	155.830
259.743	-13.493	155.818
259.707	-13.092	155.837
259.670	-12.670	155.847
259.647	-12.260	155.869
259.622	-11.846	155.892
259.610	-11.451	155.917
259.615	-11.078	155.955
259.609	-10.732	155.977
259.602	-10.463	156.022
259.598	-10.237	156.025
259.602	-10.097	156.049
259.587	-10.003	156.034
259.590	-10.025	156.050
259.599	-10.122	156.040
259.598	-10.306	156.034
259.603	-10.566	156.003
259.617	-10.904	155.961
259.628	-11.313	155.904
259.648	-11.785	155.861
259.674	-12.311	155.813
259.706	-12.875	155.810
259.735	-13.446	155.796
259.751	-14.037	155.820
259.766	-14.595	155.845
259.774	-15.128	155.856
259.794	-15.618	155.882
259.809	-16.049	155.918
259.855	-16.287	155.997
259.904	-16.127	156.034
259.861	-15.914	155.990
259.816	-15.696	155.939
259.788	-15.458	155.906
259.787	-15.192	155.883
259.789	-14.869	155.853
259.784	-14.549	155.867
259.775	-14.173	155.851
259.745	-13.763	155.827
259.711	-13.360	155.833
259.676	-12.944	155.843
259.638	-12.527	155.857
259.619	-12.122	155.885
259.597	-11.710	155.908
259.588	-11.319	155.933
259.597	-10.937	155.954
259.591	-10.630	155.993
259.585	-10.377	156.021
259.585	-10.175	156.025
259.584	-10.052	156.028
259.587	-10.030	156.044
259.590	-10.090	156.054
259.589	-10.218	156.040
259.595	-10.440	156.021
259.604	-10.725	155.980
259.623	-11.086	155.924
259.640	-11.554	155.899
259.667	-12.052	155.852
259.696	-12.583	155.817
259.721	-13.147	155.813
259.748	-13.742	155.822
259.776	-14.305	155.841
259.791	-14.864	155.873
259.788	-15.372	155.898
259.811	-15.817	155.921
259.825	-16.207	155.959
259.895	-16.165	156.018
259.897	-16.004	156.036
259.840	-15.774	155.968
259.811	-15.558	155.933
259.787	-15.296	155.888
259.788	-14.994	155.858
259.796	-14.676	155.848
259.790	-14.309	155.831
259.772	-13.932	155.828
259.743	-13.528	155.801
259.707	-13.117	155.815
259.675	-12.704	155.825
259.649	-12.293	155.849
259.633	-11.903	155.877
259.621	-11.484	155.886
259.617	-11.101	155.912
259.610	-10.757	155.941
259.609	-10.490	155.986
259.601	-10.264	156.000
259.606	-10.113	156.009
259.609	-10.045	156.026
259.608	-10.070	156.050
259.612	-10.163	156.040
259.614	-10.340	156.026
259.621	-10.593	155.998
259.640	-10.928	155.962
259.646	-11.336	155.908
259.669	-11.809	155.875
259.695	-12.326	155.831
259.731	-12.882	155.819
259.754	-13.450	155.818
259.773	-14.033	155.844
259.787	-14.597	155.872
259.799	-15.119	155.884
259.807	-15.598	155.909
259.825	-16.038	155.958
259.886	-16.249	156.037
259.918	-16.078	156.058
259.881	-15.878	156.011
259.832	-15.655	155.965
259.800	-15.424	155.923
259.798	-15.145	155.892
259.807	-14.845	155.880
259.793	-14.508	155.873
259.787	-14.135	155.858
259.753	-13.741	155.826
259.712	-13.350	155.836
259.695	-12.947	155.841
259.644	-12.527	155.846
259.626	-12.132	155.882
259.611	-11.723	155.898
259.596	-11.330	155.911
259.589	-10.961	155.937
259.587	-10.643	155.964
259.580	-10.398	155.998
259.574	-10.204	156.009
259.572	-10.077	156.013
259.570	-10.048	156.023
259.580	-10.108	156.031
259.577	-10.226	156.014
259.575	-10.444	156.002
259.590	-10.737	155.964
259.603	-11.096	155.922
259.613	-11.543	155.884
259.646	-12.036	155.830
259.679	-12.580	155.806
259.703	-13.140	155.808
259.736	-13.721	155.806
259.755	-14.287	155.840
259.768	-14.838	155.862
259.771	-15.337	155.878
259.796	-15.798	155.923
259.818	-16.196	155.971
259.887	-16.131	156.029
259.886	-15.961	156.027
259.838	-15.744	155.977
259.798	-15.518	155.940
259.793	-15.255	155.894
259.787	-14.957	155.866
259.802	-14.648	155.871
259.790	-14.295	155.861
259.770	-13.911	155.838
259.738	-13.511	155.824
259.706	-13.115	155.840
259.675	-12.698	155.835
259.634	-12.287	155.841
259.622	-11.899	155.877
259.614	-11.503	155.900
259.622	-11.126	155.917
259.614	-10.796	155.950
259.611	-10.514	155.980
259.612	-10.303	156.003
259.612	-10.158	156.016
259.612	-10.076	156.016
259.617	-10.101	156.028
259.625	-10.194	156.030
259.622	-10.356	156.015
259.629	-10.606	155.986
259.644	-10.936	155.947
259.649	-11.340	155.908
259.676	-11.796	155.861
259.704	-12.295	155.806
259.731	-12.860	155.804
259.759	-13.419	155.806
259.775	-13.995	155.819
259.797	-14.557	155.861
259.797	-15.076	155.870
259.800	-15.555	155.889
259.824	-15.979	155.926
259.857	-16.250	155.993
259.902	-16.075	156.035
259.869	-15.877	155.999
259.819	-15.660	155.950
259.791	-15.417	155.899
259.788	-15.145	155.883
259.786	-14.829	155.862
259.780	-14.486	155.852
259.769	-14.116	155.840
259.748	-13.707	155.815
259.714	-13.302	155.826
259.683	-12.897	155.844
259.646	-12.463	155.846
259.620	-12.047	155.874
259.610	-11.646	155.903
259.594	-11.243	155.924
259.597	-10.879	155.964
259.598	-10.565	155.991
259.589	-10.311	156.016
259.585	-10.112	156.023
259.586	-10.004	156.036
259.582	-9.978	156.042
259.591	-10.050	156.050
259.593	-10.183	156.031
259.589	-10.416	156.014
259.606	-10.726	155.977
259.617	-11.112	155.932
259.628	-11.562	155.878
259.661	-12.084	155.836
259.675	-12.638	155.807
259.706	-13.202	155.787
259.738	-13.806	155.809
259.759	-14.391	155.838
259.773	-14.937	155.853
259.779	-15.441	155.873
259.803	-15.907	155.915
259.824	-16.281	155.967
259.904	-16.147	156.023
259.891	-15.966	156.014
259.834	-15.744	155.971
259.799	-15.512	155.928
259.798	-15.246	155.895
259.796	-14.934	155.868
259.799	-14.622	155.879
259.784	-14.242	155.854
259.766	-13.861	155.841
259.733	-13.451	155.825
259.697	-13.039	155.832
259.666	-12.647	155.864
259.645	-12.243	155.887
259.632	-11.846	155.912
259.612	-11.447	155.924
259.621	-11.071	155.942
259.618	-10.748	155.965
259.619	-10.494	156.005
259.620	-10.293	156.017
259.609	-10.159	156.018
259.620	-10.113	156.034
259.620	-10.143	156.038
259.624	-10.246	156.023
259.622	-10.441	156.017
259.632	-10.698	155.977
259.650	-11.047	155.937
259.659	-11.452	155.880
259.683	-11.933	155.848
259.706	-12.457	155.814
259.734	-13.009	155.800
259.760	-13.576	155.805
259.781	-14.147	155.827
259.795	-14.696	155.852
259.800	-15.205	155.862
259.817	-15.682	155.905
259.838	-16.091	155.941
259.891	-16.203	156.007
259.903	-16.026	156.022
259.860	-15.834	155.990
259.822	-15.608	155.942
259.799	-15.356	155.894
259.796	-15.084	155.877
259.809	-14.767	155.865
259.788	-14.412	155.849
259.786	-14.040	155.841
259.750	-13.629	155.813
259.718	-13.241	155.834
259.678	-12.815	155.841
259.644	-12.387	155.846
259.616	-11.977	155.879
259.608	-11.575	155.901
259.603	-11.179	155.921
259.589	-10.811	155.945
259.591	-10.497	155.973
259.585	-10.262	156.006
259.577	-10.076	156.013
259.579	-9.967	156.019
259.570	-9.963	156.029
259.581	-10.045	156.033
259.580	-10.179	156.014
259.581	-10.415	155.988
259.590	-10.743	155.958
259.609	-11.133	155.904
259.628	-11.603	155.864
259.662	-12.130	155.830
259.683	-12.674	155.797
259.714	-13.248	155.790
259.750	-13.867	155.825
259.758	-14.427	155.846
259.773	-14.979	155.862
259.781	-15.485	155.884
259.803	-15.947	155.935
259.835	-16.298	155.994
259.906	-16.126	156.039
259.883	-15.941	156.022
259.828	-15.720	155.975
259.803	-15.472	155.916
259.793	-15.201	155.894
259.796	-14.894	155.873
259.793	-14.567	155.871
259.777	-14.196	155.859
259.770	-13.812	155.833
259.723	-13.402	155.835
259.687	-13.004	155.852
259.655	-12.588	155.851
259.634	-12.176	155.868
259.616	-11.782	155.899
259.606	-11.394	155.916
259.602	-11.020	155.940
259.608	-10.711	155.974
259.596	-10.451	156.003
259.593	-10.249	156.010
259.600	-10.121	156.014
259.599	-10.081	156.027
259.602	-10.130	156.040
259.605	-10.246	156.032
259.606	-10.442	156.015
259.619	-10.703	155.968
259.631	-11.058	155.936
259.640	-11.482	155.891
259.673	-11.965	155.841
259.700	-12.493	155.811
259.732	-13.053	155.809
259.751	-13.630	155.812
259.783	-14.191	155.835
259.792	-14.743	155.859
259.805	-15.262	155.890
259.815	-15.707	155.907
259.838	-16.124	155.953
259.894	-16.195	156.015
259.902	-16.027	156.032
259.865	-15.814	155.980
259.823	-15.599	155.939
259.802	-15.340	155.886
259.805	-15.057	155.869
259.806	-14.748	155.853
259.798	-14.385	155.841
259.782	-14.007	155.831
259.759	-13.609	155.817
259.723	-13.202	155.826
259.692	-12.783	155.837
259.656	-12.365	155.854
259.640	-11.947	155.881
259.628	-11.540	155.899
259.620	-11.143	155.920
259.611	-10.779	155.950
259.605	-10.481	155.986
259.605	-10.237	156.000
259.603	-10.064	156.020
259.602	-9.964	156.027
259.600	-9.961	156.040
259.606	-10.041	156.037
259.608	-10.204	156.029
259.607	-10.448	156.005
259.620	-10.773	155.965
259.635	-11.173	155.919
259.656	-11.636	155.869
259.677	-12.174	155.847
259.706	-12.724	155.817
259.735	-13.303	155.817
259.761	-13.898	155.833
259.781	-14.476	155.869
259.786	-15.016	155.880
259.795	-15.508	155.893
259.813	-15.961	155.946
259.839	-16.286	156.000
259.907	-16.125	156.047
259.881	-15.945	156.021
259.824	-15.729	155.984
259.797	-15.479	155.922
259.787	-15.194	155.879
259.792	-14.896	155.868
259.783	-14.567	155.867
259.767	-14.201	155.852
259.743	-13.806	155.828
259.718	-13.408	155.829
259.674	-12.992	155.834
259.641	-12.583	155.850
259.617	-12.167	155.861
259.607	-11.765	155.888
259.594	-11.373	155.911
259.603	-11.013	155.946
259.592	-10.689	155.966
259.588	-10.430	155.996
259.586	-10.231	156.006
259.584	-10.107	156.018
259.590	-10.088	156.033
259.592	-10.131	156.042
259.596	-10.253	156.028
259.595	-10.461	156.012
259.607	-10.741	155.979
259.623	-11.093	155.937
259.638	-11.530	155.899
259.661	-12.010	155.842
259.680	-12.544	155.814
259.711	-13.098	155.806
259.731	-13.672	155.816
259.765	-14.240	155.843
259.777	-14.786	155.864
259.786	-15.284	155.874
259.804	-15.746	155.919
259.816	-16.134	155.945
259.870	-16.173	156.023
259.882	-15.998	156.030
259.838	-15.790	155.979
259.803	-15.566	155.942
259.784	-15.300	155.889
259.786	-15.014	155.867
259.790	-14.690	155.851
259.782	-14.333	155.847
259.768	-13.938	155.825
259.749	-13.535	155.811
259.715	-13.121	155.825
259.674	-12.697	155.830
259.645	-12.270	155.844
259.624	-11.864	155.875
259.615	-11.455	155.899
259.616	-11.056	155.919
259.601	-10.704	155.962
259.605	-10.412	155.988
259.598	-10.181	156.011
259.607	-10.013	156.015
259.601	-9.938	156.029
259.607	-9.947	156.041
259.610	-10.036	156.031
259.603	-10.211	156.023
259.617	-10.471	156.002
259.633	-10.812	155.961
259.648	-11.219	155.913
259.668	-11.687	155.851
259.694	-12.220	155.821
259.720	-12.783	155.800
259.761	-13.368	155.808
259.773	-13.956	155.820
259.788	-14.515	155.844
259.800	-15.065	155.871
259.811	-15.543	155.885
259.832	-15.994	155.947
259.869	-16.232	156.008
259.919	-16.063	156.047
259.892	-15.870	156.008
259.834	-15.643	155.963
259.805	-15.403	155.919
259.800	-15.118	155.887
259.799	-14.807	155.870
259.794	-14.471	155.868
259.777	-14.106	155.851
259.744	-13.708	155.823
259.708	-13.314	155.834
259.691	-12.914	155.853
259.648	-12.502	155.859
259.621	-12.103	155.882
259.611	-11.704	155.904
259.598	-11.331	155.921
259.603	-10.964	155.949
259.600	-10.671	155.984
259.595	-10.428	156.003
259.592	-10.239	156.009
259.592	-10.139	156.020
259.589	-10.115	156.026
259.596	-10.180	156.036
259.591	-10.310	156.022
259.598	-10.525	155.999
259.608	-10.821	155.967
259.617	-11.176	155.912
259.637	-11.615	155.873
259.667	-12.121	155.831
259.689	-12.639	155.795
259.717	-13.199	155.794
259.743	-13.767	155.798
259.767	-14.333	155.828
259.769	-14.886	155.857
259.783	-15.372	155.868
259.800	-15.829	155.912
259.816	-16.216	155.953
259.877	-16.186	156.021
259.872	-16.018	156.029
259.835	-15.804	155.979
259.808	-15.577	155.938
259.781	-15.307	155.883
259.792	-15.024	155.880
259.799	-14.707	155.873
259.793	-14.340	155.867
259.770	-13.941	155.849
259.741	-13.527	155.828
259.714	-13.136	155.858
259.679	-12.696	155.858
259.653	-12.288	155.890
259.629	-11.859	155.905
259.619	-11.441	155.910
259.622	-11.049	155.941
259.618	-10.699	155.976
259.610	-10.418	156.023
259.605	-10.178	156.026
259.600	-10.006	156.035
259.601	-9.927	156.033
259.594	-9.939	156.037
259.610	-10.039	156.043
259.601	-10.213	156.024
259.612	-10.474	155.991
259.627	-10.819	155.948
259.640	-11.236	155.896
259.666	-11.720	155.858
259.689	-12.251	155.806
259.714	-12.819	155.794
259.744	-13.408	155.799
259.769	-13.995	155.814
259.796	-14.593	155.867
259.803	-15.108	155.863
259.811	-15.594	155.887
259.828	-16.032	155.927
259.882	-16.247	156.011
259.926	-16.069	156.035
259.885	-15.880	155.999
259.834	-15.653	155.957
259.808	-15.397	155.905
259.799	-15.106	155.871
259.807	-14.792	155.861
259.792	-14.458	155.862
259.776	-14.078	155.841
259.752	-13.669	155.811
259.714	-13.280	155.835
259.686	-12.864	155.842
259.651	-12.460	155.857
259.629	-12.050	155.881
259.607	-11.642	155.900
259.602	-11.256	155.926
259.598	-10.889	155.948
259.597	-10.598	155.984
259.596	-10.360	156.008
259.585	-10.180	156.018
259.588	-10.074	156.025
259.592	-10.073	156.040
259.584	-10.142	156.039
259.591	-10.279	156.017
259.590	-10.509	155.997
259.608	-10.819	155.967
259.610	-11.191	155.915
259.633	-11.647	155.876
259.657	-12.155	155.841
259.694	-12.696	155.809
259.714	-13.251	155.805
259.736	-13.838	155.818
259.762	-14.403	155.848
259.766	-14.937	155.860
259.784	-15.439	155.892
259.808	-15.877	155.915
259.828	-16.261	155.971
259.882	-16.161	156.026
259.873	-15.989	156.021
259.828	-15.770	155.968
259.798	-15.546	155.931
259.783	-15.280	155.884
259.789	-14.976	155.853
259.788	-14.666	155.858
259.782	-14.281	155.837
259.765	-13.902	155.828
259.728	-13.501	155.827
259.698	-13.097	155.835
259.667	-12.670	155.839
259.638	-12.260	155.859
259.620	-11.844	155.880
259.609	-11.442	155.897
259.609	-11.046	155.924
259.603	-10.713	155.959
259.604	-10.440	156.002
259.595	-10.218	156.014
259.598	-10.062	156.022
259.597	-9.988	156.023
259.606	-10.017	156.041
259.605	-10.112	156.039
259.603	-10.277	156.014
259.614	-10.550	155.998
259.624	-10.876	155.942
259.642	-11.305	155.903
259.669	-11.777	155.859
259.689	-12.303	155.819
259.735	-12.881	155.820
259.752	-13.443	155.812
259.769	-14.022	155.834
259.793	-14.600	155.870
259.806	-15.109	155.876
259.815	-15.590	155.901
259.827	-16.016	155.945
259.887	-16.211	156.008
259.921	-16.042	156.040
259.887	-15.843	155.994
259.834	-15.633	155.961
259.813	-15.379	155.908
259.806	-15.087	155.871
259.800	-14.785	155.860
259.793	-14.439	155.849
259.777	-14.062	155.830
259.751	-13.664	155.803
259.720	-13.270	155.820
259.688	-12.862	155.826
259.648	-12.447	155.837
259.625	-12.049	155.865
259.613	-11.646	155.884
259.603	-11.264	155.910
259.609	-10.900	155.935
259.603	-10.609	155.974
259.590	-10.359	155.998
259.593	-10.189	156.011
259.592	-10.077	156.007
259.599	-10.076	156.032
259.607	-10.153	156.042
259.605	-10.288	156.027
259.605	-10.509	156.003
259.619	-10.808	155.963
259.631	-11.193	155.929
259.650	-11.638	155.888
259.680	-12.143	155.845
259.701	-12.670	155.814
259.725	-13.239	155.816
259.751	-13.820	155.833
259.772	-14.372	155.851
259.777	-14.922	155.870
259.782	-15.413	155.890
259.807	-15.867	155.939
259.823	-16.237	155.964
259.886	-16.164	156.035
259.880	-15.983	156.020
259.832	-15.766	155.970
259.793	-15.535	155.928
259.782	-15.269	155.887
259.795	-14.977	155.880
259.792	-14.649	155.870
259.781	-14.268	155.851
259.762	-13.890	155.844
259.731	-13.473	155.831
259.694	-13.058	155.839
259.662	-12.633	155.851
259.635	-12.226	155.883
259.613	-11.799	155.897
259.604	-11.395	155.920
259.607	-11.016	155.951
259.601	-10.675	155.989
259.586	-10.387	156.003
259.600	-10.185	156.029
259.584	-10.039	156.024
259.588	-9.970	156.034
259.582	-10.015	156.043
259.593	-10.135	156.045
259.595	-10.322	156.014
259.605	-10.606	155.986
259.623	-10.968	155.945
259.622	-11.393	155.889
259.652	-11.891	155.850
259.682	-12.431	155.805
259.714	-12.993	155.798
259.736	-13.579	155.800
259.767	-14.177	155.842
259.778	-14.732	155.858
259.780	-15.242	155.873
259.807	-15.709	155.896
259.822	-16.134	155.951
259.892	-16.172	156.005
259.908	-15.991	156.017
259.856	-15.794	155.983
259.816	-15.561	155.942
259.798	-15.301	155.893
259.795	-15.009	155.870
259.798	-14.691	155.861
259.787	-14.329	155.846
259.777	-13.943	155.829
259.742	-13.548	155.813
259.701	-13.141	155.822
259.674	-12.740	155.839
259.640	-12.320	155.850
259.627	-11.923	155.876
259.617	-11.534	155.902
259.618	-11.155	155.928
259.608	-10.814	155.950
259.606	-10.531	155.977
259.597	-10.317	156.009
259.605	-10.164	156.016
259.605	-10.093	156.022
259.604	-10.103	156.034
259.607	-10.185	156.023
259.610	-10.357	156.012
259.617	-10.604	155.986
259.635	-10.926	155.945
259.635	-11.328	155.904
259.666	-11.792	155.864
259.697	-12.285	155.805
259.718	-12.840	155.797
259.748	-13.404	155.802
259.766	-13.979	155.816
259.781	-14.538	155.848
259.789	-15.052	155.861
259.797	-15.517	155.874
259.821	-15.968	155.929
259.844	-16.260	155.981
259.897	-16.103	156.039
259.867	-15.920	156.007
259.823	-15.702	155.957
259.788	-15.454	155.905
259.794	-15.199	155.889
259.797	-14.903	155.875
259.790	-14.569	155.870
259.785	-14.192	155.849
259.767	-13.798	155.833
259.726	-13.398	155.844
259.702	-13.001	155.860
259.666	-12.566	155.865
259.629	-12.150	155.884
259.617	-11.741	155.902
259.607	-11.338	155.923
259.605	-10.959	155.951
259.603	-10.634	155.983
259.595	-10.362	156.004
259.589	-10.162	156.017
259.585	-10.028	156.026
259.585	-9.991	156.040
259.590	-10.034	156.041
259.595	-10.154	156.036
259.597	-10.364	156.025
259.607	-10.645	155.988
259.622	-11.021	155.955
259.628	-11.442	155.882
259.661	-11.947	155.843
259.689	-12.483	155.805
259.719	-13.063	155.814
259.739	-13.636	155.800
259.769	-14.230	155.840
259.778	-14.784	155.856
259.788	-15.289	155.867
259.813	-15.766	155.912
259.828	-16.170	155.955
259.894	-16.180	156.012
259.908	-16.014	156.040
259.854	-15.789	155.982
259.807	-15.553	155.931
259.793	-15.299	155.894
259.794	-15.000	155.865
259.806	-14.695	155.871
259.788	-14.335	155.863
259.767	-13.957	155.845
259.744	-13.545	155.818
259.704	-13.145	155.828
259.674	-12.741	155.845
259.641	-12.334	155.865
259.622	-11.938	155.890
259.618	-11.545	155.908
259.618	-11.158	155.925
259.615	-10.826	155.958
259.612	-10.548	155.987
259.603	-10.316	155.998
259.602	-10.164	156.018
259.606	-10.089	156.022
259.607	-10.095	156.024
259.614	-10.189	156.030
259.613	-10.352	156.016
259.623	-10.591	155.980
259.640	-10.917	155.950
259.641	-11.306	155.890
259.667	-11.770	155.860
259.692	-12.277	155.813
259.723	-12.826	155.796
259.762	-13.400	155.804
259.773	-13.974	155.826
259.791	-14.543	155.861
259.799	-15.067	155.871
259.811	-15.545	155.889
259.834	-15.975	155.922
259.857	-16.272	155.997
259.911	-16.098	156.035
259.873	-15.903	155.999
259.831	-15.683	155.953
259.800	-15.450	155.915
259.797	-15.178	155.888
259.799	-14.880	155.873
259.789	-14.550	155.870
259.782	-14.176	155.856
259.761	-13.789	155.841
259.730	-13.377	155.836
259.689	-12.961	155.838
259.656	-12.553	155.860
259.632	-12.136	155.881
259.616	-11.728	155.897
259.598	-11.324	155.921
259.599	-10.951	155.952
259.587	-10.625	155.979
259.583	-10.361	156.006
259.577	-10.160	156.018
259.584	-10.033	156.027
259.577	-9.998	156.032
259.585	-10.045	156.036
259.583	-10.172	156.036
259.580	-10.364	156.003
259.590	-10.665	155.972
259.604	-11.040	155.937
259.618	-11.490	155.888
259.655	-11.974	155.840
259.677	-12.521	155.816
259.705	-13.091	155.807
259.727	-13.673	155.802
259.752	-14.248	155.831
259.774	-14.828	155.869
259.776	-15.328	155.877
259.798	-15.792	155.916
259.810	-16.201	155.963
259.890	-16.189	156.016
259.893	-16.003	156.020
259.845	-15.808	155.995
259.808	-15.577	155.945
259.788	-15.311	155.900
259.784	-15.010	155.870
259.788	-14.693	155.868
259.781	-14.336	155.858
259.760	-13.948	155.836
259.735	-13.547	155.820
259.701	-13.131	155.826
259.669	-12.734	155.849
259.640	-12.321	155.858
259.618	-11.914	155.881
259.606	-11.514	155.904
259.609	-11.136	155.925
259.612	-10.791	155.951
259.602	-10.508	155.980
259.592	-10.283	155.998
259.600	-10.140	156.020
259.604	-10.070	156.031
259.605	-10.089	156.041
259.613	-10.168	156.028
259.607	-10.339	156.020
259.622	-10.585	155.989
259.637	-10.919	155.957
259.640	-11.311	155.899
259.674	-11.772	155.857
259.703	-12.297	155.821
259.725	-12.840	155.800
259.763	-13.414	155.806
259.775	-13.987	155.820
259.790	-14.554	155.859
259.803	-15.079	155.870
259.822	-15.560	155.886
259.845	-15.996	155.937
259.876	-16.267	156.001
259.916	-16.092	156.035
259.892	-15.912	156.010
259.849	-15.676	155.948
259.812	-15.433	155.908
259.812	-15.168	155.885
259.814	-14.849	155.857
259.810	-14.525	155.862
259.800	-14.159	155.856
259.776	-13.753	155.831
259.743	-13.348	155.840
259.716	-12.943	155.851
259.675	-12.521	155.863
259.642	-12.099	155.879
259.634	-11.697	155.910
259.611	-11.303	155.927
259.613	-10.937	155.969
259.612	-10.608	155.994
259.607	-10.360	156.024
259.603	-10.153	156.032
259.597	-10.033	156.046
259.591	-9.992	156.045
259.596	-10.061	156.058
259.603	-10.193	156.052
259.598	-10.400	156.022
259.609	-10.702	155.994
259.616	-11.072	155.945
259.629	-11.515	155.894
259.659	-12.013	155.844
259.682	-12.558	155.815
259.712	-13.128	155.811
259.729	-13.697	155.809
259.761	-14.285	155.839
259.763	-14.843	155.861
259.768	-15.343	155.876
259.784	-15.810	155.915
259.801	-16.199	155.947
259.874	-16.174	156.010
259.871	-16.005	156.021
259.817	-15.782	155.966
259.783	-15.555	155.916
259.766	-15.301	155.890
259.765	-15.001	155.857
259.768	-14.696	155.866
259.767	-14.337	155.849
259.743	-13.945	155.821
259.712	-13.550	155.806
259.676	-13.140	155.821
259.642	-12.731	155.833
259.614	-12.315	155.838
259.608	-11.922	155.871
259.600	-11.521	155.891
259.600	-11.150	155.922
259.594	-10.805	155.947
259.602	-10.536	155.978
259.591	-10.316	155.997
259.602	-10.177	156.016
259.601	-10.096	156.012
259.604	-10.128	156.040
259.607	-10.217	156.028
259.619	-10.395	156.020
259.625	-10.648	155.992
259.646	-10.975	155.959
259.654	-11.387	155.923
259.684	-11.834	155.863
259.701	-12.333	155.815
259.742	-12.896	155.820
259.757	-13.449	155.818
259.782	-14.015	155.831
259.805	-14.569	155.875
259.812	-15.073	155.874
259.820	-15.552	155.909
259.841	-15.967	155.943
259.879	-16.224	156.014
259.913	-16.056	156.046
259.877	-15.856	156.003
259.838	-15.639	155.960
259.815	-15.396	155.918
259.809	-15.131	155.889
259.805	-14.822	155.877
259.810	-14.489	155.870
259.797	-14.111	155.843
259.765	-13.712	155.822
259.735	-13.305	155.827
259.701	-12.899	155.842
259.661	-12.484	155.853
259.638	-12.058	155.863
259.616	-11.647	155.875
259.605	-11.265	155.910
259.602	-10.886	155.935
259.597	-10.571	155.962
259.587	-10.318	155.994
259.585	-10.119	156.002
259.587	-9.992	156.004
259.581	-9.977	156.021
259.589	-10.031	156.024
259.592	-10.174	156.019
259.593	-10.393	155.998
259.607	-10.692	155.955
259.617	-11.071	155.912
259.630	-11.517	155.868
259.659	-12.036	155.827
259.686	-12.576	155.795
259.713	-13.151	155.808
259.741	-13.735	155.802
259.763	-14.304	155.825
259.781	-14.858	155.854
259.786	-15.366	155.878
259.806	-15.826	155.918
259.816	-16.219	155.965
259.901	-16.157	156.024
259.894	-15.981	156.034
259.835	-15.767	155.986
259.800	-15.537	155.944
259.792	-15.275	155.908
259.796	-14.973	155.882
259.785	-14.662	155.883
259.784	-14.300	155.874
259.765	-13.911	155.847
259.729	-13.522	155.846
259.695	-13.107	155.850
259.661	-12.717	155.879
259.624	-12.292	155.878
259.616	-11.900	155.904
259.606	-11.519	155.928
259.601	-11.130	155.945
259.604	-10.801	155.971
259.598	-10.528	155.996
259.595	-10.317	156.020
259.600	-10.180	156.032
259.598	-10.108	156.032
259.607	-10.133	156.041
259.604	-10.232	156.036
259.603	-10.400	156.010
259.616	-10.662	155.983
259.628	-10.988	155.931
259.642	-11.416	155.899
259.669	-11.880	155.851
259.694	-12.388	155.797
259.725	-12.958	155.791
259.750	-13.505	155.783
259.776	-14.095	155.815
259.788	-14.656	155.850
259.805	-15.169	155.862
259.812	-15.638	155.879
259.837	-16.067	155.926
259.888	-16.255	156.000
259.913	-16.081	156.028
259.880	-15.894	156.003
259.834	-15.649	155.939
259.811	-15.413	155.909
259.807	-15.139	155.884
259.811	-14.828	155.872
259.807	-14.482	155.865
259.799	-14.109	155.857
259.766	-13.691	155.822
259.730	-13.292	155.839
259.707	-12.898	155.858
259.663	-12.472	155.875
259.637	-12.047	155.887
259.620	-11.627	155.901
259.613	-11.249	155.931
259.615	-10.881	155.963
259.606	-10.564	155.991
259.600	-10.309	156.006
259.593	-10.119	156.024
259.593	-10.004	156.036
259.598	-9.983	156.041
259.596	-10.043	156.044
259.595	-10.184	156.035
259.596	-10.403	156.012
259.607	-10.697	155.968
259.624	-11.074	155.922
259.634	-11.528	155.873
259.662	-12.036	155.827
259.686	-12.579	155.796
259.714	-13.150	155.788
259.741	-13.750	155.804
259.768	-14.326	155.827
259.776	-14.875	155.850
259.783	-15.383	155.863
259.803	-15.840	155.903
259.818	-16.241	155.948
259.894	-16.172	156.002
259.888	-15.994	156.001
259.836	-15.784	155.962
259.802	-15.562	155.919
259.786	-15.289	155.878
259.793	-14.996	155.857
259.791	-14.681	155.853
259.787	-14.315	155.840
259.762	-13.932	155.824
259.727	-13.535	155.814
259.697	-13.131	155.826
259.663	-12.736	155.853
259.634	-12.323	155.862
259.616	-11.915	155.881
259.605	-11.539	155.919
259.608	-11.165	155.943
259.601	-10.831	155.971
259.603	-10.554	156.007
259.593	-10.338	156.015
259.600	-10.196	156.036
259.602	-10.129	156.035
259.601	-10.153	156.053
259.609	-10.240	156.040
259.606	-10.419	156.029
259.613	-10.674	156.009
259.626	-10.997	155.967
259.631	-11.396	155.922
259.665	-11.870	155.887
259.690	-12.379	155.847
259.718	-12.917	155.829
259.744	-13.473	155.819
259.760	-14.034	155.835
259.770	-14.596	155.862
259.786	-15.104	155.872
259.795	-15.577	155.894
259.819	-16.007	155.932
259.851	-16.261	155.993
259.890	-16.107	156.040
259.866	-15.924	156.008
259.829	-15.702	155.945
259.796	-15.474	155.896
259.791	-15.185	155.859
259.797	-14.894	155.851
259.790	-14.560	155.844
259.780	-14.187	155.823
259.754	-13.800	155.810
259.732	-13.399	155.809
259.699	-12.975	155.808
259.657	-12.563	155.824
259.631	-12.143	155.843
259.619	-11.738	155.878
259.614	-11.329	155.897
259.606	-10.943	155.927
259.605	-10.621	155.968
259.591	-10.353	155.995
259.597	-10.142	156.011
259.596	-9.999	156.010
259.593	-9.952	156.029
259.597	-9.989	156.036
259.601	-10.118	156.036
259.601	-10.316	156.014
259.613	-10.605	155.988
259.631	-10.962	155.946
259.639	-11.417	155.909
259.675	-11.905	155.855
259.698	-12.432	155.816
259.733	-13.017	155.831
259.755	-13.598	155.828
259.786	-14.177	155.854
259.790	-14.746	155.882
259.810	-15.260	155.892
259.825	-15.737	155.936
259.838	-16.146	155.976
259.909	-16.156	156.041
259.918	-15.992	156.053
259.867	-15.784	156.007
259.827	-15.556	155.958
259.804	-15.307	155.914
259.810	-15.008	155.881
259.804	-14.702	155.871
259.793	-14.345	155.855
259.770	-13.974	155.835
259.743	-13.574	155.805
259.707	-13.197	155.829
259.674	-12.791	155.835
259.643	-12.390	155.847
259.619	-11.981	155.860
259.611	-11.601	155.887
259.614	-11.236	155.911
259.613	-10.903	155.948
259.602	-10.611	155.963
259.601	-10.403	155.997
259.595	-10.239	156.003
259.602	-10.171	156.016
259.597	-10.174	156.019
259.597	-10.259	156.019
259.599	-10.429	156.017
259.615	-10.671	155.996
259.617	-10.981	155.956
259.624	-11.380	155.920
259.658	-11.824	155.872
259.677	-12.334	155.834
259.707	-12.862	155.810
259.734	-13.427	155.818
259.747	-13.992	155.827
259.765	-14.551	155.864
259.777	-15.061	155.869
259.787	-15.544	155.905
259.812	-15.973	155.942
259.839	-16.277	156.005
259.881	-16.106	156.046
259.854	-15.914	156.014
259.813	-15.689	155.960
259.787	-15.464	155.920
259.775	-15.184	155.887
259.786	-14.881	155.871
259.787	-14.564	155.868
259.778	-14.192	155.855
259.756	-13.805	155.840
259.724	-13.402	155.833
259.692	-12.994	155.840
259.656	-12.578	155.849
259.630	-12.170	155.874
259.611	-11.763	155.893
259.599	-11.372	155.914
259.606	-10.993	155.933
259.604	-10.669	155.965
259.597	-10.418	155.999
259.596	-10.216	156.012
259.597	-10.082	156.014
259.590	-10.034	156.013
259.600	-10.092	156.034
259.601	-10.208	156.023
259.603	-10.407	155.998
259.612	-10.682	155.961
259.634	-11.050	155.923
259.642	-11.480	155.874
259.671	-11.985	155.838
259.701	-12.517	155.804
259.731	-13.069	155.791
259.747	-13.645	155.787
259.780	-14.220	155.825
259.788	-14.788	155.861
259.802	-15.294	155.876
259.820	-15.750	155.912
259.831	-16.160	155.959
259.904	-16.150	156.014
259.915	-15.987	156.042
259.860	-15.771	155.990
259.824	-15.540	155.947
259.808	-15.277	155.908
259.801	-14.981	155.880
259.804	-14.652	155.870
259.800	-14.304	155.870
259.779	-13.920	155.849
259.746	-13.521	155.827
259.707	-13.131	155.846
259.677	-12.716	155.856
259.643	-12.307	155.859
259.638	-11.915	155.898
259.622	-11.524	155.915
259.615	-11.139	155.936
259.611	-10.818	155.968
259.609	-10.528	155.992
259.600	-10.324	156.018
259.595	-10.162	156.024
259.597	-10.089	156.025
259.603	-10.104	156.039
259.602	-10.200	156.039
259.598	-10.364	156.018
259.608	-10.609	155.990
259.619	-10.930	155.945
259.625	-11.331	155.900
259.654	-11.805	155.863
259.672	-12.295	155.801
259.718	-12.867	155.804
259.729	-13.420	155.791
259.749	-14.003	155.809
259.764	-14.562	155.840
259.777	-15.088	155.851
259.788	-15.559	155.867
259.808	-16.004	155.919
259.834	-16.282	155.974
259.890	-16.121	156.021
259.859	-15.931	155.990
259.811	-15.715	155.949
259.787	-15.470	155.891
259.782	-15.213	155.883
259.786	-14.914	155.870
259.783	-14.584	155.868
259.779	-14.219	155.857
259.754	-13.821	155.837
259.719	-13.417	155.833
259.691	-13.010	155.843
259.658	-12.595	155.860
259.629	-12.189	155.886
259.613	-11.781	155.908
259.602	-11.384	155.925
259.607	-11.006	155.947
259.602	-10.684	155.980
259.601	-10.427	156.018
259.592	-10.215	156.018
259.594	-10.085	156.029
259.600	-10.044	156.043
259.599	-10.095	156.049
259.607	-10.206	156.032
259.603	-10.409	156.021
259.620	-10.689	155.986
259.637	-11.050	155.943
259.646	-11.490	155.902
259.675	-11.965	155.846
259.706	-12.511	155.819
259.739	-13.069	155.804
259.763	-13.643	155.804
259.791	-14.225	155.834
259.797	-14.785	155.869
259.810	-15.290	155.876
259.822	-15.743	155.905
259.842	-16.163	155.955
259.909	-16.200	156.013
259.917	-16.033	156.034
259.861	-15.822	155.983
259.838	-15.609	155.947
259.806	-15.342	155.902
259.806	-15.053	155.876
259.807	-14.737	155.872
259.798	-14.372	155.851
259.785	-13.986	155.830
259.755	-13.584	155.816
259.716	-13.182	155.831
259.682	-12.764	155.845
259.646	-12.347	155.854
259.632	-11.926	155.876
259.618	-11.527	155.903
259.616	-11.136	155.935
259.608	-10.788	155.962
259.603	-10.492	155.986
259.594	-10.261	156.015
259.598	-10.100	156.033
259.596	-10.011	156.038
259.599	-10.013	156.035
259.598	-10.111	156.041
259.598	-10.277	156.026
259.603	-10.522	155.997
259.607	-10.855	155.964
259.628	-11.268	155.917
259.663	-11.740	155.871
259.676	-12.260	155.822
259.705	-12.823	155.808
259.734	-13.403	155.808
259.756	-13.986	155.827
259.763	-14.550	155.855
259.779	-15.074	155.855
259.787	-15.577	155.893
259.808	-16.011	155.932
259.847	-16.266	156.001
259.892	-16.094	156.033
259.869	-15.903	155.998
259.817	-15.683	155.947
259.789	-15.443	155.903
259.789	-15.168	155.874
259.789	-14.875	155.864
259.784	-14.556	155.864
259.779	-14.178	155.845
259.755	-13.801	155.827
259.721	-13.402	155.828
259.688	-13.012	155.839
259.651	-12.602	155.854
259.625	-12.213	155.883
259.613	-11.807	155.893
259.599	-11.419	155.904
259.608	-11.072	155.942
259.600	-10.761	155.963
259.595	-10.513	155.986
259.598	-10.337	156.013
259.593	-10.201	156.005
259.597	-10.170	156.018
259.598	-10.221	156.019
259.595	-10.346	156.022
259.608	-10.541	156.000
259.618	-10.814	155.964
259.626	-11.170	155.931
259.645	-11.592	155.894
259.667	-12.071	155.851
259.692	-12.584	155.821
259.734	-13.146	155.828
259.750	-13.694	155.811
259.780	-14.268	155.857
259.779	-14.798	155.870
259.789	-15.288	155.881
259.812	-15.744	155.917
259.833	-16.146	155.956
259.890	-16.184	156.023
259.898	-16.027	156.046
259.855	-15.811	155.985
259.816	-15.581	155.936
259.803	-15.332	155.894
259.800	-15.038	155.871
259.805	-14.720	155.862
259.793	-14.371	155.861
259.781	-13.974	155.829
259.752	-13.564	155.806
259.725	-13.167	155.827
259.690	-12.730	155.828
259.652	-12.313	155.844
259.638	-11.903	155.878
259.614	-11.493	155.896
259.621	-11.100	155.926
259.610	-10.740	155.952
259.609	-10.445	155.989
259.605	-10.208	156.017
259.598	-10.034	156.021
259.599	-9.941	156.024
259.600	-9.939	156.025
259.608	-10.034	156.030
259.606	-10.204	156.023
259.606	-10.456	155.990
259.630	-10.787	155.950
259.637	-11.208	155.903
259.656	-11.680	155.855
259.681	-12.220	155.822
259.709	-12.779	155.796
259.747	-13.379	155.814
259.765	-13.967	155.829
259.777	-14.535	155.862
259.796	-15.080	155.878
259.801	-15.562	155.899
259.829	-16.005	155.945
259.879	-16.247	156.017
259.926	-16.066	156.053
259.884	-15.878	156.015
259.825	-15.652	155.976
259.801	-15.395	155.911
259.798	-15.124	155.891
259.804	-14.824	155.883
259.788	-14.477	155.867
259.780	-14.105	155.840
259.751	-13.727	155.831
259.718	-13.318	155.823
259.690	-12.932	155.848
259.652	-12.516	155.853
259.630	-12.104	155.867
259.617	-11.720	155.897
259.607	-11.336	155.912
259.615	-10.977	155.935
259.606	-10.671	155.963
259.608	-10.449	155.998
259.601	-10.262	156.004
259.605	-10.164	156.021
259.603	-10.149	156.028
259.610	-10.204	156.028
259.617	-10.349	156.029
259.613	-10.557	156.002
259.629	-10.854	155.961
259.631	-11.231	155.925
259.653	-11.673	155.889
259.680	-12.168	155.842
259.700	-12.690	155.811
259.733	-13.255	155.812
259.757	-13.835	155.828
259.770	-14.386	155.851
259.782	-14.922	155.867
259.784	-15.415	155.890
259.805	-15.857	155.919
259.822	-16.245	155.972
259.884	-16.158	156.026
259.875	-15.994	156.037
259.826	-15.769	155.971
259.794	-15.551	155.939
259.780	-15.286	155.885
259.790	-14.997	155.874
259.792	-14.698	155.874
259.779	-14.325	155.858
259.762	-13.946	155.841
259.732	-13.546	155.825
259.701	-13.147	155.833
259.669	-12.741	155.848
259.635	-12.336	155.868
259.615	-11.908	155.877
259.610	-11.529	155.912
259.610	-11.132	155.923
259.602	-10.790	155.949
259.603	-10.503	155.979
259.597	-10.284	156.009
259.594	-10.112	156.012
259.594	-10.031	156.018
259.596	-10.052	156.033
259.597	-10.126	156.022
259.603	-10.301	156.016
259.605	-10.548	155.982
259.618	-10.873	155.941
259.627	-11.279	155.899
259.655	-11.746	155.857
259.686	-12.261	155.813
259.716	-12.819	155.800
259.749	-13.392	155.799
259.766	-13.968	155.820
259.780	-14.532	155.849
259.789	-15.064	155.867
259.806	-15.540	155.889
259.829	-15.981	155.938
259.865	-16.255	156.002
259.922	-16.089	156.052
259.887	-15.882	156.007
259.831	-15.660	155.964
259.807	-15.416	155.913
259.808	-15.152	155.901
259.803	-14.834	155.880
259.799	-14.511	155.876
259.778	-14.119	155.842
259.760	-13.732	155.824
259.730	-13.344	155.841
259.697	-12.943	155.843
259.665	-12.538	155.858
259.637	-12.128	155.872
259.625	-11.744	155.897
259.607	-11.350	155.909
259.612	-10.994	155.936
259.611	-10.701	155.975
259.602	-10.450	155.997
259.602	-10.271	156.014
259.597	-10.153	156.021
259.603	-10.124	156.027
259.602	-10.177	156.032
259.604	-10.314	156.034
259.612	-10.517	156.003
259.620	-10.805	155.979
259.630	-11.162	155.931
259.645	-11.587	155.889
259.674	-12.080	155.845
259.694	-12.591	155.801
259.728	-13.157	155.803
259.750	-13.722	155.802
259.773	-14.291	155.842
259.783	-14.838	155.861
259.786	-15.336	155.872
259.805	-15.789	155.909
259.821	-16.182	155.942
259.882	-16.202	156.011
259.883	-16.040	156.033
259.853	-15.834	155.984
259.803	-15.603	155.934
259.784	-15.345	155.889
259.791	-15.062	155.874
259.796	-14.752	155.864
259.786	-14.399	155.873
259.765	-13.997	155.834
259.745	-13.602	155.824
259.708	-13.199	155.841
259.676	-12.782	155.849
259.650	-12.368	155.865
259.618	-11.939	155.883
259.609	-11.537	155.906
259.606	-11.154	155.942
259.606	-10.794	155.967
259.599	-10.489	156.004
259.594	-10.255	156.015
259.595	-10.076	156.017
259.598	-9.995	156.036
259.597	-9.994	156.041
259.601	-10.071	156.035
259.606	-10.226	156.022
259.608	-10.478	156.002
259.616	-10.790	155.957
259.636	-11.203	155.916
259.654	-11.660	155.869
259.683	-12.191	155.828
259.713	-12.743	155.807
259.747	-13.324	155.806
259.766	-13.924	155.834
259.790	-14.483	155.848
259.796	-15.019	155.871
259.808	-15.508	155.886
259.826	-15.944	155.927
259.852	-16.274	155.981
259.921	-16.119	156.042
259.895	-15.928	156.012
259.848	-15.711	155.966
259.811	-15.466	155.912
259.807	-15.190	155.886
259.806	-14.886	155.865
259.802	-14.560	155.862
259.788	-14.195	155.853
259.766	-13.807	155.830
259.728	-13.393	155.821
259.705	-13.000	155.840
259.664	-12.573	155.843
259.638	-12.163	155.861
259.624	-11.767	155.890
259.617	-11.377	155.912
259.614	-11.004	155.937
259.608	-10.686	155.963
259.609	-10.430	155.994
259.603	-10.235	156.014
259.602	-10.118	156.026
259.605	-10.078	156.039
259.605	-10.120	156.040
259.604	-10.237	156.033
259.600	-10.442	156.029
259.613	-10.705	155.979
259.636	-11.067	155.943
259.638	-11.497	155.896
259.667	-11.978	155.856
259.686	-12.500	155.815
259.719	-13.073	155.822
259.736	-13.636	155.815
259.763	-14.213	155.844
259.771	-14.768	155.867
259.774	-15.271	155.875
259.798	-15.728	155.906
259.811	-16.143	155.936
259.869	-16.204	156.001
259.883	-16.049	156.032
259.838	-15.846	155.985
259.801	-15.617	155.938
259.785	-15.375	155.896
259.780	-15.080	155.872
259.792	-14.785	155.870
259.779	-14.415	155.852
259.765	-14.033	155.827
259.741	-13.638	155.820
259.702	-13.232	155.827
259.672	-12.811	155.838
259.638	-12.393	155.858
259.620	-11.980	155.880
259.601	-11.573	155.898
259.603	-11.172	155.918
259.597	-10.815	155.952
259.597	-10.516	155.990
259.590	-10.276	156.015
259.586	-10.104	156.024
259.588	-10.000	156.020
259.587	-10.002	156.042
259.595	-10.075	156.041
259.598	-10.234	156.034
259.606	-10.477	156.008
259.619	-10.801	155.968
259.635	-11.205	155.931
259.653	-11.654	155.868
259.676	-12.181	155.834
259.702	-12.725	155.809
259.735	-13.317	155.813
259.772	-13.908	155.836
259.783	-14.476	155.861
259.799	-15.010	155.874
259.806	-15.498	155.898
259.831	-15.957	155.947
259.861	-16.251	155.997
259.923	-16.083	156.050
259.895	-15.893	156.017
259.842	-15.670	155.969
259.813	-15.431	155.927
259.807	-15.163	155.897
259.806	-14.842	155.866
259.801	-14.511	155.861
259.789	-14.143	155.847
259.768	-13.749	155.819
259.729	-13.337	155.809
259.701	-12.956	155.834
259.663	-12.552	155.848
259.643	-12.143	155.859
259.622	-11.748	155.886
259.609	-11.366	155.906
259.616	-10.997	155.921
259.611	-10.698	155.960
259.607	-10.457	155.990
259.610	-10.276	156.005
259.604	-10.144	156.003
259.612	-10.116	156.014
259.611	-10.170	156.018
259.614	-10.302	156.015
259.616	-10.497	155.988
259.638	-10.785	155.962
259.641	-11.141	155.919
259.656	-11.577	155.876
259.683	-12.074	155.837
259.707	-12.586	155.806
259.730	-13.146	155.807
259.754	-13.714	155.809
259.782	-14.280	155.843
259.783	-14.817	155.857
259.791	-15.308	155.873
259.809	-15.765	155.913
259.830	-16.161	155.957
259.881	-16.168	156.022
259.889	-16.008	156.037
259.847	-15.800	155.981
259.807	-15.583	155.950
259.788	-15.327	155.905
259.793	-15.036	155.877
259.795	-14.732	155.879
259.791	-14.379	155.871
259.773	-13.994	155.852
259.739	-13.589	155.830
259.709	-13.177	155.842
259.677	-12.772	155.859
259.636	-12.352	155.867
259.631	-11.933	155.887
259.609	-11.527	155.907
259.606	-11.139	155.943
259.611	-10.796	155.974
259.606	-10.499	155.995
259.601	-10.271	156.021
259.591	-10.095	156.023
259.594	-10.007	156.027
259.597	-10.019	156.037
259.600	-10.108	156.036
259.598	-10.278	156.025
259.600	-10.527	155.997
259.616	-10.855	155.952
259.619	-11.268	155.902
259.654	-11.747	155.863
259.671	-12.272	155.820
259.709	-12.833	155.802
259.733	-13.406	155.802
259.757	-13.998	155.824
259.771	-14.569	155.853
259.786	-15.097	155.866
259.793	-15.586	155.890
259.818	-16.032	155.940
259.866	-16.256	156.004
259.920	-16.084	156.050
259.874	-15.882	156.009
259.822	-15.658	155.963
259.798	-15.420	155.926
259.794	-15.132	155.886
259.798	-14.827	155.875
259.791	-14.496	155.876
259.783	-14.124	155.853
259.753	-13.737	155.832
259.722	-13.333	155.842
259.692	-12.936	155.842
259.658	-12.522	155.853
259.630	-12.113	155.867
259.622	-11.733	155.903
259.611	-11.347	155.909
259.614	-10.999	155.948
259.602	-10.681	155.965
259.603	-10.450	156.000
259.600	-10.256	155.998
259.604	-10.159	156.015
259.607	-10.133	156.023
259.606	-10.194	156.026
259.608	-10.324	156.017
259.613	-10.541	155.999
259.625	-10.820	155.958
259.635	-11.187	155.918
259.652	-11.621	155.875
259.675	-12.110	155.833
259.709	-12.638	155.806
259.732	-13.185	155.795
259.760	-13.762	155.800
259.781	-14.327	155.838
259.791	-14.864	155.853
259.788	-15.355	155.869
259.823	-15.815	155.916
259.834	-16.202	155.950
259.894	-16.176	156.024
259.883	-16.001	156.023
259.845	-15.785	155.965
259.815	-15.573	155.934
259.795	-15.310	155.887
259.803	-15.027	155.871
259.798	-14.728	155.876
259.792	-14.352	155.854
259.778	-13.979	155.848
259.743	-13.569	155.817
259.713	-13.170	155.843
259.683	-12.763	155.861
259.647	-12.343	155.872
259.631	-11.926	155.885
259.614	-11.523	155.911
259.608	-11.134	155.938
259.609	-10.785	155.971
259.600	-10.490	156.002
259.598	-10.255	156.018
259.598	-10.076	156.019
259.596	-9.997	156.028
259.598	-10.009	156.046
259.602	-10.094	156.045
259.606	-10.265	156.030
259.608	-10.500	155.997
259.625	-10.840	155.966
259.633	-11.250	155.915
259.660	-11.723	155.873
259.684	-12.244	155.824
259.709	-12.804	155.804
259.745	-13.382	155.806
259.765	-13.968	155.824
259.779	-14.550	155.867
259.788	-15.073	155.865
259.794	-15.563	155.894
259.820	-16.008	155.939
259.858	-16.277	155.998
259.912	-16.093	156.036
259.879	-15.922	156.016
259.831	-15.686	155.972
259.791	-15.435	155.908
259.792	-15.157	155.880
259.793	-14.854	155.871
259.782	-14.508	155.854
259.772	-14.143	155.842
259.750	-13.745	155.814
259.714	-13.339	155.816
259.682	-12.946	155.836
259.649	-12.536	155.849
259.631	-12.132	155.870
259.612	-11.723	155.892
259.603	-11.336	155.902
259.614	-10.976	155.932
259.607	-10.662	155.960
259.601	-10.433	156.003
259.598	-10.232	156.002
259.605	-10.128	156.023
259.604	-10.098	156.027
259.607	-10.160	156.034
259.606	-10.283	156.028
259.615	-10.496	156.003
259.634	-10.798	155.983
259.642	-11.151	155.935
259.662	-11.580	155.887
259.692	-12.085	155.846
259.712	-12.603	155.808
259.736	-13.156	155.803
259.769	-13.738	155.814
259.781	-14.299	155.841
259.797	-14.847	155.861
259.804	-15.339	155.870
259.828	-15.792	155.906
259.844	-16.202	155.960
259.906	-16.166	156.031
259.903	-15.992	156.024
259.856	-15.781	155.977
259.819	-15.567	155.943
259.805	-15.313	155.898
259.804	-15.011	155.863
259.813	-14.712	155.865
259.803	-14.341	155.843
259.786	-13.967	155.833
259.756	-13.580	155.822
259.723	-13.170	155.823
259.691	-12.775	155.845
259.656	-12.362	155.861
259.631	-11.957	155.881
259.622	-11.565	155.910
259.615	-11.183	155.931
259.614	-10.825	155.945
259.610	-10.551	155.992
259.602	-10.314	155.998
259.598	-10.153	156.015
259.600	-10.075	156.026
259.599	-10.084	156.038
259.601	-10.163	156.035
259.602	-10.324	156.017
259.603	-10.570	155.995
259.623	-10.892	155.958
259.632	-11.298	155.916
259.660	-11.746	155.865
259.678	-12.261	155.825
259.707	-12.808	155.806
259.735	-13.395	155.818
259.762	-13.976	155.831
259.778	-14.530	155.863
259.784	-15.064	155.879
259.789	-15.537	155.893
259.809	-15.970	155.929
259.838	-16.275	155.987
259.898	-16.121	156.046
259.869	-15.939	156.022
259.812	-15.713	155.970
259.788	-15.477	155.919
259.784	-15.201	155.884
259.785	-14.908	155.867
259.777	-14.586	155.872
259.770	-14.214	155.851
259.745	-13.827	155.830
259.710	-13.425	155.824
259.679	-13.023	155.831
259.648	-12.618	155.846
259.627	-12.217	155.869
259.610	-11.812	155.890
259.602	-11.427	155.916
259.604	-11.053	155.933
259.603	-10.734	155.967
259.601	-10.486	156.000
259.600	-10.285	156.020
259.604	-10.156	156.025
259.603	-10.108	156.032
259.600	-10.146	156.037
259.606	-10.255	156.034
259.612	-10.458	156.022
259.624	-10.715	155.977
259.636	-11.074	155.950
259.639	-11.478	155.892
259.667	-11.963	155.849
259.702	-12.480	155.815
259.732	-13.033	155.805
259.753	-13.598	155.805
259.780	-14.157	155.828
259.784	-14.713	155.861
259.792	-15.217	155.868
259.814	-15.672	155.895
259.826	-16.087	155.947
259.887	-16.204	156.009
259.902	-16.036	156.034
259.869	-15.844	156.001
259.819	-15.619	155.951
259.808	-15.368	155.901
259.802	-15.082	155.880
259.809	-14.782	155.872
259.800	-14.421	155.860
259.791	-14.038	155.835
259.766	-13.651	155.825
259.731	-13.245	155.828
259.702	-12.836	155.841
259.664	-12.412	155.856
259.637	-11.997	155.873
259.628	-11.599	155.910
259.627	-11.208	155.929
259.620	-10.834	155.946
259.617	-10.532	155.981
259.608	-10.300	156.009
259.605	-10.111	156.016
259.604	-10.004	156.025
259.607	-9.992	156.033
259.610	-10.057	156.033
259.607	-10.206	156.029
259.615	-10.426	155.998
259.618	-10.730	155.956
259.639	-11.134	155.925
259.655	-11.577	155.871
259.684	-12.097	155.831
259.700	-12.647	155.807
259.737	-13.212	155.797
259.760	-13.815	155.824
259.787	-14.379	155.848
259.791	-14.927	155.866
259.790	-15.418	155.877
259.813	-15.878	155.930
259.831	-16.246	155.967
259.906	-16.134	156.032
259.895	-15.964	156.025
259.838	-15.736	155.974
259.798	-15.502	155.922
259.794	-15.242	155.900
259.790	-14.941	155.878
259.789	-14.621	155.871
259.783	-14.256	155.861
259.758	-13.869	155.834
259.730	-13.473	155.830
259.688	-13.071	155.836
259.659	-12.651	155.841
259.625	-12.253	155.861
259.614	-11.855	155.893
259.609	-11.462	155.904
259.599	-11.095	155.934
259.605	-10.774	155.970
259.596	-10.516	155.996
259.592	-10.305	156.010
259.597	-10.175	156.026
259.601	-10.113	156.026
259.606	-10.156	156.042
259.607	-10.255	156.032
259.602	-10.433	156.008
259.617	-10.702	155.984
259.635	-11.035	155.938
259.638	-11.450	155.893
259.675	-11.927	155.857
259.697	-12.430	155.800
259.720	-12.993	155.809
259.747	-13.545	155.802
259.776	-14.124	155.834
259.781	-14.677	155.862
259.793	-15.177	155.866
259.805	-15.641	155.895
259.828	-16.059	155.938
259.872	-16.236	156.007
259.898	-16.081	156.051
259.864	-15.880	156.003
259.818	-15.651	155.950
259.797	-15.412	155.909
259.799	-15.132	155.876
259.805	-14.831	155.875
259.792	-14.479	155.862
259.788	-14.106	155.845
259.756	-13.712	155.833
259.726	-13.314	155.850
259.698	-12.892	155.845
259.656	-12.474	155.860
259.638	-12.061	155.890
259.611	-11.648	155.905
259.608	-11.253	155.926
259.608	-10.872	155.948
259.605	-10.566	155.985
259.595	-10.307	156.001
259.599	-10.105	156.010
259.590	-9.992	156.018
259.592	-9.974	156.033
259.592	-10.042	156.044
259.606	-10.172	156.027
259.598	-10.395	155.999
259.612	-10.703	155.964
259.632	-11.082	155.920
259.649	-11.530	155.865
259.672	-12.050	155.825
259.697	-12.592	155.797
259.723	-13.173	155.798
259.754	-13.755	155.801
259.779	-14.334	155.835
259.787	-14.883	155.859
259.800	-15.393	155.888
259.817	-15.847	155.923
259.831	-16.228	155.960
259.904	-16.155	156.031
259.905	-15.987	156.038
259.846	-15.765	155.983
259.810	-15.523	155.931
259.803	-15.262	155.898
259.801	-14.971	155.885
259.793	-14.643	155.869
259.782	-14.278	155.860
259.767	-13.885	155.832
259.728	-13.478	155.820
259.696	-13.085	155.842
259.662	-12.666	155.850
259.633	-12.249	155.862
259.618	-11.857	155.898
259.606	-11.455	155.914
259.605	-11.071	155.930
259.603	-10.737	155.958
259.600	-10.481	155.999
259.598	-10.269	156.027
259.594	-10.121	156.025
259.596	-10.069	156.036
259.594	-10.086	156.037
259.597	-10.204	156.039
259.609	-10.384	156.022
259.612	-10.642	155.981
259.622	-10.982	155.946
259.635	-11.414	155.906
259.664	-11.881	155.853
259.693	-12.404	155.817
259.722	-12.964	155.810
259.743	-13.524	155.804
259.765	-14.095	155.824
259.776	-14.660	155.858
259.796	-15.175	155.874
259.804	-15.636	155.895
259.833	-16.062	155.938
259.872	-16.262	156.012
259.900	-16.087	156.036
259.863	-15.886	155.992
259.823	-15.656	155.947
259.797	-15.407	155.894
259.796	-15.133	155.879
259.809	-14.830	155.866
259.791	-14.478	155.862
259.789	-14.105	155.846
259.760	-13.698	155.832
259.728	-13.289	155.832
259.688	-12.867	155.838
259.660	-12.456	155.858
259.639	-12.044	155.885
259.623	-11.630	155.905
259.604	-11.242	155.929
259.616	-10.862	155.951
259.607	-10.547	155.981
259.610	-10.307	156.013
259.603	-10.118	156.022
259.602	-9.996	156.024
259.601	-9.985	156.043
259.598	-10.049	156.044
259.602	-10.193	156.033
259.607	-10.407	156.007
259.621	-10.723	155.971
259.627	-11.103	155.924
259.650	-11.546	155.863
259.678	-12.069	155.837
259.704	-12.607	155.797
259.735	-13.183	155.799
259.761	-13.777	155.809
259.782	-14.337	155.832
259.786	-14.887	155.857
259.796	-15.378	155.869
259.821	-15.844	155.915
259.840	-16.225	155.961
259.905	-16.151	156.027
259.904	-15.969	156.017
259.842	-15.758	155.973
259.810	-15.524	155.925
259.801	-15.258	155.888
259.798	-14.959	155.867
259.805	-14.638	155.863
259.788	-14.262	155.840
259.769	-13.871	155.822
259.732	-13.472	155.820
259.700	-13.057	155.827
259.672	-12.641	155.842
259.641	-12.233	155.867
259.627	-11.824	155.892
259.608	-11.419	155.906
259.615	-11.036	155.933
259.608	-10.699	155.961
259.601	-10.436	156.005
259.596	-10.218	156.014
259.600	-10.080	156.023
259.599	-10.020	156.030
259.597	-10.056	156.045
259.603	-10.174	156.043
259.599	-10.358	156.020
259.611	-10.636	155.994
259.626	-10.978	155.951
259.633	-11.409	155.894
259.660	-11.879	155.854
259.683	-12.417	155.816
259.717	-12.985	155.816
259.735	-13.560	155.819
259.765	-14.137	155.835
259.775	-14.696	155.868
259.783	-15.215	155.881
259.801	-15.679	155.901
259.813	-16.102	155.944
259.867	-16.239	156.014
259.893	-16.059	156.034
259.852	-15.871	156.006
259.807	-15.633	155.941
259.786	-15.379	155.886
259.792	-15.112	155.872
259.794	-14.797	155.860
259.785	-14.449	155.851
259.769	-14.073	155.834
259.750	-13.677	155.817
259.714	-13.282	155.826
259.682	-12.870	155.833
259.646	-12.468	155.857
259.622	-12.057	155.871
259.612	-11.653	155.889
259.604	-11.274	155.915
259.601	-10.904	155.938
259.610	-10.614	155.974
259.601	-10.382	156.001
259.601	-10.212	156.017
259.599	-10.103	156.026
259.607	-10.096	156.039
259.601	-10.151	156.036
259.604	-10.278	156.017
259.609	-10.500	156.000
259.620	-10.797	155.961
259.633	-11.171	155.917
259.655	-11.625	155.885
259.684	-12.121	155.843
259.707	-12.645	155.810
259.727	-13.202	155.811
259.761	-13.781	155.819
259.783	-14.333	155.846
259.795	-14.875	155.869
259.800	-15.372	155.890
259.819	-15.818	155.923
259.838	-16.205	155.967
259.901	-16.141	156.035
259.897	-15.977	156.030
259.847	-15.758	155.986
259.813	-15.534	155.942
259.800	-15.264	155.900
259.805	-14.971	155.882
259.799	-14.646	155.868
259.787	-14.275	155.850
259.776	-13.892	155.836
259.743	-13.488	155.825
259.708	-13.076	155.830
259.680	-12.652	155.836
259.651	-12.246	155.864
259.631	-11.824	155.874
259.611	-11.428	155.902
259.615	-11.039	155.927
259.619	-10.705	155.972
259.608	-10.423	156.004
259.605	-10.190	156.009
259.601	-10.043	156.024
259.602	-9.977	156.036
259.601	-9.995	156.038
259.600	-10.092	156.037
259.609	-10.275	156.016
259.616	-10.545	155.988
259.632	-10.899	155.946
259.635	-11.318	155.899
259.665	-11.805	155.859
259.690	-12.345	155.824
259.720	-12.898	155.804
259.739	-13.477	155.807
259.761	-14.049	155.819
259.781	-14.642	155.870
259.789	-15.156	155.875
259.804	-15.640	155.912
259.824	-16.058	155.943
259.883	-16.238	156.022
259.904	-16.055	156.048
259.870	-15.858	156.007
259.822	-15.634	155.959
259.793	-15.377	155.904
259.790	-15.111	155.895
259.800	-14.787	155.868
259.785	-14.443	155.861
259.779	-14.068	155.847
259.743	-13.680	155.828
259.709	-13.282	155.840
259.683	-12.881	155.856
259.640	-12.475	155.861
259.628	-12.070	155.883
259.608	-11.656	155.897
259.595	-11.283	155.923
259.604	-10.938	155.954
259.601	-10.639	155.981
259.592	-10.385	155.988
259.598	-10.219	156.013
259.593	-10.116	156.017
259.593	-10.091	156.020
259.596	-10.165	156.034
259.601	-10.307	156.025
259.608	-10.524	155.996
259.618	-10.823	155.970
259.628	-11.195	155.921
259.653	-11.634	155.882
259.679	-12.129	155.834
259.703	-12.654	155.800
259.735	-13.220	155.806
259.759	-13.791	155.802
259.781	-14.351	155.843
259.787	-14.890	155.855
259.794	-15.378	155.871
259.816	-15.838	155.923
259.833	-16.217	155.959
259.896	-16.155	156.027
259.883	-15.986	156.031
259.847	-15.761	155.970
259.806	-15.527	155.926
259.799	-15.280	155.906
259.803	-14.980	155.878
259.796	-14.659	155.878
259.790	-14.294	155.861
259.772	-13.899	155.836
259.747	-13.491	155.827
259.709	-13.081	155.835
259.674	-12.659	155.848
259.649	-12.250	155.874
259.629	-11.830	155.892
259.616	-11.434	155.916
259.613	-11.043	155.946
259.615	-10.698	155.972
259.602	-10.409	156.006
259.601	-10.195	156.027
259.605	-10.041	156.038
259.600	-9.967	156.035
259.600	-9.995	156.047
259.601	-10.094	156.040
259.610	-10.272	156.020
259.606	-10.545	155.990
259.624	-10.884	155.943
259.633	-11.320	155.904
259.662	-11.797	155.848
259.679	-12.325	155.805
259.718	-12.903	155.801
259.744	-13.475	155.792
259.766	-14.072	155.826
259.782	-14.650	155.862
259.794	-15.161	155.866
259.808	-15.641	155.893
259.817	-16.071	155.938
259.886	-16.253	156.016
259.906	-16.071	156.032
259.873	-15.882	156.008
259.824	-15.650	155.952
259.796	-15.397	155.911
259.795	-15.117	155.883
259.795	-14.795	155.868
259.792	-14.461	155.868
259.771	-14.079	155.849
259.748	-13.685	155.820
259.712	-13.278	155.829
259.682	-12.863	155.841
259.640	-12.444	155.850
259.630	-12.049	155.880
259.604	-11.646	155.909
259.603	-11.262	155.930
259.608	-10.906	155.964
259.600	-10.606	155.983
259.590	-10.365	156.011
259.598	-10.185	156.025
259.598	-10.091	156.033
259.597	-10.080	156.050
259.594	-10.142	156.042
259.603	-10.272	156.023
259.607	-10.503	156.005
259.620	-10.813	155.974
259.628	-11.189	155.929
259.651	-11.638	155.885
259.675	-12.146	155.847
259.704	-12.675	155.807
259.730	-13.241	155.811
259.758	-13.824	155.816
259.781	-14.394	155.849
259.787	-14.927	155.864
259.796	-15.418	155.876
259.811	-15.868	155.918
259.834	-16.246	155.956
259.902	-16.163	156.026
259.887	-15.994	156.022
259.842	-15.765	155.970
259.804	-15.529	155.923
259.797	-15.267	155.888
259.797	-14.968	155.865
259.796	-14.649	155.863
259.795	-14.276	155.850
259.776	-13.883	155.830
259.744	-13.474	155.822
259.708	-13.058	155.824
259.672	-12.652	155.850
259.652	-12.236	155.869
259.631	-11.823	155.885
259.615	-11.427	155.911
259.615	-11.033	155.929
259.611	-10.700	155.970
259.608	-10.427	156.003
259.604	-10.212	156.022
259.600	-10.058	156.028
259.604	-9.995	156.035
259.599	-10.025	156.041
259.609	-10.126	156.037
259.611	-10.312	156.023
259.611	-10.574	155.991
259.631	-10.917	155.946
259.637	-11.350	155.904
259.666	-11.823	155.851
259.687	-12.344	155.802
259.722	-12.925	155.811
259.748	-13.499	155.798
259.771	-14.083	155.828
259.784	-14.658	155.863
259.799	-15.183	155.879
259.810	-15.644	155.902
259.828	-16.071	155.946
259.893	-16.218	156.017
259.913	-16.027	156.032
259.864	-15.841	156.000
259.823	-15.622	155.963
259.795	-15.352	155.893
259.797	-15.078	155.874
259.803	-14.769	155.859
259.787	-14.428	155.860
259.773	-14.049	155.834
259.750	-13.665	155.819
259.716	-13.257	155.824
259.682	-12.859	155.844
259.653	-12.443	155.845
259.624	-12.037	155.873
259.620	-11.647	155.894
259.610	-11.265	155.919
259.610	-10.920	155.951
259.607	-10.610	155.970
259.593	-10.368	156.000
259.598	-10.201	156.024
259.594	-10.096	156.026
259.600	-10.087	156.039
259.600	-10.142	156.035
259.599	-10.295	156.031
259.606	-10.509	155.996
259.618	-10.812	155.964
259.628	-11.187	155.923
259.657	-11.641	155.892
259.677	-12.135	155.847
259.698	-12.663	155.817
259.727	-13.224	155.810
259.749	-13.801	155.817
259.774	-14.368	155.855
259.782	-14.905	155.863
259.792	-15.400	155.890
259.809	-15.850	155.927
259.829	-16.231	155.968
259.886	-16.163	156.028
259.877	-15.990	156.023
259.831	-15.770	155.970
259.809	-15.546	155.935
259.789	-15.278	155.884
259.789	-14.971	155.866
259.785	-14.665	155.870
259.779	-14.293	155.855
259.766	-13.901	155.835
259.733	-13.486	155.827
259.701	-13.079	155.842
259.659	-12.660	155.854
259.635	-12.235	155.868
259.624	-11.819	155.891
259.606	-11.413	155.907
259.612	-11.014	155.936
259.603	-10.677	155.971
259.599	-10.399	156.005
259.591	-10.166	156.020
259.589	-10.018	156.021
259.585	-9.946	156.026
259.597	-9.974	156.038
259.597	-10.074	156.021
259.602	-10.267	156.019
259.610	-10.540	155.979
259.626	-10.905	155.954
259.633	-11.321	155.897
259.667	-11.810	155.855
259.687	-12.333	155.804
259.717	-12.915	155.804
259.753	-13.489	155.801
259.768	-14.065	155.820
259.786	-14.642	155.861
259.797	-15.164	155.877
259.811	-15.632	155.897
259.830	-16.057	155.943
259.894	-16.220	156.016
259.924	-16.047	156.044
259.875	-15.844	156.000
259.839	-15.628	155.969
259.811	-15.358	155.898
259.798	-15.078	155.883
259.809	-14.775	155.876
259.797	-14.413	155.863
259.784	-14.052	155.856
259.753	-13.650	155.831
259.721	-13.238	155.831
259.684	-12.831	155.840
259.656	-12.420	155.861
259.629	-12.010	155.877
259.629	-11.612	155.902
259.613	-11.229	155.927
259.613	-10.865	155.947
259.611	-10.580	155.980
259.604	-10.343	156.005
259.604	-10.172	156.019
259.602	-10.083	156.034
259.594	-10.059	156.032
259.610	-10.145	156.042
259.609	-10.284	156.024
259.613	-10.518	155.995
259.622	-10.826	155.959
259.636	-11.208	155.905
259.653	-11.666	155.868
259.682	-12.181	155.828
259.707	-12.721	155.803
259.734	-13.286	155.803
259.757	-13.876	155.823
259.774	-14.436	155.851
259.783	-14.964	155.861
259.792	-15.455	155.890
259.818	-15.901	155.924
259.834	-16.254	155.963
259.891	-16.141	156.032
259.878	-15.965	156.023
259.835	-15.749	155.974
259.802	-15.514	155.924
259.793	-15.249	155.897
259.791	-14.947	155.876
259.787	-14.608	155.858
259.784	-14.246	155.846
259.766	-13.864	155.844
259.735	-13.453	155.828
259.694	-13.051	155.847
259.665	-12.631	155.851
259.634	-12.221	155.876
259.616	-11.798	155.883
259.607	-11.417	155.917
259.612	-11.035	155.941
259.604	-10.700	155.973
259.592	-10.439	156.002
259.594	-10.221	156.013
259.591	-10.082	156.018
259.593	-10.023	156.022
259.595	-10.066	156.035
259.601	-10.166	156.027
259.597	-10.357	156.010
259.606	-10.618	155.975
259.627	-10.976	155.948
259.641	-11.401	155.901
259.666	-11.867	155.843
259.693	-12.397	155.802
259.720	-12.974	155.814
259.750	-13.530	155.801
259.773	-14.119	155.834
259.794	-14.674	155.861
259.800	-15.183	155.869
259.808	-15.650	155.899
259.830	-16.072	155.950
259.881	-16.222	156.005
259.906	-16.055	156.037
259.866	-15.847	155.988
259.822	-15.632	155.955
259.802	-15.383	155.907
259.797	-15.098	155.880
259.805	-14.798	155.867
259.800	-14.444	155.858
259.780	-14.063	155.833
259.751	-13.672	155.817
259.712	-13.277	155.829
259.688	-12.872	155.846
259.654	-12.471	155.858
259.625	-12.060	155.878
259.616	-11.669	155.899
259.613	-11.280	155.917
259.610	-10.925	155.946
259.607	-10.634	155.979
259.606	-10.390	155.999
259.598	-10.215	156.012
259.604	-10.119	156.031
259.606	-10.109	156.041
259.608	-10.166	156.035
259.615	-10.298	156.020
259.615	-10.518	155.999
259.620	-10.807	155.960
259.637	-11.178	155.913
259.655	-11.621	155.879
259.681	-12.132	155.838
259.710	-12.659	155.810
259.742	-13.219	155.809
259.752	-13.777	155.802
259.777	-14.346	155.844
259.787	-14.885	155.865
259.794	-15.373	155.874
259.814	-15.829	155.923
259.834	-16.216	155.953
259.891	-16.179	156.024
259.883	-16.014	156.029
259.840	-15.790	155.973
259.808	-15.567	155.930
259.791	-15.302	155.882
259.795	-15.025	155.877
259.796	-14.706	155.871
259.781	-14.332	155.851
259.768	-13.947	155.837
259.746	-13.541	155.820
259.702	-13.134	155.835
259.670	-12.707	155.843
259.640	-12.308	155.876
259.624	-11.888	155.892
259.605	-11.476	155.910
259.600	-11.094	155.943
259.597	-10.745	155.980
259.599	-10.456	156.011
259.597	-10.225	156.018
