NO_OF_FRAMES	5000
NO_OF_DATA_TYPES	3
FREQUENCY	500
TIME_STAMP	2026-06-08, 10:43:45
DATA_INCLUDED	Position
DATA_TYPES	Unidentified [1418997]_pos_X	Unidentified [1418997]_pos_Y	Unidentified [1418997]_pos_Z


258.152	75.798	155.278
258.490	76.061	155.304
258.567	76.160	155.323
258.477	76.089	155.258
258.409	76.026	155.219
258.463	75.921	155.192
258.422	75.763	155.174
258.343	75.555	155.161
258.368	75.348	155.156
258.347	75.122	155.173
258.308	74.832	155.176
258.308	74.496	155.187
258.324	74.148	155.189
258.358	73.763	155.178
258.387	73.392	155.187
258.413	73.033	155.181
258.423	72.694	155.175
258.486	72.430	155.153
258.489	72.205	155.115
258.477	72.007	155.091
258.484	71.858	155.062
258.506	71.767	155.051
258.514	71.729	155.051
258.496	71.734	155.047
258.466	71.770	155.066
258.508	71.844	155.086
258.470	71.960	155.113
258.405	72.137	155.148
258.377	72.365	155.169
258.355	72.680	155.205
258.325	73.017	155.218
258.282	73.453	155.247
258.238	73.931	155.266
258.220	74.450	155.299
258.166	74.993	155.299
258.134	75.551	155.310
258.321	75.934	155.332
258.538	76.111	155.321
258.500	76.113	155.274
258.431	76.057	155.228
258.397	75.981	155.204
258.432	75.843	155.184
258.380	75.658	155.172
258.326	75.412	155.160
258.360	75.180	155.170
258.339	74.910	155.181
258.313	74.574	155.189
258.332	74.224	155.194
258.354	73.826	155.174
258.394	73.451	155.188
258.415	73.087	155.172
258.423	72.752	155.181
258.460	72.437	155.161
258.502	72.188	155.121
258.494	71.987	155.097
258.483	71.802	155.070
258.496	71.686	155.054
258.518	71.632	155.049
258.504	71.636	155.041
258.484	71.680	155.063
258.490	71.752	155.077
258.482	71.861	155.101
258.409	72.034	155.127
258.373	72.277	155.158
258.350	72.606	155.205
258.324	72.974	155.209
258.271	73.435	155.246
258.231	73.954	155.275
258.202	74.524	155.303
258.150	75.122	155.309
258.128	75.730	155.326
258.441	76.071	155.367
258.584	76.169	155.327
258.496	76.120	155.281
258.411	76.042	155.229
258.470	75.959	155.204
258.450	75.813	155.188
258.366	75.634	155.170
258.352	75.404	155.152
258.359	75.185	155.165
258.323	74.902	155.165
258.298	74.580	155.190
258.323	74.224	155.187
258.346	73.855	155.182
258.380	73.467	155.187
258.399	73.104	155.191
258.416	72.757	155.188
258.478	72.470	155.159
258.497	72.248	155.130
258.472	72.037	155.093
258.475	71.873	155.062
258.502	71.762	155.055
258.517	71.701	155.052
258.499	71.707	155.046
258.479	71.729	155.057
258.500	71.789	155.067
258.481	71.896	155.096
258.421	72.060	155.137
258.378	72.292	155.159
258.361	72.579	155.201
258.332	72.919	155.212
258.288	73.347	155.239
258.244	73.811	155.257
258.200	74.338	155.287
258.174	74.870	155.295
258.141	75.437	155.307
258.253	75.907	155.325
258.529	76.098	155.337
258.516	76.122	155.286
258.441	76.062	155.239
258.392	75.993	155.204
258.445	75.873	155.182
258.401	75.718	155.176
258.330	75.467	155.160
258.355	75.242	155.167
258.343	74.974	155.167
258.314	74.654	155.194
258.331	74.290	155.196
258.349	73.904	155.189
258.390	73.526	155.187
258.424	73.148	155.188
258.436	72.790	155.186
258.455	72.454	155.169
258.519	72.197	155.134
258.514	71.970	155.111
258.503	71.776	155.088
258.509	71.629	155.056
258.534	71.569	155.046
258.532	71.566	155.053
258.507	71.590	155.058
258.516	71.659	155.075
258.512	71.766	155.106
258.446	71.936	155.128
258.400	72.176	155.158
258.380	72.491	155.192
258.343	72.882	155.218
258.298	73.350	155.247
258.246	73.878	155.281
258.203	74.499	155.314
258.169	75.126	155.333
258.147	75.790	155.359
258.530	76.124	155.398
258.630	76.181	155.342
258.508	76.099	155.289
258.433	76.030	155.226
258.537	75.954	155.211
258.494	75.843	155.182
258.401	75.677	155.180
258.355	75.461	155.161
258.352	75.236	155.162
258.319	74.946	155.170
258.292	74.621	155.184
258.310	74.258	155.190
258.339	73.866	155.173
258.363	73.495	155.191
258.394	73.121	155.193
258.401	72.766	155.190
258.467	72.481	155.167
258.487	72.243	155.125
258.480	72.034	155.100
258.483	71.876	155.073
258.506	71.755	155.050
258.513	71.710	155.048
258.504	71.717	155.045
258.484	71.752	155.063
258.505	71.821	155.087
258.485	71.931	155.105
258.417	72.111	155.136
258.376	72.357	155.180
258.361	72.653	155.204
258.324	73.016	155.225
258.275	73.471	155.257
258.237	73.975	155.288
258.204	74.505	155.318
258.163	75.076	155.326
258.126	75.651	155.348
258.390	76.004	155.364
258.552	76.151	155.339
258.491	76.114	155.282
258.417	76.035	155.224
258.419	75.962	155.198
258.446	75.829	155.177
258.366	75.655	155.172
258.321	75.408	155.155
258.341	75.170	155.160
258.315	74.879	155.165
258.297	74.553	155.195
258.316	74.184	155.189
258.347	73.806	155.185
258.375	73.420	155.185
258.403	73.057	155.188
258.421	72.700	155.184
258.467	72.398	155.171
258.504	72.170	155.124
258.493	71.948	155.099
258.482	71.788	155.077
258.502	71.674	155.054
258.519	71.634	155.049
258.511	71.649	155.041
258.487	71.689	155.060
258.502	71.778	155.080
258.482	71.900	155.108
258.413	72.097	155.137
258.368	72.363	155.175
258.356	72.688	155.214
258.319	73.070	155.234
258.261	73.529	155.261
258.230	74.056	155.302
258.190	74.620	155.325
258.154	75.216	155.340
258.155	75.799	155.362
258.482	76.072	155.379
258.581	76.152	155.333
258.485	76.095	155.283
258.414	76.026	155.231
258.489	75.939	155.201
258.452	75.804	155.180
258.366	75.621	155.163
258.347	75.372	155.154
258.349	75.143	155.167
258.317	74.835	155.175
258.303	74.503	155.189
258.316	74.138	155.194
258.351	73.745	155.181
258.379	73.368	155.202
258.407	73.007	155.191
258.415	72.660	155.188
258.484	72.386	155.168
258.504	72.153	155.128
258.488	71.950	155.102
258.488	71.792	155.070
258.509	71.701	155.048
258.521	71.666	155.047
258.502	71.670	155.039
258.479	71.722	155.058
258.515	71.804	155.078
258.477	71.926	155.110
258.411	72.128	155.138
258.379	72.385	155.166
258.358	72.724	155.213
258.316	73.105	155.234
258.277	73.578	155.260
258.233	74.111	155.294
258.198	74.687	155.327
258.161	75.278	155.334
258.176	75.850	155.356
258.530	76.102	155.379
258.577	76.147	155.334
258.478	76.086	155.274
258.416	76.016	155.226
258.499	75.925	155.206
258.450	75.784	155.180
258.354	75.577	155.166
258.352	75.347	155.156
258.352	75.094	155.166
258.311	74.785	155.180
258.306	74.444	155.199
258.321	74.078	155.192
258.361	73.682	155.197
258.386	73.295	155.190
258.415	72.940	155.202
258.434	72.591	155.193
258.503	72.328	155.156
258.503	72.087	155.130
258.488	71.896	155.099
258.500	71.741	155.065
258.518	71.650	155.057
258.535	71.640	155.043
258.510	71.662	155.047
258.477	71.725	155.067
258.505	71.823	155.090
258.467	71.964	155.115
258.394	72.194	155.141
258.361	72.481	155.189
258.342	72.843	155.218
258.292	73.266	155.250
258.244	73.767	155.282
258.220	74.326	155.319
258.167	74.912	155.337
258.141	75.514	155.356
258.325	75.981	155.386
258.587	76.152	155.376
258.542	76.140	155.320
258.435	76.051	155.253
258.459	75.980	155.212
258.495	75.871	155.190
258.411	75.710	155.167
258.338	75.488	155.151
258.356	75.287	155.155
258.332	75.023	155.164
258.293	74.714	155.181
258.306	74.374	155.190
258.323	74.008	155.190
258.357	73.634	155.186
258.384	73.263	155.187
258.399	72.907	155.193
258.453	72.603	155.185
258.491	72.355	155.146
258.472	72.140	155.116
258.473	71.955	155.090
258.495	71.821	155.065
258.510	71.748	155.048
258.514	71.730	155.042
258.492	71.753	155.049
258.475	71.799	155.069
258.499	71.886	155.083
258.448	72.025	155.111
258.385	72.240	155.149
258.360	72.503	155.182
258.342	72.834	155.217
258.293	73.228	155.239
258.256	73.672	155.264
258.223	74.187	155.295
258.182	74.717	155.302
258.137	75.293	155.319
258.163	75.819	155.326
258.468	76.054	155.352
258.530	76.142	155.315
258.455	76.089	155.261
258.388	76.029	155.215
258.434	75.929	155.189
258.426	75.783	155.168
258.341	75.571	155.162
258.322	75.312	155.163
258.340	75.073	155.164
258.310	74.757	155.188
258.311	74.402	155.199
258.332	74.039	155.205
258.362	73.641	155.190
258.398	73.271	155.190
258.418	72.907	155.182
258.430	72.551	155.178
258.492	72.267	155.151
258.514	72.053	155.118
258.502	71.852	155.090
258.495	71.697	155.066
258.522	71.619	155.055
258.533	71.600	155.044
258.502	71.627	155.056
258.481	71.686	155.070
258.508	71.789	155.089
258.465	71.936	155.116
258.396	72.170	155.150
258.368	72.469	155.175
258.341	72.843	155.216
258.302	73.282	155.246
258.243	73.799	155.282
258.215	74.381	155.312
258.167	74.995	155.339
258.139	75.625	155.351
258.410	76.046	155.396
258.621	76.178	155.365
258.542	76.105	155.305
258.437	76.036	155.257
258.506	75.967	155.210
258.492	75.850	155.186
258.404	75.686	155.167
258.350	75.481	155.151
258.363	75.269	155.165
258.327	75.000	155.173
258.300	74.678	155.189
258.309	74.327	155.190
258.333	73.965	155.175
258.361	73.580	155.198
258.386	73.206	155.195
258.404	72.852	155.196
258.461	72.551	155.177
258.493	72.329	155.143
258.479	72.111	155.109
258.479	71.932	155.078
258.493	71.806	155.051
258.513	71.743	155.047
258.515	71.740	155.044
258.491	71.770	155.054
258.496	71.819	155.081
258.500	71.919	155.092
258.445	72.063	155.126
258.388	72.266	155.150
258.366	72.554	155.196
258.346	72.883	155.214
258.295	73.278	155.246
258.267	73.732	155.270
258.231	74.236	155.294
258.199	74.753	155.312
258.146	75.301	155.315
258.167	75.818	155.331
258.471	76.029	155.348
258.517	76.125	155.302
258.453	76.072	155.251
258.396	76.018	155.206
258.412	75.911	155.183
258.412	75.754	155.167
258.335	75.551	155.172
258.326	75.274	155.165
258.334	75.023	155.163
258.312	74.707	155.196
258.314	74.351	155.207
258.333	73.974	155.187
258.369	73.578	155.191
258.398	73.205	155.188
258.425	72.841	155.181
258.439	72.494	155.174
258.498	72.235	155.145
258.515	72.000	155.120
258.500	71.808	155.093
258.499	71.664	155.060
258.518	71.588	155.043
258.531	71.588	155.044
258.504	71.612	155.045
258.478	71.684	155.063
258.510	71.794	155.096
258.454	71.954	155.121
258.384	72.193	155.150
258.359	72.505	155.187
258.338	72.884	155.213
258.290	73.335	155.248
258.242	73.869	155.286
258.207	74.460	155.322
258.175	75.063	155.328
258.130	75.727	155.359
258.467	76.078	155.400
258.625	76.166	155.360
258.522	76.102	155.299
258.426	76.032	155.240
258.522	75.966	155.210
258.504	75.852	155.193
258.405	75.690	155.173
258.339	75.469	155.155
258.353	75.247	155.166
258.316	74.960	155.170
258.288	74.625	155.182
258.305	74.277	155.193
258.321	73.892	155.173
258.357	73.507	155.194
258.386	73.130	155.185
258.404	72.786	155.197
258.450	72.482	155.184
258.485	72.247	155.137
258.478	72.042	155.105
258.484	71.874	155.080
258.501	71.770	155.058
258.510	71.723	155.048
258.501	71.711	155.037
258.480	71.754	155.051
258.495	71.816	155.071
258.486	71.923	155.096
258.420	72.093	155.123
258.375	72.328	155.161
258.359	72.641	155.203
258.327	72.985	155.218
258.280	73.429	155.253
258.234	73.925	155.285
258.204	74.463	155.310
258.171	75.022	155.327
258.131	75.593	155.345
258.365	75.971	155.379
258.560	76.135	155.355
258.508	76.106	155.289
258.431	76.043	155.235
258.427	75.979	155.214
258.473	75.845	155.176
258.390	75.676	155.167
258.320	75.433	155.150
258.342	75.190	155.163
258.328	74.908	155.171
258.303	74.583	155.191
258.324	74.214	155.199
258.343	73.835	155.199
258.382	73.449	155.192
258.404	73.077	155.191
258.429	72.732	155.192
258.463	72.399	155.161
258.510	72.163	155.139
258.506	71.954	155.110
258.496	71.783	155.080
258.509	71.659	155.055
258.528	71.613	155.045
258.519	71.629	155.046
258.491	71.678	155.057
258.504	71.754	155.073
258.492	71.875	155.102
258.418	72.064	155.130
258.373	72.327	155.159
258.355	72.669	155.208
258.322	73.042	155.221
258.266	73.529	155.259
258.238	74.064	155.306
258.200	74.647	155.332
258.149	75.260	155.347
258.170	75.863	155.367
258.546	76.118	155.395
258.596	76.161	155.336
258.485	76.074	155.276
258.424	76.010	155.228
258.511	75.922	155.193
258.465	75.791	155.186
258.362	75.597	155.161
258.353	75.384	155.153
258.345	75.143	155.156
258.309	74.851	155.168
258.303	74.530	155.191
258.313	74.160	155.195
258.349	73.788	155.189
258.378	73.411	155.204
258.400	73.034	155.189
258.419	72.687	155.192
258.479	72.436	155.167
258.481	72.208	155.135
258.478	72.008	155.099
258.486	71.855	155.077
258.508	71.753	155.044
258.518	71.718	155.043
258.504	71.728	155.041
258.477	71.772	155.060
258.507	71.848	155.082
258.477	71.961	155.097
258.410	72.147	155.133
258.369	72.390	155.167
258.356	72.713	155.212
258.319	73.078	155.231
258.283	73.517	155.265
258.239	74.009	155.284
258.192	74.551	155.314
258.159	75.107	155.328
258.128	75.675	155.339
258.398	75.987	155.359
258.536	76.123	155.326
258.479	76.093	155.270
258.412	76.040	155.228
258.420	75.952	155.203
258.433	75.811	155.177
258.364	75.622	155.167
258.322	75.362	155.153
258.348	75.142	155.167
258.320	74.854	155.184
258.303	74.514	155.181
258.321	74.148	155.187
258.349	73.780	155.194
258.387	73.393	155.193
258.408	73.027	155.189
258.430	72.676	155.185
258.481	72.381	155.168
258.510	72.142	155.130
258.500	71.937	155.101
258.494	71.766	155.078
258.510	71.660	155.051
258.527	71.627	155.049
258.510	71.631	155.042
258.484	71.679	155.054
258.504	71.768	155.080
258.482	71.898	155.106
258.411	72.100	155.133
258.367	72.363	155.168
258.349	72.711	155.209
258.313	73.096	155.229
258.266	73.578	155.260
258.239	74.125	155.302
258.206	74.696	155.318
258.139	75.319	155.343
258.209	75.889	155.369
258.557	76.125	155.385
258.581	76.155	155.330
258.468	76.070	155.266
258.436	76.009	155.221
258.479	75.900	155.196
258.421	75.743	155.169
258.346	75.540	155.153
258.371	75.344	155.150
258.342	75.104	155.156
258.301	74.817	155.178
258.296	74.492	155.197
258.323	74.133	155.189
258.347	73.762	155.187
258.379	73.390	155.187
258.400	73.022	155.183
258.426	72.705	155.188
258.484	72.461	155.165
258.477	72.230	155.129
258.469	72.018	155.085
258.487	71.871	155.067
258.502	71.781	155.051
258.511	71.740	155.038
258.497	71.757	155.045
258.464	71.797	155.061
258.506	71.869	155.082
258.464	71.979	155.111
258.407	72.156	155.135
258.362	72.402	155.173
258.349	72.711	155.211
258.316	73.069	155.237
258.278	73.498	155.257
258.234	73.966	155.283
258.213	74.467	155.302
258.166	75.010	155.315
258.121	75.553	155.312
258.329	75.935	155.348
258.520	76.091	155.333
258.482	76.100	155.276
258.422	76.043	155.229
258.385	75.971	155.206
258.426	75.837	155.172
258.378	75.667	155.170
258.316	75.402	155.163
258.346	75.149	155.159
258.329	74.868	155.175
258.314	74.537	155.200
258.326	74.154	155.189
258.354	73.758	155.181
258.391	73.378	155.186
258.415	73.007	155.187
258.442	72.653	155.178
258.461	72.326	155.162
258.523	72.088	155.129
258.508	71.878	155.102
258.502	71.708	155.079
258.513	71.597	155.057
258.537	71.550	155.051
258.518	71.565	155.042
258.486	71.603	155.055
258.517	71.682	155.076
258.489	71.798	155.095
258.419	72.007	155.128
258.382	72.270	155.158
258.363	72.621	155.200
258.325	73.033	155.219
258.278	73.521	155.259
258.238	74.109	155.299
258.201	74.719	155.328
258.144	75.368	155.343
258.267	75.948	155.385
258.618	76.173	155.393
258.595	76.146	155.342
258.479	76.069	155.271
258.481	76.002	155.227
258.554	75.926	155.210
258.475	75.782	155.182
258.388	75.602	155.169
258.355	75.376	155.160
258.351	75.123	155.162
258.312	74.816	155.181
258.307	74.476	155.186
258.315	74.107	155.186
258.349	73.722	155.181
258.376	73.336	155.190
258.392	72.974	155.196
258.419	72.639	155.196
258.477	72.371	155.159
258.483	72.147	155.120
258.475	71.953	155.086
258.490	71.830	155.064
258.504	71.737	155.047
258.512	71.714	155.049
258.499	71.733	155.049
258.468	71.785	155.066
258.500	71.869	155.082
258.462	72.002	155.108
258.398	72.199	155.139
258.366	72.475	155.184
258.346	72.793	155.215
258.304	73.176	155.239
258.264	73.644	155.273
258.228	74.152	155.294
258.189	74.694	155.318
258.155	75.260	155.331
258.145	75.798	155.344
258.467	76.035	155.365
258.535	76.138	155.320
258.461	76.084	155.261
258.398	76.024	155.224
258.431	75.921	155.191
258.424	75.772	155.166
258.345	75.573	155.166
258.321	75.314	155.154
258.341	75.059	155.154
258.313	74.757	155.181
258.310	74.426	155.192
258.325	74.047	155.189
258.360	73.664	155.191
258.389	73.292	155.194
258.419	72.933	155.187
258.435	72.589	155.186
258.483	72.308	155.156
258.513	72.083	155.119
258.496	71.883	155.097
258.493	71.730	155.072
258.512	71.644	155.054
258.528	71.631	155.047
258.502	71.659	155.051
258.471	71.707	155.065
258.497	71.807	155.090
258.461	71.953	155.111
258.389	72.167	155.144
258.363	72.459	155.181
258.337	72.809	155.213
258.294	73.228	155.236
258.243	73.726	155.271
258.238	74.269	155.310
258.191	74.836	155.326
258.125	75.459	155.355
258.290	75.950	155.371
258.578	76.140	155.380
258.547	76.129	155.319
258.445	76.064	155.255
258.443	76.000	155.221
258.499	75.888	155.191
258.420	75.736	155.175
258.336	75.513	155.153
258.347	75.289	155.160
258.324	75.022	155.155
258.297	74.699	155.176
258.306	74.349	155.197
258.318	73.964	155.182
258.360	73.586	155.193
258.392	73.213	155.192
258.412	72.850	155.201
258.437	72.510	155.183
258.502	72.252	155.149
258.497	72.035	155.121
258.490	71.842	155.085
258.504	71.723	155.065
258.520	71.643	155.050
258.525	71.649	155.042
258.500	71.685	155.055
258.467	71.758	155.072
258.499	71.879	155.096
258.450	72.042	155.116
258.384	72.292	155.157
258.362	72.596	155.196
258.332	72.967	155.221
258.277	73.418	155.260
258.249	73.922	155.295
258.226	74.483	155.332
258.166	75.066	155.348
258.124	75.668	155.361
258.423	76.018	155.393
258.582	76.153	155.360
258.506	76.101	155.301
258.424	76.050	155.246
258.480	75.972	155.222
258.473	75.841	155.168
258.381	75.671	155.163
258.338	75.422	155.156
258.350	75.195	155.162
258.320	74.905	155.173
258.296	74.571	155.186
258.318	74.208	155.198
258.341	73.824	155.181
258.378	73.434	155.192
258.398	73.069	155.197
258.421	72.713	155.196
258.472	72.395	155.180
258.510	72.167	155.145
258.498	71.943	155.113
258.497	71.787	155.092
258.518	71.661	155.057
258.530	71.620	155.053
258.517	71.623	155.035
258.501	71.664	155.051
258.505	71.753	155.079
258.496	71.882	155.097
258.430	72.082	155.139
258.374	72.356	155.162
258.359	72.686	155.207
258.319	73.081	155.234
258.273	73.564	155.276
258.250	74.105	155.308
258.203	74.681	155.332
258.142	75.301	155.368
258.207	75.875	155.383
258.557	76.112	155.396
258.585	76.147	155.350
258.480	76.067	155.285
258.431	76.004	155.232
258.510	75.909	155.202
258.448	75.774	155.174
258.354	75.578	155.164
258.343	75.349	155.152
258.347	75.122	155.159
258.306	74.814	155.175
258.300	74.487	155.192
258.316	74.137	155.188
258.348	73.747	155.194
258.374	73.371	155.193
258.399	73.007	155.196
258.421	72.667	155.199
258.481	72.401	155.162
258.485	72.181	155.134
258.480	71.970	155.094
258.481	71.822	155.070
258.504	71.725	155.050
258.516	71.697	155.042
258.500	71.705	155.038
258.462	71.739	155.060
258.501	71.821	155.079
258.462	71.948	155.107
258.400	72.142	155.138
258.364	72.380	155.159
258.348	72.712	155.209
258.310	73.087	155.225
258.265	73.551	155.269
258.233	74.061	155.296
258.203	74.602	155.329
258.146	75.179	155.336
258.131	75.742	155.346
258.446	76.022	155.369
258.556	76.134	155.327
258.475	76.087	155.278
258.409	76.031	155.224
258.446	75.946	155.202
258.449	75.795	155.173
258.366	75.623	155.171
258.320	75.352	155.156
258.347	75.105	155.156
258.318	74.816	155.175
258.301	74.469	155.190
258.318	74.107	155.195
258.353	73.705	155.187
258.388	73.333	155.193
258.409	72.962	155.194
258.425	72.615	155.188
258.479	72.316	155.162
258.507	72.088	155.126
258.494	71.883	155.097
258.492	71.720	155.070
258.516	71.622	155.049
258.523	71.593	155.050
258.507	71.612	155.041
258.478	71.662	155.057
258.510	71.759	155.076
258.469	71.892	155.101
258.403	72.111	155.137
258.364	72.404	155.180
258.345	72.762	155.208
258.300	73.186	155.241
258.251	73.692	155.264
258.217	74.268	155.322
258.173	74.873	155.345
258.137	75.503	155.354
258.337	75.992	155.397
258.617	76.176	155.389
258.557	76.131	155.333
258.453	76.051	155.258
258.479	75.983	155.223
258.520	75.881	155.198
258.434	75.727	155.174
258.352	75.515	155.159
258.364	75.309	155.157
258.334	75.043	155.156
258.301	74.728	155.188
258.306	74.386	155.188
258.326	74.018	155.186
258.362	73.647	155.196
258.385	73.270	155.195
258.406	72.905	155.198
258.439	72.588	155.194
258.501	72.358	155.159
258.484	72.135	155.117
258.481	71.955	155.091
258.500	71.821	155.057
258.518	71.751	155.052
258.514	71.738	155.044
258.498	71.769	155.056
258.473	71.822	155.069
258.509	71.900	155.087
258.457	72.037	155.113
258.400	72.236	155.143
258.370	72.516	155.192
258.347	72.830	155.218
258.306	73.212	155.245
258.269	73.661	155.276
258.228	74.165	155.287
258.186	74.682	155.316
258.159	75.235	155.327
258.142	75.768	155.337
258.448	76.005	155.361
258.520	76.114	155.316
258.460	76.080	155.265
258.405	76.027	155.214
258.411	75.928	155.192
258.429	75.773	155.174
258.352	75.573	155.163
258.320	75.285	155.160
258.349	75.041	155.162
258.320	74.728	155.182
258.316	74.384	155.200
258.337	74.006	155.189
258.365	73.615	155.195
258.398	73.227	155.189
258.425	72.871	155.194
258.445	72.530	155.192
258.496	72.237	155.150
258.521	72.017	155.119
258.505	71.826	155.095
258.504	71.667	155.065
258.525	71.586	155.050
258.534	71.584	155.055
258.510	71.603	155.046
258.474	71.668	155.060
258.513	71.769	155.087
258.460	71.929	155.115
258.390	72.161	155.146
258.363	72.465	155.180
258.342	72.846	155.213
258.293	73.286	155.250
258.239	73.811	155.285
258.223	74.388	155.324
258.162	74.998	155.336
258.127	75.646	155.362
258.421	76.048	155.401
258.614	76.182	155.363
258.527	76.115	155.304
258.428	76.041	155.260
258.506	75.963	155.218
258.493	75.863	155.195
258.413	75.705	155.174
258.341	75.487	155.152
258.348	75.277	155.160
258.314	75.001	155.156
258.287	74.671	155.178
258.298	74.332	155.192
258.318	73.956	155.183
258.346	73.565	155.194
258.375	73.196	155.184
258.399	72.840	155.198
258.448	72.536	155.181
258.486	72.297	155.142
258.474	72.082	155.105
258.477	71.917	155.084
258.494	71.790	155.047
258.511	71.737	155.052
258.505	71.718	155.043
258.488	71.751	155.058
258.484	71.813	155.069
258.500	71.905	155.101
258.437	72.062	155.121
258.385	72.289	155.154
258.364	72.580	155.199
258.335	72.920	155.222
258.289	73.326	155.248
258.252	73.811	155.284
258.208	74.336	155.307
258.184	74.874	155.321
258.141	75.444	155.334
258.272	75.899	155.357
258.540	76.101	155.360
258.517	76.113	155.305
258.441	76.059	155.250
258.399	75.982	155.213
258.453	75.865	155.177
258.409	75.703	155.170
258.324	75.471	155.159
258.335	75.230	155.152
258.330	74.968	155.161
258.301	74.645	155.182
258.316	74.283	155.196
258.336	73.910	155.183
258.377	73.530	155.192
258.404	73.149	155.189
258.426	72.816	155.189
258.448	72.473	155.174
258.509	72.212	155.140
258.505	72.006	155.117
258.497	71.810	155.086
258.503	71.681	155.068
258.523	71.617	155.055
258.524	71.627	155.053
258.500	71.640	155.050
258.478	71.716	155.064
258.508	71.827	155.098
258.447	71.994	155.126
258.384	72.227	155.149
258.365	72.533	155.197
258.339	72.904	155.218
258.285	73.356	155.256
258.242	73.857	155.273
258.217	74.437	155.321
258.165	75.035	155.344
258.133	75.644	155.351
258.417	76.028	155.398
258.603	76.157	155.355
258.519	76.099	155.299
258.435	76.040	155.245
258.469	75.948	155.214
258.475	75.832	155.194
258.385	75.643	155.174
258.351	75.428	155.157
258.372	75.213	155.154
258.329	74.942	155.158
258.302	74.624	155.182
258.318	74.279	155.193
258.344	73.914	155.186
258.373	73.532	155.189
258.392	73.163	155.186
258.410	72.827	155.195
258.468	72.537	155.174
258.495	72.305	155.142
258.472	72.110	155.105
258.476	71.927	155.077
258.498	71.813	155.054
258.514	71.758	155.049
258.510	71.754	155.045
258.484	71.776	155.044
258.491	71.838	155.079
258.495	71.921	155.097
258.432	72.073	155.122
258.389	72.276	155.155
258.361	72.563	155.196
258.341	72.893	155.217
258.292	73.280	155.242
258.259	73.735	155.267
258.227	74.224	155.288
258.183	74.750	155.307
258.143	75.291	155.310
258.166	75.802	155.328
258.453	76.014	155.343
258.505	76.105	155.297
258.443	76.070	155.251
258.395	76.020	155.209
258.407	75.909	155.188
258.397	75.742	155.167
258.328	75.507	155.160
258.340	75.250	155.164
258.355	75.000	155.171
258.318	74.687	155.192
258.321	74.332	155.207
258.340	73.944	155.186
258.380	73.563	155.199
258.409	73.171	155.182
258.432	72.828	155.188
258.448	72.478	155.172
258.511	72.219	155.146
258.512	71.983	155.118
258.498	71.783	155.092
258.501	71.641	155.065
258.529	71.568	155.044
258.529	71.564	155.048
258.501	71.593	155.058
258.485	71.647	155.071
258.516	71.756	155.097
258.451	71.918	155.118
258.390	72.156	155.144
258.359	72.452	155.186
258.336	72.838	155.212
258.285	73.295	155.238
258.240	73.820	155.276
258.218	74.420	155.315
258.168	75.044	155.331
258.133	75.708	155.347
258.460	76.077	155.394
258.624	76.179	155.355
258.521	76.099	155.304
258.434	76.032	155.243
258.527	75.958	155.213
258.505	75.848	155.188
258.413	75.700	155.170
258.352	75.487	155.158
258.350	75.259	155.155
258.322	74.988	155.170
258.287	74.652	155.180
258.308	74.297	155.194
258.326	73.911	155.182
258.363	73.523	155.189
258.382	73.143	155.190
258.403	72.786	155.197
258.450	72.474	155.177
258.488	72.236	155.141
258.479	72.021	155.102
258.483	71.858	155.077
258.505	71.739	155.051
258.515	71.688	155.041
258.511	71.681	155.036
258.491	71.715	155.060
258.498	71.784	155.076
258.496	71.891	155.094
258.437	72.055	155.121
258.385	72.298	155.160
258.360	72.592	155.193
258.331	72.961	155.224
258.282	73.402	155.255
258.236	73.894	155.277
258.215	74.440	155.314
258.166	75.019	155.329
258.124	75.597	155.343
258.371	75.975	155.378
258.568	76.135	155.354
258.508	76.102	155.293
258.419	76.039	155.233
258.431	75.966	155.203
258.476	75.843	155.180
258.384	75.684	155.166
258.322	75.428	155.149
258.342	75.204	155.164
258.323	74.918	155.172
258.298	74.588	155.184
258.315	74.228	155.195
258.334	73.841	155.183
258.379	73.463	155.192
258.401	73.093	155.191
258.422	72.745	155.195
258.454	72.410	155.166
258.510	72.170	155.129
258.502	71.959	155.113
258.490	71.784	155.078
258.508	71.661	155.061
258.526	71.619	155.045
258.523	71.627	155.044
258.491	71.662	155.060
258.492	71.739	155.074
258.495	71.868	155.100
258.433	72.062	155.131
258.383	72.312	155.162
258.357	72.654	155.209
258.319	73.040	155.224
258.272	73.508	155.265
258.240	74.051	155.304
258.195	74.618	155.338
258.155	75.222	155.338
258.164	75.822	155.370
258.511	76.089	155.400
258.592	76.148	155.351
258.482	76.066	155.284
258.420	76.001	155.232
258.497	75.916	155.203
258.454	75.780	155.182
258.357	75.590	155.163
258.353	75.358	155.148
258.350	75.124	155.156
258.307	74.838	155.179
258.298	74.503	155.187
258.313	74.154	155.189
258.351	73.772	155.190
258.374	73.391	155.194
258.402	73.025	155.194
258.418	72.679	155.190
258.487	72.418	155.165
258.490	72.185	155.123
258.479	71.985	155.094
258.490	71.828	155.070
258.507	71.724	155.046
258.521	71.700	155.054
258.502	71.701	155.047
258.480	71.744	155.065
258.509	71.811	155.077
258.478	71.934	155.112
258.410	72.107	155.136
258.371	72.363	155.166
258.356	72.667	155.208
258.322	73.044	155.230
258.273	73.494	155.256
258.232	74.005	155.282
258.200	74.550	155.315
258.156	75.133	155.328
258.128	75.704	155.345
258.437	76.013	155.370
258.567	76.138	155.340
258.494	76.093	155.284
258.415	76.025	155.229
258.439	75.931	155.200
258.441	75.786	155.178
258.358	75.591	155.167
258.350	75.357	155.153
258.355	75.127	155.163
258.318	74.839	155.162
258.304	74.518	155.188
258.321	74.162	155.196
258.352	73.782	155.193
258.382	73.398	155.184
258.406	73.036	155.190
258.420	72.685	155.183
258.483	72.397	155.163
258.502	72.165	155.137
258.485	71.941	155.096
258.489	71.771	155.060
258.505	71.654	155.054
258.528	71.624	155.044
258.510	71.632	155.042
258.484	71.681	155.059
258.509	71.758	155.077
258.480	71.884	155.100
258.407	72.073	155.130
258.367	72.337	155.165
258.355	72.670	155.204
258.319	73.054	155.229
258.262	73.528	155.262
258.233	74.054	155.290
258.208	74.628	155.325
258.141	75.233	155.333
258.169	75.826	155.360
258.519	76.087	155.381
258.578	76.147	155.336
258.469	76.065	155.269
258.422	76.005	155.235
258.473	75.890	155.204
258.427	75.750	155.186
258.349	75.537	155.151
258.373	75.351	155.158
258.352	75.129	155.170
258.308	74.844	155.176
258.300	74.529	155.190
258.318	74.174	155.192
258.349	73.803	155.177
258.375	73.430	155.184
258.402	73.068	155.186
258.422	72.732	155.178
258.482	72.470	155.155
258.482	72.249	155.129
258.468	72.043	155.086
258.484	71.880	155.068
258.498	71.776	155.050
258.511	71.734	155.036
258.496	71.734	155.046
258.470	71.770	155.065
258.504	71.831	155.079
258.475	71.943	155.105
258.410	72.115	155.131
258.366	72.345	155.169
258.347	72.651	155.201
258.320	73.014	155.222
258.276	73.436	155.251
258.234	73.911	155.276
258.205	74.432	155.298
258.157	74.978	155.306
258.130	75.536	155.322
258.323	75.940	155.349
258.532	76.110	155.329
258.490	76.103	155.279
258.427	76.039	155.230
258.407	75.965	155.203
258.438	75.829	155.182
258.382	75.663	155.174
258.324	75.404	155.163
258.354	75.176	155.163
258.334	74.895	155.171
258.316	74.573	155.201
258.326	74.211	155.191
258.357	73.832	155.187
258.386	73.454	155.183
258.412	73.079	155.172
258.438	72.736	155.183
258.458	72.413	155.167
258.517	72.173	155.125
258.502	71.958	155.101
258.493	71.782	155.073
258.509	71.659	155.054
258.531	71.608	155.046
258.515	71.615	155.041
258.496	71.648	155.055
258.499	71.713	155.073
258.496	71.828	155.100
258.436	72.010	155.127
258.385	72.251	155.160
258.364	72.568	155.190
258.336	72.957	155.222
258.281	73.407	155.244
258.238	73.932	155.284
258.218	74.508	155.314
258.163	75.105	155.332
258.135	75.711	155.337
258.462	76.051	155.380
258.602	76.155	155.340
258.500	76.077	155.274
258.415	76.025	155.235
258.475	75.920	155.207
258.456	75.788	155.186
258.369	75.599	155.170
258.361	75.389	155.161
258.368	75.172	155.155
258.320	74.908	155.175
258.299	74.592	155.186
258.320	74.238	155.184
258.344	73.873	155.178
258.376	73.505	155.196
258.403	73.135	155.185
258.414	72.796	155.182
258.480	72.518	155.164
258.492	72.289	155.137
258.476	72.082	155.092
258.482	71.904	155.062
258.502	71.804	155.053
258.512	71.748	155.043
258.506	71.738	155.042
258.480	71.764	155.056
258.502	71.830	155.078
258.491	71.922	155.102
258.429	72.083	155.133
258.377	72.290	155.159
258.357	72.566	155.197
258.341	72.905	155.215
258.292	73.293	155.238
258.247	73.751	155.268
258.222	74.244	155.289
258.177	74.748	155.291
258.144	75.286	155.300
258.166	75.793	155.313
258.457	76.011	155.327
258.504	76.101	155.288
258.440	76.074	155.244
258.388	76.025	155.211
258.404	75.916	155.180
258.401	75.761	155.172
258.333	75.537	155.162
258.317	75.258	155.166
258.335	74.997	155.171
258.317	74.673	155.188
258.321	74.294	155.200
258.338	73.903	155.177
258.369	73.499	155.188
258.411	73.124	155.182
258.433	72.764	155.183
258.443	72.412	155.158
258.507	72.143	155.137
258.527	71.923	155.103
258.506	71.737	155.087
258.512	71.615	155.062
258.525	71.548	155.049
258.531	71.540	155.040
258.494	71.577	155.052
258.496	71.636	155.067
258.506	71.747	155.092
258.439	71.923	155.121
258.395	72.168	155.144
258.361	72.504	155.192
258.333	72.900	155.218
258.286	73.384	155.252
258.242	73.948	155.294
258.215	74.560	155.325
258.158	75.221	155.341
258.176	75.882	155.379
258.590	76.141	155.402
258.629	76.157	155.359
258.498	76.080	155.288
258.465	76.031	155.247
258.578	75.947	155.210
258.517	75.837	155.183
258.417	75.677	155.163
258.350	75.456	155.161
258.337	75.204	155.168
258.309	74.909	155.162
258.289	74.570	155.187
258.299	74.196	155.190
258.323	73.806	155.177
258.361	73.416	155.187
258.382	73.032	155.196
258.405	72.693	155.199
258.449	72.381	155.178
258.489	72.155	155.143
258.488	71.943	155.108
258.486	71.810	155.080
258.508	71.716	155.055
258.515	71.681	155.048
258.506	71.690	155.045
258.481	71.733	155.056
258.502	71.813	155.074
258.482	71.943	155.103
258.415	72.139	155.133
258.380	72.400	155.167
258.357	72.730	155.205
258.310	73.118	155.230
258.270	73.589	155.266
258.242	74.125	155.307
258.194	74.682	155.336
258.160	75.270	155.346
258.179	75.834	155.362
258.521	76.063	155.380
258.569	76.130	155.330
258.474	76.063	155.272
258.418	76.002	155.227
258.493	75.917	155.198
258.450	75.775	155.177
258.353	75.581	155.167
258.335	75.324	155.151
258.335	75.094	155.160
258.308	74.791	155.184
258.302	74.446	155.200
258.320	74.078	155.189
258.358	73.691	155.201
258.382	73.307	155.197
258.408	72.954	155.199
258.436	72.601	155.187
258.482	72.325	155.162
258.503	72.097	155.132
258.494	71.906	155.101
258.503	71.742	155.067
258.512	71.652	155.050
258.534	71.642	155.049
258.513	71.663	155.044
258.481	71.718	155.062
258.503	71.823	155.087
258.469	71.970	155.109
258.403	72.187	155.143
258.363	72.474	155.186
258.338	72.831	155.216
258.291	73.243	155.245
258.256	73.727	155.275
258.232	74.280	155.310
258.181	74.863	155.335
258.131	75.472	155.355
258.306	75.937	155.375
258.580	76.135	155.379
258.544	76.119	155.317
258.448	76.053	155.265
258.457	75.980	155.219
258.499	75.873	155.193
258.418	75.720	155.163
258.341	75.505	155.150
258.353	75.271	155.150
258.336	75.010	155.162
258.300	74.699	155.180
258.303	74.355	155.191
258.316	73.981	155.193
258.366	73.589	155.190
258.386	73.225	155.195
258.406	72.863	155.191
258.431	72.533	155.184
258.493	72.279	155.151
258.489	72.054	155.113
258.477	71.874	155.087
258.492	71.733	155.067
258.520	71.654	155.049
258.518	71.648	155.042
258.495	71.673	155.045
258.479	71.733	155.066
258.503	71.824	155.092
258.445	71.982	155.111
258.391	72.208	155.151
258.358	72.497	155.193
258.338	72.860	155.215
258.286	73.281	155.245
258.239	73.786	155.277
258.214	74.340	155.308
258.168	74.934	155.337
258.129	75.530	155.346
258.336	75.982	155.382
258.585	76.135	155.366
258.532	76.108	155.310
258.434	76.031	155.243
258.443	75.965	155.208
258.492	75.856	155.186
258.405	75.691	155.164
258.336	75.461	155.160
258.355	75.240	155.157
258.327	74.961	155.164
258.297	74.650	155.186
258.306	74.284	155.196
258.324	73.914	155.185
258.369	73.538	155.196
258.393	73.165	155.188
258.413	72.820	155.195
258.444	72.497	155.179
258.505	72.253	155.147
258.492	72.037	155.115
258.486	71.847	155.081
258.502	71.718	155.062
258.516	71.659	155.049
258.516	71.656	155.039
258.492	71.674	155.054
258.486	71.742	155.068
258.503	71.836	155.092
258.441	72.003	155.125
258.392	72.225	155.161
258.365	72.521	155.194
258.339	72.880	155.222
258.286	73.299	155.246
258.252	73.794	155.285
258.212	74.339	155.310
258.176	74.912	155.328
258.134	75.503	155.338
258.316	75.941	155.363
258.571	76.119	155.367
258.533	76.101	155.301
258.438	76.047	155.248
258.432	75.975	155.216
258.488	75.866	155.187
258.410	75.697	155.165
258.332	75.463	155.161
258.352	75.233	155.159
258.341	74.958	155.161
258.304	74.641	155.187
258.315	74.282	155.192
258.336	73.907	155.184
258.378	73.529	155.199
258.405	73.158	155.189
258.426	72.807	155.187
258.450	72.472	155.178
258.512	72.235	155.139
258.498	72.023	155.113
258.491	71.828	155.082
258.505	71.697	155.059
258.518	71.636	155.045
258.524	71.639	155.043
258.496	71.676	155.051
258.481	71.744	155.073
258.503	71.849	155.092
258.447	72.012	155.127
258.392	72.246	155.158
258.364	72.549	155.194
258.339	72.918	155.230
258.286	73.355	155.256
258.242	73.847	155.283
258.218	74.403	155.316
258.165	74.996	155.335
258.131	75.587	155.349
258.384	75.979	155.385
258.596	76.137	155.356
258.526	76.102	155.299
258.434	76.029	155.243
258.455	75.961	155.214
258.481	75.839	155.186
258.396	75.675	155.169
258.340	75.438	155.151
258.364	75.220	155.162
258.327	74.940	155.166
258.302	74.611	155.186
258.317	74.254	155.191
258.343	73.873	155.182
258.378	73.494	155.186
258.394	73.122	155.185
258.419	72.763	155.190
258.456	72.448	155.170
258.504	72.210	155.129
258.490	71.998	155.115
258.484	71.818	155.077
258.505	71.690	155.053
258.519	71.638	155.044
258.516	71.640	155.049
258.498	71.678	155.055
258.485	71.750	155.068
258.491	71.865	155.100
258.439	72.050	155.132
258.376	72.289	155.158
258.361	72.613	155.201
258.325	72.992	155.221
258.279	73.444	155.255
258.231	73.954	155.292
258.199	74.529	155.324
258.161	75.107	155.341
258.124	75.709	155.347
258.444	76.032	155.387
258.583	76.135	155.337
258.499	76.083	155.290
258.415	76.021	155.236
258.472	75.925	155.199
258.466	75.803	155.178
258.377	75.618	155.159
258.337	75.391	155.156
258.358	75.154	155.168
258.318	74.866	155.175
258.295	74.536	155.191
258.315	74.175	155.187
258.346	73.783	155.181
258.378	73.412	155.189
258.400	73.045	155.192
258.418	72.692	155.193
258.471	72.399	155.164
258.502	72.172	155.137
258.488	71.964	155.110
258.487	71.789	155.070
258.502	71.690	155.055
258.522	71.642	155.042
258.508	71.652	155.046
258.482	71.687	155.053
258.509	71.763	155.074
258.477	71.881	155.103
258.417	72.074	155.133
258.371	72.328	155.164
258.352	72.653	155.202
258.324	73.026	155.223
258.272	73.506	155.261
258.242	74.020	155.288
258.211	74.575	155.317
258.151	75.187	155.342
258.152	75.781	155.347
258.496	76.068	155.383
258.580	76.147	155.338
258.484	76.070	155.276
258.409	76.011	155.231
258.483	75.921	155.203
258.455	75.788	155.181
258.365	75.602	155.166
258.347	75.362	155.151
258.355	75.135	155.158
258.314	74.850	155.175
258.303	74.516	155.188
258.323	74.158	155.190
258.352	73.775	155.180
258.376	73.400	155.190
258.402	73.028	155.195
258.421	72.688	155.196
258.475	72.402	155.165
258.502	72.173	155.127
258.482	71.969	155.106
258.488	71.807	155.075
258.506	71.703	155.057
258.523	71.653	155.039
258.508	71.659	155.049
258.482	71.707	155.067
258.504	71.778	155.085
258.478	71.891	155.104
258.412	72.083	155.137
258.371	72.326	155.163
258.355	72.647	155.202
258.328	73.026	155.222
258.272	73.486	155.258
258.232	73.992	155.286
258.195	74.548	155.314
258.156	75.125	155.333
258.130	75.715	155.337
258.443	76.013	155.370
258.569	76.130	155.337
258.492	76.079	155.275
258.419	76.018	155.225
258.453	75.935	155.201
258.461	75.792	155.172
258.371	75.608	155.168
258.335	75.356	155.162
258.355	75.116	155.156
258.322	74.823	155.182
258.313	74.493	155.196
258.328	74.122	155.187
258.358	73.742	155.193
258.391	73.367	155.186
258.411	72.991	155.196
258.434	72.650	155.194
258.485	72.352	155.167
258.515	72.116	155.126
258.499	71.904	155.103
258.498	71.731	155.071
258.509	71.633	155.051
258.535	71.605	155.053
258.511	71.614	155.048
258.490	71.665	155.052
258.504	71.756	155.085
258.483	71.881	155.113
258.416	72.086	155.137
258.369	72.353	155.166
258.354	72.703	155.209
258.317	73.100	155.233
258.263	73.577	155.267
258.246	74.119	155.299
258.203	74.696	155.330
258.142	75.306	155.345
258.205	75.869	155.363
258.557	76.102	155.388
258.582	76.130	155.330
258.467	76.058	155.266
258.426	75.996	155.222
258.498	75.891	155.200
258.439	75.756	155.171
258.348	75.548	155.156
258.357	75.327	155.149
258.343	75.080	155.154
258.305	74.788	155.174
258.303	74.448	155.195
258.317	74.086	155.184
258.360	73.702	155.196
258.387	73.327	155.197
258.408	72.956	155.189
258.429	72.614	155.193
258.490	72.359	155.163
258.488	72.133	155.131
258.482	71.934	155.089
258.489	71.784	155.067
258.515	71.693	155.048
258.522	71.663	155.047
258.501	71.669	155.041
258.470	71.724	155.063
258.503	71.802	155.086
258.472	71.932	155.109
258.404	72.128	155.136
258.368	72.389	155.171
258.353	72.713	155.212
258.315	73.085	155.229
258.264	73.543	155.261
258.233	74.055	155.286
258.188	74.604	155.317
258.158	75.168	155.322
258.136	75.735	155.333
258.447	76.011	155.367
258.551	76.130	155.327
258.480	76.073	155.275
258.410	76.012	155.225
258.450	75.930	155.196
258.447	75.780	155.174
258.364	75.593	155.166
258.328	75.341	155.159
258.346	75.096	155.163
258.319	74.792	155.171
258.304	74.465	155.197
258.319	74.082	155.191
258.360	73.696	155.182
258.397	73.319	155.184
258.412	72.951	155.184
258.435	72.606	155.187
258.484	72.309	155.160
258.514	72.065	155.128
258.493	71.862	155.098
258.494	71.691	155.064
258.518	71.592	155.050
258.531	71.565	155.044
258.511	71.592	155.048
258.483	71.631	155.057
258.515	71.732	155.079
258.476	71.868	155.110
258.412	72.082	155.141
258.366	72.360	155.170
258.351	72.710	155.211
258.315	73.123	155.236
258.264	73.628	155.272
258.243	74.195	155.307
258.190	74.783	155.329
258.130	75.425	155.348
258.301	75.944	155.382
258.606	76.152	155.396
258.571	76.123	155.320
258.453	76.038	155.260
258.464	75.976	155.218
258.504	75.866	155.197
258.427	75.716	155.172
258.346	75.505	155.149
258.366	75.306	155.155
258.339	75.054	155.160
258.303	74.746	155.170
258.308	74.417	155.192
258.320	74.052	155.183
258.355	73.672	155.188
258.382	73.285	155.178
258.404	72.936	155.189
258.439	72.608	155.183
258.494	72.368	155.154
258.481	72.137	155.124
258.476	71.945	155.090
258.493	71.806	155.061
258.509	71.719	155.049
258.518	71.690	155.042
258.503	71.709	155.052
258.469	71.753	155.065
258.509	71.842	155.087
258.457	71.968	155.110
258.401	72.167	155.152
258.373	72.420	155.173
258.354	72.739	155.214
258.310	73.109	155.228
258.272	73.550	155.246
258.236	74.050	155.274
258.195	74.594	155.312
258.159	75.153	155.318
258.124	75.704	155.321
258.433	75.983	155.357
258.546	76.117	155.319
258.481	76.081	155.275
258.411	76.017	155.219
258.419	75.933	155.194
258.445	75.782	155.175
258.365	75.599	155.166
258.326	75.330	155.163
258.357	75.083	155.158
258.329	74.786	155.177
258.311	74.440	155.193
258.339	74.070	155.198
258.364	73.676	155.195
258.404	73.292	155.183
258.422	72.932	155.196
258.445	72.573	155.184
258.488	72.283	155.153
258.520	72.047	155.131
258.501	71.830	155.094
258.496	71.674	155.072
258.525	71.571	155.051
258.540	71.541	155.044
258.514	71.564	155.048
258.490	71.609	155.062
258.517	71.697	155.081
258.476	71.839	155.109
258.405	72.050	155.136
258.379	72.332	155.169
258.354	72.697	155.205
258.307	73.135	155.234
258.262	73.646	155.264
258.225	74.255	155.308
258.188	74.863	155.331
258.126	75.551	155.358
258.379	76.017	155.404
258.641	76.173	155.387
258.562	76.104	155.320
258.449	76.043	155.271
258.515	75.971	155.219
258.535	75.881	155.198
258.442	75.732	155.173
258.369	75.532	155.165
258.358	75.320	155.158
258.336	75.047	155.168
258.304	74.734	155.174
258.307	74.385	155.200
258.318	74.012	155.180
258.353	73.625	155.185
258.372	73.237	155.188
258.402	72.874	155.196
258.438	72.542	155.183
258.486	72.305	155.153
258.487	72.073	155.119
258.480	71.884	155.090
258.499	71.753	155.061
258.517	71.685	155.052
258.516	71.667	155.046
258.500	71.690	155.051
258.478	71.752	155.075
258.507	71.846	155.088
258.451	71.999	155.112
258.390	72.222	155.153
258.364	72.512	155.193
258.341	72.863	155.215
258.285	73.283	155.252
258.249	73.775	155.273
258.232	74.311	155.311
258.171	74.887	155.327
258.130	75.477	155.343
258.302	75.932	155.374
258.557	76.120	155.372
258.527	76.106	155.306
258.445	76.043	155.252
258.419	75.981	155.215
258.481	75.859	155.180
258.404	75.700	155.168
258.331	75.474	155.161
258.344	75.240	155.155
258.333	74.975	155.169
258.293	74.658	155.181
258.311	74.299	155.194
258.327	73.919	155.180
258.374	73.549	155.204
258.405	73.158	155.189
258.418	72.812	155.191
258.439	72.474	155.175
258.509	72.234	155.144
258.500	72.009	155.127
258.491	71.816	155.087
258.506	71.682	155.064
258.521	71.619	155.054
258.533	71.607	155.041
258.504	71.638	155.049
258.478	71.711	155.064
258.501	71.826	155.090
258.449	71.993	155.122
258.386	72.228	155.151
258.358	72.540	155.196
258.337	72.906	155.226
258.287	73.347	155.252
258.240	73.849	155.283
258.226	74.409	155.317
258.167	75.010	155.336
258.125	75.616	155.350
258.413	76.007	155.391
258.607	76.141	155.352
258.521	76.089	155.300
258.430	76.030	155.250
258.473	75.955	155.211
258.494	75.834	155.184
258.397	75.667	155.169
258.334	75.440	155.150
258.350	75.206	155.160
258.321	74.925	155.167
258.293	74.596	155.185
258.309	74.233	155.191
258.337	73.855	155.181
258.372	73.462	155.186
258.398	73.095	155.186
258.420	72.732	155.194
258.461	72.425	155.178
258.508	72.168	155.142
258.498	71.956	155.114
258.492	71.782	155.085
258.508	71.653	155.057
258.533	71.597	155.049
258.527	71.598	155.044
258.502	71.639	155.053
258.504	71.723	155.074
258.512	71.841	155.097
258.444	72.021	155.121
258.383	72.283	155.159
258.366	72.615	155.209
258.342	72.992	155.229
258.282	73.465	155.255
258.243	73.996	155.303
258.206	74.563	155.327
258.158	75.170	155.343
258.145	75.775	155.376
258.502	76.063	155.401
258.594	76.139	155.342
258.495	76.066	155.292
258.411	75.996	155.233
258.498	75.923	155.206
258.469	75.786	155.175
258.376	75.608	155.162
258.343	75.381	155.156
258.354	75.141	155.163
258.313	74.861	155.174
258.299	74.533	155.190
258.313	74.174	155.188
258.346	73.786	155.188
258.374	73.405	155.194
258.402	73.043	155.196
258.419	72.703	155.201
258.479	72.415	155.168
258.495	72.183	155.136
258.486	71.980	155.105
258.487	71.817	155.077
258.503	71.711	155.057
258.517	71.677	155.042
258.509	71.675	155.038
258.483	71.719	155.059
258.508	71.787	155.071
258.481	71.905	155.096
258.409	72.085	155.130
258.373	72.335	155.160
258.351	72.644	155.203
258.312	73.025	155.227
258.270	73.473	155.257
258.229	73.985	155.283
258.203	74.538	155.328
258.149	75.122	155.334
258.135	75.706	155.339
258.435	76.016	155.382
258.574	76.135	155.339
258.498	76.082	155.284
258.419	76.020	155.229
258.453	75.934	155.203
258.459	75.785	155.180
258.373	75.607	155.171
258.332	75.359	155.147
258.360	75.124	155.159
258.325	74.833	155.179
258.303	74.502	155.193
258.320	74.136	155.196
258.352	73.743	155.180
258.380	73.368	155.190
258.408	73.000	155.188
258.429	72.644	155.191
258.476	72.350	155.171
258.511	72.110	155.138
258.489	71.903	155.105
258.494	71.741	155.075
258.510	71.624	155.047
258.530	71.599	155.044
258.512	71.604	155.042
258.487	71.658	155.060
258.505	71.741	155.075
258.486	71.881	155.104
258.411	72.101	155.136
258.364	72.370	155.172
258.346	72.726	155.208
258.311	73.131	155.229
258.263	73.635	155.278
258.239	74.199	155.316
258.183	74.790	155.342
258.131	75.420	155.360
258.287	75.940	155.395
258.597	76.145	155.391
258.571	76.130	155.343
258.461	76.039	155.268
258.452	75.963	155.219
258.509	75.870	155.201
258.439	75.722	155.176
258.349	75.515	155.159
258.370	75.316	155.155
258.343	75.058	155.165
258.302	74.754	155.184
258.307	74.416	155.189
258.317	74.048	155.180
258.360	73.665	155.179
258.380	73.302	155.195
258.407	72.936	155.203
258.441	72.608	155.189
258.497	72.363	155.156
258.487	72.133	155.123
258.481	71.943	155.088
258.499	71.801	155.074
258.514	71.720	155.057
258.521	71.692	155.044
258.506	71.713	155.054
258.472	71.742	155.062
258.513	71.835	155.083
258.463	71.966	155.116
258.407	72.160	155.141
258.368	72.424	155.183
258.351	72.761	155.216
258.304	73.142	155.232
258.270	73.596	155.261
258.236	74.118	155.295
258.196	74.664	155.326
258.150	75.242	155.334
258.169	75.797	155.351
258.494	76.038	155.378
258.561	76.125	155.328
258.469	76.057	155.263
258.403	76.002	155.228
258.458	75.906	155.189
258.451	75.767	155.177
258.354	75.557	155.164
258.331	75.300	155.156
258.350	75.053	155.160
258.320	74.743	155.181
258.316	74.414	155.195
258.332	74.033	155.195
258.359	73.654	155.196
258.397	73.263	155.186
258.422	72.916	155.198
258.432	72.555	155.180
258.497	72.283	155.151
258.509	72.050	155.126
258.493	71.850	155.097
258.503	71.697	155.065
258.517	71.601	155.055
258.535	71.584	155.044
258.507	71.611	155.049
258.474	71.666	155.061
258.515	71.756	155.084
258.468	71.899	155.117
258.400	72.130	155.143
258.359	72.417	155.181
258.349	72.779	155.216
258.302	73.201	155.240
258.250	73.706	155.275
258.219	74.275	155.305
258.188	74.869	155.331
258.128	75.499	155.354
258.333	75.976	155.392
258.611	76.146	155.374
258.548	76.104	155.320
258.441	76.032	155.255
258.455	75.960	155.213
258.501	75.848	155.189
258.416	75.690	155.166
258.342	75.475	155.152
258.359	75.264	155.149
258.331	75.008	155.164
258.298	74.695	155.178
258.307	74.350	155.186
258.321	73.988	155.185
258.363	73.610	155.190
258.382	73.238	155.190
258.402	72.883	155.189
258.445	72.572	155.183
258.492	72.328	155.157
258.476	72.109	155.120
258.474	71.926	155.088
258.490	71.789	155.057
258.513	71.733	155.047
258.513	71.709	155.040
258.491	71.737	155.047
258.468	71.793	155.067
258.504	71.886	155.090
258.452	72.023	155.117
258.390	72.240	155.146
258.357	72.532	155.196
258.339	72.871	155.212
258.292	73.273	155.245
258.255	73.737	155.274
258.226	74.257	155.301
258.167	74.804	155.322
258.140	75.374	155.334
258.225	75.858	155.348
258.517	76.072	155.366
258.526	76.108	155.307
258.444	76.046	155.255
258.394	75.980	155.214
258.448	75.891	155.188
258.416	75.725	155.177
258.337	75.498	155.159
258.332	75.242	155.156
258.333	74.987	155.172
258.312	74.669	155.186
258.312	74.306	155.192
258.331	73.934	155.189
258.367	73.546	155.198
258.402	73.168	155.188
258.423	72.814	155.190
258.441	72.471	155.180
258.504	72.207	155.146
258.510	71.983	155.119
258.500	71.787	155.096
258.500	71.645	155.056
258.529	71.575	155.056
258.531	71.565	155.043
258.511	71.605	155.057
258.479	71.667	155.068
258.511	71.771	155.090
258.459	71.947	155.114
258.389	72.195	155.149
258.362	72.509	155.189
258.340	72.895	155.219
258.289	73.349	155.244
258.238	73.899	155.293
258.229	74.481	155.333
258.154	75.118	155.352
258.144	75.759	155.373
258.508	76.083	155.408
258.621	76.145	155.361
258.515	76.070	155.300
258.426	76.010	155.250
258.524	75.925	155.214
258.484	75.803	155.182
258.394	75.635	155.168
258.353	75.419	155.157
258.358	75.201	155.150
258.318	74.919	155.173
258.294	74.597	155.191
258.306	74.232	155.184
258.341	73.856	155.186
258.370	73.477	155.198
258.386	73.098	155.191
258.409	72.759	155.202
258.466	72.466	155.184
258.493	72.230	155.139
258.489	72.013	155.106
258.489	71.854	155.082
258.509	71.741	155.064
258.519	71.691	155.049
258.509	71.680	155.041
258.488	71.704	155.047
258.504	71.791	155.080
258.493	71.888	155.096
258.429	72.057	155.125
258.378	72.297	155.158
258.364	72.601	155.200
258.335	72.969	155.222
258.283	73.396	155.256
258.233	73.900	155.290
258.207	74.441	155.311
258.170	75.005	155.325
258.125	75.595	155.344
258.370	75.956	155.377
258.564	76.110	155.352
258.500	76.083	155.292
258.432	76.031	155.239
258.433	75.948	155.205
258.471	75.819	155.182
258.391	75.645	155.167
258.327	75.400	155.153
258.353	75.156	155.159
258.332	74.880	155.176
258.304	74.552	155.191
258.320	74.186	155.191
258.348	73.806	155.184
258.383	73.431	155.183
258.406	73.060	155.189
258.427	72.713	155.189
258.464	72.397	155.169
258.517	72.146	155.137
258.493	71.934	155.109
258.493	71.751	155.078
258.507	71.628	155.049
258.523	71.586	155.049
258.517	71.590	155.044
258.491	71.626	155.052
258.498	71.701	155.073
258.490	71.829	155.092
258.429	72.015	155.125
258.376	72.285	155.167
258.356	72.626	155.203
258.322	73.022	155.227
258.265	73.512	155.257
258.236	74.064	155.296
258.199	74.659	155.333
258.143	75.291	155.350
258.210	75.889	155.373
258.574	76.130	155.409
258.594	76.128	155.342
258.480	76.060	155.280
258.441	75.990	155.231
258.523	75.898	155.209
258.456	75.761	155.176
258.368	75.569	155.176
258.359	75.360	155.159
258.345	75.115	155.160
258.303	74.825	155.178
258.297	74.490	155.189
258.304	74.132	155.184
258.352	73.752	155.192
258.376	73.371	155.190
258.398	73.002	155.197
258.424	72.669	155.190
258.481	72.410	155.171
258.488	72.176	155.129
258.482	71.973	155.095
258.492	71.827	155.075
258.509	71.729	155.048
258.522	71.711	155.052
258.499	71.712	155.035
258.475	71.762	155.066
258.507	71.837	155.083
258.478	71.968	155.111
258.410	72.155	155.137
258.366	72.411	155.182
258.346	72.732	155.202
258.311	73.131	155.235
258.272	73.585	155.266
258.233	74.101	155.306
258.193	74.642	155.329
258.148	75.214	155.338
258.145	75.781	155.358
258.482	76.024	155.373
258.554	76.120	155.334
258.470	76.064	155.276
258.409	76.002	155.224
258.455	75.908	155.199
258.449	75.767	155.174
258.366	75.575	155.169
258.322	75.314	155.156
258.347	75.056	155.149
258.319	74.765	155.181
258.310	74.411	155.187
258.322	74.046	155.192
258.360	73.652	155.188
258.392	73.270	155.192
258.419	72.907	155.193
258.437	72.554	155.183
258.484	72.273	155.166
258.511	72.048	155.140
258.499	71.835	155.108
258.504	71.675	155.068
258.523	71.580	155.056
258.536	71.571	155.043
258.515	71.587	155.044
258.478	71.653	155.066
258.513	71.757	155.090
258.468	71.911	155.100
258.407	72.144	155.140
258.366	72.446	155.180
258.352	72.829	155.217
258.295	73.287	155.250
258.247	73.827	155.295
258.234	74.417	155.330
258.165	75.049	155.361
258.139	75.717	155.384
258.483	76.074	155.423
258.636	76.158	155.385
258.534	76.083	155.313
258.432	76.011	155.253
258.533	75.934	155.224
258.516	75.838	155.194
258.420	75.681	155.172
258.356	75.467	155.161
258.352	75.248	155.158
258.320	74.973	155.163
258.295	74.655	155.188
258.299	74.300	155.187
258.315	73.927	155.192
258.354	73.533	155.187
258.375	73.154	155.192
258.398	72.806	155.211
258.449	72.498	155.191
258.486	72.257	155.150
258.479	72.036	155.114
258.482	71.863	155.094
258.501	71.735	155.064
258.522	71.678	155.051
258.518	71.660	155.037
258.496	71.704	155.048
258.495	71.764	155.064
258.497	71.878	155.094
258.434	72.028	155.110
258.384	72.282	155.160
258.361	72.584	155.200
258.336	72.944	155.219
258.283	73.392	155.258
258.235	73.900	155.287
258.202	74.455	155.329
258.170	75.037	155.347
258.133	75.621	155.356
258.398	75.982	155.392
258.578	76.126	155.366
258.506	76.073	155.301
258.422	76.009	155.238
258.453	75.926	155.207
258.471	75.805	155.178
258.384	75.632	155.171
258.331	75.388	155.152
258.357	75.155	155.156
258.324	74.873	155.170
258.298	74.544	155.189
258.314	74.185	155.197
258.345	73.800	155.192
258.386	73.412	155.195
258.406	73.041	155.197
258.425	72.689	155.193
258.465	72.382	155.177
258.514	72.138	155.136
258.498	71.918	155.120
258.500	71.749	155.089
258.515	71.626	155.065
258.534	71.574	155.048
258.524	71.592	155.047
258.498	71.629	155.049
258.508	71.717	155.071
258.496	71.838	155.098
258.425	72.045	155.131
258.373	72.319	155.168
258.349	72.675	155.207
258.315	73.063	155.222
258.263	73.563	155.265
258.237	74.136	155.309
258.188	74.736	155.345
258.134	75.381	155.371
258.264	75.928	155.402
258.602	76.147	155.409
258.592	76.117	155.345
258.471	76.046	155.282
258.458	75.968	155.234
258.532	75.875	155.208
258.454	75.743	155.178
258.366	75.548	155.158
258.363	75.333	155.151
258.342	75.084	155.154
258.302	74.783	155.177
258.295	74.441	155.191
258.309	74.076	155.180
258.348	73.696	155.188
258.369	73.322	155.200
258.402	72.961	155.199
258.424	72.612	155.198
258.481	72.362	155.162
258.477	72.134	155.134
258.474	71.940	155.104
258.489	71.790	155.072
258.514	71.700	155.059
258.524	71.671	155.047
258.504	71.673	155.042
258.474	71.729	155.060
258.503	71.814	155.071
258.462	71.946	155.097
258.404	72.162	155.141
258.367	72.429	155.178
258.345	72.770	155.212
258.301	73.166	155.239
258.260	73.656	155.272
258.222	74.184	155.309
258.178	74.756	155.336
258.140	75.354	155.351
258.230	75.888	155.373
258.552	76.092	155.396
258.555	76.118	155.333
258.460	76.051	155.267
258.417	75.972	155.216
258.490	75.873	155.194
258.426	75.733	155.183
258.340	75.523	155.158
258.353	75.294	155.151
258.340	75.031	155.160
258.304	74.731	155.179
258.307	74.382	155.192
258.322	74.014	155.188
258.365	73.625	155.191
258.393	73.236	155.194
258.414	72.893	155.197
258.436	72.538	155.187
258.508	72.274	155.152
258.509	72.050	155.127
258.495	71.852	155.109
258.503	71.691	155.066
258.526	71.613	155.059
258.535	71.604	155.049
258.510	71.619	155.048
258.482	71.683	155.052
258.513	71.783	155.076
258.464	71.953	155.109
258.399	72.185	155.137
258.366	72.485	155.187
258.346	72.858	155.214
258.291	73.318	155.254
258.242	73.839	155.292
258.238	74.423	155.325
258.173	75.028	155.349
258.123	75.678	155.377
258.460	76.045	155.413
258.626	76.158	155.382
258.530	76.086	155.317
258.434	76.008	155.255
258.501	75.925	155.204
258.507	75.829	155.190
258.402	75.658	155.176
258.347	75.436	155.156
258.356	75.227	155.158
258.323	74.954	155.157
258.293	74.637	155.181
258.308	74.281	155.188
258.324	73.902	155.179
258.360	73.527	155.191
258.385	73.150	155.195
258.403	72.795	155.193
258.454	72.500	155.185
258.498	72.256	155.146
258.484	72.037	155.114
258.489	71.855	155.091
258.511	71.741	155.071
258.517	71.674	155.055
258.520	71.663	155.039
258.499	71.689	155.048
258.490	71.755	155.073
258.499	71.854	155.081
258.446	72.022	155.126
258.388	72.252	155.149
258.364	72.557	155.191
258.336	72.927	155.217
258.280	73.365	155.257
258.246	73.875	155.282
258.229	74.435	155.328
258.169	75.021	155.349
258.124	75.631	155.357
258.417	75.995	155.397
258.596	76.127	155.358
258.514	76.078	155.295
258.420	76.019	155.245
258.457	75.943	155.209
258.479	75.822	155.185
258.393	75.655	155.170
258.331	75.415	155.158
258.344	75.196	155.158
258.320	74.911	155.168
258.296	74.579	155.180
258.305	74.220	155.192
258.336	73.842	155.183
258.374	73.456	155.187
258.393	73.085	155.191
258.414	72.740	155.197
258.452	72.400	155.164
258.504	72.161	155.143
258.496	71.943	155.115
258.490	71.760	155.088
258.503	71.632	155.062
258.525	71.578	155.048
258.522	71.584	155.046
258.499	71.620	155.045
258.500	71.706	155.071
258.494	71.825	155.089
258.433	72.023	155.122
258.378	72.284	155.149
258.353	72.636	155.200
258.315	73.023	155.217
258.262	73.516	155.263
258.238	74.065	155.305
258.204	74.671	155.343
258.135	75.314	155.365
258.234	75.899	155.390
258.589	76.137	155.405
258.589	76.125	155.345
258.474	76.050	155.278
258.467	75.983	155.236
258.526	75.885	155.206
258.459	75.754	155.176
258.372	75.573	155.165
258.355	75.363	155.156
258.336	75.120	155.153
258.298	74.821	155.168
258.293	74.494	155.182
258.312	74.135	155.186
258.344	73.752	155.176
258.375	73.381	155.195
258.392	73.008	155.195
258.420	72.654	155.192
258.481	72.394	155.170
258.485	72.157	155.134
258.478	71.952	155.106
258.494	71.796	155.074
258.506	71.696	155.047
258.522	71.659	155.045
258.504	71.671	155.045
258.483	71.718	155.063
258.503	71.797	155.082
258.478	71.933	155.100
258.410	72.130	155.130
258.368	72.387	155.165
258.353	72.736	155.206
258.306	73.117	155.229
258.267	73.594	155.264
258.244	74.123	155.306
258.195	74.694	155.338
258.151	75.293	155.351
258.203	75.855	155.375
258.549	76.082	155.397
258.574	76.120	155.335
258.473	76.047	155.264
258.419	75.991	155.219
258.496	75.893	155.196
258.446	75.742	155.166
258.356	75.548	155.166
258.336	75.312	155.154
258.340	75.067	155.152
258.307	74.766	155.183
258.305	74.416	155.191
258.316	74.047	155.188
258.360	73.666	155.197
258.385	73.280	155.184
258.413	72.927	155.192
258.430	72.576	155.196
258.491	72.294	155.157
258.508	72.070	155.130
258.495	71.861	155.096
258.500	71.706	155.072
258.521	71.619	155.053
258.529	71.587	155.045
258.513	71.613	155.042
258.487	71.681	155.063
258.511	71.773	155.083
258.471	71.923	155.110
258.405	72.148	155.131
258.364	72.435	155.180
258.350	72.793	155.214
258.300	73.216	155.248
258.248	73.732	155.279
258.239	74.299	155.315
258.174	74.879	155.338
258.137	75.505	155.362
258.344	75.975	155.404
258.607	76.141	155.380
258.553	76.098	155.324
258.442	76.028	155.250
258.460	75.950	155.216
258.504	75.838	155.186
258.420	75.676	155.162
258.344	75.453	155.151
258.370	75.250	155.150
258.332	74.987	155.154
258.303	74.672	155.176
258.312	74.331	155.188
258.325	73.962	155.180
258.366	73.590	155.197
258.389	73.218	155.195
258.409	72.865	155.199
258.447	72.544	155.192
258.499	72.317	155.154
258.479	72.093	155.116
258.475	71.916	155.085
258.497	71.792	155.065
258.513	71.724	155.055
258.514	71.716	155.046
258.489	71.737	155.052
258.467	71.794	155.063
258.504	71.884	155.090
258.447	72.038	155.117
258.388	72.249	155.147
258.355	72.537	155.199
258.339	72.880	155.214
258.293	73.286	155.240
258.250	73.760	155.278
258.220	74.277	155.305
258.183	74.816	155.324
258.137	75.380	155.338
258.229	75.868	155.355
258.526	76.060	155.363
258.529	76.109	155.317
258.443	76.038	155.254
258.387	75.980	155.221
258.450	75.870	155.183
258.419	75.719	155.165
258.335	75.494	155.162
258.325	75.223	155.149
258.331	74.957	155.158
258.301	74.631	155.191
258.311	74.260	155.190
258.331	73.872	155.186
258.369	73.483	155.198
258.401	73.111	155.198
258.426	72.748	155.196
258.439	72.403	155.187
258.510	72.143	155.155
258.514	71.912	155.117
258.500	71.728	155.094
258.514	71.603	155.070
258.529	71.537	155.053
258.539	71.534	155.041
258.501	71.569	155.059
258.495	71.640	155.063
258.505	71.750	155.087
258.450	71.944	155.117
258.389	72.203	155.153
258.369	72.544	155.189
258.331	72.961	155.215
258.274	73.468	155.264
258.234	74.054	155.306
258.207	74.684	155.354
258.139	75.366	155.375
258.280	75.952	155.413
258.643	76.170	155.424
258.604	76.122	155.361
258.486	76.044	155.289
258.511	75.985	155.246
258.572	75.908	155.212
258.499	75.785	155.187
258.406	75.609	155.160
258.360	75.389	155.148
258.352	75.155	155.153
258.310	74.874	155.165
258.292	74.545	155.186
258.307	74.183	155.176
258.335	73.799	155.169
258.357	73.425	155.191
258.382	73.055	155.201
258.415	72.718	155.197
258.470	72.459	155.176
258.469	72.217	155.138
258.473	72.006	155.096
258.489	71.857	155.084
258.509	71.756	155.058
258.521	71.717	155.044
258.507	71.724	155.048
258.478	71.772	155.058
258.509	71.842	155.076
258.477	71.961	155.101
258.417	72.146	155.133
258.371	72.390	155.167
258.354	72.705	155.205
258.329	73.066	155.228
258.279	73.499	155.261
258.237	73.992	155.293
258.203	74.525	155.327
258.169	75.065	155.337
258.128	75.620	155.342
258.382	75.943	155.374
258.532	76.086	155.338
258.483	76.077	155.283
258.426	76.010	155.235
258.407	75.930	155.201
258.440	75.787	155.184
258.373	75.608	155.167
258.316	75.349	155.151
258.345	75.107	155.156
258.321	74.805	155.162
258.307	74.466	155.195
258.323	74.098	155.188
258.359	73.705	155.192
258.392	73.323	155.189
258.416	72.950	155.191
258.443	72.597	155.189
258.472	72.282	155.173
258.528	72.044	155.138
258.511	71.828	155.110
258.509	71.669	155.074
258.527	71.558	155.057
258.539	71.541	155.053
258.524	71.552	155.048
258.491	71.593	155.056
258.510	71.684	155.070
258.482	71.832	155.102
258.416	72.052	155.130
258.364	72.347	155.163
258.350	72.723	155.210
258.309	73.161	155.232
258.247	73.695	155.282
258.224	74.308	155.324
258.167	74.947	155.350
258.149	75.621	155.386
258.437	76.060	155.428
258.651	76.176	155.396
258.549	76.092	155.337
258.453	76.024	155.265
258.551	75.952	155.223
258.537	75.871	155.206
258.453	75.713	155.175
258.368	75.518	155.164
258.359	75.309	155.146
258.332	75.044	155.149
258.292	74.733	155.168
258.295	74.399	155.185
258.312	74.041	155.184
258.345	73.656	155.187
258.369	73.273	155.186
258.391	72.917	155.204
258.432	72.606	155.191
258.473	72.360	155.154
258.467	72.135	155.123
258.472	71.946	155.097
258.489	71.826	155.068
258.507	71.750	155.051
258.509	71.724	155.044
258.491	71.746	155.039
258.475	71.798	155.061
258.504	71.886	155.084
258.448	72.029	155.110
258.394	72.231	155.144
258.361	72.503	155.180
258.344	72.830	155.210
258.298	73.216	155.245
258.259	73.669	155.275
258.226	74.167	155.304
258.190	74.691	155.329
258.147	75.238	155.331
258.148	75.757	155.344
258.453	75.992	155.363
258.518	76.102	155.319
258.448	76.053	155.267
258.402	75.997	155.218
258.407	75.895	155.190
258.416	75.741	155.160
258.346	75.544	155.161
258.313	75.268	155.152
258.345	75.023	155.157
258.316	74.711	155.190
258.316	74.352	155.204
258.336	73.980	155.192
258.365	73.589	155.192
258.406	73.209	155.186
258.429	72.861	155.192
258.443	72.500	155.186
258.500	72.218	155.152
258.521	71.986	155.129
258.505	71.798	155.099
258.504	71.642	155.073
258.527	71.557	155.043
258.539	71.546	155.052
258.512	71.581	155.049
258.482	71.629	155.066
258.509	71.746	155.089
258.468	71.898	155.107
258.393	72.133	155.135
258.360	72.446	155.177
258.347	72.828	155.213
258.294	73.283	155.255
258.252	73.825	155.283
258.241	74.428	155.326
258.171	75.051	155.349
258.134	75.727	155.377
258.503	76.076	155.420
258.640	76.156	155.378
258.529	76.069	155.312
258.442	76.012	155.250
258.550	75.940	155.223
258.514	75.842	155.192
258.428	75.690	155.177
258.358	75.483	155.164
258.349	75.247	155.153
258.318	74.966	155.157
258.292	74.641	155.176
258.304	74.282	155.185
258.323	73.903	155.183
258.350	73.518	155.190
258.372	73.146	155.197
258.399	72.785	155.201
258.442	72.472	155.183
258.485	72.239	155.144
258.475	72.028	155.114
258.485	71.859	155.087
258.504	71.744	155.054
258.523	71.692	155.049
258.518	71.689	155.044
258.491	71.715	155.050
258.496	71.785	155.075
258.506	71.877	155.093
258.443	72.053	155.124
258.386	72.285	155.148
258.364	72.581	155.197
258.334	72.925	155.218
258.280	73.366	155.249
258.242	73.859	155.277
258.217	74.392	155.312
258.170	74.947	155.336
258.131	75.525	155.345
258.344	75.951	155.379
258.560	76.104	155.366
258.519	76.085	155.307
258.432	76.025	155.246
258.424	75.963	155.213
258.479	75.847	155.183
258.406	75.679	155.166
258.325	75.446	155.161
258.340	75.191	155.147
258.323	74.919	155.160
258.303	74.597	155.185
258.317	74.244	155.191
258.339	73.856	155.193
258.377	73.480	155.194
258.410	73.109	155.192
258.423	72.755	155.192
258.454	72.426	155.183
258.508	72.172	155.141
258.499	71.957	155.115
258.488	71.772	155.084
258.505	71.653	155.057
258.524	71.595	155.051
258.527	71.595	155.039
258.495	71.635	155.048
258.474	71.721	155.064
258.494	71.842	155.096
258.436	72.034	155.126
258.380	72.291	155.161
258.355	72.611	155.197
258.318	72.994	155.219
258.269	73.484	155.257
258.234	74.009	155.303
258.207	74.588	155.335
258.152	75.201	155.346
258.163	75.809	155.373
258.526	76.071	155.402
258.596	76.125	155.343
258.490	76.047	155.283
258.419	75.992	155.237
258.506	75.892	155.204
258.460	75.768	155.176
258.367	75.576	155.162
258.349	75.353	155.153
258.349	75.127	155.159
258.313	74.840	155.174
258.302	74.517	155.186
258.313	74.157	155.188
258.338	73.773	155.177
258.369	73.395	155.187
258.395	73.041	155.192
258.410	72.697	155.190
258.469	72.430	155.170
258.487	72.214	155.131
258.477	72.020	155.099
258.485	71.868	155.069
258.501	71.778	155.050
258.516	71.751	155.049
258.499	71.751	155.037
258.479	71.793	155.053
258.493	71.867	155.078
258.478	71.983	155.103
258.416	72.159	155.134
258.366	72.383	155.168
258.351	72.693	155.205
258.306	73.045	155.220
258.275	73.469	155.254
258.236	73.943	155.283
258.203	74.455	155.314
258.163	74.978	155.319
258.134	75.523	155.334
258.314	75.905	155.343
258.521	76.054	155.335
258.485	76.079	155.287
258.421	76.034	155.246
258.392	75.954	155.199
258.429	75.828	155.178
258.385	75.650	155.168
258.314	75.383	155.146
258.342	75.133	155.162
258.331	74.855	155.180
258.315	74.515	155.194
258.322	74.139	155.186
258.352	73.750	155.185
258.388	73.369	155.196
258.424	72.988	155.194
258.441	72.648	155.190
258.456	72.309	155.155
258.523	72.079	155.137
258.515	71.864	155.111
258.504	71.700	155.081
258.512	71.591	155.060
258.529	71.556	155.051
258.522	71.569	155.047
258.494	71.614	155.054
258.503	71.712	155.080
258.494	71.839	155.101
258.425	72.045	155.132
258.370	72.324	155.164
258.351	72.671	155.200
258.312	73.091	155.229
258.262	73.589	155.263
258.234	74.164	155.298
258.188	74.770	155.337
258.140	75.414	155.357
258.303	75.944	155.392
258.615	76.148	155.404
258.579	76.107	155.340
258.459	76.041	155.279
258.487	75.966	155.229
258.537	75.882	155.203
258.460	75.748	155.168
258.376	75.544	155.162
258.359	75.325	155.153
258.335	75.063	155.159
258.299	74.755	155.175
258.304	74.412	155.181
258.316	74.051	155.185
258.358	73.656	155.183
258.376	73.281	155.193
258.402	72.912	155.198
258.430	72.584	155.193
258.484	72.330	155.166
258.482	72.116	155.125
258.478	71.927	155.095
258.493	71.804	155.074
258.518	71.717	155.042
258.521	71.700	155.041
258.499	71.727	155.049
258.472	71.787	155.067
258.508	71.867	155.076
258.467	72.009	155.113
258.402	72.203	155.140
258.363	72.477	155.183
258.340	72.808	155.204
258.309	73.180	155.235
258.265	73.636	155.266
258.228	74.139	155.297
258.190	74.669	155.331
258.155	75.216	155.332
258.142	75.747	155.341
258.449	75.988	155.364
258.534	76.092	155.318
258.459	76.059	155.269
258.408	75.992	155.225
258.419	75.908	155.192
258.431	75.757	155.172
258.357	75.567	155.161
258.317	75.279	155.157
258.343	75.033	155.156
258.319	74.732	155.180
258.314	74.375	155.198
258.329	74.012	155.191
258.362	73.626	155.188
258.403	73.243	155.190
258.420	72.886	155.192
258.435	72.538	155.178
258.479	72.246	155.157
258.523	72.014	155.131
258.501	71.819	155.106
258.502	71.663	155.069
258.519	71.567	155.051
258.533	71.558	155.047
258.512	71.579	155.045
258.481	71.629	155.056
258.506	71.733	155.087
258.477	71.878	155.104
258.406	72.097	155.142
258.363	72.393	155.178
258.343	72.752	155.207
258.298	73.175	155.238
258.249	73.683	155.273
258.222	74.256	155.313
258.165	74.866	155.338
258.136	75.500	155.354
258.349	75.978	155.396
258.617	76.143	155.377
258.556	76.095	155.312
258.446	76.014	155.256
258.484	75.941	155.213
258.517	75.848	155.197
258.431	75.708	155.167
258.351	75.491	155.156
258.353	75.282	155.156
258.331	75.026	155.154
258.295	74.728	155.183
258.300	74.378	155.190
258.320	74.012	155.181
258.358	73.635	155.185
258.375	73.249	155.178
258.402	72.899	155.188
258.436	72.570	155.189
258.486	72.327	155.152
258.478	72.101	155.112
258.474	71.907	155.079
258.489	71.778	155.066
258.515	71.706	155.047
258.513	71.686	155.039
258.493	71.703	155.045
258.465	71.759	155.060
258.506	71.847	155.086
258.456	71.985	155.114
258.395	72.198	155.145
258.366	72.472	155.173
258.343	72.814	155.214
258.294	73.216	155.235
258.257	73.692	155.274
258.234	74.215	155.304
258.185	74.773	155.328
258.143	75.346	155.334
258.229	75.854	155.344
258.542	76.061	155.367
258.546	76.101	155.317
258.455	76.039	155.250
258.404	75.976	155.220
258.465	75.866	155.189
258.425	75.715	155.171
258.338	75.493	155.164
258.351	75.257	155.165
258.343	75.006	155.173
258.312	74.694	155.179
258.315	74.352	155.192
258.331	73.988	155.185
258.372	73.604	155.183
258.393	73.238	155.191
258.422	72.878	155.184
258.442	72.536	155.183
258.495	72.269	155.148
258.503	72.038	155.124
258.494	71.838	155.097
258.501	71.689	155.060
258.521	71.600	155.047
258.531	71.588	155.038
258.510	71.605	155.047
258.479	71.669	155.060
258.514	71.769	155.089
258.461	71.926	155.111
258.399	72.165	155.148
258.360	72.469	155.181
258.342	72.845	155.217
258.298	73.296	155.249
258.241	73.816	155.285
258.217	74.411	155.324
258.182	75.014	155.340
258.132	75.667	155.365
258.459	76.038	155.408
258.636	76.142	155.369
258.530	76.076	155.307
258.436	76.008	155.252
258.522	75.936	155.215
258.521	75.831	155.188
258.419	75.669	155.170
258.350	75.446	155.146
258.357	75.232	155.153
258.319	74.950	155.165
258.293	74.623	155.184
258.311	74.273	155.191
258.325	73.888	155.175
258.363	73.509	155.188
258.387	73.129	155.191
258.408	72.784	155.201
258.449	72.461	155.181
258.493	72.232	155.141
258.483	72.019	155.115
258.480	71.848	155.080
258.498	71.723	155.050
258.524	71.679	155.049
258.517	71.676	155.044
258.490	71.700	155.053
258.491	71.778	155.074
258.496	71.879	155.091
258.440	72.052	155.125
258.379	72.297	155.155
258.355	72.615	155.198
258.331	72.982	155.215
258.274	73.453	155.259
258.240	73.967	155.293
258.203	74.528	155.321
258.155	75.124	155.346
258.133	75.724	155.361
258.470	76.023	155.394
258.588	76.119	155.344
258.491	76.060	155.292
258.413	75.998	155.238
258.478	75.901	155.202
258.467	75.777	155.180
258.374	75.598	155.165
258.335	75.364	155.151
258.349	75.125	155.154
258.312	74.840	155.166
258.291	74.506	155.181
258.312	74.141	155.187
258.345	73.766	155.187
258.378	73.380	155.193
258.401	73.011	155.196
258.424	72.665	155.205
258.468	72.369	155.163
258.507	72.141	155.134
258.492	71.918	155.104
258.493	71.757	155.074
258.512	71.646	155.050
258.519	71.612	155.048
258.514	71.627	155.043
258.485	71.680	155.056
258.500	71.771	155.077
258.479	71.891	155.098
258.409	72.097	155.132
258.367	72.367	155.161
258.342	72.713	155.203
258.304	73.115	155.221
258.257	73.605	155.275
258.221	74.160	155.305
258.192	74.742	155.340
258.148	75.355	155.352
258.236	75.905	155.379
258.582	76.117	155.399
258.585	76.110	155.337
258.464	76.030	155.273
258.429	75.967	155.226
258.516	75.866	155.197
258.453	75.724	155.165
258.358	75.521	155.157
258.349	75.294	155.148
258.341	75.042	155.156
258.302	74.725	155.169
258.302	74.376	155.185
258.315	74.006	155.182
258.351	73.617	155.194
258.383	73.240	155.190
258.406	72.887	155.197
258.427	72.543	155.200
258.502	72.279	155.160
258.497	72.046	155.128
258.488	71.853	155.097
258.503	71.714	155.072
258.522	71.630	155.059
258.534	71.622	155.043
258.512	71.647	155.041
258.478	71.715	155.057
258.511	71.830	155.085
258.461	71.985	155.114
258.399	72.217	155.136
258.368	72.537	155.189
258.339	72.911	155.216
258.286	73.365	155.255
258.244	73.883	155.296
258.216	74.455	155.333
258.161	75.075	155.364
258.146	75.685	155.388
258.455	76.032	155.420
258.605	76.140	155.382
258.523	76.071	155.312
258.432	76.001	155.258
258.499	75.917	155.218
258.490	75.792	155.184
258.396	75.630	155.169
258.350	75.410	155.150
258.356	75.196	155.147
258.325	74.908	155.159
258.301	74.589	155.178
258.311	74.240	155.190
258.341	73.858	155.185
258.364	73.484	155.188
258.387	73.113	155.196
258.417	72.759	155.198
258.468	72.463	155.183
258.489	72.235	155.143
258.489	72.024	155.113
258.485	71.860	155.083
258.513	71.755	155.067
258.519	71.705	155.051
258.514	71.698	155.047
258.491	71.732	155.061
258.489	71.798	155.071
258.501	71.911	155.091
258.433	72.064	155.115
258.385	72.301	155.149
258.355	72.600	155.192
258.331	72.961	155.214
258.286	73.386	155.255
258.251	73.873	155.287
258.217	74.390	155.313
258.168	74.936	155.330
258.138	75.503	155.350
258.324	75.909	155.368
258.555	76.083	155.362
258.515	76.082	155.306
258.439	76.021	155.249
258.412	75.947	155.203
258.443	75.817	155.176
258.386	75.637	155.158
258.325	75.393	155.157
258.364	75.164	155.153
258.335	74.902	155.167
258.301	74.578	155.183
258.320	74.231	155.194
258.346	73.844	155.183
258.378	73.469	155.201
258.398	73.094	155.196
258.429	72.750	155.194
258.453	72.415	155.175
258.512	72.176	155.138
258.497	71.954	155.120
258.490	71.761	155.078
258.510	71.644	155.070
258.524	71.583	155.043
258.526	71.590	155.050
258.493	71.616	155.043
258.491	71.689	155.064
258.497	71.802	155.091
258.435	71.974	155.121
258.381	72.216	155.152
258.360	72.537	155.192
258.331	72.918	155.219
258.282	73.369	155.253
258.230	73.897	155.278
258.201	74.473	155.322
258.156	75.088	155.339
258.134	75.717	155.361
258.479	76.045	155.402
258.601	76.141	155.360
258.509	76.065	155.295
258.419	76.001	155.236
258.502	75.919	155.202
258.477	75.789	155.180
258.385	75.620	155.167
258.354	75.385	155.145
258.361	75.175	155.151
258.327	74.893	155.170
258.302	74.577	155.187
258.316	74.224	155.179
258.337	73.844	155.175
258.373	73.464	155.179
258.396	73.097	155.185
258.404	72.752	155.188
258.463	72.469	155.176
258.490	72.235	155.136
258.478	72.032	155.107
258.478	71.861	155.072
258.499	71.757	155.053
258.512	71.709	155.047
258.506	71.704	155.042
258.482	71.737	155.051
258.492	71.799	155.071
258.495	71.903	155.090
258.431	72.069	155.126
258.380	72.300	155.156
258.356	72.599	155.202
258.335	72.950	155.213
258.281	73.382	155.254
258.248	73.859	155.282
258.224	74.376	155.307
258.165	74.929	155.324
258.135	75.489	155.331
258.315	75.910	155.362
258.545	76.076	155.350
258.511	76.085	155.295
258.438	76.020	155.241
258.403	75.958	155.207
258.458	75.837	155.183
258.398	75.665	155.163
258.326	75.426	155.152
258.341	75.163	155.158
258.336	74.894	155.167
258.313	74.567	155.198
258.322	74.205	155.194
258.348	73.818	155.181
258.381	73.432	155.192
258.412	73.053	155.183
258.436	72.710	155.189
258.451	72.377	155.168
258.524	72.114	155.132
258.516	71.899	155.112
258.502	71.719	155.081
258.518	71.591	155.054
258.536	71.543	155.052
258.532	71.545	155.047
258.504	71.584	155.057
258.505	71.669	155.066
258.509	71.787	155.091
258.441	71.971	155.129
258.382	72.247	155.157
258.363	72.584	155.195
258.333	72.995	155.224
258.276	73.487	155.260
258.243	74.046	155.291
258.197	74.659	155.339
258.147	75.311	155.355
258.236	75.898	155.379
258.610	76.137	155.409
258.604	76.120	155.352
258.486	76.044	155.285
258.472	75.967	155.227
258.551	75.887	155.197
258.480	75.765	155.181
258.385	75.592	155.168
258.359	75.357	155.148
258.347	75.117	155.151
258.313	74.810	155.169
258.300	74.475	155.178
258.316	74.117	155.182
258.354	73.730	155.182
258.378	73.348	155.196
258.399	72.990	155.198
258.417	72.634	155.194
258.478	72.361	155.169
258.492	72.137	155.126
258.479	71.940	155.097
258.495	71.791	155.074
258.506	71.696	155.051
258.523	71.667	155.042
258.504	71.669	155.038
258.478	71.715	155.058
258.508	71.797	155.066
258.478	71.931	155.102
258.416	72.119	155.131
258.372	72.386	155.170
258.356	72.714	155.200
258.313	73.095	155.228
258.267	73.570	155.265
258.234	74.096	155.291
258.182	74.663	155.328
258.150	75.234	155.338
258.163	75.795	155.363
258.507	76.035	155.379
258.560	76.123	155.338
258.470	76.043	155.278
258.398	75.986	155.224
258.467	75.900	155.202
258.446	75.745	155.173
258.354	75.544	155.156
258.332	75.302	155.156
258.342	75.061	155.144
258.311	74.759	155.176
258.307	74.419	155.184
258.323	74.064	155.185
258.356	73.682	155.188
258.393	73.295	155.185
258.413	72.935	155.188
258.429	72.588	155.186
258.483	72.308	155.164
258.507	72.073	155.127
258.493	71.863	155.105
258.496	71.705	155.076
258.515	71.604	155.054
258.533	71.576	155.042
258.509	71.604	155.051
258.484	71.642	155.058
258.508	71.741	155.076
258.479	71.886	155.100
258.409	72.096	155.138
258.361	72.384	155.175
258.349	72.733	155.204
258.313	73.143	155.236
258.254	73.641	155.271
258.243	74.195	155.307
258.187	74.784	155.329
258.133	75.402	155.346
258.293	75.909	155.383
258.595	76.120	155.385
258.563	76.099	155.319
258.456	76.041	155.263
258.463	75.966	155.220
258.513	75.864	155.198
258.437	75.722	155.169
258.353	75.501	155.154
258.353	75.284	155.157
258.340	75.030	155.163
258.301	74.717	155.181
258.303	74.368	155.189
258.324	74.012	155.189
258.363	73.628	155.190
258.389	73.244	155.193
258.408	72.904	155.198
258.432	72.549	155.189
258.493	72.293	155.156
258.495	72.071	155.121
258.484	71.874	155.088
258.499	71.743	155.062
258.514	71.653	155.054
258.524	71.639	155.043
258.497	71.655	155.047
258.476	71.712	155.068
258.508	71.799	155.090
258.459	71.944	155.112
258.399	72.155	155.142
258.369	72.439	155.180
258.346	72.784	155.215
258.303	73.194	155.236
258.251	73.689	155.267
258.238	74.233	155.308
258.180	74.800	155.327
258.138	75.395	155.352
258.269	75.891	155.368
258.568	76.086	155.375
258.554	76.098	155.313
258.458	76.025	155.256
258.424	75.973	155.217
258.497	75.857	155.190
258.435	75.726	155.171
258.346	75.502	155.160
258.343	75.248	155.153
258.341	74.987	155.152
258.308	74.673	155.173
258.315	74.318	155.193
258.331	73.944	155.192
258.366	73.553	155.187
258.402	73.168	155.187
258.425	72.823	155.203
258.438	72.466	155.182
258.506	72.207	155.145
258.507	71.979	155.123
258.492	71.779	155.090
258.505	71.640	155.057
258.527	71.556	155.045
258.537	71.556	155.040
258.515	71.588	155.053
258.485	71.658	155.071
258.511	71.772	155.087
258.457	71.944	155.118
258.395	72.192	155.141
258.362	72.525	155.194
258.335	72.915	155.222
258.278	73.398	155.255
258.240	73.948	155.295
258.212	74.550	155.343
258.152	75.190	155.365
258.168	75.823	155.384
258.561	76.096	155.415
258.617	76.129	155.363
258.499	76.051	155.300
258.443	75.985	155.235
258.545	75.903	155.210
258.495	75.784	155.184
258.391	75.613	155.166
258.354	75.398	155.155
258.353	75.164	155.151
258.315	74.883	155.179
258.294	74.547	155.189
258.309	74.182	155.181
258.342	73.800	155.189
258.367	73.412	155.186
258.392	73.046	155.196
258.417	72.679	155.194
258.468	72.394	155.169
258.489	72.162	155.135
258.492	71.945	155.104
258.490	71.784	155.078
258.509	71.667	155.049
258.527	71.623	155.047
258.516	71.627	155.041
258.491	71.664	155.052
258.508	71.737	155.067
258.484	71.863	155.099
258.428	72.043	155.126
258.373	72.308	155.163
258.360	72.626	155.201
258.331	73.009	155.227
258.274	73.490	155.262
258.247	73.998	155.302
258.212	74.569	155.334
258.144	75.180	155.348
258.155	75.772	155.370
258.513	76.043	155.397
258.591	76.128	155.351
258.494	76.055	155.284
258.414	75.994	155.234
258.490	75.901	155.200
258.469	75.764	155.178
258.372	75.587	155.158
258.330	75.349	155.153
258.344	75.108	155.157
258.313	74.806	155.169
258.295	74.473	155.186
258.313	74.111	155.186
258.347	73.716	155.184
258.378	73.334	155.185
258.406	72.977	155.201
258.424	72.614	155.200
258.483	72.318	155.165
258.507	72.083	155.137
258.502	71.874	155.110
258.497	71.705	155.078
258.516	71.592	155.052
258.533	71.572	155.049
258.517	71.574	155.044
258.493	71.630	155.059
258.511	71.721	155.073
258.488	71.864	155.098
258.416	72.078	155.128
258.368	72.367	155.166
258.352	72.728	155.206
258.304	73.153	155.228
258.260	73.668	155.280
258.227	74.249	155.318
258.180	74.847	155.345
258.136	75.492	155.366
258.344	75.973	155.410
258.630	76.136	155.394
258.570	76.083	155.332
258.453	76.013	155.261
258.482	75.947	155.219
258.537	75.848	155.196
258.436	75.705	155.172
258.353	75.497	155.151
258.353	75.271	155.145
258.332	75.013	155.151
258.293	74.686	155.165
258.304	74.351	155.176
258.319	73.973	155.180
258.357	73.594	155.192
258.379	73.217	155.197
258.405	72.859	155.197
258.435	72.526	155.192
258.493	72.279	155.159
258.489	72.060	155.119
258.477	71.877	155.096
258.507	71.745	155.069
258.519	71.664	155.048
258.522	71.654	155.043
258.501	71.672	155.041
258.476	71.734	155.069
258.505	71.826	155.085
258.463	71.977	155.109
258.394	72.210	155.146
258.365	72.488	155.180
258.341	72.847	155.215
258.284	73.264	155.239
258.249	73.764	155.275
258.225	74.315	155.312
258.171	74.906	155.331
258.137	75.490	155.350
258.334	75.934	155.387
258.581	76.109	155.370
258.530	76.080	155.314
258.446	76.022	155.258
258.444	75.951	155.214
258.492	75.844	155.194
258.413	75.682	155.174
258.340	75.446	155.151
258.362	75.222	155.160
258.334	74.948	155.159
258.306	74.616	155.186
258.315	74.261	155.191
258.332	73.879	155.187
258.375	73.488	155.189
258.401	73.114	155.192
258.424	72.768	155.201
258.449	72.424	155.176
258.514	72.183	155.151
258.506	71.956	155.122
258.497	71.774	155.093
258.507	71.631	155.060
258.528	71.565	155.053
258.533	71.571	155.044
258.509	71.591	155.042
258.491	71.675	155.072
258.509	71.780	155.087
258.449	71.957	155.116
258.387	72.214	155.151
258.361	72.547	155.192
258.334	72.933	155.222
258.278	73.410	155.254
258.234	73.973	155.300
258.199	74.565	155.337
258.148	75.204	155.362
258.176	75.823	155.385
258.551	76.102	155.426
258.617	76.125	155.363
258.491	76.038	155.295
258.436	75.974	155.240
258.534	75.889	155.201
258.485	75.780	155.185
258.382	75.595	155.162
258.351	75.383	155.145
258.352	75.145	155.159
258.315	74.861	155.169
258.296	74.522	155.178
258.314	74.155	155.186
258.344	73.774	155.178
258.374	73.382	155.190
258.395	73.019	155.200
258.414	72.659	155.198
258.471	72.378	155.169
258.494	72.149	155.134
258.481	71.943	155.102
258.486	71.791	155.074
258.506	71.684	155.053
258.520	71.643	155.041
258.512	71.659	155.039
258.483	71.685	155.052
258.505	71.765	155.062
258.483	71.890	155.090
258.420	72.087	155.125
258.374	72.335	155.162
258.353	72.663	155.206
258.317	73.050	155.227
258.265	73.520	155.256
258.228	74.050	155.302
258.196	74.616	155.334
258.159	75.209	155.349
258.157	75.792	155.371
258.511	76.052	155.396
258.581	76.116	155.343
258.485	76.043	155.279
258.406	75.983	155.230
258.479	75.879	155.196
258.457	75.749	155.172
258.362	75.557	155.167
258.344	75.310	155.151
258.343	75.064	155.154
258.309	74.769	155.179
258.305	74.427	155.189
258.316	74.055	155.185
258.350	73.672	155.193
258.385	73.289	155.186
258.408	72.932	155.196
258.433	72.581	155.197
258.483	72.304	155.167
258.508	72.060	155.129
258.494	71.855	155.110
258.496	71.698	155.076
258.520	71.599	155.049
258.536	71.577	155.042
258.511	71.593	155.045
258.487	71.648	155.054
258.506	71.757	155.089
258.480	71.896	155.111
258.410	72.111	155.137
258.363	72.397	155.164
258.345	72.763	155.201
258.303	73.189	155.236
258.251	73.702	155.277
258.240	74.274	155.314
258.175	74.868	155.352
258.132	75.511	155.369
258.357	75.973	155.412
258.605	76.133	155.389
258.548	76.077	155.324
258.441	76.016	155.260
258.485	75.938	155.216
258.502	75.829	155.193
258.414	75.684	155.172
258.347	75.459	155.154
258.360	75.256	155.147
258.343	75.003	155.160
258.296	74.684	155.172
258.309	74.345	155.191
258.323	73.974	155.173
258.364	73.599	155.188
258.383	73.214	155.190
258.408	72.866	155.202
258.443	72.529	155.190
258.492	72.290	155.152
258.488	72.070	155.130
258.484	71.883	155.090
258.500	71.751	155.068
258.514	71.679	155.051
258.523	71.671	155.047
258.500	71.687	155.049
258.475	71.741	155.064
258.510	71.836	155.081
258.456	71.986	155.111
258.400	72.191	155.143
258.362	72.480	155.187
258.345	72.834	155.215
258.292	73.242	155.238
258.253	73.734	155.278
258.225	74.281	155.313
258.176	74.842	155.329
258.142	75.426	155.354
258.291	75.898	155.377
258.566	76.086	155.375
258.542	76.084	155.314
258.448	76.017	155.260
258.421	75.953	155.210
258.489	75.852	155.193
258.425	75.683	155.169
258.344	75.459	155.150
258.351	75.220	155.153
258.339	74.957	155.159
258.306	74.643	155.175
258.318	74.282	155.195
258.332	73.905	155.184
258.370	73.517	155.192
258.398	73.144	155.190
258.422	72.793	155.203
258.442	72.450	155.180
258.506	72.202	155.150
258.502	71.975	155.129
258.490	71.785	155.097
258.506	71.653	155.071
258.528	71.573	155.044
258.531	71.580	155.045
258.502	71.606	155.050
258.479	71.670	155.066
258.504	71.779	155.092
258.454	71.952	155.117
258.388	72.187	155.137
258.359	72.516	155.186
258.338	72.889	155.215
258.284	73.353	155.251
258.237	73.877	155.294
258.223	74.465	155.334
258.161	75.072	155.350
258.129	75.708	155.362
258.487	76.048	155.413
258.615	76.141	155.370
258.510	76.062	155.304
258.421	75.993	155.247
258.506	75.908	155.210
258.481	75.798	155.186
258.386	75.616	155.157
258.344	75.408	155.147
258.353	75.195	155.155
258.316	74.909	155.172
258.294	74.573	155.177
258.308	74.221	155.184
258.332	73.849	155.175
258.369	73.475	155.189
258.389	73.096	155.189
258.413	72.748	155.201
258.462	72.452	155.183
258.488	72.218	155.141
258.488	71.999	155.108
258.489	71.827	155.080
258.500	71.716	155.055
258.523	71.674	155.050
258.510	71.665	155.041
258.488	71.691	155.055
258.493	71.763	155.070
258.497	71.876	155.096
258.433	72.045	155.118
258.376	72.296	155.159
258.355	72.597	155.204
258.328	72.965	155.216
258.273	73.419	155.262
258.248	73.921	155.299
258.218	74.466	155.323
258.163	75.047	155.340
258.124	75.626	155.349
258.426	75.976	155.384
258.579	76.108	155.359
258.500	76.056	155.294
258.427	76.000	155.237
258.450	75.929	155.212
258.480	75.800	155.165
258.394	75.629	155.164
258.326	75.375	155.152
258.350	75.142	155.157
258.323	74.846	155.166
258.300	74.514	155.187
258.318	74.152	155.195
258.345	73.761	155.181
258.385	73.394	155.192
258.405	73.016	155.193
258.432	72.665	155.196
258.456	72.343	155.174
258.514	72.110	155.145
258.502	71.888	155.109
258.499	71.717	155.074
258.519	71.599	155.049
258.531	71.565	155.051
258.525	71.577	155.041
258.501	71.622	155.054
258.506	71.706	155.059
258.500	71.841	155.097
258.429	72.036	155.129
258.379	72.314	155.162
258.356	72.666	155.207
258.316	73.068	155.225
258.267	73.579	155.266
258.234	74.159	155.313
258.195	74.752	155.341
258.152	75.396	155.365
258.287	75.935	155.396
258.620	76.139	155.410
258.594	76.094	155.344
258.474	76.025	155.279
258.479	75.947	155.228
258.542	75.867	155.197
258.464	75.734	155.180
258.367	75.532	155.155
258.363	75.310	155.149
258.340	75.059	155.148
258.304	74.741	155.163
258.304	74.409	155.184
258.314	74.049	155.189
258.355	73.661	155.188
258.383	73.274	155.185
258.403	72.924	155.202
258.428	72.574	155.194
258.491	72.310	155.165
258.492	72.090	155.139
258.486	71.886	155.102
258.498	71.752	155.074
258.514	71.662	155.052
258.529	71.642	155.047
258.506	71.656	155.044
258.477	71.713	155.057
258.510	71.813	155.076
258.464	71.953	155.106
258.406	72.166	155.131
258.367	72.457	155.174
258.347	72.802	155.212
258.294	73.229	155.245
258.253	73.725	155.272
258.223	74.278	155.317
258.177	74.856	155.339
258.145	75.453	155.355
258.313	75.930	155.388
258.586	76.104	155.380
258.549	76.078	155.323
258.448	76.015	155.265
258.438	75.935	155.205
258.508	75.832	155.184
258.429	75.678	155.165
258.344	75.458	155.158
258.349	75.225	155.147
258.327	74.956	155.159
258.298	74.642	155.179
258.313	74.296	155.196
258.324	73.917	155.195
258.366	73.534	155.194
258.394	73.155	155.202
258.413	72.802	155.206
258.437	72.470	155.191
258.506	72.215	155.151
258.500	71.984	155.126
258.488	71.797	155.092
258.506	71.652	155.067
258.524	71.586	155.049
258.528	71.578	155.045
258.500	71.606	155.041
258.484	71.682	155.063
258.513	71.782	155.080
258.452	71.952	155.107
258.391	72.207	155.146
258.351	72.522	155.191
258.336	72.907	155.218
258.280	73.368	155.254
258.246	73.892	155.295
258.222	74.474	155.334
258.153	75.092	155.359
258.130	75.732	155.373
258.502	76.052	155.419
258.615	76.129	155.361
258.510	76.052	155.297
258.421	75.996	155.247
258.500	75.903	155.214
258.476	75.777	155.180
258.381	75.602	155.169
258.347	75.392	155.155
258.351	75.157	155.153
258.316	74.891	155.168
258.294	74.565	155.181
258.309	74.224	155.178
258.336	73.840	155.168
258.365	73.463	155.191
258.388	73.099	155.184
258.415	72.750	155.200
258.465	72.452	155.185
258.492	72.220	155.143
258.480	72.009	155.114
258.484	71.841	155.088
258.507	71.729	155.063
258.518	71.670	155.043
258.509	71.673	155.040
258.490	71.704	155.052
258.498	71.769	155.071
258.494	71.875	155.096
258.437	72.039	155.127
258.381	72.287	155.160
258.356	72.599	155.200
258.330	72.957	155.215
258.278	73.407	155.256
258.238	73.905	155.290
258.225	74.447	155.323
258.163	75.024	155.338
258.123	75.611	155.353
258.406	75.963	155.394
258.527	76.176	155.426
258.477	76.096	155.358
258.415	76.021	155.281
258.439	75.927	155.239
258.467	75.788	155.199
258.388	75.622	155.178
258.330	75.378	155.163
258.356	75.136	155.164
258.330	74.864	155.173
258.302	74.534	155.193
258.322	74.165	155.187
258.350	73.793	155.184
258.384	73.417	155.191
258.408	73.040	155.183
258.426	72.693	155.198
258.461	72.368	155.174
258.517	72.130	155.139
258.498	71.905	155.103
258.492	71.736	155.077
258.511	71.616	155.062
258.531	71.569	155.046
258.531	71.574	155.044
258.496	71.612	155.056
258.501	71.700	155.075
258.498	71.822	155.095
258.435	72.019	155.122
258.376	72.282	155.157
258.364	72.638	155.205
258.324	73.051	155.222
258.271	73.550	155.263
258.246	74.109	155.312
258.196	74.716	155.342
258.136	75.376	155.367
258.287	75.922	155.405
258.617	76.138	155.406
258.587	76.106	155.354
258.471	76.030	155.281
258.475	75.946	155.221
258.541	75.863	155.202
258.468	75.740	155.179
258.374	75.556	155.159
258.361	75.332	155.149
258.342	75.081	155.154
258.303	74.779	155.168
258.300	74.450	155.191
258.314	74.074	155.184
258.350	73.688	155.177
258.374	73.304	155.188
258.397	72.940	155.195
258.424	72.600	155.194
258.479	72.330	155.169
258.494	72.089	155.128
258.485	71.888	155.100
258.496	71.749	155.075
258.510	71.655	155.056
258.525	71.621	155.040
258.509	71.643	155.046
258.478	71.684	155.060
258.514	71.775	155.082
258.474	71.918	155.106
258.412	72.132	155.135
258.371	72.412	155.172
258.349	72.766	155.208
258.299	73.197	155.242
258.251	73.692	155.275
258.225	74.258	155.317
258.175	74.853	155.346
258.138	75.480	155.367
258.337	75.959	155.414
258.608	76.137	155.386
258.559	76.078	155.326
258.446	76.008	155.260
258.464	75.939	155.223
258.521	75.842	155.194
258.437	75.700	155.170
258.347	75.488	155.161
258.354	75.268	155.156
258.334	75.000	155.150
258.293	74.686	155.170
258.305	74.342	155.192
258.320	73.966	155.180
258.363	73.588	155.188
258.386	73.219	155.189
258.411	72.859	155.192
258.442	72.523	155.186
258.497	72.276	155.155
258.493	72.051	155.122
258.483	71.859	155.092
258.501	71.726	155.067
258.514	71.650	155.049
258.524	71.627	155.048
258.506	71.642	155.046
258.478	71.712	155.063
258.508	71.809	155.087
258.455	71.962	155.114
258.391	72.190	155.139
258.362	72.489	155.188
258.339	72.861	155.219
258.289	73.294	155.247
258.240	73.811	155.282
258.230	74.371	155.323
258.176	74.975	155.349
258.130	75.594	155.363
258.412	75.987	155.401
258.606	76.132	155.371
258.526	76.078	155.315
258.432	76.006	155.255
258.482	75.921	155.219
258.497	75.811	155.197
258.402	75.643	155.158
258.340	75.410	155.153
258.363	75.196	155.150
258.325	74.930	155.157
258.299	74.607	155.181
258.310	74.245	155.185
258.334	73.880	155.178
258.371	73.502	155.187
258.393	73.138	155.194
258.420	72.789	155.199
258.452	72.474	155.184
258.499	72.236	155.141
258.492	72.016	155.117
258.482	71.846	155.087
258.504	71.725	155.064
258.519	71.666	155.047
258.515	71.652	155.039
258.497	71.690	155.052
258.481	71.746	155.068
258.502	71.851	155.093
258.443	72.003	155.118
258.389	72.248	155.151
258.362	72.548	155.196
258.336	72.909	155.223
258.280	73.351	155.250
258.246	73.845	155.280
258.232	74.392	155.320
258.166	74.961	155.331
258.132	75.552	155.347
258.370	75.955	155.390
258.587	76.096	155.364
258.523	76.071	155.301
258.436	76.010	155.248
258.441	75.936	155.204
258.497	75.832	155.185
258.413	75.671	155.174
258.334	75.431	155.153
258.345	75.172	155.156
258.335	74.904	155.170
258.305	74.570	155.186
258.320	74.199	155.191
258.335	73.831	155.186
258.379	73.441	155.192
258.403	73.074	155.191
258.433	72.733	155.200
258.454	72.386	155.173
258.512	72.142	155.142
258.506	71.920	155.114
258.497	71.737	155.081
258.508	71.617	155.071
258.530	71.562	155.055
258.532	71.562	155.047
258.503	71.604	155.057
258.497	71.684	155.070
258.509	71.814	155.097
258.444	71.998	155.123
258.384	72.251	155.147
258.360	72.594	155.189
258.327	72.998	155.214
258.276	73.490	155.254
258.237	74.058	155.303
258.203	74.657	155.346
258.137	75.304	155.364
258.237	75.879	155.391
258.595	76.118	155.413
258.600	76.108	155.346
258.478	76.034	155.282
258.464	75.959	155.226
258.544	75.879	155.205
258.478	75.755	155.178
258.382	75.579	155.163
258.355	75.341	155.146
258.346	75.104	155.151
258.309	74.794	155.165
258.304	74.466	155.183
258.311	74.094	155.185
258.349	73.709	155.190
258.377	73.330	155.185
258.400	72.965	155.194
258.418	72.625	155.200
258.481	72.345	155.174
258.492	72.116	155.136
258.486	71.912	155.112
258.496	71.765	155.087
258.511	71.657	155.044
258.524	71.637	155.040
258.505	71.642	155.045
258.486	71.688	155.051
258.501	71.782	155.079
258.477	71.916	155.106
258.410	72.122	155.135
258.372	72.378	155.174
258.351	72.731	155.204
258.306	73.121	155.235
258.258	73.598	155.271
258.236	74.137	155.308
258.194	74.705	155.333
258.149	75.302	155.355
258.212	75.851	155.373
258.555	76.065	155.390
258.569	76.107	155.333
258.473	76.035	155.266
258.416	75.980	155.229
258.503	75.877	155.197
258.451	75.733	155.170
258.361	75.531	155.152
258.339	75.285	155.152
258.341	75.035	155.155
258.306	74.721	155.179
258.305	74.383	155.186
258.318	74.009	155.178
258.363	73.620	155.190
258.390	73.236	155.190
258.416	72.879	155.193
258.431	72.539	155.199
258.493	72.255	155.153
258.509	72.019	155.131
258.495	71.818	155.102
258.498	71.667	155.068
258.519	71.570	155.053
258.531	71.561	155.044
258.512	71.578	155.046
258.485	71.637	155.056
258.513	71.734	155.073
258.476	71.890	155.101
258.407	72.118	155.136
258.366	72.423	155.175
258.346	72.781	155.204
258.298	73.235	155.251
258.239	73.765	155.288
258.230	74.349	155.318
258.175	74.955	155.348
258.126	75.608	155.369
258.430	76.013	155.413
258.628	76.141	155.383
258.541	76.074	155.326
258.440	76.005	155.260
258.513	75.934	155.230
258.527	75.836	155.189
258.427	75.675	155.169
258.353	75.463	155.154
258.353	75.233	155.150
258.331	74.953	155.155
258.296	74.631	155.178
258.305	74.270	155.189
258.328	73.900	155.179
258.366	73.521	155.177
258.388	73.135	155.188
258.412	72.781	155.203
258.441	72.460	155.189
258.499	72.214	155.155
258.492	71.988	155.116
258.490	71.809	155.098
258.512	71.682	155.064
258.523	71.614	155.044
258.529	71.609	155.041
258.502	71.645	155.042
258.490	71.701	155.063
258.506	71.814	155.093
258.453	71.984	155.114
258.399	72.217	155.146
258.365	72.540	155.192
258.336	72.904	155.217
258.286	73.365	155.253
258.239	73.897	155.292
258.225	74.470	155.334
258.160	75.074	155.350
258.134	75.694	155.368
258.475	76.013	155.410
258.606	76.128	155.370
258.512	76.057	155.310
258.427	75.991	155.240
258.501	75.913	155.210
258.497	75.798	155.180
258.396	75.631	155.165
258.331	75.389	155.146
258.353	75.154	155.155
258.315	74.874	155.170
258.296	74.544	155.190
258.308	74.179	155.190
258.345	73.794	155.182
258.372	73.408	155.186
258.398	73.037	155.193
258.421	72.687	155.195
258.457	72.375	155.182
258.506	72.125	155.140
258.499	71.917	155.118
258.497	71.742	155.085
258.514	71.621	155.058
258.534	71.579	155.050
258.531	71.592	155.040
258.499	71.630	155.052
258.499	71.716	155.070
258.504	71.851	155.103
258.436	72.042	155.129
258.377	72.313	155.162
258.350	72.662	155.202
258.318	73.059	155.225
258.271	73.541	155.263
258.236	74.086	155.307
258.197	74.677	155.345
258.142	75.303	155.360
258.225	75.877	155.391
258.587	76.098	155.413
258.592	76.101	155.349
258.474	76.028	155.285
258.438	75.971	155.229
258.529	75.879	155.192
258.467	75.747	155.171
258.372	75.564	155.157
258.342	75.327	155.157
258.337	75.078	155.154
258.303	74.774	155.174
258.308	74.426	155.177
258.319	74.069	155.193
258.350	73.684	155.196
258.384	73.301	155.193
258.401	72.941	155.193
258.426	72.590	155.196
258.488	72.311	155.169
258.502	72.071	155.133
258.487	71.879	155.105
258.499	71.720	155.076
258.514	71.624	155.059
258.531	71.595	155.043
258.514	71.624	155.040
258.486	71.681	155.050
258.504	71.779	155.074
258.481	71.928	155.097
258.414	72.151	155.139
258.367	72.439	155.183
258.343	72.786	155.205
258.294	73.216	155.241
258.244	73.709	155.275
258.232	74.269	155.320
258.178	74.848	155.340
258.134	75.450	155.361
258.307	75.919	155.402
258.594	76.107	155.401
258.544	76.077	155.322
258.448	76.007	155.264
258.441	75.940	155.226
258.492	75.832	155.183
258.415	75.668	155.166
258.341	75.441	155.148
258.358	75.229	155.146
258.333	74.962	155.147
258.300	74.647	155.183
258.303	74.293	155.195
258.325	73.917	155.188
258.374	73.536	155.197
258.395	73.155	155.189
258.420	72.805	155.200
258.446	72.467	155.192
258.510	72.214	155.157
258.499	71.988	155.133
258.494	71.793	155.099
258.506	71.654	155.069
258.528	71.574	155.045
258.533	71.582	155.047
258.505	71.610	155.050
258.479	71.675	155.066
258.511	71.800	155.089
258.458	71.958	155.114
258.395	72.205	155.144
258.366	72.526	155.184
258.333	72.909	155.224
258.283	73.370	155.256
258.240	73.893	155.299
258.224	74.467	155.330
258.158	75.086	155.360
258.136	75.691	155.383
258.468	76.027	155.420
258.610	76.127	155.371
258.517	76.052	155.310
258.424	75.986	155.246
258.498	75.912	155.215
258.480	75.787	155.188
258.391	75.612	155.165
258.347	75.380	155.153
258.360	75.145	155.153
258.318	74.868	155.167
258.300	74.522	155.182
258.319	74.163	155.185
258.343	73.786	155.182
258.377	73.390	155.183
258.396	73.028	155.199
258.422	72.663	155.204
258.477	72.367	155.181
258.510	72.120	155.153
258.497	71.897	155.118
258.498	71.746	155.089
258.520	71.618	155.066
258.540	71.569	155.043
258.529	71.584	155.041
258.500	71.628	155.047
258.509	71.721	155.065
258.502	71.859	155.095
258.431	72.058	155.126
258.377	72.332	155.158
258.351	72.684	155.207
258.314	73.095	155.240
258.272	73.594	155.263
258.231	74.156	155.320
258.204	74.742	155.347
258.139	75.379	155.382
258.276	75.913	155.412
258.606	76.116	155.409
258.586	76.093	155.351
258.470	76.029	155.285
258.463	75.953	155.225
258.544	75.874	155.205
258.458	75.726	155.172
258.364	75.526	155.164
258.348	75.308	155.157
258.338	75.047	155.153
258.303	74.744	155.170
258.302	74.399	155.180
258.310	74.036	155.177
258.353	73.659	155.192
258.376	73.279	155.199
258.406	72.920	155.199
258.425	72.577	155.204
258.488	72.314	155.161
258.492	72.086	155.133
258.483	71.900	155.099
258.502	71.758	155.084
258.512	71.670	155.055
258.523	71.649	155.048
258.500	71.659	155.041
258.478	71.713	155.051
258.504	71.801	155.076
258.472	71.947	155.099
258.404	72.169	155.133
258.361	72.445	155.177
258.340	72.799	155.215
258.299	73.224	155.246
258.262	73.692	155.278
258.242	74.232	155.319
258.183	74.798	155.344
258.133	75.387	155.362
258.267	75.885	155.385
258.556	76.075	155.389
258.544	76.090	155.326
258.457	76.029	155.262
258.423	75.961	155.224
258.479	75.854	155.197
258.421	75.700	155.167
258.336	75.478	155.156
258.342	75.242	155.151
258.340	74.978	155.148
258.299	74.670	155.172
258.307	74.315	155.190
258.320	73.942	155.188
258.361	73.566	155.190
258.396	73.177	155.190
258.417	72.833	155.200
258.435	72.489	155.192
258.504	72.230	155.156
258.500	71.996	155.131
258.493	71.803	155.093
258.504	71.649	155.064
258.528	71.567	155.049
258.537	71.563	155.041
258.502	71.584	155.040
258.476	71.656	155.064
258.509	71.759	155.083
258.463	71.922	155.110
258.393	72.159	155.138
258.363	72.475	155.189
258.342	72.847	155.217
258.293	73.310	155.255
258.239	73.836	155.291
258.215	74.436	155.334
258.168	75.042	155.351
258.136	75.685	155.382
258.475	76.036	155.421
258.625	76.123	155.377
258.525	76.059	155.321
258.430	75.996	155.246
258.523	75.924	155.211
258.514	75.819	155.188
258.412	75.649	155.160
258.347	75.425	155.149
258.349	75.196	155.156
258.319	74.901	155.158
258.289	74.579	155.173
258.307	74.222	155.184
258.327	73.831	155.176
258.363	73.450	155.191
258.392	73.069	155.199
258.408	72.713	155.200
258.450	72.394	155.189
258.501	72.151	155.151
258.494	71.931	155.120
258.490	71.758	155.095
258.511	71.633	155.067
258.535	71.585	155.054
258.526	71.589	155.042
258.506	71.637	155.044
258.499	71.720	155.069
258.505	71.857	155.100
258.437	72.049	155.116
258.384	72.310	155.155
258.357	72.661	155.204
258.318	73.057	155.231
258.265	73.556	155.271
258.231	74.113	155.316
258.189	74.706	155.347
258.154	75.326	155.368
258.250	75.884	155.405
258.585	76.113	155.413
258.587	76.099	155.346
258.476	76.026	155.288
258.462	75.955	155.230
258.524	75.861	155.204
258.459	75.724	155.171
258.370	75.528	155.158
258.364	75.315	155.148
258.340	75.067	155.152
258.308	74.760	155.168
258.300	74.427	155.188
258.313	74.053	155.189
258.352	73.661	155.185
258.391	73.287	155.197
258.405	72.924	155.201
258.430	72.574	155.195
258.492	72.318	155.173
258.499	72.069	155.133
258.489	71.867	155.095
258.501	71.721	155.077
258.512	71.620	155.055
258.539	71.599	155.044
258.519	71.631	155.041
258.481	71.675	155.058
258.513	71.776	155.076
258.476	71.923	155.100
258.404	72.138	155.133
258.368	72.425	155.165
258.347	72.782	155.207
258.297	73.215	155.242
258.245	73.720	155.278
258.231	74.274	155.322
258.171	74.869	155.358
258.140	75.491	155.373
258.342	75.946	155.413
258.598	76.113	155.388
258.549	76.075	155.327
258.447	76.005	155.264
258.458	75.942	155.218
258.511	75.838	155.194
258.423	75.672	155.170
258.345	75.450	155.153
258.353	75.223	155.149
258.329	74.946	155.150
258.295	74.628	155.180
258.310	74.266	155.189
258.326	73.878	155.187
258.367	73.486	155.198
258.392	73.109	155.194
258.423	72.748	155.205
258.443	72.414	155.191
258.508	72.158	155.158
258.503	71.929	155.129
258.489	71.740	155.099
258.514	71.599	155.066
258.535	71.529	155.054
258.540	71.538	155.045
258.513	71.568	155.036
258.496	71.645	155.066
258.515	71.765	155.078
258.454	71.946	155.112
258.388	72.213	155.148
258.360	72.545	155.192
258.329	72.951	155.211
258.278	73.444	155.260
258.237	74.011	155.303
258.208	74.613	155.351
258.141	75.268	155.370
258.218	75.868	155.409
258.588	76.122	155.431
258.606	76.114	155.366
258.495	76.038	155.299
258.466	75.959	155.238
258.546	75.871	155.207
258.482	75.750	155.191
258.387	75.576	155.160
258.368	75.352	155.145
258.343	75.126	155.146
258.304	74.823	155.153
258.296	74.490	155.182
258.303	74.128	155.177
258.345	73.740	155.182
258.372	73.358	155.196
258.393	72.987	155.205
258.423	72.627	155.214
258.475	72.354	155.174
258.486	72.111	155.146
258.482	71.910	155.113
258.493	71.752	155.083
258.512	71.647	155.058
258.533	71.614	155.044
258.511	71.626	155.040
258.491	71.664	155.056
258.511	71.748	155.062
258.483	71.880	155.094
258.419	72.076	155.129
258.375	72.347	155.158
258.354	72.691	155.212
258.316	73.083	155.230
258.266	73.568	155.265
258.249	74.105	155.311
258.194	74.680	155.343
258.147	75.282	155.363
258.218	75.838	155.387
258.566	76.065	155.410
258.580	76.100	155.347
258.473	76.022	155.272
258.419	75.970	155.240
258.500	75.869	155.198
258.455	75.733	155.175
258.360	75.520	155.157
258.339	75.279	155.146
258.342	75.037	155.161
258.309	74.721	155.175
258.308	74.373	155.190
258.321	74.003	155.181
258.355	73.613	155.188
258.393	73.235	155.191
258.412	72.872	155.196
258.432	72.525	155.204
258.494	72.254	155.166
258.510	72.013	155.136
258.500	71.811	155.109
258.509	71.649	155.078
258.535	71.557	155.061
258.543	71.535	155.046
258.523	71.570	155.051
258.489	71.628	155.060
258.517	71.730	155.077
258.481	71.888	155.100
258.410	72.114	155.135
258.365	72.427	155.180
258.339	72.800	155.211
258.302	73.256	155.249
258.246	73.784	155.294
258.231	74.368	155.333
258.161	74.984	155.363
258.123	75.642	155.384
258.446	76.024	155.433
258.627	76.134	155.397
258.529	76.063	155.331
258.446	75.994	155.259
258.509	75.911	155.221
258.508	75.801	155.193
258.421	75.638	155.168
258.363	75.430	155.158
258.364	75.207	155.153
258.324	74.933	155.156
258.298	74.610	155.181
258.310	74.263	155.183
258.327	73.890	155.180
258.364	73.506	155.190
258.386	73.137	155.188
258.407	72.781	155.204
258.450	72.459	155.186
258.489	72.224	155.151
258.486	72.010	155.128
258.487	71.831	155.094
258.509	71.705	155.063
258.524	71.648	155.048
258.521	71.638	155.042
258.496	71.660	155.051
258.490	71.724	155.067
258.505	71.834	155.094
258.441	71.991	155.114
258.386	72.238	155.147
258.363	72.526	155.189
258.335	72.894	155.218
258.284	73.323	155.251
258.242	73.838	155.287
258.214	74.392	155.327
258.185	74.960	155.341
258.129	75.555	155.365
258.379	75.954	155.400
258.594	76.100	155.378
258.527	76.064	155.312
258.436	75.995	155.250
258.445	75.920	155.210
258.489	75.803	155.187
258.404	75.630	155.168
258.332	75.380	155.149
258.352	75.148	155.154
258.328	74.864	155.161
258.303	74.548	155.189
258.312	74.181	155.189
258.343	73.797	155.183
258.382	73.424	155.197
258.403	73.047	155.200
258.426	72.704	155.204
258.452	72.374	155.190
258.517	72.127	155.150
258.505	71.900	155.116
258.492	71.722	155.088
258.511	71.600	155.065
258.538	71.555	155.051
258.532	71.557	155.046
258.496	71.602	155.051
258.498	71.677	155.066
258.507	71.807	155.096
258.438	71.994	155.118
258.378	72.262	155.153
258.359	72.605	155.196
258.320	73.009	155.222
258.272	73.501	155.263
258.234	74.055	155.306
258.193	74.655	155.333
258.145	75.294	155.359
258.231	75.885	155.398
258.591	76.118	155.420
258.595	76.091	155.355
258.485	76.025	155.291
258.453	75.952	155.228
258.526	75.859	155.203
258.465	75.714	155.172
258.371	75.539	155.163
258.369	75.324	155.148
258.348	75.084	155.149
258.308	74.771	155.160
258.295	74.443	155.171
258.322	74.078	155.178
258.354	73.695	155.193
258.382	73.316	155.195
258.404	72.953	155.203
258.425	72.598	155.196
258.487	72.348	155.171
258.493	72.107	155.138
258.482	71.901	155.104
258.495	71.754	155.081
258.513	71.657	155.059
258.524	71.612	155.049
258.519	71.633	155.043
258.482	71.679	155.061
258.510	71.750	155.076
258.481	71.874	155.099
258.414	72.077	155.134
258.368	72.337	155.165
258.349	72.662	155.197
258.322	73.049	155.223
258.267	73.520	155.262
258.236	74.040	155.297
258.194	74.607	155.329
258.154	75.194	155.348
258.166	75.767	155.364
258.503	76.018	155.387
258.573	76.097	155.337
258.482	76.032	155.276
258.424	75.974	155.224
258.464	75.868	155.203
258.436	75.729	155.180
258.364	75.530	155.166
258.358	75.287	155.153
258.356	75.055	155.155
258.314	74.752	155.177
258.307	74.413	155.186
258.331	74.046	155.184
258.360	73.670	155.196
258.396	73.286	155.179
258.417	72.931	155.191
258.432	72.582	155.192
258.491	72.301	155.162
258.518	72.074	155.139
258.495	71.861	155.098
258.502	71.708	155.074
258.516	71.601	155.050
258.536	71.581	155.048
258.520	71.594	155.041
258.490	71.649	155.053
258.509	71.739	155.083
258.488	71.882	155.105
258.418	72.086	155.137
258.367	72.371	155.172
258.345	72.724	155.208
258.308	73.133	155.233
258.261	73.623	155.265
258.232	74.188	155.305
258.189	74.764	155.332
258.132	75.373	155.347
258.277	75.895	155.384
258.596	76.100	155.393
258.575	76.085	155.332
258.460	76.025	155.272
258.453	75.943	155.225
258.486	75.831	155.194
258.434	75.689	155.174
258.357	75.467	155.156
258.363	75.257	155.151
258.340	75.000	155.150
258.298	74.695	155.170
258.310	74.355	155.187
258.322	74.001	155.191
258.366	73.620	155.196
258.389	73.238	155.183
258.411	72.886	155.199
258.432	72.548	155.191
258.496	72.295	155.157
258.497	72.070	155.122
258.484	71.870	155.096
258.503	71.732	155.063
258.514	71.643	155.051
258.524	71.628	155.047
258.503	71.637	155.035
258.474	71.698	155.071
258.508	71.780	155.088
258.465	71.919	155.109
258.402	72.130	155.143
258.362	72.421	155.178
258.344	72.775	155.214
258.302	73.177	155.243
258.248	73.667	155.269
258.234	74.202	155.306
258.184	74.778	155.329
258.132	75.383	155.347
258.271	75.881	155.372
258.573	76.082	155.374
258.553	76.070	155.309
258.455	76.014	155.259
258.447	75.941	155.216
258.457	75.825	155.195
258.411	75.662	155.169
258.353	75.445	155.145
258.371	75.224	155.159
258.339	74.958	155.163
258.307	74.649	155.183
258.316	74.294	155.196
258.336	73.922	155.186
258.368	73.526	155.172
258.397	73.164	155.194
258.420	72.814	155.200
258.445	72.468	155.183
258.513	72.223	155.156
258.504	71.994	155.122
258.494	71.801	155.093
258.504	71.655	155.065
258.528	71.587	155.061
258.534	71.579	155.049
258.504	71.606	155.045
258.477	71.668	155.058
258.513	71.787	155.088
258.454	71.951	155.121
258.391	72.196	155.146
258.354	72.508	155.186
258.335	72.899	155.219
258.284	73.355	155.257
258.240	73.884	155.296
258.227	74.455	155.328
258.160	75.063	155.352
258.130	75.706	155.370
258.486	76.023	155.413
258.612	76.121	155.375
258.510	76.043	155.302
258.438	75.981	155.245
258.476	75.880	155.215
258.465	75.754	155.184
258.395	75.577	155.165
258.354	75.356	155.142
258.366	75.127	155.146
258.320	74.847	155.164
258.306	74.539	155.183
258.315	74.177	155.181
258.343	73.800	155.169
258.376	73.433	155.191
258.402	73.063	155.197
258.422	72.711	155.198
258.480	72.435	155.182
258.497	72.195	155.151
258.484	71.980	155.112
258.492	71.827	155.087
258.507	71.705	155.063
258.522	71.658	155.045
258.517	71.658	155.042
258.489	71.685	155.047
258.499	71.757	155.074
258.496	71.869	155.097
258.434	72.034	155.118
258.380	72.291	155.162
258.360	72.617	155.206
258.322	72.983	155.221
258.275	73.447	155.262
258.239	73.959	155.289
258.207	74.510	155.319
258.158	75.098	155.349
258.135	75.693	155.354
258.458	76.002	155.399
258.583	76.105	155.349
258.495	76.059	155.296
258.424	75.986	155.236
258.453	75.887	155.205
258.449	75.756	155.186
258.377	75.559	155.156
258.348	75.318	155.162
258.356	75.090	155.152
258.325	74.800	155.165
258.313	74.467	155.184
258.322	74.107	155.183
258.352	73.722	155.192
258.389	73.346	155.191
258.409	72.981	155.200
258.431	72.626	155.194
258.484	72.332	155.172
258.516	72.096	155.145
258.505	71.879	155.116
258.503	71.707	155.076
258.520	71.600	155.062
258.531	71.565	155.041
258.525	71.577	155.034
258.495	71.650	155.061
258.506	71.728	155.075
258.489	71.874	155.107
258.419	72.075	155.132
258.369	72.362	155.165
258.342	72.726	155.202
258.309	73.133	155.230
258.259	73.647	155.272
258.222	74.212	155.314
258.170	74.820	155.344
258.140	75.450	155.377
258.321	75.946	155.411
258.618	76.117	155.406
258.567	76.081	155.338
258.456	76.006	155.269
258.470	75.925	155.230
258.486	75.810	155.203
258.437	75.652	155.168
258.362	75.437	155.152
258.368	75.238	155.144
258.339	74.982	155.151
258.304	74.679	155.166
258.309	74.334	155.182
258.324	73.972	155.180
258.366	73.592	155.192
258.384	73.211	155.194
258.409	72.862	155.200
258.447	72.542	155.193
258.493	72.290	155.158
258.489	72.083	155.134
258.479	71.890	155.101
258.494	71.764	155.065
258.514	71.685	155.053
258.521	71.674	155.051
258.496	71.699	155.046
258.465	71.759	155.052
258.513	71.860	155.086
258.461	72.001	155.111
258.397	72.218	155.146
258.354	72.519	155.186
258.338	72.869	155.210
258.291	73.285	155.246
258.246	73.780	155.285
258.226	74.326	155.320
258.180	74.889	155.341
258.124	75.472	155.373
258.322	75.914	155.395
258.578	76.086	155.385
258.526	76.067	155.317
258.445	76.007	155.262
258.430	75.937	155.223
258.467	75.819	155.183
258.409	75.651	155.163
258.338	75.423	155.153
258.354	75.184	155.144
258.330	74.920	155.166
258.305	74.592	155.174
258.314	74.228	155.190
258.335	73.851	155.180
258.376	73.475	155.194
258.399	73.094	155.192
258.430	72.746	155.204
258.446	72.408	155.186
258.522	72.155	155.150
258.505	71.932	155.122
258.497	71.736	155.092
258.512	71.618	155.070
258.530	71.551	155.053
258.539	71.555	155.042
258.510	71.582	155.052
258.491	71.661	155.064
258.515	71.778	155.090
258.454	71.959	155.117
258.385	72.217	155.150
258.356	72.553	155.196
258.330	72.944	155.223
258.275	73.420	155.253
258.238	73.975	155.302
258.204	74.576	155.341
258.148	75.226	155.367
258.196	75.844	155.390
258.562	76.103	155.422
258.605	76.112	155.366
258.495	76.035	155.304
258.455	75.954	155.242
258.504	75.860	155.213
258.467	75.733	155.182
258.380	75.541	155.165
258.374	75.344	155.152
258.358	75.112	155.151
258.312	74.818	155.160
258.301	74.504	155.175
258.317	74.154	155.185
258.351	73.790	155.180
258.374	73.418	155.190
258.399	73.055	155.196
258.423	72.709	155.204
258.485	72.451	155.182
258.490	72.206	155.138
258.478	72.006	155.103
258.492	71.842	155.085
258.509	71.740	155.057
258.526	71.695	155.050
258.512	71.696	155.041
258.486	71.727	155.056
258.506	71.791	155.073
258.485	71.905	155.096
258.426	72.081	155.133
258.379	72.309	155.164
258.353	72.614	155.199
258.326	72.967	155.212
258.283	73.388	155.251
258.252	73.863	155.276
258.218	74.383	155.321
258.170	74.921	155.323
258.134	75.472	155.341
258.306	75.882	155.364
258.534	76.054	155.342
258.502	76.056	155.293
258.437	76.009	155.249
258.391	75.932	155.213
258.444	75.819	155.186
258.404	75.647	155.160
258.324	75.400	155.162
258.336	75.139	155.155
258.328	74.860	155.171
258.313	74.528	155.191
258.323	74.156	155.189
258.354	73.757	155.186
258.387	73.378	155.186
258.414	73.001	155.190
258.442	72.650	155.185
258.450	72.312	155.172
258.525	72.072	155.145
258.526	71.861	155.123
258.502	71.688	155.077
258.519	71.574	155.054
258.529	71.527	155.042
258.533	71.540	155.040
258.499	71.594	155.054
258.494	71.683	155.068
258.500	71.805	155.095
258.435	72.006	155.123
258.371	72.281	155.158
258.347	72.632	155.203
258.318	73.038	155.220
258.264	73.536	155.260
258.235	74.108	155.307
258.187	74.712	155.334
258.133	75.364	155.361
258.273	75.913	155.404
258.613	76.130	155.409
258.586	76.097	155.344
258.469	76.013	155.279
258.480	75.943	155.230
258.500	75.838	155.209
258.456	75.707	155.183
258.381	75.492	155.150
258.359	75.280	155.148
258.350	75.032	155.155
258.306	74.729	155.174
258.308	74.396	155.187
258.317	74.027	155.185
258.355	73.648	155.173
258.379	73.275	155.189
258.402	72.929	155.196
258.430	72.594	155.190
258.490	72.348	155.166
258.487	72.119	155.128
258.474	71.940	155.104
258.493	71.812	155.071
258.510	71.722	155.059
258.518	71.701	155.039
258.503	71.713	155.037
258.469	71.769	155.057
258.506	71.848	155.075
258.465	71.981	155.110
258.405	72.181	155.141
258.364	72.438	155.183
258.339	72.764	155.205
258.307	73.149	155.236
258.270	73.591	155.257
258.236	74.096	155.302
258.192	74.631	155.329
258.160	75.184	155.336
258.147	75.718	155.342
258.454	75.971	155.367
258.532	76.083	155.322
258.475	76.049	155.283
258.412	75.983	155.221
258.434	75.890	155.199
258.439	75.747	155.176
258.361	75.552	155.160
258.317	75.271	155.148
258.341	75.019	155.149
258.316	74.696	155.184
258.306	74.334	155.194
258.325	73.960	155.185
258.361	73.569	155.190
258.404	73.179	155.190
258.426	72.819	155.199
258.450	72.462	155.187
258.490	72.174	155.162
258.530	71.944	155.140
258.515	71.757	155.107
258.511	71.597	155.074
258.530	71.514	155.045
258.537	71.511	155.044
258.514	71.540	155.046
258.487	71.598	155.060
258.517	71.696	155.079
258.473	71.864	155.106
258.409	72.096	155.137
258.362	72.422	155.180
258.347	72.807	155.216
258.296	73.288	155.253
258.246	73.831	155.295
258.218	74.457	155.331
258.154	75.107	155.368
258.158	75.784	155.400
258.550	76.091	155.423
258.641	76.127	155.375
258.519	76.048	155.316
258.464	75.986	155.260
258.555	75.898	155.223
258.514	75.794	155.193
258.423	75.630	155.163
258.368	75.419	155.146
258.361	75.197	155.151
258.323	74.927	155.162
258.289	74.606	155.174
258.307	74.251	155.183
258.333	73.879	155.177
258.358	73.493	155.189
258.379	73.120	155.197
258.400	72.770	155.200
258.458	72.489	155.182
258.483	72.247	155.151
258.473	72.036	155.124
