NO_OF_FRAMES	5000
NO_OF_DATA_TYPES	3
FREQUENCY	500
TIME_STAMP	2026-06-08, 10:42:01
DATA_INCLUDED	Position
DATA_TYPES	Unidentified [1417778]_pos_X	Unidentified [1417778]_pos_Y	Unidentified [1417778]_pos_Z


258.115	73.923	119.195
258.034	74.023	119.103
258.048	74.098	118.993
258.144	74.205	118.869
258.181	74.338	118.822
258.183	74.489	118.804
258.144	74.638	118.796
258.067	74.795	118.803
257.989	74.948	118.802
257.908	75.091	118.834
257.864	75.212	118.910
257.869	75.312	118.969
257.921	75.366	119.005
258.009	75.388	118.994
258.113	75.387	118.972
258.175	75.351	118.958
258.203	75.296	118.933
258.193	75.223	118.884
258.163	75.125	118.862
258.107	75.009	118.820
258.049	74.883	118.794
258.013	74.724	118.741
257.997	74.580	118.727
257.987	74.406	118.732
258.002	74.255	118.791
258.015	74.111	118.902
258.031	73.976	119.059
258.022	73.926	119.317
258.022	73.870	119.504
258.109	73.855	119.481
258.192	73.845	119.370
258.228	73.882	119.315
258.265	73.949	119.256
258.341	74.019	119.146
258.445	74.121	119.020
258.555	74.208	118.928
258.569	74.308	118.844
258.520	74.423	118.757
258.378	74.578	118.721
258.210	74.726	118.726
258.052	74.882	118.755
257.953	75.011	118.799
257.946	75.096	118.862
258.038	75.158	118.912
258.111	75.189	118.962
258.152	75.198	119.004
258.157	75.191	119.015
258.131	75.161	118.991
258.071	75.127	118.971
257.998	75.067	118.952
257.957	74.988	118.914
257.957	74.885	118.848
257.980	74.767	118.807
258.043	74.614	118.747
258.114	74.464	118.726
258.145	74.314	118.728
258.160	74.159	118.761
258.127	74.036	118.852
258.084	73.914	118.975
258.025	73.874	119.239
257.973	73.844	119.474
258.016	73.854	119.543
258.129	73.881	119.444
258.189	73.933	119.348
258.221	74.026	119.301
258.276	74.122	119.204
258.313	74.232	119.076
258.309	74.368	118.978
258.284	74.509	118.889
258.232	74.647	118.793
258.155	74.804	118.729
258.092	74.960	118.709
258.098	75.098	118.716
258.165	75.202	118.749
258.293	75.271	118.797
258.335	75.307	118.862
258.370	75.320	118.911
258.336	75.319	118.967
258.274	75.281	119.006
258.196	75.234	119.029
258.140	75.155	119.020
258.121	75.061	118.996
258.175	74.919	118.949
258.226	74.752	118.875
258.242	74.584	118.835
258.226	74.416	118.787
258.185	74.234	118.729
258.109	74.063	118.697
258.015	73.910	118.703
257.935	73.774	118.785
257.900	73.653	118.895
257.905	73.599	119.123
257.946	73.603	119.406
258.054	73.655	119.575
258.230	73.712	119.533
258.330	73.798	119.427
258.344	73.936	119.382
258.332	74.085	119.309
258.316	74.243	119.179
258.278	74.406	119.037
258.237	74.582	118.916
258.182	74.750	118.811
258.096	74.946	118.711
258.027	75.122	118.674
257.978	75.300	118.680
257.958	75.435	118.719
257.956	75.540	118.777
257.972	75.629	118.853
258.011	75.676	118.926
258.065	75.683	118.969
258.140	75.655	118.985
258.256	75.570	118.986
258.389	75.448	118.971
258.446	75.305	118.949
258.489	75.125	118.892
258.479	74.941	118.846
258.416	74.736	118.799
258.338	74.533	118.740
258.263	74.315	118.703
258.199	74.088	118.683
258.138	73.871	118.670
258.107	73.669	118.697
258.066	73.510	118.783
258.029	73.378	118.937
257.972	73.318	119.155
257.945	73.327	119.399
257.969	73.406	119.527
258.048	73.485	119.475
258.093	73.610	119.397
258.122	73.778	119.343
258.144	73.971	119.264
258.196	74.152	119.118
258.244	74.387	118.997
258.270	74.602	118.898
258.255	74.812	118.799
258.175	75.050	118.751
258.090	75.269	118.717
258.003	75.480	118.725
257.938	75.651	118.730
257.891	75.794	118.785
257.879	75.896	118.858
257.897	75.953	118.925
257.931	75.957	118.983
257.989	75.927	119.017
258.060	75.851	119.012
258.118	75.736	119.005
258.171	75.596	118.992
258.230	75.407	118.956
258.299	75.204	118.905
258.400	74.962	118.817
258.442	74.704	118.743
258.374	74.434	118.681
258.332	74.176	118.653
258.219	73.924	118.644
258.116	73.690	118.701
258.020	73.494	118.814
257.987	73.344	118.983
257.972	73.243	119.214
258.003	73.232	119.475
258.115	73.270	119.545
258.232	73.310	119.461
258.273	73.402	119.390
258.273	73.565	119.331
258.253	73.755	119.257
258.236	73.961	119.130
258.201	74.180	119.000
258.158	74.412	118.901
258.103	74.644	118.813
258.040	74.880	118.717
258.009	75.111	118.692
257.993	75.347	118.718
257.996	75.535	118.756
257.980	75.704	118.807
257.973	75.832	118.874
257.963	75.937	118.946
257.957	75.989	118.981
257.955	75.994	119.003
257.977	75.945	119.016
258.030	75.871	119.000
258.098	75.746	118.973
258.186	75.573	118.939
258.291	75.365	118.882
258.394	75.118	118.825
258.491	74.860	118.764
258.494	74.559	118.707
258.459	74.270	118.665
258.346	73.993	118.672
258.195	73.747	118.725
258.050	73.530	118.822
257.971	73.341	118.973
257.998	73.220	119.190
258.074	73.156	119.443
258.190	73.168	119.544
258.307	73.204	119.493
258.348	73.276	119.407
258.314	73.415	119.350
258.237	73.605	119.258
258.176	73.800	119.149
258.126	74.015	119.014
258.090	74.274	118.932
258.067	74.504	118.826
258.044	74.743	118.754
258.019	74.986	118.719
257.993	75.230	118.733
257.961	75.454	118.763
257.933	75.641	118.804
257.911	75.793	118.870
257.894	75.926	118.917
257.888	76.001	118.950
257.895	76.041	118.966
257.926	76.030	118.971
257.978	75.983	118.965
258.046	75.886	118.946
258.113	75.762	118.932
258.151	75.599	118.908
258.182	75.402	118.843
258.167	75.179	118.798
258.158	74.944	118.761
258.146	74.691	118.720
258.128	74.439	118.715
258.146	74.173	118.728
258.186	73.911	118.765
258.257	73.690	118.856
258.290	73.483	119.035
258.280	73.345	119.246
258.234	73.274	119.469
258.227	73.262	119.496
258.225	73.281	119.397
258.187	73.341	119.320
258.167	73.444	119.271
258.226	73.573	119.168
258.292	73.734	119.061
258.310	73.913	118.963
258.261	74.131	118.906
258.179	74.351	118.837
258.065	74.574	118.776
257.930	74.807	118.735
257.833	75.041	118.749
257.791	75.245	118.776
257.806	75.423	118.814
257.875	75.579	118.875
257.962	75.682	118.905
258.044	75.761	118.929
258.098	75.805	118.932
258.116	75.805	118.916
258.113	75.788	118.910
258.091	75.739	118.889
258.063	75.651	118.858
258.039	75.533	118.820
258.029	75.384	118.793
258.037	75.202	118.745
258.054	75.002	118.719
258.088	74.794	118.714
258.109	74.574	118.732
258.103	74.362	118.767
258.081	74.150	118.811
258.042	73.954	118.888
258.015	73.777	118.980
258.004	73.661	119.122
258.033	73.582	119.253
258.104	73.527	119.368
258.285	73.510	119.327
258.387	73.545	119.242
258.446	73.577	119.135
258.409	73.674	119.057
258.310	73.811	118.966
258.209	73.961	118.919
258.104	74.136	118.887
258.068	74.301	118.845
258.097	74.474	118.803
258.130	74.632	118.774
258.143	74.794	118.755
258.127	74.946	118.780
258.112	75.088	118.795
258.065	75.222	118.827
258.003	75.346	118.869
257.959	75.431	118.884
257.953	75.495	118.879
257.973	75.508	118.861
258.006	75.507	118.825
258.068	75.468	118.811
258.128	75.393	118.789
258.154	75.307	118.772
258.150	75.191	118.760
258.126	75.067	118.759
258.088	74.927	118.755
258.044	74.761	118.753
258.013	74.607	118.767
257.986	74.443	118.762
257.978	74.272	118.774
257.981	74.102	118.791
257.994	73.955	118.837
258.016	73.827	118.875
258.028	73.714	118.906
258.023	73.642	118.969
258.003	73.601	119.028
257.989	73.601	119.073
257.985	73.646	119.117
258.037	73.721	119.126
258.144	73.816	119.074
258.286	73.919	118.994
258.358	74.055	118.940
258.386	74.186	118.882
258.367	74.342	118.841
258.270	74.513	118.824
258.170	74.681	118.809
258.078	74.845	118.808
258.038	74.999	118.804
258.088	75.121	118.785
258.150	75.219	118.800
258.202	75.281	118.858
258.215	75.328	118.903
258.203	75.343	118.914
258.164	75.350	118.936
258.083	75.321	118.924
258.024	75.266	118.921
257.993	75.174	118.906
257.995	75.056	118.869
258.021	74.930	118.832
258.069	74.775	118.800
258.114	74.605	118.779
258.132	74.435	118.776
258.129	74.253	118.775
258.107	74.083	118.785
258.051	73.921	118.823
258.008	73.773	118.875
257.959	73.650	119.000
257.916	73.591	119.172
257.915	73.577	119.385
257.989	73.600	119.462
258.131	73.632	119.365
258.228	73.717	119.274
258.251	73.837	119.242
258.276	73.964	119.169
258.298	74.114	119.064
258.311	74.281	118.972
258.331	74.440	118.895
258.353	74.609	118.835
258.408	74.781	118.780
258.438	74.922	118.755
258.403	75.066	118.750
258.351	75.207	118.763
258.252	75.328	118.798
258.172	75.418	118.869
258.098	75.476	118.928
258.058	75.496	118.986
258.089	75.477	118.980
258.165	75.399	118.954
258.211	75.298	118.939
258.217	75.183	118.952
258.193	75.050	118.926
258.159	74.886	118.868
258.090	74.726	118.828
258.019	74.546	118.800
257.991	74.350	118.770
257.988	74.154	118.754
258.014	73.955	118.750
258.053	73.772	118.784
258.083	73.603	118.840
258.098	73.459	118.987
258.082	73.395	119.190
258.053	73.391	119.473
258.059	73.443	119.626
258.164	73.477	119.525
258.222	73.563	119.375
258.204	73.703	119.291
258.206	73.848	119.211
258.216	74.006	119.079
258.236	74.195	118.968
258.247	74.394	118.881
258.213	74.592	118.816
258.156	74.793	118.756
258.077	74.997	118.737
258.020	75.190	118.747
257.990	75.359	118.773
258.005	75.497	118.813
258.055	75.598	118.866
258.145	75.659	118.918
258.266	75.679	118.950
258.388	75.639	118.936
258.424	75.567	118.932
258.429	75.476	118.907
258.415	75.348	118.898
258.378	75.188	118.880
258.315	75.008	118.863
258.243	74.811	118.819
258.197	74.595	118.764
258.160	74.387	118.722
258.145	74.141	118.702
258.134	73.924	118.712
258.094	73.722	118.748
258.052	73.527	118.801
258.020	73.359	118.876
257.992	73.266	119.039
257.956	73.224	119.241
257.927	73.253	119.496
257.980	73.348	119.588
258.085	73.422	119.459
258.159	73.556	119.323
258.205	73.749	119.252
258.262	73.948	119.164
258.302	74.166	119.050
258.304	74.404	118.974
258.276	74.625	118.882
258.212	74.846	118.800
258.108	75.078	118.746
258.023	75.307	118.738
257.953	75.508	118.744
257.938	75.672	118.777
257.959	75.795	118.828
258.027	75.879	118.896
258.133	75.917	118.957
258.264	75.899	118.999
258.425	75.808	118.996
258.505	75.675	118.972
258.509	75.521	118.949
258.473	75.339	118.925
258.361	75.118	118.908
258.241	74.897	118.869
258.148	74.664	118.815
258.118	74.406	118.757
258.181	74.116	118.705
258.234	73.849	118.682
258.245	73.579	118.711
258.203	73.352	118.770
258.132	73.162	118.882
258.015	73.054	119.066
257.911	73.006	119.349
257.867	73.047	119.610
257.967	73.131	119.615
258.102	73.221	119.471
258.194	73.365	119.371
258.260	73.569	119.303
258.313	73.789	119.217
258.344	74.034	119.074
258.325	74.278	118.961
258.264	74.518	118.862
258.172	74.761	118.770
258.041	75.015	118.714
257.932	75.261	118.708
257.863	75.479	118.718
257.846	75.677	118.757
257.864	75.815	118.831
257.914	75.918	118.905
257.966	75.989	118.948
258.012	76.007	118.979
258.042	75.982	118.966
258.060	75.922	118.945
258.086	75.840	118.922
258.114	75.716	118.889
258.158	75.557	118.857
258.238	75.349	118.798
258.344	75.122	118.754
258.462	74.854	118.721
258.483	74.567	118.674
258.478	74.268	118.655
258.389	74.002	118.684
258.246	73.748	118.758
258.109	73.532	118.828
258.003	73.342	118.948
257.991	73.205	119.064
258.061	73.105	119.186
258.115	73.063	119.345
258.157	73.109	119.456
258.193	73.183	119.410
258.188	73.308	119.280
258.114	73.482	119.190
258.028	73.680	119.095
257.963	73.896	119.007
257.934	74.143	118.915
257.928	74.388	118.843
257.958	74.618	118.783
257.988	74.865	118.748
258.002	75.087	118.757
257.996	75.319	118.771
257.988	75.510	118.795
257.980	75.670	118.842
257.968	75.792	118.887
257.968	75.894	118.935
257.979	75.944	118.957
258.012	75.950	118.951
258.063	75.904	118.947
258.117	75.821	118.919
258.164	75.706	118.903
258.188	75.547	118.864
258.197	75.359	118.832
258.182	75.161	118.796
258.153	74.933	118.765
258.133	74.697	118.737
258.123	74.457	118.732
258.125	74.199	118.732
258.164	73.943	118.743
258.231	73.713	118.806
258.280	73.486	118.865
258.278	73.299	119.017
258.232	73.199	119.195
258.137	73.160	119.405
258.093	73.194	119.467
258.104	73.225	119.372
258.122	73.318	119.276
258.171	73.444	119.214
258.257	73.604	119.155
258.313	73.787	119.073
258.323	73.990	118.980
258.275	74.229	118.911
258.185	74.462	118.833
258.052	74.696	118.783
257.923	74.936	118.755
257.852	75.159	118.769
257.828	75.351	118.787
257.863	75.514	118.830
257.932	75.652	118.881
258.009	75.746	118.941
258.058	75.794	118.984
258.088	75.803	118.983
258.093	75.789	118.975
258.080	75.734	118.952
258.052	75.646	118.918
258.030	75.523	118.881
258.029	75.369	118.834
258.029	75.180	118.792
258.058	74.974	118.759
258.098	74.741	118.738
258.133	74.505	118.727
258.134	74.260	118.750
258.124	74.023	118.785
258.101	73.806	118.844
258.092	73.609	118.959
258.093	73.461	119.126
258.139	73.351	119.322
258.263	73.317	119.488
258.365	73.297	119.435
258.461	73.317	119.297
258.428	73.397	119.220
258.351	73.506	119.162
258.286	73.663	119.092
258.207	73.834	118.974
258.157	74.027	118.905
258.131	74.217	118.837
258.123	74.423	118.799
258.088	74.620	118.777
258.032	74.827	118.779
257.981	75.017	118.784
257.939	75.203	118.787
257.883	75.367	118.829
257.857	75.503	118.876
257.868	75.601	118.919
257.906	75.664	118.915
257.970	75.703	118.889
258.045	75.690	118.856
258.112	75.650	118.841
258.166	75.587	118.831
258.180	75.475	118.822
258.173	75.360	118.803
258.148	75.197	118.778
258.111	75.030	118.756
258.073	74.837	118.742
258.047	74.627	118.730
258.025	74.417	118.748
258.019	74.204	118.770
258.030	73.993	118.805
258.048	73.803	118.860
258.070	73.622	118.914
258.096	73.474	118.995
258.142	73.371	119.071
258.217	73.311	119.161
258.190	73.292	119.241
258.183	73.334	119.255
258.185	73.411	119.198
258.170	73.515	119.106
258.158	73.662	119.046
258.122	73.840	118.964
258.117	74.037	118.922
258.118	74.234	118.885
258.126	74.435	118.839
258.117	74.625	118.827
258.078	74.818	118.826
258.055	74.998	118.810
258.026	75.175	118.799
257.997	75.340	118.824
257.978	75.476	118.844
257.974	75.576	118.876
257.980	75.639	118.895
258.015	75.669	118.896
258.062	75.658	118.881
258.114	75.615	118.863
258.161	75.536	118.848
258.169	75.425	118.824
258.169	75.293	118.812
258.139	75.148	118.797
258.104	74.969	118.777
258.061	74.793	118.770
258.040	74.592	118.781
258.011	74.387	118.777
257.994	74.173	118.778
257.988	73.963	118.805
257.996	73.776	118.846
258.000	73.600	118.890
258.005	73.461	118.981
258.020	73.371	119.087
258.069	73.337	119.187
258.135	73.338	119.295
258.289	73.362	119.277
258.346	73.438	119.197
258.377	73.522	119.099
258.328	73.663	119.018
258.213	73.843	118.938
258.121	74.041	118.902
258.053	74.251	118.876
258.041	74.449	118.852
258.069	74.646	118.837
258.094	74.825	118.802
258.089	75.007	118.803
258.074	75.176	118.803
258.058	75.326	118.812
258.030	75.470	118.841
257.994	75.563	118.861
257.970	75.639	118.876
257.970	75.673	118.874
257.985	75.674	118.857
258.015	75.640	118.829
258.066	75.566	118.813
258.114	75.458	118.799
258.162	75.325	118.786
258.171	75.169	118.787
258.159	74.988	118.787
258.136	74.802	118.788
258.104	74.600	118.798
258.080	74.401	118.798
258.045	74.176	118.782
258.034	73.959	118.794
258.039	73.773	118.817
258.067	73.574	118.831
258.123	73.407	118.867
258.199	73.273	118.927
258.233	73.183	118.995
258.244	73.158	119.081
258.216	73.168	119.167
258.153	73.254	119.238
258.118	73.374	119.198
258.121	73.515	119.114
258.115	73.692	119.034
258.124	73.882	118.956
258.146	74.105	118.916
258.164	74.329	118.882
258.142	74.544	118.862
258.100	74.758	118.862
258.064	74.960	118.842
258.020	75.170	118.802
257.961	75.366	118.792
257.935	75.543	118.802
257.934	75.664	118.825
257.963	75.759	118.854
258.003	75.835	118.855
258.062	75.853	118.863
258.127	75.831	118.867
258.160	75.774	118.850
258.158	75.682	118.843
258.142	75.570	118.834
258.114	75.409	118.821
258.079	75.236	118.809
258.049	75.034	118.787
258.025	74.825	118.796
258.022	74.599	118.800
258.035	74.355	118.786
258.050	74.111	118.790
258.061	73.873	118.804
258.056	73.658	118.818
258.071	73.449	118.838
258.100	73.273	118.889
258.144	73.151	118.949
258.231	73.072	119.017
258.209	73.049	119.122
258.204	73.071	119.213
258.181	73.173	119.242
258.157	73.306	119.166
258.127	73.463	119.078
258.093	73.673	119.011
258.084	73.895	118.956
258.108	74.125	118.904
258.136	74.378	118.868
258.147	74.603	118.865
258.117	74.831	118.855
258.078	75.057	118.813
258.018	75.264	118.791
257.956	75.479	118.785
257.927	75.644	118.801
257.915	75.767	118.832
257.935	75.864	118.869
257.977	75.914	118.864
258.053	75.930	118.863
258.118	75.883	118.853
258.162	75.807	118.841
258.165	75.700	118.835
258.146	75.564	118.821
258.125	75.387	118.814
258.097	75.193	118.794
258.070	74.976	118.786
258.061	74.734	118.797
258.061	74.485	118.783
258.078	74.227	118.777
258.104	73.966	118.787
258.129	73.715	118.802
258.167	73.468	118.806
258.232	73.252	118.828
258.255	73.073	118.884
258.255	72.941	118.956
258.203	72.893	119.040
258.110	72.902	119.152
258.045	72.971	119.245
258.041	73.112	119.243
258.078	73.268	119.157
258.135	73.453	119.068
258.168	73.672	119.000
258.187	73.928	118.948
258.183	74.187	118.926
258.147	74.448	118.891
258.093	74.706	118.866
258.036	74.964	118.840
257.963	75.216	118.796
257.924	75.451	118.794
257.912	75.643	118.812
257.934	75.804	118.821
257.982	75.935	118.846
258.050	76.026	118.882
258.104	76.055	118.903
258.134	76.042	118.899
258.140	75.996	118.900
258.124	75.900	118.886
258.091	75.788	118.866
258.060	75.619	118.840
258.041	75.433	118.822
258.024	75.214	118.803
258.029	74.966	118.783
258.048	74.701	118.789
258.076	74.438	118.790
258.090	74.163	118.791
258.095	73.894	118.805
258.073	73.635	118.822
258.090	73.398	118.849
258.124	73.200	118.918
258.178	73.057	119.007
258.227	72.952	119.095
258.224	72.915	119.212
258.214	72.945	119.306
258.195	73.040	119.265
258.174	73.176	119.170
258.135	73.355	119.092
258.100	73.552	119.037
258.125	73.786	118.962
258.156	74.024	118.900
258.175	74.276	118.862
258.152	74.527	118.856
258.110	74.769	118.850
258.051	74.993	118.799
257.979	75.229	118.791
257.919	75.444	118.800
257.901	75.631	118.830
257.916	75.761	118.866
257.946	75.857	118.882
258.022	75.912	118.884
258.103	75.927	118.879
258.156	75.892	118.867
258.178	75.838	118.859
258.158	75.720	118.838
258.133	75.580	118.821
258.107	75.417	118.812
258.082	75.210	118.803
258.056	74.992	118.790
258.052	74.756	118.792
258.070	74.519	118.799
258.085	74.245	118.793
258.100	73.978	118.804
258.120	73.731	118.817
258.138	73.481	118.828
258.177	73.276	118.867
258.221	73.110	118.949
258.197	72.991	119.026
258.165	72.952	119.126
258.113	72.956	119.221
258.084	73.038	119.265
258.108	73.163	119.198
258.104	73.312	119.121
258.109	73.511	119.067
258.125	73.724	118.990
258.147	73.965	118.927
258.154	74.218	118.908
258.122	74.472	118.886
258.081	74.709	118.870
258.043	74.938	118.819
257.996	75.176	118.802
257.952	75.403	118.793
257.941	75.589	118.817
257.944	75.743	118.845
257.968	75.854	118.870
258.007	75.933	118.875
258.070	75.961	118.874
258.130	75.935	118.884
258.167	75.893	118.881
258.169	75.798	118.864
258.148	75.675	118.848
258.117	75.506	118.831
258.077	75.315	118.808
258.047	75.099	118.795
258.024	74.869	118.794
258.029	74.615	118.797
258.031	74.359	118.784
258.048	74.089	118.792
258.066	73.826	118.800
258.093	73.589	118.825
258.135	73.362	118.857
258.186	73.179	118.923
258.261	73.018	118.981
258.216	72.935	119.085
258.190	72.913	119.190
258.117	72.971	119.285
258.098	73.069	119.228
258.088	73.223	119.150
258.086	73.391	119.076
258.099	73.589	119.011
258.154	73.810	118.943
258.185	74.070	118.907
258.169	74.318	118.881
258.142	74.565	118.863
258.088	74.799	118.839
258.017	75.029	118.794
257.936	75.264	118.795
257.901	75.474	118.801
257.897	75.635	118.829
257.929	75.767	118.854
257.991	75.852	118.870
258.068	75.902	118.871
258.131	75.906	118.875
258.163	75.870	118.872
258.159	75.796	118.857
258.131	75.687	118.840
258.096	75.544	118.830
258.063	75.372	118.813
258.036	75.167	118.799
258.036	74.936	118.793
258.039	74.701	118.798
258.057	74.441	118.786
258.085	74.173	118.786
258.108	73.910	118.799
258.116	73.656	118.817
258.141	73.412	118.829
258.176	73.216	118.865
258.239	73.052	118.935
258.195	72.945	119.025
258.154	72.901	119.118
258.115	72.918	119.216
258.091	73.007	119.247
258.132	73.133	119.183
258.138	73.298	119.105
258.160	73.493	119.051
258.160	73.714	118.988
258.178	73.968	118.931
258.166	74.220	118.899
258.129	74.466	118.868
258.090	74.711	118.858
258.043	74.940	118.819
258.000	75.176	118.797
257.955	75.397	118.794
257.945	75.585	118.812
257.948	75.731	118.840
257.972	75.838	118.861
258.006	75.912	118.879
258.064	75.943	118.876
258.124	75.917	118.875
258.157	75.871	118.880
258.161	75.764	118.860
258.143	75.640	118.855
258.119	75.471	118.836
258.088	75.281	118.812
258.062	75.069	118.794
258.041	74.821	118.798
258.041	74.581	118.795
258.047	74.316	118.797
258.056	74.048	118.798
258.052	73.798	118.813
258.056	73.551	118.826
258.072	73.327	118.856
258.107	73.161	118.917
258.143	73.023	118.989
258.236	72.945	119.056
258.234	72.904	119.158
258.220	72.948	119.262
258.210	73.045	119.235
258.174	73.187	119.158
258.136	73.352	119.076
258.089	73.565	119.023
258.088	73.805	118.950
258.136	74.050	118.896
258.162	74.307	118.859
258.162	74.542	118.845
258.123	74.773	118.847
258.078	74.999	118.826
258.013	75.221	118.799
257.966	75.433	118.808
257.932	75.598	118.833
257.928	75.712	118.875
257.960	75.805	118.898
258.005	75.847	118.901
258.078	75.841	118.896
258.149	75.790	118.885
258.179	75.704	118.868
258.183	75.589	118.852
258.165	75.440	118.835
258.143	75.254	118.820
258.109	75.046	118.810
258.077	74.828	118.814
258.064	74.594	118.808
258.064	74.340	118.801
258.080	74.077	118.804
258.092	73.821	118.820
258.119	73.571	118.845
258.156	73.347	118.890
258.205	73.163	118.987
258.218	73.033	119.101
258.220	72.951	119.223
258.178	72.946	119.357
258.175	73.005	119.334
258.172	73.091	119.231
258.145	73.234	119.149
258.128	73.387	119.084
258.156	73.585	119.010
258.207	73.807	118.915
258.217	74.036	118.881
258.193	74.268	118.864
258.145	74.510	118.847
258.075	74.726	118.835
258.006	74.957	118.807
257.926	75.171	118.797
257.891	75.365	118.810
257.909	75.529	118.853
257.947	75.645	118.871
258.007	75.724	118.876
258.083	75.777	118.876
258.129	75.774	118.866
258.160	75.747	118.851
258.139	75.677	118.834
258.115	75.581	118.828
258.076	75.445	118.812
258.046	75.289	118.804
258.029	75.098	118.788
258.012	74.888	118.801
258.033	74.658	118.789
258.051	74.424	118.794
258.067	74.179	118.804
258.079	73.940	118.819
258.070	73.719	118.842
258.056	73.505	118.876
258.053	73.332	118.928
258.062	73.195	118.989
258.095	73.115	119.065
258.185	73.078	119.145
258.254	73.081	119.204
258.313	73.121	119.197
258.335	73.232	119.133
258.288	73.371	119.066
258.203	73.547	119.018
258.110	73.746	118.945
258.066	73.972	118.920
258.072	74.193	118.883
258.116	74.412	118.841
258.138	74.621	118.835
258.115	74.819	118.835
258.081	75.001	118.814
258.046	75.191	118.803
257.986	75.364	118.829
257.950	75.500	118.864
257.944	75.581	118.887
257.958	75.639	118.899
258.009	75.649	118.883
258.074	75.614	118.873
258.134	75.549	118.845
258.172	75.435	118.835
258.184	75.312	118.823
258.175	75.157	118.813
258.140	74.970	118.800
258.101	74.785	118.813
258.066	74.582	118.809
258.032	74.358	118.800
258.012	74.138	118.807
257.993	73.914	118.821
258.004	73.695	118.840
258.021	73.500	118.885
258.028	73.330	118.972
258.023	73.224	119.064
258.043	73.165	119.168
258.078	73.147	119.279
258.183	73.173	119.297
258.345	73.244	119.216
258.347	73.334	119.149
258.340	73.453	119.058
258.296	73.615	118.979
258.246	73.816	118.915
258.207	74.034	118.892
258.150	74.251	118.866
258.129	74.462	118.846
258.111	74.658	118.831
258.098	74.843	118.808
258.088	75.016	118.798
258.068	75.169	118.830
258.051	75.309	118.861
258.042	75.409	118.879
258.021	75.489	118.900
258.010	75.534	118.891
258.005	75.536	118.880
258.018	75.507	118.859
258.031	75.441	118.835
258.051	75.348	118.813
258.107	75.220	118.794
258.154	75.062	118.800
258.182	74.887	118.814
258.179	74.704	118.832
258.164	74.512	118.822
258.129	74.310	118.821
258.082	74.099	118.827
258.034	73.898	118.843
257.990	73.700	118.869
257.964	73.532	118.917
257.962	73.400	119.001
257.964	73.311	119.093
257.993	73.262	119.196
258.041	73.261	119.289
258.138	73.298	119.276
258.266	73.360	119.199
258.398	73.449	119.104
258.359	73.562	119.036
258.317	73.706	118.956
258.240	73.889	118.896
258.159	74.074	118.857
258.086	74.284	118.838
258.046	74.476	118.835
258.030	74.669	118.841
258.042	74.842	118.824
258.065	74.988	118.804
258.092	75.125	118.833
258.097	75.243	118.872
258.091	75.336	118.892
258.073	75.403	118.898
258.047	75.440	118.877
258.023	75.440	118.863
258.014	75.409	118.849
258.013	75.347	118.825
258.035	75.247	118.807
258.081	75.114	118.791
258.134	74.966	118.791
258.184	74.787	118.799
258.196	74.613	118.820
258.177	74.421	118.826
258.142	74.225	118.835
258.089	74.026	118.833
258.026	73.838	118.843
257.973	73.650	118.875
257.944	73.499	118.927
257.940	73.374	118.996
257.957	73.293	119.076
257.992	73.251	119.164
258.056	73.257	119.260
258.186	73.298	119.270
258.348	73.372	119.193
258.406	73.454	119.097
258.404	73.576	119.026
258.324	73.729	118.942
258.213	73.922	118.906
258.115	74.118	118.884
258.049	74.319	118.854
258.061	74.507	118.834
258.118	74.675	118.818
258.163	74.835	118.811
258.182	74.983	118.819
258.178	75.122	118.842
258.158	75.225	118.867
258.109	75.320	118.881
258.045	75.388	118.887
258.000	75.425	118.889
257.989	75.409	118.867
258.000	75.382	118.843
258.039	75.302	118.810
258.089	75.176	118.787
258.135	75.050	118.784
258.147	74.894	118.788
258.142	74.727	118.805
258.120	74.550	118.813
258.081	74.367	118.820
258.037	74.176	118.822
257.997	73.993	118.840
257.972	73.799	118.845
257.966	73.620	118.867
257.977	73.477	118.925
258.001	73.359	118.997
258.007	73.307	119.093
258.010	73.282	119.181
258.016	73.300	119.268
258.056	73.347	119.242
258.107	73.448	119.167
258.170	73.555	119.082
258.234	73.687	119.013
258.330	73.846	118.945
258.436	74.024	118.915
258.454	74.172	118.860
258.443	74.330	118.823
258.336	74.525	118.818
258.220	74.702	118.820
258.112	74.876	118.839
258.062	75.013	118.841
258.096	75.122	118.880
258.169	75.186	118.901
258.219	75.222	118.951
258.241	75.229	118.981
258.224	75.203	118.963
258.194	75.156	118.936
258.135	75.098	118.912
258.060	74.993	118.876
258.004	74.874	118.863
257.989	74.728	118.846
258.009	74.572	118.817
258.051	74.381	118.784
258.107	74.191	118.793
258.140	73.989	118.798
258.143	73.813	118.836
258.118	73.632	118.879
258.087	73.484	118.999
258.031	73.391	119.151
257.985	73.319	119.335
257.968	73.337	119.529
258.065	73.345	119.468
258.170	73.390	119.329
258.217	73.477	119.251
258.257	73.610	119.210
258.291	73.728	119.111
258.321	73.898	119.000
258.316	74.064	118.919
258.312	74.244	118.858
258.299	74.422	118.810
258.302	74.592	118.785
258.377	74.752	118.763
258.376	74.883	118.779
258.356	75.001	118.812
258.315	75.107	118.853
258.262	75.177	118.930
258.226	75.223	118.983
258.176	75.228	119.000
258.160	75.201	119.006
258.163	75.133	118.971
258.196	75.020	118.946
258.205	74.885	118.910
258.187	74.742	118.877
258.164	74.587	118.827
258.120	74.420	118.789
258.058	74.234	118.759
257.998	74.046	118.754
257.972	73.851	118.758
257.958	73.672	118.800
257.986	73.511	118.860
258.024	73.376	119.009
258.064	73.293	119.194
258.082	73.266	119.456
258.119	73.311	119.607
258.222	73.340	119.545
258.284	73.388	119.410
258.273	73.494	119.323
258.240	73.643	119.252
258.220	73.782	119.121
258.217	73.939	118.978
258.192	74.124	118.895
258.170	74.312	118.810
258.122	74.501	118.744
258.079	74.680	118.730
258.028	74.877	118.742
258.001	75.045	118.764
258.010	75.173	118.812
258.066	75.267	118.888
258.181	75.330	118.945
258.332	75.344	118.986
258.447	75.315	118.977
258.492	75.229	118.968
258.501	75.135	118.933
258.441	75.031	118.926
258.377	74.888	118.910
258.296	74.740	118.889
258.246	74.537	118.834
258.222	74.328	118.781
258.224	74.109	118.725
258.206	73.872	118.702
258.165	73.662	118.724
258.108	73.468	118.755
258.057	73.291	118.802
257.990	73.168	118.935
257.925	73.100	119.133
257.889	73.069	119.388
257.905	73.131	119.591
258.038	73.212	119.548
258.181	73.290	119.409
258.263	73.431	119.327
258.320	73.625	119.274
258.359	73.811	119.183
258.358	74.011	119.024
258.326	74.219	118.929
258.262	74.435	118.843
258.164	74.643	118.761
258.055	74.854	118.712
257.974	75.060	118.700
257.933	75.232	118.740
257.929	75.375	118.780
257.960	75.480	118.848
258.009	75.546	118.936
258.072	75.564	118.989
258.141	75.538	119.004
258.239	75.469	119.001
258.361	75.359	118.983
258.490	75.189	118.940
258.486	75.012	118.898
258.479	74.813	118.840
258.405	74.602	118.780
258.322	74.362	118.734
258.239	74.129	118.709
258.160	73.878	118.694
258.122	73.637	118.694
258.120	73.403	118.719
258.116	73.193	118.789
258.092	73.031	118.965
258.045	72.933	119.150
257.993	72.908	119.398
257.983	72.950	119.553
258.036	73.025	119.515
258.101	73.122	119.409
258.125	73.270	119.351
258.160	73.447	119.274
258.219	73.663	119.172
258.272	73.871	119.012
258.296	74.122	118.923
258.268	74.353	118.844
258.199	74.598	118.779
258.102	74.835	118.736
258.000	75.056	118.718
257.918	75.260	118.741
257.879	75.424	118.779
257.876	75.559	118.842
257.894	75.652	118.913
257.940	75.690	118.977
258.001	75.687	118.994
258.064	75.640	118.999
258.116	75.558	118.983
258.171	75.439	118.955
258.219	75.295	118.905
258.268	75.106	118.875
258.359	74.884	118.801
258.463	74.640	118.730
258.469	74.378	118.676
258.431	74.115	118.659
258.355	73.841	118.667
258.224	73.591	118.711
258.105	73.380	118.798
258.024	73.200	118.958
257.985	73.077	119.135
258.009	72.989	119.356
258.083	72.978	119.506
258.192	72.999	119.492
258.248	73.061	119.401
258.251	73.167	119.322
258.233	73.316	119.238
258.188	73.496	119.139
258.137	73.688	119.036
258.090	73.911	118.927
258.040	74.137	118.843
258.001	74.365	118.759
258.000	74.583	118.721
257.994	74.805	118.715
258.004	75.018	118.739
257.997	75.200	118.781
257.981	75.349	118.854
257.981	75.481	118.919
257.978	75.558	118.966
257.983	75.592	118.991
258.003	75.586	118.977
258.039	75.541	118.971
258.086	75.452	118.961
258.151	75.321	118.923
258.220	75.154	118.891
258.281	74.956	118.847
258.332	74.738	118.797
258.396	74.494	118.750
258.460	74.223	118.715
258.383	73.965	118.713
258.324	73.698	118.710
258.215	73.461	118.751
258.134	73.259	118.853
258.061	73.112	119.053
258.014	73.004	119.272
258.007	72.993	119.496
258.117	72.997	119.511
258.241	73.026	119.411
258.287	73.092	119.346
258.280	73.224	119.304
258.270	73.383	119.216
258.264	73.561	119.104
258.216	73.763	118.966
258.152	74.003	118.886
258.070	74.226	118.805
258.005	74.457	118.758
257.948	74.676	118.737
257.939	74.886	118.731
257.960	75.075	118.766
257.989	75.251	118.832
258.003	75.377	118.903
258.008	75.484	118.970
258.012	75.550	119.013
258.007	75.572	119.014
258.000	75.565	119.005
257.999	75.496	118.984
258.016	75.415	118.957
258.047	75.286	118.912
258.087	75.123	118.863
258.116	74.927	118.823
258.150	74.714	118.770
258.158	74.498	118.744
258.155	74.265	118.740
258.164	74.022	118.749
258.187	73.786	118.789
258.223	73.549	118.848
258.309	73.343	119.008
258.293	73.198	119.230
258.286	73.108	119.472
258.306	73.070	119.495
258.315	73.057	119.403
258.265	73.092	119.316
258.221	73.195	119.285
258.242	73.300	119.202
258.307	73.426	119.083
258.344	73.584	118.959
258.301	73.776	118.894
258.218	73.987	118.838
258.107	74.192	118.785
257.977	74.415	118.755
257.865	74.627	118.756
257.810	74.817	118.783
257.808	74.997	118.835
257.842	75.135	118.890
257.921	75.246	118.924
258.008	75.326	118.947
258.098	75.367	118.947
258.138	75.378	118.923
258.154	75.366	118.901
258.145	75.314	118.874
258.124	75.240	118.849
258.102	75.130	118.813
258.086	74.986	118.777
258.086	74.836	118.744
258.096	74.638	118.712
258.105	74.451	118.709
258.121	74.234	118.728
258.136	74.016	118.751
258.132	73.809	118.811
258.129	73.617	118.862
258.133	73.428	118.963
258.143	73.304	119.092
258.201	73.207	119.222
258.196	73.155	119.357
258.204	73.145	119.361
258.224	73.176	119.250
258.219	73.261	119.167
258.186	73.366	119.098
258.146	73.496	119.034
258.122	73.667	118.955
258.105	73.840	118.883
258.093	74.017	118.826
258.073	74.199	118.808
258.038	74.390	118.797
258.010	74.562	118.787
257.983	74.749	118.782
257.971	74.905	118.797
257.953	75.041	118.847
257.959	75.160	118.909
257.966	75.240	118.946
257.997	75.291	118.945
258.056	75.306	118.931
258.113	75.285	118.895
258.171	75.233	118.865
258.198	75.155	118.853
258.207	75.051	118.829
258.190	74.923	118.803
258.162	74.765	118.772
258.113	74.611	118.760
258.074	74.432	118.747
258.046	74.238	118.747
258.042	74.029	118.767
258.063	73.839	118.816
258.107	73.648	118.880
258.191	73.476	119.013
258.268	73.343	119.176
258.287	73.239	119.335
258.324	73.194	119.420
258.319	73.179	119.348
258.267	73.216	119.252
258.175	73.300	119.197
258.131	73.406	119.128
258.198	73.502	119.029
258.279	73.633	118.918
258.306	73.792	118.878
258.282	73.978	118.860
258.211	74.152	118.819
258.102	74.338	118.797
257.992	74.522	118.794
257.890	74.704	118.806
257.849	74.859	118.846
257.855	74.976	118.894
257.916	75.080	118.924
258.017	75.137	118.936
258.104	75.172	118.916
258.161	75.172	118.906
258.174	75.162	118.876
258.161	75.114	118.843
258.122	75.053	118.827
258.071	74.965	118.811
258.040	74.851	118.770
258.017	74.713	118.753
258.018	74.554	118.727
258.044	74.390	118.736
258.075	74.217	118.760
258.101	74.022	118.781
258.105	73.849	118.835
258.088	73.686	118.896
258.061	73.544	118.991
258.028	73.442	119.113
258.005	73.375	119.226
258.023	73.340	119.328
258.105	73.351	119.325
258.236	73.385	119.223
258.371	73.437	119.131
258.425	73.505	119.059
258.441	73.599	118.980
258.415	73.724	118.914
258.326	73.889	118.883
258.232	74.045	118.852
258.154	74.199	118.838
258.102	74.356	118.819
258.124	74.486	118.798
258.162	74.594	118.783
258.206	74.691	118.799
258.207	74.773	118.845
258.191	74.845	118.878
258.150	74.907	118.903
258.098	74.940	118.899
258.045	74.954	118.893
258.016	74.929	118.865
258.002	74.886	118.843
258.020	74.816	118.809
258.067	74.722	118.775
258.118	74.605	118.756
258.137	74.479	118.755
258.147	74.345	118.763
258.140	74.196	118.775
258.106	74.051	118.781
258.060	73.911	118.799
258.013	73.769	118.824
257.979	73.635	118.840
257.966	73.514	118.890
257.976	73.436	118.978
257.994	73.380	119.063
258.017	73.373	119.159
258.027	73.399	119.251
258.057	73.456	119.266
258.092	73.537	119.203
258.121	73.636	119.118
258.127	73.748	119.021
258.139	73.884	118.966
258.191	74.039	118.912
258.276	74.187	118.854
258.392	74.308	118.816
258.430	74.439	118.794
258.443	74.560	118.769
258.389	74.689	118.762
258.286	74.794	118.804
258.184	74.887	118.856
258.123	74.961	118.917
258.112	74.989	118.958
258.192	74.970	118.964
258.272	74.904	118.948
258.323	74.830	118.960
258.310	74.732	118.940
258.270	74.623	118.894
258.190	74.507	118.859
258.081	74.376	118.821
257.998	74.226	118.805
257.956	74.051	118.778
257.959	73.875	118.761
258.002	73.706	118.751
258.044	73.538	118.775
258.084	73.382	118.822
258.087	73.266	118.953
258.066	73.205	119.129
258.031	73.176	119.380
258.016	73.221	119.589
258.099	73.267	119.531
258.193	73.334	119.386
258.212	73.439	119.291
258.231	73.581	119.227
258.272	73.731	119.121
258.302	73.900	118.979
258.323	74.087	118.906
258.304	74.268	118.835
258.231	74.468	118.786
258.159	74.648	118.740
258.091	74.834	118.738
258.074	74.984	118.753
258.095	75.113	118.791
258.187	75.203	118.860
258.328	75.238	118.927
258.418	75.229	118.961
258.468	75.182	118.980
258.474	75.104	118.974
258.423	75.013	118.971
258.354	74.888	118.965
258.283	74.749	118.942
258.240	74.572	118.903
258.227	74.372	118.841
258.253	74.133	118.770
258.263	73.912	118.727
258.246	73.679	118.714
258.200	73.453	118.706
258.117	73.259	118.725
258.041	73.085	118.800
257.955	72.964	118.950
257.912	72.895	119.162
257.891	72.909	119.456
257.977	72.972	119.602
258.144	73.069	119.539
258.282	73.176	119.431
258.338	73.344	119.357
258.351	73.534	119.278
258.352	73.741	119.174
258.327	73.954	119.028
258.275	74.176	118.922
258.203	74.399	118.825
258.107	74.614	118.740
258.013	74.838	118.691
257.955	75.048	118.704
257.935	75.223	118.743
257.942	75.372	118.803
257.954	75.485	118.879
257.980	75.558	118.956
257.999	75.585	118.994
258.028	75.570	119.006
258.064	75.523	119.001
258.137	75.422	118.981
258.231	75.289	118.950
258.368	75.118	118.915
258.502	74.893	118.858
258.537	74.660	118.770
258.546	74.385	118.706
258.452	74.130	118.682
258.316	73.873	118.682
258.183	73.615	118.685
258.076	73.379	118.729
258.060	73.145	118.776
258.098	72.941	118.892
258.131	72.812	119.075
258.121	72.736	119.311
258.103	72.755	119.527
258.127	72.816	119.541
258.143	72.910	119.429
258.115	73.040	119.322
258.081	73.218	119.272
258.081	73.421	119.185
258.112	73.633	119.075
258.157	73.867	118.938
258.178	74.120	118.863
258.157	74.374	118.802
258.111	74.608	118.753
258.031	74.840	118.745
257.977	75.067	118.749
257.918	75.261	118.780
257.895	75.423	118.824
257.900	75.552	118.900
257.921	75.627	118.958
257.961	75.650	119.001
258.024	75.639	119.015
258.090	75.569	119.020
258.146	75.468	119.001
258.179	75.327	118.967
258.188	75.153	118.921
258.197	74.956	118.874
258.209	74.740	118.820
258.219	74.509	118.764
258.251	74.246	118.729
258.319	73.978	118.707
258.395	73.679	118.708
258.376	73.420	118.763
258.354	73.164	118.866
258.244	73.002	119.095
258.115	72.897	119.371
258.049	72.875	119.550
258.104	72.880	119.529
258.185	72.903	119.420
258.268	72.969	119.361
258.332	73.066	119.309
258.353	73.232	119.233
258.364	73.403	119.113
258.321	73.591	118.969
258.207	73.828	118.864
258.070	74.054	118.785
257.944	74.294	118.735
257.873	74.526	118.744
257.845	74.748	118.745
257.867	74.936	118.770
257.928	75.103	118.840
257.991	75.234	118.910
258.037	75.326	118.974
258.053	75.410	119.008
258.064	75.434	119.005
258.059	75.428	118.993
258.050	75.377	118.966
258.053	75.304	118.931
258.068	75.184	118.883
258.087	75.036	118.826
258.119	74.861	118.779
258.157	74.660	118.742
258.187	74.452	118.720
258.202	74.223	118.734
258.195	73.991	118.742
258.191	73.761	118.807
258.220	73.534	118.856
258.276	73.337	119.032
258.259	73.206	119.230
258.229	73.116	119.458
258.276	73.058	119.465
258.318	73.037	119.372
258.316	73.068	119.295
258.281	73.157	119.267
258.266	73.267	119.197
258.285	73.388	119.084
258.287	73.534	118.976
258.250	73.709	118.879
258.176	73.893	118.830
258.089	74.084	118.776
258.009	74.293	118.762
257.944	74.480	118.749
257.895	74.671	118.774
257.873	74.845	118.829
257.875	74.974	118.903
257.898	75.084	118.969
257.946	75.157	118.984
258.029	75.196	118.979
258.111	75.200	118.968
258.165	75.179	118.968
258.185	75.132	118.951
258.186	75.051	118.914
258.165	74.936	118.865
258.148	74.805	118.819
258.113	74.649	118.772
258.090	74.484	118.746
258.058	74.293	118.730
258.051	74.084	118.726
258.051	73.890	118.764
258.057	73.702	118.838
258.068	73.525	118.964
258.072	73.395	119.148
258.116	73.292	119.353
258.222	73.238	119.493
258.398	73.189	119.417
258.415	73.168	119.310
258.401	73.212	119.237
258.325	73.302	119.185
258.280	73.403	119.091
258.231	73.532	119.003
258.179	73.695	118.905
258.143	73.862	118.845
258.115	74.030	118.791
258.081	74.200	118.768
258.042	74.374	118.773
258.004	74.539	118.793
257.965	74.689	118.822
257.946	74.825	118.862
257.912	74.949	118.907
257.906	75.040	118.946
257.913	75.092	118.960
257.955	75.125	118.952
258.008	75.112	118.907
258.081	75.074	118.879
258.157	75.007	118.865
258.210	74.919	118.842
258.225	74.803	118.811
258.209	74.677	118.787
258.179	74.533	118.755
258.136	74.369	118.740
258.090	74.194	118.745
258.069	74.005	118.764
258.069	73.837	118.802
258.084	73.654	118.866
258.130	73.497	118.999
258.221	73.379	119.144
258.288	73.281	119.309
258.325	73.225	119.442
258.382	73.182	119.370
258.362	73.204	119.269
258.270	73.271	119.202
258.180	73.362	119.146
258.146	73.466	119.060
258.197	73.581	118.938
258.244	73.721	118.864
258.248	73.862	118.826
258.214	74.018	118.807
258.151	74.184	118.798
258.051	74.353	118.793
257.954	74.503	118.804
257.888	74.663	118.857
257.867	74.772	118.909
257.898	74.861	118.963
257.965	74.913	118.987
258.066	74.938	118.986
258.154	74.939	118.987
258.202	74.899	118.961
258.212	74.851	118.943
258.189	74.776	118.906
258.156	74.694	118.882
258.112	74.578	118.832
258.066	74.443	118.782
258.039	74.290	118.745
258.024	74.130	118.726
258.047	73.956	118.738
258.069	73.794	118.796
258.080	73.638	118.891
258.072	73.516	119.085
258.053	73.433	119.332
258.050	73.402	119.529
258.147	73.366	119.490
258.221	73.360	119.368
258.246	73.391	119.306
258.289	73.459	119.248
258.360	73.521	119.144
258.464	73.612	119.042
258.574	73.713	118.938
258.586	73.822	118.859
258.545	73.944	118.782
258.428	74.082	118.746
258.270	74.229	118.746
258.119	74.389	118.776
258.021	74.510	118.809
257.994	74.612	118.863
258.066	74.670	118.903
258.140	74.703	118.932
258.193	74.715	118.968
258.198	74.723	118.984
258.175	74.694	118.962
258.115	74.662	118.942
258.042	74.613	118.929
257.987	74.543	118.900
257.970	74.440	118.851
257.992	74.320	118.791
258.040	74.180	118.740
258.112	74.026	118.724
258.154	73.878	118.720
258.165	73.740	118.761
258.147	73.606	118.819
258.117	73.484	118.940
258.059	73.420	119.134
258.012	73.384	119.362
258.009	73.405	119.535
258.103	73.412	119.473
258.194	73.445	119.351
258.240	73.534	119.285
258.280	73.640	119.235
258.314	73.745	119.139
258.326	73.871	119.007
258.311	74.010	118.917
258.262	74.163	118.836
258.197	74.316	118.780
258.141	74.465	118.734
258.133	74.603	118.722
258.189	74.702	118.733
258.319	74.773	118.767
258.376	74.822	118.833
258.406	74.839	118.881
258.377	74.843	118.946
258.302	74.829	118.983
258.222	74.791	119.014
258.148	74.718	119.021
258.128	74.623	119.015
258.191	74.493	118.969
258.252	74.326	118.914
258.288	74.143	118.863
258.267	73.964	118.808
258.221	73.788	118.759
258.141	73.609	118.718
258.040	73.457	118.710
257.962	73.308	118.740
257.935	73.166	118.806
257.929	73.079	118.981
257.962	73.032	119.226
258.010	73.084	119.518
258.158	73.156	119.586
258.307	73.232	119.488
258.374	73.336	119.376
258.360	73.483	119.320
258.333	73.655	119.240
258.296	73.818	119.082
258.255	73.998	118.941
258.189	74.180	118.836
258.129	74.375	118.754
258.077	74.553	118.673
258.028	74.733	118.669
258.003	74.887	118.682
257.985	75.025	118.721
257.989	75.139	118.808
258.002	75.215	118.880
258.050	75.265	118.943
258.127	75.262	118.951
258.231	75.225	118.949
258.357	75.141	118.936
258.482	75.016	118.901
258.511	74.861	118.868
258.545	74.685	118.823
258.506	74.500	118.789
258.435	74.305	118.758
258.351	74.104	118.730
258.267	73.882	118.697
258.209	73.658	118.681
258.174	73.440	118.669
258.157	73.250	118.705
258.124	73.071	118.758
258.080	72.931	118.864
258.025	72.867	119.002
257.970	72.831	119.131
257.911	72.848	119.275
257.876	72.943	119.404
257.920	73.067	119.406
257.997	73.207	119.292
258.050	73.384	119.189
258.104	73.593	119.121
258.167	73.807	119.038
258.197	74.038	118.944
258.191	74.266	118.882
258.144	74.491	118.825
258.083	74.704	118.773
258.013	74.927	118.738
257.962	75.118	118.735
257.937	75.285	118.756
257.942	75.402	118.789
257.989	75.488	118.856
258.036	75.521	118.917
258.085	75.524	118.983
258.130	75.465	118.998
258.171	75.385	118.993
258.183	75.268	118.975
258.199	75.117	118.936
258.228	74.934	118.890
258.271	74.728	118.837
258.350	74.493	118.785
258.458	74.223	118.731
258.460	73.943	118.673
258.439	73.662	118.653
258.332	73.409	118.676
258.185	73.182	118.722
258.075	72.978	118.804
257.986	72.830	118.946
257.978	72.722	119.110
258.019	72.680	119.324
258.091	72.709	119.490
258.202	72.788	119.490
258.276	72.886	119.376
258.288	73.031	119.280
258.243	73.236	119.199
258.187	73.443	119.113
258.141	73.682	119.012
258.109	73.925	118.917
258.072	74.176	118.838
258.060	74.414	118.765
258.056	74.638	118.718
258.033	74.873	118.726
258.026	75.086	118.743
258.010	75.258	118.789
257.983	75.402	118.841
257.966	75.520	118.910
257.957	75.591	118.969
257.954	75.604	118.981
257.972	75.572	118.986
258.008	75.512	118.978
258.053	75.394	118.952
258.116	75.236	118.920
258.172	75.041	118.881
258.215	74.822	118.841
258.238	74.597	118.805
258.271	74.337	118.760
258.308	74.075	118.724
258.379	73.781	118.704
258.403	73.493	118.709
258.325	73.240	118.769
258.289	72.995	118.842
258.198	72.831	118.984
258.120	72.726	119.193
258.050	72.704	119.438
258.074	72.717	119.516
258.161	72.759	119.428
258.228	72.847	119.322
258.264	72.975	119.265
258.260	73.146	119.202
258.248	73.342	119.122
258.239	73.555	119.020
258.180	73.804	118.902
258.107	74.051	118.830
258.022	74.310	118.773
257.953	74.544	118.757
257.914	74.790	118.765
257.897	74.997	118.761
257.932	75.180	118.803
257.983	75.343	118.877
258.043	75.445	118.949
258.080	75.524	118.997
258.099	75.557	119.006
258.101	75.550	118.996
258.093	75.510	118.981
258.089	75.408	118.946
258.080	75.286	118.922
258.087	75.120	118.880
258.101	74.923	118.830
258.132	74.694	118.791
258.158	74.460	118.760
258.196	74.188	118.736
258.228	73.914	118.736
258.267	73.643	118.758
258.329	73.377	118.799
258.331	73.124	118.886
258.263	72.929	119.054
258.186	72.796	119.237
258.070	72.750	119.453
258.069	72.744	119.497
258.109	72.774	119.386
258.152	72.834	119.280
258.204	72.951	119.236
258.248	73.106	119.168
258.293	73.287	119.097
258.303	73.480	119.010
258.249	73.710	118.918
258.167	73.960	118.852
258.058	74.200	118.790
257.955	74.435	118.784
257.889	74.674	118.794
257.871	74.876	118.814
257.882	75.056	118.844
257.938	75.207	118.900
258.017	75.314	118.963
258.081	75.385	118.995
258.122	75.413	119.009
258.131	75.405	119.005
258.125	75.369	118.987
258.110	75.293	118.968
258.093	75.180	118.944
258.073	75.024	118.888
258.077	74.838	118.841
258.098	74.635	118.796
258.124	74.405	118.760
258.158	74.140	118.742
258.191	73.885	118.745
258.223	73.621	118.789
258.268	73.369	118.841
258.336	73.142	118.973
258.286	72.971	119.171
258.228	72.852	119.426
258.204	72.815	119.546
258.233	72.807	119.459
258.244	72.834	119.350
258.226	72.906	119.288
258.236	73.031	119.226
258.272	73.167	119.121
258.306	73.322	119.020
258.305	73.511	118.931
258.232	73.736	118.876
258.143	73.971	118.838
258.039	74.198	118.789
257.934	74.430	118.786
257.862	74.650	118.798
257.834	74.847	118.829
257.853	75.020	118.901
257.901	75.152	118.935
257.981	75.250	118.942
258.076	75.319	118.946
258.131	75.344	118.935
258.151	75.342	118.921
258.154	75.312	118.921
258.139	75.246	118.891
258.108	75.139	118.868
258.091	75.008	118.832
258.081	74.837	118.782
258.076	74.645	118.755
258.083	74.437	118.742
258.098	74.205	118.743
258.121	73.966	118.750
258.125	73.731	118.809
258.140	73.504	118.848
258.162	73.299	118.938
258.191	73.132	119.075
258.288	72.994	119.189
258.249	72.916	119.379
258.272	72.892	119.440
258.300	72.886	119.317
258.284	72.945	119.197
258.231	73.055	119.136
258.178	73.186	119.085
258.173	73.322	119.005
258.177	73.487	118.912
258.160	73.681	118.854
258.128	73.883	118.844
258.071	74.077	118.823
258.017	74.281	118.813
257.973	74.479	118.808
257.926	74.659	118.810
257.903	74.821	118.855
257.911	74.960	118.904
257.933	75.064	118.941
257.990	75.138	118.941
258.068	75.169	118.915
258.153	75.174	118.895
258.203	75.148	118.871
258.220	75.091	118.845
258.209	75.007	118.819
258.182	74.904	118.803
258.143	74.758	118.789
258.108	74.613	118.769
258.073	74.434	118.761
258.054	74.236	118.756
258.051	74.029	118.765
258.052	73.828	118.788
258.062	73.618	118.827
258.095	73.423	118.873
258.125	73.250	118.975
258.164	73.125	119.097
258.260	73.017	119.197
258.258	72.964	119.341
258.282	72.951	119.344
258.304	72.982	119.229
258.255	73.062	119.147
258.201	73.173	119.077
258.144	73.303	119.012
258.137	73.447	118.950
258.147	73.620	118.880
258.158	73.798	118.840
258.151	73.983	118.834
258.110	74.162	118.831
258.070	74.352	118.822
258.024	74.518	118.814
257.965	74.678	118.820
257.931	74.833	118.867
257.929	74.940	118.906
257.953	75.023	118.929
258.012	75.065	118.911
258.086	75.078	118.875
258.154	75.062	118.860
258.194	75.016	118.835
258.197	74.947	118.838
258.178	74.853	118.815
258.143	74.735	118.800
258.108	74.604	118.785
258.067	74.454	118.770
258.041	74.282	118.769
258.029	74.097	118.768
258.029	73.899	118.770
258.034	73.715	118.811
258.044	73.523	118.848
258.062	73.353	118.922
258.063	73.228	119.018
258.074	73.137	119.114
258.114	73.071	119.225
258.190	73.051	119.318
258.344	73.061	119.279
258.379	73.097	119.181
258.390	73.168	119.087
258.313	73.285	119.005
258.219	73.413	118.941
258.124	73.589	118.890
258.075	73.772	118.869
258.062	73.941	118.852
258.076	74.112	118.819
258.099	74.282	118.804
258.093	74.445	118.814
258.077	74.594	118.827
258.057	74.724	118.844
258.027	74.842	118.856
257.996	74.947	118.875
257.981	75.015	118.889
257.985	75.061	118.880
258.005	75.061	118.863
258.048	75.040	118.826
258.111	74.978	118.804
258.169	74.888	118.785
258.204	74.760	118.776
258.204	74.646	118.794
258.181	74.506	118.790
258.146	74.354	118.799
258.109	74.168	118.792
258.068	73.979	118.789
258.033	73.795	118.797
258.014	73.600	118.796
258.017	73.430	118.820
258.044	73.250	118.846
258.082	73.119	118.907
258.126	73.015	118.983
258.186	72.947	119.055
258.271	72.906	119.138
258.282	72.917	119.233
258.307	72.974	119.231
258.287	73.081	119.152
258.231	73.200	119.085
258.174	73.363	119.033
258.139	73.531	118.964
258.149	73.726	118.910
258.186	73.924	118.862
258.216	74.096	118.822
258.188	74.293	118.835
258.149	74.472	118.823
258.104	74.637	118.828
258.035	74.791	118.825
257.988	74.933	118.851
257.956	75.039	118.883
257.960	75.110	118.927
257.998	75.147	118.935
258.055	75.142	118.917
258.133	75.106	118.900
258.182	75.023	118.883
258.209	74.929	118.858
258.201	74.808	118.849
258.173	74.664	118.833
258.137	74.511	118.830
258.087	74.335	118.802
258.064	74.137	118.795
258.051	73.928	118.784
258.046	73.721	118.791
258.054	73.528	118.812
258.076	73.320	118.857
258.078	73.174	118.954
258.050	73.057	119.086
258.034	72.973	119.222
258.017	72.968	119.408
258.090	72.986	119.408
258.207	73.021	119.287
258.308	73.099	119.193
258.425	73.207	119.142
258.513	73.320	119.065
258.533	73.459	118.974
258.483	73.622	118.896
258.350	73.827	118.857
258.221	74.026	118.820
258.093	74.234	118.814
258.036	74.416	118.807
258.066	74.581	118.802
258.109	74.704	118.796
258.154	74.831	118.853
258.156	74.933	118.899
258.137	75.014	118.928
258.096	75.058	118.910
258.047	75.092	118.885
258.001	75.074	118.858
257.979	75.038	118.839
257.993	74.976	118.827
258.023	74.881	118.802
258.095	74.739	118.778
258.147	74.582	118.771
258.179	74.425	118.783
258.191	74.240	118.791
258.176	74.045	118.804
258.132	73.862	118.818
258.085	73.664	118.818
258.045	73.478	118.833
258.007	73.302	118.844
257.996	73.172	118.913
257.993	73.061	118.955
257.996	72.979	119.028
258.010	72.944	119.096
258.018	72.961	119.165
258.055	73.014	119.209
258.116	73.102	119.176
258.186	73.202	119.103
258.276	73.346	119.033
258.384	73.495	118.978
258.356	73.668	118.914
258.326	73.866	118.881
258.292	74.038	118.833
258.248	74.239	118.825
258.209	74.418	118.827
258.180	74.582	118.830
258.177	74.714	118.813
258.181	74.842	118.835
258.202	74.923	118.850
258.206	74.984	118.880
258.200	75.020	118.923
258.169	75.029	118.929
258.157	74.993	118.906
258.135	74.938	118.893
258.097	74.853	118.868
258.076	74.738	118.845
258.061	74.606	118.822
258.050	74.461	118.802
258.060	74.286	118.776
258.101	74.082	118.784
258.144	73.896	118.799
258.164	73.708	118.822
258.158	73.519	118.830
258.133	73.344	118.863
258.101	73.202	118.932
258.045	73.085	119.019
258.005	73.016	119.124
257.972	72.980	119.283
257.977	73.015	119.391
258.064	73.064	119.322
258.153	73.149	119.220
258.185	73.271	119.151
258.225	73.412	119.103
258.281	73.562	119.029
258.309	73.739	118.937
258.358	73.917	118.894
258.438	74.089	118.847
258.472	74.237	118.800
258.431	74.395	118.784
258.364	74.559	118.779
258.252	74.698	118.795
258.156	74.834	118.845
258.093	74.923	118.907
258.083	74.978	118.955
258.148	75.001	118.977
258.210	74.956	118.965
258.255	74.904	118.965
258.245	74.813	118.941
258.217	74.716	118.917
258.167	74.597	118.876
258.098	74.461	118.839
258.033	74.301	118.817
257.995	74.117	118.795
258.002	73.930	118.783
258.027	73.729	118.776
258.068	73.538	118.784
258.116	73.341	118.820
258.136	73.185	118.935
258.121	73.072	119.082
258.093	72.982	119.268
258.045	72.979	119.517
258.084	73.005	119.577
258.164	73.039	119.455
258.212	73.099	119.322
258.222	73.222	119.257
258.227	73.365	119.181
258.269	73.501	119.065
258.292	73.658	118.934
258.295	73.858	118.876
258.281	74.043	118.809
258.258	74.224	118.772
258.236	74.402	118.754
258.260	74.561	118.777
258.335	74.681	118.797
258.312	74.783	118.850
258.298	74.870	118.913
258.263	74.914	118.955
258.237	74.934	118.995
258.214	74.914	119.003
258.183	74.875	119.008
258.183	74.782	118.975
258.185	74.665	118.930
258.198	74.534	118.891
258.199	74.375	118.859
258.178	74.189	118.816
258.151	74.015	118.776
258.132	73.830	118.737
258.081	73.634	118.731
258.034	73.453	118.755
258.009	73.278	118.803
258.006	73.135	118.919
257.999	73.041	119.093
258.023	72.977	119.320
258.076	73.011	119.552
258.222	73.053	119.576
258.341	73.096	119.463
258.383	73.185	119.381
258.355	73.314	119.296
258.329	73.477	119.202
258.308	73.618	119.060
258.251	73.801	118.925
258.191	73.992	118.850
258.141	74.168	118.761
258.082	74.349	118.707
258.062	74.522	118.694
258.068	74.671	118.719
258.113	74.806	118.774
258.201	74.895	118.850
258.342	74.940	118.919
258.396	74.951	118.964
258.397	74.920	118.993
258.381	74.879	118.993
258.300	74.809	119.015
258.235	74.708	119.016
258.191	74.582	118.998
258.192	74.428	118.952
258.236	74.218	118.873
258.266	74.013	118.801
258.264	73.790	118.766
258.233	73.571	118.735
258.193	73.371	118.712
258.116	73.195	118.735
258.027	73.027	118.793
257.960	72.916	118.977
257.921	72.848	119.226
257.915	72.865	119.514
258.050	72.907	119.572
258.220	72.973	119.485
258.345	73.083	119.389
258.382	73.227	119.343
258.395	73.406	119.261
258.388	73.564	119.138
258.349	73.746	118.984
258.264	73.950	118.884
258.185	74.138	118.769
258.080	74.350	118.706
258.002	74.540	118.659
257.950	74.721	118.656
257.930	74.863	118.705
257.955	74.979	118.786
257.987	75.074	118.881
258.043	75.133	118.953
258.125	75.137	118.972
258.227	75.103	118.970
258.373	75.026	118.949
258.510	74.911	118.917
258.542	74.761	118.873
258.550	74.595	118.841
258.474	74.410	118.794
258.377	74.231	118.769
258.271	74.028	118.730
258.190	73.824	118.703
258.177	73.587	118.673
258.190	73.371	118.668
258.185	73.161	118.709
258.156	72.976	118.781
258.101	72.845	118.895
258.025	72.753	119.026
257.951	72.713	119.174
257.877	72.745	119.342
257.873	72.826	119.452
257.952	72.926	119.387
258.042	73.058	119.286
258.107	73.222	119.193
258.175	73.423	119.128
258.224	73.629	119.048
258.234	73.849	118.941
258.200	74.082	118.877
258.140	74.296	118.813
258.069	74.496	118.756
257.996	74.707	118.716
257.945	74.893	118.714
257.937	75.044	118.729
257.960	75.164	118.787
258.001	75.236	118.863
258.063	75.274	118.945
258.116	75.275	118.989
258.163	75.225	119.009
258.204	75.142	118.999
258.224	75.027	118.984
258.278	74.875	118.944
258.334	74.690	118.896
258.425	74.462	118.833
258.503	74.224	118.779
258.471	73.963	118.729
258.433	73.693	118.677
258.333	73.440	118.661
258.215	73.208	118.690
258.131	72.990	118.739
258.062	72.794	118.848
258.025	72.655	119.014
258.022	72.566	119.223
258.038	72.575	119.456
258.120	72.620	119.517
258.208	72.705	119.446
258.255	72.820	119.355
258.248	72.992	119.289
258.214	73.199	119.205
258.200	73.419	119.109
258.191	73.653	118.992
258.171	73.902	118.896
258.153	74.138	118.807
258.124	74.386	118.751
258.098	74.608	118.702
258.065	74.840	118.729
258.036	75.035	118.756
258.008	75.203	118.803
257.976	75.335	118.886
257.951	75.427	118.951
257.948	75.479	118.995
257.951	75.463	118.999
257.980	75.407	119.003
258.015	75.319	118.997
258.078	75.190	118.971
258.132	75.004	118.942
258.178	74.800	118.891
258.212	74.584	118.832
258.242	74.339	118.793
258.278	74.076	118.739
258.332	73.782	118.715
258.410	73.493	118.695
258.362	73.219	118.734
258.320	72.963	118.791
258.228	72.776	118.947
258.119	72.643	119.154
258.033	72.602	119.431
258.048	72.603	119.523
258.132	72.630	119.452
258.221	72.694	119.357
258.273	72.801	119.313
258.307	72.942	119.248
258.304	73.137	119.173
258.293	73.337	119.056
258.244	73.555	118.923
258.159	73.799	118.842
258.061	74.045	118.783
257.964	74.296	118.745
257.910	74.520	118.748
257.884	74.740	118.759
257.906	74.929	118.796
257.973	75.082	118.867
258.034	75.196	118.936
258.080	75.271	118.990
258.109	75.316	119.009
258.114	75.324	119.015
258.110	75.278	119.009
258.102	75.196	118.991
258.111	75.078	118.960
258.138	74.920	118.915
258.188	74.722	118.852
258.248	74.507	118.798
258.320	74.256	118.757
258.417	73.988	118.726
258.469	73.695	118.716
258.443	73.402	118.726
258.398	73.120	118.783
258.247	72.915	118.933
258.088	72.764	119.140
257.960	72.673	119.409
257.972	72.632	119.547
258.138	72.620	119.464
258.287	72.636	119.382
258.372	72.713	119.355
258.396	72.834	119.313
258.388	72.986	119.194
258.342	73.164	119.073
258.247	73.358	118.953
258.114	73.592	118.862
258.000	73.822	118.805
257.935	74.055	118.761
257.907	74.283	118.747
257.934	74.491	118.769
257.975	74.690	118.818
258.005	74.852	118.869
258.018	74.991	118.942
258.028	75.090	118.986
258.021	75.156	119.001
258.010	75.201	118.994
257.994	75.197	118.963
258.002	75.152	118.929
258.026	75.076	118.909
258.076	74.977	118.859
258.135	74.819	118.819
258.178	74.658	118.780
258.195	74.465	118.767
258.195	74.254	118.741
258.174	74.035	118.739
258.146	73.818	118.760
258.110	73.599	118.801
258.115	73.379	118.872
258.141	73.212	119.022
258.220	73.068	119.196
258.289	72.962	119.396
258.387	72.890	119.434
258.467	72.852	119.338
258.439	72.860	119.247
258.338	72.921	119.206
258.240	73.021	119.159
258.190	73.138	119.068
258.198	73.261	118.947
258.216	73.414	118.850
258.198	73.576	118.805
258.148	73.778	118.804
258.085	73.950	118.776
258.012	74.142	118.777
257.929	74.321	118.788
257.862	74.479	118.841
257.853	74.618	118.906
257.880	74.732	118.957
257.950	74.806	118.966
258.039	74.835	118.943
258.140	74.845	118.918
258.199	74.817	118.896
258.215	74.777	118.871
258.203	74.714	118.844
258.185	74.631	118.816
258.145	74.522	118.787
258.094	74.390	118.761
258.064	74.242	118.739
258.043	74.075	118.733
258.047	73.898	118.740
258.048	73.732	118.786
258.062	73.558	118.838
258.068	73.404	118.952
258.051	73.282	119.080
258.048	73.190	119.233
258.058	73.138	119.390
258.144	73.114	119.387
258.262	73.098	119.275
258.378	73.117	119.182
258.424	73.167	119.133
258.428	73.236	119.065
258.427	73.333	118.969
258.364	73.454	118.876
258.282	73.589	118.829
258.199	73.741	118.814
258.141	73.890	118.802
258.108	74.030	118.790
258.101	74.166	118.773
258.101	74.285	118.785
258.098	74.393	118.822
258.092	74.483	118.868
258.082	74.550	118.890
258.074	74.599	118.893
258.064	74.628	118.881
258.042	74.635	118.863
258.033	74.614	118.840
258.041	74.581	118.824
258.061	74.518	118.795
258.098	74.433	118.775
258.151	74.319	118.760
258.194	74.192	118.756
258.210	74.061	118.760
258.194	73.914	118.765
258.148	73.787	118.778
258.100	73.646	118.795
258.054	73.508	118.810
258.016	73.374	118.846
257.996	73.269	118.908
257.976	73.189	118.996
257.986	73.130	119.066
257.996	73.105	119.142
258.024	73.115	119.222
258.079	73.155	119.227
258.151	73.225	119.171
258.242	73.293	119.095
258.346	73.393	119.034
258.414	73.506	118.952
258.358	73.622	118.887
258.318	73.766	118.849
258.247	73.912	118.804
258.172	74.047	118.784
258.110	74.206	118.793
258.076	74.342	118.803
258.067	74.449	118.816
258.099	74.530	118.843
258.127	74.588	118.885
258.144	74.615	118.928
258.141	74.640	118.967
258.143	74.626	118.947
258.135	74.596	118.929
258.109	74.533	118.893
258.087	74.460	118.867
258.065	74.359	118.840
258.054	74.242	118.814
258.077	74.095	118.782
258.119	73.931	118.757
258.175	73.771	118.756
258.198	73.612	118.771
258.192	73.456	118.790
258.162	73.306	118.826
258.114	73.186	118.917
258.047	73.084	119.050
257.994	73.021	119.212
257.956	73.024	119.418
258.023	73.046	119.463
258.151	73.074	119.345
258.259	73.138	119.244
258.344	73.242	119.209
258.462	73.338	119.143
258.582	73.442	119.044
258.598	73.574	118.946
258.563	73.719	118.875
258.449	73.884	118.816
258.282	74.050	118.778
258.123	74.233	118.785
258.052	74.384	118.788
258.068	74.508	118.789
258.143	74.589	118.828
258.190	74.655	118.880
258.210	74.688	118.950
258.191	74.717	118.985
258.148	74.708	118.978
258.087	74.674	118.962
258.012	74.621	118.936
257.981	74.545	118.920
257.982	74.444	118.883
258.009	74.310	118.835
258.076	74.153	118.793
258.153	73.988	118.766
258.188	73.807	118.754
258.197	73.626	118.754
258.176	73.460	118.775
258.144	73.287	118.810
258.098	73.139	118.886
258.044	73.022	118.989
258.004	72.944	119.134
257.978	72.902	119.310
257.997	72.929	119.485
258.118	72.981	119.464
258.221	73.041	119.341
258.270	73.139	119.237
258.274	73.278	119.185
258.271	73.430	119.100
258.263	73.574	119.004
258.240	73.756	118.905
258.231	73.941	118.853
258.252	74.104	118.793
258.290	74.270	118.767
258.389	74.395	118.755
258.414	74.521	118.764
258.416	74.612	118.785
258.363	74.692	118.862
258.281	74.756	118.932
258.200	74.793	118.986
258.129	74.785	119.009
258.123	74.741	119.010
258.220	74.641	118.983
258.302	74.512	118.964
258.332	74.357	118.953
258.331	74.199	118.906
258.276	74.026	118.848
258.178	73.842	118.796
258.077	73.647	118.769
257.998	73.458	118.759
257.978	73.263	118.757
257.981	73.072	118.756
258.010	72.903	118.813
258.049	72.779	118.949
258.079	72.699	119.139
258.065	72.683	119.409
258.089	72.726	119.613
258.190	72.786	119.576
258.261	72.863	119.444
258.262	72.980	119.350
258.242	73.134	119.258
258.239	73.316	119.147
258.266	73.485	119.022
258.266	73.688	118.888
258.262	73.899	118.823
258.224	74.098	118.762
258.146	74.312	118.734
258.085	74.507	118.734
258.036	74.679	118.749
258.006	74.836	118.789
258.021	74.948	118.863
258.080	75.033	118.926
258.194	75.067	118.974
258.358	75.040	118.981
258.487	74.962	118.968
258.528	74.863	118.950
258.551	74.723	118.916
258.503	74.564	118.890
258.405	74.382	118.869
258.311	74.194	118.828
258.237	73.979	118.780
258.187	73.759	118.736
258.215	73.508	118.691
258.222	73.270	118.694
258.204	73.041	118.720
258.176	72.835	118.765
258.105	72.668	118.867
258.018	72.561	119.016
257.946	72.512	119.225
257.888	72.529	119.456
257.935	72.595	119.586
258.043	72.684	119.483
258.148	72.809	119.349
258.232	72.983	119.268
258.291	73.188	119.205
258.327	73.399	119.114
258.328	73.622	118.990
258.271	73.865	118.890
258.205	74.081	118.818
258.102	74.317	118.758
258.025	74.531	118.724
257.956	74.743	118.721
257.937	74.914	118.745
257.952	75.054	118.800
257.986	75.147	118.882
258.025	75.221	118.975
258.067	75.229	119.014
258.106	75.189	119.015
258.151	75.134	119.004
258.197	75.032	118.986
258.278	74.883	118.941
258.368	74.706	118.897
258.509	74.460	118.837
258.531	74.215	118.780
258.537	73.956	118.711
258.462	73.690	118.675
258.331	73.436	118.670
258.206	73.189	118.707
258.104	72.945	118.750
258.059	72.722	118.841
258.068	72.555	118.980
258.101	72.434	119.151
258.095	72.404	119.413
258.117	72.429	119.564
258.185	72.503	119.496
258.210	72.592	119.372
258.169	72.735	119.285
258.141	72.932	119.239
258.130	73.149	119.134
258.151	73.362	119.027
258.162	73.596	118.900
258.169	73.853	118.840
258.165	74.083	118.769
258.115	74.336	118.749
258.070	74.568	118.751
258.004	74.776	118.780
257.973	74.965	118.804
257.939	75.105	118.871
257.930	75.229	118.953
257.935	75.292	119.008
257.974	75.294	119.029
258.026	75.262	119.024
258.085	75.182	119.012
258.145	75.057	118.986
258.197	74.911	118.960
258.223	74.714	118.906
258.244	74.518	118.853
258.272	74.275	118.796
258.302	74.021	118.752
258.352	73.742	118.716
258.426	73.452	118.702
258.383	73.173	118.729
258.355	72.908	118.786
258.267	72.717	118.950
258.171	72.563	119.176
258.090	72.509	119.451
258.101	72.495	119.556
258.189	72.505	119.483
258.249	72.558	119.411
258.290	72.643	119.346
258.329	72.775	119.267
258.336	72.941	119.176
258.317	73.136	119.062
258.269	73.341	118.941
258.171	73.575	118.829
258.061	73.824	118.777
257.970	74.059	118.738
257.905	74.295	118.750
257.884	74.513	118.773
257.909	74.702	118.818
257.964	74.855	118.882
258.020	74.983	118.950
258.060	75.073	118.994
258.085	75.121	119.010
258.099	75.136	119.000
258.097	75.130	118.989
258.086	75.067	118.969
258.088	74.977	118.932
258.100	74.837	118.887
258.120	74.678	118.840
258.147	74.503	118.790
258.168	74.278	118.756
258.194	74.038	118.733
258.209	73.792	118.731
258.226	73.543	118.750
258.252	73.311	118.798
258.324	73.070	118.876
258.312	72.879	119.034
258.247	72.721	119.205
258.185	72.648	119.431
258.166	72.612	119.475
258.192	72.618	119.379
258.194	72.655	119.287
258.200	72.742	119.208
258.222	72.864	119.137
258.245	72.995	119.045
258.248	73.153	118.969
258.207	73.338	118.881
258.134	73.557	118.846
258.060	73.780	118.803
257.978	73.990	118.773
257.914	74.201	118.762
257.879	74.400	118.774
257.876	74.576	118.828
257.908	74.726	118.871
257.977	74.848	118.909
258.058	74.931	118.932
258.139	74.991	118.931
258.188	74.999	118.930
258.201	74.989	118.920
258.183	74.948	118.908
258.160	74.858	118.885
258.141	74.755	118.852
258.115	74.626	118.820
258.100	74.458	118.782
258.096	74.269	118.749
258.115	74.045	118.733
258.137	73.824	118.734
258.157	73.599	118.751
258.193	73.369	118.777
258.241	73.138	118.822
258.315	72.935	118.911
258.288	72.777	119.017
258.253	72.635	119.139
258.179	72.577	119.297
258.104	72.587	119.396
258.108	72.627	119.318
258.133	72.697	119.205
258.152	72.805	119.134
258.189	72.946	119.079
258.247	73.099	119.013
258.262	73.268	118.957
258.224	73.471	118.901
258.156	73.692	118.859
258.080	73.911	118.825
257.978	74.121	118.798
257.919	74.328	118.793
257.886	74.512	118.809
257.904	74.673	118.843
257.960	74.811	118.876
258.031	74.895	118.908
258.107	74.960	118.939
258.160	74.987	118.941
258.188	74.982	118.944
258.180	74.941	118.928
258.154	74.879	118.897
258.122	74.774	118.865
258.089	74.653	118.830
258.067	74.504	118.804
258.058	74.322	118.770
258.077	74.113	118.760
258.107	73.890	118.748
258.119	73.663	118.762
258.124	73.435	118.771
258.131	73.208	118.801
258.125	73.013	118.872
258.140	72.847	118.964
258.181	72.711	119.088
258.273	72.616	119.230
258.272	72.588	119.393
258.348	72.603	119.379
258.383	72.639	119.263
258.339	72.743	119.166
258.276	72.882	119.116
258.214	73.040	119.063
258.212	73.207	118.976
258.213	73.396	118.891
258.202	73.600	118.838
258.164	73.820	118.832
258.104	74.017	118.817
258.048	74.216	118.811
257.992	74.409	118.802
257.931	74.583	118.831
257.902	74.738	118.873
257.897	74.840	118.911
257.926	74.925	118.943
257.995	74.960	118.937
258.075	74.971	118.919
258.152	74.937	118.894
258.205	74.871	118.858
258.222	74.784	118.833
258.208	74.677	118.818
258.178	74.547	118.797
258.139	74.386	118.782
258.101	74.206	118.777
258.083	74.000	118.756
258.068	73.792	118.767
258.064	73.575	118.780
258.081	73.357	118.802
258.117	73.150	118.842
258.131	72.968	118.936
258.152	72.819	119.026
258.209	72.692	119.113
258.275	72.623	119.233
258.248	72.602	119.348
258.287	72.625	119.315
258.290	72.690	119.193
258.259	72.797	119.110
258.217	72.941	119.057
258.176	73.093	118.996
258.180	73.270	118.929
258.167	73.451	118.860
258.153	73.652	118.835
258.130	73.846	118.834
258.087	74.031	118.825
258.052	74.223	118.821
258.024	74.397	118.815
257.990	74.560	118.838
257.969	74.690	118.876
257.974	74.796	118.910
257.999	74.868	118.912
258.044	74.906	118.903
258.121	74.903	118.879
258.181	74.864	118.858
258.210	74.802	118.844
258.223	74.717	118.821
258.200	74.609	118.807
258.164	74.484	118.800
258.123	74.333	118.793
258.082	74.150	118.779
258.062	73.953	118.776
258.040	73.767	118.784
258.031	73.563	118.790
258.044	73.360	118.806
258.055	73.166	118.841
258.057	73.010	118.915
258.046	72.872	118.981
258.051	72.764	119.048
258.079	72.704	119.124
258.128	72.685	119.212
258.246	72.708	119.234
258.354	72.763	119.179
258.393	72.843	119.101
258.385	72.948	119.018
258.285	73.096	118.952
258.176	73.272	118.884
258.081	73.468	118.856
258.043	73.662	118.843
258.073	73.856	118.846
258.114	74.028	118.811
258.148	74.202	118.809
258.135	74.357	118.821
258.121	74.507	118.838
258.099	74.630	118.853
258.054	74.729	118.874
258.012	74.806	118.893
257.995	74.841	118.894
258.016	74.851	118.883
258.043	74.823	118.863
258.097	74.751	118.821
258.152	74.647	118.801
258.193	74.532	118.797
258.202	74.393	118.788
258.190	74.228	118.792
258.159	74.055	118.796
258.122	73.868	118.800
258.086	73.678	118.800
258.058	73.470	118.797
258.057	73.270	118.796
258.061	73.081	118.801
258.077	72.905	118.859
258.114	72.758	118.907
258.160	72.651	118.975
258.237	72.569	119.057
258.255	72.535	119.139
258.262	72.557	119.247
258.270	72.627	119.247
258.264	72.733	119.149
258.211	72.885	119.092
258.162	73.046	119.021
258.145	73.225	118.963
258.186	73.412	118.879
258.203	73.622	118.843
258.204	73.822	118.843
258.180	74.017	118.830
258.124	74.209	118.825
258.078	74.394	118.827
258.030	74.559	118.833
257.979	74.702	118.876
257.964	74.813	118.907
257.980	74.879	118.937
258.025	74.911	118.942
258.092	74.912	118.931
258.170	74.860	118.911
258.217	74.780	118.882
258.228	74.681	118.874
258.218	74.560	118.862
258.184	74.416	118.848
258.144	74.236	118.820
258.106	74.048	118.799
258.074	73.857	118.800
258.050	73.636	118.789
258.047	73.419	118.794
258.060	73.211	118.809
258.066	73.012	118.889
258.056	72.855	118.987
258.052	72.730	119.117
258.030	72.656	119.302
258.052	72.647	119.439
258.168	72.660	119.403
258.312	72.700	119.280
258.453	72.761	119.183
258.477	72.874	119.142
258.489	72.995	119.057
258.456	73.139	118.955
258.349	73.336	118.880
258.231	73.534	118.840
258.122	73.753	118.835
258.060	73.960	118.828
258.042	74.151	118.813
258.054	74.326	118.803
258.071	74.488	118.826
258.075	74.622	118.870
258.064	74.736	118.900
258.051	74.823	118.916
258.033	74.880	118.895
258.015	74.910	118.867
258.005	74.907	118.849
258.009	74.869	118.840
258.022	74.797	118.820
258.081	74.690	118.800
258.150	74.557	118.786
258.199	74.409	118.798
258.237	74.224	118.798
258.236	74.039	118.794
258.207	73.832	118.806
258.156	73.625	118.809
258.113	73.422	118.807
258.073	73.220	118.819
258.048	73.038	118.850
258.042	72.874	118.886
258.056	72.734	118.925
258.096	72.620	118.965
258.167	72.567	119.019
258.263	72.530	119.076
258.288	72.540	119.120
258.298	72.595	119.152
258.278	72.700	119.134
258.212	72.854	119.089
258.143	73.030	119.035
258.088	73.206	118.965
258.105	73.396	118.905
258.166	73.603	118.858
258.213	73.806	118.846
258.241	74.002	118.858
258.224	74.172	118.853
258.182	74.364	118.835
258.117	74.534	118.837
258.045	74.675	118.861
257.997	74.783	118.894
258.007	74.856	118.927
258.038	74.895	118.934
258.103	74.897	118.933
258.189	74.832	118.917
258.233	74.758	118.890
258.241	74.657	118.881
258.213	74.523	118.859
258.174	74.374	118.847
258.128	74.197	118.837
258.069	74.009	118.820
258.032	73.804	118.810
258.018	73.594	118.800
258.026	73.374	118.788
258.054	73.162	118.800
258.084	72.974	118.866
258.086	72.813	118.959
258.078	72.686	119.091
258.049	72.615	119.258
258.029	72.616	119.432
258.094	72.635	119.409
258.194	72.668	119.277
258.257	72.765	119.184
258.333	72.891	119.145
258.446	73.023	119.081
258.569	73.161	118.990
258.591	73.318	118.911
258.562	73.514	118.857
258.445	73.717	118.818
258.287	73.930	118.816
258.147	74.129	118.816
258.054	74.313	118.815
258.060	74.460	118.834
258.134	74.568	118.852
258.190	74.646	118.901
258.213	74.698	118.956
258.209	74.724	118.970
258.168	74.724	118.942
258.109	74.693	118.914
258.037	74.644	118.904
257.997	74.567	118.891
257.986	74.439	118.867
258.016	74.299	118.833
258.080	74.115	118.799
258.153	73.918	118.780
258.191	73.741	118.794
258.205	73.520	118.796
258.189	73.321	118.827
258.154	73.128	118.884
258.097	72.976	118.974
258.048	72.840	119.078
258.001	72.746	119.235
257.977	72.722	119.426
258.037	72.725	119.470
258.164	72.756	119.364
258.247	72.823	119.248
258.263	72.932	119.184
258.267	73.071	119.129
258.267	73.217	119.044
258.256	73.364	118.954
258.235	73.549	118.863
258.218	73.742	118.832
258.237	73.918	118.802
258.305	74.075	118.788
258.388	74.210	118.787
258.412	74.332	118.810
258.412	74.428	118.840
258.350	74.519	118.905
258.287	74.590	118.971
258.217	74.624	119.006
258.177	74.614	119.005
258.186	74.564	118.982
258.262	74.471	118.954
258.319	74.333	118.926
258.329	74.185	118.908
258.299	74.026	118.871
258.239	73.857	118.820
258.142	73.680	118.790
258.053	73.489	118.768
257.998	73.296	118.765
257.985	73.107	118.777
257.985	72.930	118.822
258.019	72.780	118.924
258.064	72.675	119.089
258.077	72.609	119.324
258.094	72.619	119.576
258.189	72.666	119.595
258.270	72.720	119.482
258.301	72.805	119.365
258.275	72.933	119.278
258.257	73.086	119.165
258.259	73.237	119.050
258.264	73.410	118.916
258.253	73.614	118.832
258.224	73.820	118.771
258.169	74.018	118.754
258.097	74.222	118.748
258.039	74.402	118.758
258.019	74.565	118.810
258.011	74.695	118.864
258.041	74.786	118.917
258.120	74.846	118.960
258.242	74.855	118.960
258.406	74.819	118.954
258.506	74.733	118.936
258.550	74.610	118.901
258.552	74.461	118.865
258.499	74.317	118.853
258.409	74.147	118.831
258.322	73.945	118.785
258.249	73.733	118.754
258.211	73.506	118.712
258.222	73.279	118.694
258.226	73.037	118.703
258.207	72.830	118.751
258.157	72.652	118.848
258.076	72.526	118.962
258.015	72.436	119.101
257.931	72.420	119.308
257.909	72.461	119.515
257.965	72.539	119.524
258.059	72.641	119.401
258.153	72.768	119.266
258.231	72.960	119.195
258.268	73.176	119.128
258.304	73.372	119.030
258.284	73.597	118.918
258.224	73.830	118.855
258.144	74.048	118.796
258.061	74.287	118.761
257.984	74.480	118.733
257.950	74.678	118.745
257.946	74.825	118.780
257.975	74.939	118.838
258.021	75.026	118.927
258.062	75.077	118.991
258.099	75.070	119.018
258.126	75.021	118.994
258.155	74.949	118.976
258.198	74.835	118.947
258.244	74.690	118.902
258.321	74.507	118.865
258.439	74.284	118.812
258.535	74.028	118.756
258.531	73.755	118.703
258.493	73.478	118.674
258.381	73.216	118.682
258.250	72.975	118.718
258.127	72.747	118.784
258.049	72.553	118.889
258.049	72.413	119.026
258.081	72.296	119.210
258.109	72.274	119.431
258.155	72.313	119.562
258.221	72.398	119.465
258.246	72.504	119.341
258.205	72.658	119.235
258.153	72.866	119.170
258.112	73.090	119.089
258.112	73.304	118.989
258.108	73.542	118.876
258.103	73.799	118.814
258.104	74.028	118.758
258.079	74.279	118.757
258.047	74.500	118.770
258.014	74.704	118.793
257.982	74.880	118.827
257.955	75.016	118.898
257.943	75.119	118.957
257.954	75.182	118.997
257.984	75.182	118.999
258.028	75.142	118.993
258.090	75.058	118.975
258.147	74.928	118.943
258.202	74.778	118.916
258.222	74.601	118.879
258.234	74.387	118.833
258.243	74.140	118.779
258.241	73.896	118.752
258.275	73.627	118.727
258.319	73.346	118.720
258.408	73.059	118.733
258.379	72.807	118.780
258.350	72.575	118.909
258.243	72.423	119.076
258.134	72.345	119.330
258.075	72.322	119.512
258.099	72.346	119.508
258.165	72.411	119.408
258.222	72.475	119.317
258.273	72.613	119.253
258.318	72.793	119.187
258.302	72.984	119.096
258.274	73.195	118.983
258.210	73.415	118.861
258.089	73.682	118.802
257.993	73.918	118.770
257.918	74.169	118.761
257.887	74.383	118.773
257.901	74.590	118.804
257.960	74.761	118.869
258.022	74.886	118.932
258.082	74.987	118.985
258.117	75.039	119.004
258.130	75.069	119.008
258.135	75.043	118.982
258.124	74.988	118.965
258.109	74.900	118.937
258.108	74.763	118.895
258.125	74.603	118.839
258.146	74.411	118.806
258.181	74.176	118.765
258.226	73.937	118.743
258.255	73.681	118.739
258.290	73.419	118.750
258.340	73.147	118.773
258.383	72.886	118.850
258.293	72.694	118.987
258.228	72.516	119.136
258.126	72.438	119.365
258.088	72.401	119.495
258.137	72.414	119.446
258.180	72.454	119.344
258.218	72.535	119.263
258.266	72.651	119.188
258.301	72.809	119.104
258.306	72.990	119.043
258.272	73.177	118.961
258.211	73.389	118.858
258.110	73.639	118.814
258.013	73.859	118.774
257.938	74.103	118.782
257.902	74.309	118.795
257.898	74.503	118.836
257.939	74.664	118.893
257.999	74.788	118.938
258.060	74.872	118.977
258.116	74.920	119.004
258.140	74.930	119.010
258.146	74.909	118.995
258.137	74.866	118.979
258.117	74.772	118.938
258.110	74.644	118.889
258.098	74.501	118.843
258.094	74.318	118.800
258.113	74.107	118.768
258.124	73.880	118.745
258.133	73.648	118.753
258.143	73.398	118.762
258.156	73.165	118.800
258.169	72.948	118.926
258.202	72.781	119.091
258.264	72.633	119.296
258.295	72.558	119.485
258.371	72.514	119.485
258.447	72.489	119.376
258.395	72.523	119.277
258.316	72.613	119.229
258.270	72.750	119.151
258.254	72.903	119.072
258.280	73.049	118.969
258.291	73.230	118.866
258.248	73.428	118.819
258.167	73.640	118.798
258.075	73.849	118.792
257.990	74.053	118.787
257.913	74.241	118.814
257.855	74.420	118.873
257.853	74.568	118.942
257.884	74.665	118.979
257.948	74.739	118.992
258.044	74.772	118.988
258.126	74.762	118.966
258.182	74.722	118.941
258.210	74.654	118.914
258.205	74.583	118.897
258.187	74.448	118.847
258.162	74.313	118.820
258.137	74.131	118.774
258.124	73.940	118.744
258.109	73.739	118.746
258.107	73.535	118.762
258.123	73.304	118.786
258.150	73.105	118.876
258.170	72.925	119.009
258.204	72.776	119.173
258.244	72.670	119.396
258.300	72.627	119.504
258.387	72.587	119.426
258.414	72.586	119.305
258.350	72.648	119.231
258.301	72.736	119.160
258.252	72.871	119.079
258.218	72.996	118.983
258.208	73.155	118.900
258.200	73.313	118.812
258.163	73.497	118.787
258.104	73.693	118.794
258.050	73.878	118.786
257.992	74.055	118.801
257.950	74.227	118.822
257.909	74.387	118.885
257.899	74.500	118.936
257.934	74.603	118.969
257.989	74.663	118.952
258.059	74.683	118.927
258.145	74.670	118.899
258.201	74.641	118.883
258.228	74.570	118.869
258.230	74.495	118.855
258.201	74.378	118.832
258.172	74.255	118.797
258.130	74.091	118.764
258.083	73.929	118.745
258.054	73.742	118.747
258.030	73.564	118.772
258.038	73.376	118.804
258.069	73.192	118.871
258.077	73.043	118.992
258.093	72.912	119.114
258.126	72.811	119.264
258.188	72.766	119.418
258.352	72.735	119.393
258.404	72.721	119.269
258.405	72.754	119.158
258.345	72.827	119.082
258.274	72.929	119.006
258.205	73.047	118.943
258.147	73.187	118.863
258.102	73.344	118.821
258.078	73.502	118.801
258.068	73.667	118.792
258.068	73.827	118.803
258.052	73.970	118.806
258.036	74.109	118.828
258.031	74.240	118.858
258.020	74.351	118.898
257.997	74.445	118.917
258.002	74.500	118.920
258.019	74.533	118.901
258.050	74.529	118.877
258.100	74.504	118.850
258.160	74.449	118.830
258.224	74.369	118.819
258.246	74.254	118.808
258.251	74.139	118.792
258.217	73.995	118.772
258.174	73.849	118.771
258.112	73.693	118.780
258.055	73.521	118.778
258.026	73.349	118.780
258.029	73.179	118.815
258.045	73.026	118.881
258.085	72.902	118.965
258.151	72.787	119.072
258.239	72.707	119.175
258.307	72.671	119.307
258.352	72.671	119.328
258.398	72.695	119.214
258.347	72.774	119.129
258.234	72.891	119.073
258.148	73.016	119.014
258.132	73.153	118.941
258.202	73.283	118.847
258.250	73.436	118.815
258.271	73.598	118.821
258.231	73.761	118.836
258.172	73.920	118.827
258.091	74.068	118.826
258.003	74.209	118.846
257.941	74.333	118.891
257.924	74.420	118.931
257.963	74.479	118.967
258.040	74.508	118.957
258.135	74.483	118.927
258.191	74.447	118.910
258.222	74.386	118.900
258.226	74.300	118.866
258.199	74.190	118.846
258.143	74.074	118.824
258.099	73.937	118.806
258.048	73.782	118.787
258.028	73.610	118.769
258.025	73.434	118.758
258.049	73.251	118.776
258.085	73.085	118.855
258.090	72.950	118.968
258.093	72.836	119.109
258.068	72.770	119.311
258.059	72.763	119.482
258.144	72.759	119.445
258.234	72.777	119.312
258.290	72.831	119.218
258.350	72.931	119.165
258.446	73.029	119.093
258.578	73.129	118.988
258.598	73.246	118.890
258.569	73.391	118.832
258.452	73.564	118.796
258.311	73.729	118.779
258.172	73.901	118.787
258.064	74.056	118.813
258.048	74.177	118.839
258.113	74.275	118.882
258.160	74.334	118.935
258.198	74.366	118.973
258.195	74.381	118.987
258.175	74.371	118.978
258.126	74.340	118.957
258.056	74.292	118.934
258.009	74.216	118.911
258.001	74.107	118.883
258.021	73.979	118.833
258.081	73.833	118.779
258.144	73.681	118.765
258.186	73.504	118.746
258.204	73.336	118.760
258.183	73.172	118.799
258.152	73.035	118.896
258.096	72.914	119.036
258.045	72.825	119.213
257.989	72.799	119.446
258.037	72.802	119.529
258.162	72.813	119.441
258.250	72.857	119.333
258.300	72.937	119.262
258.323	73.054	119.201
258.333	73.169	119.103
258.331	73.300	118.978
258.297	73.450	118.878
258.236	73.617	118.806
258.186	73.775	118.767
258.168	73.928	118.737
258.206	74.075	118.750
258.316	74.180	118.781
258.391	74.256	118.821
258.418	74.305	118.867
258.408	74.343	118.936
258.348	74.364	118.981
258.270	74.354	119.013
258.198	74.315	119.027
258.162	74.243	119.013
258.206	74.116	118.978
258.277	73.992	118.927
258.320	73.828	118.893
258.319	73.647	118.839
258.279	73.479	118.787
258.201	73.303	118.744
258.100	73.132	118.720
258.016	72.971	118.733
257.961	72.809	118.785
257.954	72.671	118.894
257.983	72.587	119.059
258.018	72.556	119.327
258.086	72.587	119.569
258.227	72.652	119.588
258.337	72.727	119.477
258.374	72.817	119.375
258.356	72.954	119.302
258.323	73.105	119.187
258.287	73.262	119.050
258.251	73.435	118.905
258.196	73.638	118.818
258.145	73.807	118.732
258.111	73.998	118.704
258.065	74.183	118.700
258.037	74.345	118.707
258.015	74.468	118.762
258.015	74.589	118.849
258.029	74.663	118.922
258.078	74.704	118.960
258.147	74.718	118.973
258.255	74.672	118.962
258.379	74.582	118.950
258.498	74.465	118.929
258.535	74.309	118.879
258.551	74.137	118.848
258.519	73.950	118.808
258.450	73.741	118.772
258.344	73.533	118.739
258.261	73.330	118.705
258.198	73.106	118.693
258.178	72.889	118.682
258.161	72.685	118.712
258.135	72.522	118.818
258.090	72.413	118.965
258.049	72.332	119.119
257.990	72.331	119.323
257.967	72.391	119.479
258.004	72.485	119.477
258.056	72.602	119.378
258.088	72.747	119.284
258.138	72.934	119.195
258.189	73.155	119.118
258.260	73.349	119.020
258.296	73.574	118.909
258.261	73.817	118.850
258.208	74.035	118.784
258.124	74.257	118.746
258.046	74.457	118.737
257.989	74.650	118.752
257.956	74.793	118.780
257.956	74.904	118.852
257.978	74.981	118.927
258.021	75.003	118.987
258.068	74.978	119.022
258.122	74.916	119.032
258.159	74.816	119.012
258.198	74.683	118.981
258.233	74.524	118.948
258.294	74.315	118.895
258.363	74.095	118.844
258.478	73.828	118.764
258.472	73.549	118.704
258.444	73.275	118.679
258.366	73.005	118.669
258.247	72.771	118.686
258.131	72.552	118.776
258.037	72.386	118.932
258.007	72.258	119.120
258.025	72.214	119.367
258.095	72.212	119.553
258.233	72.251	119.513
258.313	72.348	119.432
258.322	72.477	119.362
258.308	72.658	119.274
258.282	72.854	119.168
258.233	73.072	119.064
258.195	73.294	118.947
258.133	73.542	118.838
258.086	73.790	118.775
258.054	74.017	118.722
258.043	74.256	118.723
258.046	74.480	118.753
258.043	74.653	118.805
258.025	74.808	118.873
258.011	74.922	118.932
258.003	74.998	118.976
258.006	75.043	119.000
258.016	75.023	119.008
258.044	74.973	119.000
258.094	74.872	118.985
258.162	74.737	118.954
258.242	74.548	118.906
258.324	74.331	118.864
258.405	74.091	118.811
258.499	73.805	118.753
258.505	73.511	118.717
258.462	73.215	118.698
258.379	72.943	118.699
258.259	72.696	118.739
258.142	72.490	118.869
258.052	72.319	119.045
258.022	72.221	119.282
258.052	72.177	119.489
258.180	72.175	119.530
258.293	72.224	119.442
258.328	72.331	119.408
258.327	72.466	119.348
258.313	72.643	119.238
258.265	72.857	119.107
258.196	73.071	118.994
258.128	73.303	118.874
258.047	73.558	118.814
258.008	73.795	118.759
257.989	74.039	118.730
258.003	74.266	118.748
258.025	74.473	118.782
258.031	74.648	118.845
258.025	74.796	118.913
258.012	74.909	118.973
257.998	74.981	119.008
258.004	75.013	119.010
258.010	74.989	118.986
258.034	74.936	118.965
258.068	74.853	118.942
258.125	74.703	118.899
258.175	74.544	118.856
258.217	74.347	118.813
258.236	74.117	118.771
258.239	73.891	118.753
258.264	73.634	118.732
258.285	73.377	118.733
258.355	73.104	118.752
258.394	72.855	118.798
258.341	72.643	118.950
258.293	72.465	119.107
258.170	72.378	119.366
258.134	72.345	119.486
258.163	72.335	119.439
258.196	72.369	119.357
258.217	72.442	119.296
258.256	72.542	119.220
258.293	72.679	119.136
258.297	72.865	119.069
258.270	73.037	118.967
258.204	73.245	118.856
258.102	73.479	118.796
257.995	73.708	118.772
257.921	73.939	118.771
257.879	74.147	118.782
257.876	74.336	118.807
257.915	74.494	118.872
257.990	74.624	118.930
258.069	74.712	118.974
258.133	74.760	118.992
258.167	74.772	119.014
258.171	74.748	118.995
258.171	74.706	118.977
258.164	74.617	118.946
258.149	74.499	118.909
258.148	74.339	118.860
258.176	74.144	118.808
258.205	73.939	118.766
258.247	73.704	118.743
258.313	73.452	118.725
258.390	73.191	118.753
258.419	72.937	118.797
258.393	72.720	118.945
258.326	72.547	119.134
258.183	72.447	119.431
258.133	72.406	119.553
258.169	72.391	119.477
258.206	72.401	119.386
258.262	72.446	119.317
258.357	72.531	119.238
258.418	72.651	119.147
258.429	72.811	119.090
258.409	72.959	118.972
258.290	73.173	118.864
258.136	73.378	118.788
257.981	73.611	118.774
257.880	73.827	118.788
257.849	74.032	118.794
257.887	74.208	118.806
257.951	74.369	118.853
258.020	74.489	118.911
258.065	74.596	118.965
258.094	74.656	118.971
258.106	74.692	118.968
258.087	74.696	118.955
258.071	74.676	118.936
258.060	74.624	118.905
258.062	74.534	118.862
258.079	74.407	118.823
258.109	74.254	118.783
258.162	74.070	118.759
258.191	73.874	118.738
258.198	73.672	118.743
258.173	73.457	118.757
258.140	73.243	118.779
258.116	73.059	118.847
258.090	72.887	118.957
258.086	72.737	119.090
258.127	72.633	119.253
258.212	72.590	119.428
258.373	72.556	119.413
258.490	72.527	119.275
258.527	72.565	119.149
258.439	72.649	119.100
258.323	72.779	119.061
258.232	72.902	118.976
258.146	73.050	118.898
258.136	73.205	118.820
258.165	73.366	118.789
258.181	73.526	118.783
258.163	73.698	118.797
258.131	73.855	118.801
258.091	74.010	118.797
258.013	74.152	118.831
257.955	74.292	118.878
257.944	74.388	118.914
257.976	74.458	118.897
258.037	74.485	118.874
258.114	74.490	118.849
258.176	74.459	118.831
258.206	74.406	118.819
258.218	74.337	118.793
258.205	74.236	118.788
258.167	74.125	118.775
258.122	74.000	118.770
258.075	73.858	118.758
258.041	73.684	118.758
258.024	73.523	118.762
258.033	73.342	118.757
258.063	73.174	118.786
258.078	73.015	118.832
258.087	72.879	118.895
258.087	72.764	118.957
258.051	72.674	119.018
258.042	72.621	119.084
258.029	72.613	119.147
258.050	72.640	119.206
258.132	72.700	119.165
258.251	72.795	119.104
258.396	72.889	119.057
258.445	72.989	118.992
258.476	73.122	118.923
258.423	73.285	118.859
258.320	73.463	118.828
258.217	73.638	118.832
258.137	73.805	118.833
258.109	73.954	118.816
258.165	74.074	118.796
258.228	74.182	118.803
258.264	74.256	118.846
258.266	74.317	118.881
258.237	74.353	118.903
258.181	74.372	118.903
258.108	74.363	118.908
258.053	74.332	118.902
258.028	74.248	118.883
258.033	74.166	118.853
258.070	74.033	118.809
258.123	73.889	118.785
258.166	73.749	118.783
258.182	73.579	118.774
258.182	73.396	118.767
258.166	73.235	118.782
258.118	73.070	118.791
258.063	72.908	118.816
258.026	72.772	118.875
257.997	72.671	118.960
257.991	72.595	119.057
258.003	72.551	119.209
258.027	72.598	119.373
258.124	72.638	119.356
258.216	72.702	119.257
258.258	72.825	119.168
258.252	72.963	119.125
258.262	73.108	119.062
258.281	73.262	118.978
258.320	73.429	118.891
258.362	73.609	118.849
258.457	73.763	118.800
258.488	73.915	118.766
258.465	74.047	118.761
258.419	74.171	118.766
258.320	74.298	118.811
258.216	74.395	118.873
258.146	74.458	118.936
258.116	74.488	118.970
258.177	74.455	118.964
258.253	74.390	118.949
258.306	74.285	118.939
258.309	74.185	118.930
258.273	74.054	118.900
258.211	73.913	118.859
258.124	73.745	118.829
258.047	73.578	118.801
258.024	73.383	118.774
258.029	73.193	118.761
258.052	73.000	118.751
258.098	72.806	118.758
258.131	72.646	118.845
258.128	72.529	118.959
258.117	72.436	119.124
258.077	72.417	119.371
258.070	72.440	119.557
258.143	72.497	119.527
258.214	72.564	119.398
258.231	72.669	119.292
258.246	72.821	119.209
258.261	72.993	119.111
258.288	73.154	119.003
258.310	73.345	118.900
258.293	73.544	118.823
258.238	73.759	118.791
258.175	73.944	118.757
258.129	74.130	118.758
258.110	74.307	118.780
258.133	74.448	118.817
258.199	74.538	118.866
258.305	74.598	118.917
258.404	74.606	118.958
258.432	74.584	118.974
258.447	74.512	118.959
258.421	74.428	118.954
258.383	74.315	118.948
258.317	74.174	118.928
258.254	74.001	118.899
258.219	73.814	118.859
258.197	73.596	118.785
258.191	73.369	118.748
258.183	73.147	118.736
258.167	72.915	118.722
258.138	72.708	118.726
258.098	72.531	118.778
258.058	72.383	118.902
258.024	72.286	119.063
257.982	72.259	119.311
257.988	72.288	119.552
258.078	72.359	119.574
258.215	72.451	119.445
258.300	72.585	119.347
258.360	72.769	119.273
258.385	72.958	119.178
258.395	73.171	119.080
258.372	73.384	118.970
258.309	73.604	118.859
258.220	73.849	118.792
258.128	74.061	118.745
258.052	74.275	118.732
258.013	74.459	118.736
258.021	74.607	118.780
258.072	74.731	118.852
258.174	74.793	118.917
258.298	74.820	118.980
258.457	74.780	119.003
258.528	74.687	118.991
258.540	74.567	118.979
258.499	74.435	118.959
258.404	74.274	118.939
258.301	74.091	118.919
258.223	73.881	118.870
258.213	73.646	118.804
258.277	73.376	118.739
258.318	73.104	118.706
258.322	72.835	118.698
258.278	72.616	118.709
258.204	72.391	118.774
258.075	72.233	118.890
257.975	72.130	119.057
257.902	72.100	119.331
257.904	72.145	119.582
258.023	72.209	119.584
258.180	72.315	119.447
258.279	72.471	119.380
258.339	72.661	119.318
258.377	72.881	119.209
258.369	73.096	119.108
258.351	73.328	118.979
258.281	73.564	118.862
258.174	73.811	118.794
258.078	74.035	118.725
257.997	74.276	118.704
257.966	74.481	118.710
257.958	74.649	118.762
257.980	74.788	118.846
258.014	74.879	118.922
258.051	74.941	118.970
258.069	74.952	119.006
258.099	74.921	119.007
258.143	74.852	118.990
258.196	74.751	118.970
258.274	74.606	118.933
258.390	74.403	118.877
258.525	74.175	118.823
258.578	73.918	118.765
258.573	73.655	118.717
258.509	73.359	118.678
258.395	73.100	118.681
258.276	72.849	118.706
258.166	72.602	118.758
258.096	72.401	118.881
258.110	72.225	118.996
258.137	72.094	119.178
258.144	72.060	119.398
258.168	72.081	119.544
258.211	72.148	119.472
258.211	72.256	119.362
258.144	72.404	119.278
258.107	72.589	119.199
258.098	72.815	119.116
258.110	73.041	119.014
258.134	73.262	118.895
258.136	73.519	118.817
258.118	73.771	118.782
258.088	74.008	118.751
258.036	74.246	118.760
258.008	74.451	118.768
257.962	74.636	118.817
257.946	74.794	118.883
257.938	74.909	118.938
257.965	74.970	118.975
258.012	74.993	118.993
258.075	74.959	118.993
258.147	74.887	118.991
258.204	74.782	118.975
258.235	74.636	118.943
258.232	74.474	118.911
258.226	74.268	118.856
258.206	74.040	118.804
258.179	73.804	118.764
258.176	73.551	118.739
258.196	73.286	118.724
258.250	73.009	118.720
258.336	72.751	118.755
258.356	72.504	118.858
258.340	72.319	119.024
258.252	72.193	119.264
258.151	72.148	119.486
258.136	72.160	119.530
258.161	72.194	119.417
258.176	72.278	119.350
258.252	72.374	119.278
258.335	72.520	119.196
258.391	72.699	119.111
258.397	72.894	119.022
258.346	73.115	118.910
258.216	73.357	118.801
258.063	73.603	118.781
257.938	73.840	118.758
257.870	74.078	118.776
257.858	74.262	118.795
257.908	74.436	118.835
257.983	74.580	118.894
258.049	74.688	118.960
258.104	74.743	118.981
258.124	74.769	118.997
258.129	74.768	118.992
258.116	74.732	118.968
258.095	74.664	118.938
258.080	74.548	118.893
258.086	74.414	118.851
258.094	74.235	118.794
258.125	74.041	118.756
258.153	73.824	118.745
258.174	73.597	118.733
258.172	73.368	118.740
258.163	73.138	118.776
258.153	72.921	118.863
258.148	72.729	118.975
258.168	72.574	119.114
258.220	72.464	119.331
258.322	72.399	119.471
258.394	72.362	119.424
258.473	72.356	119.294
258.430	72.401	119.206
258.360	72.515	119.137
258.297	72.653	119.085
258.252	72.794	118.997
258.222	72.940	118.898
258.190	73.128	118.823
258.158	73.314	118.798
258.107	73.515	118.790
258.050	73.713	118.796
258.009	73.893	118.778
257.962	74.079	118.792
257.926	74.247	118.821
257.908	74.382	118.873
257.943	74.500	118.904
257.985	74.577	118.900
258.053	74.616	118.886
258.134	74.623	118.856
258.190	74.596	118.849
258.224	74.537	118.852
258.235	74.471	118.840
258.226	74.363	118.819
258.206	74.227	118.796
258.164	74.070	118.771
258.122	73.900	118.759
258.082	73.704	118.749
258.060	73.509	118.758
258.065	73.300	118.756
258.078	73.101	118.777
258.085	72.906	118.823
258.097	72.732	118.874
258.102	72.581	118.922
258.130	72.469	118.986
258.176	72.382	119.053
258.278	72.322	119.092
258.241	72.324	119.196
258.233	72.381	119.217
258.243	72.465	119.146
258.244	72.595	119.088
258.245	72.763	119.037
258.214	72.931	118.977
258.200	73.117	118.919
258.183	73.312	118.851
258.181	73.506	118.828
258.168	73.711	118.831
258.139	73.897	118.829
258.117	74.072	118.814
258.082	74.238	118.808
258.063	74.388	118.816
258.045	74.504	118.846
258.040	74.598	118.885
258.040	74.647	118.901
258.062	74.658	118.898
258.098	74.641	118.879
258.145	74.577	118.864
258.195	74.501	118.855
258.221	74.387	118.838
258.222	74.246	118.821
258.206	74.091	118.804
258.170	73.909	118.787
258.126	73.732	118.791
258.086	73.533	118.784
258.068	73.314	118.767
258.046	73.104	118.771
258.044	72.911	118.788
258.042	72.714	118.824
258.051	72.549	118.882
258.069	72.427	118.958
258.092	72.330	119.052
258.126	72.283	119.160
258.187	72.295	119.268
258.326	72.333	119.288
258.379	72.393	119.197
258.395	72.501	119.088
258.327	72.668	119.027
258.238	72.842	118.958
258.147	73.041	118.912
258.100	73.241	118.862
258.091	73.459	118.836
258.119	73.667	118.824
258.141	73.860	118.817
258.141	74.031	118.814
258.125	74.212	118.818
258.104	74.378	118.818
258.073	74.501	118.835
258.029	74.613	118.875
258.010	74.689	118.895
258.018	74.722	118.892
258.041	74.721	118.877
258.085	74.676	118.842
258.145	74.589	118.815
258.194	74.498	118.818
258.226	74.360	118.810
258.230	74.195	118.796
258.210	74.016	118.798
258.168	73.825	118.802
258.130	73.624	118.799
258.103	73.397	118.788
258.089	73.167	118.783
258.087	72.954	118.789
258.089	72.732	118.804
258.120	72.536	118.819
258.169	72.384	118.876
258.240	72.236	118.922
258.283	72.136	118.976
258.293	72.090	119.055
258.268	72.103	119.164
258.197	72.184	119.247
258.152	72.303	119.219
258.162	72.455	119.121
258.159	72.641	119.051
258.188	72.827	118.987
258.219	73.040	118.930
258.238	73.270	118.877
258.220	73.499	118.855
258.171	73.727	118.857
258.131	73.944	118.846
258.081	74.166	118.830
258.024	74.353	118.802
257.993	74.538	118.803
257.995	74.664	118.840
258.016	74.767	118.864
258.063	74.839	118.879
258.130	74.857	118.873
258.187	74.849	118.870
258.211	74.780	118.850
258.207	74.707	118.845
258.188	74.604	118.842
258.149	74.454	118.825
258.109	74.285	118.806
258.088	74.095	118.806
258.070	73.879	118.796
258.059	73.645	118.795
258.087	73.399	118.780
258.111	73.146	118.773
258.119	72.918	118.799
258.114	72.682	118.799
258.100	72.493	118.839
258.094	72.319	118.879
258.111	72.185	118.922
258.155	72.094	118.982
258.253	72.054	119.045
258.289	72.063	119.151
258.306	72.126	119.226
258.322	72.240	119.183
258.280	72.398	119.105
258.220	72.603	119.050
258.149	72.819	119.005
258.126	73.055	118.959
258.162	73.276	118.872
258.188	73.512	118.842
258.192	73.750	118.844
258.166	73.980	118.843
258.127	74.174	118.828
258.073	74.380	118.815
258.028	74.554	118.829
257.983	74.698	118.876
257.976	74.786	118.912
257.993	74.840	118.940
258.043	74.849	118.941
258.127	74.804	118.922
258.199	74.724	118.905
258.243	74.619	118.882
258.243	74.488	118.875
258.234	74.310	118.859
258.199	74.113	118.841
258.156	73.897	118.819
258.104	73.671	118.808
258.083	73.422	118.794
258.074	73.171	118.784
258.066	72.926	118.786
258.072	72.680	118.825
258.084	72.475	118.897
258.088	72.305	118.982
258.106	72.164	119.115
258.126	72.105	119.285
258.203	72.103	119.399
258.336	72.131	119.375
258.379	72.185	119.265
258.378	72.282	119.158
258.322	72.451	119.083
258.295	72.653	119.043
258.262	72.856	118.960
258.215	73.082	118.915
258.185	73.307	118.843
258.157	73.543	118.828
258.139	73.765	118.821
258.113	73.975	118.808
258.071	74.187	118.826
258.064	74.366	118.821
258.051	74.534	118.848
258.025	74.660	118.883
258.018	74.761	118.898
258.020	74.824	118.896
258.030	74.845	118.879
258.064	74.822	118.852
258.104	74.768	118.840
258.165	74.672	118.825
258.208	74.560	118.831
258.229	74.403	118.838
258.234	74.211	118.827
258.210	74.016	118.819
258.177	73.803	118.822
258.131	73.572	118.803
258.100	73.332	118.792
258.065	73.087	118.789
258.043	72.852	118.813
258.048	72.638	118.821
258.057	72.455	118.854
258.063	72.300	118.907
258.091	72.180	118.944
258.140	72.100	119.000
258.198	72.077	119.064
258.289	72.090	119.132
258.272	72.169	119.186
258.297	72.270	119.139
258.262	72.441	119.076
258.196	72.633	119.025
258.132	72.849	118.984
258.090	73.093	118.936
258.086	73.322	118.875
258.122	73.561	118.850
258.161	73.789	118.843
258.177	74.003	118.847
258.163	74.199	118.834
258.136	74.399	118.824
258.105	74.561	118.815
258.062	74.686	118.835
258.029	74.796	118.874
258.031	74.867	118.902
258.045	74.872	118.890
258.087	74.835	118.878
258.155	74.761	118.857
258.208	74.656	118.853
258.228	74.510	118.840
258.225	74.359	118.835
258.203	74.152	118.825
258.168	73.942	118.821
258.119	73.721	118.818
258.083	73.471	118.803
258.071	73.226	118.793
258.062	72.983	118.794
258.061	72.727	118.798
258.080	72.517	118.820
258.108	72.323	118.866
258.151	72.154	118.914
258.207	72.040	118.979
258.268	71.973	119.081
258.275	71.957	119.197
258.269	72.032	119.295
258.266	72.125	119.246
258.253	72.256	119.156
258.223	72.451	119.070
258.186	72.672	119.030
258.211	72.878	118.961
258.233	73.115	118.910
258.236	73.345	118.842
258.207	73.587	118.834
258.164	73.825	118.842
258.115	74.039	118.830
258.065	74.258	118.821
258.016	74.443	118.814
257.982	74.598	118.853
257.991	74.727	118.886
258.006	74.805	118.919
258.058	74.840	118.908
258.143	74.834	118.895
258.197	74.780	118.864
258.222	74.700	118.850
258.218	74.599	118.844
258.196	74.473	118.841
258.168	74.308	118.836
258.130	74.109	118.820
258.095	73.911	118.816
258.077	73.679	118.810
258.082	73.434	118.793
258.099	73.191	118.789
258.113	72.955	118.803
258.124	72.730	118.836
258.110	72.534	118.886
258.070	72.379	118.952
258.068	72.241	119.004
258.077	72.157	119.077
258.105	72.133	119.185
258.185	72.160	119.248
258.349	72.202	119.214
258.423	72.299	119.109
258.452	72.435	119.045
258.368	72.607	118.987
258.250	72.803	118.925
258.140	73.024	118.894
258.078	73.251	118.861
258.095	73.465	118.852
258.147	73.675	118.828
258.188	73.880	118.831
258.197	74.061	118.826
258.185	74.239	118.822
258.153	74.390	118.827
258.102	74.516	118.839
258.047	74.627	118.875
258.022	74.695	118.881
258.028	74.725	118.872
258.054	74.697	118.856
258.111	74.625	118.828
258.159	74.546	118.819
258.204	74.421	118.811
258.218	74.269	118.806
258.205	74.100	118.807
258.173	73.907	118.822
258.137	73.709	118.827
258.098	73.490	118.818
258.078	73.263	118.799
258.055	73.035	118.790
258.049	72.820	118.807
258.053	72.604	118.812
258.068	72.432	118.832
258.081	72.280	118.866
258.100	72.160	118.904
258.116	72.097	118.949
258.147	72.076	119.012
258.199	72.090	119.076
258.245	72.167	119.151
258.240	72.280	119.156
258.246	72.435	119.081
258.231	72.634	119.024
258.213	72.837	118.971
258.173	73.065	118.930
258.139	73.305	118.879
258.119	73.546	118.862
258.133	73.769	118.843
258.147	73.978	118.827
258.140	74.182	118.824
258.126	74.367	118.819
258.109	74.519	118.810
258.100	74.642	118.819
258.074	74.744	118.853
258.057	74.809	118.880
258.052	74.831	118.897
258.063	74.807	118.896
258.090	74.741	118.877
258.131	74.633	118.852
258.181	74.502	118.845
258.231	74.346	118.853
258.251	74.147	118.843
258.236	73.946	118.838
258.202	73.711	118.828
258.170	73.472	118.811
258.133	73.240	118.806
258.083	72.996	118.788
258.051	72.754	118.800
258.022	72.537	118.809
258.025	72.343	118.851
258.038	72.188	118.912
258.092	72.069	118.978
258.151	72.001	119.086
258.241	71.995	119.217
258.313	72.054	119.317
258.393	72.125	119.250
258.423	72.238	119.136
258.324	72.418	119.069
258.218	72.629	119.029
258.145	72.857	118.966
258.158	73.086	118.907
258.217	73.304	118.841
258.267	73.533	118.829
258.275	73.771	118.836
258.246	73.979	118.825
258.190	74.185	118.817
258.112	74.379	118.806
258.037	74.538	118.819
257.986	74.673	118.865
257.982	74.767	118.906
258.014	74.806	118.905
258.077	74.795	118.873
258.152	74.746	118.858
258.199	74.673	118.847
258.208	74.567	118.838
258.192	74.429	118.835
258.163	74.259	118.840
258.130	74.079	118.833
258.084	73.867	118.827
258.056	73.641	118.813
258.055	73.401	118.795
258.071	73.157	118.786
258.089	72.917	118.789
258.114	72.682	118.810
258.130	72.487	118.853
258.116	72.315	118.909
258.092	72.190	118.960
258.072	72.093	119.016
258.047	72.055	119.109
258.040	72.092	119.205
258.079	72.172	119.250
258.204	72.267	119.180
258.359	72.398	119.088
258.457	72.584	119.033
258.471	72.757	118.979
258.454	72.959	118.916
258.363	73.178	118.862
258.265	73.425	118.843
258.167	73.668	118.853
258.123	73.877	118.839
258.155	74.068	118.810
258.230	74.218	118.784
258.282	74.350	118.802
258.290	74.460	118.842
258.277	74.553	118.866
258.230	74.613	118.870
258.154	74.629	118.860
258.094	74.629	118.865
258.055	74.578	118.854
258.045	74.496	118.839
258.065	74.381	118.822
258.110	74.226	118.799
258.171	74.038	118.787
258.193	73.850	118.802
258.196	73.653	118.825
258.192	73.426	118.815
258.165	73.212	118.813
258.120	73.006	118.817
258.075	72.774	118.817
258.035	72.584	118.816
258.023	72.420	118.827
258.023	72.282	118.863
258.041	72.179	118.909
258.069	72.123	118.966
258.074	72.114	119.039
258.048	72.162	119.143
258.042	72.265	119.221
258.090	72.389	119.188
258.151	72.544	119.103
258.198	72.736	119.036
258.274	72.933	118.984
258.401	73.132	118.943
258.503	73.326	118.870
258.510	73.541	118.845
258.508	73.735	118.810
258.415	73.942	118.799
258.305	74.138	118.809
258.209	74.312	118.815
258.145	74.454	118.839
258.170	74.540	118.867
258.235	74.570	118.892
258.286	74.562	118.930
258.298	74.545	118.973
258.276	74.475	118.961
258.246	74.394	118.936
258.183	74.272	118.900
258.106	74.113	118.891
258.058	73.944	118.873
258.032	73.741	118.842
258.036	73.526	118.813
258.096	73.290	118.789
258.152	73.071	118.784
258.189	72.827	118.785
258.193	72.621	118.826
258.159	72.438	118.907
258.120	72.293	119.013
258.069	72.181	119.171
258.020	72.145	119.387
258.027	72.178	119.525
258.130	72.213	119.429
258.219	72.289	119.309
258.263	72.409	119.242
258.301	72.570	119.172
258.338	72.755	119.096
258.366	72.930	118.992
258.371	73.136	118.914
258.350	73.356	118.844
258.341	73.565	118.800
258.368	73.768	118.777
258.446	73.944	118.780
258.417	74.107	118.807
258.400	74.233	118.826
258.358	74.343	118.874
258.309	74.439	118.949
258.283	74.476	118.994
258.237	74.467	119.001
258.230	74.425	118.993
258.231	74.336	118.967
258.252	74.204	118.938
258.244	74.054	118.903
258.221	73.894	118.878
258.185	73.719	118.833
258.147	73.513	118.784
258.100	73.305	118.762
258.056	73.097	118.750
258.035	72.880	118.761
258.025	72.673	118.825
258.038	72.521	118.911
258.074	72.369	119.056
258.101	72.287	119.284
258.133	72.256	119.518
258.217	72.277	119.603
258.317	72.310	119.500
258.347	72.385	119.395
258.328	72.487	119.326
258.304	72.617	119.200
258.281	72.786	119.084
258.255	72.942	118.970
258.217	73.128	118.851
258.173	73.328	118.774
258.126	73.524	118.742
258.085	73.720	118.743
258.060	73.901	118.753
258.068	74.070	118.787
258.102	74.215	118.851
258.195	74.308	118.920
258.346	74.351	118.963
258.467	74.360	118.985
258.487	74.333	118.988
258.500	74.284	118.975
258.445	74.204	118.959
258.401	74.097	118.946
258.340	73.962	118.926
258.298	73.794	118.885
258.280	73.598	118.832
258.263	73.388	118.771
258.262	73.173	118.745
258.233	72.950	118.722
258.182	72.740	118.719
258.129	72.549	118.760
258.072	72.394	118.852
258.008	72.278	119.007
257.971	72.210	119.241
257.962	72.213	119.498
258.036	72.257	119.597
258.183	72.321	119.480
258.296	72.423	119.377
258.356	72.562	119.329
258.404	72.733	119.231
258.420	72.909	119.135
258.408	73.091	119.024
258.358	73.281	118.894
258.273	73.489	118.799
258.168	73.714	118.757
258.083	73.906	118.716
258.019	74.095	118.727
258.000	74.250	118.757
258.019	74.375	118.806
258.086	74.467	118.882
258.175	74.510	118.957
258.281	74.514	118.988
258.436	74.452	118.996
258.524	74.353	118.981
258.541	74.232	118.963
258.523	74.081	118.931
258.433	73.929	118.900
258.331	73.736	118.862
258.243	73.533	118.811
258.204	73.303	118.760
258.239	73.066	118.707
258.276	72.817	118.683
258.281	72.581	118.686
258.240	72.372	118.753
258.173	72.196	118.844
258.081	72.085	118.987
257.984	72.018	119.215
257.927	72.042	119.480
257.965	72.108	119.598
258.089	72.179	119.485
258.185	72.306	119.386
258.265	72.479	119.330
258.339	72.665	119.231
258.382	72.877	119.132
258.395	73.082	119.017
258.347	73.313	118.892
258.253	73.544	118.814
258.143	73.772	118.755
258.038	73.991	118.712
257.959	74.212	118.717
257.936	74.385	118.725
257.944	74.524	118.785
257.979	74.633	118.881
258.021	74.693	118.947
258.061	74.722	118.989
258.095	74.705	118.994
258.131	74.647	118.984
258.171	74.571	118.977
258.221	74.440	118.954
258.312	74.270	118.914
258.410	74.066	118.854
258.547	73.820	118.787
258.570	73.562	118.727
258.565	73.285	118.681
258.462	73.021	118.668
258.325	72.769	118.676
258.196	72.533	118.709
258.083	72.325	118.820
258.058	72.139	118.921
258.109	71.999	119.073
258.137	71.937	119.286
258.156	71.934	119.501
258.200	71.988	119.522
258.239	72.071	119.392
258.221	72.203	119.286
258.150	72.381	119.223
258.118	72.579	119.133
258.104	72.802	119.053
258.110	73.027	118.948
258.113	73.246	118.830
258.108	73.498	118.774
258.100	73.727	118.743
258.076	73.954	118.744
258.042	74.182	118.753
258.014	74.372	118.784
257.992	74.530	118.830
257.985	74.660	118.899
257.987	74.740	118.945
258.009	74.780	118.978
258.050	74.769	118.975
258.099	74.710	118.962
258.166	74.622	118.935
258.212	74.501	118.926
258.255	74.334	118.889
258.263	74.144	118.853
258.268	73.925	118.806
258.284	73.687	118.764
258.305	73.434	118.736
258.353	73.169	118.711
258.442	72.890	118.710
258.406	72.622	118.716
258.367	72.368	118.784
258.273	72.190	118.901
258.176	72.046	119.055
258.065	71.985	119.278
258.028	71.965	119.461
258.080	71.992	119.469
258.168	72.061	119.358
258.239	72.145	119.274
258.267	72.291	119.238
258.268	72.472	119.152
258.261	72.679	119.061
258.224	72.892	118.954
258.160	73.127	118.836
258.065	73.369	118.791
257.987	73.609	118.772
257.946	73.838	118.759
257.939	74.064	118.769
257.976	74.251	118.790
258.042	74.409	118.843
258.103	74.537	118.916
258.135	74.615	118.981
258.155	74.666	119.000
258.162	74.665	119.004
258.147	74.640	118.989
258.135	74.564	118.967
258.136	74.467	118.935
258.144	74.325	118.909
258.179	74.138	118.851
258.202	73.933	118.810
258.247	73.688	118.770
258.295	73.439	118.748
258.346	73.170	118.728
258.425	72.901	118.735
258.423	72.627	118.775
258.369	72.390	118.871
258.284	72.203	119.001
258.151	72.077	119.233
258.070	72.021	119.469
258.093	72.023	119.520
258.184	72.043	119.404
258.254	72.100	119.328
258.311	72.193	119.272
258.360	72.325	119.199
258.367	72.497	119.122
258.344	72.707	119.049
258.282	72.893	118.927
258.165	73.127	118.820
258.045	73.366	118.772
257.958	73.612	118.768
257.918	73.833	118.781
257.922	74.037	118.794
257.967	74.215	118.824
258.030	74.365	118.892
258.081	74.487	118.955
258.114	74.564	118.990
258.120	74.603	118.991
258.119	74.611	118.987
258.096	74.594	118.974
258.088	74.537	118.946
258.082	74.429	118.913
258.098	74.298	118.868
258.125	74.116	118.819
258.160	73.924	118.784
258.188	73.698	118.766
258.209	73.463	118.740
258.211	73.219	118.743
258.221	72.977	118.761
258.240	72.746	118.820
258.275	72.536	118.918
258.345	72.331	119.056
258.304	72.214	119.269
258.285	72.134	119.439
258.301	72.112	119.461
258.308	72.116	119.361
258.291	72.168	119.268
258.251	72.265	119.227
258.260	72.390	119.134
258.272	72.544	119.043
258.286	72.708	118.946
258.246	72.887	118.879
258.169	73.093	118.824
258.094	73.315	118.805
258.003	73.534	118.790
257.934	73.741	118.783
257.887	73.947	118.811
257.880	74.116	118.852
257.903	74.258	118.892
257.954	74.378	118.921
258.042	74.446	118.922
258.141	74.492	118.906
258.205	74.503	118.903
258.230	74.483	118.886
258.230	74.430	118.866
258.222	74.355	118.853
258.192	74.235	118.821
258.167	74.082	118.783
258.143	73.912	118.762
258.138	73.723	118.751
258.137	73.505	118.744
258.161	73.292	118.742
258.191	73.063	118.759
258.227	72.828	118.782
258.257	72.624	118.846
258.326	72.414	118.910
258.326	72.257	119.005
258.302	72.115	119.113
258.236	72.061	119.251
258.156	72.066	119.350
258.156	72.109	119.332
258.175	72.172	119.217
258.199	72.281	119.119
258.217	72.416	119.055
258.241	72.586	119.015
258.245	72.756	118.939
258.205	72.952	118.901
258.155	73.154	118.854
258.098	73.376	118.833
258.034	73.599	118.815
257.982	73.800	118.811
257.959	73.995	118.804
257.969	74.166	118.824
258.005	74.305	118.854
258.069	74.424	118.875
258.131	74.487	118.887
258.193	74.523	118.892
258.219	74.540	118.886
258.213	74.521	118.876
258.190	74.468	118.862
258.157	74.384	118.835
258.124	74.264	118.806
258.106	74.107	118.792
258.088	73.938	118.769
258.089	73.744	118.762
258.098	73.535	118.769
258.129	73.307	118.765
258.136	73.084	118.773
258.137	72.850	118.793
258.130	72.641	118.813
258.133	72.449	118.862
258.147	72.293	118.914
258.206	72.150	118.955
258.300	72.049	119.014
258.307	71.991	119.111
258.300	71.999	119.218
258.253	72.071	119.253
258.225	72.162	119.175
258.182	72.318	119.088
258.144	72.497	119.036
258.137	72.694	119.001
258.188	72.876	118.919
258.211	73.086	118.872
258.214	73.298	118.849
258.169	73.516	118.844
258.122	73.744	118.843
258.066	73.948	118.823
258.000	74.127	118.806
257.973	74.294	118.820
257.976	74.418	118.861
258.011	74.512	118.884
258.063	74.557	118.893
258.143	74.566	118.877
258.208	74.546	118.878
258.237	74.482	118.860
258.240	74.395	118.841
258.220	74.282	118.823
258.190	74.135	118.808
258.153	73.947	118.795
258.123	73.766	118.792
258.102	73.552	118.785
258.115	73.314	118.766
258.135	73.083	118.770
258.167	72.835	118.768
258.192	72.603	118.787
258.214	72.391	118.825
258.253	72.202	118.870
258.294	72.039	118.923
258.283	71.919	118.991
258.249	71.860	119.114
258.169	71.875	119.224
258.109	71.952	119.302
258.119	72.053	119.240
258.149	72.202	119.148
258.169	72.376	119.057
258.210	72.590	119.009
258.251	72.793	118.953
258.255	73.017	118.922
258.218	73.261	118.864
258.167	73.503	118.853
258.106	73.746	118.836
258.024	73.973	118.822
257.978	74.191	118.810
257.970	74.365	118.823
257.989	74.514	118.851
258.042	74.631	118.869
258.106	74.689	118.879
258.181	74.723	118.889
258.217	74.717	118.891
258.225	74.665	118.871
258.209	74.596	118.864
258.172	74.486	118.846
258.131	74.351	118.832
258.097	74.167	118.805
258.073	73.969	118.789
258.072	73.746	118.788
258.085	73.509	118.779
258.118	73.254	118.771
258.148	72.999	118.777
258.155	72.740	118.796
258.148	72.509	118.817
258.157	72.298	118.864
258.179	72.122	118.910
258.237	71.980	118.972
258.287	71.865	119.043
258.265	71.829	119.143
258.236	71.855	119.242
258.195	71.947	119.265
258.191	72.064	119.183
258.182	72.230	119.104
258.151	72.436	119.042
258.156	72.647	118.992
258.191	72.864	118.926
258.193	73.107	118.883
258.174	73.339	118.853
258.134	73.586	118.850
258.095	73.812	118.836
258.048	74.025	118.803
257.994	74.233	118.798
257.974	74.409	118.824
257.979	74.546	118.860
258.014	74.639	118.882
258.064	74.697	118.895
258.146	74.698	118.875
258.219	74.679	118.869
258.249	74.617	118.859
258.247	74.526	118.846
258.222	74.404	118.842
258.196	74.243	118.817
258.157	74.053	118.811
258.125	73.839	118.796
258.093	73.614	118.796
258.104	73.351	118.775
258.125	73.101	118.775
258.158	72.833	118.776
258.183	72.586	118.791
258.220	72.354	118.828
258.270	72.144	118.856
258.331	71.975	118.917
258.307	71.828	118.974
258.279	71.745	119.076
258.167	71.753	119.178
258.094	71.838	119.274
258.082	71.949	119.260
258.138	72.085	119.158
258.195	72.264	119.062
258.244	72.479	119.020
258.280	72.704	118.969
258.279	72.941	118.941
258.231	73.203	118.899
258.172	73.449	118.856
258.084	73.703	118.835
258.002	73.938	118.813
257.963	74.171	118.803
257.962	74.363	118.806
257.997	74.525	118.828
258.061	74.645	118.851
258.136	74.727	118.885
258.183	74.763	118.896
258.209	74.758	118.893
258.206	74.725	118.898
258.178	74.660	118.879
258.146	74.548	118.855
258.108	74.420	118.839
258.083	74.237	118.819
258.079	74.025	118.800
258.091	73.804	118.796
258.120	73.543	118.788
258.168	73.286	118.786
258.180	73.026	118.786
258.173	72.752	118.801
258.137	72.528	118.822
258.099	72.315	118.857
258.077	72.137	118.902
258.082	71.976	118.946
258.119	71.871	119.026
258.194	71.821	119.118
258.270	71.833	119.205
258.334	71.890	119.246
258.389	71.977	119.187
258.351	72.135	119.122
258.262	72.327	119.054
258.168	72.555	119.012
258.126	72.794	118.958
258.165	73.024	118.898
258.219	73.254	118.835
258.251	73.489	118.831
258.222	73.715	118.841
258.178	73.933	118.843
258.127	74.123	118.823
258.054	74.313	118.839
258.001	74.457	118.889
257.981	74.554	118.948
258.006	74.605	118.971
258.059	74.618	118.969
258.150	74.569	118.945
258.219	74.481	118.929
258.257	74.368	118.909
258.259	74.227	118.886
258.233	74.062	118.869
258.194	73.863	118.843
258.146	73.651	118.834
258.108	73.417	118.798
258.080	73.183	118.781
258.062	72.939	118.803
258.061	72.688	118.818
258.072	72.472	118.870
258.075	72.292	118.969
258.080	72.131	119.117
258.060	72.044	119.308
258.074	72.012	119.463
258.165	72.016	119.430
258.267	72.048	119.324
258.340	72.116	119.236
258.438	72.221	119.172
258.529	72.355	119.075
258.527	72.530	119.009
258.524	72.691	118.926
258.447	72.896	118.857
258.351	73.125	118.814
258.237	73.355	118.799
258.161	73.583	118.808
258.118	73.771	118.832
258.116	73.935	118.841
258.135	74.083	118.874
258.146	74.195	118.922
258.124	74.275	118.963
258.118	74.329	118.963
258.116	74.356	118.939
258.094	74.344	118.901
258.068	74.301	118.874
258.053	74.222	118.858
258.054	74.132	118.841
258.081	73.994	118.806
258.131	73.833	118.784
258.179	73.665	118.775
258.226	73.473	118.788
258.244	73.268	118.797
258.241	73.070	118.825
258.206	72.862	118.871
258.150	72.703	118.934
258.092	72.552	119.010
258.047	72.425	119.100
258.008	72.333	119.220
257.995	72.303	119.345
258.036	72.289	119.356
258.111	72.310	119.270
258.174	72.350	119.169
258.202	72.439	119.088
258.225	72.558	119.043
258.270	72.684	118.959
258.341	72.804	118.888
258.428	72.942	118.827
258.391	73.081	118.804
258.365	73.246	118.792
258.285	73.403	118.789
258.221	73.547	118.806
258.173	73.686	118.864
258.160	73.788	118.914
258.187	73.859	118.953
258.238	73.891	118.977
258.291	73.903	118.975
258.314	73.885	118.983
258.307	73.836	118.964
258.278	73.782	118.923
258.212	73.703	118.873
258.134	73.617	118.841
258.065	73.502	118.809
258.038	73.366	118.783
258.046	73.224	118.763
258.067	73.060	118.755
258.118	72.915	118.781
258.153	72.757	118.847
258.158	72.636	118.979
258.145	72.533	119.147
258.101	72.482	119.398
258.103	72.461	119.575
258.183	72.468	119.510
258.242	72.485	119.392
258.263	72.532	119.300
258.277	72.617	119.234
258.305	72.707	119.122
258.342	72.814	119.016
258.363	72.933	118.927
258.362	73.058	118.819
258.310	73.213	118.779
258.279	73.377	118.754
258.297	73.512	118.759
258.362	73.611	118.761
258.395	73.696	118.801
258.360	73.778	118.863
258.323	73.831	118.915
258.258	73.865	118.967
258.205	73.868	118.992
258.165	73.851	119.001
258.159	73.794	118.986
258.181	73.722	118.952
258.212	73.617	118.915
258.247	73.490	118.885
258.231	73.358	118.848
258.218	73.224	118.800
258.187	73.076	118.739
258.139	72.929	118.712
258.084	72.772	118.713
258.046	72.630	118.749
258.032	72.498	118.830
258.045	72.405	118.960
258.074	72.335	119.130
258.105	72.326	119.399
258.180	72.349	119.569
258.325	72.403	119.525
258.384	72.473	119.425
258.378	72.577	119.363
