NO_OF_FRAMES	5000
NO_OF_DATA_TYPES	3
FREQUENCY	500
TIME_STAMP	2026-06-05, 13:26:33
DATA_INCLUDED	Position
DATA_TYPES	Unidentified [1082497]_pos_X	Unidentified [1082497]_pos_Y	Unidentified [1082497]_pos_Z


74.366	93.602	259.177
74.539	92.882	258.997
74.372	92.643	259.273
74.432	92.412	259.463
74.408	92.046	259.495
74.396	91.706	259.531
74.388	91.388	259.536
74.374	91.132	259.507
74.356	90.957	259.475
74.351	90.834	259.499
74.350	90.770	259.522
74.334	90.785	259.549
74.319	90.817	259.553
74.308	90.877	259.570
74.294	90.970	259.561
74.266	91.098	259.519
74.265	91.281	259.508
74.255	91.539	259.500
74.244	91.884	259.497
74.279	92.364	259.485
74.322	92.930	259.466
74.340	93.562	259.428
74.352	94.298	259.358
74.347	95.146	259.333
74.335	96.099	259.345
74.212	96.350	258.937
74.217	96.290	258.891
74.288	96.299	259.354
74.347	96.364	259.689
74.361	96.327	259.640
74.364	96.148	259.337
74.349	95.972	259.156
74.347	95.773	259.054
74.365	95.511	259.081
74.367	95.216	259.157
74.375	94.834	259.188
74.376	94.397	259.214
74.370	93.954	259.251
74.439	93.732	259.481
74.426	93.350	259.514
74.424	92.976	259.535
74.422	92.573	259.507
74.424	92.197	259.459
74.398	91.918	259.440
74.389	91.703	259.446
74.385	91.498	259.464
74.379	91.364	259.486
74.366	91.293	259.536
74.361	91.302	259.544
74.354	91.342	259.539
74.350	91.348	259.523
74.324	91.358	259.508
74.321	91.393	259.491
74.312	91.446	259.490
74.301	91.526	259.506
74.281	91.643	259.512
74.274	91.799	259.508
74.262	92.004	259.488
74.256	92.294	259.487
74.282	92.601	259.465
74.312	92.982	259.432
74.363	93.417	259.421
74.371	93.809	259.391
74.363	94.283	259.359
74.356	94.787	259.334
74.354	95.327	259.330
74.346	95.842	259.316
74.337	96.313	259.321
74.283	96.371	259.126
74.305	96.239	259.120
74.352	96.053	259.329
74.376	95.834	259.476
74.399	95.546	259.442
74.391	95.202	259.327
74.373	94.810	259.212
74.365	94.400	259.171
74.365	93.963	259.153
74.363	93.485	259.196
74.449	93.174	259.397
74.429	92.708	259.438
74.415	92.338	259.486
74.404	91.962	259.528
74.406	91.613	259.532
74.385	91.307	259.525
74.377	91.101	259.490
74.370	90.977	259.493
74.361	90.868	259.501
74.357	90.858	259.537
74.332	90.858	259.553
74.324	90.902	259.566
74.324	90.965	259.578
74.304	91.050	259.555
74.286	91.162	259.534
74.295	91.351	259.503
74.286	91.599	259.504
74.286	91.929	259.494
74.282	92.392	259.497
74.261	92.929	259.482
74.257	93.536	259.430
74.273	94.211	259.338
74.296	95.000	259.321
74.320	95.893	259.345
74.237	96.412	259.105
74.221	96.308	258.876
74.271	96.301	259.208
74.332	96.284	259.609
74.362	96.270	259.665
74.360	96.195	259.476
74.355	96.075	259.212
74.353	95.970	259.028
74.364	95.789	259.028
74.390	95.549	259.143
74.399	95.237	259.223
74.402	94.847	259.246
74.398	94.420	259.262
74.367	94.034	259.322
74.352	93.653	259.355
74.336	93.287	259.367
74.343	92.880	259.350
74.344	92.475	259.309
74.425	92.268	259.432
74.402	91.976	259.433
74.390	91.744	259.469
74.398	91.514	259.487
74.388	91.341	259.518
74.375	91.251	259.544
74.355	91.259	259.534
74.350	91.279	259.513
74.349	91.312	259.512
74.339	91.325	259.499
74.326	91.348	259.489
74.331	91.404	259.490
74.319	91.461	259.506
74.314	91.561	259.520
74.301	91.695	259.511
74.297	91.867	259.492
74.291	92.100	259.469
74.286	92.406	259.472
74.291	92.742	259.451
74.287	93.151	259.440
74.319	93.611	259.429
74.335	94.041	259.397
74.360	94.526	259.360
74.370	95.078	259.345
74.375	95.630	259.333
74.363	96.143	259.316
74.294	96.401	259.164
74.291	96.300	259.074
74.322	96.135	259.250
74.372	95.963	259.472
74.382	95.707	259.485
74.396	95.401	259.358
74.389	95.036	259.220
74.374	94.666	259.170
74.378	94.247	259.139
74.381	93.797	259.159
74.375	93.328	259.210
74.446	93.054	259.407
74.424	92.642	259.461
74.395	92.295	259.504
74.397	91.949	259.526
74.399	91.613	259.529
74.397	91.368	259.506
74.381	91.202	259.486
74.379	91.092	259.481
74.378	91.023	259.506
74.366	91.021	259.537
74.344	91.033	259.553
74.340	91.061	259.568
74.322	91.116	259.554
74.316	91.179	259.531
74.314	91.280	259.517
74.322	91.427	259.505
74.315	91.644	259.511
74.308	91.930	259.509
74.313	92.339	259.509
74.315	92.817	259.486
74.312	93.386	259.451
74.284	93.957	259.402
74.242	94.619	259.370
74.254	95.360	259.349
74.273	96.139	259.339
74.209	96.383	259.035
74.246	96.335	258.995
74.303	96.283	259.329
74.360	96.221	259.608
74.378	96.123	259.565
74.371	95.951	259.366
74.358	95.762	259.190
74.356	95.530	259.075
74.360	95.264	259.033
74.385	94.929	259.120
74.399	94.560	259.192
74.413	94.150	259.250
74.394	93.742	259.289
74.462	93.572	259.487
74.440	93.254	259.504
74.424	92.918	259.516
74.421	92.586	259.482
74.423	92.294	259.457
74.403	92.059	259.446
74.385	91.900	259.459
74.392	91.754	259.500
74.398	91.624	259.500
74.394	91.592	259.521
74.375	91.588	259.529
74.367	91.595	259.521
74.356	91.592	259.515
74.343	91.597	259.506
74.333	91.633	259.506
74.336	91.663	259.500
74.338	91.717	259.509
74.325	91.786	259.507
74.329	91.880	259.500
74.335	92.003	259.486
74.321	92.181	259.487
74.319	92.393	259.468
74.332	92.639	259.448
74.327	92.922	259.446
74.337	93.215	259.436
74.341	93.551	259.424
74.324	93.796	259.412
74.297	94.113	259.387
74.276	94.434	259.371
74.294	94.739	259.345
74.325	95.011	259.298
74.347	95.262	259.283
74.364	95.450	259.257
74.370	95.584	259.266
74.358	95.654	259.254
74.352	95.635	259.244
74.343	95.552	259.246
74.355	95.398	259.241
74.368	95.169	259.252
74.377	94.868	259.245
74.379	94.527	259.284
74.382	94.140	259.281
74.385	93.722	259.259
74.467	93.483	259.414
74.448	93.067	259.435
74.436	92.668	259.442
74.426	92.292	259.454
74.405	91.942	259.466
74.401	91.635	259.493
74.381	91.379	259.500
74.375	91.175	259.520
74.374	91.041	259.529
74.368	90.973	259.548
74.361	90.955	259.547
74.342	90.952	259.559
74.334	90.962	259.559
74.318	90.971	259.561
74.308	90.986	259.568
74.309	91.020	259.566
74.302	91.121	259.555
74.313	91.276	259.528
74.325	91.504	259.510
74.327	91.842	259.514
74.339	92.280	259.486
74.333	92.802	259.467
74.318	93.389	259.446
74.301	94.099	259.384
74.286	94.884	259.330
74.269	95.773	259.347
74.172	96.393	259.200
74.111	96.281	258.894
74.175	96.287	259.209
74.278	96.266	259.591
74.336	96.253	259.683
74.370	96.189	259.491
74.362	96.063	259.232
74.342	95.952	259.049
74.344	95.774	259.003
74.365	95.545	259.114
74.378	95.241	259.202
74.399	94.861	259.222
74.396	94.438	259.235
74.394	94.064	259.306
74.378	93.692	259.335
74.455	93.531	259.503
74.448	93.159	259.497
74.446	92.754	259.449
74.432	92.424	259.419
74.410	92.152	259.415
74.392	91.943	259.447
74.393	91.728	259.493
74.392	91.552	259.515
74.386	91.459	259.537
74.376	91.426	259.528
74.376	91.433	259.518
74.367	91.422	259.512
74.351	91.417	259.499
74.345	91.435	259.494
74.342	91.468	259.502
74.325	91.506	259.507
74.317	91.575	259.508
74.325	91.677	259.525
74.324	91.808	259.509
74.331	91.972	259.479
74.338	92.194	259.466
74.343	92.468	259.458
74.345	92.743	259.453
74.349	93.081	259.451
74.359	93.438	259.435
74.343	93.741	259.419
74.330	94.119	259.384
74.314	94.485	259.356
74.314	94.880	259.323
74.298	95.236	259.310
74.277	95.561	259.303
74.281	95.822	259.287
74.305	96.006	259.258
74.334	96.125	259.244
74.353	96.140	259.268
74.366	96.080	259.267
74.363	95.934	259.266
74.372	95.698	259.263
74.374	95.393	259.251
74.379	94.995	259.239
74.376	94.581	259.240
74.376	94.151	259.258
74.387	93.682	259.251
74.469	93.365	259.423
74.465	92.918	259.428
74.441	92.499	259.440
74.427	92.106	259.454
74.413	91.755	259.481
74.402	91.441	259.496
74.380	91.202	259.524
74.371	91.013	259.527
74.361	90.911	259.553
74.364	90.879	259.555
74.353	90.864	259.538
74.348	90.873	259.567
74.334	90.871	259.569
74.325	90.880	259.580
74.313	90.899	259.575
74.318	90.970	259.579
74.310	91.112	259.566
74.309	91.290	259.529
74.315	91.587	259.524
74.338	91.988	259.505
74.336	92.505	259.488
74.342	93.125	259.459
74.339	93.811	259.420
74.321	94.617	259.384
74.324	95.516	259.363
74.271	96.390	259.369
74.161	96.293	258.863
74.196	96.272	259.089
74.257	96.281	259.547
74.277	96.285	259.741
74.265	96.249	259.593
74.262	96.154	259.295
74.290	96.065	259.058
74.315	95.916	258.962
74.367	95.730	259.084
74.394	95.466	259.185
74.398	95.134	259.230
74.390	94.744	259.242
74.381	94.336	259.263
74.356	94.008	259.327
74.342	93.670	259.334
74.435	93.519	259.482
74.435	93.148	259.460
74.451	92.794	259.412
74.430	92.495	259.407
74.417	92.280	259.417
74.400	92.090	259.457
74.405	91.927	259.499
74.401	91.778	259.533
74.383	91.728	259.533
74.366	91.730	259.515
74.370	91.734	259.513
74.368	91.740	259.514
74.355	91.731	259.504
74.349	91.751	259.505
74.352	91.778	259.514
74.353	91.816	259.529
74.340	91.866	259.513
74.340	91.934	259.508
74.344	92.028	259.501
74.331	92.148	259.489
74.333	92.281	259.464
74.342	92.466	259.467
74.357	92.660	259.459
74.355	92.885	259.455
74.366	93.112	259.450
74.372	93.355	259.434
74.379	93.609	259.434
74.363	93.783	259.410
74.337	93.994	259.370
74.326	94.202	259.322
74.314	94.379	259.308
74.295	94.539	259.295
74.263	94.669	259.290
74.255	94.721	259.285
74.280	94.735	259.257
74.318	94.712	259.236
74.341	94.627	259.228
74.365	94.508	259.238
74.365	94.332	259.226
74.356	94.137	259.237
74.347	93.903	259.246
74.339	93.635	259.250
74.346	93.360	259.256
74.441	93.270	259.414
74.441	93.006	259.434
74.444	92.730	259.425
74.434	92.505	259.445
74.425	92.270	259.458
74.418	92.064	259.475
74.402	91.897	259.489
74.394	91.764	259.498
74.391	91.690	259.506
74.381	91.655	259.510
74.366	91.641	259.523
74.359	91.622	259.518
74.350	91.612	259.516
74.352	91.607	259.518
74.349	91.594	259.518
74.352	91.621	259.527
74.354	91.662	259.522
74.339	91.736	259.517
74.339	91.846	259.508
74.344	92.012	259.485
74.346	92.246	259.487
74.346	92.515	259.478
74.351	92.850	259.469
74.360	93.189	259.445
74.344	93.537	259.429
74.337	93.930	259.376
74.332	94.352	259.357
74.323	94.784	259.323
74.308	95.209	259.328
74.306	95.587	259.321
74.285	95.917	259.293
74.270	96.182	259.302
74.243	96.319	259.265
74.219	96.302	259.249
74.243	96.199	259.299
74.305	96.003	259.310
74.355	95.744	259.313
74.393	95.398	259.291
74.408	94.982	259.235
74.401	94.556	259.221
74.385	94.092	259.213
74.370	93.601	259.214
74.456	93.287	259.387
74.442	92.829	259.407
74.425	92.442	259.445
74.418	92.063	259.472
74.410	91.710	259.498
74.406	91.423	259.500
74.394	91.243	259.495
74.382	91.109	259.505
74.382	91.063	259.507
74.363	91.042	259.527
74.346	91.030	259.537
74.334	91.027	259.552
74.320	91.008	259.560
74.321	91.027	259.561
74.322	91.068	259.555
74.324	91.168	259.550
74.331	91.322	259.539
74.336	91.551	259.518
74.338	91.895	259.517
74.334	92.352	259.512
74.337	92.919	259.489
74.339	93.569	259.459
74.327	94.249	259.431
74.323	95.038	259.388
74.317	95.916	259.400
74.220	96.280	259.067
74.217	96.210	258.980
74.279	96.175	259.324
74.342	96.147	259.664
74.359	96.103	259.691
74.343	95.990	259.433
74.318	95.853	259.190
74.299	95.678	259.047
74.302	95.450	259.030
74.299	95.166	259.154
74.296	94.796	259.204
74.283	94.409	259.241
74.303	94.002	259.260
74.317	93.632	259.288
74.414	93.505	259.491
74.422	93.192	259.493
74.421	92.867	259.479
74.408	92.568	259.440
74.385	92.312	259.412
74.385	92.153	259.412
74.371	92.028	259.440
74.379	91.922	259.465
74.392	91.867	259.504
74.395	91.849	259.531
74.384	91.844	259.521
74.387	91.859	259.502
74.375	91.855	259.501
74.366	91.846	259.493
74.355	91.863	259.503
74.357	91.900	259.503
74.338	91.941	259.503
74.337	92.017	259.502
74.341	92.127	259.506
74.349	92.278	259.500
74.352	92.450	259.488
74.362	92.635	259.469
74.365	92.868	259.467
74.364	93.116	259.453
74.365	93.373	259.451
74.374	93.650	259.447
74.359	93.844	259.432
74.345	94.089	259.403
74.342	94.303	259.374
74.340	94.508	259.358
74.343	94.673	259.321
74.341	94.791	259.281
74.342	94.861	259.273
74.337	94.862	259.263
74.330	94.823	259.242
74.322	94.716	259.257
74.315	94.580	259.266
74.310	94.369	259.257
74.293	94.118	259.253
74.254	93.843	259.273
74.244	93.527	259.286
74.357	93.366	259.418
74.392	93.063	259.425
74.411	92.738	259.420
74.413	92.466	259.445
74.404	92.191	259.446
74.379	91.963	259.451
74.357	91.788	259.486
74.351	91.637	259.488
74.359	91.546	259.485
74.372	91.542	259.491
74.371	91.519	259.494
74.369	91.511	259.499
74.370	91.479	259.500
74.367	91.469	259.502
74.363	91.484	259.512
74.354	91.491	259.510
74.343	91.570	259.522
74.339	91.694	259.514
74.343	91.880	259.501
74.340	92.142	259.485
74.350	92.504	259.485
74.363	92.940	259.465
74.355	93.373	259.447
74.342	93.900	259.409
74.331	94.509	259.385
74.323	95.150	259.373
74.302	95.812	259.377
74.231	96.249	259.252
74.206	96.153	259.072
74.245	96.051	259.261
74.302	95.929	259.552
74.323	95.758	259.586
74.344	95.532	259.445
74.343	95.258	259.275
74.335	94.941	259.154
74.336	94.633	259.102
74.333	94.246	259.114
74.357	93.848	259.183
74.335	93.428	259.273
74.400	93.227	259.444
74.358	92.951	259.505
74.340	92.684	259.518
74.305	92.415	259.515
74.317	92.135	259.483
74.329	91.948	259.449
74.345	91.846	259.437
74.372	91.790	259.461
74.380	91.736	259.486
74.377	91.720	259.501
74.338	91.717	259.516
74.336	91.725	259.514
74.338	91.753	259.481
74.342	91.784	259.479
74.345	91.814	259.483
74.362	91.891	259.473
74.364	91.993	259.475
74.367	92.135	259.480
74.371	92.364	259.484
74.375	92.618	259.471
74.365	92.917	259.460
74.368	93.259	259.440
74.341	93.581	259.417
74.326	93.963	259.389
74.325	94.374	259.378
74.316	94.796	259.363
74.324	95.219	259.357
74.327	95.595	259.356
74.327	95.937	259.342
74.317	96.194	259.328
74.291	96.170	259.220
74.309	96.047	259.243
74.329	95.853	259.358
74.341	95.593	259.429
74.353	95.257	259.371
74.363	94.853	259.264
74.358	94.411	259.213
74.350	93.967	259.211
74.351	93.500	259.235
74.424	93.177	259.392
74.405	92.709	259.413
74.365	92.302	259.456
74.333	91.918	259.488
74.309	91.562	259.511
74.254	91.249	259.526
74.246	91.035	259.507
74.273	90.922	259.500
74.309	90.858	259.496
74.322	90.852	259.504
74.322	90.851	259.507
74.315	90.872	259.524
74.310	90.918	259.558
74.294	90.976	259.547
74.299	91.090	259.529
74.318	91.269	259.506
74.336	91.536	259.499
74.349	91.909	259.480
74.371	92.456	259.483
74.380	93.126	259.459
74.374	93.890	259.435
74.353	94.800	259.360
74.336	95.833	259.375
74.204	96.334	259.011
74.173	96.209	258.845
74.252	96.167	259.278
74.323	96.140	259.739
74.341	96.135	259.827
74.343	96.038	259.551
74.322	95.912	259.205
74.311	95.792	258.977
74.331	95.597	259.030
74.356	95.330	259.178
74.377	95.000	259.255
74.375	94.636	259.289
74.369	94.193	259.265
74.355	93.823	259.321
74.328	93.488	259.388
74.409	93.338	259.533
74.401	93.019	259.502
74.405	92.665	259.447
74.393	92.360	259.416
74.366	92.114	259.407
74.333	91.932	259.445
74.316	91.761	259.492
74.316	91.624	259.523
74.268	91.573	259.543
74.261	91.601	259.528
74.281	91.623	259.501
74.321	91.658	259.493
74.338	91.684	259.477
74.345	91.697	259.479
74.342	91.737	259.477
74.325	91.791	259.505
74.319	91.855	259.502
74.323	91.937	259.484
74.338	92.066	259.467
74.343	92.253	259.452
74.354	92.479	259.449
74.376	92.728	259.434
74.380	93.046	259.437
74.375	93.333	259.419
74.358	93.682	259.381
74.358	94.073	259.375
74.346	94.475	259.351
74.343	94.887	259.311
74.336	95.321	259.318
74.333	95.690	259.325
74.331	96.013	259.317
74.307	96.220	259.302
74.298	96.159	259.192
74.315	96.004	259.263
74.343	95.807	259.403
74.358	95.519	259.432
74.359	95.173	259.376
74.352	94.749	259.268
74.347	94.299	259.224
74.352	93.836	259.221
74.345	93.345	259.242
74.434	93.028	259.394
74.410	92.561	259.416
74.392	92.132	259.456
74.358	91.760	259.504
74.350	91.392	259.512
74.319	91.130	259.539
74.303	90.962	259.521
74.284	90.871	259.505
74.260	90.847	259.532
74.239	90.883	259.550
74.246	90.898	259.544
74.273	90.937	259.541
74.300	90.993	259.537
74.308	91.103	259.539
74.317	91.244	259.502
74.326	91.461	259.487
74.321	91.779	259.492
74.329	92.203	259.483
74.347	92.754	259.468
74.360	93.460	259.443
74.357	94.221	259.415
74.353	95.106	259.358
74.336	96.133	259.371
74.202	96.343	258.900
74.202	96.286	258.866
74.286	96.330	259.407
74.317	96.413	259.777
74.312	96.249	259.577
74.315	96.022	259.362
74.311	95.824	259.246
74.311	95.609	259.131
74.326	95.363	259.099
74.355	95.039	259.146
74.368	94.676	259.174
74.376	94.243	259.207
74.381	93.806	259.257
74.439	93.613	259.475
74.423	93.288	259.521
74.399	92.979	259.530
74.406	92.646	259.521
74.413	92.328	259.487
74.395	92.067	259.442
74.368	91.895	259.435
74.356	91.782	259.453
74.352	91.655	259.485
74.340	91.604	259.518
74.315	91.620	259.550
74.288	91.656	259.543
74.251	91.694	259.533
74.249	91.731	259.513
74.266	91.761	259.480
74.299	91.827	259.464
74.329	91.899	259.462
74.339	91.995	259.466
74.328	92.121	259.474
74.327	92.275	259.482
74.322	92.475	259.466
74.331	92.684	259.446
74.333	92.946	259.426
74.361	93.242	259.414
74.354	93.507	259.400
74.358	93.807	259.370
74.362	94.154	259.347
74.356	94.490	259.347
74.356	94.849	259.326
74.354	95.175	259.310
74.350	95.455	259.297
74.341	95.691	259.298
74.335	95.865	259.300
74.337	95.944	259.287
74.344	95.956	259.297
74.352	95.866	259.300
74.356	95.691	259.313
74.376	95.451	259.305
74.376	95.110	259.301
74.365	94.724	259.292
74.362	94.288	259.284
74.365	93.843	259.280
74.449	93.557	259.440
74.433	93.095	259.439
74.426	92.635	259.443
74.409	92.215	259.448
74.383	91.840	259.470
74.375	91.505	259.488
74.347	91.237	259.492
74.336	91.047	259.519
74.313	90.921	259.510
74.303	90.898	259.531
74.276	90.897	259.521
74.254	90.916	259.545
74.225	90.949	259.563
74.235	90.965	259.545
74.255	91.003	259.534
74.283	91.080	259.530
74.311	91.222	259.519
74.326	91.409	259.509
74.325	91.723	259.505
74.335	92.134	259.482
74.347	92.687	259.461
74.359	93.377	259.443
74.354	94.152	259.396
74.351	95.036	259.352
74.347	96.083	259.368
74.213	96.370	258.913
74.215	96.297	258.846
74.289	96.313	259.383
74.334	96.412	259.778
74.318	96.274	259.631
74.326	96.041	259.339
74.314	95.852	259.223
74.310	95.634	259.107
74.322	95.379	259.077
74.338	95.055	259.150
74.356	94.694	259.200
74.375	94.261	259.221
74.378	93.828	259.260
74.362	93.446	259.332
74.422	93.269	259.514
74.409	92.947	259.529
74.409	92.595	259.515
74.410	92.254	259.473
74.392	92.008	259.440
74.367	91.834	259.437
74.359	91.697	259.464
74.363	91.573	259.482
74.344	91.527	259.522
74.324	91.551	259.550
74.298	91.574	259.539
74.277	91.606	259.528
74.238	91.635	259.519
74.244	91.663	259.489
74.278	91.719	259.476
74.309	91.812	259.479
74.324	91.891	259.476
74.333	92.011	259.469
74.319	92.171	259.472
74.316	92.385	259.473
74.319	92.615	259.448
74.331	92.907	259.429
74.349	93.222	259.403
74.350	93.531	259.403
74.354	93.869	259.347
74.362	94.248	259.320
74.355	94.659	259.330
74.358	95.068	259.314
74.353	95.443	259.315
74.340	95.795	259.296
74.336	96.061	259.301
74.325	96.241	259.286
74.312	96.229	259.234
74.327	96.109	259.281
74.348	95.908	259.370
74.375	95.626	259.399
74.384	95.272	259.359
74.382	94.856	259.308
74.380	94.391	259.253
74.368	93.916	259.250
74.364	93.422	259.261
74.439	93.099	259.402
74.428	92.612	259.432
74.407	92.170	259.456
74.384	91.777	259.498
74.387	91.416	259.501
74.366	91.122	259.540
74.346	90.893	259.510
74.335	90.786	259.520
74.321	90.718	259.513
74.296	90.724	259.538
74.272	90.746	259.540
74.261	90.779	259.560
74.236	90.839	259.571
74.215	90.916	259.564
74.234	91.046	259.531
74.270	91.256	259.502
74.314	91.567	259.500
74.340	91.962	259.486
74.349	92.531	259.479
74.355	93.235	259.444
74.337	94.013	259.418
74.332	94.928	259.343
74.320	96.003	259.357
74.188	96.393	258.922
74.190	96.288	258.825
74.276	96.281	259.320
74.353	96.284	259.742
74.370	96.294	259.782
74.360	96.209	259.498
74.328	96.051	259.127
74.309	95.888	258.964
74.326	95.651	259.039
74.352	95.357	259.186
74.375	94.978	259.244
74.367	94.561	259.275
74.374	94.106	259.265
74.364	93.706	259.328
74.435	93.536	259.520
74.423	93.181	259.531
74.422	92.812	259.513
74.419	92.463	259.469
74.404	92.139	259.430
74.386	91.949	259.430
74.369	91.777	259.467
74.370	91.613	259.498
74.370	91.502	259.519
74.358	91.498	259.547
74.330	91.532	259.530
74.318	91.554	259.516
74.306	91.592	259.512
74.271	91.610	259.491
74.235	91.656	259.494
74.239	91.720	259.502
74.265	91.804	259.509
74.294	91.902	259.491
74.323	92.049	259.472
74.334	92.254	259.464
74.332	92.483	259.449
74.332	92.753	259.428
74.336	93.070	259.421
74.354	93.419	259.415
74.342	93.728	259.392
74.349	94.080	259.356
74.358	94.483	259.358
74.368	94.903	259.313
74.366	95.314	259.303
74.359	95.673	259.290
74.352	96.004	259.300
74.332	96.249	259.310
74.303	96.284	259.217
74.320	96.169	259.222
74.337	95.982	259.342
74.355	95.722	259.415
74.364	95.388	259.384
74.376	94.988	259.324
74.364	94.533	259.266
74.375	94.079	259.238
74.363	93.576	259.241
74.449	93.243	259.395
74.436	92.737	259.411
74.405	92.272	259.455
74.390	91.869	259.495
74.391	91.469	259.514
74.373	91.137	259.534
74.364	90.897	259.524
74.354	90.759	259.517
74.340	90.701	259.541
74.329	90.711	259.527
74.300	90.731	259.552
74.287	90.756	259.561
74.268	90.798	259.577
74.244	90.862	259.577
74.224	90.976	259.569
74.228	91.165	259.535
74.258	91.443	259.506
74.292	91.843	259.489
74.342	92.401	259.474
74.364	93.116	259.453
74.355	93.888	259.418
74.331	94.833	259.330
74.316	95.906	259.346
74.191	96.425	258.966
74.172	96.318	258.797
74.255	96.294	259.259
74.336	96.290	259.722
74.361	96.295	259.779
74.361	96.216	259.523
74.347	96.085	259.157
74.330	95.935	258.936
74.340	95.714	259.006
74.358	95.437	259.173
74.381	95.076	259.244
74.376	94.674	259.271
74.372	94.213	259.259
74.357	93.807	259.332
74.430	93.638	259.525
74.420	93.276	259.537
74.421	92.902	259.515
74.419	92.526	259.471
74.422	92.188	259.432
74.397	91.949	259.430
74.380	91.780	259.468
74.379	91.603	259.499
74.380	91.463	259.522
74.364	91.432	259.553
74.352	91.454	259.527
74.335	91.474	259.513
74.335	91.514	259.512
74.302	91.530	259.485
74.286	91.584	259.479
74.270	91.635	259.500
74.252	91.718	259.517
74.236	91.819	259.513
74.255	91.949	259.496
74.289	92.153	259.466
74.315	92.396	259.451
74.346	92.657	259.424
74.349	92.997	259.428
74.359	93.361	259.420
74.344	93.691	259.405
74.339	94.085	259.338
74.341	94.509	259.329
74.347	94.961	259.318
74.352	95.416	259.302
74.349	95.841	259.291
74.350	96.195	259.310
74.308	96.352	259.202
74.300	96.239	259.150
74.328	96.070	259.264
74.348	95.844	259.423
74.366	95.545	259.445
74.366	95.181	259.354
74.355	94.773	259.250
74.356	94.330	259.205
74.364	93.864	259.199
74.365	93.375	259.229
74.446	93.053	259.397
74.431	92.582	259.425
74.409	92.167	259.472
74.392	91.787	259.522
74.396	91.427	259.536
74.370	91.121	259.533
74.357	90.897	259.520
74.345	90.758	259.530
74.340	90.660	259.548
74.325	90.639	259.565
74.316	90.677	259.568
74.304	90.722	259.566
74.288	90.787	259.580
74.271	90.918	259.568
74.257	91.109	259.550
74.261	91.365	259.517
74.235	91.735	259.518
74.250	92.219	259.501
74.296	92.847	259.469
74.316	93.563	259.432
74.328	94.414	259.380
74.331	95.412	259.340
74.291	96.465	259.345
74.152	96.358	258.758
74.212	96.384	259.028
74.293	96.431	259.552
74.329	96.476	259.745
74.327	96.298	259.495
74.338	96.063	259.256
74.336	95.883	259.127
74.344	95.639	259.036
74.354	95.362	259.079
74.370	95.013	259.159
74.373	94.626	259.202
74.371	94.174	259.220
74.368	93.749	259.271
74.428	93.578	259.501
74.416	93.243	259.542
74.420	92.898	259.542
74.428	92.552	259.505
74.427	92.212	259.456
74.412	91.984	259.438
74.394	91.824	259.453
74.391	91.670	259.483
74.393	91.553	259.503
74.384	91.532	259.551
74.366	91.551	259.555
74.361	91.573	259.526
74.353	91.599	259.526
74.332	91.612	259.507
74.325	91.644	259.487
74.316	91.716	259.494
74.310	91.801	259.501
74.303	91.894	259.495
74.294	92.018	259.497
74.279	92.206	259.488
74.268	92.423	259.480
74.262	92.665	259.467
74.291	92.964	259.440
74.324	93.269	259.415
74.344	93.558	259.404
74.348	93.890	259.353
74.358	94.242	259.324
74.346	94.619	259.311
74.348	94.975	259.287
74.339	95.317	259.289
74.346	95.615	259.274
74.346	95.859	259.275
74.356	96.022	259.249
74.356	96.100	259.262
74.358	96.101	259.259
74.361	96.014	259.286
74.362	95.840	259.293
74.374	95.560	259.278
74.368	95.234	259.288
74.363	94.822	259.279
74.364	94.374	259.286
74.360	93.904	259.291
74.446	93.593	259.439
74.440	93.111	259.442
74.430	92.641	259.460
74.417	92.182	259.459
74.407	91.792	259.477
74.397	91.429	259.489
74.375	91.124	259.508
74.368	90.888	259.538
74.343	90.736	259.544
74.341	90.694	259.562
74.328	90.701	259.558
74.317	90.717	259.558
74.302	90.727	259.558
74.284	90.741	259.564
74.276	90.770	259.565
74.264	90.839	259.562
74.252	90.995	259.561
74.252	91.210	259.529
74.235	91.560	259.527
74.238	92.018	259.497
74.280	92.665	259.464
74.328	93.460	259.440
74.344	94.318	259.365
74.346	95.341	259.339
74.323	96.440	259.382
74.171	96.410	258.817
74.209	96.341	258.941
74.286	96.311	259.511
74.345	96.303	259.777
74.367	96.251	259.703
74.364	96.133	259.344
74.340	96.000	259.027
74.330	95.865	258.921
74.351	95.625	259.064
74.367	95.328	259.194
74.381	94.966	259.240
74.367	94.553	259.257
74.363	94.119	259.284
74.351	93.736	259.356
74.418	93.565	259.533
74.412	93.189	259.538
74.425	92.805	259.495
74.426	92.457	259.448
74.416	92.141	259.411
74.387	91.939	259.434
74.375	91.777	259.471
74.376	91.590	259.499
74.374	91.504	259.529
74.362	91.500	259.540
74.353	91.536	259.530
74.350	91.551	259.512
74.348	91.577	259.515
74.330	91.602	259.492
74.318	91.646	259.487
74.318	91.709	259.505
74.300	91.770	259.516
74.290	91.853	259.508
74.288	91.969	259.494
74.270	92.133	259.474
74.270	92.357	259.461
74.257	92.577	259.459
74.285	92.874	259.441
74.319	93.170	259.429
74.365	93.515	259.425
74.368	93.815	259.399
74.378	94.195	259.347
74.363	94.570	259.327
74.349	94.954	259.304
74.342	95.341	259.299
74.347	95.684	259.284
74.340	95.975	259.289
74.345	96.184	259.288
74.333	96.310	259.278
74.335	96.324	259.254
74.351	96.212	259.288
74.363	96.024	259.312
74.371	95.759	259.340
74.372	95.407	259.320
74.377	94.966	259.268
74.360	94.518	259.268
74.357	94.032	259.255
74.357	93.526	259.266
74.444	93.187	259.432
74.437	92.683	259.448
74.426	92.241	259.470
74.404	91.822	259.500
74.393	91.444	259.505
74.382	91.128	259.534
74.365	90.870	259.530
74.350	90.732	259.552
74.344	90.638	259.542
74.317	90.653	259.569
74.316	90.678	259.562
74.298	90.693	259.571
74.290	90.725	259.567
74.278	90.761	259.572
74.264	90.860	259.561
74.260	91.030	259.550
74.254	91.272	259.538
74.240	91.631	259.525
74.238	92.130	259.502
74.273	92.781	259.482
74.287	93.513	259.422
74.315	94.387	259.348
74.323	95.415	259.325
74.301	96.486	259.351
74.154	96.384	258.768
74.208	96.356	258.972
74.293	96.373	259.535
74.341	96.393	259.779
74.355	96.381	259.660
74.343	96.250	259.300
74.335	96.091	258.992
74.336	95.916	258.929
74.361	95.673	259.086
74.380	95.342	259.202
74.386	94.944	259.233
74.380	94.507	259.244
74.362	94.072	259.286
74.351	93.681	259.359
74.424	93.504	259.538
74.416	93.114	259.534
74.422	92.727	259.492
74.422	92.361	259.441
74.408	92.061	259.424
74.388	91.865	259.454
74.377	91.654	259.482
74.376	91.482	259.505
74.374	91.414	259.555
74.352	91.406	259.544
74.349	91.427	259.524
74.350	91.440	259.517
74.337	91.442	259.502
74.323	91.477	259.485
74.323	91.539	259.493
74.314	91.610	259.507
74.297	91.711	259.515
74.298	91.841	259.511
74.290	92.012	259.486
74.275	92.247	259.472
74.273	92.521	259.456
74.273	92.872	259.444
74.282	93.244	259.435
74.293	93.597	259.411
74.311	93.984	259.359
74.337	94.431	259.348
74.353	94.912	259.323
74.351	95.392	259.317
74.339	95.848	259.285
74.330	96.243	259.291
74.291	96.435	259.190
74.291	96.340	259.124
74.320	96.187	259.261
74.364	95.981	259.402
74.377	95.695	259.424
74.391	95.348	259.318
74.385	94.950	259.233
74.370	94.534	259.177
74.369	94.074	259.183
74.363	93.584	259.193
74.448	93.269	259.386
74.429	92.786	259.400
74.399	92.376	259.464
74.385	91.979	259.490
74.396	91.603	259.530
74.390	91.290	259.541
74.380	91.067	259.517
74.370	90.920	259.501
74.366	90.832	259.531
74.360	90.825	259.551
74.333	90.827	259.558
74.322	90.851	259.574
74.308	90.893	259.586
74.301	90.989	259.578
74.287	91.087	259.551
74.293	91.263	259.526
74.299	91.532	259.514
74.293	91.882	259.508
74.301	92.368	259.501
74.289	92.943	259.476
74.269	93.592	259.442
74.232	94.345	259.400
74.240	95.229	259.349
74.262	96.199	259.361
74.177	96.408	258.922
74.211	96.373	258.896
74.290	96.400	259.362
74.339	96.458	259.691
74.335	96.447	259.651
74.328	96.289	259.329
74.318	96.132	259.141
74.335	95.949	259.002
74.347	95.730	259.062
74.375	95.452	259.148
74.396	95.079	259.194
74.397	94.667	259.209
74.386	94.209	259.235
74.365	93.826	259.318
74.427	93.654	259.501
74.420	93.275	259.521
74.416	92.879	259.494
74.420	92.501	259.462
74.416	92.192	259.433
74.395	91.973	259.451
74.385	91.787	259.473
74.404	91.601	259.497
74.406	91.502	259.531
74.389	91.489	259.540
74.370	91.500	259.521
74.361	91.509	259.521
74.351	91.526	259.515
74.334	91.544	259.498
74.324	91.578	259.490
74.335	91.646	259.506
74.327	91.714	259.518
74.324	91.812	259.510
74.322	91.931	259.497
74.314	92.104	259.479
74.306	92.338	259.466
74.311	92.581	259.447
74.310	92.892	259.445
74.314	93.211	259.429
74.321	93.603	259.431
74.308	93.919	259.409
74.283	94.283	259.364
74.277	94.696	259.361
74.307	95.070	259.319
74.326	95.421	259.292
74.347	95.761	259.289
74.357	96.028	259.271
74.347	96.216	259.282
74.337	96.324	259.283
74.327	96.324	259.273
74.337	96.235	259.286
74.362	96.053	259.279
74.367	95.798	259.279
74.384	95.444	259.279
74.394	95.039	259.263
74.391	94.585	259.250
74.386	94.107	259.247
74.372	93.598	259.266
74.452	93.272	259.417
74.432	92.790	259.436
74.408	92.355	259.453
74.393	91.935	259.470
74.388	91.549	259.495
74.381	91.263	259.513
74.362	91.016	259.514
74.370	90.872	259.523
74.365	90.833	259.541
74.354	90.823	259.528
74.333	90.833	259.560
74.320	90.837	259.564
74.302	90.836	259.568
74.293	90.841	259.568
74.297	90.891	259.567
74.296	90.983	259.567
74.296	91.141	259.541
74.299	91.374	259.524
74.308	91.743	259.513
74.308	92.236	259.488
74.319	92.901	259.482
74.296	93.620	259.438
74.278	94.479	259.381
74.264	95.472	259.345
74.193	96.480	259.361
74.074	96.370	258.792
74.173	96.385	259.034
74.274	96.452	259.569
74.332	96.536	259.765
74.328	96.375	259.495
74.326	96.171	259.251
74.318	95.984	259.118
74.316	95.776	259.028
74.334	95.506	259.058
74.352	95.193	259.128
74.359	94.798	259.169
74.386	94.367	259.190
74.382	93.942	259.257
74.444	93.744	259.478
74.434	93.381	259.502
74.421	93.027	259.529
74.435	92.664	259.497
74.420	92.326	259.449
74.399	92.051	259.428
74.380	91.877	259.438
74.379	91.709	259.473
74.387	91.573	259.510
74.384	91.532	259.544
74.377	91.531	259.560
74.369	91.540	259.543
74.365	91.557	259.535
74.348	91.575	259.517
74.338	91.594	259.497
74.331	91.640	259.501
74.329	91.726	259.515
74.322	91.816	259.514
74.329	91.947	259.507
74.339	92.134	259.501
74.335	92.371	259.491
74.335	92.626	259.457
74.337	92.934	259.439
74.343	93.259	259.421
74.323	93.552	259.412
74.312	93.883	259.385
74.309	94.250	259.352
74.296	94.620	259.341
74.295	94.971	259.310
74.283	95.302	259.281
74.290	95.570	259.278
74.276	95.795	259.268
74.283	95.946	259.266
74.302	96.001	259.240
74.324	95.983	259.235
74.347	95.880	259.251
74.378	95.698	259.247
74.382	95.446	259.259
74.385	95.125	259.252
74.373	94.743	259.241
74.380	94.326	259.236
74.375	93.907	259.254
74.370	93.459	259.272
74.449	93.194	259.424
74.434	92.766	259.421
74.428	92.390	259.442
74.411	92.028	259.461
74.397	91.712	259.483
74.391	91.452	259.498
74.378	91.257	259.518
74.361	91.106	259.510
74.352	91.053	259.523
74.342	91.046	259.550
74.331	91.043	259.550
74.326	91.038	259.555
74.313	91.011	259.564
74.313	91.011	259.564
74.315	91.053	259.568
74.309	91.131	259.545
74.316	91.288	259.541
74.319	91.527	259.525
74.324	91.879	259.510
74.337	92.351	259.503
74.337	92.922	259.496
74.351	93.600	259.461
74.353	94.307	259.418
74.334	95.143	259.379
74.326	96.067	259.372
74.201	96.374	258.997
74.184	96.311	258.939
74.245	96.305	259.347
74.281	96.315	259.694
74.273	96.302	259.706
74.245	96.209	259.453
74.240	96.099	259.182
74.273	95.983	258.986
74.308	95.808	259.021
74.355	95.563	259.147
74.384	95.259	259.217
74.380	94.870	259.223
74.375	94.462	259.236
74.352	94.110	259.294
74.331	93.764	259.331
74.415	93.633	259.490
74.424	93.274	259.468
74.435	92.910	259.426
74.434	92.568	259.402
74.415	92.333	259.404
74.393	92.138	259.443
74.390	91.965	259.477
74.406	91.830	259.513
74.394	91.761	259.525
74.364	91.757	259.522
74.363	91.767	259.512
74.370	91.781	259.524
74.351	91.761	259.510
74.348	91.779	259.499
74.350	91.790	259.502
74.352	91.847	259.524
74.342	91.877	259.522
74.341	91.951	259.518
74.343	92.060	259.500
74.336	92.199	259.485
74.322	92.364	259.478
74.330	92.556	259.463
74.346	92.785	259.457
74.357	93.053	259.454
74.363	93.300	259.440
74.370	93.602	259.445
74.365	93.815	259.418
74.344	94.088	259.371
74.338	94.328	259.332
74.316	94.596	259.343
74.312	94.808	259.296
74.302	94.992	259.289
74.280	95.121	259.274
74.255	95.201	259.269
74.242	95.198	259.264
74.267	95.138	259.252
74.310	95.009	259.244
74.344	94.843	259.232
74.356	94.630	259.242
74.367	94.349	259.238
74.349	94.051	259.249
74.339	93.706	259.249
74.321	93.385	259.265
74.412	93.237	259.419
74.413	92.925	259.427
74.418	92.602	259.436
74.409	92.328	259.447
74.406	92.071	259.459
74.401	91.863	259.475
74.394	91.682	259.495
74.389	91.567	259.493
74.381	91.531	259.500
74.360	91.515	259.506
74.343	91.492	259.508
74.336	91.493	259.514
74.324	91.465	259.513
74.324	91.467	259.517
74.327	91.451	259.519
74.335	91.473	259.525
74.337	91.525	259.515
74.329	91.663	259.519
74.330	91.855	259.507
74.336	92.109	259.496
74.330	92.463	259.488
74.336	92.881	259.473
74.345	93.368	259.448
74.338	93.845	259.416
74.330	94.398	259.395
74.328	94.999	259.347
74.329	95.627	259.374
74.315	96.231	259.369
74.232	96.352	259.130
74.236	96.268	259.103
74.279	96.125	259.360
74.312	95.964	259.539
74.300	95.737	259.487
74.303	95.439	259.325
74.278	95.114	259.214
74.255	94.751	259.152
74.262	94.370	259.113
74.304	93.953	259.144
74.434	93.668	259.338
74.445	93.253	259.407
74.428	92.911	259.448
74.384	92.626	259.486
74.378	92.361	259.492
74.377	92.052	259.488
74.366	91.874	259.465
74.351	91.757	259.447
74.369	91.726	259.455
74.385	91.690	259.481
74.384	91.673	259.509
74.373	91.638	259.525
74.366	91.622	259.522
74.365	91.647	259.515
74.350	91.679	259.501
74.349	91.747	259.500
74.340	91.853	259.492
74.343	91.998	259.492
74.334	92.226	259.498
74.341	92.510	259.505
74.348	92.858	259.496
74.351	93.247	259.465
74.337	93.629	259.442
74.329	94.074	259.394
74.317	94.555	259.396
74.313	95.062	259.381
74.309	95.547	259.365
74.306	96.011	259.351
74.260	96.296	259.288
74.249	96.216	259.156
74.291	96.078	259.270
74.336	95.900	259.452
74.359	95.654	259.474
74.368	95.334	259.355
74.361	94.960	259.242
74.339	94.586	259.169
74.331	94.163	259.156
74.330	93.726	259.162
74.385	93.430	259.374
74.338	92.998	259.416
74.301	92.617	259.475
74.289	92.279	259.502
74.329	91.934	259.502
74.360	91.625	259.497
74.370	91.424	259.482
74.367	91.323	259.465
74.346	91.266	259.473
74.327	91.242	259.493
74.315	91.239	259.508
74.308	91.236	259.519
74.323	91.275	259.523
74.333	91.319	259.523
74.346	91.395	259.494
74.354	91.541	259.484
74.350	91.772	259.488
74.367	92.090	259.482
74.360	92.534	259.492
74.358	93.095	259.487
74.338	93.679	259.447
74.319	94.397	259.392
74.301	95.212	259.371
74.297	96.111	259.372
74.188	96.275	258.993
74.210	96.211	258.981
74.281	96.199	259.435
74.334	96.200	259.749
74.338	96.181	259.724
74.320	96.082	259.435
74.307	95.975	259.176
74.295	95.841	259.035
74.312	95.654	259.086
74.348	95.391	259.193
74.369	95.066	259.251
74.367	94.671	259.273
74.375	94.263	259.281
74.351	93.895	259.340
74.405	93.726	259.512
74.397	93.361	259.507
74.378	92.993	259.484
74.364	92.614	259.448
74.342	92.309	259.418
74.302	92.048	259.429
74.263	91.842	259.465
74.257	91.643	259.506
74.289	91.503	259.510
74.320	91.481	259.517
74.339	91.502	259.503
74.358	91.524	259.499
74.350	91.551	259.490
74.322	91.571	259.470
74.313	91.622	259.472
74.322	91.692	259.497
74.323	91.776	259.508
74.334	91.893	259.495
74.346	92.056	259.474
74.359	92.317	259.466
74.366	92.607	259.453
74.372	92.962	259.439
74.386	93.371	259.425
74.367	93.785	259.404
74.352	94.252	259.358
74.334	94.788	259.356
74.327	95.369	259.356
74.319	95.929	259.367
74.283	96.365	259.330
74.246	96.252	259.084
74.287	96.139	259.218
74.331	95.959	259.490
74.346	95.745	259.569
74.353	95.467	259.447
74.347	95.133	259.284
74.336	94.785	259.184
74.332	94.401	259.155
74.331	93.994	259.148
74.342	93.539	259.192
74.348	93.102	259.248
74.408	92.871	259.445
74.381	92.552	259.494
74.366	92.242	259.514
74.353	91.929	259.522
74.338	91.654	259.507
74.323	91.478	259.473
74.289	91.358	259.467
74.270	91.290	259.492
74.252	91.255	259.527
74.257	91.281	259.527
74.288	91.322	259.524
74.321	91.392	259.509
74.338	91.485	259.493
74.326	91.619	259.484
74.331	91.797	259.488
74.326	92.000	259.480
74.325	92.328	259.485
74.342	92.684	259.474
74.354	93.156	259.460
74.346	93.624	259.420
74.343	94.172	259.347
74.343	94.802	259.328
74.344	95.503	259.319
74.329	96.246	259.362
74.232	96.375	259.055
74.244	96.301	259.038
74.295	96.225	259.386
74.333	96.134	259.640
74.336	96.011	259.577
74.335	95.820	259.395
74.332	95.604	259.216
74.329	95.355	259.112
74.344	95.056	259.108
74.361	94.711	259.171
74.378	94.308	259.238
74.383	93.903	259.289
74.349	93.516	259.327
74.419	93.346	259.500
74.399	93.040	259.522
74.400	92.717	259.513
74.397	92.399	259.498
74.392	92.135	259.464
74.363	91.957	259.447
74.341	91.824	259.478
74.336	91.710	259.496
74.324	91.640	259.504
74.302	91.651	259.516
74.280	91.686	259.525
74.254	91.711	259.522
74.249	91.731	259.507
74.266	91.761	259.496
74.300	91.814	259.483
74.329	91.899	259.472
74.339	91.995	259.466
74.333	92.123	259.468
74.329	92.316	259.469
74.326	92.510	259.459
74.327	92.745	259.442
74.340	93.056	259.430
74.366	93.377	259.418
74.358	93.684	259.414
74.364	94.027	259.359
74.361	94.415	259.343
74.359	94.826	259.324
74.357	95.239	259.323
74.354	95.610	259.316
74.342	95.948	259.297
74.326	96.217	259.324
74.290	96.307	259.253
74.296	96.205	259.220
74.325	96.026	259.316
74.350	95.783	259.424
74.366	95.461	259.413
74.369	95.077	259.340
74.360	94.638	259.269
74.352	94.166	259.231
74.358	93.678	259.214
74.354	93.185	259.250
74.429	92.866	259.406
74.398	92.431	259.442
74.390	92.031	259.480
74.367	91.660	259.515
74.356	91.332	259.526
74.339	91.075	259.525
74.317	90.894	259.505
74.305	90.786	259.534
74.284	90.725	259.542
74.265	90.746	259.553
74.243	90.780	259.561
74.218	90.842	259.569
74.224	90.933	259.569
74.258	91.083	259.547
74.285	91.277	259.507
74.319	91.572	259.501
74.320	91.973	259.477
74.342	92.534	259.477
74.348	93.220	259.450
74.334	93.995	259.423
74.323	94.913	259.344
74.321	95.982	259.342
74.201	96.469	258.977
74.182	96.339	258.814
74.266	96.317	259.263
74.334	96.316	259.723
74.351	96.317	259.795
74.343	96.242	259.540
74.326	96.114	259.160
74.308	95.964	258.946
74.310	95.757	259.020
74.352	95.479	259.173
74.373	95.137	259.255
74.378	94.729	259.253
74.378	94.278	259.272
74.363	93.880	259.334
74.341	93.529	259.375
74.413	93.344	259.538
74.411	92.983	259.519
74.418	92.616	259.467
74.411	92.298	259.433
74.390	92.043	259.423
74.365	91.886	259.453
74.366	91.733	259.494
74.360	91.598	259.513
74.347	91.577	259.543
74.323	91.622	259.528
74.308	91.649	259.522
74.297	91.692	259.513
74.269	91.728	259.494
74.228	91.764	259.484
74.247	91.836	259.476
74.282	91.928	259.488
74.311	92.043	259.486
74.323	92.175	259.486
74.334	92.369	259.470
74.332	92.577	259.440
74.326	92.836	259.425
74.333	93.122	259.424
74.355	93.442	259.427
74.351	93.698	259.406
74.352	94.020	259.364
74.357	94.348	259.339
74.360	94.736	259.316
74.363	95.087	259.312
74.361	95.424	259.288
74.348	95.708	259.310
74.346	95.951	259.298
74.333	96.099	259.292
74.331	96.175	259.292
74.332	96.163	259.302
74.344	96.052	259.313
74.350	95.872	259.315
74.363	95.578	259.316
74.371	95.230	259.298
74.367	94.811	259.293
74.373	94.348	259.285
74.359	93.864	259.275
74.450	93.560	259.419
74.431	93.083	259.433
74.418	92.617	259.448
74.397	92.185	259.457
74.386	91.820	259.483
74.376	91.462	259.488
74.353	91.182	259.506
74.337	90.966	259.521
74.319	90.838	259.523
74.305	90.801	259.546
74.286	90.821	259.554
74.261	90.825	259.546
74.231	90.869	259.560
74.206	90.930	259.574
74.228	91.009	259.558
74.264	91.123	259.528
74.304	91.319	259.508
74.318	91.597	259.510
74.336	91.981	259.485
74.340	92.525	259.478
74.343	93.197	259.442
74.336	93.950	259.411
74.330	94.848	259.339
74.320	95.904	259.353
74.213	96.489	259.036
74.189	96.349	258.800
74.259	96.347	259.240
74.338	96.356	259.708
74.351	96.373	259.807
74.336	96.280	259.545
74.313	96.095	259.175
74.297	95.926	258.960
74.308	95.693	259.020
74.340	95.400	259.166
74.361	95.046	259.234
74.370	94.632	259.270
74.371	94.169	259.251
74.360	93.768	259.341
74.435	93.599	259.526
74.420	93.229	259.536
74.410	92.854	259.510
74.416	92.514	259.468
74.402	92.196	259.422
74.378	91.973	259.432
74.359	91.813	259.457
74.363	91.658	259.493
74.354	91.559	259.520
74.339	91.536	259.539
74.323	91.575	259.533
74.297	91.603	259.515
74.283	91.632	259.512
74.239	91.657	259.500
74.233	91.709	259.491
74.254	91.784	259.492
74.296	91.896	259.490
74.317	92.025	259.486
74.331	92.195	259.478
74.322	92.413	259.464
74.323	92.648	259.431
74.327	92.969	259.435
74.347	93.290	259.419
74.360	93.666	259.417
74.356	93.977	259.407
74.357	94.362	259.350
74.360	94.781	259.331
74.355	95.205	259.318
74.355	95.603	259.308
74.346	95.961	259.308
74.333	96.256	259.321
74.300	96.358	259.234
74.299	96.256	259.217
74.328	96.078	259.292
74.347	95.847	259.415
74.368	95.531	259.419
74.372	95.161	259.336
74.369	94.734	259.251
74.371	94.260	259.217
74.372	93.783	259.217
74.452	93.474	259.396
74.445	92.968	259.399
74.413	92.526	259.433
74.389	92.104	259.466
74.379	91.743	259.521
74.370	91.385	259.526
74.358	91.142	259.525
74.348	90.937	259.505
74.332	90.817	259.508
74.325	90.776	259.540
74.303	90.807	259.554
74.274	90.822	259.552
74.263	90.884	259.560
74.246	90.962	259.572
74.206	91.085	259.564
74.229	91.246	259.528
74.258	91.505	259.498
74.293	91.865	259.486
74.324	92.355	259.479
74.358	92.982	259.460
74.340	93.668	259.433
74.321	94.511	259.375
74.319	95.498	259.326
74.275	96.498	259.346
74.150	96.393	258.745
74.220	96.411	259.011
74.304	96.499	259.564
74.318	96.489	259.698
74.339	96.305	259.502
74.332	96.069	259.289
74.332	95.892	259.193
74.331	95.684	259.060
74.336	95.430	259.070
74.349	95.129	259.137
74.354	94.750	259.185
74.365	94.317	259.231
74.366	93.896	259.279
74.345	93.529	259.349
74.424	93.376	259.527
74.412	93.036	259.546
74.419	92.668	259.507
74.421	92.351	259.471
74.399	92.049	259.431
74.385	91.882	259.439
74.371	91.722	259.473
74.376	91.571	259.491
74.368	91.511	259.527
74.352	91.517	259.551
74.341	91.561	259.527
74.324	91.597	259.526
74.306	91.643	259.518
74.277	91.683	259.487
74.263	91.728	259.485
74.241	91.804	259.496
74.233	91.915	259.510
74.255	92.046	259.488
74.297	92.238	259.467
74.318	92.470	259.465
74.335	92.716	259.425
74.339	93.038	259.417
74.348	93.377	259.408
74.336	93.678	259.406
74.328	94.041	259.341
74.336	94.434	259.336
74.349	94.823	259.316
74.347	95.239	259.299
74.357	95.604	259.293
74.348	95.925	259.282
74.346	96.188	259.285
74.330	96.353	259.274
74.314	96.341	259.245
74.324	96.228	259.281
74.347	96.022	259.336
74.362	95.745	259.387
74.364	95.373	259.341
74.375	94.959	259.294
74.371	94.508	259.275
74.369	94.009	259.271
74.364	93.503	259.261
74.450	93.166	259.420
74.439	92.661	259.431
74.409	92.211	259.466
74.385	91.803	259.495
74.374	91.422	259.516
74.363	91.101	259.534
74.341	90.845	259.524
74.337	90.682	259.527
74.326	90.597	259.562
74.316	90.587	259.572
74.293	90.608	259.558
74.276	90.640	259.572
74.257	90.683	259.582
74.243	90.780	259.574
74.229	90.936	259.572
74.215	91.185	259.546
74.234	91.538	259.519
74.267	92.003	259.487
74.318	92.660	259.462
74.333	93.429	259.441
74.342	94.340	259.354
74.327	95.391	259.316
74.299	96.479	259.352
74.154	96.410	258.820
74.203	96.319	258.937
74.291	96.261	259.506
74.353	96.196	259.771
74.379	96.104	259.676
74.359	95.929	259.330
74.332	95.765	259.048
74.335	95.565	258.952
74.336	95.295	259.037
74.357	94.945	259.162
74.367	94.571	259.236
74.363	94.164	259.263
74.352	93.776	259.313
74.417	93.656	259.526
74.407	93.349	259.539
74.411	93.049	259.538
74.410	92.707	259.485
74.414	92.439	259.438
74.401	92.204	259.414
74.385	92.057	259.440
74.379	91.933	259.488
74.382	91.806	259.512
74.373	91.752	259.534
74.355	91.766	259.534
74.351	91.807	259.518
74.345	91.828	259.507
74.337	91.856	259.504
74.323	91.887	259.481
74.311	91.918	259.470
74.300	91.978	259.481
74.289	92.058	259.487
74.264	92.149	259.493
74.243	92.265	259.499
74.259	92.412	259.480
74.283	92.552	259.450
74.311	92.738	259.428
74.334	92.967	259.425
74.366	93.203	259.411
74.377	93.469	259.411
74.356	93.671	259.413
74.349	93.923	259.363
74.351	94.193	259.316
74.345	94.434	259.308
74.341	94.691	259.301
74.352	94.905	259.279
74.348	95.087	259.279
74.350	95.221	259.265
74.352	95.313	259.258
74.345	95.310	259.249
74.343	95.274	259.264
74.344	95.145	259.270
74.348	94.960	259.269
74.338	94.723	259.281
74.340	94.437	259.292
74.343	94.108	259.288
74.352	93.737	259.293
74.346	93.369	259.304
74.436	93.172	259.444
74.428	92.804	259.442
74.412	92.467	259.461
74.406	92.134	259.460
74.385	91.864	259.488
74.378	91.625	259.500
74.370	91.434	259.502
74.348	91.289	259.509
74.336	91.220	259.522
74.329	91.203	259.514
74.318	91.217	259.524
74.291	91.228	259.518
74.277	91.256	259.521
74.267	91.290	259.520
74.256	91.352	259.522
74.228	91.451	259.520
74.228	91.606	259.516
74.252	91.811	259.492
74.303	92.119	259.470
74.335	92.498	259.462
74.354	92.980	259.444
74.362	93.549	259.421
74.348	94.135	259.363
74.330	94.817	259.335
74.326	95.607	259.345
74.308	96.446	259.372
74.211	96.440	258.948
74.241	96.391	259.018
74.311	96.342	259.447
74.354	96.306	259.694
74.367	96.226	259.618
74.356	96.071	259.354
74.335	95.929	259.161
74.319	95.745	259.055
74.339	95.478	259.113
74.357	95.173	259.209
74.372	94.786	259.256
74.382	94.352	259.269
74.370	93.924	259.312
74.443	93.726	259.502
74.432	93.346	259.522
74.422	92.988	259.523
74.421	92.601	259.495
74.404	92.252	259.444
74.383	91.999	259.442
74.362	91.824	259.460
74.374	91.644	259.489
74.368	91.507	259.504
74.359	91.449	259.525
74.346	91.476	259.532
74.336	91.512	259.522
74.322	91.524	259.509
74.304	91.542	259.498
74.281	91.580	259.494
74.272	91.631	259.497
74.261	91.705	259.510
74.226	91.789	259.521
74.239	91.926	259.491
74.267	92.118	259.477
74.297	92.352	259.454
74.338	92.619	259.440
74.359	92.986	259.433
74.361	93.351	259.418
74.362	93.770	259.411
74.352	94.152	259.380
74.346	94.614	259.366
74.347	95.101	259.339
74.347	95.598	259.329
74.351	96.058	259.316
74.341	96.463	259.315
74.293	96.405	259.112
74.312	96.261	259.183
74.349	96.052	259.373
74.359	95.807	259.487
74.375	95.490	259.418
74.366	95.109	259.288
74.352	94.722	259.205
74.353	94.268	259.171
74.359	93.802	259.184
74.452	93.518	259.378
74.452	93.030	259.404
74.425	92.597	259.440
74.413	92.230	259.492
74.394	91.887	259.533
74.387	91.548	259.530
74.375	91.305	259.529
74.349	91.133	259.510
74.346	91.010	259.497
74.349	90.926	259.521
74.328	90.935	259.555
74.314	90.963	259.559
74.311	91.022	259.570
74.292	91.091	259.564
74.272	91.203	259.537
74.265	91.350	259.506
74.259	91.587	259.502
74.249	91.889	259.498
74.235	92.292	259.502
74.278	92.797	259.491
74.317	93.396	259.451
74.329	94.018	259.404
74.335	94.752	259.341
74.333	95.592	259.342
74.303	96.479	259.355
74.194	96.446	258.896
74.230	96.418	258.996
74.301	96.408	259.465
74.347	96.423	259.694
74.362	96.393	259.601
74.354	96.278	259.325
74.346	96.170	259.108
74.340	95.991	259.005
74.350	95.782	259.103
74.378	95.479	259.196
74.389	95.108	259.243
74.371	94.685	259.260
74.371	94.265	259.295
74.356	93.873	259.353
74.425	93.677	259.512
74.417	93.262	259.521
74.424	92.855	259.498
74.424	92.469	259.458
74.414	92.154	259.424
74.389	91.930	259.453
74.377	91.722	259.483
74.383	91.543	259.506
74.379	91.443	259.527
74.356	91.437	259.535
74.353	91.474	259.516
74.352	91.498	259.515
74.329	91.494	259.505
74.313	91.529	259.491
74.302	91.593	259.497
74.300	91.660	259.509
74.278	91.736	259.515
74.262	91.835	259.513
74.264	91.991	259.491
74.241	92.210	259.486
74.260	92.449	259.467
74.300	92.753	259.440
74.333	93.103	259.429
74.342	93.439	259.419
74.343	93.825	259.371
74.346	94.256	259.321
74.329	94.733	259.306
74.338	95.230	259.302
74.334	95.707	259.286
74.335	96.134	259.291
74.317	96.474	259.281
74.285	96.390	259.099
74.313	96.235	259.199
74.353	96.038	259.389
74.365	95.786	259.467
74.374	95.453	259.380
74.368	95.067	259.262
74.351	94.665	259.197
74.353	94.217	259.168
74.362	93.742	259.183
74.443	93.417	259.382
74.439	92.947	259.403
74.419	92.527	259.452
74.407	92.141	259.490
74.397	91.794	259.530
74.395	91.454	259.526
74.370	91.215	259.524
74.357	91.039	259.501
74.354	90.913	259.509
74.346	90.848	259.528
74.330	90.855	259.539
74.322	90.882	259.542
74.315	90.957	259.573
74.298	91.039	259.573
74.281	91.147	259.536
74.279	91.314	259.525
74.273	91.559	259.508
74.259	91.873	259.503
74.239	92.326	259.507
74.252	92.875	259.492
74.293	93.538	259.452
74.311	94.209	259.372
74.329	95.039	259.355
74.331	95.978	259.362
74.229	96.527	259.075
74.178	96.416	258.858
74.238	96.418	259.207
74.315	96.444	259.640
74.336	96.477	259.724
74.338	96.389	259.469
74.321	96.246	259.193
74.335	96.072	259.007
74.340	95.892	259.048
74.371	95.625	259.148
74.380	95.306	259.215
74.383	94.893	259.227
74.377	94.463	259.246
74.358	94.074	259.316
74.342	93.708	259.360
74.413	93.498	259.518
74.418	93.109	259.514
74.432	92.696	259.479
74.424	92.345	259.442
74.397	92.063	259.432
74.383	91.860	259.465
74.386	91.646	259.486
74.383	91.479	259.507
74.370	91.405	259.537
74.351	91.417	259.527
74.356	91.440	259.520
74.346	91.458	259.512
74.336	91.475	259.494
74.317	91.517	259.488
74.319	91.576	259.496
74.306	91.657	259.511
74.295	91.760	259.523
74.289	91.898	259.500
74.284	92.084	259.482
74.274	92.340	259.470
74.274	92.624	259.464
74.259	92.964	259.453
74.295	93.349	259.428
74.316	93.708	259.406
74.332	94.121	259.357
74.345	94.595	259.342
74.362	95.102	259.323
74.359	95.609	259.311
74.338	96.057	259.293
74.328	96.470	259.284
74.275	96.448	259.100
74.297	96.316	259.157
74.346	96.131	259.347
74.374	95.911	259.468
74.385	95.586	259.392
74.386	95.222	259.287
74.375	94.820	259.194
74.368	94.381	259.164
74.364	93.926	259.181
74.356	93.441	259.207
74.446	93.144	259.381
74.417	92.687	259.433
74.395	92.340	259.496
74.394	91.983	259.522
74.398	91.645	259.528
74.392	91.378	259.518
74.372	91.191	259.502
74.369	91.063	259.500
74.365	90.986	259.523
74.348	90.976	259.552
74.331	90.996	259.554
74.318	91.035	259.572
74.317	91.102	259.572
74.305	91.199	259.549
74.302	91.325	259.516
74.308	91.524	259.503
74.299	91.795	259.503
74.296	92.164	259.493
74.304	92.643	259.490
74.302	93.218	259.471
74.272	93.820	259.432
74.231	94.534	259.384
74.252	95.336	259.337
74.270	96.216	259.355
74.200	96.469	258.984
74.225	96.415	258.925
74.293	96.407	259.327
74.335	96.398	259.644
74.357	96.370	259.643
74.348	96.254	259.388
74.337	96.150	259.164
74.330	95.999	259.007
74.342	95.800	259.049
74.376	95.539	259.155
74.399	95.217	259.215
74.401	94.812	259.231
74.392	94.374	259.242
74.366	93.993	259.315
74.344	93.637	259.351
74.420	93.432	259.508
74.409	93.035	259.490
74.420	92.656	259.445
74.413	92.355	259.434
74.400	92.089	259.437
74.390	91.903	259.469
74.401	91.716	259.502
74.398	91.595	259.525
74.386	91.574	259.526
74.365	91.602	259.526
74.361	91.619	259.518
74.352	91.623	259.519
74.333	91.637	259.501
74.332	91.660	259.496
74.324	91.706	259.501
74.326	91.760	259.516
74.318	91.834	259.509
74.322	91.917	259.488
74.321	92.056	259.484
74.310	92.234	259.469
74.306	92.449	259.461
74.313	92.684	259.443
74.302	92.967	259.438
74.314	93.274	259.431
74.286	93.554	259.423
74.260	93.888	259.368
74.282	94.227	259.337
74.301	94.596	259.311
74.333	94.947	259.291
74.344	95.308	259.278
74.351	95.593	259.261
74.346	95.851	259.273
74.332	96.020	259.244
74.323	96.103	259.239
74.330	96.114	259.248
74.335	96.040	259.277
74.353	95.886	259.277
74.365	95.637	259.282
74.371	95.317	259.277
74.386	94.922	259.246
74.373	94.493	259.255
74.372	94.051	259.241
74.357	93.580	259.271
74.450	93.295	259.429
74.427	92.825	259.446
74.403	92.407	259.462
74.396	92.011	259.466
74.389	91.673	259.489
74.385	91.409	259.510
74.375	91.187	259.516
74.372	91.053	259.539
74.364	90.986	259.545
74.348	90.977	259.556
74.332	90.984	259.567
74.315	90.987	259.559
74.301	90.987	259.558
74.293	91.001	259.562
74.291	91.018	259.565
74.296	91.096	259.559
74.300	91.238	259.552
74.304	91.431	259.513
74.306	91.748	259.511
74.312	92.175	259.486
74.312	92.730	259.467
74.311	93.415	259.449
74.290	94.150	259.402
74.259	95.002	259.357
74.234	95.965	259.372
74.147	96.522	259.062
74.142	96.409	258.824
74.230	96.403	259.223
74.325	96.438	259.656
74.362	96.474	259.746
74.343	96.433	259.502
74.310	96.323	259.189
74.303	96.184	258.977
74.326	95.994	258.975
74.349	95.758	259.125
74.386	95.441	259.204
74.400	95.052	259.220
74.392	94.614	259.220
74.387	94.219	259.309
74.368	93.831	259.346
74.433	93.650	259.509
74.419	93.237	259.496
74.425	92.835	259.453
74.422	92.475	259.431
74.400	92.187	259.417
74.382	91.999	259.454
74.384	91.830	259.496
74.390	91.665	259.519
74.389	91.605	259.546
74.372	91.616	259.539
74.366	91.623	259.525
74.364	91.647	259.537
74.342	91.641	259.517
74.335	91.674	259.500
74.331	91.704	259.507
74.330	91.748	259.517
74.321	91.805	259.518
74.324	91.863	259.504
74.323	91.954	259.500
74.327	92.081	259.474
74.313	92.244	259.462
74.317	92.452	259.458
74.326	92.681	259.449
74.322	92.963	259.452
74.329	93.247	259.425
74.308	93.516	259.418
74.304	93.812	259.373
74.291	94.145	259.340
74.274	94.478	259.329
74.280	94.801	259.298
74.298	95.112	259.284
74.324	95.367	259.260
74.344	95.595	259.247
74.351	95.759	259.239
74.349	95.845	259.237
74.349	95.860	259.247
74.343	95.793	259.252
74.354	95.645	259.246
74.360	95.419	259.240
74.368	95.138	259.244
74.371	94.793	259.238
74.376	94.402	259.246
74.376	93.991	259.260
74.364	93.559	259.274
74.454	93.309	259.416
74.434	92.888	259.433
74.416	92.513	259.459
74.403	92.121	259.454
74.386	91.821	259.487
74.388	91.528	259.490
74.372	91.320	259.511
74.361	91.155	259.519
74.364	91.073	259.530
74.354	91.067	259.555
74.342	91.062	259.557
74.324	91.062	259.554
74.322	91.065	259.560
74.302	91.074	259.560
74.295	91.076	259.564
74.298	91.133	259.565
74.300	91.240	259.555
74.309	91.382	259.528
74.317	91.639	259.513
74.317	91.975	259.495
74.321	92.456	259.487
74.322	93.021	259.466
74.305	93.629	259.423
74.285	94.360	259.360
74.265	95.195	259.344
74.234	96.093	259.362
74.128	96.496	259.036
74.142	96.420	258.916
74.230	96.406	259.267
74.319	96.403	259.630
74.356	96.386	259.666
74.359	96.296	259.435
74.336	96.184	259.187
74.323	96.050	258.990
74.331	95.873	259.014
74.359	95.617	259.124
74.381	95.313	259.196
74.397	94.925	259.230
74.390	94.509	259.240
74.378	94.139	259.307
74.369	93.767	259.342
74.446	93.583	259.509
74.431	93.199	259.488
74.437	92.809	259.446
74.421	92.484	259.423
74.396	92.218	259.427
74.387	92.002	259.452
74.389	91.804	259.501
74.399	91.661	259.528
74.389	91.602	259.545
74.376	91.609	259.534
74.368	91.617	259.524
74.359	91.623	259.522
74.346	91.630	259.511
74.331	91.643	259.502
74.320	91.656	259.502
74.317	91.706	259.520
74.320	91.764	259.518
74.320	91.830	259.521
74.320	91.922	259.498
74.319	92.066	259.474
74.316	92.258	259.472
74.323	92.477	259.458
74.331	92.732	259.451
74.334	93.031	259.446
74.333	93.339	259.428
74.317	93.635	259.415
74.309	93.964	259.372
74.300	94.304	259.320
74.288	94.666	259.313
74.272	95.016	259.316
74.281	95.326	259.287
74.297	95.607	259.273
74.315	95.833	259.249
74.337	95.982	259.242
74.347	96.050	259.255
74.354	96.051	259.266
74.352	95.966	259.255
74.346	95.799	259.248
74.364	95.536	259.248
74.361	95.229	259.253
74.378	94.857	259.229
74.374	94.440	259.261
74.379	94.007	259.256
74.371	93.544	259.263
74.455	93.283	259.420
74.444	92.839	259.428
74.418	92.444	259.446
74.405	92.069	259.461
74.394	91.745	259.497
74.380	91.467	259.495
74.366	91.292	259.520
74.363	91.167	259.521
74.364	91.141	259.524
74.350	91.125	259.540
74.338	91.127	259.554
74.329	91.112	259.559
74.317	91.110	259.556
74.308	91.117	259.564
74.295	91.119	259.561
74.292	91.154	259.560
74.300	91.236	259.538
74.296	91.357	259.529
74.308	91.586	259.510
74.314	91.893	259.507
74.318	92.332	259.498
74.329	92.888	259.472
74.331	93.538	259.449
74.314	94.192	259.395
74.301	94.974	259.364
74.281	95.859	259.357
74.201	96.550	259.277
74.111	96.428	258.903
74.161	96.398	259.189
74.266	96.367	259.568
74.326	96.317	259.688
74.360	96.227	259.515
74.350	96.078	259.244
74.336	95.941	259.053
74.328	95.731	259.018
74.349	95.463	259.078
74.365	95.134	259.163
74.380	94.758	259.203
74.389	94.332	259.210
74.379	93.961	259.285
74.368	93.636	259.339
74.444	93.483	259.514
74.438	93.149	259.501
74.443	92.789	259.454
74.429	92.522	259.429
74.402	92.308	259.420
74.391	92.142	259.447
74.396	92.007	259.477
74.393	91.901	259.518
74.382	91.866	259.541
74.370	91.861	259.536
74.369	91.872	259.520
74.364	91.868	259.517
74.353	91.864	259.512
74.338	91.878	259.501
74.332	91.899	259.503
74.331	91.922	259.498
74.326	91.965	259.502
74.321	92.007	259.497
74.329	92.092	259.498
74.330	92.177	259.487
74.326	92.285	259.472
74.332	92.423	259.460
74.336	92.581	259.453
74.343	92.755	259.453
74.338	92.970	259.451
74.344	93.170	259.429
74.339	93.382	259.431
74.349	93.633	259.425
74.329	93.776	259.397
74.312	93.976	259.371
74.290	94.158	259.335
74.288	94.317	259.314
74.299	94.451	259.310
74.322	94.565	259.278
74.340	94.617	259.268
74.350	94.639	259.250
74.351	94.621	259.235
74.336	94.544	259.238
74.339	94.438	259.220
74.340	94.296	259.239
74.344	94.121	259.241
74.352	93.912	259.253
74.354	93.671	259.263
74.445	93.602	259.414
74.448	93.330	259.406
74.424	93.081	259.426
74.425	92.816	259.429
74.413	92.593	259.452
74.397	92.370	259.460
74.389	92.168	259.472
74.386	91.990	259.491
74.378	91.867	259.498
74.367	91.766	259.505
74.368	91.724	259.508
74.370	91.717	259.519
74.360	91.704	259.522
74.355	91.699	259.521
74.344	91.697	259.523
74.340	91.713	259.521
74.320	91.717	259.522
74.321	91.735	259.520
74.320	91.779	259.508
74.326	91.852	259.504
74.326	91.969	259.485
74.331	92.151	259.484
74.332	92.391	259.477
74.341	92.667	259.458
74.336	93.024	259.451
74.340	93.406	259.431
74.317	93.756	259.401
74.298	94.194	259.345
74.271	94.659	259.348
74.262	95.138	259.329
74.222	95.592	259.337
74.236	96.005	259.316
74.259	96.363	259.308
74.264	96.527	259.193
74.284	96.439	259.144
74.328	96.304	259.260
74.373	96.092	259.365
74.375	95.810	259.376
74.376	95.452	259.274
74.385	95.053	259.207
74.369	94.621	259.178
74.375	94.159	259.174
74.386	93.666	259.183
74.477	93.363	259.385
74.462	92.903	259.415
74.432	92.528	259.469
74.421	92.140	259.487
74.402	91.799	259.516
74.396	91.520	259.517
74.376	91.355	259.503
74.366	91.272	259.508
74.364	91.231	259.514
74.351	91.204	259.536
74.341	91.199	259.554
74.338	91.189	259.556
74.328	91.175	259.571
74.322	91.180	259.566
74.312	91.194	259.547
74.318	91.271	259.531
74.315	91.367	259.519
74.316	91.561	259.527
74.318	91.830	259.514
74.320	92.208	259.500
74.335	92.689	259.491
74.352	93.267	259.448
74.329	93.861	259.420
74.316	94.549	259.380
74.311	95.317	259.344
74.316	96.140	259.378
74.218	96.454	259.067
74.215	96.384	258.988
74.250	96.328	259.318
74.307	96.256	259.609
74.317	96.150	259.615
74.311	95.975	259.381
74.277	95.773	259.199
74.297	95.554	259.074
74.313	95.276	259.033
74.353	94.941	259.104
74.380	94.586	259.189
74.399	94.191	259.232
74.374	93.813	259.279
74.423	93.664	259.468
74.414	93.371	259.472
74.411	93.073	259.486
74.419	92.744	259.466
74.416	92.496	259.433
74.412	92.320	259.414
74.402	92.192	259.427
74.404	92.099	259.459
74.403	92.028	259.486
74.393	92.009	259.512
74.367	91.987	259.525
74.363	91.987	259.495
74.354	91.979	259.490
74.344	91.964	259.495
74.344	91.963	259.508
74.349	91.987	259.510
74.348	92.019	259.499
74.343	92.063	259.491
74.347	92.155	259.503
74.345	92.275	259.506
74.339	92.409	259.501
74.345	92.545	259.486
74.345	92.718	259.473
74.343	92.929	259.466
74.353	93.129	259.453
74.362	93.348	259.439
74.371	93.573	259.435
74.365	93.732	259.421
74.354	93.899	259.392
74.347	94.092	259.350
74.337	94.253	259.333
74.318	94.378	259.321
74.302	94.472	259.298
74.283	94.529	259.279
74.263	94.531	259.258
74.228	94.495	259.268
74.246	94.418	259.264
74.285	94.286	259.224
74.317	94.135	259.209
74.349	93.959	259.246
74.358	93.728	259.240
74.337	93.497	259.241
74.407	93.436	259.400
74.393	93.199	259.407
74.398	92.976	259.410
74.395	92.747	259.416
74.401	92.552	259.430
74.402	92.371	259.450
74.418	92.220	259.468
74.408	92.079	259.466
74.401	92.014	259.470
74.399	91.994	259.487
74.387	91.971	259.485
74.380	91.954	259.493
74.356	91.929	259.494
74.346	91.911	259.505
74.348	91.907	259.511
74.334	91.886	259.511
74.342	91.907	259.501
74.355	91.951	259.502
74.358	92.029	259.495
74.359	92.159	259.492
74.350	92.345	259.495
74.351	92.570	259.476
74.341	92.843	259.474
74.345	93.159	259.451
74.324	93.456	259.439
74.321	93.781	259.398
74.312	94.158	259.368
74.310	94.542	259.357
74.318	94.913	259.326
74.323	95.283	259.314
74.318	95.565	259.295
74.305	95.838	259.288
74.298	96.003	259.270
74.282	96.094	259.277
74.284	96.092	259.280
74.287	96.009	259.291
74.285	95.832	259.283
74.268	95.559	259.287
74.281	95.229	259.271
74.322	94.827	259.240
74.351	94.414	259.235
74.376	93.965	259.242
74.379	93.522	259.253
74.447	93.245	259.414
74.416	92.825	259.419
74.390	92.458	259.440
74.382	92.089	259.450
74.374	91.796	259.478
74.377	91.544	259.485
74.379	91.383	259.494
74.381	91.310	259.496
74.380	91.285	259.508
74.360	91.243	259.514
74.357	91.232	259.521
74.340	91.207	259.515
74.321	91.186	259.529
74.314	91.194	259.548
74.311	91.225	259.542
74.308	91.302	259.522
74.321	91.454	259.511
74.331	91.723	259.521
74.347	92.089	259.500
74.350	92.584	259.501
74.355	93.189	259.471
74.343	93.852	259.439
74.320	94.650	259.403
74.321	95.506	259.377
74.266	96.378	259.397
74.173	96.285	258.905
74.219	96.262	259.115
74.300	96.244	259.570
74.339	96.247	259.789
74.356	96.199	259.616
74.346	96.087	259.318
74.315	95.985	259.082
74.317	95.845	258.993
74.334	95.630	259.099
74.343	95.354	259.200
74.337	94.995	259.233
74.311	94.603	259.233
74.279	94.204	259.278
74.234	93.849	259.351
74.333	93.673	259.512
74.366	93.302	259.485
74.386	92.927	259.456
74.413	92.575	259.410
74.394	92.300	259.384
74.365	92.087	259.405
74.355	91.935	259.451
74.353	91.785	259.488
74.349	91.704	259.516
74.354	91.711	259.515
74.363	91.719	259.513
74.370	91.723	259.511
74.361	91.711	259.496
74.357	91.726	259.484
74.349	91.754	259.490
74.360	91.816	259.510
74.354	91.903	259.519
74.343	92.012	259.507
74.339	92.186	259.501
74.336	92.427	259.474
74.342	92.692	259.458
74.350	93.039	259.454
74.361	93.391	259.446
74.357	93.751	259.434
74.344	94.156	259.404
74.337	94.597	259.399
74.330	95.036	259.361
74.321	95.474	259.340
74.309	95.877	259.331
74.302	96.213	259.329
74.273	96.354	259.242
74.278	96.275	259.205
74.312	96.110	259.289
74.343	95.900	259.401
74.362	95.594	259.398
74.358	95.243	259.300
74.347	94.827	259.221
74.336	94.381	259.179
74.325	93.930	259.209
74.309	93.439	259.211
74.364	93.130	259.394
74.309	92.678	259.432
74.276	92.287	259.479
74.303	91.892	259.498
74.332	91.550	259.505
74.345	91.257	259.502
74.348	91.046	259.493
74.339	90.926	259.493
74.322	90.870	259.524
74.307	90.880	259.520
74.302	90.899	259.553
74.310	90.918	259.552
74.307	90.964	259.559
74.314	91.060	259.535
74.333	91.251	259.516
74.358	91.524	259.493
74.356	91.937	259.501
74.361	92.507	259.492
74.366	93.238	259.479
74.345	94.067	259.447
74.319	95.006	259.373
74.300	96.074	259.384
74.164	96.373	258.948
74.163	96.248	258.866
74.254	96.177	259.365
74.321	96.119	259.812
74.349	96.059	259.798
74.338	95.915	259.507
74.311	95.739	259.165
74.296	95.556	258.993
74.307	95.325	259.006
74.333	94.994	259.139
74.352	94.632	259.228
74.372	94.236	259.281
74.359	93.854	259.297
74.325	93.550	259.366
74.395	93.453	259.539
74.379	93.158	259.532
74.378	92.868	259.496
74.370	92.573	259.442
74.358	92.358	259.407
74.317	92.211	259.426
74.296	92.105	259.464
74.269	91.998	259.496
74.274	91.909	259.506
74.301	91.903	259.504
74.319	91.921	259.505
74.348	91.955	259.488
74.366	91.985	259.476
74.346	91.994	259.453
74.332	92.024	259.444
74.334	92.079	259.463
74.325	92.153	259.478
74.321	92.234	259.475
74.338	92.353	259.472
74.357	92.503	259.466
74.364	92.660	259.440
74.373	92.875	259.422
74.376	93.123	259.433
74.387	93.391	259.430
74.362	93.628	259.435
74.348	93.889	259.387
74.340	94.185	259.346
74.336	94.482	259.364
74.329	94.770	259.334
74.340	95.054	259.322
74.342	95.280	259.306
74.345	95.445	259.308
74.346	95.564	259.300
74.335	95.611	259.290
74.337	95.596	259.283
74.334	95.493	259.288
74.325	95.324	259.298
74.335	95.077	259.296
74.336	94.756	259.278
74.348	94.412	259.286
74.347	94.027	259.285
74.343	93.630	259.278
74.421	93.403	259.430
74.403	93.006	259.437
74.380	92.618	259.445
74.357	92.263	259.456
74.324	91.939	259.459
74.306	91.670	259.481
74.286	91.428	259.502
74.248	91.254	259.515
74.250	91.154	259.523
74.282	91.110	259.522
74.305	91.112	259.518
74.315	91.143	259.520
74.319	91.170	259.500
74.307	91.232	259.524
74.302	91.325	259.516
74.310	91.451	259.510
74.313	91.652	259.504
74.329	91.934	259.486
74.350	92.327	259.487
74.365	92.808	259.456
74.370	93.424	259.431
74.366	94.102	259.401
74.357	94.888	259.356
74.335	95.825	259.375
74.237	96.483	259.190
74.168	96.342	258.839
74.225	96.356	259.220
74.293	96.398	259.672
74.300	96.402	259.763
74.302	96.205	259.485
74.299	95.983	259.250
74.306	95.786	259.120
74.325	95.529	259.079
74.338	95.237	259.142
74.360	94.866	259.177
74.366	94.454	259.213
74.365	94.011	259.242
74.351	93.620	259.313
74.412	93.461	259.502
74.397	93.141	259.525
74.395	92.795	259.512
74.400	92.478	259.495
74.379	92.187	259.451
74.354	91.996	259.432
74.321	91.867	259.452
74.315	91.739	259.484
74.289	91.676	259.520
74.249	91.654	259.549
74.260	91.688	259.535
74.287	91.727	259.516
74.317	91.751	259.496
74.326	91.793	259.475
74.329	91.853	259.470
74.316	91.924	259.465
74.306	92.021	259.469
74.307	92.167	259.478
74.313	92.356	259.473
74.333	92.571	259.461
74.340	92.833	259.431
74.362	93.166	259.427
74.379	93.530	259.422
74.375	93.847	259.396
74.361	94.235	259.344
74.343	94.653	259.337
74.339	95.085	259.339
74.337	95.506	259.329
74.323	95.899	259.328
74.319	96.231	259.333
74.287	96.379	259.246
74.288	96.269	259.207
74.330	96.102	259.287
74.353	95.875	259.426
74.372	95.579	259.439
74.370	95.221	259.345
74.362	94.800	259.246
74.358	94.345	259.203
74.356	93.887	259.224
74.356	93.406	259.243
74.434	93.094	259.401
74.419	92.635	259.440
74.389	92.236	259.466
74.375	91.852	259.500
74.370	91.500	259.521
74.333	91.205	259.514
74.315	91.013	259.511
74.302	90.857	259.505
74.289	90.765	259.521
74.271	90.764	259.525
74.235	90.808	259.558
74.222	90.875	259.580
74.241	90.956	259.567
74.258	91.074	259.532
74.291	91.274	259.503
74.323	91.558	259.501
74.334	91.937	259.489
74.331	92.468	259.474
74.344	93.123	259.462
74.326	93.850	259.425
74.313	94.732	259.363
74.310	95.751	259.349
74.243	96.569	259.238
74.177	96.397	258.747
74.249	96.386	259.142
74.328	96.394	259.639
74.357	96.408	259.818
74.348	96.361	259.613
74.316	96.195	259.228
74.298	96.032	258.990
74.311	95.831	258.987
74.342	95.550	259.146
74.368	95.217	259.229
74.371	94.794	259.240
74.372	94.346	259.257
74.366	93.938	259.314
74.342	93.579	259.364
74.416	93.401	259.532
74.406	93.040	259.526
74.406	92.657	259.470
74.405	92.335	259.435
74.384	92.081	259.423
74.366	91.921	259.448
74.368	91.773	259.485
74.357	91.631	259.505
74.351	91.606	259.537
74.328	91.647	259.541
74.302	91.671	259.528
74.288	91.701	259.519
74.248	91.714	259.504
74.233	91.772	259.486
74.251	91.836	259.479
74.285	91.942	259.485
74.314	92.058	259.484
74.334	92.207	259.484
74.331	92.405	259.469
74.331	92.623	259.448
74.327	92.905	259.436
74.341	93.202	259.417
74.332	93.474	259.413
74.329	93.796	259.369
74.346	94.157	259.324
74.354	94.550	259.314
74.361	94.942	259.299
74.355	95.354	259.289
74.349	95.716	259.299
74.343	96.015	259.289
74.332	96.275	259.301
74.312	96.395	259.263
74.302	96.355	259.241
74.324	96.183	259.295
74.346	95.961	259.379
74.358	95.647	259.399
74.373	95.274	259.338
74.379	94.835	259.273
74.379	94.363	259.255
74.370	93.875	259.259
74.448	93.549	259.394
74.437	93.043	259.401
74.410	92.561	259.438
74.394	92.127	259.465
74.389	91.755	259.514
74.376	91.415	259.514
74.351	91.141	259.518
74.339	90.962	259.533
74.332	90.834	259.519
74.314	90.792	259.541
74.287	90.795	259.551
74.275	90.841	259.559
74.256	90.885	259.567
74.209	90.959	259.575
74.212	91.068	259.557
74.245	91.238	259.514
74.286	91.519	259.498
74.318	91.887	259.491
74.341	92.385	259.479
74.353	93.025	259.454
74.340	93.735	259.424
74.322	94.627	259.354
74.314	95.634	259.329
74.263	96.590	259.307
74.161	96.427	258.738
74.230	96.414	259.060
74.316	96.420	259.594
74.360	96.432	259.805
74.355	96.396	259.653
74.327	96.235	259.280
74.313	96.066	258.996
74.308	95.870	258.971
74.332	95.593	259.122
74.358	95.259	259.224
74.369	94.840	259.242
74.368	94.394	259.249
74.365	93.969	259.301
74.431	93.765	259.498
74.420	93.404	259.536
74.411	93.046	259.530
74.422	92.668	259.486
74.412	92.335	259.439
74.400	92.070	259.430
74.367	91.899	259.447
74.367	91.752	259.486
74.368	91.617	259.502
74.366	91.576	259.536
74.338	91.607	259.540
74.325	91.632	259.521
74.318	91.663	259.519
74.290	91.695	259.505
74.255	91.712	259.481
74.235	91.762	259.496
74.238	91.855	259.502
74.256	91.953	259.491
74.286	92.092	259.483
74.314	92.280	259.474
74.328	92.497	259.449
74.335	92.762	259.433
74.336	93.070	259.421
74.346	93.428	259.420
74.339	93.743	259.396
74.335	94.121	259.360
74.345	94.526	259.318
74.356	94.943	259.309
74.361	95.397	259.310
74.354	95.800	259.293
74.357	96.147	259.288
74.335	96.427	259.303
74.298	96.396	259.179
74.316	96.258	259.223
74.343	96.045	259.360
74.357	95.792	259.448
74.370	95.441	259.389
74.372	95.026	259.290
74.359	94.588	259.228
74.370	94.132	259.218
74.363	93.631	259.228
74.454	93.291	259.390
74.436	92.804	259.401
74.409	92.387	259.454
74.386	91.998	259.485
74.386	91.638	259.525
74.366	91.307	259.532
74.353	91.075	259.532
74.344	90.902	259.512
74.344	90.793	259.515
74.325	90.780	259.551
74.310	90.804	259.544
74.286	90.843	259.556
74.273	90.919	259.572
74.250	91.020	259.570
74.246	91.167	259.542
74.228	91.393	259.523
74.239	91.717	259.516
74.266	92.143	259.486
74.318	92.707	259.474
74.351	93.426	259.454
74.356	94.209	259.392
74.342	95.124	259.345
74.321	96.199	259.362
74.183	96.529	258.911
74.182	96.471	258.833
74.266	96.495	259.358
74.337	96.579	259.739
74.334	96.493	259.626
74.332	96.256	259.343
74.345	96.056	259.179
74.333	95.855	259.060
74.346	95.597	259.056
74.353	95.294	259.134
74.367	94.903	259.178
74.370	94.477	259.215
74.368	94.042	259.248
74.343	93.646	259.319
74.418	93.459	259.524
74.416	93.115	259.537
74.421	92.728	259.524
74.419	92.374	259.476
74.411	92.092	259.444
74.386	91.898	259.440
74.374	91.738	259.458
74.379	91.603	259.492
74.376	91.543	259.525
74.360	91.553	259.559
74.343	91.570	259.538
74.340	91.601	259.533
74.323	91.618	259.518
74.309	91.653	259.501
74.298	91.712	259.496
74.287	91.790	259.499
74.271	91.895	259.496
74.263	92.036	259.495
74.236	92.247	259.498
74.250	92.487	259.482
74.279	92.782	259.451
74.317	93.112	259.425
74.349	93.502	259.412
74.349	93.848	259.378
74.348	94.257	259.325
74.330	94.701	259.324
74.331	95.160	259.313
74.334	95.610	259.310
74.329	96.011	259.300
74.333	96.374	259.306
74.310	96.507	259.192
74.300	96.403	259.153
74.338	96.230	259.272
74.369	96.000	259.406
74.381	95.699	259.424
74.387	95.322	259.316
74.374	94.894	259.244
74.358	94.453	259.203
74.360	93.979	259.209
74.355	93.479	259.247
74.446	93.165	259.402
74.425	92.664	259.425
74.406	92.260	259.474
74.396	91.884	259.517
74.394	91.500	259.528
74.377	91.235	259.544
74.362	91.012	259.519
74.347	90.874	259.525
74.341	90.778	259.524
74.334	90.779	259.540
74.319	90.813	259.558
74.312	90.862	259.570
74.301	90.944	259.574
74.277	91.055	259.562
74.273	91.225	259.523
74.281	91.466	259.508
74.274	91.807	259.508
74.264	92.277	259.504
74.252	92.873	259.488
74.277	93.593	259.468
74.294	94.354	259.379
74.307	95.291	259.352
74.319	96.357	259.388
74.199	96.528	258.880
74.213	96.488	258.869
74.288	96.527	259.401
74.342	96.635	259.734
74.325	96.511	259.572
74.329	96.298	259.308
74.333	96.110	259.188
74.337	95.925	259.077
74.351	95.691	259.073
74.374	95.395	259.117
74.383	95.022	259.158
74.378	94.624	259.188
74.374	94.181	259.224
74.355	93.807	259.310
74.418	93.656	259.510
74.412	93.308	259.527
74.407	92.951	259.523
74.422	92.604	259.474
74.418	92.311	259.442
74.400	92.075	259.422
74.382	91.915	259.447
74.397	91.760	259.495
74.396	91.649	259.521
74.374	91.632	259.546
74.360	91.663	259.534
74.354	91.684	259.530
74.354	91.727	259.531
74.328	91.740	259.494
74.328	91.785	259.482
74.323	91.845	259.496
74.315	91.917	259.491
74.310	92.024	259.495
74.305	92.174	259.495
74.300	92.377	259.487
74.293	92.580	259.456
74.284	92.856	259.443
74.285	93.140	259.425
74.278	93.491	259.433
74.287	93.773	259.399
74.308	94.106	259.355
74.326	94.471	259.351
74.345	94.840	259.323
74.355	95.221	259.292
74.350	95.541	259.273
74.340	95.842	259.269
74.341	96.059	259.265
74.341	96.206	259.261
74.333	96.266	259.262
74.348	96.248	259.282
74.360	96.143	259.283
74.370	95.940	259.267
74.376	95.660	259.268
74.383	95.307	259.276
74.384	94.890	259.259
74.369	94.438	259.288
74.370	93.972	259.279
74.354	93.482	259.284
74.441	93.176	259.435
74.420	92.699	259.446
74.405	92.291	259.469
74.396	91.902	259.484
74.398	91.557	259.494
74.386	91.290	259.516
74.376	91.085	259.524
74.360	90.928	259.524
74.352	90.898	259.556
74.332	90.898	259.546
74.323	90.913	259.560
74.308	90.926	259.557
74.295	90.949	259.563
74.285	90.984	259.565
74.291	91.075	259.558
74.293	91.222	259.555
74.290	91.432	259.522
74.286	91.772	259.513
74.284	92.207	259.494
74.283	92.809	259.482
74.275	93.540	259.463
74.254	94.328	259.406
74.265	95.244	259.365
74.291	96.327	259.373
74.179	96.542	258.885
74.201	96.499	258.845
74.286	96.537	259.373
74.336	96.642	259.729
74.326	96.560	259.610
74.321	96.347	259.323
74.312	96.166	259.180
74.326	95.980	259.043
74.331	95.745	259.069
74.372	95.470	259.108
74.382	95.104	259.166
74.385	94.702	259.185
74.390	94.255	259.221
74.372	93.875	259.306
74.427	93.716	259.503
74.418	93.378	259.515
74.415	93.031	259.520
74.422	92.665	259.472
74.417	92.359	259.441
74.395	92.133	259.423
74.384	91.969	259.456
74.390	91.826	259.488
74.401	91.712	259.530
74.386	91.697	259.555
74.364	91.712	259.540
74.359	91.748	259.538
74.358	91.777	259.530
74.334	91.773	259.507
74.327	91.812	259.482
74.327	91.858	259.484
74.329	91.935	259.489
74.321	92.007	259.491
74.321	92.138	259.503
74.315	92.297	259.490
74.307	92.486	259.460
74.311	92.691	259.438
74.299	92.955	259.435
74.310	93.222	259.419
74.316	93.533	259.426
74.302	93.767	259.414
74.278	94.079	259.364
74.278	94.361	259.350
74.304	94.670	259.332
74.334	94.949	259.288
74.345	95.213	259.267
74.359	95.436	259.252
74.359	95.605	259.252
74.352	95.705	259.228
74.344	95.741	259.233
74.353	95.694	259.240
74.365	95.581	259.243
74.374	95.399	259.249
74.377	95.156	259.260
74.381	94.841	259.244
74.387	94.478	259.256
74.375	94.105	259.267
74.370	93.688	259.265
74.450	93.453	259.419
74.423	93.064	259.438
74.416	92.670	259.445
74.402	92.326	259.462
74.388	91.990	259.470
74.379	91.710	259.505
74.388	91.482	259.505
74.376	91.306	259.511
74.367	91.197	259.519
74.363	91.173	259.539
74.344	91.169	259.554
74.331	91.170	259.551
74.313	91.171	259.552
74.300	91.171	259.545
74.294	91.196	259.558
74.290	91.208	259.551
74.300	91.279	259.529
74.303	91.410	259.520
74.307	91.629	259.517
74.309	91.934	259.504
74.311	92.379	259.484
74.315	92.915	259.466
74.310	93.570	259.444
74.293	94.254	259.390
74.240	95.044	259.374
74.254	95.954	259.360
74.206	96.632	259.229
74.175	96.506	258.863
74.247	96.488	259.163
74.327	96.471	259.589
74.359	96.470	259.700
74.355	96.393	259.516
74.328	96.262	259.246
74.320	96.157	259.029
74.322	95.985	258.985
74.355	95.766	259.100
74.386	95.463	259.203
74.400	95.099	259.245
74.394	94.686	259.260
74.390	94.272	259.278
74.372	93.918	259.344
74.432	93.740	259.499
74.420	93.354	259.487
74.419	92.987	259.467
74.419	92.615	259.435
74.406	92.341	259.421
74.391	92.100	259.450
74.396	91.918	259.485
74.395	91.736	259.516
74.391	91.642	259.539
74.377	91.644	259.536
74.362	91.654	259.526
74.358	91.670	259.524
74.343	91.664	259.513
74.335	91.688	259.503
74.332	91.722	259.505
74.327	91.762	259.508
74.321	91.801	259.523
74.324	91.860	259.509
74.316	91.936	259.493
74.322	92.077	259.482
74.308	92.242	259.468
74.310	92.454	259.462
74.314	92.703	259.444
74.317	93.002	259.446
74.323	93.313	259.431
74.331	93.678	259.420
74.313	93.988	259.407
74.295	94.343	259.371
74.282	94.732	259.335
74.297	95.107	259.317
74.329	95.456	259.295
74.338	95.783	259.278
74.355	96.043	259.264
74.346	96.236	259.265
74.337	96.336	259.276
74.337	96.361	259.279
74.346	96.289	259.298
74.361	96.133	259.279
74.361	95.892	259.260
74.386	95.564	259.253
74.388	95.177	259.264
74.385	94.745	259.248
74.391	94.261	259.253
74.390	93.777	259.254
74.457	93.464	259.424
74.429	92.996	259.437
74.416	92.560	259.460
74.399	92.134	259.473
74.395	91.766	259.496
74.380	91.447	259.500
74.372	91.223	259.519
74.363	91.058	259.527
74.365	90.988	259.542
74.352	90.980	259.565
74.341	90.969	259.553
74.318	90.972	259.570
74.309	90.979	259.578
74.301	90.988	259.568
74.294	90.991	259.566
74.293	91.065	259.562
74.291	91.179	259.541
74.304	91.377	259.527
74.310	91.687	259.521
74.314	92.102	259.488
74.321	92.674	259.478
74.325	93.369	259.448
74.309	94.131	259.413
74.285	95.011	259.359
74.271	96.030	259.350
74.128	96.584	259.044
74.106	96.498	258.843
74.194	96.530	259.248
74.302	96.605	259.693
74.339	96.621	259.707
74.350	96.448	259.384
74.327	96.257	259.192
74.332	96.060	259.054
74.332	95.837	259.023
74.351	95.549	259.081
74.363	95.207	259.149
74.382	94.798	259.177
74.387	94.357	259.210
74.385	93.963	259.295
74.448	93.796	259.490
74.446	93.453	259.507
74.429	93.095	259.504
74.443	92.723	259.463
74.421	92.437	259.428
74.397	92.217	259.411
74.387	92.049	259.441
74.387	91.905	259.488
74.386	91.809	259.528
74.383	91.794	259.559
74.369	91.780	259.543
74.376	91.793	259.539
74.361	91.787	259.529
74.343	91.789	259.511
74.338	91.811	259.500
74.334	91.844	259.508
74.329	91.884	259.517
74.325	91.947	259.505
74.326	92.033	259.497
74.332	92.166	259.496
74.329	92.332	259.492
74.330	92.511	259.465
74.332	92.703	259.447
74.329	92.962	259.440
74.344	93.212	259.432
74.345	93.488	259.431
74.328	93.707	259.415
74.316	93.977	259.378
74.313	94.240	259.321
74.297	94.509	259.323
74.288	94.752	259.289
74.279	94.966	259.274
74.283	95.141	259.267
74.307	95.267	259.249
74.330	95.317	259.236
74.351	95.321	259.241
74.358	95.268	259.234
74.365	95.138	259.244
74.362	94.962	259.237
74.352	94.746	259.234
74.362	94.464	259.241
74.360	94.167	259.249
74.369	93.823	259.251
74.453	93.684	259.414
74.453	93.338	259.414
74.435	93.008	259.428
74.423	92.671	259.430
74.417	92.408	259.456
74.406	92.137	259.462
74.394	91.924	259.486
74.382	91.744	259.504
74.381	91.615	259.511
74.374	91.549	259.511
74.360	91.536	259.511
74.357	91.524	259.515
74.354	91.511	259.521
74.350	91.504	259.523
74.338	91.499	259.518
74.336	91.510	259.530
74.321	91.519	259.526
74.318	91.571	259.526
74.316	91.668	259.517
74.322	91.820	259.509
74.329	92.028	259.493
74.342	92.355	259.494
74.338	92.702	259.475
74.347	93.153	259.456
74.345	93.663	259.447
74.332	94.144	259.397
74.309	94.728	259.360
74.287	95.353	259.347
74.269	95.981	259.348
74.221	96.549	259.351
74.153	96.525	259.091
74.186	96.430	259.160
74.283	96.297	259.396
74.343	96.119	259.528
74.368	95.881	259.437
74.376	95.574	259.262
74.357	95.259	259.165
74.348	94.896	259.095
74.348	94.523	259.094
74.360	94.087	259.143
74.377	93.649	259.202
74.458	93.423	259.415
74.439	93.092	259.463
74.430	92.767	259.496
74.433	92.466	259.507
74.430	92.146	259.484
74.407	91.945	259.469
74.390	91.808	259.462
74.389	91.722	259.482
74.384	91.668	259.510
74.376	91.656	259.524
74.356	91.630	259.539
74.359	91.638	259.541
74.353	91.644	259.530
74.342	91.660	259.518
74.344	91.699	259.515
74.336	91.773	259.520
74.333	91.871	259.508
74.330	92.013	259.510
74.334	92.241	259.504
74.332	92.501	259.491
74.333	92.806	259.471
74.339	93.159	259.448
74.348	93.569	259.441
74.347	93.910	259.419
74.335	94.323	259.368
74.320	94.764	259.363
74.322	95.217	259.333
74.317	95.624	259.325
74.310	95.989	259.315
74.297	96.307	259.309
74.279	96.498	259.265
74.268	96.505	259.207
74.270	96.399	259.256
74.290	96.203	259.324
74.307	95.934	259.347
74.334	95.583	259.299
74.355	95.180	259.231
74.376	94.728	259.201
74.381	94.254	259.198
74.389	93.774	259.202
74.460	93.463	259.393
74.435	92.984	259.393
74.406	92.572	259.438
74.392	92.185	259.460
74.391	91.841	259.501
74.392	91.533	259.497
74.392	91.363	259.489
74.379	91.251	259.488
74.377	91.215	259.499
74.371	91.183	259.512
74.350	91.173	259.517
74.334	91.163	259.534
74.331	91.174	259.562
74.308	91.164	259.543
74.309	91.227	259.533
74.314	91.344	259.517
74.326	91.542	259.525
74.327	91.843	259.523
74.344	92.253	259.510
74.349	92.784	259.500
74.356	93.447	259.478
74.330	94.146	259.439
74.327	94.954	259.395
74.316	95.873	259.389
74.218	96.440	259.147
74.190	96.330	258.907
74.259	96.328	259.266
74.327	96.337	259.675
74.353	96.333	259.760
74.347	96.285	259.533
74.322	96.181	259.247
74.305	96.074	259.029
74.314	95.924	259.002
74.322	95.712	259.138
74.324	95.400	259.215
74.307	95.043	259.256
74.262	94.617	259.265
74.258	94.208	259.288
74.280	93.855	259.339
74.381	93.686	259.484
74.412	93.313	259.474
74.416	92.931	259.431
74.414	92.595	259.399
74.378	92.341	259.384
74.356	92.145	259.414
74.354	92.014	259.452
74.370	91.875	259.487
74.378	91.818	259.511
74.376	91.822	259.521
74.376	91.824	259.506
74.386	91.840	259.510
74.368	91.838	259.494
74.351	91.838	259.479
74.354	91.874	259.481
74.356	91.943	259.503
74.343	92.011	259.513
74.339	92.137	259.508
74.342	92.309	259.508
74.341	92.513	259.484
74.356	92.753	259.462
74.361	93.058	259.462
74.370	93.378	259.452
74.348	93.681	259.434
74.336	94.021	259.397
74.333	94.387	259.373
74.316	94.758	259.343
74.317	95.144	259.328
74.315	95.481	259.319
74.316	95.776	259.308
74.318	95.994	259.300
74.321	96.148	259.308
74.322	96.202	259.295
74.324	96.174	259.282
74.338	96.063	259.283
74.332	95.861	259.273
74.338	95.561	259.268
74.333	95.208	259.262
74.318	94.791	259.248
74.312	94.346	259.251
74.274	93.885	259.274
74.336	93.592	259.437
74.360	93.111	259.430
74.377	92.680	259.423
74.381	92.290	259.441
74.379	91.916	259.456
74.380	91.603	259.476
74.342	91.359	259.498
74.331	91.199	259.498
74.325	91.105	259.510
74.326	91.084	259.534
74.328	91.074	259.522
74.335	91.076	259.516
74.335	91.093	259.533
74.332	91.121	259.520
74.335	91.199	259.529
74.341	91.339	259.515
74.343	91.553	259.518
74.340	91.886	259.508
74.342	92.355	259.494
74.343	92.948	259.483
74.325	93.611	259.441
74.318	94.435	259.399
74.321	95.405	259.363
74.283	96.429	259.406
74.151	96.321	258.849
74.211	96.315	259.038
74.281	96.336	259.582
74.312	96.401	259.839
74.302	96.336	259.661
74.293	96.156	259.308
74.283	95.996	259.079
74.287	95.785	258.992
74.325	95.531	259.099
74.353	95.223	259.198
74.367	94.827	259.216
74.368	94.397	259.225
74.357	93.994	259.275
74.328	93.642	259.343
74.384	93.491	259.519
74.366	93.162	259.514
74.351	92.809	259.482
74.330	92.493	259.445
74.271	92.241	259.440
74.277	92.047	259.429
74.305	91.904	259.442
74.350	91.770	259.475
74.379	91.727	259.521
74.368	91.744	259.519
74.354	91.770	259.515
74.340	91.804	259.505
74.323	91.823	259.481
74.322	91.853	259.461
74.331	91.908	259.461
74.348	91.999	259.476
74.357	92.125	259.484
74.360	92.294	259.482
74.364	92.519	259.470
74.371	92.782	259.456
74.365	93.090	259.441
74.372	93.465	259.432
74.354	93.801	259.407
74.342	94.196	259.362
74.322	94.633	259.376
74.330	95.085	259.353
74.335	95.517	259.348
74.329	95.936	259.336
74.322	96.286	259.335
74.287	96.372	259.210
74.294	96.267	259.202
74.327	96.087	259.320
74.344	95.859	259.443
74.360	95.549	259.420
74.354	95.177	259.314
74.348	94.771	259.222
74.355	94.330	259.192
74.357	93.886	259.208
74.350	93.397	259.239
74.431	93.110	259.389
74.399	92.670	259.420
74.363	92.307	259.470
74.352	91.956	259.506
74.328	91.626	259.520
74.304	91.380	259.512
74.261	91.247	259.503
74.242	91.164	259.510
74.258	91.125	259.516
74.279	91.143	259.507
74.306	91.177	259.505
74.330	91.240	259.520
74.324	91.307	259.523
74.308	91.398	259.505
74.317	91.560	259.495
74.317	91.800	259.495
74.322	92.095	259.480
74.340	92.520	259.473
74.357	93.070	259.464
74.350	93.659	259.437
74.348	94.384	259.355
74.339	95.245	259.336
74.330	96.200	259.364
74.209	96.470	258.952
74.203	96.406	258.888
74.269	96.406	259.366
74.320	96.439	259.734
74.319	96.428	259.715
74.311	96.248	259.406
74.307	96.070	259.178
74.313	95.896	259.058
74.331	95.638	259.096
74.359	95.361	259.180
74.377	94.981	259.217
74.375	94.562	259.243
74.369	94.133	259.251
74.355	93.740	259.335
74.416	93.580	259.522
74.411	93.223	259.522
74.406	92.850	259.497
74.405	92.508	259.460
74.381	92.226	259.426
74.364	92.024	259.432
74.341	91.873	259.459
74.332	91.723	259.492
74.320	91.675	259.525
74.289	91.677	259.536
74.249	91.705	259.533
74.253	91.735	259.515
74.275	91.770	259.494
74.289	91.799	259.470
74.325	91.866	259.467
74.344	91.952	259.468
74.325	92.040	259.480
74.322	92.204	259.484
74.319	92.395	259.482
74.333	92.616	259.452
74.338	92.903	259.438
74.355	93.217	259.414
74.347	93.533	259.417
74.347	93.907	259.354
74.351	94.317	259.319
74.346	94.765	259.316
74.346	95.244	259.325
74.339	95.694	259.319
74.338	96.099	259.314
74.315	96.450	259.315
74.271	96.386	259.154
74.289	96.246	259.206
74.333	96.051	259.389
74.359	95.803	259.476
74.373	95.458	259.418
74.372	95.074	259.301
74.360	94.665	259.220
74.362	94.214	259.187
74.359	93.739	259.191
74.441	93.425	259.381
74.424	92.956	259.406
74.399	92.533	259.451
74.386	92.154	259.484
74.379	91.792	259.530
74.377	91.468	259.526
74.349	91.262	259.525
74.329	91.143	259.504
74.323	91.049	259.503
74.297	91.033	259.519
74.273	91.073	259.542
74.247	91.095	259.559
74.229	91.158	259.568
74.228	91.234	259.561
74.258	91.332	259.505
74.290	91.522	259.496
74.319	91.790	259.486
74.336	92.138	259.471
74.348	92.623	259.473
74.352	93.222	259.450
74.334	93.880	259.417
74.320	94.672	259.346
74.322	95.578	259.333
74.304	96.553	259.354
74.185	96.512	258.843
74.234	96.483	258.981
74.317	96.526	259.521
74.350	96.571	259.750
74.332	96.418	259.540
74.329	96.181	259.288
74.331	95.988	259.162
74.323	95.744	259.075
74.336	95.469	259.103
74.352	95.123	259.168
74.365	94.732	259.188
74.380	94.284	259.220
74.377	93.843	259.273
74.443	93.656	259.494
74.424	93.310	259.524
74.409	92.958	259.531
74.414	92.602	259.508
74.404	92.268	259.467
74.387	92.047	259.450
74.372	91.899	259.449
74.361	91.761	259.470
74.359	91.673	259.496
74.351	91.671	259.536
74.325	91.697	259.543
74.313	91.717	259.525
74.294	91.743	259.519
74.266	91.759	259.504
74.238	91.793	259.494
74.243	91.864	259.486
74.274	91.955	259.485
74.295	92.066	259.474
74.319	92.221	259.475
74.336	92.422	259.469
74.334	92.649	259.447
74.328	92.940	259.431
74.341	93.264	259.425
74.325	93.568	259.404
74.330	93.903	259.345
74.338	94.296	259.320
74.343	94.725	259.320
74.354	95.146	259.302
74.360	95.560	259.296
74.344	95.928	259.295
74.349	96.247	259.302
74.327	96.466	259.284
74.294	96.427	259.187
74.313	96.293	259.248
74.351	96.061	259.367
74.356	95.779	259.424
74.379	95.408	259.356
74.378	94.991	259.284
74.368	94.534	259.241
74.377	94.059	259.221
74.365	93.542	259.246
74.455	93.215	259.397
74.433	92.724	259.417
74.406	92.309	259.467
74.387	91.906	259.498
74.390	91.559	259.516
74.364	91.253	259.523
74.347	91.049	259.516
74.347	90.915	259.512
74.330	90.865	259.542
74.317	90.866	259.539
74.294	90.904	259.542
74.274	90.930	259.558
74.251	90.991	259.567
74.226	91.083	259.560
74.214	91.219	259.548
74.239	91.441	259.512
74.272	91.756	259.500
74.315	92.188	259.486
74.350	92.768	259.465
74.360	93.508	259.443
74.349	94.297	259.387
74.327	95.263	259.350
74.314	96.342	259.372
74.172	96.553	258.871
74.190	96.471	258.851
74.283	96.458	259.387
74.350	96.498	259.750
74.372	96.491	259.742
74.356	96.374	259.416
74.323	96.222	259.109
74.322	96.038	258.933
74.328	95.802	259.042
74.370	95.496	259.186
74.376	95.116	259.234
74.380	94.688	259.237
74.373	94.235	259.268
74.359	93.840	259.347
74.422	93.664	259.528
74.425	93.302	259.531
74.420	92.929	259.509
74.419	92.572	259.457
74.408	92.287	259.431
74.393	92.078	259.432
74.373	91.941	259.453
74.374	91.817	259.492
74.368	91.738	259.523
74.364	91.756	259.540
74.343	91.792	259.524
74.333	91.805	259.511
74.318	91.839	259.508
74.300	91.863	259.482
74.279	91.900	259.469
74.282	91.975	259.477
74.244	92.061	259.507
74.237	92.156	259.498
74.264	92.280	259.483
74.301	92.442	259.468
74.326	92.614	259.436
74.341	92.850	259.425
74.352	93.123	259.415
74.358	93.405	259.424
74.373	93.723	259.411
74.357	93.992	259.387
74.359	94.279	259.339
74.358	94.631	259.320
74.365	94.952	259.301
74.362	95.275	259.297
74.372	95.543	259.276
74.365	95.781	259.284
74.352	95.941	259.281
74.347	96.034	259.271
74.342	96.031	259.267
74.350	95.964	259.285
74.346	95.806	259.299
74.355	95.555	259.301
74.359	95.247	259.303
74.363	94.863	259.280
74.369	94.437	259.277
74.369	94.005	259.288
74.361	93.546	259.282
74.452	93.269	259.432
74.429	92.821	259.436
74.409	92.435	259.459
74.396	92.058	259.461
74.373	91.748	259.500
74.372	91.492	259.500
74.361	91.333	259.504
74.344	91.239	259.517
74.334	91.228	259.511
74.312	91.239	259.523
74.292	91.247	259.525
74.277	91.255	259.517
74.255	91.267	259.524
74.239	91.277	259.529
74.220	91.321	259.537
74.226	91.393	259.522
74.261	91.521	259.506
74.300	91.721	259.501
74.330	91.999	259.479
74.338	92.417	259.477
74.350	92.927	259.450
74.335	93.502	259.433
74.326	94.195	259.351
74.322	95.002	259.312
74.318	95.940	259.316
74.247	96.624	259.193
74.191	96.472	258.816
74.251	96.476	259.146
74.322	96.464	259.613
74.359	96.484	259.762
74.346	96.410	259.550
74.320	96.259	259.243
74.305	96.094	259.052
74.315	95.876	259.017
74.335	95.606	259.151
74.363	95.277	259.221
74.377	94.856	259.242
74.379	94.414	259.282
74.382	94.003	259.329
74.441	93.798	259.500
74.427	93.435	259.512
74.414	93.057	259.517
74.422	92.667	259.476
74.403	92.345	259.448
74.392	92.102	259.431
74.371	91.947	259.454
74.368	91.818	259.477
74.367	91.707	259.510
74.359	91.704	259.544
74.332	91.739	259.537
74.324	91.769	259.525
74.302	91.778	259.518
74.274	91.797	259.495
74.253	91.831	259.481
74.233	91.880	259.486
74.249	91.959	259.490
74.272	92.027	259.489
74.309	92.147	259.483
74.328	92.277	259.479
74.337	92.449	259.454
74.335	92.651	259.432
74.336	92.917	259.429
74.343	93.197	259.419
74.351	93.518	259.420
74.353	93.806	259.384
74.357	94.166	259.351
74.365	94.545	259.329
74.366	94.936	259.306
74.364	95.328	259.302
74.359	95.687	259.292
74.354	95.997	259.293
74.338	96.244	259.316
74.328	96.391	259.286
74.317	96.413	259.257
74.321	96.318	259.297
74.347	96.127	259.341
74.354	95.871	259.389
74.377	95.520	259.346
74.379	95.107	259.302
74.372	94.650	259.266
74.377	94.170	259.249
74.366	93.660	259.233
74.446	93.335	259.404
74.423	92.842	259.426
74.403	92.412	259.454
74.386	92.000	259.476
74.375	91.631	259.508
74.356	91.328	259.516
74.345	91.099	259.518
74.330	90.960	259.530
74.319	90.854	259.523
74.299	90.865	259.548
74.271	90.904	259.558
74.258	90.923	259.553
74.231	90.979	259.557
74.204	91.050	259.568
74.235	91.183	259.542
74.274	91.356	259.513
74.312	91.664	259.498
74.331	92.019	259.484
74.348	92.561	259.471
74.353	93.226	259.439
74.339	93.977	259.422
74.326	94.886	259.354
74.317	95.925	259.332
74.217	96.631	259.132
74.172	96.470	258.761
74.252	96.450	259.179
74.332	96.454	259.660
74.356	96.473	259.810
74.357	96.413	259.586
74.328	96.267	259.213
74.316	96.126	258.964
74.321	95.915	258.986
74.346	95.648	259.150
74.362	95.309	259.240
74.379	94.887	259.241
74.378	94.436	259.241
74.361	94.024	259.315
74.353	93.665	259.363
74.422	93.488	259.524
74.416	93.115	259.509
74.425	92.740	259.464
74.418	92.429	259.427
74.400	92.183	259.416
74.382	92.043	259.442
74.372	91.916	259.475
74.378	91.819	259.508
74.366	91.813	259.545
74.335	91.834	259.534
74.319	91.858	259.515
74.306	91.877	259.516
74.285	91.895	259.480
74.255	91.919	259.481
74.241	91.966	259.482
74.254	92.029	259.484
74.281	92.082	259.483
74.308	92.170	259.479
74.323	92.267	259.479
74.331	92.402	259.455
74.322	92.547	259.433
74.323	92.740	259.425
74.334	92.982	259.431
74.351	93.230	259.427
74.369	93.516	259.431
74.365	93.740	259.403
74.373	94.045	259.354
74.369	94.349	259.318
74.365	94.678	259.305
74.367	94.989	259.304
74.361	95.294	259.297
74.352	95.524	259.281
74.340	95.729	259.285
74.339	95.852	259.286
74.333	95.905	259.285
74.332	95.867	259.281
74.339	95.759	259.291
74.351	95.564	259.294
74.362	95.308	259.294
74.371	94.970	259.281
74.365	94.596	259.288
74.355	94.179	259.268
74.361	93.739	259.272
74.447	93.485	259.423
74.426	93.077	259.438
74.405	92.666	259.429
74.402	92.324	259.455
74.387	91.998	259.469
74.370	91.721	259.492
74.354	91.490	259.494
74.328	91.346	259.498
74.311	91.251	259.511
74.296	91.231	259.521
74.269	91.235	259.519
74.234	91.253	259.521
74.233	91.282	259.525
74.256	91.339	259.507
74.273	91.382	259.510
74.307	91.485	259.506
74.329	91.645	259.499
74.328	91.847	259.490
74.335	92.136	259.480
74.345	92.542	259.478
74.343	93.036	259.450
74.328	93.582	259.423
74.333	94.246	259.360
74.340	95.023	259.318
74.333	95.911	259.324
74.265	96.585	259.226
74.204	96.440	258.846
74.246	96.425	259.167
74.310	96.418	259.616
74.330	96.412	259.755
74.328	96.348	259.564
74.309	96.222	259.273
74.299	96.092	259.072
74.308	95.911	259.046
74.342	95.676	259.152
74.370	95.363	259.242
74.384	94.974	259.257
74.387	94.553	259.294
74.377	94.155	259.319
74.359	93.781	259.357
74.340	93.438	259.370
74.417	93.249	259.500
74.419	92.873	259.471
74.413	92.531	259.438
74.389	92.268	259.427
74.371	92.087	259.447
74.366	91.939	259.474
74.353	91.801	259.517
74.339	91.757	259.532
74.304	91.790	259.536
74.281	91.813	259.514
74.248	91.840	259.517
74.243	91.846	259.488
74.265	91.880	259.468
74.304	91.964	259.465
74.327	92.037	259.463
74.331	92.132	259.476
74.330	92.272	259.481
74.315	92.411	259.480
74.325	92.594	259.463
74.320	92.793	259.444
74.335	93.050	259.426
74.367	93.334	259.417
74.377	93.646	259.425
74.383	93.894	259.413
74.370	94.221	259.355
74.367	94.566	259.355
74.361	94.921	259.318
74.349	95.285	259.312
74.349	95.583	259.297
74.338	95.861	259.306
74.340	96.067	259.298
74.332	96.197	259.304
74.333	96.246	259.309
74.349	96.201	259.307
74.358	96.058	259.314
74.355	95.853	259.304
74.368	95.533	259.297
74.368	95.163	259.291
74.361	94.751	259.282
74.368	94.281	259.266
74.362	93.814	259.255
74.354	93.344	259.273
74.432	93.072	259.442
74.415	92.631	259.449
74.396	92.235	259.453
74.377	91.874	259.481
74.361	91.537	259.493
74.330	91.291	259.504
74.310	91.137	259.515
74.293	91.054	259.531
74.280	91.026	259.543
74.249	91.046	259.561
74.231	91.067	259.534
74.239	91.104	259.536
74.264	91.151	259.522
74.289	91.218	259.519
74.313	91.323	259.518
74.328	91.516	259.506
74.325	91.784	259.509
74.331	92.151	259.484
74.344	92.636	259.475
74.352	93.253	259.439
74.340	93.933	259.423
74.338	94.761	259.352
74.338	95.733	259.346
74.281	96.611	259.295
74.186	96.450	258.761
74.248	96.478	259.114
74.307	96.524	259.615
74.314	96.538	259.726
74.305	96.345	259.480
74.310	96.115	259.281
74.311	95.919	259.166
74.307	95.694	259.087
74.331	95.405	259.103
74.351	95.059	259.163
74.364	94.652	259.197
74.386	94.225	259.222
74.377	93.807	259.279
74.345	93.483	259.363
74.418	93.328	259.518
74.410	93.027	259.529
74.415	92.686	259.502
74.407	92.398	259.454
74.385	92.163	259.432
74.361	92.010	259.444
74.356	91.909	259.467
74.344	91.793	259.500
74.335	91.766	259.540
74.302	91.796	259.544
74.281	91.831	259.534
74.251	91.868	259.524
74.256	91.891	259.492
74.272	91.930	259.458
74.317	92.006	259.462
74.332	92.089	259.460
74.336	92.204	259.468
74.328	92.343	259.476
74.321	92.500	259.475
74.317	92.669	259.449
74.326	92.881	259.436
74.340	93.121	259.424
74.362	93.375	259.408
74.353	93.608	259.392
74.355	93.874	259.371
74.363	94.188	259.314
74.362	94.490	259.332
74.350	94.802	259.308
74.349	95.095	259.296
74.343	95.363	259.290
74.339	95.566	259.283
74.338	95.719	259.286
74.337	95.806	259.281
74.345	95.816	259.278
74.352	95.750	259.291
74.359	95.578	259.273
74.369	95.372	259.297
74.369	95.084	259.282
74.360	94.728	259.288
74.357	94.327	259.293
74.357	93.928	259.280
74.343	93.496	259.287
74.436	93.264	259.432
74.421	92.852	259.438
74.402	92.485	259.452
74.396	92.123	259.455
74.375	91.837	259.481
74.348	91.558	259.491
74.326	91.350	259.502
74.307	91.215	259.514
74.287	91.131	259.523
74.275	91.107	259.527
74.253	91.118	259.530
74.232	91.152	259.522
74.250	91.199	259.515
74.275	91.268	259.515
74.297	91.364	259.509
74.321	91.520	259.508
74.329	91.756	259.500
74.332	92.059	259.474
74.345	92.500	259.482
74.344	93.011	259.463
74.332	93.589	259.430
74.336	94.281	259.364
74.333	95.103	259.336
74.330	96.037	259.349
74.240	96.548	259.045
74.211	96.455	258.841
74.258	96.455	259.229
74.324	96.490	259.673
74.331	96.505	259.741
74.311	96.298	259.431
74.304	96.097	259.226
74.293	95.892	259.103
74.310	95.648	259.089
74.338	95.345	259.146
74.366	94.971	259.185
74.373	94.553	259.216
74.381	94.109	259.241
74.374	93.708	259.309
74.433	93.544	259.513
74.411	93.205	259.515
74.404	92.856	259.514
74.418	92.528	259.484
74.395	92.247	259.441
74.382	92.071	259.430
74.363	91.960	259.442
74.358	91.858	259.477
74.351	91.809	259.509
74.328	91.814	259.548
74.299	91.831	259.543
74.276	91.847	259.515
74.243	91.882	259.512
74.259	91.918	259.479
74.275	91.963	259.463
74.321	92.042	259.458
74.328	92.123	259.471
74.334	92.258	259.475
74.324	92.404	259.478
74.319	92.573	259.467
74.319	92.774	259.442
74.325	93.019	259.425
74.349	93.267	259.407
74.346	93.516	259.407
74.352	93.766	259.344
74.355	94.095	259.317
74.354	94.407	259.326
74.352	94.741	259.306
74.349	95.044	259.301
74.340	95.343	259.284
74.341	95.580	259.290
74.335	95.769	259.282
74.339	95.887	259.278
74.336	95.924	259.277
74.350	95.895	259.280
74.352	95.767	259.282
74.360	95.559	259.294
74.372	95.301	259.293
74.370	94.951	259.279
74.363	94.565	259.289
74.358	94.155	259.287
74.360	93.709	259.273
74.438	93.446	259.423
74.427	93.050	259.437
74.418	92.648	259.437
74.404	92.300	259.450
74.383	91.967	259.465
74.365	91.698	259.487
74.349	91.467	259.501
74.329	91.317	259.501
74.314	91.230	259.508
74.301	91.236	259.522
74.276	91.237	259.514
74.254	91.248	259.516
74.234	91.272	259.528
74.235	91.273	259.522
74.270	91.303	259.513
74.300	91.375	259.511
74.318	91.490	259.504
74.321	91.675	259.503
74.334	91.939	259.487
74.336	92.312	259.484
74.341	92.773	259.466
74.352	93.374	259.438
74.346	94.016	259.380
74.341	94.786	259.344
74.350	95.675	259.340
74.314	96.567	259.359
74.211	96.470	258.847
74.246	96.432	259.031
74.305	96.432	259.536
74.341	96.455	259.763
74.336	96.416	259.641
74.305	96.265	259.326
74.295	96.120	259.113
74.297	95.918	259.018
74.329	95.678	259.109
74.357	95.349	259.212
74.377	94.963	259.251
74.392	94.535	259.268
74.376	94.114	259.297
74.367	93.744	259.351
74.417	93.596	259.516
74.419	93.240	259.513
74.418	92.868	259.488
74.413	92.544	259.453
74.395	92.292	259.429
74.376	92.112	259.443
74.368	91.981	259.472
74.355	91.838	259.504
74.343	91.809	259.534
74.317	91.829	259.539
74.289	91.849	259.519
74.254	91.883	259.521
74.256	91.902	259.507
74.267	91.921	259.462
74.303	91.992	259.453
74.331	92.069	259.465
74.337	92.157	259.466
74.320	92.262	259.479
74.318	92.378	259.478
74.320	92.530	259.467
74.325	92.688	259.437
74.335	92.876	259.419
74.353	93.115	259.428
74.377	93.363	259.414
74.390	93.643	259.414
74.380	93.859	259.404
74.380	94.160	259.369
74.366	94.434	259.334
74.355	94.743	259.318
74.355	95.025	259.306
74.345	95.282	259.298
74.353	95.492	259.303
74.344	95.669	259.285
74.335	95.763	259.299
74.336	95.776	259.285
74.351	95.730	259.302
74.356	95.582	259.292
74.364	95.377	259.283
74.358	95.087	259.290
74.348	94.752	259.288
74.357	94.376	259.298
74.351	93.968	259.272
74.346	93.559	259.282
74.440	93.314	259.424
74.424	92.907	259.435
74.404	92.537	259.442
74.388	92.184	259.454
74.366	91.874	259.481
74.349	91.624	259.488
74.331	91.422	259.494
74.312	91.317	259.492
74.284	91.271	259.515
74.269	91.287	259.519
74.250	91.309	259.518
74.250	91.325	259.512
74.265	91.350	259.506
74.291	91.389	259.509
74.318	91.443	259.509
74.326	91.527	259.506
74.323	91.669	259.496
74.315	91.868	259.498
74.327	92.145	259.479
74.334	92.543	259.473
74.352	93.031	259.449
74.367	93.636	259.435
74.367	94.266	259.383
74.359	95.027	259.336
74.347	95.891	259.341
74.277	96.582	259.264
74.208	96.440	258.875
74.247	96.419	259.180
74.312	96.392	259.612
74.331	96.372	259.750
74.331	96.301	259.593
74.311	96.168	259.299
74.310	96.044	259.092
74.314	95.872	259.042
74.351	95.628	259.140
74.378	95.318	259.236
74.391	94.915	259.252
74.391	94.518	259.297
74.370	94.115	259.322
74.349	93.762	259.362
74.425	93.612	259.519
74.412	93.239	259.507
74.410	92.885	259.471
74.403	92.565	259.436
74.376	92.318	259.417
74.359	92.129	259.438
74.350	91.978	259.478
74.336	91.834	259.518
74.315	91.773	259.532
74.258	91.803	259.534
74.261	91.864	259.517
74.275	91.879	259.492
74.302	91.906	259.467
74.314	91.927	259.459
74.332	91.975	259.468
74.331	92.023	259.479
74.320	92.082	259.480
74.311	92.155	259.485
74.318	92.262	259.478
74.322	92.394	259.457
74.333	92.549	259.446
74.359	92.761	259.435
74.370	93.033	259.434
74.391	93.313	259.425
74.366	93.574	259.426
74.368	93.887	259.370
74.356	94.235	259.369
74.345	94.611	259.346
74.350	94.977	259.317
74.333	95.343	259.312
74.341	95.663	259.305
74.339	95.940	259.308
74.339	96.139	259.295
74.331	96.254	259.298
74.337	96.288	259.313
74.344	96.224	259.332
74.346	96.050	259.322
74.343	95.830	259.313
74.361	95.495	259.286
74.361	95.118	259.287
74.359	94.681	259.261
74.361	94.223	259.258
74.363	93.745	259.250
74.450	93.448	259.414
74.417	92.975	259.432
74.396	92.567	259.447
74.369	92.175	259.458
74.346	91.832	259.480
74.322	91.536	259.498
74.302	91.325	259.509
74.277	91.192	259.509
74.243	91.137	259.525
74.249	91.135	259.521
74.275	91.154	259.523
74.294	91.190	259.521
74.310	91.230	259.518
74.316	91.272	259.518
74.312	91.333	259.514
74.314	91.438	259.508
74.312	91.615	259.511
74.311	91.835	259.509
74.334	92.161	259.489
74.352	92.608	259.479
74.362	93.187	259.448
74.358	93.811	259.413
74.349	94.588	259.345
74.351	95.472	259.340
74.327	96.454	259.395
74.186	96.443	258.874
74.210	96.411	258.972
74.281	96.443	259.518
74.311	96.481	259.790
74.308	96.383	259.624
74.307	96.181	259.314
74.301	95.989	259.137
74.317	95.789	259.055
74.338	95.519	259.109
74.360	95.204	259.193
74.373	94.803	259.212
74.381	94.364	259.214
74.368	93.942	259.284
74.347	93.593	259.354
74.418	93.439	259.513
74.417	93.132	259.525
74.415	92.775	259.488
74.402	92.483	259.455
74.370	92.244	259.434
74.348	92.079	259.442
74.336	91.963	259.459
74.327	91.875	259.500
74.291	91.844	259.537
74.255	91.856	259.543
74.276	91.900	259.513
74.306	91.925	259.493
74.321	91.946	259.470
74.338	91.973	259.463
74.333	91.997	259.454
74.319	92.046	259.469
74.313	92.132	259.480
74.307	92.217	259.481
74.324	92.360	259.484
74.335	92.500	259.466
74.342	92.671	259.436
74.356	92.906	259.426
74.379	93.182	259.419
74.385	93.466	259.420
74.364	93.692	259.416
74.358	93.990	259.385
74.355	94.296	259.366
74.339	94.618	259.342
74.339	94.928	259.317
74.339	95.233	259.327
74.341	95.465	259.309
74.346	95.664	259.302
74.344	95.799	259.291
74.346	95.845	259.287
74.345	95.834	259.293
74.347	95.729	259.288
74.350	95.533	259.283
74.351	95.286	259.278
74.355	94.954	259.277
74.356	94.588	259.275
74.360	94.183	259.264
74.356	93.760	259.271
74.441	93.521	259.425
74.429	93.108	259.429
74.402	92.699	259.436
74.379	92.346	259.445
74.351	91.994	259.462
74.330	91.714	259.487
74.315	91.478	259.498
74.301	91.329	259.497
74.265	91.251	259.517
74.254	91.249	259.526
74.261	91.246	259.516
74.284	91.276	259.513
74.306	91.310	259.499
74.319	91.350	259.511
74.318	91.380	259.507
74.317	91.472	259.506
74.313	91.593	259.509
74.316	91.780	259.500
74.327	92.035	259.482
74.344	92.414	259.474
74.359	92.890	259.456
74.353	93.426	259.435
74.352	94.091	259.352
74.350	94.868	259.335
74.341	95.757	259.342
74.275	96.547	259.301
74.178	96.400	258.834
74.224	96.383	259.118
74.293	96.370	259.592
74.317	96.387	259.766
74.317	96.342	259.619
74.310	96.215	259.307
74.313	96.094	259.088
74.323	95.896	259.012
74.349	95.668	259.134
74.369	95.356	259.236
74.382	94.954	259.261
74.386	94.545	259.269
74.367	94.156	259.313
74.354	93.798	259.356
74.424	93.660	259.518
74.410	93.291	259.500
74.415	92.935	259.470
74.404	92.598	259.440
74.375	92.343	259.419
74.348	92.149	259.434
74.330	91.983	259.472
74.313	91.829	259.508
74.269	91.762	259.536
74.263	91.767	259.526
74.271	91.785	259.504
74.319	91.837	259.488
74.330	91.844	259.483
74.333	91.855	259.470
74.326	91.884	259.465
74.311	91.914	259.482
74.313	91.971	259.498
74.315	92.028	259.486
74.322	92.123	259.474
74.329	92.254	259.461
74.343	92.427	259.449
74.357	92.640	259.436
74.370	92.918	259.444
74.376	93.237	259.429
74.360	93.521	259.434
74.351	93.871	259.383
74.344	94.271	259.352
74.331	94.697	259.352
74.331	95.128	259.327
74.337	95.534	259.316
74.332	95.920	259.327
74.330	96.242	259.330
74.308	96.398	259.264
74.300	96.320	259.210
74.321	96.165	259.279
74.345	95.951	259.404
74.362	95.650	259.433
74.354	95.305	259.338
74.359	94.869	259.251
74.355	94.427	259.201
74.360	93.960	259.211
74.358	93.476	259.215
74.442	93.180	259.390
74.421	92.716	259.411
74.387	92.335	259.454
74.357	91.946	259.488
74.345	91.607	259.515
74.319	91.352	259.519
74.294	91.222	259.510
74.272	91.124	259.503
74.246	91.102	259.526
74.246	91.102	259.526
74.263	91.128	259.526
74.296	91.192	259.548
74.318	91.235	259.538
74.322	91.319	259.511
74.325	91.443	259.506
74.315	91.649	259.503
74.315	91.915	259.494
74.320	92.307	259.483
74.349	92.815	259.483
74.359	93.440	259.454
74.359	94.124	259.409
74.353	94.918	259.344
74.343	95.870	259.342
74.257	96.570	259.198
74.185	96.426	258.814
74.239	96.419	259.196
74.304	96.438	259.649
74.324	96.472	259.779
74.310	96.347	259.527
74.298	96.156	259.238
74.299	95.981	259.077
74.311	95.771	259.052
74.357	95.499	259.146
74.376	95.164	259.218
74.384	94.764	259.228
74.388	94.323	259.241
74.370	93.921	259.314
74.345	93.572	259.362
74.421	93.405	259.517
74.410	93.074	259.509
74.421	92.707	259.475
74.406	92.402	259.442
74.376	92.158	259.423
74.363	92.005	259.440
74.353	91.850	259.481
74.337	91.747	259.517
74.318	91.743	259.547
74.281	91.764	259.534
74.250	91.786	259.527
74.258	91.803	259.511
74.285	91.829	259.477
74.305	91.872	259.465
74.332	91.932	259.467
74.332	91.992	259.468
74.324	92.087	259.481
74.320	92.212	259.483
74.316	92.369	259.473
74.326	92.552	259.456
74.328	92.765	259.431
74.360	93.066	259.432
74.372	93.357	259.416
74.361	93.633	259.428
74.361	93.973	259.357
74.363	94.328	259.341
74.354	94.719	259.327
74.349	95.109	259.316
74.348	95.481	259.313
74.335	95.815	259.306
74.339	96.078	259.308
74.324	96.275	259.310
74.321	96.365	259.273
74.327	96.325	259.287
74.343	96.182	259.326
74.358	95.970	259.354
74.364	95.665	259.356
74.368	95.301	259.310
74.360	94.852	259.276
74.365	94.399	259.246
74.353	93.938	259.266
74.351	93.436	259.268
74.437	93.122	259.419
74.423	92.669	259.445
74.392	92.244	259.461
74.372	91.867	259.488
74.363	91.528	259.500
74.332	91.279	259.510
74.310	91.135	259.511
74.299	91.067	259.511
74.276	91.061	259.519
74.240	91.080	259.543
74.232	91.102	259.536
74.250	91.157	259.540
74.276	91.191	259.528
74.295	91.254	259.517
74.320	91.370	259.516
74.320	91.543	259.503
74.317	91.797	259.510
74.320	92.145	259.492
74.339	92.627	259.479
74.346	93.221	259.443
74.341	93.894	259.415
74.341	94.706	259.347
74.346	95.643	259.329
74.300	96.570	259.350
74.188	96.451	258.793
74.240	96.443	259.057
74.303	96.492	259.590
74.321	96.525	259.784
74.313	96.373	259.533
74.306	96.142	259.274
74.308	95.941	259.145
74.308	95.711	259.071
74.332	95.425	259.109
74.363	95.088	259.166
74.366	94.678	259.207
74.378	94.234	259.232
74.378	93.819	259.286
74.436	93.660	259.502
74.420	93.324	259.514
74.407	93.015	259.523
74.415	92.667	259.495
74.409	92.393	259.462
74.392	92.163	259.429
74.370	92.019	259.437
74.361	91.917	259.463
74.349	91.815	259.495
74.335	91.815	259.532
74.308	91.838	259.544
74.283	91.864	259.528
74.248	91.884	259.521
74.258	91.902	259.485
74.279	91.945	259.467
74.320	92.020	259.466
74.334	92.102	259.470
74.327	92.192	259.475
74.325	92.326	259.487
74.322	92.474	259.479
74.328	92.658	259.453
74.326	92.882	259.433
74.343	93.131	259.423
74.368	93.418	259.406
74.366	93.642	259.379
74.363	93.940	259.355
74.357	94.254	259.317
74.354	94.573	259.333
74.357	94.894	259.308
74.343	95.220	259.309
74.345	95.484	259.294
74.335	95.706	259.288
74.335	95.873	259.299
74.342	95.951	259.280
74.342	95.950	259.277
74.354	95.871	259.289
74.356	95.700	259.298
74.368	95.463	259.304
74.374	95.160	259.286
74.368	94.784	259.288
74.364	94.365	259.287
74.363	93.947	259.285
74.351	93.498	259.278
74.439	93.247	259.430
74.424	92.817	259.439
74.407	92.440	259.451
74.397	92.076	259.459
74.368	91.771	259.487
74.355	91.514	259.494
74.326	91.349	259.499
74.320	91.262	259.500
74.299	91.244	259.515
74.279	91.248	259.516
74.257	91.260	259.522
74.234	91.269	259.521
74.242	91.292	259.527
74.275	91.325	259.518
74.293	91.379	259.513
74.329	91.490	259.504
74.322	91.647	259.499
74.325	91.878	259.500
74.329	92.201	259.486
74.343	92.643	259.465
74.351	93.186	259.439
74.345	93.783	259.421
74.345	94.531	259.353
74.347	95.374	259.330
74.338	96.311	259.375
74.220	96.494	258.940
74.223	96.428	258.903
74.289	96.428	259.385
74.324	96.447	259.724
74.334	96.447	259.707
74.318	96.303	259.414
74.298	96.151	259.163
74.302	95.966	259.022
74.314	95.728	259.084
74.359	95.449	259.186
74.376	95.076	259.244
74.387	94.655	259.260
74.387	94.224	259.280
74.376	93.850	259.332
74.335	93.508	259.365
74.421	93.338	259.511
74.405	92.985	259.491
74.414	92.629	259.464
74.393	92.362	259.430
74.374	92.148	259.424
74.355	91.985	259.454
74.352	91.829	259.498
74.334	91.734	259.517
74.316	91.748	259.545
74.284	91.777	259.527
74.251	91.806	259.522
74.255	91.818	259.506
74.272	91.853	259.477
74.300	91.893	259.455
74.320	91.955	259.463
74.332	92.041	259.477
74.317	92.137	259.481
74.321	92.276	259.482
74.317	92.453	259.467
74.322	92.630	259.440
74.335	92.894	259.433
74.361	93.178	259.415
74.354	93.430	259.418
74.348	93.731	259.361
74.353	94.087	259.345
74.357	94.447	259.319
74.352	94.842	259.305
74.343	95.227	259.305
74.337	95.565	259.292
74.332	95.889	259.294
