NO_OF_FRAMES	5000
NO_OF_DATA_TYPES	3
FREQUENCY	500
TIME_STAMP	2026-06-05, 13:31:11
DATA_INCLUDED	Position
DATA_TYPES	Unidentified [1087999]_pos_X	Unidentified [1087999]_pos_Y	Unidentified [1087999]_pos_Z


40.097	93.747	261.025
40.102	93.635	261.034
40.091	93.515	261.041
40.122	93.516	261.090
40.063	93.280	261.060
40.056	93.177	261.075
40.045	93.081	261.081
40.036	93.009	261.095
40.018	92.952	261.107
40.015	92.912	261.104
40.009	92.897	261.106
40.001	92.887	261.105
39.998	92.902	261.111
39.998	92.938	261.102
39.996	92.984	261.098
39.984	93.047	261.090
39.987	93.125	261.082
39.981	93.209	261.077
39.981	93.300	261.070
39.988	93.399	261.067
40.000	93.483	261.055
40.014	93.561	261.043
40.036	93.638	261.043
40.057	93.714	261.033
40.081	93.789	261.026
40.103	93.845	261.022
40.127	93.899	261.017
40.144	93.947	261.012
40.158	93.988	261.016
40.168	94.018	260.999
40.174	94.043	261.006
40.156	94.068	261.002
40.146	94.102	261.008
40.173	94.123	261.004
40.202	94.127	261.004
40.224	94.119	261.004
40.220	94.103	260.997
40.200	94.070	261.005
40.172	94.021	261.011
40.142	93.965	261.015
40.126	93.893	261.014
40.107	93.802	261.017
40.094	93.712	261.025
40.078	93.614	261.028
40.066	93.528	261.041
40.055	93.430	261.033
40.049	93.340	261.044
40.045	93.251	261.050
40.037	93.170	261.050
40.024	93.117	261.062
40.016	93.072	261.070
40.001	93.046	261.080
39.987	93.039	261.079
39.982	93.044	261.089
39.986	93.072	261.101
39.988	93.103	261.093
39.981	93.152	261.099
39.987	93.207	261.096
39.986	93.267	261.090
39.984	93.349	261.092
39.983	93.402	261.088
39.994	93.466	261.082
40.020	93.528	261.084
40.068	93.591	261.073
40.130	93.647	261.066
40.212	93.698	261.061
40.309	93.765	261.063
40.323	93.815	261.057
40.289	93.870	261.040
40.257	93.908	261.035
40.248	93.959	261.025
40.251	94.006	261.024
40.233	94.044	261.005
40.206	94.090	260.994
40.178	94.110	260.989
40.128	94.131	260.986
40.098	94.145	260.982
40.098	94.140	260.996
40.112	94.122	261.007
40.106	94.087	261.008
40.082	94.036	261.013
40.066	93.974	261.009
40.050	93.894	261.017
40.049	93.800	261.019
40.049	93.710	261.028
40.034	93.610	261.030
40.027	93.512	261.041
40.032	93.426	261.051
40.050	93.343	261.053
40.039	93.255	261.061
40.027	93.184	261.064
40.029	93.123	261.069
40.021	93.083	261.075
40.004	93.056	261.080
40.000	93.053	261.084
39.994	93.049	261.089
39.990	93.075	261.089
39.990	93.101	261.089
39.992	93.148	261.091
39.998	93.198	261.091
40.004	93.260	261.077
40.007	93.328	261.080
40.016	93.401	261.073
40.020	93.469	261.066
40.034	93.535	261.067
40.053	93.600	261.062
40.080	93.657	261.056
40.110	93.715	261.053
40.135	93.768	261.044
40.162	93.809	261.042
40.184	93.847	261.036
40.204	93.881	261.023
40.212	93.908	261.032
40.203	93.928	261.024
40.192	93.932	261.024
40.171	93.942	261.018
40.142	93.937	261.019
40.101	93.928	261.007
40.028	93.924	261.014
40.015	93.927	261.015
40.025	93.902	261.011
40.062	93.870	261.018
40.079	93.834	261.014
40.070	93.778	261.013
40.050	93.731	261.006
40.027	93.677	261.008
40.006	93.620	261.014
39.997	93.553	261.016
40.006	93.512	261.029
40.012	93.454	261.030
40.019	93.409	261.038
40.024	93.366	261.042
40.021	93.323	261.043
40.015	93.298	261.050
40.003	93.277	261.052
40.000	93.267	261.067
39.995	93.261	261.069
39.986	93.268	261.075
39.981	93.282	261.084
39.983	93.292	261.078
39.990	93.308	261.082
40.003	93.340	261.084
40.022	93.362	261.076
40.049	93.388	261.075
40.092	93.417	261.075
40.144	93.444	261.059
40.213	93.475	261.055
40.285	93.522	261.062
40.337	93.576	261.048
40.295	93.640	261.046
40.279	93.699	261.039
40.259	93.748	261.041
40.260	93.804	261.043
40.260	93.858	261.027
40.247	93.908	261.013
40.224	93.940	261.005
40.201	93.964	260.992
40.172	93.968	261.000
40.132	93.963	261.001
40.086	93.939	261.010
40.030	93.914	261.023
39.962	93.878	261.025
39.926	93.839	261.026
39.949	93.790	261.029
40.000	93.740	261.022
40.025	93.676	261.032
40.030	93.611	261.032
40.027	93.557	261.028
40.013	93.497	261.034
39.997	93.437	261.038
39.986	93.378	261.040
39.986	93.331	261.044
39.997	93.292	261.051
39.996	93.254	261.056
40.001	93.239	261.051
40.013	93.223	261.061
40.014	93.225	261.054
40.008	93.229	261.052
40.012	93.253	261.063
40.013	93.274	261.054
40.009	93.307	261.057
40.018	93.349	261.061
40.038	93.388	261.058
40.068	93.427	261.059
40.111	93.474	261.056
40.156	93.522	261.051
40.203	93.569	261.053
40.253	93.623	261.052
40.294	93.683	261.056
40.323	93.744	261.059
40.330	93.796	261.050
40.306	93.851	261.045
40.286	93.903	261.043
40.263	93.942	261.048
40.251	93.972	261.041
40.223	93.983	261.043
40.192	93.990	261.034
40.158	93.971	261.034
40.121	93.932	261.034
40.086	93.885	261.037
40.051	93.821	261.032
39.998	93.758	261.038
39.961	93.684	261.033
39.901	93.619	261.035
39.905	93.547	261.040
39.924	93.496	261.035
39.948	93.447	261.040
39.984	93.408	261.040
40.002	93.372	261.032
39.983	93.338	261.029
39.964	93.322	261.033
39.960	93.316	261.042
39.956	93.319	261.048
39.953	93.334	261.051
39.968	93.349	261.057
39.981	93.383	261.060
39.986	93.404	261.063
39.999	93.436	261.059
40.029	93.471	261.054
40.078	93.504	261.061
40.155	93.538	261.056
40.269	93.582	261.055
40.354	93.644	261.060
40.301	93.692	261.050
40.262	93.733	261.049
40.245	93.768	261.057
40.280	93.817	261.066
40.295	93.856	261.053
40.305	93.895	261.030
40.303	93.923	261.012
40.295	93.945	261.009
40.268	93.940	261.015
40.244	93.931	261.030
40.212	93.908	261.046
40.174	93.876	261.045
40.121	93.831	261.045
40.076	93.764	261.051
40.060	93.691	261.053
40.051	93.621	261.052
40.037	93.549	261.056
40.023	93.473	261.054
39.994	93.387	261.059
39.957	93.319	261.055
39.935	93.260	261.060
39.901	93.212	261.061
39.880	93.202	261.059
39.898	93.190	261.060
39.933	93.208	261.058
39.969	93.233	261.055
39.982	93.263	261.045
39.978	93.314	261.041
39.970	93.360	261.031
39.963	93.418	261.039
39.960	93.466	261.035
39.970	93.517	261.031
39.981	93.574	261.028
40.000	93.622	261.031
40.010	93.666	261.029
40.028	93.704	261.033
40.047	93.736	261.026
40.062	93.752	261.033
40.095	93.764	261.036
40.126	93.771	261.035
40.166	93.766	261.045
40.214	93.755	261.047
40.262	93.756	261.053
40.311	93.748	261.051
40.348	93.742	261.050
40.342	93.745	261.044
40.314	93.730	261.043
40.294	93.729	261.050
40.273	93.715	261.054
40.253	93.702	261.047
40.224	93.690	261.040
40.192	93.667	261.039
40.159	93.641	261.039
40.129	93.612	261.041
40.102	93.570	261.041
40.069	93.508	261.040
40.030	93.466	261.045
40.008	93.429	261.041
39.996	93.378	261.042
39.978	93.342	261.046
39.962	93.308	261.044
39.941	93.290	261.044
39.924	93.286	261.047
39.885	93.309	261.058
39.896	93.327	261.056
39.920	93.361	261.053
39.951	93.395	261.056
39.969	93.431	261.059
39.972	93.469	261.047
39.975	93.503	261.049
39.974	93.547	261.041
39.979	93.579	261.047
39.994	93.595	261.036
40.035	93.619	261.046
40.097	93.636	261.045
40.197	93.664	261.051
40.327	93.692	261.043
40.361	93.719	261.029
40.320	93.740	261.029
40.296	93.762	261.036
40.306	93.787	261.044
40.300	93.816	261.038
40.283	93.837	261.031
40.266	93.864	261.017
40.266	93.864	261.011
40.254	93.866	261.011
40.244	93.868	261.012
40.219	93.852	261.021
40.193	93.823	261.024
40.156	93.782	261.042
40.114	93.739	261.035
40.071	93.675	261.045
40.053	93.619	261.060
40.049	93.561	261.064
40.051	93.500	261.066
40.038	93.423	261.067
40.025	93.356	261.070
40.010	93.291	261.067
39.992	93.224	261.072
39.976	93.177	261.077
39.949	93.138	261.081
39.929	93.128	261.071
39.888	93.136	261.071
39.865	93.175	261.071
39.877	93.215	261.064
39.906	93.266	261.059
39.942	93.328	261.057
39.959	93.395	261.045
39.962	93.461	261.038
39.957	93.528	261.029
39.964	93.591	261.021
39.973	93.647	261.013
39.993	93.709	261.013
40.016	93.757	261.010
40.054	93.803	261.015
40.095	93.831	261.017
40.142	93.863	261.015
40.177	93.871	261.026
40.224	93.885	261.028
40.265	93.889	261.031
40.301	93.893	261.040
40.329	93.893	261.036
40.338	93.885	261.045
40.334	93.891	261.048
40.311	93.874	261.048
40.294	93.857	261.056
40.276	93.837	261.063
40.246	93.806	261.058
40.213	93.760	261.051
40.180	93.709	261.060
40.141	93.659	261.055
40.111	93.593	261.056
40.083	93.526	261.062
40.050	93.446	261.060
40.026	93.374	261.063
40.014	93.303	261.058
40.011	93.243	261.061
40.004	93.189	261.060
39.991	93.147	261.055
39.985	93.134	261.055
39.969	93.126	261.051
39.945	93.134	261.053
39.919	93.173	261.064
39.905	93.218	261.059
39.860	93.297	261.070
39.874	93.368	261.064
39.901	93.442	261.057
39.933	93.521	261.059
39.967	93.604	261.054
39.986	93.677	261.052
40.008	93.739	261.043
40.057	93.794	261.045
40.143	93.834	261.043
40.257	93.874	261.038
40.330	93.916	261.033
40.296	93.942	261.023
40.270	93.964	261.019
40.275	93.977	261.033
40.302	93.986	261.036
40.317	93.989	261.035
40.313	93.988	261.015
40.308	93.977	260.997
40.288	93.955	260.997
40.253	93.917	261.011
40.227	93.868	261.026
40.194	93.817	261.039
40.157	93.749	261.045
40.115	93.679	261.052
40.080	93.613	261.056
40.073	93.535	261.063
40.077	93.457	261.071
40.078	93.376	261.069
40.073	93.298	261.072
40.048	93.224	261.068
40.031	93.160	261.076
40.029	93.114	261.077
40.020	93.077	261.082
40.007	93.054	261.082
39.982	93.051	261.079
39.973	93.059	261.077
39.956	93.089	261.067
39.937	93.143	261.072
39.912	93.207	261.059
39.874	93.291	261.065
39.886	93.378	261.053
39.911	93.466	261.046
39.949	93.559	261.037
39.975	93.646	261.025
39.990	93.727	261.028
39.986	93.802	261.008
39.996	93.878	261.011
40.006	93.916	261.009
40.023	93.953	261.021
40.052	93.963	261.008
40.096	93.977	261.013
40.127	93.967	261.015
40.158	93.939	261.020
40.185	93.906	261.020
40.215	93.874	261.021
40.239	93.825	261.031
40.258	93.792	261.036
40.265	93.744	261.042
40.267	93.694	261.038
40.270	93.658	261.050
40.260	93.613	261.051
40.250	93.577	261.051
40.236	93.526	261.055
40.215	93.494	261.049
40.188	93.457	261.052
40.161	93.427	261.057
40.126	93.398	261.055
40.097	93.363	261.057
40.075	93.334	261.062
40.053	93.311	261.065
40.032	93.290	261.059
40.019	93.278	261.055
40.014	93.273	261.052
40.005	93.261	261.056
39.996	93.280	261.054
39.984	93.296	261.051
39.964	93.321	261.053
39.943	93.361	261.052
39.919	93.396	261.056
39.899	93.439	261.051
39.861	93.491	261.053
39.872	93.551	261.044
39.906	93.614	261.047
39.940	93.668	261.047
39.965	93.713	261.044
39.979	93.753	261.040
39.987	93.779	261.032
40.009	93.795	261.029
40.037	93.794	261.034
40.106	93.797	261.036
40.202	93.798	261.034
40.321	93.804	261.038
40.328	93.802	261.024
40.301	93.801	261.028
40.287	93.795	261.033
40.311	93.808	261.041
40.321	93.814	261.038
40.308	93.818	261.018
40.293	93.820	261.019
40.272	93.816	261.008
40.255	93.816	261.016
40.228	93.805	261.018
40.194	93.789	261.027
40.171	93.750	261.043
40.139	93.722	261.052
40.096	93.675	261.055
40.067	93.626	261.056
40.062	93.576	261.064
40.056	93.522	261.073
40.052	93.456	261.073
40.032	93.401	261.076
40.023	93.339	261.078
40.015	93.284	261.081
40.009	93.229	261.086
39.992	93.185	261.089
39.970	93.161	261.091
39.956	93.145	261.080
39.937	93.144	261.076
39.911	93.161	261.075
39.885	93.198	261.078
39.857	93.254	261.074
39.869	93.316	261.061
39.900	93.385	261.058
39.935	93.460	261.045
39.964	93.528	261.040
39.975	93.600	261.030
39.983	93.668	261.016
39.996	93.734	261.013
40.014	93.791	261.007
40.057	93.835	261.016
40.108	93.874	261.016
40.161	93.903	261.015
40.224	93.924	261.014
40.284	93.948	261.025
40.327	93.958	261.030
40.360	93.973	261.024
40.340	93.991	261.030
40.314	93.981	261.029
40.288	93.972	261.046
40.273	93.955	261.056
40.255	93.928	261.050
40.226	93.883	261.049
40.205	93.838	261.046
40.177	93.766	261.051
40.156	93.701	261.063
40.125	93.621	261.062
40.098	93.539	261.068
40.061	93.448	261.064
40.036	93.358	261.069
40.030	93.279	261.075
40.029	93.198	261.074
40.019	93.139	261.073
40.019	93.090	261.076
40.016	93.059	261.079
40.005	93.038	261.080
39.982	93.043	261.082
39.965	93.061	261.073
39.947	93.107	261.076
39.918	93.159	261.071
39.904	93.235	261.064
39.892	93.314	261.067
39.870	93.398	261.068
39.890	93.494	261.062
39.925	93.587	261.046
39.976	93.677	261.046
40.036	93.768	261.041
40.104	93.841	261.036
40.180	93.914	261.027
40.283	93.973	261.021
40.318	94.032	261.013
40.283	94.078	261.012
40.268	94.108	261.010
40.285	94.126	261.026
40.319	94.143	261.020
40.323	94.147	261.009
40.321	94.136	261.005
40.310	94.109	260.996
40.290	94.068	260.997
40.263	94.011	261.001
40.241	93.958	261.019
40.201	93.878	261.030
40.159	93.789	261.039
40.111	93.698	261.050
40.079	93.601	261.048
40.070	93.513	261.062
40.067	93.410	261.068
40.075	93.318	261.074
40.056	93.224	261.071
40.040	93.140	261.077
40.030	93.077	261.079
40.025	93.024	261.089
40.011	92.991	261.087
39.994	92.972	261.089
39.988	92.973	261.092
39.976	92.989	261.092
39.958	93.023	261.086
39.949	93.080	261.078
39.934	93.148	261.068
39.916	93.230	261.073
39.899	93.328	261.064
39.881	93.421	261.057
39.873	93.524	261.046
39.890	93.632	261.038
39.923	93.739	261.030
39.965	93.827	261.030
39.999	93.907	261.027
40.031	93.979	261.012
40.065	94.022	261.008
40.103	94.067	261.003
40.154	94.085	261.007
40.218	94.087	261.011
40.281	94.092	261.013
40.335	94.086	261.009
40.334	94.086	261.013
40.310	94.059	261.013
40.286	94.023	261.019
40.276	93.985	261.028
40.267	93.940	261.027
40.246	93.888	261.030
40.214	93.826	261.026
40.178	93.752	261.026
40.149	93.684	261.036
40.124	93.605	261.048
40.103	93.528	261.058
40.070	93.431	261.065
40.044	93.351	261.069
40.037	93.269	261.074
40.038	93.196	261.080
40.031	93.141	261.077
40.021	93.092	261.082
40.024	93.060	261.087
40.015	93.040	261.086
40.000	93.043	261.091
39.984	93.054	261.090
39.977	93.085	261.086
39.964	93.134	261.084
39.943	93.194	261.082
39.929	93.261	261.079
39.920	93.342	261.075
39.905	93.419	261.069
39.884	93.498	261.057
39.883	93.598	261.057
39.927	93.693	261.044
39.993	93.780	261.041
40.078	93.859	261.033
40.169	93.929	261.025
40.275	94.007	261.020
40.314	94.065	261.012
40.274	94.116	261.003
40.255	94.158	261.002
40.259	94.181	261.007
40.294	94.201	261.016
40.321	94.209	261.013
40.322	94.211	261.002
40.327	94.189	260.989
40.310	94.152	260.999
40.292	94.105	261.007
40.264	94.039	261.015
40.232	93.959	261.033
40.192	93.870	261.044
40.138	93.783	261.052
40.094	93.672	261.064
40.081	93.569	261.071
40.077	93.462	261.080
40.082	93.352	261.080
40.079	93.249	261.082
40.058	93.155	261.087
40.040	93.077	261.086
40.034	93.005	261.093
40.023	92.965	261.094
40.006	92.932	261.091
39.996	92.930	261.091
39.997	92.941	261.092
39.987	92.964	261.090
39.975	93.014	261.077
39.967	93.092	261.088
39.960	93.177	261.075
39.942	93.267	261.071
39.924	93.366	261.070
39.926	93.471	261.057
39.917	93.563	261.045
39.908	93.669	261.046
39.886	93.789	261.047
39.919	93.886	261.042
39.963	93.969	261.036
40.021	94.040	261.040
40.081	94.088	261.031
40.134	94.128	261.024
40.184	94.155	261.018
40.241	94.160	261.014
40.298	94.157	261.015
40.330	94.152	261.008
40.312	94.134	261.009
40.291	94.103	261.009
40.284	94.058	261.017
40.282	94.011	261.024
40.272	93.953	261.017
40.250	93.894	261.015
40.222	93.819	261.017
40.183	93.740	261.021
40.158	93.664	261.027
40.126	93.590	261.043
40.095	93.500	261.052
40.059	93.408	261.061
40.031	93.327	261.074
40.031	93.245	261.078
40.045	93.185	261.077
40.045	93.127	261.079
40.038	93.076	261.081
40.029	93.055	261.087
40.028	93.045	261.095
40.010	93.044	261.090
39.992	93.063	261.092
39.988	93.096	261.095
39.978	93.135	261.088
39.966	93.193	261.089
39.956	93.252	261.083
39.946	93.316	261.081
39.937	93.388	261.074
39.930	93.453	261.059
39.928	93.524	261.055
39.926	93.601	261.047
39.930	93.684	261.048
39.982	93.768	261.028
40.071	93.842	261.028
40.177	93.907	261.022
40.291	93.984	261.022
40.315	94.059	261.005
40.278	94.120	260.991
40.253	94.157	260.989
40.256	94.194	261.004
40.282	94.213	261.006
40.283	94.221	260.999
40.286	94.219	260.990
40.278	94.189	260.985
40.268	94.152	260.989
40.246	94.100	260.992
40.223	94.024	261.004
40.191	93.932	261.027
40.149	93.831	261.033
40.101	93.724	261.043
40.066	93.615	261.049
40.065	93.518	261.059
40.067	93.401	261.067
40.064	93.287	261.075
40.053	93.183	261.083
40.045	93.092	261.084
40.040	93.021	261.087
40.029	92.962	261.095
40.015	92.923	261.096
40.000	92.906	261.090
39.994	92.909	261.096
39.991	92.925	261.095
39.982	92.959	261.092
39.977	93.021	261.082
39.972	93.087	261.084
39.969	93.177	261.077
39.960	93.280	261.066
39.950	93.377	261.067
39.947	93.472	261.051
39.943	93.569	261.040
39.943	93.670	261.039
39.941	93.767	261.042
39.941	93.856	261.034
39.937	93.942	261.036
39.971	94.024	261.031
40.019	94.085	261.027
40.084	94.127	261.021
40.149	94.162	261.022
40.196	94.183	261.017
40.241	94.187	261.008
40.272	94.176	261.014
40.301	94.169	261.017
40.321	94.145	261.009
40.336	94.115	261.012
40.341	94.074	261.018
40.335	94.031	261.025
40.319	93.977	261.030
40.298	93.924	261.023
40.270	93.869	261.033
40.226	93.796	261.036
40.188	93.717	261.044
40.146	93.636	261.042
40.116	93.561	261.052
40.086	93.475	261.059
40.059	93.380	261.065
40.039	93.296	261.065
40.033	93.218	261.068
40.034	93.146	261.072
40.039	93.103	261.086
40.038	93.066	261.087
40.032	93.049	261.091
40.018	93.046	261.086
40.002	93.055	261.086
39.986	93.085	261.092
39.977	93.132	261.092
39.970	93.189	261.091
39.961	93.249	261.096
39.961	93.323	261.089
39.952	93.403	261.089
39.951	93.467	261.084
39.950	93.541	261.077
39.951	93.606	261.069
39.956	93.675	261.066
39.977	93.737	261.054
40.000	93.814	261.051
40.104	93.885	261.044
40.244	93.971	261.036
40.254	94.038	261.018
40.253	94.092	261.009
40.258	94.143	261.014
40.292	94.190	261.019
40.293	94.226	261.000
40.283	94.251	260.986
40.273	94.249	260.977
40.271	94.244	260.973
40.253	94.208	260.966
40.245	94.174	260.982
40.219	94.110	260.989
40.194	94.037	261.009
40.154	93.947	261.017
40.111	93.838	261.028
40.077	93.728	261.034
40.070	93.619	261.041
40.066	93.517	261.059
40.065	93.405	261.066
40.052	93.293	261.075
40.048	93.197	261.083
40.044	93.109	261.095
40.046	93.034	261.101
40.029	92.973	261.108
40.013	92.938	261.105
40.056	93.043	261.147
40.044	93.040	261.146
40.037	92.978	261.225
40.021	92.997	261.190
40.011	93.033	261.169
39.997	93.092	261.150
39.997	93.168	261.132
39.987	93.247	261.118
39.982	93.340	261.094
39.979	93.425	261.075
39.978	93.515	261.057
39.986	93.599	261.039
39.993	93.690	261.029
40.000	93.779	261.023
40.004	93.851	261.020
40.028	93.923	261.017
40.042	93.987	261.022
40.053	94.046	261.013
40.057	94.096	261.016
40.093	94.135	261.013
40.137	94.165	261.006
40.183	94.178	261.014
40.217	94.181	261.007
40.239	94.174	261.003
40.243	94.152	261.005
40.237	94.112	261.009
40.228	94.072	261.012
40.215	94.003	261.014
40.196	93.930	261.015
40.179	93.846	261.019
40.167	93.756	261.028
40.139	93.671	261.031
40.116	93.576	261.033
40.096	93.476	261.032
40.074	93.380	261.044
40.061	93.286	261.041
40.037	93.212	261.059
40.027	93.138	261.058
40.018	93.091	261.075
40.013	93.038	261.077
40.011	93.018	261.076
40.007	93.013	261.082
40.003	93.026	261.081
39.998	93.056	261.090
39.993	93.100	261.091
39.984	93.159	261.092
39.976	93.220	261.091
39.968	93.296	261.085
39.964	93.371	261.087
39.963	93.442	261.089
39.965	93.510	261.082
39.973	93.572	261.077
39.982	93.640	261.071
39.979	93.692	261.064
39.995	93.746	261.060
40.019	93.779	261.046
40.066	93.808	261.045
40.128	93.848	261.042
40.202	93.888	261.035
40.203	93.947	261.026
40.167	94.000	261.010
40.167	94.054	261.005
40.198	94.093	261.008
40.250	94.134	261.015
40.283	94.171	260.994
40.273	94.201	260.986
40.256	94.214	260.971
40.237	94.201	260.965
40.222	94.177	260.970
40.208	94.144	260.990
40.189	94.085	261.005
40.161	94.010	261.008
40.120	93.931	261.016
40.093	93.839	261.026
40.084	93.727	261.034
40.080	93.631	261.043
40.073	93.532	261.055
40.064	93.424	261.062
40.046	93.314	261.068
40.035	93.221	261.081
40.039	93.132	261.091
40.037	93.066	261.103
40.024	93.014	261.108
40.019	92.974	261.109
40.011	92.944	261.108
40.004	92.946	261.106
39.992	92.952	261.105
39.989	92.987	261.097
39.988	93.031	261.103
39.986	93.097	261.094
39.976	93.168	261.090
39.977	93.253	261.085
39.980	93.342	261.078
39.984	93.441	261.073
39.993	93.523	261.063
39.996	93.599	261.050
40.005	93.682	261.045
40.008	93.765	261.032
40.018	93.831	261.035
40.024	93.901	261.032
40.033	93.953	261.030
40.049	93.998	261.027
40.056	94.034	261.025
40.066	94.061	261.023
40.055	94.076	261.022
40.083	94.090	261.012
40.117	94.097	261.017
40.163	94.102	261.014
40.189	94.076	261.007
40.204	94.057	261.010
40.200	94.027	261.004
40.189	93.985	261.009
40.169	93.925	261.011
40.163	93.878	261.018
40.146	93.802	261.015
40.138	93.737	261.023
40.126	93.662	261.023
40.104	93.581	261.032
40.096	93.512	261.037
40.076	93.436	261.042
40.066	93.366	261.048
40.047	93.298	261.054
40.037	93.243	261.062
40.026	93.203	261.069
40.018	93.165	261.082
40.020	93.140	261.090
40.016	93.125	261.089
40.015	93.135	261.089
40.005	93.149	261.099
40.003	93.169	261.097
39.992	93.201	261.094
39.983	93.239	261.091
39.982	93.292	261.098
39.969	93.348	261.096
39.967	93.404	261.088
39.970	93.449	261.086
39.976	93.496	261.080
39.981	93.547	261.067
39.991	93.585	261.062
40.001	93.624	261.053
40.017	93.658	261.049
40.041	93.690	261.043
40.071	93.722	261.042
40.110	93.753	261.028
40.157	93.787	261.027
40.205	93.830	261.026
40.243	93.887	261.015
40.232	94.074	261.047
40.213	94.156	261.035
40.223	94.210	261.038
40.252	94.268	261.042
40.270	94.312	261.033
40.268	94.349	261.036
40.237	94.304	261.088
40.200	94.277	261.066
40.169	94.228	261.063
40.145	94.171	261.054
40.123	94.099	261.052
40.100	94.000	261.049
40.066	93.890	261.049
40.059	93.777	261.041
40.059	93.644	261.047
40.043	93.535	261.040
40.036	93.422	261.049
40.028	93.308	261.057
40.029	93.195	261.076
40.016	93.106	261.084
39.989	93.034	261.094
39.986	92.965	261.095
39.976	92.933	261.101
39.971	92.918	261.104
39.968	92.914	261.106
39.979	92.936	261.103
39.980	92.966	261.105
39.980	93.020	261.098
39.982	93.080	261.092
39.990	93.166	261.085
40.000	93.257	261.087
40.015	93.349	261.074
40.054	93.441	261.064
40.098	93.533	261.061
40.152	93.625	261.052
40.216	93.720	261.048
40.281	93.824	261.049
40.324	93.923	261.040
40.301	94.011	261.018
40.266	94.105	261.015
40.228	94.174	261.016
40.210	94.235	261.020
40.183	94.276	261.010
40.148	94.306	261.003
40.106	94.326	260.997
40.066	94.317	261.000
40.068	94.292	261.003
40.085	94.247	261.007
40.093	94.181	261.013
40.071	94.094	261.010
40.045	93.986	261.008
40.029	93.877	261.011
40.027	93.749	261.012
40.025	93.631	261.014
40.010	93.511	261.029
40.010	93.405	261.036
40.021	93.300	261.051
40.023	93.199	261.058
40.016	93.126	261.064
40.014	93.068	261.071
40.012	93.026	261.087
40.007	93.005	261.080
39.995	92.999	261.084
39.993	93.013	261.090
39.988	93.047	261.099
39.989	93.095	261.101
39.995	93.150	261.094
40.004	93.225	261.093
40.027	93.300	261.092
40.068	93.383	261.091
40.112	93.466	261.076
40.164	93.544	261.067
40.230	93.636	261.072
40.297	93.723	261.073
40.322	93.819	261.063
40.289	93.888	261.055
40.265	93.967	261.046
40.248	94.041	261.050
40.250	94.097	261.044
40.243	94.137	261.033
40.221	94.156	261.021
40.190	94.165	261.013
40.170	94.146	261.007
40.143	94.111	261.005
40.104	94.057	261.027
40.060	93.992	261.022
40.002	93.921	261.032
39.920	93.845	261.027
39.910	93.770	261.034
39.941	93.695	261.027
39.983	93.620	261.031
40.004	93.542	261.031
40.006	93.480	261.037
40.004	93.417	261.030
39.993	93.369	261.038
39.977	93.324	261.040
39.971	93.291	261.046
39.979	93.270	261.046
39.986	93.261	261.048
39.989	93.273	261.054
40.001	93.283	261.052
40.014	93.308	261.064
40.009	93.338	261.058
40.006	93.371	261.061
40.011	93.413	261.055
40.019	93.461	261.064
40.030	93.498	261.062
40.058	93.536	261.065
40.091	93.577	261.063
40.130	93.611	261.063
40.184	93.650	261.063
40.238	93.691	261.058
40.297	93.734	261.060
40.337	93.766	261.058
40.319	93.808	261.056
40.292	93.838	261.046
40.259	93.855	261.051
40.240	93.881	261.046
40.227	93.897	261.046
40.204	93.900	261.037
40.181	93.895	261.033
40.151	93.865	261.032
40.131	93.833	261.039
40.102	93.774	261.035
40.068	93.716	261.032
40.027	93.655	261.039
39.990	93.591	261.039
39.965	93.527	261.042
39.949	93.473	261.051
39.919	93.421	261.048
39.879	93.389	261.052
39.894	93.368	261.050
39.927	93.358	261.049
39.957	93.366	261.053
39.973	93.364	261.048
39.984	93.383	261.044
39.962	93.396	261.040
39.954	93.423	261.045
39.954	93.453	261.036
39.965	93.480	261.043
39.970	93.513	261.042
39.994	93.538	261.037
40.024	93.573	261.039
40.069	93.599	261.042
40.129	93.626	261.041
40.210	93.659	261.038
40.321	93.694	261.045
40.341	93.745	261.037
40.299	93.769	261.032
40.277	93.802	261.048
40.275	93.836	261.055
40.294	93.873	261.064
40.295	93.894	261.040
40.288	93.911	261.036
40.280	93.935	261.025
40.267	93.927	261.023
40.253	93.916	261.021
40.220	93.889	261.029
40.184	93.850	261.041
40.147	93.804	261.050
40.093	93.738	261.045
40.063	93.666	261.054
40.047	93.596	261.063
40.043	93.531	261.066
40.034	93.447	261.070
40.011	93.371	261.067
39.995	93.300	261.071
39.974	93.230	261.064
39.961	93.178	261.065
39.934	93.150	261.067
39.888	93.137	261.072
39.869	93.160	261.069
39.893	93.187	261.061
39.915	93.230	261.055
39.943	93.297	261.052
39.967	93.357	261.043
39.970	93.422	261.038
39.963	93.485	261.032
39.967	93.549	261.030
39.975	93.623	261.017
39.983	93.676	261.017
40.000	93.733	261.015
40.026	93.783	261.022
40.057	93.822	261.021
40.094	93.848	261.024
40.137	93.866	261.027
40.183	93.876	261.032
40.237	93.879	261.031
40.293	93.883	261.044
40.339	93.887	261.049
40.340	93.886	261.043
40.308	93.887	261.045
40.287	93.875	261.048
40.268	93.856	261.054
40.259	93.829	261.051
40.244	93.802	261.054
40.218	93.767	261.046
40.182	93.718	261.044
40.154	93.662	261.041
40.132	93.613	261.053
40.100	93.553	261.060
40.064	93.487	261.064
40.029	93.425	261.063
40.016	93.355	261.074
40.013	93.301	261.067
40.008	93.249	261.062
39.988	93.206	261.068
39.981	93.181	261.062
39.968	93.168	261.062
39.940	93.175	261.069
39.912	93.200	261.065
39.867	93.241	261.071
39.869	93.310	261.065
39.886	93.369	261.064
39.916	93.436	261.063
39.957	93.503	261.052
39.978	93.569	261.047
39.982	93.627	261.032
39.993	93.687	261.037
40.010	93.734	261.033
40.041	93.772	261.032
40.100	93.808	261.029
40.181	93.839	261.029
40.285	93.867	261.036
40.347	93.893	261.032
40.318	93.909	261.018
40.294	93.919	261.029
40.291	93.941	261.035
40.310	93.948	261.044
40.317	93.961	261.040
40.310	93.958	261.025
40.310	93.940	261.021
40.295	93.922	261.011
40.275	93.902	261.027
40.249	93.862	261.033
40.222	93.817	261.042
40.183	93.765	261.053
40.136	93.709	261.051
40.092	93.632	261.060
40.072	93.566	261.062
40.064	93.487	261.075
40.058	93.416	261.076
40.047	93.336	261.074
40.025	93.257	261.078
40.010	93.197	261.074
40.002	93.142	261.067
39.987	93.105	261.069
39.966	93.081	261.071
39.938	93.083	261.070
39.923	93.101	261.068
39.886	93.151	261.066
39.862	93.221	261.065
39.872	93.291	261.059
39.912	93.370	261.058
39.943	93.450	261.053
39.962	93.543	261.039
39.967	93.620	261.035
39.970	93.697	261.016
39.968	93.760	261.023
39.981	93.826	261.025
39.997	93.862	261.016
40.028	93.896	261.020
40.071	93.912	261.023
40.120	93.922	261.020
40.175	93.924	261.030
40.224	93.903	261.022
40.279	93.896	261.029
40.327	93.884	261.039
40.349	93.869	261.036
40.321	93.847	261.032
40.298	93.831	261.036
40.272	93.806	261.048
40.258	93.788	261.051
40.247	93.761	261.049
40.221	93.726	261.040
40.195	93.689	261.031
40.165	93.644	261.039
40.138	93.600	261.047
40.114	93.549	261.053
40.077	93.493	261.051
40.039	93.430	261.058
40.021	93.388	261.062
40.021	93.339	261.061
40.020	93.290	261.055
40.009	93.257	261.064
39.996	93.224	261.061
39.991	93.210	261.058
39.970	93.212	261.070
39.943	93.222	261.066
39.916	93.250	261.061
39.902	93.277	261.066
39.859	93.342	261.067
39.865	93.393	261.064
39.898	93.456	261.058
39.933	93.521	261.062
39.962	93.579	261.048
39.982	93.637	261.043
39.999	93.683	261.034
40.021	93.728	261.026
40.070	93.759	261.026
40.139	93.786	261.027
40.233	93.820	261.025
40.330	93.856	261.030
40.323	93.887	261.020
40.298	93.900	261.016
40.292	93.922	261.026
40.307	93.935	261.032
40.326	93.956	261.031
40.328	93.967	261.021
40.322	93.968	261.016
40.312	93.959	261.008
40.293	93.950	261.014
40.263	93.926	261.031
40.235	93.884	261.039
40.202	93.832	261.056
40.161	93.779	261.046
40.113	93.705	261.057
40.087	93.637	261.063
40.076	93.561	261.072
40.073	93.476	261.066
40.064	93.394	261.070
40.045	93.314	261.067
40.028	93.240	261.075
40.018	93.165	261.072
40.012	93.114	261.074
39.993	93.071	261.074
39.966	93.054	261.070
39.958	93.054	261.066
39.942	93.066	261.070
39.914	93.112	261.067
39.878	93.182	261.067
39.865	93.266	261.071
39.883	93.348	261.060
39.910	93.438	261.053
39.947	93.540	261.053
39.977	93.625	261.034
39.983	93.714	261.033
39.982	93.793	261.021
39.984	93.858	261.014
40.010	93.913	261.019
40.029	93.949	261.022
40.072	93.980	261.024
40.122	93.988	261.024
40.177	93.982	261.028
40.236	93.973	261.031
40.294	93.961	261.027
40.340	93.941	261.037
40.358	93.936	261.037
40.321	93.893	261.038
40.298	93.870	261.038
40.273	93.841	261.050
40.258	93.811	261.051
40.243	93.775	261.050
40.210	93.729	261.039
40.182	93.681	261.043
40.161	93.633	261.046
40.140	93.585	261.049
40.112	93.523	261.053
40.079	93.458	261.062
40.041	93.400	261.062
40.021	93.351	261.071
40.023	93.302	261.067
40.019	93.262	261.066
40.010	93.223	261.069
40.000	93.202	261.075
40.001	93.195	261.064
39.985	93.202	261.074
39.958	93.221	261.072
39.938	93.252	261.070
39.920	93.296	261.075
39.890	93.347	261.071
39.859	93.405	261.074
39.878	93.474	261.062
39.908	93.542	261.056
39.948	93.610	261.051
39.988	93.680	261.048
40.026	93.731	261.041
40.065	93.780	261.035
40.130	93.824	261.023
40.223	93.864	261.026
40.319	93.911	261.035
40.307	93.938	261.017
40.283	93.967	261.022
40.279	93.981	261.019
40.315	94.008	261.035
40.324	94.019	261.030
40.317	94.030	261.011
40.304	94.028	261.008
40.291	94.007	260.998
40.271	93.984	261.005
40.240	93.942	261.008
40.209	93.905	261.028
40.176	93.840	261.040
40.132	93.766	261.047
40.094	93.687	261.052
40.066	93.604	261.059
40.062	93.529	261.066
40.065	93.440	261.072
40.058	93.353	261.070
40.041	93.264	261.071
40.025	93.191	261.074
40.023	93.133	261.081
40.016	93.082	261.081
39.999	93.041	261.092
39.981	93.023	261.085
39.975	93.026	261.080
39.955	93.038	261.074
39.936	93.067	261.076
39.924	93.130	261.068
39.904	93.199	261.062
39.889	93.284	261.069
39.857	93.378	261.055
39.881	93.476	261.045
39.910	93.581	261.036
39.951	93.679	261.030
39.982	93.772	261.028
40.011	93.860	261.017
40.034	93.929	261.011
40.065	93.988	261.017
40.107	94.035	261.009
40.164	94.061	261.012
40.232	94.076	261.007
40.298	94.086	261.014
40.349	94.093	261.014
40.335	94.094	261.013
40.311	94.079	261.012
40.286	94.044	261.022
40.280	94.020	261.030
40.263	93.971	261.030
40.240	93.921	261.026
40.213	93.854	261.031
40.178	93.777	261.034
40.159	93.705	261.043
40.131	93.621	261.054
40.105	93.528	261.062
40.070	93.431	261.061
40.041	93.346	261.075
40.032	93.262	261.072
40.040	93.179	261.072
40.029	93.124	261.074
40.013	93.077	261.077
40.011	93.039	261.074
40.011	93.028	261.083
39.996	93.023	261.083
39.973	93.040	261.082
39.968	93.072	261.077
39.957	93.128	261.079
39.934	93.195	261.073
39.921	93.272	261.066
39.907	93.354	261.067
39.896	93.446	261.065
39.872	93.542	261.058
39.905	93.637	261.045
39.957	93.739	261.047
40.025	93.819	261.036
40.093	93.898	261.031
40.169	93.964	261.018
40.256	94.030	261.022
40.322	94.093	261.020
40.295	94.135	261.003
40.274	94.161	261.007
40.266	94.175	261.015
40.302	94.183	261.023
40.320	94.189	261.019
40.322	94.173	261.004
40.314	94.147	261.003
40.311	94.101	260.999
40.285	94.043	261.006
40.252	93.981	261.020
40.222	93.901	261.030
40.183	93.810	261.050
40.132	93.711	261.048
40.094	93.617	261.058
40.070	93.518	261.070
40.073	93.417	261.077
40.078	93.310	261.081
40.066	93.217	261.080
40.048	93.132	261.086
40.037	93.053	261.090
40.026	93.003	261.089
40.015	92.968	261.085
40.005	92.957	261.087
39.996	92.957	261.090
39.992	92.980	261.093
39.979	93.012	261.085
39.965	93.071	261.080
39.952	93.139	261.076
39.942	93.224	261.070
39.924	93.327	261.068
39.909	93.421	261.054
39.905	93.511	261.050
39.881	93.632	261.042
39.877	93.742	261.044
39.906	93.844	261.029
39.958	93.940	261.029
40.004	94.014	261.030
40.054	94.064	261.025
40.098	94.106	261.014
40.138	94.138	261.016
40.179	94.147	261.015
40.236	94.144	261.017
40.305	94.136	261.011
40.337	94.118	261.013
40.322	94.091	261.011
40.303	94.062	261.014
40.289	94.019	261.026
40.279	93.972	261.027
40.266	93.909	261.027
40.240	93.854	261.024
40.209	93.788	261.031
40.172	93.710	261.033
40.137	93.633	261.041
40.113	93.561	261.043
40.084	93.481	261.061
40.054	93.395	261.065
40.033	93.314	261.070
40.038	93.245	261.073
40.041	93.182	261.073
40.030	93.132	261.077
40.025	93.097	261.083
40.014	93.076	261.082
40.012	93.076	261.084
39.998	93.079	261.086
39.980	93.106	261.090
39.977	93.142	261.090
39.961	93.187	261.086
39.946	93.243	261.080
39.940	93.310	261.070
39.930	93.381	261.068
39.916	93.448	261.062
39.908	93.515	261.055
39.899	93.597	261.047
39.906	93.694	261.049
39.961	93.770	261.039
40.050	93.847	261.029
40.143	93.919	261.028
40.259	93.985	261.018
40.322	94.053	261.013
40.280	94.111	261.003
40.257	94.149	260.993
40.254	94.184	261.003
40.279	94.200	261.007
40.299	94.213	261.004
40.304	94.218	260.998
40.305	94.193	260.985
40.295	94.162	260.984
40.272	94.121	260.998
40.253	94.049	261.009
40.216	93.968	261.022
40.177	93.883	261.032
40.133	93.777	261.045
40.085	93.671	261.047
40.065	93.570	261.059
40.066	93.462	261.072
40.071	93.350	261.077
40.067	93.246	261.078
40.050	93.151	261.083
40.039	93.063	261.088
40.037	92.999	261.090
40.024	92.946	261.090
40.009	92.915	261.088
39.995	92.911	261.090
39.993	92.924	261.097
39.983	92.948	261.090
39.976	92.998	261.081
39.979	93.056	261.079
39.973	93.146	261.078
39.958	93.240	261.072
39.949	93.346	261.060
39.939	93.444	261.058
39.932	93.536	261.052
39.932	93.639	261.042
39.933	93.738	261.024
39.920	93.841	261.031
39.929	93.940	261.038
39.976	94.012	261.025
40.036	94.083	261.027
40.098	94.132	261.029
40.151	94.160	261.018
40.201	94.189	261.011
40.245	94.192	261.007
40.277	94.187	261.009
40.318	94.170	261.004
40.344	94.151	261.015
40.335	94.115	261.011
40.322	94.075	261.018
40.304	94.024	261.019
40.300	93.973	261.032
40.269	93.908	261.028
40.236	93.840	261.028
40.198	93.763	261.035
40.162	93.681	261.039
40.125	93.595	261.046
40.099	93.514	261.057
40.067	93.428	261.058
40.041	93.339	261.066
40.040	93.255	261.072
40.032	93.183	261.080
40.036	93.122	261.084
40.039	93.087	261.085
40.034	93.059	261.085
40.026	93.044	261.090
40.006	93.050	261.086
39.995	93.075	261.095
39.985	93.112	261.099
39.971	93.162	261.090
39.958	93.229	261.098
39.955	93.289	261.090
39.949	93.365	261.091
39.941	93.436	261.083
39.942	93.502	261.078
39.944	93.567	261.064
39.953	93.643	261.062
39.986	93.719	261.056
40.013	93.799	261.052
40.131	93.888	261.041
40.250	93.969	261.029
40.248	94.048	261.018
40.254	94.120	261.014
40.274	94.170	261.011
40.275	94.225	261.005
40.275	94.262	261.000
40.266	94.286	260.988
40.257	94.286	260.979
40.262	94.274	260.967
40.251	94.252	260.967
40.240	94.208	260.980
40.220	94.141	260.992
40.189	94.062	261.003
40.148	93.969	261.015
40.102	93.855	261.021
40.069	93.739	261.031
40.062	93.630	261.045
40.067	93.530	261.064
40.061	93.411	261.075
40.057	93.298	261.081
40.042	93.188	261.086
40.039	93.102	261.091
40.037	93.017	261.103
40.024	92.969	261.107
40.007	92.922	261.105
40.002	92.907	261.106
39.999	92.905	261.111
39.988	92.921	261.108
39.978	92.956	261.101
39.982	93.007	261.101
39.981	93.081	261.093
39.971	93.153	261.082
39.968	93.251	261.080
39.965	93.347	261.069
39.965	93.446	261.060
39.970	93.534	261.042
39.976	93.635	261.034
39.985	93.723	261.030
39.990	93.812	261.023
40.008	93.892	261.018
40.025	93.964	261.020
40.045	94.028	261.018
40.047	94.087	261.012
40.074	94.145	261.020
40.125	94.181	261.017
40.173	94.213	261.011
40.229	94.227	261.013
40.261	94.234	261.009
40.275	94.222	261.011
40.273	94.190	261.006
40.263	94.174	261.019
40.256	94.119	261.019
40.242	94.062	261.012
40.224	93.977	261.027
40.203	93.883	261.026
40.181	93.790	261.037
40.150	93.694	261.038
40.123	93.590	261.036
40.098	93.488	261.040
40.077	93.384	261.048
40.055	93.277	261.050
40.040	93.191	261.062
40.029	93.113	261.072
40.017	93.053	261.074
40.014	93.013	261.081
40.016	92.986	261.084
40.015	92.985	261.084
40.013	93.001	261.091
40.003	93.026	261.087
39.997	93.076	261.092
39.984	93.145	261.095
39.974	93.221	261.093
39.969	93.298	261.093
39.962	93.379	261.087
39.964	93.451	261.088
39.974	93.535	261.088
39.980	93.608	261.079
39.983	93.677	261.073
39.993	93.730	261.063
40.006	93.782	261.054
40.050	93.821	261.056
40.098	93.859	261.045
40.175	93.899	261.033
40.238	93.956	261.038
40.173	94.014	261.019
40.158	94.055	261.010
40.180	94.094	261.015
40.241	94.133	261.014
40.286	94.171	261.009
40.299	94.192	260.987
40.295	94.209	260.971
40.282	94.203	260.959
40.268	94.189	260.972
40.243	94.162	260.982
40.227	94.119	260.995
40.207	94.059	261.005
40.168	93.988	261.015
40.130	93.893	261.023
40.106	93.797	261.024
40.098	93.696	261.036
40.095	93.590	261.042
40.082	93.486	261.053
40.066	93.379	261.054
40.043	93.272	261.074
40.039	93.175	261.084
40.037	93.091	261.093
40.020	93.018	261.099
40.013	92.973	261.105
40.010	92.941	261.105
40.011	92.925	261.106
39.997	92.930	261.103
39.990	92.949	261.102
39.983	92.980	261.099
39.977	93.036	261.098
39.969	93.104	261.090
39.974	93.186	261.081
39.969	93.270	261.076
39.977	93.372	261.075
39.973	93.463	261.070
39.987	93.539	261.054
40.001	93.630	261.049
40.005	93.707	261.037
40.016	93.781	261.037
40.033	93.854	261.029
40.060	93.917	261.034
40.082	93.969	261.027
40.105	94.021	261.018
40.122	94.056	261.018
40.132	94.098	261.014
40.158	94.141	261.016
40.213	94.174	261.016
40.262	94.201	261.005
40.297	94.218	261.010
40.319	94.233	261.007
40.312	94.236	261.014
40.285	94.223	261.012
40.259	94.197	261.008
40.233	94.158	261.011
40.206	94.097	261.014
40.180	94.012	261.021
40.160	93.917	261.026
40.138	93.821	261.033
40.120	93.710	261.034
40.082	93.596	261.037
40.057	93.490	261.038
40.044	93.369	261.047
40.030	93.262	261.061
40.021	93.161	261.068
40.017	93.082	261.076
40.009	93.017	261.078
40.001	92.972	261.091
39.990	92.949	261.087
39.989	92.949	261.098
39.985	92.960	261.107
39.974	92.996	261.104
39.971	93.057	261.106
39.969	93.120	261.103
39.965	93.201	261.101
39.957	93.292	261.104
39.955	93.380	261.102
39.964	93.454	261.088
39.977	93.531	261.090
40.006	93.610	261.076
40.051	93.685	261.072
40.115	93.740	261.068
40.218	93.811	261.059
40.311	93.883	261.056
40.275	93.941	261.035
40.234	93.999	261.025
40.198	94.041	261.022
40.218	94.102	261.023
40.192	94.163	261.018
40.161	94.219	260.995
40.170	94.263	260.983
40.197	94.286	260.972
40.213	94.297	260.965
40.216	94.289	260.973
40.200	94.273	260.980
40.165	94.231	260.994
40.117	94.170	260.996
40.060	94.037	261.055
40.038	93.949	261.056
40.044	93.837	261.067
40.062	93.727	261.081
40.061	93.609	261.082
40.051	93.497	261.095
40.039	93.384	261.104
40.041	93.267	261.119
40.044	93.166	261.121
40.031	93.083	261.123
40.011	93.021	261.126
40.006	92.964	261.131
39.999	92.934	261.129
39.992	92.920	261.125
39.984	92.914	261.122
39.993	92.944	261.114
39.990	92.984	261.109
39.990	93.032	261.100
39.993	93.102	261.096
39.987	93.179	261.094
39.989	93.265	261.083
39.989	93.357	261.075
39.997	93.451	261.073
40.015	93.533	261.062
40.039	93.615	261.055
40.067	93.698	261.050
40.097	93.777	261.047
40.129	93.848	261.039
40.157	93.923	261.035
40.167	93.970	261.032
40.187	94.022	261.027
40.191	94.060	261.016
40.190	94.087	261.015
40.179	94.111	261.016
40.154	94.122	261.010
40.106	94.144	261.014
40.093	94.144	261.009
40.105	94.136	261.015
40.127	94.114	261.012
40.141	94.091	261.015
40.138	94.038	261.012
40.116	93.980	261.009
40.085	93.900	261.006
40.054	93.814	261.007
40.040	93.725	261.016
40.029	93.633	261.017
40.024	93.545	261.022
40.022	93.462	261.031
40.032	93.381	261.036
40.035	93.303	261.040
40.037	93.243	261.045
40.025	93.190	261.054
40.020	93.159	261.061
40.001	93.137	261.071
39.989	93.139	261.072
39.975	93.136	261.083
39.971	93.162	261.088
39.969	93.193	261.093
39.969	93.229	261.095
39.981	93.281	261.091
39.984	93.336	261.097
39.989	93.387	261.097
39.998	93.444	261.088
40.020	93.494	261.089
40.052	93.537	261.084
40.107	93.595	261.075
40.179	93.644	261.072
40.272	93.697	261.072
40.324	93.755	261.061
40.293	93.800	261.056
40.272	93.841	261.042
40.263	93.889	261.043
40.274	93.936	261.043
40.266	93.977	261.026
40.245	94.019	261.011
40.217	94.032	260.994
40.194	94.050	260.991
40.147	94.044	260.990
40.104	94.041	260.998
40.045	94.020	261.019
39.988	94.006	261.014
39.971	93.978	261.010
39.981	93.934	261.014
40.019	93.878	261.020
40.042	93.813	261.016
40.053	93.743	261.014
40.024	93.673	261.011
40.003	93.608	261.028
39.996	93.535	261.031
39.997	93.471	261.041
39.998	93.413	261.041
39.998	93.354	261.055
40.012	93.310	261.058
40.011	93.265	261.057
40.002	93.239	261.068
40.001	93.219	261.064
40.001	93.213	261.070
39.994	93.215	261.071
39.984	93.234	261.073
39.977	93.253	261.069
39.982	93.284	261.083
39.983	93.316	261.083
39.996	93.361	261.080
40.010	93.402	261.074
40.034	93.449	261.072
40.059	93.491	261.064
40.089	93.541	261.061
40.114	93.582	261.062
40.136	93.626	261.054
40.159	93.669	261.053
40.190	93.708	261.055
40.219	93.759	261.048
40.240	93.799	261.044
40.256	93.832	261.043
40.271	93.877	261.041
40.268	93.904	261.038
40.255	93.934	261.034
40.227	93.951	261.031
40.192	93.962	261.028
40.153	93.958	261.032
40.104	93.949	261.031
40.058	93.930	261.032
39.992	93.914	261.030
39.967	93.885	261.033
39.979	93.845	261.027
39.996	93.791	261.024
40.014	93.737	261.024
40.024	93.673	261.014
40.015	93.617	261.010
39.997	93.570	261.024
39.985	93.513	261.020
39.983	93.476	261.027
39.977	93.430	261.033
39.980	93.409	261.045
39.983	93.367	261.046
39.987	93.352	261.052
39.979	93.341	261.052
39.987	93.342	261.060
39.984	93.347	261.065
39.985	93.360	261.067
39.979	93.378	261.078
39.980	93.399	261.077
39.991	93.420	261.080
40.017	93.438	261.083
40.073	93.461	261.076
40.162	93.493	261.074
40.283	93.519	261.074
40.351	93.575	261.069
40.310	93.622	261.057
40.280	93.663	261.059
40.272	93.706	261.065
40.297	93.762	261.068
40.286	93.809	261.044
40.281	93.869	261.032
40.271	93.896	261.020
40.272	93.937	261.015
40.246	93.963	261.010
40.226	93.972	261.011
40.190	93.960	261.019
40.150	93.953	261.028
40.098	93.925	261.021
40.031	93.879	261.028
40.008	93.832	261.020
39.987	93.771	261.030
39.968	93.703	261.039
39.928	93.655	261.043
39.922	93.603	261.037
39.949	93.548	261.043
39.979	93.498	261.045
40.000	93.458	261.045
40.002	93.412	261.041
39.977	93.378	261.046
39.971	93.354	261.047
39.967	93.330	261.048
39.960	93.314	261.050
39.966	93.311	261.052
39.981	93.311	261.052
39.982	93.327	261.050
39.991	93.353	261.056
40.000	93.374	261.052
40.007	93.408	261.053
40.012	93.440	261.055
40.023	93.473	261.043
40.051	93.510	261.050
40.084	93.543	261.046
40.124	93.584	261.055
40.173	93.619	261.058
40.234	93.658	261.053
40.300	93.708	261.065
40.345	93.761	261.057
40.327	93.808	261.049
40.298	93.841	261.046
40.272	93.875	261.053
40.254	93.916	261.052
40.234	93.925	261.040
40.212	93.943	261.040
40.186	93.936	261.027
40.161	93.917	261.033
40.136	93.874	261.029
40.118	93.833	261.045
40.081	93.760	261.038
40.040	93.696	261.041
40.000	93.620	261.039
39.982	93.553	261.048
39.965	93.491	261.043
39.937	93.433	261.047
39.889	93.380	261.056
39.882	93.357	261.055
39.907	93.338	261.053
39.938	93.329	261.058
39.956	93.329	261.058
39.978	93.339	261.051
39.970	93.353	261.044
39.955	93.381	261.047
39.949	93.408	261.045
39.959	93.440	261.046
39.964	93.472	261.044
39.982	93.501	261.039
40.012	93.543	261.043
40.055	93.581	261.042
40.109	93.613	261.052
40.176	93.658	261.042
40.270	93.690	261.046
40.347	93.744	261.050
40.320	93.783	261.042
40.283	93.817	261.038
40.268	93.857	261.048
40.284	93.893	261.058
40.293	93.930	261.050
40.295	93.962	261.037
40.293	93.977	261.031
40.293	93.975	261.027
40.273	93.973	261.029
40.250	93.949	261.037
40.218	93.914	261.039
40.179	93.862	261.050
40.132	93.816	261.051
40.084	93.736	261.053
40.059	93.673	261.054
40.050	93.589	261.061
40.042	93.520	261.065
40.034	93.438	261.064
40.002	93.354	261.058
39.984	93.278	261.057
39.965	93.220	261.063
39.946	93.181	261.063
39.918	93.151	261.062
39.864	93.155	261.068
39.874	93.185	261.060
39.904	93.227	261.057
39.931	93.282	261.060
39.954	93.334	261.046
39.964	93.407	261.046
39.964	93.472	261.037
39.955	93.535	261.031
39.965	93.602	261.029
39.968	93.664	261.023
39.980	93.719	261.021
39.997	93.773	261.026
40.022	93.807	261.031
40.042	93.841	261.033
40.076	93.856	261.030
40.115	93.859	261.032
40.155	93.858	261.034
40.200	93.851	261.032
40.252	93.840	261.039
40.294	93.827	261.051
40.334	93.816	261.048
40.328	93.809	261.046
40.306	93.797	261.042
40.284	93.781	261.057
40.267	93.766	261.062
40.254	93.735	261.049
40.230	93.716	261.043
40.202	93.691	261.037
40.165	93.655	261.039
40.137	93.616	261.049
40.109	93.569	261.045
40.081	93.524	261.053
40.049	93.481	261.058
40.015	93.427	261.058
40.010	93.378	261.056
40.007	93.336	261.058
39.991	93.301	261.055
39.972	93.281	261.050
39.964	93.266	261.055
39.944	93.269	261.054
39.916	93.285	261.059
39.869	93.317	261.068
39.882	93.365	261.067
39.900	93.411	261.061
39.931	93.453	261.059
39.959	93.511	261.055
39.977	93.559	261.040
39.978	93.602	261.040
39.979	93.641	261.038
40.002	93.668	261.033
40.043	93.699	261.031
40.114	93.731	261.043
40.206	93.742	261.037
40.328	93.784	261.043
40.340	93.808	261.027
40.308	93.825	261.026
40.286	93.841	261.030
40.308	93.862	261.039
40.316	93.880	261.040
40.303	93.903	261.019
40.285	93.914	261.018
40.272	93.917	261.011
40.257	93.912	261.017
40.237	93.888	261.011
40.212	93.864	261.024
40.180	93.827	261.035
40.151	93.770	261.048
40.103	93.717	261.051
40.069	93.646	261.048
40.056	93.584	261.066
40.059	93.516	261.071
40.051	93.444	261.073
40.035	93.375	261.070
40.021	93.305	261.078
40.019	93.242	261.073
40.006	93.182	261.078
39.983	93.136	261.079
39.958	93.118	261.080
39.942	93.112	261.073
39.922	93.118	261.078
39.890	93.155	261.070
39.855	93.208	261.076
39.876	93.286	261.063
39.900	93.356	261.061
39.928	93.434	261.053
39.956	93.510	261.035
39.971	93.590	261.032
39.972	93.672	261.020
39.970	93.734	261.009
39.990	93.791	261.010
40.012	93.844	261.004
40.048	93.887	261.006
40.099	93.919	261.010
40.147	93.942	261.013
40.202	93.955	261.014
40.254	93.963	261.024
40.300	93.956	261.028
40.335	93.952	261.032
40.351	93.955	261.034
40.326	93.946	261.030
40.306	93.927	261.034
40.278	93.903	261.047
40.264	93.872	261.050
40.241	93.847	261.052
40.211	93.795	261.051
40.180	93.743	261.047
40.155	93.688	261.060
40.127	93.614	261.055
40.089	93.537	261.061
40.054	93.468	261.064
40.028	93.393	261.070
40.015	93.317	261.073
40.010	93.249	261.062
40.012	93.191	261.064
40.002	93.158	261.068
39.999	93.127	261.070
39.990	93.115	261.062
39.972	93.128	261.064
39.944	93.150	261.064
39.928	93.199	261.065
39.908	93.249	261.069
39.881	93.316	261.071
39.859	93.398	261.066
39.879	93.483	261.057
39.910	93.572	261.056
39.949	93.651	261.049
39.995	93.733	261.051
40.045	93.806	261.039
40.110	93.863	261.035
40.209	93.926	261.035
40.312	93.978	261.031
40.294	94.014	261.020
40.272	94.050	261.020
40.278	94.068	261.026
40.303	94.082	261.038
40.302	94.099	261.022
40.303	94.098	261.010
40.296	94.085	261.005
40.293	94.053	260.998
40.277	94.018	260.998
40.252	93.964	261.001
40.223	93.912	261.019
40.190	93.848	261.033
40.151	93.778	261.044
40.110	93.687	261.045
40.070	93.612	261.052
40.065	93.536	261.064
40.071	93.450	261.072
40.075	93.364	261.075
40.066	93.289	261.081
40.048	93.214	261.081
40.026	93.155	261.088
40.023	93.103	261.087
40.020	93.066	261.093
39.996	93.048	261.101
39.988	93.047	261.096
39.975	93.060	261.091
39.962	93.089	261.079
39.941	93.139	261.078
39.922	93.201	261.070
39.906	93.280	261.071
39.871	93.364	261.067
39.871	93.456	261.056
39.890	93.552	261.043
39.932	93.650	261.031
39.961	93.742	261.032
39.986	93.829	261.024
40.001	93.902	261.014
40.015	93.963	261.014
40.038	94.004	261.013
40.073	94.034	261.006
40.114	94.043	261.001
40.156	94.047	261.008
40.208	94.044	261.008
40.260	94.026	261.009
40.303	94.005	261.017
40.338	93.975	261.029
40.360	93.953	261.032
40.354	93.927	261.037
40.336	93.901	261.041
40.311	93.862	261.050
40.290	93.831	261.055
40.261	93.795	261.054
40.230	93.740	261.055
40.193	93.692	261.062
40.165	93.637	261.062
40.133	93.574	261.063
40.114	93.503	261.068
40.077	93.437	261.065
40.043	93.366	261.066
40.033	93.300	261.073
40.021	93.243	261.068
40.016	93.192	261.076
40.012	93.153	261.060
40.004	93.131	261.072
40.004	93.136	261.071
39.991	93.138	261.067
39.966	93.156	261.067
39.943	93.196	261.067
39.924	93.256	261.065
39.894	93.322	261.067
39.872	93.390	261.066
39.858	93.482	261.067
39.878	93.563	261.057
39.912	93.653	261.046
39.962	93.727	261.047
40.024	93.795	261.041
40.101	93.861	261.038
40.196	93.913	261.028
40.310	93.977	261.032
40.292	94.022	261.013
40.246	94.047	261.007
40.232	94.070	261.006
40.258	94.088	261.021
40.297	94.103	261.019
40.302	94.106	261.004
40.293	94.089	260.993
40.279	94.065	260.980
40.255	94.031	260.990
40.225	93.978	261.015
40.199	93.916	261.020
40.160	93.845	261.037
40.110	93.764	261.049
40.068	93.672	261.051
40.054	93.593	261.054
40.059	93.508	261.069
40.064	93.416	261.068
40.064	93.333	261.074
40.053	93.246	261.080
40.041	93.171	261.079
40.026	93.108	261.086
40.025	93.062	261.088
40.012	93.039	261.089
39.995	93.027	261.093
39.990	93.031	261.094
39.991	93.052	261.088
39.972	93.087	261.081
39.960	93.139	261.085
39.949	93.211	261.067
39.934	93.290	261.063
39.909	93.376	261.055
39.900	93.459	261.055
39.881	93.551	261.042
39.885	93.662	261.043
39.906	93.765	261.023
39.947	93.852	261.031
39.991	93.937	261.029
40.014	93.999	261.018
40.043	94.056	261.012
40.065	94.078	261.013
40.086	94.094	261.013
40.113	94.097	261.010
40.145	94.087	261.011
40.178	94.058	261.013
40.217	94.019	261.015
40.247	93.974	261.021
40.272	93.926	261.021
40.283	93.869	261.026
40.287	93.819	261.039
40.279	93.767	261.045
40.263	93.715	261.045
40.245	93.671	261.047
40.213	93.611	261.049
40.183	93.560	261.055
40.161	93.510	261.060
40.135	93.462	261.069
40.114	93.412	261.069
40.098	93.367	261.073
40.077	93.321	261.071
40.056	93.288	261.074
40.043	93.259	261.071
40.029	93.234	261.067
40.019	93.221	261.077
40.010	93.222	261.074
40.006	93.226	261.076
39.994	93.242	261.072
39.988	93.272	261.075
39.970	93.307	261.072
39.951	93.349	261.070
39.936	93.392	261.064
39.920	93.442	261.059
39.912	93.499	261.066
39.876	93.582	261.059
39.878	93.649	261.050
39.899	93.713	261.047
39.936	93.774	261.046
39.971	93.819	261.044
40.017	93.859	261.044
40.065	93.887	261.022
40.130	93.905	261.021
40.227	93.925	261.027
40.326	93.946	261.031
40.299	93.957	261.013
40.280	93.966	261.010
40.283	93.969	261.019
40.323	93.973	261.032
40.324	93.984	261.024
40.320	93.978	261.011
40.304	93.969	261.002
40.287	93.954	261.001
40.260	93.922	261.004
40.234	93.886	261.014
40.206	93.847	261.024
40.165	93.794	261.041
40.131	93.729	261.050
40.085	93.662	261.055
40.064	93.594	261.059
40.057	93.524	261.076
40.067	93.448	261.076
40.052	93.375	261.077
40.035	93.301	261.083
40.026	93.230	261.076
40.015	93.169	261.083
40.013	93.122	261.090
39.995	93.084	261.086
39.989	93.076	261.095
39.981	93.067	261.090
39.969	93.072	261.088
39.949	93.099	261.084
39.942	93.150	261.075
39.926	93.197	261.072
39.906	93.266	261.068
39.890	93.350	261.055
39.868	93.434	261.053
39.882	93.523	261.044
39.911	93.626	261.034
39.954	93.716	261.031
40.000	93.810	261.024
40.047	93.880	261.013
40.086	93.958	261.015
40.120	94.012	261.009
40.164	94.050	261.005
40.224	94.086	261.009
40.280	94.111	261.014
40.331	94.129	261.010
40.328	94.142	261.010
40.309	94.141	261.012
40.293	94.126	261.017
40.279	94.100	261.024
40.271	94.065	261.027
40.243	94.023	261.029
40.217	93.962	261.028
40.184	93.878	261.030
40.155	93.791	261.034
40.127	93.704	261.044
40.098	93.603	261.058
40.062	93.510	261.061
40.038	93.414	261.071
40.033	93.310	261.078
40.039	93.217	261.074
40.034	93.136	261.075
40.021	93.076	261.077
40.013	93.029	261.081
40.010	92.997	261.085
39.990	92.986	261.086
39.971	92.994	261.089
39.966	93.027	261.089
39.957	93.061	261.090
39.933	93.128	261.081
39.926	93.205	261.075
39.916	93.286	261.074
39.905	93.371	261.064
39.895	93.461	261.061
39.884	93.573	261.058
39.908	93.669	261.049
39.975	93.769	261.034
40.060	93.878	261.040
40.152	93.955	261.028
40.263	94.037	261.021
40.316	94.122	261.015
40.269	94.181	261.004
40.252	94.225	261.009
40.253	94.258	261.015
40.289	94.273	261.023
40.303	94.280	261.011
40.313	94.280	260.998
40.314	94.256	260.987
40.310	94.215	260.990
40.291	94.158	261.003
40.266	94.083	261.009
40.233	94.005	261.029
40.194	93.908	261.037
40.137	93.809	261.043
40.096	93.691	261.054
40.075	93.588	261.065
40.067	93.473	261.075
40.078	93.367	261.079
40.073	93.251	261.077
40.054	93.158	261.083
40.032	93.065	261.086
40.034	93.004	261.087
40.023	92.960	261.094
40.002	92.929	261.096
39.988	92.921	261.095
39.990	92.941	261.097
39.984	92.968	261.089
39.972	93.021	261.086
39.958	93.092	261.077
39.952	93.188	261.081
39.939	93.282	261.073
39.920	93.390	261.069
39.920	93.479	261.061
39.916	93.590	261.052
39.902	93.698	261.042
39.883	93.814	261.038
39.908	93.909	261.038
39.949	93.997	261.035
40.008	94.064	261.035
40.065	94.117	261.029
40.114	94.159	261.027
40.164	94.177	261.020
40.223	94.187	261.015
40.279	94.179	261.013
40.324	94.176	261.019
40.311	94.153	261.004
40.290	94.120	261.015
40.285	94.092	261.021
40.279	94.037	261.025
40.268	93.987	261.021
40.255	93.928	261.026
40.219	93.852	261.021
40.191	93.779	261.025
40.156	93.693	261.027
40.130	93.610	261.043
40.100	93.536	261.056
40.061	93.447	261.061
40.032	93.364	261.068
40.033	93.293	261.080
40.039	93.220	261.079
40.041	93.161	261.084
40.034	93.118	261.082
40.027	93.093	261.080
40.025	93.087	261.092
40.009	93.079	261.093
39.994	93.104	261.097
39.991	93.137	261.096
39.979	93.178	261.092
39.958	93.230	261.087
39.945	93.287	261.084
39.940	93.354	261.084
39.931	93.418	261.076
39.924	93.485	261.060
39.930	93.557	261.061
39.920	93.637	261.054
39.934	93.724	261.048
40.011	93.796	261.038
40.110	93.881	261.034
40.234	93.949	261.030
40.318	94.042	261.021
40.282	94.093	261.002
40.257	94.151	260.999
40.246	94.204	261.004
40.272	94.230	261.006
40.292	94.259	260.999
40.296	94.260	260.989
40.301	94.248	260.979
40.300	94.231	260.981
40.282	94.197	260.994
40.264	94.141	261.006
40.232	94.071	261.016
40.193	93.980	261.032
40.143	93.880	261.039
40.101	93.772	261.039
40.083	93.660	261.051
40.072	93.557	261.070
40.073	93.440	261.071
40.070	93.323	261.071
40.053	93.213	261.080
40.041	93.114	261.085
40.041	93.039	261.090
40.024	92.973	261.096
40.010	92.936	261.092
39.999	92.915	261.091
39.990	92.905	261.097
39.984	92.924	261.091
39.973	92.968	261.091
39.966	93.016	261.088
39.973	93.098	261.079
39.964	93.190	261.077
39.954	93.287	261.067
39.947	93.389	261.063
39.946	93.492	261.052
39.944	93.590	261.048
39.944	93.698	261.044
39.941	93.802	261.035
39.948	93.897	261.041
39.950	93.983	261.038
39.991	94.055	261.023
40.049	94.117	261.029
40.118	94.172	261.025
40.181	94.204	261.018
40.251	94.232	261.010
40.295	94.243	261.011
40.324	94.249	261.008
40.316	94.239	261.006
40.293	94.211	261.007
40.282	94.177	261.013
40.278	94.129	261.019
40.260	94.067	261.019
40.243	94.009	261.017
40.215	93.924	261.019
40.182	93.832	261.021
40.154	93.737	261.026
40.122	93.636	261.037
40.083	93.535	261.047
40.051	93.441	261.053
40.027	93.339	261.061
40.021	93.242	261.066
40.022	93.160	261.068
40.025	93.105	261.088
40.023	93.059	261.090
40.030	93.030	261.088
40.018	93.024	261.096
40.001	93.035	261.099
39.990	93.054	261.096
39.986	93.085	261.095
39.968	93.149	261.102
39.957	93.210	261.102
39.960	93.287	261.095
39.955	93.361	261.098
39.953	93.439	261.091
39.957	93.508	261.081
39.966	93.575	261.070
39.975	93.651	261.061
40.004	93.716	261.047
40.047	93.779	261.049
40.111	93.856	261.039
40.178	93.945	261.035
40.203	94.039	261.021
40.197	94.114	261.011
40.212	94.176	261.009
40.251	94.224	261.018
40.299	94.274	261.009
40.302	94.314	260.998
40.295	94.328	260.975
40.295	94.335	260.967
40.279	94.321	260.971
40.264	94.288	260.981
40.249	94.240	260.998
40.224	94.169	261.013
40.187	94.083	261.023
40.144	93.982	261.027
40.108	93.865	261.030
40.091	93.734	261.036
40.090	93.621	261.051
40.082	93.497	261.056
40.065	93.378	261.068
40.051	93.256	261.075
40.035	93.146	261.090
40.035	93.051	261.100
40.030	92.985	261.104
40.013	92.935	261.112
40.008	92.896	261.102
40.006	92.895	261.110
39.994	92.899	261.102
39.988	92.932	261.101
39.978	92.976	261.095
39.981	93.044	261.094
39.976	93.123	261.092
39.972	93.227	261.089
39.975	93.322	261.082
39.977	93.423	261.070
39.981	93.525	261.068
39.987	93.617	261.053
40.002	93.707	261.040
40.016	93.803	261.036
40.031	93.878	261.036
40.059	93.946	261.027
40.087	94.012	261.028
40.120	94.066	261.020
40.151	94.104	261.020
40.173	94.157	261.022
40.207	94.203	261.021
40.249	94.248	261.013
40.263	94.274	261.011
40.269	94.279	261.009
40.274	94.282	261.012
40.262	94.271	261.014
40.235	94.242	261.007
40.205	94.204	261.008
40.179	94.138	261.010
40.152	94.046	261.007
40.137	93.948	261.012
40.117	93.836	261.025
40.101	93.708	261.023
40.063	93.591	261.031
40.043	93.474	261.042
40.042	93.357	261.043
40.037	93.243	261.053
40.028	93.148	261.061
40.021	93.076	261.071
40.012	93.019	261.082
40.004	92.976	261.084
39.987	92.955	261.089
39.987	92.963	261.101
39.977	92.980	261.101
39.971	93.020	261.108
39.975	93.080	261.096
39.972	93.140	261.101
39.974	93.218	261.106
39.968	93.312	261.104
39.973	93.401	261.091
39.997	93.476	261.096
40.040	93.552	261.080
40.104	93.624	261.075
40.194	93.693	261.065
40.307	93.786	261.062
40.307	93.860	261.048
40.267	93.931	261.029
40.238	93.995	261.031
40.237	94.056	261.034
40.255	94.122	261.023
40.236	94.171	260.997
40.216	94.221	260.986
40.172	94.259	260.980
40.145	94.282	260.982
40.150	94.299	260.981
40.159	94.290	260.993
40.163	94.265	261.005
40.137	94.218	261.006
40.095	94.158	261.006
40.055	94.077	261.005
40.040	93.980	261.013
40.050	93.862	261.015
40.054	93.742	261.025
40.047	93.626	261.035
40.027	93.512	261.042
40.026	93.403	261.053
40.041	93.292	261.060
40.033	93.181	261.062
40.025	93.101	261.068
40.020	93.038	261.076
40.013	92.990	261.083
39.995	92.966	261.084
39.986	92.964	261.093
39.988	92.967	261.094
39.979	93.000	261.100
39.982	93.050	261.098
39.988	93.106	261.093
39.994	93.184	261.096
40.000	93.265	261.086
40.001	93.351	261.079
40.012	93.444	261.074
40.031	93.523	261.072
40.051	93.600	261.063
40.084	93.680	261.061
40.122	93.758	261.052
40.160	93.825	261.055
40.206	93.886	261.043
40.249	93.946	261.040
40.277	93.996	261.036
40.300	94.048	261.038
40.306	94.074	261.030
40.296	94.115	261.027
40.276	94.141	261.024
40.248	94.158	261.020
40.198	94.176	261.020
40.117	94.180	261.021
40.092	94.169	261.030
40.090	94.160	261.029
40.100	94.125	261.028
40.104	94.066	261.021
40.105	93.994	261.016
40.076	93.918	261.012
40.036	93.815	261.006
40.010	93.715	261.012
40.005	93.617	261.016
40.000	93.521	261.022
40.005	93.436	261.028
40.019	93.350	261.042
40.025	93.283	261.040
40.023	93.227	261.048
40.019	93.173	261.054
40.006	93.153	261.062
39.996	93.141	261.065
39.983	93.147	261.078
39.977	93.169	261.086
39.967	93.204	261.086
39.969	93.241	261.098
39.971	93.287	261.099
39.994	93.339	261.100
40.031	93.389	261.098
40.097	93.442	261.093
40.181	93.484	261.079
40.311	93.550	261.086
40.338	93.629	261.076
40.282	93.690	261.059
40.252	93.750	261.065
40.251	93.809	261.078
40.278	93.868	261.061
40.287	93.924	261.031
40.299	93.983	261.016
40.302	94.009	261.004
40.289	94.041	260.997
40.263	94.057	261.005
40.230	94.055	261.016
40.195	94.048	261.026
40.129	94.014	261.023
40.054	93.975	261.021
39.999	93.918	261.020
39.961	93.868	261.028
39.927	93.819	261.036
39.959	93.748	261.029
39.991	93.674	261.028
40.006	93.617	261.034
40.010	93.549	261.036
40.007	93.491	261.031
39.997	93.424	261.037
39.977	93.375	261.039
39.970	93.335	261.042
39.973	93.300	261.051
39.990	93.276	261.046
39.989	93.263	261.056
39.994	93.268	261.054
39.998	93.273	261.055
40.003	93.288	261.054
39.989	93.315	261.058
39.991	93.349	261.055
39.999	93.386	261.048
39.988	93.427	261.057
39.996	93.470	261.059
40.009	93.503	261.059
40.031	93.541	261.063
40.063	93.574	261.065
40.100	93.614	261.063
40.137	93.644	261.058
40.181	93.672	261.060
40.226	93.706	261.055
40.255	93.723	261.054
40.283	93.755	261.052
40.301	93.782	261.055
40.311	93.814	261.051
40.317	93.834	261.047
40.310	93.865	261.053
40.298	93.887	261.045
40.280	93.896	261.047
40.246	93.905	261.038
40.216	93.902	261.037
40.169	93.892	261.037
40.119	93.865	261.032
40.082	93.817	261.026
40.037	93.789	261.033
39.993	93.735	261.030
39.924	93.685	261.028
39.912	93.636	261.029
39.935	93.589	261.025
39.961	93.541	261.035
39.987	93.504	261.026
40.003	93.467	261.021
39.995	93.441	261.023
39.984	93.412	261.024
39.967	93.393	261.026
39.959	93.386	261.030
39.964	93.390	261.050
39.959	93.393	261.052
39.969	93.412	261.055
39.979	93.432	261.062
39.986	93.448	261.062
39.986	93.466	261.062
39.993	93.490	261.066
40.024	93.509	261.066
40.076	93.533	261.068
40.164	93.548	261.063
40.290	93.582	261.060
40.336	93.631	261.063
40.284	93.666	261.053
40.242	93.693	261.051
40.240	93.728	261.063
40.258	93.765	261.065
40.271	93.802	261.049
40.256	93.833	261.026
40.238	93.850	261.013
40.227	93.869	261.008
40.207	93.857	261.015
40.182	93.859	261.035
40.152	93.825	261.034
40.115	93.796	261.035
40.063	93.751	261.042
40.029	93.708	261.042
40.027	93.650	261.044
40.018	93.592	261.049
40.006	93.537	261.046
39.978	93.477	261.049
39.938	93.434	261.055
39.890	93.394	261.059
39.892	93.374	261.063
39.917	93.359	261.057
39.947	93.355	261.063
39.966	93.355	261.051
39.992	93.366	261.047
39.984	93.373	261.040
39.968	93.395	261.043
39.966	93.430	261.039
39.971	93.453	261.036
39.968	93.478	261.034
39.983	93.514	261.032
39.998	93.545	261.032
40.011	93.577	261.033
40.025	93.609	261.026
40.039	93.630	261.031
40.057	93.656	261.031
40.073	93.676	261.035
40.097	93.699	261.033
40.115	93.703	261.036
40.138	93.711	261.047
40.159	93.713	261.054
40.187	93.708	261.046
40.210	93.712	261.057
40.233	93.700	261.053
40.248	93.699	261.049
40.259	93.703	261.055
40.253	93.687	261.052
40.241	93.683	261.055
40.224	93.668	261.052
40.201	93.651	261.053
40.178	93.637	261.050
40.155	93.609	261.056
40.128	93.591	261.055
40.103	93.563	261.054
40.072	93.532	261.058
40.047	93.495	261.052
40.024	93.471	261.049
39.994	93.441	261.039
39.970	93.416	261.040
39.948	93.402	261.045
39.930	93.387	261.049
39.898	93.390	261.049
39.893	93.405	261.050
39.909	93.431	261.045
39.939	93.462	261.044
39.962	93.494	261.040
39.984	93.528	261.036
39.985	93.560	261.029
39.973	93.591	261.032
39.967	93.612	261.037
39.969	93.642	261.037
39.979	93.661	261.040
39.986	93.670	261.036
40.009	93.677	261.043
40.036	93.676	261.043
40.078	93.676	261.041
40.134	93.668	261.044
40.213	93.664	261.043
40.308	93.665	261.051
40.363	93.672	261.045
40.314	93.678	261.037
40.280	93.691	261.044
40.270	93.697	261.055
40.291	93.727	261.062
40.305	93.746	261.047
40.307	93.780	261.035
40.306	93.795	261.029
40.302	93.811	261.019
40.280	93.823	261.030
40.245	93.821	261.040
40.212	93.816	261.036
40.178	93.800	261.047
40.126	93.770	261.048
40.080	93.733	261.052
40.064	93.687	261.054
40.052	93.636	261.054
40.044	93.572	261.055
40.019	93.521	261.056
39.982	93.454	261.055
39.952	93.397	261.058
39.933	93.348	261.057
39.886	93.311	261.063
39.873	93.301	261.067
39.885	93.295	261.056
39.927	93.295	261.055
39.950	93.311	261.046
39.958	93.337	261.047
39.956	93.362	261.036
39.946	93.397	261.043
39.938	93.434	261.037
39.944	93.476	261.030
39.959	93.513	261.027
39.974	93.548	261.023
39.992	93.595	261.029
40.014	93.627	261.034
40.036	93.661	261.031
40.064	93.679	261.026
40.099	93.707	261.031
40.144	93.723	261.032
40.194	93.734	261.044
40.252	93.748	261.047
40.318	93.772	261.052
40.340	93.796	261.054
40.317	93.808	261.046
40.290	93.824	261.052
40.274	93.826	261.058
40.268	93.833	261.057
40.264	93.835	261.042
40.235	93.822	261.039
40.210	93.805	261.037
40.181	93.771	261.029
40.159	93.731	261.037
40.132	93.697	261.045
40.093	93.644	261.043
40.059	93.580	261.051
40.026	93.520	261.050
40.010	93.468	261.051
40.009	93.410	261.049
39.995	93.353	261.050
39.974	93.313	261.051
39.952	93.278	261.059
39.941	93.257	261.064
39.912	93.255	261.058
39.871	93.273	261.071
39.884	93.304	261.070
39.910	93.337	261.066
39.943	93.388	261.059
39.960	93.431	261.055
39.977	93.483	261.049
39.970	93.522	261.046
39.969	93.557	261.039
39.979	93.607	261.037
40.004	93.634	261.037
40.031	93.670	261.037
40.083	93.687	261.039
40.144	93.714	261.037
40.209	93.748	261.031
40.297	93.771	261.032
40.358	93.798	261.042
40.334	93.822	261.028
40.304	93.851	261.030
40.278	93.869	261.039
40.281	93.892	261.053
40.271	93.895	261.042
40.259	93.912	261.032
40.248	93.909	261.026
40.232	93.902	261.026
40.218	93.878	261.027
40.187	93.834	261.037
40.161	93.799	261.050
40.125	93.732	261.050
40.085	93.674	261.055
40.050	93.607	261.067
40.038	93.540	261.069
40.044	93.474	261.072
40.035	93.404	261.073
40.018	93.336	261.075
40.002	93.270	261.072
39.990	93.221	261.070
39.979	93.187	261.079
39.949	93.165	261.066
39.926	93.159	261.068
39.906	93.185	261.072
39.861	93.226	261.071
39.868	93.289	261.068
39.901	93.340	261.058
39.937	93.413	261.058
39.957	93.480	261.047
39.973	93.555	261.035
39.974	93.621	261.025
39.980	93.682	261.020
39.987	93.748	261.015
40.005	93.790	261.015
40.034	93.840	261.018
40.079	93.866	261.023
40.128	93.891	261.027
40.181	93.905	261.022
40.236	93.908	261.021
40.286	93.912	261.034
40.330	93.924	261.037
40.347	93.921	261.036
40.317	93.915	261.036
40.291	93.909	261.039
40.266	93.890	261.048
40.260	93.867	261.052
40.237	93.842	261.050
40.212	93.808	261.043
40.189	93.764	261.042
40.161	93.706	261.045
40.134	93.649	261.051
40.104	93.583	261.056
40.072	93.515	261.062
40.032	93.446	261.061
40.020	93.377	261.068
40.016	93.323	261.068
40.017	93.258	261.070
40.001	93.211	261.069
39.997	93.187	261.070
39.997	93.165	261.074
39.971	93.160	261.066
39.942	93.177	261.069
39.927	93.203	261.064
39.906	93.250	261.071
39.858	93.311	261.066
39.859	93.379	261.068
39.890	93.458	261.061
39.927	93.542	261.057
39.957	93.611	261.044
39.993	93.686	261.040
40.025	93.740	261.031
40.066	93.806	261.038
40.133	93.852	261.030
40.228	93.905	261.026
40.321	93.954	261.031
40.299	93.981	261.014
40.284	94.006	261.011
40.284	94.024	261.019
40.318	94.044	261.029
40.317	94.056	261.029
40.309	94.060	261.014
40.291	94.043	261.002
40.276	94.015	261.003
40.255	93.984	261.005
40.229	93.937	261.012
40.191	93.874	261.029
40.163	93.808	261.036
40.119	93.726	261.043
40.078	93.646	261.052
40.055	93.557	261.053
40.060	93.482	261.064
40.061	93.395	261.071
40.053	93.304	261.075
40.037	93.223	261.074
40.026	93.155	261.071
40.021	93.103	261.082
40.011	93.063	261.083
39.995	93.037	261.081
39.980	93.031	261.087
39.967	93.037	261.083
39.952	93.066	261.079
39.931	93.112	261.072
39.913	93.173	261.066
39.895	93.254	261.074
39.857	93.347	261.062
39.874	93.438	261.052
39.905	93.535	261.045
39.931	93.638	261.039
39.970	93.734	261.033
39.992	93.821	261.020
40.003	93.897	261.022
40.025	93.956	261.011
40.061	93.999	261.007
40.104	94.030	261.009
40.155	94.050	261.009
40.217	94.061	261.006
40.277	94.052	261.013
40.337	94.050	261.014
40.361	94.042	261.017
40.338	94.024	261.017
40.313	94.000	261.028
40.283	93.966	261.033
40.271	93.923	261.041
40.247	93.880	261.040
40.224	93.828	261.042
40.185	93.757	261.041
40.157	93.691	261.040
40.138	93.625	261.060
40.110	93.545	261.057
40.081	93.469	261.063
40.054	93.387	261.069
40.034	93.313	261.074
40.029	93.236	261.076
40.023	93.170	261.076
40.015	93.139	261.069
40.010	93.103	261.077
40.006	93.088	261.083
39.998	93.078	261.084
39.977	93.095	261.078
39.961	93.133	261.080
39.950	93.186	261.079
39.922	93.245	261.075
39.903	93.314	261.071
39.894	93.396	261.070
39.865	93.475	261.069
39.879	93.566	261.058
39.926	93.662	261.053
39.988	93.748	261.054
40.068	93.828	261.040
40.153	93.898	261.038
40.262	93.971	261.023
40.319	94.045	261.015
40.273	94.095	261.013
40.257	94.134	261.011
40.271	94.158	261.021
40.296	94.184	261.021
40.306	94.195	261.010
40.300	94.203	261.004
40.287	94.173	260.987
40.282	94.141	260.990
40.259	94.097	260.995
40.230	94.031	261.003
40.205	93.957	261.017
40.161	93.863	261.032
40.114	93.776	261.038
40.073	93.668	261.042
40.057	93.580	261.059
40.059	93.472	261.063
40.065	93.382	261.075
40.058	93.281	261.082
40.049	93.190	261.077
40.035	93.108	261.086
40.029	93.055	261.093
40.021	93.008	261.095
40.003	92.983	261.098
39.993	92.971	261.095
39.990	92.985	261.097
39.976	93.016	261.097
39.969	93.056	261.085
39.957	93.120	261.077
39.952	93.196	261.076
39.931	93.283	261.066
39.918	93.379	261.060
39.913	93.465	261.057
39.909	93.561	261.046
39.885	93.674	261.042
39.899	93.776	261.027
39.944	93.876	261.034
39.993	93.959	261.031
40.053	94.029	261.022
40.108	94.091	261.012
40.156	94.131	261.014
40.202	94.163	261.004
40.248	94.171	261.004
40.303	94.186	261.013
40.325	94.194	261.010
40.311	94.179	261.006
40.300	94.157	261.014
40.280	94.119	261.020
40.275	94.077	261.024
40.259	94.017	261.022
40.229	93.957	261.023
40.198	93.867	261.022
40.169	93.776	261.035
40.135	93.689	261.043
40.099	93.589	261.046
40.073	93.498	261.059
40.036	93.394	261.061
40.029	93.288	261.070
40.034	93.204	261.079
40.036	93.128	261.078
40.032	93.059	261.074
40.026	93.024	261.082
40.018	92.997	261.088
40.003	92.992	261.087
39.986	93.003	261.086
39.980	93.041	261.089
39.976	93.083	261.091
39.956	93.146	261.082
39.942	93.223	261.083
39.944	93.303	261.079
39.930	93.389	261.074
39.927	93.470	261.072
39.933	93.559	261.061
39.955	93.647	261.056
39.963	93.747	261.051
40.050	93.847	261.045
40.178	93.939	261.033
40.285	94.033	261.027
40.266	94.123	261.013
40.256	94.186	261.010
40.267	94.250	261.016
40.282	94.293	261.016
40.277	94.318	261.001
40.274	94.330	260.992
40.314	94.434	261.021
40.308	94.408	261.014
40.301	94.364	261.017
40.285	94.301	261.020
40.257	94.216	261.032
40.231	94.124	261.049
40.190	93.962	261.115
40.127	93.827	261.116
40.091	93.685	261.112
40.073	93.563	261.110
40.054	93.370	261.193
40.056	93.256	261.178
40.048	93.151	261.169
40.039	93.060	261.156
40.040	92.986	261.150
40.039	92.936	261.142
40.023	92.895	261.140
40.007	92.883	261.131
40.002	92.881	261.126
39.998	92.900	261.120
39.985	92.943	261.108
39.983	92.999	261.104
39.988	93.065	261.090
39.986	93.159	261.089
39.978	93.252	261.076
39.976	93.349	261.070
39.976	93.447	261.067
39.971	93.533	261.046
39.979	93.637	261.034
39.980	93.740	261.030
39.987	93.827	261.025
40.000	93.903	261.021
40.012	93.987	261.026
40.015	94.043	261.014
40.037	94.112	261.022
40.095	94.164	261.013
40.158	94.195	261.016
40.214	94.230	261.015
40.258	94.241	261.009
40.281	94.245	261.009
40.282	94.228	261.008
40.285	94.207	261.011
40.281	94.175	261.011
40.269	94.124	261.022
40.258	94.070	261.017
40.244	93.989	261.028
40.222	93.910	261.034
40.194	93.817	261.032
40.163	93.725	261.048
40.133	93.621	261.046
40.100	93.517	261.044
40.078	93.421	261.056
40.057	93.317	261.060
40.039	93.225	261.070
40.028	93.149	261.065
40.017	93.069	261.072
40.018	93.034	261.079
40.012	93.001	261.077
40.013	92.991	261.088
40.010	93.007	261.091
40.000	93.032	261.087
39.985	93.073	261.086
39.973	93.139	261.086
39.968	93.216	261.091
39.960	93.294	261.089
39.961	93.387	261.091
39.961	93.469	261.083
39.966	93.546	261.075
39.974	93.623	261.064
39.979	93.702	261.066
39.983	93.759	261.059
40.000	93.814	261.057
40.039	93.862	261.053
40.094	93.909	261.052
40.170	93.953	261.041
40.205	94.011	261.034
40.174	94.078	261.016
40.172	94.119	261.009
40.205	94.157	261.015
40.263	94.193	261.017
40.305	94.218	261.013
40.300	94.241	260.991
40.298	94.251	260.979
40.284	94.242	260.974
40.270	94.220	260.976
40.247	94.185	260.991
40.231	94.137	261.001
40.210	94.072	261.014
40.162	93.995	261.017
40.125	93.899	261.026
40.097	93.795	261.032
40.081	93.676	261.038
40.077	93.578	261.048
40.070	93.476	261.055
40.054	93.369	261.069
40.031	93.271	261.074
40.029	93.167	261.087
40.026	93.087	261.093
40.024	93.023	261.095
40.006	92.974	261.101
40.007	92.956	261.112
40.004	92.944	261.103
39.991	92.949	261.100
39.980	92.977	261.095
39.978	93.023	261.093
39.977	93.086	261.095
39.964	93.153	261.093
39.966	93.247	261.084
39.969	93.332	261.078
39.965	93.418	261.070
39.972	93.507	261.061
39.985	93.596	261.052
39.989	93.674	261.041
39.997	93.757	261.032
40.003	93.833	261.033
40.018	93.893	261.029
40.037	93.949	261.026
40.060	94.002	261.027
40.082	94.035	261.018
40.109	94.071	261.018
40.120	94.110	261.019
40.162	94.140	261.015
40.226	94.170	261.009
40.273	94.183	261.018
40.306	94.191	261.002
40.326	94.203	261.008
40.317	94.203	261.009
40.298	94.188	261.008
40.274	94.167	261.008
40.256	94.128	261.012
40.230	94.065	261.016
40.198	93.994	261.030
40.176	93.907	261.025
40.158	93.815	261.033
40.127	93.708	261.032
40.092	93.594	261.040
40.066	93.489	261.043
40.046	93.387	261.049
40.034	93.277	261.058
40.027	93.175	261.070
40.015	93.097	261.070
40.014	93.038	261.087
40.008	92.987	261.082
39.999	92.970	261.086
39.988	92.965	261.092
39.990	92.984	261.097
39.982	93.019	261.107
39.976	93.062	261.103
39.977	93.139	261.103
39.965	93.211	261.102
39.959	93.294	261.100
39.957	93.382	261.094
39.966	93.464	261.090
39.973	93.544	261.090
39.985	93.626	261.077
40.004	93.683	261.064
40.049	93.754	261.059
40.113	93.809	261.054
40.201	93.869	261.048
40.290	93.934	261.046
40.258	93.996	261.025
40.198	94.053	261.010
40.144	94.104	261.014
40.160	94.174	261.028
40.204	94.228	261.015
40.242	94.278	260.992
40.270	94.319	260.977
40.286	94.333	260.964
40.279	94.338	260.968
40.248	94.323	260.979
40.217	94.287	260.983
40.192	94.244	261.000
40.146	94.167	261.002
40.106	94.088	261.017
40.092	93.980	261.020
40.087	93.857	261.028
40.089	93.736	261.038
40.086	93.615	261.047
40.067	93.501	261.054
40.044	93.369	261.060
40.033	93.254	261.072
40.036	93.145	261.082
40.029	93.055	261.096
40.008	92.989	261.094
39.999	92.941	261.107
40.001	92.916	261.107
39.996	92.900	261.112
39.987	92.910	261.108
39.987	92.935	261.104
39.990	92.986	261.101
39.983	93.044	261.099
39.975	93.129	261.096
39.974	93.219	261.089
39.972	93.320	261.087
39.968	93.414	261.071
39.981	93.502	261.067
39.994	93.597	261.062
40.008	93.676	261.053
40.017	93.773	261.046
40.027	93.839	261.037
40.048	93.905	261.032
40.063	93.957	261.029
40.078	94.002	261.029
40.091	94.041	261.020
40.103	94.067	261.016
40.113	94.087	261.017
40.104	94.094	261.008
40.104	94.112	261.016
40.134	94.126	261.013
40.171	94.122	261.008
40.206	94.115	261.017
40.221	94.095	261.002
40.217	94.073	261.000
40.187	94.030	261.003
40.158	93.990	261.003
40.142	93.926	261.011
40.126	93.863	261.015
40.112	93.785	261.019
40.101	93.699	261.017
40.083	93.623	261.031
40.066	93.543	261.031
40.054	93.468	261.037
40.049	93.384	261.044
40.040	93.313	261.047
40.031	93.244	261.055
40.021	93.198	261.068
40.018	93.155	261.078
40.001	93.130	261.078
39.994	93.122	261.086
39.992	93.130	261.093
39.989	93.141	261.097
39.983	93.161	261.099
39.983	93.200	261.098
39.979	93.242	261.099
39.972	93.298	261.098
39.966	93.348	261.091
39.963	93.408	261.093
39.960	93.459	261.082
39.973	93.518	261.078
39.984	93.566	261.070
40.004	93.608	261.065
40.034	93.654	261.058
40.072	93.692	261.050
40.124	93.738	261.047
40.184	93.768	261.044
40.253	93.812	261.039
40.305	93.868	261.030
40.278	93.924	261.020
40.231	93.968	261.010
40.188	94.021	261.012
40.156	94.085	261.015
40.132	94.142	261.007
40.136	94.198	261.002
40.152	94.223	260.994
40.168	94.245	260.976
40.177	94.240	260.985
40.159	94.215	260.998
40.126	94.173	261.004
40.089	94.114	261.005
40.045	94.031	261.015
40.030	93.934	261.023
40.040	93.830	261.022
40.057	93.716	261.031
40.060	93.621	261.041
40.050	93.518	261.042
40.036	93.412	261.048
40.041	93.310	261.055
40.031	93.217	261.068
40.017	93.137	261.078
40.006	93.078	261.084
40.000	93.033	261.089
39.992	93.005	261.093
39.984	92.996	261.096
39.992	93.005	261.100
39.993	93.025	261.095
39.994	93.063	261.099
39.995	93.120	261.095
39.997	93.194	261.086
39.992	93.269	261.086
39.998	93.356	261.079
40.003	93.440	261.072
40.014	93.514	261.065
40.033	93.599	261.063
40.060	93.672	261.052
40.090	93.751	261.047
40.111	93.820	261.047
40.140	93.886	261.040
40.161	93.934	261.040
40.170	93.986	261.028
40.175	94.027	261.025
40.171	94.047	261.019
40.157	94.070	261.019
40.139	94.079	261.014
40.112	94.091	261.015
40.048	94.094	261.015
40.055	94.097	261.011
40.077	94.083	261.017
40.096	94.054	261.016
40.112	94.020	261.022
40.105	93.966	261.011
40.077	93.909	261.012
40.045	93.839	261.010
40.029	93.761	261.009
40.022	93.691	261.021
40.022	93.605	261.027
40.016	93.534	261.029
40.021	93.470	261.032
40.029	93.408	261.039
40.028	93.349	261.044
40.024	93.301	261.052
40.015	93.260	261.061
40.003	93.232	261.063
39.992	93.221	261.065
39.984	93.221	261.075
39.979	93.227	261.087
39.976	93.247	261.092
39.971	93.270	261.086
39.977	93.303	261.095
39.989	93.344	261.092
39.995	93.387	261.095
39.998	93.426	261.086
40.015	93.464	261.081
40.028	93.503	261.080
40.044	93.544	261.074
40.091	93.588	261.070
40.133	93.623	261.065
40.186	93.670	261.061
40.252	93.719	261.058
40.307	93.774	261.046
40.328	93.830	261.045
40.299	93.878	261.034
40.278	93.922	261.031
40.247	93.976	261.032
40.215	94.014	261.025
40.185	94.055	261.014
40.141	94.082	261.009
40.095	94.085	261.009
40.047	94.087	261.010
39.990	94.072	261.011
39.991	94.056	261.018
40.000	94.017	261.025
40.008	93.972	261.030
40.018	93.903	261.021
40.029	93.832	261.018
40.020	93.750	261.013
39.996	93.677	261.016
39.991	93.591	261.029
39.990	93.529	261.034
39.986	93.460	261.050
39.987	93.409	261.051
39.990	93.346	261.057
39.997	93.306	261.062
39.993	93.265	261.068
39.993	93.249	261.066
39.993	93.226	261.079
39.992	93.230	261.080
39.993	93.238	261.088
40.004	93.252	261.090
40.045	93.278	261.090
40.098	93.306	261.084
40.179	93.344	261.076
40.292	93.408	261.070
40.351	93.490	261.071
40.299	93.566	261.055
40.271	93.642	261.056
40.267	93.722	261.067
40.291	93.808	261.064
40.289	93.886	261.042
40.280	93.965	261.028
40.280	94.030	261.015
40.269	94.073	261.009
40.251	94.108	261.011
40.233	94.124	261.016
40.201	94.116	261.024
40.161	94.092	261.031
40.102	94.057	261.033
40.047	93.986	261.030
40.020	93.913	261.033
39.996	93.835	261.035
39.980	93.753	261.040
39.917	93.668	261.043
39.905	93.594	261.036
39.931	93.512	261.040
39.966	93.456	261.047
39.994	93.393	261.045
40.000	93.337	261.040
39.976	93.294	261.035
39.966	93.265	261.035
39.956	93.246	261.038
39.953	93.252	261.036
39.958	93.258	261.046
39.979	93.282	261.045
39.982	93.311	261.052
39.987	93.352	261.044
39.996	93.396	261.049
39.997	93.452	261.047
40.001	93.493	261.047
40.010	93.538	261.046
40.027	93.593	261.048
40.049	93.624	261.047
40.086	93.663	261.056
40.134	93.699	261.054
40.192	93.729	261.060
40.257	93.764	261.060
40.322	93.803	261.061
40.347	93.832	261.057
40.318	93.852	261.052
40.283	93.863	261.052
40.261	93.879	261.049
40.246	93.889	261.050
40.230	93.891	261.036
40.205	93.885	261.035
40.180	93.855	261.033
40.161	93.817	261.028
40.139	93.778	261.035
40.110	93.720	261.036
40.074	93.661	261.039
40.075	93.725	261.077
40.037	93.661	261.072
40.020	93.607	261.079
40.003	93.551	261.087
39.983	93.511	261.078
39.952	93.488	261.092
39.931	93.477	261.087
39.952	93.413	261.165
39.964	93.395	261.135
39.978	93.409	261.131
39.999	93.428	261.109
39.998	93.454	261.095
39.973	93.471	261.080
39.967	93.501	261.064
39.969	93.532	261.055
39.976	93.567	261.054
39.987	93.589	261.040
40.009	93.611	261.040
40.045	93.642	261.039
40.091	93.662	261.041
40.142	93.687	261.040
40.210	93.701	261.036
40.296	93.732	261.046
40.354	93.766	261.045
40.314	93.786	261.035
40.283	93.811	261.039
40.259	93.837	261.052
40.267	93.852	261.053
40.271	93.880	261.038
40.266	93.893	261.037
40.256	93.896	261.034
40.244	93.894	261.028
40.233	93.886	261.025
40.203	93.852	261.035
40.168	93.808	261.047
40.121	93.759	261.050
40.081	93.706	261.061
40.047	93.641	261.062
40.039	93.578	261.068
40.038	93.516	261.070
40.026	93.451	261.063
40.005	93.381	261.060
39.984	93.323	261.062
39.965	93.274	261.061
39.951	93.244	261.057
39.919	93.226	261.065
39.867	93.230	261.070
39.877	93.263	261.066
39.908	93.295	261.056
39.932	93.336	261.056
39.953	93.396	261.053
39.969	93.451	261.037
39.967	93.501	261.028
39.961	93.559	261.027
39.968	93.617	261.022
39.979	93.675	261.021
39.988	93.722	261.019
40.007	93.756	261.010
40.035	93.796	261.021
40.058	93.817	261.029
40.094	93.839	261.026
40.135	93.847	261.029
40.175	93.838	261.030
40.220	93.843	261.036
40.256	93.833	261.039
40.302	93.826	261.042
40.330	93.830	261.050
40.337	93.822	261.048
40.316	93.815	261.046
40.295	93.812	261.063
40.274	93.799	261.060
40.262	93.779	261.060
40.232	93.763	261.052
40.197	93.735	261.053
40.160	93.690	261.047
40.130	93.647	261.053
40.101	93.599	261.055
40.072	93.541	261.056
40.037	93.491	261.062
40.019	93.435	261.056
40.004	93.381	261.061
39.999	93.329	261.051
39.988	93.291	261.049
39.971	93.262	261.058
39.960	93.243	261.056
39.941	93.248	261.056
39.906	93.266	261.054
39.866	93.301	261.065
39.873	93.357	261.061
39.893	93.406	261.055
39.930	93.460	261.049
39.960	93.520	261.051
39.972	93.580	261.048
39.971	93.633	261.038
39.981	93.685	261.034
40.002	93.724	261.033
40.058	93.743	261.037
40.142	93.778	261.040
40.261	93.810	261.041
40.344	93.847	261.040
40.311	93.874	261.025
40.287	93.877	261.025
40.292	93.894	261.028
40.318	93.913	261.040
40.311	93.940	261.024
40.298	93.947	261.019
40.286	93.941	261.003
40.262	93.932	261.006
40.238	93.909	261.009
40.212	93.881	261.020
40.187	93.843	261.034
40.158	93.792	261.043
40.114	93.728	261.044
40.072	93.667	261.047
40.060	93.598	261.057
40.053	93.539	261.070
40.049	93.461	261.072
40.038	93.396	261.073
40.025	93.318	261.073
40.015	93.257	261.075
40.011	93.197	261.078
39.995	93.150	261.082
39.964	93.136	261.085
39.943	93.122	261.076
39.928	93.132	261.072
39.898	93.167	261.073
39.858	93.213	261.072
39.873	93.281	261.066
39.901	93.361	261.062
39.932	93.428	261.051
39.958	93.511	261.042
39.974	93.582	261.034
39.970	93.660	261.022
39.973	93.735	261.020
39.986	93.796	261.014
40.010	93.852	261.008
40.041	93.888	261.015
40.088	93.916	261.012
40.130	93.940	261.015
40.181	93.949	261.020
40.228	93.956	261.023
40.270	93.953	261.031
40.302	93.950	261.020
40.332	93.942	261.035
40.347	93.931	261.040
40.341	93.924	261.044
40.318	93.907	261.045
40.295	93.882	261.053
40.278	93.858	261.056
40.256	93.825	261.051
40.223	93.780	261.043
40.189	93.734	261.057
40.155	93.684	261.060
40.124	93.612	261.060
40.093	93.544	261.058
40.057	93.473	261.058
40.030	93.399	261.061
40.020	93.343	261.064
40.015	93.266	261.058
40.011	93.216	261.059
40.008	93.181	261.061
39.997	93.152	261.056
39.984	93.150	261.056
39.959	93.161	261.062
39.933	93.187	261.064
39.914	93.229	261.064
39.890	93.283	261.066
39.853	93.365	261.066
39.865	93.441	261.061
39.902	93.525	261.056
39.929	93.609	261.050
39.960	93.679	261.050
39.993	93.761	261.050
40.021	93.817	261.038
40.079	93.867	261.038
40.176	93.911	261.029
40.303	93.950	261.035
40.312	93.979	261.017
40.273	94.010	261.014
40.257	94.024	261.014
40.283	94.041	261.039
40.313	94.047	261.034
40.318	94.040	261.015
40.319	94.043	261.002
40.312	94.015	260.994
40.286	93.989	261.002
40.255	93.954	261.014
40.224	93.901	261.032
40.187	93.845	261.039
40.148	93.783	261.047
40.104	93.699	261.052
40.075	93.631	261.062
40.070	93.555	261.071
40.070	93.472	261.074
40.071	93.393	261.071
40.064	93.316	261.078
40.039	93.245	261.078
40.015	93.182	261.079
40.017	93.129	261.082
40.007	93.101	261.085
39.988	93.076	261.081
39.976	93.072	261.079
39.967	93.092	261.081
39.951	93.130	261.076
39.919	93.178	261.071
39.904	93.254	261.064
39.868	93.334	261.061
39.873	93.421	261.057
39.898	93.525	261.045
39.930	93.622	261.043
39.965	93.710	261.040
39.979	93.797	261.027
39.984	93.874	261.026
39.996	93.940	261.021
40.014	93.982	261.016
40.038	94.014	261.018
40.070	94.028	261.017
40.112	94.031	261.016
40.159	94.025	261.020
40.205	94.013	261.020
40.250	93.979	261.024
40.291	93.947	261.025
40.319	93.909	261.029
40.342	93.881	261.040
40.351	93.853	261.045
40.345	93.820	261.046
40.329	93.804	261.049
40.307	93.778	261.052
40.285	93.747	261.051
40.250	93.720	261.053
40.220	93.677	261.056
40.183	93.639	261.058
40.157	93.603	261.059
40.126	93.551	261.055
40.096	93.504	261.059
40.065	93.443	261.063
40.036	93.387	261.062
40.022	93.342	261.059
40.016	93.303	261.060
40.011	93.260	261.060
40.004	93.242	261.064
39.994	93.220	261.057
39.980	93.226	261.054
39.957	93.237	261.063
39.932	93.277	261.065
39.910	93.316	261.060
39.871	93.362	261.061
39.856	93.430	261.062
39.883	93.504	261.063
39.913	93.572	261.050
39.944	93.641	261.050
39.970	93.705	261.042
39.986	93.772	261.040
40.001	93.802	261.038
40.052	93.841	261.032
40.139	93.860	261.029
40.264	93.890	261.030
40.327	93.921	261.027
40.291	93.937	261.019
40.269	93.943	261.014
40.273	93.955	261.027
40.300	93.956	261.028
40.311	93.966	261.022
40.311	93.976	261.010
40.309	93.960	260.995
40.281	93.948	260.995
40.255	93.917	261.012
40.224	93.895	261.028
40.193	93.843	261.042
40.161	93.787	261.042
40.117	93.724	261.050
40.075	93.664	261.056
40.065	93.593	261.063
40.060	93.526	261.073
40.066	93.453	261.077
40.061	93.376	261.073
40.040	93.309	261.075
40.014	93.242	261.074
40.012	93.186	261.078
40.006	93.143	261.081
39.989	93.114	261.082
39.972	93.110	261.081
39.963	93.115	261.077
39.947	93.137	261.068
39.924	93.174	261.063
39.905	93.231	261.068
39.869	93.306	261.065
39.867	93.386	261.062
39.882	93.475	261.050
39.918	93.562	261.038
39.955	93.666	261.033
39.971	93.753	261.025
39.983	93.828	261.008
39.993	93.902	261.016
39.997	93.953	261.016
40.023	93.989	261.012
40.050	94.008	261.019
40.082	94.026	261.017
40.123	94.016	261.017
40.160	94.008	261.023
40.194	93.980	261.020
40.228	93.955	261.023
40.257	93.912	261.029
40.287	93.877	261.036
40.293	93.835	261.041
40.298	93.797	261.039
40.293	93.764	261.052
40.286	93.724	261.046
40.270	93.698	261.052
40.251	93.660	261.053
40.223	93.619	261.048
40.196	93.583	261.057
40.163	93.548	261.059
40.137	93.511	261.059
40.104	93.466	261.061
40.077	93.430	261.065
40.053	93.387	261.061
40.032	93.354	261.064
40.021	93.327	261.063
40.008	93.300	261.064
40.001	93.280	261.055
39.991	93.276	261.059
39.976	93.287	261.055
39.964	93.301	261.057
39.946	93.337	261.062
39.920	93.368	261.070
39.899	93.410	261.055
39.863	93.469	261.064
39.878	93.528	261.054
39.909	93.598	261.053
39.941	93.658	261.050
39.963	93.716	261.047
39.985	93.769	261.037
39.988	93.806	261.035
40.011	93.832	261.032
40.063	93.851	261.037
40.148	93.852	261.030
40.267	93.864	261.034
40.337	93.884	261.036
40.305	93.886	261.018
40.292	93.881	261.030
40.306	93.890	261.031
40.313	93.895	261.036
40.310	93.901	261.031
40.293	93.892	261.015
40.273	93.892	261.004
40.256	93.883	261.001
40.238	93.863	261.011
40.211	93.834	261.013
40.178	93.800	261.030
40.147	93.763	261.050
40.111	93.706	261.049
40.074	93.651	261.048
40.059	93.598	261.058
40.061	93.536	261.065
40.056	93.476	261.078
40.048	93.416	261.076
40.032	93.352	261.076
40.016	93.289	261.073
40.015	93.254	261.077
40.008	93.200	261.088
39.982	93.180	261.090
39.966	93.163	261.093
39.955	93.159	261.084
39.930	93.172	261.075
39.905	93.206	261.073
39.870	93.261	261.075
39.866	93.322	261.065
39.883	93.384	261.056
39.915	93.463	261.050
39.954	93.539	261.041
39.969	93.615	261.032
39.977	93.685	261.022
39.988	93.752	261.010
39.998	93.809	261.013
40.019	93.858	261.006
40.051	93.901	261.011
40.092	93.928	261.005
40.137	93.951	261.011
40.181	93.957	261.012
40.226	93.962	261.022
40.257	93.960	261.018
40.292	93.948	261.019
40.316	93.935	261.029
40.329	93.928	261.038
40.332	93.914	261.043
40.331	93.895	261.048
40.317	93.880	261.056
40.297	93.847	261.056
40.275	93.818	261.047
40.248	93.776	261.060
40.210	93.731	261.061
40.179	93.687	261.057
40.142	93.622	261.064
40.109	93.559	261.067
40.074	93.488	261.064
40.047	93.417	261.058
40.030	93.352	261.062
40.012	93.290	261.058
40.014	93.238	261.057
39.999	93.193	261.055
39.988	93.161	261.064
39.977	93.158	261.066
39.963	93.160	261.059
39.941	93.187	261.054
39.924	93.230	261.061
39.895	93.290	261.061
39.857	93.357	261.065
39.867	93.434	261.055
39.894	93.517	261.054
39.929	93.609	261.054
39.958	93.687	261.048
39.977	93.759	261.049
39.993	93.822	261.041
40.022	93.873	261.042
40.092	93.899	261.039
40.201	93.936	261.031
40.318	93.967	261.042
40.309	93.987	261.021
40.277	93.987	261.017
40.260	93.990	261.016
40.287	93.991	261.038
40.307	93.992	261.030
40.306	93.984	261.018
40.297	93.964	260.998
40.287	93.943	260.987
40.257	93.913	261.002
40.228	93.880	261.021
40.201	93.831	261.037
40.162	93.773	261.038
40.126	93.714	261.047
40.091	93.650	261.050
40.063	93.584	261.060
40.062	93.521	261.067
40.067	93.464	261.068
40.070	93.392	261.074
40.046	93.321	261.073
40.026	93.267	261.076
40.016	93.218	261.081
40.015	93.183	261.087
40.007	93.156	261.080
39.981	93.145	261.082
39.960	93.148	261.079
39.960	93.167	261.078
39.931	93.198	261.074
39.911	93.261	261.066
39.870	93.325	261.070
39.879	93.402	261.055
39.898	93.487	261.047
39.929	93.564	261.040
39.959	93.641	261.030
39.982	93.728	261.030
39.978	93.798	261.016
39.980	93.859	261.013
39.990	93.907	261.013
40.011	93.942	261.016
40.022	93.963	261.006
40.057	93.969	261.012
40.087	93.967	261.011
40.111	93.947	261.011
40.139	93.929	261.023
40.161	93.892	261.023
40.182	93.855	261.030
40.202	93.804	261.036
40.216	93.763	261.036
40.223	93.724	261.049
40.227	93.678	261.047
40.225	93.633	261.046
40.219	93.596	261.055
40.214	93.556	261.058
40.198	93.511	261.052
40.181	93.485	261.051
40.159	93.453	261.060
40.140	93.429	261.057
40.118	93.412	261.059
40.089	93.392	261.066
40.069	93.378	261.062
40.050	93.355	261.063
40.034	93.356	261.064
40.019	93.352	261.058
40.005	93.350	261.064
39.998	93.365	261.060
39.982	93.373	261.053
39.962	93.397	261.059
39.948	93.420	261.057
39.935	93.451	261.053
39.915	93.484	261.051
39.874	93.534	261.047
39.882	93.585	261.045
39.905	93.638	261.043
39.941	93.685	261.040
39.973	93.725	261.040
39.989	93.754	261.035
39.985	93.775	261.027
39.980	93.791	261.026
39.996	93.789	261.027
40.019	93.788	261.028
40.065	93.770	261.028
40.132	93.759	261.030
40.206	93.744	261.039
40.300	93.748	261.033
40.365	93.740	261.030
40.332	93.746	261.027
40.307	93.744	261.036
40.283	93.749	261.036
40.290	93.763	261.043
40.290	93.779	261.044
40.277	93.800	261.038
40.260	93.801	261.025
40.246	93.814	261.028
40.229	93.807	261.017
40.206	93.799	261.039
40.174	93.771	261.041
40.144	93.743	261.052
40.106	93.713	261.055
40.064	93.657	261.061
40.054	93.611	261.065
40.053	93.564	261.062
40.043	93.508	261.066
40.028	93.447	261.065
40.011	93.388	261.065
40.003	93.336	261.068
39.999	93.284	261.068
39.979	93.247	261.069
39.954	93.225	261.067
39.929	93.217	261.074
39.909	93.232	261.066
39.859	93.261	261.063
39.861	93.306	261.065
39.893	93.360	261.053
39.934	93.414	261.051
39.954	93.470	261.042
39.972	93.542	261.035
39.971	93.598	261.017
39.970	93.659	261.017
39.981	93.710	261.011
39.997	93.756	261.013
40.015	93.802	261.011
40.056	93.836	261.015
40.093	93.854	261.017
40.131	93.876	261.025
40.171	93.885	261.018
40.204	93.880	261.025
40.239	93.884	261.030
40.269	93.877	261.034
40.290	93.862	261.039
40.308	93.855	261.043
40.324	93.848	261.047
40.325	93.833	261.047
40.317	93.824	261.056
40.309	93.807	261.053
40.283	93.790	261.051
40.261	93.768	261.047
40.226	93.740	261.053
40.185	93.694	261.062
40.148	93.648	261.054
40.112	93.599	261.054
40.085	93.554	261.062
40.061	93.493	261.061
40.037	93.430	261.057
40.019	93.379	261.062
40.010	93.324	261.058
40.002	93.279	261.057
39.985	93.242	261.059
39.970	93.226	261.059
39.957	93.214	261.047
39.940	93.231	261.054
39.909	93.259	261.058
39.873	93.301	261.061
39.862	93.364	261.063
39.877	93.426	261.058
39.913	93.489	261.060
39.950	93.558	261.061
39.971	93.625	261.047
39.978	93.688	261.040
39.975	93.749	261.040
39.977	93.788	261.039
39.999	93.814	261.036
40.060	93.831	261.042
40.154	93.849	261.042
40.284	93.865	261.040
40.351	93.880	261.040
40.312	93.886	261.022
40.290	93.881	261.026
40.299	93.891	261.040
40.313	93.895	261.037
40.307	93.897	261.037
40.297	93.897	261.011
40.280	93.891	261.001
40.258	93.885	261.011
40.236	93.869	261.005
40.205	93.845	261.021
40.181	93.799	261.028
40.149	93.757	261.035
40.116	93.714	261.045
40.077	93.655	261.048
40.058	93.596	261.058
40.056	93.540	261.066
40.054	93.485	261.072
40.040	93.413	261.080
40.025	93.359	261.077
40.014	93.299	261.079
40.010	93.258	261.084
39.994	93.202	261.084
39.971	93.189	261.090
39.948	93.176	261.081
39.934	93.176	261.085
39.896	93.199	261.083
39.856	93.246	261.077
39.873	93.302	261.068
39.903	93.371	261.060
39.933	93.428	261.054
39.958	93.503	261.046
39.973	93.571	261.034
39.970	93.636	261.022
39.971	93.700	261.015
39.989	93.758	261.009
40.004	93.808	261.011
40.034	93.848	261.010
40.075	93.882	261.009
40.119	93.904	261.016
40.159	93.917	261.009
40.193	93.922	261.019
40.229	93.920	261.020
40.263	93.917	261.027
40.289	93.906	261.034
40.305	93.894	261.033
40.324	93.890	261.040
40.321	93.878	261.046
40.316	93.858	261.053
40.305	93.829	261.056
40.286	93.810	261.052
40.264	93.780	261.057
40.228	93.730	261.060
40.194	93.693	261.061
40.152	93.640	261.061
40.123	93.588	261.058
40.096	93.530	261.059
40.062	93.459	261.057
40.040	93.391	261.058
40.025	93.330	261.057
40.017	93.284	261.053
40.009	93.234	261.056
40.001	93.203	261.059
39.986	93.177	261.057
39.978	93.178	261.056
39.951	93.195	261.056
39.919	93.226	261.056
39.899	93.267	261.059
39.866	93.333	261.064
39.863	93.404	261.055
39.889	93.476	261.054
39.921	93.555	261.048
39.954	93.636	261.046
39.972	93.709	261.047
39.978	93.770	261.042
39.983	93.822	261.039
40.005	93.854	261.035
40.064	93.877	261.038
40.161	93.890	261.036
40.291	93.908	261.039
40.336	93.924	261.029
40.296	93.924	261.024
40.276	93.912	261.026
40.289	93.919	261.037
40.317	93.917	261.045
40.320	93.916	261.021
40.309	93.902	261.009
40.297	93.896	261.001
40.276	93.875	261.005
40.246	93.843	261.014
40.223	93.820	261.026
40.192	93.785	261.037
40.151	93.733	261.038
40.113	93.685	261.042
40.072	93.630	261.054
40.068	93.581	261.056
40.059	93.526	261.075
40.054	93.457	261.066
40.040	93.398	261.078
40.024	93.336	261.079
40.013	93.290	261.079
40.007	93.238	261.082
39.994	93.205	261.088
39.963	93.179	261.077
39.945	93.176	261.079
39.930	93.180	261.076
39.902	93.215	261.077
39.853	93.261	261.071
39.864	93.321	261.068
39.887	93.380	261.062
39.916	93.448	261.059
39.948	93.522	261.044
39.962	93.589	261.038
39.968	93.660	261.018
39.963	93.716	261.010
39.969	93.780	261.013
39.990	93.821	261.011
40.009	93.856	261.010
40.060	93.886	261.010
40.103	93.902	261.007
40.147	93.913	261.019
40.191	93.912	261.021
40.241	93.915	261.023
40.282	93.911	261.029
40.309	93.898	261.032
40.339	93.896	261.046
40.344	93.891	261.039
40.323	93.878	261.041
40.309	93.867	261.049
40.290	93.852	261.058
40.271	93.830	261.059
40.245	93.804	261.052
40.213	93.773	261.057
40.178	93.722	261.058
40.144	93.671	261.053
40.112	93.621	261.062
40.081	93.552	261.057
40.046	93.488	261.059
40.027	93.424	261.064
40.017	93.356	261.068
40.015	93.294	261.062
40.008	93.249	261.058
40.001	93.213	261.063
39.996	93.189	261.059
39.981	93.180	261.063
39.954	93.198	261.068
39.928	93.226	261.072
39.905	93.267	261.070
39.871	93.316	261.063
39.861	93.389	261.075
39.883	93.460	261.067
39.914	93.528	261.054
39.946	93.609	261.054
39.977	93.677	261.050
40.002	93.742	261.041
40.044	93.794	261.041
40.106	93.843	261.031
40.215	93.887	261.032
40.321	93.930	261.038
40.303	93.961	261.028
40.271	93.982	261.011
40.266	93.993	261.016
40.298	94.011	261.035
40.334	94.030	261.028
40.330	94.032	261.011
40.332	94.029	260.992
40.313	94.020	260.995
40.274	93.987	260.999
40.248	93.960	261.018
40.216	93.920	261.031
40.182	93.859	261.040
40.136	93.796	261.047
40.094	93.720	261.052
40.073	93.641	261.055
40.071	93.567	261.067
40.072	93.488	261.070
40.069	93.405	261.071
40.050	93.318	261.073
40.028	93.241	261.078
40.017	93.182	261.082
40.012	93.132	261.084
40.004	93.094	261.088
39.981	93.080	261.088
39.970	93.066	261.083
39.954	93.076	261.080
39.934	93.121	261.070
39.913	93.172	261.070
39.895	93.246	261.075
39.860	93.333	261.073
39.872	93.419	261.062
39.903	93.508	261.039
39.941	93.607	261.038
39.966	93.705	261.029
39.977	93.789	261.019
39.981	93.870	261.015
39.995	93.931	261.020
40.016	93.982	261.009
40.045	94.011	261.013
40.083	94.031	261.010
40.130	94.041	261.012
40.177	94.035	261.015
40.225	94.016	261.010
40.272	93.993	261.014
40.310	93.967	261.024
40.337	93.949	261.031
40.351	93.919	261.036
40.340	93.886	261.041
40.313	93.860	261.044
40.297	93.820	261.048
40.272	93.795	261.049
40.245	93.767	261.048
40.210	93.719	261.053
40.180	93.673	261.055
40.151	93.622	261.054
40.123	93.568	261.052
40.096	93.507	261.056
40.059	93.438	261.062
40.034	93.374	261.067
40.017	93.321	261.062
40.015	93.276	261.069
40.009	93.232	261.061
40.009	93.200	261.069
40.000	93.185	261.072
39.993	93.185	261.070
39.969	93.197	261.065
39.942	93.234	261.061
39.916	93.265	261.064
39.894	93.324	261.072
39.864	93.385	261.063
39.860	93.470	261.066
39.885	93.546	261.057
39.916	93.624	261.048
39.948	93.692	261.039
39.982	93.756	261.044
40.026	93.814	261.040
40.079	93.857	261.035
40.173	93.898	261.024
40.294	93.939	261.033
40.305	93.972	261.013
40.270	94.000	261.014
40.255	94.016	261.011
40.274	94.023	261.024
40.310	94.032	261.023
40.316	94.046	261.019
40.318	94.045	260.998
40.317	94.026	260.982
40.286	94.001	260.996
40.251	93.971	261.013
40.217	93.920	261.030
40.187	93.865	261.038
40.144	93.798	261.044
40.106	93.721	261.058
40.078	93.648	261.059
40.068	93.573	261.070
40.076	93.502	261.069
40.078	93.412	261.074
40.063	93.325	261.080
40.041	93.255	261.077
40.024	93.182	261.078
40.021	93.131	261.086
40.015	93.097	261.093
40.002	93.075	261.090
39.984	93.074	261.087
39.979	93.077	261.083
39.965	93.108	261.075
39.943	93.159	261.068
39.922	93.218	261.061
39.908	93.304	261.062
39.884	93.374	261.067
39.867	93.472	261.046
39.890	93.570	261.036
39.921	93.675	261.035
39.948	93.773	261.032
39.978	93.859	261.027
39.989	93.933	261.022
40.002	93.995	261.022
40.010	94.031	261.011
40.032	94.061	261.019
40.055	94.069	261.010
40.086	94.064	261.012
40.118	94.047	261.015
40.159	94.008	261.016
40.192	93.969	261.022
40.229	93.918	261.022
40.257	93.865	261.027
40.269	93.820	261.030
40.286	93.767	261.038
40.283	93.727	261.047
40.280	93.678	261.050
40.268	93.640	261.049
40.257	93.605	261.052
40.232	93.567	261.052
40.203	93.534	261.051
40.182	93.503	261.053
40.156	93.487	261.062
40.128	93.456	261.055
40.102	93.427	261.067
40.076	93.404	261.062
40.052	93.376	261.065
40.035	93.358	261.066
40.020	93.354	261.066
40.005	93.336	261.067
39.997	93.336	261.067
39.989	93.340	261.058
39.973	93.358	261.060
39.956	93.373	261.066
39.940	93.399	261.058
39.917	93.428	261.059
39.896	93.473	261.053
39.868	93.519	261.058
39.884	93.583	261.047
39.911	93.636	261.045
39.947	93.689	261.050
39.966	93.729	261.046
39.979	93.770	261.040
39.984	93.795	261.030
40.006	93.818	261.022
40.045	93.812	261.023
40.113	93.824	261.026
40.208	93.821	261.035
40.324	93.832	261.035
40.332	93.841	261.029
40.299	93.844	261.021
40.284	93.844	261.024
40.308	93.857	261.044
40.322	93.870	261.038
40.310	93.884	261.026
40.292	93.882	261.007
40.277	93.886	261.000
40.259	93.877	261.009
40.235	93.869	261.013
40.201	93.841	261.024
40.173	93.812	261.035
40.138	93.772	261.044
40.098	93.724	261.047
40.071	93.666	261.050
40.057	93.606	261.057
40.053	93.543	261.070
40.041	93.489	261.072
40.026	93.419	261.074
40.017	93.355	261.078
40.010	93.294	261.080
40.007	93.238	261.075
39.988	93.200	261.084
39.971	93.160	261.085
39.955	93.155	261.077
39.939	93.153	261.075
39.908	93.167	261.071
39.887	93.197	261.070
39.847	93.265	261.072
39.858	93.332	261.059
39.885	93.405	261.061
39.922	93.474	261.039
39.959	93.557	261.042
39.972	93.635	261.025
39.981	93.708	261.019
39.983	93.776	261.014
40.002	93.832	261.009
40.029	93.877	261.009
40.070	93.912	261.011
40.117	93.945	261.012
40.169	93.963	261.016
40.218	93.969	261.012
40.273	93.984	261.019
40.315	93.980	261.017
40.346	93.984	261.032
40.356	93.977	261.031
40.329	93.966	261.033
40.305	93.950	261.039
40.284	93.932	261.049
40.263	93.905	261.048
40.240	93.866	261.043
40.209	93.821	261.050
40.185	93.769	261.048
40.153	93.708	261.050
40.128	93.635	261.059
40.094	93.563	261.059
40.058	93.479	261.062
40.034	93.401	261.066
40.023	93.330	261.068
40.010	93.261	261.060
40.008	93.202	261.063
40.006	93.164	261.071
39.999	93.138	261.073
39.994	93.122	261.068
39.972	93.127	261.069
39.950	93.157	261.071
39.931	93.200	261.072
39.903	93.257	261.073
39.876	93.332	261.068
39.861	93.410	261.075
39.872	93.486	261.062
39.910	93.571	261.053
39.948	93.666	261.055
39.994	93.740	261.050
40.047	93.817	261.046
40.119	93.873	261.035
40.223	93.929	261.028
40.313	93.988	261.029
40.292	94.032	261.016
40.258	94.070	261.013
40.261	94.084	261.022
40.301	94.106	261.029
40.326	94.124	261.019
40.331	94.126	261.003
40.326	94.116	260.988
40.307	94.095	260.992
40.273	94.060	260.996
40.251	94.018	261.010
40.213	93.962	261.026
40.180	93.895	261.037
40.125	93.816	261.041
40.087	93.731	261.045
40.068	93.646	261.058
40.067	93.554	261.068
40.072	93.467	261.067
40.070	93.378	261.071
40.051	93.284	261.076
40.035	93.210	261.084
40.023	93.143	261.085
40.019	93.090	261.092
40.004	93.049	261.088
39.992	93.034	261.092
39.981	93.032	261.089
39.977	93.055	261.076
39.958	93.080	261.080
39.938	93.144	261.074
39.927	93.215	261.073
39.905	93.301	261.069
39.877	93.387	261.065
39.865	93.487	261.054
39.894	93.600	261.038
39.932	93.705	261.032
39.958	93.802	261.030
39.990	93.898	261.031
40.008	93.962	261.017
40.022	94.024	261.014
40.049	94.068	261.013
40.080	94.095	261.009
40.120	94.102	261.015
40.160	94.102	261.010
40.212	94.093	261.010
40.258	94.068	261.011
40.295	94.032	261.015
40.327	94.002	261.017
40.344	93.967	261.025
40.349	93.933	261.036
40.337	93.893	261.039
40.319	93.857	261.039
40.292	93.816	261.050
40.268	93.780	261.048
40.233	93.729	261.050
40.202	93.678	261.058
40.165	93.628	261.059
40.139	93.566	261.055
40.113	93.503	261.060
40.085	93.437	261.067
40.060	93.375	261.067
40.040	93.318	261.069
40.021	93.271	261.070
40.012	93.224	261.067
40.001	93.194	261.069
40.005	93.174	261.063
39.996	93.168	261.064
39.992	93.184	261.075
39.967	93.212	261.060
39.943	93.259	261.067
39.918	93.305	261.063
39.895	93.368	261.067
39.870	93.437	261.064
39.864	93.527	261.060
39.879	93.612	261.055
39.905	93.691	261.051
39.941	93.769	261.051
39.985	93.831	261.048
40.028	93.877	261.037
40.097	93.922	261.023
40.198	93.959	261.029
40.311	93.994	261.032
40.289	94.023	261.011
40.252	94.036	261.005
40.241	94.043	261.013
40.271	94.047	261.024
40.293	94.053	261.014
40.294	94.043	261.003
40.281	94.019	260.997
40.269	93.999	260.988
40.244	93.954	260.995
40.220	93.912	261.019
40.192	93.853	261.034
40.146	93.785	261.031
40.108	93.705	261.048
40.064	93.635	261.046
40.058	93.562	261.053
40.061	93.486	261.070
40.066	93.409	261.069
40.066	93.336	261.073
40.046	93.266	261.078
40.029	93.205	261.079
40.022	93.152	261.083
40.021	93.112	261.084
40.010	93.090	261.090
40.000	93.088	261.095
39.992	93.100	261.087
39.981	93.115	261.084
39.970	93.160	261.074
39.953	93.207	261.069
39.936	93.277	261.064
39.924	93.357	261.062
39.901	93.424	261.056
39.876	93.506	261.044
39.876	93.608	261.045
39.900	93.705	261.033
39.935	93.798	261.024
39.971	93.876	261.022
40.001	93.946	261.018
40.013	93.997	261.007
40.023	94.035	261.008
40.036	94.055	261.013
40.058	94.062	261.006
40.083	94.055	261.013
40.108	94.036	261.011
40.140	93.997	261.015
40.165	93.949	261.020
40.194	93.897	261.020
40.215	93.847	261.024
40.222	93.788	261.028
40.228	93.734	261.029
40.225	93.678	261.034
40.225	93.632	261.040
40.206	93.586	261.047
40.189	93.528	261.045
40.168	93.487	261.048
40.152	93.444	261.052
40.141	93.417	261.065
40.121	93.385	261.070
40.103	93.357	261.067
40.081	93.341	261.070
40.066	93.328	261.067
40.046	93.317	261.070
40.029	93.324	261.075
40.013	93.317	261.074
40.005	93.323	261.073
39.999	93.346	261.075
39.990	93.366	261.070
39.979	93.390	261.071
39.966	93.418	261.064
39.949	93.456	261.067
39.933	93.485	261.056
39.910	93.524	261.051
39.879	93.575	261.054
39.915	93.760	261.084
39.939	93.812	261.083
39.971	93.854	261.077
40.007	93.900	261.078
40.025	93.927	261.071
40.043	93.887	261.130
40.038	93.881	261.102
40.053	93.877	261.085
40.100	93.861	261.071
40.160	93.850	261.061
40.243	93.831	261.059
40.333	93.844	261.053
40.345	93.848	261.038
40.315	93.850	261.028
40.295	93.848	261.026
40.283	93.855	261.033
40.297	93.869	261.031
40.282	93.871	261.029
40.272	93.871	261.023
40.246	93.870	261.022
40.236	93.854	261.016
40.211	93.835	261.016
40.176	93.796	261.042
40.157	93.757	261.049
40.118	93.704	261.063
40.075	93.652	261.058
40.056	93.597	261.062
40.050	93.536	261.070
40.046	93.466	261.073
40.040	93.400	261.078
40.018	93.338	261.076
40.013	93.279	261.076
40.011	93.223	261.079
40.002	93.188	261.074
39.984	93.155	261.079
39.966	93.144	261.082
39.956	93.154	261.072
39.930	93.173	261.069
39.905	93.207	261.068
39.896	93.265	261.066
39.858	93.330	261.069
39.866	93.405	261.053
39.901	93.488	261.042
39.937	93.572	261.042
39.973	93.658	261.025
39.985	93.732	261.020
39.992	93.809	261.014
39.999	93.873	261.008
40.009	93.911	261.014
40.043	93.956	261.015
40.079	93.977	261.013
40.124	93.991	261.012
40.165	93.988	261.012
40.216	93.979	261.017
40.269	93.971	261.014
40.300	93.955	261.019
40.329	93.939	261.028
40.348	93.925	261.031
40.348	93.904	261.039
40.333	93.888	261.038
40.315	93.869	261.043
40.292	93.843	261.055
40.269	93.821	261.048
40.237	93.778	261.051
40.208	93.746	261.054
40.178	93.699	261.057
40.143	93.640	261.061
40.110	93.579	261.064
40.079	93.512	261.061
40.050	93.446	261.069
40.025	93.383	261.064
40.013	93.325	261.069
40.005	93.265	261.065
40.000	93.222	261.062
39.996	93.190	261.066
39.989	93.173	261.068
39.974	93.165	261.065
39.946	93.189	261.061
39.919	93.216	261.068
39.896	93.264	261.067
39.860	93.333	261.073
39.851	93.398	261.064
39.881	93.478	261.062
39.914	93.558	261.060
39.941	93.630	261.045
39.971	93.708	261.045
39.992	93.776	261.043
40.019	93.823	261.033
40.082	93.871	261.028
40.185	93.908	261.028
40.310	93.947	261.031
40.317	93.976	261.016
40.280	94.005	261.008
40.263	94.009	261.014
40.287	94.029	261.026
40.319	94.041	261.021
40.324	94.037	261.011
40.330	94.044	260.997
40.320	94.028	260.992
40.296	94.002	260.996
40.257	93.977	261.017
40.235	93.933	261.025
40.202	93.878	261.040
40.157	93.821	261.046
40.117	93.742	261.052
40.091	93.671	261.065
40.083	93.597	261.067
40.081	93.522	261.072
40.076	93.428	261.072
40.066	93.346	261.079
40.041	93.283	261.076
40.021	93.207	261.074
40.016	93.147	261.079
40.005	93.109	261.084
39.990	93.078	261.084
39.975	93.071	261.080
39.971	93.078	261.076
39.947	93.107	261.076
39.920	93.163	261.067
39.902	93.223	261.070
39.866	93.311	261.070
39.875	93.393	261.061
39.892	93.487	261.048
39.927	93.587	261.041
39.959	93.685	261.035
39.976	93.775	261.027
39.974	93.864	261.022
39.981	93.925	261.020
39.993	93.976	261.013
40.005	94.014	261.013
40.024	94.033	261.018
40.062	94.048	261.015
40.100	94.034	261.026
40.126	94.016	261.023
40.162	93.982	261.025
40.197	93.941	261.022
40.230	93.892	261.027
40.259	93.836	261.028
40.280	93.795	261.036
40.293	93.757	261.042
40.292	93.707	261.048
40.295	93.678	261.047
40.284	93.647	261.056
40.278	93.618	261.056
40.255	93.590	261.052
40.225	93.577	261.052
40.199	93.548	261.054
40.163	93.527	261.062
40.132	93.506	261.051
40.102	93.480	261.053
40.073	93.461	261.059
40.051	93.439	261.058
40.030	93.423	261.061
40.014	93.397	261.056
40.001	93.385	261.059
39.987	93.379	261.059
39.971	93.373	261.055
39.958	93.375	261.054
39.942	93.393	261.054
39.922	93.416	261.059
39.887	93.445	261.053
39.873	93.487	261.050
39.885	93.536	261.049
39.912	93.581	261.047
39.944	93.624	261.049
39.968	93.669	261.041
39.972	93.698	261.036
39.962	93.734	261.033
39.970	93.753	261.032
39.985	93.761	261.028
40.026	93.763	261.034
40.095	93.759	261.027
40.186	93.752	261.036
40.317	93.765	261.039
40.344	93.776	261.033
40.305	93.779	261.031
40.289	93.782	261.032
40.305	93.799	261.048
40.307	93.819	261.044
40.293	93.837	261.033
40.278	93.849	261.022
40.263	93.852	261.011
40.244	93.856	261.014
40.230	93.862	261.017
40.202	93.852	261.020
40.180	93.828	261.027
40.152	93.797	261.041
40.109	93.762	261.045
40.071	93.701	261.047
40.055	93.649	261.057
40.054	93.596	261.066
40.048	93.538	261.069
40.033	93.490	261.070
40.017	93.426	261.065
40.009	93.368	261.061
39.996	93.300	261.075
39.980	93.254	261.076
39.953	93.217	261.077
39.932	93.196	261.080
39.913	93.197	261.076
39.865	93.222	261.074
39.863	93.256	261.067
39.888	93.298	261.064
39.925	93.357	261.052
39.951	93.416	261.060
39.967	93.476	261.046
39.964	93.535	261.034
39.966	93.595	261.015
39.971	93.645	261.017
39.984	93.695	261.012
40.004	93.745	261.008
40.030	93.787	261.017
40.073	93.823	261.019
40.103	93.838	261.016
40.134	93.863	261.013
40.167	93.873	261.019
40.202	93.872	261.025
40.226	93.870	261.023
40.251	93.867	261.029
40.270	93.846	261.040
40.280	93.840	261.043
40.288	93.831	261.047
40.294	93.812	261.048
40.287	93.797	261.047
40.270	93.766	261.050
40.250	93.737	261.049
40.220	93.706	261.052
40.189	93.662	261.051
40.157	93.622	261.047
40.119	93.580	261.056
40.099	93.534	261.054
40.068	93.481	261.051
40.057	93.429	261.057
40.037	93.378	261.054
40.017	93.329	261.052
40.003	93.293	261.054
39.988	93.270	261.049
39.978	93.255	261.055
39.956	93.256	261.048
39.942	93.268	261.051
39.914	93.294	261.051
39.874	93.338	261.063
39.870	93.399	261.056
39.894	93.451	261.053
39.922	93.511	261.054
39.958	93.585	261.053
39.977	93.642	261.046
39.983	93.694	261.039
39.979	93.743	261.038
39.978	93.782	261.030
39.990	93.802	261.035
40.022	93.815	261.040
40.078	93.810	261.036
40.159	93.814	261.033
40.272	93.814	261.040
40.361	93.828	261.036
40.330	93.824	261.027
40.299	93.817	261.028
40.287	93.816	261.038
40.310	93.819	261.045
40.318	93.829	261.045
40.302	93.837	261.027
40.294	93.840	261.018
40.281	93.835	261.013
40.259	93.838	261.017
40.238	93.825	261.019
40.211	93.807	261.030
40.180	93.772	261.050
40.135	93.743	261.047
40.093	93.698	261.049
40.067	93.651	261.052
40.065	93.606	261.061
40.058	93.544	261.067
40.044	93.495	261.070
40.025	93.438	261.061
40.002	93.378	261.063
39.994	93.325	261.066
39.980	93.273	261.068
39.954	93.253	261.073
39.925	93.231	261.077
39.891	93.238	261.071
39.861	93.263	261.072
39.869	93.300	261.068
39.896	93.333	261.064
39.932	93.393	261.060
39.957	93.444	261.049
39.958	93.501	261.039
39.957	93.557	261.028
39.957	93.604	261.020
39.963	93.656	261.021
39.973	93.702	261.015
39.996	93.744	261.015
40.022	93.772	261.012
40.048	93.798	261.015
40.091	93.815	261.019
40.128	93.830	261.019
40.160	93.835	261.025
40.195	93.825	261.025
40.230	93.827	261.030
40.263	93.824	261.032
40.296	93.820	261.041
40.319	93.819	261.036
40.333	93.817	261.046
