NO_OF_FRAMES	5000
NO_OF_DATA_TYPES	3
FREQUENCY	500
TIME_STAMP	2026-06-05, 13:33:29
DATA_INCLUDED	Position
DATA_TYPES	Unidentified [1089631]_pos_X	Unidentified [1089631]_pos_Y	Unidentified [1089631]_pos_Z


5.457	98.448	260.989
5.449	98.320	260.978
5.455	98.178	261.008
5.464	98.035	261.000
5.458	97.858	260.979
5.432	97.678	260.951
5.404	97.481	260.897
5.369	97.273	260.875
5.345	97.044	260.870
5.322	96.813	260.873
5.299	96.555	260.877
5.283	96.291	260.877
5.271	96.002	260.877
5.253	95.732	260.890
5.250	95.460	260.875
5.226	95.211	260.864
5.218	94.967	260.855
5.208	94.721	260.843
5.195	94.500	260.838
5.184	94.299	260.848
5.175	94.134	260.862
5.247	94.156	261.157
5.206	94.029	260.998
5.202	93.902	260.969
5.196	93.835	260.939
5.198	93.820	260.926
5.190	93.855	260.902
5.179	93.929	260.901
5.177	94.054	260.898
5.171	94.204	260.895
5.178	94.418	260.882
5.181	94.683	260.895
5.202	94.963	260.900
5.208	95.305	260.909
5.227	95.663	260.914
5.262	96.067	260.914
5.298	96.510	260.930
5.339	96.966	260.942
5.388	97.406	260.960
5.432	97.846	260.970
5.478	98.300	261.006
5.482	98.521	260.991
5.446	98.418	260.990
5.439	98.295	260.993
5.446	98.142	261.009
5.459	97.986	261.002
5.447	97.812	260.961
5.422	97.608	260.926
5.386	97.413	260.889
5.354	97.190	260.858
5.331	96.967	260.875
5.305	96.720	260.867
5.288	96.459	260.868
5.278	96.185	260.861
5.264	95.915	260.872
5.246	95.642	260.882
5.235	95.383	260.865
5.217	95.129	260.851
5.207	94.890	260.841
5.184	94.653	260.844
5.171	94.436	260.846
5.173	94.248	260.852
5.163	94.080	260.863
5.168	93.958	260.877
5.170	93.856	260.880
5.176	93.786	260.886
5.178	93.758	260.877
5.180	93.771	260.886
5.173	93.848	260.880
5.169	93.950	260.882
5.169	94.100	260.888
5.166	94.266	260.886
5.179	94.507	260.888
5.192	94.777	260.899
5.205	95.092	260.916
5.221	95.431	260.909
5.241	95.809	260.921
5.271	96.224	260.925
5.322	96.672	260.927
5.354	97.134	260.949
5.397	97.567	260.961
5.460	98.023	260.978
5.503	98.447	261.007
5.466	98.491	260.988
5.450	98.387	260.975
5.448	98.245	260.998
5.453	98.108	261.002
5.464	97.934	260.984
5.444	97.740	260.945
5.417	97.558	260.904
5.386	97.338	260.862
5.348	97.129	260.872
5.325	96.895	260.857
5.312	96.644	260.869
5.290	96.377	260.868
5.279	96.095	260.867
5.268	95.816	260.882
5.248	95.545	260.882
5.237	95.301	260.882
5.228	95.047	260.850
5.213	94.795	260.859
5.200	94.576	260.847
5.189	94.377	260.858
5.176	94.183	260.866
5.173	94.031	260.884
5.178	93.903	260.877
5.180	93.818	260.876
5.179	93.771	260.880
5.187	93.758	260.879
5.184	93.798	260.887
5.179	93.883	260.879
5.170	93.991	260.880
5.169	94.159	260.885
5.176	94.344	260.883
5.181	94.612	260.886
5.202	94.880	260.894
5.212	95.198	260.894
5.229	95.552	260.911
5.253	95.941	260.907
5.289	96.384	260.927
5.327	96.828	260.925
5.374	97.266	260.931
5.413	97.731	260.962
5.473	98.188	260.982
5.501	98.541	261.001
5.451	98.452	260.983
5.443	98.325	260.990
5.453	98.182	260.996
5.459	98.041	261.012
5.458	97.859	260.971
5.429	97.681	260.946
5.401	97.482	260.904
5.361	97.272	260.878
5.343	97.046	260.865
5.315	96.815	260.884
5.296	96.569	260.875
5.276	96.293	260.878
5.263	96.019	260.878
5.250	95.746	260.888
5.244	95.479	260.881
5.223	95.233	260.863
5.213	94.987	260.851
5.196	94.747	260.847
5.187	94.521	260.845
5.178	94.313	260.844
5.165	94.142	260.862
5.167	94.003	260.881
5.174	93.886	260.868
5.175	93.809	260.870
5.179	93.772	260.875
5.183	93.763	260.862
5.184	93.817	260.869
5.167	93.911	260.870
5.169	94.030	260.878
5.174	94.198	260.875
5.174	94.418	260.886
5.185	94.682	260.890
5.203	94.962	260.892
5.212	95.301	260.893
5.231	95.659	260.912
5.256	96.054	260.921
5.299	96.486	260.918
5.337	96.952	260.936
5.378	97.382	260.955
5.421	97.831	260.966
5.473	98.278	261.001
5.481	98.532	260.997
5.447	98.440	260.989
5.443	98.289	260.982
5.450	98.158	261.004
5.458	98.002	261.001
5.448	97.827	260.965
5.417	97.627	260.935
5.394	97.438	260.895
5.361	97.223	260.864
5.336	96.991	260.861
5.318	96.750	260.875
5.299	96.487	260.870
5.286	96.204	260.865
5.269	95.936	260.875
5.258	95.665	260.878
5.250	95.400	260.873
5.233	95.153	260.852
5.220	94.917	260.848
5.199	94.667	260.842
5.190	94.452	260.845
5.178	94.260	260.855
5.172	94.090	260.867
5.175	93.960	260.877
5.177	93.860	260.885
5.179	93.784	260.881
5.183	93.750	260.863
5.186	93.761	260.877
5.180	93.821	260.877
5.173	93.923	260.876
5.167	94.069	260.877
5.168	94.241	260.894
5.179	94.468	260.884
5.191	94.742	260.903
5.208	95.041	260.911
5.221	95.377	260.911
5.241	95.754	260.918
5.271	96.153	260.922
5.317	96.605	260.928
5.353	97.066	260.948
5.397	97.511	260.968
5.451	97.942	260.978
5.507	98.380	260.988
5.476	98.508	260.990
5.453	98.389	260.976
5.451	98.258	260.998
5.460	98.122	261.007
5.467	97.960	260.977
5.453	97.764	260.945
5.423	97.587	260.917
5.388	97.377	260.877
5.359	97.168	260.878
5.334	96.939	260.864
5.312	96.683	260.869
5.293	96.421	260.871
5.284	96.144	260.878
5.263	95.862	260.883
5.253	95.605	260.890
5.237	95.346	260.883
5.227	95.092	260.855
5.214	94.848	260.849
5.193	94.618	260.844
5.182	94.411	260.847
5.177	94.223	260.876
5.174	94.066	260.870
5.182	93.927	260.876
5.177	93.846	260.875
5.181	93.785	260.887
5.187	93.763	260.883
5.178	93.790	260.883
5.175	93.861	260.881
5.167	93.976	260.887
5.173	94.120	260.884
5.168	94.312	260.878
5.181	94.559	260.892
5.189	94.834	260.896
5.201	95.154	260.897
5.217	95.498	260.905
5.238	95.880	260.913
5.272	96.310	260.910
5.320	96.760	260.910
5.360	97.212	260.940
5.400	97.661	260.953
5.456	98.115	260.979
5.504	98.520	261.001
5.451	98.476	260.987
5.437	98.360	260.974
5.439	98.216	260.997
5.453	98.067	260.997
5.448	97.903	260.988
5.434	97.715	260.941
5.406	97.523	260.910
5.373	97.308	260.878
5.341	97.090	260.870
5.316	96.860	260.882
5.296	96.601	260.878
5.289	96.341	260.877
5.271	96.057	260.881
5.254	95.788	260.893
5.245	95.528	260.893
5.230	95.276	260.873
5.213	95.023	260.852
5.206	94.776	260.847
5.188	94.559	260.850
5.179	94.351	260.843
5.172	94.169	260.866
5.164	94.034	260.876
5.168	93.902	260.867
5.168	93.827	260.879
5.175	93.776	260.875
5.179	93.771	260.867
5.174	93.819	260.876
5.173	93.896	260.866
5.169	94.012	260.871
5.167	94.172	260.878
5.168	94.377	260.879
5.178	94.634	260.892
5.202	94.913	260.891
5.215	95.251	260.895
5.231	95.607	260.911
5.259	95.984	260.912
5.295	96.424	260.921
5.340	96.882	260.925
5.381	97.315	260.947
5.425	97.773	260.962
5.476	98.221	261.004
5.503	98.547	261.004
5.455	98.437	260.990
5.449	98.305	260.986
5.454	98.165	261.015
5.464	98.022	261.010
5.464	97.840	260.965
5.435	97.650	260.941
5.408	97.458	260.899
5.370	97.237	260.876
5.347	97.009	260.864
5.327	96.770	260.871
5.307	96.514	260.870
5.289	96.239	260.875
5.280	95.967	260.876
5.260	95.691	260.892
5.248	95.434	260.879
5.232	95.189	260.860
5.225	94.944	260.850
5.202	94.699	260.845
5.196	94.484	260.851
5.182	94.287	260.862
5.183	94.111	260.873
5.181	93.975	260.873
5.175	93.870	260.887
5.182	93.792	260.886
5.187	93.759	260.869
5.194	93.767	260.882
5.183	93.813	260.879
5.179	93.907	260.877
5.173	94.047	260.880
5.173	94.212	260.895
5.179	94.430	260.892
5.186	94.700	260.896
5.200	95.003	260.907
5.211	95.337	260.907
5.232	95.696	260.914
5.263	96.092	260.926
5.300	96.543	260.923
5.345	97.008	260.946
5.390	97.447	260.959
5.440	97.889	260.967
5.490	98.346	260.997
5.476	98.513	260.994
5.445	98.408	260.983
5.445	98.274	260.996
5.463	98.138	260.996
5.460	97.974	260.995
5.452	97.800	260.960
5.426	97.608	260.916
5.393	97.406	260.879
5.359	97.199	260.866
5.336	96.963	260.871
5.318	96.737	260.868
5.301	96.482	260.874
5.285	96.202	260.873
5.266	95.929	260.884
5.256	95.668	260.891
5.238	95.399	260.881
5.232	95.157	260.847
5.214	94.923	260.850
5.196	94.680	260.853
5.186	94.472	260.851
5.173	94.275	260.869
5.167	94.112	260.864
5.172	93.990	260.881
5.169	93.889	260.881
5.171	93.826	260.887
5.179	93.787	260.878
5.170	93.805	260.876
5.169	93.868	260.871
5.159	93.972	260.883
5.155	94.107	260.883
5.169	94.288	260.878
5.171	94.515	260.883
5.193	94.775	260.878
5.204	95.083	260.890
5.213	95.415	260.896
5.238	95.786	260.904
5.267	96.197	260.920
5.318	96.623	260.906
5.352	97.084	260.930
5.394	97.523	260.946
5.447	97.962	260.967
5.498	98.391	260.991
5.463	98.505	260.991
5.452	98.399	260.973
5.450	98.269	260.995
5.460	98.126	261.002
5.459	97.964	261.002
5.450	97.787	260.963
5.413	97.594	260.926
5.388	97.382	260.895
5.348	97.179	260.888
5.325	96.945	260.890
5.311	96.688	260.881
5.294	96.434	260.889
5.280	96.142	260.882
5.266	95.871	260.895
5.251	95.603	260.896
5.234	95.341	260.879
5.227	95.096	260.863
5.212	94.853	260.859
5.195	94.624	260.855
5.185	94.406	260.853
5.178	94.212	260.869
5.171	94.052	260.871
5.171	93.918	260.884
5.178	93.823	260.876
5.181	93.766	260.871
5.186	93.735	260.867
5.184	93.762	260.872
5.173	93.823	260.878
5.172	93.943	260.880
5.179	94.086	260.881
5.172	94.269	260.861
5.185	94.524	260.876
5.196	94.796	260.894
5.203	95.116	260.903
5.221	95.464	260.910
5.244	95.842	260.903
5.286	96.271	260.916
5.329	96.729	260.921
5.362	97.193	260.948
5.406	97.659	260.979
5.467	98.104	260.992
5.516	98.516	261.002
5.457	98.460	260.982
5.450	98.338	260.985
5.457	98.189	261.009
5.463	98.056	261.010
5.465	97.889	260.988
5.445	97.697	260.941
5.409	97.515	260.904
5.384	97.304	260.881
5.359	97.096	260.868
5.330	96.868	260.878
5.313	96.618	260.885
5.293	96.352	260.879
5.284	96.080	260.876
5.266	95.816	260.885
5.256	95.551	260.890
5.239	95.303	260.875
5.222	95.053	260.851
5.210	94.807	260.852
5.194	94.596	260.843
5.181	94.394	260.848
5.178	94.209	260.863
5.176	94.059	260.864
5.169	93.945	260.879
5.178	93.856	260.870
5.181	93.807	260.875
5.185	93.800	260.874
5.176	93.830	260.878
5.172	93.912	260.875
5.166	94.025	260.879
5.168	94.183	260.879
5.170	94.368	260.889
5.179	94.628	260.893
5.203	94.895	260.894
5.207	95.225	260.900
5.227	95.560	260.907
5.251	95.944	260.913
5.286	96.370	260.911
5.335	96.815	260.913
5.373	97.251	260.945
5.412	97.692	260.960
5.464	98.134	260.987
5.510	98.524	261.012
5.451	98.462	260.987
5.447	98.351	260.980
5.449	98.209	261.008
5.459	98.075	261.001
5.459	97.893	260.975
5.435	97.695	260.941
5.405	97.510	260.907
5.368	97.288	260.879
5.344	97.073	260.872
5.317	96.838	260.870
5.302	96.578	260.870
5.281	96.308	260.873
5.269	96.025	260.875
5.254	95.747	260.895
5.245	95.487	260.883
5.229	95.241	260.874
5.220	94.993	260.864
5.209	94.732	260.846
5.191	94.513	260.850
5.177	94.318	260.858
5.175	94.135	260.866
5.170	93.996	260.878
5.174	93.875	260.881
5.175	93.799	260.881
5.180	93.757	260.878
5.183	93.754	260.880
5.184	93.795	260.865
5.172	93.893	260.872
5.165	94.024	260.877
5.163	94.197	260.891
5.174	94.407	260.882
5.186	94.670	260.890
5.192	94.961	260.912
5.216	95.294	260.889
5.229	95.664	260.904
5.258	96.056	260.915
5.298	96.503	260.920
5.337	96.969	260.928
5.390	97.409	260.952
5.432	97.866	260.962
5.482	98.309	260.990
5.482	98.525	260.988
5.449	98.422	260.988
5.447	98.286	260.987
5.455	98.141	261.003
5.460	97.983	261.002
5.451	97.810	260.955
5.426	97.617	260.932
5.403	97.427	260.894
5.366	97.208	260.869
5.342	96.979	260.877
5.317	96.755	260.889
5.304	96.491	260.885
5.291	96.204	260.877
5.269	95.940	260.897
5.249	95.677	260.906
5.252	95.405	260.880
5.230	95.173	260.872
5.219	94.919	260.865
5.200	94.683	260.857
5.188	94.470	260.852
5.178	94.279	260.862
5.171	94.113	260.877
5.172	93.986	260.879
5.172	93.872	260.885
5.178	93.814	260.873
5.184	93.775	260.881
5.178	93.787	260.878
5.180	93.851	260.869
5.170	93.955	260.865
5.169	94.081	260.873
5.167	94.264	260.873
5.177	94.504	260.879
5.189	94.768	260.891
5.204	95.069	260.893
5.220	95.405	260.897
5.239	95.782	260.905
5.276	96.183	260.911
5.317	96.627	260.918
5.349	97.077	260.943
5.395	97.523	260.959
5.451	97.958	260.986
5.497	98.391	261.004
5.475	98.495	260.992
5.453	98.410	260.981
5.445	98.261	260.999
5.456	98.122	261.007
5.458	97.960	261.001
5.452	97.774	260.958
5.413	97.575	260.927
5.386	97.377	260.886
5.352	97.150	260.876
5.326	96.911	260.879
5.314	96.680	260.877
5.295	96.408	260.876
5.280	96.120	260.878
5.264	95.846	260.890
5.250	95.583	260.888
5.242	95.316	260.874
5.229	95.070	260.856
5.211	94.828	260.849
5.196	94.592	260.841
5.181	94.387	260.855
5.178	94.195	260.852
5.174	94.036	260.871
5.176	93.916	260.873
5.177	93.823	260.878
5.182	93.764	260.871
5.183	93.752	260.872
5.176	93.782	260.877
5.175	93.848	260.868
5.168	93.960	260.875
5.165	94.116	260.877
5.165	94.301	260.882
5.170	94.559	260.887
5.188	94.843	260.906
5.201	95.161	260.906
5.219	95.498	260.909
5.240	95.886	260.904
5.277	96.314	260.915
5.324	96.775	260.924
5.362	97.223	260.947
5.404	97.684	260.978
5.462	98.133	260.989
5.509	98.527	261.006
5.453	98.461	260.986
5.441	98.336	260.977
5.452	98.199	261.008
5.464	98.052	261.000
5.460	97.878	260.982
5.441	97.697	260.942
5.413	97.510	260.904
5.379	97.292	260.871
5.351	97.078	260.861
5.323	96.855	260.884
5.305	96.608	260.873
5.287	96.337	260.879
5.277	96.053	260.869
5.263	95.787	260.891
5.251	95.526	260.884
5.237	95.275	260.870
5.223	95.029	260.861
5.209	94.789	260.856
5.187	94.572	260.848
5.182	94.360	260.851
5.180	94.193	260.878
5.180	94.039	260.869
5.171	93.920	260.886
5.175	93.841	260.881
5.176	93.797	260.884
5.190	93.788	260.877
5.181	93.826	260.872
5.173	93.908	260.875
5.171	94.037	260.881
5.167	94.189	260.886
5.174	94.391	260.888
5.186	94.647	260.888
5.203	94.934	260.908
5.213	95.258	260.902
5.231	95.611	260.912
5.263	95.979	260.902
5.290	96.422	260.922
5.339	96.865	260.921
5.378	97.303	260.946
5.416	97.742	260.956
5.471	98.184	260.983
5.506	98.546	261.008
5.459	98.469	260.988
5.446	98.349	260.985
5.456	98.203	261.010
5.462	98.054	261.002
5.459	97.874	260.975
5.434	97.679	260.948
5.412	97.480	260.899
5.369	97.267	260.884
5.345	97.032	260.870
5.321	96.799	260.881
5.303	96.551	260.888
5.286	96.263	260.879
5.272	95.979	260.883
5.252	95.712	260.903
5.246	95.446	260.895
5.232	95.192	260.865
5.222	94.945	260.859
5.209	94.700	260.852
5.188	94.482	260.847
5.172	94.280	260.852
5.173	94.105	260.872
5.170	93.972	260.873
5.174	93.861	260.877
5.178	93.794	260.876
5.185	93.758	260.869
5.182	93.762	260.870
5.178	93.811	260.876
5.174	93.910	260.870
5.163	94.038	260.864
5.167	94.220	260.875
5.170	94.446	260.880
5.182	94.721	260.886
5.199	95.024	260.898
5.207	95.350	260.892
5.228	95.727	260.906
5.261	96.138	260.914
5.298	96.588	260.918
5.341	97.048	260.939
5.392	97.499	260.957
5.445	97.947	260.981
5.495	98.380	260.997
5.466	98.506	260.993
5.444	98.400	260.991
5.444	98.265	261.005
5.449	98.109	261.014
5.457	97.952	261.005
5.442	97.768	260.967
5.420	97.580	260.930
5.386	97.371	260.879
5.352	97.165	260.875
5.330	96.930	260.872
5.312	96.676	260.877
5.289	96.425	260.877
5.282	96.146	260.871
5.265	95.871	260.884
5.251	95.610	260.885
5.238	95.345	260.863
5.228	95.100	260.848
5.211	94.849	260.847
5.201	94.632	260.843
5.185	94.424	260.845
5.181	94.219	260.847
5.175	94.073	260.862
5.176	93.949	260.872
5.175	93.852	260.873
5.179	93.799	260.878
5.184	93.766	260.870
5.183	93.793	260.874
5.181	93.861	260.861
5.172	93.975	260.876
5.176	94.120	260.884
5.177	94.301	260.870
5.183	94.544	260.884
5.202	94.814	260.886
5.212	95.133	260.905
5.227	95.469	260.893
5.250	95.849	260.909
5.294	96.258	260.920
5.334	96.713	260.915
5.372	97.155	260.945
5.414	97.604	260.963
5.465	98.050	260.984
5.521	98.457	260.998
5.472	98.473	260.991
5.464	98.365	260.972
5.465	98.225	261.000
5.467	98.082	261.007
5.469	97.917	260.987
5.455	97.731	260.954
5.419	97.535	260.918
5.389	97.317	260.873
5.363	97.104	260.866
5.332	96.874	260.872
5.321	96.620	260.867
5.305	96.351	260.864
5.294	96.061	260.868
5.276	95.798	260.877
5.270	95.526	260.881
5.259	95.280	260.875
5.253	95.012	260.841
5.234	94.779	260.842
5.223	94.548	260.832
5.209	94.342	260.845
5.207	94.159	260.863
5.199	94.019	260.872
5.212	93.878	260.873
5.204	93.802	260.877
5.209	93.756	260.877
5.215	93.748	260.882
5.204	93.779	260.884
5.203	93.862	260.874
5.197	93.983	260.875
5.190	94.139	260.882
5.189	94.339	260.892
5.193	94.601	260.891
5.214	94.871	260.904
5.214	95.212	260.913
5.234	95.561	260.919
5.259	95.949	260.912
5.294	96.391	260.927
5.335	96.837	260.924
5.373	97.284	260.939
5.419	97.747	260.963
5.474	98.196	260.993
5.496	98.535	261.002
5.453	98.431	260.982
5.449	98.302	260.971
5.454	98.165	260.990
5.464	98.017	260.994
5.462	97.835	260.958
5.439	97.645	260.929
5.409	97.457	260.884
5.376	97.238	260.858
5.353	97.019	260.857
5.333	96.788	260.863
5.310	96.525	260.860
5.301	96.248	260.860
5.284	95.973	260.871
5.269	95.706	260.879
5.257	95.431	260.870
5.239	95.182	260.857
5.224	94.943	260.842
5.204	94.696	260.845
5.195	94.478	260.824
5.186	94.286	260.844
5.176	94.110	260.859
5.174	93.969	260.871
5.178	93.863	260.865
5.182	93.797	260.869
5.184	93.748	260.862
5.187	93.755	260.869
5.182	93.806	260.866
5.179	93.905	260.867
5.180	94.038	260.860
5.183	94.209	260.861
5.191	94.417	260.867
5.198	94.693	260.872
5.211	94.985	260.879
5.229	95.324	260.876
5.243	95.688	260.898
5.281	96.091	260.890
5.319	96.530	260.902
5.348	96.987	260.916
5.404	97.420	260.938
5.451	97.869	260.953
5.489	98.308	260.976
5.483	98.512	260.988
5.452	98.412	260.977
5.452	98.278	260.981
5.460	98.135	261.004
5.461	97.970	260.981
5.446	97.793	260.962
5.416	97.597	260.930
5.390	97.396	260.886
5.355	97.176	260.869
5.330	96.940	260.871
5.309	96.693	260.867
5.292	96.438	260.866
5.286	96.146	260.867
5.266	95.868	260.876
5.265	95.594	260.883
5.251	95.326	260.865
5.242	95.076	260.849
5.234	94.828	260.835
5.221	94.594	260.834
5.209	94.379	260.832
5.201	94.178	260.846
5.198	94.024	260.854
5.208	93.893	260.862
5.210	93.790	260.866
5.210	93.721	260.861
5.218	93.704	260.861
5.216	93.718	260.860
5.210	93.791	260.858
5.203	93.897	260.862
5.198	94.059	260.865
5.191	94.242	260.871
5.200	94.491	260.875
5.210	94.765	260.889
5.224	95.075	260.895
5.237	95.432	260.906
5.255	95.800	260.902
5.291	96.233	260.922
5.337	96.673	260.921
5.373	97.143	260.944
5.413	97.592	260.967
5.470	98.035	260.984
5.522	98.462	261.003
5.473	98.456	260.993
5.460	98.343	260.981
5.468	98.206	261.010
5.475	98.053	261.000
5.479	97.891	260.982
5.461	97.702	260.950
5.438	97.501	260.905
5.404	97.286	260.872
5.373	97.074	260.856
5.350	96.832	260.846
5.333	96.576	260.851
5.311	96.308	260.851
5.301	96.026	260.840
5.284	95.760	260.860
5.267	95.484	260.859
5.259	95.238	260.846
5.247	94.985	260.813
5.225	94.744	260.804
5.212	94.526	260.805
5.202	94.326	260.823
5.187	94.146	260.831
5.185	93.998	260.851
5.193	93.877	260.858
5.186	93.799	260.862
5.195	93.757	260.860
5.196	93.746	260.864
5.193	93.777	260.867
5.187	93.868	260.880
5.184	93.989	260.872
5.178	94.146	260.895
5.186	94.347	260.889
5.197	94.612	260.897
5.209	94.889	260.904
5.219	95.226	260.909
5.236	95.582	260.925
5.257	95.968	260.923
5.296	96.411	260.928
5.337	96.869	260.932
5.374	97.318	260.965
5.415	97.770	260.964
5.467	98.222	260.985
5.490	98.559	261.005
5.446	98.452	260.979
5.432	98.331	260.975
5.440	98.193	260.991
5.454	98.033	260.979
5.446	97.857	260.951
5.418	97.663	260.923
5.388	97.477	260.890
5.357	97.251	260.856
5.324	97.029	260.852
5.314	96.791	260.863
5.300	96.543	260.861
5.281	96.270	260.865
5.273	95.981	260.871
5.259	95.715	260.879
5.255	95.452	260.868
5.240	95.195	260.860
5.229	94.950	260.843
5.219	94.697	260.833
5.210	94.491	260.832
5.199	94.282	260.839
5.200	94.106	260.849
5.199	93.966	260.859
5.205	93.863	260.854
5.208	93.780	260.857
5.213	93.749	260.853
5.214	93.756	260.872
5.205	93.800	260.860
5.203	93.897	260.850
5.198	94.029	260.853
5.193	94.188	260.853
5.197	94.410	260.861
5.205	94.680	260.858
5.217	94.967	260.866
5.226	95.313	260.874
5.244	95.687	260.882
5.276	96.080	260.887
5.311	96.527	260.901
5.348	96.993	260.919
5.398	97.439	260.949
5.447	97.895	260.965
5.497	98.325	260.986
5.471	98.474	260.983
5.453	98.372	260.979
5.442	98.234	260.996
5.456	98.084	261.006
5.456	97.924	260.996
5.446	97.742	260.950
5.414	97.556	260.928
5.386	97.347	260.884
5.351	97.136	260.866
5.322	96.917	260.879
5.303	96.669	260.870
5.276	96.411	260.877
5.269	96.132	260.874
5.255	95.854	260.883
5.241	95.586	260.878
5.230	95.329	260.858
5.210	95.083	260.845
5.194	94.841	260.845
5.175	94.602	260.830
5.161	94.391	260.847
5.157	94.204	260.841
5.148	94.046	260.862
5.154	93.912	260.871
5.152	93.792	260.868
5.159	93.743	260.867
5.164	93.714	260.864
5.158	93.717	260.857
5.161	93.785	260.869
5.154	93.887	260.866
5.152	94.041	260.870
5.160	94.207	260.870
5.164	94.452	260.880
5.176	94.711	260.877
5.195	95.022	260.883
5.211	95.362	260.894
5.228	95.746	260.907
5.265	96.141	260.899
5.301	96.594	260.912
5.339	97.057	260.930
5.387	97.520	260.945
5.441	97.963	260.968
5.487	98.396	260.988
5.443	98.459	260.989
5.428	98.354	260.971
5.422	98.210	260.996
5.437	98.084	260.995
5.436	97.918	260.982
5.417	97.728	260.940
5.384	97.551	260.909
5.358	97.347	260.866
5.319	97.147	260.859
5.297	96.924	260.861
5.273	96.675	260.857
5.257	96.412	260.859
5.249	96.134	260.855
5.238	95.866	260.873
5.226	95.610	260.875
5.213	95.339	260.843
5.203	95.107	260.833
5.185	94.856	260.827
5.174	94.622	260.814
5.167	94.400	260.812
5.161	94.237	260.838
5.156	94.071	260.854
5.161	93.952	260.858
5.165	93.857	260.862
5.171	93.790	260.860
5.169	93.775	260.876
5.168	93.807	260.868
5.165	93.876	260.861
5.158	93.988	260.882
5.158	94.125	260.879
5.155	94.305	260.884
5.163	94.565	260.905
5.183	94.826	260.897
5.184	95.143	260.929
5.202	95.489	260.929
5.217	95.859	260.938
5.254	96.284	260.954
5.298	96.727	260.957
5.329	97.179	260.978
5.367	97.621	260.993
5.425	98.056	261.020
5.475	98.475	261.022
5.428	98.479	261.011
5.412	98.383	261.004
5.414	98.234	261.021
5.419	98.103	261.025
5.423	97.934	261.008
5.406	97.743	260.969
5.368	97.558	260.924
5.341	97.355	260.902
5.312	97.131	260.890
5.287	96.895	260.881
5.269	96.653	260.879
5.251	96.385	260.889
5.245	96.107	260.880
5.227	95.838	260.892
5.214	95.579	260.902
5.206	95.321	260.874
5.190	95.075	260.861
5.178	94.819	260.857
5.166	94.604	260.861
5.151	94.411	260.864
5.149	94.217	260.868
5.146	94.065	260.879
5.147	93.947	260.877
5.152	93.861	260.883
5.159	93.800	260.885
5.168	93.801	260.883
5.166	93.829	260.886
5.166	93.919	260.881
5.161	94.025	260.882
5.162	94.180	260.896
5.167	94.376	260.889
5.176	94.632	260.888
5.198	94.913	260.897
5.206	95.240	260.900
5.227	95.582	260.912
5.248	95.978	260.910
5.285	96.410	260.922
5.329	96.875	260.934
5.370	97.320	260.957
5.403	97.778	260.976
5.463	98.236	260.995
5.478	98.565	261.001
5.424	98.469	260.982
5.414	98.343	260.987
5.418	98.206	261.002
5.422	98.060	261.010
5.416	97.884	260.975
5.379	97.706	260.951
5.348	97.525	260.895
5.310	97.309	260.872
5.285	97.096	260.871
5.259	96.860	260.862
5.238	96.608	260.878
5.225	96.330	260.875
5.209	96.045	260.878
5.196	95.780	260.880
5.186	95.518	260.872
5.171	95.264	260.866
5.154	95.013	260.844
5.151	94.748	260.841
5.140	94.526	260.838
5.130	94.328	260.850
5.128	94.147	260.858
5.128	93.994	260.867
5.132	93.873	260.874
5.141	93.803	260.876
5.148	93.739	260.861
5.154	93.735	260.868
5.148	93.793	260.873
5.147	93.865	260.868
5.145	93.994	260.877
5.146	94.155	260.872
5.149	94.364	260.883
5.162	94.635	260.890
5.177	94.908	260.894
5.187	95.254	260.905
5.205	95.600	260.913
5.232	96.005	260.916
5.266	96.444	260.940
5.304	96.901	260.939
5.347	97.347	260.967
5.391	97.796	260.996
5.440	98.245	261.007
5.437	98.491	261.010
5.407	98.395	261.009
5.398	98.265	261.012
5.406	98.122	261.023
5.412	97.963	261.022
5.405	97.800	260.973
5.380	97.615	260.939
5.340	97.422	260.911
5.317	97.209	260.880
5.291	96.985	260.877
5.264	96.743	260.880
5.247	96.488	260.876
5.239	96.205	260.866
5.229	95.914	260.859
5.212	95.669	260.875
5.207	95.386	260.842
5.190	95.134	260.833
5.188	94.887	260.809
5.173	94.637	260.799
5.162	94.425	260.804
5.150	94.239	260.826
5.147	94.071	260.842
5.150	93.928	260.847
5.153	93.818	260.852
5.162	93.751	260.851
5.170	93.720	260.851
5.170	93.726	260.851
5.164	93.792	260.866
5.161	93.895	260.877
5.157	94.035	260.883
5.163	94.215	260.880
5.167	94.451	260.891
5.182	94.727	260.903
5.192	95.018	260.927
5.207	95.359	260.922
5.225	95.742	260.929
5.261	96.153	260.946
5.296	96.598	260.953
5.332	97.057	260.966
5.380	97.514	260.993
5.426	97.951	261.007
5.472	98.397	261.034
5.451	98.526	261.006
5.419	98.427	261.001
5.421	98.294	261.018
5.427	98.155	261.028
5.426	97.997	261.025
5.416	97.821	260.972
5.385	97.631	260.928
5.350	97.438	260.899
5.315	97.210	260.888
5.283	96.986	260.889
5.267	96.738	260.883
5.249	96.470	260.878
5.245	96.192	260.864
5.228	95.908	260.883
5.211	95.652	260.895
5.202	95.384	260.880
5.188	95.134	260.856
5.182	94.880	260.838
5.162	94.643	260.842
5.155	94.429	260.840
5.152	94.228	260.856
5.149	94.071	260.869
5.151	93.943	260.880
5.157	93.844	260.875
5.161	93.777	260.868
5.172	93.758	260.872
5.166	93.780	260.880
5.165	93.856	260.886
5.161	93.969	260.883
5.161	94.114	260.881
5.160	94.306	260.885
5.167	94.555	260.903
5.185	94.832	260.903
5.195	95.158	260.917
5.208	95.505	260.923
5.230	95.891	260.926
5.264	96.319	260.927
5.307	96.782	260.949
5.341	97.243	260.972
5.381	97.702	260.994
5.436	98.164	261.009
5.483	98.572	261.010
5.421	98.510	261.004
5.410	98.401	260.990
5.415	98.244	261.021
5.425	98.107	261.016
5.424	97.937	260.987
5.397	97.743	260.961
5.366	97.565	260.902
5.334	97.351	260.883
5.307	97.137	260.871
5.277	96.900	260.880
5.264	96.656	260.874
5.252	96.383	260.864
5.236	96.097	260.863
5.222	95.833	260.878
5.206	95.564	260.884
5.197	95.318	260.860
5.181	95.054	260.842
5.173	94.807	260.835
5.154	94.589	260.841
5.146	94.375	260.837
5.141	94.200	260.857
5.133	94.051	260.877
5.137	93.929	260.879
5.138	93.830	260.870
5.137	93.776	260.877
5.140	93.769	260.883
5.143	93.787	260.873
5.132	93.881	260.872
5.126	93.986	260.883
5.129	94.137	260.899
5.131	94.329	260.899
5.141	94.579	260.898
5.160	94.854	260.908
5.168	95.175	260.911
5.187	95.524	260.916
5.212	95.907	260.925
5.247	96.329	260.938
5.289	96.788	260.943
5.330	97.235	260.962
5.374	97.682	260.988
5.432	98.124	261.001
5.476	98.523	261.023
5.424	98.457	260.995
5.415	98.329	260.986
5.416	98.198	261.017
5.429	98.037	261.005
5.432	97.877	260.979
5.408	97.688	260.949
5.380	97.501	260.901
5.349	97.282	260.866
5.312	97.064	260.857
5.295	96.840	260.861
5.277	96.582	260.854
5.259	96.308	260.862
5.251	96.029	260.848
5.227	95.768	260.866
5.225	95.501	260.856
5.211	95.252	260.842
5.192	95.011	260.825
5.180	94.765	260.822
5.169	94.550	260.820
5.156	94.337	260.827
5.150	94.163	260.846
5.155	94.015	260.852
5.156	93.895	260.867
5.154	93.817	260.865
5.159	93.772	260.864
5.171	93.763	260.861
5.159	93.805	260.866
5.157	93.884	260.880
5.154	94.010	260.885
5.157	94.166	260.887
5.161	94.358	260.894
5.165	94.613	260.899
5.191	94.887	260.915
5.194	95.207	260.921
5.210	95.558	260.931
5.243	95.939	260.932
5.278	96.370	260.941
5.323	96.826	260.951
5.362	97.256	260.964
5.399	97.708	260.980
5.461	98.148	261.005
5.488	98.510	261.011
5.434	98.438	261.002
5.433	98.307	260.984
5.434	98.164	261.011
5.445	98.027	261.008
5.447	97.858	260.974
5.417	97.676	260.944
5.391	97.490	260.896
5.357	97.279	260.864
5.323	97.069	260.871
5.302	96.843	260.866
5.283	96.596	260.876
5.268	96.326	260.871
5.258	96.062	260.869
5.231	95.793	260.883
5.224	95.536	260.881
5.211	95.298	260.862
5.192	95.060	260.855
5.180	94.813	260.855
5.163	94.599	260.855
5.151	94.402	260.866
5.142	94.226	260.869
5.142	94.087	260.888
5.134	93.958	260.891
5.141	93.893	260.902
5.138	93.845	260.897
5.144	93.830	260.897
5.139	93.874	260.894
5.133	93.949	260.901
5.135	94.064	260.898
5.136	94.225	260.898
5.131	94.428	260.915
5.146	94.676	260.919
5.166	94.956	260.926
5.174	95.267	260.930
5.193	95.618	260.941
5.223	95.998	260.944
5.258	96.415	260.931
5.302	96.870	260.947
5.342	97.299	260.965
5.386	97.744	260.979
5.445	98.192	261.006
5.487	98.563	261.007
5.433	98.499	260.983
5.427	98.386	260.976
5.434	98.244	261.011
5.444	98.110	261.001
5.440	97.925	260.973
5.415	97.750	260.939
5.380	97.571	260.898
5.346	97.358	260.867
5.312	97.140	260.868
5.288	96.911	260.866
5.271	96.666	260.871
5.249	96.403	260.872
5.233	96.124	260.881
5.218	95.854	260.881
5.205	95.607	260.885
5.190	95.341	260.867
5.173	95.113	260.862
5.153	94.860	260.853
5.139	94.652	260.861
5.126	94.436	260.857
5.119	94.252	260.867
5.114	94.118	260.887
5.130	93.998	260.883
5.129	93.907	260.891
5.131	93.857	260.885
5.141	93.836	260.884
5.138	93.873	260.886
5.134	93.954	260.884
5.136	94.060	260.896
5.135	94.218	260.897
5.140	94.405	260.898
5.152	94.642	260.896
5.171	94.913	260.910
5.183	95.234	260.912
5.202	95.577	260.920
5.230	95.944	260.927
5.268	96.366	260.938
5.312	96.815	260.942
5.355	97.252	260.953
5.395	97.697	260.991
5.450	98.133	261.003
5.495	98.513	261.020
5.436	98.447	261.004
5.426	98.341	261.004
5.435	98.196	261.027
5.444	98.056	261.026
5.446	97.886	261.006
5.422	97.705	260.952
5.389	97.515	260.918
5.356	97.303	260.891
5.332	97.092	260.886
5.303	96.874	260.895
5.287	96.610	260.886
5.270	96.353	260.882
5.253	96.080	260.890
5.238	95.814	260.889
5.227	95.548	260.892
5.215	95.306	260.861
5.205	95.059	260.846
5.191	94.808	260.847
5.174	94.585	260.844
5.164	94.384	260.849
5.162	94.204	260.861
5.159	94.054	260.868
5.161	93.938	260.873
5.161	93.850	260.865
5.169	93.808	260.874
5.176	93.783	260.865
5.172	93.829	260.864
5.166	93.919	260.876
5.163	94.034	260.880
5.160	94.182	260.896
5.168	94.386	260.892
5.179	94.646	260.902
5.199	94.915	260.906
5.208	95.237	260.922
5.226	95.591	260.932
5.252	95.976	260.944
5.292	96.393	260.944
5.337	96.845	260.948
5.378	97.283	260.974
5.419	97.729	260.990
5.476	98.157	261.013
5.506	98.515	261.019
5.459	98.439	260.994
5.451	98.322	260.987
5.457	98.180	261.013
5.469	98.043	261.013
5.463	97.876	260.980
5.442	97.693	260.939
5.403	97.496	260.902
5.369	97.284	260.872
5.349	97.067	260.870
5.316	96.834	260.878
5.300	96.581	260.866
5.278	96.319	260.870
5.264	96.029	260.859
5.244	95.765	260.883
5.235	95.503	260.871
5.218	95.257	260.857
5.203	95.019	260.841
5.190	94.776	260.848
5.175	94.556	260.843
5.162	94.349	260.850
5.157	94.177	260.867
5.151	94.038	260.878
5.156	93.924	260.880
5.158	93.845	260.892
5.166	93.817	260.889
5.167	93.810	260.893
5.163	93.861	260.896
5.160	93.940	260.900
5.160	94.077	260.900
5.157	94.235	260.901
5.166	94.447	260.908
5.181	94.715	260.915
5.190	94.993	260.920
5.212	95.323	260.934
5.217	95.676	260.945
5.260	96.084	260.943
5.295	96.525	260.954
5.335	96.972	260.964
5.382	97.409	260.983
5.420	97.857	261.002
5.475	98.294	261.027
5.475	98.575	261.030
5.443	98.465	261.017
5.434	98.332	261.013
5.442	98.205	261.032
5.447	98.045	261.029
5.435	97.868	260.993
5.408	97.684	260.955
5.378	97.498	260.913
5.345	97.271	260.889
5.319	97.051	260.884
5.296	96.814	260.884
5.276	96.555	260.898
5.264	96.282	260.886
5.245	96.005	260.893
5.231	95.735	260.889
5.223	95.473	260.885
5.211	95.229	260.870
5.198	94.993	260.858
5.186	94.751	260.864
5.168	94.528	260.852
5.164	94.326	260.852
5.156	94.164	260.870
5.157	94.034	260.883
5.165	93.924	260.880
5.163	93.847	260.887
5.170	93.817	260.883
5.168	93.822	260.887
5.164	93.874	260.891
5.162	93.977	260.890
5.157	94.109	260.886
5.159	94.289	260.900
5.164	94.506	260.903
5.181	94.782	260.909
5.187	95.081	260.922
5.206	95.402	260.921
5.224	95.780	260.938
5.255	96.185	260.942
5.300	96.643	260.949
5.338	97.094	260.972
5.379	97.541	260.990
5.433	97.985	261.012
5.486	98.420	261.026
5.468	98.558	261.019
5.441	98.450	260.995
5.443	98.319	261.015
5.447	98.181	261.028
5.454	98.020	261.012
5.448	97.838	260.967
5.409	97.652	260.937
5.387	97.452	260.891
5.351	97.233	260.880
5.325	97.009	260.880
5.304	96.772	260.880
5.289	96.514	260.870
5.272	96.218	260.884
5.258	95.951	260.886
5.247	95.681	260.875
5.235	95.416	260.869
5.221	95.178	260.853
5.207	94.931	260.839
5.192	94.694	260.835
5.179	94.480	260.842
5.174	94.293	260.850
5.175	94.130	260.865
5.175	94.008	260.878
5.171	93.900	260.876
5.175	93.835	260.881
5.180	93.803	260.880
5.188	93.819	260.880
5.179	93.879	260.882
5.174	93.975	260.890
5.177	94.122	260.903
5.177	94.279	260.903
5.187	94.516	260.908
5.206	94.767	260.913
5.217	95.079	260.922
5.232	95.408	260.938
5.253	95.771	260.932
5.294	96.176	260.938
5.328	96.606	260.943
5.371	97.067	260.960
5.412	97.501	260.980
5.463	97.939	260.993
5.512	98.359	261.012
5.487	98.480	260.998
5.466	98.376	260.981
5.467	98.236	261.003
5.480	98.097	261.006
5.478	97.930	260.990
5.476	97.752	260.937
5.437	97.557	260.920
5.408	97.353	260.881
5.377	97.130	260.860
5.351	96.902	260.874
5.324	96.658	260.873
5.309	96.397	260.875
5.302	96.103	260.859
5.279	95.829	260.873
5.270	95.566	260.876
5.252	95.310	260.864
5.244	95.056	260.859
5.226	94.809	260.849
5.211	94.585	260.847
5.202	94.376	260.867
5.185	94.179	260.865
5.182	94.027	260.878
5.185	93.900	260.883
5.183	93.811	260.887
5.191	93.758	260.882
5.191	93.736	260.896
5.191	93.770	260.891
5.185	93.847	260.902
5.179	93.958	260.898
5.174	94.113	260.901
5.181	94.295	260.902
5.185	94.551	260.905
5.205	94.826	260.918
5.210	95.152	260.925
5.231	95.501	260.938
5.255	95.884	260.928
5.290	96.301	260.934
5.338	96.758	260.932
5.374	97.215	260.960
5.417	97.663	260.971
5.475	98.120	260.992
5.524	98.526	261.014
5.469	98.477	260.987
5.454	98.361	260.981
5.465	98.224	261.006
5.470	98.087	261.011
5.466	97.926	260.983
5.443	97.741	260.942
5.423	97.543	260.894
5.387	97.329	260.856
5.347	97.127	260.862
5.330	96.908	260.872
5.309	96.652	260.861
5.292	96.392	260.863
5.289	96.111	260.851
5.266	95.846	260.864
5.258	95.579	260.868
5.244	95.332	260.843
5.229	95.090	260.826
5.222	94.845	260.817
5.200	94.630	260.813
5.198	94.425	260.826
5.185	94.237	260.828
5.190	94.097	260.840
5.189	93.981	260.841
5.197	93.896	260.840
5.203	93.851	260.834
5.213	93.847	260.826
5.214	93.871	260.818
5.210	93.952	260.824
5.208	94.071	260.832
5.215	94.216	260.832
5.225	94.407	260.833
5.231	94.674	260.853
5.254	94.943	260.856
5.265	95.254	260.857
5.293	95.592	260.882
5.317	95.966	260.885
5.362	96.400	260.905
5.406	96.840	260.926
5.442	97.271	260.946
5.489	97.707	260.979
5.545	98.138	260.999
5.579	98.520	261.016
5.525	98.439	261.002
5.509	98.321	261.011
5.512	98.152	261.025
5.513	98.020	261.033
5.501	97.844	261.011
5.480	97.635	260.976
5.444	97.438	260.934
5.402	97.237	260.901
5.363	97.021	260.894
5.337	96.780	260.899
5.311	96.533	260.905
5.291	96.258	260.899
5.269	95.974	260.901
5.251	95.709	260.897
5.241	95.440	260.888
5.224	95.187	260.873
5.208	94.945	260.858
5.194	94.695	260.846
5.181	94.480	260.844
5.171	94.271	260.848
5.164	94.094	260.846
5.156	93.942	260.868
5.171	93.842	260.863
5.169	93.753	260.863
5.174	93.694	260.871
5.182	93.694	260.870
5.185	93.738	260.868
5.178	93.816	260.877
5.172	93.938	260.888
5.168	94.101	260.889
5.183	94.290	260.887
5.184	94.569	260.917
5.209	94.835	260.915
5.219	95.160	260.919
5.234	95.517	260.935
5.263	95.912	260.938
5.301	96.331	260.931
5.345	96.793	260.940
5.389	97.239	260.957
5.430	97.690	260.980
5.493	98.131	260.995
5.502	98.454	260.995
5.463	98.356	260.985
5.461	98.240	260.973
5.470	98.084	260.994
5.477	97.954	260.995
5.470	97.785	260.954
5.453	97.604	260.923
5.421	97.418	260.879
5.380	97.217	260.854
5.354	97.008	260.854
5.328	96.778	260.851
5.307	96.544	260.850
5.289	96.286	260.844
5.268	96.008	260.841
5.245	95.765	260.854
5.226	95.506	260.846
5.208	95.277	260.820
5.182	95.045	260.816
5.168	94.800	260.814
5.150	94.595	260.804
5.138	94.401	260.813
5.134	94.230	260.830
5.133	94.103	260.841
5.128	93.996	260.844
5.135	93.928	260.848
5.143	93.888	260.836
5.142	93.891	260.844
5.148	93.935	260.840
5.148	94.013	260.843
5.156	94.138	260.834
5.162	94.297	260.833
5.172	94.521	260.840
5.193	94.759	260.845
5.213	95.053	260.855
5.232	95.379	260.874
5.256	95.734	260.874
5.292	96.124	260.883
5.334	96.557	260.893
5.374	97.010	260.922
5.414	97.433	260.955
5.467	97.868	260.971
5.509	98.295	261.016
5.515	98.541	261.023
5.477	98.440	261.012
5.471	98.312	261.018
5.476	98.170	261.048
5.471	98.024	261.052
5.464	97.842	261.020
5.431	97.657	260.999
5.397	97.453	260.945
5.361	97.241	260.929
5.324	97.015	260.939
5.300	96.781	260.947
5.274	96.518	260.951
5.253	96.244	260.944
5.240	95.962	260.952
5.222	95.692	260.957
5.214	95.436	260.941
5.202	95.175	260.917
5.192	94.945	260.906
5.179	94.693	260.899
5.162	94.483	260.894
5.154	94.283	260.895
5.154	94.109	260.895
5.164	93.972	260.896
5.168	93.871	260.876
5.175	93.808	260.874
5.177	93.774	260.869
5.186	93.772	260.856
5.190	93.827	260.848
5.181	93.923	260.851
5.189	94.055	260.840
5.193	94.227	260.837
5.202	94.459	260.839
5.221	94.733	260.854
5.233	95.034	260.867
5.254	95.367	260.863
5.274	95.749	260.884
5.316	96.151	260.900
5.354	96.603	260.916
5.393	97.066	260.943
5.438	97.500	260.967
5.490	97.941	260.990
5.534	98.379	261.017
5.500	98.439	261.017
5.477	98.345	261.010
5.479	98.211	261.030
5.485	98.076	261.049
5.478	97.915	261.037
5.467	97.744	260.992
5.432	97.547	260.947
5.392	97.340	260.918
5.352	97.142	260.903
5.324	96.918	260.907
5.303	96.672	260.895
5.277	96.416	260.898
5.260	96.142	260.893
5.234	95.876	260.898
5.211	95.624	260.896
5.198	95.361	260.866
5.178	95.109	260.843
5.161	94.866	260.821
5.141	94.649	260.817
5.115	94.439	260.823
5.111	94.245	260.817
5.105	94.091	260.836
5.113	93.979	260.840
5.110	93.890	260.843
5.107	93.843	260.841
5.118	93.822	260.852
5.117	93.845	260.852
5.118	93.916	260.855
5.117	94.027	260.874
5.120	94.181	260.868
5.121	94.368	260.875
5.133	94.615	260.891
5.161	94.882	260.893
5.169	95.206	260.905
5.197	95.549	260.915
5.223	95.921	260.914
5.264	96.358	260.923
5.310	96.804	260.942
5.355	97.248	260.960
5.396	97.699	260.977
5.455	98.148	261.008
5.493	98.523	261.018
5.444	98.461	261.003
5.425	98.336	260.994
5.435	98.195	261.020
5.443	98.057	261.015
5.437	97.881	260.991
5.410	97.689	260.959
5.379	97.500	260.904
5.347	97.283	260.883
5.314	97.068	260.881
5.292	96.834	260.885
5.270	96.574	260.888
5.254	96.318	260.898
5.242	96.035	260.891
5.226	95.760	260.913
5.212	95.495	260.903
5.202	95.242	260.883
5.196	94.993	260.859
5.184	94.753	260.863
5.171	94.514	260.856
5.162	94.305	260.852
5.158	94.135	260.867
5.157	93.980	260.871
5.163	93.852	260.869
5.168	93.768	260.852
5.181	93.718	260.855
5.187	93.711	260.857
5.181	93.744	260.849
5.177	93.838	260.860
5.178	93.958	260.867
5.176	94.117	260.861
5.187	94.316	260.862
5.194	94.575	260.874
5.214	94.858	260.887
5.214	95.190	260.900
5.237	95.552	260.912
5.263	95.951	260.909
5.296	96.387	260.937
5.344	96.841	260.947
5.386	97.300	260.973
5.424	97.756	260.995
5.471	98.208	261.030
5.485	98.507	261.040
5.448	98.417	261.034
5.437	98.296	261.037
5.444	98.162	261.062
5.449	98.022	261.053
5.443	97.841	261.026
5.413	97.655	260.977
5.391	97.476	260.945
5.354	97.272	260.918
5.321	97.053	260.923
5.298	96.823	260.923
5.274	96.574	260.915
5.265	96.310	260.902
5.246	96.039	260.911
5.227	95.770	260.906
5.218	95.508	260.901
5.199	95.271	260.883
5.175	95.026	260.865
5.161	94.785	260.858
5.140	94.572	260.859
5.131	94.377	260.855
5.121	94.201	260.869
5.117	94.068	260.879
5.113	93.968	260.867
5.110	93.888	260.872
5.120	93.865	260.866
5.118	93.858	260.868
5.112	93.908	260.865
5.111	94.002	260.873
5.113	94.140	260.882
5.114	94.301	260.876
5.127	94.509	260.873
5.140	94.777	260.888
5.156	95.070	260.895
5.174	95.402	260.903
5.192	95.767	260.914
5.230	96.165	260.917
5.274	96.584	260.919
5.317	97.057	260.942
5.370	97.493	260.963
5.426	97.951	260.992
5.474	98.387	261.009
5.479	98.620	261.009
5.449	98.511	261.004
5.444	98.382	261.017
5.451	98.236	261.022
5.461	98.084	261.031
5.451	97.895	260.997
5.423	97.701	260.952
5.392	97.504	260.915
5.357	97.281	260.890
5.330	97.054	260.885
5.301	96.816	260.884
5.283	96.546	260.877
5.270	96.265	260.876
5.249	95.975	260.883
5.238	95.702	260.876
5.229	95.430	260.864
5.214	95.182	260.847
5.201	94.942	260.833
5.185	94.688	260.827
5.174	94.470	260.830
5.164	94.262	260.828
5.168	94.094	260.844
5.170	93.958	260.857
5.163	93.845	260.861
5.171	93.775	260.857
5.175	93.742	260.868
5.182	93.748	260.867
5.175	93.804	260.869
5.160	93.909	260.875
5.164	94.050	260.884
5.158	94.223	260.893
5.165	94.447	260.904
5.179	94.721	260.924
5.190	95.024	260.934
5.196	95.364	260.946
5.210	95.729	260.966
5.248	96.137	260.977
5.284	96.580	260.999
5.318	97.043	261.021
5.359	97.487	261.036
5.415	97.921	261.051
5.467	98.353	261.068
5.444	98.499	261.072
5.425	98.392	261.053
5.423	98.257	261.070
5.440	98.110	261.070
5.442	97.951	261.064
5.437	97.761	261.003
5.415	97.572	260.973
5.385	97.358	260.929
5.357	97.152	260.901
5.334	96.922	260.909
5.312	96.660	260.901
5.296	96.409	260.905
5.283	96.123	260.884
5.267	95.862	260.894
5.250	95.598	260.894
5.235	95.335	260.876
5.223	95.102	260.858
5.208	94.857	260.832
5.186	94.621	260.831
5.169	94.426	260.830
5.147	94.250	260.834
5.138	94.097	260.857
5.137	93.972	260.859
5.128	93.889	260.855
5.129	93.838	260.856
5.129	93.818	260.851
5.122	93.841	260.850
5.111	93.913	260.848
5.108	94.026	260.861
5.106	94.170	260.859
5.112	94.353	260.858
5.121	94.598	260.873
5.141	94.858	260.878
5.158	95.177	260.896
5.175	95.507	260.892
5.198	95.875	260.893
5.232	96.285	260.908
5.289	96.731	260.915
5.329	97.179	260.938
5.373	97.618	260.962
5.430	98.055	260.969
5.487	98.465	260.992
5.454	98.538	260.979
5.430	98.429	260.979
5.431	98.289	261.006
5.440	98.149	261.010
5.446	97.974	260.995
5.430	97.781	260.956
5.393	97.591	260.921
5.360	97.376	260.893
5.323	97.167	260.888
5.295	96.926	260.893
5.277	96.678	260.877
5.251	96.411	260.891
5.233	96.125	260.894
5.217	95.847	260.901
5.204	95.577	260.911
5.198	95.318	260.898
5.181	95.074	260.868
5.166	94.830	260.881
5.148	94.612	260.869
5.135	94.391	260.876
5.135	94.197	260.878
5.130	94.046	260.899
5.130	93.921	260.905
5.126	93.831	260.901
5.137	93.778	260.895
5.139	93.760	260.900
5.139	93.791	260.899
5.136	93.857	260.894
5.120	93.979	260.896
5.129	94.137	260.897
5.126	94.326	260.901
5.131	94.587	260.906
5.157	94.859	260.904
5.164	95.190	260.920
5.179	95.542	260.933
5.206	95.921	260.935
5.241	96.347	260.936
5.287	96.808	260.956
5.332	97.256	260.980
5.378	97.714	261.014
5.440	98.169	261.030
5.487	98.567	261.056
5.437	98.482	261.040
5.430	98.363	261.037
5.440	98.223	261.077
5.465	98.082	261.077
5.467	97.915	261.040
5.448	97.729	261.011
5.426	97.534	260.965
5.396	97.330	260.929
5.368	97.110	260.921
5.352	96.885	260.937
5.338	96.638	260.929
5.318	96.377	260.930
5.305	96.106	260.924
5.287	95.836	260.915
5.274	95.569	260.908
5.253	95.324	260.882
5.241	95.095	260.863
5.223	94.847	260.847
5.201	94.629	260.830
5.187	94.430	260.821
5.174	94.251	260.825
5.175	94.113	260.836
5.158	94.009	260.846
5.159	93.922	260.839
5.160	93.890	260.835
5.156	93.877	260.832
5.154	93.916	260.832
5.144	94.002	260.839
5.145	94.118	260.842
5.150	94.269	260.847
5.152	94.476	260.859
5.163	94.733	260.871
5.182	95.006	260.889
5.194	95.328	260.906
5.206	95.673	260.914
5.240	96.051	260.932
5.279	96.472	260.934
5.325	96.915	260.944
5.362	97.345	260.971
5.402	97.783	260.998
5.459	98.201	261.026
5.498	98.572	261.032
5.444	98.503	261.020
5.434	98.385	261.014
5.443	98.237	261.044
5.448	98.082	261.036
5.444	97.901	261.015
5.422	97.712	260.974
5.391	97.514	260.940
5.356	97.278	260.909
5.319	97.056	260.889
5.295	96.817	260.900
5.284	96.558	260.894
5.257	96.288	260.894
5.241	95.995	260.898
5.227	95.716	260.896
5.215	95.457	260.899
5.210	95.197	260.871
5.197	94.951	260.862
5.177	94.700	260.853
5.163	94.485	260.851
5.150	94.279	260.861
5.147	94.100	260.864
5.134	93.967	260.882
5.148	93.854	260.872
5.147	93.773	260.885
5.147	93.745	260.883
5.153	93.743	260.875
5.142	93.790	260.870
5.135	93.879	260.874
5.133	94.010	260.876
5.129	94.169	260.877
5.136	94.392	260.870
5.143	94.654	260.876
5.161	94.943	260.886
5.180	95.278	260.880
5.195	95.640	260.893
5.238	96.036	260.896
5.276	96.480	260.895
5.331	96.933	260.900
5.384	97.372	260.917
5.434	97.824	260.928
5.496	98.280	260.968
5.490	98.468	260.961
5.466	98.356	260.946
5.473	98.203	260.950
5.491	98.062	260.962
5.503	97.907	260.951
5.495	97.717	260.909
5.478	97.529	260.884
5.448	97.325	260.834
5.419	97.123	260.823
5.402	96.893	260.823
5.379	96.655	260.827
5.353	96.405	260.840
5.346	96.129	260.833
5.317	95.862	260.849
5.306	95.592	260.864
5.288	95.355	260.858
5.269	95.097	260.837
5.247	94.870	260.833
5.224	94.631	260.839
5.200	94.425	260.845
5.195	94.239	260.855
5.182	94.076	260.859
5.182	93.952	260.867
5.174	93.851	260.881
5.174	93.784	260.881
5.176	93.756	260.878
5.169	93.776	260.877
5.163	93.838	260.876
5.160	93.943	260.882
5.155	94.070	260.886
5.159	94.254	260.883
5.162	94.482	260.884
5.184	94.745	260.900
5.194	95.043	260.904
5.211	95.380	260.915
5.225	95.739	260.915
5.265	96.142	260.923
5.306	96.593	260.931
5.342	97.039	260.952
5.394	97.477	260.965
5.450	97.914	260.993
5.491	98.340	261.011
5.480	98.488	261.012
5.459	98.381	261.004
5.458	98.239	261.010
5.483	98.101	261.017
5.483	97.936	261.022
5.468	97.747	260.980
5.450	97.566	260.956
5.427	97.351	260.910
5.393	97.147	260.901
5.371	96.912	260.894
5.356	96.667	260.894
5.343	96.408	260.901
5.335	96.131	260.893
5.318	95.859	260.900
5.313	95.584	260.891
5.296	95.336	260.878
5.286	95.085	260.859
5.267	94.853	260.843
5.255	94.615	260.831
5.244	94.403	260.819
5.229	94.217	260.838
5.214	94.066	260.841
5.219	93.944	260.853
5.220	93.842	260.849
5.213	93.798	260.844
5.210	93.777	260.839
5.197	93.799	260.843
5.190	93.865	260.839
5.176	93.980	260.849
5.170	94.110	260.850
5.160	94.305	260.858
5.162	94.543	260.869
5.178	94.808	260.878
5.184	95.129	260.895
5.195	95.463	260.898
5.214	95.833	260.908
5.245	96.254	260.933
5.287	96.692	260.930
5.326	97.147	260.955
5.372	97.589	260.967
5.426	98.041	260.995
5.476	98.457	261.011
5.445	98.532	261.006
5.430	98.424	260.986
5.436	98.289	261.012
5.446	98.157	261.023
5.454	97.994	261.004
5.445	97.801	260.953
5.413	97.611	260.918
5.388	97.410	260.863
5.346	97.197	260.861
5.328	96.957	260.843
5.309	96.727	260.850
5.289	96.458	260.847
5.280	96.177	260.841
5.257	95.909	260.851
5.244	95.642	260.847
5.227	95.386	260.853
5.205	95.144	260.823
5.193	94.897	260.811
5.172	94.667	260.810
5.156	94.460	260.818
5.146	94.275	260.841
5.140	94.119	260.859
5.140	94.008	260.863
5.142	93.903	260.865
5.136	93.854	260.882
5.140	93.828	260.885
5.136	93.847	260.890
5.136	93.928	260.891
5.125	94.027	260.893
5.135	94.177	260.899
5.127	94.366	260.899
5.135	94.600	260.917
5.161	94.865	260.918
5.173	95.182	260.927
5.190	95.520	260.924
5.215	95.885	260.922
5.255	96.300	260.928
5.301	96.751	260.931
5.346	97.190	260.944
5.390	97.638	260.961
5.450	98.081	260.977
5.508	98.486	260.992
5.454	98.464	260.974
5.450	98.343	260.959
5.461	98.187	260.976
5.484	98.041	260.969
5.486	97.868	260.958
5.476	97.675	260.918
5.456	97.466	260.868
5.430	97.269	260.845
5.404	97.035	260.829
5.386	96.794	260.823
5.375	96.546	260.826
5.375	96.271	260.821
5.368	95.983	260.820
5.355	95.706	260.836
5.339	95.441	260.848
5.336	95.194	260.827
5.326	94.938	260.805
5.304	94.692	260.815
5.292	94.458	260.807
5.276	94.251	260.813
5.266	94.069	260.831
5.264	93.912	260.841
5.259	93.789	260.846
5.256	93.705	260.857
5.255	93.652	260.862
5.254	93.643	260.867
5.242	93.677	260.872
5.229	93.760	260.880
5.220	93.873	260.872
5.214	94.035	260.892
5.212	94.218	260.882
5.218	94.486	260.899
5.230	94.769	260.910
5.235	95.089	260.907
5.254	95.438	260.921
5.268	95.837	260.932
5.307	96.270	260.946
5.348	96.730	260.957
5.387	97.177	260.965
5.428	97.640	260.999
5.487	98.081	261.011
5.522	98.466	261.025
5.471	98.383	260.998
5.464	98.277	261.000
5.473	98.134	261.031
5.483	97.989	261.006
5.480	97.831	260.997
5.462	97.641	260.953
5.434	97.458	260.911
5.400	97.259	260.892
5.371	97.045	260.879
5.350	96.822	260.889
5.330	96.572	260.873
5.317	96.315	260.872
5.293	96.034	260.873
5.285	95.768	260.875
5.275	95.504	260.855
5.259	95.266	260.858
5.245	95.029	260.833
5.229	94.786	260.835
5.215	94.574	260.808
5.207	94.369	260.818
5.197	94.200	260.833
5.199	94.062	260.827
5.200	93.949	260.843
5.203	93.875	260.840
5.206	93.831	260.843
5.209	93.825	260.836
5.201	93.875	260.849
5.197	93.950	260.850
5.192	94.079	260.858
5.185	94.233	260.848
5.186	94.439	260.844
5.185	94.701	260.867
5.205	94.963	260.870
5.208	95.303	260.886
5.219	95.650	260.892
5.244	96.031	260.892
5.278	96.455	260.905
5.310	96.912	260.919
5.354	97.348	260.935
5.389	97.788	260.955
5.433	98.230	260.989
5.486	98.611	260.997
5.428	98.549	260.977
5.419	98.436	260.953
5.427	98.290	260.985
5.440	98.154	260.980
5.435	97.959	260.940
5.420	97.777	260.917
5.390	97.580	260.873
5.365	97.354	260.844
5.338	97.128	260.834
5.325	96.881	260.831
5.314	96.620	260.833
5.303	96.343	260.824
5.297	96.055	260.834
5.284	95.781	260.848
5.279	95.504	260.845
5.268	95.251	260.841
5.263	95.004	260.828
5.244	94.744	260.830
5.232	94.523	260.827
5.217	94.318	260.840
5.213	94.143	260.854
5.207	93.994	260.880
5.202	93.877	260.886
5.204	93.802	260.887
5.209	93.752	260.887
5.203	93.753	260.901
5.192	93.790	260.899
5.185	93.889	260.906
5.174	94.016	260.912
5.171	94.182	260.920
5.171	94.379	260.918
5.174	94.656	260.926
5.195	94.947	260.935
5.202	95.271	260.942
5.223	95.630	260.949
5.247	96.032	260.951
5.285	96.471	260.952
5.337	96.926	260.967
5.377	97.365	260.974
5.423	97.811	260.993
5.482	98.271	261.006
5.489	98.529	261.001
5.456	98.421	260.994
5.451	98.293	260.993
5.462	98.145	261.007
5.477	97.992	260.991
5.467	97.810	260.959
5.448	97.624	260.915
5.419	97.427	260.879
5.388	97.215	260.861
5.368	96.987	260.855
5.351	96.748	260.849
5.337	96.501	260.854
5.324	96.212	260.854
5.311	95.935	260.856
5.300	95.670	260.870
5.292	95.410	260.853
5.277	95.155	260.845
5.277	94.915	260.827
5.260	94.665	260.813
5.254	94.439	260.818
5.243	94.252	260.822
5.242	94.085	260.839
5.249	93.947	260.837
5.253	93.827	260.840
5.257	93.755	260.838
5.257	93.723	260.836
5.265	93.717	260.842
5.259	93.776	260.838
5.255	93.862	260.830
5.245	93.996	260.833
5.239	94.168	260.842
5.250	94.379	260.838
5.249	94.650	260.841
5.260	94.945	260.858
5.266	95.278	260.862
5.275	95.644	260.865
5.302	96.035	260.858
5.335	96.483	260.884
5.365	96.943	260.891
5.404	97.381	260.913
5.442	97.836	260.927
5.491	98.271	260.952
5.476	98.481	260.956
5.441	98.385	260.953
5.440	98.247	260.961
5.448	98.111	260.976
5.455	97.954	260.980
5.446	97.764	260.934
5.416	97.584	260.910
5.392	97.376	260.873
5.366	97.160	260.861
5.342	96.932	260.866
5.325	96.687	260.879
5.311	96.428	260.879
5.307	96.141	260.869
5.288	95.874	260.886
5.285	95.600	260.890
5.277	95.338	260.883
5.263	95.082	260.861
5.251	94.837	260.859
5.235	94.589	260.858
5.227	94.371	260.847
5.216	94.174	260.858
5.210	94.017	260.863
5.219	93.877	260.874
5.216	93.766	260.880
5.215	93.706	260.873
5.219	93.684	260.873
5.213	93.692	260.868
5.205	93.762	260.884
5.200	93.863	260.875
5.195	94.017	260.882
5.193	94.189	260.884
5.200	94.418	260.876
5.207	94.694	260.896
5.224	94.999	260.907
5.231	95.342	260.903
5.253	95.715	260.910
5.287	96.115	260.910
5.331	96.565	260.910
5.366	97.035	260.942
5.403	97.482	260.959
5.459	97.930	260.974
5.507	98.361	260.981
5.479	98.493	260.990
5.464	98.391	260.974
5.458	98.262	260.990
5.464	98.135	260.997
5.474	97.965	260.971
5.463	97.795	260.934
5.438	97.613	260.904
5.399	97.407	260.860
5.365	97.200	260.842
5.346	96.976	260.849
5.325	96.740	260.852
5.308	96.473	260.846
5.294	96.197	260.841
5.277	95.911	260.848
5.267	95.661	260.850
5.265	95.392	260.837
5.250	95.155	260.820
5.240	94.915	260.813
5.225	94.682	260.816
5.216	94.458	260.814
5.209	94.282	260.819
5.216	94.120	260.844
5.218	93.987	260.865
5.217	93.891	260.858
5.220	93.832	260.862
5.227	93.806	260.863
5.220	93.824	260.876
5.217	93.900	260.876
5.210	94.002	260.878
5.205	94.148	260.876
5.204	94.328	260.889
5.204	94.578	260.882
5.220	94.839	260.899
5.217	95.153	260.906
5.232	95.489	260.910
5.243	95.867	260.924
5.267	96.285	260.921
5.310	96.726	260.925
5.342	97.175	260.940
5.377	97.634	260.960
5.429	98.077	260.981
5.470	98.495	261.005
5.435	98.552	260.990
5.415	98.439	260.978
5.420	98.303	260.995
5.425	98.177	261.003
5.428	98.004	260.988
5.416	97.808	260.947
5.393	97.625	260.901
5.364	97.409	260.870
5.344	97.193	260.864
5.316	96.953	260.878
5.309	96.702	260.869
5.293	96.437	260.873
5.294	96.142	260.867
5.276	95.868	260.885
5.273	95.590	260.881
5.257	95.333	260.870
5.248	95.074	260.854
5.238	94.826	260.841
5.224	94.592	260.849
5.210	94.376	260.846
5.206	94.193	260.862
5.207	94.023	260.865
5.205	93.907	260.882
5.205	93.805	260.883
5.211	93.741	260.873
5.208	93.718	260.881
5.207	93.742	260.880
5.209	93.809	260.869
5.198	93.922	260.878
5.201	94.069	260.880
5.198	94.261	260.880
5.204	94.509	260.884
5.230	94.773	260.883
5.238	95.089	260.882
5.252	95.436	260.900
5.272	95.811	260.893
5.312	96.232	260.905
5.354	96.678	260.908
5.401	97.134	260.924
5.434	97.585	260.942
5.496	98.022	260.960
5.538	98.438	260.975
5.488	98.423	260.966
5.478	98.311	260.947
5.470	98.165	260.973
5.483	98.025	260.967
5.478	97.865	260.956
5.462	97.668	260.908
5.430	97.483	260.875
5.393	97.275	260.843
5.362	97.064	260.844
5.336	96.832	260.857
5.319	96.584	260.860
5.301	96.317	260.853
5.292	96.042	260.862
5.274	95.763	260.867
5.267	95.496	260.870
5.255	95.241	260.858
5.249	95.001	260.848
5.234	94.755	260.848
5.222	94.526	260.848
5.214	94.318	260.855
5.205	94.143	260.867
5.204	93.985	260.871
5.212	93.875	260.882
5.214	93.790	260.884
5.222	93.734	260.883
5.221	93.726	260.888
5.217	93.757	260.886
5.219	93.846	260.875
5.210	93.958	260.886
5.201	94.125	260.887
5.203	94.313	260.897
5.202	94.578	260.898
5.222	94.860	260.919
5.223	95.183	260.922
5.235	95.536	260.924
5.251	95.929	260.933
5.282	96.365	260.934
5.329	96.817	260.937
5.358	97.262	260.962
5.404	97.712	260.980
5.457	98.159	260.985
5.498	98.552	261.012
5.450	98.487	260.990
5.432	98.366	260.986
5.443	98.224	261.003
5.456	98.092	260.995
5.456	97.909	260.979
5.433	97.717	260.936
5.405	97.539	260.896
5.379	97.320	260.860
5.350	97.097	260.850
5.333	96.860	260.857
5.317	96.622	260.860
5.309	96.339	260.850
5.299	96.062	260.847
5.283	95.793	260.860
5.276	95.529	260.860
5.257	95.282	260.851
5.248	95.039	260.837
5.237	94.795	260.825
5.219	94.565	260.826
5.202	94.366	260.843
5.197	94.183	260.868
5.189	94.050	260.868
5.198	93.952	260.875
5.196	93.865	260.896
5.192	93.821	260.898
5.200	93.822	260.886
5.186	93.870	260.903
5.183	93.941	260.890
5.180	94.064	260.908
5.172	94.232	260.909
5.177	94.434	260.911
5.181	94.689	260.914
5.198	94.981	260.933
5.203	95.305	260.939
5.218	95.658	260.938
5.248	96.052	260.954
5.274	96.475	260.958
5.323	96.934	260.956
5.360	97.372	260.985
5.408	97.824	260.979
5.452	98.264	260.992
5.475	98.605	261.012
5.430	98.510	260.994
5.418	98.389	260.987
5.423	98.248	261.007
5.432	98.098	261.004
5.424	97.919	260.967
5.400	97.738	260.938
5.357	97.547	260.900
5.329	97.329	260.865
5.302	97.101	260.859
5.282	96.875	260.871
5.260	96.629	260.878
5.247	96.363	260.879
5.235	96.073	260.886
5.222	95.812	260.886
5.213	95.555	260.897
5.204	95.301	260.882
5.191	95.065	260.883
5.181	94.816	260.877
5.176	94.595	260.874
5.169	94.397	260.883
5.161	94.224	260.887
5.168	94.077	260.902
5.166	93.966	260.901
5.174	93.907	260.912
5.184	93.852	260.914
5.186	93.847	260.918
5.181	93.893	260.900
5.186	93.982	260.904
5.178	94.094	260.905
5.180	94.262	260.896
5.185	94.471	260.895
5.198	94.724	260.902
5.208	95.021	260.912
5.220	95.337	260.915
5.235	95.688	260.922
5.264	96.087	260.913
5.308	96.512	260.917
5.345	96.958	260.931
5.387	97.383	260.936
5.429	97.828	260.948
5.484	98.266	260.981
5.491	98.563	260.982
5.457	98.453	260.980
5.454	98.317	260.965
5.464	98.186	260.985
5.472	98.011	260.975
5.462	97.841	260.947
5.442	97.647	260.922
5.412	97.456	260.880
5.380	97.235	260.860
5.352	97.004	260.866
5.332	96.765	260.875
5.318	96.513	260.883
5.305	96.232	260.879
5.294	95.961	260.888
5.279	95.684	260.894
5.266	95.425	260.894
5.253	95.177	260.877
5.241	94.932	260.876
5.236	94.688	260.868
5.217	94.460	260.868
5.206	94.265	260.878
5.194	94.097	260.896
5.197	93.951	260.904
5.199	93.848	260.904
5.204	93.778	260.915
5.208	93.745	260.920
5.209	93.748	260.926
5.206	93.802	260.912
5.200	93.893	260.911
5.193	94.027	260.914
5.195	94.193	260.918
5.199	94.418	260.923
5.215	94.678	260.928
5.230	94.975	260.927
5.233	95.309	260.944
5.253	95.666	260.949
5.289	96.073	260.958
5.322	96.514	260.958
5.355	96.964	260.971
5.404	97.409	260.986
5.441	97.856	261.007
5.489	98.294	261.018
5.477	98.513	261.019
5.446	98.405	261.012
5.436	98.284	261.030
5.446	98.145	261.027
5.448	97.983	261.022
5.433	97.807	260.985
5.400	97.627	260.956
5.365	97.441	260.914
5.331	97.229	260.895
5.300	97.005	260.900
5.273	96.771	260.908
5.258	96.516	260.905
5.244	96.250	260.908
5.224	95.975	260.917
5.210	95.716	260.929
5.207	95.461	260.911
5.186	95.216	260.896
5.177	94.994	260.893
5.166	94.749	260.890
5.154	94.536	260.890
5.144	94.359	260.896
5.144	94.195	260.900
5.150	94.072	260.910
5.147	93.974	260.916
5.153	93.918	260.910
5.161	93.905	260.909
5.168	93.910	260.903
5.160	93.979	260.910
5.157	94.087	260.913
5.156	94.225	260.911
5.147	94.406	260.920
5.162	94.653	260.916
5.180	94.922	260.927
5.188	95.240	260.923
5.204	95.583	260.940
5.223	95.948	260.936
5.257	96.374	260.944
5.291	96.828	260.953
5.328	97.275	260.971
5.368	97.729	260.979
5.416	98.185	261.005
5.470	98.584	261.023
5.425	98.635	261.023
5.406	98.523	261.002
5.410	98.384	261.024
5.407	98.250	261.029
5.404	98.088	261.036
5.401	97.888	260.982
5.359	97.716	260.944
5.320	97.514	260.924
5.297	97.294	260.905
5.264	97.058	260.931
5.249	96.826	260.929
5.233	96.555	260.933
5.216	96.283	260.942
5.204	96.008	260.954
5.185	95.741	260.955
5.176	95.484	260.951
5.166	95.240	260.925
5.145	95.003	260.935
5.136	94.771	260.919
5.129	94.563	260.929
5.124	94.382	260.947
5.120	94.211	260.949
5.131	94.093	260.958
5.132	94.005	260.961
5.141	93.951	260.956
5.145	93.938	260.966
5.150	93.956	260.959
5.143	94.023	260.971
5.149	94.129	260.964
5.151	94.271	260.956
5.157	94.475	260.947
5.169	94.716	260.952
5.201	94.977	260.948
5.203	95.302	260.973
5.232	95.648	260.972
5.259	96.035	260.979
5.297	96.461	260.990
5.343	96.913	260.988
5.378	97.357	261.012
5.424	97.810	261.021
5.471	98.256	261.040
5.511	98.633	261.059
5.455	98.528	261.038
5.446	98.417	261.034
5.452	98.272	261.063
5.448	98.134	261.064
5.448	97.953	261.026
5.422	97.775	260.994
5.389	97.586	260.944
5.357	97.376	260.922
5.327	97.157	260.919
5.300	96.932	260.921
5.281	96.678	260.921
5.265	96.418	260.928
5.252	96.135	260.926
5.234	95.865	260.934
5.224	95.604	260.935
5.213	95.349	260.919
5.199	95.122	260.900
5.188	94.852	260.888
5.175	94.644	260.900
5.162	94.437	260.888
5.167	94.259	260.896
5.164	94.108	260.924
5.160	93.997	260.918
5.170	93.915	260.912
5.172	93.867	260.921
5.185	93.852	260.914
5.178	93.901	260.914
5.177	93.977	260.912
5.173	94.102	260.923
5.172	94.263	260.921
5.172	94.466	260.926
5.185	94.723	260.928
5.201	95.003	260.947
5.214	95.334	260.947
5.226	95.690	260.958
5.257	96.090	260.970
5.296	96.524	260.971
5.333	96.969	260.977
5.370	97.411	261.004
5.410	97.848	261.015
5.461	98.297	261.047
5.474	98.575	261.050
5.430	98.479	261.029
5.423	98.346	261.028
5.429	98.209	261.040
5.431	98.063	261.051
5.423	97.871	261.008
5.394	97.692	260.980
5.356	97.503	260.939
5.324	97.289	260.913
5.299	97.057	260.912
5.271	96.825	260.922
5.251	96.572	260.926
5.234	96.298	260.922
5.223	96.014	260.918
5.204	95.743	260.932
5.195	95.484	260.917
5.173	95.231	260.902
5.167	94.992	260.902
5.151	94.746	260.892
5.141	94.532	260.895
5.130	94.329	260.904
5.130	94.166	260.913
5.129	94.018	260.928
5.129	93.927	260.938
5.139	93.855	260.932
5.145	93.823	260.938
5.154	93.833	260.936
5.143	93.883	260.937
5.145	93.987	260.943
5.147	94.120	260.944
5.144	94.290	260.943
5.158	94.522	260.950
5.172	94.794	260.948
5.189	95.092	260.958
5.201	95.419	260.975
5.218	95.794	260.968
5.255	96.208	261.005
5.299	96.659	260.995
5.332	97.115	261.009
5.375	97.572	261.024
5.427	98.022	261.040
5.480	98.460	261.055
5.456	98.603	261.047
5.428	98.502	261.030
5.419	98.372	261.048
5.427	98.237	261.063
5.428	98.097	261.049
5.420	97.906	260.999
5.382	97.726	260.961
5.349	97.539	260.922
5.320	97.328	260.916
5.296	97.115	260.929
5.268	96.888	260.931
5.256	96.621	260.925
5.243	96.359	260.933
5.226	96.079	260.948
5.210	95.820	260.940
5.201	95.560	260.936
5.193	95.318	260.918
5.178	95.080	260.916
5.162	94.849	260.925
5.148	94.633	260.922
5.140	94.440	260.926
5.144	94.273	260.935
5.151	94.148	260.951
5.139	94.048	260.952
5.148	93.991	260.966
5.155	93.962	260.959
5.154	93.971	260.954
5.152	94.036	260.972
5.147	94.139	260.960
5.146	94.264	260.952
5.139	94.456	260.959
5.150	94.692	260.966
5.173	94.956	260.959
5.174	95.268	260.974
5.194	95.600	260.983
5.217	95.973	260.994
5.250	96.388	260.995
5.290	96.835	260.992
5.326	97.287	261.028
5.363	97.726	261.034
5.416	98.191	261.061
5.471	98.605	261.072
5.439	98.675	261.048
5.417	98.576	261.037
5.425	98.431	261.061
5.424	98.303	261.073
5.423	98.138	261.065
5.419	97.935	261.012
5.382	97.762	260.981
5.345	97.565	260.951
5.313	97.341	260.937
5.288	97.100	260.952
5.268	96.863	260.949
5.254	96.593	260.943
5.239	96.306	260.946
5.226	96.025	260.949
5.207	95.767	260.961
5.200	95.490	260.942
5.185	95.249	260.925
5.169	95.009	260.926
5.152	94.762	260.915
5.141	94.554	260.920
5.138	94.362	260.922
5.134	94.191	260.942
5.145	94.066	260.939
5.140	93.965	260.948
5.145	93.919	260.944
5.155	93.887	260.942
5.154	93.904	260.938
5.150	93.973	260.946
5.149	94.071	260.939
5.151	94.222	260.943
5.148	94.411	260.948
5.162	94.656	260.951
5.176	94.914	260.964
5.187	95.236	260.968
5.202	95.579	260.969
5.230	95.948	260.981
5.268	96.374	260.990
5.303	96.825	260.998
5.340	97.277	261.015
5.386	97.713	261.029
5.435	98.157	261.055
5.485	98.564	261.069
5.434	98.544	261.057
5.418	98.435	261.034
5.422	98.296	261.074
5.426	98.160	261.066
5.424	97.990	261.051
5.410	97.799	261.006
5.374	97.614	260.968
5.340	97.410	260.951
5.310	97.187	260.936
5.281	96.961	260.941
5.268	96.711	260.951
5.258	96.452	260.944
5.239	96.160	260.947
5.224	95.899	260.951
5.214	95.636	260.945
5.206	95.377	260.931
5.187	95.141	260.925
5.179	94.894	260.906
5.159	94.665	260.903
5.146	94.464	260.910
5.143	94.282	260.931
5.137	94.136	260.936
5.140	94.021	260.948
5.149	93.940	260.934
5.143	93.897	260.939
5.146	93.883	260.947
5.143	93.923	260.945
5.136	94.006	260.942
5.138	94.127	260.951
5.130	94.286	260.944
5.133	94.485	260.956
5.151	94.745	260.955
5.162	95.015	260.956
5.169	95.333	260.970
5.187	95.690	260.979
5.217	96.073	260.985
5.255	96.506	260.995
5.294	96.952	261.001
5.338	97.375	261.015
5.384	97.830	261.025
5.432	98.267	261.050
5.487	98.651	261.068
5.429	98.600	261.047
5.421	98.495	261.034
5.431	98.349	261.072
5.440	98.216	261.065
5.439	98.032	261.041
5.417	97.840	261.007
5.390	97.659	260.957
5.352	97.439	260.942
5.318	97.215	260.936
5.298	96.986	260.934
5.280	96.730	260.939
5.263	96.468	260.942
5.245	96.197	260.945
5.227	95.919	260.955
5.213	95.659	260.953
5.198	95.402	260.943
5.185	95.161	260.918
5.178	94.913	260.919
5.159	94.687	260.916
5.144	94.486	260.919
5.138	94.313	260.924
5.134	94.166	260.952
5.142	94.055	260.938
5.144	93.978	260.951
5.143	93.939	260.955
5.157	93.941	260.942
5.151	93.979	260.946
5.142	94.062	260.951
5.147	94.198	260.952
5.146	94.358	260.952
5.152	94.577	260.960
5.163	94.833	260.957
5.175	95.125	260.975
5.189	95.451	260.974
5.208	95.804	260.983
5.232	96.217	260.985
5.273	96.647	260.996
5.316	97.100	261.012
5.356	97.548	261.035
5.399	97.978	261.044
5.453	98.427	261.073
5.452	98.720	261.084
5.416	98.598	261.063
5.413	98.474	261.069
5.423	98.327	261.094
5.419	98.174	261.091
5.419	97.987	261.044
5.393	97.788	261.013
5.357	97.608	260.968
5.334	97.382	260.945
5.309	97.155	260.948
5.285	96.929	260.961
5.267	96.665	260.948
5.253	96.389	260.947
5.237	96.116	260.962
5.223	95.843	260.966
5.214	95.582	260.953
5.198	95.329	260.931
5.191	95.090	260.915
5.183	94.855	260.910
5.163	94.639	260.915
5.157	94.439	260.901
5.156	94.267	260.922
5.158	94.137	260.933
5.157	94.032	260.936
5.154	93.964	260.927
5.160	93.930	260.924
5.161	93.941	260.920
5.155	93.995	260.930
5.155	94.085	260.918
5.152	94.217	260.920
5.148	94.383	260.922
5.161	94.610	260.932
5.172	94.870	260.935
5.188	95.170	260.945
5.206	95.488	260.952
5.228	95.875	260.975
5.268	96.272	260.966
5.310	96.719	260.986
5.343	97.151	260.999
5.388	97.604	261.026
5.448	98.036	261.034
5.496	98.460	261.056
5.482	98.587	261.046
5.457	98.475	261.045
5.453	98.338	261.060
5.465	98.197	261.079
5.464	98.028	261.062
5.451	97.835	261.023
5.418	97.654	260.993
5.382	97.445	260.953
5.351	97.229	260.943
5.316	97.005	260.949
5.295	96.761	260.956
5.275	96.507	260.953
5.253	96.220	260.957
5.237	95.952	260.960
5.215	95.688	260.961
5.203	95.426	260.954
5.186	95.173	260.928
5.176	94.933	260.915
5.159	94.699	260.905
5.140	94.486	260.908
5.125	94.301	260.917
5.128	94.140	260.920
5.131	94.018	260.928
5.137	93.907	260.917
5.142	93.859	260.925
5.151	93.842	260.914
5.146	93.853	260.921
5.145	93.920	260.925
5.149	94.031	260.922
5.152	94.169	260.919
5.161	94.347	260.914
5.173	94.594	260.930
5.187	94.861	260.938
5.193	95.179	260.949
5.217	95.509	260.955
5.243	95.891	260.953
5.276	96.303	260.969
5.324	96.768	260.979
5.357	97.200	260.996
5.397	97.652	261.011
5.458	98.096	261.038
5.501	98.512	261.057
5.455	98.523	261.051
5.435	98.423	261.033
5.435	98.281	261.071
5.438	98.146	261.075
5.440	97.987	261.063
5.422	97.805	261.023
5.385	97.623	260.979
5.355	97.427	260.955
5.319	97.213	260.944
5.298	96.994	260.940
5.274	96.750	260.939
5.256	96.498	260.938
5.244	96.232	260.938
5.222	95.972	260.960
5.206	95.706	260.951
5.195	95.449	260.932
5.178	95.223	260.918
5.167	94.981	260.908
5.156	94.763	260.887
5.139	94.562	260.900
5.128	94.370	260.896
5.130	94.220	260.902
5.128	94.110	260.910
5.129	94.029	260.918
5.132	93.984	260.922
5.133	93.970	260.925
5.133	93.996	260.911
5.133	94.070	260.921
5.124	94.177	260.915
5.129	94.322	260.923
5.138	94.514	260.934
5.144	94.758	260.935
5.163	95.033	260.939
5.172	95.330	260.953
5.198	95.687	260.961
5.230	96.056	260.974
5.266	96.484	260.985
5.305	96.930	260.989
5.355	97.364	261.017
5.402	97.803	261.035
5.455	98.260	261.065
5.506	98.658	261.074
5.456	98.616	261.059
5.449	98.499	261.045
5.450	98.359	261.087
5.457	98.222	261.087
5.463	98.047	261.066
5.436	97.853	261.029
5.397	97.686	260.993
5.371	97.475	260.972
5.334	97.256	260.958
5.307	97.027	260.964
5.286	96.789	260.961
5.261	96.513	260.956
5.248	96.254	260.970
5.227	95.974	260.971
5.209	95.707	260.963
5.196	95.456	260.960
5.178	95.220	260.926
5.163	94.978	260.928
5.145	94.763	260.927
5.136	94.553	260.917
5.127	94.370	260.930
5.125	94.209	260.934
5.130	94.098	260.947
5.131	94.008	260.942
5.142	93.962	260.934
5.154	93.942	260.925
5.146	93.957	260.930
5.150	94.033	260.930
5.151	94.143	260.916
5.156	94.291	260.925
5.165	94.473	260.913
5.183	94.721	260.924
5.202	94.978	260.932
5.207	95.298	260.944
5.227	95.640	260.951
5.262	96.014	260.959
5.300	96.443	260.958
5.346	96.882	260.967
5.383	97.311	260.981
5.424	97.766	261.008
5.479	98.201	261.041
5.527	98.594	261.060
5.468	98.522	261.033
5.457	98.414	261.032
5.459	98.280	261.064
5.463	98.137	261.062
5.462	97.966	261.046
5.436	97.779	261.018
5.400	97.591	260.961
5.363	97.376	260.945
5.331	97.169	260.950
5.307	96.934	260.949
5.291	96.680	260.943
5.263	96.425	260.938
5.250	96.135	260.938
5.230	95.870	260.949
5.215	95.600	260.937
5.213	95.350	260.918
5.186	95.110	260.902
5.174	94.858	260.893
5.161	94.645	260.895
5.146	94.440	260.885
5.143	94.255	260.890
5.140	94.106	260.896
5.137	93.991	260.892
5.138	93.914	260.893
5.141	93.858	260.877
5.154	93.855	260.880
5.140	93.893	260.884
5.144	93.975	260.886
5.144	94.088	260.880
5.149	94.248	260.875
5.152	94.451	260.895
5.165	94.702	260.901
5.188	94.986	260.902
5.199	95.303	260.906
5.223	95.649	260.914
5.258	96.040	260.923
5.301	96.466	260.926
5.343	96.915	260.946
5.394	97.348	260.972
5.440	97.798	260.991
5.498	98.231	261.019
5.520	98.541	261.023
5.483	98.445	261.015
5.475	98.303	261.008
5.483	98.175	261.032
5.495	98.025	261.027
5.492	97.840	260.989
5.467	97.650	260.959
5.438	97.442	260.899
5.397	97.245	260.876
5.370	97.019	260.869
5.344	96.780	260.874
5.325	96.533	260.871
5.309	96.260	260.870
5.292	95.985	260.874
5.272	95.713	260.887
5.260	95.447	260.878
5.242	95.196	260.859
5.229	94.957	260.839
5.216	94.710	260.843
5.205	94.496	260.839
5.195	94.291	260.850
5.183	94.128	260.866
5.192	93.983	260.876
5.194	93.871	260.873
5.200	93.795	260.877
5.204	93.752	260.877
5.210	93.751	260.881
5.207	93.801	260.885
5.205	93.894	260.872
5.202	94.030	260.899
5.204	94.195	260.898
5.211	94.407	260.891
5.220	94.666	260.910
5.242	94.957	260.921
5.252	95.285	260.929
5.269	95.651	260.942
5.304	96.049	260.938
5.342	96.492	260.954
5.377	96.949	260.963
5.424	97.397	260.984
5.469	97.841	260.990
5.526	98.284	261.010
5.521	98.501	261.011
5.481	98.402	261.005
5.483	98.274	261.000
5.490	98.140	261.023
5.496	97.988	261.015
5.488	97.816	260.982
5.458	97.630	260.949
5.427	97.432	260.907
5.394	97.227	260.882
5.374	96.996	260.878
5.354	96.768	260.887
5.338	96.507	260.891
5.316	96.239	260.890
5.301	95.972	260.906
5.287	95.702	260.900
5.278	95.441	260.880
5.261	95.196	260.861
5.245	94.967	260.861
5.235	94.720	260.854
5.213	94.507	260.851
5.203	94.302	260.851
5.198	94.141	260.862
5.203	94.017	260.869
5.196	93.910	260.860
5.195	93.839	260.869
5.196	93.804	260.865
5.197	93.810	260.862
5.190	93.879	260.865
5.187	93.970	260.861
5.185	94.111	260.859
5.188	94.276	260.860
5.197	94.506	260.866
5.206	94.777	260.868
5.216	95.079	260.902
5.234	95.409	260.890
5.254	95.783	260.892
5.290	96.184	260.892
5.332	96.641	260.909
5.366	97.094	260.933
5.412	97.543	260.952
5.473	97.985	260.956
5.521	98.431	260.986
5.502	98.554	260.984
5.476	98.442	260.971
5.475	98.308	260.999
5.490	98.169	261.004
5.498	98.011	260.997
5.477	97.826	260.956
5.456	97.636	260.927
5.421	97.432	260.884
5.384	97.221	260.872
5.361	96.989	260.868
5.343	96.743	260.877
5.323	96.480	260.868
5.316	96.207	260.866
5.294	95.925	260.867
5.277	95.665	260.880
5.270	95.398	260.859
5.255	95.148	260.844
5.239	94.909	260.830
5.223	94.665	260.826
5.215	94.444	260.824
5.198	94.260	260.833
5.192	94.085	260.847
5.198	93.957	260.853
5.194	93.841	260.853
5.204	93.783	260.852
5.211	93.749	260.849
5.203	93.759	260.857
5.199	93.825	260.853
5.197	93.932	260.851
5.196	94.074	260.863
5.193	94.242	260.862
5.201	94.485	260.867
5.216	94.747	260.888
5.237	95.046	260.885
5.250	95.383	260.896
5.269	95.755	260.896
5.307	96.155	260.896
5.351	96.598	260.910
5.387	97.056	260.938
5.431	97.487	260.966
5.486	97.926	260.979
5.535	98.340	261.003
5.505	98.434	260.998
5.487	98.328	260.982
5.489	98.188	261.008
5.501	98.051	261.005
5.506	97.888	260.990
5.493	97.701	260.959
5.474	97.507	260.920
5.435	97.304	260.879
5.403	97.088	260.865
5.384	96.845	260.865
5.366	96.601	260.860
5.345	96.332	260.855
5.338	96.041	260.840
5.314	95.777	260.852
5.302	95.504	260.849
5.288	95.254	260.831
5.286	94.989	260.803
5.266	94.743	260.796
5.252	94.518	260.791
5.236	94.313	260.785
5.229	94.127	260.796
5.219	93.972	260.809
5.228	93.851	260.820
5.228	93.754	260.825
5.227	93.698	260.821
5.227	93.685	260.825
5.220	93.711	260.833
5.212	93.786	260.840
5.210	93.902	260.844
5.204	94.050	260.843
5.207	94.235	260.842
5.213	94.489	260.848
5.230	94.771	260.868
5.240	95.092	260.878
5.258	95.429	260.881
5.276	95.818	260.891
5.308	96.228	260.894
5.354	96.689	260.903
5.390	97.141	260.927
5.438	97.583	260.944
5.493	98.020	260.965
5.540	98.445	260.989
5.489	98.438	260.975
5.483	98.334	260.967
5.485	98.178	260.990
5.493	98.028	260.981
5.497	97.878	260.956
5.485	97.682	260.927
5.457	97.490	260.893
5.421	97.282	260.855
5.386	97.068	260.857
5.372	96.834	260.858
5.359	96.588	260.852
5.334	96.323	260.852
5.326	96.032	260.854
5.302	95.775	260.870
5.294	95.502	260.863
5.277	95.248	260.848
5.271	94.989	260.826
5.258	94.760	260.827
5.237	94.544	260.819
5.223	94.331	260.823
5.216	94.157	260.835
5.211	94.018	260.853
5.219	93.898	260.844
5.214	93.820	260.850
5.217	93.768	260.849
5.217	93.762	260.851
5.212	93.802	260.852
5.205	93.884	260.850
5.200	94.006	260.854
5.199	94.175	260.863
5.202	94.373	260.863
5.206	94.626	260.872
5.231	94.907	260.885
5.235	95.236	260.880
5.257	95.586	260.892
5.285	95.965	260.893
5.315	96.407	260.909
5.367	96.851	260.909
5.408	97.294	260.939
5.447	97.745	260.954
5.505	98.179	260.987
5.544	98.554	260.999
5.502	98.447	260.979
5.487	98.327	260.973
5.503	98.197	260.990
5.514	98.040	260.992
5.509	97.863	260.964
5.491	97.681	260.940
5.465	97.477	260.888
5.425	97.265	260.871
5.403	97.041	260.856
5.383	96.808	260.870
5.360	96.560	260.866
5.344	96.285	260.872
5.327	96.006	260.865
5.312	95.735	260.877
5.299	95.469	260.876
5.284	95.215	260.854
5.270	94.975	260.840
5.255	94.729	260.827
5.237	94.508	260.827
5.225	94.305	260.836
5.212	94.149	260.853
5.214	93.998	260.851
5.209	93.885	260.852
5.216	93.812	260.845
5.214	93.762	260.850
5.212	93.771	260.852
5.210	93.818	260.847
5.210	93.908	260.844
5.199	94.031	260.839
5.196	94.195	260.852
5.203	94.403	260.846
5.211	94.664	260.853
5.226	94.945	260.864
5.233	95.277	260.870
5.252	95.634	260.875
5.290	96.026	260.879
5.323	96.470	260.900
5.368	96.924	260.898
5.412	97.356	260.928
5.449	97.809	260.944
5.509	98.257	260.976
5.519	98.526	260.983
5.480	98.414	260.973
5.480	98.285	260.969
5.491	98.126	260.999
5.498	97.977	260.995
5.486	97.797	260.959
5.460	97.596	260.939
5.438	97.391	260.872
5.401	97.184	260.864
5.382	96.960	260.857
5.364	96.713	260.864
5.336	96.456	260.868
5.334	96.175	260.858
5.317	95.915	260.857
5.300	95.627	260.876
5.285	95.377	260.858
5.274	95.122	260.837
5.257	94.870	260.817
5.244	94.619	260.818
5.238	94.398	260.793
5.215	94.210	260.807
5.211	94.048	260.824
5.211	93.914	260.833
5.213	93.806	260.842
5.213	93.743	260.835
5.215	93.699	260.830
5.214	93.705	260.829
5.210	93.763	260.825
5.201	93.862	260.835
5.191	93.997	260.846
5.191	94.170	260.844
5.196	94.397	260.852
5.204	94.659	260.862
5.223	94.953	260.866
5.236	95.292	260.870
5.257	95.655	260.882
5.292	96.054	260.886
5.333	96.497	260.898
5.372	96.952	260.916
5.424	97.382	260.940
5.475	97.837	260.953
5.527	98.265	260.981
5.512	98.418	260.973
5.487	98.311	260.962
5.490	98.175	260.975
5.511	98.029	260.985
5.514	97.878	260.979
5.504	97.685	260.927
5.478	97.497	260.900
5.450	97.300	260.858
5.419	97.097	260.845
5.396	96.866	260.850
5.371	96.623	260.847
5.354	96.380	260.847
5.352	96.104	260.846
5.326	95.845	260.854
5.310	95.574	260.860
5.298	95.321	260.838
5.283	95.089	260.838
5.264	94.854	260.825
5.247	94.622	260.818
5.236	94.408	260.820
5.223	94.222	260.842
5.215	94.070	260.851
5.218	93.944	260.857
5.214	93.840	260.859
5.217	93.777	260.855
5.218	93.752	260.857
5.218	93.768	260.852
5.218	93.826	260.846
5.211	93.931	260.859
5.204	94.062	260.851
5.207	94.241	260.851
5.215	94.468	260.861
5.226	94.733	260.870
5.244	95.029	260.873
5.256	95.365	260.881
5.275	95.734	260.896
5.312	96.129	260.895
5.356	96.569	260.892
5.391	97.030	260.918
5.438	97.468	260.930
5.489	97.916	260.956
5.540	98.354	260.980
5.525	98.496	260.968
5.493	98.392	260.964
5.499	98.264	260.977
5.518	98.114	260.987
5.523	97.967	260.972
5.504	97.786	260.934
5.477	97.594	260.914
5.451	97.397	260.865
5.415	97.203	260.862
5.391	96.972	260.865
5.372	96.738	260.867
5.354	96.480	260.868
5.342	96.191	260.856
5.321	95.925	260.867
5.313	95.661	260.873
5.298	95.404	260.854
5.276	95.165	260.843
5.266	94.914	260.842
5.243	94.683	260.829
5.232	94.463	260.828
5.223	94.277	260.852
5.214	94.114	260.846
5.217	93.981	260.851
5.209	93.884	260.855
5.215	93.822	260.852
5.210	93.808	260.850
5.209	93.805	260.846
5.204	93.875	260.843
5.194	93.973	260.843
5.190	94.114	260.855
5.187	94.292	260.859
5.198	94.528	260.858
5.206	94.791	260.868
5.222	95.105	260.874
5.239	95.430	260.880
5.261	95.806	260.882
5.300	96.210	260.891
5.340	96.658	260.903
5.375	97.097	260.923
5.421	97.543	260.947
5.476	97.973	260.964
5.521	98.388	260.991
5.488	98.460	260.995
5.483	98.351	260.975
5.482	98.210	260.993
5.491	98.074	261.003
5.491	97.903	260.977
5.478	97.706	260.946
5.454	97.519	260.908
5.421	97.309	260.870
5.387	97.097	260.861
5.361	96.871	260.867
5.347	96.617	260.859
5.323	96.355	260.858
5.309	96.064	260.849
5.289	95.798	260.859
5.284	95.527	260.868
5.264	95.285	260.844
5.255	95.030	260.823
5.240	94.782	260.815
5.219	94.559	260.800
5.209	94.349	260.808
5.200	94.174	260.818
5.197	94.021	260.824
5.205	93.884	260.821
5.202	93.798	260.822
5.211	93.737	260.829
5.211	93.720	260.833
5.206	93.746	260.829
5.205	93.825	260.831
5.200	93.927	260.839
5.197	94.073	260.847
5.209	94.252	260.837
5.208	94.498	260.846
5.229	94.771	260.863
5.241	95.083	260.869
5.256	95.427	260.885
5.284	95.798	260.882
5.317	96.222	260.891
5.363	96.663	260.903
5.397	97.122	260.919
5.449	97.565	260.934
5.501	98.020	260.963
5.548	98.434	260.987
5.499	98.391	260.964
5.487	98.278	260.948
5.495	98.138	260.983
5.511	97.988	260.960
5.505	97.821	260.949
5.492	97.639	260.914
5.461	97.439	260.869
5.431	97.237	260.837
5.399	97.024	260.833
5.381	96.785	260.827
5.367	96.549	260.837
5.352	96.279	260.831
5.343	96.002	260.828
5.323	95.732	260.841
5.313	95.463	260.846
5.300	95.209	260.830
5.294	94.965	260.815
5.272	94.725	260.824
5.265	94.505	260.810
5.246	94.291	260.811
5.236	94.121	260.835
5.240	93.969	260.846
5.240	93.831	260.844
5.237	93.758	260.853
5.237	93.708	260.853
5.245	93.695	260.859
5.237	93.725	260.862
5.228	93.807	260.863
5.226	93.926	260.870
5.220	94.074	260.868
5.221	94.264	260.876
5.227	94.528	260.884
5.247	94.797	260.881
5.256	95.118	260.892
5.273	95.459	260.895
5.293	95.848	260.898
5.331	96.275	260.902
5.377	96.722	260.911
5.411	97.173	260.930
5.459	97.614	260.947
5.517	98.062	260.969
5.559	98.461	260.995
5.504	98.398	260.977
5.493	98.285	260.953
5.503	98.149	260.985
5.514	98.007	260.972
5.509	97.849	260.955
5.491	97.656	260.926
5.461	97.454	260.868
5.425	97.261	260.852
5.399	97.055	260.847
5.372	96.821	260.856
5.361	96.570	260.851
5.345	96.304	260.845
5.325	96.027	260.855
5.306	95.753	260.859
5.296	95.495	260.860
5.280	95.252	260.846
5.264	95.000	260.831
5.252	94.759	260.839
5.237	94.547	260.818
5.221	94.346	260.825
5.212	94.164	260.836
5.210	94.012	260.842
5.210	93.920	260.862
5.216	93.834	260.841
5.218	93.788	260.847
5.223	93.776	260.849
5.209	93.817	260.845
5.207	93.901	260.837
5.198	94.022	260.851
5.195	94.172	260.853
5.206	94.377	260.838
5.206	94.634	260.858
5.230	94.913	260.855
5.228	95.247	260.871
5.245	95.597	260.876
5.278	95.983	260.876
5.310	96.420	260.886
5.353	96.873	260.899
5.394	97.308	260.924
5.437	97.764	260.947
5.489	98.218	260.970
5.518	98.556	260.991
5.469	98.467	260.971
5.457	98.345	260.967
5.471	98.210	260.992
5.481	98.059	260.987
5.479	97.885	260.950
5.457	97.690	260.920
5.433	97.503	260.876
5.395	97.292	260.860
5.370	97.068	260.850
5.357	96.834	260.853
5.342	96.594	260.858
5.326	96.311	260.850
5.311	96.027	260.857
5.303	95.754	260.851
5.291	95.491	260.854
5.273	95.246	260.839
5.259	94.990	260.828
5.248	94.734	260.818
5.242	94.515	260.809
5.226	94.301	260.807
5.226	94.130	260.827
5.220	93.977	260.842
5.223	93.866	260.846
5.220	93.775	260.854
5.223	93.731	260.843
5.227	93.729	260.847
5.224	93.763	260.854
5.216	93.856	260.854
5.218	93.970	260.861
5.214	94.128	260.856
5.217	94.325	260.868
5.221	94.589	260.884
5.237	94.866	260.884
5.248	95.184	260.884
5.272	95.526	260.891
5.292	95.920	260.895
5.337	96.350	260.903
5.382	96.794	260.924
5.421	97.234	260.936
5.462	97.673	260.954
5.516	98.119	260.975
5.545	98.475	260.989
5.496	98.385	260.966
5.500	98.262	260.958
5.506	98.113	260.988
5.517	97.973	260.973
5.514	97.801	260.954
5.490	97.603	260.909
5.459	97.412	260.872
5.428	97.202	260.844
5.404	96.979	260.845
5.386	96.741	260.844
5.369	96.493	260.841
5.355	96.226	260.841
5.339	95.930	260.833
5.323	95.669	260.859
5.308	95.408	260.851
5.300	95.164	260.833
5.286	94.918	260.822
5.268	94.668	260.811
5.258	94.437	260.807
5.247	94.250	260.819
5.236	94.075	260.830
5.237	93.939	260.843
5.243	93.819	260.853
5.238	93.749	260.856
5.242	93.713	260.853
5.242	93.717	260.859
5.233	93.763	260.859
5.224	93.862	260.856
5.217	93.984	260.856
5.220	94.144	260.856
5.227	94.352	260.849
5.220	94.617	260.864
5.249	94.910	260.871
5.252	95.245	260.884
5.266	95.599	260.884
5.297	95.986	260.878
5.326	96.435	260.894
5.372	96.880	260.903
5.416	97.325	260.921
5.456	97.774	260.931
5.510	98.206	260.968
5.523	98.510	260.975
5.480	98.400	260.956
5.473	98.282	260.952
5.486	98.133	260.968
5.497	97.981	260.961
5.483	97.805	260.929
5.466	97.617	260.899
5.436	97.421	260.871
5.402	97.215	260.847
5.374	96.986	260.845
5.361	96.745	260.836
5.340	96.481	260.843
5.321	96.208	260.843
5.311	95.938	260.848
5.298	95.675	260.870
5.290	95.397	260.843
5.277	95.150	260.835
5.263	94.917	260.833
5.245	94.667	260.825
5.235	94.454	260.821
5.219	94.264	260.830
5.214	94.098	260.842
5.219	93.964	260.846
5.218	93.860	260.857
5.223	93.780	260.853
5.228	93.749	260.850
5.226	93.747	260.848
5.219	93.814	260.850
5.213	93.915	260.853
5.207	94.048	260.850
5.205	94.218	260.846
5.210	94.456	260.854
5.221	94.715	260.872
5.231	95.007	260.875
5.247	95.349	260.874
5.267	95.710	260.879
5.302	96.097	260.878
5.341	96.552	260.898
5.374	96.998	260.913
5.421	97.430	260.922
5.470	97.878	260.947
5.517	98.303	260.978
5.513	98.506	260.970
5.484	98.405	260.966
5.478	98.275	260.973
5.489	98.132	260.987
5.498	97.971	260.977
5.484	97.784	260.940
5.461	97.600	260.911
5.426	97.392	260.872
5.396	97.182	260.862
5.375	96.952	260.861
5.353	96.697	260.856
5.327	96.446	260.860
5.326	96.167	260.860
5.310	95.891	260.871
5.298	95.613	260.877
5.286	95.353	260.865
5.275	95.106	260.837
5.260	94.865	260.830
5.248	94.627	260.831
5.243	94.403	260.825
5.226	94.218	260.844
5.225	94.056	260.838
5.226	93.921	260.850
5.223	93.821	260.852
5.231	93.764	260.857
5.231	93.737	260.849
5.230	93.745	260.855
5.232	93.805	260.845
5.225	93.914	260.854
5.217	94.053	260.859
5.215	94.228	260.854
5.219	94.466	260.859
5.229	94.739	260.883
5.248	95.035	260.873
5.258	95.379	260.883
5.276	95.750	260.879
5.317	96.167	260.890
5.355	96.612	260.894
5.389	97.067	260.915
5.430	97.521	260.933
5.485	97.959	260.956
5.535	98.396	260.974
5.500	98.461	260.964
5.483	98.348	260.957
5.485	98.211	260.974
5.494	98.066	260.976
5.497	97.903	260.965
5.494	97.728	260.919
5.461	97.531	260.889
5.433	97.337	260.839
5.401	97.131	260.840
5.377	96.901	260.849
5.365	96.659	260.841
5.350	96.390	260.838
5.344	96.113	260.830
5.319	95.850	260.850
5.310	95.580	260.854
5.294	95.321	260.836
5.287	95.071	260.823
5.272	94.824	260.813
5.256	94.593	260.810
5.245	94.383	260.808
5.228	94.201	260.831
5.227	94.034	260.835
5.227	93.908	260.844
5.227	93.804	260.853
5.231	93.736	260.853
5.231	93.707	260.848
5.226	93.724	260.850
5.220	93.793	260.851
5.217	93.890	260.850
5.213	94.028	260.860
5.211	94.204	260.866
5.219	94.459	260.871
5.236	94.713	260.880
5.251	95.012	260.873
5.259	95.335	260.878
5.279	95.709	260.877
5.319	96.115	260.885
5.348	96.552	260.893
5.391	97.008	260.910
5.436	97.439	260.929
5.488	97.889	260.934
5.529	98.308	260.961
5.507	98.419	260.957
5.490	98.314	260.946
5.488	98.189	260.969
5.500	98.044	260.971
5.498	97.894	260.957
5.492	97.704	260.913
5.457	97.521	260.897
5.429	97.320	260.838
5.397	97.113	260.849
5.370	96.887	260.845
5.359	96.639	260.845
5.335	96.392	260.854
5.328	96.111	260.853
5.310	95.841	260.862
5.302	95.568	260.859
5.286	95.320	260.848
5.280	95.075	260.835
5.262	94.834	260.828
5.249	94.612	260.828
5.236	94.394	260.828
5.224	94.210	260.843
5.222	94.054	260.860
5.225	93.930	260.856
5.228	93.829	260.861
5.227	93.775	260.856
5.233	93.749	260.853
5.231	93.776	260.853
5.230	93.836	260.845
5.220	93.940	260.850
5.217	94.083	260.854
5.218	94.257	260.839
5.223	94.497	260.846
5.240	94.768	260.865
5.247	95.064	260.862
5.259	95.401	260.865
5.279	95.776	260.880
5.316	96.179	260.873
5.356	96.618	260.905
5.386	97.084	260.917
5.437	97.517	260.922
5.488	97.947	260.940
5.530	98.375	260.962
5.502	98.491	260.966
5.489	98.390	260.957
5.489	98.255	260.967
5.502	98.121	260.978
5.502	97.953	260.971
5.494	97.778	260.927
5.465	97.580	260.894
5.433	97.379	260.859
5.401	97.160	260.855
5.378	96.940	260.851
5.352	96.705	260.864
5.344	96.437	260.860
5.328	96.145	260.853
5.309	95.878	260.857
5.297	95.599	260.863
5.283	95.347	260.845
5.273	95.097	260.833
5.257	94.855	260.821
5.241	94.625	260.819
5.233	94.405	260.818
5.220	94.222	260.840
5.212	94.058	260.842
5.220	93.937	260.851
5.219	93.831	260.853
5.222	93.777	260.847
5.229	93.757	260.848
5.224	93.770	260.849
5.225	93.829	260.842
5.212	93.949	260.859
5.217	94.094	260.861
5.208	94.275	260.860
5.222	94.521	260.876
5.239	94.781	260.880
5.244	95.090	260.886
5.260	95.435	260.896
5.278	95.808	260.903
5.318	96.224	260.902
5.357	96.671	260.910
5.396	97.121	260.928
5.444	97.571	260.951
5.497	98.017	260.955
5.542	98.442	260.978
5.493	98.431	260.977
5.481	98.322	260.952
5.481	98.181	260.978
5.490	98.041	260.987
5.493	97.867	260.949
5.484	97.695	260.921
5.453	97.507	260.881
5.420	97.299	260.839
5.390	97.089	260.840
5.364	96.862	260.841
5.348	96.614	260.838
5.336	96.354	260.839
5.324	96.073	260.832
5.304	95.813	260.853
5.304	95.536	260.845
5.281	95.280	260.832
5.277	95.026	260.818
5.265	94.791	260.810
5.247	94.564	260.812
5.234	94.357	260.813
5.229	94.172	260.824
5.225	94.011	260.840
5.227	93.894	260.854
5.229	93.792	260.846
5.234	93.737	260.854
5.245	93.720	260.850
5.235	93.741	260.858
5.229	93.821	260.857
5.224	93.921	260.860
5.218	94.082	260.863
5.222	94.250	260.856
5.227	94.499	260.867
5.245	94.767	260.867
5.252	95.085	260.875
5.271	95.427	260.875
5.290	95.793	260.876
5.323	96.202	260.882
5.370	96.651	260.891
5.405	97.109	260.909
5.449	97.545	260.929
5.503	97.992	260.952
5.546	98.405	260.972
5.503	98.410	260.951
5.496	98.301	260.939
5.491	98.151	260.953
5.505	98.026	260.963
5.510	97.863	260.946
5.491	97.678	260.913
5.457	97.483	260.871
5.430	97.277	260.852
5.395	97.073	260.843
5.377	96.831	260.844
5.357	96.589	260.844
5.336	96.324	260.844
5.327	96.033	260.840
5.317	95.771	260.861
5.295	95.501	260.864
5.285	95.255	260.848
5.275	95.005	260.841
5.267	94.758	260.826
5.242	94.533	260.826
5.236	94.321	260.832
5.220	94.144	260.845
5.220	94.000	260.857
5.224	93.870	260.865
5.229	93.769	260.857
5.226	93.727	260.859
5.236	93.708	260.848
5.235	93.733	260.854
5.228	93.811	260.849
5.228	93.935	260.851
5.222	94.086	260.855
5.227	94.269	260.855
5.225	94.524	260.862
5.254	94.794	260.861
5.255	95.117	260.859
5.274	95.460	260.878
5.300	95.854	260.883
5.335	96.281	260.890
5.379	96.727	260.889
5.413	97.181	260.917
5.453	97.641	260.935
5.510	98.086	260.957
5.548	98.481	260.982
5.498	98.411	260.958
5.480	98.296	260.955
5.492	98.153	260.974
5.501	98.027	260.967
5.496	97.857	260.952
5.469	97.678	260.918
5.443	97.485	260.878
5.409	97.283	260.858
5.386	97.081	260.854
5.362	96.840	260.845
5.342	96.594	260.851
5.329	96.329	260.848
5.313	96.051	260.849
5.297	95.788	260.855
5.286	95.524	260.859
5.277	95.276	260.830
5.263	95.034	260.826
5.247	94.784	260.828
5.238	94.572	260.823
5.226	94.357	260.811
5.216	94.184	260.835
5.214	94.044	260.849
5.220	93.915	260.848
5.220	93.837	260.849
5.223	93.788	260.848
5.228	93.776	260.852
5.220	93.806	260.848
5.219	93.888	260.845
5.206	94.008	260.852
5.204	94.157	260.865
5.217	94.343	260.851
5.223	94.598	260.866
5.237	94.870	260.866
5.245	95.190	260.882
5.267	95.533	260.890
5.282	95.913	260.884
5.321	96.334	260.895
5.362	96.779	260.904
5.401	97.227	260.926
5.440	97.673	260.945
5.500	98.108	260.964
5.544	98.507	260.979
5.491	98.450	260.962
5.480	98.336	260.950
5.491	98.206	260.977
5.498	98.063	260.978
5.496	97.896	260.948
5.480	97.710	260.913
5.445	97.515	260.881
5.410	97.302	260.853
5.380	97.088	260.850
5.366	96.846	260.844
5.347	96.604	260.848
5.337	96.334	260.840
5.318	96.045	260.853
5.303	95.771	260.853
5.293	95.507	260.861
5.281	95.250	260.838
5.268	94.989	260.818
5.257	94.757	260.818
5.241	94.522	260.822
5.236	94.321	260.828
5.229	94.126	260.833
5.218	93.989	260.856
5.228	93.861	260.846
5.234	93.777	260.857
5.238	93.727	260.850
5.234	93.721	260.858
5.240	93.748	260.853
5.234	93.835	260.854
5.224	93.944	260.851
5.225	94.111	260.868
5.234	94.295	260.857
5.241	94.561	260.872
5.255	94.849	260.881
5.262	95.153	260.879
5.282	95.501	260.889
5.304	95.896	260.881
5.352	96.323	260.892
5.395	96.770	260.893
5.430	97.223	260.921
5.469	97.667	260.939
5.523	98.113	260.960
5.544	98.465	260.981
5.505	98.383	260.961
5.496	98.253	260.952
5.503	98.115	260.971
5.512	97.957	260.961
5.504	97.787	260.929
5.482	97.613	260.913
5.453	97.416	260.865
5.413	97.207	260.849
5.390	96.979	260.834
5.368	96.754	260.847
5.350	96.498	260.849
5.334	96.223	260.848
5.317	95.949	260.848
5.304	95.678	260.871
5.292	95.414	260.858
5.280	95.164	260.842
5.265	94.922	260.827
5.249	94.671	260.820
5.240	94.452	260.817
5.227	94.259	260.834
5.217	94.088	260.839
5.221	93.934	260.850
5.223	93.827	260.857
5.224	93.751	260.859
5.226	93.706	260.858
5.233	93.706	260.856
5.226	93.748	260.842
5.222	93.848	260.848
5.218	93.975	260.851
5.213	94.142	260.852
5.216	94.349	260.862
5.225	94.608	260.860
5.242	94.889	260.864
5.251	95.232	260.867
5.274	95.570	260.869
5.302	95.970	260.878
5.337	96.411	260.884
5.377	96.863	260.893
5.425	97.310	260.916
5.464	97.776	260.931
5.509	98.210	260.968
5.526	98.500	260.966
5.486	98.395	260.957
5.480	98.271	260.963
5.488	98.130	260.975
5.497	97.985	260.961
5.485	97.802	260.928
5.460	97.617	260.905
5.436	97.423	260.875
5.392	97.211	260.843
5.372	96.984	260.850
5.349	96.744	260.851
5.331	96.496	260.849
5.318	96.216	260.845
5.303	95.933	260.847
5.291	95.676	260.857
5.273	95.406	260.856
5.260	95.156	260.833
5.251	94.912	260.822
5.236	94.674	260.815
5.225	94.451	260.811
5.219	94.261	260.827
5.210	94.086	260.837
5.217	93.947	260.853
5.218	93.847	260.855
5.223	93.767	260.847
5.224	93.734	260.854
5.230	93.726	260.855
5.226	93.776	260.847
5.216	93.877	260.850
5.210	94.016	260.864
5.218	94.173	260.857
5.219	94.385	260.861
5.232	94.661	260.873
5.245	94.939	260.883
5.260	95.276	260.882
5.274	95.640	260.885
5.309	96.043	260.900
5.344	96.492	260.904
5.385	96.943	260.920
5.429	97.385	260.937
5.473	97.838	260.952
5.528	98.285	260.981
5.522	98.494	260.981
5.491	98.392	260.972
5.493	98.255	260.976
5.501	98.119	260.991
5.500	97.967	260.987
5.496	97.784	260.936
5.466	97.604	260.928
5.442	97.410	260.872
5.403	97.210	260.854
5.386	96.981	260.853
5.363	96.742	260.862
5.350	96.481	260.855
5.337	96.201	260.851
5.323	95.929	260.857
5.301	95.663	260.860
5.288	95.403	260.857
5.276	95.164	260.846
5.269	94.918	260.822
5.252	94.670	260.822
5.243	94.450	260.828
5.224	94.259	260.829
5.225	94.096	260.855
5.227	93.951	260.849
5.223	93.842	260.854
5.232	93.774	260.859
5.233	93.742	260.850
5.236	93.745	260.858
5.230	93.804	260.857
5.222	93.890	260.858
5.222	94.030	260.856
5.225	94.200	260.856
5.228	94.421	260.864
5.242	94.681	260.866
5.256	94.968	260.875
5.267	95.302	260.872
5.284	95.672	260.883
5.321	96.070	260.889
5.359	96.516	260.894
5.395	96.968	260.912
5.443	97.411	260.928
5.487	97.860	260.938
5.540	98.281	260.963
5.525	98.475	260.964
5.500	98.365	260.950
5.498	98.230	260.962
5.507	98.086	260.960
5.511	97.940	260.966
5.501	97.747	260.921
5.470	97.554	260.889
5.442	97.364	260.855
5.407	97.146	260.834
5.382	96.923	260.837
5.359	96.681	260.846
5.332	96.417	260.840
5.325	96.142	260.850
5.307	95.860	260.851
5.295	95.599	260.861
5.281	95.332	260.846
5.269	95.085	260.838
5.255	94.849	260.834
5.241	94.610	260.823
5.230	94.383	260.822
5.217	94.204	260.834
5.213	94.031	260.845
5.220	93.892	260.851
5.218	93.802	260.860
5.221	93.736	260.867
5.226	93.708	260.845
5.230	93.723	260.852
5.221	93.780	260.847
5.213	93.888	260.852
5.213	94.034	260.856
5.214	94.205	260.852
5.222	94.441	260.855
5.238	94.703	260.855
5.250	95.013	260.862
5.265	95.353	260.875
5.274	95.714	260.881
5.315	96.126	260.885
5.355	96.575	260.893
5.395	97.032	260.906
5.442	97.466	260.919
5.491	97.906	260.944
5.537	98.336	260.972
5.504	98.419	260.963
5.491	98.318	260.950
5.489	98.184	260.972
5.495	98.042	260.986
5.501	97.884	260.969
5.488	97.699	260.927
5.460	97.503	260.896
5.420	97.298	260.846
5.392	97.098	260.855
5.366	96.851	260.850
5.350	96.618	260.847
5.336	96.350	260.848
5.325	96.066	260.845
5.297	95.800	260.858
5.294	95.541	260.860
5.277	95.275	260.847
5.267	95.024	260.826
5.250	94.789	260.824
5.244	94.561	260.817
5.227	94.342	260.815
5.216	94.160	260.827
5.215	94.015	260.849
5.213	93.889	260.848
5.220	93.800	260.849
5.226	93.733	260.839
5.234	93.723	260.846
5.224	93.744	260.853
5.224	93.816	260.846
5.218	93.937	260.841
5.213	94.096	260.855
5.215	94.280	260.856
5.222	94.530	260.862
5.244	94.797	260.863
5.255	95.126	260.878
5.269	95.467	260.878
5.294	95.858	260.892
5.334	96.277	260.882
5.374	96.733	260.892
5.412	97.187	260.916
5.457	97.635	260.939
5.515	98.084	260.972
5.561	98.491	260.982
5.501	98.452	260.977
5.489	98.327	260.960
5.496	98.178	260.978
5.509	98.037	260.983
5.502	97.872	260.958
5.484	97.688	260.931
5.456	97.492	260.882
5.426	97.277	260.848
5.390	97.063	260.842
5.367	96.833	260.852
5.349	96.580	260.856
5.332	96.302	260.850
5.320	96.024	260.842
5.300	95.755	260.860
5.289	95.497	260.864
5.278	95.242	260.845
5.273	94.988	260.821
5.254	94.743	260.825
5.240	94.525	260.820
5.230	94.310	260.822
5.218	94.140	260.835
5.217	93.988	260.848
5.223	93.872	260.865
5.220	93.791	260.860
5.226	93.736	260.861
5.235	93.731	260.856
5.226	93.770	260.867
5.224	93.847	260.856
5.222	93.972	260.855
5.217	94.136	260.874
5.221	94.327	260.867
5.227	94.599	260.871
5.246	94.876	260.869
5.256	95.211	260.885
5.276	95.563	260.890
5.305	95.958	260.896
5.341	96.397	260.902
5.387	96.847	260.902
5.429	97.296	260.928
5.467	97.761	260.950
5.529	98.200	260.972
5.531	98.490	260.973
5.492	98.376	260.968
5.488	98.244	260.957
5.495	98.109	260.989
5.506	97.955	260.968
5.499	97.785	260.936
5.475	97.597	260.912
5.451	97.402	260.861
5.408	97.198	260.850
5.385	96.980	260.839
5.369	96.743	260.839
5.346	96.491	260.845
5.334	96.221	260.844
5.319	95.957	260.852
5.299	95.689	260.858
5.287	95.434	260.851
5.273	95.182	260.842
5.260	94.953	260.832
5.247	94.694	260.819
5.235	94.480	260.811
5.220	94.286	260.821
5.213	94.120	260.840
5.215	93.980	260.852
5.213	93.858	260.841
5.218	93.773	260.849
5.221	93.736	260.847
5.223	93.741	260.847
5.217	93.781	260.841
5.212	93.877	260.841
5.204	93.997	260.862
5.207	94.170	260.860
5.220	94.357	260.844
5.228	94.634	260.861
5.245	94.904	260.867
5.255	95.234	260.873
5.272	95.583	260.877
5.306	95.977	260.869
5.346	96.414	260.881
5.387	96.853	260.889
5.431	97.305	260.918
5.469	97.748	260.939
5.522	98.169	260.964
5.533	98.483	260.973
5.497	98.378	260.962
5.487	98.252	260.960
5.500	98.111	260.981
5.507	97.973	260.972
5.503	97.792	260.933
5.474	97.593	260.911
5.444	97.409	260.872
5.408	97.209	260.859
5.378	96.978	260.854
5.366	96.740	260.849
5.343	96.483	260.846
5.335	96.208	260.842
5.318	95.935	260.846
5.300	95.669	260.859
5.285	95.410	260.846
5.273	95.160	260.830
5.263	94.912	260.818
5.247	94.680	260.826
5.232	94.463	260.816
5.221	94.257	260.820
5.219	94.093	260.835
5.218	93.952	260.849
5.219	93.833	260.842
5.223	93.769	260.850
5.223	93.722	260.840
5.231	93.717	260.840
5.225	93.771	260.844
5.221	93.854	260.844
5.214	93.992	260.854
5.215	94.158	260.859
5.222	94.363	260.857
5.233	94.628	260.860
5.248	94.918	260.882
5.260	95.241	260.877
5.279	95.587	260.884
5.308	95.989	260.893
5.347	96.416	260.895
5.383	96.869	260.902
5.429	97.315	260.932
5.475	97.766	260.945
5.528	98.203	260.984
5.537	98.494	260.990
5.495	98.389	260.958
5.495	98.270	260.972
5.498	98.128	260.991
5.512	97.982	260.978
5.500	97.804	260.938
5.479	97.612	260.924
5.451	97.412	260.871
5.413	97.214	260.855
5.384	96.990	260.856
5.367	96.751	260.856
5.346	96.500	260.855
5.334	96.221	260.847
5.315	95.945	260.854
5.299	95.685	260.862
5.285	95.420	260.856
5.277	95.173	260.840
5.261	94.924	260.833
5.242	94.682	260.819
5.230	94.473	260.821
5.225	94.277	260.822
5.216	94.111	260.841
5.214	93.971	260.855
5.216	93.856	260.850
5.222	93.787	260.858
5.223	93.756	260.849
5.229	93.756	260.855
5.223	93.806	260.847
5.216	93.889	260.845
5.215	94.021	260.854
5.214	94.200	260.866
5.216	94.408	260.861
5.233	94.672	260.868
5.245	94.964	260.884
5.258	95.298	260.895
5.279	95.653	260.882
5.310	96.053	260.890
5.349	96.499	260.889
5.392	96.954	260.910
5.442	97.399	260.927
5.481	97.857	260.943
5.528	98.288	260.972
5.527	98.498	260.970
5.494	98.398	260.962
5.494	98.261	260.971
5.507	98.112	260.978
5.511	97.965	260.973
5.499	97.775	260.927
5.469	97.596	260.906
5.439	97.392	260.857
5.404	97.196	260.846
5.383	96.964	260.845
5.361	96.719	260.838
5.343	96.469	260.856
5.335	96.186	260.844
5.314	95.908	260.857
5.301	95.644	260.852
5.285	95.382	260.850
5.272	95.133	260.838
5.265	94.886	260.826
5.242	94.650	260.826
5.230	94.433	260.823
5.221	94.237	260.830
5.215	94.073	260.846
5.225	93.924	260.840
5.220	93.830	260.855
5.226	93.753	260.854
5.227	93.722	260.850
5.224	93.739	260.855
5.226	93.786	260.849
5.214	93.884	260.853
5.213	94.025	260.854
5.217	94.191	260.857
5.222	94.417	260.865
5.243	94.680	260.867
5.253	94.979	260.873
5.261	95.318	260.878
5.286	95.671	260.875
5.317	96.088	260.888
5.359	96.532	260.898
5.394	96.981	260.908
5.439	97.415	260.933
5.488	97.872	260.947
5.541	98.297	260.963
5.515	98.430	260.967
5.496	98.331	260.961
5.493	98.191	260.978
5.506	98.052	260.980
5.512	97.900	260.970
5.493	97.721	260.940
5.462	97.534	260.916
5.433	97.330	260.859
5.403	97.116	260.850
5.381	96.899	260.850
5.358	96.652	260.858
5.342	96.390	260.855
5.329	96.104	260.850
5.311	95.830	260.853
5.304	95.570	260.855
5.281	95.324	260.842
5.278	95.065	260.831
5.261	94.829	260.822
5.240	94.597	260.814
5.226	94.387	260.821
5.213	94.196	260.827
5.212	94.036	260.839
5.217	93.905	260.847
5.217	93.797	260.839
5.227	93.735	260.839
5.228	93.713	260.843
5.227	93.728	260.847
5.217	93.799	260.842
5.211	93.900	260.852
5.215	94.038	260.853
5.213	94.218	260.842
5.220	94.452	260.860
5.230	94.725	260.861
5.248	95.031	260.863
5.264	95.373	260.879
5.282	95.743	260.886
5.316	96.152	260.889
5.360	96.616	260.892
5.394	97.067	260.914
5.444	97.508	260.929
5.490	97.957	260.951
5.545	98.390	260.966
5.507	98.454	260.965
5.497	98.347	260.952
5.495	98.211	260.976
5.500	98.071	260.981
5.504	97.917	260.966
5.492	97.731	260.923
5.464	97.560	260.889
5.432	97.348	260.853
5.401	97.141	260.846
5.378	96.913	260.851
5.358	96.678	260.850
5.340	96.410	260.856
5.326	96.127	260.853
5.313	95.853	260.857
5.298	95.592	260.847
5.283	95.338	260.844
5.274	95.094	260.828
5.258	94.857	260.822
5.247	94.619	260.815
5.231	94.416	260.824
5.223	94.220	260.834
5.218	94.074	260.850
5.220	93.945	260.855
5.220	93.848	260.863
5.226	93.787	260.854
5.228	93.768	260.850
5.224	93.779	260.849
5.222	93.845	260.856
5.216	93.957	260.856
5.211	94.104	260.871
5.210	94.279	260.871
5.220	94.517	260.870
5.241	94.779	260.875
5.249	95.084	260.879
5.266	95.420	260.882
5.286	95.787	260.887
5.323	96.204	260.895
5.366	96.653	260.903
5.401	97.100	260.920
5.448	97.541	260.942
5.501	97.973	260.957
5.546	98.396	260.980
5.515	98.451	260.971
5.496	98.347	260.968
5.500	98.212	260.981
5.510	98.062	260.976
5.508	97.909	260.967
5.500	97.730	260.934
5.467	97.539	260.897
5.431	97.328	260.857
5.400	97.116	260.853
5.383	96.885	260.853
5.366	96.653	260.859
5.340	96.396	260.859
5.336	96.097	260.849
5.307	95.827	260.864
5.296	95.563	260.861
5.284	95.310	260.848
5.275	95.057	260.835
5.255	94.817	260.837
5.242	94.589	260.825
5.236	94.373	260.822
5.228	94.182	260.827
5.215	94.031	260.852
5.215	93.895	260.855
5.224	93.800	260.850
5.224	93.739	260.861
5.225	93.719	260.854
5.223	93.736	260.845
5.225	93.805	260.848
5.217	93.916	260.850
5.214	94.065	260.862
5.215	94.246	260.858
5.220	94.491	260.857
5.241	94.754	260.861
5.246	95.068	260.872
5.263	95.408	260.880
5.287	95.787	260.879
5.327	96.196	260.888
5.362	96.656	260.898
5.401	97.100	260.918
5.445	97.549	260.931
5.504	97.996	260.946
5.547	98.419	260.963
5.504	98.429	260.962
5.489	98.320	260.957
5.496	98.177	260.979
5.508	98.044	260.970
5.503	97.876	260.958
5.491	97.686	260.917
5.454	97.499	260.887
5.424	97.292	260.848
5.389	97.076	260.844
5.368	96.834	260.849
5.354	96.596	260.842
5.337	96.331	260.849
5.321	96.049	260.847
5.308	95.773	260.856
5.293	95.502	260.857
5.281	95.255	260.847
5.269	95.004	260.824
5.249	94.758	260.825
5.235	94.528	260.817
5.222	94.321	260.821
5.216	94.148	260.839
5.205	93.987	260.852
5.211	93.860	260.846
5.216	93.764	260.837
5.219	93.723	260.848
5.224	93.710	260.846
5.221	93.742	260.851
5.213	93.817	260.852
5.211	93.938	260.849
5.209	94.091	260.853
5.218	94.277	260.843
5.220	94.542	260.863
5.244	94.815	260.868
5.255	95.138	260.868
5.264	95.485	260.880
5.294	95.880	260.883
5.331	96.315	260.887
5.378	96.763	260.899
5.418	97.212	260.917
5.460	97.665	260.951
5.518	98.108	260.965
5.551	98.486	260.986
5.508	98.392	260.961
5.485	98.280	260.954
5.504	98.137	260.980
5.512	97.994	260.972
5.507	97.826	260.952
5.488	97.622	260.922
5.460	97.431	260.869
5.420	97.223	260.841
5.393	97.006	260.846
5.372	96.771	260.845
5.350	96.530	260.859
5.340	96.254	260.848
5.326	95.973	260.846
5.309	95.705	260.854
5.300	95.443	260.862
5.282	95.205	260.852
5.276	94.945	260.825
5.250	94.709	260.828
5.239	94.499	260.825
5.229	94.298	260.816
5.226	94.116	260.842
5.220	93.988	260.856
5.224	93.867	260.858
5.222	93.786	260.853
5.230	93.744	260.845
5.229	93.741	260.854
5.223	93.781	260.855
5.229	93.859	260.844
5.217	93.993	260.861
5.214	94.147	260.854
5.227	94.346	260.859
5.229	94.613	260.873
5.249	94.890	260.874
5.257	95.228	260.882
5.272	95.574	260.896
5.304	95.975	260.901
5.342	96.411	260.903
5.383	96.858	260.907
5.422	97.297	260.928
5.468	97.755	260.945
5.522	98.197	260.973
5.543	98.524	260.983
5.500	98.425	260.969
5.494	98.295	260.969
5.506	98.156	260.988
5.517	98.003	260.978
5.509	97.834	260.943
5.483	97.640	260.917
5.463	97.453	260.873
5.415	97.250	260.855
5.391	97.029	260.846
5.380	96.798	260.845
5.351	96.546	260.851
5.344	96.272	260.851
5.319	95.997	260.853
5.305	95.727	260.868
5.294	95.466	260.867
5.279	95.226	260.844
5.270	94.972	260.826
5.245	94.731	260.838
5.244	94.511	260.808
5.224	94.314	260.824
5.216	94.140	260.847
5.221	93.999	260.847
5.217	93.878	260.852
5.224	93.798	260.852
5.222	93.757	260.848
5.227	93.750	260.854
5.217	93.791	260.853
5.218	93.880	260.849
5.210	94.004	260.856
5.210	94.157	260.852
5.215	94.357	260.864
5.224	94.619	260.872
5.244	94.889	260.863
5.247	95.224	260.881
5.271	95.562	260.877
5.297	95.947	260.889
5.332	96.387	260.899
5.381	96.833	260.907
5.420	97.265	260.928
5.464	97.714	260.940
5.520	98.154	260.969
5.534	98.483	260.973
5.499	98.393	260.967
5.494	98.285	260.961
5.502	98.136	260.981
5.509	97.981	260.975
5.503	97.818	260.948
5.479	97.617	260.921
5.448	97.432	260.875
5.413	97.222	260.853
5.383	96.999	260.851
5.367	96.762	260.855
5.346	96.519	260.857
5.330	96.237	260.852
5.316	95.961	260.855
5.304	95.699	260.863
5.290	95.429	260.854
5.272	95.186	260.829
5.264	94.928	260.827
5.247	94.690	260.813
5.232	94.475	260.819
5.221	94.277	260.824
5.214	94.100	260.834
5.217	93.953	260.841
5.212	93.846	260.844
5.222	93.770	260.853
5.226	93.732	260.848
5.228	93.730	260.847
5.225	93.785	260.844
5.217	93.874	260.847
5.207	94.007	260.860
5.216	94.160	260.845
5.212	94.377	260.854
5.229	94.639	260.861
5.247	94.919	260.867
5.248	95.256	260.882
5.275	95.611	260.884
5.308	96.000	260.883
5.349	96.442	260.891
5.392	96.890	260.899
5.441	97.331	260.926
5.478	97.776	260.937
5.525	98.224	260.962
5.535	98.488	260.974
5.499	98.379	260.966
5.496	98.259	260.969
5.502	98.109	260.988
5.516	97.960	260.973
5.504	97.783	260.947
5.488	97.596	260.915
5.452	97.397	260.860
5.413	97.194	260.864
5.396	96.966	260.845
5.378	96.730	260.845
5.354	96.480	260.855
5.346	96.200	260.845
5.327	95.925	260.857
5.307	95.652	260.863
5.296	95.390	260.852
5.286	95.144	260.848
5.273	94.899	260.818
5.252	94.650	260.819
5.241	94.432	260.820
5.230	94.253	260.833
5.223	94.075	260.842
5.231	93.939	260.843
5.225	93.831	260.857
5.230	93.767	260.859
5.231	93.732	260.850
5.235	93.733	260.849
5.228	93.785	260.851
5.222	93.889	260.851
5.218	94.028	260.857
5.222	94.202	260.857
5.222	94.427	260.858
5.237	94.685	260.869
5.251	94.975	260.873
5.265	95.314	260.872
5.284	95.673	260.882
5.316	96.090	260.893
5.353	96.529	260.910
5.393	96.978	260.914
5.437	97.408	260.941
5.486	97.861	260.947
5.537	98.290	260.972
5.525	98.478	260.973
5.496	98.382	260.960
5.494	98.246	260.980
5.509	98.104	260.985
5.510	97.940	260.980
5.500	97.761	260.934
5.472	97.561	260.912
5.444	97.367	260.866
5.406	97.148	260.847
5.382	96.924	260.863
5.358	96.676	260.854
5.341	96.420	260.858
5.334	96.142	260.842
5.311	95.867	260.857
5.302	95.596	260.861
5.282	95.332	260.857
5.277	95.076	260.833
5.261	94.853	260.824
5.246	94.603	260.818
5.232	94.391	260.818
5.226	94.197	260.822
5.212	94.033	260.846
5.221	93.898	260.855
5.219	93.801	260.853
5.220	93.741	260.849
5.221	93.713	260.846
5.230	93.718	260.845
5.219	93.791	260.853
5.213	93.895	260.842
5.210	94.033	260.849
5.213	94.218	260.853
5.212	94.454	260.857
5.233	94.729	260.863
5.242	95.032	260.877
5.263	95.378	260.875
5.274	95.749	260.888
5.319	96.166	260.881
5.355	96.622	260.907
5.397	97.075	260.919
5.436	97.525	260.926
5.492	97.965	260.945
5.543	98.413	260.977
5.503	98.443	260.963
5.486	98.331	260.952
5.489	98.196	260.975
5.498	98.054	260.985
5.503	97.899	260.968
5.488	97.713	260.931
5.457	97.522	260.887
5.427	97.317	260.852
5.396	97.115	260.844
5.372	96.884	260.852
5.360	96.639	260.853
5.341	96.381	260.858
5.326	96.101	260.855
5.313	95.828	260.856
5.295	95.563	260.854
5.287	95.318	260.848
5.273	95.058	260.829
5.261	94.819	260.820
5.245	94.597	260.821
5.237	94.386	260.818
5.224	94.199	260.839
5.214	94.042	260.848
5.217	93.908	260.848
5.223	93.812	260.851
5.229	93.747	260.844
5.235	93.726	260.852
5.226	93.744	260.846
5.223	93.814	260.855
5.216	93.916	260.851
5.211	94.064	260.853
5.217	94.244	260.852
5.223	94.481	260.854
5.239	94.740	260.864
5.250	95.054	260.875
5.264	95.389	260.870
5.286	95.766	260.889
5.328	96.160	260.883
5.369	96.604	260.892
5.400	97.073	260.918
5.452	97.498	260.932
5.499	97.946	260.950
5.549	98.359	260.975
5.516	98.436	260.969
5.495	98.322	260.954
5.503	98.189	260.980
5.513	98.042	260.971
5.512	97.881	260.973
5.501	97.710	260.932
5.469	97.511	260.893
5.435	97.307	260.848
5.402	97.094	260.846
5.382	96.855	260.850
5.364	96.616	260.849
5.351	96.357	260.842
5.334	96.080	260.853
5.321	95.805	260.860
5.304	95.541	260.862
5.289	95.293	260.852
5.281	95.046	260.833
5.266	94.797	260.822
5.249	94.569	260.815
5.233	94.354	260.814
5.230	94.176	260.833
5.221	94.018	260.851
5.226	93.888	260.851
5.222	93.786	260.860
