NO_OF_FRAMES	5000
NO_OF_DATA_TYPES	3
FREQUENCY	500
TIME_STAMP	2026-06-08, 15:57:30
DATA_INCLUDED	Position
DATA_TYPES	Unidentified [1594308]_pos_X	Unidentified [1594308]_pos_Y	Unidentified [1594308]_pos_Z


128.117	-15.773	155.914
128.124	-15.255	155.954
128.162	-14.832	156.029
128.163	-14.459	156.063
128.153	-14.163	156.079
128.152	-14.016	156.099
128.160	-13.989	156.093
128.161	-14.106	156.084
128.172	-14.386	156.081
128.175	-14.784	156.029
128.180	-15.276	155.943
128.201	-15.895	155.872
128.232	-16.601	155.818
128.260	-17.368	155.781
128.303	-18.178	155.743
128.327	-18.986	155.740
128.354	-19.782	155.771
128.389	-20.564	155.832
128.427	-21.173	155.920
128.532	-20.915	156.026
128.516	-20.699	155.987
128.422	-20.456	155.947
128.324	-20.250	155.922
128.310	-20.023	155.904
128.336	-19.703	155.842
128.382	-19.379	155.816
128.404	-19.002	155.811
128.430	-18.562	155.808
128.492	-18.028	155.749
128.430	-17.496	155.800
128.263	-16.913	155.848
128.135	-16.307	155.912
128.092	-15.673	155.932
128.120	-15.050	155.978
128.144	-14.487	156.062
128.197	-14.013	156.108
128.238	-13.675	156.158
128.258	-13.511	156.200
128.234	-13.513	156.182
128.178	-13.681	156.167
128.153	-14.018	156.125
128.160	-14.483	156.076
128.183	-15.066	155.990
128.208	-15.731	155.896
128.255	-16.520	155.845
128.284	-17.344	155.773
128.307	-18.214	155.714
128.322	-19.114	155.730
128.357	-19.977	155.783
128.333	-20.800	155.832
128.375	-21.199	155.992
128.437	-20.882	156.046
128.389	-20.621	155.995
128.329	-20.363	155.949
128.306	-20.127	155.905
128.346	-19.852	155.877
128.408	-19.525	155.827
128.420	-19.163	155.799
128.445	-18.768	155.799
128.453	-18.330	155.801
128.406	-17.830	155.791
128.338	-17.345	155.823
128.283	-16.834	155.838
128.218	-16.339	155.889
128.181	-15.856	155.943
128.140	-15.403	155.998
128.135	-15.013	156.044
128.130	-14.676	156.072
128.146	-14.442	156.107
128.200	-14.302	156.091
128.305	-14.336	156.047
128.298	-14.523	156.027
128.209	-14.845	156.020
128.149	-15.275	155.987
128.144	-15.795	155.914
128.218	-16.413	155.863
128.279	-17.109	155.829
128.364	-17.822	155.744
128.441	-18.617	155.730
128.449	-19.425	155.753
128.392	-20.201	155.818
128.352	-20.931	155.839
128.390	-21.169	155.984
128.416	-20.927	156.022
128.357	-20.714	155.973
128.317	-20.493	155.921
128.304	-20.288	155.887
128.312	-20.078	155.893
128.359	-19.781	155.842
128.382	-19.471	155.806
128.370	-19.106	155.808
128.367	-18.703	155.809
128.345	-18.224	155.800
128.308	-17.730	155.797
128.286	-17.200	155.815
128.257	-16.675	155.866
128.224	-16.139	155.913
128.212	-15.598	155.957
128.226	-15.112	156.016
128.232	-14.681	156.072
128.250	-14.327	156.122
128.236	-14.059	156.121
128.209	-13.955	156.149
128.169	-13.967	156.127
128.161	-14.131	156.108
128.165	-14.463	156.089
128.190	-14.897	156.020
128.194	-15.438	155.944
128.218	-16.079	155.878
128.332	-16.804	155.805
128.406	-17.581	155.743
128.395	-18.405	155.748
128.315	-19.220	155.781
128.244	-20.053	155.847
128.233	-20.838	155.864
128.367	-21.182	155.992
128.479	-20.928	156.032
128.488	-20.737	155.985
128.435	-20.513	155.931
128.370	-20.307	155.893
128.328	-20.074	155.870
128.316	-19.774	155.823
128.313	-19.463	155.795
128.316	-19.097	155.786
128.317	-18.729	155.816
128.332	-18.299	155.797
128.300	-17.855	155.769
128.265	-17.412	155.783
128.214	-16.987	155.817
128.172	-16.554	155.859
128.140	-16.146	155.913
128.131	-15.749	155.937
128.135	-15.424	155.981
128.155	-15.166	156.006
128.160	-14.986	156.026
128.181	-14.883	156.020
128.181	-14.902	156.020
128.200	-15.024	156.004
128.223	-15.246	155.977
128.229	-15.581	155.951
128.242	-16.029	155.930
128.250	-16.560	155.875
128.254	-17.153	155.822
128.273	-17.800	155.770
128.284	-18.482	155.750
128.292	-19.180	155.752
128.299	-19.905	155.828
128.328	-20.563	155.835
128.372	-21.139	155.876
128.483	-21.021	155.986
128.540	-20.837	155.964
128.589	-20.620	155.904
128.522	-20.429	155.909
128.392	-20.223	155.922
128.305	-19.975	155.898
128.301	-19.696	155.837
128.346	-19.381	155.811
128.408	-19.023	155.808
128.455	-18.628	155.785
128.410	-18.190	155.760
128.323	-17.744	155.768
128.204	-17.288	155.809
128.141	-16.808	155.849
128.112	-16.332	155.881
128.116	-15.866	155.905
128.143	-15.489	155.970
128.176	-15.139	155.983
128.171	-14.877	156.015
128.172	-14.675	156.016
128.175	-14.621	156.034
128.166	-14.680	156.037
128.177	-14.841	156.034
128.179	-15.116	155.999
128.178	-15.514	155.954
128.200	-16.029	155.916
128.218	-16.597	155.849
128.246	-17.253	155.813
128.283	-17.935	155.748
128.320	-18.685	155.748
128.352	-19.432	155.754
128.385	-20.163	155.820
128.399	-20.834	155.835
128.478	-21.171	155.970
128.509	-20.929	156.008
128.441	-20.737	155.978
128.357	-20.530	155.931
128.328	-20.350	155.904
128.333	-20.115	155.886
128.364	-19.835	155.848
128.393	-19.507	155.808
128.453	-19.145	155.804
128.517	-18.692	155.768
128.424	-18.198	155.785
128.267	-17.675	155.834
128.155	-17.104	155.860
128.133	-16.495	155.863
128.135	-15.882	155.923
128.168	-15.268	155.960
128.217	-14.743	156.026
128.221	-14.285	156.078
128.167	-13.916	156.122
128.157	-13.706	156.168
128.167	-13.643	156.175
128.147	-13.750	156.166
128.138	-14.007	156.136
128.135	-14.416	156.101
128.169	-14.929	156.008
128.185	-15.545	155.905
128.209	-16.278	155.846
128.239	-17.065	155.793
128.258	-17.886	155.702
128.274	-18.789	155.745
128.281	-19.627	155.751
128.291	-20.461	155.815
128.292	-21.223	155.894
128.420	-21.043	156.030
128.433	-20.778	156.018
128.383	-20.516	155.973
128.340	-20.283	155.937
128.358	-20.030	155.897
128.395	-19.713	155.846
128.432	-19.379	155.817
128.416	-18.988	155.798
128.430	-18.596	155.822
128.380	-18.108	155.810
128.313	-17.611	155.809
128.238	-17.099	155.833
128.178	-16.577	155.862
128.136	-16.075	155.926
128.120	-15.580	155.968
128.133	-15.111	156.018
128.171	-14.706	156.057
128.250	-14.394	156.050
128.230	-14.238	156.093
128.146	-14.169	156.109
128.077	-14.226	156.087
128.075	-14.427	156.054
128.155	-14.773	156.018
128.217	-15.224	155.964
128.264	-15.790	155.888
128.310	-16.466	155.837
128.309	-17.205	155.796
128.269	-17.987	155.758
128.264	-18.815	155.749
128.281	-19.621	155.753
128.322	-20.429	155.814
128.346	-21.166	155.864
128.432	-21.089	155.999
128.423	-20.859	155.997
128.351	-20.629	155.944
128.282	-20.410	155.902
128.271	-20.193	155.888
128.304	-19.931	155.876
128.333	-19.592	155.809
128.345	-19.249	155.802
128.350	-18.843	155.812
128.352	-18.378	155.806
128.342	-17.862	155.790
128.309	-17.340	155.830
128.273	-16.811	155.866
128.230	-16.272	155.907
128.223	-15.736	155.950
128.226	-15.230	155.993
128.253	-14.822	156.069
128.235	-14.471	156.117
128.175	-14.185	156.136
128.143	-14.047	156.144
128.139	-14.049	156.122
128.137	-14.192	156.102
128.144	-14.510	156.068
128.182	-14.955	156.017
128.216	-15.462	155.917
128.334	-16.111	155.850
128.353	-16.832	155.824
128.292	-17.610	155.786
128.216	-18.451	155.786
128.199	-19.279	155.756
128.257	-20.109	155.814
128.332	-20.884	155.848
128.463	-21.224	155.990
128.545	-20.942	156.009
128.469	-20.733	155.963
128.348	-20.511	155.919
128.266	-20.299	155.878
128.240	-20.066	155.899
128.269	-19.754	155.847
128.299	-19.406	155.806
128.338	-19.025	155.796
128.359	-18.598	155.798
128.342	-18.106	155.780
128.283	-17.593	155.767
128.234	-17.089	155.812
128.171	-16.571	155.851
128.131	-16.055	155.901
128.098	-15.577	155.949
128.086	-15.139	156.007
128.115	-14.763	156.046
128.118	-14.481	156.095
128.130	-14.295	156.110
128.147	-14.245	156.111
128.165	-14.333	156.095
128.168	-14.562	156.060
128.206	-14.941	156.024
128.204	-15.417	155.958
128.206	-15.997	155.900
128.223	-16.667	155.851
128.242	-17.393	155.799
128.236	-18.189	155.774
128.238	-18.963	155.749
128.255	-19.746	155.786
128.306	-20.514	155.823
128.359	-21.186	155.878
128.492	-21.069	156.017
128.571	-20.862	155.979
128.578	-20.651	155.925
128.453	-20.450	155.926
128.311	-20.238	155.938
128.279	-19.968	155.901
128.305	-19.659	155.829
128.366	-19.307	155.791
128.429	-18.896	155.804
128.459	-18.426	155.772
128.371	-17.894	155.763
128.252	-17.368	155.792
128.153	-16.800	155.823
128.102	-16.244	155.887
128.081	-15.687	155.932
128.079	-15.164	155.980
128.101	-14.711	156.045
128.104	-14.331	156.089
128.108	-14.067	156.115
128.104	-13.934	156.126
128.130	-13.949	156.120
128.122	-14.127	156.104
128.128	-14.468	156.083
128.156	-14.918	156.013
128.161	-15.483	155.933
128.178	-16.146	155.870
128.203	-16.887	155.806
128.238	-17.692	155.750
128.266	-18.540	155.750
128.291	-19.356	155.731
128.328	-20.186	155.808
128.363	-20.942	155.855
128.445	-21.181	156.016
128.489	-20.920	156.035
128.453	-20.714	155.974
128.375	-20.502	155.935
128.301	-20.285	155.909
128.280	-20.034	155.904
128.321	-19.712	155.858
128.355	-19.330	155.809
128.383	-18.918	155.817
128.424	-18.437	155.806
128.473	-17.875	155.765
128.368	-17.293	155.815
128.213	-16.672	155.873
128.078	-16.030	155.926
128.060	-15.394	155.975
128.083	-14.774	156.027
128.126	-14.221	156.093
128.185	-13.811	156.164
128.252	-13.580	156.193
128.247	-13.553	156.205
128.183	-13.701	156.168
128.124	-14.019	156.130
128.124	-14.466	156.073
128.143	-15.042	156.000
128.136	-15.710	155.923
128.195	-16.460	155.850
128.233	-17.287	155.789
128.264	-18.153	155.727
128.299	-19.052	155.714
128.317	-19.935	155.761
128.305	-20.775	155.835
128.332	-21.295	155.961
128.391	-20.987	156.041
128.348	-20.743	155.991
128.281	-20.494	155.930
128.257	-20.282	155.903
128.287	-20.032	155.891
128.335	-19.703	155.825
128.388	-19.356	155.801
128.407	-18.965	155.792
128.421	-18.514	155.805
128.404	-18.012	155.800
128.344	-17.482	155.816
128.277	-16.964	155.858
128.221	-16.432	155.884
128.144	-15.892	155.921
128.114	-15.423	155.999
128.095	-14.997	156.069
128.092	-14.625	156.091
128.101	-14.335	156.112
128.119	-14.172	156.114
128.225	-14.164	156.081
128.254	-14.319	156.039
128.171	-14.635	156.020
128.111	-15.087	156.007
128.078	-15.626	155.943
128.123	-16.236	155.891
128.199	-16.924	155.831
128.283	-17.678	155.768
128.364	-18.485	155.742
128.384	-19.281	155.723
128.353	-20.097	155.805
128.319	-20.865	155.847
128.328	-21.289	155.990
128.376	-21.017	156.036
128.324	-20.801	155.991
128.272	-20.574	155.936
128.243	-20.374	155.891
128.271	-20.150	155.886
128.307	-19.866	155.852
128.333	-19.551	155.812
128.333	-19.145	155.766
128.325	-18.739	155.786
128.306	-18.267	155.784
128.258	-17.746	155.779
128.239	-17.234	155.822
128.199	-16.688	155.856
128.173	-16.160	155.913
128.157	-15.632	155.957
128.170	-15.144	156.009
128.173	-14.735	156.079
128.187	-14.375	156.119
128.177	-14.121	156.122
128.180	-14.034	156.124
128.157	-14.055	156.103
128.127	-14.235	156.090
128.120	-14.579	156.059
128.157	-15.052	156.008
128.158	-15.609	155.945
128.187	-16.267	155.875
128.231	-16.989	155.815
128.365	-17.771	155.750
128.432	-18.592	155.730
128.401	-19.407	155.771
128.313	-20.214	155.853
128.244	-21.007	155.912
128.325	-21.212	156.019
128.413	-20.985	156.041
128.420	-20.798	155.980
128.406	-20.598	155.934
128.383	-20.396	155.895
128.348	-20.140	155.874
128.325	-19.813	155.825
128.295	-19.471	155.808
128.287	-19.048	155.804
128.268	-18.600	155.816
128.262	-18.082	155.780
128.241	-17.571	155.794
128.216	-17.049	155.817
128.172	-16.516	155.856
128.127	-16.005	155.907
128.109	-15.514	155.970
128.090	-15.083	156.024
128.099	-14.726	156.067
128.103	-14.452	156.106
128.101	-14.268	156.097
128.123	-14.253	156.108
128.124	-14.367	156.095
128.142	-14.617	156.063
128.178	-15.018	156.008
128.195	-15.521	155.958
128.206	-16.114	155.892
128.236	-16.810	155.853
128.238	-17.529	155.784
128.244	-18.330	155.757
128.258	-19.117	155.723
128.281	-19.940	155.811
128.289	-20.656	155.822
128.301	-21.296	155.920
128.392	-21.080	156.038
128.388	-20.885	156.016
128.360	-20.664	155.952
128.351	-20.462	155.915
128.436	-20.224	155.880
128.477	-19.911	155.842
128.406	-19.575	155.834
128.300	-19.175	155.831
128.264	-18.728	155.822
128.300	-18.214	155.801
128.317	-17.666	155.789
128.285	-17.109	155.820
128.254	-16.533	155.834
128.184	-15.978	155.892
128.113	-15.413	155.935
128.064	-14.924	156.029
128.042	-14.473	156.085
128.063	-14.119	156.118
128.079	-13.899	156.156
128.131	-13.854	156.150
128.114	-13.943	156.115
128.115	-14.208	156.095
128.120	-14.615	156.036
128.131	-15.161	155.980
128.139	-15.790	155.911
128.168	-16.519	155.847
128.192	-17.312	155.799
128.204	-18.151	155.750
128.247	-19.007	155.744
128.271	-19.846	155.785
128.308	-20.643	155.822
128.357	-21.313	155.949
128.449	-21.044	156.048
128.449	-20.822	156.024
128.413	-20.579	155.949
128.374	-20.352	155.902
128.335	-20.107	155.899
128.308	-19.804	155.869
128.329	-19.453	155.812
128.335	-19.056	155.800
128.334	-18.632	155.824
128.308	-18.120	155.808
128.276	-17.539	155.785
128.306	-16.973	155.806
128.303	-16.381	155.843
128.169	-15.765	155.913
128.058	-15.181	156.012
127.995	-14.614	156.080
128.033	-14.074	156.086
128.143	-13.728	156.187
128.189	-13.568	156.225
128.216	-13.624	156.174
128.203	-13.877	156.113
128.168	-14.280	156.069
128.131	-14.836	156.011
128.106	-15.474	155.937
128.119	-16.216	155.886
128.146	-17.013	155.825
128.191	-17.875	155.779
128.245	-18.770	155.733
128.302	-19.643	155.729
128.334	-20.516	155.782
128.347	-21.290	155.883
128.408	-21.110	156.042
128.380	-20.851	156.030
128.276	-20.633	155.980
128.220	-20.396	155.923
128.214	-20.182	155.899
128.253	-19.912	155.887
128.311	-19.585	155.831
128.352	-19.211	155.807
128.375	-18.791	155.809
128.385	-18.318	155.800
128.358	-17.811	155.800
128.294	-17.301	155.835
128.232	-16.789	155.868
128.192	-16.282	155.912
128.168	-15.788	155.945
128.118	-15.339	155.994
128.084	-14.982	156.061
128.077	-14.684	156.103
128.074	-14.456	156.101
128.089	-14.389	156.097
128.115	-14.443	156.071
128.195	-14.643	156.005
128.283	-15.012	155.952
128.241	-15.492	155.906
128.158	-16.094	155.920
128.121	-16.736	155.869
128.147	-17.455	155.825
128.219	-18.231	155.787
128.310	-19.013	155.766
128.403	-19.793	155.760
128.437	-20.543	155.806
128.412	-21.246	155.885
128.405	-21.169	156.021
128.342	-20.958	156.004
128.260	-20.760	155.956
128.233	-20.565	155.919
128.237	-20.348	155.886
128.280	-20.101	155.877
128.314	-19.778	155.832
128.333	-19.434	155.810
128.328	-19.008	155.801
128.302	-18.556	155.796
128.271	-18.039	155.795
128.220	-17.501	155.805
128.185	-16.953	155.841
128.146	-16.390	155.895
128.136	-15.835	155.945
128.127	-15.302	155.989
128.149	-14.849	156.077
128.156	-14.446	156.127
128.149	-14.124	156.134
128.149	-13.955	156.152
128.150	-13.935	156.150
128.155	-14.062	156.135
128.165	-14.363	156.109
128.170	-14.780	156.035
128.135	-15.314	155.959
128.115	-15.946	155.899
128.142	-16.673	155.841
128.167	-17.458	155.787
128.218	-18.294	155.755
128.282	-19.137	155.761
128.415	-19.939	155.774
128.531	-20.703	155.806
128.515	-21.323	155.933
128.475	-21.113	156.083
128.358	-20.962	156.069
128.264	-20.791	155.987
128.276	-20.630	155.931
128.352	-20.416	155.899
128.392	-20.155	155.860
128.428	-19.831	155.803
128.385	-19.454	155.775
128.314	-19.016	155.787
128.237	-18.515	155.781
128.176	-17.993	155.784
128.157	-17.441	155.789
128.133	-16.856	155.807
128.118	-16.306	155.863
128.075	-15.743	155.917
128.059	-15.210	155.974
128.065	-14.760	156.043
128.071	-14.374	156.080
128.081	-14.096	156.114
128.086	-13.972	156.132
128.101	-13.991	156.131
128.077	-14.169	156.103
128.091	-14.522	156.090
128.124	-14.987	156.033
128.139	-15.542	155.956
128.166	-16.221	155.904
128.200	-16.966	155.837
128.218	-17.753	155.769
128.239	-18.584	155.728
128.262	-19.403	155.730
128.283	-20.224	155.808
128.301	-20.983	155.869
128.359	-21.269	156.008
128.402	-21.022	156.052
128.345	-20.813	156.002
128.288	-20.601	155.953
128.240	-20.376	155.906
128.250	-20.127	155.901
128.286	-19.810	155.847
128.351	-19.445	155.797
128.436	-19.019	155.791
128.487	-18.535	155.778
128.358	-17.978	155.780
128.196	-17.409	155.835
128.083	-16.800	155.847
128.079	-16.203	155.886
128.101	-15.606	155.928
128.130	-15.047	155.968
128.135	-14.583	156.028
128.130	-14.197	156.082
128.078	-13.927	156.133
128.090	-13.828	156.162
128.087	-13.878	156.134
128.054	-14.080	156.098
128.065	-14.457	156.060
128.090	-14.965	156.010
128.118	-15.552	155.926
128.154	-16.255	155.876
128.183	-17.013	155.800
128.214	-17.855	155.769
128.240	-18.711	155.742
128.236	-19.558	155.736
128.263	-20.386	155.801
128.274	-21.167	155.869
128.354	-21.184	156.005
128.389	-20.936	156.031
128.342	-20.711	155.986
128.296	-20.470	155.914
128.306	-20.260	155.900
128.337	-19.978	155.864
128.394	-19.665	155.832
128.420	-19.305	155.797
128.418	-18.885	155.803
128.376	-18.432	155.826
128.281	-17.901	155.810
128.199	-17.368	155.837
128.162	-16.822	155.863
128.125	-16.265	155.913
128.110	-15.719	155.962
128.100	-15.192	156.017
128.197	-14.744	156.053
128.219	-14.386	156.098
128.123	-14.126	156.136
128.026	-13.990	156.172
128.021	-13.986	156.130
128.057	-14.135	156.086
128.108	-14.442	156.057
128.157	-14.898	156.004
128.196	-15.450	155.904
128.232	-16.132	155.864
128.200	-16.876	155.818
128.179	-17.672	155.748
128.182	-18.545	155.751
128.185	-19.382	155.735
128.227	-20.225	155.797
128.263	-21.046	155.860
128.358	-21.301	156.010
128.405	-21.018	156.042
128.328	-20.795	155.985
128.262	-20.560	155.931
128.222	-20.330	155.886
128.231	-20.089	155.892
128.252	-19.787	155.859
128.267	-19.435	155.807
128.292	-19.058	155.804
128.299	-18.621	155.799
128.304	-18.148	155.802
128.271	-17.646	155.805
128.244	-17.143	155.835
128.196	-16.661	155.882
128.170	-16.173	155.918
128.143	-15.726	155.961
128.153	-15.325	155.993
128.170	-15.010	156.050
128.129	-14.773	156.078
128.076	-14.626	156.093
128.070	-14.610	156.081
128.092	-14.742	156.058
128.093	-14.989	156.018
128.128	-15.353	155.971
128.189	-15.836	155.911
128.297	-16.420	155.860
128.276	-17.065	155.831
128.209	-17.799	155.831
128.155	-18.555	155.811
128.177	-19.336	155.770
128.262	-20.125	155.830
128.340	-20.859	155.856
128.429	-21.391	155.949
128.526	-21.155	156.009
128.444	-20.974	155.971
128.299	-20.794	155.926
128.203	-20.627	155.894
128.200	-20.431	155.866
128.237	-20.217	155.877
128.270	-19.948	155.860
128.302	-19.587	155.808
128.304	-19.195	155.779
128.296	-18.771	155.788
128.245	-18.304	155.806
128.199	-17.762	155.791
128.156	-17.212	155.814
128.101	-16.663	155.863
128.068	-16.110	155.906
128.068	-15.579	155.960
128.086	-15.101	156.026
128.095	-14.671	156.079
128.108	-14.330	156.120
128.120	-14.113	156.136
128.131	-14.048	156.147
128.127	-14.098	156.134
128.127	-14.314	156.116
128.129	-14.692	156.098
128.142	-15.173	156.027
128.139	-15.748	155.942
128.159	-16.418	155.862
128.157	-17.188	155.816
128.153	-17.980	155.764
128.194	-18.812	155.762
128.213	-19.612	155.756
128.265	-20.418	155.813
128.329	-21.169	155.883
128.492	-21.250	156.010
128.607	-21.093	156.003
128.538	-20.942	155.982
128.360	-20.777	155.974
128.235	-20.608	155.940
128.225	-20.421	155.896
128.290	-20.201	155.875
128.368	-19.897	155.841
128.411	-19.543	155.801
128.367	-19.131	155.774
128.299	-18.703	155.783
128.175	-18.233	155.768
128.105	-17.723	155.761
128.070	-17.238	155.809
128.039	-16.754	155.838
128.036	-16.296	155.876
128.036	-15.870	155.919
128.052	-15.514	155.971
128.066	-15.212	156.001
128.077	-15.000	156.009
128.100	-14.888	156.023
128.103	-14.899	156.007
128.095	-15.035	156.012
128.105	-15.265	155.999
128.126	-15.620	155.970
128.138	-16.080	155.935
128.159	-16.621	155.866
128.179	-17.243	155.825
128.215	-17.908	155.770
128.259	-18.635	155.770
128.267	-19.338	155.743
128.310	-20.076	155.820
128.319	-20.742	155.828
128.323	-21.323	155.909
128.355	-21.199	156.014
128.324	-21.084	156.012
128.273	-20.933	155.979
128.239	-20.783	155.930
128.264	-20.602	155.881
128.312	-20.403	155.881
128.376	-20.126	155.830
128.405	-19.801	155.817
128.348	-19.398	155.816
128.212	-18.933	155.834
128.127	-18.398	155.808
128.115	-17.833	155.800
128.132	-17.199	155.824
128.140	-16.544	155.853
128.152	-15.877	155.895
128.152	-15.246	155.940
128.095	-14.663	156.032
128.055	-14.115	156.102
128.081	-13.731	156.177
128.073	-13.579	156.209
128.050	-13.767	156.216
128.068	-14.097	156.168
128.078	-14.529	156.089
128.104	-15.103	156.017
128.111	-15.767	155.895
128.141	-16.546	155.822
128.169	-17.365	155.759
128.174	-18.255	155.729
128.202	-19.133	155.707
128.211	-20.040	155.777
128.210	-20.863	155.813
128.273	-21.412	155.943
128.397	-21.095	156.055
128.378	-20.837	156.020
128.327	-20.577	155.950
128.313	-20.374	155.892
128.322	-20.166	155.891
128.340	-19.940	155.872
128.367	-19.665	155.800
128.366	-19.407	155.777
128.331	-19.105	155.801
128.275	-18.778	155.803
128.217	-18.437	155.803
128.184	-18.112	155.826
128.152	-17.750	155.829
128.148	-17.393	155.871
128.189	-17.023	155.881
128.245	-16.667	155.906
128.179	-16.337	155.938
128.062	-16.043	155.982
128.034	-15.795	155.982
128.063	-15.581	155.953
128.115	-15.455	155.946
128.147	-15.424	155.949
128.180	-15.503	155.938
128.188	-15.680	155.945
128.168	-15.922	155.927
128.143	-16.264	155.924
128.112	-16.691	155.887
128.119	-17.202	155.865
128.133	-17.760	155.807
128.170	-18.373	155.773
128.225	-19.024	155.773
128.256	-19.673	155.776
128.285	-20.328	155.803
128.285	-20.948	155.837
128.297	-21.430	155.914
128.399	-21.226	155.981
128.355	-21.003	155.963
128.279	-20.791	155.950
128.252	-20.575	155.884
128.249	-20.314	155.853
128.267	-20.040	155.857
128.276	-19.719	155.820
128.303	-19.354	155.791
128.326	-18.968	155.808
128.321	-18.512	155.803
128.287	-18.030	155.812
128.248	-17.515	155.822
128.200	-17.000	155.862
128.137	-16.485	155.917
128.083	-15.963	155.962
128.070	-15.472	156.004
128.053	-15.064	156.081
128.048	-14.703	156.098
128.053	-14.427	156.101
128.108	-14.297	156.109
128.208	-14.319	156.078
128.173	-14.504	156.095
128.072	-14.831	156.111
128.010	-15.241	156.051
128.015	-15.742	155.939
128.089	-16.364	155.876
128.174	-17.047	155.826
128.246	-17.810	155.762
128.320	-18.597	155.731
128.306	-19.396	155.729
128.269	-20.207	155.798
128.231	-20.991	155.859
128.244	-21.472	155.952
128.330	-21.178	156.052
128.286	-20.924	156.012
128.227	-20.678	155.959
128.221	-20.433	155.880
128.218	-20.194	155.857
128.261	-19.939	155.852
128.263	-19.619	155.799
128.259	-19.275	155.766
128.254	-18.911	155.779
128.203	-18.506	155.782
128.176	-18.072	155.791
128.147	-17.620	155.810
128.142	-17.163	155.852
128.124	-16.689	155.881
128.125	-16.240	155.930
128.125	-15.795	155.959
128.138	-15.396	156.002
128.136	-15.090	156.040
128.149	-14.840	156.039
128.125	-14.688	156.050
128.077	-14.669	156.069
128.053	-14.783	156.064
128.073	-15.028	156.053
128.089	-15.369	156.021
128.107	-15.817	155.942
128.148	-16.374	155.888
128.252	-16.995	155.810
128.342	-17.675	155.746
128.317	-18.423	155.773
128.249	-19.180	155.779
128.175	-19.966	155.845
128.191	-20.695	155.829
128.252	-21.374	155.884
128.391	-21.278	156.011
128.434	-21.034	155.980
128.383	-20.800	155.933
128.297	-20.575	155.891
128.232	-20.337	155.843
128.200	-20.088	155.848
128.199	-19.797	155.828
128.201	-19.497	155.829
128.231	-19.128	155.808
128.247	-18.744	155.792
128.215	-18.369	155.782
128.192	-17.974	155.783
128.142	-17.572	155.791
128.096	-17.201	155.844
128.063	-16.830	155.881
128.054	-16.478	155.905
128.052	-16.169	155.940
128.076	-15.906	155.962
128.086	-15.715	155.965
128.098	-15.593	155.975
128.118	-15.544	155.973
128.132	-15.604	155.980
128.153	-15.745	155.967
128.168	-15.973	155.951
128.170	-16.293	155.944
128.177	-16.680	155.902
128.196	-17.148	155.857
128.195	-17.696	155.792
128.194	-18.288	155.764
128.192	-18.927	155.770
128.185	-19.549	155.780
128.215	-20.177	155.802
128.250	-20.794	155.824
128.289	-21.357	155.889
128.416	-21.297	155.956
128.538	-21.103	155.945
128.514	-20.893	155.930
128.380	-20.698	155.931
128.239	-20.492	155.904
128.189	-20.279	155.877
128.233	-20.042	155.845
128.283	-19.735	155.810
128.347	-19.402	155.781
128.325	-19.050	155.795
128.258	-18.655	155.783
128.148	-18.224	155.781
128.089	-17.799	155.810
128.047	-17.345	155.830
128.045	-16.894	155.850
128.051	-16.475	155.890
128.048	-16.078	155.926
128.050	-15.732	155.957
128.066	-15.434	155.983
128.066	-15.226	155.994
128.085	-15.100	156.000
128.083	-15.086	156.013
128.084	-15.160	156.006
128.087	-15.347	156.000
128.087	-15.656	155.986
128.088	-16.030	155.930
128.121	-16.527	155.883
128.141	-17.098	155.817
128.162	-17.720	155.757
128.196	-18.421	155.756
128.231	-19.131	155.760
128.242	-19.834	155.796
128.261	-20.517	155.810
128.278	-21.167	155.866
128.347	-21.376	155.970
128.404	-21.144	156.006
128.329	-20.909	155.963
128.233	-20.711	155.929
128.208	-20.503	155.889
128.217	-20.259	155.856
128.251	-19.991	155.855
128.295	-19.666	155.808
128.386	-19.292	155.771
128.388	-18.872	155.774
128.274	-18.411	155.824
128.109	-17.907	155.844
128.036	-17.379	155.863
128.055	-16.825	155.875
128.088	-16.274	155.913
128.102	-15.712	155.933
128.132	-15.212	155.966
128.109	-14.823	156.037
128.044	-14.474	156.075
127.993	-14.252	156.111
127.984	-14.151	156.117
127.996	-14.181	156.130
128.001	-14.360	156.111
128.037	-14.702	156.088
128.055	-15.146	156.010
128.065	-15.702	155.912
128.081	-16.367	155.843
128.113	-17.115	155.798
128.127	-17.922	155.755
128.160	-18.754	155.726
128.167	-19.590	155.742
128.177	-20.387	155.766
128.195	-21.174	155.848
128.301	-21.406	155.993
128.350	-21.130	156.036
128.313	-20.884	156.001
128.273	-20.622	155.943
128.262	-20.395	155.906
128.279	-20.123	155.886
128.298	-19.790	155.845
128.318	-19.435	155.793
128.318	-19.049	155.794
128.286	-18.628	155.813
128.203	-18.134	155.801
128.124	-17.626	155.818
128.095	-17.144	155.865
128.069	-16.632	155.900
128.033	-16.139	155.937
128.038	-15.639	155.957
128.120	-15.225	155.986
128.177	-14.902	156.040
128.073	-14.673	156.099
127.980	-14.535	156.136
127.951	-14.499	156.114
127.987	-14.607	156.071
128.065	-14.839	156.030
128.132	-15.218	155.982
128.169	-15.732	155.926
128.176	-16.342	155.873
128.151	-17.027	155.828
128.113	-17.778	155.788
128.137	-18.569	155.764
128.162	-19.371	155.734
128.206	-20.175	155.777
128.245	-20.950	155.819
128.275	-21.523	155.927
128.333	-21.245	156.020
128.280	-21.033	155.982
128.206	-20.815	155.934
128.173	-20.601	155.880
128.185	-20.374	155.874
128.223	-20.109	155.855
128.233	-19.794	155.825
128.247	-19.431	155.803
128.261	-19.007	155.791
128.266	-18.567	155.805
128.227	-18.071	155.809
128.185	-17.557	155.823
128.167	-17.049	155.853
128.133	-16.544	155.903
128.114	-16.047	155.955
128.111	-15.587	155.998
128.144	-15.202	156.047
128.132	-14.883	156.088
128.062	-14.636	156.110
128.037	-14.504	156.097
128.032	-14.534	156.093
128.033	-14.700	156.073
128.053	-15.013	156.042
128.083	-15.421	155.984
128.145	-15.937	155.911
128.270	-16.554	155.845
128.255	-17.244	155.808
128.179	-18.017	155.818
128.130	-18.825	155.798
128.119	-19.641	155.809
128.181	-20.401	155.794
128.293	-21.164	155.854
128.396	-21.456	156.000
128.450	-21.199	156.008
128.342	-21.005	155.953
128.230	-20.811	155.916
128.145	-20.628	155.904
128.165	-20.365	155.858
128.199	-20.099	155.856
128.216	-19.784	155.842
128.240	-19.388	155.793
128.240	-18.951	155.786
128.210	-18.486	155.782
128.165	-18.010	155.806
128.122	-17.480	155.801
128.081	-16.951	155.839
128.045	-16.439	155.885
128.013	-15.946	155.936
128.024	-15.504	155.998
128.020	-15.134	156.053
128.032	-14.819	156.100
128.038	-14.596	156.118
128.053	-14.499	156.107
128.061	-14.560	156.108
128.077	-14.742	156.078
128.084	-15.074	156.051
128.097	-15.500	155.990
128.079	-16.047	155.931
128.101	-16.668	155.856
128.098	-17.391	155.812
128.112	-18.156	155.785
128.133	-18.931	155.760
128.145	-19.721	155.796
128.192	-20.471	155.795
128.230	-21.209	155.871
128.339	-21.425	156.001
128.486	-21.197	155.989
128.471	-21.000	155.951
128.352	-20.804	155.957
128.209	-20.594	155.935
128.155	-20.361	155.904
128.191	-20.106	155.872
128.254	-19.794	155.845
128.304	-19.401	155.782
128.304	-18.998	155.786
128.251	-18.536	155.781
128.141	-18.038	155.782
128.049	-17.518	155.793
128.005	-17.001	155.844
127.971	-16.446	155.852
127.977	-15.938	155.900
127.988	-15.493	155.954
127.995	-15.114	156.015
127.990	-14.801	156.067
128.007	-14.592	156.107
128.011	-14.496	156.094
128.015	-14.548	156.084
128.017	-14.748	156.077
128.031	-15.077	156.037
128.054	-15.529	155.990
128.059	-16.073	155.921
128.082	-16.713	155.846
128.096	-17.422	155.797
128.132	-18.188	155.764
128.168	-18.981	155.739
128.190	-19.781	155.791
128.219	-20.528	155.809
128.243	-21.242	155.870
128.324	-21.419	156.014
128.371	-21.176	156.030
128.304	-20.977	155.977
128.201	-20.770	155.947
128.158	-20.550	155.907
128.176	-20.285	155.869
128.218	-19.996	155.865
128.242	-19.648	155.830
128.271	-19.225	155.806
128.341	-18.748	155.785
128.342	-18.201	155.772
128.192	-17.607	155.807
128.046	-17.011	155.883
127.966	-16.366	155.905
127.971	-15.707	155.929
128.001	-15.078	155.997
128.048	-14.535	156.077
128.078	-14.087	156.115
128.109	-13.831	156.181
128.092	-13.751	156.192
128.048	-13.900	156.172
128.014	-14.197	156.129
128.010	-14.655	156.092
128.022	-15.207	156.000
128.041	-15.869	155.906
128.097	-16.634	155.839
128.118	-17.462	155.772
128.136	-18.334	155.723
128.165	-19.219	155.684
128.193	-20.120	155.757
128.199	-20.971	155.824
128.202	-21.555	155.936
128.289	-21.235	156.031
128.238	-21.007	156.026
128.179	-20.757	155.969
128.155	-20.509	155.903
128.191	-20.241	155.868
128.235	-19.952	155.867
128.276	-19.584	155.803
128.298	-19.180	155.783
128.298	-18.741	155.811
128.272	-18.249	155.821
128.208	-17.700	155.817
128.155	-17.159	155.851
128.090	-16.596	155.881
128.042	-16.060	155.935
128.010	-15.562	156.007
127.981	-15.094	156.076
127.975	-14.714	156.131
127.974	-14.396	156.133
127.992	-14.219	156.138
128.083	-14.200	156.111
128.151	-14.362	156.071
128.085	-14.689	156.049
127.999	-15.142	156.012
127.968	-15.703	155.962
128.006	-16.340	155.887
128.086	-17.042	155.818
128.153	-17.851	155.789
128.233	-18.670	155.760
128.257	-19.500	155.738
128.239	-20.310	155.773
128.189	-21.111	155.847
128.199	-21.557	155.978
128.254	-21.275	156.042
128.199	-21.053	156.008
128.126	-20.831	155.970
128.112	-20.614	155.914
128.137	-20.368	155.890
128.181	-20.078	155.861
128.202	-19.750	155.836
128.195	-19.363	155.786
128.203	-18.947	155.785
128.171	-18.474	155.772
128.131	-18.016	155.804
128.105	-17.497	155.796
128.093	-17.007	155.845
128.064	-16.531	155.895
128.043	-16.067	155.940
128.038	-15.637	155.982
128.061	-15.290	156.043
128.069	-15.008	156.085
128.078	-14.779	156.071
128.098	-14.717	156.072
128.079	-14.778	156.063
128.043	-14.973	156.050
128.026	-15.287	156.007
128.033	-15.713	155.955
128.056	-16.253	155.917
128.071	-16.854	155.845
128.099	-17.538	155.800
128.188	-18.295	155.792
128.318	-19.029	155.724
128.332	-19.785	155.757
128.267	-20.544	155.843
128.161	-21.249	155.897
128.181	-21.465	156.019
128.235	-21.254	156.033
128.238	-21.062	155.977
128.237	-20.871	155.924
128.255	-20.679	155.870
128.263	-20.434	155.838
128.242	-20.157	155.827
128.200	-19.841	155.828
128.167	-19.462	155.795
128.156	-19.033	155.794
128.137	-18.573	155.790
128.126	-18.088	155.792
128.096	-17.577	155.796
128.069	-17.067	155.838
128.031	-16.544	155.859
127.996	-16.041	155.923
127.992	-15.594	155.974
127.992	-15.199	156.024
127.986	-14.876	156.059
127.986	-14.662	156.104
128.000	-14.576	156.121
128.003	-14.603	156.110
128.007	-14.773	156.094
128.026	-15.088	156.068
128.063	-15.515	156.005
128.063	-16.020	155.914
128.088	-16.646	155.848
128.100	-17.358	155.817
128.109	-18.116	155.770
128.136	-18.912	155.754
128.147	-19.701	155.782
128.156	-20.450	155.793
128.161	-21.178	155.850
128.227	-21.509	155.989
128.273	-21.228	156.040
128.231	-21.010	155.995
128.190	-20.768	155.943
128.218	-20.535	155.880
128.308	-20.268	155.848
128.356	-19.948	155.822
128.266	-19.588	155.813
128.167	-19.198	155.828
128.121	-18.743	155.819
128.116	-18.238	155.790
128.133	-17.705	155.781
128.148	-17.174	155.815
128.108	-16.641	155.852
128.057	-16.107	155.895
127.989	-15.585	155.939
127.947	-15.133	156.032
127.931	-14.734	156.089
127.926	-14.438	156.134
127.938	-14.245	156.128
127.972	-14.221	156.135
127.970	-14.337	156.119
127.986	-14.614	156.097
128.002	-15.028	156.050
128.015	-15.547	155.969
128.029	-16.167	155.896
128.054	-16.892	155.846
128.074	-17.674	155.778
128.104	-18.510	155.742
128.142	-19.345	155.727
128.166	-20.166	155.766
128.200	-20.984	155.850
128.224	-21.558	155.929
128.334	-21.300	156.054
128.310	-21.078	156.005
128.284	-20.847	155.932
128.257	-20.622	155.885
128.225	-20.360	155.859
128.201	-20.097	155.880
128.199	-19.752	155.838
128.202	-19.359	155.815
128.197	-18.899	155.806
128.179	-18.393	155.799
128.137	-17.844	155.808
128.178	-17.227	155.786
128.176	-16.635	155.820
128.062	-16.023	155.917
127.961	-15.414	156.012
127.879	-14.824	156.077
127.904	-14.281	156.111
128.057	-13.930	156.191
128.076	-13.770	156.217
128.097	-13.909	156.177
128.097	-14.204	156.104
128.060	-14.668	156.062
128.029	-15.237	155.985
128.005	-15.908	155.901
128.022	-16.667	155.839
128.035	-17.513	155.809
128.067	-18.395	155.755
128.122	-19.298	155.727
128.172	-20.171	155.736
128.227	-21.029	155.789
128.252	-21.592	155.939
128.304	-21.281	156.048
128.226	-21.048	156.007
128.142	-20.822	155.955
128.093	-20.617	155.915
128.115	-20.398	155.892
128.170	-20.121	155.869
128.200	-19.792	155.834
128.228	-19.395	155.775
128.274	-18.987	155.805
128.270	-18.508	155.802
128.241	-18.006	155.809
128.188	-17.477	155.829
128.135	-16.948	155.862
128.086	-16.419	155.911
128.024	-15.905	155.960
127.984	-15.441	156.021
127.967	-15.045	156.078
127.977	-14.738	156.142
127.961	-14.512	156.134
127.983	-14.412	156.123
128.041	-14.467	156.070
128.133	-14.707	156.021
128.104	-15.106	155.999
128.033	-15.625	155.991
127.955	-16.204	155.936
127.986	-16.879	155.879
128.047	-17.598	155.804
128.126	-18.402	155.773
128.210	-19.198	155.722
128.283	-20.005	155.766
128.264	-20.772	155.801
128.194	-21.509	155.881
128.239	-21.452	156.029
128.192	-21.236	156.024
128.113	-21.027	155.969
128.080	-20.840	155.935
128.101	-20.654	155.904
128.152	-20.367	155.847
128.200	-20.095	155.848
128.198	-19.747	155.822
128.198	-19.311	155.767
128.183	-18.874	155.775
128.132	-18.394	155.792
128.087	-17.870	155.791
128.053	-17.334	155.815
128.028	-16.820	155.876
128.011	-16.293	155.903
128.009	-15.798	155.952
128.028	-15.368	156.005
128.040	-15.025	156.068
128.049	-14.742	156.110
128.052	-14.577	156.123
128.052	-14.551	156.100
128.009	-14.682	156.108
127.989	-14.937	156.081
128.004	-15.321	156.028
128.016	-15.819	155.958
128.044	-16.407	155.897
128.080	-17.086	155.846
128.127	-17.815	155.787
128.258	-18.608	155.753
128.302	-19.372	155.719
128.270	-20.159	155.801
128.154	-20.937	155.883
128.116	-21.573	155.926
128.217	-21.377	156.027
128.243	-21.188	156.010
128.237	-20.980	155.949
128.231	-20.791	155.906
128.235	-20.535	155.840
128.222	-20.250	155.810
128.192	-19.950	155.818
128.155	-19.569	155.804
128.141	-19.126	155.800
128.115	-18.634	155.787
128.097	-18.113	155.784
128.083	-17.591	155.802
128.053	-17.034	155.824
128.003	-16.484	155.862
127.976	-15.959	155.923
127.971	-15.482	155.980
127.951	-15.063	156.033
127.959	-14.723	156.086
127.955	-14.498	156.126
127.968	-14.389	156.135
127.978	-14.454	156.143
127.982	-14.625	156.112
128.010	-14.967	156.071
128.045	-15.410	155.992
128.046	-15.979	155.926
128.075	-16.625	155.849
128.098	-17.378	155.826
128.092	-18.164	155.775
128.119	-18.980	155.753
128.129	-19.797	155.781
128.155	-20.581	155.808
128.151	-21.319	155.859
128.223	-21.496	156.013
128.257	-21.246	156.049
128.198	-21.025	155.985
128.150	-20.812	155.935
128.156	-20.581	155.888
128.259	-20.302	155.862
128.328	-19.968	155.822
128.279	-19.583	155.789
128.175	-19.141	155.811
128.090	-18.641	155.799
128.049	-18.088	155.777
128.073	-17.526	155.796
128.090	-16.932	155.824
128.076	-16.372	155.858
128.060	-15.812	155.895
128.000	-15.298	155.963
127.934	-14.845	156.053
127.912	-14.472	156.128
127.904	-14.196	156.147
127.974	-14.097	156.156
127.995	-14.166	156.135
127.979	-14.405	156.125
127.989	-14.786	156.076
127.997	-15.298	155.993
128.012	-15.905	155.912
128.034	-16.605	155.848
128.039	-17.402	155.807
128.053	-18.229	155.743
128.095	-19.090	155.712
128.115	-19.954	155.750
128.153	-20.775	155.808
128.166	-21.543	155.894
128.278	-21.414	156.037
128.285	-21.177	156.035
128.238	-20.944	155.959
128.236	-20.722	155.893
128.249	-20.487	155.856
128.233	-20.207	155.858
128.203	-19.888	155.848
128.190	-19.524	155.812
128.208	-19.098	155.815
128.169	-18.599	155.803
128.129	-18.082	155.831
128.099	-17.491	155.820
128.120	-16.880	155.836
128.148	-16.282	155.880
128.073	-15.677	155.962
127.950	-15.115	156.067
127.879	-14.583	156.136
127.914	-14.130	156.155
128.026	-13.884	156.194
128.065	-13.867	156.186
128.093	-14.062	156.136
128.071	-14.433	156.082
128.069	-14.970	156.021
128.025	-15.571	155.950
127.998	-16.279	155.867
128.001	-17.078	155.826
128.010	-17.934	155.770
128.061	-18.836	155.749
128.118	-19.747	155.768
128.169	-20.606	155.769
128.188	-21.440	155.840
128.279	-21.487	156.008
128.266	-21.215	156.025
128.162	-20.985	155.965
128.087	-20.770	155.934
128.065	-20.545	155.901
128.106	-20.280	155.857
128.148	-19.990	155.868
128.189	-19.632	155.812
128.223	-19.211	155.789
128.235	-18.758	155.797
128.234	-18.271	155.807
128.186	-17.737	155.809
128.133	-17.228	155.863
128.064	-16.679	155.894
128.048	-16.170	155.939
128.034	-15.678	155.973
127.983	-15.273	156.048
127.957	-14.928	156.103
127.944	-14.663	156.136
127.938	-14.534	156.138
127.956	-14.546	156.115
127.960	-14.714	156.085
128.033	-15.004	156.005
128.159	-15.446	155.934
128.120	-16.020	155.914
128.050	-16.668	155.889
127.983	-17.389	155.850
127.985	-18.155	155.785
128.057	-18.977	155.764
128.156	-19.793	155.803
128.252	-20.543	155.770
128.315	-21.306	155.844
128.316	-21.562	155.992
128.276	-21.333	156.034
128.149	-21.134	155.984
128.065	-20.938	155.950
128.052	-20.741	155.906
128.100	-20.498	155.869
128.153	-20.218	155.839
128.168	-19.891	155.826
128.173	-19.506	155.791
128.170	-19.066	155.774
128.151	-18.588	155.773
128.086	-18.106	155.796
128.041	-17.598	155.813
128.011	-17.102	155.867
127.979	-16.590	155.874
127.972	-16.116	155.932
127.976	-15.684	155.976
128.002	-15.344	156.040
128.009	-15.071	156.083
128.021	-14.889	156.100
128.041	-14.843	156.105
128.054	-14.914	156.083
128.068	-15.102	156.033
128.070	-15.442	156.010
128.028	-15.890	155.957
128.021	-16.440	155.900
128.037	-17.078	155.868
128.051	-17.772	155.818
128.091	-18.501	155.773
128.135	-19.275	155.759
128.230	-20.048	155.808
128.356	-20.751	155.799
128.366	-21.432	155.886
128.335	-21.492	156.043
128.239	-21.319	156.047
128.135	-21.164	155.978
128.103	-21.013	155.928
128.155	-20.856	155.901
128.244	-20.626	155.839
128.308	-20.384	155.819
128.292	-20.072	155.814
128.215	-19.693	155.796
128.135	-19.265	155.782
128.084	-18.796	155.783
128.040	-18.297	155.776
128.020	-17.777	155.803
128.015	-17.250	155.834
127.995	-16.701	155.861
127.972	-16.178	155.909
127.978	-15.683	155.941
127.980	-15.269	156.005
127.965	-14.918	156.047
127.963	-14.664	156.086
127.966	-14.538	156.111
127.964	-14.558	156.121
127.964	-14.687	156.111
127.974	-14.967	156.072
127.997	-15.359	156.022
128.017	-15.867	155.943
128.057	-16.477	155.876
128.070	-17.183	155.826
128.103	-17.945	155.791
128.126	-18.722	155.756
128.122	-19.516	155.755
128.126	-20.283	155.773
128.135	-21.051	155.853
128.148	-21.618	155.929
128.229	-21.380	156.036
128.209	-21.168	156.020
128.151	-20.937	155.969
128.121	-20.720	155.914
128.169	-20.463	155.870
128.269	-20.174	155.861
128.315	-19.809	155.792
128.250	-19.415	155.784
128.146	-18.973	155.823
128.056	-18.440	155.799
128.038	-17.918	155.793
128.073	-17.336	155.805
128.062	-16.763	155.846
128.038	-16.207	155.907
127.996	-15.636	155.926
127.941	-15.136	156.016
127.907	-14.688	156.096
127.887	-14.319	156.137
127.938	-14.103	156.158
127.984	-14.058	156.155
127.988	-14.183	156.154
127.965	-14.469	156.124
127.955	-14.899	156.060
127.987	-15.426	155.979
127.983	-16.063	155.901
128.010	-16.807	155.853
128.029	-17.616	155.796
128.068	-18.467	155.753
128.085	-19.336	155.731
128.109	-20.162	155.750
128.125	-20.997	155.832
128.152	-21.648	155.915
128.270	-21.372	156.036
128.247	-21.148	156.030
128.206	-20.897	155.962
128.179	-20.663	155.902
128.233	-20.391	155.852
128.228	-20.095	155.860
128.198	-19.744	155.847
128.170	-19.336	155.801
128.167	-18.880	155.796
128.132	-18.371	155.791
128.079	-17.839	155.821
128.049	-17.262	155.841
128.049	-16.647	155.864
128.100	-16.053	155.905
128.073	-15.486	155.990
127.953	-14.958	156.094
127.853	-14.478	156.175
127.896	-14.093	156.200
127.982	-13.890	156.220
128.014	-13.940	156.192
128.035	-14.203	156.150
128.055	-14.621	156.084
128.066	-15.174	155.978
128.019	-15.839	155.899
127.997	-16.583	155.829
128.002	-17.419	155.799
127.997	-18.293	155.756
128.039	-19.229	155.752
128.097	-20.120	155.765
128.148	-20.986	155.799
128.194	-21.678	155.893
128.280	-21.386	156.014
128.224	-21.139	155.994
128.123	-20.908	155.953
128.071	-20.673	155.906
128.062	-20.426	155.891
128.115	-20.137	155.860
128.142	-19.793	155.825
128.158	-19.406	155.782
128.211	-18.992	155.807
128.200	-18.492	155.794
128.183	-17.989	155.809
128.147	-17.455	155.835
128.091	-16.920	155.868
128.051	-16.396	155.921
128.030	-15.885	155.963
128.025	-15.430	156.023
127.981	-15.047	156.082
127.953	-14.746	156.144
127.927	-14.532	156.155
127.936	-14.469	156.138
127.960	-14.560	156.117
127.941	-14.797	156.060
128.017	-15.164	155.988
128.131	-15.674	155.915
128.148	-16.304	155.900
128.077	-17.001	155.881
127.999	-17.773	155.846
128.001	-18.587	155.792
128.061	-19.428	155.773
128.143	-20.220	155.780
128.243	-21.004	155.824
128.301	-21.675	155.918
128.354	-21.453	156.028
128.241	-21.248	156.004
128.104	-21.029	155.952
128.029	-20.848	155.922
128.036	-20.619	155.890
128.085	-20.337	155.866
128.134	-20.014	155.836
128.165	-19.653	155.812
128.168	-19.199	155.771
128.155	-18.717	155.777
128.098	-18.203	155.783
128.047	-17.669	155.801
128.004	-17.137	155.861
127.964	-16.590	155.884
127.948	-16.072	155.938
127.943	-15.578	155.987
127.952	-15.171	156.051
127.961	-14.836	156.111
127.980	-14.597	156.133
127.991	-14.502	156.156
128.007	-14.538	156.126
128.001	-14.740	156.107
128.017	-15.080	156.069
128.048	-15.536	155.999
128.023	-16.089	155.923
128.011	-16.741	155.864
128.004	-17.464	155.812
128.020	-18.257	155.777
128.057	-19.072	155.757
128.108	-19.896	155.787
128.188	-20.654	155.800
128.313	-21.389	155.846
128.437	-21.579	156.005
128.384	-21.330	156.053
128.200	-21.123	156.021
128.050	-20.933	155.972
128.043	-20.769	155.916
128.125	-20.531	155.877
128.222	-20.248	155.835
128.290	-19.954	155.816
128.289	-19.556	155.763
128.223	-19.135	155.764
128.118	-18.678	155.771
128.020	-18.200	155.776
127.973	-17.704	155.811
127.941	-17.221	155.852
127.939	-16.707	155.867
127.935	-16.230	155.888
127.945	-15.808	155.941
127.974	-15.463	155.992
127.966	-15.178	156.014
127.950	-14.987	156.044
127.949	-14.931	156.046
127.956	-14.986	156.031
127.940	-15.168	156.024
127.971	-15.483	156.007
127.985	-15.895	155.940
128.010	-16.426	155.900
128.044	-17.026	155.844
128.066	-17.709	155.799
128.103	-18.441	155.772
128.138	-19.196	155.750
128.134	-19.956	155.789
128.145	-20.674	155.805
128.150	-21.365	155.859
128.223	-21.543	155.979
128.237	-21.353	156.009
128.170	-21.187	155.984
128.095	-21.012	155.952
128.079	-20.832	155.920
128.109	-20.593	155.879
128.170	-20.301	155.841
128.262	-19.982	155.830
128.316	-19.565	155.774
128.260	-19.109	155.809
128.104	-18.595	155.828
128.008	-18.032	155.824
127.986	-17.442	155.827
128.006	-16.835	155.855
128.012	-16.231	155.901
128.004	-15.645	155.931
127.994	-15.149	156.002
127.940	-14.724	156.089
127.894	-14.369	156.147
127.923	-14.170	156.162
127.935	-14.155	156.171
127.943	-14.282	156.156
127.934	-14.578	156.126
127.945	-14.989	156.046
127.966	-15.522	155.963
127.979	-16.175	155.902
128.004	-16.910	155.837
128.016	-17.710	155.798
128.057	-18.556	155.747
128.066	-19.431	155.745
128.088	-20.259	155.754
128.099	-21.084	155.827
128.143	-21.702	155.933
128.255	-21.404	156.038
128.227	-21.163	156.025
128.166	-20.894	155.967
128.132	-20.670	155.933
128.172	-20.390	155.873
128.197	-20.092	155.876
128.210	-19.725	155.826
128.231	-19.316	155.780
128.200	-18.883	155.798
128.129	-18.373	155.787
128.053	-17.840	155.795
128.011	-17.320	155.859
127.979	-16.758	155.895
127.960	-16.197	155.926
127.963	-15.668	155.982
128.024	-15.179	156.018
128.072	-14.803	156.072
127.987	-14.527	156.160
127.889	-14.340	156.172
127.863	-14.307	156.169
127.885	-14.406	156.135
127.954	-14.670	156.093
128.010	-15.087	156.024
128.065	-15.633	155.944
128.084	-16.283	155.875
128.063	-17.017	155.844
128.012	-17.816	155.783
128.037	-18.663	155.757
128.074	-19.542	155.758
128.103	-20.366	155.769
128.134	-21.192	155.832
128.181	-21.699	155.954
128.247	-21.398	156.029
128.175	-21.170	155.994
128.092	-20.941	155.940
128.049	-20.712	155.899
128.072	-20.450	155.875
128.120	-20.165	155.851
128.130	-19.822	155.828
128.145	-19.430	155.792
128.164	-18.984	155.791
128.147	-18.494	155.787
128.122	-18.011	155.820
128.085	-17.484	155.829
128.054	-16.980	155.875
128.029	-16.495	155.923
128.002	-16.026	155.964
128.022	-15.600	156.002
128.039	-15.273	156.048
127.999	-15.025	156.095
127.943	-14.855	156.108
127.936	-14.819	156.089
127.950	-14.929	156.073
127.943	-15.173	156.028
127.971	-15.553	155.976
127.993	-16.042	155.934
128.086	-16.613	155.857
128.176	-17.267	155.799
128.155	-18.013	155.812
128.085	-18.776	155.797
128.011	-19.583	155.811
128.015	-20.383	155.826
128.090	-21.135	155.849
128.202	-21.707	155.916
128.333	-21.478	156.029
128.301	-21.267	155.977
128.189	-21.063	155.939
128.068	-20.873	155.902
128.043	-20.663	155.886
128.049	-20.405	155.867
128.083	-20.091	155.835
128.116	-19.756	155.833
128.127	-19.356	155.801
128.121	-18.887	155.773
128.081	-18.406	155.772
128.046	-17.921	155.800
128.000	-17.388	155.826
127.958	-16.873	155.877
127.923	-16.348	155.900
127.915	-15.859	155.943
127.921	-15.451	156.015
127.921	-15.096	156.064
127.937	-14.815	156.100
127.956	-14.668	156.135
127.973	-14.677	156.152
127.979	-14.791	156.117
127.973	-15.045	156.074
128.002	-15.431	156.019
127.990	-15.917	155.954
127.999	-16.525	155.895
128.025	-17.207	155.846
128.008	-17.942	155.781
128.030	-18.737	155.761
128.026	-19.523	155.767
128.055	-20.295	155.786
128.081	-21.048	155.821
128.163	-21.678	155.914
128.302	-21.473	156.014
128.396	-21.303	155.975
128.318	-21.088	155.940
128.167	-20.893	155.943
128.061	-20.693	155.943
128.042	-20.426	155.893
128.099	-20.133	155.849
128.166	-19.795	155.827
128.202	-19.367	155.761
128.212	-18.920	155.764
128.114	-18.433	155.769
128.009	-17.914	155.786
127.931	-17.375	155.816
127.894	-16.852	155.868
127.858	-16.308	155.894
127.885	-15.820	155.933
127.898	-15.403	155.976
127.905	-15.059	156.041
127.912	-14.804	156.092
127.911	-14.668	156.104
127.923	-14.681	156.099
127.921	-14.816	156.087
127.921	-15.104	156.055
127.947	-15.512	156.000
127.954	-16.027	155.944
127.982	-16.648	155.879
128.008	-17.330	155.817
128.030	-18.090	155.770
128.064	-18.904	155.764
128.092	-19.700	155.777
128.119	-20.461	155.788
128.138	-21.204	155.847
128.182	-21.692	155.943
128.288	-21.446	156.032
128.223	-21.252	155.991
128.118	-21.051	155.959
128.055	-20.854	155.911
128.076	-20.643	155.898
128.110	-20.330	155.852
128.148	-20.021	155.851
128.168	-19.628	155.811
128.265	-19.160	155.774
128.242	-18.654	155.791
128.114	-18.073	155.812
127.949	-17.452	155.837
127.891	-16.846	155.892
127.879	-16.190	155.908
127.916	-15.552	155.947
127.938	-15.009	156.027
127.966	-14.557	156.111
127.981	-14.198	156.136
127.974	-14.019	156.178
127.937	-14.052	156.195
127.929	-14.234	156.167
127.916	-14.589	156.137
127.920	-15.058	156.060
127.944	-15.642	155.962
127.975	-16.335	155.878
128.010	-17.115	155.815
128.016	-17.960	155.767
128.050	-18.840	155.727
128.061	-19.742	155.762
128.066	-20.586	155.777
128.056	-21.408	155.843
128.129	-21.651	155.984
128.191	-21.367	156.032
128.134	-21.110	155.988
128.084	-20.853	155.935
128.074	-20.622	155.906
128.116	-20.321	155.852
128.167	-20.004	155.838
128.204	-19.659	155.826
128.207	-19.216	155.778
128.191	-18.775	155.813
128.151	-18.267	155.812
128.080	-17.724	155.820
128.026	-17.202	155.864
127.965	-16.672	155.915
127.918	-16.160	155.978
127.893	-15.651	156.014
127.882	-15.229	156.058
127.884	-14.877	156.098
127.917	-14.635	156.131
128.017	-14.510	156.097
128.042	-14.568	156.078
127.947	-14.788	156.075
127.876	-15.124	156.037
127.870	-15.584	155.971
127.915	-16.142	155.905
127.986	-16.803	155.871
128.057	-17.528	155.819
128.124	-18.312	155.756
128.149	-19.134	155.733
128.108	-19.979	155.780
128.060	-20.782	155.819
128.053	-21.543	155.880
128.138	-21.650	156.027
128.167	-21.373	156.021
128.105	-21.155	155.993
128.035	-20.913	155.923
128.022	-20.705	155.903
128.051	-20.423	155.861
128.081	-20.098	155.824
128.104	-19.758	155.821
128.093	-19.353	155.796
128.088	-18.888	155.780
128.056	-18.375	155.777
128.039	-17.840	155.795
128.022	-17.285	155.835
127.995	-16.733	155.892
127.969	-16.175	155.936
127.957	-15.646	155.989
127.961	-15.176	156.052
127.975	-14.794	156.123
127.992	-14.497	156.162
127.979	-14.342	156.181
127.941	-14.337	156.176
127.907	-14.500	156.156
127.915	-14.821	156.106
127.940	-15.263	156.030
127.939	-15.821	155.957
127.968	-16.495	155.894
128.030	-17.225	155.839
128.155	-18.021	155.759
128.194	-18.853	155.727
128.142	-19.713	155.784
128.048	-20.553	155.847
128.006	-21.348	155.868
128.077	-21.734	156.004
128.198	-21.466	156.049
128.207	-21.264	155.985
128.184	-21.063	155.945
128.121	-20.842	155.884
128.093	-20.590	155.854
128.083	-20.292	155.819
128.061	-19.961	155.819
128.050	-19.595	155.807
128.068	-19.172	155.795
128.072	-18.706	155.782
128.045	-18.221	155.758
128.006	-17.756	155.792
127.964	-17.278	155.836
127.925	-16.820	155.888
127.890	-16.364	155.915
127.878	-15.958	155.964
127.892	-15.605	155.983
127.906	-15.363	156.032
127.894	-15.184	156.055
127.910	-15.112	156.039
127.928	-15.173	156.028
127.944	-15.364	156.012
127.966	-15.666	155.973
127.991	-16.091	155.934
127.995	-16.601	155.868
128.015	-17.235	155.861
128.010	-17.900	155.811
128.029	-18.602	155.776
128.034	-19.365	155.774
128.041	-20.089	155.773
128.057	-20.813	155.805
128.065	-21.499	155.882
128.131	-21.644	155.997
128.185	-21.442	156.025
128.146	-21.251	155.967
128.126	-21.063	155.929
128.194	-20.863	155.877
128.252	-20.606	155.844
128.193	-20.289	155.820
128.093	-19.980	155.867
128.030	-19.566	155.840
128.053	-19.094	155.790
128.088	-18.581	155.775
128.081	-18.013	155.781
128.044	-17.425	155.798
128.012	-16.823	155.852
127.927	-16.193	155.898
127.867	-15.567	155.945
127.841	-15.012	156.029
127.842	-14.558	156.140
127.911	-14.191	156.173
127.952	-14.035	156.203
127.966	-14.077	156.177
127.948	-14.324	156.183
127.930	-14.699	156.127
127.928	-15.199	156.034
127.927	-15.824	155.945
127.935	-16.540	155.859
127.963	-17.332	155.800
127.994	-18.200	155.758
128.021	-19.088	155.721
128.047	-19.962	155.740
128.050	-20.813	155.788
128.086	-21.613	155.873
128.200	-21.587	156.014
128.228	-21.321	156.054
128.179	-21.063	155.992
128.147	-20.797	155.922
128.158	-20.538	155.866
128.131	-20.224	155.843
128.106	-19.888	155.836
128.100	-19.498	155.805
128.102	-19.060	155.793
128.085	-18.559	155.794
128.050	-18.034	155.827
128.014	-17.440	155.828
128.065	-16.824	155.837
128.069	-16.231	155.902
127.969	-15.618	155.981
127.838	-15.058	156.092
127.771	-14.538	156.170
127.889	-14.166	156.196
127.987	-14.013	156.228
127.993	-14.126	156.200
128.013	-14.418	156.132
128.008	-14.887	156.077
127.995	-15.442	155.975
127.932	-16.130	155.905
127.927	-16.909	155.860
127.932	-17.734	155.809
127.957	-18.621	155.757
128.005	-19.550	155.766
128.062	-20.428	155.759
128.104	-21.292	155.814
128.163	-21.781	155.945
128.211	-21.477	156.027
128.133	-21.234	155.975
128.042	-21.026	155.947
127.983	-20.817	155.895
127.996	-20.613	155.873
128.042	-20.345	155.847
128.090	-20.040	155.834
128.131	-19.693	155.809
128.134	-19.267	155.779
128.155	-18.826	155.800
128.136	-18.361	155.802
128.078	-17.874	155.828
128.027	-17.374	155.863
127.994	-16.892	155.913
127.981	-16.416	155.930
127.950	-15.976	155.978
127.912	-15.604	156.012
127.895	-15.309	156.059
127.879	-15.096	156.073
127.880	-15.004	156.073
127.889	-15.040	156.039
127.916	-15.194	155.992
128.003	-15.512	155.958
128.093	-15.961	155.919
128.062	-16.510	155.903
127.965	-17.142	155.901
127.917	-17.812	155.847
127.942	-18.552	155.793
128.001	-19.327	155.768
128.099	-20.088	155.779
128.185	-20.818	155.789
128.226	-21.526	155.850
128.231	-21.693	155.999
128.178	-21.490	156.027
128.056	-21.297	155.971
127.987	-21.108	155.936
127.985	-20.910	155.895
128.041	-20.686	155.880
128.080	-20.384	155.834
128.097	-20.048	155.824
128.103	-19.662	155.822
128.090	-19.177	155.778
128.063	-18.664	155.777
128.002	-18.108	155.784
127.970	-17.520	155.810
127.924	-16.936	155.876
127.889	-16.324	155.922
127.900	-15.713	155.963
127.907	-15.194	156.050
127.921	-14.759	156.139
127.920	-14.384	156.174
127.980	-14.179	156.194
128.006	-14.170	156.204
127.985	-14.312	156.183
127.985	-14.633	156.140
127.969	-15.075	156.071
127.928	-15.603	155.966
127.916	-16.276	155.905
127.931	-17.030	155.856
127.960	-17.836	155.793
128.008	-18.685	155.751
128.059	-19.561	155.753
128.147	-20.377	155.770
128.267	-21.182	155.811
128.322	-21.801	155.933
128.313	-21.523	156.065
128.161	-21.317	156.044
128.018	-21.124	155.991
127.995	-20.925	155.922
128.057	-20.728	155.913
128.147	-20.430	155.837
128.222	-20.128	155.816
128.207	-19.748	155.784
128.133	-19.309	155.766
128.033	-18.845	155.779
127.971	-18.339	155.782
127.926	-17.825	155.802
127.907	-17.314	155.832
127.893	-16.822	155.876
127.873	-16.319	155.907
127.882	-15.873	155.954
127.887	-15.491	155.993
127.892	-15.212	156.042
127.885	-14.993	156.056
127.888	-14.920	156.067
127.884	-14.969	156.046
127.894	-15.167	156.045
127.915	-15.475	156.002
127.927	-15.928	155.976
127.940	-16.469	155.917
127.973	-17.085	155.866
128.004	-17.774	155.805
128.051	-18.539	155.783
128.057	-19.310	155.755
128.080	-20.075	155.771
128.078	-20.827	155.809
128.084	-21.530	155.863
128.152	-21.679	156.002
128.164	-21.458	156.012
128.098	-21.273	155.965
128.035	-21.097	155.932
128.007	-20.915	155.907
128.048	-20.673	155.864
128.113	-20.390	155.837
128.208	-20.062	155.828
128.270	-19.639	155.786
128.211	-19.174	155.803
128.058	-18.639	155.826
127.955	-18.064	155.832
127.942	-17.430	155.823
127.957	-16.802	155.881
127.952	-16.137	155.911
127.951	-15.508	155.952
127.924	-14.964	156.032
127.877	-14.498	156.134
127.900	-14.147	156.184
127.896	-14.025	156.226
127.881	-14.160	156.184
127.886	-14.462	156.151
127.882	-14.901	156.073
127.917	-15.461	155.984
127.913	-16.141	155.902
127.929	-16.914	155.851
127.954	-17.739	155.777
127.976	-18.622	155.739
127.997	-19.527	155.747
128.017	-20.388	155.752
128.030	-21.236	155.813
128.069	-21.823	155.943
128.175	-21.499	156.035
128.156	-21.254	156.020
128.078	-21.000	155.961
128.056	-20.790	155.916
128.089	-20.572	155.886
128.136	-20.288	155.834
128.173	-20.007	155.833
128.204	-19.690	155.809
128.175	-19.286	155.774
128.126	-18.887	155.805
128.022	-18.447	155.805
127.968	-18.008	155.822
127.937	-17.555	155.852
127.914	-17.106	155.889
127.906	-16.661	155.932
127.944	-16.227	155.958
128.028	-15.870	155.970
127.992	-15.585	156.020
127.900	-15.384	156.053
127.824	-15.243	156.051
127.824	-15.223	156.024
127.884	-15.309	155.986
127.918	-15.513	155.961
127.979	-15.871	155.933
128.028	-16.342	155.899
128.023	-16.888	155.854
127.975	-17.515	155.811
127.959	-18.198	155.783
127.971	-18.949	155.778
127.986	-19.694	155.780
128.016	-20.452	155.804
128.052	-21.181	155.832
128.086	-21.814	155.903
128.172	-21.620	155.996
128.140	-21.428	155.969
128.070	-21.221	155.939
128.012	-21.032	155.898
127.999	-20.836	155.883
128.019	-20.581	155.861
128.034	-20.293	155.838
128.061	-19.954	155.836
128.082	-19.546	155.816
128.091	-19.095	155.811
128.083	-18.590	155.798
128.056	-18.072	155.814
128.022	-17.524	155.841
127.998	-16.990	155.902
127.981	-16.440	155.922
127.968	-15.932	155.978
127.923	-15.488	156.051
127.880	-15.078	156.072
127.863	-14.804	156.131
127.873	-14.644	156.160
127.878	-14.608	156.139
127.873	-14.706	156.101
127.895	-14.975	156.073
128.025	-15.373	155.996
128.032	-15.895	155.928
127.963	-16.539	155.907
127.890	-17.250	155.877
127.890	-18.014	155.798
127.946	-18.838	155.768
128.030	-19.658	155.778
128.104	-20.439	155.763
128.177	-21.225	155.815
128.214	-21.845	155.920
128.220	-21.602	156.025
128.112	-21.409	155.997
128.000	-21.194	155.963
127.952	-20.989	155.927
127.964	-20.767	155.890
128.021	-20.503	155.877
128.071	-20.165	155.809
128.096	-19.814	155.807
128.097	-19.404	155.777
128.077	-18.944	155.754
128.028	-18.486	155.784
127.961	-18.016	155.798
127.917	-17.525	155.819
127.885	-17.064	155.869
127.876	-16.620	155.923
127.880	-16.197	155.956
127.906	-15.844	155.994
127.938	-15.567	156.022
127.951	-15.378	156.037
127.959	-15.277	156.038
127.969	-15.312	156.037
127.983	-15.478	156.020
127.968	-15.727	155.963
127.954	-16.115	155.950
127.931	-16.618	155.911
127.941	-17.185	155.862
127.960	-17.815	155.799
128.004	-18.509	155.779
128.031	-19.231	155.757
128.107	-19.958	155.782
128.225	-20.636	155.759
128.260	-21.314	155.840
128.199	-21.829	155.953
128.149	-21.639	156.062
128.054	-21.507	156.016
128.021	-21.347	155.934
128.033	-21.213	155.902
128.103	-21.046	155.882
128.160	-20.833	155.834
128.188	-20.583	155.804
128.131	-20.264	155.784
128.054	-19.932	155.803
127.985	-19.556	155.792
127.942	-19.164	155.804
127.930	-18.719	155.803
127.917	-18.240	155.785
127.910	-17.794	155.819
127.905	-17.329	155.849
127.910	-16.887	155.891
127.896	-16.473	155.914
127.893	-16.105	155.949
127.891	-15.790	155.954
127.894	-15.563	155.988
127.887	-15.429	155.992
127.895	-15.414	156.028
127.906	-15.476	156.016
127.908	-15.662	156.013
127.920	-15.961	155.996
127.944	-16.353	155.950
127.974	-16.846	155.899
127.983	-17.414	155.828
127.995	-18.051	155.780
128.011	-18.737	155.764
128.016	-19.445	155.771
128.016	-20.142	155.780
128.015	-20.839	155.815
128.019	-21.493	155.858
128.094	-21.741	155.966
128.180	-21.517	155.998
128.152	-21.291	155.962
128.117	-21.077	155.926
128.156	-20.888	155.901
128.226	-20.615	155.829
128.185	-20.320	155.821
128.071	-20.000	155.843
128.006	-19.638	155.837
128.008	-19.203	155.804
128.034	-18.723	155.775
128.032	-18.212	155.779
128.011	-17.682	155.806
127.977	-17.160	155.860
127.899	-16.588	155.890
127.839	-16.021	155.934
127.804	-15.489	155.988
127.801	-15.047	156.042
127.807	-14.696	156.108
127.838	-14.451	156.156
127.876	-14.366	156.153
127.880	-14.433	156.138
127.863	-14.657	156.114
127.864	-15.036	156.061
127.873	-15.535	155.993
127.880	-16.140	155.930
127.908	-16.841	155.865
127.929	-17.608	155.795
127.966	-18.432	155.745
127.999	-19.303	155.735
128.025	-20.135	155.762
128.039	-20.930	155.798
128.069	-21.708	155.895
128.173	-21.659	156.008
128.206	-21.395	156.017
128.187	-21.146	155.975
128.120	-20.868	155.912
128.062	-20.616	155.903
128.038	-20.307	155.870
128.051	-19.961	155.830
128.059	-19.572	155.808
128.061	-19.145	155.792
128.055	-18.639	155.768
128.026	-18.127	155.796
128.081	-17.566	155.789
128.046	-17.019	155.851
127.917	-16.440	155.936
127.803	-15.869	156.012
127.750	-15.324	156.072
127.782	-14.819	156.097
127.837	-14.423	156.162
127.909	-14.217	156.204
127.978	-14.168	156.169
127.992	-14.310	156.142
127.917	-14.620	156.112
127.862	-15.071	156.046
127.845	-15.623	155.968
127.849	-16.309	155.928
127.885	-17.056	155.877
127.924	-17.873	155.792
127.985	-18.748	155.747
128.036	-19.636	155.743
128.069	-20.478	155.732
128.053	-21.312	155.806
128.076	-21.886	155.939
128.133	-21.586	156.041
128.079	-21.343	156.001
127.991	-21.111	155.955
127.962	-20.886	155.908
127.986	-20.645	155.874
128.051	-20.342	155.838
128.086	-19.997	155.826
128.116	-19.625	155.809
128.150	-19.194	155.791
128.140	-18.715	155.779
128.076	-18.244	155.815
128.028	-17.751	155.835
127.983	-17.284	155.872
127.938	-16.825	155.910
127.885	-16.395	155.962
127.851	-15.992	155.992
127.842	-15.680	156.039
127.856	-15.441	156.063
127.864	-15.273	156.042
127.883	-15.239	156.042
127.979	-15.330	155.974
128.038	-15.579	155.946
127.981	-15.970	155.965
127.893	-16.457	155.954
127.858	-17.002	155.913
127.884	-17.609	155.840
127.957	-18.267	155.777
128.032	-19.033	155.775
128.117	-19.772	155.774
128.144	-20.489	155.761
128.108	-21.224	155.833
128.054	-21.844	155.891
128.099	-21.687	155.995
128.065	-21.510	156.003
128.002	-21.303	155.947
127.984	-21.110	155.895
127.998	-20.909	155.868
128.026	-20.679	155.852
128.045	-20.392	155.830
128.059	-20.066	155.823
128.057	-19.661	155.805
128.030	-19.198	155.771
127.998	-18.722	155.789
127.953	-18.193	155.805
127.945	-17.641	155.834
127.922	-17.072	155.877
127.896	-16.494	155.928
127.893	-15.925	155.976
127.900	-15.442	156.047
127.901	-15.003	156.087
127.899	-14.663	156.151
127.907	-14.453	156.176
127.930	-14.396	156.181
127.914	-14.498	156.172
127.879	-14.731	156.131
127.850	-15.116	156.068
127.847	-15.615	155.993
127.869	-16.242	155.940
127.893	-16.931	155.857
127.931	-17.710	155.793
128.011	-18.521	155.750
128.155	-19.356	155.717
128.201	-20.175	155.742
128.131	-20.998	155.874
128.025	-21.740	155.931
128.054	-21.692	156.055
128.084	-21.456	156.050
128.080	-21.206	155.973
128.075	-20.973	155.920
128.086	-20.741	155.890
128.113	-20.420	155.814
128.096	-20.093	155.811
128.045	-19.699	155.784
128.003	-19.284	155.789
127.962	-18.794	155.789
127.933	-18.291	155.794
127.915	-17.773	155.799
127.906	-17.265	155.833
127.881	-16.761	155.882
127.845	-16.270	155.923
127.838	-15.812	155.968
127.834	-15.424	156.003
127.834	-15.124	156.055
127.829	-14.921	156.079
127.838	-14.849	156.086
127.843	-14.914	156.083
127.848	-15.102	156.062
127.891	-15.441	156.025
127.914	-15.903	155.969
127.932	-16.467	155.913
127.962	-17.106	155.870
127.981	-17.815	155.809
128.005	-18.586	155.780
128.005	-19.394	155.773
128.021	-20.164	155.778
128.014	-20.921	155.810
128.032	-21.636	155.868
128.095	-21.773	156.013
128.104	-21.540	156.031
128.034	-21.348	155.986
128.006	-21.124	155.924
128.001	-20.905	155.887
128.069	-20.636	155.860
128.191	-20.306	155.824
128.205	-19.930	155.815
128.112	-19.476	155.810
127.994	-18.993	155.825
127.948	-18.413	155.805
127.943	-17.827	155.795
127.969	-17.226	155.832
127.951	-16.614	155.875
127.924	-16.000	155.915
127.873	-15.445	155.974
127.817	-14.946	156.055
127.793	-14.536	156.151
127.830	-14.270	156.186
127.867	-14.177	156.209
127.874	-14.258	156.182
127.875	-14.514	156.161
127.865	-14.906	156.086
127.882	-15.412	155.991
127.871	-16.049	155.937
127.896	-16.783	155.885
127.908	-17.570	155.816
127.942	-18.413	155.748
127.970	-19.311	155.739
128.001	-20.177	155.742
128.008	-21.022	155.808
128.028	-21.789	155.881
128.137	-21.676	156.018
128.157	-21.426	156.032
128.104	-21.183	155.975
128.068	-20.921	155.896
128.097	-20.695	155.890
128.127	-20.370	155.834
128.117	-20.033	155.824
128.072	-19.651	155.824
128.051	-19.213	155.800
128.038	-18.698	155.804
127.992	-18.164	155.818
127.954	-17.598	155.832
127.922	-17.012	155.889
127.970	-16.406	155.896
127.985	-15.832	155.949
127.906	-15.301	156.051
127.787	-14.836	156.146
127.752	-14.425	156.189
127.829	-14.204	156.206
127.901	-14.166	156.202
127.931	-14.349	156.195
127.948	-14.669	156.111
127.952	-15.151	156.020
127.932	-15.737	155.921
127.897	-16.456	155.881
127.888	-17.233	155.830
127.886	-18.083	155.775
127.915	-18.993	155.765
127.961	-19.896	155.775
128.002	-20.756	155.792
128.058	-21.602	155.854
128.137	-21.808	155.992
128.145	-21.533	156.028
128.062	-21.311	155.973
127.971	-21.083	155.933
127.943	-20.873	155.905
127.970	-20.608	155.870
128.014	-20.316	155.851
128.037	-19.969	155.818
128.052	-19.572	155.800
128.081	-19.126	155.806
128.073	-18.617	155.787
128.053	-18.134	155.811
127.998	-17.639	155.843
127.952	-17.152	155.896
127.920	-16.681	155.923
127.913	-16.238	155.965
127.877	-15.864	156.019
127.860	-15.548	156.029
127.835	-15.339	156.079
127.819	-15.212	156.067
127.848	-15.237	156.047
127.850	-15.370	156.000
127.877	-15.633	155.959
127.991	-16.038	155.909
128.048	-16.558	155.867
127.987	-17.168	155.878
127.894	-17.835	155.861
127.866	-18.539	155.813
127.916	-19.318	155.787
127.982	-20.063	155.787
128.064	-20.817	155.822
128.145	-21.510	155.837
128.214	-21.868	155.973
128.186	-21.634	156.013
128.065	-21.467	155.984
127.938	-21.260	155.942
127.911	-21.082	155.915
127.927	-20.841	155.872
127.973	-20.581	155.854
128.030	-20.271	155.819
128.048	-19.911	155.825
128.053	-19.463	155.789
128.026	-18.977	155.780
127.989	-18.435	155.780
127.926	-17.879	155.808
127.897	-17.294	155.847
127.851	-16.709	155.902
127.839	-16.127	155.968
127.840	-15.559	155.999
127.846	-15.090	156.069
127.863	-14.710	156.157
127.881	-14.430	156.177
127.935	-14.327	156.181
127.919	-14.397	156.179
127.921	-14.615	156.139
127.921	-15.008	156.095
127.878	-15.492	156.009
127.855	-16.107	155.950
127.879	-16.823	155.903
127.902	-17.587	155.815
127.936	-18.410	155.758
127.983	-19.283	155.747
128.071	-20.128	155.763
128.188	-20.908	155.767
128.226	-21.674	155.869
128.229	-21.783	156.051
128.112	-21.551	156.082
127.991	-21.388	156.031
127.955	-21.186	155.940
127.994	-20.993	155.902
128.067	-20.761	155.876
128.143	-20.442	155.799
128.147	-20.104	155.786
128.093	-19.709	155.799
128.010	-19.230	155.775
127.932	-18.747	155.801
127.890	-18.211	155.794
127.872	-17.685	155.817
127.858	-17.147	155.847
127.842	-16.629	155.898
127.835	-16.138	155.947
127.836	-15.681	155.971
127.835	-15.332	156.030
127.829	-15.052	156.063
127.821	-14.888	156.078
127.829	-14.867	156.075
127.826	-14.976	156.058
127.837	-15.234	156.056
127.859	-15.607	156.008
127.880	-16.130	155.986
127.896	-16.702	155.909
127.929	-17.352	155.825
127.957	-18.092	155.766
127.985	-18.918	155.786
128.005	-19.690	155.773
128.006	-20.465	155.804
128.022	-21.212	155.844
128.020	-21.856	155.911
128.105	-21.694	156.031
128.080	-21.505	156.014
128.016	-21.298	155.958
127.963	-21.098	155.920
127.971	-20.896	155.898
128.015	-20.629	155.858
128.075	-20.314	155.832
128.189	-19.940	155.802
128.208	-19.476	155.766
128.125	-18.965	155.794
127.952	-18.397	155.821
127.871	-17.809	155.842
127.875	-17.175	155.849
127.883	-16.555	155.901
127.894	-15.905	155.925
127.894	-15.347	155.983
127.859	-14.863	156.057
127.827	-14.476	156.151
127.826	-14.246	156.201
127.836	-14.198	156.182
127.839	-14.347	156.172
127.835	-14.660	156.139
127.833	-15.104	156.052
127.865	-15.662	155.957
127.858	-16.341	155.887
127.892	-17.103	155.830
127.906	-17.934	155.782
127.919	-18.805	155.747
127.949	-19.696	155.752
127.966	-20.558	155.770
127.980	-21.385	155.816
128.032	-21.929	155.973
128.125	-21.606	156.058
128.086	-21.354	156.010
128.027	-21.097	155.962
128.016	-20.877	155.924
128.047	-20.621	155.887
128.107	-20.300	155.842
128.127	-19.948	155.820
128.136	-19.539	155.793
128.082	-19.077	155.807
128.003	-18.559	155.812
127.940	-18.022	155.813
127.908	-17.453	155.848
127.884	-16.899	155.907
127.844	-16.327	155.954
127.858	-15.773	155.998
127.947	-15.285	156.028
127.916	-14.906	156.110
127.828	-14.619	156.189
127.767	-14.432	156.194
127.775	-14.430	156.172
127.810	-14.585	156.130
127.842	-14.895	156.080
127.900	-15.359	156.011
127.939	-15.943	155.917
127.949	-16.625	155.852
127.926	-17.392	155.817
127.913	-18.218	155.770
127.909	-19.101	155.754
127.930	-19.992	155.787
127.957	-20.832	155.801
128.001	-21.647	155.855
128.105	-21.844	156.003
128.128	-21.552	156.029
128.053	-21.303	155.969
127.958	-21.041	155.916
127.931	-20.812	155.880
127.948	-20.541	155.864
127.974	-20.220	155.841
128.000	-19.859	155.815
128.023	-19.452	155.792
128.030	-19.009	155.807
128.026	-18.513	155.805
127.997	-18.019	155.814
127.961	-17.515	155.847
127.923	-17.039	155.903
127.898	-16.582	155.952
127.890	-16.141	155.983
127.914	-15.775	156.007
127.896	-15.504	156.047
127.857	-15.315	156.095
127.824	-15.199	156.070
127.829	-15.241	156.054
127.830	-15.407	156.019
127.839	-15.697	155.971
127.875	-16.133	155.951
127.945	-16.640	155.890
128.045	-17.232	155.825
128.041	-17.913	155.821
127.963	-18.657	155.846
127.899	-19.414	155.809
127.912	-20.202	155.830
127.967	-20.927	155.823
128.044	-21.645	155.870
128.171	-21.868	155.983
128.219	-21.627	155.985
128.136	-21.435	155.935
128.000	-21.248	155.916
127.918	-21.060	155.884
127.913	-20.835	155.852
127.944	-20.583	155.840
127.984	-20.297	155.844
128.016	-19.931	155.818
128.021	-19.524	155.803
128.004	-19.057	155.781
127.970	-18.562	155.784
127.914	-18.041	155.793
127.872	-17.506	155.826
127.828	-16.986	155.885
127.802	-16.455	155.921
127.813	-15.981	155.981
127.834	-15.549	156.026
127.843	-15.190	156.070
127.848	-14.942	156.112
127.857	-14.820	156.127
127.871	-14.821	156.117
127.863	-14.965	156.086
127.892	-15.258	156.073
127.888	-15.676	156.024
127.899	-16.203	155.954
127.925	-16.833	155.890
127.905	-17.516	155.813
127.898	-18.283	155.779
127.900	-19.103	155.778
127.946	-19.903	155.795
127.985	-20.678	155.806
128.036	-21.417	155.841
128.161	-21.953	155.963
128.336	-21.724	156.006
128.298	-21.527	155.985
128.110	-21.315	155.963
127.969	-21.144	155.953
127.934	-20.934	155.884
127.991	-20.694	155.849
128.083	-20.377	155.808
128.149	-20.036	155.801
128.128	-19.636	155.788
128.042	-19.159	155.759
127.934	-18.673	155.764
127.868	-18.166	155.785
127.804	-17.661	155.823
127.799	-17.141	155.857
127.788	-16.656	155.910
127.783	-16.197	155.941
127.799	-15.810	156.000
127.808	-15.492	156.026
127.819	-15.230	156.038
127.824	-15.117	156.047
127.839	-15.129	156.045
127.837	-15.256	156.021
127.837	-15.525	156.009
127.844	-15.936	155.998
127.859	-16.435	155.950
127.879	-17.002	155.877
127.918	-17.662	155.817
127.933	-18.382	155.784
127.958	-19.155	155.765
127.994	-19.919	155.777
128.008	-20.662	155.800
128.016	-21.361	155.823
128.048	-21.926	155.936
128.115	-21.698	156.031
128.091	-21.505	155.979
128.010	-21.297	155.935
127.940	-21.126	155.906
127.945	-20.911	155.884
127.975	-20.660	155.864
128.013	-20.367	155.840
128.060	-19.995	155.821
128.157	-19.583	155.790
128.155	-19.086	155.760
128.028	-18.564	155.810
127.863	-17.998	155.849
127.797	-17.400	155.868
127.801	-16.776	155.904
127.822	-16.163	155.947
127.855	-15.573	155.977
127.877	-15.111	156.048
127.859	-14.714	156.120
127.835	-14.428	156.152
127.835	-14.339	156.185
127.818	-14.378	156.156
127.814	-14.616	156.143
127.795	-14.983	156.079
127.822	-15.477	156.016
127.842	-16.087	155.950
127.877	-16.784	155.873
127.881	-17.552	155.797
127.915	-18.381	155.736
127.929	-19.268	155.730
127.941	-20.134	155.754
127.944	-20.975	155.796
127.946	-21.755	155.854
128.067	-21.800	155.999
128.096	-21.535	156.031
128.056	-21.277	155.980
128.004	-21.016	155.921
128.004	-20.797	155.900
128.038	-20.500	155.858
128.085	-20.159	155.813
128.094	-19.802	155.815
128.079	-19.386	155.785
128.059	-18.923	155.801
128.019	-18.428	155.807
127.942	-17.915	155.824
127.884	-17.385	155.852
127.825	-16.886	155.925
127.790	-16.379	155.969
127.794	-15.895	156.009
127.800	-15.475	156.050
127.846	-15.121	156.062
127.935	-14.905	156.059
127.913	-14.826	156.078
127.819	-14.882	156.106
127.743	-15.052	156.078
127.755	-15.359	156.037
127.818	-15.789	155.983
127.864	-16.320	155.923
127.946	-16.961	155.872
128.002	-17.667	155.797
128.001	-18.453	155.763
127.958	-19.286	155.771
127.947	-20.096	155.782
127.948	-20.886	155.796
127.964	-21.658	155.865
128.048	-21.921	156.009
128.088	-21.659	156.041
128.007	-21.443	155.980
127.942	-21.208	155.918
127.919	-21.004	155.877
127.955	-20.759	155.867
127.989	-20.457	155.833
127.990	-20.130	155.830
128.001	-19.744	155.822
128.003	-19.301	155.799
127.978	-18.826	155.820
127.954	-18.292	155.799
127.942	-17.765	155.838
127.912	-17.252	155.884
127.881	-16.726	155.921
127.868	-16.232	155.979
127.879	-15.766	156.017
127.914	-15.399	156.070
127.890	-15.095	156.094
127.834	-14.895	156.112
127.815	-14.868	156.139
127.802	-14.939	156.087
127.812	-15.189	156.083
127.824	-15.555	156.016
127.845	-16.051	155.980
127.884	-16.629	155.909
128.011	-17.274	155.816
128.027	-18.025	155.778
127.960	-18.825	155.795
127.882	-19.645	155.803
127.865	-20.454	155.814
127.930	-21.241	155.838
127.997	-21.944	155.908
128.150	-21.798	156.034
128.165	-21.568	155.987
128.094	-21.341	155.931
127.987	-21.122	155.891
127.918	-20.904	155.872
127.912	-20.620	155.851
127.927	-20.311	155.838
127.955	-19.950	155.812
127.992	-19.545	155.815
128.000	-19.066	155.788
127.981	-18.570	155.785
127.920	-18.050	155.780
127.886	-17.522	155.813
127.822	-17.006	155.866
127.788	-16.502	155.925
127.776	-16.014	155.974
127.769	-15.598	156.017
127.792	-15.249	156.065
127.797	-14.997	156.084
127.809	-14.878	156.111
127.829	-14.892	156.099
127.839	-15.047	156.083
127.873	-15.355	156.055
127.876	-15.778	155.989
127.882	-16.323	155.946
127.900	-16.948	155.882
127.923	-17.664	155.828
127.925	-18.408	155.762
127.908	-19.232	155.758
127.918	-20.035	155.782
127.942	-20.800	155.808
127.983	-21.538	155.845
128.071	-21.916	155.988
128.146	-21.673	156.029
128.213	-21.469	155.946
128.198	-21.255	155.916
128.092	-21.048	155.912
127.982	-20.793	155.902
127.935	-20.513	155.876
127.946	-20.184	155.835
128.009	-19.804	155.824
128.067	-19.345	155.776
128.093	-18.846	155.761
128.011	-18.293	155.761
127.898	-17.740	155.804
127.811	-17.153	155.842
127.755	-16.575	155.904
127.730	-16.015	155.977
127.742	-15.498	156.039
127.767	-15.059	156.076
127.783	-14.738	156.143
127.809	-14.527	156.155
127.846	-14.508	156.155
127.820	-14.639	156.143
127.811	-14.927	156.079
127.817	-15.367	156.034
127.812	-15.937	155.986
127.835	-16.582	155.903
127.859	-17.310	155.838
127.884	-18.114	155.769
127.911	-18.976	155.743
127.959	-19.839	155.763
127.978	-20.663	155.799
128.004	-21.449	155.846
128.066	-21.966	155.972
128.147	-21.666	156.046
128.128	-21.430	155.990
128.027	-21.196	155.948
127.942	-20.975	155.904
127.928	-20.725	155.880
127.977	-20.427	155.870
127.998	-20.071	155.841
128.023	-19.662	155.813
128.056	-19.203	155.788
128.108	-18.660	155.758
128.035	-18.113	155.797
127.895	-17.518	155.847
127.759	-16.932	155.921
127.709	-16.328	155.950
127.760	-15.747	155.997
127.789	-15.228	156.073
127.817	-14.815	156.132
127.856	-14.509	156.166
127.888	-14.384	156.177
127.861	-14.420	156.158
127.813	-14.613	156.127
127.776	-14.973	156.092
127.786	-15.450	156.021
127.790	-16.053	155.974
127.824	-16.729	155.900
127.874	-17.480	155.819
127.915	-18.314	155.761
127.952	-19.188	155.742
127.962	-20.044	155.744
127.948	-20.887	155.802
127.946	-21.683	155.850
128.023	-21.898	156.005
128.037	-21.630	156.053
127.982	-21.409	156.004
127.931	-21.177	155.947
127.936	-20.948	155.898
127.974	-20.677	155.856
128.034	-20.382	155.837
128.065	-20.043	155.826
128.086	-19.646	155.817
128.071	-19.186	155.801
128.034	-18.698	155.812
127.975	-18.177	155.804
127.933	-17.655	155.839
127.862	-17.132	155.890
127.808	-16.627	155.944
127.782	-16.127	155.996
127.768	-15.685	156.038
127.775	-15.316	156.079
127.799	-15.017	156.090
127.875	-14.863	156.079
127.917	-14.879	156.072
127.835	-15.021	156.056
127.745	-15.333	156.081
127.727	-15.717	156.012
127.775	-16.234	155.955
127.851	-16.830	155.900
127.904	-17.493	155.826
127.990	-18.240	155.765
128.031	-19.061	155.757
127.993	-19.883	155.775
127.953	-20.674	155.797
127.949	-21.451	155.842
127.976	-22.030	155.952
128.049	-21.763	156.045
128.004	-21.562	156.013
127.939	-21.336	155.952
127.906	-21.126	155.886
127.926	-20.905	155.867
127.957	-20.647	155.840
127.988	-20.331	155.815
127.985	-19.988	155.804
127.972	-19.580	155.796
127.950	-19.114	155.796
127.928	-18.619	155.806
127.899	-18.076	155.813
127.883	-17.528	155.840
127.857	-16.983	155.896
127.837	-16.436	155.959
127.849	-15.911	156.017
127.853	-15.437	156.049
127.853	-15.052	156.098
127.853	-14.781	156.159
127.837	-14.624	156.167
127.807	-14.611	156.161
127.773	-14.751	156.134
127.774	-15.048	156.097
127.795	-15.500	156.055
127.807	-16.038	155.980
127.846	-16.669	155.912
127.951	-17.382	155.819
128.041	-18.178	155.763
128.032	-19.022	155.762
127.961	-19.853	155.792
127.879	-20.689	155.820
127.895	-21.505	155.869
127.978	-22.022	155.979
128.115	-21.765	156.062
128.115	-21.552	155.982
128.063	-21.335	155.928
127.972	-21.127	155.880
127.929	-20.901	155.857
127.906	-20.644	155.838
127.913	-20.341	155.822
127.921	-20.000	155.813
127.965	-19.624	155.809
127.953	-19.188	155.770
127.929	-18.764	155.791
127.905	-18.300	155.784
127.847	-17.843	155.803
127.813	-17.384	155.843
127.784	-16.943	155.899
127.769	-16.529	155.931
127.768	-16.175	155.977
127.788	-15.891	156.011
127.803	-15.671	156.027
127.817	-15.526	156.017
127.832	-15.510	156.015
127.840	-15.631	156.003
127.857	-15.854	155.999
127.863	-16.195	155.987
127.882	-16.637	155.947
127.884	-17.153	155.884
127.888	-17.761	155.832
127.900	-18.421	155.790
127.909	-19.131	155.767
127.921	-19.854	155.785
127.920	-20.554	155.797
127.941	-21.245	155.833
127.953	-21.884	155.885
128.048	-21.835	156.004
128.093	-21.656	155.998
128.116	-21.443	155.930
128.163	-21.261	155.890
128.110	-21.042	155.871
128.004	-20.793	155.878
127.924	-20.523	155.856
127.923	-20.226	155.835
127.979	-19.858	155.829
128.013	-19.425	155.794
128.034	-18.969	155.784
127.996	-18.444	155.771
127.889	-17.914	155.799
127.806	-17.360	155.841
127.755	-16.796	155.887
127.730	-16.247	155.945
127.758	-15.743	155.995
127.781	-15.317	156.055
127.773	-14.958	156.078
127.781	-14.728	156.121
127.784	-14.639	156.142
127.784	-14.683	156.129
127.772	-14.891	156.114
127.783	-15.239	156.076
127.787	-15.706	156.006
127.782	-16.303	155.948
127.825	-16.966	155.861
127.848	-17.720	155.791
127.875	-18.515	155.749
127.915	-19.377	155.747
127.942	-20.199	155.770
127.953	-20.989	155.802
127.979	-21.749	155.882
128.078	-21.912	156.031
128.124	-21.647	156.034
128.097	-21.422	155.978
128.015	-21.175	155.925
127.937	-20.960	155.910
127.940	-20.676	155.863
127.977	-20.372	155.857
127.993	-20.012	155.829
128.003	-19.586	155.805
128.027	-19.110	155.798
128.087	-18.561	155.750
128.020	-18.009	155.786
127.877	-17.422	155.862
127.735	-16.817	155.921
127.679	-16.217	155.966
127.712	-15.611	156.000
127.750	-15.097	156.078
127.803	-14.689	156.147
127.873	-14.442	156.181
127.900	-14.359	156.183
127.856	-14.459	156.174
127.791	-14.702	156.139
127.772	-15.092	156.085
127.764	-15.611	156.024
127.783	-16.236	155.958
127.825	-16.933	155.873
127.877	-17.725	155.793
127.916	-18.568	155.742
127.952	-19.454	155.739
127.969	-20.316	155.755
127.958	-21.154	155.805
127.943	-21.916	155.865
128.024	-21.860	156.019
128.007	-21.609	156.050
127.940	-21.351	155.991
127.886	-21.105	155.937
127.906	-20.867	155.886
127.961	-20.584	155.865
128.010	-20.245	155.836
128.047	-19.882	155.809
128.060	-19.471	155.799
128.050	-19.030	155.801
128.000	-18.530	155.805
127.934	-18.026	155.811
127.889	-17.530	155.845
127.816	-17.050	155.893
127.770	-16.595	155.958
127.751	-16.171	156.018
127.760	-15.784	156.038
127.761	-15.504	156.076
127.788	-15.270	156.052
127.889	-15.208	156.036
127.930	-15.297	156.018
127.841	-15.503	156.003
127.758	-15.856	156.007
127.738	-16.302	155.973
127.787	-16.829	155.901
127.851	-17.433	155.840
127.927	-18.119	155.795
128.006	-18.880	155.777
128.030	-19.642	155.768
127.982	-20.408	155.779
127.944	-21.156	155.808
127.936	-21.863	155.851
128.012	-21.928	155.992
128.012	-21.714	156.020
127.941	-21.515	155.974
127.901	-21.331	155.938
127.892	-21.127	155.885
127.920	-20.878	155.837
127.954	-20.632	155.827
127.973	-20.335	155.837
127.971	-19.960	155.814
127.954	-19.536	155.793
127.927	-19.074	155.800
127.900	-18.564	155.801
127.874	-18.035	155.831
127.862	-17.468	155.851
127.832	-16.907	155.914
127.816	-16.359	155.976
127.831	-15.844	156.026
127.839	-15.383	156.076
127.819	-15.009	156.120
127.831	-14.745	156.155
127.831	-14.626	156.169
127.791	-14.639	156.157
127.749	-14.812	156.138
127.754	-15.136	156.089
127.768	-15.583	156.021
127.792	-16.168	155.973
127.817	-16.819	155.904
127.897	-17.542	155.811
128.020	-18.342	155.744
128.024	-19.170	155.729
127.955	-20.010	155.781
127.888	-20.832	155.818
127.877	-21.655	155.886
127.980	-22.006	155.995
128.087	-21.765	156.052
128.087	-21.564	155.994
128.031	-21.331	155.917
127.973	-21.127	155.875
127.925	-20.873	155.842
127.901	-20.609	155.836
127.905	-20.301	155.816
127.911	-19.947	155.837
127.940	-19.555	155.811
127.933	-19.126	155.791
127.905	-18.679	155.776
127.877	-18.243	155.795
127.827	-17.820	155.837
127.786	-17.394	155.880
127.771	-16.990	155.921
127.761	-16.623	155.968
127.779	-16.295	155.999
127.802	-16.062	156.034
127.819	-15.867	156.039
127.842	-15.769	156.037
127.860	-15.785	156.040
127.876	-15.911	156.031
127.885	-16.134	156.031
127.898	-16.471	156.032
127.912	-16.896	156.002
127.901	-17.404	155.953
127.867	-18.007	155.921
127.875	-18.671	155.911
127.845	-19.374	155.922
127.831	-20.061	155.941
127.801	-20.743	155.962
127.792	-21.400	155.987
127.789	-21.997	156.047
127.861	-21.909	156.092
127.881	-21.689	156.037
127.883	-21.479	155.986
127.949	-21.246	155.882
127.963	-20.978	155.806
127.902	-20.685	155.775
127.822	-20.381	155.755
127.785	-20.054	155.743
127.842	-19.652	155.699
127.882	-19.223	155.680
127.894	-18.747	155.659
127.883	-18.252	155.657
127.829	-17.753	155.686
127.766	-17.223	155.727
127.712	-16.705	155.816
127.685	-16.185	155.881
127.696	-15.701	155.947
127.731	-15.273	155.985
127.742	-14.941	156.041
127.754	-14.737	156.091
127.776	-14.667	156.115
127.754	-14.729	156.110
127.737	-14.966	156.105
127.740	-15.329	156.069
127.723	-15.833	156.019
127.722	-16.447	155.969
127.734	-17.140	155.905
127.737	-17.925	155.857
127.741	-18.746	155.826
127.766	-19.610	155.852
127.788	-20.431	155.882
127.806	-21.219	155.934
127.838	-21.938	156.004
127.978	-21.805	156.140
127.990	-21.546	156.125
127.926	-21.289	156.080
127.832	-21.036	156.017
127.800	-20.786	155.947
127.840	-20.476	155.889
127.874	-20.156	155.875
127.919	-19.776	155.827
127.952	-19.365	155.798
127.999	-18.888	155.788
128.023	-18.368	155.762
127.908	-17.814	155.795
127.781	-17.262	155.849
127.684	-16.681	155.873
127.694	-16.104	155.893
127.750	-15.541	155.917
127.780	-15.093	155.992
127.815	-14.748	156.017
127.838	-14.514	156.041
127.862	-14.460	156.052
127.820	-14.575	156.043
127.775	-14.819	156.009
127.772	-15.240	155.969
127.770	-15.786	155.933
127.780	-16.440	155.897
127.838	-17.162	155.853
127.879	-17.958	155.800
127.900	-18.832	155.785
127.923	-19.700	155.791
127.923	-20.567	155.844
127.917	-21.385	155.894
127.907	-22.131	155.978
127.999	-22.019	156.129
127.964	-21.762	156.128
127.904	-21.528	156.079
127.858	-21.303	156.051
127.867	-21.062	156.016
127.931	-20.761	155.977
127.964	-20.437	155.959
127.984	-20.062	155.943
128.006	-19.616	155.905
127.982	-19.137	155.886
127.946	-18.636	155.891
127.881	-18.128	155.892
127.838	-17.582	155.880
127.799	-17.075	155.915
127.756	-16.586	155.963
127.732	-16.110	155.991
127.732	-15.701	156.006
127.749	-15.384	156.024
127.775	-15.146	156.033
127.854	-15.032	156.007
127.961	-15.104	155.974
127.920	-15.325	155.973
127.837	-15.669	155.977
127.765	-16.132	155.974
127.793	-16.686	155.919
127.858	-17.291	155.848
127.911	-17.988	155.807
127.975	-18.765	155.778
128.031	-19.570	155.776
128.001	-20.347	155.778
127.929	-21.136	155.832
127.884	-21.871	155.903
127.908	-22.174	156.024
127.944	-21.939	156.088
127.882	-21.739	156.043
127.822	-21.547	156.009
127.795	-21.351	155.959
127.808	-21.132	155.951
127.839	-20.853	155.911
127.843	-20.551	155.891
127.849	-20.194	155.885
127.828	-19.767	155.854
127.802	-19.304	155.846
127.792	-18.792	155.823
127.779	-18.244	155.840
127.754	-17.706	155.870
127.761	-17.129	155.910
127.755	-16.583	155.964
127.768	-16.036	155.983
127.794	-15.575	156.036
127.840	-15.172	156.065
127.825	-14.874	156.099
127.799	-14.715	156.124
127.761	-14.670	156.112
127.741	-14.780	156.079
127.762	-15.060	156.046
127.773	-15.451	155.974
127.774	-15.974	155.915
127.809	-16.597	155.854
127.922	-17.282	155.759
127.977	-18.061	155.711
127.933	-18.893	155.713
127.848	-19.735	155.767
127.766	-20.573	155.791
127.776	-21.399	155.837
127.844	-22.031	155.953
127.991	-21.786	156.065
127.995	-21.605	156.045
127.913	-21.386	155.983
127.828	-21.195	155.951
127.781	-20.979	155.934
127.769	-20.693	155.889
127.766	-20.408	155.898
127.786	-20.087	155.910
127.803	-19.706	155.901
127.817	-19.287	155.883
127.809	-18.829	155.853
127.790	-18.363	155.854
127.731	-17.914	155.869
127.705	-17.468	155.904
127.679	-17.025	155.935
127.671	-16.612	155.943
127.673	-16.264	155.963
127.718	-15.991	155.992
127.733	-15.767	155.981
127.757	-15.649	155.975
127.780	-15.633	155.940
127.798	-15.755	155.931
127.833	-15.979	155.909
127.846	-16.320	155.894
127.874	-16.754	155.861
127.897	-17.266	155.797
127.892	-17.865	155.725
127.899	-18.530	155.714
127.914	-19.237	155.712
127.922	-19.952	155.743
127.910	-20.652	155.763
127.931	-21.350	155.835
127.969	-21.930	155.915
128.059	-21.795	156.032
128.103	-21.639	156.025
128.141	-21.444	155.965
128.098	-21.283	155.960
127.988	-21.081	155.986
127.884	-20.873	155.995
127.847	-20.601	155.945
127.876	-20.316	155.972
127.931	-19.945	155.964
127.937	-19.516	155.919
127.927	-19.063	155.897
127.822	-18.588	155.921
127.713	-18.064	155.930
127.635	-17.556	155.977
127.610	-17.008	155.995
127.629	-16.512	156.033
127.665	-16.056	156.052
127.689	-15.662	156.065
127.689	-15.360	156.080
127.702	-15.161	156.089
127.742	-15.081	156.052
127.754	-15.139	156.041
127.766	-15.329	156.004
127.783	-15.663	155.951
127.803	-16.111	155.898
127.837	-16.642	155.812
127.879	-17.268	155.726
127.909	-17.961	155.647
127.944	-18.736	155.629
127.979	-19.529	155.624
128.016	-20.293	155.634
128.027	-21.049	155.683
128.036	-21.740	155.724
128.127	-21.889	155.878
128.152	-21.653	155.906
128.053	-21.444	155.891
127.954	-21.230	155.858
127.887	-21.030	155.852
127.883	-20.778	155.842
127.912	-20.484	155.850
127.906	-20.163	155.887
127.938	-19.741	155.871
128.000	-19.280	155.851
127.965	-18.765	155.882
127.812	-18.220	155.967
127.667	-17.647	156.026
127.601	-17.040	156.075
127.615	-16.416	156.118
127.653	-15.803	156.162
127.689	-15.308	156.246
127.741	-14.884	156.281
127.773	-14.603	156.329
127.779	-14.465	156.316
127.762	-14.509	156.294
127.745	-14.724	156.267
127.725	-15.079	156.193
127.745	-15.546	156.082
127.763	-16.152	155.999
127.816	-16.820	155.883
127.848	-17.567	155.755
127.886	-18.392	155.685
127.904	-19.283	155.654
127.927	-20.131	155.632
127.915	-20.973	155.660
127.912	-21.768	155.709
127.989	-21.953	155.823
128.027	-21.681	155.879
127.972	-21.433	155.835
127.916	-21.167	155.773
127.907	-20.936	155.728
127.954	-20.672	155.722
127.994	-20.350	155.691
128.015	-20.011	155.695
128.016	-19.646	155.731
127.981	-19.199	155.731
127.936	-18.760	155.789
127.877	-18.265	155.804
127.801	-17.803	155.880
127.732	-17.336	155.952
127.702	-16.888	156.041
127.667	-16.461	156.095
127.673	-16.079	156.139
127.695	-15.765	156.179
127.755	-15.551	156.201
127.810	-15.470	156.201
127.753	-15.534	156.221
127.666	-15.678	156.211
127.632	-15.964	156.183
127.676	-16.335	156.100
127.738	-16.826	156.050
127.799	-17.392	155.982
127.876	-18.049	155.924
127.930	-18.757	155.857
127.918	-19.513	155.839
127.887	-20.276	155.841
127.876	-21.010	155.822
127.877	-21.722	155.851
127.932	-22.020	155.960
127.996	-21.775	155.993
127.947	-21.567	155.915
127.902	-21.363	155.849
127.886	-21.162	155.787
127.911	-20.926	155.752
127.942	-20.659	155.707
127.949	-20.359	155.693
127.956	-20.012	155.696
127.931	-19.602	155.697
127.905	-19.149	155.709
127.879	-18.632	155.692
127.872	-18.102	155.723
127.828	-17.570	155.785
127.809	-17.025	155.869
127.779	-16.474	155.909
127.773	-15.988	156.020
127.770	-15.544	156.088
127.757	-15.160	156.133
127.740	-14.905	156.186
127.715	-14.802	156.247
127.682	-14.808	156.229
127.664	-14.999	156.218
127.678	-15.320	156.170
127.701	-15.773	156.112
127.712	-16.329	156.038
127.825	-16.987	155.981
127.917	-17.706	155.890
127.912	-18.508	155.871
127.841	-19.337	155.873
127.799	-20.184	155.894
127.810	-20.975	155.887
127.861	-21.748	155.918
127.998	-22.011	156.051
128.077	-21.725	156.081
128.050	-21.470	155.993
127.961	-21.199	155.910
127.871	-20.964	155.874
127.837	-20.672	155.830
127.840	-20.358	155.798
127.857	-20.019	155.803
127.888	-19.596	155.741
127.925	-19.190	155.739
127.899	-18.724	155.718
127.874	-18.262	155.715
127.815	-17.798	155.742
127.771	-17.368	155.797
127.718	-16.925	155.851
127.695	-16.525	155.904
127.693	-16.166	155.937
127.712	-15.890	155.983
127.721	-15.684	156.023
127.729	-15.567	156.046
127.754	-15.563	156.045
127.770	-15.702	156.048
127.777	-15.937	156.025
127.795	-16.304	156.019
127.799	-16.757	155.975
127.802	-17.293	155.925
127.820	-17.915	155.872
127.820	-18.590	155.839
127.817	-19.317	155.819
127.803	-20.052	155.836
127.803	-20.719	155.817
127.832	-21.431	155.867
127.881	-22.059	155.918
127.972	-22.013	156.010
128.060	-21.828	155.989
128.091	-21.633	155.931
128.036	-21.422	155.908
127.914	-21.218	155.926
127.842	-20.935	155.867
127.830	-20.653	155.816
127.893	-20.358	155.828
127.977	-19.944	155.807
128.017	-19.500	155.759
127.990	-19.021	155.769
127.895	-18.497	155.761
127.799	-17.963	155.805
127.732	-17.396	155.829
127.711	-16.836	155.884
127.703	-16.297	155.940
127.740	-15.830	156.004
127.744	-15.429	156.058
127.741	-15.091	156.090
127.735	-14.886	156.125
127.744	-14.824	156.142
127.735	-14.883	156.145
127.720	-15.102	156.126
127.717	-15.463	156.100
127.720	-15.941	156.039
127.714	-16.530	155.972
127.743	-17.191	155.891
127.762	-17.954	155.848
127.774	-18.766	155.794
127.812	-19.615	155.792
127.847	-20.444	155.818
127.864	-21.233	155.847
127.886	-21.957	155.903
127.993	-22.132	156.040
128.021	-21.886	156.053
127.940	-21.696	156.014
127.857	-21.494	155.962
127.824	-21.279	155.927
127.865	-20.986	155.861
127.913	-20.672	155.833
127.952	-20.322	155.817
128.019	-19.893	155.798
128.082	-19.379	155.743
128.018	-18.835	155.768
127.857	-18.240	155.818
127.746	-17.615	155.837
127.715	-16.989	155.873
127.732	-16.357	155.913
127.774	-15.740	155.960
127.813	-15.240	156.015
127.818	-14.831	156.065
127.798	-14.556	156.140
127.798	-14.446	156.174
127.761	-14.492	156.152
127.738	-14.718	156.144
127.730	-15.079	156.096
127.735	-15.571	156.034
127.756	-16.178	155.968
127.785	-16.871	155.899
127.804	-17.665	155.850
127.817	-18.497	155.798
127.824	-19.382	155.783
127.831	-20.263	155.816
127.818	-21.120	155.889
127.826	-21.908	155.939
127.891	-22.032	156.066
127.932	-21.760	156.097
127.874	-21.537	156.067
127.832	-21.302	156.020
127.825	-21.069	155.967
127.884	-20.775	155.911
127.919	-20.451	155.873
127.937	-20.106	155.859
127.951	-19.692	155.840
127.944	-19.239	155.813
127.902	-18.759	155.819
127.844	-18.264	155.819
127.778	-17.753	155.836
127.732	-17.260	155.875
127.700	-16.788	155.922
127.685	-16.333	155.947
127.697	-15.947	155.994
127.723	-15.612	156.010
127.840	-15.386	155.972
127.842	-15.302	155.977
127.766	-15.346	155.996
127.664	-15.497	155.982
127.641	-15.784	155.957
127.700	-16.160	155.888
127.767	-16.656	155.857
127.826	-17.233	155.805
127.887	-17.882	155.733
127.886	-18.629	155.735
127.844	-19.394	155.731
127.812	-20.183	155.762
127.808	-20.926	155.776
127.826	-21.664	155.847
127.859	-22.108	155.987
127.928	-21.831	156.040
127.870	-21.636	156.012
127.789	-21.424	155.977
127.762	-21.237	155.954
127.786	-21.008	155.939
127.813	-20.719	155.890
127.843	-20.423	155.896
127.842	-20.062	155.903
127.855	-19.638	155.885
127.844	-19.178	155.899
127.831	-18.644	155.870
127.809	-18.103	155.901
127.783	-17.551	155.923
127.776	-16.986	155.967
127.758	-16.426	156.007
127.772	-15.904	156.057
127.780	-15.460	156.118
127.784	-15.071	156.134
127.758	-14.800	156.166
127.763	-14.686	156.164
127.731	-14.724	156.142
127.710	-14.912	156.083
127.736	-15.282	156.057
127.747	-15.745	155.959
127.762	-16.318	155.886
127.878	-16.997	155.818
127.949	-17.728	155.714
127.927	-18.553	155.712
127.847	-19.405	155.716
127.802	-20.260	155.745
127.805	-21.083	155.745
127.872	-21.873	155.821
127.999	-22.069	155.963
128.091	-21.812	155.998
128.046	-21.570	155.941
127.952	-21.329	155.908
127.851	-21.086	155.882
127.834	-20.801	155.854
127.839	-20.494	155.843
127.859	-20.160	155.853
127.886	-19.775	155.864
127.920	-19.341	155.838
127.902	-18.869	155.823
127.868	-18.416	155.861
127.816	-17.950	155.894
127.758	-17.501	155.941
127.733	-17.044	155.975
127.712	-16.630	156.031
127.704	-16.261	156.055
127.725	-15.969	156.090
127.741	-15.752	156.121
127.742	-15.621	156.119
127.767	-15.604	156.106
127.778	-15.706	156.064
127.799	-15.944	156.049
127.799	-16.280	156.007
127.820	-16.738	155.983
127.823	-17.275	155.917
127.821	-17.884	155.862
127.837	-18.552	155.807
127.852	-19.270	155.770
127.855	-20.011	155.794
127.844	-20.715	155.786
127.856	-21.408	155.823
127.891	-22.045	155.873
127.985	-22.014	155.972
128.011	-21.823	155.958
128.041	-21.640	155.916
128.073	-21.437	155.856
128.029	-21.206	155.846
127.920	-20.930	155.850
127.850	-20.634	155.836
127.852	-20.298	155.812
127.896	-19.907	155.828
127.931	-19.425	155.780
127.952	-18.921	155.762
127.910	-18.377	155.763
127.804	-17.827	155.805
127.698	-17.260	155.856
127.649	-16.693	155.926
127.615	-16.158	155.984
127.631	-15.664	156.037
127.645	-15.273	156.113
127.644	-14.960	156.144
127.652	-14.772	156.159
127.667	-14.755	156.171
127.647	-14.890	156.163
127.641	-15.168	156.130
127.647	-15.572	156.058
127.646	-16.102	155.985
127.669	-16.738	155.915
127.680	-17.460	155.847
127.717	-18.244	155.794
127.754	-19.087	155.769
127.789	-19.938	155.802
127.816	-20.734	155.806
127.847	-21.520	155.858
127.894	-22.137	155.958
128.016	-21.858	156.057
128.012	-21.635	156.025
127.913	-21.393	155.978
127.819	-21.161	155.930
127.801	-20.904	155.879
127.839	-20.596	155.841
127.870	-20.256	155.819
127.888	-19.895	155.821
127.904	-19.439	155.794
127.957	-18.938	155.745
127.943	-18.385	155.736
127.812	-17.849	155.811
127.659	-17.296	155.891
127.590	-16.695	155.902
127.597	-16.138	155.952
127.641	-15.608	156.001
127.676	-15.193	156.071
127.711	-14.867	156.099
127.741	-14.684	156.113
127.737	-14.684	156.121
127.677	-14.836	156.106
127.644	-15.135	156.086
127.655	-15.565	156.012
127.654	-16.121	155.969
127.704	-16.773	155.920
127.728	-17.498	155.838
127.785	-18.289	155.773
127.827	-19.148	155.753
127.847	-20.024	155.790
127.853	-20.829	155.801
127.836	-21.621	155.859
127.866	-22.169	155.987
127.927	-21.865	156.074
127.892	-21.653	156.052
127.819	-21.414	156.001
127.807	-21.215	155.976
127.851	-20.972	155.951
127.909	-20.660	155.901
127.959	-20.332	155.875
127.980	-19.963	155.867
127.987	-19.519	155.841
127.960	-19.056	155.843
127.913	-18.559	155.850
127.855	-18.052	155.867
127.805	-17.538	155.890
127.770	-17.042	155.926
127.730	-16.570	155.978
127.717	-16.125	156.034
127.709	-15.755	156.067
127.697	-15.458	156.089
127.714	-15.255	156.093
127.782	-15.170	156.050
127.883	-15.271	156.002
127.843	-15.514	155.987
127.766	-15.914	156.004
127.685	-16.382	155.962
127.697	-16.941	155.906
127.756	-17.557	155.829
127.826	-18.270	155.801
127.899	-19.047	155.752
127.966	-19.825	155.756
127.946	-20.602	155.773
127.883	-21.352	155.812
127.853	-22.057	155.879
127.904	-22.083	156.010
127.906	-21.855	156.011
127.846	-21.670	155.979
127.809	-21.491	155.957
127.815	-21.289	155.922
127.856	-21.039	155.888
127.879	-20.757	155.857
127.896	-20.450	155.850
127.894	-20.101	155.874
127.884	-19.651	155.835
127.852	-19.191	155.838
127.814	-18.665	155.828
127.797	-18.133	155.863
127.760	-17.592	155.897
127.745	-17.029	155.941
127.728	-16.489	155.990
127.747	-15.990	156.039
127.765	-15.552	156.076
127.774	-15.175	156.102
127.743	-14.925	156.135
127.706	-14.819	156.159
127.667	-14.826	156.144
127.668	-15.000	156.118
127.678	-15.318	156.084
127.703	-15.744	156.001
127.707	-16.296	155.936
127.794	-16.944	155.861
127.879	-17.661	155.766
127.881	-18.465	155.762
127.824	-19.305	155.771
127.742	-20.142	155.792
127.722	-20.963	155.814
127.782	-21.753	155.848
127.904	-22.206	155.996
128.024	-21.927	156.050
127.996	-21.714	155.997
127.912	-21.481	155.950
127.837	-21.253	155.898
127.798	-20.997	155.883
127.786	-20.693	155.848
127.800	-20.373	155.836
127.810	-20.037	155.869
127.820	-19.630	155.845
127.824	-19.195	155.821
127.797	-18.734	155.796
127.771	-18.283	155.818
127.695	-17.838	155.840
127.654	-17.401	155.887
127.616	-16.975	155.928
127.614	-16.601	155.964
127.621	-16.285	155.993
127.646	-16.017	156.003
127.666	-15.860	156.034
127.686	-15.767	156.013
127.704	-15.806	156.004
127.715	-15.957	155.985
127.721	-16.217	155.973
127.741	-16.590	155.963
127.748	-17.030	155.908
127.748	-17.582	155.861
127.776	-18.197	155.799
127.780	-18.873	155.773
127.802	-19.572	155.768
127.797	-20.271	155.793
127.822	-20.951	155.795
127.856	-21.628	155.846
127.911	-22.169	155.933
128.044	-21.980	156.005
128.131	-21.800	155.956
128.062	-21.606	155.950
127.900	-21.430	155.948
127.795	-21.235	155.939
127.775	-21.011	155.887
127.825	-20.751	155.845
127.897	-20.493	155.865
127.949	-20.153	155.844
127.936	-19.784	155.813
127.853	-19.397	155.816
127.757	-18.979	155.824
127.674	-18.535	155.834
127.632	-18.102	155.871
127.610	-17.674	155.892
127.640	-17.268	155.946
127.671	-16.884	155.957
127.685	-16.564	155.983
127.682	-16.287	155.988
127.700	-16.083	155.993
127.712	-15.970	155.997
127.703	-15.965	155.995
127.705	-16.054	156.004
127.699	-16.242	156.000
127.711	-16.519	155.971
127.730	-16.882	155.923
127.770	-17.347	155.857
127.793	-17.898	155.803
127.827	-18.515	155.761
127.871	-19.190	155.756
127.911	-19.858	155.769
127.923	-20.534	155.789
127.943	-21.188	155.809
127.915	-21.800	155.856
127.938	-22.055	155.933
127.985	-21.907	156.003
127.949	-21.740	155.983
127.899	-21.575	155.950
127.886	-21.428	155.940
127.917	-21.185	155.868
127.977	-20.934	155.834
127.992	-20.639	155.818
127.913	-20.285	155.854
127.789	-19.871	155.880
127.725	-19.386	155.838
127.735	-18.856	155.806
127.751	-18.288	155.830
127.750	-17.703	155.881
127.757	-17.076	155.911
127.734	-16.474	155.957
127.708	-15.882	156.018
127.650	-15.347	156.108
127.625	-14.883	156.176
127.682	-14.559	156.232
127.708	-14.437	156.258
127.722	-14.573	156.258
127.711	-14.859	156.215
127.714	-15.258	156.114
127.726	-15.799	156.035
127.704	-16.454	155.932
127.735	-17.182	155.842
127.746	-18.001	155.784
127.760	-18.883	155.738
127.790	-19.783	155.738
127.806	-20.645	155.742
127.826	-21.473	155.788
127.864	-22.191	155.893
128.034	-21.911	156.006
128.014	-21.662	156.008
127.951	-21.394	155.941
127.914	-21.167	155.883
127.915	-20.940	155.856
127.928	-20.665	155.822
127.928	-20.393	155.801
127.936	-20.090	155.808
127.907	-19.718	155.779
127.849	-19.334	155.789
127.782	-18.908	155.793
127.735	-18.473	155.816
127.691	-18.031	155.850
127.676	-17.581	155.906
127.711	-17.116	155.944
127.782	-16.678	155.958
127.748	-16.302	156.017
127.671	-15.961	156.065
127.586	-15.699	156.097
127.578	-15.513	156.090
127.645	-15.467	156.092
127.690	-15.535	156.079
127.734	-15.759	156.070
127.762	-16.105	156.035
127.746	-16.578	156.006
127.716	-17.110	155.946
127.693	-17.716	155.866
127.710	-18.419	155.822
127.759	-19.192	155.814
127.808	-19.962	155.792
127.838	-20.698	155.781
127.862	-21.456	155.806
127.864	-22.156	155.878
127.948	-22.080	155.969
127.946	-21.858	155.989
127.878	-21.607	155.940
127.828	-21.374	155.886
127.814	-21.171	155.866
127.849	-20.872	155.810
127.867	-20.561	155.775
127.891	-20.250	155.795
127.919	-19.863	155.786
127.924	-19.438	155.780
127.912	-18.981	155.782
127.885	-18.507	155.793
127.841	-18.044	155.821
127.829	-17.584	155.857
127.781	-17.126	155.902
127.720	-16.723	155.973
127.679	-16.352	156.016
127.680	-16.043	156.041
127.676	-15.823	156.058
127.680	-15.692	156.071
127.678	-15.670	156.052
127.747	-15.795	156.035
127.828	-16.050	156.008
127.770	-16.436	156.012
127.696	-16.910	156.018
127.629	-17.470	155.974
127.659	-18.062	155.893
127.713	-18.723	155.820
127.791	-19.456	155.822
127.876	-20.201	155.835
127.925	-20.901	155.813
127.911	-21.608	155.851
127.878	-22.237	155.916
127.894	-22.085	156.015
127.846	-21.874	155.996
127.784	-21.672	155.955
127.764	-21.492	155.909
127.794	-21.307	155.888
127.851	-21.038	155.815
127.880	-20.773	155.786
127.891	-20.464	155.775
127.878	-20.100	155.777
127.843	-19.696	155.759
127.809	-19.288	155.763
127.776	-18.814	155.755
127.747	-18.338	155.765
127.716	-17.862	155.809
127.719	-17.395	155.861
127.722	-16.931	155.893
127.719	-16.539	155.955
127.722	-16.181	155.999
127.738	-15.885	156.034
127.723	-15.665	156.042
127.712	-15.568	156.053
127.720	-15.594	156.071
127.706	-15.725	156.070
127.671	-15.976	156.066
127.646	-16.350	156.053
127.645	-16.825	156.009
127.685	-17.355	155.936
127.706	-17.973	155.860
127.757	-18.664	155.832
127.872	-19.392	155.814
127.973	-20.127	155.823
127.945	-20.844	155.867
127.844	-21.548	155.926
127.768	-22.214	155.992
127.855	-22.068	156.047
127.907	-21.844	156.032
127.903	-21.609	155.983
127.884	-21.376	155.912
127.890	-21.144	155.873
127.882	-20.851	155.820
127.827	-20.536	155.781
127.809	-20.224	155.796
127.808	-19.841	155.798
127.781	-19.421	155.774
127.783	-18.962	155.748
127.768	-18.502	155.736
127.749	-18.051	155.767
127.720	-17.585	155.798
127.708	-17.134	155.847
127.693	-16.712	155.889
127.689	-16.338	155.927
127.695	-16.043	155.969
127.710	-15.806	155.982
127.709	-15.675	156.005
127.717	-15.653	156.021
127.737	-15.769	156.041
127.739	-15.977	156.040
127.745	-16.296	156.004
127.776	-16.734	155.970
127.784	-17.239	155.909
127.792	-17.850	155.856
127.809	-18.513	155.831
127.815	-19.236	155.819
127.824	-19.970	155.838
127.828	-20.668	155.832
127.827	-21.381	155.874
127.827	-22.023	155.927
127.909	-22.104	156.026
127.926	-21.834	156.054
127.889	-21.576	156.004
127.853	-21.328	155.969
127.882	-21.052	155.900
127.984	-20.769	155.868
128.000	-20.433	155.848
127.911	-20.065	155.866
127.812	-19.645	155.864
127.779	-19.181	155.828
127.799	-18.671	155.802
127.826	-18.161	155.818
127.827	-17.638	155.828
127.823	-17.140	155.858
127.778	-16.646	155.896
127.704	-16.188	155.953
127.659	-15.760	155.993
127.637	-15.442	156.055
127.638	-15.193	156.094
127.653	-15.061	156.111
127.679	-15.050	156.090
127.678	-15.187	156.071
127.689	-15.462	156.039
127.694	-15.879	155.994
127.694	-16.417	155.953
127.715	-17.026	155.867
127.710	-17.736	155.821
127.723	-18.490	155.773
127.737	-19.324	155.743
127.774	-20.168	155.798
127.802	-20.959	155.812
127.824	-21.723	155.863
127.864	-22.314	155.982
127.959	-22.032	156.068
127.968	-21.812	156.033
127.905	-21.576	155.992
127.830	-21.349	155.963
127.780	-21.114	155.955
127.790	-20.775	155.886
127.823	-20.450	155.878
127.834	-20.083	155.898
127.831	-19.634	155.873
127.834	-19.124	155.854
127.867	-18.535	155.811
127.819	-17.958	155.830
127.693	-17.366	155.909
127.555	-16.742	155.969
127.513	-16.133	156.017
127.539	-15.546	156.036
127.601	-15.066	156.126
127.668	-14.700	156.187
127.740	-14.498	156.168
127.750	-14.537	156.151
127.726	-14.735	156.105
127.654	-15.109	156.082
127.642	-15.592	155.994
127.628	-16.221	155.931
127.647	-16.916	155.876
127.673	-17.700	155.799
127.713	-18.543	155.728
127.778	-19.437	155.689
127.814	-20.337	155.702
127.835	-21.185	155.756
127.815	-21.987	155.823
127.871	-22.168	155.983
127.868	-21.909	156.045
127.791	-21.669	155.993
127.724	-21.447	155.953
127.711	-21.212	155.901
127.761	-20.975	155.925
127.810	-20.621	155.839
127.850	-20.301	155.839
127.879	-19.916	155.838
127.905	-19.473	155.822
127.861	-19.005	155.829
127.812	-18.518	155.856
127.750	-18.038	155.881
127.709	-17.581	155.920
127.681	-17.121	155.946
127.650	-16.696	155.986
127.628	-16.336	156.038
127.640	-16.049	156.061
127.656	-15.815	156.058
127.677	-15.675	156.043
127.766	-15.700	156.023
127.826	-15.850	155.974
127.766	-16.124	155.961
127.680	-16.521	155.967
127.656	-17.000	155.935
127.692	-17.557	155.858
127.781	-18.178	155.822
127.837	-18.846	155.751
127.895	-19.575	155.738
127.945	-20.310	155.747
127.915	-21.023	155.760
127.878	-21.742	155.826
127.865	-22.246	155.936
127.916	-22.016	155.996
127.884	-21.841	155.972
127.843	-21.658	155.944
127.820	-21.498	155.912
127.831	-21.305	155.909
127.848	-21.042	155.855
127.857	-20.758	155.829
127.863	-20.471	155.861
127.854	-20.090	155.865
127.821	-19.654	155.844
127.798	-19.199	155.846
127.772	-18.674	155.851
127.742	-18.153	155.880
127.721	-17.616	155.925
127.711	-17.066	155.973
127.698	-16.544	156.014
127.717	-16.076	156.080
127.716	-15.652	156.099
127.714	-15.330	156.155
127.726	-15.092	156.153
127.733	-15.018	156.154
127.698	-15.068	156.152
127.652	-15.255	156.128
127.659	-15.574	156.065
127.676	-16.040	156.019
127.693	-16.603	155.959
127.733	-17.232	155.862
127.778	-17.949	155.807
127.893	-18.727	155.741
127.984	-19.531	155.730
127.942	-20.331	155.772
127.836	-21.123	155.841
127.787	-21.882	155.883
127.843	-22.162	156.004
127.935	-21.906	156.026
127.942	-21.694	155.979
127.938	-21.454	155.923
127.918	-21.236	155.881
127.879	-20.949	155.840
127.823	-20.625	155.804
127.782	-20.277	155.802
127.779	-19.895	155.829
127.785	-19.453	155.808
127.772	-18.974	155.807
127.749	-18.478	155.809
127.712	-17.986	155.837
127.671	-17.519	155.877
127.635	-17.039	155.925
127.611	-16.608	155.982
127.606	-16.227	156.014
127.619	-15.919	156.048
127.619	-15.681	156.054
127.621	-15.577	156.088
127.633	-15.574	156.072
127.645	-15.694	156.050
127.659	-15.963	156.043
127.688	-16.332	156.001
127.722	-16.808	155.946
127.742	-17.351	155.857
127.757	-17.992	155.810
127.760	-18.711	155.785
127.775	-19.444	155.760
127.792	-20.195	155.759
127.791	-20.914	155.760
127.797	-21.611	155.813
127.807	-22.223	155.898
127.881	-22.005	156.005
127.879	-21.772	155.973
127.829	-21.553	155.926
127.824	-21.338	155.890
127.889	-21.074	155.844
127.974	-20.779	155.816
127.950	-20.444	155.808
127.855	-20.078	155.851
127.757	-19.624	155.825
127.743	-19.147	155.821
127.755	-18.607	155.794
127.775	-18.076	155.831
127.757	-17.529	155.847
127.739	-16.991	155.876
127.675	-16.481	155.949
127.598	-15.991	156.006
127.575	-15.571	156.073
127.549	-15.254	156.149
127.563	-15.021	156.184
127.597	-14.928	156.188
127.614	-14.988	156.174
127.605	-15.200	156.145
127.623	-15.542	156.083
127.633	-16.030	156.025
127.636	-16.621	155.960
127.664	-17.314	155.909
127.670	-18.057	155.829
127.683	-18.873	155.775
127.732	-19.736	155.781
127.761	-20.552	155.768
127.794	-21.351	155.811
127.828	-22.117	155.879
127.928	-22.171	156.010
127.964	-21.919	156.028
127.933	-21.693	155.957
127.903	-21.476	155.917
127.846	-21.249	155.890
127.842	-20.949	155.846
127.832	-20.615	155.794
127.856	-20.277	155.813
127.861	-19.865	155.823
127.868	-19.383	155.796
127.830	-18.836	155.789
127.870	-18.268	155.790
127.856	-17.676	155.799
127.740	-17.085	155.900
127.604	-16.492	155.998
127.547	-15.887	156.050
127.571	-15.331	156.097
127.624	-14.897	156.193
127.708	-14.611	156.249
127.769	-14.539	156.236
127.764	-14.694	156.180
127.707	-15.013	156.145
127.662	-15.465	156.082
127.643	-16.051	156.025
127.646	-16.724	155.964
127.654	-17.494	155.916
127.686	-18.301	155.841
127.752	-19.195	155.801
127.815	-20.092	155.787
127.855	-20.937	155.793
127.845	-21.781	155.867
127.870	-22.301	155.980
127.918	-21.991	156.077
127.857	-21.758	156.035
127.774	-21.519	155.976
127.745	-21.298	155.926
127.762	-21.065	155.911
127.814	-20.742	155.857
127.863	-20.407	155.812
127.902	-20.036	155.825
127.922	-19.577	155.794
127.926	-19.095	155.798
127.876	-18.567	155.801
127.816	-18.046	155.831
127.771	-17.531	155.861
127.740	-17.010	155.898
127.696	-16.536	155.962
127.662	-16.090	156.014
127.647	-15.729	156.052
127.629	-15.452	156.091
127.640	-15.282	156.105
127.653	-15.228	156.063
127.722	-15.348	156.055
127.812	-15.595	155.978
127.772	-16.019	155.973
127.684	-16.556	155.964
127.630	-17.148	155.931
127.637	-17.819	155.870
127.696	-18.533	155.806
127.784	-19.329	155.765
127.863	-20.141	155.787
127.918	-20.897	155.783
127.885	-21.644	155.841
127.845	-22.269	155.928
127.861	-22.050	156.043
127.815	-21.845	156.016
127.750	-21.637	155.967
127.731	-21.453	155.930
127.758	-21.243	155.914
127.799	-20.957	155.873
127.808	-20.638	155.832
127.825	-20.294	155.826
127.822	-19.895	155.831
127.804	-19.419	155.796
127.751	-18.927	155.795
127.728	-18.385	155.802
127.687	-17.863	155.843
127.676	-17.335	155.890
127.668	-16.790	155.916
127.651	-16.311	155.993
127.673	-15.874	156.022
127.677	-15.522	156.071
127.671	-15.263	156.120
127.678	-15.115	156.116
127.703	-15.125	156.112
127.687	-15.255	156.080
127.650	-15.550	156.055
127.642	-15.972	156.014
127.634	-16.503	155.959
127.666	-17.122	155.903
127.692	-17.822	155.840
127.716	-18.582	155.777
127.808	-19.388	155.751
127.939	-20.216	155.771
127.938	-20.955	155.786
127.861	-21.733	155.884
127.790	-22.341	156.019
127.811	-22.078	156.092
127.806	-21.879	156.036
127.808	-21.663	155.979
127.829	-21.463	155.934
127.882	-21.245	155.896
127.907	-20.948	155.842
127.858	-20.632	155.811
127.821	-20.293	155.820
127.786	-19.905	155.848
127.737	-19.443	155.818
127.722	-18.975	155.813
127.710	-18.479	155.808
127.691	-17.995	155.847
127.672	-17.494	155.858
127.669	-17.005	155.897
127.651	-16.566	155.949
127.647	-16.188	156.003
127.659	-15.856	156.021
127.655	-15.633	156.051
127.655	-15.523	156.070
127.661	-15.541	156.071
127.666	-15.665	156.046
127.678	-15.939	156.032
127.698	-16.331	156.003
127.726	-16.822	155.949
127.756	-17.409	155.891
127.773	-18.045	155.818
127.781	-18.767	155.779
127.794	-19.544	155.783
127.795	-20.305	155.783
127.801	-21.056	155.818
127.810	-21.759	155.852
127.817	-22.322	155.960
127.888	-22.045	156.045
127.871	-21.820	156.001
127.829	-21.592	155.951
127.816	-21.376	155.922
127.910	-21.117	155.873
127.979	-20.829	155.847
127.944	-20.489	155.845
127.846	-20.118	155.874
127.773	-19.676	155.845
127.781	-19.191	155.833
127.793	-18.666	155.809
127.790	-18.135	155.833
127.775	-17.600	155.840
127.737	-17.068	155.879
127.668	-16.565	155.938
127.602	-16.085	155.988
127.598	-15.671	156.035
127.584	-15.353	156.089
127.603	-15.146	156.127
127.616	-15.064	156.137
127.626	-15.112	156.116
127.626	-15.309	156.090
127.644	-15.659	156.050
127.646	-16.140	155.997
127.668	-16.710	155.938
127.667	-17.384	155.871
127.684	-18.122	155.810
127.706	-18.937	155.782
127.740	-19.768	155.773
127.770	-20.581	155.783
127.797	-21.384	155.838
127.820	-22.124	155.899
127.907	-22.164	156.028
127.939	-21.929	156.058
127.894	-21.710	155.988
127.867	-21.503	155.955
127.841	-21.280	155.915
127.814	-20.990	155.881
127.789	-20.669	155.850
127.795	-20.326	155.837
127.806	-19.917	155.856
127.808	-19.424	155.825
127.757	-18.900	155.823
127.755	-18.309	155.830
127.810	-17.691	155.821
127.783	-17.083	155.879
127.667	-16.470	155.970
127.559	-15.843	156.037
127.512	-15.287	156.122
127.605	-14.830	156.171
127.699	-14.556	156.227
127.723	-14.572	156.221
127.725	-14.787	156.138
127.721	-15.177	156.070
127.700	-15.701	156.014
127.659	-16.335	155.951
127.656	-17.061	155.886
127.663	-17.842	155.809
127.671	-18.711	155.765
127.720	-19.619	155.761
127.783	-20.513	155.748
127.825	-21.384	155.788
127.851	-22.189	155.863
127.928	-22.117	156.006
127.901	-21.846	156.029
127.812	-21.635	155.984
127.730	-21.417	155.942
127.711	-21.212	155.910
127.753	-20.981	155.900
127.797	-20.666	155.842
127.853	-20.367	155.848
127.877	-19.999	155.851
127.903	-19.577	155.839
127.895	-19.105	155.823
127.854	-18.630	155.830
127.796	-18.174	155.881
127.747	-17.701	155.905
127.737	-17.229	155.931
127.688	-16.790	155.980
127.646	-16.406	156.020
127.642	-16.089	156.051
127.646	-15.852	156.059
127.646	-15.707	156.055
127.666	-15.675	156.025
127.713	-15.788	155.997
127.809	-16.051	155.957
127.795	-16.426	155.940
127.721	-16.925	155.953
127.637	-17.490	155.910
127.663	-18.102	155.827
127.711	-18.789	155.780
127.787	-19.519	155.755
127.885	-20.282	155.769
127.937	-20.988	155.747
127.918	-21.707	155.814
127.874	-22.306	155.899
127.875	-22.131	156.009
127.821	-21.942	155.975
127.731	-21.758	155.944
127.719	-21.591	155.912
127.750	-21.402	155.893
127.783	-21.144	155.856
127.821	-20.849	155.824
127.828	-20.504	155.818
127.840	-20.114	155.843
127.801	-19.628	155.819
127.753	-19.122	155.828
127.713	-18.535	155.823
127.667	-17.952	155.852
127.655	-17.363	155.907
127.648	-16.761	155.957
127.634	-16.202	156.029
127.656	-15.693	156.090
127.658	-15.280	156.176
127.651	-14.936	156.204
127.704	-14.782	156.234
127.714	-14.771	156.216
127.675	-14.926	156.189
127.635	-15.236	156.144
127.620	-15.668	156.070
127.616	-16.229	155.999
127.648	-16.889	155.923
127.670	-17.625	155.842
127.726	-18.420	155.779
127.832	-19.274	155.753
127.934	-20.113	155.721
127.914	-20.935	155.789
127.826	-21.735	155.860
127.748	-22.365	155.985
127.816	-22.064	156.060
127.836	-21.811	156.005
127.822	-21.557	155.956
127.829	-21.320	155.911
127.859	-21.020	155.846
127.851	-20.681	155.799
127.811	-20.310	155.780
127.767	-19.907	155.799
127.747	-19.450	155.793
127.731	-18.938	155.798
127.710	-18.411	155.781
127.684	-17.900	155.839
127.651	-17.381	155.868
127.623	-16.874	155.916
127.603	-16.417	155.984
127.601	-15.984	156.021
127.601	-15.654	156.066
127.602	-15.428	156.112
127.602	-15.315	156.129
127.606	-15.329	156.115
127.621	-15.495	156.103
127.651	-15.795	156.054
127.675	-16.244	156.012
127.712	-16.772	155.942
127.737	-17.413	155.898
127.762	-18.106	155.841
127.777	-18.867	155.790
127.794	-19.684	155.794
127.806	-20.474	155.786
127.821	-21.241	155.807
127.830	-21.961	155.865
127.875	-22.229	155.986
127.898	-22.003	156.052
127.831	-21.791	155.987
127.787	-21.599	155.948
127.771	-21.392	155.898
127.821	-21.127	155.881
127.928	-20.805	155.833
127.999	-20.456	155.812
127.944	-20.035	155.830
127.816	-19.557	155.841
127.730	-19.029	155.848
127.720	-18.428	155.798
127.738	-17.846	155.826
127.753	-17.253	155.851
127.739	-16.687	155.921
127.690	-16.125	155.964
127.642	-15.632	156.035
127.578	-15.231	156.128
127.573	-14.905	156.187
127.630	-14.747	156.207
127.660	-14.765	156.206
127.655	-14.920	156.153
127.638	-15.252	156.118
127.653	-15.697	156.024
127.644	-16.278	155.963
127.665	-16.953	155.902
127.673	-17.707	155.844
127.687	-18.515	155.780
127.707	-19.394	155.755
127.732	-20.266	155.761
127.761	-21.103	155.798
127.791	-21.884	155.851
127.852	-22.280	155.998
127.916	-21.984	156.067
127.883	-21.749	156.017
127.849	-21.511	155.971
127.845	-21.264	155.911
127.880	-20.972	155.858
127.868	-20.639	155.832
127.832	-20.273	155.817
127.807	-19.855	155.818
127.826	-19.381	155.817
127.775	-18.841	155.828
127.730	-18.250	155.825
127.694	-17.651	155.864
127.733	-17.010	155.876
127.744	-16.403	155.936
127.686	-15.816	156.023
127.553	-15.283	156.135
127.534	-14.837	156.215
127.601	-14.569	156.244
127.652	-14.581	156.241
127.664	-14.824	156.206
127.675	-15.209	156.121
127.723	-15.758	156.029
127.693	-16.405	155.940
127.680	-17.140	155.865
127.650	-17.959	155.813
127.649	-18.843	155.775
127.671	-19.771	155.788
127.719	-20.661	155.775
127.765	-21.544	155.808
127.820	-22.329	155.885
127.911	-22.125	156.021
127.883	-21.843	155.999
127.788	-21.608	155.947
127.710	-21.385	155.909
127.693	-21.162	155.878
127.720	-20.899	155.861
127.766	-20.594	155.811
127.801	-20.270	155.799
127.828	-19.906	155.830
127.853	-19.479	155.801
127.840	-19.014	155.795
127.819	-18.547	155.821
127.770	-18.089	155.848
127.719	-17.630	155.883
127.719	-17.188	155.915
127.702	-16.789	155.950
127.659	-16.441	155.999
127.635	-16.165	156.028
127.633	-15.951	156.037
127.631	-15.841	156.034
127.638	-15.868	156.020
127.635	-15.991	155.991
127.680	-16.255	155.975
127.808	-16.624	155.923
127.797	-17.117	155.909
127.707	-17.696	155.903
127.646	-18.321	155.861
127.627	-19.014	155.827
127.710	-19.751	155.815
127.770	-20.471	155.808
127.842	-21.198	155.835
127.903	-21.868	155.838
127.928	-22.367	155.948
127.935	-22.171	156.034
127.824	-22.016	156.014
127.721	-21.842	155.981
127.684	-21.671	155.931
127.709	-21.485	155.913
127.743	-21.227	155.876
127.803	-20.940	155.845
127.818	-20.598	155.831
127.827	-20.184	155.826
127.808	-19.725	155.820
127.769	-19.213	155.817
127.709	-18.630	155.800
127.674	-18.053	155.838
127.646	-17.453	155.877
127.640	-16.843	155.920
127.632	-16.277	155.991
127.656	-15.779	156.068
127.650	-15.341	156.136
127.662	-15.006	156.175
127.723	-14.834	156.205
127.723	-14.821	156.202
127.702	-14.960	156.163
127.707	-15.278	156.153
127.663	-15.687	156.069
127.635	-16.235	155.982
127.662	-16.890	155.918
127.665	-17.630	155.879
127.709	-18.416	155.793
127.754	-19.266	155.777
127.841	-20.118	155.781
127.960	-20.923	155.779
127.987	-21.710	155.855
127.909	-22.360	155.970
127.894	-22.138	156.110
127.809	-21.930	156.077
127.773	-21.697	155.981
127.789	-21.506	155.957
127.833	-21.290	155.934
127.902	-20.985	155.862
127.895	-20.658	155.819
127.846	-20.305	155.825
127.780	-19.907	155.841
127.737	-19.438	155.805
127.680	-18.966	155.799
127.666	-18.484	155.800
127.647	-18.021	155.815
127.631	-17.584	155.861
127.631	-17.144	155.905
127.627	-16.737	155.930
127.635	-16.410	155.978
127.630	-16.137	155.975
127.632	-15.959	156.009
127.641	-15.867	156.003
127.640	-15.908	156.012
127.647	-16.048	155.986
127.653	-16.312	155.991
127.687	-16.674	155.967
127.709	-17.129	155.909
127.729	-17.684	155.861
127.765	-18.292	155.797
127.770	-18.973	155.764
127.788	-19.694	155.784
127.801	-20.413	155.779
127.793	-21.105	155.793
127.797	-21.765	155.825
127.790	-22.304	155.901
127.842	-22.095	156.008
127.825	-21.884	155.975
127.772	-21.677	155.936
127.761	-21.491	155.918
127.800	-21.253	155.891
127.905	-20.920	155.826
127.950	-20.614	155.815
127.881	-20.224	155.831
127.769	-19.771	155.845
127.699	-19.286	155.845
127.692	-18.703	155.787
127.731	-18.144	155.821
127.711	-17.555	155.842
127.708	-16.972	155.892
127.662	-16.380	155.940
127.610	-15.835	156.012
127.556	-15.352	156.092
127.537	-14.949	156.164
127.599	-14.694	156.203
127.645	-14.634	156.227
127.662	-14.731	156.194
127.650	-14.979	156.135
127.626	-15.390	156.078
127.633	-15.929	155.991
127.629	-16.587	155.929
127.645	-17.322	155.860
127.663	-18.119	155.772
127.680	-19.005	155.749
127.702	-19.896	155.744
127.741	-20.753	155.750
127.752	-21.598	155.813
127.771	-22.347	155.901
127.903	-22.116	156.035
127.905	-21.858	156.021
127.861	-21.603	155.972
127.831	-21.373	155.935
127.845	-21.099	155.876
127.858	-20.780	155.855
127.823	-20.425	155.815
127.804	-20.054	155.829
127.798	-19.619	155.826
127.778	-19.135	155.839
127.737	-18.584	155.828
127.699	-18.030	155.856
127.717	-17.463	155.899
127.767	-16.874	155.931
127.702	-16.312	155.996
127.604	-15.803	156.114
127.504	-15.315	156.170
127.537	-14.939	156.207
127.637	-14.728	156.217
127.702	-14.714	156.219
127.716	-14.864	156.165
127.719	-15.198	156.103
127.709	-15.670	156.025
127.670	-16.269	155.955
127.641	-16.961	155.915
127.643	-17.711	155.847
127.670	-18.543	155.799
127.694	-19.430	155.778
127.754	-20.315	155.758
127.803	-21.179	155.781
127.819	-21.983	155.821
127.898	-22.326	155.985
127.923	-22.049	156.044
127.838	-21.813	155.986
127.754	-21.597	155.938
127.716	-21.384	155.911
127.731	-21.130	155.884
127.780	-20.810	155.840
127.822	-20.467	155.803
127.859	-20.094	155.833
127.871	-19.643	155.803
127.868	-19.193	155.820
127.845	-18.712	155.817
127.793	-18.239	155.849
127.737	-17.795	155.888
127.723	-17.380	155.938
127.687	-16.968	155.951
127.652	-16.627	156.015
127.627	-16.350	156.031
127.619	-16.150	156.051
127.625	-16.033	156.051
127.630	-16.033	156.029
127.642	-16.139	155.994
127.697	-16.384	155.963
127.819	-16.723	155.906
127.801	-17.181	155.895
127.702	-17.750	155.892
127.644	-18.352	155.860
127.633	-19.031	155.833
127.707	-19.723	155.802
127.777	-20.408	155.770
127.868	-21.122	155.796
127.908	-21.791	155.810
127.909	-22.354	155.889
127.895	-22.206	155.996
127.819	-22.036	155.974
127.726	-21.869	155.954
127.685	-21.691	155.901
127.697	-21.501	155.871
127.731	-21.268	155.845
127.795	-20.979	155.812
127.802	-20.645	155.799
127.819	-20.255	155.817
127.795	-19.795	155.788
127.751	-19.301	155.789
127.704	-18.739	155.789
127.660	-18.161	155.814
127.636	-17.593	155.871
127.625	-16.989	155.920
127.614	-16.423	155.987
127.631	-15.906	156.047
127.638	-15.470	156.118
127.634	-15.114	156.181
127.667	-14.889	156.204
127.678	-14.837	156.215
127.672	-14.933	156.196
127.659	-15.182	156.169
127.609	-15.544	156.086
127.593	-16.067	156.022
127.610	-16.682	155.940
127.629	-17.408	155.887
127.668	-18.175	155.809
127.702	-19.014	155.782
127.810	-19.862	155.761
127.926	-20.687	155.771
127.940	-21.466	155.826
127.848	-22.221	155.914
127.820	-22.191	156.060
127.798	-21.939	156.043
127.764	-21.709	155.971
127.771	-21.487	155.937
127.806	-21.259	155.879
127.857	-20.956	155.815
127.846	-20.631	155.777
127.809	-20.286	155.765
127.753	-19.922	155.797
127.720	-19.479	155.771
127.677	-19.037	155.782
127.654	-18.568	155.765
127.649	-18.137	155.791
127.613	-17.717	155.836
127.605	-17.310	155.888
127.603	-16.921	155.922
127.607	-16.588	155.957
127.608	-16.319	155.989
127.618	-16.145	156.002
127.625	-16.037	156.020
127.633	-16.025	155.993
127.646	-16.157	156.006
127.652	-16.384	155.997
127.677	-16.721	155.996
127.692	-17.129	155.949
127.706	-17.641	155.890
127.747	-18.217	155.835
127.761	-18.875	155.797
127.766	-19.566	155.800
127.782	-20.268	155.820
127.782	-20.944	155.820
127.783	-21.603	155.830
127.777	-22.225	155.898
127.830	-22.221	156.002
127.841	-22.012	156.009
127.809	-21.786	155.956
127.786	-21.588	155.912
127.817	-21.390	155.914
127.920	-21.084	155.828
