NO_OF_FRAMES	5000
NO_OF_DATA_TYPES	3
FREQUENCY	500
TIME_STAMP	2026-06-14, 17:44:00
DATA_INCLUDED	Position
DATA_TYPES	Unidentified [413050]_pos_X	Unidentified [413050]_pos_Y	Unidentified [413050]_pos_Z


242.555	94.992	120.950
242.579	95.440	120.928
242.580	95.956	120.925
242.170	98.313	122.012
242.268	98.620	121.897
242.460	99.067	121.960
242.498	99.287	121.820
242.487	99.324	121.686
242.415	99.234	121.584
242.404	99.102	121.628
242.390	98.922	121.715
242.543	99.656	122.571
242.296	98.678	121.794
242.969	98.924	122.486
242.786	98.668	122.429
243.051	98.667	123.071
240.129	100.332	122.283
242.569	99.022	123.306
243.356	98.020	124.085
242.671	98.754	123.419
242.715	98.630	123.456
242.777	98.502	123.523
242.730	98.477	123.518
242.731	98.423	123.534
242.760	98.338	123.554
242.875	98.310	123.703
242.842	98.261	123.752
242.823	98.222	123.769
242.816	98.171	123.754
242.835	98.162	123.734
243.451	97.904	124.134
243.475	97.902	124.135
243.500	97.911	124.115
243.519	97.897	124.108
243.421	98.082	124.101
243.517	97.941	124.113
243.498	97.944	124.135
243.480	98.000	124.119
243.456	98.007	124.139
243.426	98.043	124.139
243.398	98.052	124.138
243.387	98.073	124.128
243.381	98.103	124.112
243.382	98.131	124.093
243.389	98.153	124.065
243.401	98.171	124.048
243.408	98.190	124.023
243.414	98.200	124.012
243.259	98.599	123.901
243.129	98.810	123.737
243.003	98.989	123.592
242.925	99.076	123.508
242.833	99.153	123.428
242.788	99.173	123.381
242.739	99.161	123.352
242.721	99.099	123.364
242.687	99.019	123.373
242.699	98.871	123.439
243.401	98.029	124.094
243.262	98.231	124.056
243.172	98.281	123.965
243.111	98.297	123.901
243.030	98.337	123.825
242.984	98.343	123.761
242.941	98.307	123.738
242.917	98.266	123.782
242.887	98.224	123.841
242.838	98.214	123.809
242.836	98.184	123.778
242.849	98.178	123.762
242.863	98.183	123.770
242.897	98.211	123.760
242.904	98.236	123.728
242.860	98.302	123.664
242.878	98.357	123.620
242.819	98.467	123.557
242.768	98.598	123.517
242.706	98.734	123.454
243.416	98.038	124.118
243.399	98.071	124.106
243.393	98.093	124.105
243.399	98.099	124.104
243.394	98.106	124.091
243.400	98.138	124.067
243.418	98.162	124.038
243.430	98.151	124.041
243.442	98.156	124.022
243.449	98.140	124.028
243.444	98.120	124.038
243.427	98.114	124.047
243.408	98.091	124.075
243.384	98.090	124.080
243.366	98.097	124.081
243.366	98.086	124.082
243.365	98.091	124.078
243.383	98.048	124.103
243.395	98.041	124.093
243.401	98.017	124.100
243.401	98.020	124.077
243.312	98.185	124.068
243.245	98.233	123.985
243.144	98.318	123.902
243.077	98.337	123.843
243.419	97.955	124.108
243.313	98.089	124.194
243.210	98.156	124.147
243.133	98.182	124.085
243.036	98.259	123.946
243.030	98.263	123.909
243.019	98.272	123.877
242.997	98.284	123.828
242.940	98.333	123.755
242.920	98.327	123.704
242.844	98.397	123.617
242.812	98.474	123.585
242.804	98.550	123.568
242.731	98.725	123.495
242.698	98.821	123.449
242.629	98.974	123.356
242.631	99.079	123.321
243.394	98.109	124.088
243.265	98.443	124.002
243.137	98.688	123.795
243.050	98.894	123.613
242.929	99.131	123.431
242.829	99.287	123.272
242.777	99.353	123.195
243.450	98.098	124.031
243.439	98.068	124.051
243.277	98.408	123.979
243.409	98.050	124.068
243.244	98.386	123.988
243.390	98.015	124.093
243.390	98.002	124.100
243.391	98.001	124.089
243.396	97.945	124.123
243.397	97.950	124.102
243.403	97.941	124.088
243.398	97.928	124.080
243.404	97.945	124.060
243.397	97.937	124.073
243.414	97.933	124.084
243.309	98.116	124.070
243.236	98.166	124.063
243.184	98.184	124.054
243.123	98.183	124.012
243.041	98.215	123.919
243.416	97.979	124.135
243.335	98.121	124.175
243.252	98.203	124.080
243.209	98.268	123.979
243.161	98.286	123.907
243.114	98.332	123.854
243.027	98.434	123.777
242.951	98.509	123.692
242.852	98.633	123.597
242.779	98.757	123.524
242.640	98.938	123.394
242.630	99.053	123.345
242.637	99.151	123.298
242.604	99.282	123.218
242.662	99.342	123.185
243.436	98.150	124.049
243.444	98.143	124.026
243.455	98.145	124.018
243.455	98.139	124.019
243.456	98.101	124.043
243.456	98.072	124.047
243.439	98.074	124.050
243.433	98.023	124.082
243.415	98.033	124.077
243.403	98.025	124.082
243.391	98.023	124.070
243.396	97.977	124.108
243.396	97.953	124.116
243.396	97.931	124.118
243.397	97.912	124.110
243.392	97.906	124.093
243.386	97.920	124.085
243.391	97.901	124.100
243.391	97.908	124.102
243.390	97.946	124.074
243.401	97.942	124.102
243.427	97.923	124.188
243.431	97.936	124.213
243.431	97.962	124.186
243.347	98.119	124.170
243.267	98.199	124.096
243.230	98.235	124.062
243.490	98.047	124.146
243.493	98.059	124.104
243.380	98.223	124.113
243.259	98.326	124.027
243.160	98.419	123.942
243.042	98.562	123.828
242.947	98.689	123.732
242.823	98.853	123.611
242.748	98.979	123.501
242.709	99.086	123.412
242.664	99.226	123.309
242.608	99.414	123.151
242.630	99.515	123.080
242.644	99.596	123.020
242.626	99.699	122.957
242.569	99.751	122.883
243.478	98.160	124.021
243.467	98.124	124.033
243.462	98.086	124.051
243.275	98.455	123.955
243.128	98.635	123.798
243.397	98.048	124.073
243.391	98.046	124.067
243.391	98.006	124.088
243.396	97.986	124.092
243.396	97.964	124.086
243.403	97.932	124.083
243.397	97.918	124.080
243.386	97.906	124.089
243.385	97.902	124.092
243.380	97.907	124.081
243.385	97.901	124.088
243.389	97.916	124.107
243.416	97.918	124.179
243.328	98.063	124.234
243.424	97.950	124.192
243.424	97.971	124.166
243.430	98.021	124.142
243.453	98.035	124.146
243.472	98.058	124.132
243.503	98.072	124.102
243.410	98.221	124.130
243.320	98.300	124.049
243.220	98.409	123.955
243.103	98.525	123.858
242.974	98.655	123.761
242.833	98.800	123.660
242.712	98.948	123.554
242.699	99.004	123.500
242.549	99.258	123.311
242.537	99.399	123.168
242.571	99.488	123.100
242.630	99.537	123.050
242.588	99.684	122.953
242.596	99.701	122.926
242.590	99.680	122.924
242.591	99.620	122.962
242.631	99.515	123.024
242.571	99.496	123.025
242.573	99.411	123.080
242.558	99.366	123.092
242.621	99.218	123.164
242.617	99.117	123.208
242.628	99.015	123.245
243.398	97.944	124.087
243.399	97.911	124.075
243.399	97.873	124.090
243.393	97.873	124.080
243.393	97.856	124.090
243.398	97.850	124.097
243.404	97.854	124.093
243.414	97.853	124.123
243.434	97.825	124.222
243.438	97.830	124.244
243.438	97.867	124.208
243.438	97.899	124.172
243.450	97.934	124.161
243.466	97.950	124.176
243.486	97.976	124.147
243.493	98.005	124.113
243.487	98.040	124.101
243.485	98.051	124.123
243.472	98.088	124.123
243.460	98.124	124.115
243.449	98.145	124.121
243.320	98.377	124.119
243.199	98.536	123.997
243.075	98.730	123.839
242.993	98.886	123.709
242.937	99.010	123.577
243.396	98.232	124.034
243.246	98.590	123.938
243.123	98.810	123.752
243.000	99.066	123.529
242.909	99.209	123.396
242.852	99.290	123.309
242.763	99.341	123.260
242.688	99.397	123.185
242.671	99.343	123.177
242.654	99.284	123.188
242.603	99.268	123.165
242.592	99.174	123.192
242.608	99.072	123.256
242.643	98.940	123.302
243.392	97.924	124.085
243.375	97.924	124.065
243.369	97.879	124.088
243.363	97.874	124.090
243.352	97.876	124.074
243.257	98.061	124.045
243.374	97.873	124.083
243.400	97.820	124.190
243.422	97.834	124.217
243.426	97.841	124.213
243.432	97.894	124.161
243.437	97.907	124.161
243.454	97.929	124.168
243.474	97.959	124.140
243.499	97.962	124.120
243.494	97.989	124.099
243.492	98.014	124.105
243.474	98.034	124.117
243.455	98.071	124.117
243.419	98.102	124.127
243.384	98.143	124.119
243.367	98.148	124.128
243.351	98.196	124.088
243.352	98.199	124.086
243.245	98.500	124.030
243.150	98.715	123.848
243.038	99.000	123.614
243.007	99.103	123.506
242.889	99.351	123.326
242.790	99.480	123.182
242.717	99.512	123.131
242.641	99.537	123.099
242.568	99.541	123.064
242.513	99.553	123.031
242.546	99.449	123.084
242.513	99.429	123.086
242.539	99.306	123.149
242.586	99.155	123.219
242.607	99.042	123.268
242.652	98.933	123.304
242.662	98.826	123.340
242.708	98.719	123.402
242.680	98.650	123.445
242.695	98.581	123.477
242.705	98.514	123.496
242.696	98.467	123.516
242.718	98.411	123.582
242.760	98.342	123.673
242.753	98.315	123.696
242.774	98.270	123.693
243.438	97.935	124.134
243.455	97.963	124.131
243.485	97.965	124.136
243.500	97.983	124.098
243.512	97.984	124.092
243.510	98.008	124.095
243.497	98.025	124.110
243.480	98.031	124.122
243.462	98.062	124.116
243.444	98.091	124.124
243.408	98.102	124.142
243.386	98.125	124.124
243.363	98.141	124.107
243.358	98.174	124.077
243.367	98.190	124.044
243.390	98.192	124.037
243.402	98.233	124.000
243.409	98.202	124.009
243.420	98.206	124.003
243.426	98.220	123.997
243.431	98.199	124.026
243.274	98.564	123.926
243.146	98.726	123.794
243.028	98.885	123.661
242.960	98.944	123.593
243.414	98.064	124.096
243.385	98.065	124.081
243.240	98.312	124.042
243.121	98.440	123.906
243.039	98.518	123.782
242.988	98.526	123.724
242.921	98.553	123.673
242.902	98.516	123.660
242.873	98.472	123.634
242.830	98.443	123.610
242.774	98.407	123.617
242.787	98.330	123.699
242.762	98.296	123.725
242.794	98.239	123.742
243.449	97.938	124.157
243.461	97.982	124.141
243.479	97.966	124.148
243.505	97.984	124.117
243.513	97.986	124.090
243.519	97.994	124.083
243.506	98.011	124.086
243.488	98.030	124.090
243.476	98.047	124.098
243.451	98.043	124.127
243.416	98.068	124.129
243.387	98.090	124.110
243.370	98.102	124.103
243.372	98.099	124.087
243.385	98.118	124.072
243.397	98.127	124.051
243.416	98.137	124.022
243.428	98.131	124.013
243.434	98.138	124.005
243.434	98.140	124.008
243.439	98.103	124.041
243.427	98.116	124.025
243.416	98.068	124.061
243.403	98.083	124.054
243.232	98.427	123.982
243.124	98.577	123.834
243.012	98.701	123.720
242.976	98.706	123.673
242.886	98.770	123.584
243.397	97.943	124.112
243.380	97.938	124.096
243.248	98.174	124.063
243.140	98.271	123.966
243.064	98.320	123.889
242.992	98.398	123.789
242.957	98.399	123.752
242.943	98.378	123.819
242.892	98.377	123.814
242.877	98.321	123.795
242.829	98.284	123.733
242.845	98.223	123.751
242.848	98.245	123.766
242.867	98.255	123.752
243.493	98.046	124.095
243.499	98.056	124.082
243.487	98.078	124.077
243.469	98.093	124.081
243.463	98.084	124.097
243.446	98.098	124.094
243.422	98.103	124.119
243.392	98.119	124.116
243.376	98.162	124.076
243.377	98.148	124.068
243.390	98.149	124.053
243.409	98.151	124.031
243.427	98.154	124.018
243.434	98.133	124.014
243.440	98.125	124.012
243.439	98.102	124.030
243.428	98.109	124.023
243.427	98.075	124.052
243.422	98.064	124.046
243.404	98.054	124.050
243.398	98.032	124.070
243.385	98.036	124.072
243.385	98.006	124.089
243.390	97.997	124.092
243.389	97.985	124.097
243.396	97.979	124.081
243.259	98.222	124.030
243.175	98.298	123.934
243.125	98.320	123.900
243.052	98.376	123.828
243.391	97.935	124.096
243.390	97.958	124.084
243.306	98.114	124.157
243.209	98.209	124.122
243.123	98.275	124.033
243.106	98.270	123.967
243.062	98.291	123.905
243.044	98.295	123.905
243.478	98.078	124.126
243.515	98.068	124.107
243.523	98.083	124.070
243.425	98.237	124.102
243.498	98.127	124.078
243.486	98.125	124.094
243.468	98.151	124.097
243.444	98.159	124.110
243.304	98.390	124.101
243.174	98.535	123.961
243.377	98.180	124.069
243.372	98.203	124.035
243.391	98.180	124.039
243.415	98.182	124.017
243.433	98.170	124.007
243.440	98.154	124.003
243.446	98.153	123.990
243.451	98.143	124.001
243.456	98.083	124.046
243.439	98.074	124.042
243.433	98.053	124.057
243.427	98.016	124.089
243.415	97.989	124.102
243.403	98.001	124.090
243.396	97.974	124.102
243.390	97.935	124.123
243.390	97.939	124.100
243.379	97.943	124.070
243.373	97.928	124.084
243.366	97.930	124.092
243.263	98.118	124.063
243.175	98.231	123.955
243.123	98.262	123.919
243.069	98.315	123.931
243.432	97.895	124.243
243.431	97.917	124.228
243.323	98.113	124.194
243.254	98.181	124.116
243.199	98.233	124.063
243.172	98.269	123.982
243.125	98.299	123.897
243.075	98.311	123.841
243.016	98.352	123.796
243.481	98.113	124.070
243.475	98.120	124.081
243.458	98.138	124.091
243.336	98.343	124.118
243.199	98.485	124.019
243.087	98.638	123.876
242.988	98.794	123.724
243.389	98.206	124.045
243.415	98.199	124.014
243.427	98.171	124.019
243.440	98.169	123.999
243.446	98.146	124.000
243.441	98.141	123.994
243.446	98.088	124.038
243.445	98.064	124.054
243.434	98.067	124.033
243.423	98.030	124.051
243.411	98.007	124.069
243.405	97.977	124.079
243.398	97.962	124.088
243.392	97.927	124.107
243.386	97.929	124.090
243.386	97.899	124.099
243.380	97.862	124.107
243.369	97.868	124.097
243.362	97.874	124.096
243.362	97.892	124.094
243.367	97.888	124.103
243.367	97.913	124.086
243.275	98.106	124.086
243.209	98.190	124.076
243.159	98.238	124.053
243.124	98.245	124.010
243.050	98.303	123.926
243.440	98.012	124.163
243.430	98.036	124.158
243.336	98.192	124.170
243.272	98.260	124.081
243.212	98.302	123.998
243.151	98.379	123.912
243.031	98.506	123.798
242.976	98.579	123.745
243.462	98.209	124.077
243.356	98.397	124.118
243.244	98.534	124.005
243.126	98.693	123.860
243.040	98.824	123.723
242.975	98.965	123.589
243.442	98.249	124.021
243.314	98.566	123.947
243.190	98.748	123.760
243.077	98.960	123.563
243.446	98.151	123.996
243.434	98.135	124.008
243.270	98.495	123.913
243.140	98.674	123.737
243.036	98.807	123.615
243.434	97.998	124.083
243.433	97.977	124.092
243.426	97.954	124.101
243.426	97.919	124.110
243.426	97.894	124.115
243.422	97.881	124.079
243.405	97.858	124.074
243.393	97.844	124.088
243.375	97.826	124.106
243.368	97.839	124.105
243.361	97.871	124.086
243.377	97.865	124.128
243.303	98.051	124.197
243.242	98.118	124.156
243.434	97.885	124.253
243.445	97.944	124.203
243.463	97.986	124.192
243.401	98.152	124.207
243.341	98.224	124.111
243.296	98.271	124.036
243.544	98.085	124.103
243.508	98.119	124.097
243.381	98.275	124.148
243.244	98.420	124.036
243.123	98.550	123.942
243.005	98.678	123.833
242.942	98.750	123.774
242.815	98.932	123.628
242.799	99.012	123.536
242.739	99.179	123.409
242.697	99.325	123.250
242.690	99.452	123.144
242.714	99.514	123.080
242.641	99.684	122.961
242.645	99.716	122.933
242.579	99.750	122.895
242.578	99.680	122.934
242.579	99.566	122.985
242.529	99.531	122.997
242.589	99.392	123.078
242.566	99.321	123.110
242.590	99.213	123.152
242.616	99.096	123.193
243.398	97.915	124.096
243.404	97.882	124.090
243.399	97.878	124.066
243.393	97.841	124.082
243.392	97.819	124.101
243.380	97.829	124.098
243.380	97.834	124.094
243.384	97.826	124.115
243.282	98.021	124.122
243.408	97.819	124.244
243.424	97.847	124.263
243.428	97.893	124.226
243.434	97.933	124.186
243.451	97.959	124.197
243.475	98.001	124.182
243.495	98.051	124.137
243.514	98.066	124.117
243.513	98.106	124.102
243.505	98.144	124.111
243.482	98.191	124.101
243.368	98.408	124.110
243.271	98.526	124.021
243.173	98.650	123.927
243.052	98.784	123.817
242.900	98.964	123.678
242.800	99.089	123.579
242.685	99.288	123.396
242.672	99.382	123.283
242.602	99.581	123.119
242.617	99.677	123.004
242.624	99.733	122.970
242.574	99.793	122.906
242.537	99.791	122.889
242.547	99.695	122.925
242.557	99.592	122.984
242.600	99.452	123.069
242.583	99.395	123.099
242.577	99.316	123.126
242.620	99.164	123.182
242.613	99.054	123.228
242.641	98.927	123.263
242.600	98.872	123.244
242.650	98.732	123.313
243.377	97.813	124.074
243.371	97.784	124.092
243.260	97.994	124.033
243.159	98.100	123.919
243.381	97.763	124.117
243.401	97.743	124.202
243.416	97.761	124.251
243.420	97.779	124.246
243.431	97.825	124.208
243.448	97.855	124.198
243.471	97.903	124.189
243.496	97.932	124.165
243.527	97.952	124.138
243.539	97.993	124.109
243.526	98.006	124.133
243.501	98.062	124.126
243.477	98.110	124.127
243.459	98.158	124.119
243.423	98.192	124.134
243.279	98.462	124.115
243.153	98.641	123.972
243.037	98.832	123.818
242.958	99.014	123.655
242.931	99.133	123.536
242.785	99.389	123.323
242.743	99.522	123.196
242.696	99.650	123.093
242.585	99.795	122.957
242.557	99.792	122.930
242.552	99.732	122.955
242.558	99.633	123.016
242.569	99.525	123.072
242.530	99.492	123.071
242.549	99.403	123.123
242.572	99.284	123.151
242.613	99.123	123.219
242.621	99.000	123.269
242.617	98.905	123.296
242.667	98.777	123.330
242.677	98.655	123.389
242.711	98.540	123.454
242.697	98.466	123.481
242.710	98.402	123.506
242.700	98.349	123.511
242.749	98.282	123.581
242.697	98.283	123.640
242.763	98.200	123.717
243.421	97.801	124.216
243.433	97.836	124.166
243.449	97.871	124.153
243.473	97.898	124.157
243.503	97.905	124.162
243.527	97.925	124.141
243.533	97.943	124.132
243.526	97.974	124.139
243.502	98.023	124.123
243.478	98.056	124.129
243.454	98.094	124.141
243.407	98.139	124.138
243.378	98.190	124.118
243.355	98.206	124.110
243.221	98.547	124.035
243.106	98.786	123.839
242.995	99.030	123.628
242.926	99.239	123.464
243.406	98.330	123.989
243.268	98.697	123.891
243.146	98.941	123.705
243.041	99.097	123.569
242.982	99.129	123.527
242.881	99.199	123.434
242.772	99.264	123.368
242.693	99.282	123.328
242.615	99.293	123.265
242.585	99.211	123.272
242.585	99.112	123.258
242.668	98.914	123.356
242.679	98.805	123.394
242.708	98.690	123.418
242.748	98.558	123.480
242.757	98.457	123.526
242.775	98.376	123.560
242.758	98.334	123.572
242.744	98.268	123.587
242.734	98.238	123.659
242.802	98.147	123.783
242.789	98.113	123.793
242.811	98.099	123.776
243.422	97.913	124.113
243.452	97.889	124.143
243.482	97.916	124.122
243.507	97.915	124.106
243.530	97.917	124.108
243.529	97.940	124.105
243.510	97.987	124.101
243.480	98.000	124.119
243.437	98.043	124.128
243.403	98.071	124.120
243.380	98.098	124.119
243.363	98.133	124.103
243.352	98.161	124.094
243.358	98.174	124.086
243.365	98.204	124.060
243.378	98.231	124.014
243.396	98.251	123.998
243.413	98.247	124.001
243.425	98.244	124.013
243.431	98.230	124.012
243.273	98.611	123.929
243.154	98.768	123.788
243.044	98.900	123.677
242.947	99.020	123.559
242.902	99.028	123.511
242.830	99.038	123.481
242.789	98.985	123.448
242.720	98.928	123.449
242.691	98.830	123.454
242.660	98.763	123.444
242.679	98.674	123.453
242.684	98.600	123.472
242.708	98.520	123.517
242.730	98.461	123.533
242.699	98.452	123.519
242.736	98.375	123.562
242.750	98.327	123.650
242.786	98.279	123.731
242.792	98.257	123.737
242.789	98.257	123.712
242.826	98.243	123.725
242.833	98.279	123.706
242.842	98.319	123.679
243.522	97.968	124.110
243.546	97.963	124.102
243.541	97.976	124.095
243.534	97.978	124.115
243.504	98.020	124.106
243.485	98.023	124.136
243.450	98.059	124.120
243.422	98.078	124.115
243.405	98.094	124.106
243.394	98.099	124.109
243.389	98.124	124.085
243.384	98.143	124.071
243.396	98.162	124.037
243.403	98.180	124.020
243.415	98.157	124.022
243.421	98.167	124.011
243.422	98.153	124.028
243.415	98.142	124.038
243.403	98.136	124.053
243.384	98.133	124.064
243.367	98.121	124.074
243.367	98.110	124.075
243.378	98.090	124.081
243.384	98.079	124.081
243.395	98.045	124.098
243.293	98.248	124.065
243.203	98.314	123.970
243.127	98.367	123.874
243.410	97.944	124.089
243.404	97.930	124.086
243.286	98.106	124.088
243.198	98.155	124.024
243.152	98.156	124.054
243.090	98.183	124.026
243.049	98.166	123.980
243.020	98.173	123.918
243.008	98.143	123.899
242.972	98.142	123.865
242.956	98.147	123.811
242.918	98.144	123.760
242.903	98.205	123.721
242.905	98.272	123.693
242.826	98.412	123.620
243.452	98.028	124.111
243.411	98.056	124.092
243.382	98.096	124.081
243.371	98.086	124.089
243.366	98.108	124.080
243.372	98.113	124.078
243.384	98.114	124.071
243.402	98.129	124.051
243.421	98.134	124.031
243.432	98.136	124.023
243.450	98.134	124.020
243.444	98.112	124.033
243.444	98.096	124.046
243.427	98.082	124.054
243.403	98.054	124.083
243.385	98.057	124.096
243.367	98.051	124.096
243.367	98.058	124.086
243.384	98.007	124.117
243.383	98.033	124.090
243.390	98.012	124.087
243.391	98.000	124.069
243.398	98.010	124.040
243.404	97.968	124.069
243.305	98.175	124.054
243.207	98.278	123.948
243.146	98.310	123.926
243.096	98.343	123.925
243.438	97.932	124.211
243.432	97.944	124.190
243.311	98.135	124.167
243.248	98.189	124.101
243.184	98.265	124.014
243.138	98.285	123.942
243.095	98.328	123.863
243.067	98.334	123.824
243.481	98.069	124.090
243.481	98.049	124.099
243.470	98.057	124.096
243.363	98.260	124.117
243.247	98.396	124.011
243.140	98.540	123.892
243.040	98.668	123.786
242.926	98.847	123.624
242.862	98.967	123.506
242.786	99.134	123.365
242.730	99.301	123.232
242.661	99.477	123.086
242.588	99.659	122.962
242.574	99.684	122.928
242.520	99.737	122.887
242.496	99.703	122.906
243.427	98.094	124.043
243.258	98.451	123.943
243.403	98.078	124.054
243.391	98.047	124.078
243.384	98.038	124.083
243.379	98.030	124.079
243.373	98.022	124.075
243.379	97.989	124.089
243.379	97.961	124.093
243.380	97.958	124.071
243.374	97.944	124.076
243.373	97.940	124.087
243.380	97.953	124.070
243.374	97.954	124.071
243.385	97.965	124.067
243.406	97.957	124.133
243.317	98.110	124.201
243.237	98.193	124.112
243.167	98.210	124.052
243.116	98.249	123.981
243.437	98.018	124.162
243.438	98.025	124.148
243.344	98.196	124.134
243.277	98.255	124.056
243.195	98.334	123.967
243.138	98.385	123.901
243.053	98.467	123.819
242.975	98.582	123.742
242.871	98.715	123.646
242.797	98.822	123.566
242.710	98.990	123.422
242.648	99.133	123.316
242.649	99.232	123.246
242.673	99.338	123.198
242.683	99.435	123.117
242.653	99.550	123.043
242.636	99.654	122.960
242.603	99.676	122.904
242.526	99.727	122.862
242.588	99.570	122.970
243.440	98.059	124.059
243.410	98.063	124.054
243.392	98.038	124.070
243.386	98.040	124.062
243.385	97.987	124.098
243.385	97.970	124.100
243.385	97.968	124.085
243.392	97.944	124.076
243.386	97.920	124.077
243.376	97.914	124.070
243.375	97.889	124.086
243.369	97.902	124.076
243.369	97.904	124.070
243.380	97.900	124.087
243.412	97.875	124.173
243.415	97.875	124.224
243.426	97.918	124.204
243.426	97.956	124.159
243.426	97.981	124.142
243.448	98.013	124.151
243.379	98.150	124.171
243.328	98.238	124.055
243.279	98.259	124.002
243.184	98.323	123.929
243.074	98.403	123.849
242.947	98.497	123.766
242.849	98.604	123.695
242.761	98.735	123.604
242.692	98.859	123.529
242.653	98.960	123.456
242.595	99.111	123.351
242.604	99.214	123.277
242.609	99.337	123.185
242.640	99.422	123.114
242.663	99.497	123.077
242.647	99.611	122.989
242.562	99.749	122.905
242.561	99.729	122.896
242.517	99.725	122.911
242.563	99.578	122.976
242.566	99.485	123.038
242.540	99.459	123.036
242.568	99.340	123.100
242.575	99.265	123.121
242.591	99.160	123.180
243.392	97.961	124.086
243.398	97.941	124.073
243.405	97.890	124.088
243.399	97.886	124.080
243.392	97.892	124.079
243.398	97.868	124.095
243.392	97.890	124.072
243.397	97.877	124.098
243.417	97.863	124.181
243.427	97.821	124.251
243.426	97.872	124.214
243.426	97.897	124.177
243.432	97.957	124.141
243.454	97.959	124.170
243.467	97.993	124.144
243.487	98.008	124.116
243.504	98.025	124.106
243.496	98.045	124.122
243.478	98.082	124.122
243.472	98.112	124.123
243.359	98.305	124.142
243.258	98.429	124.034
243.126	98.598	123.924
243.039	98.700	123.822
242.937	98.845	123.684
242.807	99.025	123.525
242.767	99.131	123.425
242.673	99.338	123.267
242.640	99.485	123.142
242.601	99.621	123.008
242.608	99.698	122.968
242.533	99.792	122.902
242.525	99.753	122.893
242.520	99.686	122.920
242.559	99.557	122.979
242.531	99.528	122.994
242.592	99.383	123.103
242.569	99.326	123.129
242.623	99.177	123.208
242.606	99.101	123.231
242.597	99.018	123.236
243.387	97.929	124.066
243.370	97.920	124.062
243.370	97.874	124.092
243.357	97.871	124.093
243.364	97.883	124.066
243.249	98.093	124.033
243.391	97.861	124.109
243.423	97.829	124.201
243.432	97.837	124.235
243.437	97.883	124.199
243.437	97.907	124.161
243.448	97.922	124.174
243.460	97.948	124.179
243.479	97.968	124.150
243.487	97.997	124.109
243.498	98.027	124.097
243.479	98.055	124.109
243.466	98.076	124.122
243.448	98.117	124.119
243.443	98.133	124.120
243.426	98.162	124.112
243.407	98.199	124.120
243.272	98.475	124.092
243.153	98.666	123.906
243.074	98.827	123.764
242.976	99.048	123.584
243.436	98.261	124.021
243.287	98.604	123.920
243.141	98.834	123.738
242.982	99.113	123.523
242.902	99.219	123.409
242.819	99.314	123.321
242.730	99.368	123.238
242.651	99.410	123.190
242.654	99.345	123.191
242.608	99.329	123.177
242.580	99.267	123.168
242.602	99.160	123.212
242.609	99.052	123.250
242.620	98.970	123.265
242.626	98.875	123.305
242.612	98.792	123.352
242.709	98.603	123.459
242.655	98.600	123.452
242.681	98.503	123.482
242.750	98.403	123.556
242.765	98.343	123.660
242.738	98.327	123.694
243.432	97.861	124.206
243.432	97.895	124.165
243.443	97.925	124.144
243.454	97.942	124.160
243.480	97.955	124.141
243.499	97.963	124.112
243.505	97.975	124.104
243.492	97.995	124.113
243.480	98.022	124.117
243.462	98.046	124.118
243.439	98.071	124.121
243.403	98.100	124.129
243.367	98.133	124.133
243.345	98.157	124.110
243.340	98.185	124.084
243.354	98.192	124.064
243.378	98.217	124.037
243.397	98.237	124.006
243.421	98.215	124.011
243.438	98.222	123.994
243.286	98.621	123.895
243.143	98.883	123.698
243.059	99.007	123.583
243.456	98.143	124.056
243.260	98.503	123.968
243.103	98.701	123.788
242.995	98.801	123.692
242.919	98.886	123.589
242.861	98.903	123.526
242.807	98.914	123.474
242.777	98.888	123.430
242.713	98.874	123.379
242.703	98.794	123.380
242.678	98.712	123.404
242.706	98.641	123.451
242.685	98.580	123.463
242.692	98.535	123.468
242.762	98.413	123.577
242.748	98.402	123.642
242.745	98.364	123.674
243.438	97.906	124.183
243.438	97.923	124.145
243.450	97.925	124.156
243.474	97.940	124.155
243.493	97.963	124.129
243.512	97.969	124.105
243.506	97.990	124.092
243.493	98.005	124.102
243.481	98.031	124.106
243.463	98.057	124.108
243.451	98.076	124.111
243.433	98.086	124.127
243.403	98.103	124.134
243.381	98.131	124.108
243.365	98.145	124.089
243.372	98.158	124.057
243.385	98.168	124.038
243.398	98.198	124.003
243.410	98.189	124.000
243.410	98.194	123.988
243.415	98.199	123.994
243.420	98.192	124.010
243.421	98.177	124.015
243.264	98.536	123.919
243.122	98.718	123.771
243.043	98.816	123.685
242.931	98.938	123.581
243.402	98.054	124.091
243.391	98.033	124.086
243.239	98.299	124.035
243.099	98.449	123.878
243.026	98.502	123.786
242.987	98.519	123.723
242.916	98.554	123.662
242.860	98.568	123.629
242.856	98.503	123.618
242.849	98.448	123.615
242.780	98.463	123.637
242.743	98.396	123.675
242.778	98.334	123.709
242.813	98.259	123.726
243.454	97.966	124.160
243.466	98.002	124.144
243.491	97.998	124.143
243.505	98.019	124.099
243.506	98.035	124.078
243.504	98.049	124.086
243.492	98.065	124.091
243.475	98.080	124.090
243.463	98.095	124.096
243.444	98.100	124.120
243.415	98.108	124.124
243.386	98.118	124.114
243.376	98.145	124.085
243.377	98.160	124.065
243.390	98.159	124.049
243.397	98.181	124.013
243.416	98.170	124.006
243.422	98.149	124.011
243.416	98.152	123.998
243.416	98.146	124.015
243.415	98.137	124.026
243.410	98.101	124.037
243.392	98.107	124.028
243.379	98.085	124.057
243.379	98.068	124.075
243.231	98.398	123.985
243.111	98.551	123.847
243.030	98.627	123.744
242.973	98.677	123.664
242.907	98.691	123.606
243.386	97.933	124.107
243.380	97.932	124.105
243.263	98.151	124.077
243.164	98.250	123.968
243.081	98.311	123.898
243.048	98.373	123.872
243.011	98.378	123.889
242.954	98.377	123.851
243.442	97.996	124.153
243.449	98.013	124.126
243.379	98.144	124.164
243.330	98.190	124.094
243.499	98.046	124.102
243.500	98.057	124.085
243.402	98.212	124.109
243.480	98.107	124.082
243.468	98.109	124.087
243.451	98.137	124.076
243.439	98.108	124.115
243.410	98.138	124.108
243.387	98.132	124.110
243.251	98.402	124.062
243.383	98.163	124.062
243.402	98.161	124.044
243.421	98.152	124.033
243.439	98.146	124.017
243.450	98.133	124.021
243.445	98.131	124.009
243.444	98.096	124.038
243.439	98.097	124.039
243.272	98.451	123.943
243.422	98.049	124.051
243.416	98.037	124.058
243.398	98.021	124.071
243.391	98.009	124.086
243.385	97.982	124.098
243.384	97.970	124.103
243.384	97.967	124.090
243.374	97.951	124.077
243.255	98.189	124.036
243.162	98.287	123.939
243.103	98.312	123.897
243.037	98.363	123.820
242.960	98.400	123.741
243.395	97.902	124.134
243.302	98.102	124.189
243.212	98.194	124.138
243.142	98.261	124.029
243.094	98.285	123.946
243.069	98.279	123.910
243.034	98.299	123.896
243.491	98.069	124.116
243.422	98.199	124.126
243.518	98.081	124.069
243.517	98.091	124.081
243.497	98.134	124.079
243.486	98.142	124.084
243.364	98.330	124.106
243.439	98.169	124.100
243.410	98.153	124.116
243.382	98.185	124.076
243.377	98.181	124.064
243.248	98.484	124.009
243.168	98.647	123.836
243.416	98.165	124.020
243.440	98.163	123.999
243.441	98.152	123.993
243.446	98.132	124.004
243.451	98.101	124.029
243.451	98.082	124.037
243.440	98.064	124.039
243.428	98.027	124.072
243.422	97.993	124.094
243.410	97.984	124.088
243.397	97.957	124.097
243.392	97.954	124.093
243.391	97.917	124.115
243.386	97.934	124.069
243.374	97.905	124.088
243.373	97.912	124.086
243.260	98.104	124.071
243.181	98.185	123.979
243.120	98.262	123.892
243.038	98.323	123.860
242.996	98.348	123.881
243.443	97.894	124.241
243.437	97.925	124.211
243.328	98.118	124.181
243.250	98.197	124.109
243.207	98.251	124.036
243.171	98.278	123.964
243.119	98.300	123.892
243.067	98.350	123.831
243.487	98.120	124.062
243.370	98.300	124.084
243.464	98.147	124.069
243.343	98.345	124.114
243.237	98.472	124.017
243.123	98.601	123.920
243.001	98.765	123.759
242.917	98.895	123.626
243.401	98.214	124.040
243.415	98.210	124.013
243.434	98.205	123.989
243.440	98.184	123.994
243.452	98.147	124.003
243.446	98.139	124.007
243.439	98.117	124.026
243.439	98.092	124.043
243.428	98.069	124.036
243.422	98.030	124.059
243.410	97.990	124.087
243.398	97.976	124.093
243.392	97.970	124.083
243.392	97.943	124.094
243.386	97.926	124.093
243.391	97.897	124.103
243.386	97.897	124.084
243.369	97.887	124.080
243.361	97.881	124.103
243.366	97.882	124.112
243.360	97.916	124.089
243.257	98.129	124.055
243.202	98.187	124.005
243.141	98.253	124.008
243.089	98.307	123.981
243.046	98.312	123.930
243.022	98.298	123.879
243.429	98.034	124.152
243.334	98.197	124.167
243.263	98.251	124.093
243.191	98.347	123.985
243.137	98.392	123.909
243.085	98.448	123.838
243.010	98.518	123.774
242.917	98.640	123.683
242.881	98.726	123.635
243.455	98.232	124.095
243.332	98.465	124.103
243.214	98.620	123.960
243.106	98.777	123.801
243.034	98.941	123.656
242.959	99.105	123.501
242.885	99.242	123.352
243.450	98.216	123.992
243.446	98.207	123.973
243.440	98.170	123.998
243.258	98.546	123.906
243.122	98.749	123.726
243.423	98.071	124.041
243.422	98.044	124.063
243.432	97.992	124.108
243.426	97.979	124.104
243.426	97.933	124.114
243.425	97.923	124.114
243.420	97.896	124.110
243.416	97.868	124.087
243.399	97.851	124.081
243.392	97.846	124.098
243.374	97.831	124.102
243.362	97.861	124.083
243.361	97.855	124.099
243.377	97.854	124.149
243.306	98.024	124.222
243.419	97.876	124.245
243.428	97.903	124.235
243.440	97.960	124.183
243.371	98.128	124.192
243.324	98.185	124.139
243.295	98.243	124.041
243.245	98.260	123.979
243.176	98.308	123.905
243.043	98.388	123.834
242.928	98.476	123.767
242.827	98.600	123.683
242.729	98.725	123.606
242.634	98.863	123.515
242.609	98.991	123.471
242.636	99.068	123.437
242.616	99.200	123.344
242.639	99.301	123.267
242.661	99.412	123.188
242.686	99.504	123.109
242.688	99.579	123.036
242.638	99.725	122.944
242.573	99.777	122.888
242.591	99.707	122.918
242.555	99.654	122.954
242.597	99.508	123.018
242.546	99.468	123.027
242.538	99.398	123.065
242.588	99.270	123.129
243.393	97.979	124.072
243.399	97.934	124.084
243.404	97.910	124.082
243.405	97.868	124.082
243.400	97.856	124.073
243.400	97.827	124.081
243.387	97.807	124.104
243.387	97.809	124.098
243.381	97.812	124.101
243.386	97.823	124.098
243.395	97.832	124.124
243.416	97.807	124.221
243.425	97.807	124.278
243.435	97.861	124.245
243.430	97.941	124.174
243.446	97.968	124.175
243.476	97.986	124.187
243.500	98.018	124.167
243.525	98.057	124.130
243.525	98.081	124.122
243.512	98.132	124.104
243.396	98.340	124.113
243.283	98.485	124.019
243.177	98.615	123.915
243.050	98.742	123.812
242.916	98.879	123.709
242.765	99.081	123.578
242.657	99.241	123.454
242.601	99.385	123.312
242.634	99.464	123.199
242.544	99.677	123.044
242.680	99.631	123.038
242.578	99.804	122.910
242.580	99.776	122.894
242.584	99.725	122.918
242.602	99.605	122.979
242.621	99.498	123.049
242.585	99.461	123.064
242.582	99.382	123.115
242.583	99.270	123.147
243.416	97.986	124.081
243.275	98.223	124.026
243.406	97.902	124.082
243.401	97.883	124.055
243.390	97.843	124.058
243.384	97.832	124.057
243.389	97.796	124.082
243.377	97.792	124.075
243.370	97.809	124.070
243.381	97.784	124.104
243.407	97.769	124.187
243.422	97.762	124.253
243.426	97.813	124.232
243.426	97.849	124.185
243.443	97.881	124.178
243.465	97.912	124.187
243.496	97.935	124.170
243.515	97.986	124.124
243.533	98.017	124.106
243.520	98.046	124.112
243.501	98.098	124.108
243.472	98.141	124.102
243.447	98.174	124.124
243.298	98.423	124.133
243.145	98.639	123.975
243.044	98.805	123.830
242.938	99.010	123.680
242.899	99.107	123.565
242.782	99.334	123.369
242.738	99.478	123.248
242.667	99.656	123.103
242.614	99.765	123.003
242.550	99.848	122.888
242.544	99.810	122.912
242.561	99.688	122.986
242.613	99.527	123.089
242.570	99.507	123.087
242.553	99.433	123.113
242.557	99.358	123.153
242.572	99.235	123.201
242.612	99.077	123.249
242.647	98.926	123.322
242.660	98.816	123.334
242.676	98.718	123.369
242.681	98.618	123.400
242.735	98.468	123.486
242.717	98.431	123.501
242.715	98.369	123.511
242.688	98.367	123.501
242.717	98.288	123.577
242.720	98.263	123.662
243.417	97.781	124.219
243.416	97.825	124.181
243.421	97.837	124.168
243.444	97.871	124.155
243.474	97.897	124.151
243.498	97.899	124.149
243.523	97.932	124.120
243.522	97.955	124.125
243.509	97.991	124.129
243.496	98.021	124.130
243.472	98.064	124.131
243.431	98.112	124.132
243.407	98.145	124.137
243.378	98.180	124.123
243.362	98.232	124.087
243.363	98.250	124.072
243.375	98.274	124.054
243.226	98.686	123.941
243.139	98.906	123.726
243.051	99.109	123.564
242.968	99.260	123.432
242.854	99.437	123.290
242.828	99.374	123.283
242.747	99.407	123.243
242.666	99.432	123.207
242.578	99.457	123.154
242.539	99.421	123.135
242.593	99.272	123.210
242.590	99.175	123.250
242.639	99.001	123.315
242.677	98.847	123.386
242.722	98.707	123.448
242.717	98.614	123.452
242.725	98.493	123.499
242.766	98.374	123.563
242.737	98.332	123.569
242.734	98.273	123.586
242.759	98.202	123.638
242.758	98.128	123.706
242.767	98.101	123.787
242.816	98.049	123.837
242.812	98.087	123.795
243.423	97.884	124.125
243.452	97.878	124.144
243.486	97.896	124.150
243.522	97.907	124.133
243.547	97.914	124.110
243.547	97.923	124.115
243.521	97.958	124.134
243.478	97.999	124.140
243.437	98.049	124.127
243.409	98.069	124.117
243.392	98.103	124.117
243.387	98.111	124.124
243.375	98.144	124.111
243.370	98.182	124.089
243.376	98.203	124.074
243.388	98.246	124.030
243.406	98.239	124.029
243.424	98.262	124.010
243.287	98.640	123.900
243.187	98.800	123.758
243.052	98.974	123.634
242.991	99.032	123.570
242.875	99.145	123.473
242.813	99.190	123.410
242.738	99.200	123.372
242.715	99.107	123.370
242.622	99.086	123.335
242.639	98.935	123.400
242.612	98.866	123.414
242.700	98.719	123.459
242.712	98.636	123.472
242.753	98.526	123.526
242.752	98.473	123.543
242.752	98.430	123.545
242.736	98.397	123.535
242.734	98.355	123.567
242.777	98.292	123.675
242.802	98.252	123.756
242.787	98.240	123.740
242.747	98.261	123.685
242.819	98.237	123.708
243.457	97.953	124.128
243.481	97.967	124.108
243.513	97.942	124.103
243.523	97.974	124.093
243.423	98.131	124.090
243.512	97.986	124.085
243.481	98.026	124.090
243.457	98.025	124.124
243.427	98.058	124.119
243.399	98.095	124.098
243.387	98.123	124.086
243.382	98.106	124.109
243.383	98.148	124.075
243.389	98.149	124.069
243.402	98.182	124.038
243.402	98.219	124.003
243.420	98.192	124.010
243.420	98.189	124.013
243.426	98.188	124.013
243.415	98.176	124.033
243.401	98.164	124.057
243.236	98.531	123.967
243.124	98.669	123.836
243.001	98.816	123.697
243.389	98.125	124.076
243.269	98.373	124.050
243.185	98.439	123.962
243.128	98.451	123.889
243.408	98.000	124.098
243.392	97.991	124.069
243.274	98.163	124.060
243.164	98.243	123.975
243.111	98.264	123.913
243.068	98.252	123.868
243.041	98.220	123.902
242.980	98.237	123.905
242.958	98.210	123.899
242.917	98.185	123.834
242.894	98.166	123.802
242.853	98.192	123.755
242.888	98.206	123.758
242.923	98.237	123.736
242.910	98.279	123.681
242.856	98.396	123.608
243.492	98.024	124.101
243.451	98.039	124.105
243.417	98.056	124.091
243.395	98.083	124.074
243.394	98.099	124.080
243.400	98.092	124.097
243.394	98.111	124.091
243.401	98.109	124.079
243.413	98.127	124.062
243.430	98.134	124.052
243.449	98.132	124.042
243.460	98.133	124.043
243.455	98.137	124.025
243.444	98.130	124.033
243.426	98.091	124.067
243.402	98.077	124.091
243.384	98.091	124.083
243.379	98.088	124.079
243.372	98.097	124.080
243.377	98.083	124.086
243.388	98.068	124.096
243.395	98.024	124.112
243.401	98.012	124.104
243.408	98.015	124.081
243.414	97.999	124.077
243.307	98.201	124.064
243.243	98.239	123.993
243.148	98.308	123.912
243.069	98.333	123.861
243.428	97.935	124.192
243.312	98.111	124.225
243.220	98.184	124.121
243.141	98.240	124.014
243.092	98.275	123.938
243.076	98.287	123.902
243.035	98.317	123.847
242.971	98.387	123.750
243.506	98.008	124.094
243.410	98.185	124.098
243.306	98.301	124.007
243.192	98.414	123.907
243.083	98.549	123.804
242.999	98.668	123.706
242.848	98.879	123.549
242.796	98.978	123.455
243.401	98.098	124.080
243.271	98.421	124.001
243.127	98.723	123.774
243.040	98.901	123.615
242.924	99.127	123.419
242.845	99.258	123.286
242.774	99.355	123.195
243.462	98.082	124.034
243.445	98.058	124.054
243.283	98.402	123.969
243.415	98.050	124.075
243.396	98.056	124.073
243.385	98.034	124.078
243.379	98.033	124.076
243.385	97.987	124.106
243.384	98.003	124.092
243.379	97.979	124.093
243.379	97.973	124.090
243.374	97.986	124.056
243.374	97.968	124.067
243.374	97.983	124.062
243.385	97.977	124.069
243.390	97.989	124.066
243.314	98.129	124.134
243.255	98.158	124.135
243.176	98.221	124.075
243.431	97.972	124.186
243.409	97.998	124.144
243.305	98.164	124.171
243.240	98.233	124.099
243.195	98.271	124.013
243.126	98.344	123.899
243.081	98.375	123.844
243.017	98.468	123.761
242.925	98.569	123.687
242.837	98.669	123.596
242.703	98.855	123.474
242.655	98.967	123.388
242.599	99.113	123.310
242.602	99.227	123.270
242.623	99.317	123.212
242.593	99.467	123.098
242.605	99.554	123.023
243.444	98.153	124.013
243.456	98.126	124.018
243.456	98.121	124.018
243.291	98.470	123.917
243.170	98.658	123.750
243.445	98.044	124.058
243.421	98.017	124.081
243.403	98.022	124.077
243.386	98.012	124.073
243.385	97.984	124.092
243.384	97.976	124.095
243.384	97.954	124.105
243.385	97.933	124.103
243.386	97.907	124.101
243.386	97.909	124.087
243.386	97.906	124.089
243.379	97.900	124.099
243.385	97.925	124.080
243.384	97.937	124.086
243.398	97.935	124.140
243.425	97.918	124.212
243.425	97.960	124.201
243.425	97.998	124.156
243.436	98.009	124.152
243.357	98.177	124.159
243.296	98.262	124.077
243.250	98.307	124.010
243.510	98.067	124.114
243.486	98.111	124.081
243.351	98.266	124.115
243.224	98.406	124.007
243.100	98.556	123.877
242.968	98.707	123.777
242.847	98.863	123.653
242.763	99.011	123.528
242.702	99.154	123.414
242.685	99.257	123.312
242.637	99.429	123.166
242.618	99.562	123.044
242.649	99.624	122.992
242.625	99.679	122.942
242.591	99.693	122.920
243.473	98.145	124.018
243.318	98.474	123.931
243.161	98.673	123.769
243.054	98.792	123.647
242.967	98.855	123.564
242.862	98.941	123.471
242.813	98.910	123.438
243.397	97.966	124.093
243.391	97.962	124.085
243.397	97.924	124.099
243.392	97.914	124.077
243.387	97.898	124.071
243.386	97.882	124.089
243.379	97.873	124.102
243.374	97.897	124.083
243.385	97.906	124.077
243.401	97.892	124.125
243.427	97.867	124.211
243.431	97.910	124.209
243.436	97.913	124.209
243.430	97.971	124.157
243.448	97.985	124.162
243.466	98.033	124.146
243.485	98.049	124.130
243.498	98.084	124.086
243.503	98.086	124.095
243.394	98.283	124.103
243.275	98.414	123.999
243.135	98.580	123.891
243.036	98.676	123.805
243.386	98.187	124.100
243.226	98.481	124.069
243.081	98.689	123.908
242.987	98.856	123.758
242.894	99.067	123.563
242.848	99.210	123.410
242.786	99.403	123.250
242.711	99.547	123.105
242.636	99.635	123.001
242.631	99.600	122.979
242.610	99.548	123.009
242.616	99.467	123.056
242.591	99.423	123.072
242.542	99.422	123.063
242.592	99.265	123.150
242.588	99.179	123.187
242.571	99.091	123.216
242.629	98.935	123.303
242.643	98.828	123.343
243.392	97.895	124.094
243.387	97.902	124.069
243.381	97.894	124.065
243.381	97.867	124.087
243.381	97.854	124.094
243.386	97.870	124.079
243.407	97.852	124.129
243.422	97.852	124.198
243.438	97.832	124.246
243.437	97.881	124.200
243.432	97.925	124.156
243.449	97.930	124.172
243.461	97.971	124.163
243.474	97.996	124.132
243.493	98.024	124.105
243.486	98.037	124.104
243.474	98.079	124.095
243.467	98.090	124.111
243.450	98.131	124.101
243.431	98.161	124.111
243.277	98.459	124.081
243.143	98.638	123.936
243.068	98.781	123.800
242.970	98.975	123.643
242.896	99.137	123.505
243.414	98.242	124.022
243.257	98.620	123.924
243.114	98.868	123.723
243.004	99.060	123.538
242.921	99.184	123.416
242.859	99.260	123.337
242.784	99.298	123.283
242.727	99.321	123.237
242.676	99.314	123.206
242.623	99.299	123.170
242.571	99.260	123.163
242.588	99.137	123.225
242.636	98.982	123.298
242.633	98.903	123.322
242.648	98.809	123.343
242.686	98.663	123.420
242.704	98.556	123.484
242.698	98.490	123.510
242.723	98.408	123.558
242.732	98.353	123.567
242.763	98.273	123.620
242.749	98.241	123.707
243.427	97.852	124.225
243.438	97.880	124.209
243.449	97.915	124.164
243.454	97.927	124.164
243.465	97.959	124.175
243.490	97.973	124.156
243.510	97.987	124.128
243.504	98.014	124.107
243.498	98.038	124.104
243.474	98.083	124.091
243.444	98.096	124.111
243.402	98.127	124.122
243.367	98.154	124.111
243.344	98.195	124.093
243.350	98.217	124.082
243.357	98.223	124.076
243.375	98.234	124.067
243.400	98.263	124.022
243.282	98.622	123.929
243.176	98.858	123.734
243.070	99.074	123.546
242.968	99.205	123.432
242.928	99.210	123.376
242.759	99.359	123.257
242.732	99.305	123.261
242.644	99.339	123.208
242.583	99.351	123.168
242.518	99.331	123.134
242.589	99.173	123.208
242.585	99.073	123.258
242.630	98.942	123.315
242.632	98.879	123.335
242.629	98.789	123.348
242.731	98.620	123.469
242.692	98.566	123.484
242.713	98.511	123.511
242.709	98.467	123.526
242.703	98.422	123.533
242.732	98.400	123.589
242.737	98.351	123.672
242.808	98.276	123.741
243.437	97.902	124.194
243.442	97.944	124.153
243.459	97.953	124.157
243.483	97.986	124.153
243.497	98.005	124.124
243.510	98.024	124.093
243.509	98.041	124.090
243.502	98.044	124.110
243.485	98.082	124.105
243.467	98.084	124.128
243.437	98.120	124.128
243.407	98.130	124.142
243.248	98.431	124.085
243.357	98.163	124.111
243.357	98.210	124.075
243.364	98.225	124.054
243.383	98.225	124.038
243.395	98.238	124.013
243.414	98.232	123.998
243.426	98.224	124.002
243.437	98.204	124.016
243.438	98.213	124.005
243.283	98.541	123.954
243.173	98.692	123.803
243.075	98.826	123.694
242.993	98.882	123.617
242.896	98.959	123.510
242.851	98.895	123.501
242.784	98.849	123.480
242.727	98.814	123.463
242.703	98.760	123.445
242.679	98.659	123.426
242.712	98.574	123.487
242.712	98.493	123.532
242.691	98.466	123.541
242.724	98.394	123.543
242.712	98.353	123.567
242.747	98.303	123.654
242.775	98.261	123.756
242.824	98.206	123.795
243.443	97.933	124.175
243.455	97.942	124.152
243.466	97.974	124.147
243.491	97.968	124.152
243.510	97.991	124.117
243.518	98.003	124.086
243.505	98.031	124.081
243.510	98.033	124.106
243.480	98.069	124.098
243.444	98.086	124.115
243.415	98.118	124.103
243.392	98.133	124.108
243.380	98.132	124.119
243.375	98.152	124.104
243.377	98.164	124.083
243.384	98.173	124.054
243.403	98.179	124.038
243.426	98.170	124.032
243.432	98.189	124.006
243.444	98.170	124.012
243.444	98.149	124.025
243.438	98.132	124.046
243.425	98.116	124.065
243.413	98.102	124.071
243.254	98.440	123.991
243.133	98.590	123.852
243.050	98.674	123.747
242.994	98.657	123.712
242.944	98.653	123.674
243.414	97.947	124.125
243.403	97.939	124.106
243.274	98.131	124.077
243.169	98.213	123.981
243.106	98.255	123.924
243.051	98.276	123.862
242.999	98.284	123.813
242.974	98.265	123.795
242.957	98.240	123.843
242.923	98.229	123.864
242.881	98.237	123.821
242.830	98.243	123.749
242.831	98.259	123.727
242.827	98.284	123.731
242.851	98.329	123.723
243.508	98.040	124.124
243.505	98.061	124.072
243.499	98.073	124.071
243.481	98.085	124.089
243.333	98.318	124.084
243.422	98.116	124.100
243.410	98.129	124.103
243.404	98.144	124.100
243.404	98.138	124.110
243.268	98.466	124.029
243.412	98.175	124.061
243.424	98.159	124.064
243.436	98.177	124.038
243.280	98.584	123.912
243.462	98.136	124.033
243.456	98.131	124.027
243.445	98.124	124.027
243.432	98.100	124.053
243.414	98.118	124.050
243.402	98.068	124.074
243.385	98.068	124.066
243.384	98.061	124.063
243.249	98.340	124.019
243.396	98.015	124.091
243.395	98.001	124.103
243.302	98.174	124.085
243.217	98.226	123.997
243.116	98.307	123.900
243.403	97.920	124.110
243.403	97.906	124.109
243.284	98.085	124.118
243.175	98.166	124.011
243.108	98.225	123.944
243.097	98.214	123.988
243.045	98.252	123.979
242.990	98.302	123.911
242.951	98.320	123.838
243.448	98.055	124.122
243.471	98.061	124.133
243.490	98.074	124.127
243.399	98.249	124.113
243.313	98.356	123.989
243.485	98.123	124.079
243.460	98.156	124.080
243.426	98.170	124.076
243.403	98.178	124.075
243.392	98.183	124.077
243.387	98.204	124.074
243.381	98.196	124.090
243.387	98.199	124.078
243.400	98.202	124.065
243.412	98.212	124.043
243.436	98.200	124.027
243.460	98.174	124.024
243.468	98.166	124.006
243.462	98.140	124.013
243.456	98.122	124.030
243.438	98.075	124.069
243.420	98.064	124.077
243.397	98.071	124.053
243.391	98.028	124.086
243.390	97.988	124.107
243.396	97.987	124.095
243.402	97.957	124.111
243.401	97.939	124.109
243.403	97.924	124.098
243.306	98.093	124.071
243.410	97.896	124.085
243.315	98.039	124.114
243.220	98.134	124.023
243.163	98.129	123.977
243.414	97.898	124.109
243.418	97.887	124.145
243.339	97.998	124.267
243.241	98.105	124.178
243.167	98.180	124.072
243.111	98.245	123.961
243.069	98.296	123.907
243.030	98.344	123.854
243.519	98.075	124.112
243.444	98.221	124.108
243.332	98.350	123.997
243.219	98.479	123.896
243.079	98.653	123.768
242.988	98.808	123.656
243.438	98.172	124.101
243.432	98.176	124.107
243.420	98.178	124.112
243.415	98.191	124.098
243.410	98.211	124.075
243.417	98.206	124.070
243.429	98.193	124.059
243.448	98.197	124.031
243.461	98.208	123.996
243.462	98.160	124.017
243.456	98.136	124.034
243.449	98.122	124.047
243.431	98.095	124.069
243.407	98.072	124.078
243.396	98.031	124.099
243.385	98.008	124.112
243.390	97.973	124.129
243.389	97.976	124.122
243.396	97.941	124.122
243.396	97.921	124.110
243.397	97.934	124.067
243.392	97.892	124.087
243.391	97.885	124.093
243.289	98.069	124.084
243.204	98.125	123.998
243.120	98.196	123.913
243.074	98.208	123.905
243.049	98.177	123.979
243.022	98.194	123.969
242.902	98.278	123.861
242.859	98.302	123.783
242.800	98.359	123.724
242.787	98.391	123.684
242.806	98.448	123.631
242.865	98.483	123.615
242.849	98.568	123.566
242.859	98.640	123.546
243.495	98.123	124.100
243.331	98.379	124.070
243.198	98.554	123.930
243.067	98.745	123.806
242.987	98.899	123.681
242.841	99.161	123.499
242.793	99.295	123.396
242.700	99.497	123.226
243.410	98.206	124.066
243.423	98.223	124.030
243.276	98.586	123.915
243.179	98.763	123.738
243.454	98.163	124.035
243.442	98.147	124.046
243.441	98.109	124.086
243.429	98.083	124.099
243.417	98.059	124.109
243.406	98.049	124.104
243.406	98.035	124.108
243.412	97.995	124.120
243.411	97.958	124.134
243.406	97.935	124.135
243.407	97.924	124.112
243.402	97.904	124.103
243.397	97.901	124.090
243.402	97.882	124.105
243.401	97.888	124.111
243.400	97.905	124.105
243.405	97.916	124.110
243.426	97.902	124.185
243.350	98.038	124.259
243.283	98.088	124.176
243.204	98.151	124.070
243.147	98.218	123.984
243.488	97.988	124.174
243.488	98.009	124.160
243.388	98.182	124.128
243.290	98.287	124.014
243.176	98.414	123.921
243.063	98.576	123.787
242.917	98.776	123.644
242.851	98.920	123.550
242.804	99.060	123.460
242.726	99.234	123.346
242.665	99.407	123.225
242.635	99.539	123.128
242.607	99.694	123.050
242.620	99.730	123.005
242.625	99.709	122.987
243.475	98.228	124.035
243.476	98.207	124.032
243.465	98.185	124.037
243.447	98.181	124.041
243.288	98.473	123.994
243.140	98.680	123.827
243.405	98.128	124.078
243.400	98.104	124.087
243.257	98.385	124.023
243.153	98.504	123.894
243.411	98.031	124.110
243.411	97.996	124.119
243.411	97.989	124.108
243.406	97.955	124.102
243.407	97.931	124.094
243.401	97.918	124.102
243.395	97.915	124.106
243.389	97.922	124.105
243.389	97.921	124.094
243.393	97.936	124.104
243.319	98.065	124.194
243.418	97.930	124.227
243.429	97.940	124.219
243.327	98.145	124.163
243.261	98.219	124.071
243.209	98.293	124.003
243.167	98.373	123.918
243.144	98.428	123.832
243.555	98.041	124.125
243.531	98.048	124.132
243.360	98.330	124.080
243.187	98.536	123.933
243.038	98.721	123.799
242.883	98.954	123.614
242.831	99.094	123.511
242.760	99.239	123.407
242.699	99.395	123.288
242.598	99.635	123.115
242.597	99.684	123.022
242.539	99.761	122.924
242.632	99.611	123.002
242.603	99.604	122.995
242.630	99.530	123.025
242.645	99.458	123.075
242.625	99.416	123.117
242.546	99.423	123.095
243.412	98.091	124.076
243.257	98.369	124.023
243.142	98.498	123.891
243.400	98.011	124.109
243.411	97.960	124.138
243.411	97.952	124.123
243.407	97.947	124.093
243.403	97.918	124.087
243.397	97.904	124.084
243.402	97.884	124.099
243.396	97.889	124.104
243.395	97.903	124.096
243.406	97.881	124.124
243.325	98.005	124.218
243.430	97.886	124.242
243.429	97.904	124.238
243.435	97.938	124.195
243.440	97.989	124.162
243.464	98.011	124.160
243.487	98.032	124.157
243.519	98.036	124.132
243.525	98.053	124.113
243.398	98.270	124.110
243.261	98.441	123.979
243.123	98.618	123.840
242.994	98.811	123.698
243.407	98.158	124.114
243.234	98.500	124.051
243.099	98.724	123.884
242.960	98.968	123.698
242.854	99.210	123.484
242.778	99.386	123.315
242.785	99.409	123.263
242.717	99.510	123.152
242.744	99.436	123.157
242.680	99.458	123.107
242.605	99.508	123.055
242.548	99.509	123.049
242.588	99.383	123.125
242.612	99.269	123.187
242.608	99.176	123.236
242.579	99.126	123.247
242.643	98.953	123.338
243.405	97.998	124.114
243.406	97.967	124.113
243.407	97.945	124.107
243.408	97.915	124.092
243.409	97.886	124.096
243.408	97.866	124.109
243.408	97.881	124.100
243.408	97.885	124.097
243.412	97.899	124.095
243.427	97.872	124.170
243.437	97.871	124.220
243.436	97.858	124.236
243.436	97.894	124.204
243.436	97.952	124.156
243.447	97.969	124.170
243.471	97.992	124.155
243.490	97.996	124.144
243.514	98.006	124.135
243.508	98.041	124.115
243.483	98.079	124.123
243.452	98.108	124.129
243.294	98.395	124.070
243.150	98.625	123.904
243.400	98.176	124.128
243.262	98.539	124.046
243.128	98.802	123.835
243.064	98.954	123.698
242.902	99.243	123.473
242.801	99.412	123.304
242.756	99.459	123.238
242.730	99.463	123.205
242.684	99.496	123.143
242.620	99.527	123.086
242.556	99.559	123.059
242.594	99.449	123.118
242.596	99.362	123.143
242.613	99.258	123.192
242.609	99.152	123.241
242.587	99.081	123.284
242.670	98.879	123.398
242.691	98.710	123.484
242.736	98.559	123.565
243.401	97.972	124.093
243.290	98.133	124.069
243.385	97.931	124.088
243.288	98.065	124.095
243.198	98.132	124.005
243.396	97.901	124.094
243.401	97.889	124.102
243.417	97.884	124.155
243.432	97.854	124.224
243.431	97.863	124.225
243.430	97.904	124.181
243.436	97.915	124.170
243.441	97.951	124.171
243.465	97.996	124.148
243.490	97.995	124.125
243.492	98.011	124.108
243.484	98.012	124.132
243.461	98.042	124.124
243.431	98.080	124.110
243.414	98.126	124.091
243.408	98.152	124.095
243.407	98.147	124.123
243.402	98.168	124.120
243.407	98.186	124.111
243.414	98.195	124.099
243.432	98.210	124.078
243.456	98.227	124.067
243.303	98.632	123.928
243.195	98.809	123.763
243.106	98.916	123.654
242.993	99.015	123.563
242.864	99.123	123.469
242.750	99.196	123.385
242.701	99.173	123.360
242.658	99.147	123.329
242.605	99.116	123.300
242.625	99.006	123.358
242.692	98.811	123.458
242.721	98.674	123.522
242.762	98.549	123.569
242.780	98.477	123.586
242.756	98.404	123.590
242.692	98.397	123.577
242.732	98.334	123.625
242.722	98.283	123.634
242.749	98.247	123.649
242.798	98.196	123.707
242.801	98.195	123.768
242.810	98.212	123.789
243.426	97.901	124.186
243.426	97.932	124.147
243.443	97.952	124.138
243.454	97.968	124.146
243.485	97.972	124.129
243.511	97.972	124.106
243.516	97.971	124.113
243.496	97.992	124.130
243.460	98.016	124.137
243.432	98.036	124.119
243.404	98.074	124.098
243.398	98.091	124.106
243.386	98.096	124.124
243.380	98.099	124.131
243.386	98.122	124.118
243.386	98.159	124.083
243.399	98.172	124.061
243.423	98.174	124.055
243.441	98.182	124.041
243.441	98.190	124.034
243.294	98.545	123.943
243.177	98.697	123.835
243.081	98.816	123.720
242.970	98.940	123.604
242.900	98.972	123.561
243.416	98.086	124.123
243.394	98.077	124.120
243.246	98.328	124.091
243.162	98.388	123.992
243.100	98.400	123.928
243.023	98.424	123.826
242.970	98.434	123.766
242.932	98.370	123.767
242.891	98.343	123.740
242.875	98.290	123.734
242.868	98.228	123.718
242.798	98.216	123.714
242.838	98.171	123.803
242.836	98.179	123.824
242.817	98.208	123.789
243.436	97.984	124.149
243.448	98.001	124.139
243.466	97.995	124.141
243.480	98.002	124.121
243.505	97.988	124.105
243.498	97.995	124.104
243.480	98.000	124.119
243.456	98.018	124.117
243.433	98.048	124.094
243.427	98.063	124.097
243.421	98.076	124.101
243.415	98.070	124.120
243.410	98.068	124.127
243.409	98.083	124.122
243.416	98.111	124.092
243.428	98.125	124.070
243.441	98.120	124.064
243.453	98.106	124.063
243.454	98.108	124.057
243.441	98.107	124.071
243.428	98.125	124.070
243.422	98.115	124.089
243.253	98.456	123.998
243.130	98.616	123.859
243.039	98.716	123.749
243.393	98.090	124.108
243.260	98.346	124.070
243.184	98.400	123.991
243.137	98.400	123.946
243.404	98.014	124.137
243.394	97.985	124.124
243.270	98.183	124.089
243.174	98.237	124.009
243.105	98.273	123.960
243.050	98.284	123.903
243.009	98.295	123.846
243.020	98.253	123.907
242.951	98.270	123.901
242.920	98.279	123.844
242.848	98.296	123.749
242.795	98.303	123.694
242.834	98.344	123.713
242.831	98.391	123.688
242.835	98.441	123.634
242.857	98.498	123.582
243.503	98.053	124.098
243.466	98.085	124.098
243.305	98.325	124.052
243.166	98.516	123.886
243.398	98.096	124.097
243.398	98.103	124.100
243.398	98.093	124.112
243.410	98.094	124.112
243.422	98.089	124.106
243.434	98.099	124.084
243.447	98.103	124.065
243.458	98.110	124.056
243.465	98.104	124.049
243.459	98.104	124.050
243.448	98.084	124.066
243.435	98.070	124.088
243.417	98.076	124.087
243.405	98.060	124.098
243.393	98.053	124.107
243.387	98.052	124.105
243.381	98.047	124.114
243.386	98.034	124.119
243.381	98.029	124.113
243.387	98.008	124.117
243.282	98.180	124.098
243.204	98.237	124.009
243.114	98.299	123.942
243.054	98.322	123.890
243.400	97.975	124.123
243.394	98.016	124.085
243.300	98.134	124.170
243.240	98.164	124.169
243.185	98.199	124.106
243.098	98.270	123.990
243.046	98.303	123.906
243.019	98.334	123.869
243.471	98.094	124.137
243.408	98.244	124.119
243.326	98.338	123.988
243.244	98.393	123.913
243.136	98.517	123.816
242.993	98.685	123.698
242.898	98.827	123.575
243.421	98.137	124.085
243.415	98.123	124.103
243.410	98.137	124.088
243.405	98.133	124.093
243.411	98.110	124.096
243.423	98.123	124.079
243.441	98.116	124.068
243.459	98.098	124.067
243.478	98.091	124.041
243.479	98.074	124.044
243.467	98.069	124.055
243.460	98.037	124.087
243.447	98.033	124.096
243.424	98.028	124.097
243.412	98.016	124.107
243.406	97.988	124.128
243.401	97.988	124.121
243.394	97.940	124.154
243.382	97.959	124.136
243.382	97.968	124.112
243.371	97.964	124.090
243.360	97.965	124.084
243.366	97.964	124.091
243.359	97.971	124.098
243.264	98.143	124.086
243.191	98.213	123.996
243.161	98.229	124.016
243.106	98.235	124.046
243.050	98.273	123.980
242.949	98.330	123.861
242.906	98.345	123.817
242.865	98.366	123.794
242.844	98.392	123.756
242.790	98.455	123.654
242.799	98.513	123.593
242.802	98.584	123.566
243.480	98.132	124.085
243.456	98.138	124.093
243.314	98.375	124.073
243.177	98.554	123.924
243.076	98.723	123.788
242.995	98.856	123.692
242.874	99.080	123.523
242.825	99.231	123.390
242.744	99.414	123.234
242.749	99.459	123.141
242.640	99.597	122.992
242.548	99.662	122.919
242.628	99.495	123.005
243.462	98.073	124.037
243.308	98.391	123.978
243.443	98.025	124.089
243.424	98.034	124.081
243.418	97.999	124.099
243.412	97.988	124.101
243.406	97.974	124.114
243.406	97.938	124.133
243.406	97.910	124.144
243.394	97.889	124.148
243.383	97.907	124.111
243.384	97.886	124.109
243.377	97.881	124.126
243.377	97.902	124.121
243.376	97.909	124.122
243.382	97.934	124.112
243.386	97.963	124.114
243.412	97.948	124.197
243.428	97.965	124.230
243.445	97.982	124.216
243.457	98.026	124.172
243.374	98.178	124.176
243.311	98.264	124.104
243.504	98.086	124.165
243.489	98.117	124.110
243.370	98.278	124.103
243.241	98.443	123.984
243.092	98.583	123.880
242.978	98.731	123.750
242.846	98.915	123.602
242.778	99.041	123.516
242.757	99.137	123.447
242.671	99.343	123.299
242.664	99.446	123.201
242.613	99.627	123.069
242.628	99.706	123.008
242.588	99.754	122.949
243.500	98.192	124.028
243.500	98.160	124.035
243.490	98.137	124.029
243.472	98.119	124.040
243.302	98.440	123.964
243.161	98.586	123.823
243.079	98.677	123.711
242.969	98.780	123.617
243.431	97.976	124.113
243.430	97.977	124.111
243.429	97.937	124.129
243.417	97.910	124.142
243.406	97.899	124.125
243.397	97.887	124.094
243.390	97.871	124.104
243.378	97.870	124.111
243.366	97.886	124.108
243.359	97.882	124.116
243.359	97.903	124.111
243.386	97.913	124.152
243.419	97.875	124.246
243.429	97.913	124.235
243.440	97.951	124.207
243.457	97.989	124.179
243.474	98.007	124.196
243.498	98.063	124.164
243.518	98.087	124.125
243.426	98.277	124.095
243.329	98.394	123.986
243.219	98.519	123.895
243.056	98.711	123.759
242.911	98.874	123.628
242.777	99.046	123.511
242.703	99.173	123.439
242.564	99.403	123.281
242.528	99.523	123.186
242.451	99.735	123.015
242.515	99.758	123.008
242.506	99.803	122.923
242.556	99.731	122.949
242.644	99.573	123.020
242.661	99.507	123.043
242.660	99.460	123.069
242.681	99.375	123.125
242.664	99.350	123.138
242.612	99.301	123.146
242.628	99.186	123.210
242.614	99.102	123.230
242.584	99.019	123.273
242.649	98.833	123.369
242.684	98.692	123.457
242.734	98.553	123.535
243.395	97.877	124.131
243.396	97.881	124.102
243.384	97.866	124.114
243.389	97.854	124.131
243.382	97.876	124.125
243.394	97.872	124.125
243.399	97.889	124.121
243.421	97.887	124.163
243.442	97.864	124.246
243.458	97.880	124.256
243.452	97.945	124.197
243.463	97.964	124.178
243.468	98.003	124.180
243.480	98.034	124.176
243.489	98.061	124.133
243.496	98.068	124.119
243.478	98.095	124.115
243.459	98.141	124.108
243.430	98.170	124.098
243.418	98.192	124.098
243.278	98.526	124.027
243.152	98.747	123.870
243.051	98.941	123.723
242.964	99.120	123.571
242.858	99.319	123.391
242.735	99.485	123.250
242.710	99.508	123.197
242.621	99.612	123.088
242.650	99.526	123.092
242.641	99.494	123.069
242.613	99.494	123.082
242.612	99.424	123.109
242.611	99.353	123.129
242.584	99.286	123.145
242.639	99.143	123.235
242.623	99.074	123.249
242.682	98.882	123.348
242.741	98.686	123.464
242.729	98.597	123.516
243.414	97.891	124.119
243.288	98.093	124.053
243.192	98.127	123.987
243.107	98.173	123.913
243.362	97.868	124.094
243.355	97.866	124.096
243.366	97.890	124.085
243.393	97.875	124.160
243.432	97.837	124.243
243.448	97.849	124.248
243.453	97.908	124.196
243.463	97.929	124.188
243.475	97.967	124.190
243.494	97.996	124.167
243.513	98.011	124.139
243.521	98.015	124.114
243.497	98.055	124.102
243.466	98.071	124.122
243.431	98.113	124.115
243.396	98.162	124.100
243.383	98.183	124.114
243.378	98.201	124.125
243.378	98.233	124.110
243.390	98.239	124.103
243.403	98.276	124.061
243.266	98.657	123.954
243.168	98.898	123.735
243.105	99.009	123.614
243.028	99.104	123.506
242.939	99.172	123.412
242.835	99.246	123.358
242.735	99.304	123.300
242.664	99.340	123.228
242.642	99.274	123.216
242.576	99.248	123.196
242.594	99.143	123.244
242.625	99.016	123.312
242.677	98.827	123.401
242.746	98.622	123.522
242.739	98.521	123.549
242.733	98.469	123.559
242.738	98.388	123.576
242.715	98.338	123.592
242.710	98.275	123.624
242.732	98.244	123.652
242.747	98.209	123.676
242.743	98.186	123.667
242.825	98.137	123.780
242.852	98.153	123.828
242.796	98.223	123.774
243.453	97.942	124.175
243.452	97.982	124.149
243.475	97.990	124.162
243.493	98.018	124.152
243.508	98.040	124.111
243.496	98.048	124.107
243.484	98.074	124.107
243.455	98.097	124.098
243.431	98.138	124.081
243.408	98.146	124.104
243.390	98.171	124.108
243.253	98.497	124.055
243.377	98.183	124.144
243.372	98.218	124.108
243.390	98.228	124.096
243.403	98.223	124.090
243.422	98.260	124.039
243.447	98.244	124.028
243.453	98.223	124.032
243.459	98.236	124.016
243.447	98.231	124.027
243.304	98.526	123.984
243.178	98.693	123.844
243.075	98.788	123.734
242.995	98.813	123.669
243.424	98.062	124.110
243.276	98.294	124.099
243.165	98.367	123.982
243.119	98.348	123.939
243.060	98.359	123.875
243.002	98.349	123.792
242.936	98.345	123.731
242.907	98.299	123.713
242.817	98.283	123.680
242.784	98.236	123.662
242.772	98.198	123.657
242.792	98.168	123.677
242.813	98.189	123.735
242.794	98.236	123.777
242.807	98.272	123.766
243.452	97.942	124.192
243.458	97.974	124.155
243.470	97.981	124.167
243.507	97.991	124.152
243.520	97.989	124.137
243.410	98.228	124.077
243.503	98.028	124.115
243.478	98.065	124.104
243.455	98.108	124.089
243.438	98.129	124.088
243.426	98.129	124.115
243.413	98.128	124.143
243.401	98.157	124.141
243.243	98.534	124.026
243.078	98.836	123.798
243.397	98.201	124.093
243.416	98.200	124.067
243.424	98.220	124.029
243.442	98.221	124.020
243.442	98.187	124.041
243.434	98.203	124.044
243.428	98.186	124.064
243.417	98.160	124.064
243.266	98.469	124.009
243.152	98.593	123.880
243.103	98.587	123.844
243.029	98.605	123.775
242.973	98.585	123.750
243.418	98.001	124.130
243.303	98.160	124.119
243.227	98.186	124.018
243.130	98.224	123.941
243.068	98.202	123.900
243.035	98.172	123.876
242.978	98.179	123.841
242.933	98.175	123.801
242.889	98.173	123.760
242.871	98.163	123.786
242.828	98.181	123.803
242.803	98.253	123.771
242.807	98.303	123.712
242.799	98.350	123.661
242.800	98.432	123.613
242.819	98.513	123.600
243.506	98.025	124.140
243.387	98.259	124.071
243.491	98.047	124.097
243.352	98.337	124.026
243.468	98.093	124.087
243.460	98.114	124.107
243.449	98.119	124.118
243.442	98.138	124.127
243.275	98.527	124.017
243.128	98.796	123.806
242.997	99.020	123.632
242.942	99.100	123.532
243.439	98.174	124.080
243.299	98.522	123.979
243.452	98.169	124.057
243.447	98.164	124.051
243.281	98.514	123.966
243.429	98.162	124.064
243.411	98.141	124.077
243.400	98.129	124.078
243.382	98.121	124.085
243.376	98.105	124.095
243.370	98.112	124.078
243.381	98.085	124.091
243.393	98.031	124.117
243.307	98.194	124.105
243.217	98.246	124.020
243.152	98.254	123.949
243.120	98.218	123.921
243.419	97.933	124.110
243.320	98.058	124.127
243.230	98.110	124.051
243.138	98.163	123.982
243.098	98.194	123.987
243.020	98.272	123.943
242.973	98.332	123.868
242.940	98.337	123.794
242.894	98.399	123.701
242.811	98.524	123.601
242.837	98.557	123.547
242.793	98.680	123.487
242.784	98.791	123.426
242.723	98.926	123.343
242.689	99.053	123.274
243.449	98.116	124.084
243.432	98.117	124.096
243.426	98.121	124.105
243.409	98.131	124.105
243.403	98.129	124.120
243.402	98.155	124.111
243.415	98.144	124.105
243.433	98.149	124.086
243.447	98.155	124.054
243.452	98.155	124.053
243.458	98.139	124.073
243.451	98.142	124.075
243.434	98.151	124.063
243.434	98.115	124.090
243.422	98.102	124.099
243.405	98.088	124.107
243.399	98.062	124.114
243.387	98.062	124.113
243.405	98.039	124.112
243.399	98.036	124.108
243.405	98.035	124.095
243.406	98.016	124.095
243.411	97.999	124.096
243.412	97.994	124.088
243.418	97.984	124.083
243.340	98.103	124.125
243.278	98.115	124.077
243.194	98.179	123.996
243.145	98.170	123.999
243.057	98.218	123.986
242.967	98.290	123.900
242.916	98.328	123.811
242.839	98.421	123.699
242.822	98.487	123.645
242.812	98.539	123.591
242.783	98.656	123.511
242.804	98.724	123.470
242.778	98.827	123.402
242.694	98.993	123.316
242.726	99.059	123.304
242.687	99.202	123.247
242.637	99.364	123.147
243.449	98.129	124.113
243.443	98.123	124.124
243.431	98.139	124.113
243.432	98.135	124.109
243.438	98.143	124.093
243.440	98.127	124.083
243.447	98.150	124.054
243.452	98.142	124.060
243.452	98.144	124.054
243.452	98.119	124.070
243.447	98.099	124.077
243.435	98.102	124.073
243.417	98.085	124.083
243.411	98.056	124.105
243.406	98.046	124.107
243.400	98.033	124.115
243.394	98.025	124.111
243.388	97.995	124.129
243.388	97.986	124.124
243.389	97.984	124.102
243.379	97.987	124.066
243.385	97.960	124.079
243.378	97.980	124.071
243.384	97.967	124.077
243.300	98.094	124.096
243.238	98.129	124.032
243.174	98.151	124.022
243.115	98.188	124.043
243.048	98.247	123.988
243.424	97.970	124.196
243.424	97.996	124.161
243.323	98.201	124.140
243.236	98.332	124.030
243.150	98.453	123.897
243.093	98.589	123.748
243.007	98.754	123.604
242.909	98.917	123.483
243.469	98.127	124.060
243.463	98.119	124.077
243.309	98.452	123.999
243.152	98.741	123.798
243.019	98.985	123.627
242.935	99.136	123.504
243.438	98.164	124.107
243.445	98.152	124.093
243.441	98.172	124.053
243.453	98.160	124.044
243.454	98.151	124.041
243.448	98.132	124.049
243.447	98.124	124.052
243.295	98.414	124.001
243.430	98.075	124.089
243.417	98.077	124.090
243.417	98.043	124.119
243.411	98.032	124.113
243.405	98.024	124.117
243.406	98.003	124.115
243.411	97.973	124.131
243.412	97.958	124.126
243.406	97.956	124.114
243.407	97.951	124.090
243.397	97.939	124.083
243.401	97.966	124.074
243.407	97.954	124.083
243.406	97.977	124.071
243.342	98.087	124.130
243.271	98.144	124.136
243.187	98.227	124.065
243.130	98.273	123.986
243.029	98.383	123.855
242.974	98.467	123.777
242.959	98.519	123.722
243.490	98.042	124.134
243.369	98.260	124.088
243.225	98.438	123.949
243.092	98.620	123.791
242.983	98.790	123.655
242.872	98.992	123.497
242.808	99.148	123.402
242.706	99.358	123.270
242.628	99.534	123.160
242.595	99.659	123.069
242.556	99.727	122.961
242.592	99.684	122.998
242.646	99.558	123.073
243.486	98.185	124.060
243.487	98.177	124.059
243.486	98.163	124.070
243.474	98.152	124.070
243.463	98.124	124.076
243.447	98.116	124.067
243.430	98.099	124.073
243.424	98.091	124.069
243.284	98.357	124.028
243.184	98.458	123.903
243.430	98.037	124.093
243.436	98.010	124.107
243.435	97.993	124.116
243.423	97.969	124.123
243.405	97.956	124.130
243.394	97.935	124.126
243.378	97.946	124.084
243.367	97.944	124.080
243.367	97.923	124.094
243.372	97.936	124.094
243.367	97.955	124.071
243.379	97.956	124.071
243.392	97.960	124.123
243.325	98.067	124.229
243.237	98.183	124.135
243.146	98.307	124.002
243.076	98.397	123.888
243.020	98.505	123.821
242.958	98.610	123.725
243.460	98.078	124.126
243.474	98.073	124.095
243.336	98.378	124.019
243.186	98.611	123.861
243.059	98.854	123.679
242.939	99.071	123.515
242.824	99.306	123.352
242.766	99.414	123.274
243.426	98.179	124.105
243.439	98.167	124.106
243.307	98.521	123.987
243.185	98.729	123.824
243.138	98.815	123.720
243.044	98.983	123.569
242.961	99.065	123.478
242.905	99.073	123.418
242.840	99.094	123.362
243.452	98.110	124.075
243.287	98.397	124.023
243.188	98.499	123.900
243.071	98.571	123.812
243.389	98.036	124.103
243.394	98.021	124.106
243.395	98.024	124.091
243.406	97.979	124.123
243.412	97.953	124.127
243.407	97.937	124.113
243.407	97.936	124.094
243.402	97.916	124.100
243.401	97.918	124.102
243.396	97.916	124.101
243.396	97.936	124.084
243.406	97.932	124.101
243.421	97.942	124.149
243.425	97.941	124.208
243.429	97.939	124.220
243.424	97.974	124.172
243.429	98.020	124.147
243.452	98.043	124.155
243.483	98.058	124.137
243.383	98.307	124.074
243.282	98.466	123.928
243.173	98.640	123.792
243.064	98.812	123.659
243.444	98.134	124.086
243.254	98.496	123.993
243.081	98.752	123.820
242.928	99.034	123.621
242.806	99.223	123.472
242.719	99.384	123.329
242.727	99.375	123.312
242.699	99.427	123.236
242.699	99.431	123.194
242.702	99.417	123.151
242.675	99.421	123.116
242.639	99.422	123.093
242.671	99.326	123.156
242.671	99.247	123.209
242.659	99.169	123.249
242.666	99.061	123.307
242.652	98.963	123.351
242.679	98.807	123.426
242.712	98.662	123.508
242.708	98.544	123.566
242.774	98.394	123.643
243.406	97.950	124.122
243.407	97.953	124.092
243.409	97.930	124.079
243.408	97.916	124.091
243.414	97.900	124.103
243.413	97.922	124.096
243.418	97.918	124.098
243.434	97.904	124.138
243.449	97.915	124.198
243.453	97.897	124.239
243.447	97.937	124.198
243.453	97.963	124.170
243.458	97.998	124.160
243.453	98.003	124.169
243.449	98.031	124.135
243.439	98.051	124.098
243.439	98.072	124.084
243.444	98.097	124.085
243.438	98.122	124.094
243.437	98.132	124.109
243.271	98.530	123.987
243.144	98.788	123.820
243.034	99.023	123.639
242.931	99.198	123.477
243.443	98.167	124.112
243.256	98.556	123.986
243.152	98.732	123.830
243.061	98.885	123.688
242.979	99.007	123.554
242.917	99.090	123.455
242.827	99.168	123.374
242.768	99.187	123.326
242.717	99.150	123.329
242.684	99.100	123.320
242.654	99.034	123.313
242.662	98.937	123.359
242.688	98.800	123.444
242.732	98.654	123.535
242.744	98.544	123.582
243.405	97.990	124.117
243.395	97.985	124.087
243.281	98.136	124.076
243.379	97.950	124.081
243.378	97.951	124.080
243.384	97.933	124.090
243.396	97.923	124.091
243.401	97.927	124.086
243.422	97.916	124.147
243.431	97.913	124.203
243.430	97.923	124.214
243.424	97.958	124.173
243.424	97.970	124.163
243.441	98.011	124.152
243.459	98.019	124.150
243.485	98.041	124.115
243.486	98.051	124.096
243.473	98.073	124.099
243.450	98.119	124.069
243.437	98.115	124.091
243.419	98.142	124.096
243.419	98.157	124.101
243.419	98.161	124.118
243.407	98.198	124.109
243.247	98.597	123.980
243.118	98.849	123.774
243.046	98.993	123.636
242.987	99.108	123.519
242.912	99.185	123.425
242.803	99.288	123.313
242.762	99.273	123.302
242.673	99.351	123.207
242.628	99.315	123.208
242.607	99.248	123.210
242.619	99.146	123.268
242.622	99.063	123.302
242.653	98.938	123.379
242.700	98.751	123.479
242.726	98.596	123.545
242.725	98.492	123.596
242.733	98.391	123.645
242.776	98.308	123.654
242.755	98.258	123.674
242.781	98.168	123.720
242.777	98.147	123.725
242.789	98.107	123.747
242.791	98.112	123.728
242.797	98.115	123.733
242.797	98.127	123.793
242.796	98.187	123.783
243.449	97.918	124.190
243.442	97.948	124.149
243.454	97.966	124.139
243.460	97.975	124.147
243.461	97.986	124.147
243.451	98.015	124.097
243.453	98.045	124.064
243.447	98.012	124.097
243.439	98.056	124.097
243.427	98.080	124.096
243.415	98.090	124.114
243.410	98.105	124.111
243.414	98.125	124.121
243.408	98.154	124.110
243.419	98.155	124.126
243.432	98.177	124.090
243.440	98.182	124.065
243.446	98.177	124.060
243.446	98.192	124.055
243.445	98.193	124.054
243.270	98.557	123.954
243.180	98.698	123.819
243.063	98.835	123.713
243.009	98.853	123.673
242.903	98.914	123.580
242.869	98.859	123.579
242.760	98.862	123.533
242.748	98.751	123.571
242.698	98.663	123.565
242.661	98.613	123.563
242.715	98.520	123.572
242.723	98.481	123.571
242.725	98.408	123.596
242.739	98.354	123.619
242.777	98.285	123.656
242.782	98.267	123.663
242.808	98.218	123.682
242.810	98.238	123.726
242.801	98.254	123.760
243.437	97.938	124.196
243.437	97.970	124.149
243.437	97.989	124.124
243.455	97.985	124.128
243.474	97.988	124.119
243.506	97.979	124.101
243.512	97.986	124.094
243.487	98.029	124.082
243.468	98.021	124.104
243.445	98.065	124.080
243.434	98.057	124.090
243.427	98.055	124.113
243.421	98.058	124.128
243.409	98.075	124.128
243.403	98.087	124.128
243.410	98.086	124.119
243.416	98.121	124.081
243.429	98.121	124.066
243.442	98.127	124.051
243.447	98.123	124.069
243.440	98.148	124.057
243.433	98.158	124.061
243.421	98.133	124.089
243.421	98.141	124.091
243.274	98.417	124.030
243.150	98.572	123.899
243.087	98.613	123.832
243.013	98.638	123.787
242.977	98.588	123.777
243.398	98.067	124.125
243.387	98.035	124.124
243.272	98.200	124.121
243.173	98.269	124.013
243.126	98.265	123.964
243.071	98.253	123.923
243.004	98.269	123.874
243.018	98.222	123.870
242.965	98.244	123.866
242.939	98.232	123.882
242.885	98.241	123.831
242.816	98.293	123.748
242.798	98.324	123.695
242.799	98.387	123.667
243.489	98.041	124.139
243.491	98.050	124.111
243.486	98.043	124.102
243.469	98.054	124.084
243.446	98.079	124.060
243.434	98.057	124.082
243.290	98.359	124.019
243.154	98.596	123.840
243.422	98.065	124.114
243.428	98.070	124.113
243.428	98.093	124.101
243.439	98.092	124.108
243.450	98.088	124.108
243.457	98.089	124.086
243.465	98.075	124.078
243.465	98.083	124.071
243.453	98.076	124.071
243.447	98.088	124.070
243.428	98.098	124.073
243.422	98.075	124.094
243.411	98.055	124.109
243.399	98.079	124.092
243.393	98.076	124.095
243.386	98.054	124.115
243.386	98.062	124.108
243.392	98.035	124.130
243.273	98.233	124.099
243.197	98.300	124.006
243.107	98.339	123.930
243.043	98.347	123.889
242.985	98.347	123.839
243.370	98.023	124.097
243.359	98.018	124.099
243.272	98.171	124.116
243.193	98.227	124.046
243.125	98.314	124.015
243.097	98.313	124.005
243.049	98.362	123.915
242.955	98.428	123.806
243.436	98.099	124.108
243.361	98.263	124.113
243.480	98.098	124.090
243.377	98.298	124.066
243.256	98.428	123.954
243.125	98.593	123.800
243.422	98.128	124.061
243.404	98.127	124.070
243.393	98.129	124.075
243.394	98.134	124.067
243.394	98.100	124.100
243.393	98.110	124.103
243.399	98.125	124.081
243.422	98.103	124.091
243.441	98.115	124.057
243.449	98.101	124.040
243.467	98.082	124.048
243.460	98.089	124.047
243.452	98.045	124.093
243.440	98.058	124.085
243.435	98.048	124.090
243.424	98.018	124.102
243.406	98.016	124.107
243.400	97.992	124.125
243.394	97.995	124.120
243.393	98.006	124.114
243.393	97.981	124.130
243.393	97.982	124.114
243.399	97.976	124.114
243.400	97.956	124.115
243.400	97.976	124.098
243.304	98.127	124.119
243.240	98.162	124.062
243.188	98.182	124.015
243.132	98.207	123.977
243.443	97.967	124.196
243.436	97.987	124.215
243.330	98.157	124.214
243.231	98.257	124.065
243.160	98.334	123.973
243.088	98.427	123.871
243.054	98.484	123.799
243.040	98.547	123.728
242.955	98.657	123.626
242.855	98.801	123.512
242.798	98.889	123.419
242.667	99.089	123.301
242.649	99.213	123.245
242.632	99.327	123.190
242.640	99.407	123.161
242.589	99.549	123.084
242.570	99.657	123.011
242.571	99.671	122.977
242.579	99.629	122.991
242.631	99.526	123.025
243.466	98.093	124.055
243.472	98.085	124.053
243.465	98.081	124.061
243.459	98.071	124.062
243.453	98.060	124.072
243.442	98.038	124.077
243.431	98.026	124.078
243.424	98.026	124.087
243.431	98.004	124.101
243.429	97.975	124.125
243.418	97.962	124.123
243.405	97.940	124.143
243.399	97.916	124.152
243.383	97.927	124.115
243.372	97.930	124.095
243.366	97.956	124.078
243.354	97.955	124.085
243.354	97.974	124.077
243.359	97.991	124.073
243.376	97.993	124.084
243.318	98.107	124.184
243.239	98.196	124.151
243.190	98.241	124.078
243.098	98.341	123.952
243.043	98.368	123.873
243.440	98.086	124.137
243.339	98.271	124.138
243.259	98.392	123.992
243.174	98.512	123.876
243.072	98.671	123.729
242.945	98.863	123.582
242.908	98.933	123.532
243.422	98.192	124.052
243.275	98.503	124.009
243.163	98.709	123.833
243.026	98.968	123.649
242.927	99.158	123.500
243.451	98.161	124.088
243.463	98.162	124.080
243.475	98.163	124.053
243.478	98.142	124.027
243.472	98.124	124.028
243.472	98.079	124.061
243.453	98.068	124.078
243.294	98.376	123.999
243.430	98.021	124.106
243.413	98.014	124.096
243.406	97.992	124.116
243.400	97.966	124.131
243.388	97.976	124.117
243.388	97.950	124.130
243.387	97.928	124.140
243.382	97.923	124.126
243.378	97.930	124.094
243.372	97.938	124.088
243.377	97.921	124.113
243.370	97.946	124.105
243.376	97.953	124.097
243.386	97.980	124.096
243.420	97.949	124.175
243.435	97.951	124.230
243.446	97.993	124.199
243.452	98.022	124.160
243.457	98.039	124.157
243.361	98.240	124.133
243.301	98.357	124.034
243.502	98.105	124.102
243.480	98.097	124.086
243.315	98.347	124.054
243.145	98.560	123.899
243.001	98.754	123.755
242.892	98.922	123.629
242.789	99.125	123.469
242.714	99.293	123.348
242.665	99.459	123.237
242.648	99.568	123.152
242.584	99.674	123.019
242.624	99.622	123.010
242.660	99.544	123.043
242.684	99.475	123.056
242.690	99.419	123.091
242.704	99.359	123.118
242.666	99.338	123.128
242.654	99.269	123.164
242.609	99.222	123.180
242.613	99.129	123.233
242.632	99.015	123.275
242.635	98.912	123.328
243.395	97.974	124.109
243.395	97.952	124.120
243.394	97.930	124.130
243.395	97.913	124.120
243.389	97.905	124.108
243.377	97.910	124.106
243.377	97.889	124.128
243.376	97.908	124.119
243.370	97.903	124.120
243.376	97.936	124.095
243.387	97.933	124.127
243.419	97.908	124.214
243.423	97.930	124.234
243.429	97.961	124.205
243.428	98.023	124.156
243.439	98.049	124.160
243.469	98.067	124.163
243.488	98.093	124.126
243.496	98.119	124.096
243.489	98.131	124.095
243.349	98.390	124.045
243.221	98.601	123.889
243.078	98.819	123.733
242.972	98.978	123.610
242.821	99.185	123.470
242.714	99.372	123.350
242.639	99.520	123.240
242.511	99.705	123.060
242.487	99.743	122.995
242.527	99.666	123.010
242.642	99.498	123.096
242.672	99.443	123.095
242.702	99.361	123.123
242.663	99.363	123.110
242.672	99.302	123.133
242.620	99.257	123.150
242.655	99.147	123.231
242.694	99.006	123.310
242.655	98.933	123.345
242.700	98.779	123.426
242.720	98.612	123.509
243.413	97.926	124.134
243.309	98.096	124.110
243.408	97.891	124.109
243.397	97.885	124.100
243.390	97.876	124.112
243.378	97.899	124.099
243.384	97.885	124.105
243.383	97.911	124.088
243.411	97.888	124.132
243.438	97.878	124.215
243.453	97.889	124.246
243.458	97.913	124.224
243.470	97.960	124.181
243.475	97.978	124.189
243.487	98.021	124.174
243.500	98.034	124.153
243.495	98.059	124.122
243.484	98.091	124.106
243.448	98.134	124.081
243.437	98.157	124.080
243.419	98.184	124.085
243.413	98.194	124.102
243.263	98.542	124.030
243.134	98.800	123.842
243.034	99.018	123.681
242.921	99.229	123.496
242.832	99.359	123.356
242.760	99.420	123.267
242.751	99.406	123.254
242.720	99.431	123.181
242.632	99.483	123.110
242.603	99.456	123.089
242.598	99.424	123.109
242.588	99.347	123.147
242.597	99.249	123.188
242.590	99.146	123.223
242.611	99.028	123.290
242.607	98.910	123.351
242.717	98.681	123.489
242.746	98.543	123.556
242.773	98.440	123.606
242.761	98.381	123.591
242.730	98.345	123.586
242.729	98.275	123.629
242.713	98.267	123.641
242.752	98.213	123.677
242.748	98.170	123.671
243.384	97.899	124.090
243.411	97.879	124.148
243.437	97.855	124.235
243.442	97.905	124.215
243.447	97.927	124.198
243.446	97.954	124.171
243.457	97.997	124.171
243.476	98.009	124.167
243.489	98.022	124.146
243.485	98.045	124.121
243.467	98.056	124.119
243.449	98.099	124.095
243.437	98.138	124.088
243.419	98.151	124.101
243.413	98.171	124.114
243.401	98.186	124.129
243.401	98.207	124.115
243.407	98.218	124.104
243.413	98.236	124.096
243.431	98.244	124.082
243.306	98.595	123.965
243.194	98.811	123.775
243.101	98.959	123.643
243.064	98.965	123.574
242.930	99.071	123.471
242.823	99.155	123.386
242.743	99.148	123.358
242.714	99.084	123.356
242.621	99.098	123.298
242.667	98.956	123.354
242.700	98.815	123.443
242.725	98.638	123.524
242.727	98.534	123.569
242.739	98.446	123.588
242.709	98.392	123.576
242.697	98.322	123.571
242.716	98.257	123.622
242.745	98.186	123.678
242.731	98.174	123.669
242.750	98.169	123.687
242.800	98.140	123.724
242.815	98.188	123.792
242.787	98.220	123.782
243.442	97.904	124.211
243.453	97.931	124.177
243.470	97.960	124.165
243.499	97.970	124.179
243.524	97.987	124.155
243.514	98.005	124.123
243.497	98.022	124.113
243.479	98.046	124.104
243.455	98.079	124.098
243.438	98.095	124.100
243.279	98.424	124.044
243.125	98.692	123.849
243.391	98.130	124.138
243.384	98.159	124.127
243.385	98.170	124.110
243.235	98.576	123.971
243.129	98.817	123.765
243.070	98.960	123.620
242.984	99.068	123.502
242.912	99.154	123.414
242.824	99.258	123.324
242.788	99.258	123.303
242.736	99.238	123.287
242.665	99.219	123.268
242.642	99.131	123.292
242.611	99.063	123.322
242.617	98.930	123.392
242.676	98.726	123.505
242.695	98.614	123.564
242.727	98.520	123.578
242.690	98.476	123.553
242.688	98.416	123.578
242.714	98.346	123.605
242.710	98.321	123.616
242.754	98.265	123.631
242.763	98.249	123.644
242.802	98.207	123.686
242.796	98.260	123.717
242.819	98.276	123.774
242.797	98.323	123.746
243.446	97.977	124.180
243.453	97.984	124.156
243.470	98.018	124.144
243.495	98.033	124.135
243.514	98.017	124.125
243.509	98.045	124.096
243.491	98.052	124.097
243.474	98.059	124.099
243.456	98.094	124.089
243.444	98.124	124.087
243.438	98.110	124.124
243.432	98.112	124.137
243.413	98.143	124.138
243.408	98.150	124.130
243.247	98.539	123.999
243.112	98.797	123.778
243.423	98.177	124.061
243.436	98.172	124.039
243.442	98.171	124.038
243.435	98.183	124.033
243.429	98.166	124.044
243.435	98.158	124.058
243.423	98.136	124.071
243.417	98.115	124.086
243.285	98.381	124.048
243.193	98.474	123.942
243.116	98.503	123.881
243.078	98.453	123.862
243.016	98.430	123.827
242.944	98.391	123.779
242.867	98.356	123.731
242.810	98.303	123.706
242.817	98.214	123.745
242.779	98.168	123.735
242.760	98.174	123.720
242.805	98.160	123.737
242.798	98.149	123.723
242.814	98.187	123.750
242.823	98.218	123.800
242.810	98.268	123.779
242.783	98.359	123.699
242.779	98.416	123.646
242.789	98.483	123.611
243.499	98.024	124.170
243.489	98.050	124.134
243.485	98.058	124.106
243.480	98.080	124.085
243.473	98.088	124.087
243.456	98.107	124.090
243.449	98.130	124.097
243.449	98.125	124.118
243.437	98.150	124.111
243.436	98.142	124.134
243.430	98.158	124.130
243.431	98.153	124.125
243.432	98.159	124.109
243.439	98.153	124.093
243.441	98.175	124.059
243.447	98.160	124.055
243.441	98.149	124.057
243.436	98.154	124.046
243.429	98.141	124.062
243.417	98.118	124.080
243.405	98.083	124.099
243.394	98.078	124.102
243.388	98.085	124.093
243.388	98.059	124.107
243.400	98.037	124.111
243.297	98.196	124.112
243.229	98.224	124.043
243.169	98.219	123.987
243.088	98.252	123.897
243.414	97.921	124.110
243.401	97.915	124.118
243.305	98.031	124.145
243.212	98.115	124.042
243.137	98.175	123.962
243.093	98.207	123.947
243.026	98.270	123.943
242.963	98.355	123.870
242.925	98.393	123.757
242.864	98.469	123.653
242.849	98.512	123.622
242.796	98.613	123.539
242.831	98.692	123.511
242.789	98.822	123.413
242.732	98.964	123.327
243.467	98.095	124.078
243.456	98.104	124.085
243.444	98.106	124.106
243.433	98.124	124.102
243.426	98.128	124.125
243.419	98.138	124.129
243.419	98.143	124.129
243.426	98.154	124.110
243.433	98.150	124.089
243.446	98.151	124.074
243.464	98.149	124.071
243.457	98.160	124.068
243.458	98.118	124.087
243.446	98.141	124.066
243.434	98.124	124.087
243.422	98.098	124.103
243.405	98.088	124.107
243.245	98.377	124.059
243.382	98.053	124.118
243.381	98.069	124.104
243.393	98.034	124.115
243.400	98.015	124.113
243.405	97.991	124.121
243.406	97.993	124.098
243.419	97.964	124.100
243.338	98.082	124.112
243.244	98.139	124.059
243.200	98.130	124.020
243.431	97.959	124.086
243.436	97.911	124.130
243.352	98.037	124.227
243.250	98.141	124.154
243.165	98.242	124.026
243.072	98.353	123.877
243.062	98.383	123.826
243.010	98.486	123.747
242.967	98.561	123.667
242.901	98.684	123.539
242.779	98.849	123.391
242.757	98.959	123.310
242.720	99.082	123.280
242.690	99.204	123.233
243.455	98.098	124.115
243.449	98.122	124.112
243.443	98.120	124.119
243.437	98.118	124.126
243.437	98.108	124.138
243.443	98.121	124.122
243.281	98.513	123.979
243.177	98.704	123.795
243.452	98.147	124.068
243.458	98.157	124.054
243.458	98.143	124.061
243.446	98.136	124.070
243.440	98.126	124.080
243.422	98.102	124.099
243.411	98.109	124.093
243.400	98.069	124.117
243.399	98.070	124.116
243.394	98.046	124.117
243.382	98.054	124.109
243.388	98.024	124.117
243.389	98.021	124.087
243.384	98.009	124.071
243.378	98.006	124.066
243.383	98.002	124.076
243.298	98.125	124.092
243.232	98.156	124.029
243.162	98.212	123.965
243.113	98.204	124.000
243.036	98.259	123.983
242.953	98.336	123.885
242.893	98.382	123.796
242.834	98.450	123.720
242.796	98.529	123.644
242.817	98.581	123.596
242.785	98.709	123.503
242.772	98.803	123.433
242.732	98.936	123.341
243.463	98.089	124.056
243.320	98.376	123.999
243.180	98.592	123.853
243.054	98.815	123.706
242.929	99.040	123.542
242.847	99.223	123.406
242.721	99.410	123.257
243.432	98.130	124.109
243.445	98.119	124.088
243.459	98.107	124.064
243.453	98.110	124.059
243.459	98.125	124.036
243.459	98.091	124.065
243.447	98.088	124.078
243.435	98.068	124.086
243.423	98.068	124.092
243.410	98.036	124.125
243.399	98.018	124.135
243.398	98.038	124.118
243.399	98.023	124.115
243.405	98.004	124.121
243.411	97.983	124.126
243.412	97.985	124.112
243.417	97.947	124.126
243.413	97.979	124.085
243.407	97.977	124.076
243.406	97.984	124.082
243.417	97.985	124.090
243.411	98.006	124.086
243.432	97.976	124.154
243.351	98.101	124.237
243.272	98.184	124.141
243.184	98.280	124.028
243.106	98.364	123.930
243.077	98.419	123.862
243.478	98.066	124.132
243.361	98.275	124.096
243.232	98.421	123.965
243.105	98.576	123.832
242.979	98.766	123.673
242.888	98.919	123.544
242.816	99.085	123.432
242.740	99.236	123.343
242.671	99.407	123.206
242.668	99.489	123.147
242.626	99.603	123.058
242.582	99.678	122.988
242.625	99.613	123.024
242.685	99.489	123.096
242.655	99.484	123.088
243.481	98.137	124.061
243.330	98.461	123.968
243.193	98.637	123.809
243.441	98.092	124.068
243.429	98.069	124.087
243.419	98.060	124.085
243.412	98.038	124.096
243.412	98.029	124.099
243.411	97.989	124.129
243.411	97.998	124.113
243.405	97.982	124.116
243.405	97.950	124.131
243.395	97.952	124.100
243.391	97.937	124.090
243.391	97.920	124.091
243.378	97.925	124.097
243.378	97.943	124.087
243.384	97.945	124.088
243.389	97.967	124.075
243.411	97.969	124.120
243.425	97.935	124.218
243.429	97.967	124.217
243.327	98.156	124.185
243.240	98.270	124.051
243.191	98.341	123.984
243.112	98.460	123.883
243.051	98.566	123.775
242.984	98.687	123.658
242.890	98.822	123.520
242.764	99.018	123.385
242.692	99.156	123.315
242.585	99.370	123.171
242.557	99.503	123.110
242.544	99.620	123.054
242.563	99.676	123.034
242.546	99.713	122.994
242.527	99.713	122.979
242.611	99.553	123.042
242.624	99.516	123.055
242.672	99.446	123.091
242.660	99.437	123.092
242.644	99.415	123.089
242.662	99.327	123.131
242.687	99.217	123.206
242.649	99.176	123.227
242.614	99.136	123.241
242.605	99.055	123.280
242.655	98.925	123.352
242.683	98.776	123.427
243.407	97.979	124.107
243.406	97.959	124.119
243.412	97.948	124.111
243.414	97.922	124.101
243.408	97.906	124.104
243.402	97.916	124.100
243.401	97.905	124.109
243.401	97.913	124.103
243.407	97.943	124.084
243.422	97.919	124.145
243.437	97.913	124.214
243.436	97.940	124.215
243.435	97.961	124.196
243.435	97.996	124.158
243.446	98.033	124.157
243.470	98.037	124.157
243.483	98.065	124.131
243.502	98.084	124.100
243.501	98.086	124.118
243.369	98.355	124.073
243.235	98.540	123.937
243.078	98.800	123.755
242.995	98.943	123.631
243.402	98.179	124.102
243.220	98.536	124.030
243.077	98.792	123.833
242.948	99.026	123.635
242.827	99.233	123.443
242.780	99.331	123.325
242.763	99.363	123.266
242.786	99.338	123.242
242.688	99.431	123.153
242.714	99.371	123.153
242.632	99.422	123.084
242.649	99.313	123.152
242.604	99.260	123.178
242.637	99.130	123.254
242.655	99.014	123.306
242.671	98.884	123.384
242.751	98.654	123.501
242.728	98.574	123.545
243.401	97.943	124.114
243.396	97.923	124.104
243.385	97.923	124.086
243.390	97.906	124.095
243.384	97.903	124.099
243.396	97.914	124.086
243.401	97.905	124.097
243.422	97.900	124.131
243.443	97.890	124.212
243.453	97.892	124.240
243.458	97.917	124.220
243.453	97.958	124.170
243.458	97.981	124.169
243.476	98.011	124.161
243.483	98.003	124.163
243.478	98.036	124.133
243.456	98.051	124.113
243.432	98.092	124.096
243.408	98.132	124.083
243.407	98.174	124.080
243.396	98.187	124.092
243.401	98.191	124.108
243.261	98.552	124.022
243.155	98.796	123.830
243.030	99.046	123.644
242.977	99.177	123.503
243.462	98.215	124.068
243.295	98.587	123.937
243.167	98.762	123.790
243.056	98.913	123.645
242.944	99.070	123.497
242.894	99.092	123.462
242.772	99.209	123.350
242.724	99.198	123.322
242.695	99.138	123.317
242.680	99.074	123.326
242.641	99.023	123.316
242.699	98.849	123.419
242.726	98.730	123.475
242.746	98.637	123.524
242.689	98.608	123.488
242.742	98.486	123.545
242.699	98.461	123.541
242.680	98.438	123.545
242.690	98.399	123.553
242.736	98.342	123.583
242.752	98.318	123.617
243.428	97.896	124.175
243.444	97.869	124.230
243.350	98.053	124.189
243.442	97.940	124.164
243.447	97.963	124.151
243.453	98.006	124.146
243.478	97.999	124.140
243.497	98.010	124.115
243.504	98.032	124.096
243.497	98.050	124.102
243.472	98.076	124.113
243.442	98.111	124.109
243.406	98.134	124.118
243.390	98.143	124.119
243.385	98.158	124.108
243.384	98.161	124.121
243.379	98.182	124.110
243.392	98.202	124.086
243.404	98.205	124.073
243.428	98.230	124.039
243.275	98.632	123.910
243.185	98.811	123.742
243.084	98.969	123.620
243.001	99.044	123.547
242.888	99.150	123.446
242.786	99.210	123.364
242.732	99.167	123.359
242.695	99.117	123.357
242.659	99.072	123.344
242.599	98.988	123.337
242.656	98.841	123.431
242.705	98.688	123.507
242.753	98.557	123.554
242.745	98.484	123.552
242.764	98.385	123.600
242.730	98.351	123.607
242.742	98.292	123.636
242.765	98.219	123.674
242.801	98.148	123.722
242.793	98.145	123.792
242.818	98.136	123.830
243.443	97.920	124.195
243.443	97.946	124.152
243.449	97.956	124.146
243.466	97.982	124.141
243.491	97.977	124.136
243.505	97.993	124.101
243.499	98.001	124.087
243.480	98.016	124.098
243.444	98.038	124.111
243.409	98.069	124.096
243.385	98.095	124.100
243.380	98.103	124.107
243.374	98.114	124.107
243.374	98.123	124.112
243.380	98.116	124.121
243.393	98.145	124.086
243.417	98.167	124.062
243.434	98.187	124.046
243.458	98.175	124.038
243.460	98.169	124.024
243.454	98.160	124.037
243.447	98.172	124.052
243.281	98.506	123.990
243.146	98.694	123.817
243.010	98.871	123.667
242.933	98.931	123.597
242.879	98.945	123.553
243.405	98.055	124.131
243.261	98.306	124.085
243.152	98.405	123.980
243.065	98.475	123.864
243.003	98.496	123.786
242.948	98.501	123.729
242.904	98.485	123.709
242.863	98.457	123.682
242.811	98.447	123.633
242.788	98.405	123.615
242.764	98.373	123.650
242.808	98.307	123.752
242.809	98.286	123.770
242.816	98.297	123.738
243.442	98.003	124.144
243.453	98.028	124.135
243.472	98.041	124.130
243.492	98.050	124.095
243.506	98.052	124.067
243.517	98.030	124.087
243.504	98.046	124.092
243.480	98.062	124.104
243.455	98.071	124.117
243.426	98.088	124.117
243.410	98.099	124.100
243.392	98.123	124.100
243.392	98.116	124.102
243.393	98.116	124.095
243.400	98.111	124.081
243.406	98.134	124.061
243.419	98.129	124.046
243.437	98.136	124.029
243.438	98.142	124.012
243.444	98.101	124.042
243.442	98.118	124.055
243.435	98.088	124.089
243.417	98.108	124.080
243.405	98.088	124.088
243.399	98.100	124.078
243.265	98.350	124.039
243.159	98.486	123.924
243.083	98.550	123.842
243.025	98.539	123.797
242.944	98.570	123.719
243.390	97.998	124.090
243.378	97.988	124.085
243.266	98.147	124.112
243.166	98.234	124.021
243.092	98.278	123.930
243.061	98.262	123.920
243.026	98.285	123.934
243.051	98.229	123.980
243.003	98.228	123.922
243.459	98.027	124.144
243.386	98.169	124.153
243.326	98.216	124.102
243.273	98.264	124.020
243.219	98.295	123.935
243.510	98.099	124.071
243.491	98.109	124.074
243.461	98.109	124.100
243.425	98.118	124.104
243.387	98.142	124.077
243.375	98.143	124.087
243.375	98.132	124.101
243.375	98.132	124.101
243.394	98.130	124.091
243.412	98.145	124.067
243.430	98.144	124.048
243.454	98.125	124.047
243.471	98.120	124.047
243.477	98.116	124.040
243.466	98.102	124.039
243.461	98.069	124.056
243.443	98.055	124.080
243.418	98.041	124.101
243.406	98.025	124.104
243.394	98.042	124.100
243.393	98.012	124.117
243.388	98.030	124.099
243.386	98.003	124.126
243.387	97.992	124.119
243.387	97.975	124.112
243.283	98.175	124.070
243.194	98.240	123.994
243.129	98.294	123.934
243.031	98.350	123.868
243.394	97.961	124.120
243.399	97.962	124.129
243.314	98.118	124.194
243.228	98.193	124.159
243.165	98.260	124.062
243.106	98.298	123.956
243.054	98.342	123.901
243.027	98.377	123.858
243.000	98.377	123.810
243.509	98.094	124.099
243.516	98.105	124.064
243.516	98.106	124.076
243.399	98.321	124.079
243.271	98.458	123.975
243.448	98.136	124.125
243.425	98.155	124.117
243.397	98.168	124.096
243.386	98.175	124.082
243.387	98.174	124.075
243.400	98.141	124.081
243.419	98.147	124.056
243.431	98.148	124.040
243.443	98.150	124.024
243.456	98.126	124.018
243.467	98.117	124.019
243.462	98.109	124.018
243.461	98.073	124.053
243.443	98.057	124.066
243.436	98.020	124.107
243.425	98.002	124.108
243.413	97.998	124.109
243.406	97.989	124.110
243.400	97.961	124.130
243.400	97.945	124.132
243.389	97.955	124.094
243.377	97.942	124.091
243.377	97.933	124.103
243.359	97.959	124.088
243.264	98.126	124.085
243.184	98.188	123.983
243.134	98.228	123.978
243.116	98.217	124.044
243.070	98.237	124.007
243.434	97.985	124.204
243.423	98.039	124.149
243.332	98.171	124.198
243.279	98.257	124.117
243.227	98.295	124.026
243.182	98.327	123.923
243.117	98.401	123.848
243.479	98.164	124.065
243.456	98.159	124.079
243.438	98.169	124.087
243.296	98.390	124.092
243.165	98.557	123.957
243.056	98.709	123.830
242.979	98.864	123.693
242.898	99.044	123.545
243.417	98.208	124.052
243.435	98.189	124.044
243.454	98.170	124.033
243.461	98.142	124.023
243.473	98.144	124.015
243.467	98.112	124.031
243.462	98.084	124.044
243.455	98.060	124.061
243.437	98.031	124.081
243.419	98.023	124.084
243.413	97.993	124.102
243.401	97.974	124.108
243.388	97.957	124.125
243.388	97.935	124.127
243.394	97.912	124.136
243.383	97.897	124.124
243.385	97.895	124.097
243.373	97.899	124.093
243.366	97.887	124.120
243.365	97.909	124.113
243.370	97.942	124.096
243.375	97.937	124.114
243.306	98.098	124.139
243.265	98.125	124.155
243.439	97.967	124.231
243.363	98.133	124.197
243.277	98.219	124.099
243.220	98.297	124.033
243.165	98.340	123.976
243.083	98.390	123.890
243.466	98.117	124.112
243.342	98.336	124.089
243.240	98.439	123.989
243.145	98.553	123.886
243.023	98.705	123.784
242.921	98.843	123.674
242.843	98.972	123.580
242.772	99.113	123.461
242.716	99.262	123.338
242.691	99.379	123.235
242.645	99.535	123.109
242.660	99.617	123.056
242.623	99.709	122.961
242.609	99.713	122.921
242.594	99.664	122.949
243.473	98.130	124.022
243.300	98.476	123.939
243.160	98.643	123.795
243.064	98.743	123.678
242.954	98.874	123.551
243.432	97.999	124.086
243.431	97.943	124.117
243.418	97.935	124.121
243.412	97.903	124.141
243.412	97.895	124.127
243.401	97.864	124.119
243.395	97.881	124.098
243.383	97.876	124.108
243.378	97.859	124.120
243.372	97.867	124.115
243.370	97.886	124.111
243.386	97.896	124.159
243.322	98.045	124.225
243.422	97.904	124.255
243.433	97.977	124.198
243.445	97.981	124.192
243.462	98.041	124.174
243.480	98.063	124.172
243.511	98.070	124.152
243.525	98.109	124.106
243.425	98.277	124.114
243.318	98.407	124.010
243.198	98.525	123.912
243.061	98.652	123.826
242.897	98.819	123.707
242.782	98.983	123.598
242.674	99.132	123.488
242.631	99.259	123.380
242.575	99.435	123.236
242.498	99.641	123.055
242.632	99.601	123.066
242.603	99.724	122.980
242.578	99.753	122.908
242.593	99.702	122.923
242.594	99.618	122.968
242.651	99.479	123.049
242.641	99.437	123.070
242.640	99.352	123.127
242.598	99.322	123.125
242.624	99.188	123.184
242.590	99.116	123.209
242.562	99.031	123.228
242.653	98.834	123.356
242.642	98.742	123.377
243.397	97.872	124.107
243.392	97.856	124.093
243.391	97.849	124.099
243.384	97.817	124.131
243.383	97.829	124.136
243.388	97.835	124.134
243.393	97.862	124.125
243.403	97.859	124.165
243.431	97.838	124.250
243.441	97.858	124.263
243.446	97.909	124.225
243.452	97.946	124.188
243.462	97.998	124.182
243.474	98.018	124.187
243.488	98.042	124.165
243.495	98.075	124.136
243.500	98.096	124.130
243.489	98.149	124.103
243.470	98.181	124.112
243.446	98.222	124.103
243.304	98.503	124.073
243.180	98.684	123.937
243.068	98.873	123.797
242.946	99.104	123.615
242.865	99.227	123.487
242.777	99.385	123.361
242.683	99.581	123.196
242.600	99.693	123.076
242.574	99.736	122.992
242.588	99.676	122.984
242.604	99.612	123.021
242.640	99.503	123.088
242.606	99.482	123.077
242.581	99.444	123.067
242.647	99.293	123.155
242.651	99.187	123.203
242.651	99.079	123.254
242.675	98.948	123.306
242.716	98.766	123.415
242.708	98.625	123.463
243.421	97.867	124.102
243.393	97.861	124.070
243.381	97.842	124.084
243.375	97.833	124.088
243.369	97.825	124.092
243.368	97.831	124.091
243.378	97.842	124.103
243.411	97.813	124.184
243.437	97.820	124.244
243.447	97.835	124.252
243.464	97.864	124.227
243.475	97.917	124.195
243.492	97.960	124.196
243.516	97.967	124.193
243.542	98.014	124.141
243.543	98.011	124.133
243.519	98.059	124.121
243.476	98.111	124.125
243.435	98.150	124.122
243.406	98.203	124.104
243.389	98.235	124.101
243.382	98.263	124.108
243.377	98.273	124.117
243.235	98.642	124.030
243.130	98.877	123.829
243.027	99.144	123.609
242.946	99.332	123.435
242.905	99.382	123.340
242.860	99.391	123.269
242.794	99.398	123.239
242.698	99.445	123.194
242.666	99.419	123.184
242.561	99.469	123.109
242.559	99.375	123.140
242.536	99.322	123.156
242.566	99.185	123.241
242.621	99.033	123.303
242.635	98.887	123.370
242.718	98.705	123.464
242.737	98.593	123.506
242.745	98.502	123.503
242.743	98.440	123.525
242.749	98.358	123.562
242.706	98.340	123.561
242.693	98.318	123.561
242.713	98.253	123.578
242.718	98.237	123.600
242.770	98.188	123.692
242.780	98.197	123.759
242.791	98.218	123.752
243.442	97.869	124.200
243.453	97.908	124.167
243.475	97.928	124.186
243.499	97.964	124.171
243.519	97.990	124.142
243.543	97.978	124.144
243.531	98.000	124.132
243.501	98.057	124.126
243.458	98.104	124.131
243.424	98.132	124.124
243.400	98.176	124.120
243.378	98.190	124.126
243.371	98.212	124.133
243.365	98.244	124.119
243.366	98.258	124.104
243.379	98.285	124.067
243.391	98.303	124.049
243.269	98.695	123.906
243.178	98.866	123.737
243.442	98.309	123.983
243.310	98.626	123.936
243.181	98.804	123.802
243.082	98.896	123.696
242.987	98.942	123.618
242.876	98.983	123.542
242.774	98.995	123.498
242.757	98.911	123.512
242.765	98.795	123.527
242.747	98.679	123.546
242.739	98.571	123.543
242.731	98.487	123.555
242.754	98.405	123.574
242.783	98.306	123.619
242.766	98.238	123.637
242.776	98.189	123.660
242.779	98.149	123.669
242.767	98.114	123.687
242.786	98.101	123.757
242.816	98.098	123.830
242.811	98.132	123.818
242.789	98.193	123.731
243.442	97.904	124.154
243.460	97.934	124.153
243.496	97.938	124.155
243.527	97.950	124.132
243.539	97.958	124.126
243.514	97.974	124.130
243.490	98.021	124.110
243.467	98.047	124.106
243.444	98.076	124.107
243.426	98.099	124.116
243.414	98.127	124.123
243.396	98.147	124.118
243.385	98.149	124.132
243.385	98.176	124.109
243.392	98.198	124.090
243.226	98.636	123.941
243.142	98.829	123.753
243.048	98.994	123.598
243.436	98.235	124.014
243.430	98.225	124.028
243.285	98.546	123.980
243.150	98.725	123.828
243.045	98.814	123.724
243.000	98.827	123.676
242.889	98.906	123.586
242.893	98.812	123.611
242.832	98.758	123.595
243.394	98.052	124.108
243.286	98.193	124.119
243.183	98.276	123.984
243.108	98.284	123.910
243.036	98.306	123.835
242.981	98.300	123.795
242.945	98.283	123.766
242.911	98.269	123.738
242.883	98.215	123.733
242.860	98.218	123.776
242.818	98.233	123.782
242.807	98.266	123.750
242.788	98.299	123.689
242.810	98.336	123.661
242.801	98.423	123.625
242.835	98.448	123.597
242.846	98.498	123.556
242.831	98.622	123.503
242.798	98.735	123.441
243.496	98.049	124.106
243.473	98.058	124.104
243.456	98.086	124.104
243.444	98.105	124.108
243.433	98.110	124.110
243.421	98.121	124.116
243.408	98.131	124.121
243.397	98.174	124.088
243.409	98.158	124.091
243.423	98.185	124.046
243.436	98.184	124.029
243.436	98.168	124.050
243.429	98.163	124.060
243.423	98.160	124.063
243.262	98.505	123.977
243.116	98.681	123.831
243.388	98.129	124.089
243.382	98.111	124.097
243.387	98.097	124.103
243.388	98.089	124.099
243.387	98.090	124.089
243.399	98.080	124.090
243.399	98.056	124.091
243.311	98.194	124.092
243.234	98.217	124.019
243.162	98.249	123.949
243.419	97.952	124.111
243.408	97.963	124.092
243.312	98.079	124.124
243.231	98.119	124.112
243.181	98.134	124.117
243.093	98.241	124.007
243.060	98.258	123.933
243.011	98.296	123.852
242.996	98.333	123.814
242.950	98.398	123.722
242.905	98.461	123.628
242.841	98.526	123.557
242.772	98.671	123.467
242.774	98.772	123.439
242.697	98.933	123.358
243.438	98.103	124.094
243.427	98.128	124.088
243.421	98.145	124.087
243.415	98.123	124.111
243.415	98.127	124.108
243.416	98.144	124.090
243.428	98.137	124.089
243.440	98.152	124.066
243.459	98.162	124.037
243.465	98.145	124.039
243.459	98.145	124.040
243.453	98.140	124.058
243.440	98.116	124.084
243.423	98.118	124.078
243.405	98.074	124.111
243.388	98.071	124.109
243.382	98.058	124.118
243.387	98.038	124.129
243.388	98.037	124.109
243.388	98.028	124.105
243.393	98.029	124.094
243.400	97.993	124.096
243.401	97.998	124.071
243.407	97.985	124.085
243.298	98.159	124.093
243.238	98.201	124.019
243.171	98.238	123.953
243.115	98.234	123.989
243.052	98.251	123.973
243.424	97.950	124.229
243.319	98.134	124.196
243.229	98.257	124.065
243.168	98.344	123.969
243.112	98.420	123.874
243.092	98.454	123.808
243.026	98.534	123.714
243.011	98.579	123.661
242.880	98.746	123.538
242.767	98.909	123.413
242.652	99.072	123.303
242.663	99.155	123.278
242.583	99.332	123.190
242.572	99.452	123.143
243.414	98.142	124.119
243.420	98.161	124.101
243.421	98.163	124.080
243.434	98.181	124.054
243.452	98.153	124.059
243.459	98.160	124.035
243.465	98.137	124.046
243.454	98.130	124.046
243.452	98.102	124.082
243.436	98.088	124.081
243.423	98.090	124.082
243.406	98.086	124.077
243.400	98.067	124.086
243.393	98.053	124.107
243.394	98.034	124.106
243.394	97.987	124.126
243.388	98.008	124.102
243.388	97.978	124.111
243.389	97.965	124.102
243.384	97.965	124.083
243.383	97.961	124.086
243.382	97.965	124.098
243.382	97.988	124.078
243.383	97.996	124.072
243.394	97.962	124.102
243.322	98.081	124.208
243.243	98.157	124.169
243.166	98.226	124.078
243.417	98.015	124.179
243.418	98.038	124.143
243.321	98.225	124.143
243.232	98.343	124.030
243.144	98.456	123.907
243.069	98.595	123.777
242.966	98.762	123.627
242.890	98.896	123.518
242.807	99.041	123.425
243.439	98.146	124.083
243.446	98.146	124.086
243.286	98.515	124.010
243.154	98.775	123.820
243.058	98.958	123.656
242.938	99.170	123.482
243.468	98.175	124.080
243.470	98.181	124.047
243.471	98.168	124.030
243.466	98.142	124.037
243.448	98.138	124.041
243.441	98.122	124.059
243.430	98.083	124.083
243.270	98.400	124.003
243.136	98.543	123.867
243.400	98.025	124.113
243.389	98.025	124.104
243.393	97.997	124.130
243.388	98.006	124.107
243.394	97.972	124.119
243.395	97.946	124.117
243.391	97.929	124.096
243.385	97.932	124.091
243.390	97.924	124.104
243.383	97.960	124.083
243.383	97.947	124.090
243.394	97.979	124.080
243.420	97.958	124.164
243.436	97.955	124.211
243.337	98.122	124.226
243.242	98.223	124.086
243.440	98.049	124.145
243.356	98.233	124.159
243.300	98.322	124.046
243.245	98.397	123.939
243.122	98.529	123.796
242.986	98.677	123.688
242.873	98.824	123.584
242.767	98.983	123.464
242.684	99.159	123.345
242.623	99.301	123.265
242.548	99.496	123.124
242.546	99.594	123.082
242.560	99.685	123.027
242.509	99.785	122.925
242.581	99.682	122.985
242.643	99.588	123.026
243.477	98.190	124.027
243.336	98.507	123.953
243.211	98.675	123.810
243.080	98.839	123.668
243.007	98.898	123.593
242.896	98.975	123.502
242.817	98.996	123.450
242.748	99.002	123.402
242.700	98.959	123.378
243.400	98.005	124.118
243.406	97.983	124.119
243.405	97.971	124.117
243.412	97.937	124.120
243.401	97.939	124.097
243.396	97.922	124.092
243.402	97.916	124.100
243.400	97.914	124.113
243.394	97.948	124.090
243.400	97.934	124.104
243.415	97.927	124.163
243.425	97.924	124.219
243.435	97.937	124.217
243.435	97.986	124.171
243.441	98.011	124.152
243.452	98.043	124.147
243.476	98.049	124.157
243.496	98.101	124.094
243.389	98.286	124.081
243.271	98.410	123.980
243.152	98.564	123.851
243.020	98.756	123.714
242.923	98.897	123.598
243.380	98.193	124.072
243.203	98.543	124.004
243.058	98.769	123.838
242.958	98.970	123.669
242.836	99.220	123.465
242.762	99.400	123.288
242.768	99.409	123.239
242.754	99.400	123.192
242.748	99.379	123.165
242.696	99.418	123.115
242.665	99.402	123.097
242.643	99.386	123.111
242.660	99.291	123.162
242.627	99.234	123.181
242.606	99.160	123.221
242.590	99.090	123.242
242.645	98.931	123.344
243.400	97.997	124.105
243.289	98.187	124.087
243.395	97.954	124.102
243.397	97.923	124.088
243.391	97.936	124.070
243.390	97.908	124.105
243.390	97.910	124.099
243.395	97.918	124.091
243.401	97.905	124.097
243.411	97.912	124.116
243.353	98.034	124.214
243.442	97.894	124.245
243.446	97.939	124.208
243.440	97.976	124.169
243.445	98.017	124.157
243.464	98.009	124.177
243.482	98.047	124.146
243.497	98.077	124.099
243.502	98.094	124.095
243.489	98.091	124.116
243.453	98.136	124.118
243.301	98.426	124.055
243.153	98.641	123.895
243.063	98.821	123.755
242.959	99.038	123.602
242.855	99.251	123.452
243.415	98.208	124.097
243.232	98.624	123.963
243.094	98.872	123.744
242.980	99.072	123.558
242.942	99.140	123.461
242.881	99.207	123.363
242.798	99.296	123.288
242.782	99.274	123.284
242.686	99.332	123.210
242.660	99.276	123.192
242.605	99.223	123.174
242.611	99.111	123.249
242.581	99.033	123.279
242.664	98.833	123.390
242.722	98.661	123.504
242.722	98.569	123.537
243.395	97.951	124.088
243.289	98.103	124.064
243.379	97.913	124.088
243.373	97.919	124.088
243.378	97.881	124.110
243.378	97.907	124.084
243.389	97.904	124.097
243.421	97.884	124.182
243.438	97.876	124.221
243.442	97.904	124.203
243.442	97.940	124.164
243.446	97.962	124.167
243.464	97.984	124.174
243.477	98.018	124.139
243.492	98.045	124.095
243.486	98.053	124.090
243.466	98.065	124.115
243.431	98.101	124.104
243.407	98.139	124.098
243.389	98.175	124.091
243.390	98.169	124.112
243.384	98.223	124.093
243.389	98.231	124.097
243.407	98.206	124.115
243.425	98.246	124.077
243.284	98.640	123.944
243.178	98.868	123.744
243.123	98.971	123.641
243.054	99.061	123.521
242.910	99.180	123.402
242.823	99.231	123.359
242.703	99.311	123.285
242.636	99.321	123.224
242.593	99.296	123.209
242.567	99.235	123.200
242.603	99.117	123.270
242.647	98.984	123.344
242.662	98.854	123.409
242.720	98.691	123.480
242.731	98.581	123.524
242.740	98.497	123.536
242.714	98.418	123.559
242.700	98.389	123.581
242.723	98.322	123.620
242.718	98.304	123.610
242.740	98.249	123.636
242.764	98.235	123.662
242.766	98.232	123.736
242.783	98.249	123.759
243.437	97.892	124.207
243.431	97.941	124.149
243.442	97.984	124.130
243.465	97.992	124.151
243.484	97.987	124.140
243.504	98.002	124.105
243.510	98.005	124.101
243.484	98.046	124.111
243.454	98.059	124.122
243.419	98.091	124.116
243.397	98.110	124.105
243.380	98.139	124.097
243.374	98.153	124.102
243.373	98.157	124.116
243.368	98.164	124.111
243.380	98.192	124.081
243.393	98.223	124.048
243.422	98.231	124.039
243.440	98.216	124.036
243.459	98.219	124.006
243.317	98.537	123.946
243.210	98.698	123.817
243.096	98.851	123.711
242.978	98.980	123.582
243.423	98.120	124.093
243.259	98.402	124.038
243.128	98.535	123.905
243.054	98.579	123.841
243.019	98.529	123.813
242.965	98.534	123.763
242.929	98.484	123.723
242.854	98.468	123.675
242.853	98.399	123.680
242.781	98.359	123.646
242.733	98.324	123.617
242.737	98.277	123.641
242.777	98.210	123.672
242.793	98.193	123.737
242.833	98.187	123.821
242.824	98.202	123.808
243.442	97.969	124.164
243.448	97.977	124.147
243.454	97.983	124.149
243.478	98.014	124.135
243.503	98.013	124.112
243.511	98.020	124.081
243.504	98.027	124.088
243.474	98.043	124.101
243.451	98.052	124.098
243.427	98.080	124.096
243.409	98.090	124.112
243.403	98.110	124.108
243.398	98.098	124.128
243.392	98.117	124.121
243.393	98.150	124.090
243.411	98.115	124.103
243.417	98.165	124.060
243.436	98.167	124.038
243.447	98.163	124.031
243.448	98.138	124.041
243.442	98.162	124.030
243.429	98.154	124.055
243.422	98.140	124.084
243.270	98.446	123.994
243.146	98.596	123.864
243.057	98.691	123.766
243.002	98.718	123.718
242.925	98.724	123.671
243.405	98.025	124.129
243.273	98.232	124.095
243.182	98.268	124.001
243.077	98.349	123.893
243.023	98.345	123.863
242.963	98.358	123.801
242.953	98.301	123.802
242.896	98.328	123.737
242.885	98.273	123.752
242.873	98.257	123.790
242.781	98.288	123.775
242.805	98.267	123.772
242.769	98.311	123.704
242.811	98.316	123.698
243.470	98.057	124.132
243.490	98.038	124.137
243.509	98.048	124.101
243.516	98.046	124.082
243.498	98.059	124.091
243.468	98.082	124.089
243.433	98.096	124.085
243.416	98.116	124.080
243.416	98.113	124.096
243.410	98.124	124.095
243.410	98.111	124.103
243.410	98.116	124.102
243.417	98.140	124.077
243.423	98.145	124.064
243.447	98.118	124.069
243.454	98.135	124.034
243.455	98.117	124.029
243.455	98.096	124.051
243.437	98.094	124.056
243.430	98.070	124.090
243.411	98.097	124.082
243.399	98.076	124.094
243.387	98.081	124.084
243.388	98.056	124.102
243.261	98.299	124.069
243.175	98.380	123.980
243.121	98.401	123.914
243.058	98.439	123.831
242.995	98.422	123.795
243.396	97.969	124.102
243.383	97.969	124.117
243.274	98.128	124.131
243.184	98.199	124.042
243.134	98.222	123.975
243.075	98.270	123.957
243.050	98.282	123.992
243.006	98.309	123.926
243.458	98.017	124.181
243.470	98.044	124.139
243.379	98.210	124.148
243.325	98.270	124.070
243.514	98.071	124.117
243.515	98.075	124.097
243.391	98.279	124.087
243.245	98.436	123.958
243.431	98.117	124.094
243.403	98.119	124.092
243.392	98.142	124.084
243.393	98.110	124.112
243.393	98.113	124.109
243.393	98.119	124.100
243.411	98.110	124.096
243.429	98.136	124.062
243.453	98.134	124.050
243.465	98.136	124.034
243.478	98.104	124.042
243.484	98.075	124.054
243.460	98.081	124.054
243.443	98.054	124.077
243.436	98.024	124.103
243.418	98.026	124.104
243.400	98.019	124.111
243.394	98.008	124.113
243.388	97.994	124.126
243.393	97.990	124.127
243.381	97.982	124.124
243.387	97.952	124.132
243.278	98.154	124.090
243.194	98.210	124.003
243.116	98.263	123.940
243.045	98.295	123.903
243.002	98.288	123.862
243.394	97.955	124.120
243.398	97.985	124.126
243.317	98.103	124.241
243.246	98.165	124.186
243.184	98.223	124.077
243.104	98.305	123.954
243.050	98.349	123.893
243.014	98.392	123.854
243.490	98.109	124.118
243.516	98.106	124.076
243.412	98.299	124.068
243.297	98.398	123.987
243.177	98.540	123.878
243.024	98.740	123.717
243.426	98.164	124.090
243.421	98.153	124.101
243.409	98.159	124.102
243.404	98.150	124.100
243.405	98.169	124.076
243.417	98.153	124.071
243.430	98.142	124.065
243.454	98.133	124.052
243.466	98.127	124.034
243.479	98.094	124.032
243.479	98.079	124.044
243.467	98.069	124.055
243.448	98.048	124.077
243.442	98.021	124.096
243.424	98.011	124.100
243.418	97.971	124.131
243.407	97.977	124.113
243.400	97.949	124.133
243.400	97.931	124.140
243.394	97.937	124.128
243.383	97.942	124.094
243.377	97.918	124.111
243.371	97.929	124.107
243.370	97.927	124.120
243.259	98.124	124.087
243.179	98.206	123.996
243.147	98.205	124.008
243.101	98.246	124.020
243.070	98.252	124.012
242.996	98.302	123.911
242.926	98.334	123.817
243.428	98.063	124.159
243.350	98.221	124.179
243.276	98.314	124.067
243.190	98.425	123.922
243.124	98.495	123.821
243.042	98.610	123.738
243.461	98.174	124.081
243.437	98.171	124.097
243.302	98.426	124.060
243.172	98.597	123.926
243.061	98.780	123.781
242.986	98.951	123.641
242.905	99.126	123.494
242.810	99.338	123.320
242.729	99.506	123.168
243.454	98.173	124.022
243.466	98.130	124.039
243.467	98.120	124.024
243.462	98.094	124.031
243.450	98.081	124.049
243.437	98.052	124.076
243.430	98.014	124.097
243.425	98.011	124.084
243.413	97.984	124.105
243.413	97.958	124.119
243.406	97.933	124.133
243.399	97.913	124.147
243.400	97.918	124.127
243.395	97.894	124.128
243.384	97.890	124.114
243.378	97.887	124.109
243.377	97.889	124.120
243.371	97.914	124.111
243.369	97.936	124.113
243.375	97.966	124.093
243.396	97.939	124.159
243.423	97.953	124.222
243.445	97.949	124.241
243.451	98.019	124.187
243.370	98.154	124.187
243.291	98.259	124.097
243.239	98.337	124.026
243.494	98.111	124.134
243.375	98.288	124.095
243.259	98.414	123.981
243.112	98.568	123.873
242.991	98.726	123.741
242.845	98.914	123.589
242.805	99.023	123.515
242.737	99.168	123.433
242.684	99.302	123.333
242.616	99.489	123.167
242.617	99.590	123.080
242.616	99.689	123.019
242.650	99.684	122.989
243.483	98.206	124.024
243.496	98.162	124.023
243.336	98.497	123.931
243.207	98.660	123.775
243.074	98.810	123.647
242.965	98.906	123.546
242.892	98.936	123.484
243.430	98.001	124.104
243.425	97.980	124.102
243.419	97.942	124.123
243.412	97.925	124.131
243.406	97.898	124.143
243.406	97.893	124.126
243.401	97.887	124.100
243.389	97.874	124.105
243.383	97.867	124.113
243.376	97.863	124.133
243.371	97.902	124.101
243.376	97.898	124.111
243.397	97.898	124.162
243.419	97.896	124.231
243.434	97.912	124.250
243.439	97.948	124.217
243.445	98.007	124.170
243.456	98.026	124.180
243.474	98.074	124.164
243.499	98.096	124.137
243.507	98.127	124.098
243.403	98.325	124.078
243.291	98.454	123.979
243.162	98.624	123.865
243.055	98.754	123.753
242.896	98.934	123.617
242.750	99.128	123.497
242.653	99.290	123.389
242.608	99.404	123.288
242.529	99.603	123.120
242.525	99.724	123.000
242.504	99.813	122.934
242.555	99.766	122.938
242.611	99.657	122.979
242.642	99.553	123.012
242.651	99.496	123.039
242.635	99.458	123.060
242.593	99.439	123.069
242.628	99.327	123.130
242.629	99.221	123.180
242.630	99.109	123.236
242.609	99.019	123.262
242.640	98.868	123.347
242.671	98.706	123.423
242.702	98.583	123.479
243.396	97.895	124.095
243.391	97.869	124.094
243.384	97.865	124.103
243.384	97.851	124.118
243.383	97.844	124.131
243.382	97.874	124.110
243.387	97.889	124.112
243.415	97.874	124.179
243.441	97.845	124.270
243.458	97.865	124.269
243.457	97.934	124.214
243.456	97.969	124.191
243.468	98.006	124.186
243.486	98.037	124.181
243.494	98.061	124.148
243.502	98.095	124.107
243.490	98.119	124.105
243.464	98.162	124.110
243.434	98.192	124.110
243.412	98.227	124.095
243.265	98.542	124.043
243.156	98.748	123.894
243.074	98.925	123.761
242.960	99.141	123.587
242.831	99.368	123.394
242.794	99.438	123.300
242.691	99.581	123.168
242.662	99.615	123.089
242.634	99.602	123.047
242.628	99.550	123.053
242.613	99.503	123.084
242.597	99.459	123.108
242.595	99.404	123.095
242.605	99.291	123.160
242.585	99.218	123.187
242.654	99.037	123.287
242.677	98.901	123.335
242.712	98.720	123.438
242.749	98.584	123.506
242.714	98.510	123.505
242.745	98.413	123.529
242.724	98.363	123.531
242.721	98.278	123.567
242.686	98.292	123.557
242.687	98.250	123.569
243.373	97.843	124.087
243.395	97.831	124.140
243.421	97.811	124.224
243.442	97.816	124.262
