NO_OF_FRAMES	5000
NO_OF_DATA_TYPES	3
FREQUENCY	500
TIME_STAMP	2026-06-14, 17:47:28
DATA_INCLUDED	Position
DATA_TYPES	Unidentified [415960]_pos_X	Unidentified [415960]_pos_Y	Unidentified [415960]_pos_Z


280.957	-1.478	120.009
280.937	-1.447	120.087
280.923	-1.309	120.113
280.885	-1.240	120.237
280.864	-1.052	120.300
280.850	-0.863	120.388
280.843	-0.669	120.474
280.850	-0.448	120.519
280.863	-0.247	120.553
280.874	0.003	120.509
280.878	0.217	120.473
280.897	0.460	120.372
280.909	0.695	120.261
280.918	0.844	120.206
280.928	1.037	120.097
280.939	1.150	120.056
280.950	1.272	119.997
280.955	1.334	120.031
280.962	1.309	120.129
280.979	1.264	120.251
281.006	1.107	120.469
281.044	0.922	120.659
281.051	0.762	120.642
281.023	0.558	120.481
281.007	0.328	120.352
280.927	0.081	120.291
280.906	-0.155	120.247
280.884	-0.379	120.192
280.909	-0.585	120.100
280.945	-0.763	120.032
280.986	-0.923	119.983
281.005	-1.138	120.015
281.034	-1.245	119.985
281.044	-1.358	119.992
281.043	-1.402	119.994
281.038	-1.440	120.005
281.032	-1.451	120.003
281.015	-1.493	120.035
281.004	-1.444	120.047
280.997	-1.377	120.065
280.986	-1.293	120.081
280.975	-1.212	120.149
280.948	-1.086	120.197
280.928	-0.895	120.221
280.901	-0.725	120.284
280.888	-0.584	120.396
280.886	-0.373	120.440
280.895	-0.152	120.449
280.899	0.072	120.407
280.894	0.252	120.408
280.897	0.441	120.331
280.892	0.638	120.229
280.895	0.792	120.183
280.896	0.931	120.111
280.906	1.059	120.050
280.914	1.134	120.020
280.910	1.166	120.034
280.905	1.176	120.082
280.899	1.101	120.212
280.899	0.968	120.384
280.919	0.815	120.551
280.975	0.620	120.599
281.052	0.417	120.513
281.104	0.213	120.407
281.123	-0.040	120.344
280.902	-0.165	120.175
280.782	-0.362	120.075
280.765	-0.609	120.084
280.821	-0.764	120.074
280.839	-0.921	120.072
280.848	-1.058	120.034
280.878	-1.148	119.998
280.927	-1.219	119.999
280.986	-1.232	119.972
281.032	-1.275	120.008
281.061	-1.286	120.021
281.061	-1.245	119.994
281.042	-1.209	119.997
281.033	-1.144	120.002
281.025	-1.064	119.992
281.022	-0.953	120.015
281.007	-0.872	120.058
280.999	-0.706	120.061
280.980	-0.579	120.134
280.965	-0.438	120.216
280.942	-0.287	120.303
280.934	-0.085	120.340
280.918	0.075	120.398
280.908	0.230	120.430
280.899	0.388	120.434
280.890	0.551	120.382
280.879	0.689	120.337
280.885	0.828	120.259
280.900	0.952	120.172
280.905	1.040	120.097
280.907	1.085	120.055
280.909	1.144	120.002
280.905	1.106	120.044
280.900	1.060	120.121
280.884	0.955	120.232
280.884	0.790	120.413
280.898	0.627	120.544
280.930	0.422	120.541
280.979	0.231	120.437
280.928	-0.011	120.321
280.904	-0.220	120.235
280.952	-0.471	120.223
280.951	-0.629	120.112
280.824	-0.814	120.038
280.823	-0.981	119.997
280.849	-1.131	120.005
280.912	-1.219	120.015
280.920	-1.295	120.033
280.939	-1.340	120.018
280.975	-1.361	120.032
280.997	-1.336	120.032
281.024	-1.311	120.032
281.035	-1.237	120.032
281.035	-1.163	120.043
281.033	-1.005	120.012
281.029	-0.907	120.068
281.023	-0.767	120.114
281.006	-0.582	120.116
280.987	-0.461	120.215
280.995	-0.241	120.259
280.983	-0.104	120.368
280.994	0.125	120.389
280.998	0.301	120.441
280.985	0.490	120.429
280.960	0.661	120.374
280.937	0.784	120.343
280.915	0.909	120.289
280.906	1.015	120.218
280.902	1.151	120.108
280.904	1.208	120.042
280.901	1.228	120.014
280.894	1.191	120.055
280.885	1.162	120.101
280.870	1.036	120.240
280.872	0.874	120.394
280.878	0.668	120.568
280.915	0.469	120.546
280.973	0.276	120.423
281.001	0.022	120.354
281.001	-0.186	120.241
280.989	-0.424	120.191
280.924	-0.595	120.077
280.903	-0.814	120.026
280.935	-0.976	119.975
280.999	-1.156	119.979
281.035	-1.309	119.987
280.867	-1.413	119.978
280.829	-1.496	120.023
280.865	-1.487	120.002
280.887	-1.494	120.047
280.904	-1.463	120.074
280.920	-1.379	120.045
280.934	-1.287	120.033
280.935	-1.175	120.039
280.963	-1.045	120.088
280.984	-0.867	120.101
281.002	-0.671	120.125
281.003	-0.469	120.170
281.016	-0.226	120.205
281.010	-0.062	120.326
281.029	0.191	120.333
281.042	0.397	120.357
281.054	0.569	120.360
281.060	0.772	120.316
281.051	0.890	120.283
281.037	1.020	120.227
281.009	1.118	120.161
280.982	1.191	120.086
280.946	1.217	120.046
280.930	1.214	120.019
280.910	1.191	120.026
280.887	1.105	120.113
280.883	0.978	120.229
280.881	0.757	120.392
280.879	0.546	120.550
280.910	0.316	120.556
280.958	0.113	120.432
280.965	-0.118	120.317
280.897	-0.365	120.214
280.825	-0.608	120.155
280.821	-0.816	120.095
280.843	-1.018	120.047
280.883	-1.188	119.973
280.909	-1.368	119.980
280.917	-1.489	119.975
280.938	-1.619	120.020
280.969	-1.680	120.020
281.014	-1.677	119.984
281.048	-1.728	120.032
281.090	-1.692	120.041
281.016	-1.622	120.036
280.848	-1.520	119.998
280.841	-1.422	119.993
280.886	-1.275	120.007
280.935	-1.114	120.047
280.880	-0.919	120.077
280.863	-0.728	120.113
280.866	-0.512	120.172
280.904	-0.268	120.246
280.952	-0.011	120.300
280.992	0.225	120.375
281.021	0.473	120.415
281.026	0.666	120.460
281.035	0.878	120.440
281.053	1.060	120.414
281.049	1.199	120.346
281.043	1.305	120.258
281.027	1.320	120.219
281.019	1.369	120.100
281.010	1.385	120.009
280.990	1.325	120.017
280.964	1.240	120.056
280.942	1.113	120.140
280.928	0.946	120.260
280.914	0.694	120.439
280.924	0.466	120.527
280.964	0.169	120.527
280.989	-0.069	120.379
280.991	-0.310	120.257
280.955	-0.590	120.214
280.889	-0.772	120.093
280.867	-0.979	120.032
280.884	-1.189	119.990
280.908	-1.375	119.982
280.926	-1.515	119.960
280.938	-1.624	119.969
280.934	-1.726	119.994
280.957	-1.731	119.968
280.978	-1.761	119.999
280.986	-1.743	119.999
281.001	-1.708	120.035
281.010	-1.617	120.045
281.018	-1.479	120.032
281.045	-1.366	120.058
280.969	-1.204	120.071
280.815	-1.041	120.113
280.812	-0.820	120.145
280.856	-0.586	120.220
280.849	-0.342	120.307
280.878	-0.087	120.364
280.908	0.170	120.404
280.951	0.411	120.429
280.985	0.617	120.432
281.025	0.814	120.417
281.046	1.020	120.334
281.049	1.166	120.260
281.048	1.260	120.207
281.037	1.294	120.156
281.031	1.347	120.058
281.041	1.348	120.012
281.028	1.255	120.059
281.019	1.142	120.129
281.011	0.998	120.205
281.000	0.823	120.307
280.986	0.577	120.460
280.997	0.271	120.559
281.035	0.020	120.457
281.022	-0.203	120.309
280.916	-0.522	120.259
280.872	-0.721	120.154
280.881	-0.929	120.082
280.911	-1.112	119.999
280.930	-1.331	120.006
280.948	-1.445	119.958
280.954	-1.557	119.948
280.972	-1.620	119.957
280.998	-1.670	119.981
281.012	-1.700	119.987
281.012	-1.686	119.990
281.003	-1.653	120.004
280.998	-1.573	120.007
280.977	-1.494	120.025
280.969	-1.381	120.019
280.953	-1.236	119.996
280.932	-1.099	120.015
280.921	-0.929	120.044
280.913	-0.759	120.103
280.916	-0.560	120.152
280.927	-0.385	120.246
280.979	-0.163	120.313
281.047	0.009	120.404
280.934	0.242	120.393
280.906	0.425	120.410
280.918	0.577	120.442
280.948	0.751	120.472
281.003	0.894	120.436
280.994	0.993	120.366
281.016	1.121	120.229
281.028	1.148	120.170
281.038	1.179	120.059
281.034	1.126	120.050
281.030	1.106	119.989
281.014	1.026	120.009
280.998	0.862	120.136
280.989	0.677	120.244
280.980	0.420	120.431
280.989	0.156	120.551
281.031	-0.070	120.454
281.005	-0.338	120.341
280.957	-0.556	120.230
280.945	-0.758	120.119
280.971	-0.963	120.075
280.993	-1.137	120.009
280.999	-1.276	119.963
280.994	-1.431	119.977
280.985	-1.530	119.985
280.991	-1.569	119.955
281.011	-1.600	119.973
281.016	-1.610	119.991
281.023	-1.573	119.997
281.002	-1.537	120.018
280.993	-1.443	120.023
280.969	-1.325	120.006
280.950	-1.217	120.037
280.930	-1.053	120.026
280.906	-0.913	120.089
280.893	-0.729	120.120
280.875	-0.543	120.171
280.876	-0.345	120.254
280.876	-0.161	120.341
280.915	0.090	120.366
280.951	0.293	120.408
281.003	0.492	120.408
281.062	0.640	120.435
281.094	0.780	120.395
280.984	0.883	120.332
280.969	0.939	120.313
280.976	1.029	120.233
281.018	1.114	120.130
280.981	1.143	120.067
280.981	1.126	120.039
280.995	1.048	120.104
281.002	1.011	120.105
281.003	0.821	120.259
281.008	0.624	120.378
281.007	0.332	120.556
281.038	0.144	120.452
281.039	-0.105	120.349
280.947	-0.356	120.242
280.925	-0.614	120.184
280.947	-0.845	120.135
280.990	-1.041	120.069
281.026	-1.211	120.012
281.032	-1.340	119.961
281.038	-1.460	119.969
281.039	-1.548	119.973
281.065	-1.561	119.943
281.072	-1.592	119.960
281.071	-1.545	119.953
281.055	-1.504	119.972
281.041	-1.432	120.016
281.029	-1.323	120.024
281.013	-1.216	120.055
280.992	-1.042	120.039
280.976	-0.888	120.093
280.950	-0.680	120.097
280.925	-0.493	120.153
280.904	-0.286	120.205
280.892	-0.054	120.244
280.896	0.146	120.305
280.893	0.328	120.366
280.902	0.532	120.347
280.897	0.714	120.313
280.899	0.842	120.281
280.910	0.958	120.248
280.925	1.060	120.195
280.953	1.142	120.130
280.985	1.177	120.066
281.032	1.156	120.038
281.095	1.117	120.049
281.017	1.005	120.085
280.960	0.857	120.153
280.955	0.716	120.236
280.973	0.472	120.434
280.992	0.203	120.574
281.018	-0.028	120.520
281.052	-0.249	120.372
281.063	-0.477	120.277
280.978	-0.685	120.167
280.948	-0.917	120.107
280.966	-1.124	120.056
280.991	-1.258	119.979
281.001	-1.411	119.973
281.010	-1.506	119.955
280.999	-1.589	119.961
281.016	-1.601	119.955
281.037	-1.603	119.973
281.060	-1.550	119.974
281.074	-1.476	119.986
281.060	-1.403	120.013
281.049	-1.285	120.033
281.034	-1.134	120.044
281.020	-0.942	120.045
280.990	-0.787	120.110
280.968	-0.584	120.141
280.957	-0.343	120.186
280.930	-0.129	120.247
280.929	0.136	120.248
280.918	0.339	120.316
280.928	0.583	120.304
280.928	0.723	120.357
280.928	0.926	120.289
280.919	1.087	120.223
280.908	1.169	120.191
280.902	1.285	120.097
280.898	1.303	120.060
280.901	1.287	120.044
280.911	1.261	120.029
280.933	1.170	120.069
280.961	1.008	120.183
280.999	0.843	120.278
281.043	0.595	120.411
281.074	0.280	120.577
281.020	0.002	120.498
281.030	-0.239	120.335
281.023	-0.508	120.254
281.038	-0.756	120.205
280.942	-1.006	120.152
280.886	-1.232	120.070
280.886	-1.434	120.025
280.927	-1.590	120.001
280.981	-1.699	119.967
281.014	-1.779	119.955
281.026	-1.833	119.970
281.038	-1.842	119.995
281.049	-1.841	120.032
281.070	-1.764	120.029
281.084	-1.649	120.014
281.083	-1.562	120.062
281.082	-1.383	120.027
281.083	-1.200	120.000
281.072	-1.029	119.994
281.057	-0.814	119.975
281.047	-0.561	119.961
281.020	-0.383	120.036
280.994	-0.168	120.092
280.970	0.013	120.192
280.952	0.309	120.187
280.937	0.482	120.313
280.926	0.692	120.385
280.931	0.856	120.495
280.957	1.064	120.485
280.975	1.202	120.479
280.998	1.319	120.435
280.988	1.354	120.380
280.970	1.386	120.291
280.944	1.402	120.180
280.932	1.352	120.094
280.916	1.261	120.053
280.901	1.130	120.058
280.895	1.006	120.069
280.900	0.812	120.149
280.912	0.568	120.288
280.928	0.289	120.422
280.984	-0.041	120.533
281.075	-0.339	120.442
280.978	-0.601	120.268
280.800	-0.884	120.157
280.791	-1.157	120.121
280.846	-1.362	120.097
280.915	-1.544	120.071
280.896	-1.702	120.011
280.896	-1.809	119.979
280.912	-1.899	120.007
280.961	-1.906	120.007
281.012	-1.871	119.992
281.061	-1.763	119.940
281.078	-1.695	119.978
281.077	-1.616	120.058
281.067	-1.421	120.031
281.066	-1.273	120.054
281.070	-1.072	120.062
281.075	-0.836	120.057
281.071	-0.588	120.047
281.043	-0.361	120.081
281.026	-0.094	120.105
281.011	0.149	120.168
280.995	0.388	120.241
280.975	0.637	120.265
280.973	0.841	120.323
280.962	1.031	120.340
280.940	1.207	120.319
280.914	1.334	120.284
280.889	1.433	120.231
280.882	1.473	120.178
280.883	1.484	120.120
280.885	1.440	120.086
280.872	1.413	120.027
280.871	1.300	120.026
280.875	1.143	120.070
280.880	0.986	120.115
280.900	0.783	120.202
280.900	0.495	120.353
280.922	0.208	120.483
280.983	-0.119	120.484
281.028	-0.445	120.383
281.029	-0.687	120.218
280.985	-1.025	120.185
281.015	-1.260	120.123
280.880	-1.490	120.078
280.799	-1.688	120.006
280.809	-1.838	119.965
280.849	-1.960	120.010
280.877	-2.011	120.034
280.875	-2.027	120.024
280.913	-1.990	120.003
280.948	-1.964	120.052
280.978	-1.840	120.003
281.010	-1.707	120.024
281.019	-1.586	120.048
281.027	-1.381	120.029
281.042	-1.176	120.018
281.042	-0.950	120.006
281.046	-0.719	119.998
281.039	-0.464	119.992
281.040	-0.243	120.054
281.033	-0.015	120.114
281.029	0.189	120.207
281.019	0.458	120.257
281.009	0.692	120.338
280.999	0.888	120.455
281.003	1.038	120.550
281.013	1.220	120.565
281.026	1.352	120.530
281.025	1.409	120.513
281.020	1.461	120.415
281.011	1.547	120.260
280.981	1.512	120.140
280.958	1.421	120.057
280.920	1.270	120.060
280.890	1.160	120.017
280.862	0.949	120.102
280.855	0.788	120.148
280.849	0.505	120.296
280.845	0.218	120.435
280.881	-0.101	120.462
280.862	-0.397	120.339
280.872	-0.709	120.256
280.911	-0.966	120.156
280.965	-1.236	120.116
281.012	-1.454	120.065
281.055	-1.639	119.988
281.039	-1.860	120.019
280.839	-1.987	119.999
280.820	-2.046	119.977
280.865	-2.057	119.974
280.885	-2.022	120.004
280.903	-1.985	120.017
280.926	-1.876	120.005
280.949	-1.755	120.030
280.988	-1.571	120.043
281.017	-1.356	120.014
281.030	-1.158	120.022
281.035	-0.931	120.035
281.033	-0.684	120.060
281.025	-0.439	120.113
281.034	-0.163	120.157
281.040	0.121	120.206
281.050	0.400	120.277
281.067	0.606	120.378
281.069	0.872	120.391
281.061	1.011	120.455
281.038	1.181	120.417
281.025	1.259	120.412
281.008	1.356	120.371
280.984	1.420	120.249
280.954	1.393	120.193
280.929	1.371	120.088
280.907	1.312	120.031
280.888	1.171	120.042
280.878	1.031	120.060
280.875	0.874	120.097
280.864	0.645	120.207
280.869	0.383	120.345
280.875	0.081	120.458
280.849	-0.220	120.420
280.853	-0.540	120.314
280.877	-0.849	120.245
280.921	-1.080	120.145
280.964	-1.312	120.079
280.971	-1.491	120.009
280.965	-1.718	119.995
280.957	-1.901	119.998
280.973	-1.988	119.986
280.980	-2.049	119.989
281.004	-2.110	120.024
281.039	-2.076	120.025
280.910	-2.038	120.032
280.792	-1.942	119.993
280.806	-1.843	120.045
280.869	-1.625	120.040
280.882	-1.484	120.094
280.857	-1.280	120.078
280.860	-0.997	120.014
280.869	-0.779	120.045
280.903	-0.524	120.097
280.943	-0.214	120.100
280.983	0.059	120.157
281.009	0.342	120.218
281.021	0.604	120.266
281.036	0.831	120.369
281.038	0.998	120.457
281.048	1.213	120.433
281.065	1.309	120.489
281.074	1.402	120.447
281.068	1.480	120.341
281.045	1.496	120.278
281.016	1.471	120.182
280.977	1.417	120.080
280.925	1.303	120.033
280.897	1.205	120.005
280.856	1.009	120.068
280.826	0.821	120.119
280.792	0.551	120.261
280.697	0.254	120.398
280.708	-0.059	120.451
280.803	-0.369	120.382
280.887	-0.697	120.313
280.945	-0.920	120.165
280.968	-1.195	120.118
280.974	-1.405	120.069
280.986	-1.601	120.018
280.984	-1.799	119.999
280.988	-1.931	119.988
280.984	-2.006	119.969
280.978	-2.083	120.003
280.976	-2.097	120.006
280.982	-2.019	119.967
281.013	-1.976	120.003
281.050	-1.874	120.041
280.953	-1.756	120.077
280.827	-1.578	120.054
280.815	-1.376	120.044
280.851	-1.160	120.071
280.843	-0.933	120.130
280.843	-0.654	120.158
280.866	-0.341	120.156
280.900	-0.084	120.255
280.950	0.224	120.287
280.996	0.460	120.387
281.037	0.763	120.392
281.064	0.956	120.462
281.075	1.142	120.455
281.081	1.325	120.405
281.084	1.404	120.384
281.073	1.464	120.307
281.062	1.501	120.199
281.029	1.475	120.096
281.000	1.392	120.066
280.973	1.322	120.025
280.944	1.150	120.069
280.921	1.008	120.090
280.901	0.772	120.207
280.868	0.506	120.327
280.793	0.177	120.452
280.828	-0.146	120.435
280.880	-0.453	120.335
280.934	-0.724	120.216
280.985	-0.960	120.102
280.995	-1.232	120.079
280.999	-1.419	120.009
280.995	-1.628	119.972
280.995	-1.817	119.995
280.987	-1.939	119.989
280.981	-1.977	119.969
280.972	-2.008	119.967
280.958	-2.015	119.980
280.944	-1.989	120.000
280.936	-1.932	120.024
280.937	-1.827	120.060
280.927	-1.652	120.045
280.916	-1.480	120.052
280.914	-1.301	120.052
280.912	-1.094	120.070
280.943	-0.828	120.069
280.997	-0.579	120.117
280.961	-0.329	120.183
280.855	-0.081	120.241
280.884	0.209	120.254
280.948	0.487	120.293
281.011	0.705	120.370
281.006	0.884	120.406
281.008	1.109	120.346
281.020	1.243	120.307
281.026	1.336	120.253
281.036	1.389	120.186
281.026	1.397	120.113
281.010	1.356	120.074
280.991	1.296	120.034
280.960	1.224	119.998
280.939	1.020	120.093
280.920	0.830	120.156
280.899	0.594	120.256
280.815	0.279	120.406
280.812	-0.036	120.479
280.901	-0.334	120.436
280.981	-0.593	120.279
281.028	-0.868	120.193
281.044	-1.079	120.073
281.049	-1.323	120.068
281.041	-1.488	119.999
281.034	-1.667	119.957
281.016	-1.858	119.989
281.002	-1.912	119.965
280.990	-1.987	120.000
280.983	-1.959	119.975
280.965	-1.978	120.021
280.961	-1.865	119.962
280.950	-1.810	120.025
280.946	-1.651	120.006
280.922	-1.486	120.013
280.893	-1.364	120.053
280.880	-1.144	120.036
280.863	-0.928	120.034
280.882	-0.710	120.102
280.898	-0.464	120.146
280.927	-0.230	120.219
280.969	0.036	120.289
281.019	0.296	120.350
281.100	0.510	120.434
281.067	0.747	120.449
281.019	0.900	120.471
281.044	1.071	120.449
281.071	1.249	120.392
281.068	1.304	120.367
281.022	1.372	120.257
281.012	1.401	120.150
280.993	1.370	120.075
280.978	1.303	120.031
280.963	1.218	120.012
280.945	1.039	120.076
280.921	0.868	120.133
280.849	0.615	120.258
280.786	0.307	120.421
280.815	-0.003	120.465
280.906	-0.301	120.404
280.992	-0.589	120.289
281.042	-0.875	120.208
281.061	-1.094	120.089
281.074	-1.277	120.022
281.070	-1.461	119.959
281.067	-1.688	119.988
281.048	-1.827	119.969
281.033	-1.913	119.985
281.009	-1.903	119.936
280.996	-1.920	119.971
280.985	-1.877	119.980
280.978	-1.836	120.023
280.960	-1.723	120.027
280.952	-1.580	120.051
280.926	-1.427	120.069
280.907	-1.212	120.036
280.875	-1.010	120.031
280.873	-0.787	120.059
280.868	-0.552	120.082
280.879	-0.309	120.135
280.873	-0.090	120.213
280.893	0.201	120.214
280.914	0.413	120.297
280.934	0.659	120.288
280.963	0.812	120.368
281.003	0.993	120.355
281.049	1.108	120.360
281.108	1.211	120.312
281.141	1.247	120.260
281.027	1.236	120.184
280.984	1.268	120.040
280.976	1.176	120.058
280.958	1.078	120.072
280.939	0.971	120.075
280.904	0.812	120.114
280.888	0.659	120.153
280.802	0.377	120.294
280.805	0.075	120.443
280.876	-0.229	120.464
280.975	-0.491	120.361
281.030	-0.759	120.250
281.054	-1.007	120.173
281.057	-1.193	120.092
281.060	-1.389	120.063
281.067	-1.544	120.002
281.066	-1.701	120.003
281.057	-1.788	119.983
281.040	-1.834	119.976
281.028	-1.873	120.010
281.022	-1.833	120.023
281.006	-1.750	119.996
281.000	-1.657	120.001
280.983	-1.511	120.009
280.969	-1.370	120.026
280.944	-1.166	120.010
280.923	-0.998	120.037
280.910	-0.786	120.038
280.904	-0.551	120.044
280.900	-0.315	120.062
280.904	-0.083	120.102
280.898	0.145	120.156
280.902	0.382	120.217
280.902	0.605	120.262
280.911	0.773	120.328
280.919	0.938	120.367
280.934	1.097	120.350
280.956	1.195	120.348
280.962	1.265	120.315
280.988	1.283	120.281
281.014	1.274	120.225
281.023	1.237	120.154
281.050	1.146	120.105
281.062	1.050	120.051
280.943	0.868	120.058
280.899	0.771	119.998
280.797	0.508	120.127
280.775	0.222	120.295
280.800	-0.003	120.381
280.861	-0.297	120.456
280.973	-0.574	120.374
281.055	-0.804	120.248
281.083	-1.035	120.146
281.102	-1.248	120.091
281.100	-1.430	120.053
281.103	-1.599	120.011
281.082	-1.739	119.993
281.043	-1.838	119.998
281.022	-1.856	119.961
281.007	-1.868	119.987
281.014	-1.839	120.012
281.009	-1.711	119.968
281.005	-1.592	119.978
281.002	-1.459	120.002
280.979	-1.295	120.009
280.961	-1.090	119.999
280.940	-0.930	120.075
280.931	-0.642	120.030
280.919	-0.465	120.093
280.926	-0.172	120.071
280.915	0.074	120.124
280.917	0.312	120.198
280.921	0.560	120.248
280.923	0.770	120.291
280.950	0.983	120.315
280.943	1.106	120.368
280.941	1.235	120.354
280.941	1.334	120.322
280.932	1.369	120.284
280.926	1.363	120.237
280.915	1.327	120.166
280.910	1.307	120.070
280.901	1.200	120.044
280.920	1.091	120.030
280.934	0.898	120.081
280.958	0.722	120.103
280.861	0.394	120.244
280.803	0.092	120.322
280.836	-0.184	120.400
280.942	-0.505	120.427
281.001	-0.797	120.349
281.004	-1.040	120.201
281.022	-1.234	120.074
281.036	-1.458	120.065
281.069	-1.634	120.028
281.072	-1.813	120.010
281.064	-1.900	119.972
281.045	-1.950	119.975
281.016	-1.939	119.961
280.998	-1.874	119.947
280.987	-1.817	119.988
280.987	-1.725	120.022
280.988	-1.545	120.017
280.992	-1.353	119.997
280.986	-1.200	120.045
280.978	-0.949	120.049
280.970	-0.749	120.073
280.960	-0.486	120.102
280.948	-0.240	120.107
280.946	0.042	120.119
280.953	0.325	120.149
280.947	0.590	120.203
280.939	0.804	120.278
280.949	1.011	120.333
280.941	1.174	120.345
280.934	1.296	120.368
280.933	1.456	120.284
280.935	1.484	120.297
280.918	1.512	120.218
280.892	1.471	120.172
280.871	1.422	120.091
280.848	1.322	120.062
280.833	1.209	120.008
280.803	1.016	120.038
280.790	0.800	120.103
280.733	0.526	120.198
280.757	0.274	120.279
280.830	-0.041	120.407
280.964	-0.358	120.444
280.950	-0.680	120.346
280.947	-0.938	120.171
280.975	-1.219	120.133
281.019	-1.398	120.077
281.021	-1.614	120.078
280.988	-1.828	120.046
280.969	-1.938	119.975
280.968	-2.022	119.987
280.972	-2.039	119.959
280.990	-2.032	119.972
281.011	-1.938	119.949
280.999	-1.871	120.003
280.994	-1.730	120.008
280.982	-1.573	120.053
280.973	-1.381	120.048
280.969	-1.159	120.034
280.981	-0.908	120.051
280.984	-0.616	120.034
280.997	-0.392	120.081
280.996	-0.109	120.087
280.995	0.157	120.148
280.979	0.424	120.208
280.970	0.720	120.245
280.970	0.907	120.388
280.968	1.162	120.382
280.957	1.302	120.463
280.948	1.474	120.422
280.947	1.564	120.396
280.929	1.589	120.357
280.911	1.614	120.239
280.886	1.607	120.114
280.862	1.510	120.063
280.840	1.383	120.029
280.813	1.206	120.034
280.786	0.991	120.092
280.716	0.790	120.084
280.681	0.466	120.239
280.715	0.168	120.363
280.797	-0.157	120.426
280.918	-0.486	120.389
281.020	-0.798	120.254
281.090	-1.082	120.164
281.115	-1.368	120.123
280.928	-1.576	120.034
280.890	-1.838	120.032
280.893	-2.018	120.019
280.916	-2.074	119.962
280.850	-2.167	119.980
280.852	-2.169	119.950
280.877	-2.138	119.966
280.906	-2.066	120.002
280.933	-1.900	119.972
280.961	-1.772	120.008
280.962	-1.597	120.030
280.977	-1.363	120.036
280.985	-1.078	119.997
280.993	-0.837	120.056
281.013	-0.554	120.075
281.021	-0.294	120.127
281.034	0.024	120.139
281.050	0.331	120.173
281.054	0.626	120.247
281.047	0.881	120.324
281.040	1.099	120.390
281.019	1.290	120.431
281.003	1.444	120.438
280.980	1.627	120.355
280.949	1.673	120.328
280.921	1.696	120.268
280.884	1.707	120.165
280.846	1.617	120.111
280.809	1.515	120.038
280.780	1.429	119.981
280.739	1.193	120.037
280.661	0.993	120.065
280.637	0.725	120.161
280.674	0.413	120.318
280.738	0.079	120.433
280.838	-0.288	120.471
280.929	-0.581	120.336
280.993	-0.862	120.182
281.020	-1.167	120.117
281.042	-1.450	120.106
281.059	-1.719	120.086
281.065	-1.915	120.022
281.066	-2.089	119.996
280.899	-2.197	119.966
280.770	-2.278	119.951
280.776	-2.292	119.960
280.814	-2.258	120.009
280.804	-2.179	120.052
280.828	-2.043	120.057
280.832	-1.889	120.060
280.850	-1.650	120.034
280.880	-1.432	120.044
280.909	-1.181	120.062
280.949	-0.871	120.048
280.977	-0.589	120.109
281.016	-0.268	120.137
281.035	0.043	120.192
281.051	0.388	120.221
281.082	0.694	120.292
281.103	0.945	120.369
281.106	1.145	120.430
281.092	1.371	120.405
281.069	1.513	120.380
281.041	1.614	120.340
281.004	1.687	120.258
280.943	1.685	120.174
280.903	1.672	120.080
280.855	1.589	120.035
280.811	1.430	120.032
280.765	1.258	120.027
280.688	1.070	120.057
280.645	0.832	120.122
280.672	0.529	120.266
280.729	0.207	120.394
280.811	-0.136	120.446
280.912	-0.487	120.382
280.973	-0.763	120.219
280.997	-1.060	120.123
281.010	-1.345	120.093
281.017	-1.585	120.048
281.015	-1.843	120.021
280.981	-2.059	119.995
280.952	-2.181	119.927
280.938	-2.305	119.978
280.931	-2.348	119.986
280.932	-2.373	120.012
280.960	-2.286	119.998
280.892	-2.233	120.055
280.721	-2.113	120.045
280.712	-1.912	120.017
280.756	-1.709	120.065
280.824	-1.465	120.095
280.799	-1.212	120.110
280.823	-0.895	120.111
280.852	-0.616	120.177
280.895	-0.255	120.194
280.955	0.095	120.248
281.007	0.455	120.307
281.057	0.765	120.383
281.081	1.053	120.436
281.089	1.305	120.459
281.097	1.552	120.395
281.096	1.715	120.349
281.061	1.772	120.334
281.023	1.833	120.233
280.966	1.836	120.134
280.913	1.792	120.073
280.854	1.730	119.993
280.799	1.560	120.024
280.715	1.373	120.059
280.652	1.111	120.150
280.657	0.796	120.291
280.703	0.466	120.401
280.784	0.093	120.488
280.877	-0.259	120.386
280.948	-0.646	120.315
280.973	-0.943	120.171
280.987	-1.234	120.089
281.001	-1.499	120.060
280.996	-1.778	120.002
280.969	-2.045	119.991
280.941	-2.224	119.940
280.935	-2.315	119.924
280.915	-2.416	119.948
280.898	-2.493	119.992
280.888	-2.480	120.006
280.882	-2.418	120.032
280.868	-2.365	120.088
280.879	-2.191	120.069
280.902	-1.998	120.080
280.890	-1.783	120.102
280.735	-1.536	120.096
280.742	-1.237	120.090
280.797	-0.883	120.092
280.879	-0.554	120.176
280.883	-0.233	120.267
280.929	0.155	120.284
280.983	0.499	120.345
281.044	0.847	120.421
281.083	1.143	120.427
281.100	1.388	120.423
281.108	1.596	120.382
281.098	1.788	120.312
281.068	1.895	120.258
281.011	1.937	120.154
280.957	1.899	120.114
280.918	1.861	120.039
280.867	1.757	119.999
280.761	1.559	120.032
280.728	1.330	120.111
280.749	1.071	120.211
280.785	0.764	120.323
280.838	0.398	120.471
280.903	0.058	120.434
280.967	-0.356	120.404
280.999	-0.648	120.240
281.011	-0.971	120.133
281.017	-1.271	120.080
281.002	-1.559	120.034
280.978	-1.867	120.015
280.954	-2.114	120.000
280.938	-2.258	119.937
280.922	-2.410	119.976
280.916	-2.447	119.952
280.889	-2.512	119.997
280.863	-2.491	119.991
280.843	-2.439	120.022
280.821	-2.328	120.019
280.812	-2.210	120.050
280.807	-2.023	120.050
280.826	-1.777	120.040
280.853	-1.562	120.090
280.880	-1.279	120.087
280.926	-0.978	120.121
280.998	-0.649	120.180
281.019	-0.288	120.231
280.925	0.059	120.282
280.956	0.388	120.380
281.032	0.735	120.475
281.101	1.072	120.491
281.095	1.335	120.484
281.077	1.595	120.414
281.051	1.768	120.337
281.028	1.890	120.293
280.997	1.983	120.176
280.960	2.001	120.072
280.900	1.933	120.024
280.808	1.825	119.984
280.744	1.659	120.016
280.738	1.434	120.112
280.780	1.136	120.260
280.824	0.833	120.358
280.878	0.443	120.509
280.954	0.102	120.466
281.029	-0.280	120.380
281.056	-0.610	120.245
281.069	-0.955	120.171
281.061	-1.241	120.097
281.036	-1.557	120.062
280.999	-1.823	119.991
280.945	-2.104	119.987
280.925	-2.260	119.940
280.910	-2.387	119.936
280.896	-2.483	119.957
280.872	-2.535	119.969
280.843	-2.570	120.028
280.818	-2.479	120.006
280.792	-2.427	120.060
280.783	-2.297	120.065
280.780	-2.139	120.099
280.797	-1.894	120.059
280.806	-1.681	120.099
280.813	-1.411	120.111
280.835	-1.109	120.149
280.868	-0.810	120.216
280.921	-0.478	120.317
280.995	-0.101	120.383
281.088	0.230	120.499
281.177	0.555	120.569
281.194	0.834	120.616
281.131	1.184	120.499
281.124	1.391	120.474
281.125	1.689	120.317
281.117	1.790	120.321
281.015	1.886	120.218
280.934	1.967	120.078
280.870	1.986	119.983
280.767	1.904	120.006
280.730	1.817	120.031
280.746	1.609	120.163
280.796	1.377	120.301
280.831	1.071	120.461
280.886	0.773	120.551
280.969	0.445	120.500
281.024	0.039	120.456
281.064	-0.230	120.296
281.085	-0.547	120.199
281.069	-0.876	120.138
281.060	-1.153	120.046
281.036	-1.401	119.982
280.998	-1.690	119.950
280.967	-1.923	119.943
280.953	-2.082	119.925
280.924	-2.233	119.957
280.891	-2.370	120.010
280.856	-2.385	119.998
280.826	-2.381	120.021
280.785	-2.382	120.094
280.769	-2.283	120.096
280.767	-2.173	120.123
280.775	-2.010	120.132
280.777	-1.783	120.133
280.789	-1.541	120.139
280.794	-1.293	120.171
280.818	-1.056	120.288
280.841	-0.733	120.345
280.901	-0.417	120.413
280.958	-0.073	120.451
281.009	0.253	120.489
281.068	0.576	120.496
281.100	0.859	120.469
281.131	1.097	120.420
281.165	1.324	120.340
281.129	1.480	120.263
281.013	1.634	120.124
280.946	1.780	120.002
280.837	1.783	120.001
280.810	1.783	120.046
280.822	1.733	120.117
280.835	1.612	120.202
280.872	1.485	120.310
280.908	1.257	120.484
280.956	0.933	120.670
281.024	0.712	120.554
281.072	0.431	120.399
281.086	0.084	120.342
281.078	-0.177	120.212
281.063	-0.468	120.157
281.047	-0.754	120.077
281.026	-1.025	120.029
281.007	-1.280	119.996
281.001	-1.519	119.993
280.974	-1.702	119.965
280.958	-1.886	119.995
280.922	-1.967	119.971
280.881	-2.091	120.002
280.857	-2.126	120.007
280.826	-2.145	120.034
280.819	-2.090	120.062
280.824	-2.022	120.081
280.817	-1.900	120.069
280.817	-1.783	120.125
280.820	-1.580	120.117
280.824	-1.409	120.178
280.841	-1.180	120.241
280.865	-0.943	120.310
280.897	-0.668	120.355
280.929	-0.410	120.420
280.945	-0.103	120.419
280.963	0.138	120.454
280.976	0.396	120.440
280.992	0.673	120.378
280.986	0.903	120.315
280.995	1.152	120.181
281.000	1.279	120.161
280.967	1.439	120.057
280.975	1.512	120.014
280.962	1.531	120.013
280.958	1.535	120.057
280.949	1.507	120.134
280.952	1.354	120.365
280.976	1.244	120.499
280.990	1.021	120.651
281.052	0.777	120.639
281.112	0.604	120.452
281.132	0.314	120.390
281.129	0.093	120.262
281.102	-0.127	120.139
281.066	-0.389	120.119
281.028	-0.602	120.040
280.991	-0.866	120.043
280.958	-1.075	120.015
280.942	-1.256	119.988
280.920	-1.398	119.974
280.904	-1.537	119.998
280.889	-1.620	119.991
280.863	-1.722	120.037
280.857	-1.727	120.022
280.845	-1.741	120.065
280.840	-1.681	120.067
280.834	-1.603	120.056
280.833	-1.535	120.099
280.840	-1.384	120.088
280.855	-1.252	120.131
280.867	-1.158	120.263
280.900	-0.909	120.263
280.928	-0.719	120.326
280.960	-0.515	120.350
280.966	-0.284	120.354
280.973	-0.091	120.346
280.970	0.112	120.326
280.961	0.332	120.273
280.940	0.553	120.197
280.918	0.782	120.102
280.875	0.897	120.093
280.788	1.017	120.049
280.777	1.156	120.005
280.828	1.210	120.061
280.927	1.243	120.132
280.996	1.245	120.211
280.963	1.154	120.323
280.969	1.024	120.467
280.997	0.831	120.651
281.077	0.701	120.593
281.108	0.490	120.505
281.110	0.285	120.399
281.117	0.095	120.304
281.127	-0.050	120.184
281.109	-0.283	120.148
281.093	-0.485	120.102
281.061	-0.692	120.069
281.030	-0.880	120.055
280.990	-1.037	120.029
280.953	-1.210	120.036
280.932	-1.330	120.036
280.918	-1.386	119.999
280.902	-1.467	120.018
280.888	-1.536	120.044
280.882	-1.547	120.043
280.873	-1.527	120.055
280.857	-1.476	120.037
280.853	-1.422	120.065
280.850	-1.337	120.101
280.855	-1.234	120.155
280.872	-1.129	120.288
280.897	-0.953	120.353
280.930	-0.765	120.445
280.953	-0.607	120.553
280.979	-0.373	120.566
280.990	-0.225	120.637
281.006	0.025	120.559
281.014	0.247	120.480
280.991	0.475	120.343
280.952	0.679	120.224
280.880	0.872	120.096
280.788	1.027	119.996
280.747	1.134	119.953
280.768	1.230	119.992
280.807	1.282	120.081
280.864	1.290	120.204
280.920	1.188	120.400
281.004	1.080	120.583
281.018	0.869	120.676
281.062	0.736	120.525
281.083	0.521	120.439
281.112	0.344	120.359
281.124	0.132	120.310
281.089	-0.028	120.206
281.074	-0.248	120.149
281.068	-0.423	120.080
281.072	-0.583	120.020
281.065	-0.782	120.025
281.039	-0.938	120.013
281.014	-1.037	119.972
280.980	-1.134	119.997
280.956	-1.213	120.005
280.939	-1.261	120.002
280.919	-1.325	120.038
280.914	-1.346	120.072
280.909	-1.329	120.075
280.913	-1.284	120.081
280.902	-1.199	120.092
280.893	-1.129	120.153
280.884	-1.027	120.205
280.890	-0.858	120.223
280.903	-0.740	120.316
280.927	-0.611	120.406
280.951	-0.424	120.413
280.959	-0.245	120.420
280.972	-0.051	120.372
280.983	0.086	120.358
280.967	0.283	120.249
280.946	0.403	120.222
280.924	0.543	120.154
280.872	0.727	120.028
280.781	0.825	119.987
280.736	0.900	119.977
280.741	0.942	120.039
280.772	0.942	120.155
280.824	0.973	120.262
280.863	0.893	120.411
280.926	0.770	120.583
281.028	0.617	120.619
281.151	0.467	120.530
281.110	0.331	120.405
281.002	0.191	120.277
280.973	0.047	120.195
280.996	-0.088	120.154
280.997	-0.244	120.133
280.942	-0.378	120.103
280.939	-0.510	120.079
280.943	-0.628	120.052
280.965	-0.702	120.020
280.972	-0.787	119.996
280.964	-0.832	119.991
280.966	-0.884	120.011
280.962	-0.955	120.061
280.955	-0.945	120.049
280.947	-0.955	120.078
280.952	-0.940	120.088
280.952	-0.896	120.086
280.945	-0.855	120.129
280.953	-0.746	120.133
280.952	-0.656	120.190
280.958	-0.579	120.286
280.964	-0.456	120.341
280.971	-0.349	120.403
280.975	-0.214	120.417
280.968	-0.118	120.448
280.970	-0.012	120.449
280.952	0.165	120.339
280.934	0.271	120.292
280.915	0.394	120.208
280.869	0.491	120.128
280.774	0.609	120.016
280.726	0.679	119.967
280.724	0.699	119.991
280.760	0.712	120.086
280.795	0.732	120.155
280.813	0.677	120.300
280.851	0.634	120.443
280.905	0.513	120.537
281.002	0.383	120.494
281.065	0.302	120.358
281.122	0.114	120.352
281.157	0.025	120.245
281.158	-0.123	120.175
280.962	-0.261	120.125
280.904	-0.378	120.058
280.919	-0.485	120.057
280.945	-0.592	120.081
280.899	-0.670	120.075
280.884	-0.728	120.044
280.889	-0.767	120.031
280.901	-0.788	120.049
280.924	-0.762	120.019
280.949	-0.744	120.033
280.954	-0.717	120.033
280.955	-0.681	120.032
280.954	-0.659	120.063
280.949	-0.611	120.105
280.955	-0.536	120.141
280.966	-0.469	120.202
280.990	-0.371	120.236
281.011	-0.282	120.306
281.025	-0.154	120.328
281.045	-0.096	120.420
281.036	-0.010	120.444
281.023	0.099	120.435
280.998	0.204	120.386
280.976	0.341	120.274
280.949	0.414	120.211
280.894	0.484	120.138
280.788	0.564	120.025
280.723	0.527	120.038
280.714	0.599	119.981
280.741	0.607	120.019
280.781	0.616	120.075
280.800	0.531	120.219
280.827	0.455	120.352
280.856	0.307	120.516
280.929	0.210	120.455
281.002	0.055	120.393
281.024	-0.092	120.332
281.041	-0.195	120.239
281.053	-0.286	120.159
281.053	-0.406	120.107
281.057	-0.519	120.066
281.077	-0.621	120.038
281.113	-0.713	120.031
280.956	-0.833	120.067
280.843	-0.901	120.055
280.840	-0.908	120.027
280.876	-0.919	120.065
280.860	-0.908	120.088
280.869	-0.881	120.100
280.884	-0.764	120.044
280.888	-0.773	120.093
280.912	-0.681	120.070
280.923	-0.613	120.101
280.944	-0.501	120.103
280.955	-0.388	120.145
280.973	-0.282	120.196
281.000	-0.123	120.233
281.022	-0.045	120.326
281.052	0.038	120.417
281.076	0.127	120.499
281.088	0.258	120.469
281.097	0.356	120.479
281.072	0.441	120.423
281.043	0.546	120.326
281.008	0.579	120.267
280.957	0.636	120.185
280.866	0.701	120.059
280.775	0.702	119.998
280.748	0.707	119.981
280.757	0.671	120.036
280.782	0.616	120.123
280.807	0.545	120.229
280.830	0.435	120.345
280.857	0.272	120.482
280.931	0.116	120.438
280.985	-0.069	120.367
281.014	-0.189	120.282
281.016	-0.348	120.223
281.007	-0.463	120.150
280.988	-0.573	120.061
280.968	-0.716	120.034
280.964	-0.854	120.042
280.964	-0.931	120.023
280.980	-0.997	120.042
280.991	-0.996	119.997
280.998	-1.063	120.032
281.029	-1.047	120.044
280.902	-1.041	120.055
280.810	-1.012	120.048
280.816	-0.893	119.999
280.864	-0.841	120.095
280.890	-0.752	120.142
280.859	-0.626	120.147
280.868	-0.481	120.132
280.886	-0.360	120.181
280.926	-0.181	120.208
280.969	-0.056	120.285
281.006	0.033	120.391
281.041	0.223	120.396
281.049	0.349	120.411
281.050	0.485	120.377
281.040	0.552	120.365
281.025	0.664	120.269
281.012	0.767	120.178
280.977	0.783	120.125
280.936	0.802	120.069
280.829	0.760	120.057
280.785	0.753	120.019
280.789	0.688	120.097
280.813	0.656	120.133
280.836	0.511	120.263
280.855	0.393	120.368
280.878	0.228	120.462
280.943	0.052	120.410
280.984	-0.120	120.305
281.016	-0.280	120.231
281.031	-0.454	120.187
281.011	-0.614	120.132
280.995	-0.720	120.034
280.969	-0.865	120.000
280.951	-1.004	120.006
280.946	-1.089	120.011
280.929	-1.179	120.036
280.927	-1.183	120.015
280.913	-1.212	120.013
280.903	-1.191	120.008
280.902	-1.192	120.043
280.926	-1.138	120.061
280.956	-1.048	120.055
281.002	-0.960	120.085
280.955	-0.840	120.086
280.790	-0.709	120.077
280.783	-0.563	120.109
280.840	-0.363	120.151
280.891	-0.210	120.240
280.882	-0.051	120.310
280.919	0.135	120.342
280.961	0.269	120.435
281.002	0.448	120.427
281.038	0.604	120.410
281.065	0.719	120.384
281.057	0.844	120.302
281.037	0.862	120.294
281.014	0.945	120.177
280.982	0.989	120.090
280.909	0.933	120.072
280.825	0.928	119.972
280.799	0.877	119.968
280.827	0.762	120.058
280.872	0.615	120.183
280.892	0.455	120.304
280.918	0.262	120.445
280.966	0.048	120.493
281.029	-0.173	120.430
281.061	-0.350	120.297
281.066	-0.505	120.206
281.060	-0.660	120.125
281.037	-0.833	120.086
281.010	-0.964	120.036
280.979	-1.088	119.991
280.968	-1.170	119.962
280.960	-1.257	119.989
280.949	-1.304	120.024
280.940	-1.243	119.960
280.923	-1.253	119.983
280.912	-1.221	120.002
280.893	-1.194	120.041
280.900	-1.119	120.059
280.902	-0.952	120.016
280.897	-0.893	120.083
280.903	-0.722	120.061
280.912	-0.598	120.110
280.941	-0.423	120.140
280.968	-0.264	120.189
281.025	-0.085	120.218
281.031	0.005	120.364
280.941	0.225	120.341
280.960	0.370	120.368
280.997	0.494	120.408
281.035	0.644	120.388
280.994	0.746	120.342
280.975	0.780	120.314
280.971	0.893	120.189
280.968	0.889	120.150
280.951	0.930	120.043
280.888	0.860	120.018
280.830	0.812	119.988
280.814	0.692	120.049
280.834	0.591	120.129
280.872	0.442	120.222
280.911	0.224	120.373
280.957	-0.024	120.488
281.026	-0.225	120.438
281.087	-0.364	120.273
281.119	-0.568	120.200
281.127	-0.736	120.137
281.116	-0.881	120.056
281.083	-1.034	120.028
281.054	-1.157	119.995
281.016	-1.259	119.987
280.994	-1.333	119.998
280.978	-1.342	119.985
280.969	-1.322	119.997
280.947	-1.331	120.007
280.921	-1.253	120.000
280.913	-1.154	119.979
280.896	-1.063	119.999
280.900	-0.951	120.034
280.891	-0.836	120.071
280.888	-0.643	120.009
280.885	-0.537	120.081
280.877	-0.330	120.056
280.883	-0.200	120.157
280.883	-0.049	120.223
280.911	0.159	120.243
280.945	0.302	120.325
280.996	0.457	120.362
281.041	0.571	120.401
281.091	0.711	120.393
281.152	0.778	120.375
281.067	0.814	120.343
280.959	0.876	120.224
280.941	0.884	120.174
280.939	0.904	120.097
280.915	0.835	120.082
280.797	0.751	120.060
280.743	0.713	119.990
280.750	0.521	120.095
280.815	0.417	120.154
280.876	0.232	120.257
280.931	0.003	120.402
280.988	-0.191	120.385
281.048	-0.441	120.340
281.080	-0.640	120.241
281.105	-0.832	120.181
281.113	-0.988	120.107
281.108	-1.164	120.090
281.096	-1.265	120.038
281.066	-1.347	119.977
281.049	-1.425	119.992
281.044	-1.432	119.981
281.026	-1.406	119.972
281.012	-1.393	120.003
280.984	-1.325	119.990
280.966	-1.272	120.016
280.944	-1.116	119.994
280.938	-0.956	119.993
280.920	-0.813	120.040
280.921	-0.645	120.063
280.912	-0.444	120.070
280.903	-0.268	120.098
280.898	-0.060	120.104
280.888	0.159	120.134
280.893	0.324	120.209
280.901	0.500	120.274
280.918	0.685	120.308
280.936	0.789	120.364
280.948	0.916	120.356
280.954	0.998	120.343
280.958	1.104	120.261
280.955	1.111	120.230
280.960	1.128	120.139
280.975	1.095	120.084
280.989	1.011	120.050
281.005	0.916	120.022
280.827	0.755	120.006
280.772	0.604	120.013
280.781	0.351	120.157
280.824	0.121	120.301
280.875	-0.123	120.436
280.931	-0.382	120.467
281.022	-0.589	120.327
281.076	-0.818	120.258
281.111	-0.996	120.143
281.126	-1.194	120.109
281.116	-1.335	120.049
281.108	-1.469	120.017
281.054	-1.607	119.996
281.032	-1.620	119.950
281.006	-1.679	119.994
281.000	-1.661	119.993
281.010	-1.624	120.029
280.998	-1.503	120.009
280.991	-1.378	120.005
280.981	-1.259	120.020
280.971	-1.068	120.003
280.961	-0.900	120.036
280.948	-0.696	120.039
280.942	-0.493	120.054
280.929	-0.272	120.068
280.928	-0.016	120.039
280.921	0.214	120.077
280.921	0.388	120.199
280.930	0.625	120.236
280.941	0.780	120.329
280.961	0.964	120.363
280.955	1.110	120.348
280.950	1.200	120.375
280.952	1.293	120.326
280.934	1.294	120.308
280.926	1.284	120.253
280.906	1.285	120.144
280.901	1.204	120.117
280.892	1.126	120.043
280.884	0.994	120.025
280.829	0.815	120.032
280.858	0.601	120.101
280.858	0.339	120.192
280.869	0.117	120.219
280.910	-0.223	120.400
280.988	-0.487	120.424
281.045	-0.782	120.356
281.042	-0.986	120.191
281.058	-1.220	120.122
281.085	-1.410	120.087
281.098	-1.574	120.057
281.093	-1.722	120.010
281.069	-1.849	119.999
281.033	-1.880	119.958
281.017	-1.871	119.969
280.993	-1.851	119.979
280.984	-1.777	120.013
280.983	-1.666	120.036
280.970	-1.525	120.035
280.965	-1.334	120.012
280.975	-1.131	119.999
280.973	-0.927	120.038
280.980	-0.689	120.041
280.973	-0.438	120.062
280.971	-0.191	120.087
280.960	0.074	120.111
280.957	0.351	120.136
280.962	0.585	120.231
280.965	0.829	120.308
280.978	1.052	120.361
280.975	1.213	120.420
280.960	1.330	120.446
280.964	1.469	120.385
280.951	1.527	120.331
280.927	1.525	120.275
280.901	1.547	120.137
280.864	1.463	120.087
280.836	1.354	120.034
280.806	1.225	119.998
280.752	1.034	120.027
280.691	0.825	120.062
280.704	0.526	120.225
280.768	0.293	120.291
280.855	-0.045	120.424
280.991	-0.368	120.410
280.971	-0.685	120.303
280.927	-0.981	120.190
280.955	-1.240	120.118
281.008	-1.450	120.121
281.002	-1.625	120.057
280.957	-1.827	120.026
280.940	-1.981	120.017
280.939	-2.022	119.967
280.948	-2.020	119.952
280.969	-1.977	119.933
280.985	-1.916	119.955
280.974	-1.851	120.013
280.965	-1.691	120.030
280.965	-1.521	120.049
280.956	-1.299	120.040
280.966	-1.102	120.070
280.977	-0.829	120.071
280.988	-0.534	120.056
280.995	-0.305	120.112
280.999	0.017	120.090
281.002	0.292	120.145
280.992	0.562	120.207
280.984	0.864	120.213
280.986	1.100	120.273
280.975	1.277	120.306
280.957	1.452	120.302
280.943	1.577	120.290
280.919	1.624	120.271
280.893	1.649	120.207
280.865	1.639	120.127
280.845	1.586	120.068
280.809	1.472	120.035
280.789	1.322	120.022
280.731	1.153	120.006
280.661	0.931	120.044
280.665	0.639	120.168
280.717	0.394	120.238
280.782	0.069	120.348
280.856	-0.310	120.441
280.965	-0.600	120.345
281.039	-0.887	120.211
281.101	-1.211	120.173
281.084	-1.442	120.097
280.909	-1.705	120.070
280.878	-1.898	120.004
280.889	-2.053	119.990
280.864	-2.173	120.013
280.840	-2.215	119.985
280.854	-2.209	119.972
280.877	-2.158	119.995
280.905	-2.062	120.010
280.927	-1.922	120.011
280.939	-1.747	120.005
280.956	-1.537	120.014
280.968	-1.324	120.037
280.982	-1.064	120.048
281.002	-0.793	120.060
281.011	-0.508	120.086
281.028	-0.227	120.129
281.049	0.098	120.151
281.048	0.420	120.200
281.062	0.727	120.270
281.068	0.965	120.391
281.062	1.195	120.476
281.043	1.392	120.486
281.048	1.577	120.466
281.034	1.704	120.420
281.011	1.775	120.344
280.968	1.782	120.255
280.922	1.761	120.167
280.871	1.697	120.069
280.827	1.628	119.974
280.779	1.433	119.990
280.724	1.244	120.020
280.657	0.966	120.131
280.658	0.695	120.227
280.691	0.350	120.381
280.775	-0.025	120.471
280.882	-0.363	120.374
280.960	-0.696	120.272
280.982	-1.021	120.163
281.000	-1.340	120.124
281.022	-1.570	120.058
281.028	-1.835	120.022
281.028	-2.072	119.997
281.021	-2.224	119.959
280.902	-2.366	119.990
280.751	-2.399	119.938
280.745	-2.422	119.964
280.793	-2.365	119.999
280.781	-2.307	120.058
280.794	-2.167	120.082
280.809	-1.965	120.045
280.827	-1.753	120.062
280.848	-1.561	120.108
280.888	-1.230	120.047
280.930	-0.965	120.100
280.967	-0.614	120.093
280.995	-0.264	120.132
281.031	0.090	120.169
281.055	0.433	120.244
281.093	0.739	120.340
281.113	1.046	120.374
281.117	1.286	120.425
281.098	1.477	120.419
281.084	1.644	120.410
281.055	1.737	120.371
281.007	1.798	120.311
280.948	1.813	120.220
280.889	1.783	120.118
280.835	1.683	120.069
280.777	1.583	119.995
280.677	1.395	120.011
280.625	1.166	120.064
280.639	0.909	120.147
280.689	0.618	120.259
280.746	0.283	120.384
280.811	-0.061	120.405
280.901	-0.436	120.372
280.954	-0.769	120.249
280.986	-1.031	120.099
280.998	-1.360	120.088
280.996	-1.623	120.040
280.981	-1.912	120.017
280.949	-2.112	119.953
280.936	-2.282	119.945
280.922	-2.383	119.946
280.927	-2.454	119.972
280.935	-2.484	120.001
280.956	-2.429	120.002
280.813	-2.353	120.032
280.711	-2.253	120.033
280.715	-2.074	120.027
280.779	-1.860	120.079
280.816	-1.631	120.120
280.798	-1.348	120.096
280.831	-1.018	120.075
280.857	-0.694	120.092
280.907	-0.384	120.197
280.966	-0.015	120.245
281.024	0.372	120.286
281.075	0.708	120.366
281.108	0.998	120.456
281.116	1.296	120.455
281.127	1.557	120.419
281.127	1.750	120.386
281.098	1.865	120.331
281.046	1.943	120.251
280.992	1.974	120.152
280.937	1.961	120.056
280.877	1.860	120.017
280.801	1.721	120.000
280.702	1.547	120.019
280.658	1.300	120.104
280.682	0.972	120.273
280.718	0.631	120.382
280.795	0.310	120.453
280.876	-0.121	120.444
280.945	-0.451	120.313
280.977	-0.797	120.209
280.987	-1.100	120.079
280.994	-1.399	120.051
280.982	-1.724	120.023
280.963	-1.999	119.989
280.935	-2.215	119.940
280.909	-2.383	119.927
280.891	-2.518	119.958
280.873	-2.626	119.995
280.862	-2.661	120.020
280.843	-2.625	120.023
280.837	-2.569	120.063
280.843	-2.433	120.055
280.856	-2.278	120.065
280.871	-2.099	120.114
280.712	-1.796	120.031
280.706	-1.566	120.080
280.766	-1.245	120.104
280.855	-0.836	120.109
280.856	-0.525	120.228
280.903	-0.151	120.291
280.969	0.236	120.338
281.038	0.636	120.388
281.088	0.924	120.497
281.123	1.259	120.468
281.143	1.496	120.459
281.142	1.783	120.348
281.125	1.941	120.310
281.064	1.995	120.261
281.017	2.092	120.122
280.944	2.052	120.055
280.893	1.994	119.990
280.791	1.817	120.019
280.730	1.618	120.090
280.733	1.419	120.167
280.764	1.106	120.329
280.813	0.770	120.478
280.872	0.443	120.532
280.942	0.090	120.439
280.990	-0.276	120.344
281.010	-0.589	120.208
281.016	-0.910	120.118
280.999	-1.214	120.049
280.985	-1.515	120.018
280.956	-1.810	119.972
280.932	-2.051	119.942
280.917	-2.233	119.933
280.919	-2.376	119.949
280.895	-2.481	119.952
280.867	-2.576	120.002
280.837	-2.577	120.017
280.805	-2.514	120.018
280.781	-2.469	120.068
280.767	-2.344	120.075
280.773	-2.207	120.114
280.797	-2.001	120.140
280.823	-1.731	120.117
280.865	-1.441	120.114
280.936	-1.132	120.155
280.988	-0.824	120.229
280.864	-0.526	120.353
280.902	-0.134	120.384
280.965	0.240	120.465
281.070	0.618	120.529
281.097	0.907	120.577
281.083	1.238	120.505
281.073	1.563	120.376
281.042	1.755	120.310
281.030	1.901	120.234
280.989	2.037	120.126
280.940	2.111	120.020
280.841	2.090	119.986
280.787	1.997	120.037
280.760	1.884	120.094
280.772	1.712	120.230
280.808	1.476	120.376
280.855	1.190	120.527
280.923	0.852	120.610
281.002	0.523	120.534
281.056	0.222	120.384
281.074	-0.155	120.327
281.073	-0.457	120.219
281.045	-0.778	120.132
281.019	-1.054	120.022
280.980	-1.355	119.982
280.952	-1.629	119.950
280.925	-1.862	119.925
280.909	-2.094	119.949
280.885	-2.234	119.965
280.849	-2.368	119.984
280.822	-2.454	120.028
280.787	-2.454	120.031
280.760	-2.471	120.095
280.747	-2.396	120.099
280.737	-2.300	120.118
280.746	-2.148	120.137
280.758	-1.956	120.189
280.768	-1.729	120.232
280.796	-1.497	120.310
280.846	-1.187	120.385
280.923	-0.844	120.454
281.010	-0.523	120.552
281.119	-0.196	120.643
281.134	0.177	120.624
281.094	0.524	120.555
281.108	0.903	120.444
281.119	1.194	120.356
281.109	1.440	120.278
281.009	1.671	120.141
280.942	1.869	120.016
280.869	1.959	119.996
280.764	1.979	120.035
280.739	1.977	120.115
280.761	1.920	120.224
280.801	1.777	120.381
280.836	1.523	120.599
280.894	1.272	120.677
280.977	1.014	120.580
281.036	0.718	120.494
281.074	0.411	120.375
281.099	0.105	120.314
281.101	-0.167	120.197
281.086	-0.424	120.068
281.055	-0.760	120.050
281.021	-1.015	119.963
281.000	-1.314	119.981
280.983	-1.523	119.954
280.957	-1.719	119.970
280.916	-1.898	119.996
280.881	-1.995	119.979
280.843	-2.136	120.047
280.812	-2.151	120.029
280.793	-2.163	120.091
280.777	-2.128	120.093
280.765	-2.038	120.078
280.769	-1.937	120.118
280.771	-1.802	120.180
280.771	-1.616	120.197
280.791	-1.382	120.215
280.820	-1.212	120.350
280.854	-0.963	120.385
280.918	-0.656	120.388
280.948	-0.422	120.444
281.001	-0.126	120.416
281.044	0.134	120.399
281.082	0.462	120.300
281.113	0.668	120.273
281.142	0.943	120.139
281.018	1.091	120.085
280.876	1.263	120.022
280.788	1.402	119.971
280.792	1.511	120.016
280.843	1.558	120.121
280.862	1.552	120.214
280.882	1.448	120.383
280.911	1.346	120.523
280.949	1.149	120.675
281.026	0.978	120.615
281.084	0.781	120.484
281.098	0.538	120.386
281.102	0.321	120.273
281.089	0.079	120.220
281.070	-0.139	120.116
281.051	-0.407	120.094
281.036	-0.629	120.030
281.035	-0.855	120.024
281.023	-1.055	120.003
280.993	-1.279	120.038
280.968	-1.376	119.992
280.915	-1.551	120.037
280.897	-1.603	120.009
280.869	-1.666	120.019
280.845	-1.678	120.022
280.844	-1.680	120.044
280.822	-1.685	120.093
280.822	-1.592	120.092
280.819	-1.512	120.124
280.818	-1.399	120.178
280.827	-1.277	120.250
280.847	-1.113	120.325
280.875	-0.931	120.389
280.915	-0.726	120.421
280.947	-0.528	120.442
280.968	-0.290	120.416
280.980	-0.094	120.380
280.990	0.134	120.323
280.991	0.376	120.226
280.993	0.555	120.173
281.002	0.753	120.103
280.970	0.942	120.011
280.937	0.983	120.046
280.941	1.061	120.060
280.912	1.150	120.066
280.939	1.154	120.166
280.955	1.127	120.341
280.976	1.000	120.565
281.006	0.864	120.714
281.063	0.778	120.594
281.109	0.587	120.525
281.133	0.473	120.371
281.149	0.318	120.269
281.125	0.104	120.227
281.096	-0.039	120.092
281.069	-0.266	120.096
281.042	-0.417	120.045
281.019	-0.604	120.038
280.999	-0.775	120.024
280.981	-0.918	120.009
280.960	-1.077	120.032
280.931	-1.140	119.995
280.926	-1.181	119.980
280.902	-1.281	120.052
280.890	-1.309	120.063
280.884	-1.309	120.068
280.862	-1.287	120.074
280.862	-1.243	120.102
280.849	-1.165	120.132
280.845	-1.097	120.210
280.856	-0.978	120.269
280.879	-0.853	120.338
280.903	-0.727	120.401
280.934	-0.561	120.414
280.964	-0.387	120.396
280.958	-0.253	120.391
280.967	-0.070	120.323
280.964	0.077	120.267
280.956	0.263	120.158
280.932	0.372	120.142
280.910	0.531	120.044
280.850	0.638	120.006
280.791	0.778	119.958
280.806	0.774	120.082
280.870	0.831	120.153
280.978	0.782	120.321
280.968	0.693	120.472
280.964	0.629	120.509
281.002	0.479	120.488
281.046	0.349	120.446
281.108	0.262	120.355
281.120	0.121	120.290
281.098	-0.009	120.201
281.102	-0.126	120.121
281.102	-0.265	120.093
281.096	-0.396	120.058
281.089	-0.498	120.004
281.075	-0.636	120.023
281.046	-0.737	120.022
281.013	-0.833	120.030
280.985	-0.904	120.036
280.965	-0.969	120.058
280.944	-0.973	120.024
280.945	-0.993	120.036
280.938	-0.979	120.044
280.924	-0.970	120.054
280.896	-0.933	120.063
280.887	-0.863	120.089
280.875	-0.799	120.134
280.868	-0.748	120.237
280.888	-0.643	120.305
280.909	-0.546	120.404
280.935	-0.386	120.424
280.951	-0.285	120.489
280.975	-0.154	120.508
280.969	-0.026	120.482
280.971	0.099	120.454
280.971	0.257	120.340
280.951	0.342	120.291
280.925	0.502	120.146
280.883	0.582	120.068
280.769	0.657	119.993
280.719	0.726	119.967
280.731	0.768	120.006
280.770	0.733	120.160
280.825	0.693	120.282
280.892	0.639	120.425
280.978	0.545	120.540
281.112	0.384	120.533
281.049	0.243	120.409
281.038	0.111	120.325
281.048	-0.025	120.252
281.079	-0.128	120.213
281.058	-0.244	120.156
281.016	-0.379	120.114
281.006	-0.476	120.082
281.026	-0.550	120.037
281.038	-0.614	119.992
281.048	-0.695	119.989
281.033	-0.745	119.986
281.014	-0.753	119.991
280.988	-0.785	120.040
280.973	-0.781	120.060
280.965	-0.769	120.060
280.951	-0.734	120.075
280.956	-0.682	120.066
280.951	-0.656	120.124
280.942	-0.567	120.126
280.933	-0.481	120.150
280.931	-0.397	120.221
280.928	-0.292	120.263
280.950	-0.199	120.323
280.950	-0.125	120.365
280.961	-0.032	120.371
280.979	0.113	120.333
280.977	0.188	120.309
280.975	0.288	120.247
280.962	0.408	120.131
280.944	0.452	120.080
280.919	0.466	120.069
280.890	0.515	120.033
280.796	0.522	120.011
280.734	0.548	120.016
280.726	0.482	120.140
280.767	0.417	120.269
280.812	0.344	120.375
280.873	0.182	120.492
280.969	0.075	120.427
281.041	-0.079	120.366
281.105	-0.217	120.308
281.175	-0.268	120.180
281.048	-0.427	120.158
280.925	-0.553	120.110
280.900	-0.629	120.030
280.930	-0.699	120.030
280.947	-0.748	120.030
280.913	-0.806	120.050
280.933	-0.804	120.023
280.945	-0.828	120.051
280.969	-0.793	120.028
280.985	-0.714	119.996
280.988	-0.678	120.007
280.988	-0.645	120.063
280.993	-0.571	120.069
280.990	-0.484	120.052
280.986	-0.396	120.066
280.983	-0.330	120.113
280.985	-0.191	120.106
280.985	-0.084	120.156
280.979	-0.039	120.272
280.996	0.098	120.301
281.003	0.147	120.410
281.003	0.269	120.410
281.015	0.375	120.418
280.997	0.429	120.409
280.979	0.510	120.357
280.955	0.595	120.266
280.934	0.625	120.201
280.916	0.680	120.109
280.886	0.681	120.053
280.832	0.710	119.972
280.742	0.663	119.971
280.703	0.596	120.032
280.720	0.508	120.150
280.759	0.442	120.219
280.796	0.299	120.363
280.846	0.128	120.462
280.936	-0.046	120.413
280.988	-0.211	120.343
281.034	-0.342	120.241
281.069	-0.483	120.184
281.077	-0.637	120.153
281.094	-0.741	120.065
281.108	-0.848	120.035
280.992	-0.974	120.028
280.844	-1.063	120.018
280.846	-1.063	119.983
280.887	-1.062	120.005
280.868	-1.077	120.059
280.861	-1.027	120.049
280.872	-0.981	120.049
280.890	-0.898	120.050
280.919	-0.815	120.080
280.945	-0.672	120.054
280.955	-0.571	120.089
280.974	-0.430	120.108
280.985	-0.276	120.136
280.984	-0.143	120.177
280.995	0.001	120.228
281.010	0.144	120.296
281.042	0.296	120.359
281.077	0.433	120.388
281.090	0.552	120.382
281.088	0.649	120.389
281.064	0.733	120.351
281.025	0.787	120.281
280.987	0.817	120.219
280.934	0.851	120.141
280.888	0.867	120.064
280.789	0.869	119.979
280.696	0.822	119.948
280.671	0.711	120.030
280.707	0.629	120.101
280.758	0.511	120.191
280.788	0.335	120.338
280.836	0.136	120.454
280.911	-0.077	120.409
280.970	-0.249	120.305
281.012	-0.447	120.255
281.031	-0.580	120.150
281.031	-0.757	120.115
281.020	-0.908	120.061
280.999	-1.029	120.000
280.996	-1.157	120.002
280.995	-1.244	120.006
281.013	-1.287	120.022
281.041	-1.304	120.032
281.057	-1.309	120.030
280.921	-1.253	120.000
280.814	-1.242	120.015
280.823	-1.154	120.018
280.860	-1.062	120.080
280.862	-0.913	120.097
280.850	-0.764	120.095
280.853	-0.590	120.086
280.872	-0.421	120.105
280.902	-0.214	120.108
280.944	-0.067	120.204
280.986	0.156	120.242
281.010	0.305	120.338
281.046	0.500	120.363
281.063	0.661	120.371
281.074	0.785	120.403
281.081	0.903	120.371
281.063	0.968	120.339
281.042	0.987	120.313
281.016	1.070	120.167
280.990	1.089	120.082
280.941	1.048	120.040
280.896	0.988	120.010
280.800	0.926	119.999
280.742	0.803	120.047
280.744	0.629	120.181
280.777	0.464	120.282
280.813	0.240	120.417
280.889	-0.012	120.430
280.956	-0.216	120.337
280.992	-0.423	120.221
281.012	-0.623	120.168
281.018	-0.819	120.105
281.016	-0.983	120.042
280.995	-1.149	120.001
280.966	-1.297	119.976
280.937	-1.416	119.999
280.932	-1.454	119.975
280.924	-1.495	119.996
280.927	-1.513	120.003
280.924	-1.476	120.002
280.926	-1.435	120.022
280.942	-1.385	120.055
280.971	-1.244	120.034
280.954	-1.165	120.112
280.780	-0.962	120.064
280.771	-0.785	120.057
280.814	-0.598	120.125
280.876	-0.390	120.196
280.855	-0.186	120.270
280.884	0.057	120.277
280.935	0.273	120.335
280.983	0.479	120.374
281.032	0.679	120.392
281.064	0.846	120.387
281.084	0.985	120.345
281.073	1.073	120.317
281.032	1.175	120.205
281.006	1.196	120.151
280.970	1.223	120.075
280.940	1.173	120.036
280.895	1.118	120.009
280.802	1.003	120.018
280.782	0.835	120.112
280.799	0.651	120.223
280.835	0.447	120.329
280.871	0.204	120.458
280.951	-0.022	120.423
281.006	-0.259	120.338
281.038	-0.488	120.244
281.051	-0.674	120.134
281.054	-0.887	120.094
281.044	-1.040	120.015
281.018	-1.254	120.008
280.991	-1.367	119.964
280.968	-1.473	119.954
280.958	-1.548	119.971
280.957	-1.555	119.955
280.949	-1.568	119.976
280.927	-1.540	119.985
280.906	-1.514	120.024
280.895	-1.418	120.013
280.885	-1.330	120.049
280.889	-1.156	120.023
280.892	-1.051	120.107
280.907	-0.834	120.068
280.925	-0.680	120.124
280.961	-0.453	120.140
281.014	-0.266	120.216
280.992	-0.066	120.286
280.901	0.164	120.293
280.936	0.426	120.295
280.983	0.582	120.368
281.042	0.745	120.410
281.009	0.873	120.429
281.001	1.030	120.307
280.997	1.104	120.270
280.996	1.161	120.205
280.982	1.164	120.147
280.965	1.152	120.060
280.930	1.098	120.005
280.868	0.982	120.034
280.788	0.841	120.075
280.770	0.658	120.154
280.805	0.478	120.239
280.859	0.240	120.373
280.930	-0.016	120.431
281.014	-0.262	120.372
281.073	-0.506	120.265
281.099	-0.719	120.157
281.113	-0.886	120.053
281.099	-1.141	120.062
281.083	-1.290	120.009
281.052	-1.433	119.975
281.017	-1.541	119.946
280.985	-1.625	119.955
280.966	-1.650	119.967
280.971	-1.603	119.968
280.947	-1.597	119.981
280.934	-1.536	120.013
280.907	-1.445	120.014
280.885	-1.324	120.005
280.884	-1.208	120.067
280.867	-1.030	120.065
280.870	-0.840	120.054
280.871	-0.642	120.073
280.877	-0.478	120.147
280.880	-0.244	120.164
280.898	-0.021	120.211
280.921	0.222	120.254
280.961	0.385	120.349
281.035	0.612	120.379
281.091	0.766	120.398
281.154	0.913	120.377
281.083	0.970	120.395
281.009	1.098	120.273
280.996	1.138	120.226
280.997	1.171	120.182
280.971	1.158	120.124
280.903	1.123	120.042
280.883	1.056	119.999
280.805	0.923	120.003
280.771	0.736	120.102
280.796	0.514	120.214
280.835	0.315	120.288
280.884	0.053	120.400
280.963	-0.221	120.411
281.027	-0.478	120.314
281.061	-0.711	120.224
281.082	-0.920	120.129
281.091	-1.143	120.090
281.095	-1.328	120.069
281.089	-1.472	120.013
281.057	-1.600	119.977
281.030	-1.697	119.996
281.015	-1.708	119.988
281.001	-1.693	119.985
280.986	-1.666	120.000
280.962	-1.548	119.966
280.939	-1.474	119.999
280.923	-1.357	120.024
280.907	-1.198	120.021
280.901	-0.992	120.027
280.899	-0.802	120.052
280.895	-0.601	120.071
280.887	-0.400	120.108
280.889	-0.161	120.129
280.888	0.086	120.154
280.891	0.311	120.225
280.902	0.523	120.270
280.914	0.703	120.337
280.942	0.895	120.330
280.961	1.024	120.342
280.974	1.145	120.312
280.972	1.211	120.264
280.984	1.245	120.222
281.000	1.255	120.152
281.016	1.186	120.115
280.994	1.093	120.085
280.878	1.010	120.011
280.786	0.885	119.978
280.732	0.671	120.094
280.761	0.427	120.233
280.805	0.182	120.344
280.858	-0.022	120.385
280.948	-0.278	120.392
281.039	-0.591	120.363
281.090	-0.798	120.219
281.115	-1.002	120.104
281.118	-1.242	120.078
281.108	-1.422	120.058
281.086	-1.583	120.008
281.050	-1.703	119.976
281.018	-1.798	119.979
281.010	-1.815	119.962
281.013	-1.802	119.976
281.005	-1.748	119.974
280.990	-1.657	119.977
280.970	-1.533	119.976
280.951	-1.402	119.986
280.947	-1.272	120.020
280.934	-1.054	120.008
280.925	-0.851	120.023
280.923	-0.640	120.049
280.911	-0.428	120.081
280.907	-0.150	120.054
280.906	0.091	120.093
280.917	0.329	120.161
280.921	0.574	120.233
280.938	0.803	120.283
280.954	0.963	120.392
280.951	1.133	120.415
280.955	1.242	120.437
280.958	1.352	120.412
280.958	1.399	120.370
280.950	1.450	120.247
280.941	1.444	120.153
280.929	1.338	120.127
280.917	1.287	120.028
280.919	1.158	119.994
280.878	0.951	120.045
280.851	0.688	120.120
280.822	0.456	120.156
280.849	0.170	120.263
280.896	-0.126	120.406
280.975	-0.449	120.447
281.001	-0.735	120.340
281.039	-0.999	120.206
281.063	-1.249	120.134
281.092	-1.429	120.076
281.109	-1.631	120.045
281.092	-1.807	120.010
281.052	-1.930	119.988
281.027	-1.974	119.964
280.994	-1.995	119.966
280.984	-1.953	119.961
280.972	-1.885	119.979
280.974	-1.790	120.004
280.973	-1.611	119.986
280.973	-1.463	120.038
280.963	-1.261	120.028
280.969	-1.000	119.998
280.968	-0.789	120.054
280.964	-0.501	120.033
280.957	-0.257	120.086
280.950	0.008	120.109
280.947	0.308	120.144
280.946	0.557	120.230
280.951	0.815	120.304
280.969	1.035	120.373
280.963	1.237	120.393
280.952	1.369	120.428
280.945	1.552	120.346
280.930	1.584	120.336
280.913	1.627	120.254
280.883	1.643	120.149
280.857	1.576	120.081
280.829	1.496	120.010
280.801	1.301	120.039
280.768	1.135	120.027
280.706	0.925	120.049
280.728	0.643	120.164
280.803	0.355	120.292
280.909	0.054	120.390
280.907	-0.293	120.433
280.950	-0.620	120.319
280.991	-0.884	120.168
281.043	-1.200	120.169
281.030	-1.409	120.107
281.011	-1.645	120.063
281.013	-1.854	120.015
281.003	-2.006	119.983
281.001	-2.088	119.943
281.005	-2.117	119.907
281.011	-2.120	119.941
280.985	-2.120	119.999
280.985	-1.955	119.978
280.970	-1.820	120.009
280.950	-1.665	120.034
280.959	-1.460	120.045
280.967	-1.216	120.034
280.981	-0.961	120.041
280.990	-0.666	120.044
280.997	-0.418	120.106
281.000	-0.100	120.111
280.983	0.206	120.148
280.977	0.495	120.229
280.973	0.829	120.237
280.984	1.083	120.315
280.984	1.306	120.379
280.963	1.497	120.373
280.937	1.631	120.384
280.925	1.720	120.356
280.902	1.757	120.311
280.874	1.819	120.181
280.853	1.760	120.124
280.825	1.688	120.035
280.800	1.558	120.011
280.767	1.358	120.025
280.689	1.141	120.042
280.661	0.885	120.116
280.695	0.578	120.246
280.753	0.256	120.356
280.839	-0.132	120.457
280.966	-0.474	120.395
281.051	-0.788	120.263
281.110	-1.118	120.179
280.942	-1.443	120.155
280.882	-1.641	120.031
280.883	-1.899	120.034
280.896	-2.062	120.004
280.849	-2.186	119.992
280.843	-2.271	119.979
280.845	-2.291	119.973
280.877	-2.213	119.942
280.900	-2.191	120.017
280.917	-2.026	119.998
280.931	-1.875	120.030
280.939	-1.661	120.035
280.950	-1.412	120.045
280.959	-1.171	120.055
280.981	-0.889	120.087
281.003	-0.558	120.078
281.014	-0.284	120.144
281.025	0.063	120.157
281.044	0.420	120.187
281.053	0.759	120.254
281.046	1.000	120.363
281.035	1.238	120.418
281.016	1.472	120.409
280.991	1.645	120.415
280.964	1.791	120.368
280.924	1.868	120.312
280.886	1.915	120.226
280.847	1.914	120.120
280.807	1.865	120.056
280.766	1.742	120.017
280.737	1.579	120.025
280.650	1.398	120.034
280.611	1.147	120.104
280.640	0.827	120.238
280.695	0.468	120.384
280.766	0.100	120.490
280.877	-0.245	120.401
280.953	-0.597	120.281
280.997	-0.936	120.165
281.020	-1.272	120.127
281.048	-1.533	120.078
281.065	-1.810	120.041
281.067	-2.037	119.975
280.892	-2.236	119.947
280.763	-2.375	119.936
280.765	-2.429	119.926
280.800	-2.456	119.972
280.789	-2.433	120.027
280.802	-2.339	120.028
280.800	-2.228	120.038
280.818	-2.032	120.027
280.840	-1.823	120.048
280.880	-1.540	120.029
280.916	-1.252	120.006
280.950	-0.959	120.052
280.988	-0.616	120.094
281.015	-0.297	120.155
281.040	0.095	120.166
281.060	0.417	120.246
281.101	0.813	120.298
281.112	1.056	120.416
281.107	1.319	120.457
281.089	1.564	120.408
281.069	1.784	120.349
281.028	1.872	120.335
280.964	1.947	120.258
280.908	2.004	120.134
280.845	1.967	120.082
280.795	1.917	119.999
280.735	1.779	119.996
280.625	1.595	120.014
280.587	1.347	120.110
280.614	1.116	120.174
280.675	0.771	120.300
280.742	0.396	120.455
280.835	0.055	120.426
280.921	-0.318	120.329
280.970	-0.645	120.198
281.006	-1.021	120.154
281.006	-1.314	120.058
281.004	-1.627	120.044
280.991	-1.897	119.974
280.955	-2.171	119.952
280.934	-2.345	119.947
280.925	-2.467	119.958
280.936	-2.552	119.976
280.951	-2.578	119.991
280.812	-2.568	120.020
280.698	-2.522	120.027
280.690	-2.430	120.067
280.740	-2.209	120.051
280.781	-2.010	120.109
280.771	-1.775	120.120
280.787	-1.502	120.116
280.822	-1.131	120.080
280.855	-0.797	120.116
280.923	-0.460	120.210
280.983	-0.060	120.266
281.042	0.362	120.305
281.101	0.731	120.401
281.123	1.052	120.480
281.142	1.383	120.459
281.148	1.674	120.393
281.136	1.884	120.352
281.101	2.066	120.262
281.046	2.118	120.230
280.983	2.174	120.099
280.913	2.143	120.056
280.848	2.060	119.998
280.765	1.887	120.031
280.660	1.720	120.042
280.623	1.461	120.161
280.654	1.153	120.296
280.708	0.771	120.464
280.779	0.381	120.503
280.875	-0.039	120.454
280.938	-0.346	120.277
280.959	-0.741	120.214
280.971	-1.055	120.105
280.972	-1.402	120.065
280.959	-1.736	120.025
280.934	-2.019	119.981
280.914	-2.262	119.938
280.897	-2.457	119.961
280.873	-2.612	119.980
280.865	-2.708	119.996
280.865	-2.750	120.011
280.843	-2.745	120.054
280.847	-2.681	120.065
280.861	-2.549	120.060
280.727	-2.458	120.130
280.640	-2.235	120.079
280.674	-1.924	120.035
280.756	-1.655	120.106
280.805	-1.317	120.133
280.809	-0.964	120.185
280.849	-0.590	120.222
280.914	-0.200	120.313
280.991	0.206	120.387
281.075	0.596	120.474
281.120	0.928	120.521
281.151	1.258	120.506
281.156	1.541	120.459
281.148	1.811	120.372
281.115	1.998	120.273
281.059	2.110	120.172
281.002	2.135	120.118
280.938	2.148	120.020
280.885	2.038	120.029
280.780	1.929	120.035
280.726	1.764	120.105
280.721	1.544	120.221
280.750	1.253	120.367
280.795	0.912	120.501
280.870	0.581	120.512
280.945	0.202	120.439
280.975	-0.169	120.357
280.996	-0.474	120.219
280.997	-0.813	120.130
280.997	-1.095	120.023
280.981	-1.448	120.030
280.947	-1.742	119.985
280.919	-1.987	119.940
280.903	-2.207	119.936
280.900	-2.368	119.965
280.879	-2.501	119.997
280.850	-2.599	120.022
280.816	-2.596	120.015
280.774	-2.583	120.043
280.741	-2.557	120.098
280.733	-2.444	120.109
280.745	-2.301	120.129
280.773	-2.087	120.131
280.817	-1.835	120.134
280.880	-1.543	120.169
280.893	-1.252	120.224
280.763	-0.951	120.301
280.815	-0.600	120.391
280.916	-0.179	120.440
281.032	0.233	120.514
281.065	0.574	120.584
281.092	0.946	120.524
281.094	1.291	120.421
281.081	1.539	120.373
281.070	1.806	120.249
281.034	2.008	120.118
280.989	2.092	120.066
280.919	2.175	119.993
280.801	2.121	120.033
280.754	2.050	120.079
280.746	1.945	120.179
280.778	1.757	120.349
280.823	1.540	120.477
280.866	1.263	120.609
280.946	0.933	120.616
281.021	0.676	120.442
281.048	0.305	120.365
281.070	-0.028	120.270
281.054	-0.367	120.197
281.032	-0.655	120.091
281.002	-0.979	120.031
280.968	-1.296	119.989
280.949	-1.548	119.947
280.926	-1.814	119.943
280.900	-2.037	119.960
280.881	-2.221	119.991
280.847	-2.351	120.012
280.816	-2.420	120.019
280.788	-2.457	120.053
280.763	-2.460	120.102
280.745	-2.438	120.150
280.734	-2.306	120.137
280.739	-2.199	120.211
280.737	-2.020	120.259
280.768	-1.769	120.290
280.817	-1.533	120.372
280.874	-1.222	120.437
280.977	-0.884	120.511
281.082	-0.521	120.541
281.019	-0.196	120.593
281.011	0.167	120.571
281.051	0.562	120.462
281.095	0.915	120.397
281.078	1.219	120.290
281.020	1.494	120.191
280.963	1.704	120.093
280.921	1.886	120.014
280.857	2.011	120.003
280.789	2.048	120.033
280.771	2.013	120.147
280.790	1.911	120.298
280.823	1.746	120.495
280.856	1.538	120.645
280.921	1.273	120.680
281.008	1.028	120.568
281.063	0.735	120.460
281.102	0.417	120.351
281.117	0.101	120.272
281.116	-0.159	120.167
281.087	-0.426	120.055
281.058	-0.734	120.019
281.018	-1.019	119.960
280.988	-1.266	119.933
280.967	-1.529	119.984
280.939	-1.704	119.972
280.892	-1.871	119.976
280.859	-1.987	119.982
280.828	-2.073	120.014
280.793	-2.157	120.077
280.774	-2.141	120.091
280.760	-2.095	120.083
280.764	-2.038	120.125
280.762	-1.899	120.136
280.758	-1.776	120.219
280.782	-1.577	120.246
280.787	-1.360	120.300
280.824	-1.159	120.407
280.879	-0.870	120.428
280.926	-0.671	120.528
280.976	-0.371	120.514
281.035	-0.062	120.465
281.081	0.228	120.426
281.134	0.508	120.340
281.165	0.761	120.240
281.006	0.995	120.137
280.903	1.190	120.049
280.850	1.381	119.992
280.782	1.534	119.988
280.785	1.613	120.050
280.791	1.651	120.140
280.815	1.598	120.317
280.849	1.529	120.443
280.898	1.378	120.643
280.973	1.202	120.645
281.051	1.002	120.550
281.078	0.816	120.410
281.102	0.593	120.308
281.103	0.324	120.281
281.082	0.069	120.201
281.070	-0.115	120.078
281.068	-0.384	120.074
281.042	-0.590	120.001
281.031	-0.842	120.014
281.006	-1.042	119.992
280.982	-1.232	120.007
280.941	-1.377	120.019
280.899	-1.489	120.039
280.869	-1.545	120.019
280.839	-1.670	120.074
280.830	-1.670	120.067
280.824	-1.668	120.085
280.817	-1.613	120.079
280.805	-1.585	120.125
280.808	-1.468	120.133
280.808	-1.370	120.201
280.819	-1.256	120.291
280.845	-1.086	120.348
280.886	-0.913	120.402
280.922	-0.712	120.413
280.957	-0.516	120.403
280.970	-0.301	120.374
280.988	-0.110	120.342
280.995	0.090	120.272
281.003	0.329	120.174
281.006	0.529	120.104
280.967	0.693	120.044
280.944	0.830	119.998
280.932	0.918	120.005
280.898	0.963	120.066
280.914	1.036	120.113
280.934	1.033	120.297
280.964	1.015	120.443
280.968	0.899	120.638
281.025	0.815	120.596
281.093	0.736	120.463
281.117	0.579	120.377
281.135	0.430	120.303
281.126	0.253	120.244
281.105	0.125	120.132
281.078	-0.022	120.054
281.061	-0.224	120.074
281.035	-0.355	120.024
281.022	-0.508	120.010
281.006	-0.685	120.022
280.984	-0.824	120.003
280.969	-0.921	119.994
280.944	-0.993	119.988
280.932	-1.048	119.994
280.913	-1.130	120.054
280.898	-1.141	120.045
280.867	-1.175	120.056
280.859	-1.181	120.094
280.848	-1.134	120.110
280.844	-1.080	120.156
280.844	-1.000	120.200
280.861	-0.921	120.264
280.877	-0.812	120.310
280.897	-0.710	120.352
280.931	-0.577	120.374
280.948	-0.456	120.375
280.951	-0.325	120.363
280.955	-0.164	120.287
280.962	0.009	120.195
280.953	0.134	120.130
280.955	0.276	120.077
280.931	0.368	120.038
280.895	0.468	120.009
280.859	0.532	120.028
280.900	0.602	120.088
280.971	0.631	120.166
280.945	0.639	120.240
280.945	0.557	120.396
280.961	0.495	120.507
281.016	0.373	120.536
281.090	0.328	120.419
281.097	0.191	120.363
281.117	0.107	120.276
281.109	0.012	120.209
281.103	-0.095	120.147
281.091	-0.208	120.092
281.078	-0.306	120.065
281.065	-0.445	120.084
281.050	-0.530	120.064
281.027	-0.623	120.057
281.002	-0.695	120.033
280.975	-0.780	120.042
280.964	-0.802	120.021
280.948	-0.820	119.997
280.938	-0.881	120.064
280.929	-0.886	120.066
280.915	-0.885	120.078
280.901	-0.841	120.074
280.887	-0.785	120.073
280.879	-0.744	120.134
280.876	-0.654	120.178
280.889	-0.607	120.286
280.909	-0.538	120.403
280.930	-0.435	120.475
280.953	-0.313	120.501
280.961	-0.206	120.510
280.967	-0.098	120.502
280.968	0.036	120.455
280.960	0.172	120.363
280.945	0.303	120.242
280.910	0.396	120.173
280.853	0.472	120.073
280.757	0.546	119.981
280.740	0.622	119.968
280.761	0.652	120.013
280.821	0.672	120.120
280.883	0.690	120.201
280.959	0.620	120.372
281.027	0.486	120.530
281.027	0.364	120.495
281.041	0.237	120.381
281.069	0.098	120.343
281.106	-0.017	120.309
281.073	-0.081	120.212
281.042	-0.221	120.169
281.035	-0.315	120.110
281.036	-0.408	120.062
281.051	-0.464	120.011
281.058	-0.547	120.000
281.041	-0.592	119.971
281.019	-0.602	119.933
280.985	-0.692	120.010
280.970	-0.702	120.014
280.960	-0.702	120.025
280.961	-0.700	120.050
280.955	-0.704	120.082
280.947	-0.665	120.083
280.934	-0.627	120.106
280.923	-0.556	120.120
280.915	-0.486	120.163
280.912	-0.417	120.236
280.918	-0.337	120.293
280.929	-0.218	120.322
280.938	-0.159	120.389
280.951	-0.055	120.385
280.954	0.045	120.383
280.956	0.121	120.354
280.955	0.228	120.273
280.947	0.318	120.204
280.931	0.401	120.095
280.908	0.436	120.067
280.868	0.452	120.021
280.780	0.483	119.985
280.733	0.489	120.020
280.739	0.455	120.124
280.796	0.418	120.236
280.846	0.346	120.355
280.910	0.189	120.488
281.019	0.043	120.470
281.118	-0.031	120.361
281.121	-0.178	120.286
280.978	-0.263	120.179
280.963	-0.376	120.142
280.982	-0.454	120.088
280.982	-0.543	120.080
280.939	-0.622	120.074
280.939	-0.663	120.036
280.955	-0.690	120.020
280.983	-0.691	120.010
281.010	-0.712	120.029
281.018	-0.665	120.012
281.011	-0.641	120.014
281.007	-0.584	120.003
281.000	-0.576	120.072
281.000	-0.486	120.046
280.989	-0.452	120.078
280.992	-0.363	120.081
280.991	-0.294	120.107
280.989	-0.199	120.119
280.980	-0.114	120.178
280.973	-0.018	120.244
280.970	0.062	120.294
280.976	0.156	120.348
280.975	0.227	120.386
280.979	0.302	120.405
280.969	0.352	120.400
280.957	0.472	120.302
280.942	0.531	120.231
280.920	0.581	120.136
280.899	0.556	120.130
280.873	0.600	120.037
280.796	0.590	119.988
280.711	0.571	119.951
280.693	0.493	120.032
280.722	0.420	120.124
280.771	0.303	120.263
280.803	0.151	120.401
280.870	0.007	120.453
280.955	-0.160	120.408
281.025	-0.284	120.312
281.070	-0.393	120.206
281.113	-0.500	120.148
281.151	-0.678	120.128
281.103	-0.784	120.075
280.885	-0.911	120.053
280.854	-0.934	119.958
280.886	-1.024	120.017
280.911	-1.022	120.038
280.884	-1.012	120.025
280.891	-0.978	120.005
280.896	-0.951	120.005
280.916	-0.874	120.019
280.939	-0.783	120.002
280.963	-0.694	120.036
280.973	-0.529	119.992
280.971	-0.474	120.063
280.978	-0.370	120.111
280.980	-0.212	120.110
280.985	-0.058	120.130
280.987	0.045	120.219
281.010	0.192	120.284
281.039	0.308	120.384
281.057	0.411	120.456
281.052	0.503	120.496
281.045	0.642	120.465
281.031	0.738	120.423
281.007	0.769	120.405
280.966	0.822	120.322
280.936	0.885	120.192
280.892	0.897	120.107
280.846	0.893	120.029
280.745	0.907	119.934
280.677	0.789	120.009
280.670	0.720	120.060
280.716	0.582	120.184
280.758	0.442	120.302
280.807	0.274	120.426
280.880	0.053	120.452
280.947	-0.130	120.331
281.008	-0.285	120.233
281.035	-0.490	120.183
281.044	-0.660	120.124
281.044	-0.789	120.060
281.043	-0.943	120.022
281.042	-1.075	119.999
281.063	-1.182	120.010
281.085	-1.238	120.018
280.879	-1.300	120.020
280.833	-1.275	119.990
280.849	-1.253	120.006
280.858	-1.202	120.045
280.843	-1.115	120.057
280.856	-1.037	120.077
280.871	-0.898	120.071
280.900	-0.724	120.065
280.922	-0.578	120.070
280.944	-0.414	120.099
280.964	-0.218	120.105
280.977	-0.063	120.180
280.989	0.133	120.210
281.011	0.294	120.295
281.044	0.427	120.382
281.077	0.587	120.379
281.097	0.736	120.362
281.091	0.835	120.352
281.082	0.907	120.296
281.043	0.929	120.265
281.010	0.967	120.179
280.958	0.979	120.105
280.913	0.954	120.055
280.860	0.911	120.024
280.749	0.833	120.001
280.695	0.700	120.079
280.706	0.612	120.126
280.749	0.437	120.256
280.785	0.215	120.404
280.862	-0.025	120.467
280.932	-0.188	120.347
280.982	-0.392	120.258
281.015	-0.588	120.184
281.017	-0.767	120.119
281.009	-0.957	120.088
281.000	-1.073	120.002
280.976	-1.229	119.990
280.950	-1.361	120.006
280.946	-1.420	119.998
280.957	-1.439	119.999
280.969	-1.450	120.028
280.976	-1.433	120.016
280.999	-1.388	120.022
281.031	-1.329	120.051
280.843	-1.240	120.049
280.784	-1.102	120.018
280.807	-0.948	120.035
280.862	-0.764	120.066
280.907	-0.600	120.120
280.869	-0.402	120.129
280.885	-0.210	120.163
280.901	0.018	120.201
280.955	0.234	120.259
281.008	0.404	120.358
281.059	0.632	120.358
281.079	0.769	120.417
281.078	0.923	120.395
281.069	1.002	120.402
281.051	1.088	120.336
281.030	1.173	120.245
280.997	1.197	120.156
280.959	1.182	120.079
280.914	1.163	120.003
280.836	1.075	120.001
280.769	1.008	119.976
280.758	0.808	120.129
280.776	0.630	120.226
280.811	0.445	120.326
280.852	0.194	120.468
280.932	-0.033	120.403
280.989	-0.257	120.302
281.021	-0.492	120.234
281.038	-0.665	120.126
281.037	-0.880	120.080
281.020	-1.081	120.034
280.998	-1.261	120.008
280.967	-1.368	119.973
280.941	-1.472	119.977
280.931	-1.525	119.978
280.931	-1.556	119.982
280.913	-1.588	120.008
280.903	-1.552	120.017
280.900	-1.480	120.003
280.906	-1.425	120.050
280.916	-1.317	120.054
280.947	-1.165	120.070
280.998	-0.990	120.060
280.922	-0.850	120.106
280.781	-0.634	120.076
280.793	-0.415	120.120
280.854	-0.229	120.237
280.909	0.012	120.304
280.907	0.244	120.332
280.954	0.452	120.366
280.989	0.650	120.369
281.023	0.802	120.380
281.046	0.941	120.368
281.060	1.066	120.281
281.038	1.130	120.237
281.008	1.189	120.147
280.975	1.181	120.115
280.938	1.200	120.010
280.869	1.120	119.996
280.782	0.992	120.015
280.767	0.824	120.104
280.805	0.690	120.177
280.847	0.478	120.296
280.888	0.229	120.434
280.959	0.004	120.440
281.021	-0.230	120.357
281.057	-0.467	120.259
281.067	-0.677	120.174
281.069	-0.853	120.087
281.048	-1.077	120.063
281.034	-1.219	120.008
280.986	-1.377	119.993
280.967	-1.474	119.972
280.960	-1.550	119.988
280.950	-1.569	119.976
280.949	-1.537	119.954
280.919	-1.564	120.012
280.898	-1.518	120.009
280.896	-1.419	120.012
280.888	-1.340	120.037
280.879	-1.201	120.053
280.884	-1.032	120.053
280.884	-0.882	120.071
280.895	-0.685	120.083
280.912	-0.533	120.175
280.946	-0.283	120.175
280.997	-0.075	120.239
281.055	0.102	120.332
280.964	0.329	120.343
280.963	0.493	120.393
280.999	0.709	120.372
281.045	0.823	120.442
281.025	0.941	120.420
280.996	1.114	120.282
280.990	1.164	120.206
280.992	1.168	120.161
280.982	1.188	120.060
280.952	1.119	120.032
280.916	1.081	119.975
280.822	0.953	120.000
280.782	0.753	120.120
280.795	0.588	120.207
280.839	0.338	120.362
280.886	0.096	120.463
280.972	-0.166	120.453
281.043	-0.409	120.336
281.079	-0.620	120.229
281.100	-0.804	120.109
281.108	-0.999	120.070
281.085	-1.177	120.027
281.064	-1.348	120.012
281.028	-1.443	119.955
280.993	-1.527	119.940
280.968	-1.593	119.968
280.969	-1.587	119.984
280.958	-1.583	120.020
280.943	-1.523	120.027
280.922	-1.427	120.039
280.904	-1.298	120.024
280.890	-1.174	120.047
280.870	-1.009	120.049
280.876	-0.822	120.055
280.869	-0.681	120.113
280.871	-0.473	120.126
280.867	-0.247	120.137
280.873	-0.062	120.213
280.904	0.202	120.216
280.926	0.379	120.282
280.972	0.549	120.322
281.028	0.753	120.325
281.079	0.889	120.308
281.130	0.934	120.335
281.112	1.001	120.280
280.978	1.042	120.200
280.948	1.054	120.122
280.942	1.039	120.094
280.949	0.984	120.066
280.898	0.889	120.055
280.830	0.765	120.078
280.768	0.652	120.072
280.780	0.439	120.189
280.836	0.208	120.303
280.893	-0.068	120.425
280.977	-0.301	120.398
281.042	-0.522	120.270
281.065	-0.741	120.176
281.095	-0.944	120.104
281.106	-1.137	120.078
281.114	-1.286	120.020
281.102	-1.407	119.966
281.075	-1.536	119.960
281.064	-1.634	119.998
281.036	-1.636	119.965
281.029	-1.584	119.937
281.016	-1.568	119.994
280.987	-1.477	119.977
280.975	-1.389	120.014
280.945	-1.260	120.010
280.927	-1.064	119.989
280.906	-0.918	120.050
280.903	-0.703	120.049
280.908	-0.537	120.106
280.896	-0.305	120.109
280.903	-0.051	120.110
280.891	0.167	120.146
280.892	0.356	120.235
280.903	0.591	120.260
280.917	0.763	120.310
280.939	0.923	120.318
280.946	1.056	120.301
280.959	1.180	120.250
280.964	1.236	120.214
280.964	1.254	120.172
280.966	1.212	120.151
280.983	1.181	120.092
281.001	1.084	120.080
281.016	0.988	120.026
280.894	0.819	120.023
280.768	0.613	120.060
280.743	0.363	120.167
280.783	0.123	120.304
280.842	-0.160	120.439
280.907	-0.435	120.432
281.001	-0.663	120.290
281.062	-0.884	120.180
281.096	-1.095	120.109
281.109	-1.280	120.059
281.114	-1.459	120.024
281.097	-1.640	119.997
281.065	-1.768	119.996
281.033	-1.818	119.962
281.011	-1.840	119.970
281.000	-1.814	119.968
281.008	-1.766	119.999
281.000	-1.657	120.001
280.989	-1.505	119.989
280.977	-1.390	120.031
280.963	-1.196	120.010
280.945	-1.009	120.025
280.935	-0.794	120.047
280.927	-0.587	120.071
280.916	-0.328	120.061
280.917	-0.068	120.053
280.917	0.183	120.099
280.920	0.430	120.154
280.917	0.655	120.230
280.931	0.855	120.316
280.950	1.061	120.352
280.946	1.199	120.415
280.941	1.339	120.396
280.933	1.414	120.395
280.929	1.405	120.401
280.925	1.435	120.306
280.919	1.416	120.223
280.903	1.339	120.149
280.900	1.286	120.044
280.893	1.129	120.034
280.901	0.991	120.030
280.847	0.763	120.066
280.844	0.498	120.137
280.822	0.197	120.242
280.860	-0.109	120.367
280.923	-0.447	120.444
281.017	-0.703	120.350
281.016	-0.972	120.215
281.022	-1.232	120.135
281.050	-1.437	120.085
281.074	-1.636	120.045
281.089	-1.793	120.013
281.067	-1.949	120.001
281.038	-1.998	119.962
281.007	-2.011	119.957
280.986	-1.988	119.975
280.981	-1.883	119.952
280.980	-1.826	120.030
280.976	-1.681	120.044
280.974	-1.476	120.018
280.967	-1.308	120.035
280.968	-1.070	120.043
280.967	-0.831	120.051
280.964	-0.543	120.048
280.955	-0.286	120.073
280.950	-0.032	120.120
280.955	0.285	120.124
280.953	0.542	120.209
280.953	0.800	120.289
280.966	1.051	120.341
280.965	1.238	120.388
280.951	1.413	120.396
280.951	1.509	120.403
280.947	1.610	120.341
280.933	1.678	120.234
280.896	1.636	120.199
280.868	1.586	120.112
280.839	1.516	120.023
280.807	1.337	120.033
280.793	1.143	120.064
280.727	0.995	120.030
280.694	0.687	120.160
280.723	0.403	120.292
280.804	0.096	120.396
280.931	-0.270	120.455
281.005	-0.589	120.361
280.918	-0.909	120.229
280.940	-1.141	120.102
280.974	-1.404	120.099
280.999	-1.631	120.107
280.961	-1.857	120.073
280.929	-2.002	119.997
280.912	-2.082	119.968
280.941	-2.075	119.922
280.949	-2.142	119.987
280.974	-2.025	119.939
280.977	-1.923	119.950
280.979	-1.801	119.992
280.964	-1.659	120.039
280.966	-1.440	120.041
280.965	-1.190	119.996
280.976	-0.976	120.049
280.991	-0.696	120.061
281.001	-0.414	120.062
281.009	-0.128	120.100
281.003	0.156	120.142
281.005	0.479	120.186
280.999	0.783	120.217
280.994	1.025	120.292
280.990	1.253	120.346
280.966	1.438	120.372
280.948	1.574	120.390
280.927	1.713	120.322
280.899	1.735	120.315
280.871	1.779	120.210
280.843	1.754	120.132
280.810	1.660	120.082
280.787	1.558	120.009
280.752	1.385	120.011
280.662	1.188	120.027
280.632	0.964	120.062
280.661	0.650	120.211
280.716	0.325	120.332
280.794	0.012	120.402
280.895	-0.340	120.390
280.999	-0.641	120.274
281.059	-0.981	120.178
281.114	-1.264	120.117
281.017	-1.536	120.067
280.884	-1.801	120.036
280.852	-2.021	120.002
280.872	-2.154	119.991
280.841	-2.217	119.972
280.831	-2.250	119.944
280.850	-2.253	119.979
280.874	-2.207	120.011
280.891	-2.079	119.998
280.920	-1.908	120.002
280.926	-1.740	120.019
280.944	-1.483	119.999
280.966	-1.284	120.044
280.983	-1.010	120.070
280.992	-0.699	120.053
281.007	-0.386	120.074
281.025	-0.090	120.131
281.050	0.250	120.176
281.049	0.573	120.225
281.068	0.858	120.323
281.071	1.127	120.375
281.051	1.312	120.448
281.019	1.508	120.438
281.003	1.705	120.365
280.971	1.771	120.356
280.921	1.839	120.252
280.889	1.844	120.175
280.851	1.824	120.076
280.814	1.744	120.016
280.774	1.631	119.983
280.748	1.457	119.997
280.675	1.206	120.087
280.651	0.927	120.177
280.681	0.589	120.317
280.728	0.215	120.459
280.841	-0.136	120.449
280.932	-0.477	120.337
280.976	-0.799	120.214
280.998	-1.095	120.089
281.007	-1.425	120.083
281.014	-1.696	120.043
281.014	-1.953	120.012
280.996	-2.171	119.973
281.003	-2.287	119.942
280.942	-2.413	119.964
280.732	-2.470	119.957
280.717	-2.463	119.971
280.763	-2.414	120.025
280.775	-2.301	120.049
280.761	-2.141	120.055
280.765	-1.958	120.057
280.789	-1.696	120.035
280.819	-1.474	120.083
280.859	-1.155	120.051
280.907	-0.803	120.046
280.950	-0.502	120.132
281.005	-0.091	120.135
281.037	0.274	120.202
281.071	0.625	120.283
281.108	0.944	120.399
281.123	1.233	120.428
281.120	1.444	120.471
281.117	1.633	120.436
281.096	1.794	120.381
281.055	1.883	120.315
280.983	1.908	120.229
280.918	1.941	120.089
280.844	1.852	120.051
280.783	1.734	120.019
280.665	1.577	120.000
280.601	1.355	120.063
280.594	1.076	120.171
280.645	0.757	120.295
280.705	0.401	120.432
280.789	0.038	120.459
280.886	-0.329	120.372
280.941	-0.634	120.214
280.967	-0.948	120.108
280.986	-1.300	120.095
280.976	-1.585	120.039
280.982	-1.886	120.021
280.950	-2.150	119.988
280.926	-2.320	119.962
280.921	-2.422	119.939
280.923	-2.544	119.986
280.914	-2.535	119.944
280.925	-2.509	119.973
280.931	-2.499	120.057
280.809	-2.402	120.066
280.700	-2.249	120.052
280.704	-2.042	120.047
280.767	-1.817	120.105
280.805	-1.514	120.110
280.791	-1.238	120.129
280.823	-0.861	120.114
280.862	-0.529	120.167
280.923	-0.168	120.246
280.994	0.254	120.257
281.067	0.602	120.352
281.096	0.927	120.417
281.111	1.253	120.410
281.112	1.494	120.413
281.107	1.701	120.401
281.090	1.885	120.325
281.051	1.981	120.257
281.003	2.019	120.170
280.956	2.003	120.103
280.910	1.972	120.008
280.850	1.839	120.008
280.784	1.700	120.016
280.702	1.456	120.111
280.670	1.220	120.191
280.694	0.837	120.391
280.744	0.520	120.463
280.832	0.146	120.466
280.916	-0.221	120.372
280.959	-0.582	120.272
280.975	-0.879	120.122
280.978	-1.250	120.102
280.977	-1.528	120.039
280.974	-1.859	120.032
280.946	-2.089	119.967
280.922	-2.282	119.926
280.892	-2.442	119.947
280.869	-2.571	119.970
280.860	-2.646	119.988
280.845	-2.640	119.990
280.817	-2.611	120.017
280.797	-2.540	120.037
280.803	-2.399	120.049
280.813	-2.230	120.062
280.872	-2.026	120.107
280.782	-1.740	120.078
280.697	-1.492	120.115
280.729	-1.133	120.112
280.815	-0.763	120.193
280.899	-0.383	120.286
280.913	-0.001	120.350
280.979	0.368	120.452
281.039	0.796	120.478
281.091	1.076	120.570
281.129	1.404	120.489
281.143	1.656	120.423
281.134	1.884	120.334
281.094	2.036	120.254
281.031	2.163	120.108
280.952	2.169	120.040
280.876	2.072	120.026
280.778	2.000	119.990
280.701	1.760	120.106
280.703	1.591	120.179
280.734	1.355	120.282
280.787	0.991	120.473
280.850	0.619	120.576
280.940	0.311	120.442
281.000	-0.060	120.362
281.018	-0.397	120.234
281.032	-0.704	120.137
281.012	-1.035	120.068
280.995	-1.342	120.004
280.972	-1.651	119.979
280.936	-1.939	119.960
280.923	-2.175	119.958
280.917	-2.320	119.937
280.903	-2.460	119.978
280.885	-2.541	119.985
280.843	-2.594	120.018
280.814	-2.590	120.054
280.786	-2.534	120.081
280.771	-2.453	120.107
280.757	-2.302	120.118
280.771	-2.109	120.152
280.791	-1.896	120.182
280.829	-1.594	120.174
280.860	-1.323	120.241
280.937	-0.997	120.317
280.989	-0.628	120.400
280.904	-0.273	120.457
280.944	0.110	120.506
281.019	0.515	120.519
281.108	0.855	120.539
281.098	1.179	120.493
281.066	1.472	120.378
281.049	1.752	120.244
281.024	1.900	120.192
280.992	2.042	120.094
280.955	2.116	120.012
280.907	2.136	119.980
280.815	2.043	120.038
280.754	1.905	120.149
280.743	1.721	120.270
280.770	1.465	120.438
280.834	1.134	120.626
280.926	0.820	120.614
281.005	0.519	120.473
281.047	0.184	120.365
281.079	-0.112	120.241
281.084	-0.444	120.163
281.063	-0.788	120.104
281.048	-1.048	119.981
281.005	-1.363	119.974
280.966	-1.614	119.919
280.931	-1.882	119.931
280.918	-2.068	119.960
280.895	-2.203	119.950
280.871	-2.353	120.007
280.837	-2.410	120.010
280.803	-2.446	120.061
280.766	-2.435	120.088
280.738	-2.365	120.101
280.728	-2.291	120.140
280.732	-2.126	120.150
280.738	-1.904	120.155
280.756	-1.685	120.205
280.775	-1.444	120.241
280.798	-1.181	120.337
280.863	-0.847	120.405
280.944	-0.537	120.466
281.026	-0.214	120.529
281.127	0.130	120.558
281.203	0.440	120.559
281.077	0.774	120.473
281.025	1.030	120.398
281.028	1.346	120.277
281.038	1.590	120.200
280.978	1.727	120.126
280.908	1.886	120.012
280.827	1.951	119.975
280.755	1.951	120.028
280.733	1.884	120.151
280.772	1.812	120.246
280.812	1.658	120.396
280.859	1.409	120.594
280.915	1.139	120.666
280.992	0.863	120.582
281.039	0.594	120.433
281.078	0.293	120.330
281.103	-0.019	120.266
281.106	-0.277	120.151
281.098	-0.533	120.043
281.068	-0.844	120.016
281.036	-1.119	119.976
281.011	-1.338	119.960
280.982	-1.595	119.974
280.953	-1.756	119.964
280.910	-1.921	119.993
280.872	-2.012	119.979
280.834	-2.090	120.015
280.804	-2.122	120.052
280.785	-2.124	120.091
280.773	-2.051	120.083
280.770	-1.994	120.148
280.764	-1.837	120.122
280.768	-1.714	120.212
280.771	-1.489	120.218
280.784	-1.299	120.309
280.829	-1.036	120.348
280.872	-0.809	120.424
280.925	-0.547	120.458
280.964	-0.261	120.452
281.016	0.004	120.446
281.057	0.289	120.391
281.088	0.609	120.269
281.106	0.826	120.211
281.128	1.001	120.151
281.032	1.143	120.096
280.869	1.300	120.009
280.777	1.421	119.970
280.769	1.487	120.041
280.823	1.511	120.180
280.857	1.507	120.275
280.878	1.361	120.470
280.909	1.219	120.621
280.979	1.048	120.632
281.053	0.848	120.541
281.091	0.645	120.411
281.107	0.461	120.278
281.105	0.193	120.252
281.076	0.002	120.116
281.057	-0.262	120.097
281.045	-0.461	120.012
281.036	-0.707	120.011
281.024	-0.962	120.033
281.013	-1.079	119.940
280.988	-1.271	119.977
280.959	-1.414	120.003
280.920	-1.515	120.013
280.889	-1.616	120.047
280.860	-1.641	120.035
280.840	-1.670	120.074
280.828	-1.623	120.061
280.814	-1.591	120.098
280.808	-1.530	120.142
280.803	-1.432	120.185
280.813	-1.316	120.236
280.831	-1.134	120.275
280.854	-0.981	120.344
280.899	-0.758	120.346
280.931	-0.571	120.360
280.953	-0.396	120.378
280.968	-0.178	120.338
280.975	0.031	120.263
280.985	0.228	120.210
280.991	0.434	120.139
281.001	0.618	120.101
280.996	0.822	120.015
280.990	0.940	120.012
280.944	0.983	120.058
280.930	1.047	120.092
280.903	1.038	120.185
280.926	1.017	120.310
280.941	0.915	120.515
280.994	0.801	120.656
281.041	0.703	120.574
281.072	0.522	120.498
281.097	0.387	120.373
281.121	0.230	120.300
281.126	0.063	120.237
281.110	-0.085	120.118
281.083	-0.258	120.066
281.053	-0.455	120.070
281.033	-0.609	120.049
281.015	-0.764	120.032
280.994	-0.899	120.017
280.973	-1.026	120.018
280.950	-1.094	119.985
280.931	-1.192	120.016
280.911	-1.240	120.049
280.900	-1.225	120.040
280.889	-1.257	120.090
280.876	-1.219	120.101
280.864	-1.200	120.165
280.854	-1.098	120.187
280.846	-1.002	120.253
280.851	-0.857	120.291
280.864	-0.762	120.388
280.899	-0.614	120.425
280.922	-0.490	120.476
280.950	-0.311	120.449
280.972	-0.114	120.367
280.978	0.049	120.299
280.978	0.233	120.189
280.959	0.355	120.139
280.931	0.462	120.085
280.905	0.600	120.022
280.880	0.710	120.006
280.799	0.772	120.027
280.760	0.786	120.115
280.806	0.798	120.240
280.896	0.755	120.398
280.978	0.630	120.558
280.994	0.511	120.520
281.036	0.442	120.373
281.065	0.292	120.346
281.117	0.136	120.324
281.126	0.015	120.266
281.100	-0.141	120.189
281.090	-0.253	120.111
281.088	-0.369	120.068
281.086	-0.461	120.004
281.080	-0.569	119.977
281.067	-0.689	119.989
281.039	-0.767	119.997
281.001	-0.824	120.005
280.980	-0.850	120.016
280.956	-0.873	120.012
280.946	-0.914	120.050
280.937	-0.914	120.091
280.929	-0.882	120.092
280.926	-0.793	120.071
280.908	-0.759	120.126
280.898	-0.677	120.160
280.885	-0.603	120.247
280.885	-0.491	120.270
280.897	-0.405	120.355
280.922	-0.262	120.364
280.944	-0.139	120.355
280.956	-0.027	120.349
280.975	0.066	120.344
280.980	0.218	120.239
280.974	0.320	120.172
280.964	0.415	120.094
280.938	0.455	120.076
280.905	0.518	120.030
280.877	0.576	120.005
280.815	0.575	120.052
280.725	0.542	120.118
280.717	0.469	120.262
280.752	0.423	120.367
280.834	0.307	120.473
280.945	0.173	120.457
281.050	0.004	120.413
281.127	-0.111	120.323
280.985	-0.237	120.243
280.933	-0.341	120.155
280.944	-0.445	120.120
280.976	-0.540	120.081
280.971	-0.620	120.072
280.940	-0.691	120.036
280.946	-0.683	119.964
280.968	-0.780	120.018
281.006	-0.771	120.021
281.023	-0.770	120.035
281.028	-0.721	120.018
281.019	-0.674	120.018
280.991	-0.640	120.049
280.985	-0.579	120.045
280.985	-0.486	120.045
280.977	-0.449	120.115
280.979	-0.350	120.148
280.967	-0.231	120.150
280.962	-0.128	120.215
280.951	-0.035	120.273
280.956	0.075	120.342
280.962	0.185	120.365
280.958	0.265	120.397
280.960	0.364	120.365
280.954	0.433	120.343
280.951	0.507	120.276
280.941	0.587	120.183
280.923	0.641	120.109
280.902	0.675	120.033
280.872	0.663	119.993
280.853	0.631	120.001
280.810	0.597	120.024
280.714	0.475	120.135
280.693	0.390	120.222
280.720	0.221	120.403
280.794	0.058	120.443
280.902	-0.094	120.374
280.978	-0.282	120.303
281.014	-0.451	120.230
281.050	-0.557	120.130
281.094	-0.708	120.104
281.133	-0.824	120.040
281.085	-0.983	120.055
280.872	-1.077	120.006
280.852	-1.156	120.008
280.888	-1.145	119.982
280.893	-1.144	120.007
280.906	-1.124	120.033
280.924	-1.078	120.022
280.934	-1.013	120.028
280.944	-0.944	120.055
280.962	-0.818	120.041
280.983	-0.649	119.995
280.989	-0.557	120.054
280.994	-0.406	120.066
281.005	-0.246	120.079
281.017	-0.096	120.103
281.013	0.038	120.176
281.020	0.213	120.210
281.033	0.309	120.337
281.053	0.451	120.386
281.057	0.599	120.403
281.053	0.721	120.408
281.044	0.774	120.441
281.026	0.847	120.390
280.992	0.911	120.309
280.960	0.961	120.225
280.911	0.956	120.152
280.879	0.990	120.040
280.842	0.943	120.001
280.783	0.917	119.956
280.697	0.809	119.993
280.680	0.624	120.155
280.719	0.479	120.268
280.761	0.324	120.358
280.821	0.092	120.454
280.920	-0.166	120.437
280.980	-0.345	120.317
281.006	-0.527	120.216
281.032	-0.709	120.151
281.027	-0.878	120.086
281.028	-1.029	120.038
281.016	-1.179	120.002
281.007	-1.286	119.993
281.011	-1.381	120.010
281.042	-1.418	120.031
280.949	-1.437	120.035
280.817	-1.401	119.999
280.809	-1.340	119.983
280.841	-1.309	120.059
280.838	-1.168	120.053
280.827	-1.072	120.118
280.837	-0.909	120.097
280.853	-0.741	120.104
280.888	-0.553	120.130
280.922	-0.325	120.116
280.955	-0.129	120.172
280.969	0.091	120.211
280.996	0.323	120.259
281.019	0.523	120.304
281.052	0.669	120.393
281.072	0.803	120.414
281.080	0.956	120.380
281.081	1.073	120.311
281.062	1.121	120.251
281.014	1.158	120.181
280.974	1.220	120.062
280.928	1.173	120.047
280.873	1.105	120.011
280.780	1.026	119.989
280.680	0.878	120.047
280.670	0.735	120.123
280.699	0.534	120.260
280.755	0.308	120.383
280.821	0.048	120.456
280.912	-0.181	120.367
280.967	-0.411	120.268
281.004	-0.668	120.228
281.023	-0.851	120.126
281.025	-1.013	120.036
281.017	-1.214	120.015
280.994	-1.366	119.977
280.952	-1.506	119.979
280.954	-1.576	119.942
280.948	-1.644	119.987
280.968	-1.669	120.009
280.973	-1.628	119.993
280.983	-1.595	120.021
281.007	-1.527	120.054
280.938	-1.422	120.061
280.787	-1.256	120.010
280.783	-1.146	120.086
280.838	-0.927	120.104
280.875	-0.723	120.140
280.849	-0.482	120.154
280.864	-0.248	120.190
280.897	-0.014	120.245
280.934	0.254	120.282
281.002	0.479	120.340
281.054	0.659	120.416
281.073	0.873	120.399
281.081	1.015	120.394
281.060	1.154	120.325
281.053	1.251	120.273
281.026	1.277	120.222
280.998	1.316	120.113
280.966	1.289	120.057
280.938	1.250	119.977
280.903	1.138	120.004
280.849	0.998	120.048
280.777	0.796	120.141
280.759	0.542	120.282
280.787	0.299	120.404
280.853	0.059	120.448
280.938	-0.220	120.398
280.999	-0.472	120.292
281.002	-0.706	120.174
281.018	-0.944	120.114
281.029	-1.143	120.067
281.018	-1.336	120.016
280.998	-1.506	119.984
280.970	-1.633	119.943
280.951	-1.738	119.970
280.930	-1.801	119.988
280.920	-1.816	120.001
280.914	-1.824	120.042
280.908	-1.723	119.981
280.891	-1.650	120.008
280.883	-1.535	120.015
280.882	-1.441	120.062
280.897	-1.243	120.052
280.924	-1.087	120.093
280.969	-0.853	120.085
281.013	-0.592	120.081
280.833	-0.395	120.148
280.820	-0.144	120.192
280.867	0.101	120.286
280.943	0.377	120.336
280.978	0.564	120.445
280.972	0.801	120.434
281.000	0.980	120.436
281.020	1.166	120.371
281.029	1.268	120.341
281.031	1.327	120.283
281.001	1.393	120.162
280.971	1.375	120.100
280.936	1.337	120.043
280.887	1.250	120.026
280.795	1.116	120.029
280.733	0.966	120.042
280.744	0.769	120.138
280.793	0.506	120.285
280.846	0.244	120.410
280.925	-0.057	120.447
281.004	-0.329	120.353
281.058	-0.569	120.212
281.075	-0.812	120.132
281.090	-1.029	120.073
281.069	-1.241	120.026
281.048	-1.417	119.991
281.019	-1.548	119.912
280.982	-1.731	119.989
280.961	-1.765	119.959
280.957	-1.796	119.969
280.954	-1.781	119.985
280.924	-1.799	120.041
280.908	-1.668	119.986
280.899	-1.556	119.997
280.873	-1.482	120.065
280.870	-1.325	120.069
280.870	-1.122	120.061
280.875	-0.938	120.076
280.883	-0.735	120.110
280.904	-0.513	120.169
280.931	-0.228	120.161
280.975	-0.011	120.260
281.039	0.250	120.288
281.094	0.420	120.400
281.012	0.678	120.348
281.005	0.882	120.333
281.042	1.055	120.326
281.064	1.155	120.320
281.024	1.268	120.263
280.992	1.326	120.178
280.978	1.350	120.103
280.963	1.321	120.053
280.942	1.244	120.021
280.919	1.163	119.998
280.884	1.003	120.037
280.800	0.757	120.159
280.786	0.535	120.256
280.806	0.280	120.382
280.873	-0.013	120.446
280.971	-0.269	120.364
281.039	-0.542	120.252
281.074	-0.813	120.184
281.082	-1.017	120.056
281.094	-1.268	120.065
281.097	-1.429	120.005
281.078	-1.594	119.959
281.046	-1.759	119.977
281.006	-1.822	119.963
280.997	-1.833	119.949
280.983	-1.833	119.978
280.966	-1.813	120.001
280.951	-1.714	119.985
280.930	-1.615	120.021
280.913	-1.463	120.015
280.899	-1.306	120.030
280.877	-1.125	120.047
280.870	-0.916	120.048
280.878	-0.675	120.059
280.870	-0.499	120.139
280.875	-0.238	120.156
280.882	0.035	120.180
280.888	0.246	120.278
280.922	0.481	120.329
280.961	0.710	120.357
280.995	0.896	120.389
281.033	1.072	120.360
281.082	1.187	120.342
281.137	1.265	120.306
281.107	1.302	120.220
280.986	1.271	120.161
280.956	1.287	120.055
280.922	1.199	120.044
280.913	1.070	120.069
280.876	0.984	120.042
280.775	0.773	120.096
280.754	0.573	120.152
280.789	0.326	120.291
280.851	0.053	120.385
280.945	-0.276	120.440
281.032	-0.486	120.262
281.060	-0.807	120.217
281.079	-1.034	120.129
281.086	-1.253	120.086
281.097	-1.412	120.016
281.093	-1.621	120.021
281.070	-1.753	119.989
281.048	-1.825	119.965
281.029	-1.833	119.935
281.023	-1.827	119.944
281.013	-1.816	119.991
280.994	-1.760	120.013
280.974	-1.596	119.984
280.949	-1.462	119.995
280.931	-1.334	120.045
280.918	-1.102	120.018
280.907	-0.933	120.082
280.909	-0.678	120.053
280.902	-0.459	120.096
280.894	-0.209	120.104
280.899	0.055	120.117
280.902	0.317	120.152
280.906	0.545	120.231
280.916	0.782	120.238
280.941	0.959	120.299
280.949	1.095	120.320
280.951	1.217	120.302
280.968	1.320	120.262
280.975	1.375	120.213
280.982	1.363	120.183
280.984	1.344	120.111
281.011	1.268	120.077
281.039	1.132	120.066
280.958	0.990	120.028
280.878	0.823	120.029
280.790	0.587	120.099
280.765	0.300	120.243
280.806	0.051	120.350
280.858	-0.244	120.436
280.964	-0.537	120.379
281.044	-0.825	120.275
281.086	-1.020	120.126
281.102	-1.251	120.083
281.116	-1.445	120.038
281.108	-1.651	120.027
281.085	-1.792	119.983
281.047	-1.862	119.936
281.007	-1.955	119.974
280.996	-1.951	119.976
280.988	-1.939	120.006
280.992	-1.843	120.008
280.982	-1.701	119.990
280.972	-1.570	120.024
280.952	-1.387	120.001
280.940	-1.195	120.015
280.923	-0.947	119.986
280.918	-0.759	120.063
280.917	-0.484	120.040
280.908	-0.232	120.061
280.911	0.049	120.072
280.924	0.297	120.129
280.928	0.542	120.201
280.935	0.773	120.288
280.950	0.980	120.355
280.951	1.164	120.376
280.945	1.312	120.403
280.941	1.410	120.411
280.930	1.502	120.343
280.924	1.510	120.330
280.917	1.528	120.216
280.897	1.482	120.126
280.885	1.381	120.073
280.884	1.235	120.046
280.876	1.064	120.051
280.837	0.856	120.059
280.841	0.626	120.092
280.826	0.300	120.200
280.852	-0.008	120.293
280.908	-0.331	120.438
280.997	-0.671	120.427
281.029	-0.933	120.277
281.045	-1.194	120.155
281.065	-1.422	120.084
281.097	-1.656	120.069
281.110	-1.834	120.054
281.095	-1.963	119.989
281.060	-2.057	119.962
281.026	-2.105	119.958
281.001	-2.100	119.971
280.981	-2.043	119.975
280.976	-1.908	119.948
280.970	-1.841	120.043
280.969	-1.634	120.025
280.967	-1.419	120.024
280.970	-1.253	120.069
280.962	-0.974	120.073
280.958	-0.683	120.049
280.952	-0.427	120.091
280.948	-0.116	120.084
280.940	0.171	120.123
280.942	0.439	120.209
280.950	0.763	120.229
280.966	1.033	120.300
280.975	1.247	120.359
280.968	1.394	120.439
280.952	1.549	120.410
280.950	1.683	120.352
280.932	1.710	120.308
280.909	1.703	120.248
280.889	1.711	120.115
280.854	1.629	120.030
280.833	1.523	119.979
280.807	1.301	120.034
280.788	1.126	120.029
280.724	0.870	120.088
280.725	0.527	120.252
280.788	0.237	120.348
280.888	-0.150	120.468
280.962	-0.492	120.425
280.931	-0.804	120.255
280.960	-1.071	120.118
280.992	-1.353	120.098
281.030	-1.618	120.112
280.982	-1.859	120.074
280.968	-2.032	120.011
280.961	-2.122	119.930
280.969	-2.193	119.921
280.964	-2.229	119.928
280.983	-2.193	119.940
280.966	-2.142	119.971
280.974	-1.973	119.983
280.962	-1.813	119.988
280.951	-1.664	120.046
280.949	-1.416	120.036
280.957	-1.195	120.046
280.969	-0.905	120.057
280.980	-0.597	120.057
280.987	-0.331	120.113
280.991	-0.033	120.147
281.001	0.330	120.157
280.988	0.627	120.225
280.992	0.954	120.259
281.000	1.184	120.363
280.988	1.421	120.374
280.959	1.583	120.391
280.945	1.723	120.395
280.925	1.867	120.299
280.888	1.872	120.258
280.860	1.871	120.172
280.826	1.818	120.099
280.795	1.707	120.051
280.757	1.616	119.955
280.712	1.423	119.978
280.638	1.129	120.054
280.648	0.831	120.170
280.694	0.537	120.261
280.767	0.182	120.382
280.863	-0.202	120.432
280.969	-0.545	120.344
281.050	-0.872	120.198
281.106	-1.207	120.141
280.957	-1.493	120.089
280.878	-1.771	120.038
280.873	-2.000	119.999
280.907	-2.180	120.001
280.847	-2.274	119.966
280.845	-2.353	119.969
280.862	-2.357	119.945
280.882	-2.343	119.991
280.912	-2.247	119.989
280.930	-2.078	119.973
280.933	-1.909	119.991
280.951	-1.681	120.006
280.959	-1.471	120.056
280.971	-1.197	120.040
280.989	-0.899	120.057
281.008	-0.579	120.089
281.020	-0.274	120.146
281.037	0.096	120.167
281.044	0.421	120.236
281.059	0.778	120.284
281.064	1.031	120.403
281.055	1.304	120.443
281.030	1.557	120.399
281.006	1.739	120.398
280.980	1.875	120.357
280.933	1.924	120.307
280.894	1.988	120.201
280.865	2.015	120.084
280.832	1.937	120.032
280.793	1.812	120.010
280.749	1.685	119.985
280.707	1.444	120.068
280.640	1.171	120.169
280.642	0.809	120.310
280.692	0.498	120.403
280.777	0.082	120.486
280.892	-0.279	120.399
280.966	-0.610	120.250
280.981	-0.981	120.153
281.001	-1.334	120.140
281.018	-1.613	120.078
281.032	-1.913	120.050
281.028	-2.125	119.970
281.008	-2.311	119.957
280.765	-2.447	119.921
280.731	-2.537	119.932
280.761	-2.539	119.939
280.762	-2.556	120.041
280.763	-2.481	120.065
280.779	-2.350	120.060
280.787	-2.171	120.050
280.812	-1.922	120.025
280.842	-1.651	120.027
280.873	-1.413	120.073
280.920	-1.074	120.083
280.959	-0.725	120.111
281.004	-0.352	120.161
281.034	0.016	120.223
281.065	0.410	120.272
281.121	0.805	120.330
281.126	1.058	120.466
281.117	1.366	120.458
281.122	1.581	120.469
281.106	1.790	120.415
281.066	1.945	120.343
281.000	2.020	120.253
280.936	2.056	120.152
280.862	2.024	120.066
280.798	1.928	120.036
280.732	1.824	119.994
280.623	1.595	120.049
280.571	1.337	120.150
280.598	1.053	120.252
280.664	0.706	120.377
280.744	0.318	120.484
280.847	-0.046	120.417
280.932	-0.438	120.314
280.961	-0.809	120.236
280.977	-1.117	120.126
280.983	-1.453	120.105
280.979	-1.780	120.058
280.962	-2.035	119.991
280.936	-2.251	119.941
280.916	-2.447	119.952
280.911	-2.559	119.952
280.917	-2.641	119.972
280.928	-2.671	119.983
280.912	-2.677	120.043
280.704	-2.624	120.058
280.681	-2.490	120.034
280.704	-2.338	120.073
280.774	-2.102	120.116
280.778	-1.831	120.109
280.782	-1.537	120.087
280.806	-1.212	120.087
280.844	-0.868	120.142
280.901	-0.487	120.197
280.957	-0.100	120.268
281.029	0.330	120.326
281.087	0.723	120.400
281.112	1.054	120.469
281.118	1.367	120.470
281.133	1.693	120.398
281.130	1.915	120.365
281.095	2.069	120.310
281.031	2.177	120.207
280.965	2.206	120.124
280.909	2.207	120.060
280.849	2.167	119.982
280.772	2.018	120.019
280.685	1.827	120.082
280.624	1.566	120.198
280.641	1.248	120.337
280.692	0.891	120.484
280.772	0.490	120.553
280.872	0.134	120.438
280.926	-0.251	120.318
280.970	-0.616	120.240
280.970	-0.961	120.118
280.974	-1.286	120.043
280.961	-1.622	120.008
280.939	-1.959	120.001
280.914	-2.201	119.929
280.892	-2.411	119.943
280.876	-2.587	119.967
280.859	-2.699	119.965
280.848	-2.826	120.038
280.835	-2.779	120.008
280.813	-2.758	120.049
280.821	-2.665	120.072
280.819	-2.534	120.084
280.645	-2.367	120.085
280.642	-2.103	120.068
280.699	-1.796	120.077
280.788	-1.496	120.149
280.788	-1.173	120.211
280.831	-0.809	120.266
280.897	-0.385	120.309
280.966	0.002	120.404
281.064	0.453	120.436
281.120	0.806	120.491
281.156	1.137	120.501
281.165	1.451	120.427
281.163	1.724	120.360
281.137	1.932	120.287
281.071	2.058	120.194
281.014	2.100	120.168
280.940	2.121	120.062
280.878	2.104	119.999
280.777	1.991	120.026
280.725	1.834	120.095
280.733	1.636	120.227
280.760	1.400	120.336
280.803	1.037	120.533
280.857	0.697	120.572
280.928	0.370	120.449
280.985	0.034	120.343
281.002	-0.291	120.235
281.005	-0.624	120.161
280.999	-0.932	120.073
280.991	-1.237	120.011
280.959	-1.545	119.979
280.940	-1.804	119.939
280.919	-2.068	119.978
280.916	-2.215	119.926
280.892	-2.357	119.965
280.864	-2.515	120.029
280.829	-2.532	120.021
280.791	-2.537	120.038
280.762	-2.513	120.092
280.735	-2.463	120.133
280.734	-2.350	120.169
280.747	-2.118	120.132
280.785	-1.936	120.198
280.844	-1.656	120.202
280.902	-1.373	120.249
280.848	-1.079	120.329
280.803	-0.754	120.399
280.869	-0.365	120.455
280.973	-0.006	120.530
281.063	0.394	120.541
281.074	0.759	120.529
281.069	1.072	120.470
281.051	1.387	120.358
281.026	1.650	120.255
281.010	1.827	120.192
280.972	1.997	120.070
280.915	2.127	119.975
280.800	2.102	119.997
280.745	2.029	120.101
280.754	1.978	120.177
280.772	1.839	120.316
280.811	1.661	120.440
280.851	1.384	120.625
280.924	1.069	120.670
281.013	0.815	120.523
281.058	0.497	120.404
281.075	0.168	120.322
281.060	-0.125	120.178
281.050	-0.434	120.107
281.020	-0.737	120.031
280.985	-1.054	119.989
280.966	-1.287	119.923
280.940	-1.558	119.916
280.929	-1.828	119.970
280.884	-2.027	119.983
280.861	-2.168	119.986
280.825	-2.284	119.993
280.799	-2.357	120.040
280.774	-2.375	120.056
280.742	-2.389	120.121
280.726	-2.332	120.138
280.722	-2.225	120.158
280.729	-2.077	120.217
280.744	-1.859	120.243
280.765	-1.653	120.321
280.825	-1.408	120.422
280.911	-1.080	120.470
281.020	-0.776	120.565
281.078	-0.448	120.623
281.004	-0.109	120.605
281.030	0.248	120.547
281.073	0.629	120.435
281.108	0.915	120.399
281.063	1.252	120.244
281.016	1.494	120.144
280.967	1.760	119.979
280.921	1.897	119.955
280.835	1.985	119.986
280.789	1.976	120.083
280.776	1.914	120.239
280.805	1.834	120.394
280.836	1.662	120.579
280.892	1.440	120.688
280.971	1.195	120.629
281.034	0.918	120.530
281.072	0.629	120.447
281.106	0.389	120.310
281.116	0.119	120.200
281.106	-0.150	120.107
281.078	-0.448	120.065
281.034	-0.711	119.990
281.014	-1.010	119.990
280.991	-1.244	119.977
280.965	-1.461	119.992
280.941	-1.600	119.943
280.899	-1.776	119.995
280.864	-1.873	119.977
280.831	-1.978	120.021
280.795	-2.038	120.063
280.790	-2.052	120.084
280.774	-2.008	120.080
280.780	-1.918	120.096
280.775	-1.826	120.136
280.782	-1.670	120.181
280.785	-1.500	120.230
280.807	-1.351	120.355
280.845	-1.113	120.396
280.898	-0.867	120.449
280.953	-0.616	120.458
280.992	-0.363	120.479
281.038	-0.120	120.482
281.097	0.175	120.418
281.139	0.457	120.338
281.131	0.700	120.217
280.973	0.905	120.143
280.895	1.136	120.032
280.789	1.305	119.981
280.768	1.440	120.017
280.794	1.542	120.072
280.814	1.562	120.187
280.839	1.578	120.276
280.869	1.454	120.480
280.919	1.320	120.626
281.000	1.119	120.661
281.071	0.936	120.533
281.095	0.739	120.405
281.103	0.496	120.348
281.097	0.294	120.243
281.092	0.066	120.164
281.082	-0.139	120.087
281.071	-0.386	120.044
281.063	-0.604	119.995
281.032	-0.866	120.005
281.002	-1.073	120.014
280.968	-1.250	120.012
280.937	-1.383	120.020
280.894	-1.493	120.019
280.865	-1.554	119.995
280.847	-1.618	120.012
280.827	-1.678	120.056
280.823	-1.683	120.088
280.811	-1.623	120.077
280.811	-1.577	120.118
280.814	-1.477	120.146
280.812	-1.369	120.214
280.832	-1.247	120.305
280.858	-1.109	120.388
280.900	-0.873	120.380
280.934	-0.713	120.437
280.963	-0.523	120.447
280.978	-0.315	120.431
280.987	-0.090	120.366
281.008	0.160	120.246
281.009	0.361	120.177
281.030	0.532	120.156
280.991	0.744	120.037
280.976	0.858	120.018
280.906	0.960	119.999
280.890	1.045	120.034
280.907	1.107	120.122
280.941	1.130	120.282
280.955	1.036	120.503
280.966	0.993	120.590
281.030	0.867	120.587
281.096	0.794	120.458
281.121	0.625	120.395
281.124	0.465	120.300
281.110	0.326	120.205
281.081	0.149	120.150
281.064	0.005	120.070
281.033	-0.193	120.079
281.016	-0.367	120.069
281.005	-0.521	120.054
280.985	-0.647	119.990
280.969	-0.820	120.023
280.952	-0.907	119.996
280.935	-1.017	120.020
280.910	-1.043	119.990
280.893	-1.144	120.042
280.879	-1.190	120.060
280.862	-1.200	120.052
280.846	-1.186	120.054
280.842	-1.142	120.069
280.832	-1.135	120.162
280.848	-1.047	120.189
280.863	-0.970	120.245
280.883	-0.857	120.276
280.916	-0.741	120.323
280.942	-0.648	120.378
280.954	-0.481	120.342
280.960	-0.350	120.330
280.961	-0.231	120.304
280.960	-0.071	120.233
280.944	0.073	120.162
280.933	0.245	120.056
280.874	0.342	120.023
280.841	0.435	120.020
280.875	0.555	120.008
280.950	0.593	120.093
280.966	0.664	120.127
280.935	0.669	120.198
280.943	0.663	120.320
280.965	0.571	120.543
281.043	0.499	120.564
281.059	0.439	120.427
281.076	0.320	120.383
281.098	0.219	120.315
281.097	0.093	120.295
281.100	0.041	120.167
281.098	-0.079	120.115
281.084	-0.211	120.102
281.065	-0.344	120.099
281.043	-0.453	120.076
281.029	-0.522	120.020
281.001	-0.644	120.047
280.982	-0.737	120.034
280.967	-0.811	120.039
280.961	-0.839	120.027
280.943	-0.863	120.034
280.924	-0.886	120.072
280.908	-0.912	120.114
280.888	-0.879	120.126
280.881	-0.830	120.151
280.876	-0.775	120.209
280.874	-0.701	120.273
280.891	-0.629	120.368
280.917	-0.547	120.451
280.935	-0.433	120.483
280.949	-0.333	120.518
280.960	-0.207	120.480
280.968	-0.091	120.435
280.955	0.067	120.314
280.956	0.209	120.201
280.916	0.282	120.137
280.876	0.386	120.051
280.778	0.423	120.012
280.746	0.537	119.963
280.761	0.565	120.047
280.822	0.597	120.144
280.893	0.591	120.253
280.966	0.510	120.451
281.043	0.401	120.544
281.040	0.321	120.451
281.060	0.243	120.315
281.095	0.090	120.334
281.125	-0.023	120.319
281.109	-0.066	120.207
281.062	-0.198	120.144
281.037	-0.288	120.097
281.039	-0.352	120.027
281.048	-0.428	120.015
281.058	-0.494	119.992
281.041	-0.545	119.977
281.026	-0.580	119.989
280.994	-0.636	120.052
280.972	-0.625	120.033
280.969	-0.606	120.027
280.964	-0.614	120.063
280.964	-0.596	120.056
280.955	-0.561	120.066
280.944	-0.528	120.115
280.937	-0.428	120.106
280.928	-0.348	120.127
280.927	-0.286	120.184
280.931	-0.219	120.238
280.948	-0.144	120.281
280.951	-0.089	120.316
280.965	-0.007	120.309
280.970	0.074	120.283
280.954	0.167	120.216
280.956	0.249	120.156
280.944	0.292	120.087
280.927	0.330	120.032
280.910	0.339	120.024
280.876	0.382	119.977
280.765	0.343	119.996
280.723	0.319	120.043
280.737	0.234	120.175
280.788	0.155	120.307
280.843	0.074	120.392
280.933	-0.055	120.419
281.012	-0.174	120.351
281.089	-0.297	120.280
281.150	-0.382	120.202
280.980	-0.510	120.171
280.932	-0.580	120.099
280.931	-0.676	120.092
280.969	-0.690	120.039
280.940	-0.735	120.038
280.927	-0.782	120.043
280.949	-0.740	119.994
280.968	-0.764	120.046
281.000	-0.696	120.020
281.008	-0.649	120.021
281.013	-0.605	120.043
281.011	-0.518	120.027
281.003	-0.465	120.060
281.003	-0.389	120.066
280.998	-0.285	120.060
280.996	-0.157	120.033
280.999	-0.074	120.068
280.987	0.011	120.115
280.975	0.083	120.177
280.976	0.157	120.266
280.976	0.285	120.286
280.979	0.342	120.364
280.979	0.411	120.402
280.972	0.488	120.397
280.967	0.546	120.367
280.949	0.610	120.305
280.935	0.605	120.277
280.923	0.631	120.197
280.908	0.676	120.076
280.878	0.635	120.035
280.847	0.624	119.990
280.741	0.564	119.955
280.699	0.479	120.011
280.720	0.369	120.128
280.761	0.245	120.225
280.809	0.071	120.381
280.880	-0.110	120.433
280.958	-0.217	120.324
281.032	-0.417	120.282
281.074	-0.543	120.188
281.111	-0.663	120.116
281.142	-0.806	120.088
281.097	-0.951	120.070
280.878	-1.043	120.004
280.851	-1.118	119.990
280.880	-1.158	120.021
280.897	-1.143	120.050
280.879	-1.109	120.040
280.898	-1.067	120.038
280.904	-0.986	120.013
280.928	-0.887	120.024
280.952	-0.816	120.065
280.975	-0.631	120.011
280.988	-0.516	120.044
280.992	-0.396	120.078
281.006	-0.227	120.085
281.006	-0.047	120.068
281.006	0.054	120.162
281.013	0.222	120.197
281.020	0.366	120.253
281.047	0.485	120.330
281.064	0.583	120.399
281.066	0.724	120.387
281.047	0.778	120.413
281.033	0.825	120.400
280.995	0.895	120.310
280.960	0.930	120.229
280.918	0.947	120.135
280.878	0.917	120.077
280.820	0.867	120.017
280.707	0.783	120.008
280.671	0.706	119.992
280.676	0.569	120.090
280.729	0.422	120.210
280.781	0.268	120.301
280.825	0.066	120.427
280.894	-0.178	120.427
280.961	-0.363	120.310
281.010	-0.566	120.252
281.043	-0.717	120.159
281.036	-0.892	120.107
281.041	-1.032	120.049
281.027	-1.149	119.986
281.018	-1.282	119.990
281.030	-1.369	120.014
281.060	-1.405	120.017
280.959	-1.446	120.030
280.820	-1.393	119.980
280.817	-1.384	120.009
280.861	-1.294	120.023
280.844	-1.219	120.080
280.841	-1.057	120.057
280.844	-0.903	120.060
280.863	-0.746	120.072
280.899	-0.556	120.076
280.922	-0.344	120.075
280.950	-0.157	120.125
280.966	0.028	120.195
280.990	0.283	120.209
281.008	0.431	120.328
281.040	0.616	120.364
281.070	0.751	120.434
281.072	0.892	120.422
281.074	0.981	120.413
281.066	1.053	120.369
281.041	1.132	120.262
281.002	1.149	120.180
280.971	1.131	120.119
280.917	1.099	120.047
280.865	1.067	119.974
280.765	0.934	120.001
280.703	0.807	120.040
280.704	0.650	120.137
280.746	0.435	120.279
280.779	0.168	120.434
280.869	-0.052	120.427
280.947	-0.277	120.339
280.982	-0.509	120.232
281.009	-0.716	120.139
281.021	-0.908	120.078
281.014	-1.092	120.033
281.002	-1.283	120.006
280.968	-1.431	119.987
280.947	-1.550	119.987
280.940	-1.604	119.970
280.948	-1.635	119.999
280.962	-1.643	120.007
280.983	-1.581	120.006
281.008	-1.528	120.024
280.937	-1.465	120.063
280.798	-1.354	120.056
280.796	-1.152	120.023
280.840	-0.993	120.074
280.875	-0.813	120.132
280.858	-0.596	120.142
280.867	-0.385	120.175
280.895	-0.138	120.203
280.938	0.167	120.185
280.989	0.359	120.299
281.036	0.589	120.317
281.065	0.769	120.368
281.077	0.930	120.394
281.066	1.067	120.354
281.058	1.162	120.324
281.041	1.272	120.237
281.006	1.282	120.181
280.972	1.266	120.121
280.937	1.251	120.042
280.900	1.173	120.008
280.805	1.061	120.013
280.743	0.902	120.062
280.742	0.709	120.160
280.773	0.492	120.269
280.817	0.250	120.405
280.885	-0.005	120.417
280.954	-0.254	120.330
281.006	-0.519	120.245
281.024	-0.770	120.183
281.042	-0.993	120.121
281.035	-1.165	120.048
281.020	-1.325	119.987
280.991	-1.486	119.960
280.965	-1.592	119.920
280.941	-1.694	119.961
280.932	-1.725	119.976
280.912	-1.768	120.013
280.906	-1.709	119.984
280.887	-1.628	119.963
280.886	-1.551	119.999
280.889	-1.429	120.011
280.899	-1.349	120.080
280.931	-1.148	120.079
280.974	-0.943	120.075
280.998	-0.708	120.084
280.797	-0.529	120.132
280.798	-0.266	120.149
280.851	-0.007	120.223
280.919	0.235	120.292
280.954	0.446	120.380
280.960	0.683	120.388
280.989	0.885	120.387
281.015	1.076	120.349
281.038	1.195	120.332
281.024	1.274	120.249
281.005	1.344	120.172
280.975	1.327	120.111
280.939	1.317	120.067
280.910	1.279	119.987
280.823	1.105	120.042
280.761	0.960	120.059
280.766	0.789	120.118
280.810	0.553	120.240
280.851	0.319	120.345
280.913	0.011	120.465
280.986	-0.271	120.436
281.048	-0.495	120.282
281.075	-0.703	120.159
281.082	-0.978	120.128
281.065	-1.179	120.053
281.042	-1.348	120.004
281.014	-1.511	119.964
280.986	-1.633	119.926
280.956	-1.768	119.969
280.945	-1.820	119.971
280.946	-1.804	119.981
280.921	-1.807	120.012
280.906	-1.739	120.001
280.889	-1.642	120.007
280.882	-1.520	120.012
280.871	-1.406	120.042
280.870	-1.239	120.052
280.877	-1.036	120.038
280.886	-0.796	120.036
280.906	-0.632	120.112
280.938	-0.378	120.138
280.990	-0.176	120.246
281.053	0.086	120.305
281.059	0.339	120.358
281.000	0.572	120.375
281.019	0.793	120.391
281.055	0.961	120.429
281.079	1.102	120.442
281.024	1.222	120.401
281.009	1.324	120.297
280.993	1.396	120.181
280.974	1.359	120.120
280.957	1.315	120.055
280.917	1.252	119.994
