NO_OF_FRAMES	5000
NO_OF_DATA_TYPES	3
FREQUENCY	500
TIME_STAMP	2026-06-15, 19:18:50
DATA_INCLUDED	Position
DATA_TYPES	Unidentified [910635]_pos_X	Unidentified [910635]_pos_Y	Unidentified [910635]_pos_Z


243.397	97.808	120.874
243.395	98.175	120.832
243.418	98.631	120.847
243.433	99.092	120.837
243.447	99.586	120.824
243.448	100.087	120.809
243.443	100.583	120.800
243.450	101.041	120.817
243.422	101.323	120.779
243.409	101.253	120.571
243.407	101.172	120.704
243.408	101.061	120.953
243.419	100.947	120.975
243.432	100.829	120.886
243.438	100.660	120.844
243.448	100.504	120.814
243.467	100.303	120.805
243.477	100.067	120.779
243.549	99.863	120.793
243.565	99.580	120.789
243.589	99.268	120.823
243.612	98.936	120.846
243.638	98.577	120.847
243.653	98.206	120.857
243.659	97.859	120.823
243.644	97.521	120.842
243.634	97.215	120.861
243.619	96.929	120.866
243.599	96.663	120.887
243.571	96.427	120.891
243.541	96.248	120.904
243.509	96.151	120.924
243.504	96.151	120.936
243.507	96.176	120.897
243.522	96.246	120.910
243.506	96.363	120.909
243.488	96.563	120.910
243.482	96.827	120.916
243.465	97.151	120.897
243.464	97.498	120.890
243.428	97.859	120.871
243.425	98.291	120.861
243.413	98.754	120.869
243.414	99.243	120.857
243.433	99.764	120.839
243.434	100.269	120.809
243.438	100.746	120.810
243.448	101.215	120.817
243.420	101.285	120.600
243.385	101.189	120.628
243.386	101.119	120.824
243.376	100.988	120.934
243.381	100.867	120.977
243.392	100.710	120.883
243.405	100.544	120.819
243.418	100.367	120.817
243.498	100.193	120.819
243.507	99.950	120.819
243.514	99.714	120.794
243.515	99.419	120.801
243.539	99.129	120.837
243.561	98.811	120.857
243.578	98.462	120.853
243.597	98.127	120.836
243.620	97.814	120.827
243.638	97.531	120.845
243.639	97.268	120.870
243.642	97.035	120.875
243.623	96.816	120.873
243.596	96.632	120.885
243.589	96.497	120.909
243.572	96.427	120.887
243.540	96.439	120.886
243.526	96.479	120.883
243.522	96.561	120.869
243.507	96.705	120.887
243.509	96.938	120.900
243.507	97.213	120.912
243.489	97.520	120.871
243.476	97.871	120.859
243.474	98.254	120.845
243.460	98.685	120.861
243.443	99.141	120.867
243.432	99.612	120.845
243.435	100.109	120.830
243.425	100.590	120.805
243.426	101.043	120.798
243.411	101.285	120.746
243.394	101.217	120.555
243.388	101.153	120.695
243.386	101.043	120.938
243.377	100.949	120.972
243.371	100.833	120.882
243.367	100.690	120.834
243.373	100.550	120.819
243.372	100.378	120.820
243.395	100.167	120.815
243.411	99.947	120.808
243.410	99.691	120.826
243.473	99.431	120.831
243.488	99.118	120.843
243.504	98.769	120.850
243.525	98.430	120.845
243.545	98.070	120.837
243.562	97.720	120.826
243.580	97.411	120.856
243.598	97.118	120.869
243.606	96.851	120.880
243.614	96.607	120.879
243.630	96.403	120.909
243.644	96.259	120.905
243.642	96.212	120.899
243.626	96.225	120.886
243.599	96.295	120.890
243.601	96.404	120.880
243.605	96.586	120.894
243.578	96.848	120.905
243.545	97.144	120.892
243.527	97.494	120.874
243.512	97.886	120.885
243.502	98.303	120.857
243.493	98.767	120.860
243.477	99.259	120.851
243.470	99.778	120.851
243.470	100.288	120.822
243.460	100.761	120.797
243.458	101.231	120.783
243.412	101.273	120.553
243.391	101.176	120.627
243.374	101.087	120.815
243.356	100.953	120.929
243.359	100.818	120.969
243.352	100.653	120.885
243.364	100.472	120.822
243.375	100.293	120.830
243.393	100.074	120.844
243.394	99.819	120.829
243.396	99.567	120.837
243.400	99.274	120.854
243.457	98.981	120.862
243.457	98.640	120.877
243.485	98.296	120.866
243.495	97.966	120.848
243.524	97.659	120.851
243.542	97.381	120.853
243.565	97.130	120.864
243.581	96.920	120.884
243.572	96.701	120.882
243.577	96.542	120.916
243.583	96.439	120.900
243.596	96.425	120.894
243.599	96.450	120.876
243.609	96.534	120.881
243.595	96.647	120.888
243.595	96.854	120.871
243.599	97.119	120.884
243.589	97.433	120.869
243.581	97.789	120.855
243.585	98.178	120.849
243.559	98.604	120.838
243.542	99.063	120.845
243.522	99.544	120.841
243.515	100.039	120.825
243.509	100.525	120.817
243.497	100.967	120.788
243.499	101.320	120.772
243.460	101.228	120.508
243.438	101.132	120.633
243.425	101.014	120.896
243.399	100.892	120.934
243.380	100.760	120.880
243.361	100.600	120.840
243.341	100.448	120.818
243.330	100.277	120.837
243.335	100.057	120.851
243.345	99.838	120.874
243.356	99.562	120.879
243.381	99.281	120.876
243.444	98.991	120.886
243.456	98.645	120.879
243.456	98.283	120.853
243.466	97.948	120.858
243.485	97.634	120.861
243.496	97.335	120.865
243.517	97.068	120.875
243.538	96.822	120.893
243.544	96.595	120.895
243.559	96.411	120.914
243.561	96.307	120.907
243.575	96.304	120.910
243.573	96.313	120.886
243.583	96.392	120.885
243.583	96.532	120.885
243.584	96.750	120.895
243.557	97.010	120.881
243.567	97.342	120.868
243.579	97.701	120.826
243.586	98.116	120.830
243.605	98.562	120.837
243.603	99.041	120.851
243.585	99.526	120.825
243.586	100.045	120.821
243.579	100.540	120.790
243.566	101.001	120.775
243.551	101.310	120.742
243.504	101.240	120.522
243.477	101.146	120.626
243.469	101.026	120.870
243.456	100.911	120.901
243.449	100.782	120.852
243.436	100.619	120.836
243.412	100.452	120.831
243.387	100.272	120.856
243.367	100.060	120.856
243.347	99.824	120.876
243.344	99.564	120.908
243.342	99.259	120.907
243.347	98.929	120.899
243.420	98.622	120.915
243.420	98.259	120.882
243.453	97.937	120.876
243.473	97.633	120.863
243.487	97.339	120.864
243.510	97.088	120.871
243.515	96.856	120.895
243.526	96.635	120.912
243.527	96.459	120.905
243.530	96.381	120.908
243.551	96.363	120.913
243.566	96.411	120.882
243.580	96.494	120.870
243.582	96.645	120.876
243.578	96.868	120.887
243.571	97.142	120.885
243.537	97.474	120.868
243.528	97.825	120.837
243.538	98.224	120.818
243.558	98.676	120.827
243.558	99.141	120.829
243.594	99.633	120.832
243.603	100.135	120.820
243.608	100.608	120.783
243.628	101.076	120.782
243.599	101.294	120.710
243.554	101.194	120.571
243.534	101.072	120.645
243.530	100.925	120.835
243.512	100.778	120.863
243.503	100.614	120.792
243.493	100.446	120.794
243.475	100.280	120.815
243.455	100.096	120.853
243.432	99.893	120.860
243.405	99.667	120.892
243.397	99.412	120.918
243.384	99.133	120.934
243.373	98.815	120.942
243.435	98.531	120.943
243.432	98.204	120.902
243.426	97.918	120.900
243.442	97.656	120.895
243.443	97.408	120.893
243.453	97.196	120.886
243.479	97.003	120.911
243.489	96.817	120.902
243.503	96.679	120.901
243.512	96.607	120.897
243.533	96.609	120.895
243.533	96.666	120.887
243.542	96.761	120.879
243.539	96.884	120.874
243.543	97.092	120.894
243.528	97.334	120.889
243.538	97.635	120.882
243.523	97.980	120.846
243.524	98.363	120.841
243.527	98.776	120.833
243.545	99.243	120.824
243.555	99.719	120.824
243.563	100.199	120.827
243.572	100.655	120.813
243.580	101.093	120.790
243.589	101.318	120.700
243.572	101.228	120.545
243.584	101.138	120.644
243.575	100.974	120.858
243.580	100.840	120.873
243.577	100.694	120.782
243.577	100.511	120.742
243.572	100.356	120.751
243.538	100.150	120.778
243.509	99.929	120.818
243.470	99.694	120.868
243.443	99.425	120.911
243.413	99.121	120.927
243.402	98.774	120.939
243.454	98.461	120.961
243.437	98.096	120.970
243.451	97.783	120.965
243.446	97.466	120.931
243.448	97.190	120.906
243.438	96.910	120.905
243.434	96.656	120.920
243.449	96.456	120.934
243.461	96.302	120.934
243.489	96.237	120.931
243.523	96.246	120.925
243.546	96.294	120.900
243.562	96.395	120.901
243.559	96.565	120.900
243.560	96.826	120.923
243.542	97.123	120.894
243.529	97.458	120.882
243.520	97.845	120.854
243.509	98.268	120.843
243.507	98.723	120.860
243.514	99.230	120.867
243.525	99.742	120.832
243.527	100.253	120.804
243.545	100.727	120.804
243.559	101.207	120.807
243.519	101.305	120.626
243.522	101.214	120.589
243.517	101.106	120.690
243.530	100.949	120.844
243.546	100.796	120.881
243.567	100.614	120.778
243.581	100.420	120.733
243.592	100.216	120.720
243.591	99.993	120.742
243.584	99.762	120.768
243.563	99.492	120.810
243.528	99.206	120.874
243.493	98.886	120.919
243.458	98.548	120.941
243.436	98.201	120.960
243.413	97.873	120.986
243.461	97.597	120.988
243.472	97.334	120.950
243.470	97.106	120.939
243.473	96.899	120.940
243.465	96.701	120.934
243.459	96.551	120.944
243.462	96.452	120.926
243.468	96.442	120.913
243.463	96.467	120.899
243.478	96.531	120.889
243.499	96.647	120.891
243.508	96.829	120.890
243.525	97.095	120.893
243.527	97.386	120.900
243.516	97.736	120.888
243.525	98.110	120.860
243.529	98.529	120.852
243.516	98.987	120.860
243.510	99.452	120.852
243.496	99.951	120.849
243.481	100.438	120.808
243.493	100.883	120.802
243.517	101.330	120.805
243.488	101.295	120.542
243.487	101.206	120.637
243.499	101.105	120.816
243.508	100.976	120.861
243.516	100.849	120.865
243.521	100.668	120.777
243.519	100.493	120.721
243.533	100.295	120.724
243.548	100.058	120.715
243.559	99.816	120.743
243.569	99.538	120.768
243.559	99.238	120.838
243.542	98.897	120.887
243.521	98.530	120.912
243.492	98.152	120.951
243.473	97.783	120.956
243.506	97.457	120.964
243.492	97.156	120.987
243.489	96.871	120.997
243.484	96.596	120.998
243.497	96.364	121.004
243.485	96.165	120.989
243.494	96.062	120.978
243.510	96.043	120.956
243.516	96.059	120.938
243.533	96.138	120.908
243.522	96.266	120.910
243.511	96.467	120.893
243.507	96.731	120.910
243.510	97.058	120.902
243.498	97.414	120.896
243.497	97.843	120.887
243.495	98.277	120.863
243.502	98.774	120.883
243.514	99.297	120.885
243.509	99.808	120.861
243.481	100.341	120.831
243.460	100.839	120.827
243.476	101.321	120.825
243.437	101.304	120.553
243.444	101.195	120.649
243.440	101.064	120.824
243.455	100.921	120.880
243.460	100.757	120.883
243.475	100.580	120.795
243.480	100.401	120.720
243.488	100.213	120.726
243.510	99.995	120.742
243.512	99.757	120.749
243.526	99.498	120.743
243.521	99.225	120.787
243.538	98.928	120.815
243.528	98.609	120.860
243.537	98.287	120.896
243.519	97.956	120.919
243.508	97.668	120.941
243.531	97.418	120.961
243.535	97.192	120.991
243.546	96.991	120.997
243.521	96.781	121.011
243.504	96.613	120.985
243.502	96.504	120.974
243.502	96.462	120.950
243.493	96.476	120.941
243.518	96.547	120.937
243.507	96.638	120.889
243.529	96.811	120.899
243.521	97.039	120.910
243.508	97.317	120.899
243.499	97.662	120.875
243.481	98.017	120.857
243.477	98.425	120.865
243.469	98.869	120.875
243.468	99.339	120.876
243.464	99.844	120.864
243.464	100.340	120.846
243.478	100.805	120.842
243.476	101.269	120.842
243.448	101.321	120.588
243.448	101.230	120.614
243.454	101.135	120.790
243.457	101.025	120.917
243.451	100.905	120.936
243.455	100.768	120.822
243.447	100.617	120.744
243.459	100.472	120.733
243.469	100.276	120.739
243.488	100.073	120.756
243.492	99.829	120.744
243.497	99.565	120.757
243.499	99.264	120.777
243.501	98.950	120.808
243.490	98.596	120.833
243.486	98.230	120.830
243.469	97.873	120.872
243.470	97.529	120.915
243.533	97.232	120.957
243.549	96.945	121.000
243.533	96.643	121.001
243.532	96.404	121.020
243.547	96.214	121.036
243.568	96.103	121.038
243.560	96.059	120.998
243.546	96.093	120.961
243.551	96.162	120.950
243.547	96.301	120.938
243.539	96.512	120.921
243.545	96.803	120.907
243.537	97.123	120.897
243.521	97.509	120.876
243.513	97.922	120.868
243.502	98.386	120.852
243.481	98.885	120.859
243.479	99.417	120.871
243.459	99.962	120.845
243.444	100.487	120.843
243.446	100.987	120.839
243.422	101.396	120.847
243.412	101.301	120.527
243.424	101.170	120.665
243.451	101.022	120.926
243.452	100.884	120.941
243.452	100.723	120.876
243.445	100.542	120.815
243.437	100.356	120.748
243.439	100.153	120.749
243.452	99.923	120.765
243.456	99.678	120.777
243.464	99.421	120.778
243.475	99.128	120.806
243.475	98.815	120.817
243.479	98.490	120.820
243.478	98.150	120.827
243.464	97.825	120.828
243.457	97.532	120.859
243.454	97.273	120.889
243.458	97.046	120.924
243.522	96.859	120.982
243.545	96.654	121.004
243.559	96.501	121.012
243.564	96.408	121.029
243.570	96.403	121.007
243.584	96.435	120.982
243.593	96.509	120.975
243.568	96.656	120.953
243.552	96.845	120.933
243.548	97.114	120.924
243.527	97.427	120.895
243.523	97.789	120.888
243.512	98.170	120.856
243.514	98.610	120.843
243.518	99.091	120.851
243.505	99.575	120.857
243.495	100.100	120.840
243.472	100.597	120.808
243.458	101.065	120.821
243.439	101.371	120.786
243.405	101.266	120.556
243.384	101.176	120.685
243.399	101.040	120.935
243.420	100.923	120.952
243.436	100.789	120.871
243.444	100.634	120.820
243.443	100.479	120.788
243.438	100.296	120.762
243.435	100.080	120.756
243.429	99.858	120.778
243.420	99.602	120.788
243.424	99.313	120.810
243.430	99.014	120.831
243.438	98.667	120.817
243.452	98.317	120.810
243.450	97.952	120.806
243.445	97.622	120.834
243.436	97.304	120.867
243.429	97.004	120.873
243.490	96.766	120.927
243.496	96.534	120.969
243.498	96.333	121.003
243.540	96.214	121.047
243.558	96.159	121.044
243.590	96.177	121.029
243.608	96.242	121.024
243.594	96.364	120.997
243.596	96.571	120.985
243.595	96.846	120.965
243.574	97.168	120.926
243.550	97.548	120.897
243.529	97.955	120.875
243.529	98.405	120.862
243.513	98.883	120.844
243.513	99.410	120.848
243.506	99.946	120.825
243.503	100.483	120.826
243.478	100.969	120.813
243.452	101.394	120.815
243.425	101.299	120.499
243.405	101.169	120.639
243.395	101.037	120.902
243.412	100.918	120.930
243.417	100.763	120.879
243.446	100.590	120.844
243.435	100.407	120.794
243.464	100.218	120.817
243.474	99.988	120.816
243.466	99.753	120.807
243.453	99.486	120.803
243.450	99.204	120.832
243.433	98.874	120.846
243.423	98.545	120.852
243.417	98.196	120.840
243.419	97.882	120.821
243.435	97.585	120.818
243.432	97.330	120.849
243.440	97.093	120.862
243.434	96.870	120.876
243.488	96.709	120.914
243.472	96.551	120.928
243.490	96.466	120.966
243.507	96.443	120.995
243.522	96.491	120.995
243.542	96.560	120.986
243.581	96.700	120.999
243.598	96.914	121.001
243.596	97.167	120.992
243.593	97.497	120.956
243.582	97.863	120.914
243.592	98.268	120.887
243.590	98.711	120.858
243.569	99.179	120.843
243.548	99.683	120.832
243.529	100.186	120.808
243.528	100.691	120.812
243.519	101.154	120.814
243.499	101.338	120.674
243.476	101.263	120.550
243.473	101.174	120.692
243.475	101.063	120.891
243.465	100.955	120.944
243.442	100.832	120.840
243.422	100.684	120.800
243.411	100.516	120.782
243.407	100.346	120.796
243.410	100.127	120.815
243.419	99.893	120.834
243.433	99.646	120.843
243.436	99.329	120.841
243.435	99.018	120.856
243.433	98.681	120.846
243.420	98.315	120.842
243.409	97.964	120.830
243.415	97.634	120.839
243.418	97.336	120.843
243.421	97.074	120.855
243.435	96.826	120.862
243.430	96.600	120.876
243.489	96.459	120.907
243.494	96.367	120.942
243.501	96.337	120.943
243.515	96.376	120.970
243.514	96.453	120.978
243.522	96.594	121.003
243.547	96.800	121.025
243.552	97.054	120.997
243.557	97.370	120.985
243.576	97.754	120.958
243.599	98.160	120.925
243.599	98.599	120.883
243.594	99.079	120.891
243.591	99.589	120.865
243.597	100.111	120.836
243.572	100.603	120.801
243.548	101.078	120.795
243.509	101.353	120.730
243.495	101.257	120.512
243.476	101.136	120.651
243.492	100.998	120.886
243.501	100.855	120.922
243.493	100.709	120.840
243.476	100.519	120.811
243.471	100.350	120.794
243.459	100.153	120.804
243.450	99.934	120.806
243.440	99.686	120.823
243.448	99.430	120.870
243.444	99.128	120.879
243.441	98.807	120.908
243.472	98.482	120.901
243.457	98.124	120.890
243.457	97.811	120.862
243.445	97.511	120.855
243.447	97.242	120.862
243.447	97.009	120.859
243.441	96.799	120.869
243.430	96.598	120.885
243.479	96.474	120.911
243.479	96.411	120.913
243.486	96.418	120.907
243.498	96.466	120.920
243.500	96.544	120.934
243.509	96.702	120.962
243.512	96.914	120.991
243.523	97.190	120.996
243.518	97.500	120.982
243.521	97.862	120.974
243.552	98.269	120.958
243.559	98.699	120.931
243.592	99.188	120.928
243.594	99.678	120.880
243.607	100.185	120.854
243.599	100.668	120.827
243.599	101.115	120.790
243.581	101.319	120.709
243.532	101.201	120.564
243.505	101.090	120.666
243.491	100.941	120.855
243.521	100.821	120.905
243.517	100.664	120.823
243.525	100.495	120.780
243.501	100.311	120.757
243.485	100.113	120.791
243.479	99.907	120.805
243.463	99.673	120.842
243.465	99.421	120.858
243.450	99.130	120.878
243.447	98.792	120.896
243.452	98.464	120.889
243.430	98.130	120.870
243.453	97.854	120.871
243.452	97.583	120.878
243.464	97.337	120.887
243.478	97.120	120.892
243.463	96.921	120.890
243.452	96.723	120.883
243.449	96.600	120.886
243.440	96.536	120.891
243.448	96.539	120.877
243.451	96.600	120.891
243.484	96.718	120.896
243.493	96.869	120.922
243.475	97.069	120.959
243.486	97.331	120.971
243.492	97.652	120.965
243.496	97.994	120.973
243.520	98.401	120.965
243.524	98.824	120.952
243.536	99.286	120.959
243.573	99.790	120.929
243.565	100.253	120.869
243.600	100.725	120.844
243.620	101.181	120.832
243.610	101.336	120.673
243.592	101.249	120.608
243.586	101.154	120.703
243.596	101.024	120.842
243.581	100.909	120.874
243.585	100.775	120.790
243.555	100.621	120.733
243.556	100.482	120.767
243.539	100.296	120.795
243.534	100.083	120.795
243.516	99.865	120.821
243.478	99.597	120.842
243.485	99.294	120.856
243.479	98.969	120.905
243.470	98.622	120.900
243.458	98.269	120.896
243.436	97.929	120.870
243.445	97.620	120.872
243.439	97.329	120.896
243.443	97.074	120.903
243.453	96.824	120.915
243.466	96.602	120.901
243.468	96.426	120.916
243.476	96.328	120.906
243.509	96.348	120.895
243.517	96.374	120.893
243.504	96.459	120.883
243.482	96.591	120.893
243.466	96.801	120.934
243.479	97.076	120.952
243.484	97.387	120.952
243.483	97.748	120.935
243.493	98.129	120.955
243.506	98.565	120.951
243.530	99.053	120.961
243.516	99.521	120.953
243.541	100.045	120.950
243.550	100.525	120.885
243.558	100.973	120.842
243.603	101.369	120.801
243.584	101.288	120.544
243.584	101.190	120.653
243.600	101.065	120.836
243.608	100.941	120.873
243.630	100.790	120.815
243.637	100.625	120.781
243.614	100.456	120.718
243.605	100.255	120.745
243.576	100.025	120.772
243.561	99.787	120.817
243.541	99.516	120.831
243.501	99.218	120.850
243.499	98.893	120.875
243.483	98.535	120.884
243.483	98.178	120.889
243.463	97.849	120.900
243.460	97.554	120.880
243.458	97.285	120.885
243.446	97.045	120.885
243.425	96.810	120.906
243.433	96.609	120.918
243.447	96.456	120.926
243.473	96.381	120.934
243.489	96.355	120.918
243.506	96.404	120.879
243.517	96.462	120.876
243.511	96.596	120.885
243.497	96.801	120.901
243.470	97.070	120.921
243.452	97.371	120.933
243.437	97.724	120.939
243.443	98.097	120.946
243.450	98.525	120.949
243.488	98.991	120.939
243.521	99.486	120.959
243.521	99.986	120.957
243.513	100.469	120.903
243.508	100.910	120.882
243.528	101.352	120.848
243.514	101.293	120.549
243.537	101.217	120.660
243.568	101.110	120.847
243.628	101.007	120.869
243.640	100.874	120.845
243.649	100.709	120.773
243.672	100.556	120.736
243.664	100.370	120.742
243.646	100.141	120.745
243.620	99.922	120.768
243.597	99.662	120.790
243.551	99.357	120.845
243.517	99.055	120.885
243.506	98.702	120.884
243.490	98.359	120.859
243.474	98.021	120.850
243.463	97.715	120.895
243.460	97.430	120.898
243.456	97.186	120.900
243.436	96.951	120.886
243.422	96.742	120.901
243.416	96.566	120.906
243.420	96.463	120.921
243.438	96.442	120.924
243.478	96.474	120.896
243.489	96.527	120.890
243.500	96.650	120.871
243.526	96.851	120.875
243.493	97.083	120.897
243.474	97.366	120.908
243.448	97.711	120.902
243.419	98.063	120.886
243.429	98.482	120.924
243.423	98.930	120.943
243.431	99.397	120.948
243.436	99.896	120.935
243.441	100.378	120.908
243.446	100.824	120.882
243.458	101.295	120.872
243.447	101.294	120.594
243.458	101.232	120.656
243.478	101.157	120.815
243.574	101.073	120.869
243.604	100.963	120.869
243.644	100.822	120.791
243.666	100.679	120.744
243.669	100.514	120.736
243.687	100.331	120.745
243.694	100.110	120.760
243.669	99.869	120.756
243.639	99.584	120.798
243.610	99.275	120.822
243.576	98.932	120.857
243.535	98.582	120.875
243.512	98.212	120.866
243.500	97.858	120.854
243.495	97.542	120.883
243.475	97.229	120.898
243.466	96.959	120.893
243.461	96.716	120.911
243.440	96.500	120.893
243.437	96.351	120.922
243.438	96.273	120.934
243.433	96.272	120.915
243.450	96.331	120.903
243.478	96.431	120.906
243.473	96.568	120.900
243.494	96.787	120.904
243.484	97.065	120.900
243.475	97.381	120.884
243.454	97.754	120.875
243.439	98.144	120.881
243.415	98.578	120.896
243.411	99.048	120.926
243.403	99.550	120.963
243.405	100.066	120.944
243.418	100.534	120.890
243.432	100.987	120.884
243.429	101.337	120.854
243.421	101.278	120.573
243.439	101.221	120.681
243.454	101.101	120.892
243.516	101.016	120.896
243.541	100.888	120.828
243.576	100.721	120.772
243.616	100.565	120.722
243.663	100.365	120.746
243.693	100.136	120.758
243.699	99.889	120.761
243.690	99.615	120.784
243.668	99.302	120.816
243.665	98.967	120.847
243.643	98.608	120.853
243.606	98.243	120.870
243.547	97.894	120.848
243.530	97.566	120.868
243.510	97.275	120.894
243.490	96.998	120.888
243.487	96.765	120.912
243.471	96.551	120.910
243.467	96.391	120.926
243.448	96.305	120.925
243.446	96.305	120.906
243.463	96.359	120.917
243.446	96.413	120.906
243.461	96.560	120.900
243.458	96.757	120.913
243.452	97.013	120.890
243.451	97.315	120.893
243.451	97.678	120.873
243.452	98.055	120.860
243.448	98.485	120.876
243.432	98.936	120.886
243.415	99.428	120.909
243.410	99.947	120.922
243.402	100.438	120.893
243.398	100.897	120.892
243.403	101.333	120.885
243.391	101.280	120.572
243.400	101.207	120.696
243.411	101.107	120.897
243.476	101.033	120.926
243.478	100.903	120.874
243.502	100.760	120.798
243.532	100.608	120.746
243.569	100.452	120.739
243.594	100.233	120.751
243.636	100.006	120.761
243.657	99.776	120.774
243.678	99.489	120.807
243.695	99.177	120.852
243.691	98.841	120.858
243.668	98.487	120.842
243.648	98.148	120.828
243.621	97.819	120.823
243.591	97.516	120.857
243.554	97.222	120.859
243.530	96.971	120.864
243.505	96.741	120.903
243.497	96.549	120.931
243.484	96.397	120.907
243.481	96.335	120.911
243.474	96.344	120.910
243.474	96.401	120.895
243.475	96.499	120.894
243.464	96.654	120.911
243.451	96.864	120.927
243.449	97.132	120.903
243.438	97.443	120.881
243.424	97.798	120.860
243.419	98.181	120.857
243.421	98.613	120.871
243.423	99.081	120.889
243.408	99.570	120.896
243.402	100.082	120.912
243.407	100.555	120.884
243.398	101.028	120.882
243.390	101.333	120.856
243.380	101.256	120.603
243.388	101.192	120.738
243.387	101.072	120.938
243.396	100.976	120.958
243.408	100.862	120.844
243.423	100.712	120.772
243.499	100.589	120.744
243.521	100.410	120.721
243.543	100.197	120.741
243.566	99.962	120.752
243.600	99.719	120.790
243.614	99.410	120.801
243.630	99.108	120.847
243.655	98.755	120.861
243.665	98.389	120.857
243.659	98.036	120.834
243.632	97.680	120.827
243.616	97.368	120.858
243.586	97.066	120.875
243.575	96.800	120.874
243.561	96.550	120.883
243.531	96.345	120.905
243.524	96.231	120.928
243.529	96.195	120.938
243.503	96.201	120.880
243.490	96.267	120.865
243.501	96.383	120.903
243.497	96.549	120.914
243.469	96.781	120.925
243.463	97.072	120.902
243.462	97.407	120.876
243.446	97.775	120.850
243.424	98.162	120.845
243.419	98.628	120.878
243.411	99.108	120.911
243.392	99.624	120.917
243.376	100.134	120.895
243.369	100.617	120.886
243.375	101.087	120.885
243.363	101.313	120.802
243.358	101.229	120.620
243.367	101.168	120.753
243.372	101.051	120.947
243.370	100.951	120.958
243.375	100.814	120.829
243.381	100.667	120.760
243.457	100.543	120.749
243.477	100.370	120.739
243.514	100.157	120.748
243.543	99.939	120.775
243.560	99.684	120.791
243.559	99.389	120.815
243.597	99.089	120.851
243.598	98.748	120.853
243.614	98.425	120.858
243.609	98.072	120.842
243.608	97.756	120.834
243.608	97.461	120.858
243.593	97.180	120.855
243.593	96.936	120.861
243.586	96.724	120.880
243.572	96.531	120.895
243.567	96.411	120.917
243.569	96.375	120.911
243.547	96.382	120.872
243.526	96.442	120.862
243.523	96.561	120.873
243.509	96.736	120.895
243.502	96.974	120.911
243.473	97.238	120.897
243.470	97.561	120.863
243.470	97.940	120.852
243.456	98.322	120.849
243.449	98.773	120.867
243.437	99.247	120.893
243.410	99.748	120.905
243.384	100.243	120.892
243.368	100.715	120.896
243.356	101.184	120.887
243.341	101.290	120.699
243.338	101.209	120.689
243.347	101.136	120.833
243.364	101.014	120.949
243.362	100.899	120.942
243.361	100.774	120.827
243.363	100.621	120.753
243.376	100.473	120.734
243.400	100.294	120.742
243.460	100.115	120.749
243.496	99.892	120.759
243.511	99.621	120.798
243.533	99.339	120.828
243.546	99.027	120.868
243.556	98.692	120.861
243.561	98.341	120.849
243.554	97.988	120.840
243.557	97.657	120.851
243.564	97.358	120.849
243.550	97.077	120.862
243.545	96.837	120.861
243.566	96.628	120.877
243.575	96.438	120.897
243.582	96.335	120.906
243.604	96.312	120.917
243.590	96.335	120.881
243.579	96.407	120.873
243.571	96.540	120.875
243.552	96.722	120.885
243.558	96.994	120.870
243.523	97.285	120.872
243.513	97.646	120.848
243.494	98.021	120.849
243.482	98.452	120.859
243.471	98.908	120.874
243.462	99.391	120.888
243.447	99.904	120.907
243.420	100.398	120.906
243.398	100.853	120.903
243.365	101.295	120.894
243.341	101.261	120.605
243.323	101.185	120.712
243.320	101.100	120.926
243.317	100.972	120.941
243.318	100.859	120.913
243.324	100.702	120.828
243.339	100.538	120.763
243.420	100.379	120.753
243.436	100.165	120.770
243.471	99.921	120.767
243.488	99.665	120.784
243.488	99.355	120.807
243.499	99.027	120.849
243.500	98.676	120.884
243.521	98.326	120.871
243.523	97.970	120.869
243.532	97.640	120.882
243.543	97.340	120.873
243.536	97.070	120.864
243.532	96.827	120.883
243.521	96.603	120.895
243.514	96.437	120.901
243.522	96.334	120.897
243.547	96.327	120.929
243.552	96.347	120.899
243.571	96.426	120.870
243.575	96.552	120.882
243.576	96.743	120.876
243.589	97.014	120.879
243.593	97.341	120.876
243.572	97.688	120.856
243.548	98.063	120.817
243.559	98.506	120.830
243.550	98.968	120.835
243.530	99.454	120.856
243.512	99.973	120.856
243.494	100.461	120.867
243.471	100.917	120.875
243.446	101.298	120.889
243.411	101.244	120.618
243.389	101.183	120.740
243.364	101.070	120.954
243.363	100.980	120.996
243.353	100.861	120.923
243.350	100.705	120.844
243.342	100.561	120.771
243.335	100.365	120.764
243.342	100.152	120.755
243.421	99.957	120.785
243.430	99.701	120.806
243.455	99.398	120.809
243.503	99.090	120.880
243.504	98.749	120.868
243.508	98.397	120.862
243.510	98.051	120.855
243.515	97.736	120.874
243.515	97.441	120.887
243.515	97.177	120.887
243.523	96.950	120.900
243.527	96.728	120.887
243.504	96.544	120.896
243.511	96.442	120.920
243.523	96.411	120.896
243.525	96.432	120.881
243.538	96.506	120.872
243.532	96.635	120.886
243.541	96.812	120.872
243.547	97.061	120.877
243.545	97.351	120.879
243.544	97.695	120.844
243.539	98.061	120.828
243.562	98.487	120.824
243.563	98.928	120.818
243.574	99.396	120.823
243.569	99.896	120.811
243.564	100.379	120.820
243.559	100.833	120.850
243.551	101.272	120.857
243.482	101.233	120.612
243.442	101.155	120.742
243.425	101.054	120.926
243.400	100.940	120.977
243.398	100.815	120.950
243.399	100.670	120.872
243.396	100.504	120.805
243.388	100.332	120.796
243.389	100.131	120.788
243.445	99.944	120.791
243.438	99.701	120.791
243.425	99.420	120.792
243.438	99.118	120.837
243.444	98.778	120.858
243.458	98.444	120.864
243.476	98.094	120.875
243.492	97.791	120.889
243.510	97.503	120.894
243.521	97.240	120.895
243.529	96.997	120.890
243.517	96.773	120.891
243.507	96.591	120.902
243.509	96.462	120.908
243.500	96.420	120.927
243.510	96.431	120.907
243.521	96.504	120.880
243.510	96.590	120.851
243.534	96.780	120.879
243.523	96.997	120.877
243.527	97.287	120.866
243.525	97.613	120.850
243.531	97.980	120.821
243.534	98.382	120.815
243.532	98.817	120.826
243.546	99.281	120.820
243.573	99.772	120.800
243.579	100.256	120.780
243.597	100.702	120.795
243.610	101.159	120.808
243.557	101.251	120.689
243.526	101.167	120.695
243.495	101.064	120.828
243.468	100.920	120.930
243.448	100.775	120.961
243.434	100.625	120.885
243.432	100.446	120.854
243.421	100.265	120.839
243.436	100.056	120.826
243.419	99.825	120.796
243.420	99.580	120.800
243.473	99.328	120.830
243.466	99.028	120.849
243.464	98.697	120.851
243.464	98.366	120.854
243.474	98.037	120.861
243.472	97.752	120.885
243.483	97.494	120.881
243.486	97.257	120.902
243.508	97.057	120.901
243.521	96.862	120.903
243.508	96.679	120.896
243.523	96.572	120.909
243.518	96.525	120.916
243.518	96.546	120.898
243.494	96.599	120.885
243.496	96.693	120.888
243.492	96.843	120.881
243.505	97.062	120.885
243.501	97.325	120.883
243.505	97.641	120.867
243.517	97.990	120.839
243.523	98.370	120.828
243.527	98.782	120.843
243.522	99.226	120.820
243.536	99.700	120.811
243.553	100.179	120.790
243.568	100.621	120.781
243.592	101.067	120.771
243.586	101.294	120.731
243.573	101.213	120.605
243.552	101.120	120.742
243.531	100.973	120.932
243.519	100.837	120.952
243.512	100.685	120.886
243.497	100.509	120.852
243.482	100.332	120.841
243.467	100.123	120.849
243.461	99.875	120.843
243.440	99.634	120.848
243.438	99.361	120.852
243.486	99.061	120.847
243.484	98.726	120.857
243.482	98.378	120.848
243.490	98.034	120.868
243.490	97.717	120.867
243.493	97.448	120.862
243.485	97.184	120.866
243.492	96.962	120.899
243.484	96.734	120.917
243.486	96.548	120.930
243.490	96.409	120.932
243.521	96.376	120.937
243.530	96.371	120.913
243.530	96.428	120.905
243.525	96.526	120.902
243.501	96.678	120.889
243.497	96.911	120.898
243.490	97.206	120.896
243.492	97.537	120.887
243.499	97.884	120.862
243.520	98.291	120.867
243.507	98.710	120.838
243.515	99.186	120.837
243.524	99.666	120.830
243.528	100.154	120.800
243.538	100.618	120.782
243.551	101.061	120.767
243.553	101.301	120.709
243.531	101.215	120.549
243.535	101.119	120.657
243.542	100.968	120.867
243.556	100.815	120.925
243.563	100.662	120.885
243.548	100.450	120.856
243.535	100.250	120.835
243.527	100.028	120.849
243.522	99.778	120.867
243.498	99.493	120.873
243.535	99.233	120.885
243.505	98.900	120.904
243.502	98.557	120.898
243.503	98.201	120.899
243.506	97.859	120.874
243.513	97.544	120.876
243.511	97.275	120.880
243.521	97.038	120.903
243.510	96.824	120.899
243.499	96.617	120.912
243.500	96.462	120.940
243.477	96.365	120.921
243.476	96.355	120.926
243.487	96.387	120.917
243.497	96.445	120.913
243.521	96.577	120.918
243.525	96.769	120.913
243.514	97.032	120.909
243.499	97.341	120.890
243.497	97.687	120.869
243.497	98.070	120.867
243.490	98.478	120.860
243.504	98.945	120.871
243.498	99.407	120.865
243.510	99.911	120.832
243.510	100.396	120.788
243.531	100.836	120.776
243.555	101.291	120.774
243.518	101.271	120.547
243.511	101.177	120.617
243.511	101.063	120.765
243.522	100.918	120.827
243.525	100.776	120.856
243.537	100.581	120.804
243.546	100.392	120.785
243.568	100.185	120.813
243.554	99.955	120.856
243.540	99.705	120.886
243.513	99.408	120.886
243.523	99.111	120.917
243.573	98.799	120.952
243.542	98.438	120.920
243.529	98.065	120.916
243.530	97.738	120.908
243.518	97.436	120.900
243.506	97.166	120.893
243.503	96.911	120.893
243.508	96.695	120.896
243.517	96.494	120.933
243.515	96.350	120.947
243.510	96.276	120.939
243.500	96.279	120.909
243.502	96.311	120.896
243.490	96.382	120.902
243.487	96.521	120.904
243.495	96.730	120.912
243.498	97.009	120.907
243.501	97.321	120.902
243.500	97.682	120.882
243.503	98.076	120.872
243.515	98.507	120.850
243.513	98.972	120.876
243.517	99.464	120.888
243.505	99.966	120.851
243.491	100.438	120.803
243.493	100.892	120.798
243.510	101.337	120.802
243.486	101.271	120.518
243.486	101.184	120.633
243.485	101.056	120.826
243.493	100.912	120.844
243.500	100.761	120.821
243.510	100.574	120.762
243.517	100.385	120.732
243.522	100.190	120.767
243.527	99.940	120.788
243.527	99.699	120.837
243.530	99.405	120.883
243.529	99.100	120.917
243.521	98.755	120.941
243.518	98.405	120.963
243.561	98.064	120.968
243.571	97.728	120.937
243.553	97.425	120.916
243.538	97.154	120.911
243.529	96.915	120.917
243.510	96.675	120.936
243.515	96.480	120.960
243.511	96.318	120.948
243.522	96.252	120.941
243.527	96.241	120.924
243.536	96.273	120.911
243.539	96.351	120.910
243.519	96.483	120.897
243.512	96.700	120.893
243.493	96.957	120.894
243.483	97.272	120.897
243.475	97.634	120.896
243.463	98.015	120.878
243.477	98.451	120.871
243.494	98.913	120.880
243.514	99.411	120.872
243.505	99.919	120.869
243.485	100.402	120.823
243.479	100.866	120.823
243.484	101.330	120.811
243.452	101.291	120.533
243.448	101.200	120.627
243.449	101.083	120.827
243.469	100.943	120.870
243.476	100.800	120.862
243.482	100.625	120.772
243.489	100.432	120.703
243.500	100.239	120.712
243.503	99.991	120.746
243.501	99.757	120.787
243.487	99.477	120.823
243.496	99.187	120.882
243.493	98.848	120.930
243.507	98.502	120.954
243.564	98.168	120.994
243.563	97.821	120.982
243.565	97.494	120.970
243.557	97.199	120.959
243.570	96.935	120.940
243.550	96.690	120.942
243.526	96.459	120.929
243.516	96.287	120.938
243.524	96.200	120.952
243.531	96.180	120.941
243.531	96.200	120.920
243.556	96.275	120.901
243.565	96.406	120.914
243.540	96.589	120.902
243.527	96.852	120.890
243.517	97.178	120.898
243.503	97.533	120.871
243.467	97.927	120.869
243.464	98.367	120.861
243.436	98.824	120.870
243.444	99.321	120.883
243.471	99.850	120.855
243.468	100.346	120.841
243.477	100.822	120.840
243.487	101.289	120.826
243.451	101.304	120.566
243.442	101.213	120.628
243.429	101.105	120.792
243.420	100.976	120.878
243.434	100.844	120.905
243.441	100.674	120.792
243.450	100.509	120.719
243.473	100.320	120.705
243.489	100.119	120.724
243.489	99.878	120.740
243.495	99.633	120.767
243.480	99.356	120.836
243.475	99.049	120.874
243.463	98.706	120.908
243.474	98.361	120.935
243.522	98.039	120.971
243.538	97.719	120.967
243.547	97.410	120.972
243.564	97.153	120.989
243.563	96.904	120.985
243.563	96.676	120.975
243.560	96.474	120.954
243.565	96.350	120.950
243.554	96.281	120.934
243.552	96.301	120.915
243.555	96.342	120.904
243.561	96.462	120.904
243.551	96.632	120.905
243.552	96.870	120.886
243.542	97.180	120.887
243.532	97.520	120.885
243.502	97.890	120.862
243.503	98.314	120.859
243.490	98.778	120.870
243.471	99.267	120.881
243.431	99.779	120.874
243.420	100.293	120.855
243.422	100.754	120.840
243.436	101.231	120.845
243.426	101.319	120.636
243.432	101.235	120.633
243.433	101.155	120.775
243.438	101.048	120.901
243.420	100.907	120.920
243.414	100.769	120.813
243.415	100.616	120.755
243.425	100.446	120.732
243.446	100.257	120.732
243.458	100.038	120.729
243.471	99.788	120.731
243.472	99.518	120.782
243.463	99.216	120.821
243.453	98.890	120.864
243.450	98.539	120.881
243.437	98.173	120.906
243.482	97.858	120.952
243.494	97.529	120.977
243.504	97.219	120.976
243.539	96.960	121.014
243.556	96.703	121.020
243.565	96.485	120.986
243.584	96.301	120.988
243.589	96.217	120.968
243.601	96.209	120.960
243.617	96.246	120.931
243.616	96.333	120.903
243.598	96.492	120.913
243.581	96.713	120.897
243.572	97.007	120.891
243.557	97.343	120.920
243.552	97.735	120.878
243.540	98.147	120.855
243.528	98.616	120.844
243.503	99.105	120.866
243.499	99.622	120.881
243.460	100.154	120.857
243.430	100.655	120.838
243.423	101.130	120.822
243.403	101.332	120.712
243.387	101.211	120.609
243.401	101.099	120.751
243.404	100.946	120.935
243.419	100.803	120.952
243.415	100.651	120.818
243.419	100.488	120.768
243.416	100.312	120.759
243.429	100.116	120.764
243.438	99.903	120.758
243.439	99.668	120.746
243.455	99.422	120.773
243.449	99.133	120.798
243.445	98.823	120.814
243.446	98.506	120.850
243.435	98.162	120.842
243.420	97.848	120.870
243.481	97.593	120.916
243.490	97.305	120.960
243.499	97.069	120.997
243.512	96.843	121.027
243.515	96.620	121.019
243.544	96.463	121.031
243.555	96.365	121.013
243.593	96.348	120.986
243.615	96.386	120.955
243.605	96.462	120.925
243.607	96.593	120.932
243.617	96.806	120.915
243.626	97.091	120.907
243.594	97.408	120.870
243.571	97.778	120.853
243.565	98.176	120.849
243.552	98.614	120.847
243.546	99.104	120.863
243.524	99.608	120.841
243.508	100.117	120.831
243.490	100.615	120.819
243.453	101.074	120.837
243.434	101.352	120.789
243.428	101.265	120.559
243.409	101.167	120.680
243.408	101.032	120.932
243.403	100.916	120.963
243.400	100.781	120.847
243.393	100.606	120.801
243.401	100.449	120.769
243.401	100.248	120.766
243.423	100.025	120.789
243.427	99.780	120.776
243.432	99.507	120.771
243.435	99.223	120.802
243.433	98.897	120.803
243.426	98.562	120.843
243.421	98.202	120.833
243.412	97.877	120.843
243.411	97.551	120.857
243.456	97.300	120.902
243.496	97.067	120.940
243.507	96.831	120.985
243.500	96.608	121.009
243.510	96.438	121.018
243.518	96.345	121.029
243.543	96.333	121.039
243.562	96.355	120.996
243.581	96.445	120.961
243.619	96.589	120.955
243.623	96.812	120.941
243.622	97.086	120.931
243.624	97.432	120.898
243.619	97.793	120.848
243.614	98.202	120.853
243.608	98.666	120.835
243.573	99.142	120.823
243.559	99.658	120.827
243.543	100.177	120.819
243.538	100.677	120.815
243.515	101.133	120.800
243.479	101.358	120.699
243.435	101.279	120.586
243.433	101.191	120.702
243.426	101.083	120.909
243.421	100.966	120.961
243.410	100.834	120.851
243.404	100.675	120.792
243.390	100.515	120.772
243.384	100.312	120.778
243.382	100.084	120.796
243.399	99.840	120.807
243.403	99.551	120.828
243.417	99.241	120.825
243.418	98.900	120.822
243.429	98.545	120.830
243.417	98.179	120.814
243.407	97.826	120.829
243.406	97.502	120.851
243.396	97.211	120.862
243.401	96.953	120.871
243.406	96.714	120.899
243.483	96.543	120.941
243.486	96.373	120.983
243.499	96.297	121.017
243.511	96.298	121.036
243.535	96.342	121.023
243.543	96.426	120.992
243.552	96.588	121.002
243.565	96.811	120.984
243.584	97.108	120.957
243.597	97.446	120.930
243.602	97.823	120.891
243.621	98.234	120.877
243.608	98.693	120.858
243.618	99.195	120.856
243.627	99.712	120.841
243.607	100.242	120.836
243.571	100.726	120.776
243.564	101.215	120.788
243.514	101.333	120.626
243.482	101.208	120.587
243.456	101.090	120.724
243.452	100.930	120.898
243.442	100.760	120.919
243.443	100.592	120.835
243.433	100.402	120.812
243.434	100.212	120.802
243.424	99.996	120.808
243.398	99.772	120.798
243.394	99.527	120.819
243.375	99.240	120.838
243.376	98.935	120.852
243.387	98.620	120.886
243.395	98.282	120.871
243.412	97.967	120.847
243.419	97.679	120.834
243.429	97.418	120.843
243.420	97.182	120.847
243.401	96.973	120.860
243.403	96.786	120.877
243.390	96.617	120.890
243.447	96.543	120.923
243.475	96.532	120.961
243.486	96.558	120.956
243.514	96.634	120.963
243.515	96.749	120.990
243.527	96.948	121.011
243.518	97.174	121.001
243.516	97.469	120.994
243.527	97.822	120.963
243.543	98.195	120.906
243.555	98.625	120.878
243.581	99.088	120.873
243.618	99.561	120.839
243.624	100.073	120.834
243.617	100.567	120.817
243.617	101.036	120.807
243.613	101.357	120.766
243.579	101.254	120.537
243.537	101.127	120.636
243.530	100.996	120.846
243.507	100.846	120.891
243.493	100.709	120.842
243.475	100.523	120.811
243.483	100.389	120.765
243.472	100.201	120.784
243.516	100.030	120.827
243.501	99.817	120.850
243.470	99.574	120.855
243.452	99.291	120.864
243.424	98.980	120.858
243.405	98.652	120.872
243.390	98.329	120.868
243.392	97.999	120.857
243.403	97.733	120.864
243.414	97.466	120.855
243.415	97.222	120.870
243.417	97.000	120.871
243.411	96.788	120.867
243.397	96.622	120.869
243.456	96.550	120.901
243.459	96.534	120.908
243.455	96.564	120.917
243.465	96.639	120.918
243.489	96.787	120.951
243.506	96.971	120.988
243.500	97.203	120.988
243.499	97.508	120.983
243.485	97.843	120.967
243.503	98.217	120.959
243.513	98.642	120.935
243.530	99.094	120.915
243.543	99.564	120.878
243.569	100.062	120.845
243.594	100.544	120.815
243.614	101.005	120.812
243.619	101.363	120.784
243.576	101.267	120.528
243.569	101.183	120.638
243.600	101.075	120.834
243.595	100.952	120.864
243.564	100.802	120.806
243.550	100.652	120.770
243.527	100.510	120.778
243.505	100.348	120.798
243.495	100.141	120.794
243.532	99.933	120.800
243.522	99.690	120.845
243.493	99.391	120.863
243.474	99.082	120.893
243.482	98.752	120.890
243.460	98.408	120.865
243.426	98.055	120.855
243.416	97.758	120.882
243.403	97.443	120.880
243.396	97.185	120.884
243.398	96.934	120.875
243.419	96.715	120.883
243.421	96.510	120.877
243.427	96.408	120.904
243.433	96.356	120.895
243.426	96.390	120.891
243.482	96.479	120.893
243.479	96.604	120.924
243.485	96.792	120.952
243.485	97.020	120.970
243.484	97.310	120.981
243.498	97.648	120.986
243.490	98.014	120.983
243.502	98.419	120.950
243.516	98.886	120.961
243.525	99.362	120.940
243.520	99.856	120.905
243.530	100.347	120.860
243.557	100.808	120.835
243.586	101.264	120.805
243.597	101.340	120.626
243.605	101.229	120.643
243.617	101.139	120.776
243.619	101.000	120.846
243.641	100.864	120.875
243.649	100.694	120.794
243.620	100.502	120.746
243.615	100.323	120.749
243.569	100.086	120.789
243.568	99.855	120.802
243.538	99.572	120.815
243.537	99.284	120.865
243.522	98.937	120.883
243.519	98.591	120.909
243.504	98.217	120.904
243.482	97.857	120.882
243.459	97.533	120.881
243.458	97.264	120.892
243.435	97.007	120.881
243.411	96.756	120.890
243.398	96.536	120.893
243.418	96.377	120.918
243.428	96.280	120.915
243.484	96.289	120.922
243.493	96.314	120.903
243.474	96.355	120.892
243.461	96.468	120.910
243.477	96.671	120.923
243.479	96.930	120.939
243.471	97.230	120.953
243.479	97.568	120.967
243.467	97.944	120.974
243.479	98.360	120.967
243.486	98.810	120.953
243.497	99.308	120.985
243.490	99.812	120.944
243.500	100.303	120.882
243.509	100.767	120.848
243.541	101.234	120.841
243.527	101.332	120.673
243.546	101.256	120.623
243.576	101.167	120.743
243.626	101.043	120.865
243.663	100.903	120.898
243.679	100.754	120.804
243.678	100.572	120.745
243.683	100.392	120.731
243.674	100.158	120.760
243.661	99.931	120.776
243.604	99.678	120.800
243.574	99.391	120.848
243.547	99.079	120.861
243.533	98.742	120.895
243.530	98.406	120.915
243.503	98.061	120.881
243.490	97.744	120.862
243.471	97.462	120.868
243.460	97.223	120.880
243.450	97.004	120.881
243.422	96.799	120.904
243.412	96.639	120.913
243.401	96.529	120.917
243.441	96.506	120.913
243.446	96.519	120.897
243.462	96.580	120.891
243.466	96.681	120.879
243.497	96.864	120.903
243.479	97.104	120.924
243.457	97.364	120.934
243.438	97.688	120.929
243.455	98.056	120.933
243.460	98.467	120.955
243.454	98.890	120.956
243.469	99.356	120.950
243.463	99.850	120.950
243.464	100.337	120.925
243.459	100.803	120.882
243.473	101.255	120.853
243.456	101.338	120.619
243.513	101.279	120.628
243.528	101.205	120.765
243.565	101.098	120.885
243.597	101.004	120.892
243.615	100.855	120.790
243.651	100.713	120.727
243.683	100.568	120.731
243.698	100.384	120.756
243.700	100.173	120.768
243.666	99.931	120.774
243.669	99.669	120.799
243.630	99.371	120.854
243.607	99.039	120.869
243.570	98.672	120.850
243.545	98.303	120.871
243.511	97.938	120.885
243.494	97.583	120.864
243.485	97.267	120.874
243.475	96.985	120.870
243.453	96.720	120.890
243.445	96.496	120.899
243.435	96.309	120.926
243.437	96.221	120.916
243.461	96.224	120.922
243.457	96.243	120.881
243.466	96.321	120.887
243.468	96.442	120.901
243.463	96.637	120.920
243.475	96.914	120.927
243.473	97.224	120.931
243.475	97.581	120.930
243.463	97.969	120.929
243.478	98.416	120.944
243.449	98.866	120.954
243.459	99.371	120.964
243.441	99.893	120.957
243.433	100.386	120.916
243.433	100.849	120.881
243.429	101.321	120.855
243.415	101.313	120.557
243.434	101.238	120.633
243.448	101.143	120.822
243.518	101.047	120.877
243.538	100.910	120.877
243.579	100.748	120.793
243.603	100.574	120.736
243.640	100.398	120.740
243.681	100.160	120.748
243.699	99.915	120.777
243.710	99.653	120.795
243.691	99.356	120.832
243.672	99.036	120.875
243.649	98.692	120.871
243.628	98.312	120.861
243.593	97.962	120.850
243.559	97.636	120.851
243.525	97.318	120.884
243.514	97.063	120.895
243.490	96.807	120.898
243.461	96.570	120.888
243.449	96.387	120.898
243.454	96.265	120.925
243.467	96.246	120.938
243.465	96.266	120.929
243.462	96.306	120.885
243.471	96.414	120.898
243.466	96.592	120.908
243.447	96.821	120.922
243.423	97.099	120.908
243.426	97.447	120.928
243.405	97.802	120.922
243.409	98.202	120.931
243.414	98.665	120.948
243.413	99.147	120.954
243.398	99.650	120.933
243.391	100.163	120.920
243.390	100.641	120.883
243.390	101.115	120.873
243.377	101.332	120.771
243.371	101.268	120.591
243.390	101.206	120.686
243.451	101.116	120.881
243.479	101.028	120.921
243.498	100.894	120.812
243.513	100.732	120.757
243.543	100.583	120.741
243.578	100.412	120.758
243.610	100.188	120.753
243.627	99.953	120.761
243.640	99.682	120.796
243.666	99.376	120.847
243.669	99.045	120.861
243.668	98.700	120.881
243.654	98.330	120.854
243.616	97.969	120.830
243.607	97.626	120.838
243.594	97.320	120.883
243.563	97.042	120.874
243.535	96.785	120.875
243.498	96.543	120.884
243.498	96.373	120.907
243.478	96.277	120.904
243.466	96.250	120.915
243.471	96.276	120.898
243.473	96.348	120.880
243.485	96.464	120.898
243.468	96.654	120.909
243.451	96.886	120.911
243.438	97.186	120.906
243.426	97.535	120.911
243.404	97.902	120.910
243.398	98.318	120.922
243.379	98.771	120.943
243.378	99.256	120.963
243.381	99.768	120.946
243.373	100.272	120.920
243.382	100.745	120.890
243.384	101.216	120.871
243.358	101.310	120.640
243.356	101.248	120.639
243.365	101.175	120.758
243.382	101.065	120.887
243.391	100.963	120.905
243.401	100.813	120.787
243.425	100.669	120.739
243.513	100.549	120.747
243.537	100.351	120.747
243.556	100.126	120.761
243.571	99.886	120.787
243.585	99.583	120.811
243.598	99.286	120.858
243.603	98.940	120.870
243.612	98.574	120.862
243.613	98.207	120.869
243.609	97.839	120.839
243.614	97.498	120.842
243.603	97.181	120.873
243.595	96.900	120.880
243.570	96.613	120.892
243.560	96.384	120.884
243.546	96.217	120.894
243.534	96.128	120.907
243.514	96.125	120.896
243.508	96.176	120.904
243.500	96.264	120.910
243.494	96.414	120.911
243.509	96.648	120.906
243.501	96.937	120.904
243.477	97.250	120.912
243.465	97.610	120.909
243.434	98.003	120.907
243.419	98.447	120.916
243.405	98.936	120.950
243.384	99.455	120.975
243.364	99.966	120.951
243.352	100.480	120.916
243.345	100.945	120.902
243.336	101.338	120.866
243.334	101.269	120.543
243.345	101.194	120.667
243.362	101.081	120.897
243.417	100.990	120.910
243.434	100.867	120.847
243.427	100.710	120.790
243.440	100.553	120.740
243.459	100.378	120.745
243.492	100.186	120.765
243.520	99.952	120.785
243.534	99.696	120.803
243.544	99.408	120.836
243.553	99.105	120.859
243.561	98.765	120.859
243.576	98.436	120.868
243.551	98.096	120.848
243.544	97.775	120.846
243.549	97.481	120.855
243.569	97.219	120.866
243.576	96.992	120.878
243.573	96.769	120.883
243.568	96.576	120.877
243.573	96.458	120.889
243.579	96.417	120.889
243.566	96.431	120.877
243.562	96.493	120.870
243.541	96.594	120.873
243.526	96.772	120.870
243.505	97.001	120.868
243.480	97.277	120.884
243.477	97.617	120.896
243.450	97.970	120.886
243.444	98.389	120.884
243.431	98.832	120.917
243.414	99.319	120.960
243.393	99.820	120.955
243.367	100.322	120.934
243.356	100.788	120.919
243.349	101.264	120.900
243.329	101.285	120.609
243.316	101.204	120.675
243.318	101.117	120.853
243.320	101.029	120.922
243.329	100.926	120.912
243.346	100.806	120.802
243.368	100.687	120.737
243.390	100.562	120.738
243.415	100.406	120.743
243.474	100.267	120.773
243.473	100.051	120.784
243.500	99.806	120.820
243.492	99.527	120.848
243.526	99.222	120.880
243.511	98.868	120.875
243.524	98.534	120.856
243.522	98.145	120.848
243.511	97.807	120.854
243.528	97.488	120.855
243.523	97.188	120.867
243.535	96.925	120.882
243.527	96.671	120.887
243.538	96.465	120.901
243.555	96.332	120.907
243.553	96.264	120.888
243.569	96.286	120.869
243.581	96.344	120.869
243.582	96.459	120.889
243.573	96.621	120.909
243.554	96.861	120.901
243.540	97.152	120.883
243.538	97.498	120.868
243.509	97.870	120.861
243.484	98.277	120.873
243.458	98.726	120.919
243.451	99.224	120.968
243.422	99.720	120.986
243.406	100.239	120.954
243.389	100.712	120.915
243.386	101.188	120.905
243.364	101.300	120.717
243.351	101.219	120.672
243.342	101.142	120.801
243.344	101.036	120.911
243.329	100.929	120.918
243.334	100.802	120.797
243.338	100.669	120.744
243.363	100.540	120.744
243.386	100.392	120.759
243.407	100.197	120.771
243.483	100.010	120.786
243.498	99.759	120.814
243.509	99.477	120.854
243.505	99.172	120.867
243.504	98.842	120.881
243.500	98.485	120.870
243.497	98.127	120.869
243.496	97.796	120.886
243.495	97.480	120.871
243.497	97.185	120.882
243.510	96.927	120.868
243.507	96.699	120.873
243.517	96.509	120.898
243.526	96.386	120.901
243.539	96.341	120.905
243.545	96.367	120.882
243.552	96.435	120.860
243.564	96.561	120.875
243.576	96.754	120.880
243.583	96.992	120.874
243.582	97.285	120.872
243.579	97.627	120.840
243.548	98.009	120.843
243.546	98.430	120.860
243.537	98.885	120.901
243.503	99.369	120.929
243.475	99.876	120.947
243.448	100.371	120.927
243.431	100.835	120.917
243.418	101.285	120.916
243.384	101.258	120.606
243.383	101.178	120.692
243.381	101.100	120.891
243.382	100.996	120.928
243.366	100.882	120.894
243.359	100.757	120.809
243.361	100.618	120.729
243.413	100.513	120.741
243.421	100.333	120.760
243.436	100.139	120.773
243.443	99.913	120.800
243.453	99.646	120.832
243.481	99.345	120.855
243.501	99.043	120.889
243.499	98.692	120.891
243.494	98.344	120.856
243.479	98.002	120.877
243.489	97.703	120.884
243.473	97.405	120.884
243.466	97.161	120.881
243.477	96.939	120.866
243.489	96.754	120.876
243.489	96.604	120.889
243.512	96.519	120.919
243.518	96.509	120.885
243.530	96.551	120.856
243.529	96.655	120.849
243.545	96.812	120.867
243.552	97.004	120.873
243.543	97.237	120.873
243.552	97.552	120.857
243.557	97.904	120.834
243.568	98.286	120.835
243.575	98.722	120.855
243.572	99.176	120.873
243.552	99.670	120.915
243.533	100.145	120.910
243.536	100.630	120.918
243.513	101.094	120.914
243.460	101.301	120.808
243.432	101.224	120.657
243.425	101.172	120.798
243.410	101.065	120.954
243.412	100.964	120.966
243.415	100.842	120.839
243.405	100.714	120.769
243.405	100.580	120.749
243.464	100.457	120.766
243.443	100.268	120.763
243.446	100.052	120.766
243.446	99.815	120.792
243.436	99.525	120.829
243.460	99.215	120.894
243.452	98.857	120.895
243.475	98.514	120.896
243.478	98.126	120.890
243.486	97.785	120.902
243.501	97.455	120.896
243.493	97.164	120.888
243.484	96.889	120.893
243.464	96.638	120.893
243.475	96.458	120.923
243.491	96.331	120.937
243.495	96.284	120.920
243.520	96.312	120.896
243.529	96.391	120.877
243.536	96.511	120.877
243.550	96.684	120.891
243.540	96.925	120.880
243.540	97.216	120.868
243.537	97.555	120.859
243.530	97.922	120.820
243.546	98.338	120.830
243.545	98.792	120.838
243.559	99.270	120.858
243.568	99.765	120.884
243.571	100.251	120.887
243.559	100.710	120.894
243.550	101.171	120.890
243.514	101.268	120.739
243.482	101.143	120.719
243.452	101.019	120.844
243.448	100.864	120.944
243.438	100.700	120.955
243.434	100.530	120.852
243.434	100.325	120.794
243.434	100.152	120.767
243.506	99.976	120.771
243.490	99.742	120.762
243.504	99.502	120.791
243.494	99.222	120.825
243.481	98.921	120.852
243.485	98.618	120.890
243.482	98.287	120.895
243.465	97.985	120.902
243.481	97.717	120.888
243.478	97.478	120.893
243.490	97.279	120.906
243.510	97.094	120.902
243.492	96.926	120.900
243.483	96.791	120.913
243.471	96.701	120.905
243.473	96.686	120.887
243.485	96.718	120.893
243.498	96.797	120.900
243.508	96.907	120.885
243.504	97.062	120.874
243.508	97.274	120.872
243.523	97.539	120.872
243.505	97.843	120.851
243.506	98.191	120.833
243.517	98.591	120.817
243.529	99.019	120.818
243.527	99.457	120.792
243.549	99.935	120.794
243.565	100.406	120.808
243.580	100.843	120.845
243.590	101.269	120.872
243.562	101.231	120.660
243.531	101.157	120.769
243.507	101.037	120.915
243.507	100.906	120.961
243.499	100.779	120.948
243.480	100.626	120.877
243.475	100.474	120.798
243.458	100.313	120.792
243.449	100.107	120.793
243.500	99.930	120.802
243.496	99.692	120.785
243.500	99.418	120.788
243.499	99.124	120.826
243.494	98.794	120.869
243.501	98.464	120.860
243.481	98.110	120.870
243.468	97.804	120.894
243.470	97.504	120.895
243.468	97.229	120.907
243.479	96.972	120.924
243.488	96.740	120.921
243.499	96.529	120.943
243.497	96.378	120.937
243.508	96.327	120.927
243.515	96.323	120.913
243.529	96.370	120.896
243.534	96.470	120.902
243.519	96.619	120.912
243.517	96.861	120.908
243.522	97.147	120.899
243.506	97.454	120.883
243.502	97.813	120.845
243.510	98.212	120.828
243.511	98.651	120.818
243.525	99.125	120.815
243.543	99.615	120.813
243.543	100.096	120.793
243.553	100.571	120.787
243.570	101.026	120.794
243.557	101.289	120.794
243.545	101.202	120.639
243.531	101.102	120.780
243.515	100.942	120.967
243.505	100.792	120.977
243.518	100.633	120.910
243.518	100.430	120.875
243.506	100.227	120.842
243.488	100.013	120.820
243.483	99.762	120.802
243.463	99.499	120.829
243.509	99.244	120.841
243.503	98.918	120.830
243.519	98.585	120.847
243.527	98.234	120.871
243.517	97.897	120.885
243.524	97.603	120.887
243.518	97.338	120.905
243.513	97.115	120.899
243.501	96.917	120.902
243.473	96.712	120.921
243.491	96.570	120.942
243.481	96.465	120.938
243.494	96.451	120.939
243.505	96.472	120.932
243.515	96.540	120.898
243.512	96.643	120.887
243.527	96.831	120.908
243.523	97.060	120.924
243.504	97.342	120.899
243.506	97.688	120.879
243.498	98.044	120.858
243.514	98.453	120.847
243.502	98.867	120.856
243.527	99.343	120.849
243.540	99.821	120.811
243.550	100.306	120.782
243.563	100.737	120.754
243.583	101.185	120.753
243.553	101.262	120.630
243.540	101.171	120.646
243.530	101.070	120.770
243.536	100.929	120.907
243.551	100.761	120.966
243.549	100.591	120.890
243.537	100.398	120.848
243.539	100.199	120.858
243.536	99.963	120.877
243.524	99.706	120.858
243.563	99.467	120.853
243.542	99.176	120.871
243.514	98.833	120.883
243.526	98.488	120.883
243.516	98.130	120.884
243.522	97.793	120.855
243.542	97.495	120.866
243.535	97.216	120.898
243.532	96.972	120.893
243.511	96.741	120.898
243.513	96.540	120.915
243.505	96.389	120.924
243.487	96.304	120.920
243.495	96.300	120.931
243.497	96.331	120.929
243.504	96.405	120.931
243.508	96.535	120.924
243.515	96.732	120.905
243.530	97.013	120.908
243.518	97.323	120.905
243.520	97.675	120.885
243.512	98.057	120.879
243.515	98.492	120.874
243.499	98.943	120.870
243.511	99.431	120.872
243.513	99.908	120.831
243.525	100.394	120.791
243.540	100.840	120.768
243.569	101.282	120.745
243.528	101.249	120.533
243.508	101.154	120.620
243.505	101.027	120.784
243.502	100.878	120.850
243.520	100.711	120.877
243.534	100.510	120.845
243.554	100.302	120.827
243.567	100.077	120.861
243.555	99.826	120.887
243.534	99.567	120.918
243.545	99.266	120.920
243.585	98.965	120.934
243.564	98.622	120.914
243.547	98.257	120.895
243.539	97.899	120.890
243.540	97.573	120.888
243.544	97.284	120.906
243.550	97.040	120.872
243.556	96.814	120.888
243.557	96.607	120.913
243.535	96.423	120.919
243.526	96.329	120.927
243.513	96.292	120.923
243.507	96.316	120.908
243.502	96.358	120.912
243.495	96.455	120.918
243.498	96.622	120.938
243.487	96.859	120.932
243.489	97.138	120.902
243.498	97.475	120.880
243.512	97.834	120.881
243.518	98.238	120.866
243.529	98.689	120.872
243.526	99.165	120.885
243.506	99.647	120.869
243.504	100.130	120.826
243.500	100.580	120.798
243.522	101.031	120.806
243.527	101.322	120.763
243.518	101.225	120.528
243.512	101.137	120.624
243.507	100.990	120.820
243.519	100.850	120.862
243.517	100.685	120.802
243.513	100.494	120.786
243.520	100.304	120.767
243.527	100.074	120.809
243.536	99.821	120.848
243.552	99.539	120.897
243.544	99.251	120.930
243.533	98.926	120.960
243.586	98.605	120.986
243.596	98.239	120.989
243.580	97.879	120.931
243.559	97.549	120.890
243.541	97.242	120.888
243.543	96.993	120.886
243.547	96.756	120.914
243.545	96.528	120.923
243.558	96.353	120.925
243.558	96.235	120.938
243.554	96.203	120.921
243.553	96.223	120.917
243.538	96.263	120.907
243.536	96.356	120.908
243.517	96.525	120.909
243.490	96.765	120.896
243.477	97.070	120.907
243.457	97.394	120.922
243.461	97.771	120.887
243.476	98.172	120.877
243.497	98.619	120.877
243.524	99.113	120.898
243.520	99.613	120.877
243.512	100.116	120.834
243.489	100.593	120.806
243.489	101.056	120.817
243.487	101.326	120.783
243.474	101.247	120.548
243.482	101.147	120.653
243.486	101.006	120.856
243.507	100.867	120.854
243.511	100.709	120.784
243.502	100.522	120.740
243.505	100.337	120.731
243.500	100.115	120.748
243.499	99.875	120.789
243.497	99.613	120.838
243.491	99.315	120.881
243.505	99.014	120.941
243.513	98.660	120.961
243.580	98.336	121.006
243.553	97.980	120.998
243.554	97.653	120.959
243.565	97.354	120.939
243.564	97.089	120.907
243.557	96.861	120.928
243.541	96.626	120.920
243.547	96.445	120.930
243.547	96.321	120.937
243.547	96.275	120.929
243.552	96.280	120.923
243.560	96.327	120.903
243.562	96.426	120.898
243.548	96.580	120.900
243.531	96.831	120.888
243.519	97.126	120.892
243.497	97.460	120.887
243.454	97.838	120.895
243.454	98.242	120.878
243.448	98.686	120.875
243.457	99.157	120.883
243.473	99.675	120.884
243.480	100.162	120.862
243.476	100.634	120.823
243.486	101.109	120.828
243.466	101.338	120.740
243.441	101.246	120.562
243.438	101.162	120.689
243.440	101.021	120.906
243.454	100.883	120.914
243.469	100.729	120.792
243.477	100.548	120.735
243.493	100.379	120.709
243.493	100.161	120.718
243.496	99.927	120.739
243.481	99.677	120.768
243.474	99.387	120.814
243.468	99.089	120.873
243.467	98.736	120.929
243.480	98.375	120.964
243.535	98.035	120.998
243.555	97.680	120.989
243.570	97.366	120.994
243.566	97.070	120.985
243.578	96.797	120.974
243.577	96.533	120.960
243.590	96.306	120.965
243.576	96.154	120.951
243.577	96.076	120.935
243.563	96.068	120.913
243.576	96.117	120.923
243.577	96.211	120.922
243.581	96.381	120.907
243.572	96.608	120.897
243.567	96.913	120.894
243.538	97.247	120.903
243.515	97.632	120.884
243.486	98.059	120.868
243.475	98.544	120.872
243.439	99.031	120.894
243.434	99.557	120.877
243.431	100.072	120.864
243.438	100.580	120.852
243.438	101.044	120.856
243.442	101.349	120.804
243.432	101.256	120.546
243.426	101.142	120.654
243.426	101.003	120.887
243.423	100.875	120.928
243.421	100.719	120.828
243.434	100.544	120.773
243.450	100.361	120.719
243.456	100.158	120.728
243.479	99.938	120.729
243.481	99.696	120.756
243.470	99.426	120.775
243.466	99.148	120.819
243.446	98.816	120.864
243.451	98.488	120.900
243.491	98.175	120.938
243.506	97.865	120.956
243.515	97.562	120.972
243.527	97.310	120.985
243.567	97.072	121.031
243.571	96.854	121.006
243.574	96.662	120.975
243.569	96.495	120.954
243.577	96.419	120.955
243.603	96.421	120.933
243.601	96.441	120.911
243.576	96.516	120.896
243.575	96.650	120.879
243.576	96.863	120.915
243.572	97.122	120.918
243.553	97.445	120.898
243.539	97.790	120.855
243.526	98.187	120.859
243.513	98.625	120.847
243.501	99.090	120.865
243.458	99.581	120.879
243.443	100.090	120.849
243.432	100.572	120.838
243.414	101.026	120.838
243.410	101.363	120.829
243.406	101.282	120.571
243.421	101.191	120.694
243.427	101.067	120.926
243.432	100.950	120.932
243.434	100.817	120.843
243.426	100.676	120.800
243.423	100.527	120.756
243.433	100.347	120.734
243.441	100.140	120.731
243.452	99.900	120.742
243.460	99.651	120.762
243.459	99.350	120.794
243.447	99.038	120.828
243.448	98.699	120.854
243.435	98.329	120.855
243.420	97.963	120.885
243.485	97.661	120.936
243.486	97.321	120.977
243.511	97.044	120.996
243.525	96.772	121.021
243.540	96.509	121.023
243.557	96.303	121.029
243.594	96.172	121.018
243.604	96.116	121.001
243.616	96.132	120.950
243.624	96.200	120.929
243.626	96.309	120.912
243.636	96.523	120.930
243.593	96.782	120.899
243.587	97.107	120.884
243.573	97.483	120.877
243.558	97.906	120.868
243.552	98.350	120.854
243.536	98.850	120.853
243.519	99.370	120.855
243.497	99.909	120.850
243.448	100.440	120.847
243.431	100.905	120.820
243.426	101.364	120.826
243.401	101.278	120.522
243.397	101.164	120.686
243.399	101.028	120.928
243.407	100.887	120.932
243.407	100.733	120.886
243.404	100.536	120.818
243.423	100.358	120.768
243.421	100.146	120.770
243.435	99.914	120.771
243.441	99.670	120.761
243.440	99.414	120.762
243.433	99.129	120.807
243.438	98.826	120.837
243.423	98.505	120.839
243.426	98.181	120.840
243.415	97.880	120.843
243.412	97.606	120.863
243.426	97.364	120.903
243.490	97.186	120.942
243.511	97.018	120.991
243.519	96.849	121.021
243.517	96.719	121.015
243.540	96.649	121.024
243.555	96.640	121.007
243.583	96.689	120.981
243.609	96.785	120.940
243.612	96.924	120.914
243.613	97.121	120.924
243.608	97.384	120.904
243.606	97.694	120.877
243.600	98.051	120.870
243.591	98.458	120.852
243.578	98.896	120.840
243.561	99.348	120.834
243.547	99.848	120.831
243.537	100.337	120.816
243.503	100.801	120.802
243.484	101.272	120.811
243.442	101.319	120.580
243.432	101.211	120.638
243.430	101.100	120.805
243.467	101.002	120.949
243.442	100.869	120.955
243.430	100.740	120.851
243.423	100.610	120.789
243.407	100.458	120.771
243.404	100.284	120.785
243.412	100.089	120.804
243.428	99.866	120.798
243.433	99.609	120.811
243.437	99.313	120.810
243.430	98.997	120.820
243.427	98.654	120.824
243.413	98.298	120.820
243.406	97.941	120.828
243.402	97.595	120.841
243.408	97.272	120.865
243.468	97.012	120.904
243.484	96.740	120.930
243.491	96.492	120.968
243.509	96.303	121.017
243.516	96.180	121.037
243.540	96.147	121.057
243.556	96.189	121.020
243.559	96.246	121.010
243.595	96.405	120.978
243.612	96.609	120.976
243.625	96.900	120.952
243.624	97.231	120.913
243.611	97.611	120.860
243.617	98.036	120.855
243.620	98.502	120.844
243.610	99.018	120.853
243.586	99.537	120.838
243.559	100.065	120.820
243.541	100.579	120.797
243.515	101.070	120.798
243.492	101.345	120.749
243.452	101.247	120.519
243.435	101.137	120.649
243.433	101.004	120.902
243.466	100.893	120.970
243.458	100.730	120.891
243.455	100.555	120.843
243.426	100.368	120.793
243.418	100.186	120.793
243.410	99.955	120.796
243.399	99.705	120.802
243.405	99.461	120.838
243.415	99.160	120.845
243.425	98.847	120.853
243.426	98.527	120.843
243.426	98.192	120.829
243.418	97.888	120.837
243.413	97.627	120.848
243.406	97.391	120.853
243.399	97.186	120.861
243.400	96.997	120.874
243.408	96.835	120.906
243.459	96.737	120.938
243.492	96.669	120.993
243.503	96.676	120.993
243.515	96.718	120.993
243.533	96.830	121.024
243.531	96.959	121.018
243.529	97.150	120.996
243.536	97.394	120.982
243.552	97.689	120.937
243.586	98.045	120.908
243.601	98.423	120.874
243.617	98.854	120.857
243.624	99.314	120.849
243.622	99.809	120.812
243.628	100.295	120.802
243.617	100.773	120.804
243.603	101.256	120.785
243.561	101.334	120.597
243.525	101.264	120.596
243.500	101.181	120.746
243.481	101.075	120.887
243.462	100.970	120.904
243.456	100.866	120.810
243.447	100.759	120.777
243.440	100.628	120.793
243.434	100.474	120.815
243.413	100.292	120.807
243.404	100.087	120.799
243.392	99.849	120.816
243.370	99.570	120.844
243.377	99.242	120.861
243.386	98.913	120.856
243.395	98.554	120.838
243.411	98.170	120.825
243.420	97.801	120.841
243.418	97.443	120.837
243.410	97.134	120.855
243.410	96.839	120.867
243.405	96.574	120.880
243.411	96.374	120.909
243.480	96.257	120.961
243.492	96.207	120.980
243.506	96.213	120.970
243.515	96.277	120.996
243.542	96.390	121.027
243.531	96.555	121.049
243.550	96.801	121.040
243.539	97.098	120.993
243.538	97.450	120.954
243.545	97.833	120.923
243.559	98.253	120.890
243.590	98.722	120.883
243.622	99.221	120.874
243.635	99.739	120.863
243.629	100.269	120.832
243.621	100.748	120.810
243.637	101.228	120.787
243.579	101.303	120.603
243.566	101.207	120.598
243.526	101.075	120.734
243.510	100.924	120.877
243.480	100.758	120.911
243.477	100.587	120.838
243.475	100.393	120.777
243.478	100.226	120.785
243.474	100.008	120.813
243.464	99.793	120.836
243.437	99.541	120.828
243.418	99.278	120.848
243.402	98.978	120.839
243.389	98.658	120.858
243.381	98.348	120.859
243.386	98.040	120.866
243.395	97.791	120.857
243.420	97.569	120.853
243.430	97.383	120.858
243.430	97.197	120.857
243.421	97.037	120.858
243.412	96.900	120.861
243.407	96.818	120.879
243.449	96.823	120.906
243.464	96.856	120.913
243.468	96.908	120.925
243.480	97.018	120.925
243.501	97.177	120.969
243.498	97.353	120.982
243.512	97.614	120.995
243.497	97.901	120.977
243.532	98.257	120.970
243.526	98.624	120.955
243.546	99.054	120.922
243.546	99.486	120.870
243.574	99.954	120.831
243.605	100.421	120.809
243.631	100.872	120.810
243.638	101.309	120.794
243.604	101.295	120.557
243.621	101.249	120.622
243.618	101.149	120.785
243.620	101.063	120.845
243.587	100.961	120.838
243.551	100.833	120.785
243.521	100.741	120.763
243.507	100.625	120.778
243.497	100.486	120.773
243.481	100.319	120.792
243.479	100.122	120.804
243.462	99.886	120.818
243.444	99.619	120.841
243.426	99.300	120.834
243.404	98.969	120.831
243.386	98.601	120.835
243.373	98.210	120.848
243.375	97.857	120.868
243.371	97.498	120.860
243.382	97.174	120.859
243.399	96.873	120.868
243.415	96.583	120.870
243.424	96.350	120.895
243.427	96.185	120.909
243.489	96.134	120.923
243.474	96.124	120.915
243.486	96.180	120.944
243.495	96.285	120.972
243.500	96.427	121.006
243.502	96.645	121.020
243.501	96.944	120.994
243.508	97.281	120.976
243.519	97.665	120.953
243.506	98.078	120.967
243.510	98.544	120.935
243.537	99.053	120.950
243.532	99.558	120.903
243.566	100.103	120.861
243.575	100.608	120.809
243.595	101.090	120.794
243.592	101.354	120.731
243.569	101.251	120.553
243.585	101.149	120.677
243.598	100.994	120.867
243.622	100.837	120.908
243.617	100.670	120.814
243.590	100.485	120.765
243.554	100.295	120.773
243.538	100.086	120.777
243.530	99.873	120.783
243.508	99.635	120.817
243.525	99.396	120.841
243.518	99.112	120.871
243.492	98.799	120.891
243.497	98.490	120.892
243.472	98.166	120.873
243.443	97.893	120.880
243.431	97.657	120.868
243.415	97.446	120.875
243.397	97.260	120.865
243.391	97.087	120.874
243.408	96.939	120.888
243.412	96.822	120.886
243.408	96.765	120.891
243.418	96.779	120.884
243.422	96.825	120.879
243.465	96.938	120.886
243.485	97.091	120.923
243.473	97.261	120.955
243.477	97.485	120.981
243.466	97.758	120.983
243.472	98.074	120.985
243.493	98.433	120.965
243.505	98.843	120.947
243.514	99.283	120.937
243.517	99.752	120.900
243.526	100.212	120.854
243.530	100.661	120.843
243.557	101.112	120.827
243.583	101.365	120.737
243.588	101.301	120.556
243.604	101.230	120.663
243.647	101.143	120.868
243.656	101.057	120.888
243.664	100.954	120.804
243.672	100.835	120.761
243.655	100.709	120.726
243.627	100.552	120.754
243.584	100.376	120.747
243.580	100.186	120.787
243.542	99.933	120.803
243.522	99.653	120.849
243.506	99.344	120.872
243.521	99.019	120.877
243.501	98.650	120.858
243.479	98.249	120.838
243.452	97.863	120.851
243.427	97.498	120.877
243.416	97.160	120.876
243.427	96.872	120.873
243.427	96.598	120.886
243.431	96.349	120.914
243.463	96.188	120.933
243.488	96.107	120.914
243.503	96.103	120.903
243.499	96.143	120.907
243.516	96.230	120.925
243.513	96.375	120.962
243.495	96.586	120.962
243.495	96.860	120.967
243.498	97.192	120.972
243.492	97.558	120.966
243.477	97.966	120.963
243.496	98.434	120.966
243.499	98.915	120.966
243.506	99.447	120.936
243.492	99.971	120.881
243.509	100.494	120.840
243.518	100.974	120.818
243.535	101.372	120.787
243.530	101.281	120.485
243.563	101.191	120.629
243.616	101.078	120.872
243.664	100.950	120.892
243.693	100.797	120.836
243.693	100.621	120.787
243.698	100.461	120.741
243.690	100.254	120.758
243.684	100.025	120.770
243.649	99.802	120.786
243.614	99.539	120.783
243.586	99.257	120.820
243.560	98.947	120.889
243.545	98.625	120.913
243.531	98.292	120.889
243.488	97.960	120.833
243.482	97.690	120.838
243.454	97.407	120.844
243.441	97.200	120.866
243.419	96.985	120.883
243.400	96.790	120.882
243.404	96.654	120.896
243.427	96.587	120.892
243.439	96.576	120.887
243.445	96.622	120.884
243.455	96.685	120.863
243.458	96.824	120.893
243.496	97.045	120.909
243.478	97.270	120.945
243.463	97.551	120.953
243.443	97.871	120.965
243.478	98.262	120.968
243.463	98.673	120.954
243.469	99.113	120.942
243.476	99.605	120.969
243.460	100.086	120.898
243.467	100.572	120.863
243.475	101.021	120.847
243.487	101.372	120.823
243.485	101.316	120.517
243.494	101.227	120.636
243.541	101.147	120.880
243.566	101.063	120.896
243.593	100.956	120.816
243.635	100.821	120.773
243.643	100.689	120.727
243.682	100.547	120.752
243.704	100.374	120.764
243.700	100.173	120.778
243.676	99.938	120.801
243.651	99.667	120.821
243.629	99.361	120.842
243.608	99.049	120.860
243.564	98.682	120.852
243.538	98.317	120.851
243.498	97.931	120.863
243.469	97.591	120.870
243.466	97.275	120.865
243.450	96.998	120.850
243.434	96.738	120.885
243.424	96.525	120.910
243.443	96.362	120.933
243.448	96.285	120.925
243.442	96.277	120.902
243.469	96.332	120.889
243.475	96.422	120.899
243.464	96.551	120.921
243.453	96.750	120.936
243.456	97.013	120.948
243.454	97.346	120.951
243.475	97.717	120.952
243.460	98.098	120.944
243.476	98.551	120.952
243.467	99.015	120.947
243.459	99.521	120.979
243.448	100.040	120.944
243.436	100.527	120.886
243.424	100.982	120.847
243.419	101.386	120.820
243.424	101.315	120.525
243.449	101.205	120.647
243.494	101.100	120.873
243.534	100.981	120.878
243.550	100.849	120.831
243.583	100.681	120.787
243.617	100.514	120.747
243.647	100.321	120.752
243.662	100.075	120.764
243.697	99.842	120.780
243.706	99.570	120.806
243.674	99.268	120.857
243.668	98.947	120.873
243.650	98.599	120.855
243.639	98.251	120.856
243.597	97.910	120.862
243.559	97.579	120.838
243.512	97.280	120.858
243.501	97.030	120.868
243.485	96.785	120.883
243.461	96.549	120.888
243.450	96.388	120.902
243.456	96.296	120.926
243.461	96.275	120.919
243.481	96.308	120.899
243.469	96.363	120.878
243.462	96.493	120.891
243.471	96.695	120.895
243.454	96.935	120.917
243.440	97.232	120.925
243.437	97.582	120.939
243.420	97.948	120.945
243.432	98.370	120.955
243.461	98.838	120.952
243.455	99.317	120.948
243.446	99.838	120.955
243.425	100.334	120.907
243.413	100.805	120.868
243.395	101.279	120.844
243.378	101.304	120.576
243.385	101.221	120.628
243.402	101.131	120.794
243.427	101.017	120.866
243.488	100.920	120.879
243.507	100.776	120.783
243.542	100.624	120.722
243.566	100.457	120.727
243.602	100.270	120.757
243.616	100.040	120.781
243.637	99.800	120.778
243.656	99.519	120.821
243.654	99.214	120.867
243.661	98.885	120.876
243.660	98.512	120.862
243.657	98.171	120.852
243.641	97.832	120.843
243.605	97.507	120.847
243.583	97.205	120.856
243.572	96.950	120.861
243.525	96.696	120.861
243.497	96.486	120.867
243.492	96.346	120.903
243.477	96.272	120.915
243.471	96.266	120.893
243.483	96.308	120.872
243.492	96.413	120.879
243.471	96.544	120.880
243.465	96.761	120.906
243.452	97.034	120.914
243.430	97.350	120.912
243.415	97.703	120.914
243.406	98.089	120.915
243.395	98.529	120.946
243.392	98.999	120.943
243.367	99.488	120.941
243.376	100.008	120.944
243.381	100.501	120.903
243.381	100.950	120.879
243.367	101.333	120.835
243.350	101.270	120.519
243.362	101.205	120.648
243.369	101.087	120.867
243.431	101.007	120.888
243.446	100.889	120.835
243.450	100.739	120.776
243.489	100.608	120.739
243.518	100.452	120.750
243.538	100.238	120.759
243.559	100.018	120.776
243.574	99.778	120.802
243.577	99.483	120.820
243.599	99.177	120.862
243.596	98.831	120.878
243.595	98.474	120.854
243.594	98.116	120.826
243.595	97.780	120.838
243.604	97.460	120.866
243.602	97.144	120.876
243.594	96.880	120.880
243.568	96.619	120.890
243.547	96.413	120.870
243.537	96.267	120.884
243.535	96.216	120.894
243.513	96.233	120.881
243.496	96.275	120.860
243.491	96.393	120.881
243.499	96.558	120.888
243.488	96.810	120.911
243.475	97.094	120.906
243.456	97.426	120.912
243.432	97.799	120.924
243.416	98.200	120.926
243.399	98.659	120.949
243.391	99.146	120.961
243.361	99.657	120.958
243.344	100.179	120.940
243.333	100.661	120.915
243.331	101.135	120.886
243.311	101.303	120.731
243.318	101.244	120.613
243.336	101.172	120.728
243.355	101.057	120.891
243.364	100.954	120.911
243.381	100.819	120.790
243.383	100.681	120.743
243.458	100.554	120.758
243.474	100.375	120.765
243.494	100.171	120.769
243.520	99.947	120.792
243.535	99.686	120.833
243.543	99.388	120.857
243.570	99.092	120.885
243.565	98.740	120.869
243.553	98.397	120.870
243.535	98.043	120.838
243.543	97.712	120.844
243.549	97.418	120.870
243.566	97.151	120.881
243.573	96.919	120.881
243.553	96.693	120.862
243.556	96.507	120.875
243.567	96.395	120.888
243.576	96.370	120.886
243.559	96.394	120.885
243.560	96.475	120.875
243.566	96.606	120.866
243.561	96.790	120.883
243.535	97.032	120.893
243.501	97.335	120.897
243.484	97.677	120.898
243.459	98.055	120.905
243.454	98.485	120.921
243.435	98.938	120.943
243.416	99.429	120.968
243.404	99.927	120.962
243.383	100.425	120.930
243.372	100.881	120.904
243.357	101.309	120.879
243.331	101.255	120.546
243.314	101.194	120.657
243.323	101.110	120.894
243.323	101.010	120.907
243.336	100.895	120.850
243.354	100.767	120.794
243.373	100.647	120.735
243.399	100.500	120.750
243.419	100.326	120.745
243.490	100.161	120.790
243.502	99.941	120.808
243.506	99.663	120.830
243.513	99.380	120.868
243.527	99.062	120.885
243.521	98.709	120.872
243.518	98.367	120.858
243.498	98.008	120.848
243.526	97.680	120.851
243.533	97.386	120.867
243.532	97.121	120.870
243.533	96.884	120.879
243.518	96.680	120.875
243.533	96.516	120.882
243.542	96.413	120.885
243.549	96.403	120.876
243.556	96.440	120.857
243.571	96.535	120.851
243.585	96.687	120.873
243.587	96.883	120.882
243.569	97.141	120.886
243.560	97.451	120.878
243.541	97.807	120.858
243.531	98.212	120.881
243.498	98.647	120.894
243.470	99.110	120.924
243.450	99.605	120.971
243.431	100.112	120.961
243.417	100.585	120.920
243.408	101.058	120.910
243.398	101.302	120.822
243.378	101.223	120.625
243.364	101.157	120.745
243.360	101.052	120.924
243.350	100.961	120.932
243.344	100.839	120.806
243.346	100.726	120.760
243.354	100.619	120.737
243.366	100.481	120.757
243.384	100.310	120.767
243.452	100.151	120.787
243.488	99.934	120.828
243.497	99.672	120.849
243.509	99.384	120.869
243.511	99.065	120.878
243.498	98.722	120.860
243.498	98.375	120.855
243.481	98.007	120.870
243.480	97.696	120.868
243.492	97.387	120.878
243.497	97.118	120.874
243.517	96.897	120.880
243.513	96.680	120.887
243.504	96.507	120.879
243.518	96.426	120.887
243.527	96.406	120.877
243.540	96.459	120.861
243.537	96.542	120.858
243.545	96.683	120.871
243.562	96.886	120.869
243.559	97.136	120.873
243.566	97.446	120.846
243.562	97.798	120.840
243.566	98.200	120.874
243.539	98.612	120.887
243.522	99.089	120.926
243.519	99.559	120.959
243.493	100.066	120.943
243.464	100.539	120.902
243.445	101.003	120.907
243.428	101.297	120.861
243.415	101.240	120.621
243.420	101.175	120.731
243.396	101.062	120.916
243.391	100.956	120.926
243.388	100.856	120.841
243.427	100.732	120.801
243.430	100.602	120.753
243.418	100.449	120.759
243.427	100.272	120.760
243.430	100.061	120.775
243.440	99.815	120.818
243.442	99.547	120.855
243.473	99.247	120.892
243.486	98.913	120.891
243.489	98.567	120.894
243.495	98.226	120.884
243.484	97.888	120.891
243.479	97.582	120.890
243.464	97.295	120.874
243.475	97.053	120.867
243.477	96.836	120.883
243.492	96.662	120.900
243.506	96.524	120.915
243.507	96.451	120.902
243.523	96.472	120.872
243.539	96.536	120.856
243.530	96.649	120.851
243.540	96.811	120.868
243.531	97.024	120.880
243.527	97.289	120.874
243.538	97.624	120.848
243.536	97.979	120.830
243.550	98.397	120.841
243.561	98.828	120.870
243.560	99.298	120.902
243.551	99.799	120.939
243.542	100.280	120.940
243.524	100.739	120.911
243.524	101.206	120.901
243.489	101.267	120.684
243.469	101.187	120.707
243.450	101.105	120.842
243.439	100.991	120.924
243.428	100.867	120.927
243.425	100.738	120.829
243.429	100.599	120.745
243.429	100.464	120.736
243.475	100.319	120.756
243.468	100.116	120.762
243.473	99.911	120.795
243.460	99.652	120.824
243.468	99.375	120.868
243.458	99.049	120.898
243.455	98.712	120.890
243.462	98.378	120.890
243.458	98.030	120.880
243.486	97.728	120.899
243.495	97.429	120.892
243.487	97.174	120.894
243.492	96.936	120.894
243.480	96.712	120.892
243.486	96.558	120.907
243.504	96.452	120.943
243.511	96.436	120.906
243.518	96.483	120.893
243.536	96.568	120.869
243.549	96.714	120.874
243.531	96.900	120.875
243.551	97.160	120.884
243.537	97.462	120.864
243.535	97.814	120.836
243.532	98.190	120.829
243.535	98.622	120.832
243.539	99.079	120.852
243.545	99.558	120.875
243.560	100.054	120.903
243.561	100.526	120.913
243.567	100.996	120.909
243.539	101.298	120.870
243.507	101.230	120.647
243.503	101.139	120.760
243.486	101.011	120.937
243.472	100.897	120.936
243.462	100.757	120.837
243.457	100.605	120.792
243.454	100.447	120.761
243.449	100.267	120.747
243.511	100.091	120.757
243.504	99.868	120.770
243.498	99.615	120.791
243.494	99.331	120.838
243.490	99.021	120.867
243.482	98.695	120.869
243.466	98.347	120.880
243.449	98.019	120.872
243.456	97.714	120.900
243.458	97.435	120.900
243.479	97.190	120.905
243.489	96.972	120.899
243.472	96.763	120.896
243.483	96.599	120.905
243.489	96.496	120.907
243.514	96.473	120.922
243.507	96.498	120.899
243.515	96.581	120.890
243.523	96.706	120.865
243.516	96.881	120.865
243.519	97.126	120.878
243.521	97.415	120.863
243.522	97.748	120.845
243.519	98.110	120.810
243.529	98.528	120.810
243.525	98.968	120.804
243.538	99.438	120.820
243.543	99.931	120.838
243.550	100.422	120.845
243.563	100.866	120.866
243.579	101.287	120.889
243.548	101.246	120.638
243.520	101.160	120.768
243.503	101.043	120.935
243.518	100.920	120.966
243.518	100.789	120.931
243.501	100.615	120.841
243.486	100.450	120.773
243.472	100.271	120.764
243.462	100.049	120.780
243.530	99.840	120.776
243.521	99.580	120.761
243.517	99.296	120.792
243.511	98.976	120.839
243.510	98.631	120.876
243.521	98.281	120.898
243.488	97.930	120.877
243.480	97.629	120.891
243.466	97.338	120.898
243.462	97.089	120.897
243.465	96.846	120.915
243.476	96.640	120.929
243.472	96.464	120.945
243.493	96.363	120.943
243.510	96.338	120.915
243.525	96.355	120.918
243.528	96.417	120.896
243.514	96.524	120.901
243.510	96.710	120.897
243.513	96.969	120.899
243.510	97.265	120.899
243.502	97.592	120.878
243.497	97.959	120.832
243.509	98.371	120.829
243.517	98.810	120.814
243.522	99.292	120.819
243.538	99.797	120.802
243.543	100.282	120.795
243.551	100.742	120.811
243.561	101.188	120.824
243.543	101.263	120.694
243.533	101.167	120.724
243.533	101.075	120.863
243.529	100.921	120.960
243.519	100.763	120.982
243.533	100.582	120.888
243.540	100.399	120.821
243.530	100.180	120.804
243.519	99.952	120.794
243.559	99.724	120.786
243.547	99.455	120.790
243.532	99.159	120.825
243.543	98.836	120.852
243.535	98.488	120.852
243.530	98.136	120.874
243.530	97.815	120.871
243.528	97.541	120.886
243.508	97.280	120.899
243.499	97.066	120.878
243.489	96.884	120.896
243.464	96.685	120.908
243.471	96.567	120.942
243.462	96.489	120.947
243.473	96.495	120.929
243.498	96.533	120.900
243.519	96.613	120.899
243.526	96.744	120.901
243.525	96.945	120.899
243.511	97.198	120.906
243.509	97.508	120.900
243.500	97.858	120.861
243.489	98.218	120.854
243.496	98.646	120.845
243.513	99.092	120.840
243.526	99.559	120.819
243.540	100.059	120.791
243.555	100.522	120.754
243.567	100.969	120.757
243.566	101.311	120.760
243.527	101.221	120.551
243.521	101.124	120.677
243.514	100.986	120.901
243.534	100.856	120.962
243.560	100.687	120.916
243.555	100.504	120.879
243.560	100.327	120.854
243.558	100.115	120.864
243.562	99.899	120.856
243.557	99.640	120.837
243.571	99.395	120.825
243.558	99.105	120.839
243.559	98.770	120.864
243.551	98.423	120.871
243.549	98.081	120.875
243.555	97.771	120.855
243.556	97.481	120.864
243.547	97.222	120.888
243.539	96.988	120.892
243.530	96.765	120.916
243.507	96.560	120.915
243.486	96.418	120.918
243.480	96.361	120.923
243.471	96.360	120.923
243.478	96.407	120.917
243.486	96.480	120.913
243.508	96.628	120.906
243.511	96.835	120.890
243.533	97.122	120.905
243.522	97.431	120.888
243.505	97.781	120.864
243.503	98.154	120.846
243.498	98.592	120.840
243.489	99.038	120.851
243.496	99.511	120.839
243.518	100.008	120.813
243.528	100.456	120.765
243.536	100.908	120.758
243.571	101.308	120.732
243.513	101.232	120.519
243.501	101.126	120.626
243.484	101.009	120.819
243.491	100.867	120.872
243.505	100.713	120.867
243.520	100.515	120.852
243.541	100.308	120.826
243.555	100.091	120.854
243.562	99.846	120.876
243.550	99.577	120.903
243.546	99.280	120.896
243.610	98.993	120.900
243.593	98.635	120.891
243.573	98.265	120.883
243.560	97.906	120.858
243.571	97.591	120.859
243.559	97.305	120.872
243.562	97.042	120.870
243.576	96.827	120.894
243.554	96.596	120.892
243.535	96.413	120.914
243.520	96.292	120.914
243.520	96.261	120.928
243.505	96.285	120.906
243.501	96.326	120.900
243.488	96.408	120.914
243.471	96.567	120.921
243.464	96.789	120.905
243.479	97.070	120.890
243.495	97.398	120.902
243.507	97.761	120.894
243.524	98.162	120.877
243.523	98.596	120.867
243.512	99.065	120.871
243.497	99.553	120.871
243.495	100.036	120.820
243.494	100.511	120.797
243.505	100.955	120.797
243.535	101.329	120.773
243.513	101.250	120.507
243.510	101.158	120.613
243.499	101.027	120.810
243.499	100.888	120.845
243.498	100.744	120.829
243.491	100.562	120.803
243.502	100.374	120.783
243.507	100.163	120.823
243.519	99.919	120.847
243.530	99.665	120.890
243.534	99.369	120.921
243.609	99.087	120.965
243.598	98.745	120.952
243.605	98.378	120.930
243.598	98.015	120.905
243.591	97.692	120.875
243.581	97.396	120.873
243.571	97.120	120.872
243.574	96.877	120.883
243.573	96.646	120.936
243.564	96.453	120.946
243.559	96.307	120.934
243.548	96.232	120.902
243.550	96.239	120.916
243.546	96.280	120.917
243.528	96.350	120.910
243.512	96.483	120.908
243.487	96.703	120.904
243.464	96.990	120.910
243.452	97.295	120.908
243.456	97.652	120.881
243.471	98.032	120.881
243.499	98.475	120.885
243.515	98.936	120.887
243.505	99.430	120.862
243.510	99.944	120.838
243.493	100.430	120.814
243.482	100.890	120.803
243.498	101.335	120.807
243.482	101.275	120.510
243.490	101.199	120.616
243.482	101.078	120.797
243.499	100.948	120.838
243.499	100.816	120.823
243.496	100.646	120.767
243.494	100.471	120.738
243.486	100.283	120.747
243.496	100.065	120.800
243.493	99.831	120.865
243.492	99.555	120.886
243.500	99.241	120.917
243.567	98.954	120.968
243.584	98.594	120.994
243.598	98.234	120.977
243.592	97.880	120.947
243.587	97.542	120.906
243.594	97.227	120.898
243.612	96.955	120.901
243.605	96.690	120.905
243.578	96.439	120.923
243.582	96.263	120.928
243.582	96.149	120.944
243.571	96.111	120.940
243.572	96.132	120.901
243.571	96.198	120.883
243.571	96.329	120.896
243.553	96.514	120.919
243.521	96.769	120.908
243.508	97.083	120.903
243.459	97.441	120.907
243.447	97.827	120.874
243.462	98.258	120.868
243.443	98.716	120.877
243.465	99.210	120.897
243.470	99.710	120.877
243.467	100.220	120.834
243.465	100.701	120.807
243.479	101.171	120.804
243.454	101.294	120.644
243.441	101.202	120.586
243.432	101.100	120.697
243.449	100.977	120.853
243.456	100.824	120.873
243.460	100.664	120.765
243.467	100.487	120.725
243.477	100.305	120.711
243.475	100.092	120.748
243.468	99.857	120.764
243.452	99.609	120.811
243.453	99.318	120.879
243.461	99.014	120.922
243.523	98.716	120.963
243.525	98.354	120.969
243.529	98.019	120.988
243.560	97.706	120.972
243.578	97.407	120.940
243.588	97.155	120.932
243.593	96.912	120.926
243.600	96.696	120.941
243.602	96.492	120.904
243.605	96.364	120.931
243.589	96.310	120.911
243.588	96.331	120.906
243.587	96.377	120.907
243.572	96.463	120.898
243.578	96.640	120.890
243.559	96.876	120.888
243.549	97.176	120.894
243.517	97.493	120.877
243.477	97.872	120.881
243.466	98.274	120.852
243.459	98.728	120.850
243.454	99.203	120.862
243.450	99.704	120.876
243.450	100.214	120.858
243.438	100.667	120.826
243.458	101.136	120.816
243.439	101.299	120.690
243.440	101.216	120.585
243.437	101.120	120.705
243.444	100.996	120.894
243.442	100.870	120.909
243.443	100.724	120.786
243.451	100.553	120.730
243.457	100.389	120.709
243.459	100.182	120.715
243.466	99.952	120.727
243.456	99.696	120.756
243.455	99.430	120.807
243.450	99.125	120.851
243.450	98.780	120.908
243.457	98.435	120.945
243.505	98.104	120.986
243.497	97.761	120.967
243.524	97.428	120.977
243.544	97.130	120.985
243.562	96.857	120.963
243.588	96.591	120.963
243.607	96.370	120.952
243.616	96.200	120.954
243.629	96.123	120.933
243.645	96.099	120.919
243.655	96.130	120.903
243.648	96.223	120.906
243.612	96.369	120.884
243.600	96.601	120.896
243.604	96.907	120.903
243.567	97.224	120.888
243.548	97.620	120.861
243.519	98.031	120.845
243.496	98.515	120.852
243.494	99.017	120.877
243.475	99.536	120.867
243.477	100.083	120.860
243.456	100.587	120.849
243.455	101.062	120.830
243.419	101.331	120.769
243.409	101.220	120.561
243.399	101.099	120.674
243.409	100.952	120.922
243.422	100.806	120.956
243.430	100.651	120.838
243.431	100.458	120.768
243.435	100.278	120.727
243.447	100.073	120.732
243.451	99.853	120.736
243.451	99.619	120.761
243.446	99.361	120.780
243.441	99.082	120.815
243.431	98.772	120.855
243.436	98.450	120.873
243.491	98.148	120.915
243.486	97.843	120.953
243.494	97.553	120.951
243.492	97.290	120.974
243.514	97.065	121.007
243.526	96.854	121.012
243.535	96.653	120.996
243.556	96.493	120.955
243.596	96.421	120.962
243.619	96.412	120.934
243.629	96.454	120.912
243.644	96.544	120.904
243.659	96.695	120.904
243.646	96.911	120.877
243.618	97.182	120.875
243.609	97.523	120.859
243.573	97.876	120.841
243.561	98.278	120.844
243.548	98.727	120.847
243.539	99.196	120.845
243.510	99.694	120.853
243.487	100.197	120.834
243.462	100.663	120.829
243.462	101.119	120.843
243.439	101.335	120.756
243.421	101.244	120.591
243.411	101.171	120.707
243.404	101.043	120.907
243.389	100.934	120.948
243.388	100.788	120.833
243.394	100.628	120.794
243.410	100.466	120.761
243.428	100.275	120.744
243.435	100.043	120.743
243.444	99.804	120.751
243.437	99.530	120.772
243.425	99.231	120.796
243.415	98.907	120.828
243.408	98.563	120.838
243.404	98.193	120.837
243.398	97.860	120.867
243.412	97.543	120.909
243.472	97.277	120.948
243.490	97.015	120.976
243.492	96.773	121.008
243.492	96.560	121.008
243.525	96.404	121.031
243.529	96.310	120.999
243.556	96.288	120.987
243.589	96.326	120.943
243.622	96.429	120.929
243.647	96.591	120.917
243.662	96.836	120.909
243.641	97.108	120.889
243.639	97.459	120.856
243.649	97.843	120.833
243.634	98.281	120.838
243.601	98.743	120.828
243.590	99.228	120.825
243.568	99.742	120.825
243.541	100.265	120.839
243.506	100.755	120.819
243.497	101.220	120.806
243.460	101.305	120.615
243.435	101.177	120.619
243.430	101.072	120.791
243.421	100.927	120.916
243.403	100.777	120.929
243.389	100.614	120.810
243.377	100.431	120.766
243.370	100.241	120.768
243.380	100.030	120.794
243.391	99.800	120.791
243.409	99.546	120.796
243.423	99.267	120.801
243.427	98.963	120.820
243.422	98.638	120.824
243.419	98.304	120.836
243.404	97.968	120.828
243.399	97.674	120.829
243.399	97.411	120.851
243.466	97.208	120.896
243.473	96.997	120.924
243.485	96.808	120.970
243.489	96.632	120.992
243.498	96.520	121.008
243.499	96.473	121.007
243.514	96.500	120.997
243.532	96.569	120.983
243.561	96.687	120.979
243.566	96.863	120.946
243.583	97.092	120.921
243.610	97.395	120.921
243.621	97.726	120.869
243.641	98.117	120.853
243.645	98.536	120.844
243.646	98.991	120.845
243.653	99.467	120.837
243.637	99.970	120.804
243.606	100.472	120.792
243.587	100.944	120.770
243.553	101.370	120.774
243.500	101.279	120.513
243.487	101.169	120.638
243.477	101.026	120.867
243.500	100.902	120.923
243.494	100.756	120.929
243.470	100.572	120.860
243.449	100.387	120.788
243.433	100.202	120.786
243.423	99.988	120.783
243.397	99.744	120.795
243.382	99.488	120.834
243.382	99.191	120.839
243.386	98.872	120.841
243.395	98.534	120.841
243.410	98.183	120.842
243.416	97.867	120.843
243.403	97.549	120.830
243.408	97.276	120.847
243.398	97.033	120.851
243.447	96.822	120.874
243.454	96.627	120.919
243.473	96.474	120.947
243.486	96.367	120.970
243.504	96.355	121.008
243.519	96.392	120.993
243.521	96.460	120.991
243.523	96.600	121.002
243.532	96.809	121.010
243.527	97.072	120.980
243.540	97.399	120.948
243.542	97.750	120.917
243.570	98.151	120.880
243.602	98.589	120.866
243.623	99.056	120.858
243.641	99.548	120.837
243.642	100.075	120.823
243.635	100.569	120.785
243.640	101.033	120.789
243.623	101.359	120.734
243.579	101.258	120.512
243.523	101.144	120.635
243.494	101.009	120.875
243.480	100.872	120.907
243.483	100.724	120.842
243.482	100.537	120.813
243.470	100.360	120.781
243.462	100.166	120.793
243.453	99.943	120.809
243.432	99.698	120.817
243.406	99.434	120.825
243.383	99.137	120.832
243.376	98.804	120.849
243.362	98.461	120.848
243.372	98.126	120.842
243.385	97.827	120.844
243.414	97.561	120.848
243.414	97.298	120.846
243.425	97.086	120.859
243.415	96.873	120.853
243.400	96.691	120.864
243.451	96.585	120.891
243.455	96.524	120.916
243.477	96.541	120.928
243.493	96.601	120.951
243.486	96.678	120.964
243.516	96.848	120.995
243.509	97.064	120.988
243.500	97.317	120.980
243.496	97.637	120.970
243.492	97.999	120.953
243.516	98.389	120.920
243.524	98.818	120.886
243.545	99.285	120.861
243.575	99.778	120.835
243.599	100.266	120.817
243.621	100.732	120.803
243.653	101.199	120.796
243.626	101.323	120.650
243.603	101.226	120.607
243.595	101.121	120.711
243.617	101.000	120.835
243.587	100.859	120.879
243.562	100.708	120.804
243.551	100.542	120.774
243.530	100.393	120.784
243.517	100.191	120.820
243.547	100.002	120.831
243.519	99.759	120.824
243.495	99.484	120.835
243.502	99.202	120.846
243.472	98.875	120.890
243.441	98.526	120.871
243.413	98.163	120.860
243.392	97.849	120.848
243.395	97.564	120.852
243.386	97.293	120.862
243.392	97.046	120.871
243.405	96.809	120.873
243.464	96.628	120.885
243.459	96.475	120.897
243.466	96.391	120.900
243.480	96.412	120.892
243.491	96.450	120.903
243.493	96.538	120.904
243.489	96.683	120.933
243.492	96.902	120.982
243.504	97.158	121.003
243.500	97.478	120.982
243.489	97.833	120.964
243.499	98.212	120.945
243.503	98.647	120.933
243.512	99.112	120.910
243.509	99.591	120.894
243.524	100.088	120.850
243.558	100.576	120.826
243.570	101.025	120.790
243.592	101.354	120.756
243.580	101.262	120.542
243.595	101.172	120.627
243.628	101.058	120.845
243.635	100.921	120.865
243.647	100.760	120.793
243.637	100.576	120.781
243.631	100.418	120.750
243.592	100.177	120.775
243.571	99.935	120.789
243.586	99.703	120.844
243.544	99.401	120.857
243.543	99.104	120.865
243.511	98.739	120.862
243.503	98.371	120.869
243.481	98.007	120.880
243.475	97.690	120.881
243.448	97.377	120.883
243.438	97.136	120.860
243.420	96.870	120.872
243.409	96.652	120.885
243.410	96.458	120.904
243.413	96.310	120.899
243.422	96.266	120.902
243.438	96.278	120.898
243.491	96.346	120.896
243.484	96.417	120.889
243.489	96.579	120.908
243.477	96.785	120.918
243.482	97.070	120.923
243.476	97.397	120.957
243.477	97.769	120.964
243.484	98.148	120.976
243.489	98.604	120.950
243.480	99.057	120.951
243.486	99.560	120.958
243.500	100.060	120.895
243.503	100.529	120.837
243.507	100.983	120.835
243.522	101.372	120.823
243.527	101.311	120.544
243.554	101.215	120.654
243.613	101.108	120.854
243.649	100.974	120.881
243.666	100.819	120.821
243.687	100.646	120.776
243.690	100.465	120.740
243.693	100.260	120.768
243.680	100.026	120.775
243.652	99.770	120.786
243.617	99.494	120.814
243.584	99.196	120.873
243.563	98.853	120.915
243.554	98.507	120.905
243.519	98.151	120.891
243.500	97.827	120.853
243.483	97.525	120.857
243.478	97.271	120.878
243.457	97.041	120.890
243.430	96.831	120.886
243.411	96.637	120.889
243.423	96.509	120.902
243.415	96.436	120.908
243.428	96.443	120.907
243.445	96.479	120.891
243.467	96.570	120.879
243.471	96.705	120.899
243.483	96.925	120.910
243.470	97.176	120.925
243.477	97.510	120.928
243.469	97.851	120.934
243.473	98.229	120.934
243.475	98.660	120.969
243.464	99.123	120.962
243.461	99.603	120.946
243.470	100.109	120.926
243.478	100.579	120.891
243.470	101.021	120.869
243.484	101.372	120.832
243.484	101.312	120.542
243.488	101.222	120.640
243.542	101.127	120.895
243.569	101.027	120.894
243.595	100.889	120.820
243.638	100.739	120.773
243.673	100.597	120.724
243.706	100.405	120.734
243.722	100.180	120.751
243.715	99.953	120.783
243.678	99.669	120.804
243.677	99.386	120.821
243.666	99.066	120.867
243.624	98.700	120.877
243.591	98.324	120.875
243.538	97.950	120.866
243.523	97.612	120.859
243.496	97.289	120.875
243.485	97.003	120.875
243.473	96.742	120.883
243.455	96.503	120.906
243.441	96.310	120.918
243.441	96.211	120.916
243.439	96.184	120.899
243.459	96.228	120.892
243.457	96.284	120.876
243.452	96.402	120.906
243.467	96.592	120.921
243.454	96.845	120.925
243.469	97.163	120.935
243.483	97.500	120.922
243.477	97.882	120.927
243.495	98.310	120.938
243.487	98.774	120.947
243.475	99.258	120.968
243.449	99.771	120.946
243.441	100.280	120.933
243.435	100.755	120.886
243.437	101.222	120.873
243.437	101.330	120.664
243.434	101.247	120.624
243.448	101.166	120.756
243.508	101.066	120.882
243.515	100.933	120.901
243.546	100.801	120.790
243.585	100.639	120.736
243.622	100.473	120.732
243.662	100.261	120.752
243.695	100.038	120.764
243.703	99.791	120.778
243.709	99.504	120.831
243.693	99.203	120.864
243.689	98.877	120.875
243.665	98.518	120.870
243.658	98.186	120.863
243.612	97.834	120.844
243.583	97.520	120.856
243.545	97.231	120.864
243.521	96.959	120.869
243.488	96.713	120.888
243.466	96.509	120.899
243.456	96.357	120.907
243.464	96.286	120.914
243.464	96.280	120.908
243.485	96.330	120.903
243.479	96.401	120.883
243.466	96.530	120.916
243.455	96.738	120.937
243.432	96.992	120.927
243.412	97.284	120.935
243.419	97.630	120.939
243.442	98.013	120.929
243.455	98.440	120.952
243.475	98.902	120.955
243.472	99.387	120.965
243.456	99.891	120.960
243.428	100.379	120.905
243.422	100.857	120.892
243.405	101.322	120.865
243.392	101.307	120.558
243.400	101.237	120.653
243.414	101.136	120.834
243.433	101.042	120.882
243.487	100.946	120.867
243.505	100.812	120.782
243.536	100.680	120.729
243.560	100.528	120.734
243.589	100.341	120.756
243.620	100.128	120.776
243.630	99.887	120.782
243.655	99.622	120.814
243.658	99.313	120.866
243.664	98.989	120.881
243.656	98.625	120.845
243.660	98.263	120.841
243.632	97.903	120.842
243.628	97.587	120.858
243.618	97.271	120.865
243.583	96.981	120.851
243.536	96.733	120.840
243.509	96.508	120.877
243.500	96.347	120.906
243.481	96.253	120.938
243.480	96.251	120.903
243.482	96.282	120.880
243.496	96.372	120.889
243.480	96.499	120.912
243.473	96.696	120.924
243.479	96.977	120.937
243.445	97.272	120.943
243.432	97.613	120.940
243.403	97.989	120.955
243.419	98.415	120.963
243.415	98.864	120.964
243.414	99.350	120.967
243.399	99.857	120.949
243.396	100.345	120.909
243.409	100.820	120.880
243.396	101.280	120.849
243.368	101.311	120.580
243.372	101.237	120.646
243.376	101.150	120.796
243.395	101.045	120.885
243.455	100.943	120.893
243.458	100.800	120.797
243.494	100.660	120.748
243.514	100.503	120.749
243.539	100.305	120.760
243.551	100.074	120.773
243.567	99.828	120.790
243.576	99.535	120.813
243.586	99.227	120.851
243.591	98.898	120.880
243.596	98.537	120.863
243.602	98.184	120.837
243.600	97.812	120.823
243.600	97.491	120.869
243.603	97.171	120.878
243.594	96.890	120.860
243.581	96.635	120.871
243.555	96.409	120.881
243.550	96.249	120.904
243.531	96.174	120.907
243.515	96.172	120.898
243.499	96.211	120.873
243.505	96.289	120.881
243.502	96.455	120.917
243.494	96.678	120.927
243.467	96.946	120.935
243.480	97.278	120.941
243.459	97.637	120.956
243.442	98.039	120.945
243.429	98.478	120.968
243.409	98.949	120.970
243.398	99.459	120.970
243.378	99.976	120.959
243.373	100.468	120.906
243.353	100.933	120.871
243.339	101.335	120.841
243.337	101.271	120.522
243.347	101.197	120.656
243.359	101.080	120.879
243.372	100.966	120.890
243.388	100.844	120.824
243.452	100.724	120.774
243.454	100.558	120.742
243.473	100.380	120.761
243.493	100.176	120.764
243.511	99.936	120.784
243.521	99.689	120.802
243.533	99.396	120.837
243.544	99.084	120.859
243.536	98.747	120.863
243.546	98.417	120.860
243.536	98.069	120.837
243.546	97.749	120.835
243.557	97.461	120.858
243.565	97.193	120.873
243.568	96.964	120.859
243.559	96.740	120.841
243.562	96.550	120.862
243.573	96.432	120.873
243.582	96.392	120.888
243.575	96.401	120.887
243.555	96.450	120.877
243.566	96.564	120.862
243.545	96.722	120.868
243.531	96.957	120.878
243.532	97.272	120.896
243.513	97.584	120.915
243.485	97.952	120.941
243.468	98.366	120.955
243.480	98.830	120.961
243.458	99.291	120.962
243.432	99.795	120.966
243.423	100.292	120.952
243.399	100.760	120.907
243.381	101.230	120.881
243.360	101.288	120.605
243.334	101.212	120.633
243.337	101.136	120.791
243.334	101.030	120.888
243.347	100.943	120.909
243.366	100.813	120.800
243.381	100.691	120.741
243.450	100.594	120.747
243.483	100.428	120.776
243.478	100.237	120.777
243.489	100.026	120.778
243.500	99.786	120.831
243.491	99.490	120.840
243.511	99.199	120.872
243.517	98.864	120.878
243.511	98.511	120.851
243.501	98.143	120.847
243.502	97.817	120.839
243.523	97.498	120.854
243.529	97.220	120.877
243.524	96.954	120.861
243.530	96.722	120.871
243.528	96.531	120.881
243.538	96.402	120.885
243.552	96.351	120.873
243.565	96.384	120.865
243.573	96.452	120.855
243.568	96.543	120.868
243.567	96.715	120.875
243.553	96.959	120.892
243.541	97.242	120.889
243.525	97.587	120.885
243.505	97.949	120.880
243.484	98.379	120.916
243.459	98.831	120.942
243.441	99.300	120.968
243.414	99.798	120.964
243.405	100.299	120.952
243.402	100.755	120.896
243.399	101.227	120.883
243.368	101.293	120.625
243.355	101.203	120.657
243.351	101.121	120.806
243.356	101.019	120.892
243.340	100.897	120.889
243.348	100.771	120.782
243.351	100.635	120.747
243.363	100.483	120.751
243.445	100.347	120.781
243.448	100.146	120.790
243.477	99.933	120.809
243.483	99.660	120.845
243.493	99.357	120.864
243.496	99.048	120.875
243.499	98.702	120.885
243.487	98.343	120.857
243.471	97.995	120.861
243.478	97.675	120.878
243.484	97.370	120.867
243.494	97.107	120.872
243.506	96.855	120.877
243.503	96.642	120.890
243.510	96.472	120.892
243.514	96.374	120.896
243.523	96.359	120.877
243.534	96.386	120.856
243.546	96.485	120.858
243.551	96.621	120.872
243.563	96.835	120.866
243.566	97.087	120.874
243.569	97.397	120.863
243.571	97.762	120.854
243.567	98.155	120.872
243.540	98.589	120.888
243.530	99.052	120.923
243.514	99.539	120.956
243.482	100.048	120.952
243.457	100.526	120.908
243.438	100.988	120.918
243.429	101.305	120.872
243.409	101.234	120.594
243.417	101.165	120.697
243.399	101.033	120.890
243.392	100.942	120.921
243.395	100.810	120.830
243.386	100.671	120.777
243.386	100.522	120.723
243.435	100.397	120.752
243.429	100.195	120.770
243.436	99.974	120.795
243.443	99.738	120.831
243.447	99.444	120.853
243.474	99.138	120.893
243.490	98.805	120.903
243.502	98.460	120.893
243.496	98.117	120.875
243.487	97.800	120.877
243.479	97.489	120.884
243.470	97.214	120.890
243.474	96.971	120.884
243.478	96.759	120.889
243.488	96.579	120.901
243.507	96.467	120.913
243.513	96.420	120.889
243.526	96.437	120.870
243.527	96.494	120.849
243.535	96.614	120.860
243.530	96.782	120.877
243.524	97.006	120.882
243.516	97.283	120.872
243.529	97.614	120.839
243.539	97.986	120.825
243.552	98.391	120.845
243.564	98.831	120.872
243.565	99.303	120.912
243.552	99.796	120.945
243.533	100.291	120.921
243.531	100.751	120.904
243.520	101.207	120.905
243.480	101.269	120.675
243.459	101.195	120.707
243.439	101.112	120.838
243.427	101.008	120.925
243.422	100.890	120.904
243.435	100.760	120.807
243.433	100.635	120.733
243.427	100.491	120.741
243.480	100.355	120.754
243.468	100.142	120.760
243.474	99.942	120.796
243.443	99.665	120.817
243.457	99.384	120.865
243.457	99.059	120.899
243.451	98.717	120.891
243.469	98.382	120.870
243.464	98.020	120.874
243.492	97.718	120.889
243.502	97.419	120.893
243.483	97.153	120.886
243.470	96.913	120.872
243.468	96.711	120.884
243.476	96.557	120.903
243.488	96.465	120.923
243.494	96.444	120.908
243.510	96.482	120.876
243.532	96.583	120.865
243.542	96.724	120.869
243.536	96.914	120.846
243.540	97.159	120.866
243.525	97.459	120.851
243.524	97.809	120.834
243.528	98.187	120.817
243.528	98.623	120.819
243.539	99.068	120.847
243.550	99.548	120.886
243.560	100.039	120.900
243.565	100.519	120.911
243.550	100.980	120.903
243.527	101.312	120.871
243.510	101.245	120.641
243.493	101.154	120.758
243.473	101.030	120.931
243.457	100.908	120.925
243.445	100.777	120.843
243.443	100.628	120.810
243.439	100.484	120.763
243.441	100.307	120.740
243.441	100.108	120.743
243.498	99.919	120.775
243.489	99.686	120.804
243.480	99.402	120.850
243.470	99.090	120.848
243.467	98.765	120.874
243.471	98.435	120.889
243.460	98.097	120.878
243.460	97.808	120.904
243.465	97.513	120.894
243.481	97.262	120.898
243.501	97.047	120.915
243.473	96.830	120.900
243.475	96.660	120.896
243.480	96.546	120.886
243.499	96.518	120.914
243.499	96.538	120.899
243.502	96.616	120.888
243.518	96.747	120.872
243.524	96.918	120.868
243.508	97.147	120.879
243.515	97.425	120.871
243.509	97.757	120.838
243.506	98.117	120.820
243.522	98.533	120.809
243.522	98.973	120.817
243.531	99.437	120.820
243.544	99.927	120.835
243.549	100.408	120.850
243.570	100.847	120.879
243.583	101.291	120.900
243.534	101.238	120.639
243.514	101.170	120.756
243.507	101.050	120.933
243.514	100.926	120.952
243.498	100.786	120.913
243.482	100.626	120.833
243.473	100.471	120.764
243.461	100.321	120.771
243.473	100.111	120.767
243.521	99.910	120.768
243.517	99.678	120.772
243.518	99.394	120.786
243.513	99.090	120.845
243.507	98.760	120.881
243.504	98.428	120.875
243.472	98.073	120.880
243.461	97.771	120.887
243.465	97.482	120.897
243.473	97.225	120.903
243.480	96.987	120.907
243.495	96.766	120.915
243.480	96.562	120.918
243.495	96.445	120.923
243.514	96.400	120.912
243.529	96.417	120.904
243.524	96.468	120.895
243.519	96.566	120.894
243.514	96.731	120.891
243.511	96.959	120.883
243.517	97.234	120.891
243.524	97.566	120.859
243.516	97.916	120.835
243.514	98.298	120.818
243.522	98.745	120.800
243.536	99.217	120.813
243.544	99.696	120.816
243.549	100.194	120.808
243.556	100.661	120.818
243.573	101.104	120.839
243.567	101.264	120.776
243.544	101.193	120.698
243.525	101.084	120.812
243.518	100.946	120.960
243.526	100.797	120.978
243.538	100.633	120.900
243.521	100.453	120.833
243.507	100.257	120.800
243.492	100.038	120.790
243.484	99.795	120.785
243.470	99.527	120.782
243.526	99.277	120.813
243.528	98.957	120.818
243.530	98.617	120.848
243.531	98.265	120.862
243.524	97.919	120.897
243.524	97.613	120.895
243.505	97.336	120.893
243.492	97.107	120.891
243.492	96.890	120.896
243.468	96.680	120.918
243.481	96.516	120.935
243.483	96.413	120.939
243.498	96.393	120.928
243.517	96.421	120.919
243.530	96.479	120.885
243.525	96.577	120.884
243.530	96.759	120.903
243.527	97.002	120.895
243.503	97.279	120.890
243.502	97.626	120.870
243.503	97.977	120.835
243.512	98.385	120.845
243.513	98.827	120.838
243.532	99.293	120.831
243.539	99.776	120.793
243.547	100.255	120.766
243.560	100.704	120.766
243.571	101.153	120.789
243.553	101.266	120.684
243.538	101.190	120.672
243.531	101.070	120.794
243.547	100.920	120.942
243.552	100.778	120.982
243.539	100.599	120.893
243.540	100.401	120.861
243.557	100.175	120.843
243.538	99.952	120.833
243.516	99.698	120.807
243.558	99.461	120.821
243.539	99.159	120.827
243.524	98.818	120.858
243.524	98.471	120.861
243.535	98.116	120.859
243.539	97.784	120.853
243.535	97.478	120.859
243.532	97.221	120.903
243.520	96.986	120.885
243.509	96.783	120.900
243.484	96.584	120.912
243.482	96.459	120.929
243.476	96.376	120.929
243.478	96.370	120.927
243.501	96.410	120.936
243.506	96.487	120.898
243.529	96.625	120.901
243.539	96.833	120.906
243.538	97.102	120.890
243.520	97.410	120.888
243.504	97.771	120.862
243.496	98.137	120.857
243.497	98.565	120.851
243.492	99.005	120.852
243.505	99.477	120.833
243.524	99.971	120.799
243.541	100.438	120.758
243.542	100.881	120.741
243.571	101.303	120.742
243.522	101.240	120.539
243.508	101.145	120.651
243.499	101.018	120.836
243.504	100.867	120.888
243.528	100.706	120.901
243.551	100.509	120.875
243.558	100.315	120.847
243.558	100.092	120.860
243.546	99.847	120.882
243.558	99.583	120.880
243.542	99.291	120.872
243.561	99.012	120.862
243.551	98.676	120.876
243.551	98.320	120.881
243.538	97.966	120.872
243.535	97.639	120.876
243.548	97.357	120.879
243.556	97.119	120.880
243.552	96.890	120.878
243.532	96.682	120.912
243.535	96.507	120.927
243.507	96.384	120.922
243.497	96.352	120.921
243.486	96.366	120.918
243.479	96.417	120.911
243.487	96.506	120.911
243.483	96.656	120.925
243.497	96.881	120.932
243.515	97.167	120.900
243.521	97.488	120.887
243.523	97.856	120.885
243.524	98.234	120.866
243.519	98.682	120.855
243.505	99.120	120.870
243.493	99.610	120.859
243.503	100.094	120.836
243.511	100.536	120.788
243.532	100.981	120.771
243.546	101.332	120.756
243.518	101.234	120.509
243.509	101.151	120.603
243.509	101.013	120.822
243.503	100.870	120.844
243.505	100.717	120.838
243.519	100.521	120.818
243.526	100.320	120.813
243.549	100.089	120.845
243.549	99.835	120.866
243.557	99.563	120.910
243.535	99.244	120.920
243.541	98.916	120.933
243.605	98.585	120.920
243.585	98.209	120.895
243.563	97.845	120.889
243.561	97.507	120.875
243.552	97.201	120.876
243.556	96.943	120.880
243.553	96.700	120.903
243.565	96.474	120.921
243.557	96.292	120.944
243.554	96.187	120.928
243.533	96.154	120.926
243.529	96.164	120.923
243.517	96.204	120.906
243.508	96.317	120.922
243.491	96.486	120.924
243.478	96.738	120.914
243.458	97.031	120.900
243.480	97.371	120.915
243.493	97.749	120.880
243.510	98.160	120.879
243.533	98.628	120.879
243.540	99.115	120.893
243.511	99.605	120.859
243.495	100.104	120.828
243.493	100.592	120.802
243.508	101.061	120.807
243.502	101.306	120.768
243.489	101.220	120.533
243.501	101.132	120.630
243.507	100.989	120.831
243.514	100.846	120.847
243.514	100.693	120.779
243.511	100.527	120.764
243.510	100.341	120.741
243.500	100.129	120.782
243.510	99.903	120.823
243.517	99.643	120.878
243.514	99.353	120.900
243.523	99.060	120.932
243.589	98.765	120.969
243.581	98.423	120.981
243.579	98.075	120.934
243.582	97.754	120.890
243.578	97.468	120.879
243.559	97.197	120.880
243.560	96.954	120.887
243.560	96.732	120.910
243.551	96.540	120.924
243.542	96.388	120.929
243.542	96.315	120.919
243.557	96.322	120.913
243.554	96.358	120.898
243.542	96.450	120.895
243.526	96.593	120.899
243.511	96.814	120.898
243.490	97.086	120.898
243.461	97.400	120.916
243.440	97.764	120.890
243.432	98.125	120.861
243.461	98.568	120.869
243.486	99.016	120.884
243.506	99.499	120.905
243.503	99.991	120.856
243.483	100.465	120.821
243.484	100.911	120.809
243.496	101.343	120.811
243.465	101.266	120.517
243.456	101.180	120.640
243.465	101.068	120.842
243.484	100.957	120.860
243.488	100.815	120.821
243.502	100.641	120.746
243.503	100.465	120.710
243.498	100.269	120.726
243.494	100.041	120.756
243.480	99.777	120.796
243.470	99.504	120.846
243.478	99.190	120.906
243.484	98.855	120.941
243.486	98.490	120.953
243.557	98.146	120.992
243.562	97.784	120.978
243.576	97.453	120.947
243.566	97.137	120.933
243.576	96.852	120.899
243.591	96.580	120.914
243.576	96.345	120.920
243.575	96.164	120.931
243.568	96.054	120.921
243.566	96.033	120.918
243.583	96.066	120.932
243.574	96.122	120.914
243.590	96.269	120.926
243.564	96.463	120.912
243.538	96.740	120.913
243.527	97.055	120.913
243.500	97.418	120.882
243.466	97.840	120.883
243.440	98.261	120.872
243.437	98.757	120.885
243.451	99.255	120.896
243.449	99.770	120.890
243.456	100.277	120.859
243.470	100.768	120.836
243.481	101.235	120.832
243.454	101.287	120.593
243.429	101.182	120.614
243.429	101.086	120.774
243.446	100.950	120.893
243.443	100.787	120.894
243.461	100.632	120.789
243.468	100.451	120.712
243.486	100.290	120.714
243.493	100.070	120.734
243.490	99.847	120.756
243.487	99.617	120.778
243.473	99.356	120.834
243.463	99.061	120.881
243.463	98.745	120.939
243.466	98.417	120.952
243.517	98.121	120.960
243.536	97.822	120.967
243.555	97.540	120.981
243.572	97.283	120.966
243.581	97.071	120.946
243.583	96.866	120.960
243.578	96.687	120.923
243.583	96.542	120.911
243.591	96.476	120.907
243.584	96.480	120.899
243.576	96.526	120.894
243.578	96.604	120.890
243.583	96.760	120.896
243.573	96.960	120.883
243.566	97.230	120.897
243.541	97.557	120.874
243.518	97.897	120.871
243.500	98.293	120.859
243.474	98.725	120.871
243.457	99.198	120.857
243.427	99.667	120.866
243.427	100.170	120.847
243.433	100.636	120.862
243.444	101.096	120.854
243.443	101.328	120.764
243.441	101.237	120.562
243.451	101.165	120.689
243.444	101.038	120.905
243.448	100.934	120.931
243.446	100.821	120.824
243.442	100.681	120.759
243.444	100.543	120.713
243.464	100.380	120.723
243.476	100.179	120.728
243.484	99.972	120.751
243.483	99.732	120.768
243.469	99.447	120.806
243.454	99.140	120.851
243.452	98.824	120.891
243.454	98.470	120.918
243.452	98.102	120.948
243.505	97.778	120.970
243.514	97.427	120.981
243.539	97.114	121.001
243.566	96.838	121.003
243.581	96.575	120.974
243.587	96.347	120.952
243.593	96.182	120.959
243.620	96.111	120.938
243.642	96.104	120.914
243.617	96.136	120.890
243.604	96.244	120.888
243.595	96.404	120.916
243.592	96.643	120.927
243.576	96.951	120.904
243.561	97.296	120.875
243.542	97.671	120.845
243.518	98.104	120.848
243.501	98.583	120.861
243.478	99.093	120.890
243.464	99.617	120.885
243.432	100.138	120.844
243.421	100.631	120.830
243.413	101.121	120.844
243.404	101.327	120.743
243.394	101.233	120.587
243.409	101.130	120.719
243.420	100.987	120.911
243.424	100.840	120.936
243.428	100.681	120.828
243.424	100.506	120.768
243.433	100.323	120.731
243.442	100.114	120.739
243.449	99.887	120.737
243.455	99.632	120.743
243.459	99.360	120.795
243.451	99.075	120.813
243.442	98.748	120.843
243.443	98.403	120.866
243.428	98.056	120.882
243.483	97.775	120.930
243.501	97.478	120.976
243.500	97.203	120.978
243.512	96.961	120.996
243.525	96.735	121.018
243.533	96.539	121.004
243.570	96.403	120.987
243.592	96.322	120.963
243.612	96.344	120.948
243.616	96.370	120.924
243.627	96.455	120.912
243.631	96.625	120.900
243.635	96.854	120.902
243.601	97.140	120.887
243.582	97.479	120.865
243.563	97.855	120.856
243.561	98.264	120.858
243.542	98.716	120.851
243.525	99.199	120.831
243.508	99.714	120.841
243.476	100.228	120.841
243.447	100.702	120.822
243.448	101.169	120.827
243.418	101.304	120.691
243.405	101.230	120.627
243.405	101.144	120.751
243.404	101.014	120.929
243.392	100.890	120.942
243.393	100.748	120.837
243.410	100.581	120.788
243.414	100.401	120.774
243.426	100.183	120.774
243.439	99.935	120.749
243.448	99.686	120.747
243.448	99.406	120.773
243.437	99.095	120.811
243.427	98.770	120.834
243.424	98.423	120.838
243.418	98.068	120.840
243.409	97.745	120.851
243.480	97.479	120.897
243.489	97.201	120.935
243.501	96.970	120.979
243.511	96.749	121.010
243.512	96.547	121.011
243.523	96.414	121.046
243.538	96.348	121.040
243.577	96.356	120.988
243.598	96.405	120.952
243.620	96.516	120.938
243.640	96.699	120.931
243.639	96.943	120.924
243.632	97.252	120.898
243.630	97.598	120.867
243.614	97.985	120.858
243.595	98.417	120.841
243.581	98.870	120.843
243.562	99.359	120.846
243.541	99.883	120.831
243.533	100.382	120.809
243.495	100.857	120.793
243.487	101.329	120.797
243.445	101.308	120.550
243.431	101.187	120.654
243.427	101.081	120.866
243.423	100.947	120.932
243.405	100.806	120.924
243.398	100.647	120.828
243.383	100.495	120.769
243.378	100.304	120.762
243.397	100.098	120.790
243.406	99.858	120.800
243.420	99.612	120.793
243.433	99.330	120.806
243.436	99.026	120.817
243.430	98.681	120.825
243.423	98.333	120.833
243.412	97.977	120.822
243.399	97.658	120.834
243.406	97.365	120.847
243.418	97.101	120.879
243.480	96.894	120.915
243.486	96.641	120.933
243.494	96.461	120.983
243.514	96.330	121.028
243.521	96.279	121.040
243.530	96.300	121.022
243.557	96.345	121.014
243.573	96.460	120.977
243.586	96.647	120.965
243.606	96.898	120.945
243.631	97.196	120.941
243.630	97.552	120.890
243.606	97.942	120.849
243.628	98.379	120.840
243.627	98.855	120.854
243.602	99.348	120.837
243.582	99.872	120.808
243.569	100.401	120.791
243.538	100.860	120.789
243.519	101.323	120.791
243.477	101.292	120.523
243.450	101.186	120.617
243.433	101.075	120.841
243.438	100.958	120.894
243.464	100.836	120.918
243.452	100.678	120.860
243.436	100.506	120.793
243.417	100.332	120.785
243.405	100.124	120.784
243.405	99.890	120.792
243.398	99.639	120.823
243.398	99.340	120.850
243.408	99.030	120.852
243.419	98.694	120.848
243.428	98.356	120.835
243.424	98.016	120.825
243.418	97.702	120.823
243.406	97.416	120.837
243.402	97.172	120.858
243.399	96.951	120.866
243.454	96.777	120.896
243.456	96.612	120.923
243.475	96.495	120.940
243.507	96.453	120.972
243.513	96.490	120.985
243.520	96.563	120.994
243.528	96.683	120.998
243.538	96.861	121.023
243.543	97.093	120.981
243.553	97.395	120.957
243.567	97.737	120.919
243.598	98.128	120.889
243.618	98.550	120.880
243.632	99.005	120.857
243.627	99.484	120.823
243.638	100.007	120.814
243.626	100.495	120.796
243.605	100.957	120.797
243.583	101.370	120.761
243.543	101.298	120.494
243.507	101.209	120.614
243.482	101.091	120.869
243.463	100.966	120.908
243.456	100.838	120.848
243.457	100.684	120.795
243.448	100.529	120.777
243.447	100.352	120.796
243.441	100.140	120.812
243.415	99.913	120.813
243.409	99.660	120.816
243.376	99.359	120.817
243.380	99.050	120.865
243.373	98.686	120.876
243.393	98.328	120.869
243.401	97.984	120.848
243.426	97.656	120.841
243.427	97.339	120.841
243.425	97.079	120.858
243.416	96.816	120.866
243.401	96.573	120.873
243.449	96.414	120.903
243.454	96.295	120.922
243.477	96.272	120.946
243.506	96.302	120.963
243.509	96.354	120.957
243.534	96.502	120.987
243.534	96.690	121.013
243.530	96.963	121.006
243.528	97.273	120.982
243.531	97.636	120.974
243.514	98.016	120.944
243.553	98.456	120.918
243.566	98.931	120.881
243.606	99.422	120.890
243.623	99.944	120.842
243.629	100.449	120.817
243.619	100.917	120.796
243.631	101.356	120.766
243.571	101.239	120.535
243.541	101.093	120.623
243.525	100.928	120.808
243.525	100.748	120.871
243.504	100.561	120.872
243.491	100.354	120.831
243.529	100.170	120.780
243.535	99.969	120.787
243.525	99.755	120.822
243.517	99.519	120.849
243.493	99.278	120.871
243.484	99.010	120.867
243.473	98.724	120.877
243.446	98.415	120.879
243.429	98.106	120.879
243.416	97.853	120.892
243.423	97.619	120.874
243.429	97.442	120.869
243.439	97.286	120.867
243.437	97.146	120.873
243.432	97.032	120.875
243.417	96.932	120.864
243.402	96.886	120.868
243.450	96.926	120.890
243.449	96.966	120.892
243.470	97.059	120.913
243.466	97.182	120.911
243.479	97.361	120.952
243.492	97.559	120.966
243.497	97.824	120.993
243.504	98.130	120.994
243.518	98.478	120.959
243.519	98.855	120.951
243.534	99.285	120.937
243.549	99.730	120.893
243.570	100.165	120.850
243.596	100.606	120.835
243.623	101.052	120.816
243.630	101.349	120.793
243.602	101.276	120.556
243.591	101.204	120.651
243.627	101.114	120.844
243.611	101.033	120.856
243.591	100.925	120.798
243.576	100.818	120.766
243.549	100.718	120.756
243.509	100.592	120.782
243.492	100.447	120.781
243.491	100.276	120.792
243.504	100.090	120.806
243.493	99.833	120.845
243.494	99.564	120.887
243.482	99.242	120.869
243.454	98.893	120.861
243.423	98.508	120.844
243.406	98.116	120.859
243.388	97.758	120.891
243.382	97.396	120.888
243.390	97.068	120.878
243.447	96.781	120.879
243.460	96.506	120.889
243.488	96.294	120.908
243.485	96.136	120.906
243.490	96.081	120.899
243.490	96.097	120.899
243.492	96.155	120.931
243.500	96.276	120.973
243.495	96.431	120.982
243.487	96.652	120.973
243.507	96.955	120.977
243.515	97.313	120.972
243.513	97.701	120.978
243.506	98.120	120.980
243.508	98.596	120.960
243.526	99.115	120.955
243.541	99.642	120.928
243.548	100.168	120.851
243.568	100.664	120.815
243.598	101.152	120.786
243.595	101.332	120.692
243.581	101.222	120.580
243.575	101.109	120.688
243.599	100.962	120.852
243.626	100.801	120.886
243.633	100.641	120.798
243.607	100.446	120.756
243.573	100.253	120.772
243.541	100.052	120.802
243.521	99.816	120.794
243.537	99.593	120.814
243.521	99.323	120.851
243.524	99.041	120.884
243.502	98.718	120.898
243.501	98.403	120.897
243.483	98.084	120.865
243.455	97.812	120.869
243.445	97.576	120.874
243.431	97.359	120.880
243.427	97.183	120.889
243.411	97.002	120.886
243.425	96.838	120.895
243.450	96.739	120.874
243.451	96.693	120.881
243.467	96.706	120.878
243.463	96.756	120.861
243.445	96.842	120.876
243.464	97.000	120.898
243.463	97.187	120.940
243.464	97.431	120.949
243.476	97.728	120.961
243.473	98.044	120.974
243.492	98.423	120.945
243.500	98.827	120.949
243.522	99.284	120.950
243.516	99.758	120.937
243.525	100.228	120.896
243.532	100.677	120.862
243.559	101.133	120.841
243.570	101.350	120.738
243.574	101.274	120.574
243.600	101.207	120.667
243.636	101.116	120.865
243.638	101.012	120.892
243.631	100.883	120.790
243.670	100.762	120.750
243.648	100.635	120.728
243.619	100.445	120.751
243.601	100.250	120.768
