NO_OF_FRAMES	5000
NO_OF_DATA_TYPES	3
FREQUENCY	500
TIME_STAMP	2026-06-04, 14:53:53
DATA_INCLUDED	Position
DATA_TYPES	Unidentified [630665]_pos_X	Unidentified [630665]_pos_Y	Unidentified [630665]_pos_Z


180.512	94.183	85.033
180.570	94.204	85.027
180.613	94.315	85.038
180.710	94.456	84.960
180.756	94.747	84.943
180.818	95.108	84.870
180.917	95.589	84.797
180.681	96.886	85.302
181.036	97.060	84.830
181.034	98.191	84.934
181.089	99.249	84.943
180.639	99.325	84.843
180.474	99.088	84.820
180.560	99.007	84.854
180.742	99.132	84.981
180.991	99.217	85.056
180.965	99.241	85.112
180.730	99.040	85.109
180.589	98.842	85.102
180.557	98.629	85.025
180.530	98.449	84.969
180.533	98.270	84.927
180.511	98.082	84.897
180.570	97.702	84.819
180.568	97.384	84.845
180.603	96.998	84.803
180.570	96.669	84.811
180.580	96.299	84.811
180.588	95.909	84.797
180.565	95.597	84.831
180.549	95.223	84.867
180.522	94.936	84.863
180.470	94.702	84.916
180.474	94.457	84.920
180.457	94.340	84.978
180.488	94.184	84.966
180.492	94.164	85.028
180.537	94.168	85.055
180.622	94.242	85.008
180.699	94.428	84.978
180.766	94.703	84.941
180.826	95.086	84.883
180.882	95.630	84.835
180.887	96.378	84.870
181.036	97.085	84.815
181.035	98.243	84.911
181.063	99.332	84.937
180.595	99.311	84.841
180.468	99.098	84.829
180.599	98.976	84.880
180.779	99.145	84.973
180.993	99.232	85.099
180.890	99.248	85.127
180.681	99.069	85.140
180.548	98.893	85.158
180.521	98.710	85.048
180.525	98.533	84.959
180.538	98.337	84.919
180.539	98.140	84.844
180.546	97.864	84.846
180.563	97.521	84.833
180.552	97.226	84.854
180.598	96.796	84.827
180.595	96.447	84.835
180.639	95.981	84.777
180.590	95.681	84.839
180.561	95.345	84.856
180.538	95.026	84.866
180.442	94.841	84.933
180.445	94.571	84.935
180.472	94.366	84.975
180.464	94.259	85.010
180.517	94.146	85.024
180.550	94.132	85.045
180.593	94.216	85.044
180.680	94.301	84.989
180.730	94.555	84.954
180.771	94.924	84.915
180.851	95.357	84.844
180.920	95.936	84.835
181.014	96.659	84.797
181.057	97.605	84.867
181.094	98.784	84.950
180.821	99.461	84.918
180.484	99.138	84.817
180.486	99.031	84.841
180.666	99.037	84.931
180.937	99.121	84.994
181.040	99.239	85.121
180.808	99.116	85.105
180.665	98.893	85.096
180.539	98.749	85.106
180.516	98.584	84.993
180.552	98.352	84.904
180.542	98.178	84.883
180.549	97.934	84.847
180.547	97.619	84.836
180.569	97.282	84.813
180.539	96.963	84.841
180.591	96.539	84.795
180.581	96.178	84.818
180.599	95.793	84.809
180.573	95.444	84.840
180.550	95.112	84.849
180.478	94.897	84.884
180.447	94.649	84.942
180.429	94.468	84.975
180.448	94.310	84.995
180.475	94.204	85.013
180.522	94.144	85.020
180.573	94.199	85.028
180.625	94.363	85.034
180.756	94.462	84.929
180.746	94.882	84.937
180.837	95.254	84.865
180.918	95.800	84.826
180.975	96.539	84.816
181.003	97.467	84.875
181.074	98.516	84.920
180.940	99.437	84.924
180.530	99.194	84.802
180.446	99.087	84.865
180.630	99.018	84.915
180.852	99.123	84.987
180.994	99.279	85.124
180.853	99.166	85.086
180.662	98.978	85.104
180.559	98.804	85.109
180.548	98.595	84.999
180.521	98.461	84.943
180.551	98.222	84.884
180.550	98.005	84.831
180.555	97.704	84.842
180.547	97.398	84.839
180.568	97.020	84.815
180.553	96.687	84.845
180.565	96.293	84.820
180.582	95.894	84.829
180.579	95.537	84.835
180.533	95.227	84.871
180.510	94.947	84.877
180.481	94.669	84.907
180.477	94.452	84.929
180.439	94.352	85.007
180.487	94.198	84.995
180.512	94.144	85.038
180.564	94.161	85.032
180.628	94.277	85.018
180.691	94.460	85.003
180.751	94.740	84.961
180.827	95.080	84.904
180.886	95.645	84.831
180.938	96.297	84.822
181.015	97.116	84.853
181.057	98.193	84.892
181.055	99.328	84.956
180.603	99.327	84.842
180.486	99.050	84.795
180.576	98.993	84.883
180.795	99.088	84.964
180.956	99.271	85.104
180.925	99.235	85.101
180.692	99.058	85.126
180.574	98.866	85.120
180.524	98.719	85.059
180.543	98.497	84.945
180.551	98.310	84.895
180.524	98.156	84.877
180.592	97.760	84.817
180.561	97.507	84.843
180.564	97.157	84.820
180.548	96.821	84.843
180.579	96.416	84.833
180.600	95.998	84.814
180.602	95.639	84.816
180.564	95.309	84.856
180.532	95.022	84.866
180.461	94.804	84.911
180.457	94.535	84.936
180.438	94.399	85.008
180.454	94.259	85.028
180.489	94.169	85.047
180.532	94.172	85.029
180.569	94.284	85.063
180.669	94.388	85.004
180.719	94.638	84.970
180.718	95.094	84.993
180.818	95.506	84.871
180.937	96.057	84.828
181.027	96.798	84.802
181.042	97.831	84.876
181.104	98.990	84.926
180.709	99.466	84.917
180.477	99.130	84.810
180.526	98.998	84.857
180.699	99.060	84.957
180.946	99.185	85.029
180.983	99.268	85.115
180.759	99.108	85.103
180.604	98.927	85.128
180.554	98.736	85.064
180.545	98.564	84.985
180.535	98.392	84.934
180.543	98.189	84.884
180.563	97.904	84.833
180.577	97.577	84.840
180.563	97.256	84.817
180.570	96.890	84.808
180.591	96.501	84.808
180.582	96.148	84.816
180.592	95.745	84.817
180.536	95.443	84.868
180.536	95.106	84.858
180.458	94.900	84.902
180.451	94.620	84.946
180.458	94.401	84.941
180.457	94.265	84.985
180.461	94.203	85.018
180.537	94.106	85.000
180.535	94.237	85.080
180.639	94.316	85.040
180.711	94.534	84.967
180.732	94.912	84.951
180.810	95.297	84.894
180.939	95.780	84.809
180.971	96.543	84.827
181.031	97.474	84.853
181.096	98.563	84.898
180.908	99.454	84.918
180.508	99.194	84.805
180.501	99.002	84.808
180.664	98.962	84.905
180.886	99.099	84.977
181.007	99.268	85.092
180.832	99.172	85.094
180.662	98.942	85.098
180.550	98.791	85.098
180.541	98.599	85.005
180.558	98.409	84.910
180.563	98.233	84.874
180.580	97.958	84.803
180.541	97.703	84.846
180.559	97.357	84.825
180.583	96.982	84.795
180.563	96.646	84.805
180.552	96.293	84.833
180.617	95.839	84.801
180.597	95.486	84.819
180.518	95.237	84.879
180.488	94.961	84.891
180.505	94.653	84.892
180.460	94.478	84.948
180.463	94.314	84.996
180.476	94.209	85.009
180.511	94.149	85.009
180.549	94.185	85.042
180.598	94.339	85.056
180.653	94.530	85.026
180.745	94.758	84.956
180.835	95.096	84.860
180.885	95.656	84.826
180.918	96.345	84.832
181.019	97.109	84.853
181.048	98.194	84.891
181.072	99.280	84.941
180.609	99.295	84.836
180.474	99.061	84.808
180.580	98.966	84.869
180.790	99.054	84.970
180.974	99.209	85.059
180.911	99.268	85.105
180.699	99.071	85.112
180.603	98.827	85.106
180.517	98.701	85.076
180.548	98.454	84.939
180.548	98.254	84.903
180.548	98.052	84.860
180.581	97.721	84.815
180.566	97.419	84.826
180.564	97.071	84.807
180.581	96.681	84.793
180.588	96.315	84.812
180.615	95.900	84.803
180.586	95.569	84.827
180.583	95.190	84.835
180.517	94.957	84.874
180.502	94.680	84.879
180.476	94.466	84.931
180.437	94.371	85.015
180.483	94.175	84.994
180.519	94.107	85.009
180.536	94.178	85.031
180.575	94.286	85.074
180.672	94.405	85.000
180.732	94.705	84.964
180.824	95.058	84.911
180.871	95.574	84.834
180.938	96.247	84.807
181.036	97.019	84.808
181.063	98.126	84.890
181.067	99.301	84.951
180.602	99.335	84.847
180.466	99.089	84.818
180.574	99.025	84.894
180.783	99.115	84.969
181.025	99.196	85.071
180.913	99.252	85.138
180.712	99.038	85.136
180.551	98.902	85.149
180.537	98.692	85.034
180.512	98.569	84.970
180.538	98.367	84.901
180.548	98.176	84.860
180.558	97.913	84.815
180.560	97.589	84.849
180.583	97.258	84.823
180.612	96.857	84.804
180.581	96.532	84.836
180.573	96.152	84.849
180.621	95.697	84.808
180.540	95.447	84.844
180.525	95.094	84.848
180.435	94.908	84.911
180.453	94.617	84.937
180.480	94.387	84.927
180.448	94.330	85.029
180.485	94.220	85.039
180.553	94.158	85.035
180.574	94.269	85.058
180.678	94.315	84.974
180.701	94.600	84.992
180.737	94.927	84.938
180.844	95.288	84.838
180.928	95.836	84.814
180.999	96.559	84.799
181.031	97.488	84.863
181.078	98.575	84.935
180.938	99.440	84.933
180.508	99.207	84.815
180.453	99.064	84.846
180.621	99.027	84.892
180.867	99.136	84.991
181.033	99.225	85.082
180.857	99.174	85.104
180.660	98.958	85.117
180.572	98.741	85.079
180.518	98.607	85.022
180.501	98.416	84.980
180.544	98.176	84.882
180.545	97.925	84.856
180.547	97.613	84.840
180.560	97.275	84.826
180.569	96.921	84.817
180.595	96.527	84.779
180.556	96.183	84.812
180.602	95.761	84.798
180.573	95.428	84.841
180.554	95.093	84.821
180.484	94.879	84.880
180.484	94.575	84.886
180.447	94.439	84.966
180.456	94.287	85.000
180.456	94.204	85.022
180.540	94.079	84.986
180.543	94.205	85.027
180.637	94.338	85.010
180.734	94.490	84.952
180.734	94.916	84.965
180.836	95.293	84.879
180.936	95.829	84.819
180.995	96.572	84.804
181.043	97.522	84.849
181.096	98.649	84.919
180.876	99.458	84.911
180.464	99.229	84.846
180.478	99.063	84.866
180.674	99.039	84.922
180.900	99.208	85.033
181.040	99.253	85.131
180.809	99.133	85.130
180.623	98.988	85.163
180.536	98.798	85.117
180.523	98.652	84.999
180.555	98.444	84.902
180.530	98.316	84.894
180.548	98.088	84.857
180.561	97.780	84.853
180.570	97.470	84.847
180.590	97.106	84.832
180.578	96.777	84.857
180.608	96.340	84.813
180.605	95.961	84.804
180.583	95.627	84.831
180.539	95.306	84.864
180.508	95.010	84.869
180.436	94.837	84.933
180.453	94.593	84.960
180.489	94.384	84.975
180.465	94.343	85.049
180.542	94.224	85.016
180.592	94.207	85.005
180.635	94.309	85.010
180.704	94.465	84.969
180.731	94.735	84.965
180.782	95.091	84.915
180.869	95.546	84.834
180.890	96.205	84.860
181.012	96.864	84.842
181.047	97.821	84.886
181.089	98.940	84.944
180.779	99.416	84.886
180.509	99.119	84.813
180.479	99.049	84.856
180.672	99.066	84.909
180.915	99.170	85.005
181.028	99.232	85.082
180.803	99.112	85.086
180.654	98.888	85.110
180.560	98.702	85.069
180.537	98.504	84.993
180.522	98.317	84.946
180.541	98.092	84.870
180.546	97.804	84.863
180.563	97.452	84.837
180.535	97.154	84.832
180.586	96.718	84.785
180.573	96.369	84.803
180.562	96.002	84.813
180.592	95.606	84.799
180.561	95.270	84.855
180.507	95.019	84.883
180.479	94.732	84.907
180.451	94.515	84.944
180.427	94.388	85.006
180.458	94.218	84.984
180.470	94.161	84.997
180.492	94.200	85.053
180.587	94.244	85.015
180.673	94.397	84.995
180.728	94.707	84.948
180.793	95.074	84.905
180.854	95.637	84.867
180.943	96.237	84.817
181.019	97.036	84.833
181.067	98.135	84.853
181.067	99.303	84.933
180.594	99.327	84.832
180.478	99.098	84.819
180.601	99.046	84.881
180.811	99.162	84.995
181.033	99.259	85.098
180.906	99.192	85.126
180.694	99.053	85.155
180.583	98.863	85.140
180.555	98.694	85.007
180.526	98.597	84.957
180.554	98.410	84.878
180.543	98.266	84.866
180.566	98.001	84.827
180.566	97.696	84.862
180.581	97.399	84.850
180.620	96.990	84.836
180.626	96.619	84.830
180.579	96.289	84.863
180.616	95.853	84.810
180.553	95.549	84.843
180.527	95.203	84.837
180.468	94.980	84.881
180.430	94.761	84.930
180.466	94.519	84.954
180.483	94.392	85.003
180.500	94.313	85.051
180.562	94.254	85.033
180.603	94.287	85.037
180.687	94.350	84.981
180.722	94.547	84.931
180.742	94.889	84.937
180.852	95.172	84.826
180.904	95.699	84.800
180.937	96.393	84.831
181.056	97.124	84.834
181.060	98.156	84.911
181.101	99.199	84.942
180.667	99.344	84.850
180.500	99.081	84.816
180.547	99.009	84.849
180.720	99.092	84.937
180.956	99.160	85.033
180.987	99.241	85.108
180.758	99.081	85.111
180.615	98.858	85.122
180.555	98.653	85.058
180.538	98.415	84.962
180.550	98.206	84.920
180.534	97.972	84.875
180.570	97.625	84.837
180.526	97.373	84.866
180.535	96.992	84.837
180.573	96.585	84.804
180.578	96.185	84.790
180.587	95.821	84.814
180.542	95.508	84.852
180.546	95.145	84.879
180.505	94.888	84.890
180.470	94.625	84.934
180.452	94.424	84.960
180.440	94.272	84.990
180.444	94.194	85.040
180.480	94.117	85.040
180.554	94.119	85.021
180.585	94.274	85.036
180.681	94.463	85.011
180.752	94.771	84.942
180.830	95.189	84.901
180.913	95.749	84.825
180.941	96.555	84.850
181.006	97.493	84.866
181.079	98.619	84.926
180.905	99.438	84.894
180.486	99.202	84.823
180.480	99.074	84.866
180.679	99.029	84.932
180.923	99.193	85.038
181.015	99.291	85.169
180.792	99.166	85.181
180.632	98.985	85.183
180.551	98.810	85.104
180.509	98.712	85.015
180.574	98.501	84.894
180.561	98.342	84.839
180.581	98.146	84.836
180.593	97.882	84.843
180.586	97.588	84.869
180.625	97.223	84.838
180.652	96.819	84.833
180.631	96.446	84.837
180.644	96.029	84.808
180.556	95.758	84.863
180.540	95.386	84.861
180.522	95.071	84.847
180.447	94.895	84.916
180.470	94.611	84.924
180.483	94.452	84.977
180.505	94.322	85.014
180.534	94.244	85.013
180.593	94.210	85.020
180.632	94.284	85.020
180.691	94.409	84.988
180.719	94.660	84.958
180.793	94.955	84.893
180.846	95.394	84.838
180.962	95.872	84.778
180.991	96.621	84.833
181.042	97.468	84.864
181.084	98.469	84.929
181.008	99.393	84.965
180.579	99.251	84.820
180.490	99.046	84.828
180.585	99.028	84.890
180.768	99.167	84.998
180.992	99.172	85.037
180.901	99.226	85.093
180.722	99.010	85.098
180.610	98.793	85.111
180.559	98.582	85.024
180.546	98.368	84.938
180.537	98.141	84.900
180.543	97.841	84.845
180.541	97.542	84.833
180.549	97.191	84.805
180.532	96.864	84.834
180.529	96.507	84.828
180.564	96.090	84.796
180.582	95.711	84.811
180.559	95.358	84.833
180.542	95.058	84.861
180.485	94.825	84.902
180.489	94.544	84.908
180.430	94.416	84.978
180.431	94.292	85.023
180.450	94.197	85.032
180.503	94.139	85.033
180.548	94.217	85.033
180.643	94.342	85.002
180.694	94.615	84.973
180.798	94.923	84.907
180.822	95.466	84.900
180.933	96.039	84.843
181.015	96.825	84.807
181.055	97.870	84.858
181.077	99.129	84.936
180.668	99.421	84.857
180.465	99.133	84.829
180.559	99.038	84.883
180.760	99.153	84.987
181.020	99.230	85.083
180.912	99.252	85.158
180.714	99.098	85.190
180.607	98.920	85.156
180.543	98.813	85.057
180.558	98.688	84.936
180.547	98.571	84.871
180.573	98.397	84.813
180.556	98.228	84.866
180.562	97.984	84.850
180.589	97.655	84.881
180.634	97.275	84.844
180.652	96.905	84.854
180.627	96.569	84.859
180.641	96.122	84.809
180.591	95.791	84.818
180.528	95.484	84.816
180.482	95.175	84.853
180.462	94.968	84.894
180.443	94.770	84.975
180.519	94.505	84.946
180.549	94.370	84.988
180.521	94.372	85.068
180.605	94.285	85.027
180.628	94.352	85.011
180.641	94.522	85.025
180.720	94.654	84.942
180.753	94.978	84.901
180.829	95.349	84.862
180.938	95.761	84.803
180.962	96.447	84.837
181.020	97.173	84.870
181.089	98.028	84.894
181.097	99.066	84.943
180.745	99.365	84.860
180.500	99.147	84.823
180.549	98.982	84.854
180.703	99.017	84.952
180.871	99.104	85.033
180.952	99.224	85.126
180.864	99.161	85.105
180.709	98.943	85.096
180.607	98.780	85.050
180.539	98.596	84.990
180.556	98.339	84.908
180.503	98.148	84.875
180.572	97.772	84.829
180.534	97.486	84.855
180.535	97.132	84.817
180.577	96.690	84.783
180.548	96.366	84.820
180.592	95.932	84.797
180.554	95.630	84.840
180.552	95.248	84.858
180.514	94.970	84.878
180.482	94.697	84.907
180.466	94.461	84.953
180.410	94.378	85.028
180.433	94.221	85.025
180.460	94.150	85.040
180.516	94.146	85.051
180.590	94.221	85.034
180.691	94.374	84.990
180.728	94.710	84.991
180.794	95.081	84.954
180.893	95.600	84.824
180.939	96.294	84.833
181.056	97.071	84.821
181.057	98.276	84.879
181.034	99.372	84.952
180.564	99.269	84.806
180.484	99.077	84.834
180.617	99.012	84.896
180.874	99.110	84.982
181.022	99.298	85.131
180.882	99.186	85.153
180.671	99.025	85.167
180.570	98.866	85.143
180.547	98.714	85.011
180.548	98.600	84.943
180.584	98.379	84.822
180.562	98.274	84.843
180.576	98.043	84.838
180.583	97.734	84.868
180.615	97.386	84.852
180.636	97.022	84.837
180.654	96.601	84.823
180.617	96.263	84.848
180.618	95.857	84.825
180.572	95.535	84.825
180.515	95.222	84.856
180.476	94.982	84.872
180.443	94.775	84.927
180.486	94.524	84.949
180.478	94.418	85.029
180.522	94.299	85.037
180.562	94.255	85.033
180.623	94.240	85.019
180.647	94.379	85.021
180.704	94.531	84.948
180.694	94.894	84.963
180.833	95.145	84.843
180.885	95.647	84.832
180.933	96.313	84.836
181.029	97.012	84.846
181.095	97.933	84.871
181.122	99.012	84.933
180.753	99.400	84.895
180.512	99.120	84.818
180.509	99.026	84.858
180.671	99.091	84.958
180.884	99.179	85.013
180.953	99.304	85.123
180.775	99.149	85.118
180.628	98.922	85.134
180.541	98.722	85.112
180.513	98.503	85.016
180.509	98.286	84.949
180.500	98.048	84.900
180.524	97.715	84.856
180.511	97.441	84.867
180.541	97.043	84.819
180.551	96.650	84.786
180.528	96.333	84.833
180.559	95.913	84.805
180.531	95.624	84.848
180.532	95.252	84.876
180.494	94.979	84.901
180.483	94.680	84.907
180.447	94.475	84.972
180.382	94.401	85.042
180.462	94.189	84.988
180.463	94.140	85.025
180.546	94.100	84.985
180.581	94.223	85.015
180.672	94.416	84.976
180.737	94.706	84.950
180.824	95.082	84.888
180.880	95.641	84.831
180.914	96.393	84.862
180.992	97.258	84.838
181.060	98.329	84.882
181.003	99.405	84.917
180.542	99.269	84.809
180.495	99.047	84.815
180.626	99.062	84.921
180.874	99.176	84.997
181.018	99.302	85.141
180.862	99.148	85.142
180.653	99.060	85.199
180.577	98.859	85.139
180.530	98.764	85.008
180.524	98.668	84.963
180.570	98.460	84.833
180.582	98.306	84.830
180.549	98.107	84.863
180.617	97.767	84.842
180.614	97.460	84.864
180.623	97.121	84.873
180.639	96.719	84.859
180.635	96.345	84.838
180.612	95.969	84.847
180.551	95.651	84.831
180.544	95.273	84.806
180.465	95.068	84.878
180.456	94.822	84.887
180.491	94.583	84.928
180.527	94.422	84.969
180.537	94.364	85.030
180.568	94.340	85.058
180.609	94.308	85.028
180.662	94.399	84.995
180.693	94.571	84.981
180.696	94.883	84.967
180.833	95.084	84.860
180.854	95.601	84.861
180.975	96.075	84.808
181.005	96.810	84.854
181.063	97.638	84.887
181.086	98.613	84.932
180.923	99.439	84.966
180.571	99.199	84.813
180.501	99.027	84.829
180.622	98.989	84.904
180.826	99.042	84.997
180.948	99.133	85.057
180.961	99.210	85.125
180.767	99.058	85.117
180.656	98.860	85.116
180.574	98.654	85.003
180.553	98.450	84.954
180.554	98.186	84.884
180.528	97.953	84.857
180.522	97.637	84.868
180.564	97.234	84.802
180.546	96.893	84.821
180.560	96.504	84.792
180.546	96.133	84.815
180.587	95.732	84.811
180.571	95.380	84.843
180.538	95.079	84.872
180.490	94.826	84.887
180.448	94.592	84.974
180.447	94.387	84.977
180.451	94.214	85.004
180.465	94.137	85.016
180.483	94.126	85.051
180.543	94.181	85.041
180.626	94.324	85.039
180.738	94.513	84.953
180.783	94.881	84.910
180.879	95.345	84.869
180.972	95.933	84.795
181.041	96.724	84.796
181.063	97.784	84.847
181.137	98.974	84.905
180.738	99.415	84.846
180.462	99.140	84.810
180.556	98.992	84.859
180.746	99.100	84.951
180.991	99.222	85.080
180.960	99.248	85.140
180.721	99.116	85.181
180.583	98.950	85.188
180.531	98.802	85.075
180.557	98.644	84.944
180.551	98.503	84.880
180.560	98.350	84.845
180.554	98.153	84.840
180.599	97.837	84.828
180.578	97.586	84.878
180.624	97.187	84.852
180.646	96.803	84.857
180.632	96.430	84.845
180.596	96.075	84.863
180.587	95.685	84.830
180.544	95.359	84.847
180.496	95.076	84.870
180.465	94.852	84.878
180.451	94.656	84.952
180.473	94.488	85.002
180.508	94.362	85.023
180.565	94.266	85.014
180.572	94.293	85.055
180.631	94.347	85.020
180.669	94.506	84.988
180.702	94.749	84.950
180.771	95.043	84.899
180.865	95.443	84.844
180.955	95.948	84.794
181.003	96.668	84.821
181.043	97.525	84.883
181.085	98.513	84.920
180.985	99.395	84.958
180.573	99.247	84.819
180.465	99.073	84.847
180.615	98.986	84.886
180.814	99.050	84.976
180.938	99.194	85.058
180.906	99.267	85.119
180.712	99.046	85.114
180.620	98.826	85.108
180.545	98.612	85.038
180.538	98.377	84.967
180.541	98.133	84.892
180.516	97.890	84.878
180.534	97.544	84.856
180.520	97.222	84.834
180.545	96.815	84.814
180.546	96.459	84.814
180.541	96.082	84.814
180.556	95.710	84.809
180.557	95.352	84.856
180.534	95.047	84.876
180.484	94.794	84.920
180.419	94.587	84.989
180.412	94.414	85.005
180.460	94.155	84.984
180.455	94.110	85.015
180.511	94.061	85.007
180.545	94.171	85.054
180.627	94.310	85.009
180.722	94.539	84.953
180.761	94.936	84.954
180.865	95.397	84.871
180.983	95.989	84.796
181.025	96.859	84.833
181.074	97.955	84.870
181.090	99.246	84.953
180.630	99.411	84.855
180.482	99.090	84.811
180.582	98.975	84.888
180.800	99.037	84.953
181.010	99.153	85.074
180.976	99.239	85.165
180.720	99.088	85.181
180.543	98.928	85.186
180.502	98.703	85.071
180.515	98.506	84.958
180.556	98.267	84.861
180.546	98.101	84.834
180.580	97.823	84.827
180.613	97.451	84.834
180.602	97.123	84.839
180.614	96.762	84.857
180.633	96.333	84.829
180.603	95.947	84.842
180.576	95.592	84.850
180.547	95.242	84.876
180.492	94.970	84.882
180.463	94.700	84.905
180.442	94.501	84.953
180.474	94.305	84.972
180.461	94.248	85.037
180.501	94.164	85.038
180.529	94.174	85.058
180.601	94.246	85.054
180.689	94.362	84.990
180.720	94.652	84.952
180.763	95.033	84.922
180.834	95.523	84.855
180.943	96.100	84.815
180.984	96.912	84.850
181.056	97.857	84.901
181.138	99.005	84.947
180.752	99.431	84.904
180.525	99.107	84.803
180.530	99.021	84.858
180.716	99.105	84.941
180.953	99.206	85.045
181.033	99.237	85.102
180.788	99.102	85.124
180.622	98.904	85.124
180.542	98.725	85.082
180.547	98.525	84.970
180.546	98.340	84.918
180.561	98.141	84.849
180.565	97.885	84.833
180.593	97.515	84.815
180.578	97.229	84.818
180.581	96.849	84.821
180.591	96.493	84.822
180.578	96.117	84.829
180.585	95.741	84.844
180.550	95.422	84.848
180.538	95.065	84.854
180.458	94.861	84.907
180.474	94.553	84.908
180.445	94.447	84.999
180.463	94.298	85.005
180.514	94.175	85.000
180.526	94.193	85.059
180.572	94.257	85.049
180.642	94.400	85.032
180.747	94.579	84.942
180.799	94.937	84.898
180.860	95.393	84.851
180.919	96.002	84.842
181.020	96.730	84.804
181.043	97.731	84.870
181.105	98.894	84.910
180.776	99.470	84.912
180.472	99.165	84.822
180.522	99.013	84.843
180.691	99.066	84.944
180.925	99.190	85.020
181.015	99.260	85.115
180.760	99.148	85.143
180.639	98.897	85.111
180.541	98.785	85.092
180.551	98.579	84.953
180.552	98.402	84.912
180.552	98.235	84.866
180.556	98.013	84.821
180.547	97.699	84.861
180.572	97.366	84.825
180.576	97.025	84.840
180.594	96.626	84.822
180.583	96.279	84.829
180.617	95.851	84.821
180.553	95.577	84.863
180.543	95.204	84.857
180.489	94.952	84.877
180.447	94.707	84.936
180.450	94.501	84.954
180.462	94.344	84.998
180.507	94.201	85.001
180.533	94.164	85.016
180.535	94.273	85.085
180.635	94.304	85.014
180.712	94.481	84.970
180.713	94.830	84.981
180.783	95.197	84.942
180.865	95.706	84.870
180.952	96.320	84.805
181.022	97.127	84.858
181.073	98.162	84.877
181.078	99.268	84.942
180.610	99.334	84.857
180.452	99.102	84.833
180.570	98.996	84.860
180.767	99.122	84.962
181.002	99.198	85.056
180.957	99.247	85.107
180.738	99.020	85.104
180.580	98.863	85.135
180.530	98.658	85.052
180.531	98.441	84.963
180.563	98.231	84.893
180.528	98.039	84.878
180.551	97.708	84.852
180.549	97.415	84.864
180.581	97.021	84.810
180.568	96.658	84.811
180.563	96.309	84.839
180.601	95.894	84.820
180.574	95.555	84.811
180.556	95.205	84.852
180.523	94.925	84.868
180.441	94.739	84.949
180.474	94.477	84.954
180.450	94.335	84.997
180.471	94.188	84.990
180.499	94.124	85.009
180.531	94.172	85.041
180.604	94.294	85.041
180.684	94.436	84.997
180.769	94.706	84.928
180.849	95.091	84.876
180.857	95.718	84.889
180.936	96.366	84.839
180.996	97.221	84.856
181.044	98.303	84.904
181.037	99.361	84.937
180.565	99.289	84.820
180.465	99.095	84.842
180.608	99.026	84.904
180.837	99.138	84.947
181.036	99.226	85.087
180.912	99.185	85.098
180.673	99.031	85.143
180.560	98.860	85.129
180.528	98.707	85.034
180.517	98.576	84.979
180.583	98.318	84.859
180.560	98.151	84.836
180.545	97.925	84.856
180.568	97.583	84.854
180.566	97.262	84.847
180.588	96.879	84.851
180.586	96.514	84.840
180.598	96.117	84.845
180.590	95.755	84.840
180.556	95.418	84.863
180.525	95.108	84.858
180.459	94.912	84.903
180.460	94.650	84.929
180.473	94.454	84.958
180.482	94.347	85.011
180.510	94.246	85.026
180.555	94.228	85.037
180.614	94.257	85.017
180.675	94.378	84.994
180.714	94.609	84.965
180.729	94.975	84.963
180.813	95.345	84.880
180.896	95.886	84.851
180.969	96.554	84.830
181.001	97.411	84.875
181.062	98.410	84.931
181.020	99.360	84.936
180.582	99.238	84.815
180.473	99.033	84.808
180.575	99.017	84.888
180.785	99.143	84.969
180.992	99.184	85.065
180.902	99.229	85.108
180.709	99.007	85.121
180.596	98.795	85.105
180.552	98.580	85.014
180.505	98.402	84.994
180.535	98.151	84.895
180.525	97.914	84.873
180.577	97.541	84.834
180.543	97.242	84.844
180.558	96.857	84.830
180.562	96.476	84.797
180.553	96.130	84.810
180.591	95.703	84.815
180.571	95.358	84.847
180.554	95.039	84.862
180.495	94.794	84.882
180.471	94.520	84.932
180.444	94.364	84.968
180.451	94.228	85.013
180.453	94.151	85.011
180.520	94.069	85.002
180.540	94.171	85.050
180.632	94.300	85.019
180.719	94.530	84.962
180.754	94.929	84.947
180.856	95.339	84.868
180.942	95.922	84.822
180.994	96.735	84.827
181.038	97.741	84.860
181.081	99.004	84.959
180.770	99.419	84.867
180.491	99.134	84.803
180.550	99.010	84.854
180.736	99.122	84.957
181.014	99.186	85.043
180.993	99.243	85.147
180.766	99.092	85.160
180.610	98.929	85.147
180.555	98.791	85.076
180.516	98.694	84.992
180.572	98.490	84.886
180.564	98.343	84.845
180.552	98.169	84.859
180.610	97.834	84.828
180.627	97.513	84.856
180.612	97.200	84.847
180.646	96.789	84.847
180.635	96.417	84.841
180.608	96.056	84.844
180.574	95.707	84.839
180.521	95.376	84.850
180.498	95.074	84.860
180.459	94.848	84.877
180.453	94.631	84.947
180.498	94.442	84.977
180.536	94.300	85.005
180.553	94.269	85.034
180.575	94.289	85.064
180.637	94.313	85.025
180.682	94.479	84.983
180.723	94.705	84.955
180.786	95.011	84.903
180.803	95.533	84.915
180.956	95.954	84.798
181.016	96.655	84.806
181.051	97.541	84.884
181.105	98.516	84.926
180.985	99.417	84.954
180.583	99.208	84.814
180.507	99.020	84.809
180.608	98.996	84.895
180.812	99.076	84.955
180.953	99.212	85.078
180.917	99.228	85.086
180.713	99.016	85.113
180.604	98.797	85.096
180.558	98.585	85.014
180.536	98.351	84.957
180.534	98.113	84.928
180.531	97.844	84.872
180.536	97.511	84.865
180.539	97.169	84.828
180.575	96.737	84.784
180.562	96.374	84.785
180.584	95.977	84.780
180.564	95.666	84.828
180.578	95.282	84.831
180.552	94.988	84.866
180.480	94.765	84.915
180.470	94.492	84.940
180.443	94.342	84.972
180.436	94.238	85.022
180.468	94.116	85.026
180.523	94.069	84.999
180.538	94.218	85.051
180.655	94.317	84.987
180.709	94.603	84.983
180.801	94.955	84.922
180.876	95.441	84.852
180.989	96.051	84.817
181.018	96.917	84.805
181.050	98.018	84.866
181.089	99.249	84.943
180.653	99.340	84.821
180.496	99.089	84.824
180.593	99.008	84.885
180.809	99.139	84.974
181.033	99.215	85.106
180.916	99.239	85.161
180.695	99.093	85.183
180.563	98.911	85.177
180.541	98.743	85.055
180.518	98.634	84.961
180.563	98.426	84.859
180.568	98.261	84.844
180.568	98.041	84.847
180.602	97.711	84.863
180.630	97.368	84.857
180.663	96.984	84.824
180.643	96.609	84.847
180.590	96.284	84.882
180.620	95.832	84.820
180.564	95.511	84.838
180.531	95.173	84.841
180.466	94.961	84.894
180.446	94.726	84.925
180.452	94.527	84.973
180.476	94.356	85.013
180.507	94.259	85.030
180.540	94.216	85.050
180.586	94.219	85.049
180.647	94.290	85.011
180.710	94.453	84.970
180.735	94.752	84.942
180.792	95.113	84.892
180.875	95.589	84.830
180.941	96.204	84.829
181.037	96.931	84.850
181.098	97.879	84.865
181.121	98.998	84.951
180.767	99.399	84.900
180.516	99.115	84.799
180.531	98.999	84.843
180.683	99.074	84.929
180.937	99.135	85.004
181.017	99.235	85.110
180.782	99.129	85.114
180.626	98.897	85.124
180.541	98.711	85.091
180.516	98.493	85.001
180.511	98.284	84.940
180.532	98.034	84.860
180.560	97.713	84.813
180.550	97.401	84.834
180.550	97.048	84.816
180.559	96.675	84.801
180.573	96.298	84.800
180.574	95.917	84.815
180.553	95.588	84.839
180.543	95.232	84.877
180.526	94.907	84.868
180.478	94.688	84.916
180.478	94.419	84.938
180.442	94.303	85.005
180.471	94.158	85.008
180.508	94.068	84.988
180.519	94.133	85.047
180.571	94.266	85.063
180.671	94.413	85.014
180.746	94.684	84.944
180.821	95.071	84.916
180.881	95.638	84.841
180.952	96.339	84.811
180.987	97.274	84.852
181.060	98.371	84.911
180.985	99.452	84.952
180.532	99.249	84.813
180.469	99.079	84.856
180.612	99.077	84.925
180.901	99.115	85.006
181.047	99.263	85.127
180.859	99.180	85.152
180.662	99.026	85.165
180.552	98.880	85.133
180.516	98.733	85.040
180.539	98.567	84.962
180.542	98.423	84.873
180.572	98.196	84.842
180.594	97.910	84.835
180.609	97.602	84.848
180.619	97.285	84.844
180.635	96.905	84.835
180.627	96.525	84.848
180.601	96.143	84.836
180.611	95.736	84.822
180.550	95.424	84.830
180.508	95.123	84.857
180.452	94.915	84.908
180.458	94.652	84.939
180.461	94.460	84.967
180.490	94.349	85.002
180.562	94.182	84.994
180.579	94.159	85.009
180.616	94.244	85.032
180.669	94.371	85.004
180.704	94.589	84.969
180.750	94.906	84.937
180.843	95.272	84.875
180.932	95.765	84.788
180.982	96.460	84.810
181.057	97.268	84.841
181.060	98.347	84.933
181.066	99.345	84.963
180.625	99.274	84.833
180.481	99.074	84.839
180.549	99.024	84.892
180.772	99.107	84.949
180.980	99.183	85.050
180.958	99.216	85.098
180.738	99.034	85.114
180.604	98.838	85.126
180.523	98.653	85.071
180.524	98.417	84.957
180.536	98.179	84.895
180.518	97.986	84.847
180.567	97.596	84.812
180.547	97.296	84.827
180.549	96.946	84.831
180.583	96.545	84.790
180.567	96.202	84.808
180.610	95.763	84.789
180.561	95.463	84.832
180.548	95.129	84.869
180.487	94.880	84.885
180.487	94.599	84.914
180.439	94.437	84.975
180.431	94.300	85.008
180.486	94.142	84.984
180.513	94.125	85.012
180.536	94.193	85.040
180.617	94.311	85.027
180.680	94.554	85.003
180.726	94.908	84.951
180.847	95.273	84.880
180.912	95.868	84.837
180.983	96.613	84.818
181.009	97.618	84.899
181.120	98.696	84.868
180.841	99.466	84.905
180.462	99.203	84.827
180.492	99.061	84.871
180.689	99.079	84.929
180.976	99.163	85.031
181.029	99.236	85.125
180.796	99.119	85.133
180.619	98.984	85.188
180.564	98.791	85.085
180.526	98.675	85.020
180.562	98.492	84.894
180.579	98.305	84.825
180.545	98.175	84.854
180.581	97.857	84.843
180.580	97.562	84.873
180.597	97.218	84.841
180.645	96.789	84.802
180.607	96.448	84.850
180.592	96.076	84.839
180.599	95.697	84.820
180.537	95.371	84.846
180.498	95.088	84.870
180.439	94.887	84.901
180.448	94.653	84.957
180.484	94.427	84.981
180.502	94.319	85.027
180.561	94.243	85.013
180.601	94.212	85.011
180.633	94.306	85.023
180.696	94.411	84.973
180.735	94.658	84.944
180.771	94.999	84.908
180.864	95.402	84.842
180.922	95.942	84.812
181.016	96.619	84.801
181.020	97.560	84.912
181.092	98.507	84.925
180.984	99.414	84.939
180.558	99.212	84.808
180.490	99.018	84.809
180.606	99.001	84.886
180.797	99.128	84.992
180.963	99.240	85.079
180.860	99.257	85.107
180.691	99.016	85.117
180.584	98.806	85.119
180.544	98.592	85.032
180.559	98.332	84.928
180.529	98.125	84.899
180.516	97.878	84.858
180.514	97.555	84.861
180.501	97.245	84.866
180.546	96.815	84.794
180.551	96.452	84.786
180.551	96.082	84.804
180.595	95.684	84.787
180.541	95.392	84.865
180.553	95.033	84.858
180.494	94.788	84.878
180.455	94.591	84.950
180.434	94.425	84.977
180.457	94.243	84.989
180.453	94.187	85.017
180.480	94.183	85.047
180.548	94.263	85.060
180.659	94.346	84.992
180.706	94.621	84.984
180.779	94.977	84.921
180.887	95.394	84.833
180.941	96.058	84.833
180.996	96.857	84.825
181.047	97.876	84.853
181.094	99.089	84.915
180.695	99.407	84.848
180.476	99.138	84.816
180.546	99.051	84.878
180.743	99.154	84.977
181.038	99.199	85.048
180.929	99.276	85.154
180.754	99.064	85.134
180.616	98.897	85.142
180.574	98.749	85.037
180.530	98.650	84.967
180.549	98.467	84.913
180.561	98.290	84.835
180.570	98.091	84.835
180.605	97.780	84.837
180.598	97.492	84.887
180.622	97.137	84.864
180.650	96.716	84.840
180.628	96.363	84.853
180.636	95.953	84.824
180.586	95.630	84.818
180.520	95.331	84.850
180.493	95.036	84.869
180.457	94.828	84.891
180.466	94.579	84.937
180.483	94.444	85.000
180.520	94.312	85.014
180.557	94.262	85.034
180.596	94.278	85.040
180.678	94.293	84.978
180.695	94.502	84.965
180.701	94.808	84.979
180.801	95.070	84.872
180.821	95.586	84.885
180.938	96.113	84.839
181.009	96.802	84.854
181.078	97.666	84.874
181.083	98.742	84.958
180.890	99.432	84.931
180.525	99.199	84.840
180.507	98.995	84.824
180.631	99.002	84.896
180.851	99.076	84.970
180.991	99.195	85.060
180.876	99.172	85.087
180.707	98.948	85.087
180.601	98.743	85.086
180.527	98.554	85.026
180.531	98.303	84.945
180.532	98.062	84.887
180.558	97.743	84.842
180.532	97.452	84.859
180.556	97.069	84.816
180.574	96.659	84.777
180.545	96.343	84.819
180.548	95.960	84.824
180.551	95.615	84.825
180.558	95.239	84.848
180.518	94.977	84.888
180.494	94.684	84.912
180.463	94.457	84.958
180.407	94.355	85.018
180.436	94.210	85.002
180.484	94.095	84.986
180.504	94.115	85.028
180.562	94.202	85.028
180.655	94.362	84.978
180.768	94.584	84.909
180.784	95.064	84.920
180.880	95.580	84.848
180.943	96.290	84.822
181.017	97.136	84.840
181.039	98.310	84.904
181.028	99.384	84.923
180.560	99.284	84.800
180.493	99.085	84.829
180.647	98.998	84.892
180.865	99.176	84.988
181.044	99.262	85.122
180.866	99.204	85.167
180.647	99.083	85.219
180.562	98.877	85.153
180.537	98.725	84.997
180.547	98.580	84.929
180.549	98.430	84.835
180.556	98.275	84.839
180.559	98.033	84.860
180.608	97.679	84.858
180.636	97.353	84.832
180.644	96.991	84.857
180.659	96.569	84.837
180.613	96.218	84.844
180.613	95.806	84.824
180.531	95.536	84.845
180.516	95.178	84.845
180.448	94.953	84.889
180.455	94.709	84.935
180.465	94.513	84.958
180.503	94.341	85.003
180.513	94.278	85.040
180.566	94.217	85.051
180.598	94.264	85.055
180.625	94.390	85.045
180.697	94.536	84.962
180.720	94.861	84.921
180.820	95.163	84.854
180.870	95.707	84.856
180.952	96.331	84.833
181.033	97.071	84.853
181.061	98.082	84.926
181.113	99.142	84.964
180.695	99.388	84.887
180.514	99.088	84.807
180.538	99.007	84.858
180.718	99.059	84.940
180.926	99.174	85.037
180.947	99.305	85.146
180.783	99.093	85.088
180.636	98.860	85.100
180.565	98.678	85.077
180.521	98.472	84.991
180.538	98.233	84.925
180.499	98.029	84.885
180.533	97.687	84.846
180.541	97.366	84.827
180.562	96.985	84.814
180.544	96.646	84.814
180.567	96.241	84.803
180.576	95.862	84.809
180.547	95.548	84.833
180.547	95.167	84.875
180.515	94.887	84.872
180.467	94.649	84.914
180.444	94.430	84.955
180.425	94.310	85.018
180.456	94.162	84.992
180.447	94.164	85.064
180.513	94.151	85.043
180.594	94.252	85.030
180.681	94.430	84.975
180.762	94.718	84.927
180.843	95.126	84.871
180.898	95.729	84.852
180.962	96.472	84.814
181.003	97.402	84.842
181.094	98.537	84.887
180.914	99.474	84.910
180.502	99.205	84.805
180.478	99.063	84.866
180.647	99.054	84.931
180.902	99.170	85.018
181.064	99.229	85.122
180.815	99.193	85.170
180.633	99.007	85.179
180.551	98.811	85.112
180.514	98.658	85.014
180.522	98.488	84.935
180.581	98.229	84.823
180.574	98.047	84.829
180.598	97.756	84.831
180.593	97.438	84.852
180.601	97.106	84.867
180.619	96.711	84.838
180.608	96.332	84.827
180.603	95.933	84.840
180.551	95.619	84.868
180.527	95.261	84.866
180.496	94.988	84.867
180.428	94.793	84.913
180.444	94.557	84.945
180.473	94.372	84.979
180.491	94.294	85.016
180.541	94.193	85.026
180.561	94.254	85.053
180.626	94.288	85.005
180.680	94.482	84.992
180.733	94.735	84.946
180.789	95.090	84.891
180.818	95.608	84.875
180.901	96.197	84.836
181.006	96.918	84.843
181.042	97.895	84.901
181.110	98.962	84.955
180.787	99.396	84.882
180.511	99.128	84.823
180.526	98.992	84.833
180.684	99.060	84.899
180.926	99.154	84.995
180.991	99.264	85.109
180.784	99.140	85.114
180.618	98.919	85.118
180.529	98.736	85.115
180.505	98.512	85.000
180.509	98.303	84.949
180.519	98.070	84.878
180.543	97.767	84.852
180.535	97.461	84.850
180.514	97.171	84.860
180.568	96.730	84.822
180.551	96.389	84.841
180.573	95.972	84.802
180.585	95.588	84.808
180.565	95.241	84.859
180.506	94.990	84.883
180.452	94.745	84.935
180.469	94.486	84.943
180.426	94.346	84.996
180.456	94.199	84.998
180.487	94.116	85.017
180.527	94.121	85.028
180.560	94.232	85.057
180.671	94.363	84.998
180.735	94.642	84.952
180.793	95.049	84.919
180.854	95.601	84.862
180.975	96.187	84.788
181.041	97.031	84.814
181.063	98.195	84.858
181.034	99.385	84.962
180.584	99.285	84.821
180.461	99.102	84.842
180.604	99.025	84.891
180.853	99.137	84.986
181.051	99.267	85.103
180.911	99.183	85.144
180.690	99.036	85.178
180.576	98.884	85.145
180.557	98.705	85.007
180.566	98.577	84.931
180.575	98.415	84.846
180.584	98.232	84.810
180.558	98.052	84.833
180.591	97.736	84.859
180.605	97.397	84.837
180.624	97.041	84.856
180.638	96.647	84.856
180.625	96.265	84.831
180.611	95.883	84.826
180.553	95.566	84.835
180.522	95.218	84.843
180.451	95.009	84.890
180.465	94.755	84.889
180.455	94.552	84.963
180.489	94.395	84.995
180.520	94.296	85.023
180.544	94.275	85.056
180.631	94.228	85.008
180.649	94.374	85.022
180.701	94.522	84.957
180.709	94.862	84.959
180.807	95.191	84.894
180.876	95.670	84.826
180.977	96.249	84.804
181.027	97.017	84.845
181.083	97.950	84.900
181.129	99.020	84.948
180.729	99.425	84.903
180.488	99.144	84.827
180.490	99.057	84.876
180.713	99.041	84.911
180.908	99.174	85.018
180.994	99.265	85.115
180.812	99.109	85.105
180.667	98.880	85.111
180.572	98.716	85.094
180.540	98.483	85.002
180.515	98.285	84.954
180.532	98.021	84.858
180.541	97.716	84.856
180.512	97.433	84.862
180.532	97.055	84.857
180.561	96.656	84.800
180.549	96.291	84.819
180.572	95.897	84.820
180.565	95.547	84.824
180.551	95.193	84.846
180.509	94.919	84.877
180.479	94.657	84.906
180.456	94.433	84.951
180.411	94.323	85.033
180.485	94.086	84.964
180.471	94.084	85.015
180.509	94.136	85.055
180.576	94.214	85.043
180.693	94.349	84.985
180.746	94.662	84.948
180.829	95.050	84.883
180.871	95.677	84.855
180.936	96.393	84.850
181.004	97.281	84.848
181.092	98.382	84.864
180.971	99.459	84.926
180.512	99.252	84.812
180.475	99.070	84.847
180.648	98.996	84.910
180.826	99.194	85.025
181.009	99.247	85.129
180.862	99.197	85.157
180.644	99.032	85.179
180.544	98.792	85.122
180.478	98.657	85.050
180.522	98.416	84.924
180.538	98.201	84.855
180.536	98.027	84.859
180.605	97.636	84.795
180.573	97.355	84.830
180.588	96.998	84.843
180.624	96.585	84.825
180.596	96.219	84.833
180.610	95.788	84.819
180.580	95.447	84.859
180.528	95.126	84.863
180.480	94.859	84.869
180.434	94.612	84.922
180.463	94.377	84.941
180.445	94.284	85.004
180.480	94.136	85.002
180.512	94.108	85.033
180.555	94.145	85.059
180.590	94.301	85.059
180.699	94.428	84.978
180.721	94.769	84.955
180.817	95.125	84.869
180.856	95.709	84.850
180.945	96.370	84.791
181.037	97.226	84.803
181.056	98.362	84.920
181.025	99.403	84.951
180.559	99.276	84.833
180.451	99.074	84.841
180.626	98.962	84.870
180.802	99.143	84.988
180.998	99.252	85.110
180.927	99.155	85.056
180.687	98.995	85.105
180.553	98.864	85.142
180.527	98.679	85.043
180.533	98.491	84.959
180.549	98.277	84.898
180.540	98.086	84.866
180.545	97.784	84.849
180.571	97.420	84.812
180.550	97.115	84.831
180.582	96.700	84.808
180.596	96.331	84.813
180.588	95.951	84.826
180.604	95.554	84.809
180.576	95.247	84.853
180.531	94.949	84.855
180.440	94.794	84.927
180.445	94.538	84.964
180.446	94.373	84.987
180.491	94.202	84.971
180.493	94.161	85.038
180.525	94.203	85.054
180.577	94.286	85.054
180.714	94.380	84.983
180.727	94.692	84.958
180.801	95.065	84.920
180.845	95.601	84.852
180.939	96.214	84.816
181.009	97.032	84.836
181.064	98.063	84.897
181.080	99.241	84.947
180.637	99.322	84.829
180.451	99.112	84.829
180.540	99.038	84.892
180.762	99.137	84.968
181.019	99.185	85.047
180.951	99.243	85.107
180.691	99.096	85.141
180.596	98.859	85.131
180.535	98.709	85.053
180.516	98.553	84.984
180.556	98.361	84.896
180.568	98.151	84.846
180.570	97.884	84.828
180.529	97.625	84.877
180.566	97.256	84.823
180.582	96.894	84.812
180.577	96.531	84.822
180.561	96.165	84.844
180.601	95.730	84.808
180.541	95.445	84.862
180.524	95.103	84.862
180.433	94.925	84.930
180.446	94.643	84.938
180.448	94.445	84.970
180.455	94.312	85.005
180.518	94.168	85.000
180.541	94.155	85.031
180.594	94.191	85.030
180.668	94.329	85.002
180.716	94.560	84.983
180.741	94.934	84.948
180.875	95.244	84.833
180.910	95.850	84.832
180.967	96.581	84.817
181.041	97.471	84.853
181.088	98.572	84.927
180.914	99.477	84.944
180.494	99.231	84.833
180.465	99.042	84.837
180.615	99.042	84.925
180.842	99.162	85.001
181.010	99.255	85.087
180.850	99.179	85.091
180.659	98.974	85.109
180.567	98.798	85.114
180.557	98.589	84.985
180.527	98.456	84.949
180.542	98.236	84.884
180.535	98.024	84.845
180.562	97.669	84.819
180.541	97.393	84.839
180.576	97.005	84.806
180.563	96.657	84.825
180.591	96.266	84.802
180.603	95.875	84.811
180.571	95.543	84.830
180.549	95.209	84.857
180.489	94.980	84.897
180.447	94.743	84.941
180.452	94.504	84.969
180.454	94.359	85.006
180.470	94.241	85.014
180.516	94.178	85.015
180.573	94.185	85.018
180.649	94.296	84.995
180.705	94.491	84.980
180.729	94.836	84.945
180.837	95.174	84.848
180.894	95.713	84.829
180.955	96.395	84.803
181.022	97.233	84.814
181.044	98.339	84.909
181.020	99.374	84.946
180.553	99.291	84.839
180.440	99.107	84.850
180.589	99.007	84.907
180.809	99.117	84.970
180.999	99.238	85.081
180.911	99.201	85.090
180.714	98.994	85.098
180.594	98.841	85.106
180.542	98.677	85.020
180.546	98.492	84.946
180.545	98.303	84.905
180.550	98.108	84.843
180.537	97.823	84.834
180.564	97.471	84.843
180.544	97.182	84.834
180.554	96.804	84.847
180.558	96.438	84.833
180.606	95.989	84.804
180.586	95.657	84.830
180.554	95.340	84.875
180.533	95.014	84.861
180.459	94.801	84.904
180.451	94.582	84.959
180.480	94.356	84.946
180.473	94.267	85.005
180.491	94.203	85.043
180.544	94.189	85.035
180.595	94.271	85.036
180.665	94.417	84.999
180.730	94.629	84.938
180.765	95.029	84.931
180.842	95.465	84.871
180.945	96.014	84.819
180.999	96.808	84.815
181.031	97.789	84.884
181.071	98.954	84.962
180.768	99.449	84.896
180.475	99.146	84.821
180.479	99.047	84.875
180.696	99.014	84.933
180.929	99.141	84.999
181.002	99.270	85.095
180.762	99.170	85.119
180.617	98.927	85.123
180.529	98.774	85.102
180.531	98.557	84.994
180.548	98.337	84.909
180.544	98.145	84.873
180.562	97.877	84.841
180.545	97.563	84.844
180.570	97.202	84.797
180.558	96.868	84.806
180.567	96.503	84.821
180.605	96.074	84.792
180.597	95.724	84.807
180.567	95.385	84.853
180.555	95.052	84.844
180.480	94.848	84.893
180.486	94.554	84.923
180.437	94.432	84.998
180.497	94.209	84.953
180.461	94.195	85.032
180.513	94.150	85.034
180.563	94.236	85.052
180.641	94.344	85.012
180.715	94.585	84.988
180.751	94.964	84.939
180.849	95.351	84.859
180.943	95.914	84.808
180.999	96.683	84.807
181.038	97.661	84.863
181.110	98.810	84.928
180.813	99.461	84.909
180.477	99.180	84.817
180.524	99.011	84.834
180.688	99.051	84.929
180.927	99.187	85.011
181.021	99.253	85.140
180.770	99.161	85.143
180.641	98.925	85.111
180.552	98.774	85.079
180.514	98.644	85.004
180.544	98.424	84.906
180.547	98.259	84.874
180.555	98.035	84.836
180.568	97.702	84.839
180.547	97.426	84.859
180.600	97.009	84.826
180.613	96.628	84.802
180.610	96.255	84.825
180.634	95.847	84.797
180.578	95.539	84.825
180.538	95.225	84.867
180.479	94.975	84.891
180.423	94.762	84.954
180.479	94.469	84.926
180.441	94.400	85.021
180.482	94.264	85.025
180.504	94.223	85.064
180.581	94.215	85.029
180.632	94.292	85.025
180.684	94.516	85.013
180.729	94.792	84.953
180.807	95.169	84.899
180.881	95.674	84.846
180.961	96.314	84.790
181.043	97.118	84.815
181.047	98.230	84.916
181.070	99.304	84.946
180.619	99.314	84.832
180.467	99.078	84.823
180.551	99.027	84.879
180.752	99.154	84.958
180.996	99.193	85.056
180.937	99.244	85.101
180.733	98.999	85.085
180.604	98.810	85.106
180.535	98.659	85.038
180.526	98.465	84.963
180.522	98.289	84.926
180.552	98.048	84.841
180.534	97.759	84.857
180.567	97.403	84.826
180.570	97.067	84.813
180.567	96.696	84.798
180.589	96.313	84.803
180.590	95.935	84.807
180.572	95.584	84.832
180.545	95.252	84.863
180.545	94.936	84.840
180.489	94.707	84.903
180.434	94.533	84.978
180.430	94.405	85.011
180.436	94.266	85.041
180.474	94.201	85.043
180.511	94.239	85.084
180.627	94.243	84.994
180.678	94.476	85.015
180.749	94.723	84.936
180.827	95.092	84.888
180.869	95.635	84.845
180.938	96.285	84.794
181.009	97.120	84.839
181.045	98.215	84.881
181.079	99.298	84.924
180.586	99.325	84.841
180.466	99.095	84.823
180.581	99.027	84.904
180.796	99.146	84.965
180.992	99.254	85.114
180.906	99.244	85.123
180.701	99.049	85.141
180.561	98.888	85.129
180.521	98.710	85.048
180.530	98.548	84.955
180.546	98.333	84.886
180.548	98.162	84.850
180.524	97.952	84.852
180.570	97.553	84.825
180.567	97.240	84.831
180.577	96.884	84.841
180.574	96.528	84.835
180.613	96.082	84.807
180.601	95.730	84.816
180.557	95.410	84.857
180.556	95.067	84.834
180.454	94.891	84.903
180.466	94.610	84.938
180.473	94.421	84.942
180.475	94.301	85.001
180.512	94.208	85.011
180.541	94.222	85.054
180.585	94.249	85.050
180.667	94.362	84.993
180.697	94.630	84.988
180.743	94.962	84.948
180.848	95.309	84.858
180.920	95.856	84.818
180.992	96.571	84.798
181.052	97.469	84.853
181.077	98.555	84.921
180.939	99.445	84.938
180.518	99.226	84.831
180.454	99.061	84.837
180.588	99.073	84.914
180.857	99.146	84.977
180.999	99.266	85.100
180.863	99.205	85.116
180.668	98.974	85.118
180.570	98.771	85.108
180.521	98.608	85.027
180.526	98.376	84.952
180.534	98.181	84.896
180.533	97.929	84.857
180.568	97.591	84.840
180.539	97.308	84.846
180.546	96.951	84.850
180.575	96.527	84.808
180.566	96.166	84.822
180.591	95.769	84.822
180.555	95.450	84.846
180.532	95.110	84.869
180.502	94.843	84.874
180.469	94.619	84.937
180.449	94.421	84.965
180.464	94.248	84.970
180.456	94.182	85.026
180.529	94.082	85.005
180.547	94.176	85.031
180.626	94.310	85.029
180.708	94.494	84.966
180.735	94.894	84.950
180.813	95.312	84.917
180.924	95.841	84.832
180.994	96.566	84.799
181.022	97.555	84.869
181.081	98.711	84.924
180.845	99.484	84.935
180.481	99.195	84.813
180.489	99.060	84.866
180.662	99.093	84.938
180.962	99.150	85.016
181.047	99.263	85.127
180.789	99.172	85.154
180.626	98.975	85.158
180.555	98.806	85.094
180.521	98.679	84.986
180.558	98.495	84.923
180.585	98.288	84.830
180.568	98.115	84.840
180.595	97.800	84.817
180.590	97.503	84.834
180.612	97.150	84.840
180.615	96.776	84.831
180.596	96.409	84.848
180.579	96.037	84.857
180.575	95.655	84.842
180.561	95.295	84.840
180.503	95.020	84.859
180.447	94.792	84.904
180.440	94.584	84.951
180.455	94.423	85.004
180.470	94.305	85.040
180.512	94.253	85.074
180.574	94.205	85.033
180.641	94.258	84.999
180.675	94.444	85.001
180.749	94.651	84.925
180.771	95.049	84.923
180.844	95.515	84.859
180.933	96.047	84.829
181.019	96.760	84.806
181.050	97.734	84.889
181.095	98.856	84.961
180.809	99.479	84.937
180.508	99.149	84.814
180.478	99.065	84.856
180.629	99.098	84.932
180.928	99.121	84.985
181.041	99.219	85.087
180.799	99.158	85.126
180.628	98.944	85.130
180.531	98.761	85.125
180.506	98.554	85.002
180.537	98.316	84.931
180.520	98.125	84.890
180.547	97.842	84.830
180.555	97.519	84.842
180.545	97.188	84.838
180.590	96.779	84.781
180.564	96.450	84.819
180.575	96.055	84.805
180.581	95.692	84.805
180.574	95.309	84.837
180.532	95.038	84.866
180.480	94.795	84.896
180.488	94.493	84.912
180.447	94.387	84.969
180.445	94.262	85.008
180.482	94.139	85.009
180.525	94.126	85.019
180.593	94.199	84.999
180.633	94.395	85.026
180.741	94.597	84.945
180.767	95.004	84.926
180.878	95.439	84.843
180.961	96.032	84.811
181.009	96.857	84.813
181.033	97.934	84.887
181.077	99.143	84.954
180.705	99.382	84.852
180.466	99.139	84.834
180.550	99.024	84.864
180.752	99.132	84.962
181.004	99.201	85.071
180.969	99.254	85.146
180.751	99.077	85.139
180.625	98.869	85.124
180.527	98.770	85.088
180.553	98.590	84.953
180.566	98.411	84.893
180.565	98.252	84.852
180.562	98.036	84.847
180.613	97.675	84.820
180.602	97.396	84.832
180.632	97.006	84.814
180.619	96.658	84.832
180.586	96.307	84.854
180.607	95.881	84.840
180.570	95.559	84.830
180.550	95.212	84.828
180.488	94.969	84.876
180.454	94.750	84.911
180.464	94.521	84.963
180.493	94.352	84.989
180.513	94.278	85.040
180.520	94.278	85.069
180.588	94.236	85.046
180.652	94.355	85.022
180.683	94.543	84.980
180.743	94.807	84.930
180.831	95.139	84.866
180.897	95.642	84.823
180.952	96.281	84.818
181.059	97.001	84.823
181.072	98.046	84.882
181.106	99.181	84.966
180.708	99.347	84.852
180.486	99.111	84.830
180.544	99.005	84.854
180.722	99.101	84.947
180.966	99.163	85.049
180.965	99.283	85.141
180.758	99.081	85.111
180.599	98.876	85.135
180.541	98.669	85.062
180.537	98.437	84.978
180.530	98.261	84.935
180.535	98.030	84.877
180.540	97.727	84.851
180.550	97.399	84.845
180.552	97.032	84.805
180.583	96.634	84.801
180.580	96.269	84.810
180.606	95.864	84.796
180.560	95.559	84.840
180.541	95.213	84.890
180.496	94.941	84.886
180.437	94.722	84.972
180.457	94.453	84.966
180.448	94.279	84.986
180.464	94.170	85.007
180.458	94.159	85.074
180.552	94.122	85.030
180.581	94.265	85.044
180.696	94.411	84.981
180.754	94.699	84.936
180.847	95.082	84.865
180.895	95.711	84.847
180.957	96.406	84.804
181.006	97.354	84.840
181.069	98.464	84.919
180.967	99.464	84.936
180.520	99.232	84.807
180.477	99.081	84.847
180.653	99.030	84.912
180.913	99.123	85.007
181.030	99.284	85.150
180.849	99.197	85.162
180.641	99.023	85.179
180.548	98.807	85.109
180.539	98.648	84.995
180.563	98.452	84.917
180.572	98.271	84.843
180.560	98.099	84.839
180.581	97.784	84.832
180.603	97.437	84.834
180.612	97.112	84.853
180.624	96.723	84.843
180.622	96.316	84.823
180.627	95.917	84.817
180.565	95.611	84.849
180.529	95.257	84.875
180.484	94.990	84.887
180.453	94.722	84.911
180.460	94.501	84.944
180.457	94.368	84.997
180.468	94.257	85.034
180.523	94.158	85.010
180.556	94.173	85.051
180.598	94.278	85.065
180.678	94.409	85.001
180.725	94.681	84.958
180.828	94.981	84.862
180.859	95.541	84.856
180.947	96.131	84.794
181.033	96.905	84.815
181.079	97.931	84.871
181.137	99.088	84.946
180.723	99.395	84.873
180.482	99.126	84.816
180.520	99.044	84.872
180.721	99.112	84.951
180.981	99.192	85.044
181.004	99.254	85.129
180.729	99.112	85.140
180.620	98.842	85.108
180.523	98.706	85.076
180.542	98.497	84.973
180.506	98.351	84.951
180.535	98.109	84.858
180.530	97.848	84.836
180.547	97.525	84.837
180.545	97.204	84.829
180.552	96.845	84.844
180.580	96.460	84.825
180.600	96.051	84.819
180.592	95.686	84.816
180.564	95.332	84.851
180.519	95.044	84.875
180.453	94.819	84.900
180.437	94.597	84.964
180.420	94.438	84.992
180.451	94.278	85.029
180.509	94.160	85.005
180.507	94.210	85.068
180.575	94.272	85.064
180.659	94.396	85.008
180.732	94.655	84.957
180.779	94.985	84.907
180.859	95.461	84.840
180.924	96.078	84.828
180.994	96.858	84.827
181.041	97.847	84.867
181.070	99.081	84.952
180.724	99.393	84.864
180.462	99.137	84.821
180.531	99.011	84.863
180.728	99.070	84.950
180.957	99.193	85.049
180.988	99.266	85.138
180.764	99.079	85.107
180.596	98.925	85.137
180.548	98.737	85.060
180.536	98.589	84.961
180.539	98.409	84.911
180.548	98.212	84.865
180.532	97.998	84.862
180.555	97.665	84.846
180.548	97.346	84.842
180.608	96.939	84.805
180.584	96.580	84.814
180.582	96.220	84.827
180.599	95.807	84.819
180.562	95.483	84.854
180.516	95.153	84.868
180.479	94.903	84.880
180.474	94.620	84.915
180.434	94.475	84.985
180.447	94.324	85.024
180.485	94.207	85.037
180.530	94.130	85.039
180.559	94.215	85.041
180.655	94.276	85.010
180.683	94.505	84.993
180.709	94.862	84.967
180.799	95.195	84.919
180.914	95.705	84.814
180.953	96.436	84.808
181.003	97.342	84.859
181.077	98.395	84.907
180.976	99.453	84.970
180.546	99.226	84.803
180.474	99.025	84.803
180.581	99.028	84.912
180.839	99.117	84.976
181.005	99.254	85.101
180.877	99.220	85.112
180.678	99.015	85.129
180.565	98.839	85.119
180.540	98.657	85.034
180.545	98.444	84.920
180.567	98.250	84.851
180.527	98.110	84.856
180.551	97.777	84.829
180.541	97.479	84.860
180.523	97.174	84.832
180.568	96.755	84.807
180.565	96.381	84.822
180.579	96.018	84.832
180.580	95.639	84.828
180.566	95.285	84.850
180.523	95.003	84.851
180.444	94.817	84.929
180.438	94.567	84.954
180.458	94.376	84.983
180.470	94.235	84.990
180.476	94.235	85.047
180.546	94.206	85.040
180.579	94.357	85.064
180.700	94.434	84.982
180.718	94.759	84.964
180.797	95.117	84.920
180.832	95.650	84.872
180.932	96.226	84.815
181.013	96.968	84.816
181.056	98.019	84.877
181.083	99.214	84.961
180.650	99.384	84.879
180.455	99.119	84.838
180.537	98.993	84.868
180.741	99.055	84.974
180.931	99.222	85.041
180.977	99.238	85.084
180.736	99.083	85.096
180.590	98.898	85.122
180.543	98.716	85.068
180.534	98.511	84.973
180.555	98.295	84.908
180.549	98.080	84.851
180.575	97.767	84.830
180.561	97.448	84.842
180.511	97.170	84.847
180.557	96.738	84.793
180.566	96.359	84.807
180.598	95.951	84.808
180.573	95.615	84.822
180.572	95.237	84.846
180.522	94.972	84.869
180.445	94.776	84.952
180.457	94.497	84.949
180.429	94.363	85.001
180.462	94.183	84.984
180.506	94.056	84.979
180.528	94.099	85.013
180.560	94.232	85.057
180.664	94.359	84.998
180.713	94.648	84.980
180.769	95.029	84.937
180.855	95.504	84.845
180.935	96.148	84.840
181.007	96.948	84.824
181.072	98.004	84.853
181.089	99.234	84.933
180.630	99.375	84.850
180.455	99.127	84.824
180.579	98.996	84.870
180.796	99.119	84.954
181.033	99.203	85.086
180.939	99.237	85.149
180.695	99.092	85.175
180.561	98.949	85.184
180.526	98.775	85.059
180.573	98.573	84.925
180.591	98.409	84.860
180.564	98.308	84.847
180.592	98.033	84.810
180.568	97.782	84.863
180.591	97.448	84.847
180.612	97.076	84.847
180.612	96.701	84.841
180.603	96.309	84.846
180.596	95.931	84.821
180.552	95.596	84.844
180.529	95.245	84.847
180.477	95.002	84.886
180.444	94.753	84.903
180.481	94.525	84.945
180.490	94.387	84.990
180.533	94.235	84.974
180.555	94.214	85.027
180.588	94.262	85.039
180.644	94.309	85.012
180.689	94.511	84.975
180.740	94.790	84.942
180.855	95.056	84.836
180.851	95.661	84.884
180.924	96.266	84.854
181.052	96.930	84.836
181.069	97.954	84.885
181.138	99.014	84.933
180.738	99.419	84.889
180.496	99.110	84.812
180.528	99.020	84.834
180.682	99.099	84.934
180.923	99.184	85.052
180.987	99.283	85.138
180.766	99.125	85.132
180.623	98.871	85.133
180.537	98.710	85.086
180.525	98.465	84.991
180.529	98.264	84.925
180.529	98.045	84.883
180.533	97.767	84.862
180.570	97.390	84.830
180.551	97.068	84.830
180.597	96.663	84.788
180.570	96.308	84.815
180.593	95.902	84.796
180.577	95.572	84.816
180.547	95.233	84.862
180.519	94.932	84.868
180.480	94.677	84.920
180.425	94.503	84.995
180.478	94.231	84.957
180.470	94.161	84.998
180.502	94.078	84.997
180.531	94.108	85.024
180.587	94.220	85.029
180.691	94.377	84.980
180.762	94.652	84.920
180.859	95.005	84.845
180.896	95.623	84.817
180.945	96.324	84.818
181.021	97.195	84.846
181.083	98.336	84.882
181.003	99.432	84.937
180.537	99.270	84.813
180.467	99.084	84.847
180.605	99.065	84.939
180.853	99.179	85.015
181.019	99.286	85.150
180.859	99.230	85.168
180.671	99.017	85.153
180.545	98.867	85.167
180.536	98.673	85.020
180.574	98.479	84.899
180.573	98.304	84.859
180.559	98.146	84.840
180.589	97.845	84.824
180.609	97.517	84.835
180.584	97.231	84.856
180.615	96.828	84.836
180.620	96.429	84.831
180.604	96.035	84.825
180.587	95.686	84.838
180.547	95.347	84.850
180.516	95.037	84.846
180.423	94.858	84.934
180.437	94.622	84.941
180.452	94.430	84.984
180.469	94.321	85.031
180.536	94.203	85.016
180.546	94.220	85.050
180.631	94.245	85.008
180.686	94.375	84.986
180.730	94.630	84.947
180.745	95.004	84.930
180.825	95.442	84.875
180.934	95.945	84.816
181.014	96.651	84.811
181.039	97.604	84.895
181.103	98.667	84.929
180.900	99.460	84.932
180.536	99.192	84.806
180.450	99.083	84.855
180.635	99.047	84.893
180.920	99.086	84.978
181.018	99.263	85.110
180.850	99.177	85.109
180.649	98.969	85.131
180.569	98.754	85.084
180.515	98.568	85.021
180.544	98.339	84.938
180.547	98.135	84.866
180.536	97.903	84.851
180.549	97.559	84.833
180.534	97.287	84.854
180.557	96.890	84.821
180.583	96.499	84.817
180.581	96.129	84.810
180.605	95.712	84.788
180.589	95.360	84.820
180.529	95.093	84.872
180.474	94.866	84.897
180.446	94.619	84.961
180.439	94.443	84.999
180.452	94.269	85.015
180.495	94.162	84.999
180.541	94.115	84.991
180.595	94.171	85.005
180.647	94.351	85.002
180.708	94.613	84.978
180.751	94.964	84.939
180.808	95.460	84.917
180.930	95.986	84.832
180.989	96.786	84.838
181.027	97.774	84.869
181.116	98.913	84.906
180.786	99.414	84.863
180.465	99.169	84.835
180.523	99.033	84.858
180.709	99.109	84.954
180.964	99.204	85.054
180.999	99.278	85.129
180.760	99.120	85.131
180.640	98.881	85.119
180.540	98.779	85.088
180.533	98.613	84.986
180.557	98.439	84.911
180.570	98.237	84.847
180.563	98.028	84.841
180.570	97.722	84.853
180.609	97.362	84.818
180.615	97.022	84.821
180.603	96.679	84.836
180.615	96.262	84.815
180.614	95.872	84.811
180.560	95.560	84.848
180.538	95.214	84.847
180.469	94.989	84.911
180.482	94.697	84.907
180.466	94.505	84.944
180.498	94.337	84.984
180.494	94.273	85.025
180.538	94.207	85.031
180.578	94.225	85.044
180.609	94.359	85.043
180.702	94.504	84.984
180.730	94.781	84.958
180.837	95.121	84.871
180.873	95.675	84.845
180.948	96.288	84.818
181.042	97.068	84.828
181.044	98.127	84.907
181.095	99.220	84.972
180.676	99.349	84.856
180.506	99.060	84.786
180.555	98.994	84.840
180.753	99.082	84.928
180.980	99.172	85.030
180.966	99.275	85.136
180.755	99.066	85.096
180.585	98.892	85.140
180.542	98.647	85.047
180.538	98.454	84.958
180.547	98.243	84.902
180.536	98.035	84.845
180.556	97.723	84.847
180.552	97.427	84.845
180.564	97.055	84.835
180.552	96.729	84.830
180.595	96.298	84.797
180.588	95.940	84.806
180.566	95.603	84.835
180.539	95.248	84.871
180.512	94.973	84.887
180.444	94.743	84.944
180.469	94.486	84.944
180.471	94.302	84.977
180.450	94.222	85.017
180.507	94.112	84.999
180.524	94.198	85.058
180.644	94.195	84.979
180.684	94.452	84.996
180.762	94.718	84.927
180.853	95.073	84.855
180.862	95.719	84.875
180.925	96.384	84.830
180.995	97.262	84.841
181.076	98.295	84.876
181.022	99.401	84.918
180.556	99.283	84.814
180.491	99.074	84.829
180.618	99.054	84.906
180.839	99.180	85.002
181.072	99.225	85.089
180.900	99.182	85.102
180.666	99.049	85.158
180.573	98.860	85.116
180.546	98.700	85.021
180.553	98.554	84.948
180.563	98.357	84.874
180.562	98.199	84.850
180.582	97.923	84.830
180.606	97.587	84.833
180.609	97.265	84.829
180.608	96.912	84.838
180.627	96.514	84.828
180.596	96.158	84.842
180.605	95.754	84.818
180.544	95.440	84.844
180.537	95.097	84.844
180.456	94.897	84.887
180.464	94.631	84.909
180.464	94.455	84.976
180.509	94.282	84.978
180.496	94.268	85.054
180.563	94.200	85.047
180.618	94.225	85.031
180.651	94.372	85.013
180.741	94.522	84.944
180.741	94.906	84.928
180.808	95.307	84.889
180.917	95.794	84.822
180.955	96.534	84.829
181.048	97.343	84.832
181.098	98.373	84.908
181.016	99.386	84.951
180.569	99.274	84.834
180.491	99.032	84.799
180.594	99.008	84.865
180.805	99.160	84.985
180.981	99.250	85.110
180.934	99.191	85.099
180.682	99.036	85.149
180.552	98.836	85.142
180.513	98.636	85.046
180.493	98.445	84.971
180.517	98.227	84.905
180.536	97.977	84.852
180.531	97.681	84.869
180.567	97.315	84.824
180.573	96.944	84.818
180.580	96.595	84.800
180.581	96.214	84.823
180.591	95.828	84.823
180.592	95.449	84.828
180.553	95.144	84.864
180.504	94.882	84.886
180.462	94.659	84.948
180.424	94.475	84.995
180.457	94.281	84.976
180.478	94.166	85.023
180.470	94.184	85.066
180.555	94.192	85.032
180.620	94.314	85.022
180.713	94.507	84.980
180.734	94.902	84.964
180.847	95.220	84.875
180.933	95.790	84.818
180.955	96.586	84.826
181.012	97.527	84.867
181.088	98.627	84.914
180.900	99.454	84.908
180.491	99.214	84.828
180.492	99.061	84.871
180.645	99.092	84.946
180.905	99.201	85.033
181.034	99.298	85.146
180.832	99.139	85.131
180.599	99.054	85.201
180.570	98.793	85.104
180.525	98.664	85.000
180.548	98.489	84.937
180.580	98.265	84.848
180.566	98.103	84.839
180.576	97.792	84.840
180.613	97.435	84.834
180.583	97.176	84.845
180.608	96.766	84.835
180.602	96.400	84.838
180.575	96.022	84.842
180.581	95.645	84.832
180.564	95.282	84.836
180.515	95.023	84.864
180.444	94.828	84.904
180.453	94.562	84.950
180.455	94.417	84.988
180.459	94.330	85.063
180.515	94.214	85.040
180.572	94.208	85.042
180.628	94.277	85.018
180.715	94.388	84.949
180.734	94.689	84.953
180.793	95.022	84.900
180.884	95.473	84.817
180.972	96.038	84.797
181.021	96.822	84.822
181.046	97.799	84.890
181.112	98.893	84.939
180.777	99.474	84.935
180.485	99.165	84.817
180.488	99.040	84.852
180.657	99.103	84.928
180.933	99.156	85.014
181.028	99.238	85.106
180.784	99.140	85.114
180.629	98.928	85.138
180.532	98.742	85.091
180.498	98.568	85.011
180.533	98.309	84.922
180.557	98.082	84.842
180.558	97.823	84.831
180.573	97.495	84.829
180.555	97.201	84.829
180.562	96.822	84.810
180.559	96.465	84.824
180.576	96.055	84.813
180.580	95.683	84.819
180.554	95.340	84.875
180.524	95.045	84.861
180.464	94.814	84.910
180.474	94.523	84.927
180.446	94.409	84.993
180.449	94.255	85.008
180.478	94.154	85.003
180.518	94.157	85.044
180.566	94.239	85.047
180.652	94.364	85.008
180.735	94.584	84.951
180.775	94.998	84.931
180.848	95.472	84.853
180.971	96.027	84.777
181.014	96.850	84.812
181.041	97.899	84.873
181.105	99.098	84.943
180.677	99.441	84.881
180.450	99.165	84.834
180.533	99.036	84.874
180.743	99.127	84.957
180.992	99.198	85.075
180.993	99.223	85.113
180.772	99.051	85.097
180.607	98.914	85.132
180.534	98.780	85.084
180.543	98.607	84.971
180.568	98.436	84.903
180.579	98.237	84.848
180.576	98.015	84.819
180.567	97.740	84.854
180.589	97.401	84.841
180.581	97.090	84.851
180.614	96.668	84.822
180.600	96.300	84.835
180.610	95.907	84.831
180.561	95.604	84.839
180.538	95.250	84.853
180.476	95.010	84.891
180.458	94.759	84.894
180.478	94.516	84.926
180.467	94.409	85.009
180.504	94.286	85.017
180.562	94.210	85.014
180.592	94.254	85.031
180.625	94.362	85.025
180.718	94.494	84.948
180.740	94.790	84.934
180.826	95.119	84.855
180.879	95.649	84.836
180.919	96.275	84.836
180.987	97.065	84.883
181.077	97.973	84.875
181.076	99.143	84.973
180.723	99.381	84.863
180.491	99.112	84.816
180.534	99.014	84.858
180.695	99.105	84.945
180.937	99.177	85.034
180.988	99.275	85.124
180.762	99.118	85.122
180.611	98.870	85.118
180.522	98.722	85.076
180.513	98.478	84.986
180.518	98.275	84.939
180.520	98.037	84.887
180.580	97.663	84.814
180.558	97.367	84.820
180.533	97.052	84.848
180.568	96.644	84.801
180.574	96.279	84.819
180.589	95.871	84.809
180.561	95.524	84.815
180.564	95.163	84.852
180.498	94.927	84.901
180.490	94.624	84.905
180.451	94.435	84.955
180.470	94.246	84.966
180.502	94.096	84.950
180.477	94.094	85.039
180.539	94.110	85.023
180.593	94.224	85.030
180.670	94.415	84.996
180.755	94.700	84.944
180.842	95.081	84.879
180.895	95.675	84.842
180.942	96.408	84.826
181.019	97.321	84.811
181.100	98.395	84.876
180.985	99.450	84.917
180.526	99.237	84.808
180.491	99.052	84.833
180.633	99.055	84.926
180.900	99.131	85.006
181.048	99.247	85.136
180.869	99.180	85.142
180.648	99.033	85.176
180.558	98.826	85.133
180.530	98.654	85.010
180.573	98.443	84.893
180.574	98.260	84.848
180.574	98.070	84.825
180.593	97.785	84.847
180.596	97.464	84.843
180.604	97.118	84.840
180.621	96.758	84.844
180.610	96.363	84.842
180.605	95.966	84.828
180.583	95.618	84.846
180.525	95.285	84.863
180.516	94.990	84.865
180.462	94.769	84.894
180.464	94.549	84.930
180.473	94.388	84.979
180.493	94.267	85.021
180.518	94.218	85.035
180.573	94.208	85.022
180.626	94.296	85.019
180.676	94.473	85.001
180.763	94.657	84.916
180.790	95.040	84.900
180.854	95.512	84.851
180.909	96.118	84.830
181.005	96.840	84.835
181.080	97.747	84.852
181.123	98.855	84.934
180.837	99.415	84.885
180.487	99.183	84.841
180.499	99.038	84.852
180.642	99.105	84.942
180.916	99.162	85.000
181.029	99.244	85.111
180.798	99.155	85.119
180.611	98.965	85.153
180.539	98.735	85.097
180.510	98.541	85.006
180.538	98.299	84.932
180.524	98.118	84.890
180.570	97.788	84.840
180.561	97.470	84.837
180.556	97.155	84.829
180.589	96.749	84.799
180.573	96.405	84.809
180.596	95.991	84.804
180.603	95.617	84.801
180.543	95.329	84.873
180.539	94.982	84.855
180.445	94.801	84.937
180.459	94.537	84.969
180.469	94.337	84.950
180.475	94.197	84.981
180.466	94.185	85.042
180.542	94.133	85.016
180.594	94.238	85.020
180.668	94.407	84.985
180.724	94.698	84.957
180.837	95.003	84.867
180.846	95.613	84.880
180.932	96.240	84.825
181.008	97.040	84.841
181.055	98.140	84.870
181.093	99.282	84.919
180.609	99.339	84.828
180.480	99.109	84.820
180.587	99.040	84.890
180.800	99.184	84.984
181.027	99.285	85.099
180.905	99.228	85.152
180.710	99.046	85.161
180.592	98.885	85.145
180.558	98.725	85.013
180.557	98.608	84.939
180.567	98.425	84.875
180.574	98.260	84.848
180.538	98.089	84.875
180.631	97.679	84.827
180.619	97.381	84.833
180.617	97.050	84.866
180.639	96.627	84.822
180.604	96.276	84.855
180.635	95.830	84.798
180.560	95.546	84.838
180.532	95.196	84.837
180.470	94.956	84.876
180.474	94.689	84.892
180.465	94.505	84.964
180.497	94.340	84.993
180.517	94.271	85.040
180.555	94.220	85.051
180.626	94.191	85.017
180.674	94.275	84.993
180.710	94.484	84.980
180.744	94.799	84.933
180.821	95.162	84.880
180.873	95.694	84.851
180.955	96.321	84.818
181.037	97.108	84.864
181.049	98.159	84.938
181.107	99.232	84.962
180.662	99.365	84.860
180.493	99.087	84.811
180.543	99.027	84.869
180.753	99.096	84.937
180.976	99.177	85.049
180.961	99.287	85.160
180.726	99.103	85.148
180.600	98.865	85.140
180.516	98.679	85.080
180.536	98.440	84.967
180.514	98.279	84.949
180.540	98.014	84.863
180.572	97.675	84.833
180.559	97.371	84.834
180.579	96.995	84.792
180.538	96.692	84.829
180.557	96.294	84.818
180.600	95.874	84.806
180.552	95.560	84.839
180.561	95.173	84.866
180.505	94.932	84.882
180.448	94.705	84.954
180.482	94.415	84.919
180.457	94.281	84.976
180.472	94.142	84.989
180.497	94.107	85.012
180.557	94.123	85.016
180.607	94.261	85.030
180.688	94.423	85.000
180.763	94.730	84.955
180.841	95.106	84.884
180.905	95.681	84.828
180.954	96.395	84.823
180.996	97.340	84.848
181.053	98.463	84.927
180.976	99.455	84.932
180.523	99.233	84.812
180.495	99.053	84.838
180.634	99.047	84.912
180.916	99.135	84.980
181.063	99.267	85.109
180.849	99.175	85.147
180.645	99.052	85.185
180.560	98.860	85.129
180.530	98.734	85.026
180.544	98.582	84.958
180.574	98.396	84.840
180.575	98.222	84.833
180.571	97.992	84.837
180.620	97.624	84.825
180.619	97.315	84.826
180.631	96.962	84.850
180.622	96.576	84.859
180.620	96.180	84.814
180.604	95.800	84.818
180.526	95.515	84.846
180.515	95.155	84.849
180.445	94.944	84.898
180.475	94.636	84.887
180.454	94.516	84.986
180.485	94.339	85.023
180.512	94.286	85.046
180.594	94.174	84.995
180.603	94.251	85.031
180.661	94.355	85.003
180.722	94.539	84.953
180.715	94.919	84.964
180.845	95.206	84.840
180.911	95.723	84.815
180.945	96.435	84.816
181.072	97.159	84.818
181.062	98.234	84.926
181.103	99.249	84.938
180.656	99.319	84.839
180.469	99.112	84.819
180.545	99.009	84.868
180.747	99.097	84.953
180.994	99.120	85.020
180.962	99.268	85.126
180.734	99.103	85.158
180.620	98.854	85.136
180.512	98.700	85.090
180.510	98.447	84.971
180.521	98.220	84.905
180.511	98.001	84.880
180.540	97.647	84.835
180.501	97.392	84.870
180.550	96.962	84.803
180.577	96.572	84.780
180.582	96.201	84.794
180.595	95.809	84.795
180.559	95.482	84.832
180.564	95.119	84.841
180.512	94.856	84.857
180.450	94.650	84.948
180.440	94.443	84.979
180.404	94.326	85.038
180.465	94.146	85.002
180.479	94.111	85.036
180.567	94.078	85.006
180.583	94.299	85.049
180.688	94.462	84.987
180.734	94.814	84.961
180.814	95.237	84.896
180.931	95.742	84.812
180.964	96.533	84.830
181.015	97.514	84.863
181.110	98.621	84.886
180.887	99.456	84.883
180.508	99.180	84.795
180.499	99.037	84.852
180.672	99.071	84.933
180.952	99.151	85.034
181.020	99.292	85.155
180.824	99.137	85.140
180.644	98.960	85.159
180.538	98.810	85.117
180.524	98.633	85.010
180.535	98.483	84.926
180.572	98.271	84.843
180.563	98.087	84.843
180.608	97.745	84.837
180.591	97.462	84.857
180.613	97.090	84.829
180.651	96.680	84.815
180.601	96.347	84.861
180.607	95.926	84.832
180.558	95.615	84.854
180.533	95.249	84.867
180.489	94.977	84.862
180.470	94.718	84.880
180.465	94.529	84.941
180.482	94.366	84.965
180.492	94.269	85.030
180.537	94.170	85.025
180.610	94.131	84.995
180.629	94.283	85.014
180.668	94.453	85.002
180.723	94.708	84.944
180.797	95.031	84.891
180.848	95.558	84.866
180.965	96.064	84.806
181.033	96.831	84.822
181.052	97.831	84.910
181.140	98.887	84.916
180.798	99.440	84.907
180.514	99.132	84.818
180.528	98.990	84.824
180.664	99.091	84.929
180.934	99.153	84.997
181.040	99.227	85.093
180.775	99.160	85.138
180.617	98.939	85.143
180.544	98.714	85.086
180.522	98.500	84.983
180.530	98.291	84.917
180.529	98.097	84.879
180.559	97.793	84.830
180.567	97.447	84.818
180.510	97.201	84.856
180.561	96.764	84.828
180.572	96.408	84.818
180.595	95.971	84.790
180.574	95.657	84.823
180.573	95.273	84.859
180.525	94.998	84.860
180.441	94.813	84.933
180.476	94.491	84.916
180.440	94.369	84.987
180.489	94.190	84.970
180.495	94.131	85.018
180.505	94.176	85.063
180.583	94.227	85.029
180.668	94.396	85.009
180.723	94.670	84.957
180.819	95.015	84.896
180.845	95.593	84.866
180.936	96.227	84.821
181.038	97.014	84.809
181.061	98.139	84.839
181.079	99.298	84.924
180.601	99.309	84.817
180.490	99.084	84.824
180.620	98.996	84.857
180.822	99.153	84.971
181.037	99.268	85.089
180.941	99.171	85.114
180.729	99.012	85.117
180.590	98.868	85.140
180.549	98.731	85.036
180.558	98.583	84.934
180.559	98.417	84.860
180.586	98.227	84.819
180.583	98.003	84.819
180.577	97.737	84.854
180.602	97.393	84.842
180.641	97.006	84.823
180.616	96.649	84.841
180.597	96.288	84.854
180.613	95.872	84.831
180.538	95.576	84.843
180.542	95.193	84.837
180.475	94.985	84.881
180.450	94.757	84.904
180.468	94.545	84.964
180.472	94.408	85.004
180.493	94.323	85.060
180.543	94.269	85.052
180.595	94.286	85.046
180.662	94.341	84.993
180.699	94.533	84.952
180.746	94.810	84.925
180.839	95.127	84.847
180.880	95.660	84.856
180.961	96.267	84.817
181.051	96.984	84.823
181.079	97.971	84.911
181.116	99.055	84.958
180.744	99.409	84.879
180.501	99.117	84.821
180.510	99.032	84.862
180.679	99.085	84.963
180.905	99.157	85.014
180.993	99.262	85.100
180.767	99.152	85.124
180.592	98.965	85.162
180.568	98.709	85.084
180.534	98.470	84.996
180.539	98.238	84.921
180.512	98.035	84.896
180.564	97.667	84.817
180.545	97.372	84.829
180.545	97.014	84.823
180.555	96.638	84.790
180.540	96.278	84.808
180.572	95.883	84.819
180.533	95.575	84.857
180.558	95.164	84.847
180.500	94.911	84.890
180.473	94.651	84.924
180.441	94.435	84.966
180.427	94.307	85.009
180.445	94.157	85.006
180.500	94.052	84.987
180.529	94.080	85.023
180.608	94.180	84.986
180.688	94.356	84.985
180.727	94.715	84.954
180.797	95.147	84.921
180.901	95.663	84.842
180.938	96.421	84.822
181.001	97.353	84.854
181.076	98.463	84.895
180.940	99.487	84.931
180.513	99.222	84.811
180.485	99.053	84.856
180.641	99.027	84.935
180.859	99.147	85.010
181.021	99.248	85.144
180.846	99.218	85.161
180.634	99.018	85.179
180.555	98.781	85.116
180.498	98.646	85.046
180.514	98.464	84.948
180.543	98.208	84.845
180.563	98.000	84.822
180.597	97.676	84.826
180.598	97.351	84.835
180.607	96.995	84.845
180.645	96.571	84.832
180.613	96.224	84.867
180.611	95.800	84.847
180.556	95.498	84.879
180.538	95.131	84.868
180.458	94.923	84.898
180.427	94.666	84.942
180.437	94.456	84.956
180.451	94.311	85.000
180.517	94.165	84.985
180.523	94.137	85.022
180.562	94.180	85.032
180.601	94.320	85.047
180.685	94.486	85.012
180.696	94.846	84.988
180.789	95.184	84.898
180.863	95.705	84.837
180.941	96.389	84.820
181.008	97.224	84.833
181.071	98.272	84.895
181.071	99.352	84.972
180.608	99.317	84.852
180.493	99.071	84.819
180.572	99.035	84.881
180.823	99.095	84.950
181.025	99.204	85.057
180.927	99.286	85.149
180.729	99.026	85.119
180.592	98.836	85.129
180.522	98.672	85.052
180.559	98.443	84.926
180.543	98.270	84.908
180.537	98.085	84.861
180.552	97.774	84.839
180.548	97.470	84.850
180.538	97.155	84.838
180.590	96.702	84.799
180.564	96.390	84.836
180.598	95.943	84.822
180.561	95.624	84.865
180.557	95.263	84.853
180.547	94.934	84.831
180.478	94.726	84.903
180.428	94.545	84.977
180.471	94.332	84.959
180.465	94.243	85.018
180.473	94.201	85.071
180.535	94.179	85.058
180.611	94.245	85.036
180.662	94.441	85.024
180.744	94.694	84.959
180.810	95.059	84.906
180.862	95.603	84.853
180.967	96.200	84.815
181.014	97.057	84.844
181.034	98.215	84.919
181.071	99.324	84.953
180.622	99.295	84.824
180.460	99.104	84.832
180.560	99.041	84.898
180.800	99.125	84.955
181.033	99.217	85.096
180.926	99.247	85.129
180.711	99.049	85.131
180.560	98.910	85.144
180.524	98.750	85.048
180.523	98.597	84.960
180.556	98.369	84.882
180.565	98.194	84.832
180.544	97.976	84.845
180.550	97.650	84.851
180.564	97.325	84.839
180.601	96.935	84.805
180.604	96.574	84.834
180.582	96.212	84.833
180.614	95.798	84.818
180.554	95.495	84.865
180.508	95.187	84.874
180.467	94.944	84.895
180.466	94.679	84.915
180.468	94.472	84.953
180.460	94.374	85.027
180.507	94.223	84.997
180.533	94.242	85.051
180.587	94.270	85.045
180.661	94.358	84.993
180.714	94.573	84.959
180.758	94.879	84.909
180.856	95.225	84.836
180.886	95.792	84.854
180.957	96.473	84.818
180.990	97.347	84.868
181.071	98.341	84.899
181.042	99.352	84.955
180.574	99.288	84.829
180.467	99.070	84.837
180.548	99.054	84.893
180.797	99.124	84.950
181.003	99.203	85.053
180.913	99.254	85.120
180.741	98.996	85.079
180.622	98.782	85.078
180.526	98.651	85.043
180.527	98.435	84.962
180.548	98.218	84.897
180.506	98.041	84.872
180.565	97.634	84.827
180.555	97.328	84.819
180.544	96.999	84.824
180.560	96.620	84.814
180.558	96.258	84.838
180.581	95.852	84.819
180.567	95.506	84.819
180.531	95.171	84.879
180.507	94.893	84.867
180.449	94.695	84.967
180.436	94.472	84.975
180.478	94.262	84.959
180.471	94.174	84.980
180.500	94.119	84.993
180.568	94.128	84.993
180.627	94.265	84.990
180.672	94.538	85.002
180.745	94.841	84.935
180.822	95.239	84.887
180.919	95.775	84.821
180.958	96.537	84.816
181.027	97.459	84.838
181.078	98.599	84.912
180.888	99.493	84.942
180.503	99.209	84.811
180.499	99.060	84.848
180.657	99.067	84.923
180.924	99.184	85.024
181.056	99.257	85.113
180.817	99.169	85.164
180.633	99.029	85.174
180.557	98.831	85.104
180.537	98.689	84.992
180.537	98.553	84.928
180.577	98.338	84.835
180.564	98.180	84.841
180.570	97.914	84.830
180.590	97.569	84.841
180.592	97.272	84.842
180.605	96.889	84.837
180.613	96.483	84.851
180.634	96.062	84.797
180.611	95.708	84.802
180.540	95.419	84.824
180.500	95.107	84.856
180.468	94.861	84.888
180.455	94.623	84.914
180.446	94.476	84.999
180.495	94.331	85.026
180.520	94.236	85.040
180.573	94.213	85.038
180.610	94.289	85.047
180.687	94.375	84.966
180.719	94.610	84.951
180.752	94.964	84.919
180.850	95.343	84.854
180.929	95.889	84.799
181.005	96.563	84.799
181.044	97.450	84.863
181.093	98.513	84.930
181.011	99.376	84.926
180.549	99.221	84.812
180.471	99.049	84.827
180.600	99.035	84.881
180.825	99.149	84.980
181.007	99.224	85.081
180.908	99.184	85.093
180.683	98.978	85.120
180.567	98.796	85.133
180.518	98.599	85.036
180.527	98.368	84.947
180.510	98.186	84.899
180.524	97.930	84.864
180.551	97.567	84.844
180.527	97.277	84.849
180.562	96.860	84.797
180.563	96.496	84.811
180.552	96.146	84.829
180.581	95.742	84.821
180.551	95.406	84.857
180.521	95.091	84.881
180.493	94.812	84.883
180.450	94.598	84.951
180.441	94.374	84.975
180.440	94.255	84.999
180.461	94.145	85.017
180.500	94.117	85.012
180.589	94.123	84.993
180.641	94.303	84.990
180.703	94.549	84.975
180.756	94.927	84.937
180.868	95.323	84.839
180.955	95.912	84.788
181.011	96.709	84.807
181.041	97.759	84.865
181.118	98.946	84.894
180.735	99.456	84.870
180.450	99.167	84.815
180.529	99.029	84.864
180.742	99.079	84.931
180.998	99.169	85.051
180.986	99.283	85.158
180.760	99.109	85.156
180.599	98.940	85.161
180.529	98.768	85.078
180.527	98.609	84.985
180.537	98.456	84.931
180.578	98.211	84.818
180.570	98.024	84.828
180.607	97.676	84.816
180.579	97.429	84.879
180.639	96.981	84.813
180.630	96.639	84.841
180.623	96.231	84.835
180.616	95.845	84.824
180.579	95.495	84.814
180.501	95.229	84.875
180.487	94.930	84.856
180.471	94.672	84.887
180.462	94.512	84.944
180.474	94.370	84.998
180.505	94.256	85.016
180.535	94.214	85.056
180.577	94.228	85.034
180.617	94.352	85.049
180.724	94.484	84.947
180.716	94.836	84.958
180.826	95.132	84.856
180.893	95.632	84.824
180.957	96.282	84.803
181.033	97.071	84.853
181.066	98.091	84.897
181.114	99.206	84.961
180.684	99.379	84.866
180.502	99.095	84.806
180.555	98.995	84.840
180.706	99.136	84.961
180.957	99.193	85.049
180.998	99.244	85.105
180.746	99.072	85.111
180.593	98.863	85.121
180.527	98.685	85.066
180.523	98.461	84.968
180.537	98.252	84.906
180.527	98.061	84.902
180.564	97.708	84.839
180.546	97.422	84.844
180.522	97.115	84.850
180.560	96.692	84.825
180.584	96.301	84.797
180.616	95.884	84.812
180.569	95.567	84.835
180.574	95.198	84.839
180.514	94.940	84.869
180.478	94.716	84.935
180.437	94.522	84.963
180.444	94.337	85.001
180.449	94.230	85.023
180.492	94.150	85.018
180.526	94.187	85.054
180.577	94.308	85.050
180.688	94.448	84.977
180.746	94.772	84.946
180.811	95.153	84.904
180.883	95.708	84.843
180.963	96.383	84.784
181.003	97.314	84.839
181.073	98.410	84.893
180.958	99.476	84.955
180.552	99.233	84.793
180.484	99.091	84.844
180.622	99.066	84.931
180.876	99.185	85.008
181.048	99.277	85.117
180.864	99.167	85.128
180.649	99.064	85.210
180.560	98.874	85.139
180.543	98.707	85.002
180.578	98.524	84.895
180.553	98.390	84.864
180.547	98.245	84.856
180.563	97.976	84.836
180.574	97.668	84.871
180.585	97.334	84.849
180.601	96.971	84.883
180.617	96.550	84.844
180.591	96.182	84.841
180.608	95.771	84.822
180.549	95.440	84.821
180.515	95.119	84.844
180.449	94.914	84.902
180.463	94.639	84.914
180.474	94.446	84.952
180.486	94.348	85.017
180.523	94.216	85.031
180.586	94.150	85.008
180.621	94.215	85.016
180.649	94.360	85.013
180.698	94.600	84.987
180.721	94.932	84.950
180.833	95.261	84.865
180.898	95.811	84.831
180.992	96.458	84.810
181.023	97.345	84.865
181.064	98.406	84.940
181.018	99.390	84.965
180.573	99.283	84.825
180.477	99.056	84.809
180.587	98.998	84.861
180.794	99.140	84.989
181.017	99.180	85.070
180.910	99.251	85.133
180.698	99.046	85.155
180.560	98.849	85.153
180.509	98.644	85.046
180.509	98.427	84.965
180.512	98.234	84.905
180.533	97.977	84.847
180.535	97.662	84.841
180.556	97.334	84.823
180.547	97.001	84.838
180.569	96.600	84.790
180.562	96.254	84.827
180.616	95.803	84.795
180.558	95.512	84.834
180.548	95.181	84.866
180.509	94.919	84.877
180.467	94.682	84.930
180.433	94.505	84.986
180.444	94.331	85.005
180.463	94.217	85.008
180.531	94.124	84.996
180.547	94.198	85.026
180.621	94.303	85.019
180.704	94.496	84.951
180.771	94.828	84.935
180.807	95.272	84.911
180.904	95.808	84.845
180.974	96.503	84.811
180.999	97.468	84.851
181.088	98.525	84.901
180.935	99.446	84.906
180.524	99.220	84.802
180.495	99.059	84.843
180.643	99.055	84.907
180.888	99.180	84.999
181.022	99.298	85.131
180.819	99.213	85.136
180.666	98.976	85.128
180.591	98.782	85.100
180.510	98.707	85.043
180.561	98.484	84.908
180.583	98.282	84.853
180.540	98.152	84.873
180.585	97.802	84.817
180.588	97.500	84.839
180.610	97.147	84.825
180.608	96.788	84.830
180.600	96.424	84.843
180.617	96.014	84.816
180.567	95.697	84.842
180.529	95.359	84.879
180.508	95.049	84.865
180.443	94.850	84.919
180.450	94.606	84.964
180.491	94.390	84.951
180.487	94.278	85.012
180.532	94.210	85.016
180.587	94.191	85.010
180.618	94.294	85.028
180.669	94.445	84.997
180.744	94.666	84.939
180.770	95.052	84.913
180.882	95.417	84.825
180.927	96.015	84.809
181.016	96.707	84.803
181.060	97.659	84.878
181.098	98.749	84.930
180.855	99.461	84.921
180.511	99.175	84.805
180.493	99.027	84.828
180.620	99.077	84.926
180.895	99.135	84.992
180.977	99.291	85.134
180.823	99.198	85.142
180.646	98.952	85.126
180.567	98.726	85.083
180.509	98.549	85.011
180.536	98.326	84.927
180.531	98.117	84.866
180.543	97.827	84.835
180.575	97.477	84.829
180.540	97.211	84.838
180.583	96.767	84.795
180.568	96.437	84.814
180.571	96.040	84.810
180.568	95.689	84.829
180.540	95.356	84.879
180.501	95.058	84.894
180.463	94.816	84.919
180.466	94.543	84.931
180.431	94.397	84.997
180.468	94.210	84.980
180.500	94.102	84.994
180.533	94.114	85.000
180.572	94.230	85.038
180.674	94.331	84.968
180.719	94.624	84.961
180.757	95.027	84.940
180.806	95.561	84.896
180.943	96.091	84.821
181.028	96.876	84.810
181.065	97.941	84.851
181.086	99.209	84.942
180.682	99.356	84.837
180.472	99.115	84.806
180.558	99.032	84.879
180.763	99.165	84.968
181.006	99.246	85.088
180.953	99.224	85.134
180.742	99.055	85.133
180.565	98.972	85.193
180.524	98.805	85.080
180.525	98.660	84.957
180.558	98.469	84.885
180.551	98.326	84.858
180.555	98.114	84.853
180.605	97.783	84.827
180.626	97.444	84.835
180.617	97.124	84.859
180.646	96.709	84.830
180.604	96.387	84.861
180.617	95.962	84.827
180.571	95.631	84.833
180.543	95.273	84.826
180.465	95.074	84.902
180.429	94.851	84.914
180.444	94.621	84.970
180.483	94.421	84.976
180.516	94.328	85.008
180.528	94.296	85.052
180.596	94.255	85.036
180.676	94.317	84.983
180.680	94.525	84.976
180.714	94.802	84.962
180.808	95.094	84.878
180.871	95.558	84.834
180.937	96.170	84.807
181.017	96.879	84.837
181.063	97.787	84.881
181.124	98.816	84.919
180.837	99.429	84.894
180.505	99.182	84.824
180.501	99.041	84.839
180.652	99.038	84.918
180.839	99.209	85.029
180.990	99.258	85.105
180.839	99.160	85.095
180.659	98.980	85.141
180.566	98.776	85.118
180.546	98.509	84.998
180.534	98.306	84.932
180.540	98.073	84.864
180.504	97.845	84.872
180.541	97.468	84.840
180.537	97.144	84.817
180.554	96.748	84.808
180.513	96.415	84.844
180.572	95.980	84.807
180.577	95.608	84.813
180.550	95.275	84.845
180.511	94.989	84.879
180.473	94.719	84.893
180.442	94.499	84.963
180.413	94.381	85.015
180.440	94.208	85.018
180.470	94.100	85.006
180.528	94.101	84.994
180.562	94.238	85.042
180.662	94.358	84.973
180.712	94.650	84.961
180.808	94.981	84.890
180.836	95.608	84.875
180.945	96.205	84.806
181.000	97.090	84.848
181.064	98.184	84.863
181.044	99.371	84.933
180.574	99.296	84.807
180.467	99.092	84.833
180.605	98.995	84.890
180.818	99.139	84.984
181.018	99.241	85.106
180.902	99.227	85.146
180.683	99.034	85.159
180.568	98.840	85.124
180.492	98.728	85.066
180.533	98.499	84.945
180.536	98.328	84.880
180.530	98.147	84.867
180.590	97.815	84.823
180.593	97.499	84.843
180.572	97.206	84.864
180.633	96.767	84.836
180.600	96.410	84.833
180.598	96.015	84.833
180.563	95.665	84.847
180.562	95.284	84.845
180.502	95.028	84.865
180.452	94.799	84.886
180.438	94.589	84.950
180.465	94.380	84.956
180.504	94.230	84.977
180.531	94.174	85.011
180.557	94.203	85.032
180.610	94.278	85.027
180.670	94.418	84.985
180.695	94.729	84.986
180.769	95.018	84.889
180.857	95.450	84.839
180.909	96.060	84.809
180.987	96.796	84.833
181.037	97.749	84.874
181.106	98.831	84.938
180.831	99.452	84.914
180.495	99.185	84.832
180.493	99.041	84.838
180.640	99.101	84.928
180.918	99.152	85.004
181.037	99.246	85.093
180.816	99.146	85.116
180.638	98.950	85.135
180.540	98.771	85.102
180.501	98.569	85.016
180.503	98.384	84.961
180.537	98.138	84.866
180.518	97.926	84.864
180.567	97.516	84.795
180.564	97.217	84.803
180.545	96.887	84.825
180.576	96.475	84.811
180.554	96.141	84.830
180.592	95.722	84.821
180.566	95.373	84.853
180.540	95.060	84.863
180.471	94.862	84.902
180.498	94.543	84.909
180.438	94.446	84.989
180.483	94.250	84.995
180.494	94.164	85.009
180.534	94.139	85.011
180.556	94.265	85.051
180.669	94.338	84.988
180.694	94.643	84.993
180.771	94.975	84.930
180.852	95.429	84.855
180.962	95.969	84.774
181.028	96.754	84.791
181.058	97.821	84.856
181.044	99.099	84.984
180.728	99.416	84.865
180.456	99.163	84.829
180.533	99.025	84.853
180.729	99.128	84.951
180.999	99.211	85.061
181.018	99.225	85.115
180.763	99.102	85.131
180.623	98.924	85.138
180.547	98.762	85.065
180.564	98.596	84.939
180.554	98.474	84.903
180.571	98.295	84.848
180.564	98.092	84.839
180.569	97.796	84.846
180.591	97.462	84.857
180.596	97.132	84.848
180.624	96.731	84.829
180.583	96.409	84.861
180.589	95.979	84.818
180.588	95.614	84.807
180.526	95.316	84.853
180.493	95.036	84.869
180.445	94.833	84.900
180.480	94.580	84.932
180.474	94.430	84.981
180.508	94.326	85.017
180.543	94.294	85.037
180.601	94.279	85.026
180.651	94.344	85.002
180.676	94.547	84.985
180.715	94.830	84.961
180.805	95.135	84.902
180.875	95.606	84.821
180.943	96.188	84.810
181.024	96.928	84.829
181.073	97.836	84.878
181.112	98.932	84.934
180.800	99.397	84.877
180.503	99.137	84.808
180.510	99.032	84.862
180.678	99.048	84.905
180.892	99.181	85.004
180.995	99.271	85.119
180.825	99.112	85.082
180.647	98.913	85.111
180.556	98.723	85.087
180.535	98.500	84.978
180.536	98.274	84.922
180.528	98.075	84.884
180.567	97.734	84.830
180.553	97.432	84.841
180.512	97.146	84.858
180.555	96.718	84.807
180.558	96.333	84.831
180.593	95.922	84.802
180.565	95.597	84.831
180.540	95.254	84.867
180.512	94.973	84.887
180.481	94.691	84.911
180.475	94.427	84.918
180.426	94.323	85.000
180.503	94.111	84.941
180.497	94.049	84.992
180.528	94.091	85.027
180.595	94.141	85.003
180.671	94.358	84.983
180.712	94.664	84.971
180.810	95.023	84.900
180.837	95.644	84.880
180.951	96.276	84.822
181.035	97.124	84.810
181.049	98.302	84.900
181.023	99.407	84.915
180.533	99.299	84.809
180.486	99.053	84.829
180.611	98.977	84.895
180.839	99.073	84.993
180.995	99.235	85.113
180.892	99.250	85.160
180.665	99.085	85.191
180.525	98.895	85.151
180.517	98.682	85.042
180.535	98.483	84.926
180.534	98.303	84.870
180.537	98.129	84.852
180.577	97.784	84.827
180.588	97.434	84.832
180.587	97.122	84.871
180.595	96.746	84.886
180.610	96.317	84.861
180.620	95.896	84.845
180.595	95.531	84.858
180.544	95.208	84.880
180.473	94.949	84.895
180.435	94.707	84.929
180.437	94.486	84.957
180.459	94.299	84.981
180.458	94.244	85.042
180.509	94.144	85.033
180.566	94.128	85.041
180.592	94.299	85.050
180.680	94.435	85.011
180.720	94.741	84.963
180.774	95.111	84.919
180.847	95.613	84.853
180.937	96.214	84.791
181.011	97.021	84.841
181.059	98.064	84.893
181.103	99.236	84.973
180.694	99.370	84.862
180.499	99.106	84.821
180.572	98.996	84.841
180.779	99.091	84.915
180.991	99.203	85.046
180.990	99.256	85.124
180.746	99.072	85.110
180.602	98.863	85.131
180.531	98.708	85.068
180.525	98.525	84.974
180.523	98.347	84.927
180.532	98.122	84.862
180.520	97.885	84.859
180.515	97.552	84.871
180.553	97.190	84.829
180.569	96.816	84.843
180.580	96.446	84.823
180.583	96.049	84.819
180.581	95.667	84.820
180.560	95.339	84.860
180.525	95.034	84.865
180.472	94.788	84.881
180.450	94.584	84.941
180.443	94.408	84.979
180.479	94.257	84.995
180.491	94.197	85.019
180.535	94.204	85.044
180.585	94.274	85.036
180.693	94.385	84.991
180.747	94.631	84.939
180.814	95.002	84.890
180.854	95.512	84.851
180.915	96.153	84.812
181.004	96.922	84.834
181.073	97.949	84.866
181.093	99.183	84.941
180.657	99.402	84.870
180.471	99.104	84.795
180.542	99.036	84.883
180.745	99.122	84.966
180.974	99.237	85.079
180.974	99.249	85.107
180.751	99.071	85.115
180.605	98.902	85.131
180.555	98.736	85.044
180.530	98.612	84.980
180.547	98.428	84.901
180.555	98.225	84.851
180.541	98.012	84.845
180.566	97.684	84.842
180.531	97.422	84.877
180.599	96.981	84.826
180.598	96.636	84.821
180.586	96.266	84.824
180.598	95.851	84.830
180.559	95.548	84.848
180.533	95.199	84.852
180.474	94.977	84.895
180.468	94.699	84.901
180.454	94.524	84.963
180.423	94.437	85.035
180.486	94.285	85.044
180.535	94.211	85.022
180.600	94.220	85.016
180.636	94.368	85.012
180.726	94.512	84.938
180.729	94.889	84.950
180.812	95.237	84.871
180.899	95.742	84.834
180.953	96.422	84.798
180.999	97.283	84.852
181.051	98.328	84.918
181.048	99.342	84.937
180.573	99.294	84.845
180.470	99.068	84.808
180.570	99.032	84.894
180.802	99.123	84.946
181.012	99.217	85.072
180.918	99.253	85.124
180.711	99.027	85.108
180.588	98.820	85.134
180.523	98.664	85.047
180.509	98.477	84.972
180.519	98.285	84.931
180.540	98.028	84.865
180.575	97.678	84.819
180.559	97.387	84.826
180.587	97.011	84.793
180.567	96.674	84.802
180.559	96.325	84.825
180.587	95.903	84.792
180.549	95.617	84.835
180.533	95.258	84.880
180.515	94.962	84.873
180.445	94.777	84.968
180.466	94.508	84.934
180.442	94.369	85.012
180.449	94.269	85.018
180.506	94.156	85.010
180.539	94.201	85.052
180.607	94.311	85.037
180.681	94.501	84.998
180.735	94.819	84.957
180.839	95.155	84.867
180.903	95.699	84.828
180.949	96.405	84.813
181.013	97.264	84.814
181.053	98.366	84.911
180.989	99.426	84.945
180.534	99.281	84.828
180.490	99.070	84.814
180.620	99.023	84.877
180.839	99.155	84.972
181.021	99.250	85.097
180.870	99.232	85.112
180.675	99.034	85.138
180.563	98.847	85.124
180.519	98.698	85.039
180.552	98.504	84.932
180.552	98.324	84.877
180.520	98.208	84.868
180.557	97.886	84.823
180.550	97.576	84.858
180.561	97.250	84.841
180.595	96.848	84.826
180.596	96.470	84.831
180.600	96.087	84.824
180.581	95.720	84.825
180.527	95.422	84.872
180.522	95.069	84.858
180.473	94.846	84.883
180.437	94.619	84.951
180.442	94.455	84.980
180.474	94.309	85.015
180.504	94.228	85.015
180.600	94.123	84.955
180.647	94.182	84.974
180.666	94.406	85.004
180.724	94.623	84.956
180.764	95.003	84.921
180.816	95.458	84.865
180.923	95.970	84.812
181.012	96.698	84.812
181.038	97.650	84.896
181.112	98.733	84.917
180.844	99.472	84.935
180.483	99.196	84.838
180.488	99.040	84.852
180.648	99.053	84.904
180.913	99.140	84.999
181.021	99.278	85.117
180.824	99.162	85.117
180.634	98.949	85.130
180.540	98.785	85.112
180.483	98.628	85.026
180.543	98.358	84.919
180.537	98.187	84.873
180.544	97.944	84.846
180.538	97.619	84.854
180.547	97.310	84.837
180.561	96.924	84.842
180.594	96.521	84.775
180.598	96.152	84.798
180.616	95.745	84.794
180.602	95.413	84.812
180.545	95.127	84.855
180.467	94.928	84.903
180.446	94.679	84.943
180.465	94.455	84.948
180.475	94.295	84.977
180.508	94.210	84.995
180.513	94.197	85.015
180.581	94.229	85.039
180.641	94.375	85.021
180.730	94.558	84.935
180.736	94.971	84.957
180.831	95.374	84.872
180.926	95.891	84.820
181.007	96.605	84.782
181.022	97.591	84.874
181.086	98.695	84.910
180.863	99.463	84.912
180.488	99.211	84.833
180.499	99.029	84.838
180.683	99.033	84.899
180.878	99.183	84.998
181.005	99.290	85.134
180.795	99.199	85.150
180.641	98.989	85.136
180.574	98.775	85.075
180.558	98.603	84.967
180.531	98.465	84.941
180.571	98.229	84.841
180.532	98.087	84.865
180.580	97.701	84.801
180.561	97.418	84.841
180.570	97.081	84.831
180.584	96.696	84.836
180.578	96.344	84.850
180.630	95.876	84.793
180.576	95.572	84.835
180.550	95.237	84.857
180.512	94.967	84.863
180.425	94.787	84.956
180.447	94.528	84.968
180.435	94.395	85.021
180.483	94.242	85.009
180.499	94.211	85.058
180.548	94.223	85.057
180.611	94.304	85.037
180.703	94.443	84.974
180.755	94.707	84.922
180.794	95.116	84.907
180.879	95.590	84.835
180.932	96.270	84.826
181.032	97.024	84.827
181.044	98.113	84.889
181.088	99.248	84.962
180.650	99.356	84.859
180.453	99.116	84.823
180.529	99.035	84.896
180.761	99.087	84.953
180.978	99.202	85.059
180.957	99.261	85.117
180.693	99.122	85.152
180.624	98.838	85.097
180.553	98.680	85.044
180.559	98.481	84.921
180.539	98.315	84.904
180.514	98.151	84.871
180.542	97.821	84.831
180.565	97.488	84.823
180.538	97.186	84.819
180.557	96.815	84.828
180.558	96.446	84.819
180.596	96.014	84.800
180.573	95.704	84.824
180.580	95.300	84.828
180.527	95.046	84.866
180.477	94.780	84.873
180.452	94.581	84.931
180.438	94.407	84.993
180.433	94.309	85.027
180.487	94.188	85.028
180.510	94.191	85.058
180.570	94.285	85.044
180.666	94.387	84.998
180.713	94.670	84.976
180.796	94.987	84.908
180.843	95.485	84.885
180.933	96.050	84.810
180.993	96.839	84.821
181.027	97.854	84.886
181.093	99.015	84.942
180.731	99.425	84.884
180.489	99.103	84.797
180.497	99.054	84.871
180.715	99.064	84.939
180.950	99.180	85.002
180.978	99.299	85.120
180.755	99.102	85.093
180.576	98.955	85.148
180.533	98.769	85.083
180.523	98.594	84.990
180.541	98.407	84.910
180.558	98.181	84.865
180.530	97.970	84.862
180.556	97.618	84.845
180.567	97.271	84.813
180.543	96.969	84.851
180.562	96.571	84.832
180.610	96.125	84.793
180.600	95.761	84.818
180.568	95.438	84.839
180.541	95.118	84.864
180.469	94.903	84.898
180.434	94.654	84.952
180.457	94.431	84.970
180.478	94.245	84.967
180.490	94.177	85.013
180.514	94.156	85.039
180.574	94.191	85.023
180.624	94.320	85.016
180.694	94.529	85.005
180.713	94.913	84.979
180.828	95.260	84.879
180.931	95.778	84.818
180.953	96.538	84.820
181.022	97.450	84.866
181.090	98.525	84.926
180.931	99.480	84.952
180.511	99.239	84.830
180.479	99.043	84.832
180.626	99.009	84.916
180.861	99.125	84.959
181.030	99.244	85.083
180.849	99.188	85.104
180.651	99.003	85.127
180.548	98.837	85.118
180.510	98.671	85.038
180.518	98.484	84.960
180.564	98.239	84.871
180.526	98.104	84.860
180.550	97.763	84.839
180.575	97.413	84.812
180.558	97.092	84.836
180.556	96.749	84.841
180.582	96.347	84.825
180.602	95.952	84.813
180.604	95.570	84.800
180.570	95.242	84.845
180.514	95.009	84.873
180.470	94.752	84.931
180.460	94.537	84.949
180.455	94.372	84.988
180.485	94.248	84.986
180.505	94.201	85.049
180.545	94.228	85.056
180.604	94.324	85.042
180.656	94.495	85.025
180.731	94.752	84.965
180.797	95.117	84.920
180.847	95.641	84.872
180.910	96.270	84.830
181.010	97.021	84.860
181.057	98.056	84.890
181.106	99.184	84.928
180.668	99.369	84.860
180.467	99.114	84.829
180.551	98.999	84.859
180.751	99.070	84.927
180.954	99.193	85.044
180.936	99.311	85.136
180.735	99.069	85.106
180.611	98.859	85.098
180.533	98.711	85.063
180.544	98.480	84.946
180.551	98.302	84.909
180.525	98.126	84.876
180.554	97.831	84.839
180.554	97.483	84.837
180.547	97.146	84.834
180.586	96.718	84.785
180.576	96.387	84.808
180.586	96.000	84.808
180.585	95.624	84.814
180.550	95.303	84.864
180.544	94.983	84.841
180.472	94.765	84.886
180.485	94.476	84.907
180.448	94.371	84.978
180.507	94.153	84.948
180.504	94.125	84.995
180.513	94.181	85.043
180.573	94.263	85.054
180.659	94.396	85.008
180.730	94.666	84.952
180.764	95.053	84.936
180.848	95.494	84.841
180.923	96.138	84.831
180.979	96.949	84.852
181.030	97.968	84.879
181.085	99.153	84.931
180.681	99.400	84.857
180.467	99.145	84.838
180.554	99.003	84.854
180.732	99.115	84.947
180.988	99.180	85.045
180.961	99.260	85.141
180.753	99.068	85.105
180.612	98.885	85.108
180.539	98.732	85.054
180.521	98.604	84.985
180.547	98.400	84.882
180.546	98.226	84.850
180.558	97.958	84.815
180.574	97.636	84.818
180.552	97.347	84.828
180.572	96.996	84.843
180.573	96.627	84.833
180.576	96.227	84.847
180.625	95.781	84.800
180.549	95.521	84.846
180.537	95.156	84.846
180.457	94.953	84.899
180.452	94.680	84.901
180.445	94.494	84.972
180.485	94.322	84.979
180.496	94.251	85.010
180.543	94.183	85.031
180.584	94.239	85.038
180.625	94.365	85.015
180.698	94.541	84.958
180.728	94.883	84.945
180.834	95.214	84.864
180.898	95.750	84.840
180.956	96.440	84.802
181.027	97.260	84.829
181.050	98.344	84.910
181.008	99.412	84.979
180.589	99.248	84.811
180.456	99.083	84.813
180.561	99.019	84.874
180.813	99.106	84.936
180.987	99.238	85.066
180.922	99.232	85.114
180.703	99.013	85.097
180.604	98.783	85.087
180.516	98.645	85.037
180.538	98.424	84.948
180.531	98.231	84.907
180.529	98.003	84.845
180.561	97.664	84.823
180.537	97.384	84.848
180.569	96.997	84.792
180.553	96.668	84.819
180.552	96.279	84.823
180.597	95.859	84.791
180.568	95.542	84.825
180.545	95.200	84.866
180.524	94.917	84.863
180.475	94.678	84.916
180.449	94.495	84.958
180.443	94.331	84.997
180.477	94.210	84.989
180.504	94.153	85.015
180.561	94.168	85.012
180.636	94.282	84.999
180.687	94.478	84.979
180.727	94.803	84.956
180.810	95.187	84.903
180.873	95.719	84.837
180.957	96.376	84.802
181.006	97.265	84.829
181.054	98.367	84.911
180.992	99.413	84.941
180.535	99.286	84.832
180.482	99.068	84.823
180.596	99.053	84.910
180.819	99.180	84.986
181.008	99.250	85.110
180.916	99.164	85.088
180.678	99.029	85.139
180.592	98.810	85.092
180.540	98.690	85.005
180.546	98.514	84.942
180.572	98.299	84.863
180.539	98.171	84.854
180.533	97.916	84.856
180.583	97.517	84.815
180.554	97.259	84.850
180.578	96.876	84.835
180.572	96.530	84.845
180.596	96.108	84.834
180.574	95.757	84.854
180.546	95.415	84.839
180.548	95.065	84.843
180.464	94.874	84.893
180.441	94.664	84.948
180.456	94.461	84.971
180.457	94.335	85.026
180.514	94.203	85.012
180.561	94.218	85.028
180.604	94.305	85.016
180.651	94.433	85.004
180.741	94.596	84.937
180.759	94.971	84.926
180.829	95.385	84.868
180.929	95.880	84.805
180.967	96.631	84.832
181.024	97.500	84.862
181.089	98.514	84.906
180.933	99.452	84.958
180.538	99.224	84.812
180.450	99.055	84.835
180.605	99.019	84.875
180.834	99.154	84.994
180.991	99.253	85.061
180.870	99.218	85.102
180.704	98.967	85.096
180.545	98.811	85.128
180.526	98.587	85.017
180.516	98.401	84.956
180.524	98.184	84.896
180.534	97.913	84.847
180.547	97.597	84.848
180.510	97.333	84.850
180.532	96.922	84.835
180.580	96.515	84.784
180.565	96.141	84.792
180.601	95.739	84.802
180.571	95.419	84.830
180.558	95.070	84.849
180.483	94.865	84.898
180.489	94.566	84.904
180.439	94.423	84.965
180.441	94.278	84.994
180.481	94.141	84.998
180.486	94.160	85.028
180.555	94.200	85.017
180.654	94.295	84.991
180.694	94.571	84.962
180.768	94.922	84.928
180.809	95.399	84.906
180.954	95.903	84.803
180.985	96.713	84.822
181.020	97.726	84.878
181.099	98.876	84.900
180.768	99.471	84.883
180.489	99.147	84.788
180.525	99.031	84.848
180.709	99.111	84.936
180.975	99.207	85.042
180.994	99.257	85.129
180.756	99.139	85.160
180.603	98.974	85.182
180.540	98.815	85.086
180.554	98.654	84.959
180.571	98.500	84.881
180.572	98.348	84.825
180.548	98.198	84.855
180.580	97.892	84.824
180.599	97.553	84.851
180.580	97.289	84.880
180.624	96.864	84.851
180.613	96.497	84.861
180.587	96.122	84.835
180.589	95.736	84.826
180.522	95.417	84.844
180.475	95.140	84.871
180.443	94.905	84.886
180.467	94.632	84.914
180.473	94.491	84.991
180.510	94.346	85.004
180.548	94.240	85.028
180.575	94.261	85.044
180.627	94.321	85.029
180.693	94.418	84.954
180.698	94.710	84.977
180.755	95.017	84.921
180.843	95.421	84.852
180.931	95.928	84.811
181.007	96.602	84.820
181.043	97.488	84.878
181.066	98.542	84.957
181.001	99.399	84.940
180.545	99.262	84.837
180.504	99.010	84.791
180.597	99.017	84.876
180.753	99.193	84.998
180.979	99.208	85.055
180.899	99.226	85.113
180.715	99.028	85.121
180.571	98.855	85.139
180.552	98.594	85.023
180.543	98.364	84.943
180.503	98.204	84.914
180.485	97.972	84.879
180.527	97.594	84.843
180.512	97.281	84.834
180.537	96.895	84.801
180.548	96.531	84.797
180.568	96.114	84.778
180.580	95.761	84.802
180.535	95.448	84.840
180.532	95.111	84.877
180.489	94.864	84.874
180.449	94.659	84.961
180.436	94.434	84.980
180.440	94.322	85.014
180.489	94.152	84.975
180.508	94.146	85.014
180.560	94.221	85.037
180.635	94.348	85.006
180.692	94.590	84.962
180.766	94.932	84.923
180.848	95.359	84.873
180.940	95.911	84.821
181.007	96.671	84.788
181.022	97.687	84.863
181.097	98.828	84.894
180.786	99.464	84.878
180.475	99.168	84.817
180.499	99.066	84.872
180.687	99.125	84.949
180.953	99.230	85.023
181.002	99.243	85.129
180.766	99.117	85.146
180.635	98.924	85.145
180.550	98.801	85.066
180.504	98.719	85.015
180.558	98.481	84.905
180.546	98.366	84.857
180.536	98.189	84.855
180.580	97.868	84.846
180.594	97.540	84.845
180.596	97.243	84.846
180.655	96.778	84.808
180.622	96.438	84.841
180.593	96.082	84.844
180.587	95.702	84.829
180.544	95.359	84.847
180.507	95.065	84.856
180.454	94.863	84.883
180.469	94.621	84.919
180.479	94.473	84.996
180.499	94.354	85.028
180.524	94.295	85.046
180.587	94.258	85.025
180.653	94.253	84.982
180.689	94.437	84.982
180.709	94.721	84.967
180.783	94.980	84.889
180.849	95.439	84.862
180.950	95.919	84.789
181.010	96.642	84.820
181.067	97.495	84.851
181.109	98.533	84.903
180.971	99.407	84.921
180.561	99.202	84.793
180.453	99.072	84.832
180.609	99.004	84.881
180.832	99.101	84.964
180.965	99.249	85.090
180.887	99.206	85.092
180.711	98.977	85.092
180.572	98.819	85.114
180.548	98.587	85.014
180.548	98.340	84.943
180.520	98.162	84.903
180.531	97.860	84.836
180.527	97.572	84.847
180.512	97.267	84.824
180.545	96.847	84.777
180.525	96.539	84.814
180.544	96.138	84.806
180.596	95.718	84.802
180.572	95.394	84.825
180.551	95.079	84.858
180.487	94.852	84.874
180.462	94.614	84.957
180.417	94.465	84.998
180.475	94.245	84.962
180.447	94.221	85.004
180.512	94.133	85.010
180.544	94.261	85.047
180.629	94.380	85.010
180.701	94.595	84.968
180.765	94.934	84.925
180.846	95.378	84.874
180.920	95.972	84.841
181.002	96.692	84.799
181.003	97.740	84.877
181.083	98.880	84.904
180.786	99.464	84.878
180.483	99.156	84.798
180.515	99.053	84.862
180.669	99.154	84.958
180.946	99.232	85.047
180.975	99.274	85.137
180.751	99.143	85.145
180.611	98.951	85.143
180.553	98.766	85.065
180.538	98.622	84.957
180.528	98.492	84.927
180.574	98.277	84.820
180.560	98.107	84.825
180.600	97.776	84.818
180.583	97.498	84.854
180.607	97.157	84.840
180.615	96.776	84.839
180.621	96.382	84.830
180.605	96.005	84.823
180.561	95.684	84.856
180.532	95.317	84.855
180.508	95.012	84.851
180.418	94.868	84.924
180.476	94.571	84.933
180.474	94.430	84.980
180.485	94.345	85.046
180.557	94.234	85.014
180.566	94.275	85.053
180.628	94.330	85.015
180.673	94.479	84.973
180.718	94.754	84.940
180.817	95.016	84.853
180.836	95.535	84.855
180.933	96.086	84.824
181.025	96.779	84.816
181.038	97.739	84.898
181.126	98.754	84.927
180.876	99.414	84.892
180.516	99.165	84.815
180.460	99.085	84.871
180.640	99.051	84.913
180.862	99.161	84.973
181.002	99.253	85.096
180.824	99.197	85.115
180.676	98.968	85.123
180.569	98.765	85.104
180.534	98.561	84.989
180.525	98.329	84.927
180.521	98.117	84.884
180.515	97.864	84.868
180.543	97.488	84.826
180.519	97.205	84.817
180.537	96.813	84.823
180.547	96.434	84.809
180.574	96.035	84.799
180.580	95.686	84.809
180.582	95.297	84.818
180.539	95.007	84.841
180.449	94.829	84.934
180.467	94.541	84.950
180.435	94.375	84.979
180.451	94.239	84.989
180.485	94.148	85.008
180.521	94.155	85.023
180.581	94.201	85.019
180.661	94.358	84.993
180.741	94.574	84.941
180.748	95.019	84.945
180.828	95.520	84.863
180.964	96.030	84.782
181.013	96.850	84.812
181.040	97.907	84.878
181.090	99.116	84.921
180.703	99.373	84.834
180.459	99.137	84.815
180.550	99.024	84.864
180.762	99.126	84.929
180.987	99.238	85.066
180.961	99.232	85.121
180.752	99.060	85.139
180.603	98.919	85.151
180.535	98.789	85.070
180.530	98.650	84.967
180.551	98.481	84.884
180.562	98.296	84.839
180.554	98.095	84.839
180.589	97.781	84.807
180.565	97.533	84.886
180.624	97.123	84.835
180.613	96.778	84.849
180.604	96.395	84.847
180.602	95.999	84.839
180.554	95.679	84.848
180.557	95.296	84.817
180.489	95.052	84.855
180.445	94.855	84.896
180.460	94.625	84.952
180.480	94.471	84.986
180.518	94.337	85.019
180.562	94.277	85.029
180.592	94.293	85.026
180.660	94.329	84.993
180.661	94.557	84.994
180.694	94.836	84.961
180.794	95.088	84.887
180.832	95.564	84.851
180.925	96.106	84.820
181.025	96.779	84.816
181.042	97.710	84.902
181.113	98.698	84.900
180.886	99.447	84.917
180.523	99.189	84.821
180.499	99.032	84.828
180.623	99.030	84.906
180.825	99.163	84.990
180.964	99.260	85.093
180.852	99.199	85.077
180.696	98.951	85.095
180.596	98.750	85.086
180.546	98.545	85.004
180.524	98.342	84.956
180.512	98.137	84.909
180.541	97.799	84.835
180.534	97.496	84.831
180.521	97.164	84.813
180.553	96.753	84.779
180.523	96.431	84.817
180.576	96.011	84.794
180.591	95.630	84.796
180.529	95.361	84.869
180.541	95.008	84.866
180.491	94.777	84.905
180.474	94.537	84.936
180.421	94.414	85.007
180.424	94.302	85.032
180.469	94.169	85.003
180.466	94.230	85.061
180.553	94.244	85.048
180.640	94.416	84.998
180.714	94.662	84.962
180.785	95.034	84.919
180.816	95.611	84.893
180.946	96.166	84.819
181.040	96.948	84.783
181.045	98.068	84.870
181.051	99.296	84.961
180.624	99.351	84.815
180.496	99.097	84.802
180.584	99.039	84.885
180.810	99.155	84.946
181.005	99.312	85.122
180.905	99.214	85.142
180.706	99.068	85.179
180.602	98.913	85.146
180.553	98.784	85.019
180.530	98.695	84.959
180.535	98.546	84.871
180.580	98.355	84.813
180.562	98.163	84.844
180.588	97.869	84.829
180.610	97.550	84.851
180.618	97.204	84.847
180.642	96.819	84.851
180.622	96.452	84.851
180.622	96.034	84.808
180.579	95.694	84.815
180.512	95.375	84.832
180.491	95.071	84.841
180.455	94.869	84.887
180.478	94.619	84.939
180.511	94.448	84.988
180.522	94.358	85.039
180.562	94.291	85.039
180.612	94.259	85.026
180.633	94.356	85.031
180.661	94.513	85.002
180.724	94.713	84.941
180.770	95.038	84.903
180.878	95.418	84.801
180.955	95.948	84.794
181.032	96.615	84.797
181.060	97.468	84.855
181.078	98.492	84.948
180.992	99.397	84.969
180.592	99.229	84.811
180.486	99.053	84.829
180.599	98.977	84.880
180.786	99.061	84.971
180.954	99.154	85.057
180.915	99.291	85.159
180.726	99.089	85.138
180.635	98.824	85.094
180.556	98.637	85.030
180.555	98.395	84.939
180.519	98.208	84.896
180.536	97.919	84.851
180.538	97.616	84.828
180.530	97.274	84.820
180.529	96.899	84.834
180.547	96.495	84.791
180.549	96.123	84.800
180.582	95.719	84.797
180.572	95.389	84.829
180.549	95.082	84.868
180.476	94.869	84.911
180.466	94.566	84.927
180.433	94.417	84.983
180.438	94.244	84.998
180.443	94.173	85.025
180.484	94.129	85.021
180.550	94.163	85.026
180.644	94.284	84.990
180.709	94.531	84.971
180.760	94.897	84.933
180.860	95.346	84.878
180.929	95.958	84.840
180.991	96.767	84.837
181.031	97.775	84.875
181.125	98.921	84.893
180.766	99.406	84.833
180.474	99.157	84.797
180.533	99.036	84.873
180.736	99.108	84.947
181.008	99.194	85.071
180.978	99.225	85.135
180.733	99.125	85.181
180.588	98.984	85.190
180.555	98.802	85.051
180.527	98.705	84.974
180.536	98.580	84.894
180.555	98.418	84.836
180.569	98.220	84.822
180.619	97.914	84.827
180.600	97.639	84.872
180.642	97.277	84.835
180.653	96.888	84.854
180.645	96.519	84.843
180.623	96.129	84.823
180.585	95.779	84.832
180.540	95.441	84.828
180.490	95.138	84.848
180.445	94.944	84.898
180.438	94.738	84.935
180.495	94.513	84.983
180.529	94.365	85.001
180.542	94.310	85.029
180.600	94.273	85.021
180.656	94.298	85.006
180.684	94.447	84.972
180.719	94.662	84.948
180.751	94.966	84.901
180.808	95.396	84.891
180.911	95.840	84.837
180.973	96.488	84.821
181.022	97.286	84.863
181.047	98.258	84.936
181.059	99.266	84.989
180.700	99.333	84.833
180.524	99.093	84.813
180.571	98.974	84.845
180.741	99.013	84.944
180.905	99.107	85.006
180.977	99.244	85.108
180.832	99.120	85.097
180.668	98.924	85.103
180.601	98.726	85.042
180.526	98.545	84.988
180.530	98.308	84.917
180.489	98.103	84.896
180.549	97.721	84.837
180.543	97.377	84.820
180.524	97.055	84.828
180.529	96.664	84.800
180.543	96.279	84.814
180.554	95.897	84.810
180.561	95.540	84.814
180.559	95.173	84.842
180.491	94.965	84.885
180.455	94.685	84.949
180.446	94.461	84.981
180.424	94.312	85.000
180.445	94.179	85.002
180.475	94.143	85.022
180.526	94.142	85.035
180.619	94.242	85.003
180.685	94.458	84.992
180.769	94.720	84.937
180.846	95.163	84.882
180.904	95.761	84.864
180.984	96.472	84.811
181.016	97.439	84.842
181.115	98.534	84.869
180.902	99.515	84.924
180.509	99.215	84.801
180.503	99.066	84.857
180.665	99.075	84.938
180.922	99.201	85.044
181.024	99.271	85.144
180.776	99.197	85.205
180.643	99.018	85.188
180.581	98.829	85.091
180.545	98.735	84.974
180.522	98.651	84.938
180.559	98.466	84.823
180.543	98.335	84.843
180.582	98.047	84.838
180.615	97.748	84.856
180.609	97.462	84.868
180.641	97.062	84.863
180.634	96.690	84.862
180.610	96.302	84.851
180.604	95.911	84.816
180.529	95.629	84.839
180.495	95.294	84.843
180.479	94.988	84.848
180.472	94.768	84.875
180.525	94.520	84.914
180.514	94.449	85.002
180.531	94.366	85.034
180.577	94.303	85.035
180.577	94.372	85.076
180.651	94.402	84.995
180.689	94.580	84.943
180.735	94.860	84.907
180.815	95.182	84.865
180.894	95.602	84.822
180.964	96.191	84.795
181.038	96.882	84.823
181.053	97.801	84.909
181.092	98.797	84.935
180.896	99.409	84.912
180.555	99.167	84.811
180.526	99.023	84.834
180.648	98.996	84.910
180.828	99.112	85.007
180.953	99.204	85.092
180.884	99.244	85.127
180.718	99.029	85.118
180.614	98.824	85.098
180.536	98.628	85.029
180.556	98.345	84.904
180.500	98.194	84.895
180.530	97.877	84.863
180.551	97.526	84.823
180.526	97.213	84.824
180.573	96.764	84.771
180.523	96.461	84.807
180.529	96.101	84.833
180.574	95.679	84.819
180.557	95.352	84.856
180.535	95.039	84.871
180.472	94.821	84.925
180.474	94.532	84.921
180.440	94.380	85.007
180.428	94.286	85.046
180.512	94.085	84.965
180.509	94.130	85.023
180.588	94.183	85.004
180.674	94.331	84.968
180.718	94.613	84.960
180.793	94.975	84.927
180.845	95.519	84.873
180.956	96.106	84.818
181.011	96.933	84.838
181.058	97.998	84.861
181.118	99.212	84.910
180.652	99.372	84.812
180.467	99.130	84.820
180.570	99.032	84.894
180.785	99.151	84.955
181.038	99.224	85.078
180.918	99.229	85.146
180.691	99.097	85.194
180.575	98.956	85.184
180.543	98.799	85.047
180.505	98.743	84.973
180.545	98.562	84.852
180.563	98.384	84.821
180.551	98.232	84.851
180.604	97.915	84.841
180.609	97.611	84.861
180.637	97.240	84.852
180.638	96.874	84.877
180.627	96.506	84.842
180.600	96.129	84.846
180.565	95.774	84.844
180.495	95.471	84.848
180.458	95.169	84.880
180.424	94.964	84.916
180.473	94.656	84.940
180.496	94.517	84.998
180.529	94.365	85.001
180.576	94.286	85.010
180.593	94.313	85.040
180.656	94.306	84.992
180.691	94.434	84.973
180.700	94.715	84.954
180.753	95.028	84.917
180.811	95.457	84.879
180.937	95.880	84.814
180.985	96.550	84.826
181.046	97.351	84.865
181.063	98.312	84.933
181.072	99.277	84.952
180.627	99.386	84.872
180.498	99.114	84.835
180.564	99.006	84.870
180.733	99.074	84.970
180.910	99.139	85.046
180.951	99.270	85.126
180.789	99.125	85.100
180.672	98.895	85.107
180.585	98.700	85.037
180.505	98.534	84.996
180.512	98.300	84.920
180.505	98.049	84.877
180.524	97.695	84.850
180.540	97.346	84.813
180.532	96.985	84.808
180.553	96.588	84.794
180.527	96.247	84.812
180.545	95.868	84.827
180.564	95.497	84.828
180.539	95.182	84.864
180.499	94.919	84.895
180.455	94.679	84.953
180.448	94.428	84.971
180.440	94.300	85.018
180.460	94.169	85.002
180.490	94.089	85.002
180.550	94.104	85.025
180.575	94.325	85.069
180.672	94.502	84.997
180.764	94.744	84.937
180.823	95.198	84.911
180.908	95.762	84.849
180.971	96.494	84.820
181.055	97.405	84.833
181.125	98.518	84.859
180.904	99.513	84.915
180.523	99.186	84.787
180.488	99.090	84.867
180.673	99.049	84.909
180.931	99.167	85.009
181.039	99.247	85.134
180.806	99.172	85.173
180.643	98.990	85.169
180.556	98.853	85.119
180.528	98.753	85.008
180.532	98.628	84.924
180.561	98.430	84.842
180.556	98.275	84.839
180.549	98.064	84.880
180.582	97.750	84.887
180.613	97.405	84.860
180.635	97.021	84.857
180.633	96.649	84.860
180.611	96.272	84.850
180.617	95.865	84.830
180.536	95.587	84.838
180.527	95.203	84.837
180.461	95.001	84.885
180.438	94.810	84.946
180.474	94.577	84.984
180.503	94.433	84.996
180.525	94.339	85.038
180.580	94.268	85.034
180.605	94.330	85.046
180.637	94.410	85.021
180.701	94.558	84.963
180.719	94.870	84.934
180.816	95.163	84.884
180.867	95.637	84.846
180.919	96.232	84.852
181.018	96.896	84.862
181.069	97.747	84.890
181.095	98.776	84.944
180.873	99.452	84.926
180.550	99.188	84.821
180.520	99.004	84.825
180.618	99.029	84.920
180.844	99.058	84.987
180.936	99.188	85.081
180.912	99.247	85.142
180.697	99.090	85.166
180.599	98.884	85.113
