NO_OF_FRAMES	5000
NO_OF_DATA_TYPES	3
FREQUENCY	500
TIME_STAMP	2026-06-08, 10:23:17
DATA_INCLUDED	Position
DATA_TYPES	Unidentified [1396505]_pos_X	Unidentified [1396505]_pos_Y	Unidentified [1396505]_pos_Z


260.061	-14.235	119.901
260.124	-14.048	119.893
260.132	-14.025	119.980
260.138	-14.049	120.069
260.144	-14.085	120.166
260.144	-14.204	120.294
260.158	-14.312	120.374
260.163	-14.505	120.396
260.177	-14.655	120.289
260.185	-14.824	120.187
260.184	-14.990	120.078
260.178	-15.177	120.005
260.162	-15.380	119.959
260.142	-15.587	119.924
260.135	-15.761	119.895
260.130	-15.914	119.849
260.124	-16.028	119.812
260.107	-16.152	119.840
260.096	-16.271	119.914
260.095	-16.314	119.929
260.084	-16.364	120.001
260.077	-16.375	120.048
260.075	-16.348	120.111
260.070	-16.286	120.159
260.079	-16.177	120.167
260.090	-16.058	120.185
260.100	-15.923	120.198
260.105	-15.753	120.196
260.119	-15.571	120.166
260.125	-15.360	120.113
260.140	-15.153	120.054
260.143	-14.966	120.010
260.137	-14.812	119.977
260.140	-14.624	119.901
260.136	-14.458	119.854
260.126	-14.348	119.855
260.134	-14.210	119.850
260.130	-14.160	119.922
260.133	-14.125	119.983
260.136	-14.146	120.086
260.144	-14.155	120.153
260.146	-14.240	120.252
260.148	-14.364	120.351
260.167	-14.490	120.351
260.166	-14.675	120.292
260.174	-14.836	120.188
260.181	-14.967	120.063
260.170	-15.155	119.999
260.161	-15.339	119.936
260.137	-15.557	119.933
260.135	-15.716	119.883
260.128	-15.877	119.866
260.123	-16.007	119.838
260.124	-16.123	119.862
260.116	-16.197	119.877
260.106	-16.271	119.924
260.103	-16.300	119.969
260.085	-16.324	120.046
260.085	-16.299	120.119
260.075	-16.234	120.192
260.078	-16.129	120.218
260.084	-16.027	120.265
260.093	-15.858	120.265
260.105	-15.685	120.265
260.109	-15.508	120.260
260.120	-15.292	120.208
260.116	-15.113	120.178
260.127	-14.897	120.078
260.124	-14.712	119.999
260.121	-14.557	119.948
260.116	-14.380	119.878
260.113	-14.254	119.870
260.112	-14.148	119.877
260.114	-14.058	119.903
260.117	-14.056	120.004
260.121	-14.072	120.118
260.133	-14.098	120.199
260.144	-14.183	120.308
260.148	-14.288	120.378
260.166	-14.459	120.406
260.180	-14.625	120.318
260.187	-14.799	120.205
260.188	-14.948	120.093
260.183	-15.119	119.997
260.169	-15.326	119.952
260.157	-15.519	119.910
260.136	-15.712	119.890
260.132	-15.859	119.847
260.130	-16.018	119.849
260.124	-16.097	119.815
260.109	-16.220	119.880
260.101	-16.270	119.905
260.094	-16.340	119.980
260.084	-16.346	120.035
260.092	-16.311	120.066
260.079	-16.255	120.120
260.095	-16.142	120.126
260.099	-16.048	120.155
260.102	-15.920	120.182
260.120	-15.737	120.167
260.120	-15.578	120.177
260.122	-15.392	120.136
260.133	-15.178	120.069
260.133	-15.001	120.034
260.140	-14.835	119.989
260.132	-14.633	119.899
260.126	-14.488	119.868
260.125	-14.352	119.851
260.119	-14.257	119.890
260.115	-14.186	119.933
260.114	-14.140	119.992
260.118	-14.154	120.094
260.125	-14.186	120.178
260.127	-14.232	120.248
260.132	-14.352	120.346
260.137	-14.500	120.389
260.140	-14.652	120.323
260.157	-14.819	120.225
260.159	-14.957	120.100
260.158	-15.148	120.031
260.145	-15.332	119.969
260.130	-15.538	119.948
260.126	-15.702	119.902
260.124	-15.877	119.892
260.124	-15.984	119.825
260.124	-16.093	119.826
260.113	-16.211	119.876
260.113	-16.267	119.899
260.103	-16.310	119.944
260.094	-16.335	120.014
260.100	-16.294	120.070
260.086	-16.254	120.151
260.082	-16.170	120.207
260.096	-16.026	120.212
260.106	-15.871	120.224
260.112	-15.705	120.230
260.116	-15.562	120.258
260.129	-15.340	120.206
260.126	-15.141	120.163
260.132	-14.926	120.073
260.133	-14.742	119.996
260.130	-14.557	119.913
260.126	-14.397	119.856
260.120	-14.270	119.850
260.110	-14.162	119.852
260.109	-14.080	119.898
260.119	-14.031	119.954
260.117	-14.055	120.075
260.117	-14.084	120.163
260.135	-14.150	120.262
260.131	-14.275	120.374
260.148	-14.425	120.423
260.166	-14.588	120.357
260.177	-14.747	120.233
260.182	-14.929	120.149
260.169	-15.104	120.037
260.161	-15.301	119.981
260.148	-15.509	119.954
260.134	-15.691	119.916
260.131	-15.849	119.872
260.125	-15.991	119.839
260.124	-16.093	119.830
260.112	-16.201	119.857
260.095	-16.302	119.922
260.093	-16.342	119.964
260.084	-16.379	120.041
260.087	-16.354	120.079
260.087	-16.292	120.115
260.088	-16.217	120.163
260.095	-16.102	120.171
260.109	-15.952	120.167
260.119	-15.795	120.170
260.126	-15.629	120.174
260.135	-15.431	120.130
260.143	-15.247	120.081
260.155	-15.028	120.021
260.157	-14.848	119.966
260.146	-14.685	119.920
260.149	-14.502	119.860
260.141	-14.366	119.832
260.138	-14.233	119.835
260.132	-14.177	119.900
260.133	-14.115	119.956
260.131	-14.136	120.068
260.129	-14.159	120.161
260.145	-14.187	120.226
260.140	-14.306	120.327
260.142	-14.458	120.401
260.155	-14.603	120.347
260.161	-14.757	120.235
260.167	-14.916	120.137
260.162	-15.078	120.042
260.150	-15.280	119.998
260.135	-15.476	119.954
260.122	-15.668	119.935
260.116	-15.838	119.917
260.120	-15.948	119.853
260.112	-16.077	119.859
260.111	-16.169	119.883
260.102	-16.254	119.933
260.095	-16.305	119.979
260.088	-16.328	120.033
260.085	-16.322	120.133
260.077	-16.242	120.168
260.067	-16.186	120.235
260.082	-16.060	120.265
260.096	-15.908	120.280
260.106	-15.741	120.281
260.112	-15.552	120.257
260.127	-15.343	120.222
260.124	-15.139	120.165
260.130	-14.940	120.095
260.132	-14.756	120.011
260.132	-14.561	119.919
260.126	-14.410	119.868
260.128	-14.248	119.821
260.121	-14.143	119.841
260.118	-14.063	119.878
260.123	-14.017	119.945
260.135	-14.005	120.032
260.127	-14.065	120.155
260.140	-14.129	120.255
260.144	-14.243	120.364
260.155	-14.410	120.422
260.176	-14.567	120.344
260.180	-14.736	120.232
260.174	-14.911	120.132
260.174	-15.084	120.034
260.157	-15.292	119.981
260.135	-15.496	119.959
260.128	-15.658	119.899
260.115	-15.846	119.895
260.111	-15.995	119.857
260.099	-16.108	119.852
260.096	-16.215	119.895
260.081	-16.293	119.940
260.070	-16.344	119.992
260.069	-16.365	120.048
260.064	-16.363	120.101
260.062	-16.315	120.163
260.076	-16.207	120.186
260.082	-16.087	120.185
260.091	-15.962	120.204
260.105	-15.793	120.198
260.100	-15.652	120.218
260.122	-15.431	120.159
260.132	-15.223	120.088
260.143	-15.016	120.035
260.138	-14.867	120.012
260.141	-14.660	119.911
260.136	-14.505	119.871
260.136	-14.353	119.833
260.133	-14.239	119.857
260.126	-14.178	119.913
260.127	-14.127	119.976
260.133	-14.134	120.077
260.140	-14.158	120.163
260.143	-14.216	120.256
260.142	-14.318	120.343
260.156	-14.462	120.401
260.166	-14.596	120.311
260.173	-14.771	120.222
260.173	-14.921	120.114
260.174	-15.090	120.024
260.164	-15.255	119.947
260.143	-15.493	119.955
260.129	-15.665	119.910
260.135	-15.823	119.883
260.133	-15.947	119.844
260.128	-16.071	119.850
260.110	-16.178	119.889
260.102	-16.240	119.917
260.102	-16.294	119.980
260.096	-16.303	120.043
260.085	-16.304	120.133
260.071	-16.264	120.218
260.074	-16.159	120.244
260.081	-16.046	120.281
260.089	-15.889	120.295
260.097	-15.725	120.299
260.103	-15.553	120.289
260.114	-15.344	120.235
260.117	-15.140	120.186
260.130	-14.929	120.092
260.126	-14.741	120.008
260.124	-14.569	119.933
260.125	-14.411	119.875
260.123	-14.254	119.832
260.113	-14.149	119.854
260.109	-14.077	119.889
260.113	-14.046	119.979
260.124	-14.038	120.059
260.129	-14.088	120.174
260.139	-14.185	120.302
260.148	-14.304	120.395
260.165	-14.438	120.376
260.177	-14.611	120.305
260.188	-14.794	120.212
260.195	-14.932	120.077
260.189	-15.109	119.985
260.168	-15.324	119.951
260.156	-15.520	119.913
260.137	-15.712	119.886
260.131	-15.870	119.858
260.128	-16.006	119.829
260.117	-16.123	119.850
260.107	-16.220	119.891
260.102	-16.264	119.911
260.096	-16.306	119.955
260.082	-16.358	120.049
260.078	-16.334	120.109
260.078	-16.269	120.139
260.087	-16.154	120.154
260.092	-16.060	120.179
260.102	-15.920	120.182
260.110	-15.761	120.185
260.129	-15.577	120.166
260.129	-15.368	120.106
260.137	-15.194	120.083
260.138	-15.012	120.031
260.143	-14.828	119.980
260.137	-14.649	119.909
260.130	-14.504	119.879
260.136	-14.363	119.860
260.129	-14.249	119.878
260.124	-14.206	119.951
260.128	-14.153	120.008
260.128	-14.160	120.097
260.128	-14.196	120.207
260.136	-14.260	120.284
260.140	-14.372	120.369
260.153	-14.502	120.371
260.160	-14.673	120.320
260.162	-14.828	120.195
260.168	-14.981	120.103
260.170	-15.140	120.011
260.153	-15.362	119.993
260.138	-15.521	119.932
260.132	-15.684	119.892
260.132	-15.840	119.867
260.132	-15.962	119.839
260.127	-16.069	119.845
260.116	-16.173	119.883
260.117	-16.228	119.922
260.107	-16.273	119.977
260.099	-16.273	120.020
260.097	-16.253	120.105
260.090	-16.183	120.159
260.089	-16.090	120.201
260.095	-15.985	120.240
260.104	-15.828	120.251
260.110	-15.676	120.269
260.117	-15.510	120.268
260.120	-15.292	120.208
260.129	-15.093	120.144
260.135	-14.881	120.058
260.132	-14.704	119.981
260.127	-14.539	119.915
260.120	-14.393	119.859
260.120	-14.250	119.845
260.111	-14.156	119.859
260.108	-14.097	119.925
260.116	-14.074	120.008
260.121	-14.079	120.108
260.129	-14.118	120.195
260.131	-14.203	120.298
260.140	-14.322	120.391
260.162	-14.464	120.365
260.174	-14.628	120.292
260.172	-14.814	120.189
260.178	-14.971	120.086
260.167	-15.154	120.009
260.153	-15.344	119.949
260.140	-15.552	119.921
260.123	-15.722	119.898
260.116	-15.887	119.866
260.119	-16.000	119.826
260.106	-16.118	119.839
260.096	-16.216	119.879
260.088	-16.285	119.930
260.092	-16.311	119.971
260.081	-16.339	120.028
260.081	-16.311	120.084
260.080	-16.267	120.148
260.081	-16.162	120.160
260.100	-16.032	120.156
260.105	-15.893	120.165
260.116	-15.724	120.158
260.129	-15.545	120.137
260.137	-15.371	120.114
260.148	-15.159	120.052
260.148	-14.991	120.015
260.145	-14.816	119.962
260.146	-14.637	119.899
260.145	-14.482	119.857
260.137	-14.348	119.837
260.132	-14.234	119.851
260.132	-14.179	119.909
260.136	-14.145	119.990
260.132	-14.166	120.085
260.140	-14.192	120.168
260.136	-14.261	120.265
260.145	-14.387	120.355
260.159	-14.523	120.387
260.158	-14.681	120.305
260.171	-14.830	120.188
260.170	-14.999	120.109
260.164	-15.172	120.025
260.152	-15.366	119.986
260.139	-15.565	119.960
260.133	-15.724	119.912
260.133	-15.867	119.878
260.127	-16.008	119.865
260.123	-16.096	119.842
260.111	-16.202	119.888
260.110	-16.259	119.915
260.102	-16.300	119.973
260.102	-16.305	120.034
260.099	-16.278	120.105
260.084	-16.224	120.175
260.092	-16.103	120.186
260.095	-15.989	120.225
260.113	-15.841	120.247
260.120	-15.672	120.242
260.121	-15.513	120.252
260.132	-15.303	120.213
260.142	-15.069	120.121
260.139	-14.903	120.070
260.141	-14.710	119.984
260.140	-14.518	119.900
260.134	-14.390	119.866
260.134	-14.240	119.834
260.132	-14.125	119.843
260.126	-14.075	119.898
260.130	-14.040	119.958
260.134	-14.075	120.090
260.138	-14.103	120.180
260.146	-14.170	120.269
260.155	-14.294	120.372
260.159	-14.454	120.385
260.182	-14.610	120.295
260.180	-14.804	120.210
260.186	-14.941	120.083
260.179	-15.147	120.018
260.159	-15.347	119.965
260.141	-15.548	119.932
260.133	-15.722	119.903
260.122	-15.880	119.860
260.121	-16.009	119.830
260.112	-16.111	119.832
260.094	-16.218	119.867
260.086	-16.298	119.924
260.075	-16.357	119.994
260.074	-16.362	120.034
260.077	-16.339	120.082
260.071	-16.289	120.137
260.074	-16.174	120.140
260.085	-16.080	120.180
260.095	-15.929	120.173
260.106	-15.762	120.171
260.111	-15.600	120.166
260.127	-15.396	120.116
260.137	-15.195	120.060
260.141	-14.986	119.998
260.142	-14.818	119.958
260.138	-14.646	119.897
260.139	-14.478	119.857
260.131	-14.353	119.839
260.133	-14.227	119.850
260.134	-14.149	119.890
260.132	-14.127	119.967
260.140	-14.113	120.051
260.139	-14.162	120.152
260.136	-14.231	120.244
260.147	-14.318	120.314
260.154	-14.481	120.389
260.157	-14.649	120.328
260.167	-14.784	120.198
260.171	-14.941	120.102
260.168	-15.123	120.030
260.156	-15.330	119.991
260.139	-15.508	119.937
260.133	-15.682	119.904
260.126	-15.838	119.879
260.130	-15.985	119.860
260.119	-16.087	119.846
260.109	-16.180	119.869
260.104	-16.253	119.922
260.103	-16.300	119.969
260.088	-16.338	120.056
260.078	-16.324	120.134
260.078	-16.235	120.170
260.075	-16.146	120.208
260.083	-16.023	120.236
260.098	-15.862	120.245
260.103	-15.707	120.262
260.105	-15.541	120.271
260.120	-15.344	120.242
260.127	-15.114	120.160
260.130	-14.920	120.090
260.129	-14.714	119.998
260.130	-14.556	119.936
260.126	-14.381	119.864
260.119	-14.264	119.861
260.113	-14.145	119.865
260.117	-14.060	119.896
260.116	-14.047	119.992
260.125	-14.034	120.066
260.130	-14.082	120.177
260.137	-14.148	120.271
260.148	-14.254	120.369
260.159	-14.404	120.403
260.181	-14.577	120.342
260.186	-14.735	120.219
260.198	-14.899	120.102
260.186	-15.078	120.016
260.172	-15.277	119.953
260.151	-15.499	119.937
260.145	-15.665	119.883
260.131	-15.853	119.861
260.131	-15.993	119.831
260.111	-16.125	119.847
260.106	-16.215	119.861
260.099	-16.283	119.903
260.096	-16.335	119.955
260.085	-16.360	120.008
260.086	-16.359	120.076
260.080	-16.320	120.134
260.087	-16.204	120.135
260.087	-16.108	120.161
260.095	-15.969	120.172
260.111	-15.807	120.177
260.118	-15.640	120.176
260.127	-15.441	120.132
260.131	-15.241	120.089
260.141	-15.050	120.039
260.143	-14.856	119.976
260.138	-14.685	119.916
260.134	-14.519	119.869
260.135	-14.376	119.851
260.129	-14.251	119.839
260.124	-14.191	119.908
260.133	-14.102	119.925
260.127	-14.126	120.048
260.136	-14.132	120.122
260.137	-14.210	120.232
260.144	-14.287	120.304
260.143	-14.449	120.398
260.162	-14.606	120.359
260.174	-14.747	120.228
260.168	-14.932	120.150
260.174	-15.086	120.043
260.167	-15.276	119.982
260.147	-15.475	119.949
260.137	-15.653	119.903
260.136	-15.811	119.873
260.144	-15.953	119.839
260.133	-16.063	119.823
260.115	-16.195	119.876
260.121	-16.246	119.894
260.111	-16.292	119.948
260.100	-16.331	120.016
260.097	-16.315	120.090
260.087	-16.282	120.184
260.086	-16.172	120.206
260.093	-16.054	120.229
260.101	-15.911	120.255
260.112	-15.763	120.278
260.120	-15.565	120.261
260.128	-15.395	120.252
260.132	-15.175	120.179
260.132	-14.974	120.118
260.137	-14.766	120.029
260.125	-14.615	119.970
260.123	-14.432	119.891
260.128	-14.281	119.850
260.117	-14.179	119.880
260.114	-14.079	119.892
260.114	-14.048	119.984
260.125	-14.032	120.065
260.124	-14.073	120.167
260.132	-14.128	120.275
260.141	-14.242	120.374
260.158	-14.411	120.449
260.176	-14.535	120.332
260.181	-14.709	120.234
260.192	-14.876	120.125
260.189	-15.040	120.027
260.173	-15.265	119.990
260.153	-15.468	119.946
260.136	-15.642	119.903
260.135	-15.806	119.863
260.126	-15.967	119.837
260.113	-16.078	119.832
260.103	-16.191	119.865
260.101	-16.254	119.889
260.090	-16.322	119.960
260.089	-16.340	120.013
260.076	-16.364	120.080
260.082	-16.301	120.126
260.084	-16.212	120.155
260.094	-16.094	120.153
260.103	-15.961	120.154
260.120	-15.804	120.165
260.124	-15.639	120.163
260.129	-15.451	120.120
260.136	-15.256	120.075
260.141	-15.051	120.015
260.155	-14.859	119.956
260.151	-14.682	119.906
260.141	-14.523	119.862
260.139	-14.379	119.830
260.134	-14.267	119.849
260.137	-14.171	119.877
260.130	-14.154	119.977
260.133	-14.128	120.039
260.125	-14.178	120.157
260.131	-14.220	120.247
260.139	-14.326	120.336
260.141	-14.460	120.388
260.149	-14.605	120.340
260.159	-14.770	120.234
260.164	-14.902	120.124
260.156	-15.085	120.049
260.152	-15.259	119.982
260.137	-15.465	119.964
260.125	-15.641	119.921
260.126	-15.787	119.873
260.120	-15.958	119.876
260.123	-16.042	119.828
260.111	-16.153	119.863
260.105	-16.249	119.929
260.107	-16.274	119.953
260.091	-16.307	120.009
260.092	-16.296	120.074
260.089	-16.256	120.158
260.087	-16.167	120.189
260.093	-16.046	120.208
260.106	-15.916	120.240
260.118	-15.743	120.236
260.113	-15.594	120.257
260.129	-15.391	120.212
260.140	-15.162	120.148
260.142	-14.975	120.083
260.139	-14.797	120.022
260.134	-14.629	119.950
260.137	-14.464	119.888
260.131	-14.319	119.853
260.134	-14.182	119.831
260.129	-14.106	119.867
260.130	-14.045	119.924
260.128	-14.054	120.025
260.143	-14.072	120.122
260.139	-14.146	120.228
260.148	-14.234	120.316
260.160	-14.388	120.404
260.169	-14.568	120.361
260.181	-14.731	120.263
260.188	-14.879	120.135
260.182	-15.036	120.030
260.174	-15.245	119.978
260.148	-15.460	119.957
260.141	-15.635	119.904
260.133	-15.809	119.879
260.127	-15.954	119.850
260.115	-16.060	119.824
260.104	-16.170	119.856
260.104	-16.248	119.908
260.095	-16.301	119.946
260.085	-16.361	120.040
260.089	-16.345	120.074
260.086	-16.295	120.127
260.082	-16.226	120.174
260.092	-16.099	120.153
260.100	-15.982	120.178
260.112	-15.818	120.177
260.118	-15.661	120.182
260.131	-15.477	120.148
260.141	-15.246	120.064
260.154	-15.055	120.023
260.152	-14.878	119.971
260.145	-14.741	119.943
260.149	-14.545	119.868
260.143	-14.402	119.838
260.140	-14.277	119.836
260.144	-14.169	119.857
260.142	-14.149	119.942
260.141	-14.150	120.038
260.140	-14.163	120.125
260.149	-14.216	120.224
260.150	-14.302	120.307
260.155	-14.443	120.380
260.162	-14.615	120.361
260.171	-14.752	120.239
260.176	-14.911	120.145
260.177	-15.052	120.032
260.156	-15.267	119.998
260.149	-15.451	119.947
260.133	-15.619	119.895
260.127	-15.808	119.899
260.130	-15.920	119.843
260.123	-16.044	119.833
260.119	-16.138	119.852
260.106	-16.218	119.894
260.097	-16.293	119.961
260.089	-16.332	120.039
260.086	-16.296	120.059
260.076	-16.277	120.168
260.085	-16.174	120.193
260.078	-16.077	120.231
260.092	-15.938	120.254
260.104	-15.762	120.249
260.100	-15.601	120.260
260.108	-15.413	120.226
260.119	-15.209	120.181
260.130	-14.973	120.076
260.132	-14.806	120.016
260.129	-14.622	119.938
260.126	-14.462	119.877
260.119	-14.325	119.845
260.113	-14.204	119.845
260.120	-14.100	119.861
260.119	-14.045	119.921
260.123	-14.075	120.040
260.135	-14.086	120.129
260.133	-14.153	120.238
260.149	-14.230	120.323
260.162	-14.382	120.403
260.179	-14.530	120.328
260.191	-14.686	120.213
260.183	-14.889	120.143
260.184	-15.050	120.035
260.175	-15.236	119.972
260.156	-15.446	119.942
260.145	-15.605	119.878
260.133	-15.784	119.868
260.129	-15.950	119.850
260.118	-16.055	119.824
260.105	-16.164	119.855
260.105	-16.222	119.882
260.093	-16.299	119.956
260.084	-16.338	120.013
260.080	-16.332	120.073
260.076	-16.286	120.119
260.077	-16.203	120.149
260.083	-16.105	120.182
260.096	-15.958	120.165
260.111	-15.807	120.173
260.111	-15.657	120.189
260.125	-15.466	120.158
260.135	-15.261	120.092
260.140	-15.057	120.036
260.138	-14.895	120.004
260.140	-14.714	119.929
260.142	-14.538	119.867
260.135	-14.409	119.856
260.126	-14.279	119.852
260.123	-14.201	119.894
260.122	-14.160	119.966
260.132	-14.139	120.046
260.140	-14.143	120.119
260.137	-14.219	120.234
260.145	-14.305	120.325
260.151	-14.409	120.368
260.159	-14.572	120.340
260.172	-14.717	120.235
260.172	-14.889	120.137
260.173	-15.047	120.047
260.166	-15.218	119.962
260.150	-15.438	119.956
260.140	-15.613	119.906
260.135	-15.766	119.864
260.137	-15.907	119.839
260.130	-16.028	119.824
260.131	-16.124	119.838
260.112	-16.211	119.883
260.105	-16.274	119.936
260.105	-16.283	119.986
260.098	-16.292	120.072
260.084	-16.261	120.152
260.087	-16.156	120.182
260.085	-16.065	120.232
260.099	-15.915	120.252
260.111	-15.748	120.245
260.111	-15.608	120.284
260.115	-15.393	120.224
260.133	-15.156	120.151
260.128	-14.997	120.126
260.130	-14.816	120.050
260.136	-14.607	119.954
260.124	-14.456	119.895
260.125	-14.301	119.842
260.118	-14.193	119.857
260.117	-14.108	119.894
260.119	-14.058	119.953
260.117	-14.051	120.038
260.131	-14.080	120.145
260.132	-14.138	120.250
260.142	-14.238	120.337
260.155	-14.389	120.413
260.176	-14.549	120.344
260.182	-14.703	120.232
260.181	-14.879	120.127
260.183	-15.061	120.045
260.175	-15.245	119.974
260.155	-15.455	119.947
260.142	-15.623	119.894
260.135	-15.797	119.861
260.134	-15.937	119.813
260.122	-16.066	119.822
260.118	-16.155	119.831
260.110	-16.242	119.878
260.098	-16.319	119.952
260.093	-16.343	119.996
260.083	-16.340	120.045
260.089	-16.295	120.092
260.088	-16.224	120.136
260.098	-16.093	120.123
260.106	-15.987	120.155
260.114	-15.837	120.163
260.121	-15.668	120.157
260.136	-15.473	120.130
260.145	-15.277	120.074
260.149	-15.084	120.025
260.150	-14.902	119.976
260.146	-14.727	119.927
260.147	-14.549	119.860
260.139	-14.429	119.856
260.131	-14.312	119.860
260.127	-14.221	119.897
260.126	-14.166	119.954
260.131	-14.158	120.054
260.139	-14.147	120.112
260.137	-14.200	120.205
260.143	-14.296	120.310
260.144	-14.440	120.393
260.152	-14.596	120.375
260.162	-14.740	120.259
260.170	-14.885	120.139
260.166	-15.057	120.066
260.160	-15.233	119.990
260.137	-15.439	119.965
260.129	-15.612	119.923
260.127	-15.782	119.900
260.131	-15.908	119.852
260.123	-16.041	119.847
260.114	-16.142	119.869
260.106	-16.221	119.898
260.106	-16.281	119.954
260.102	-16.296	119.984
260.090	-16.318	120.067
260.090	-16.257	120.131
260.084	-16.182	120.171
260.092	-16.056	120.194
260.099	-15.938	120.217
260.108	-15.774	120.231
260.115	-15.627	120.255
260.123	-15.444	120.234
260.135	-15.200	120.152
260.132	-15.032	120.121
260.129	-14.826	120.033
260.132	-14.656	119.960
260.129	-14.487	119.898
260.124	-14.330	119.849
260.120	-14.199	119.839
260.113	-14.102	119.858
260.120	-14.045	119.914
260.120	-14.059	120.022
260.125	-14.064	120.094
260.128	-14.135	120.219
260.137	-14.200	120.301
260.155	-14.323	120.371
260.166	-14.502	120.365
260.169	-14.679	120.279
260.182	-14.853	120.181
260.182	-14.984	120.044
260.161	-15.216	120.011
260.153	-15.393	119.946
260.141	-15.600	119.919
260.127	-15.782	119.900
260.124	-15.938	119.876
260.111	-16.054	119.836
260.099	-16.178	119.883
260.098	-16.231	119.877
260.092	-16.301	119.944
260.081	-16.344	119.997
260.078	-16.349	120.057
260.073	-16.321	120.107
260.081	-16.236	120.136
260.090	-16.137	120.166
260.098	-15.997	120.153
260.106	-15.869	120.171
260.117	-15.702	120.165
260.124	-15.533	120.159
260.138	-15.303	120.085
260.144	-15.127	120.041
260.147	-14.944	120.002
260.148	-14.770	119.948
260.144	-14.583	119.868
260.143	-14.447	119.854
260.136	-14.318	119.844
260.139	-14.196	119.853
260.135	-14.156	119.928
260.136	-14.149	120.023
260.140	-14.153	120.102
260.140	-14.191	120.192
260.154	-14.266	120.291
260.154	-14.384	120.360
260.163	-14.544	120.367
260.168	-14.703	120.277
260.176	-14.845	120.151
260.176	-15.008	120.075
260.164	-15.191	120.005
260.154	-15.399	119.980
260.139	-15.565	119.912
260.132	-15.746	119.905
260.132	-15.889	119.871
260.131	-16.016	119.857
260.125	-16.118	119.858
260.112	-16.210	119.903
260.110	-16.269	119.942
260.102	-16.296	119.988
260.091	-16.304	120.052
260.090	-16.266	120.133
260.083	-16.210	120.202
260.088	-16.082	120.206
260.089	-15.978	120.255
260.103	-15.819	120.276
260.117	-15.650	120.274
260.119	-15.485	120.267
260.132	-15.235	120.187
260.136	-15.039	120.133
260.136	-14.863	120.054
260.136	-14.675	119.980
260.131	-14.510	119.913
260.126	-14.348	119.855
260.128	-14.223	119.847
260.127	-14.114	119.849
260.117	-14.065	119.910
260.130	-14.060	120.011
260.132	-14.064	120.098
260.138	-14.106	120.188
260.148	-14.192	120.285
260.156	-14.335	120.395
260.166	-14.512	120.388
260.183	-14.660	120.269
260.188	-14.832	120.159
260.190	-14.989	120.062
260.176	-15.185	119.991
260.167	-15.390	119.953
260.144	-15.573	119.901
260.131	-15.756	119.887
260.132	-15.894	119.837
260.125	-16.038	119.832
260.107	-16.154	119.849
260.097	-16.240	119.879
260.085	-16.310	119.935
260.088	-16.341	119.993
260.083	-16.330	120.019
260.078	-16.327	120.091
260.073	-16.270	120.149
260.083	-16.155	120.159
260.089	-16.033	120.154
260.100	-15.891	120.170
260.108	-15.734	120.180
260.117	-15.551	120.156
260.134	-15.334	120.091
260.137	-15.136	120.036
260.145	-14.971	120.012
260.140	-14.786	119.940
260.136	-14.617	119.888
260.141	-14.448	119.842
260.127	-14.336	119.844
260.125	-14.226	119.870
260.128	-14.162	119.914
260.130	-14.160	120.015
260.133	-14.164	120.097
260.134	-14.204	120.188
260.136	-14.275	120.276
260.145	-14.387	120.355
260.157	-14.540	120.371
260.158	-14.682	120.285
260.168	-14.861	120.187
260.165	-15.004	120.084
260.160	-15.180	120.004
260.152	-15.369	119.967
260.141	-15.554	119.922
260.134	-15.730	119.902
260.136	-15.863	119.859
260.132	-16.002	119.838
260.123	-16.107	119.849
260.112	-16.218	119.901
260.107	-16.273	119.929
260.104	-16.298	119.982
260.096	-16.298	120.029
260.096	-16.276	120.123
260.087	-16.211	120.173
260.086	-16.120	120.220
260.095	-15.969	120.220
260.103	-15.817	120.248
260.110	-15.665	120.259
260.118	-15.475	120.244
260.127	-15.280	120.209
260.125	-15.081	120.159
260.128	-14.891	120.081
260.131	-14.701	120.000
260.130	-14.519	119.923
260.125	-14.357	119.864
260.122	-14.228	119.852
260.115	-14.137	119.880
260.118	-14.060	119.913
260.114	-14.045	119.999
260.128	-14.053	120.097
260.128	-14.099	120.205
260.140	-14.173	120.291
260.142	-14.300	120.398
260.159	-14.455	120.409
260.176	-14.606	120.299
260.186	-14.780	120.187
260.178	-14.986	120.122
260.174	-15.128	119.999
260.165	-15.342	119.967
260.147	-15.524	119.902
260.141	-15.714	119.889
260.128	-15.886	119.868
260.123	-15.994	119.807
260.115	-16.134	119.844
260.112	-16.212	119.863
260.099	-16.283	119.903
260.093	-16.350	119.986
260.087	-16.333	120.002
260.084	-16.337	120.081
260.088	-16.270	120.125
260.087	-16.170	120.149
260.098	-16.043	120.146
260.108	-15.910	120.164
260.116	-15.762	120.176
260.132	-15.565	120.144
260.136	-15.368	120.110
260.146	-15.166	120.053
260.147	-14.989	120.018
260.148	-14.811	119.955
260.145	-14.635	119.898
260.138	-14.490	119.871
260.133	-14.352	119.851
260.132	-14.230	119.866
260.128	-14.159	119.905
260.136	-14.120	119.971
260.132	-14.132	120.076
260.133	-14.160	120.160
260.139	-14.222	120.244
260.138	-14.349	120.349
260.156	-14.497	120.390
260.156	-14.664	120.327
260.169	-14.816	120.215
260.176	-14.949	120.095
260.166	-15.134	120.023
260.155	-15.335	119.983
260.143	-15.519	119.942
260.131	-15.695	119.899
260.129	-15.872	119.897
260.130	-15.980	119.847
260.123	-16.098	119.847
260.117	-16.207	119.889
260.113	-16.254	119.911
260.102	-16.320	119.978
260.101	-16.315	120.017
260.092	-16.311	120.114
260.092	-16.231	120.153
260.095	-16.126	120.178
260.099	-16.029	120.222
260.111	-15.869	120.238
260.117	-15.698	120.231
260.123	-15.546	120.250
260.134	-15.328	120.193
260.139	-15.117	120.140
260.137	-14.914	120.060
260.140	-14.742	120.004
260.136	-14.577	119.933
260.133	-14.394	119.855
260.125	-14.267	119.836
260.122	-14.164	119.855
260.121	-14.067	119.865
260.129	-14.051	119.969
260.133	-14.049	120.054
260.134	-14.101	120.177
260.134	-14.170	120.267
260.142	-14.293	120.376
260.155	-14.439	120.398
260.176	-14.605	120.319
260.176	-14.772	120.204
260.183	-14.925	120.109
260.175	-15.126	120.038
260.156	-15.330	119.991
260.142	-15.506	119.934
260.132	-15.683	119.888
260.124	-15.860	119.875
260.125	-15.978	119.827
260.106	-16.117	119.858
260.094	-16.209	119.869
260.095	-16.261	119.899
260.082	-16.358	120.002
260.087	-16.340	120.020
260.071	-16.349	120.097
260.079	-16.273	120.121
260.078	-16.185	120.145
260.090	-16.075	120.154
260.100	-15.935	120.157
260.118	-15.763	120.149
260.123	-15.604	120.153
260.132	-15.415	120.108
260.140	-15.205	120.044
260.144	-15.031	120.020
260.151	-14.834	119.943
260.148	-14.673	119.902
260.136	-14.521	119.863
260.132	-14.398	119.851
260.134	-14.281	119.861
260.136	-14.196	119.900
260.132	-14.172	119.979
260.135	-14.148	120.046
260.137	-14.182	120.144
260.141	-14.244	120.247
260.137	-14.371	120.342
260.152	-14.492	120.379
260.163	-14.625	120.301
260.171	-14.776	120.174
260.163	-14.955	120.114
260.165	-15.117	120.026
260.152	-15.301	119.965
260.140	-15.507	119.953
260.133	-15.671	119.901
260.128	-15.827	119.885
260.127	-15.949	119.837
260.115	-16.081	119.854
260.116	-16.163	119.860
260.115	-16.217	119.878
260.109	-16.278	119.947
260.096	-16.305	120.019
260.093	-16.283	120.080
260.084	-16.245	120.160
260.086	-16.159	120.198
260.081	-16.057	120.240
260.104	-15.878	120.228
260.113	-15.723	120.240
260.116	-15.562	120.258
260.126	-15.340	120.196
260.135	-15.154	120.163
260.131	-14.951	120.087
260.135	-14.765	120.012
260.133	-14.596	119.949
260.136	-14.400	119.854
260.127	-14.304	119.863
260.129	-14.154	119.840
260.126	-14.071	119.865
260.131	-14.032	119.929
260.131	-14.034	120.033
260.136	-14.070	120.134
260.144	-14.133	120.235
260.148	-14.244	120.339
260.168	-14.372	120.391
260.182	-14.555	120.349
260.193	-14.709	120.228
260.194	-14.878	120.122
260.194	-15.056	120.034
260.178	-15.276	119.984
260.165	-15.458	119.942
260.147	-15.639	119.901
260.138	-15.820	119.876
260.130	-15.967	119.839
260.125	-16.080	119.835
260.107	-16.198	119.881
260.100	-16.259	119.906
260.096	-16.306	119.952
260.087	-16.338	120.015
260.074	-16.342	120.077
260.086	-16.286	120.132
260.087	-16.206	120.163
260.088	-16.096	120.174
260.104	-15.951	120.172
260.116	-15.791	120.172
260.117	-15.655	120.196
260.127	-15.457	120.148
260.145	-15.229	120.073
260.147	-15.038	120.019
260.153	-14.874	119.982
260.144	-14.687	119.911
260.138	-14.539	119.872
260.136	-14.386	119.839
260.134	-14.267	119.846
260.134	-14.184	119.879
260.135	-14.137	119.947
260.136	-14.125	120.032
260.138	-14.142	120.106
260.143	-14.198	120.212
260.142	-14.319	120.323
260.156	-14.417	120.357
260.167	-14.600	120.336
260.174	-14.754	120.221
260.174	-14.908	120.123
260.176	-15.079	120.038
260.171	-15.237	119.954
260.142	-15.473	119.953
260.141	-15.614	119.882
260.136	-15.796	119.877
260.129	-15.936	119.839
260.129	-16.034	119.817
260.118	-16.161	119.869
260.112	-16.213	119.888
260.106	-16.278	119.946
260.089	-16.311	120.005
260.090	-16.313	120.102
260.089	-16.247	120.159
260.087	-16.150	120.192
260.087	-16.055	120.242
260.100	-15.897	120.247
260.107	-15.745	120.262
260.113	-15.576	120.260
260.121	-15.382	120.233
260.132	-15.154	120.153
260.131	-14.974	120.101
260.134	-14.774	120.017
260.131	-14.593	119.927
260.128	-14.428	119.874
260.127	-14.280	119.829
260.120	-14.175	119.849
260.114	-14.083	119.873
260.118	-14.061	119.965
260.123	-14.051	120.053
260.128	-14.104	120.174
260.143	-14.149	120.262
260.139	-14.275	120.374
260.158	-14.418	120.422
260.174	-14.568	120.332
260.191	-14.723	120.207
260.193	-14.894	120.118
260.182	-15.053	120.006
260.169	-15.259	119.955
260.153	-15.460	119.924
260.141	-15.636	119.881
260.134	-15.810	119.855
260.133	-15.967	119.849
260.121	-16.078	119.836
260.117	-16.177	119.865
260.106	-16.252	119.899
260.096	-16.322	119.972
260.095	-16.335	120.011
260.083	-16.341	120.073
260.088	-16.294	120.119
260.083	-16.193	120.134
260.093	-16.097	120.166
260.103	-15.952	120.156
260.113	-15.804	120.157
260.119	-15.635	120.156
260.137	-15.428	120.114
260.143	-15.239	120.063
260.150	-15.046	120.015
260.148	-14.867	119.970
260.147	-14.709	119.923
260.151	-14.526	119.856
260.136	-14.407	119.848
260.132	-14.285	119.857
260.130	-14.199	119.897
260.128	-14.156	119.964
260.130	-14.155	120.053
260.138	-14.177	120.148
260.136	-14.226	120.231
260.141	-14.326	120.324
260.149	-14.445	120.377
260.155	-14.603	120.347
260.167	-14.761	120.232
260.174	-14.911	120.132
260.170	-15.073	120.033
260.161	-15.261	119.979
260.144	-15.449	119.952
260.132	-15.617	119.894
260.131	-15.794	119.881
260.134	-15.920	119.841
260.128	-16.063	119.852
260.117	-16.162	119.873
260.114	-16.231	119.894
260.110	-16.264	119.928
260.105	-16.289	119.980
260.099	-16.300	120.063
260.096	-16.233	120.104
260.086	-16.166	120.164
260.098	-16.038	120.180
260.099	-15.931	120.220
260.117	-15.753	120.222
260.123	-15.613	120.247
260.126	-15.414	120.216
260.136	-15.205	120.161
260.134	-14.995	120.088
260.136	-14.822	120.031
260.134	-14.643	119.962
260.130	-14.464	119.880
260.127	-14.339	119.853
260.130	-14.191	119.827
260.123	-14.109	119.861
260.122	-14.073	119.943
260.121	-14.061	120.011
260.137	-14.088	120.127
260.133	-14.153	120.238
260.144	-14.232	120.313
260.152	-14.380	120.413
260.167	-14.535	120.367
260.184	-14.672	120.241
260.184	-14.870	120.162
260.189	-15.032	120.076
260.177	-15.216	119.984
260.161	-15.421	119.946
260.137	-15.634	119.930
260.137	-15.778	119.876
260.126	-15.932	119.844
260.128	-16.058	119.839
260.111	-16.156	119.852
260.103	-16.236	119.881
260.097	-16.303	119.943
260.087	-16.356	120.016
260.087	-16.344	120.057
260.081	-16.306	120.119
260.086	-16.227	120.152
260.098	-16.103	120.153
260.099	-15.989	120.172
260.114	-15.827	120.180
260.116	-15.681	120.198
260.130	-15.477	120.155
260.141	-15.268	120.097
260.142	-15.102	120.065
260.157	-14.885	119.984
260.153	-14.707	119.930
260.148	-14.545	119.872
260.144	-14.393	119.836
260.140	-14.277	119.839
260.137	-14.177	119.871
260.131	-14.132	119.936
260.133	-14.125	120.031
260.132	-14.127	120.111
260.135	-14.185	120.208
260.140	-14.278	120.307
260.148	-14.397	120.383
260.161	-14.546	120.359
260.167	-14.705	120.264
260.168	-14.866	120.152
260.173	-15.028	120.067
260.162	-15.216	120.003
260.153	-15.407	119.961
260.139	-15.612	119.933
260.122	-15.771	119.906
260.125	-15.922	119.877
260.119	-16.027	119.841
260.113	-16.156	119.888
260.104	-16.233	119.913
260.099	-16.286	119.956
260.096	-16.297	120.001
260.084	-16.308	120.077
260.077	-16.263	120.153
260.077	-16.200	120.212
260.077	-16.077	120.239
260.078	-15.968	120.274
260.101	-15.788	120.283
260.104	-15.631	120.286
260.114	-15.425	120.244
260.130	-15.206	120.178
260.133	-14.998	120.100
260.136	-14.829	120.049
260.129	-14.636	119.953
260.129	-14.473	119.882
260.124	-14.332	119.857
260.126	-14.196	119.846
260.116	-14.135	119.900
260.119	-14.058	119.949
260.123	-14.055	120.035
260.132	-14.063	120.121
260.132	-14.152	120.261
260.144	-14.247	120.353
260.149	-14.380	120.404
260.175	-14.522	120.332
260.178	-14.703	120.238
260.184	-14.854	120.118
260.178	-15.039	120.041
260.166	-15.237	119.987
260.146	-15.442	119.951
260.133	-15.613	119.898
260.120	-15.799	119.893
260.123	-15.934	119.847
260.117	-16.049	119.834
260.106	-16.157	119.861
260.092	-16.254	119.920
260.085	-16.311	119.963
260.083	-16.319	119.992
260.071	-16.351	120.077
260.075	-16.293	120.120
260.076	-16.224	120.158
260.092	-16.096	120.149
260.101	-15.968	120.159
260.111	-15.827	120.179
260.113	-15.681	120.188
260.124	-15.491	120.155
260.132	-15.292	120.095
260.144	-15.080	120.024
260.145	-14.898	119.972
260.145	-14.731	119.920
260.145	-14.576	119.874
260.147	-14.408	119.830
260.136	-14.300	119.844
260.134	-14.199	119.871
260.133	-14.159	119.944
260.133	-14.173	120.051
260.139	-14.167	120.121
260.141	-14.242	120.238
260.148	-14.318	120.310
260.147	-14.455	120.386
260.157	-14.599	120.350
260.171	-14.730	120.229
260.177	-14.886	120.127
260.174	-15.073	120.056
260.160	-15.239	119.980
260.152	-15.433	119.960
260.141	-15.609	119.913
260.132	-15.797	119.911
260.129	-15.906	119.855
260.126	-16.021	119.852
260.120	-16.139	119.876
260.113	-16.203	119.906
260.111	-16.270	119.966
260.099	-16.284	119.999
260.099	-16.276	120.073
260.090	-16.236	120.149
260.088	-16.147	120.180
260.086	-16.056	120.230
260.103	-15.931	120.266
260.111	-15.739	120.243
260.113	-15.596	120.266
260.121	-15.404	120.243
260.125	-15.195	120.181
260.129	-14.992	120.109
260.131	-14.811	120.033
260.128	-14.625	119.954
260.131	-14.460	119.888
260.123	-14.333	119.865
260.116	-14.206	119.851
260.117	-14.118	119.876
260.116	-14.064	119.933
260.123	-14.075	120.044
260.125	-14.083	120.119
260.132	-14.165	120.249
260.144	-14.253	120.343
260.157	-14.382	120.412
260.167	-14.557	120.377
260.177	-14.697	120.248
260.183	-14.883	120.149
260.182	-15.042	120.047
260.177	-15.236	119.989
260.163	-15.423	119.936
260.144	-15.621	119.902
260.137	-15.787	119.875
260.129	-15.933	119.834
260.125	-16.044	119.821
260.106	-16.166	119.856
260.105	-16.236	119.894
260.094	-16.297	119.948
260.082	-16.347	120.023
260.083	-16.325	120.053
260.076	-16.311	120.141
260.078	-16.203	120.141
260.088	-16.104	120.169
260.096	-15.985	120.189
260.105	-15.823	120.182
260.110	-15.672	120.188
260.119	-15.496	120.178
260.134	-15.270	120.098
260.137	-15.081	120.041
260.139	-14.921	120.019
260.138	-14.733	119.937
260.136	-14.555	119.875
260.137	-14.395	119.833
260.125	-14.302	119.870
260.124	-14.198	119.885
260.127	-14.141	119.944
260.133	-14.123	120.026
260.129	-14.152	120.120
260.134	-14.206	120.220
260.139	-14.277	120.287
260.140	-14.431	120.396
260.154	-14.575	120.358
260.166	-14.715	120.247
260.166	-14.893	120.162
260.168	-15.041	120.060
260.161	-15.226	119.989
260.146	-15.429	119.964
260.130	-15.614	119.925
260.134	-15.763	119.879
260.125	-15.912	119.854
260.117	-16.059	119.861
260.121	-16.137	119.864
260.112	-16.205	119.890
260.100	-16.258	119.929
260.090	-16.318	120.023
260.098	-16.288	120.084
260.084	-16.254	120.159
260.079	-16.173	120.202
260.091	-16.065	120.244
260.100	-15.920	120.261
260.112	-15.752	120.275
260.111	-15.611	120.292
260.122	-15.393	120.232
260.132	-15.186	120.190
260.135	-14.976	120.104
260.133	-14.795	120.030
260.131	-14.612	119.952
260.132	-14.453	119.890
260.126	-14.300	119.834
260.120	-14.183	119.847
260.107	-14.113	119.898
260.119	-14.063	119.966
260.126	-14.033	120.038
260.136	-14.057	120.126
260.133	-14.148	120.273
260.147	-14.243	120.366
260.148	-14.406	120.426
260.177	-14.546	120.331
260.183	-14.711	120.227
260.182	-14.893	120.135
260.183	-15.043	120.020
260.168	-15.233	119.959
260.149	-15.443	119.929
260.131	-15.638	119.903
260.124	-15.819	119.892
260.122	-15.952	119.851
260.117	-16.053	119.823
260.103	-16.187	119.880
260.097	-16.246	119.896
260.092	-16.304	119.953
260.084	-16.333	120.000
260.078	-16.334	120.065
260.087	-16.303	120.122
260.083	-16.216	120.144
260.093	-16.093	120.133
260.104	-15.972	120.154
260.113	-15.819	120.149
260.122	-15.673	120.163
260.137	-15.454	120.101
260.140	-15.275	120.071
260.142	-15.093	120.015
260.150	-14.900	119.968
260.150	-14.722	119.908
260.148	-14.546	119.848
260.138	-14.433	119.848
260.136	-14.295	119.830
260.133	-14.223	119.889
260.133	-14.170	119.947
260.133	-14.165	120.030
260.136	-14.175	120.106
260.137	-14.232	120.217
260.142	-14.315	120.294
260.149	-14.445	120.377
260.155	-14.603	120.347
260.154	-14.772	120.268
260.170	-14.891	120.129
260.166	-15.063	120.056
260.158	-15.244	119.980
260.145	-15.452	119.977
260.128	-15.616	119.916
260.134	-15.769	119.876
260.129	-15.933	119.882
260.130	-16.022	119.830
260.120	-16.123	119.856
260.116	-16.227	119.901
260.105	-16.274	119.940
260.097	-16.308	120.001
260.092	-16.293	120.041
260.093	-16.266	120.131
260.095	-16.168	120.161
260.090	-16.071	120.217
260.097	-15.946	120.247
260.108	-15.773	120.250
260.116	-15.614	120.268
260.120	-15.417	120.237
260.130	-15.202	120.193
260.132	-15.020	120.138
260.137	-14.819	120.063
260.131	-14.658	119.992
260.125	-14.475	119.916
260.125	-14.306	119.855
260.121	-14.197	119.855
260.119	-14.079	119.835
260.122	-14.029	119.911
260.119	-14.040	120.000
260.128	-14.056	120.105
260.127	-14.105	120.202
260.145	-14.189	120.298
260.153	-14.315	120.392
260.173	-14.461	120.359
260.178	-14.641	120.273
260.176	-14.835	120.169
260.181	-15.003	120.077
260.177	-15.170	119.991
260.160	-15.393	119.954
260.142	-15.582	119.911
260.129	-15.777	119.900
260.129	-15.935	119.862
260.118	-16.058	119.829
260.106	-16.161	119.846
260.089	-16.263	119.889
260.084	-16.323	119.929
260.084	-16.359	119.987
260.073	-16.378	120.058
260.077	-16.333	120.088
260.077	-16.264	120.133
260.080	-16.171	120.166
260.089	-16.035	120.159
260.105	-15.887	120.175
260.107	-15.746	120.191
260.116	-15.570	120.184
260.131	-15.351	120.122
260.143	-15.144	120.065
260.144	-14.965	120.022
260.137	-14.785	119.962
260.138	-14.614	119.913
260.136	-14.466	119.872
260.129	-14.311	119.843
260.131	-14.199	119.866
260.124	-14.144	119.915
260.136	-14.089	119.971
260.128	-14.121	120.075
260.134	-14.154	120.163
260.142	-14.222	120.254
260.146	-14.347	120.349
260.152	-14.487	120.366
260.157	-14.650	120.308
260.169	-14.814	120.191
260.168	-14.964	120.083
260.163	-15.154	120.015
260.154	-15.340	119.952
260.138	-15.539	119.929
260.127	-15.721	119.892
260.134	-15.859	119.853
260.127	-16.011	119.846
260.122	-16.111	119.838
260.118	-16.215	119.883
260.106	-16.263	119.906
260.101	-16.315	119.969
260.094	-16.320	120.022
260.085	-16.328	120.127
260.082	-16.251	120.185
260.080	-16.156	120.222
260.089	-16.021	120.243
260.104	-15.864	120.261
260.112	-15.689	120.258
260.113	-15.546	120.288
260.123	-15.323	120.222
260.135	-15.091	120.147
260.132	-14.897	120.069
260.130	-14.707	119.997
260.133	-14.526	119.914
260.128	-14.380	119.876
260.124	-14.257	119.861
260.129	-14.135	119.859
260.117	-14.067	119.914
260.126	-14.021	119.983
260.130	-14.032	120.080
260.137	-14.068	120.173
260.140	-14.167	120.294
260.150	-14.291	120.400
260.168	-14.439	120.414
260.177	-14.612	120.333
260.190	-14.765	120.201
260.184	-14.928	120.090
260.180	-15.095	120.001
260.162	-15.332	119.986
260.150	-15.516	119.917
260.135	-15.699	119.886
260.135	-15.850	119.847
260.129	-15.983	119.812
260.117	-16.118	119.841
260.105	-16.236	119.894
260.101	-16.282	119.916
260.095	-16.329	119.969
260.081	-16.373	120.049
260.082	-16.354	120.112
260.082	-16.289	120.143
260.086	-16.162	120.135
260.091	-16.062	120.167
260.100	-15.925	120.175
260.109	-15.781	120.197
260.118	-15.606	120.191
260.128	-15.397	120.136
260.140	-15.173	120.059
260.140	-15.008	120.035
260.142	-14.825	119.979
260.131	-14.659	119.921
260.133	-14.469	119.847
260.132	-14.340	119.848
260.131	-14.226	119.857
260.122	-14.169	119.920
260.125	-14.117	119.980
260.133	-14.123	120.074
260.127	-14.162	120.177
260.129	-14.221	120.258
260.136	-14.323	120.349
260.154	-14.456	120.374
260.152	-14.633	120.321
260.167	-14.773	120.194
260.171	-14.938	120.098
260.166	-15.119	120.031
260.152	-15.317	119.981
260.136	-15.497	119.932
260.133	-15.679	119.900
260.125	-15.847	119.881
260.133	-15.951	119.829
260.119	-16.092	119.859
260.114	-16.179	119.864
260.109	-16.230	119.898
260.104	-16.279	119.957
260.097	-16.298	120.026
260.086	-16.306	120.134
260.081	-16.224	120.177
260.084	-16.114	120.193
260.085	-16.022	120.248
260.092	-15.879	120.278
260.101	-15.703	120.268
260.113	-15.522	120.250
260.124	-15.323	120.218
260.128	-15.111	120.148
260.139	-14.898	120.057
260.132	-14.748	120.013
260.129	-14.552	119.907
260.127	-14.399	119.861
260.120	-14.256	119.839
260.117	-14.151	119.857
260.113	-14.090	119.919
260.123	-14.060	120.000
260.120	-14.076	120.106
260.134	-14.086	120.185
260.138	-14.188	120.310
260.146	-14.316	120.413
260.156	-14.473	120.396
260.182	-14.591	120.270
260.176	-14.783	120.183
260.187	-14.941	120.079
260.176	-15.113	119.995
260.155	-15.344	119.985
260.142	-15.523	119.931
260.135	-15.701	119.891
260.125	-15.863	119.876
260.124	-15.975	119.822
260.108	-16.096	119.842
260.103	-16.201	119.891
260.090	-16.266	119.938
260.086	-16.315	119.988
260.077	-16.333	120.040
260.081	-16.307	120.095
260.081	-16.233	120.127
260.089	-16.131	120.132
260.094	-16.042	120.171
260.110	-15.895	120.160
260.120	-15.737	120.167
260.127	-15.580	120.165
260.140	-15.372	120.097
260.144	-15.181	120.056
260.153	-14.996	119.999
260.146	-14.842	119.970
260.151	-14.645	119.888
260.142	-14.493	119.851
260.135	-14.362	119.836
260.134	-14.261	119.856
260.135	-14.188	119.905
260.134	-14.159	119.988
260.133	-14.177	120.084
260.139	-14.196	120.161
260.140	-14.269	120.261
260.145	-14.396	120.353
260.152	-14.543	120.389
260.159	-14.678	120.293
260.166	-14.837	120.191
260.168	-14.971	120.077
260.161	-15.147	120.004
260.145	-15.385	120.003
260.130	-15.547	119.946
260.135	-15.692	119.889
260.125	-15.854	119.874
260.129	-15.978	119.846
260.121	-16.071	119.843
260.117	-16.164	119.881
260.104	-16.240	119.934
260.099	-16.290	119.993
260.098	-16.293	120.053
260.090	-16.261	120.120
260.088	-16.195	120.177
260.087	-16.099	120.211
260.095	-15.974	120.233
260.109	-15.810	120.241
260.117	-15.651	120.258
260.117	-15.482	120.241
260.134	-15.271	120.194
260.132	-15.068	120.135
260.139	-14.897	120.077
260.139	-14.692	119.978
260.139	-14.544	119.926
260.140	-14.380	119.851
260.126	-14.251	119.837
260.119	-14.160	119.872
260.121	-14.082	119.901
260.124	-14.050	119.973
260.126	-14.087	120.097
260.138	-14.110	120.173
260.142	-14.195	120.278
260.150	-14.326	120.386
260.167	-14.471	120.374
260.185	-14.632	120.283
260.183	-14.820	120.184
260.191	-14.953	120.061
260.177	-15.157	120.008
260.164	-15.355	119.957
260.145	-15.559	119.934
260.138	-15.719	119.893
260.133	-15.877	119.861
260.127	-16.004	119.832
260.116	-16.132	119.860
260.107	-16.216	119.881
260.094	-16.283	119.936
260.083	-16.340	120.001
260.082	-16.349	120.051
260.078	-16.332	120.104
260.079	-16.254	120.140
260.088	-16.157	120.158
260.096	-16.019	120.150
260.111	-15.877	120.156
260.107	-15.741	120.181
260.127	-15.562	120.168
260.137	-15.364	120.121
260.141	-15.155	120.055
260.143	-14.978	120.013
260.150	-14.800	119.961
260.146	-14.623	119.887
260.137	-14.487	119.866
260.139	-14.344	119.845
260.138	-14.213	119.833
260.134	-14.163	119.905
260.131	-14.136	119.973
260.136	-14.138	120.064
260.136	-14.203	120.181
260.143	-14.258	120.264
260.148	-14.362	120.346
260.155	-14.490	120.353
260.169	-14.637	120.275
260.169	-14.807	120.169
260.174	-14.971	120.088
260.160	-15.173	120.030
260.154	-15.359	119.981
260.141	-15.532	119.937
260.130	-15.711	119.898
260.131	-15.849	119.872
260.129	-15.985	119.840
260.118	-16.096	119.848
260.119	-16.193	119.890
260.107	-16.259	119.917
260.103	-16.295	119.956
260.094	-16.333	120.054
260.085	-16.310	120.126
260.080	-16.233	120.179
260.078	-16.133	120.203
260.092	-16.003	120.227
260.099	-15.871	120.268
260.106	-15.681	120.229
260.113	-15.541	120.271
260.127	-15.305	120.203
260.129	-15.105	120.147
260.133	-14.915	120.086
260.135	-14.718	119.991
260.131	-14.550	119.919
260.121	-14.397	119.865
260.119	-14.259	119.847
260.112	-14.155	119.851
260.109	-14.094	119.913
260.120	-14.047	119.967
260.125	-14.055	120.075
260.130	-14.085	120.162
260.135	-14.175	120.277
260.149	-14.285	120.366
260.157	-14.432	120.394
260.171	-14.601	120.311
260.189	-14.772	120.199
260.190	-14.924	120.088
260.178	-15.122	120.015
260.171	-15.304	119.956
260.149	-15.523	119.939
260.136	-15.695	119.893
260.131	-15.864	119.868
260.124	-15.995	119.828
260.111	-16.114	119.841
260.101	-16.220	119.879
260.092	-16.299	119.936
260.089	-16.325	119.969
260.079	-16.355	120.031
260.083	-16.337	120.085
260.077	-16.289	120.148
260.079	-16.184	120.161
260.090	-16.073	120.177
260.093	-15.941	120.187
260.109	-15.767	120.186
260.117	-15.601	120.181
260.126	-15.406	120.146
260.142	-15.182	120.067
260.138	-15.015	120.040
260.146	-14.830	119.987
260.143	-14.647	119.916
260.137	-14.487	119.866
260.136	-14.352	119.853
260.130	-14.235	119.863
260.128	-14.171	119.912
260.126	-14.139	119.990
260.127	-14.128	120.072
260.141	-14.132	120.141
260.136	-14.232	120.273
260.140	-14.319	120.335
260.147	-14.455	120.386
260.153	-14.637	120.350
260.167	-14.779	120.232
260.173	-14.930	120.116
260.165	-15.122	120.043
260.154	-15.320	120.007
260.149	-15.472	119.933
260.138	-15.664	119.898
260.134	-15.827	119.876
260.125	-15.972	119.858
260.135	-16.048	119.820
260.117	-16.173	119.880
260.109	-16.246	119.919
260.110	-16.291	119.971
260.091	-16.324	120.057
260.093	-16.299	120.123
260.085	-16.224	120.171
260.082	-16.147	120.216
260.096	-16.026	120.260
260.102	-15.874	120.274
260.115	-15.705	120.280
260.116	-15.539	120.272
260.128	-15.333	120.239
260.138	-15.114	120.162
260.136	-14.927	120.095
260.139	-14.731	120.004
260.132	-14.541	119.910
260.127	-14.395	119.872
260.124	-14.258	119.838
260.119	-14.144	119.852
260.117	-14.073	119.908
260.113	-14.051	119.992
260.122	-14.061	120.103
260.127	-14.091	120.190
260.133	-14.181	120.301
260.149	-14.286	120.390
260.162	-14.434	120.389
260.172	-14.603	120.316
260.185	-14.766	120.207
260.188	-14.914	120.073
260.178	-15.099	120.001
260.164	-15.311	119.966
260.145	-15.493	119.912
260.138	-15.690	119.897
260.126	-15.848	119.857
260.125	-15.975	119.819
260.112	-16.124	119.863
260.103	-16.205	119.880
260.094	-16.280	119.928
260.091	-16.306	119.961
260.077	-16.348	120.032
260.074	-16.331	120.078
260.078	-16.278	120.138
260.086	-16.176	120.143
260.090	-16.075	120.154
260.112	-15.928	120.162
260.112	-15.770	120.156
260.124	-15.592	120.139
260.132	-15.401	120.100
260.142	-15.206	120.057
260.144	-15.026	120.010
260.141	-14.858	119.975
260.145	-14.689	119.909
260.141	-14.525	119.870
260.133	-14.391	119.850
260.135	-14.263	119.857
260.132	-14.188	119.907
260.129	-14.168	119.996
260.135	-14.167	120.075
260.130	-14.192	120.159
260.138	-14.265	120.267
260.138	-14.355	120.343
260.145	-14.497	120.385
260.157	-14.627	120.298
260.164	-14.814	120.220
260.165	-14.948	120.109
260.158	-15.131	120.034
260.151	-15.329	119.995
260.131	-15.528	119.962
260.125	-15.690	119.922
260.126	-15.834	119.890
260.125	-15.973	119.862
260.126	-16.071	119.833
260.116	-16.166	119.865
260.108	-16.227	119.897
260.103	-16.299	119.966
260.097	-16.297	119.997
260.093	-16.295	120.087
260.086	-16.240	120.140
260.082	-16.145	120.184
260.096	-16.007	120.191
260.103	-15.887	120.230
260.117	-15.693	120.218
260.116	-15.555	120.240
260.125	-15.346	120.193
260.130	-15.149	120.159
260.135	-14.967	120.113
260.143	-14.751	120.004
260.134	-14.589	119.948
260.127	-14.445	119.898
260.127	-14.299	119.854
260.122	-14.165	119.839
260.126	-14.096	119.887
260.123	-14.043	119.936
260.130	-14.038	120.022
260.135	-14.086	120.133
260.143	-14.137	120.227
260.147	-14.262	120.343
260.152	-14.409	120.409
260.170	-14.565	120.349
260.187	-14.706	120.212
260.189	-14.888	120.130
260.186	-15.068	120.041
260.172	-15.272	119.984
260.151	-15.477	119.952
260.136	-15.637	119.890
260.135	-15.806	119.863
260.128	-15.974	119.848
260.118	-16.105	119.850
260.104	-16.196	119.874
260.101	-16.265	119.895
260.090	-16.312	119.934
260.085	-16.363	120.017
260.076	-16.347	120.059
260.080	-16.317	120.129
260.087	-16.221	120.151
260.093	-16.096	120.141
260.106	-15.967	120.150
260.117	-15.817	120.167
260.120	-15.683	120.197
260.124	-15.491	120.155
260.140	-15.274	120.094
260.149	-15.078	120.035
260.151	-14.906	120.006
260.149	-14.711	119.921
260.145	-14.531	119.858
260.138	-14.386	119.828
260.138	-14.292	119.862
260.129	-14.208	119.899
260.134	-14.143	119.944
260.137	-14.120	120.015
260.140	-14.154	120.126
260.141	-14.191	120.213
260.151	-14.281	120.295
260.153	-14.425	120.378
260.158	-14.569	120.339
260.170	-14.742	120.264
260.174	-14.885	120.145
260.180	-15.044	120.047
260.167	-15.211	119.965
260.146	-15.436	119.957
260.133	-15.618	119.915
260.131	-15.776	119.881
260.135	-15.919	119.857
260.123	-16.044	119.836
260.111	-16.169	119.883
260.117	-16.218	119.896
260.105	-16.288	119.951
260.101	-16.300	119.981
260.091	-16.325	120.082
260.094	-16.278	120.159
260.083	-16.182	120.175
260.090	-16.075	120.205
260.098	-15.932	120.228
260.107	-15.788	120.250
260.115	-15.610	120.239
260.122	-15.430	120.226
260.135	-15.207	120.174
260.130	-15.016	120.112
260.135	-14.824	120.039
260.133	-14.646	119.974
260.128	-14.479	119.903
260.129	-14.323	119.850
260.125	-14.197	119.850
260.122	-14.111	119.869
260.119	-14.053	119.940
260.131	-14.022	120.002
260.133	-14.068	120.123
260.137	-14.114	120.214
260.138	-14.235	120.331
260.153	-14.349	120.397
260.170	-14.507	120.353
260.181	-14.668	120.254
260.187	-14.850	120.166
260.179	-15.023	120.065
260.172	-15.219	119.998
260.154	-15.404	119.949
260.134	-15.614	119.923
260.134	-15.769	119.872
260.125	-15.919	119.848
260.119	-16.023	119.805
260.106	-16.155	119.853
260.104	-16.243	119.895
260.093	-16.290	119.933
260.083	-16.347	120.015
260.076	-16.347	120.059
260.075	-16.315	120.130
260.080	-16.221	120.147
260.085	-16.124	120.164
260.098	-15.998	120.178
260.108	-15.854	120.196
260.112	-15.692	120.195
260.121	-15.520	120.174
260.132	-15.300	120.109
260.141	-15.099	120.040
260.146	-14.935	120.011
260.145	-14.741	119.943
260.140	-14.565	119.873
260.133	-14.437	119.866
260.130	-14.302	119.841
260.130	-14.197	119.868
260.124	-14.155	119.942
260.132	-14.124	120.010
260.129	-14.163	120.126
260.134	-14.194	120.210
260.141	-14.278	120.304
260.148	-14.408	120.386
260.162	-14.557	120.362
260.168	-14.696	120.255
260.173	-14.886	120.173
260.171	-15.016	120.054
260.163	-15.202	119.988
260.156	-15.388	119.946
260.132	-15.573	119.903
260.130	-15.754	119.886
260.133	-15.880	119.842
260.134	-15.999	119.822
260.121	-16.128	119.862
260.120	-16.191	119.882
260.102	-16.256	119.938
260.099	-16.314	120.027
260.081	-16.316	120.097
260.091	-16.230	120.128
260.084	-16.177	120.202
260.095	-16.088	120.256
260.096	-15.942	120.265
260.110	-15.757	120.251
260.117	-15.607	120.271
260.123	-15.436	120.260
260.133	-15.208	120.185
260.137	-15.007	120.118
260.136	-14.829	120.049
260.133	-14.638	119.956
260.136	-14.473	119.894
260.136	-14.315	119.839
260.128	-14.200	119.840
260.128	-14.104	119.866
260.118	-14.059	119.937
260.127	-14.069	120.048
260.137	-14.073	120.139
260.145	-14.130	120.226
260.149	-14.240	120.346
260.154	-14.373	120.401
260.174	-14.522	120.339
260.183	-14.690	120.242
260.196	-14.848	120.127
260.190	-15.035	120.054
260.171	-15.225	119.974
260.157	-15.424	119.952
260.143	-15.608	119.894
260.133	-15.781	119.887
260.130	-15.923	119.848
260.122	-16.056	119.843
260.112	-16.152	119.855
260.105	-16.239	119.903
260.094	-16.291	119.954
260.096	-16.315	119.998
260.085	-16.313	120.039
260.082	-16.287	120.111
260.084	-16.184	120.128
260.095	-16.097	120.158
260.102	-15.970	120.160
260.111	-15.815	120.172
260.117	-15.658	120.181
260.132	-15.470	120.150
260.140	-15.279	120.108
260.144	-15.081	120.049
260.146	-14.902	120.002
260.142	-14.716	119.926
260.144	-14.540	119.860
260.131	-14.416	119.856
260.132	-14.273	119.822
260.124	-14.201	119.886
260.131	-14.141	119.938
260.131	-14.127	120.018
260.140	-14.149	120.117
260.132	-14.207	120.208
260.148	-14.295	120.300
260.152	-14.414	120.374
260.153	-14.586	120.365
260.165	-14.719	120.239
260.173	-14.871	120.137
260.169	-15.019	120.026
260.160	-15.219	119.975
260.145	-15.439	119.969
260.135	-15.621	119.933
260.130	-15.761	119.880
260.130	-15.905	119.851
260.125	-16.022	119.840
260.121	-16.123	119.852
260.113	-16.215	119.912
260.107	-16.268	119.960
260.093	-16.310	120.034
260.091	-16.298	120.106
260.092	-16.231	120.153
260.082	-16.155	120.211
260.080	-16.060	120.248
260.095	-15.907	120.259
260.111	-15.749	120.270
260.113	-15.579	120.269
260.118	-15.387	120.244
260.133	-15.167	120.158
260.135	-14.971	120.090
260.130	-14.813	120.042
260.137	-14.590	119.930
260.132	-14.443	119.864
260.125	-14.314	119.853
260.126	-14.179	119.845
260.125	-14.089	119.873
260.119	-14.058	119.953
260.125	-14.044	120.049
260.128	-14.092	120.163
260.137	-14.143	120.254
260.142	-14.247	120.360
260.152	-14.403	120.419
260.169	-14.574	120.358
260.181	-14.716	120.227
260.189	-14.862	120.107
260.184	-15.050	120.035
260.169	-15.247	119.967
260.148	-15.457	119.948
260.137	-15.635	119.906
260.129	-15.807	119.876
260.128	-15.937	119.826
260.115	-16.074	119.840
260.101	-16.177	119.892
260.092	-16.254	119.923
260.091	-16.300	119.967
260.082	-16.327	120.018
260.078	-16.333	120.084
260.076	-16.285	120.142
260.078	-16.193	120.163
260.084	-16.087	120.174
260.096	-15.956	120.181
260.108	-15.803	120.187
260.115	-15.620	120.169
260.134	-15.432	120.134
260.137	-15.240	120.076
260.152	-15.037	120.009
260.149	-14.869	119.971
260.143	-14.710	119.925
260.140	-14.532	119.868
260.145	-14.372	119.824
260.139	-14.275	119.838
260.131	-14.189	119.891
260.134	-14.162	119.969
260.135	-14.179	120.082
260.137	-14.181	120.140
260.133	-14.256	120.250
260.145	-14.334	120.321
260.154	-14.470	120.382
260.166	-14.608	120.314
260.173	-14.766	120.209
260.179	-14.912	120.103
260.174	-15.104	120.039
260.153	-15.293	119.987
260.140	-15.489	119.956
260.137	-15.644	119.905
260.135	-15.802	119.874
260.129	-15.943	119.860
260.126	-16.061	119.854
260.118	-16.141	119.864
260.112	-16.199	119.900
260.107	-16.262	119.966
260.096	-16.289	120.027
260.087	-16.288	120.130
260.080	-16.227	120.189
260.078	-16.129	120.218
260.091	-16.022	120.260
260.098	-15.858	120.260
260.111	-15.700	120.269
260.111	-15.534	120.264
260.122	-15.330	120.219
260.132	-15.118	120.160
260.135	-14.931	120.088
260.133	-14.734	119.998
260.130	-14.557	119.917
260.136	-14.403	119.859
260.127	-14.287	119.843
260.117	-14.157	119.850
260.114	-14.105	119.907
260.125	-14.047	119.957
260.126	-14.065	120.063
260.132	-14.111	120.186
260.135	-14.180	120.290
260.149	-14.284	120.382
260.167	-14.427	120.386
260.177	-14.594	120.308
260.190	-14.751	120.190
260.197	-14.910	120.084
260.180	-15.098	120.009
260.165	-15.293	119.962
260.152	-15.496	119.929
260.133	-15.693	119.908
260.133	-15.823	119.846
260.133	-15.959	119.827
260.108	-16.087	119.840
260.109	-16.196	119.889
260.090	-16.272	119.931
260.086	-16.312	119.984
260.088	-16.330	120.038
260.085	-16.320	120.105
260.082	-16.259	120.155
260.089	-16.134	120.141
260.087	-16.066	120.201
260.109	-15.898	120.176
260.108	-15.759	120.191
260.124	-15.580	120.180
260.127	-15.388	120.142
260.138	-15.185	120.077
260.146	-15.000	120.025
260.141	-14.835	119.985
260.143	-14.642	119.903
260.138	-14.490	119.868
260.138	-14.342	119.844
260.136	-14.253	119.875
260.127	-14.168	119.907
260.131	-14.129	119.979
260.135	-14.141	120.076
260.137	-14.177	120.178
260.138	-14.259	120.277
260.148	-14.361	120.366
260.157	-14.491	120.370
260.157	-14.656	120.302
260.169	-14.817	120.192
260.176	-14.955	120.085
260.165	-15.127	120.005
260.151	-15.339	119.974
260.137	-15.519	119.931
260.126	-15.705	119.910
260.134	-15.835	119.870
260.125	-15.981	119.857
260.122	-16.076	119.852
260.111	-16.171	119.888
260.105	-16.226	119.919
260.106	-16.271	119.975
260.088	-16.293	120.043
260.089	-16.259	120.115
260.076	-16.207	120.186
260.088	-16.090	120.205
260.089	-16.000	120.269
260.103	-15.820	120.252
260.109	-15.679	120.278
260.118	-15.496	120.253
260.127	-15.287	120.203
260.135	-15.077	120.135
260.138	-14.901	120.069
260.137	-14.689	119.960
260.132	-14.538	119.905
260.127	-14.388	119.854
260.125	-14.249	119.836
260.118	-14.153	119.858
260.114	-14.089	119.915
260.122	-14.062	119.988
260.124	-14.101	120.119
260.130	-14.134	120.211
260.142	-14.202	120.300
260.142	-14.343	120.405
260.163	-14.489	120.376
260.179	-14.645	120.283
260.180	-14.818	120.178
260.191	-14.951	120.052
260.172	-15.148	119.987
260.164	-15.358	119.962
260.146	-15.547	119.919
260.136	-15.710	119.885
260.128	-15.872	119.853
260.125	-15.984	119.817
260.113	-16.093	119.828
260.103	-16.210	119.890
260.096	-16.286	119.958
260.097	-16.293	119.961
260.090	-16.312	120.026
260.084	-16.334	120.124
260.087	-16.242	120.137
260.091	-16.138	120.143
260.101	-16.026	120.158
260.110	-15.886	120.162
260.121	-15.722	120.168
260.128	-15.550	120.154
260.138	-15.353	120.110
260.135	-15.160	120.057
260.148	-14.993	120.024
260.149	-14.801	119.949
260.150	-14.623	119.882
260.143	-14.494	119.871
260.141	-14.339	119.837
260.136	-14.253	119.875
260.140	-14.186	119.919
260.135	-14.154	119.996
260.133	-14.184	120.106
260.131	-14.224	120.188
260.147	-14.272	120.277
260.150	-14.377	120.343
260.162	-14.533	120.368
260.162	-14.698	120.300
260.170	-14.845	120.184
260.179	-14.963	120.061
260.159	-15.177	120.023
260.148	-15.366	119.988
260.135	-15.560	119.949
260.128	-15.720	119.908
260.129	-15.872	119.894
260.130	-15.978	119.842
260.117	-16.111	119.871
260.116	-16.171	119.879
260.110	-16.226	119.910
260.103	-16.293	119.976
260.098	-16.310	120.050
260.094	-16.267	120.104
260.089	-16.210	120.165
260.092	-16.100	120.181
260.093	-16.002	120.224
260.109	-15.836	120.236
260.115	-15.668	120.238
260.122	-15.496	120.224
260.132	-15.295	120.192
260.135	-15.092	120.127
260.139	-14.898	120.057
260.136	-14.726	119.989
260.138	-14.528	119.890
260.128	-14.406	119.875
260.128	-14.281	119.850
260.125	-14.157	119.851
260.113	-14.100	119.897
260.130	-14.053	119.966
260.133	-14.069	120.060
260.130	-14.130	120.175
260.138	-14.201	120.278
260.147	-14.298	120.360
260.159	-14.466	120.392
260.175	-14.627	120.304
260.183	-14.792	120.192
260.181	-14.965	120.106
260.181	-15.131	120.011
260.166	-15.333	119.961
260.141	-15.539	119.930
260.127	-15.713	119.894
260.129	-15.890	119.894
260.118	-16.003	119.838
260.111	-16.128	119.852
260.102	-16.214	119.882
260.096	-16.260	119.911
260.090	-16.318	119.975
260.078	-16.342	120.035
260.072	-16.336	120.102
260.080	-16.256	120.141
260.082	-16.159	120.148
260.087	-16.056	120.175
260.097	-15.918	120.180
260.113	-15.742	120.173
260.126	-15.566	120.161
260.130	-15.376	120.120
260.140	-15.157	120.043
260.148	-14.980	120.012
260.143	-14.825	119.972
260.139	-14.640	119.896
260.138	-14.485	119.858
260.137	-14.349	119.841
260.130	-14.241	119.853
260.134	-14.152	119.895
260.131	-14.138	119.981
260.135	-14.136	120.063
260.131	-14.181	120.177
260.139	-14.242	120.253
260.149	-14.353	120.340
260.162	-14.484	120.370
260.164	-14.650	120.316
260.169	-14.810	120.202
260.168	-14.958	120.093
260.165	-15.132	120.022
260.156	-15.337	119.984
260.140	-15.489	119.909
260.132	-15.691	119.910
260.127	-15.826	119.864
260.125	-15.981	119.857
260.126	-16.062	119.835
260.118	-16.161	119.869
260.104	-16.244	119.920
260.097	-16.317	119.999
260.092	-16.310	120.038
260.093	-16.301	120.128
260.080	-16.242	120.181
260.085	-16.114	120.185
260.089	-16.028	120.236
260.098	-15.884	120.258
260.111	-15.702	120.249
260.112	-15.548	120.272
260.128	-15.334	120.220
260.127	-15.120	120.150
260.129	-14.952	120.106
260.134	-14.719	119.979
260.130	-14.562	119.926
260.137	-14.413	119.878
260.128	-14.286	119.863
260.124	-14.143	119.843
260.120	-14.086	119.893
260.123	-14.059	119.975
260.128	-14.058	120.062
260.132	-14.101	120.160
260.140	-14.174	120.268
260.144	-14.302	120.392
260.168	-14.427	120.382
260.178	-14.603	120.323
260.184	-14.777	120.218
260.188	-14.936	120.106
260.185	-15.086	119.997
260.163	-15.320	119.972
260.155	-15.502	119.920
260.142	-15.676	119.880
260.137	-15.841	119.866
260.130	-15.979	119.819
260.124	-16.084	119.828
260.108	-16.211	119.885
260.096	-16.271	119.918
260.095	-16.320	119.971
260.089	-16.322	120.012
260.078	-16.338	120.094
260.089	-16.250	120.116
260.083	-16.186	120.160
260.098	-16.040	120.141
260.101	-15.924	120.171
260.115	-15.775	120.171
260.127	-15.604	120.176
260.139	-15.400	120.127
260.149	-15.197	120.067
260.149	-15.015	120.018
260.157	-14.821	119.943
260.139	-14.690	119.926
260.143	-14.495	119.852
260.140	-14.369	119.844
260.142	-14.233	119.833
260.129	-14.187	119.894
260.135	-14.149	119.979
260.135	-14.137	120.043
260.141	-14.182	120.163
260.140	-14.233	120.244
260.150	-14.339	120.325
260.158	-14.476	120.370
260.169	-14.623	120.308
260.171	-14.789	120.209
260.177	-14.939	120.109
260.170	-15.124	120.039
260.164	-15.303	119.971
260.152	-15.490	119.935
260.136	-15.657	119.899
260.140	-15.822	119.874
260.140	-15.958	119.854
260.131	-16.083	119.855
260.127	-16.184	119.892
260.115	-16.225	119.897
260.107	-16.277	119.962
260.104	-16.290	120.008
260.100	-16.277	120.094
260.085	-16.228	120.156
260.088	-16.139	120.206
260.091	-16.023	120.236
260.116	-15.856	120.241
260.117	-15.700	120.256
260.116	-15.556	120.268
260.126	-15.352	120.227
260.135	-15.138	120.167
260.140	-14.932	120.083
260.137	-14.761	120.019
260.134	-14.573	119.931
260.130	-14.413	119.870
260.123	-14.293	119.862
260.122	-14.161	119.851
260.118	-14.095	119.903
260.125	-14.054	119.979
260.127	-14.053	120.052
260.139	-14.092	120.169
260.139	-14.174	120.271
260.149	-14.293	120.384
260.161	-14.418	120.376
260.178	-14.601	120.322
260.184	-14.755	120.207
260.190	-14.917	120.098
260.185	-15.082	120.008
260.170	-15.307	119.968
260.150	-15.489	119.918
260.140	-15.654	119.885
260.138	-15.837	119.873
260.126	-15.978	119.844
260.115	-16.082	119.834
260.105	-16.177	119.866
260.098	-16.246	119.913
260.099	-16.286	119.960
260.085	-16.311	120.011
260.078	-16.329	120.096
260.084	-16.269	120.151
260.082	-16.161	120.157
260.092	-16.055	120.166
260.109	-15.896	120.148
260.119	-15.746	120.169
260.118	-15.595	120.164
260.140	-15.377	120.110
260.137	-15.193	120.055
260.147	-15.004	120.010
260.146	-14.821	119.944
260.149	-14.636	119.873
260.141	-14.530	119.884
260.140	-14.380	119.851
260.135	-14.252	119.850
260.130	-14.202	119.926
260.129	-14.159	119.994
260.140	-14.151	120.074
260.141	-14.168	120.151
260.142	-14.254	120.262
260.148	-14.348	120.334
260.154	-14.502	120.367
260.161	-14.653	120.291
260.174	-14.807	120.184
260.175	-14.939	120.072
260.163	-15.150	120.030
260.157	-15.320	119.960
260.144	-15.507	119.928
260.134	-15.668	119.889
260.131	-15.831	119.876
260.141	-15.941	119.831
260.128	-16.049	119.836
260.122	-16.165	119.896
260.110	-16.229	119.939
260.106	-16.264	119.978
260.095	-16.275	120.051
260.094	-16.259	120.134
260.091	-16.182	120.179
260.094	-16.093	120.225
260.101	-15.961	120.237
260.109	-15.826	120.261
260.122	-15.650	120.249
260.126	-15.470	120.235
260.133	-15.282	120.201
260.143	-15.072	120.126
260.145	-14.884	120.057
260.142	-14.710	119.980
260.138	-14.534	119.903
260.134	-14.385	119.853
260.131	-14.253	119.836
260.128	-14.148	119.850
260.130	-14.088	119.911
260.131	-14.082	120.006
260.129	-14.093	120.092
260.140	-14.135	120.197
260.143	-14.230	120.312
260.153	-14.349	120.401
260.173	-14.493	120.371
260.189	-14.633	120.257
260.190	-14.819	120.168
260.195	-14.976	120.069
260.183	-15.156	119.991
260.163	-15.367	119.968
260.152	-15.548	119.911
260.138	-15.730	119.896
260.135	-15.870	119.852
260.128	-15.997	119.831
260.112	-16.110	119.848
260.102	-16.210	119.897
260.102	-16.246	119.911
260.093	-16.315	120.000
260.086	-16.312	120.032
260.081	-16.306	120.119
260.081	-16.234	120.152
260.090	-16.121	120.150
260.103	-16.003	120.162
260.107	-15.871	120.172
260.117	-15.702	120.168
260.130	-15.521	120.139
260.145	-15.327	120.099
260.148	-15.141	120.051
260.151	-14.955	120.003
260.146	-14.795	119.953
260.146	-14.612	119.881
260.145	-14.473	119.855
260.137	-14.354	119.851
260.136	-14.241	119.868
260.138	-14.161	119.895
260.136	-14.143	119.985
260.139	-14.163	120.084
260.134	-14.210	120.182
260.148	-14.269	120.265
260.151	-14.393	120.360
260.157	-14.538	120.366
260.163	-14.679	120.271
260.170	-14.840	120.171
260.171	-14.994	120.069
260.166	-15.180	120.012
260.153	-15.358	119.960
260.140	-15.540	119.914
260.135	-15.707	119.884
260.130	-15.848	119.852
260.130	-15.984	119.836
260.123	-16.096	119.842
260.115	-16.177	119.876
260.103	-16.230	119.912
260.099	-16.290	119.993
260.092	-16.302	120.064
260.090	-16.268	120.138
260.089	-16.172	120.160
260.089	-16.091	120.225
260.095	-15.957	120.236
260.110	-15.802	120.263
260.112	-15.645	120.270
260.127	-15.448	120.246
260.129	-15.251	120.198
260.135	-15.049	120.143
260.131	-14.861	120.059
260.134	-14.666	119.968
260.131	-14.496	119.901
260.131	-14.347	119.849
260.130	-14.197	119.821
260.120	-14.122	119.859
260.119	-14.049	119.907
260.125	-14.042	119.996
260.135	-14.062	120.103
260.133	-14.095	120.191
260.144	-14.194	120.315
260.151	-14.330	120.415
260.170	-14.475	120.372
260.184	-14.650	120.287
260.189	-14.810	120.169
260.190	-14.967	120.076
260.175	-15.173	120.007
260.169	-15.382	119.971
260.145	-15.546	119.899
260.139	-15.725	119.879
260.127	-15.893	119.862
260.125	-16.025	119.844
260.116	-16.127	119.847
260.105	-16.225	119.891
260.099	-16.273	119.925
260.088	-16.328	119.985
260.082	-16.349	120.051
260.086	-16.313	120.104
260.087	-16.226	120.121
260.089	-16.134	120.137
260.095	-16.035	120.174
260.106	-15.875	120.161
260.114	-15.732	120.187
260.122	-15.565	120.182
260.139	-15.341	120.100
260.142	-15.127	120.024
260.143	-14.959	119.988
260.152	-14.790	119.951
260.146	-14.626	119.892
260.147	-14.450	119.838
260.142	-14.330	119.831
260.137	-14.218	119.850
260.132	-14.173	119.915
260.140	-14.153	120.006
260.137	-14.178	120.107
260.139	-14.209	120.196
260.140	-14.288	120.286
260.145	-14.392	120.364
260.152	-14.536	120.367
260.163	-14.684	120.281
260.173	-14.835	120.171
260.172	-14.990	120.076
260.167	-15.169	120.005
260.152	-15.367	119.966
260.141	-15.559	119.936
260.133	-15.731	119.905
260.135	-15.882	119.887
260.129	-15.994	119.842
260.130	-16.079	119.830
260.116	-16.188	119.875
260.114	-16.250	119.919
260.103	-16.293	119.972
260.097	-16.298	120.022
260.094	-16.294	120.131
260.088	-16.208	120.164
260.091	-16.119	120.214
260.096	-15.983	120.228
260.102	-15.835	120.252
260.120	-15.666	120.252
260.114	-15.514	120.268
260.126	-15.282	120.197
260.142	-15.074	120.134
260.139	-14.883	120.065
260.136	-14.697	119.982
260.133	-14.526	119.914
260.134	-14.381	119.868
260.127	-14.236	119.841
260.129	-14.146	119.866
260.121	-14.078	119.916
260.124	-14.062	120.001
260.132	-14.057	120.076
260.138	-14.106	120.188
260.144	-14.179	120.279
260.152	-14.304	120.389
260.163	-14.451	120.374
260.179	-14.640	120.318
260.185	-14.814	120.208
260.186	-14.948	120.076
260.178	-15.139	120.000
260.171	-15.330	119.947
260.147	-15.543	119.927
260.140	-15.712	119.884
260.135	-15.856	119.841
260.121	-16.014	119.843
260.115	-16.116	119.843
260.100	-16.221	119.887
260.095	-16.271	119.922
260.091	-16.320	119.976
260.083	-16.342	120.054
260.079	-16.322	120.098
260.079	-16.254	120.140
260.093	-16.150	120.155
260.094	-16.040	120.166
260.104	-15.891	120.164
260.112	-15.757	120.192
260.120	-15.576	120.172
260.136	-15.365	120.125
260.140	-15.148	120.041
260.142	-14.992	120.032
260.145	-14.790	119.944
260.148	-14.602	119.871
260.139	-14.483	119.870
260.139	-14.330	119.833
260.136	-14.213	119.841
260.127	-14.169	119.911
260.129	-14.147	120.010
260.130	-14.130	120.079
260.137	-14.163	120.163
260.136	-14.257	120.280
260.142	-14.360	120.354
260.153	-14.503	120.374
260.155	-14.649	120.291
260.163	-14.824	120.202
260.169	-14.953	120.076
260.164	-15.145	120.013
260.150	-15.334	119.968
260.142	-15.521	119.926
260.131	-15.688	119.881
260.129	-15.858	119.882
260.131	-15.971	119.841
260.121	-16.085	119.854
260.116	-16.180	119.881
260.103	-16.242	119.922
260.104	-16.280	119.981
260.091	-16.307	120.057
260.087	-16.293	120.147
260.083	-16.202	120.180
260.079	-16.130	120.242
260.090	-15.994	120.271
260.104	-15.822	120.257
260.112	-15.647	120.254
260.117	-15.490	120.263
260.128	-15.283	120.214
260.132	-15.071	120.143
260.134	-14.883	120.071
260.133	-14.688	119.982
260.127	-14.530	119.916
260.130	-14.358	119.835
260.126	-14.229	119.827
260.119	-14.140	119.863
260.109	-14.081	119.926
260.117	-14.056	120.004
260.122	-14.056	120.090
260.131	-14.108	120.209
260.144	-14.194	120.319
260.145	-14.323	120.406
260.161	-14.476	120.376
260.180	-14.632	120.288
260.179	-14.809	120.183
260.190	-14.956	120.069
260.173	-15.153	119.996
260.166	-15.353	119.966
260.140	-15.549	119.913
260.133	-15.733	119.910
260.126	-15.893	119.869
260.126	-16.013	119.834
260.116	-16.123	119.858
260.097	-16.212	119.887
260.093	-16.286	119.948
260.084	-16.308	119.982
260.077	-16.355	120.074
260.084	-16.312	120.110
260.072	-16.258	120.169
260.081	-16.144	120.163
260.095	-16.034	120.190
260.106	-15.869	120.167
260.121	-15.704	120.167
260.129	-15.544	120.160
260.141	-15.323	120.088
260.147	-15.153	120.062
260.143	-14.980	120.018
260.152	-14.776	119.940
260.140	-14.622	119.892
260.135	-14.483	119.872
260.137	-14.345	119.852
260.126	-14.237	119.869
260.131	-14.192	119.944
260.136	-14.161	120.030
260.132	-14.178	120.116
260.132	-14.218	120.211
260.146	-14.277	120.291
260.148	-14.389	120.361
260.156	-14.558	120.375
260.167	-14.690	120.269
260.171	-14.862	120.177
260.172	-14.992	120.060
260.160	-15.183	120.009
260.151	-15.379	119.973
260.139	-15.563	119.932
260.127	-15.721	119.892
260.135	-15.855	119.860
260.130	-15.975	119.834
260.124	-16.085	119.856
260.108	-16.188	119.898
260.109	-16.236	119.940
260.101	-16.282	120.008
260.087	-16.291	120.090
260.092	-16.221	120.122
260.078	-16.184	120.212
260.085	-16.079	120.244
260.086	-15.954	120.263
260.108	-15.775	120.259
260.108	-15.625	120.271
260.119	-15.426	120.239
260.126	-15.231	120.187
260.131	-15.035	120.133
260.133	-14.854	120.054
260.137	-14.661	119.961
260.126	-14.507	119.889
260.128	-14.342	119.834
260.121	-14.229	119.836
260.119	-14.145	119.877
260.115	-14.093	119.944
260.122	-14.077	120.024
260.131	-14.104	120.136
260.133	-14.151	120.233
260.148	-14.239	120.329
260.155	-14.403	120.429
260.173	-14.542	120.348
260.183	-14.687	120.237
260.185	-14.864	120.141
260.186	-15.007	120.033
260.163	-15.219	119.988
260.154	-15.401	119.941
260.139	-15.611	119.908
260.129	-15.758	119.875
260.125	-15.921	119.852
260.115	-16.034	119.837
260.103	-16.137	119.850
260.095	-16.224	119.901
260.088	-16.286	119.954
260.078	-16.323	120.010
260.074	-16.321	120.055
260.070	-16.305	120.133
260.078	-16.203	120.141
260.083	-16.095	120.151
260.100	-15.975	120.156
260.104	-15.836	120.173
260.119	-15.650	120.151
260.130	-15.478	120.135
260.135	-15.306	120.104
260.143	-15.092	120.035
260.145	-14.909	119.979
260.145	-14.740	119.918
260.138	-14.598	119.896
260.139	-14.433	119.845
260.135	-14.318	119.848
260.137	-14.231	119.885
260.133	-14.185	119.943
260.128	-14.175	120.041
260.137	-14.180	120.116
260.136	-14.222	120.194
260.144	-14.311	120.294
260.145	-14.437	120.380
260.153	-14.582	120.356
260.165	-14.755	120.281
260.165	-14.886	120.148
260.166	-15.048	120.064
260.161	-15.226	119.989
260.147	-15.411	119.959
260.131	-15.596	119.920
260.128	-15.764	119.896
260.131	-15.915	119.874
260.127	-16.002	119.823
260.115	-16.121	119.857
260.114	-16.201	119.897
260.109	-16.251	119.932
260.099	-16.278	119.986
260.081	-16.308	120.076
260.088	-16.260	120.147
260.080	-16.167	120.181
260.086	-16.076	120.235
260.092	-15.930	120.236
260.109	-15.778	120.260
260.112	-15.604	120.247
260.118	-15.438	120.250
260.128	-15.208	120.170
260.132	-15.012	120.116
260.136	-14.827	120.044
260.131	-14.645	119.961
260.129	-14.492	119.911
260.121	-14.346	119.859
260.122	-14.217	119.845
260.122	-14.120	119.871
260.116	-14.087	119.947
260.129	-14.063	120.024
260.126	-14.083	120.111
260.134	-14.136	120.214
260.138	-14.230	120.318
260.150	-14.387	120.418
260.170	-14.510	120.358
260.179	-14.673	120.251
260.185	-14.865	120.166
260.185	-15.018	120.063
260.172	-15.231	120.008
260.159	-15.413	119.963
260.142	-15.586	119.899
260.130	-15.760	119.876
260.124	-15.930	119.858
260.119	-16.042	119.830
260.107	-16.157	119.854
260.097	-16.250	119.905
260.094	-16.283	119.932
260.088	-16.333	119.994
260.071	-16.340	120.047
260.080	-16.315	120.121
260.083	-16.225	120.146
260.087	-16.126	120.162
260.090	-16.021	120.187
260.108	-15.858	120.181
260.119	-15.696	120.192
260.126	-15.522	120.169
260.137	-15.299	120.100
260.146	-15.119	120.060
260.142	-14.924	120.006
260.150	-14.743	119.942
260.140	-14.593	119.900
260.139	-14.429	119.856
260.137	-14.305	119.853
260.127	-14.216	119.880
260.128	-14.157	119.948
260.131	-14.139	120.029
260.135	-14.147	120.118
260.135	-14.185	120.208
260.143	-14.287	120.308
260.140	-14.425	120.403
260.160	-14.552	120.356
260.165	-14.714	120.270
260.162	-14.864	120.161
260.164	-15.029	120.082
260.155	-15.223	120.017
260.148	-15.396	119.960
260.132	-15.592	119.932
260.125	-15.757	119.900
260.125	-15.909	119.869
260.134	-16.007	119.844
260.116	-16.126	119.866
260.110	-16.178	119.885
260.105	-16.259	119.944
260.093	-16.293	120.011
260.091	-16.299	120.083
260.083	-16.252	120.158
260.079	-16.186	120.213
260.086	-16.070	120.242
260.093	-15.936	120.274
260.102	-15.793	120.292
260.115	-15.608	120.278
260.119	-15.425	120.259
260.127	-15.218	120.200
260.134	-14.996	120.113
260.135	-14.813	120.036
260.133	-14.644	119.970
260.127	-14.483	119.895
260.131	-14.311	119.835
260.117	-14.206	119.848
260.117	-14.112	119.882
260.112	-14.058	119.945
260.118	-14.051	120.031
260.130	-14.078	120.144
260.129	-14.124	120.236
260.139	-14.236	120.355
260.150	-14.376	120.415
260.167	-14.546	120.370
260.180	-14.684	120.250
260.180	-14.851	120.139
260.179	-15.031	120.063
260.161	-15.231	120.003
260.146	-15.427	119.959
260.134	-15.598	119.902
260.126	-15.783	119.884
260.124	-15.928	119.853
260.112	-16.040	119.821
260.102	-16.165	119.881
260.091	-16.249	119.914
260.092	-16.295	119.950
260.078	-16.329	120.004
260.071	-16.351	120.077
260.076	-16.302	120.139
260.077	-16.212	120.147
260.087	-16.097	120.154
260.094	-15.989	120.181
260.112	-15.820	120.181
260.117	-15.658	120.181
260.123	-15.507	120.179
260.133	-15.302	120.114
260.132	-15.086	120.036
260.144	-14.917	120.001
260.140	-14.732	119.926
260.134	-14.575	119.888
260.135	-14.427	119.853
260.125	-14.303	119.846
260.130	-14.202	119.882
260.123	-14.166	119.956
260.129	-14.150	120.043
260.133	-14.171	120.143
260.132	-14.215	120.230
260.137	-14.317	120.328
260.144	-14.437	120.388
260.153	-14.598	120.376
260.158	-14.750	120.263
260.170	-14.901	120.159
260.171	-15.061	120.067
260.158	-15.247	120.010
260.146	-15.418	119.957
260.129	-15.610	119.919
260.128	-15.766	119.900
260.124	-15.911	119.877
260.124	-16.011	119.836
260.109	-16.115	119.855
260.109	-16.190	119.900
260.102	-16.276	119.991
260.097	-16.320	120.055
260.089	-16.291	120.107
260.079	-16.221	120.151
260.081	-16.150	120.205
260.087	-16.041	120.231
260.101	-15.896	120.263
260.105	-15.748	120.278
260.113	-15.581	120.274
260.122	-15.400	120.254
260.130	-15.182	120.184
260.143	-14.957	120.079
260.138	-14.802	120.039
260.129	-14.641	119.967
260.131	-14.466	119.881
260.129	-14.325	119.854
260.123	-14.206	119.859
260.117	-14.117	119.892
260.116	-14.060	119.948
260.127	-14.074	120.058
260.138	-14.102	120.155
260.135	-14.175	120.277
260.145	-14.282	120.379
260.156	-14.415	120.401
260.172	-14.589	120.352
260.192	-14.735	120.231
260.193	-14.880	120.106
260.187	-15.051	120.013
260.174	-15.276	119.990
260.159	-15.463	119.944
260.137	-15.639	119.895
260.132	-15.791	119.869
260.128	-15.952	119.863
260.117	-16.049	119.834
260.100	-16.183	119.893
260.098	-16.243	119.928
260.094	-16.289	119.974
260.083	-16.337	120.037
260.079	-16.317	120.085
260.076	-16.260	120.124
260.081	-16.158	120.131
260.090	-16.071	120.169
260.098	-15.949	120.180
260.113	-15.801	120.197
260.121	-15.634	120.192
260.128	-15.431	120.126
260.139	-15.236	120.080
260.145	-15.061	120.040
260.143	-14.865	119.975
260.141	-14.717	119.930
260.144	-14.540	119.864
260.136	-14.420	119.856
260.139	-14.273	119.834
260.128	-14.215	119.900
260.128	-14.164	119.963
260.133	-14.180	120.070
260.135	-14.184	120.135
260.139	-14.244	120.233
260.143	-14.360	120.347
260.151	-14.492	120.386
260.164	-14.619	120.307
260.172	-14.784	120.216
260.172	-14.925	120.107
260.167	-15.104	120.032
260.160	-15.293	119.991
260.141	-15.494	119.966
260.135	-15.640	119.906
260.124	-15.810	119.894
260.130	-15.932	119.850
260.123	-16.043	119.852
260.116	-16.137	119.873
260.106	-16.220	119.918
260.102	-16.260	119.971
260.100	-16.273	120.017
260.088	-16.283	120.113
260.087	-16.212	120.157
260.088	-16.128	120.199
260.090	-16.016	120.226
260.100	-15.871	120.256
260.109	-15.711	120.259
260.111	-15.550	120.260
260.126	-15.352	120.231
260.126	-15.171	120.183
260.133	-14.944	120.082
260.131	-14.777	120.024
260.134	-14.579	119.925
260.127	-14.435	119.875
260.125	-14.303	119.850
260.119	-14.184	119.855
260.122	-14.124	119.904
260.118	-14.069	119.964
260.127	-14.076	120.066
260.123	-14.133	120.175
260.139	-14.183	120.273
260.142	-14.304	120.383
260.160	-14.444	120.399
260.170	-14.604	120.327
260.185	-14.754	120.204
260.182	-14.937	120.123
260.178	-15.101	120.025
260.169	-15.296	119.968
260.152	-15.476	119.920
260.134	-15.673	119.902
260.134	-15.829	119.877
260.128	-15.949	119.830
260.113	-16.094	119.852
260.104	-16.194	119.894
260.104	-16.239	119.906
260.092	-16.305	119.977
260.086	-16.321	120.030
260.080	-16.334	120.101
260.085	-16.258	120.140
260.081	-16.173	120.167
260.087	-16.053	120.166
260.107	-15.919	120.169
260.111	-15.767	120.174
260.117	-15.610	120.180
260.131	-15.416	120.140
260.141	-15.192	120.053
260.145	-15.025	120.026
260.144	-14.856	119.972
260.139	-14.687	119.917
260.143	-14.493	119.847
260.138	-14.391	119.845
260.134	-14.272	119.859
260.130	-14.190	119.898
260.128	-14.163	119.986
260.135	-14.153	120.060
260.135	-14.199	120.171
260.131	-14.265	120.263
260.142	-14.355	120.341
260.156	-14.489	120.369
260.162	-14.643	120.305
260.165	-14.797	120.196
260.169	-14.956	120.106
260.170	-15.130	120.032
260.158	-15.307	119.970
260.147	-15.480	119.918
260.139	-15.666	119.899
260.134	-15.806	119.867
260.128	-15.943	119.840
260.128	-16.063	119.852
260.111	-16.160	119.885
260.111	-16.222	119.917
260.107	-16.273	119.977
260.094	-16.283	120.028
260.095	-16.277	120.127
260.088	-16.199	120.162
260.092	-16.091	120.183
260.093	-15.999	120.235
260.106	-15.848	120.258
260.112	-15.684	120.249
260.115	-15.532	120.265
260.130	-15.318	120.216
260.135	-15.106	120.142
260.135	-14.928	120.079
260.133	-14.750	120.014
260.129	-14.566	119.919
260.130	-14.424	119.881
260.123	-14.281	119.855
260.122	-14.164	119.855
260.120	-14.086	119.893
260.129	-14.049	119.964
260.126	-14.091	120.085
260.136	-14.117	120.178
260.137	-14.195	120.288
260.146	-14.301	120.373
260.165	-14.452	120.391
260.174	-14.630	120.320
260.188	-14.795	120.216
260.187	-14.935	120.085
260.183	-15.096	119.987
260.167	-15.334	119.982
260.148	-15.516	119.928
260.129	-15.702	119.904
260.125	-15.865	119.877
260.123	-15.987	119.833
260.119	-16.096	119.844
260.104	-16.187	119.876
260.092	-16.249	119.910
260.086	-16.296	119.964
260.079	-16.326	120.039
260.080	-16.307	120.103
260.073	-16.261	120.150
260.089	-16.148	120.153
260.096	-16.024	120.159
260.102	-15.905	120.187
260.115	-15.729	120.175
260.115	-15.591	120.197
260.136	-15.365	120.125
260.145	-15.166	120.060
260.148	-14.980	120.012
260.141	-14.821	119.970
260.138	-14.654	119.915
260.140	-14.478	119.853
260.136	-14.344	119.831
260.126	-14.241	119.858
260.127	-14.169	119.911
260.131	-14.124	119.966
260.135	-14.141	120.080
260.130	-14.182	120.180
260.137	-14.257	120.276
260.148	-14.358	120.361
260.155	-14.507	120.373
260.161	-14.675	120.321
260.169	-14.817	120.196
260.174	-14.965	120.095
260.163	-15.143	120.008
260.155	-15.341	119.977
260.137	-15.530	119.934
260.130	-15.693	119.898
260.130	-15.847	119.871
260.132	-15.960	119.831
260.121	-16.071	119.843
260.111	-16.171	119.888
260.105	-16.236	119.942
260.095	-16.284	120.001
260.091	-16.284	120.047
260.081	-16.285	120.157
260.078	-16.194	120.191
260.087	-16.093	120.221
260.086	-15.982	120.258
260.109	-15.820	120.267
260.108	-15.671	120.287
260.113	-15.490	120.265
260.117	-15.283	120.212
260.132	-15.066	120.130
260.135	-14.886	120.072
260.138	-14.690	119.977
260.135	-14.513	119.896
260.130	-14.360	119.840
260.128	-14.224	119.827
260.118	-14.133	119.849
260.114	-14.078	119.908
260.123	-14.060	120.004
260.132	-14.062	120.093
260.135	-14.116	120.205
260.141	-14.222	120.333
260.150	-14.336	120.412
260.167	-14.484	120.361
260.184	-14.659	120.285
260.190	-14.802	120.147
260.190	-14.969	120.056
260.173	-15.161	119.995
260.163	-15.364	119.960
260.145	-15.549	119.907
260.139	-15.716	119.881
260.137	-15.879	119.860
260.123	-15.991	119.822
260.118	-16.103	119.845
260.101	-16.213	119.906
260.095	-16.270	119.942
260.092	-16.294	119.974
260.092	-16.301	120.040
260.082	-16.296	120.113
260.086	-16.227	120.152
260.091	-16.128	120.164
260.099	-16.000	120.179
260.112	-15.860	120.184
260.117	-15.698	120.183
260.130	-15.523	120.148
260.139	-15.326	120.108
260.151	-15.130	120.058
260.150	-14.955	120.007
260.146	-14.772	119.940
260.147	-14.619	119.895
260.140	-14.460	119.853
260.139	-14.324	119.836
260.133	-14.240	119.886
260.132	-14.164	119.913
260.134	-14.146	120.001
260.138	-14.154	120.090
260.140	-14.197	120.185
260.140	-14.277	120.279
260.155	-14.384	120.356
260.162	-14.539	120.361
260.170	-14.671	120.257
260.164	-14.854	120.171
260.174	-15.003	120.073
260.159	-15.192	120.011
260.156	-15.378	119.964
260.147	-15.547	119.916
260.134	-15.714	119.882
260.133	-15.875	119.877
260.129	-15.994	119.842
260.118	-16.108	119.858
260.116	-16.173	119.883
260.109	-16.242	119.934
260.093	-16.300	120.008
260.094	-16.268	120.040
260.089	-16.243	120.123
260.084	-16.183	120.195
260.083	-16.092	120.242
260.097	-15.953	120.265
260.107	-15.787	120.270
260.115	-15.623	120.270
260.124	-15.442	120.250
260.131	-15.233	120.186
260.130	-15.044	120.139
260.133	-14.854	120.058
260.134	-14.685	119.993
260.126	-14.498	119.895
260.127	-14.342	119.838
260.128	-14.215	119.828
260.120	-14.122	119.859
260.122	-14.074	119.927
260.127	-14.058	120.018
260.129	-14.090	120.131
260.137	-14.130	120.222
260.146	-14.210	120.316
260.151	-14.382	120.445
260.169	-14.519	120.364
260.186	-14.683	120.281
260.187	-14.845	120.153
260.192	-14.988	120.039
260.170	-15.202	119.996
260.155	-15.400	119.957
260.144	-15.578	119.914
260.137	-15.752	119.885
260.126	-15.892	119.841
260.123	-16.008	119.819
260.109	-16.137	119.862
260.106	-16.218	119.894
260.094	-16.274	119.934
260.083	-16.324	120.005
260.085	-16.341	120.087
260.082	-16.307	120.139
260.081	-16.230	120.167
260.094	-16.087	120.139
260.094	-15.987	120.176
260.102	-15.843	120.178
260.120	-15.673	120.174
260.125	-15.506	120.157
260.138	-15.293	120.106
260.148	-15.090	120.045
260.153	-14.914	119.981
260.144	-14.746	119.935
260.145	-14.576	119.874
260.137	-14.440	119.849
260.142	-14.283	119.814
260.131	-14.232	119.898
260.127	-14.163	119.942
260.135	-14.149	120.027
260.126	-14.174	120.120
260.137	-14.209	120.207
260.137	-14.312	120.315
260.148	-14.414	120.380
260.157	-14.575	120.356
260.165	-14.716	120.254
260.168	-14.874	120.151
260.168	-15.032	120.061
260.161	-15.206	119.988
260.147	-15.400	119.953
260.135	-15.601	119.932
260.129	-15.757	119.898
260.127	-15.895	119.871
260.132	-16.002	119.838
260.123	-16.115	119.867
260.114	-16.208	119.915
260.109	-16.247	119.947
260.100	-16.277	120.002
260.089	-16.273	120.082
260.092	-16.220	120.146
260.080	-16.166	120.204
260.092	-16.059	120.250
260.100	-15.908	120.254
260.106	-15.761	120.286
260.112	-15.599	120.278
260.120	-15.405	120.250
260.132	-15.181	120.177
260.134	-14.996	120.113
260.135	-14.818	120.046
260.133	-14.629	119.954
260.128	-14.490	119.910
260.129	-14.337	119.861
260.124	-14.187	119.830
260.111	-14.117	119.881
260.116	-14.071	119.955
260.127	-14.069	120.048
260.134	-14.100	120.152
260.136	-14.154	120.264
260.148	-14.247	120.347
260.153	-14.402	120.412
260.176	-14.563	120.359
260.182	-14.698	120.219
260.195	-14.865	120.127
260.189	-15.040	120.027
260.170	-15.248	119.988
260.149	-15.439	119.944
260.144	-15.603	119.877
260.133	-15.771	119.860
260.129	-15.930	119.849
260.111	-16.054	119.836
260.101	-16.174	119.887
260.098	-16.216	119.885
260.095	-16.273	119.950
260.079	-16.316	120.009
260.073	-16.331	120.089
260.088	-16.284	120.137
260.089	-16.185	120.147
260.095	-16.067	120.151
260.103	-15.946	120.162
260.111	-15.809	120.182
260.124	-15.633	120.170
260.127	-15.452	120.135
260.143	-15.244	120.072
260.145	-15.067	120.034
260.146	-14.901	119.998
260.149	-14.703	119.922
260.145	-14.542	119.865
260.144	-14.393	119.836
260.135	-14.298	119.843
260.134	-14.193	119.878
260.130	-14.155	119.953
260.129	-14.169	120.068
260.145	-14.156	120.125
260.143	-14.223	120.230
260.140	-14.328	120.333
260.156	-14.429	120.364
260.157	-14.621	120.360
260.175	-14.733	120.209
260.167	-14.930	120.149
260.171	-15.074	120.054
260.158	-15.266	119.990
260.143	-15.447	119.951
260.132	-15.622	119.904
260.132	-15.778	119.882
260.130	-15.903	119.842
260.132	-16.017	119.834
260.114	-16.135	119.876
260.106	-16.222	119.927
260.102	-16.263	119.979
260.093	-16.290	120.029
260.089	-16.262	120.100
260.080	-16.220	120.171
260.082	-16.140	120.219
260.081	-16.041	120.267
260.098	-15.878	120.265
260.110	-15.727	120.275
260.109	-15.561	120.274
260.125	-15.364	120.242
260.129	-15.155	120.176
260.133	-14.944	120.082
260.134	-14.769	120.004
260.128	-14.600	119.943
260.128	-14.432	119.862
260.126	-14.303	119.843
260.122	-14.174	119.838
260.120	-14.090	119.882
260.124	-14.062	119.957
260.126	-14.069	120.052
260.134	-14.099	120.168
260.132	-14.205	120.299
260.147	-14.299	120.385
260.167	-14.436	120.384
260.184	-14.591	120.307
260.183	-14.767	120.198
260.182	-14.931	120.106
260.180	-15.100	120.018
260.171	-15.289	119.964
260.150	-15.480	119.920
260.140	-15.654	119.885
260.134	-15.829	119.880
260.120	-15.963	119.841
260.110	-16.083	119.847
260.106	-16.173	119.878
260.098	-16.232	119.901
260.087	-16.312	119.980
260.079	-16.321	120.026
260.080	-16.303	120.066
260.079	-16.255	120.120
260.082	-16.160	120.132
260.092	-16.059	120.154
260.102	-15.930	120.157
260.115	-15.775	120.167
260.128	-15.603	120.144
260.143	-15.393	120.084
260.139	-15.231	120.066
260.142	-15.042	120.013
260.143	-14.871	119.968
260.144	-14.707	119.917
260.145	-14.542	119.865
260.137	-14.409	119.845
260.138	-14.279	119.831
260.133	-14.214	119.887
260.133	-14.170	119.951
260.137	-14.177	120.059
260.138	-14.204	120.139
260.137	-14.271	120.240
260.142	-14.370	120.329
260.151	-14.485	120.365
260.150	-14.651	120.329
260.165	-14.796	120.216
260.170	-14.950	120.112
260.165	-15.122	120.040
260.161	-15.301	119.989
260.143	-15.485	119.957
260.130	-15.658	119.912
260.135	-15.802	119.874
260.128	-15.948	119.853
260.123	-16.058	119.848
260.123	-16.143	119.863
260.110	-16.228	119.914
260.112	-16.256	119.943
260.091	-16.314	120.027
260.094	-16.291	120.098
260.085	-16.236	120.155
260.089	-16.140	120.182
260.096	-16.012	120.204
260.108	-15.871	120.229
260.114	-15.728	120.250
260.115	-15.574	120.273
260.124	-15.377	120.233
260.134	-15.140	120.155
260.138	-14.965	120.106
260.134	-14.780	120.034
260.138	-14.586	119.937
260.132	-14.445	119.892
260.125	-14.303	119.846
260.127	-14.181	119.847
260.123	-14.091	119.864
260.122	-14.061	119.940
260.129	-14.059	120.035
260.140	-14.088	120.129
260.131	-14.160	120.239
260.147	-14.267	120.356
260.159	-14.388	120.387
260.177	-14.565	120.360
260.187	-14.721	120.248
260.187	-14.900	120.144
260.186	-15.059	120.038
260.168	-15.261	119.983
260.146	-15.470	119.943
260.141	-15.646	119.907
260.134	-15.806	119.867
260.132	-15.965	119.848
260.126	-16.063	119.815
260.117	-16.167	119.842
260.108	-16.254	119.893
260.102	-16.302	119.934
260.096	-16.321	119.992
260.084	-16.324	120.050
260.087	-16.292	120.118
260.089	-16.202	120.143
260.093	-16.104	120.163
260.102	-15.967	120.175
260.114	-15.786	120.153
260.118	-15.640	120.176
260.128	-15.431	120.126
260.138	-15.253	120.103
260.139	-15.057	120.040
260.154	-14.853	119.973
260.142	-14.704	119.939
260.145	-14.532	119.883
260.138	-14.379	119.834
260.136	-14.263	119.853
260.132	-14.166	119.873
260.132	-14.128	119.947
260.132	-14.133	120.053
260.140	-14.131	120.116
260.130	-14.197	120.224
260.134	-14.286	120.314
260.153	-14.410	120.386
260.158	-14.580	120.366
260.164	-14.741	120.273
260.178	-14.859	120.120
260.177	-15.042	120.053
260.167	-15.216	119.974
260.146	-15.441	119.971
260.136	-15.600	119.900
260.128	-15.776	119.883
260.130	-15.926	119.856
260.123	-16.047	119.841
260.119	-16.155	119.872
260.110	-16.237	119.913
260.106	-16.281	119.954
260.097	-16.318	120.027
260.090	-16.320	120.096
260.088	-16.260	120.150
260.085	-16.179	120.207
260.091	-16.072	120.241
260.098	-15.927	120.262
260.096	-15.789	120.296
260.110	-15.590	120.262
260.120	-15.411	120.244
260.136	-15.181	120.171
260.134	-14.999	120.121
260.132	-14.818	120.048
260.137	-14.618	119.957
260.138	-14.444	119.879
260.126	-14.291	119.836
260.122	-14.193	119.863
260.124	-14.089	119.876
260.118	-14.047	119.950
260.130	-14.032	120.032
260.124	-14.081	120.162
260.140	-14.124	120.242
260.147	-14.227	120.357
260.149	-14.388	120.422
260.172	-14.552	120.354
260.185	-14.678	120.227
260.190	-14.861	120.127
260.185	-15.020	120.024
260.173	-15.213	119.956
260.151	-15.437	119.953
260.137	-15.638	119.915
260.126	-15.792	119.886
260.124	-15.932	119.838
260.123	-16.048	119.821
260.106	-16.171	119.873
260.103	-16.248	119.912
260.086	-16.305	119.962
260.089	-16.331	120.010
260.077	-16.337	120.073
260.076	-16.300	120.134
260.083	-16.201	120.152
260.088	-16.090	120.157
260.102	-15.964	120.167
260.110	-15.818	120.184
260.120	-15.642	120.174
260.127	-15.452	120.135
260.136	-15.258	120.080
260.146	-15.058	120.028
260.141	-14.897	119.998
260.149	-14.711	119.921
260.142	-14.550	119.874
260.138	-14.400	119.839
260.133	-14.296	119.857
260.134	-14.193	119.878
260.130	-14.139	119.937
260.129	-14.167	120.064
260.140	-14.140	120.115
260.137	-14.219	120.234
260.147	-14.314	120.329
260.150	-14.454	120.416
260.167	-14.596	120.351
260.169	-14.739	120.239
260.171	-14.893	120.133
260.171	-15.046	120.030
260.164	-15.241	119.983
260.147	-15.438	119.958
260.133	-15.618	119.915
260.134	-15.760	119.874
260.137	-15.903	119.854
260.131	-16.031	119.849
260.119	-16.142	119.888
260.113	-16.201	119.901
260.099	-16.271	119.964
260.099	-16.299	120.039
260.092	-16.294	120.114
260.086	-16.235	120.174
260.082	-16.155	120.215
260.096	-16.023	120.231
260.101	-15.898	120.268
260.112	-15.724	120.247
260.112	-15.574	120.259
260.129	-15.381	120.237
260.133	-15.174	120.176
260.136	-14.978	120.105
260.139	-14.788	120.020
260.134	-14.623	119.957
260.132	-14.443	119.864
260.133	-14.298	119.837
260.127	-14.183	119.851
260.123	-14.124	119.901
260.122	-14.083	119.973
260.126	-14.085	120.072
260.139	-14.098	120.163
260.143	-14.147	120.254
260.149	-14.284	120.382
260.163	-14.410	120.391
260.174	-14.588	120.337
260.187	-14.735	120.216
260.197	-14.891	120.107
260.187	-15.062	120.020
260.174	-15.257	119.965
260.148	-15.480	119.958
260.139	-15.623	119.892
260.127	-15.814	119.881
260.124	-15.936	119.848
260.118	-16.049	119.831
260.105	-16.167	119.888
260.093	-16.236	119.919
260.086	-16.301	119.981
260.086	-16.305	120.013
260.080	-16.316	120.101
260.073	-16.267	120.144
260.080	-16.166	120.153
260.093	-16.060	120.171
260.100	-15.931	120.172
260.116	-15.788	120.199
260.119	-15.630	120.190
260.129	-15.427	120.133
260.140	-15.223	120.085
260.142	-15.050	120.031
260.149	-14.858	119.968
260.151	-14.684	119.911
260.140	-14.518	119.852
260.139	-14.377	119.826
260.139	-14.280	119.852
260.130	-14.194	119.883
260.128	-14.162	119.962
260.135	-14.160	120.057
260.138	-14.167	120.125
260.144	-14.241	120.240
260.146	-14.322	120.307
260.154	-14.470	120.386
260.159	-14.624	120.326
260.173	-14.756	120.186
260.179	-14.911	120.099
260.172	-15.111	120.040
260.160	-15.283	119.968
260.148	-15.477	119.950
260.136	-15.642	119.903
260.131	-15.803	119.880
260.135	-15.936	119.854
260.123	-16.066	119.866
260.114	-16.147	119.879
260.112	-16.210	119.903
260.101	-16.266	119.968
260.099	-16.287	120.032
260.089	-16.276	120.115
260.087	-16.205	120.159
260.085	-16.108	120.192
260.093	-15.999	120.235
260.100	-15.871	120.260
260.116	-15.697	120.255
260.118	-15.532	120.263
260.127	-15.334	120.223
260.131	-15.131	120.155
260.139	-14.953	120.096
260.144	-14.739	119.993
260.132	-14.589	119.934
260.127	-14.447	119.881
260.132	-14.282	119.824
260.126	-14.179	119.845
260.123	-14.115	119.899
260.128	-14.067	119.964
260.133	-14.071	120.064
260.137	-14.114	120.166
260.145	-14.176	120.263
260.152	-14.313	120.387
260.164	-14.455	120.400
260.175	-14.617	120.325
260.183	-14.767	120.198
260.185	-14.913	120.094
260.184	-15.100	120.012
260.170	-15.293	119.956
260.150	-15.491	119.923
260.144	-15.677	119.897
260.138	-15.824	119.861
260.134	-15.953	119.830
260.128	-16.073	119.831
260.123	-16.172	119.867
260.102	-16.243	119.902
260.098	-16.284	119.955
260.089	-16.332	120.039
260.086	-16.336	120.118
260.083	-16.281	120.165
260.095	-16.135	120.133
260.097	-16.053	120.176
260.114	-15.899	120.172
260.116	-15.759	120.195
260.123	-15.590	120.186
260.134	-15.394	120.143
260.144	-15.194	120.091
260.150	-15.000	120.026
260.146	-14.825	119.977
260.150	-14.637	119.897
260.143	-14.489	119.862
260.142	-14.345	119.823
260.136	-14.250	119.866
260.132	-14.165	119.893
260.125	-14.143	119.979
260.137	-14.143	120.073
260.144	-14.152	120.144
260.139	-14.241	120.269
260.150	-14.323	120.329
260.159	-14.469	120.377
260.158	-14.640	120.326
260.170	-14.803	120.224
260.171	-14.946	120.116
260.174	-15.110	120.029
260.159	-15.303	119.977
260.146	-15.486	119.935
260.133	-15.671	119.901
260.135	-15.822	119.879
260.128	-15.961	119.865
260.122	-16.072	119.863
260.119	-16.141	119.860
260.104	-16.257	119.955
260.106	-16.273	119.980
260.097	-16.288	120.043
260.094	-16.254	120.120
260.082	-16.214	120.191
260.086	-16.114	120.230
260.092	-15.986	120.255
260.101	-15.841	120.272
260.109	-15.674	120.264
260.122	-15.498	120.256
260.123	-15.315	120.224
260.136	-15.082	120.145
260.139	-14.897	120.073
260.135	-14.710	119.977
260.134	-14.534	119.909
260.134	-14.387	119.858
260.125	-14.247	119.827
260.118	-14.153	119.854
260.120	-14.080	119.903
260.123	-14.055	119.987
260.126	-14.081	120.107
260.131	-14.102	120.192
260.137	-14.189	120.298
260.150	-14.322	120.400
260.176	-14.455	120.378
260.180	-14.638	120.305
260.185	-14.807	120.190
260.187	-14.947	120.073
260.181	-15.126	119.998
260.161	-15.329	119.957
260.147	-15.550	119.949
260.134	-15.710	119.896
260.130	-15.845	119.847
260.125	-15.980	119.832
260.108	-16.087	119.840
260.104	-16.206	119.901
260.098	-16.256	119.939
260.092	-16.301	119.992
260.084	-16.313	120.043
260.082	-16.299	120.121
260.074	-16.237	120.156
260.083	-16.145	120.181
260.091	-16.021	120.184
260.106	-15.874	120.184
260.117	-15.712	120.195
260.123	-15.556	120.180
260.137	-15.349	120.129
260.144	-15.147	120.070
260.143	-14.971	120.019
260.145	-14.781	119.945
260.140	-14.622	119.896
260.140	-14.469	119.851
260.140	-14.340	119.852
260.137	-14.232	119.862
260.127	-14.148	119.906
260.135	-14.151	120.010
260.134	-14.158	120.104
260.138	-14.202	120.206
260.147	-14.268	120.289
260.150	-14.387	120.370
260.162	-14.542	120.366
260.166	-14.718	120.299
260.176	-14.844	120.167
260.177	-14.971	120.042
260.160	-15.180	120.004
260.153	-15.355	119.952
260.141	-15.557	119.931
260.135	-15.710	119.889
260.132	-15.846	119.864
260.129	-15.992	119.858
260.120	-16.069	119.841
260.117	-16.177	119.916
260.105	-16.235	119.965
260.100	-16.278	120.030
260.089	-16.283	120.109
260.087	-16.226	120.168
260.081	-16.153	120.210
260.085	-16.064	120.252
260.098	-15.923	120.277
260.110	-15.756	120.271
260.116	-15.613	120.288
260.124	-15.419	120.240
260.131	-15.199	120.181
260.139	-15.016	120.108
260.141	-14.842	120.051
260.136	-14.651	119.941
260.140	-14.477	119.873
260.132	-14.344	119.837
260.133	-14.208	119.825
260.119	-14.150	119.890
260.119	-14.098	119.952
260.132	-14.077	120.033
260.138	-14.106	120.136
260.142	-14.174	120.256
260.144	-14.286	120.371
260.165	-14.397	120.397
260.182	-14.559	120.337
260.187	-14.722	120.228
260.196	-14.858	120.106
260.183	-15.052	120.043
260.175	-15.250	119.987
260.157	-15.420	119.919
260.138	-15.618	119.906
260.133	-15.775	119.870
260.125	-15.919	119.848
260.120	-16.038	119.841
260.108	-16.140	119.878
260.099	-16.239	119.939
260.095	-16.257	119.958
260.094	-16.287	120.017
260.081	-16.295	120.092
260.079	-16.259	120.157
260.086	-16.166	120.164
260.092	-16.049	120.172
260.099	-15.927	120.187
260.114	-15.772	120.189
260.121	-15.614	120.191
260.130	-15.417	120.147
260.140	-15.226	120.097
260.143	-15.039	120.049
260.143	-14.861	119.986
260.145	-14.675	119.901
260.139	-14.530	119.866
260.144	-14.386	119.843
260.139	-14.266	119.840
260.130	-14.190	119.898
260.134	-14.153	119.971
260.141	-14.146	120.057
260.136	-14.203	120.181
260.145	-14.251	120.263
260.150	-14.349	120.351
260.153	-14.480	120.368
260.164	-14.621	120.309
260.176	-14.781	120.202
260.177	-14.922	120.093
260.173	-15.108	120.032
260.161	-15.271	119.957
260.149	-15.461	119.930
260.132	-15.623	119.884
260.137	-15.784	119.866
260.130	-15.923	119.851
260.123	-16.046	119.861
260.122	-16.115	119.874
260.109	-16.193	119.929
260.109	-16.233	119.979
260.090	-16.261	120.072
260.091	-16.240	120.155
260.079	-16.184	120.209
260.077	-16.091	120.251
260.089	-15.977	120.278
260.097	-15.819	120.289
260.109	-15.655	120.287
260.117	-15.478	120.260
260.128	-15.263	120.209
260.138	-15.052	120.130
260.142	-14.872	120.068
260.138	-14.699	119.979
260.133	-14.529	119.899
260.135	-14.376	119.851
260.130	-14.251	119.831
260.126	-14.127	119.840
260.113	-14.101	119.929
260.123	-14.069	120.002
260.130	-14.078	120.096
260.135	-14.132	120.222
260.139	-14.240	120.340
260.146	-14.368	120.418
260.171	-14.496	120.342
260.189	-14.655	120.267
260.190	-14.800	120.139
260.190	-14.966	120.048
260.179	-15.147	119.970
260.163	-15.376	119.966
260.147	-15.544	119.907
260.140	-15.704	119.866
260.137	-15.854	119.849
260.118	-15.996	119.841
260.111	-16.115	119.869
260.105	-16.179	119.895
260.098	-16.250	119.950
260.090	-16.275	119.988
260.083	-16.296	120.061
260.090	-16.266	120.133
260.085	-16.180	120.139
260.080	-16.121	120.188
260.101	-15.964	120.170
260.110	-15.827	120.186
260.121	-15.667	120.177
260.127	-15.513	120.167
260.137	-15.299	120.100
260.138	-15.120	120.056
260.144	-14.946	120.001
260.147	-14.775	119.944
260.145	-14.585	119.873
260.142	-14.451	119.843
260.139	-14.321	119.831
260.129	-14.245	119.893
260.130	-14.193	119.951
260.132	-14.172	120.031
260.144	-14.161	120.098
260.138	-14.258	120.249
260.148	-14.315	120.306
260.148	-14.446	120.381
260.163	-14.571	120.335
260.170	-14.740	120.260
260.178	-14.871	120.127
260.178	-15.026	120.033
260.167	-15.216	119.978
260.154	-15.390	119.937
260.142	-15.563	119.886
260.139	-15.722	119.871
260.133	-15.891	119.872
260.139	-16.002	119.850
260.123	-16.085	119.860
260.116	-16.175	119.912
260.104	-16.228	119.947
260.102	-16.268	120.040
260.096	-16.246	120.091
260.095	-16.194	120.160
260.088	-16.124	120.214
260.090	-16.031	120.265
260.107	-15.876	120.270
260.116	-15.714	120.271
260.122	-15.554	120.275
260.131	-15.359	120.240
260.134	-15.159	120.180
260.137	-14.977	120.121
260.140	-14.781	120.022
260.136	-14.595	119.922
260.138	-14.443	119.875
260.131	-14.316	119.845
260.131	-14.173	119.823
260.121	-14.126	119.892
260.120	-14.071	119.949
260.132	-14.076	120.057
260.137	-14.116	120.171
260.146	-14.153	120.249
260.148	-14.269	120.349
260.160	-14.451	120.420
260.185	-14.570	120.298
260.191	-14.743	120.208
260.189	-14.914	120.117
260.187	-15.080	120.020
260.173	-15.262	119.957
260.155	-15.467	119.935
260.142	-15.638	119.886
260.136	-15.811	119.873
260.123	-15.954	119.852
260.117	-16.063	119.850
260.107	-16.174	119.898
260.106	-16.229	119.920
260.095	-16.285	119.985
260.086	-16.306	120.038
260.081	-16.301	120.105
260.080	-16.246	120.166
260.089	-16.132	120.161
260.095	-16.029	120.180
260.108	-15.892	120.190
260.119	-15.727	120.192
260.119	-15.586	120.203
260.127	-15.391	120.150
260.145	-15.157	120.062
260.153	-14.975	120.014
260.142	-14.806	119.954
260.148	-14.651	119.916
260.139	-14.482	119.846
260.141	-14.362	119.847
260.135	-14.254	119.859
260.131	-14.182	119.917
260.137	-14.147	119.991
260.137	-14.143	120.073
260.137	-14.185	120.177
260.138	-14.256	120.268
260.137	-14.372	120.371
260.156	-14.492	120.377
260.162	-14.640	120.300
260.170	-14.801	120.200
260.174	-14.970	120.112
260.170	-15.144	120.040
260.159	-15.307	119.962
260.147	-15.492	119.925
260.133	-15.670	119.898
260.131	-15.829	119.867
260.133	-15.944	119.835
260.121	-16.065	119.849
260.118	-16.165	119.902
260.112	-16.208	119.923
260.102	-16.256	119.985
260.094	-16.281	120.071
260.090	-16.245	120.147
260.083	-16.197	120.215
260.088	-16.094	120.241
260.095	-15.958	120.261
260.102	-15.816	120.275
260.111	-15.640	120.264
260.118	-15.485	120.271
260.129	-15.260	120.196
260.132	-15.057	120.128
260.135	-14.867	120.047
260.133	-14.700	119.985
260.137	-14.518	119.902
260.135	-14.364	119.844
260.125	-14.245	119.847
260.122	-14.127	119.865
260.122	-14.074	119.923
260.124	-14.059	120.020
260.136	-14.081	120.116
260.135	-14.121	120.215
260.140	-14.219	120.328
260.157	-14.312	120.378
260.172	-14.485	120.356
260.185	-14.637	120.248
260.184	-14.823	120.166
260.190	-14.961	120.038
260.183	-15.174	119.991
260.162	-15.377	119.950
260.150	-15.548	119.898
260.138	-15.748	119.893
260.134	-15.888	119.856
260.124	-15.990	119.814
260.115	-16.105	119.837
260.107	-16.206	119.903
260.090	-16.271	119.955
260.085	-16.319	120.029
260.085	-16.310	120.078
260.076	-16.295	120.169
260.083	-16.202	120.180
260.087	-16.103	120.196
260.094	-15.970	120.204
260.105	-15.810	120.195
260.121	-15.662	120.212
260.128	-15.474	120.177
260.135	-15.262	120.117
260.144	-15.080	120.069
260.138	-14.914	120.029
260.143	-14.701	119.927
260.144	-14.548	119.882
260.142	-14.399	119.837
260.136	-14.296	119.859
260.124	-14.178	119.876
260.131	-14.128	119.951
260.138	-14.128	120.054
260.141	-14.130	120.132
260.139	-14.202	120.250
260.149	-14.281	120.329
260.158	-14.420	120.403
260.164	-14.578	120.349
260.178	-14.709	120.232
260.177	-14.882	120.138
260.180	-15.030	120.031
260.167	-15.225	119.976
260.147	-15.410	119.931
260.135	-15.609	119.906
260.134	-15.774	119.886
260.140	-15.884	119.839
260.131	-16.015	119.833
260.120	-16.124	119.880
260.108	-16.193	119.912
260.110	-16.239	119.966
260.101	-16.279	120.047
260.087	-16.288	120.130
260.086	-16.210	120.156
260.085	-16.128	120.201
260.089	-16.039	120.239
260.097	-15.888	120.247
260.112	-15.727	120.233
260.114	-15.582	120.247
260.124	-15.382	120.198
260.133	-15.174	120.128
260.143	-14.973	120.051
260.142	-14.808	119.983
260.140	-14.613	119.894
260.139	-14.478	119.857
260.138	-14.328	119.828
260.125	-14.233	119.864
260.128	-14.155	119.916
260.134	-14.110	119.983
260.131	-14.137	120.097
260.138	-14.169	120.201
260.142	-14.242	120.299
260.153	-14.343	120.384
260.161	-14.493	120.372
260.172	-14.647	120.300
260.178	-14.796	120.187
260.188	-14.946	120.085
260.170	-15.122	120.011
260.163	-15.318	119.963
260.148	-15.482	119.915
260.132	-15.677	119.895
260.132	-15.831	119.868
260.128	-15.956	119.848
260.117	-16.054	119.848
260.108	-16.159	119.899
260.106	-16.213	119.928
260.096	-16.277	120.007
260.084	-16.278	120.053
260.072	-16.285	120.148
260.086	-16.176	120.147
260.077	-16.103	120.186
260.093	-16.002	120.220
260.109	-15.821	120.196
260.119	-15.664	120.199
260.116	-15.523	120.211
260.130	-15.311	120.147
260.140	-15.114	120.083
260.142	-14.915	120.008
260.143	-14.757	119.950
260.142	-14.597	119.891
260.133	-14.435	119.838
260.135	-14.308	119.821
260.122	-14.213	119.860
260.128	-14.156	119.920
260.130	-14.140	120.009
260.134	-14.163	120.113
260.135	-14.203	120.208
260.141	-14.276	120.299
260.148	-14.397	120.380
260.155	-14.544	120.367
260.167	-14.704	120.280
260.174	-14.846	120.159
260.176	-14.991	120.055
260.166	-15.182	119.992
260.150	-15.397	119.981
260.147	-15.544	119.907
260.133	-15.723	119.884
260.129	-15.871	119.869
260.125	-15.982	119.837
260.119	-16.092	119.859
260.113	-16.156	119.885
260.112	-16.214	119.940
260.098	-16.250	119.997
260.090	-16.263	120.076
260.080	-16.227	120.141
260.089	-16.135	120.165
260.088	-16.042	120.204
260.096	-15.914	120.225
260.110	-15.761	120.232
260.116	-15.610	120.231
260.117	-15.436	120.205
260.134	-15.205	120.125
260.137	-15.025	120.070
260.144	-14.839	119.996
260.140	-14.677	119.935
260.134	-14.521	119.877
260.128	-14.392	119.860
260.131	-14.245	119.838
260.126	-14.179	119.893
260.126	-14.110	119.939
260.132	-14.119	120.045
260.143	-14.112	120.124
260.139	-14.191	120.244
260.148	-14.295	120.348
260.161	-14.426	120.394
260.173	-14.600	120.351
260.180	-14.745	120.234
260.181	-14.892	120.115
260.182	-15.057	120.036
260.171	-15.242	119.971
260.157	-15.422	119.924
260.139	-15.620	119.903
260.140	-15.771	119.868
260.136	-15.921	119.854
260.125	-16.020	119.831
260.117	-16.136	119.885
260.108	-16.218	119.930
260.102	-16.249	119.964
260.088	-16.304	120.050
260.082	-16.304	120.131
260.087	-16.223	120.160
260.090	-16.133	120.181
260.096	-16.028	120.196
260.100	-15.913	120.220
260.115	-15.733	120.211
260.118	-15.601	120.225
260.129	-15.391	120.167
260.145	-15.181	120.096
260.139	-15.013	120.056
260.148	-14.814	119.984
260.137	-14.661	119.916
260.136	-14.503	119.866
260.141	-14.352	119.824
260.136	-14.231	119.841
260.125	-14.189	119.924
260.137	-14.126	119.961
260.136	-14.154	120.084
260.143	-14.150	120.143
260.145	-14.234	120.262
260.148	-14.363	120.370
260.161	-14.493	120.372
260.174	-14.631	120.300
260.176	-14.797	120.198
260.177	-14.940	120.089
260.171	-15.132	120.033
260.164	-15.286	119.947
260.144	-15.513	119.941
260.138	-15.672	119.897
260.133	-15.822	119.866
260.133	-15.956	119.842
260.121	-16.063	119.844
260.112	-16.153	119.884
260.111	-16.223	119.942
260.101	-16.270	120.005
260.089	-16.266	120.041
260.084	-16.262	120.133
260.085	-16.170	120.157
260.089	-16.093	120.206
260.091	-15.981	120.233
260.105	-15.809	120.218
260.115	-15.668	120.238
260.109	-15.515	120.230
260.133	-15.299	120.177
260.133	-15.126	120.131
260.143	-14.910	120.035
260.139	-14.748	119.973
260.141	-14.564	119.889
260.129	-14.435	119.863
260.138	-14.274	119.814
260.123	-14.200	119.869
260.120	-14.141	119.932
260.121	-14.118	120.011
260.131	-14.136	120.116
260.138	-14.160	120.199
260.144	-14.242	120.292
260.150	-14.394	120.412
260.163	-14.519	120.352
260.173	-14.695	120.293
260.175	-14.853	120.173
260.189	-14.989	120.065
260.172	-15.168	119.992
260.163	-15.359	119.946
260.140	-15.555	119.906
260.139	-15.711	119.867
260.128	-15.880	119.871
260.122	-15.998	119.844
260.112	-16.108	119.868
260.105	-16.193	119.910
260.098	-16.255	119.959
260.089	-16.282	120.009
260.084	-16.288	120.080
260.079	-16.254	120.144
260.087	-16.152	120.149
260.090	-16.083	120.200
260.098	-15.939	120.198
260.111	-15.802	120.212
260.118	-15.644	120.209
260.120	-15.475	120.189
260.131	-15.247	120.106
260.139	-15.076	120.068
260.140	-14.894	120.013
260.140	-14.736	119.962
260.138	-14.536	119.864
260.137	-14.406	119.840
260.133	-14.280	119.840
260.124	-14.198	119.885
260.127	-14.141	119.944
260.124	-14.154	120.058
260.132	-14.176	120.160
260.138	-14.218	120.246
260.143	-14.290	120.316
260.157	-14.432	120.394
260.163	-14.583	120.345
260.176	-14.725	120.235
260.183	-14.886	120.138
260.179	-15.037	120.032
260.168	-15.216	119.970
260.146	-15.436	119.957
260.129	-15.605	119.905
260.137	-15.730	119.852
260.132	-15.898	119.846
260.131	-16.018	119.838
260.124	-16.103	119.856
260.106	-16.218	119.938
260.096	-16.289	120.011
260.097	-16.270	120.030
260.084	-16.272	120.108
260.082	-16.212	120.162
260.083	-16.132	120.193
260.089	-16.034	120.226
260.104	-15.878	120.228
260.112	-15.739	120.239
260.115	-15.574	120.225
260.122	-15.400	120.206
260.135	-15.160	120.105
260.141	-14.982	120.057
260.145	-14.792	119.972
260.139	-14.625	119.904
260.137	-14.487	119.866
260.137	-14.335	119.826
260.131	-14.232	119.850
260.129	-14.164	119.911
260.127	-14.130	119.985
260.130	-14.149	120.104
260.144	-14.168	120.184
260.146	-14.235	120.287
260.148	-14.329	120.357
260.166	-14.489	120.378
260.178	-14.633	120.300
260.180	-14.799	120.197
260.193	-14.930	120.084
260.177	-15.123	120.018
260.162	-15.316	119.966
260.152	-15.482	119.913
260.146	-15.656	119.880
260.133	-15.833	119.873
260.127	-15.952	119.842
260.121	-16.068	119.857
260.116	-16.140	119.878
260.107	-16.218	119.934
260.103	-16.244	119.971
260.097	-16.249	120.025
260.091	-16.252	120.114
260.085	-16.174	120.146
260.086	-16.110	120.193
260.099	-15.990	120.200
260.103	-15.835	120.200
260.120	-15.680	120.212
260.127	-15.507	120.177
260.135	-15.330	120.146
260.139	-15.121	120.081
260.151	-14.933	120.021
260.148	-14.767	119.967
260.141	-14.623	119.917
260.142	-14.453	119.852
260.140	-14.329	119.845
260.132	-14.219	119.860
260.134	-14.148	119.913
260.135	-14.137	119.995
260.133	-14.167	120.106
260.139	-14.216	120.214
260.146	-14.285	120.312
260.154	-14.389	120.373
260.169	-14.537	120.360
260.175	-14.675	120.257
260.175	-14.851	120.168
260.184	-14.977	120.043
260.169	-15.184	120.003
260.152	-15.376	119.964
260.141	-15.554	119.922
260.129	-15.729	119.903
260.136	-15.854	119.857
260.130	-15.997	119.867
260.120	-16.085	119.858
260.118	-16.155	119.879
260.107	-16.235	119.954
260.098	-16.250	119.994
260.091	-16.252	120.066
260.079	-16.250	120.158
260.082	-16.160	120.180
260.086	-16.069	120.214
260.099	-15.931	120.224
260.109	-15.771	120.219
260.113	-15.632	120.232
260.122	-15.446	120.199
260.132	-15.232	120.131
260.141	-15.038	120.076
260.144	-14.865	120.019
260.139	-14.684	119.936
260.141	-14.519	119.873
260.133	-14.389	119.846
260.134	-14.281	119.857
260.132	-14.164	119.865
260.126	-14.119	119.933
260.133	-14.116	120.032
260.137	-14.139	120.136
260.137	-14.221	120.258
260.150	-14.283	120.330
260.155	-14.430	120.396
260.162	-14.589	120.339
260.176	-14.734	120.233
260.182	-14.879	120.120
260.178	-15.046	120.034
260.170	-15.231	119.972
260.150	-15.444	119.954
260.137	-15.615	119.901
260.133	-15.778	119.878
260.130	-15.917	119.858
260.126	-16.025	119.841
260.110	-16.141	119.891
260.102	-16.197	119.910
260.097	-16.258	119.971
260.094	-16.285	120.033
260.091	-16.249	120.061
260.087	-16.216	120.142
260.085	-16.133	120.166
260.095	-16.029	120.180
260.101	-15.908	120.199
260.111	-15.758	120.220
260.117	-15.607	120.219
260.127	-15.421	120.182
260.136	-15.199	120.100
260.140	-14.994	120.023
260.140	-14.846	119.996
260.142	-14.665	119.920
260.142	-14.507	119.862
260.134	-14.380	119.840
260.129	-14.265	119.850
260.131	-14.186	119.906
260.129	-14.143	119.974
260.135	-14.147	120.070
260.143	-14.162	120.150
260.145	-14.229	120.249
260.151	-14.330	120.343
260.164	-14.474	120.381
260.169	-14.628	120.321
260.176	-14.784	120.211
260.176	-14.934	120.103
260.176	-15.117	120.032
260.153	-15.310	119.984
260.147	-15.463	119.917
260.141	-15.645	119.883
260.134	-15.809	119.875
260.139	-15.931	119.835
260.121	-16.054	119.842
260.118	-16.149	119.886
260.112	-16.220	119.933
260.105	-16.221	119.954
260.095	-16.270	120.041
260.090	-16.257	120.131
260.084	-16.193	120.174
260.088	-16.094	120.194
260.094	-15.989	120.229
260.108	-15.832	120.230
260.119	-15.674	120.230
260.114	-15.540	120.243
260.128	-15.335	120.196
260.138	-15.114	120.114
260.141	-14.928	120.046
260.143	-14.747	119.967
260.133	-14.587	119.899
260.133	-14.429	119.844
260.136	-14.295	119.830
260.129	-14.192	119.859
260.124	-14.150	119.929
260.128	-14.111	120.000
260.133	-14.127	120.103
260.138	-14.160	120.202
260.150	-14.244	120.308
260.152	-14.362	120.392
260.166	-14.504	120.370
260.184	-14.633	120.263
260.185	-14.817	120.169
260.191	-14.964	120.064
260.172	-15.164	120.007
260.160	-15.344	119.953
260.146	-15.533	119.908
260.135	-15.696	119.877
260.130	-15.848	119.852
260.125	-15.985	119.845
260.115	-16.087	119.848
260.106	-16.167	119.884
260.097	-16.246	119.944
260.095	-16.275	120.003
260.087	-16.292	120.067
260.083	-16.276	120.148
260.083	-16.191	120.173
260.082	-16.109	120.218
260.089	-15.985	120.225
260.111	-15.810	120.206
260.110	-15.667	120.219
260.123	-15.502	120.214
260.132	-15.295	120.144
260.135	-15.092	120.079
260.140	-14.900	120.010
260.145	-14.726	119.951
260.142	-14.555	119.883
260.135	-14.411	119.837
260.126	-14.294	119.844
260.128	-14.195	119.871
260.126	-14.139	119.939
260.129	-14.123	120.028
260.135	-14.136	120.111
260.132	-14.206	120.228
260.144	-14.300	120.339
260.152	-14.410	120.389
260.166	-14.563	120.350
260.172	-14.718	120.263
260.180	-14.862	120.142
260.174	-15.039	120.066
260.167	-15.208	119.980
260.153	-15.402	119.944
260.136	-15.603	119.929
260.132	-15.750	119.890
260.129	-15.890	119.846
260.120	-16.023	119.849
260.114	-16.138	119.881
260.110	-16.197	119.914
260.103	-16.248	119.960
260.087	-16.299	120.041
260.087	-16.268	120.080
260.085	-16.228	120.156
260.083	-16.141	120.195
260.094	-16.042	120.215
260.097	-15.896	120.221
260.112	-15.745	120.229
260.112	-15.604	120.247
260.120	-15.414	120.204
260.132	-15.192	120.132
260.135	-14.996	120.061
260.132	-14.829	120.003
260.136	-14.652	119.922
260.132	-14.500	119.883
260.131	-14.365	119.846
260.120	-14.263	119.880
260.123	-14.152	119.893
260.120	-14.132	119.982
260.126	-14.119	120.077
260.135	-14.145	120.161
260.142	-14.193	120.254
260.145	-14.314	120.360
260.151	-14.468	120.396
260.171	-14.598	120.306
260.178	-14.773	120.221
260.183	-14.930	120.122
260.180	-15.082	120.017
260.171	-15.266	119.954
260.154	-15.479	119.945
260.136	-15.651	119.906
260.135	-15.800	119.869
260.137	-15.927	119.844
260.121	-16.027	119.830
260.116	-16.131	119.880
260.101	-16.228	119.949
260.097	-16.268	119.998
260.089	-16.283	120.061
260.079	-16.271	120.140
260.083	-16.205	120.185
260.081	-16.103	120.184
260.094	-15.996	120.226
260.102	-15.843	120.222
260.118	-15.689	120.222
260.124	-15.529	120.222
260.135	-15.326	120.158
260.143	-15.123	120.084
260.139	-14.957	120.033
260.140	-14.773	119.956
260.144	-14.588	119.885
260.136	-14.461	119.858
260.134	-14.325	119.845
260.126	-14.229	119.875
260.128	-14.147	119.922
260.132	-14.119	119.997
260.130	-14.152	120.112
260.135	-14.185	120.208
260.147	-14.253	120.297
260.150	-14.405	120.415
260.168	-14.526	120.361
260.177	-14.665	120.267
260.183	-14.833	120.172
260.177	-14.995	120.084
260.172	-15.159	119.997
260.159	-15.356	119.963
260.141	-15.543	119.919
260.135	-15.712	119.894
260.138	-15.848	119.856
260.132	-15.976	119.851
260.120	-16.086	119.862
260.113	-16.158	119.893
260.103	-16.232	119.940
260.094	-16.285	120.033
260.091	-16.266	120.078
260.085	-16.248	120.161
260.088	-16.141	120.163
260.085	-16.069	120.217
260.099	-15.929	120.215
260.115	-15.783	120.237
260.114	-15.648	120.248
260.121	-15.456	120.204
260.137	-15.245	120.137
260.142	-15.036	120.064
260.143	-14.866	119.999
260.149	-14.685	119.922
260.138	-14.544	119.882
260.139	-14.388	119.829
260.127	-14.287	119.847
260.132	-14.175	119.872
260.129	-14.139	119.941
260.129	-14.147	120.055
260.140	-14.159	120.140
260.141	-14.218	120.252
260.141	-14.332	120.366
260.155	-14.434	120.385
260.179	-14.579	120.329
260.181	-14.731	120.219
260.183	-14.890	120.123
260.183	-15.048	120.034
260.164	-15.247	119.977
260.143	-15.468	119.981
260.133	-15.618	119.915
260.134	-15.772	119.881
260.127	-15.908	119.854
260.127	-16.020	119.848
260.110	-16.111	119.863
260.101	-16.200	119.922
260.096	-16.261	119.984
260.095	-16.270	120.037
260.084	-16.268	120.126
260.083	-16.217	120.172
260.079	-16.121	120.192
260.089	-16.029	120.216
260.098	-15.883	120.227
260.114	-15.715	120.215
260.115	-15.574	120.225
260.131	-15.369	120.171
260.134	-15.150	120.086
260.142	-14.977	120.040
260.136	-14.829	120.001
260.138	-14.640	119.904
260.139	-14.489	119.864
260.136	-14.358	119.843
260.130	-14.247	119.850
260.120	-14.180	119.910
260.132	-14.132	119.980
260.132	-14.129	120.067
260.137	-14.177	120.178
260.143	-14.262	120.301
260.152	-14.354	120.370
260.165	-14.509	120.387
260.171	-14.656	120.306
260.175	-14.812	120.194
260.173	-14.965	120.102
260.171	-15.127	120.016
260.158	-15.311	119.958
260.144	-15.507	119.928
260.138	-15.670	119.892
260.128	-15.829	119.869
260.129	-15.945	119.837
260.116	-16.061	119.849
260.117	-16.163	119.901
260.105	-16.228	119.944
260.097	-16.249	119.977
260.088	-16.280	120.056
260.084	-16.253	120.131
260.085	-16.170	120.157
260.088	-16.094	120.194
260.088	-15.989	120.218
260.103	-15.822	120.213
260.114	-15.683	120.237
260.115	-15.516	120.222
260.133	-15.281	120.128
260.133	-15.127	120.107
260.148	-14.930	120.034
260.138	-14.749	119.961
260.139	-14.580	119.892
260.139	-14.430	119.836
260.132	-14.304	119.834
260.123	-14.209	119.868
260.130	-14.142	119.922
260.124	-14.139	120.021
260.136	-14.142	120.101
260.138	-14.207	120.219
260.146	-14.287	120.321
260.149	-14.412	120.412
260.165	-14.550	120.366
260.177	-14.696	120.272
260.182	-14.857	120.169
260.183	-14.998	120.056
260.170	-15.167	119.979
260.156	-15.387	119.962
260.144	-15.552	119.896
260.139	-15.732	119.897
260.134	-15.868	119.855
260.135	-16.003	119.852
260.119	-16.090	119.854
260.105	-16.181	119.903
260.104	-16.234	119.945
260.095	-16.283	120.021
260.090	-16.275	120.083
260.085	-16.236	120.155
260.081	-16.163	120.188
260.099	-16.048	120.203
260.100	-15.936	120.230
260.113	-15.782	120.223
260.122	-15.607	120.213
260.129	-15.446	120.206
260.133	-15.229	120.122
260.145	-15.031	120.056
260.143	-14.871	120.016
260.140	-14.686	119.933
260.140	-14.525	119.874
260.132	-14.398	119.851
260.134	-14.262	119.832
260.125	-14.194	119.893
260.132	-14.128	119.947
260.137	-14.118	120.031
260.139	-14.152	120.129
260.143	-14.203	120.225
260.147	-14.303	120.326
260.157	-14.432	120.394
260.173	-14.591	120.349
260.179	-14.743	120.233
260.181	-14.902	120.141
260.183	-15.045	120.025
260.170	-15.240	119.970
260.156	-15.448	119.950
260.137	-15.624	119.903
260.132	-15.785	119.876
260.131	-15.917	119.854
260.124	-16.045	119.857
260.110	-16.136	119.878
260.113	-16.208	119.919
260.098	-16.247	119.964
260.094	-16.288	120.041
260.085	-16.286	120.119
260.081	-16.224	120.173
260.085	-16.123	120.188
260.089	-16.034	120.226
260.104	-15.892	120.240
260.107	-15.735	120.236
260.117	-15.563	120.235
260.130	-15.375	120.188
260.134	-15.177	120.129
260.144	-14.983	120.070
260.137	-14.809	119.992
260.141	-14.609	119.905
260.134	-14.481	119.875
260.141	-14.323	119.828
260.128	-14.223	119.850
260.130	-14.146	119.907
260.127	-14.112	119.984
260.134	-14.121	120.086
260.134	-14.153	120.186
260.140	-14.214	120.270
260.150	-14.313	120.350
260.163	-14.471	120.376
260.168	-14.638	120.307
260.178	-14.767	120.180
260.180	-14.954	120.106
260.164	-15.149	120.046
260.162	-15.334	119.987
260.143	-15.508	119.935
260.140	-15.663	119.887
260.126	-15.836	119.874
260.126	-15.958	119.839
260.116	-16.061	119.845
260.112	-16.151	119.879
260.106	-16.227	119.940
260.097	-16.263	119.988
260.088	-16.294	120.072
260.084	-16.264	120.137
260.083	-16.183	120.155
260.089	-16.090	120.201
260.091	-15.978	120.224
260.109	-15.831	120.226
260.114	-15.678	120.224
260.120	-15.521	120.226
260.132	-15.306	120.154
260.136	-15.089	120.071
260.143	-14.939	120.042
260.145	-14.747	119.960
260.141	-14.573	119.887
260.133	-14.443	119.860
260.135	-14.304	119.840
260.127	-14.216	119.880
260.132	-14.115	119.912
260.136	-14.109	120.020
260.137	-14.140	120.113
260.136	-14.178	120.210
