NO_OF_FRAMES	5000
NO_OF_DATA_TYPES	3
FREQUENCY	500
TIME_STAMP	2026-06-08, 10:24:43
DATA_INCLUDED	Position
DATA_TYPES	Unidentified [1397573]_pos_X	Unidentified [1397573]_pos_Y	Unidentified [1397573]_pos_Z


259.894	-15.780	119.910
259.880	-15.827	119.899
259.830	-15.972	119.899
259.912	-15.886	119.869
259.911	-15.936	119.854
259.912	-15.940	119.835
259.887	-15.991	119.855
259.858	-16.010	119.865
259.841	-16.011	119.855
259.829	-16.037	119.875
259.822	-16.035	119.887
259.825	-16.008	119.873
259.845	-15.998	119.874
259.851	-15.968	119.853
259.860	-15.977	119.865
259.879	-15.952	119.877
259.904	-15.918	119.881
259.921	-15.903	119.902
259.936	-15.876	119.911
259.949	-15.826	119.897
259.966	-15.792	119.901
259.998	-15.765	119.920
260.011	-15.691	119.875
260.009	-15.657	119.893
259.975	-15.627	119.890
259.943	-15.592	119.911
259.919	-15.550	119.878
259.883	-15.557	119.908
259.883	-15.534	119.895
259.915	-15.549	119.900
260.007	-15.570	119.885
260.010	-15.599	119.842
259.960	-15.655	119.858
259.936	-15.710	119.907
259.895	-15.739	119.920
259.864	-15.787	119.920
259.864	-15.848	119.908
259.904	-15.864	119.863
259.931	-15.895	119.846
259.943	-15.937	119.848
259.936	-15.974	119.842
259.900	-16.023	119.855
259.875	-16.040	119.858
259.857	-16.063	119.862
259.856	-16.072	119.864
259.862	-16.091	119.900
259.878	-16.060	119.861
259.886	-16.057	119.860
259.869	-16.056	119.863
259.873	-16.020	119.843
259.869	-16.016	119.864
259.871	-15.978	119.851
259.869	-15.949	119.882
259.877	-15.910	119.880
259.888	-15.856	119.872
259.908	-15.825	119.886
259.915	-15.796	119.890
259.940	-15.767	119.900
259.968	-15.689	119.871
259.987	-15.664	119.883
260.010	-15.639	119.889
260.005	-15.603	119.888
259.982	-15.569	119.895
259.938	-15.553	119.917
259.879	-15.535	119.900
259.845	-15.509	119.882
259.832	-15.519	119.890
259.859	-15.543	119.903
259.915	-15.564	119.896
259.966	-15.618	119.875
259.935	-15.665	119.850
259.912	-15.711	119.866
259.901	-15.774	119.921
259.886	-15.835	119.929
259.875	-15.871	119.892
259.888	-15.937	119.885
259.905	-15.975	119.873
259.919	-15.984	119.831
259.917	-16.030	119.831
259.899	-16.062	119.833
259.889	-16.079	119.844
259.863	-16.116	119.859
259.858	-16.112	119.855
259.848	-16.115	119.879
259.854	-16.097	119.865
259.851	-16.082	119.872
259.852	-16.073	119.866
259.855	-16.040	119.843
259.862	-16.022	119.846
259.866	-15.982	119.845
259.872	-15.969	119.893
259.883	-15.920	119.894
259.885	-15.878	119.896
259.901	-15.823	119.874
259.910	-15.792	119.886
259.918	-15.768	119.896
259.941	-15.696	119.866
259.943	-15.677	119.878
259.951	-15.638	119.872
259.939	-15.625	119.893
259.923	-15.608	119.900
259.900	-15.584	119.889
259.863	-15.589	119.894
259.838	-15.574	119.896
259.831	-15.596	119.918
259.864	-15.583	119.877
259.917	-15.628	119.894
259.961	-15.657	119.862
259.925	-15.716	119.850
259.913	-15.767	119.878
259.900	-15.791	119.900
259.881	-15.875	119.937
259.876	-15.930	119.913
259.891	-15.947	119.865
259.915	-15.979	119.864
259.922	-15.990	119.822
259.914	-16.016	119.817
259.902	-16.041	119.813
259.875	-16.086	119.850
259.855	-16.078	119.833
259.834	-16.088	119.852
259.839	-16.100	119.874
259.833	-16.087	119.875
259.836	-16.088	119.885
259.849	-16.048	119.849
259.859	-16.003	119.843
259.866	-15.977	119.828
259.879	-15.965	119.864
259.882	-15.930	119.880
259.895	-15.890	119.888
259.908	-15.880	119.925
259.928	-15.836	119.908
259.949	-15.761	119.879
259.981	-15.717	119.882
259.983	-15.698	119.894
259.979	-15.635	119.883
259.956	-15.613	119.904
259.922	-15.596	119.928
259.885	-15.573	119.909
259.865	-15.558	119.899
259.870	-15.583	119.932
259.917	-15.570	119.895
259.998	-15.608	119.890
259.979	-15.636	119.839
259.941	-15.708	119.873
259.908	-15.746	119.905
259.870	-15.785	119.930
259.842	-15.834	119.908
259.843	-15.895	119.889
259.877	-15.935	119.874
259.887	-15.981	119.876
259.896	-15.998	119.842
259.881	-16.039	119.845
259.856	-16.083	119.867
259.839	-16.100	119.870
259.832	-16.098	119.858
259.820	-16.126	119.886
259.831	-16.126	119.892
259.837	-16.110	119.883
259.852	-16.081	119.864
259.869	-16.057	119.843
259.877	-16.056	119.867
259.896	-15.998	119.838
259.902	-15.989	119.875
259.912	-15.965	119.902
259.921	-15.918	119.894
259.924	-15.869	119.895
259.929	-15.817	119.880
259.933	-15.782	119.888
259.949	-15.730	119.875
259.948	-15.685	119.867
259.929	-15.670	119.900
259.902	-15.648	119.919
259.873	-15.606	119.900
259.851	-15.587	119.891
259.853	-15.596	119.906
259.887	-15.598	119.886
259.974	-15.627	119.894
259.993	-15.646	119.849
259.951	-15.700	119.857
259.938	-15.749	119.898
259.907	-15.776	119.916
259.874	-15.838	119.935
259.864	-15.888	119.907
259.893	-15.935	119.891
259.917	-15.964	119.889
259.928	-16.000	119.860
259.915	-16.017	119.838
259.897	-16.047	119.836
259.862	-16.088	119.867
259.837	-16.105	119.870
259.824	-16.128	119.889
259.831	-16.112	119.877
259.832	-16.119	119.891
259.837	-16.107	119.875
259.847	-16.067	119.837
259.848	-16.068	119.858
259.862	-16.034	119.853
259.870	-15.996	119.851
259.878	-15.972	119.865
259.890	-15.943	119.880
259.910	-15.898	119.883
259.917	-15.888	119.912
259.938	-15.840	119.903
259.955	-15.781	119.892
259.989	-15.758	119.913
259.988	-15.722	119.903
259.989	-15.651	119.888
259.953	-15.633	119.899
259.921	-15.588	119.890
259.873	-15.588	119.899
259.852	-15.590	119.916
259.852	-15.590	119.916
259.900	-15.596	119.900
259.969	-15.643	119.899
259.934	-15.663	119.849
259.897	-15.707	119.852
259.872	-15.761	119.905
259.835	-15.799	119.915
259.819	-15.869	119.925
259.832	-15.888	119.869
259.865	-15.939	119.861
259.882	-15.982	119.862
259.890	-15.998	119.831
259.886	-16.046	119.850
259.868	-16.056	119.822
259.844	-16.092	119.846
259.836	-16.115	119.856
259.828	-16.148	119.893
259.830	-16.125	119.868
259.836	-16.125	119.883
259.842	-16.104	119.861
259.856	-16.092	119.869
259.856	-16.078	119.854
259.884	-16.026	119.843
259.889	-16.022	119.873
259.898	-15.975	119.865
259.903	-15.933	119.876
259.906	-15.907	119.891
259.908	-15.876	119.896
259.906	-15.848	119.908
259.905	-15.801	119.894
259.905	-15.764	119.900
259.895	-15.740	119.900
259.878	-15.705	119.897
259.864	-15.684	119.908
259.833	-15.673	119.904
259.836	-15.631	119.878
259.851	-15.651	119.884
259.909	-15.647	119.871
259.990	-15.688	119.875
259.960	-15.725	119.844
259.940	-15.772	119.869
259.925	-15.812	119.916
259.894	-15.857	119.931
259.879	-15.901	119.922
259.890	-15.938	119.871
259.907	-16.009	119.899
259.921	-16.014	119.864
259.920	-16.014	119.828
259.889	-16.067	119.841
259.866	-16.080	119.844
259.831	-16.111	119.852
259.814	-16.140	119.887
259.807	-16.145	119.892
259.812	-16.152	119.905
259.825	-16.128	119.886
259.827	-16.107	119.865
259.829	-16.091	119.862
259.831	-16.058	119.862
259.843	-16.042	119.869
259.853	-16.014	119.882
259.866	-15.994	119.896
259.887	-15.923	119.877
259.911	-15.892	119.890
259.930	-15.872	119.915
259.956	-15.814	119.898
260.014	-15.767	119.901
260.029	-15.710	119.878
260.027	-15.673	119.895
259.988	-15.666	119.928
259.952	-15.607	119.916
259.900	-15.590	119.906
259.854	-15.575	119.917
259.834	-15.557	119.901
259.854	-15.565	119.890
259.893	-15.615	119.917
259.915	-15.647	119.882
259.858	-15.673	119.842
259.822	-15.723	119.879
259.802	-15.777	119.923
259.796	-15.830	119.926
259.795	-15.876	119.897
259.826	-15.899	119.861
259.848	-15.944	119.857
259.864	-16.006	119.866
259.872	-16.029	119.849
259.869	-16.071	119.855
259.865	-16.105	119.866
259.854	-16.109	119.853
259.852	-16.128	119.861
259.848	-16.128	119.866
259.844	-16.150	119.894
259.845	-16.138	119.879
259.859	-16.116	119.861
259.853	-16.124	119.868
259.861	-16.094	119.865
259.868	-16.072	119.862
259.870	-16.046	119.880
259.875	-15.994	119.865
259.867	-15.978	119.901
259.871	-15.924	119.884
259.862	-15.907	119.895
259.868	-15.858	119.885
259.865	-15.823	119.882
259.863	-15.782	119.866
259.849	-15.780	119.902
259.841	-15.766	119.921
259.833	-15.727	119.895
259.829	-15.719	119.898
259.845	-15.718	119.895
259.896	-15.725	119.901
259.994	-15.741	119.883
259.976	-15.769	119.849
259.950	-15.820	119.876
259.931	-15.842	119.904
259.897	-15.877	119.938
259.872	-15.934	119.951
259.864	-15.955	119.908
259.885	-15.963	119.870
259.897	-16.004	119.872
259.894	-16.017	119.850
259.877	-16.034	119.833
259.847	-16.063	119.849
259.820	-16.083	119.854
259.802	-16.093	119.868
259.798	-16.091	119.868
259.795	-16.103	119.886
259.815	-16.082	119.884
259.820	-16.072	119.872
259.843	-16.055	119.852
259.857	-16.027	119.844
259.875	-16.023	119.869
259.898	-15.984	119.863
259.910	-15.964	119.885
259.929	-15.923	119.880
259.939	-15.913	119.907
259.979	-15.843	119.871
259.995	-15.837	119.901
259.997	-15.774	119.878
259.972	-15.738	119.891
259.940	-15.712	119.909
259.900	-15.687	119.905
259.862	-15.688	119.924
259.849	-15.673	119.925
259.858	-15.682	119.936
259.912	-15.677	119.905
259.968	-15.707	119.896
259.928	-15.736	119.857
259.884	-15.793	119.884
259.860	-15.813	119.913
259.833	-15.844	119.922
259.810	-15.906	119.910
259.837	-15.930	119.867
259.879	-15.962	119.859
259.903	-15.987	119.843
259.898	-16.031	119.840
259.883	-16.063	119.841
259.862	-16.087	119.843
259.849	-16.096	119.847
259.828	-16.145	119.884
259.830	-16.134	119.870
259.834	-16.154	119.894
259.845	-16.140	119.884
259.842	-16.135	119.873
259.849	-16.108	119.853
259.838	-16.102	119.858
259.861	-16.042	119.834
259.844	-16.047	119.875
259.846	-16.023	119.877
259.848	-15.994	119.887
259.867	-15.931	119.876
259.873	-15.916	119.899
259.892	-15.878	119.903
259.909	-15.825	119.883
259.926	-15.807	119.899
259.935	-15.774	119.903
259.945	-15.710	119.872
259.920	-15.703	119.892
259.897	-15.657	119.871
259.848	-15.669	119.895
259.808	-15.639	119.877
259.780	-15.655	119.898
259.791	-15.670	119.896
259.842	-15.692	119.898
259.913	-15.704	119.868
259.882	-15.765	119.852
259.846	-15.802	119.858
259.842	-15.852	119.909
259.840	-15.911	119.944
259.835	-15.968	119.928
259.847	-16.005	119.873
259.867	-16.032	119.867
259.886	-16.062	119.874
259.886	-16.095	119.854
259.871	-16.138	119.862
259.867	-16.137	119.839
259.841	-16.170	119.862
259.831	-16.176	119.870
259.813	-16.184	119.878
259.810	-16.177	119.886
259.818	-16.154	119.877
259.818	-16.148	119.879
259.814	-16.132	119.865
259.824	-16.091	119.847
259.821	-16.064	119.847
259.826	-16.036	119.870
259.826	-16.010	119.871
259.844	-15.972	119.890
259.855	-15.948	119.902
259.870	-15.896	119.892
259.894	-15.876	119.912
259.920	-15.816	119.886
259.935	-15.781	119.877
259.956	-15.757	119.895
259.960	-15.725	119.892
259.947	-15.685	119.874
259.912	-15.677	119.905
259.876	-15.661	119.896
259.833	-15.664	119.905
259.797	-15.656	119.895
259.807	-15.665	119.899
259.842	-15.680	119.891
259.926	-15.732	119.899
259.934	-15.788	119.875
259.913	-15.814	119.850
259.903	-15.863	119.890
259.868	-15.940	119.939
259.848	-16.006	119.941
259.844	-16.038	119.880
259.868	-16.083	119.869
259.877	-16.132	119.880
259.884	-16.153	119.861
259.873	-16.180	119.858
259.862	-16.189	119.854
259.839	-16.215	119.873
259.821	-16.232	119.883
259.822	-16.211	119.870
259.816	-16.210	119.879
259.817	-16.192	119.875
259.819	-16.181	119.885
259.821	-16.166	119.882
259.821	-16.141	119.875
259.828	-16.100	119.868
259.837	-16.058	119.874
259.842	-16.020	119.874
259.844	-15.997	119.897
259.853	-15.971	119.923
259.874	-15.898	119.895
259.889	-15.862	119.906
259.903	-15.814	119.889
259.918	-15.790	119.906
259.932	-15.728	119.878
259.928	-15.725	119.898
259.909	-15.714	119.917
259.891	-15.667	119.886
259.856	-15.647	119.866
259.807	-15.685	119.908
259.786	-15.668	119.896
259.795	-15.678	119.888
259.834	-15.716	119.888
259.926	-15.737	119.868
259.895	-15.784	119.840
259.867	-15.860	119.869
259.857	-15.913	119.921
259.845	-15.957	119.931
259.838	-16.043	119.926
259.851	-16.067	119.880
259.877	-16.082	119.854
259.881	-16.165	119.895
259.890	-16.155	119.833
259.881	-16.191	119.834
259.859	-16.206	119.842
259.841	-16.221	119.847
259.824	-16.250	119.882
259.813	-16.260	119.906
259.815	-16.225	119.878
259.810	-16.226	119.884
259.815	-16.192	119.869
259.817	-16.162	119.851
259.814	-16.138	119.858
259.814	-16.110	119.866
259.827	-16.067	119.866
259.836	-16.023	119.867
259.844	-15.989	119.875
259.864	-15.963	119.903
259.891	-15.885	119.877
259.912	-15.842	119.881
259.930	-15.797	119.867
259.971	-15.785	119.902
259.974	-15.738	119.883
259.955	-15.706	119.896
259.929	-15.672	119.905
259.881	-15.673	119.918
259.848	-15.627	119.888
259.820	-15.640	119.904
259.829	-15.674	119.934
259.880	-15.667	119.884
259.942	-15.742	119.903
259.910	-15.754	119.844
259.878	-15.818	119.888
259.849	-15.860	119.903
259.808	-15.916	119.919
259.792	-15.968	119.884
259.802	-16.027	119.870
259.838	-16.050	119.848
259.849	-16.096	119.850
259.856	-16.141	119.867
259.842	-16.179	119.861
259.830	-16.195	119.854
259.811	-16.223	119.872
259.799	-16.235	119.880
259.804	-16.245	119.897
259.798	-16.227	119.885
259.806	-16.234	119.908
259.824	-16.201	119.881
259.830	-16.182	119.867
259.846	-16.148	119.854
259.853	-16.118	119.855
259.859	-16.095	119.876
259.871	-16.050	119.886
259.874	-16.017	119.883
259.879	-15.961	119.879
259.876	-15.933	119.898
259.869	-15.885	119.893
259.863	-15.852	119.900
259.848	-15.822	119.888
259.844	-15.763	119.866
259.820	-15.761	119.896
259.805	-15.752	119.917
259.795	-15.743	119.910
259.821	-15.748	119.905
259.879	-15.735	119.870
259.969	-15.775	119.883
259.945	-15.822	119.866
259.920	-15.859	119.870
259.894	-15.914	119.934
259.876	-15.928	119.932
259.856	-15.989	119.921
259.852	-16.034	119.891
259.886	-16.051	119.863
259.904	-16.069	119.842
259.899	-16.113	119.839
259.871	-16.153	119.854
259.843	-16.177	119.873
259.817	-16.210	119.875
259.795	-16.216	119.881
259.788	-16.232	119.893
259.806	-16.218	119.891
259.796	-16.209	119.883
259.807	-16.206	119.880
259.808	-16.185	119.868
259.817	-16.142	119.845
259.821	-16.102	119.841
259.829	-16.094	119.874
259.840	-16.078	119.881
259.861	-16.031	119.875
259.882	-15.987	119.876
259.907	-15.938	119.888
259.931	-15.909	119.902
259.978	-15.860	119.898
260.001	-15.824	119.909
260.001	-15.781	119.894
259.981	-15.720	119.890
259.931	-15.696	119.904
259.891	-15.688	119.920
259.838	-15.668	119.905
259.809	-15.647	119.895
259.809	-15.663	119.912
259.849	-15.680	119.895
259.903	-15.714	119.882
259.868	-15.740	119.829
259.821	-15.797	119.858
259.798	-15.842	119.890
259.790	-15.885	119.905
259.778	-15.959	119.902
259.793	-16.016	119.878
259.827	-16.052	119.874
259.849	-16.095	119.866
259.863	-16.113	119.851
259.861	-16.139	119.833
259.847	-16.192	119.863
259.827	-16.218	119.879
259.823	-16.220	119.865
259.813	-16.246	119.891
259.814	-16.232	119.872
259.820	-16.239	119.880
259.819	-16.241	119.889
259.823	-16.216	119.876
259.836	-16.172	119.852
259.836	-16.169	119.867
259.845	-16.121	119.859
259.843	-16.096	119.883
259.841	-16.072	119.887
259.845	-16.044	119.910
259.838	-15.985	119.879
259.848	-15.945	119.885
259.846	-15.917	119.901
259.849	-15.886	119.902
259.845	-15.858	119.900
259.839	-15.834	119.910
259.825	-15.811	119.912
259.810	-15.791	119.907
259.805	-15.789	119.912
259.828	-15.769	119.887
259.879	-15.796	119.898
259.960	-15.823	119.894
259.931	-15.849	119.849
259.914	-15.874	119.855
259.880	-15.946	119.931
259.857	-15.958	119.934
259.833	-16.000	119.900
259.839	-16.029	119.859
259.860	-16.054	119.845
259.866	-16.091	119.850
259.857	-16.125	119.846
259.834	-16.157	119.854
259.812	-16.172	119.862
259.787	-16.195	119.858
259.775	-16.207	119.867
259.767	-16.231	119.901
259.770	-16.220	119.904
259.781	-16.197	119.896
259.794	-16.185	119.884
259.812	-16.154	119.862
259.824	-16.150	119.875
259.835	-16.129	119.872
259.855	-16.093	119.873
259.881	-16.044	119.858
259.888	-16.018	119.867
259.908	-15.989	119.886
259.939	-15.938	119.882
259.957	-15.916	119.902
259.955	-15.886	119.913
259.939	-15.838	119.919
259.911	-15.788	119.898
259.872	-15.761	119.905
259.836	-15.734	119.890
259.816	-15.729	119.906
259.825	-15.761	119.935
259.883	-15.752	119.909
259.948	-15.792	119.892
259.909	-15.812	119.851
259.867	-15.853	119.875
259.837	-15.906	119.932
259.800	-15.955	119.949
259.790	-15.989	119.901
259.814	-16.026	119.868
259.850	-16.068	119.864
259.876	-16.072	119.831
259.871	-16.135	119.853
259.852	-16.174	119.853
259.833	-16.186	119.854
259.806	-16.219	119.871
259.804	-16.223	119.868
259.797	-16.247	119.898
259.808	-16.235	119.893
259.816	-16.230	119.884
259.823	-16.216	119.876
259.823	-16.211	119.867
259.815	-16.178	119.854
259.822	-16.151	119.863
259.820	-16.135	119.885
259.824	-16.100	119.893
259.826	-16.072	119.883
259.834	-16.051	119.902
259.856	-15.977	119.870
259.870	-15.942	119.888
259.888	-15.934	119.924
259.916	-15.862	119.884
259.922	-15.845	119.899
259.927	-15.802	119.882
259.907	-15.765	119.886
259.874	-15.738	119.884
259.832	-15.734	119.896
259.785	-15.718	119.885
259.775	-15.717	119.892
259.783	-15.753	119.910
259.841	-15.753	119.886
259.892	-15.806	119.888
259.858	-15.839	119.850
259.830	-15.908	119.882
259.822	-15.947	119.931
259.805	-15.994	119.939
259.806	-16.036	119.891
259.826	-16.069	119.854
259.848	-16.108	119.857
259.854	-16.159	119.878
259.857	-16.181	119.862
259.847	-16.209	119.852
259.837	-16.240	119.874
259.819	-16.252	119.871
259.807	-16.238	119.858
259.798	-16.267	119.900
259.791	-16.256	119.885
259.787	-16.250	119.894
259.787	-16.253	119.906
259.795	-16.224	119.879
259.806	-16.169	119.842
259.807	-16.145	119.848
259.809	-16.130	119.869
259.819	-16.085	119.863
259.822	-16.057	119.873
259.837	-16.021	119.880
259.850	-15.968	119.857
259.863	-15.956	119.892
259.879	-15.906	119.888
259.893	-15.858	119.867
259.894	-15.855	119.903
259.887	-15.830	119.912
259.879	-15.805	119.901
259.848	-15.789	119.907
259.812	-15.768	119.886
259.780	-15.768	119.892
259.763	-15.792	119.913
259.781	-15.760	119.866
259.824	-15.807	119.887
259.898	-15.859	119.890
259.869	-15.910	119.863
259.849	-15.963	119.879
259.837	-16.010	119.924
259.821	-16.062	119.938
259.817	-16.093	119.896
259.823	-16.158	119.900
259.847	-16.171	119.877
259.860	-16.196	119.859
259.858	-16.210	119.834
259.845	-16.252	119.854
259.816	-16.285	119.879
259.799	-16.295	119.888
259.788	-16.279	119.866
259.776	-16.315	119.913
259.777	-16.292	119.895
259.778	-16.291	119.911
259.780	-16.275	119.908
259.789	-16.224	119.868
259.795	-16.191	119.870
259.803	-16.164	119.875
259.804	-16.142	119.886
259.812	-16.107	119.889
259.833	-16.047	119.876
259.860	-16.006	119.872
259.875	-15.956	119.867
259.891	-15.928	119.885
259.926	-15.898	119.904
259.941	-15.855	119.897
259.942	-15.789	119.872
259.916	-15.791	119.918
259.879	-15.748	119.901
259.843	-15.736	119.906
259.813	-15.729	119.908
259.794	-15.730	119.902
259.819	-15.769	119.922
259.896	-15.780	119.895
259.907	-15.824	119.866
259.865	-15.856	119.843
259.833	-15.950	119.922
259.803	-15.965	119.926
259.777	-16.016	119.905
259.771	-16.082	119.891
259.783	-16.144	119.902
259.817	-16.158	119.865
259.829	-16.189	119.864
259.826	-16.231	119.874
259.813	-16.253	119.861
259.788	-16.293	119.878
259.783	-16.303	119.885
259.781	-16.293	119.870
259.782	-16.301	119.888
259.782	-16.297	119.899
259.790	-16.279	119.903
259.803	-16.247	119.862
259.810	-16.255	119.891
259.828	-16.216	119.871
259.841	-16.175	119.876
259.853	-16.121	119.863
259.854	-16.104	119.883
259.847	-16.079	119.892
259.852	-16.020	119.880
259.850	-15.987	119.882
259.842	-15.939	119.880
259.825	-15.904	119.881
259.818	-15.872	119.889
259.798	-15.856	119.902
259.779	-15.837	119.902
259.776	-15.824	119.913
259.786	-15.814	119.896
259.831	-15.802	119.877
259.921	-15.854	119.901
259.934	-15.899	119.885
259.901	-15.908	119.849
259.890	-15.968	119.899
259.859	-15.989	119.923
259.835	-16.024	119.899
259.825	-16.082	119.889
259.861	-16.084	119.842
259.882	-16.135	119.855
259.879	-16.170	119.843
259.865	-16.201	119.843
259.835	-16.255	119.877
259.802	-16.254	119.859
259.778	-16.278	119.876
259.758	-16.321	119.916
259.772	-16.285	119.883
259.772	-16.297	119.893
259.774	-16.295	119.902
259.781	-16.267	119.883
259.782	-16.247	119.870
259.786	-16.220	119.881
259.798	-16.198	119.890
259.813	-16.155	119.886
259.827	-16.119	119.876
259.848	-16.071	119.867
259.867	-16.042	119.890
259.890	-16.011	119.906
259.927	-15.953	119.891
259.963	-15.923	119.911
259.978	-15.869	119.897
259.967	-15.814	119.900
259.928	-15.793	119.924
259.880	-15.736	119.891
259.832	-15.723	119.889
259.785	-15.728	119.908
259.781	-15.729	119.914
259.804	-15.756	119.910
259.869	-15.784	119.906
259.858	-15.783	119.831
259.800	-15.860	119.860
259.771	-15.912	119.898
259.757	-15.959	119.938
259.748	-15.997	119.896
259.753	-16.072	119.886
259.778	-16.114	119.876
259.807	-16.171	119.887
259.831	-16.182	119.860
259.824	-16.233	119.862
259.823	-16.257	119.859
259.807	-16.265	119.857
259.798	-16.292	119.859
259.790	-16.317	119.877
259.786	-16.316	119.899
259.785	-16.326	119.905
259.788	-16.314	119.907
259.799	-16.293	119.880
259.806	-16.265	119.860
259.809	-16.248	119.873
259.811	-16.223	119.875
259.812	-16.198	119.897
259.812	-16.172	119.906
259.817	-16.120	119.895
259.812	-16.084	119.879
259.821	-16.023	119.867
259.827	-16.008	119.887
259.826	-15.950	119.867
259.832	-15.940	119.899
259.826	-15.886	119.873
259.812	-15.877	119.891
259.798	-15.867	119.909
259.782	-15.859	119.914
259.784	-15.834	119.888
259.815	-15.840	119.879
259.870	-15.869	119.893
259.921	-15.901	119.874
259.898	-15.915	119.813
259.873	-15.984	119.877
259.851	-16.011	119.908
259.823	-16.052	119.924
259.800	-16.096	119.887
259.812	-16.133	119.876
259.832	-16.169	119.872
259.834	-16.188	119.855
259.821	-16.227	119.870
259.811	-16.203	119.818
259.776	-16.269	119.872
259.746	-16.295	119.883
259.746	-16.287	119.881
259.743	-16.278	119.884
259.746	-16.297	119.907
259.752	-16.294	119.914
259.770	-16.275	119.899
259.789	-16.233	119.866
259.808	-16.201	119.860
259.825	-16.180	119.868
259.846	-16.130	119.854
259.863	-16.109	119.862
259.877	-16.081	119.874
259.889	-16.053	119.873
259.927	-15.998	119.859
259.936	-15.961	119.878
259.924	-15.924	119.886
259.895	-15.905	119.925
259.856	-15.860	119.911
259.821	-15.834	119.897
259.804	-15.788	119.887
259.798	-15.817	119.927
259.824	-15.815	119.905
259.929	-15.815	119.875
259.919	-15.867	119.852
259.882	-15.909	119.846
259.852	-15.948	119.888
259.804	-16.007	119.929
259.775	-16.046	119.920
259.780	-16.095	119.888
259.813	-16.149	119.889
259.847	-16.166	119.864
259.849	-16.210	119.869
259.836	-16.232	119.860
259.811	-16.274	119.877
259.788	-16.293	119.878
259.775	-16.309	119.879
259.767	-16.324	119.890
259.780	-16.338	119.921
259.778	-16.344	119.922
259.791	-16.325	119.891
259.796	-16.277	119.861
259.796	-16.268	119.863
259.799	-16.248	119.864
259.789	-16.227	119.876
259.786	-16.210	119.898
259.797	-16.165	119.892
259.811	-16.122	119.888
259.813	-16.105	119.905
259.841	-16.025	119.866
259.860	-15.988	119.872
259.883	-15.971	119.900
259.909	-15.927	119.898
259.929	-15.872	119.874
259.916	-15.847	119.889
259.882	-15.811	119.892
259.844	-15.785	119.900
259.786	-15.786	119.904
259.759	-15.759	119.882
259.753	-15.769	119.894
259.787	-15.815	119.917
259.870	-15.813	119.874
259.869	-15.895	119.871
259.850	-15.935	119.848
259.833	-15.989	119.897
259.813	-16.035	119.922
259.798	-16.075	119.896
259.778	-16.167	119.910
259.808	-16.193	119.886
259.825	-16.239	119.896
259.829	-16.269	119.878
259.825	-16.293	119.862
259.814	-16.297	119.845
259.785	-16.328	119.865
259.777	-16.354	119.883
259.765	-16.352	119.877
259.760	-16.374	119.916
259.757	-16.351	119.904
259.769	-16.344	119.909
259.772	-16.314	119.890
259.785	-16.282	119.869
259.786	-16.278	119.880
259.795	-16.219	119.866
259.791	-16.215	119.902
259.807	-16.153	119.891
259.817	-16.115	119.881
259.825	-16.082	119.889
259.834	-16.029	119.868
259.838	-16.022	119.904
259.853	-15.967	119.890
259.854	-15.937	119.898
259.858	-15.899	119.902
259.844	-15.876	119.905
259.826	-15.840	119.881
259.797	-15.812	119.873
259.759	-15.850	119.918
259.760	-15.827	119.901
259.759	-15.856	119.912
259.820	-15.856	119.886
259.882	-15.929	119.900
259.854	-15.942	119.820
259.832	-15.998	119.851
259.810	-16.059	119.903
259.800	-16.102	119.925
259.790	-16.155	119.902
259.790	-16.198	119.889
259.820	-16.246	119.899
259.826	-16.276	119.886
259.825	-16.293	119.862
259.814	-16.295	119.840
259.789	-16.341	119.871
259.771	-16.358	119.882
259.749	-16.350	119.879
259.748	-16.367	119.899
259.743	-16.365	119.904
259.752	-16.328	119.879
259.754	-16.315	119.880
259.767	-16.299	119.879
259.774	-16.262	119.862
259.777	-16.248	119.883
259.796	-16.228	119.908
259.806	-16.178	119.888
259.824	-16.137	119.891
259.833	-16.120	119.912
259.855	-16.044	119.876
259.881	-15.992	119.868
259.905	-15.976	119.901
259.909	-15.903	119.856
259.897	-15.893	119.910
259.862	-15.869	119.921
259.822	-15.830	119.904
259.786	-15.819	119.909
259.784	-15.799	119.898
259.797	-15.830	119.918
259.854	-15.834	119.887
259.908	-15.873	119.863
259.862	-15.920	119.834
259.829	-15.976	119.867
259.793	-16.009	119.904
259.763	-16.059	119.905
259.746	-16.131	119.906
259.768	-16.168	119.881
259.797	-16.211	119.884
259.804	-16.249	119.886
259.800	-16.286	119.882
259.794	-16.282	119.834
259.767	-16.338	119.878
259.752	-16.346	119.876
259.738	-16.351	119.873
259.744	-16.365	119.897
259.749	-16.355	119.889
259.755	-16.367	119.907
259.773	-16.331	119.875
259.781	-16.311	119.867
259.799	-16.288	119.866
259.814	-16.261	119.879
259.819	-16.244	119.897
259.835	-16.180	119.881
259.832	-16.173	119.905
259.844	-16.104	119.874
259.846	-16.071	119.878
259.846	-16.022	119.873
259.847	-15.960	119.857
259.833	-15.952	119.879
259.813	-15.935	119.915
259.779	-15.899	119.915
259.764	-15.866	119.898
259.754	-15.876	119.919
259.783	-15.851	119.888
259.834	-15.871	119.885
259.920	-15.908	119.871
259.891	-15.938	119.819
259.876	-15.994	119.858
259.844	-16.042	119.909
259.810	-16.086	119.926
259.793	-16.128	119.892
259.809	-16.175	119.882
259.837	-16.227	119.887
259.852	-16.245	119.868
259.849	-16.257	119.842
259.818	-16.313	119.860
259.784	-16.335	119.862
259.760	-16.359	119.880
259.738	-16.376	119.892
259.736	-16.385	119.902
259.746	-16.392	119.905
259.748	-16.387	119.905
259.751	-16.355	119.881
259.765	-16.313	119.858
259.759	-16.317	119.876
259.755	-16.307	119.903
259.768	-16.292	119.926
259.780	-16.219	119.885
259.800	-16.185	119.895
259.826	-16.141	119.890
259.844	-16.101	119.893
259.871	-16.037	119.875
259.896	-15.996	119.881
259.935	-15.980	119.911
259.952	-15.905	119.884
259.935	-15.866	119.892
259.891	-15.852	119.920
259.840	-15.812	119.921
259.794	-15.787	119.901
259.752	-15.790	119.906
259.748	-15.795	119.925
259.775	-15.813	119.914
259.858	-15.853	119.910
259.833	-15.869	119.837
259.792	-15.914	119.822
259.772	-15.976	119.887
259.749	-16.041	119.924
259.736	-16.078	119.907
259.737	-16.164	119.898
259.778	-16.192	119.885
259.794	-16.254	119.890
259.807	-16.284	119.885
259.809	-16.309	119.861
259.798	-16.325	119.851
259.770	-16.390	119.898
259.757	-16.390	119.878
259.756	-16.402	119.893
259.749	-16.406	119.895
259.751	-16.405	119.907
259.757	-16.386	119.893
259.765	-16.369	119.873
259.773	-16.347	119.867
259.774	-16.308	119.854
259.782	-16.308	119.902
259.775	-16.268	119.896
259.784	-16.232	119.895
259.787	-16.190	119.893
259.792	-16.145	119.892
259.796	-16.117	119.894
259.804	-16.078	119.893
259.809	-16.029	119.886
259.811	-15.993	119.878
259.815	-15.949	119.884
259.796	-15.943	119.916
259.781	-15.907	119.894
259.751	-15.889	119.892
259.742	-15.892	119.908
259.752	-15.893	119.898
259.794	-15.914	119.907
259.881	-15.947	119.904
259.867	-15.967	119.846
259.842	-16.010	119.844
259.821	-16.060	119.885
259.802	-16.090	119.911
259.779	-16.163	119.921
259.770	-16.206	119.896
259.783	-16.239	119.896
259.810	-16.242	119.856
259.799	-16.297	119.868
259.792	-16.312	119.853
259.767	-16.354	119.874
259.745	-16.352	119.861
259.729	-16.364	119.872
259.716	-16.391	119.900
259.722	-16.375	119.895
259.727	-16.368	119.892
259.729	-16.363	119.895
259.753	-16.330	119.876
259.765	-16.309	119.869
259.780	-16.266	119.858
259.798	-16.259	119.878
259.805	-16.224	119.888
259.826	-16.174	119.871
259.838	-16.152	119.883
259.853	-16.122	119.891
259.894	-16.069	119.884
259.906	-16.017	119.877
259.887	-15.972	119.874
259.864	-15.946	119.906
259.826	-15.894	119.895
259.794	-15.885	119.903
259.769	-15.890	119.930
259.764	-15.879	119.929
259.807	-15.861	119.884
259.898	-15.915	119.905
259.884	-15.914	119.829
259.846	-15.970	119.843
259.802	-16.028	119.898
259.768	-16.064	119.913
259.736	-16.123	119.923
259.741	-16.175	119.900
259.778	-16.185	119.863
259.792	-16.263	119.900
259.806	-16.286	119.894
259.796	-16.319	119.869
259.767	-16.345	119.872
259.745	-16.352	119.861
259.726	-16.385	119.892
259.726	-16.380	119.879
259.735	-16.387	119.889
259.741	-16.385	119.892
259.755	-16.366	119.883
259.766	-16.358	119.867
259.768	-16.336	119.866
259.776	-16.318	119.873
259.783	-16.291	119.882
259.778	-16.291	119.911
259.794	-16.239	119.898
259.806	-16.156	119.859
259.808	-16.153	119.887
259.816	-16.106	119.883
259.830	-16.089	119.902
259.845	-16.032	119.883
259.845	-15.994	119.885
259.836	-15.952	119.881
259.813	-15.939	119.900
259.784	-15.910	119.912
259.735	-15.904	119.911
259.720	-15.898	119.918
259.725	-15.897	119.908
259.767	-15.915	119.908
259.866	-15.934	119.892
259.856	-15.974	119.837
259.830	-16.029	119.850
259.814	-16.062	119.882
259.794	-16.127	119.932
259.780	-16.171	119.916
259.779	-16.230	119.900
259.809	-16.239	119.878
259.812	-16.329	119.916
259.821	-16.336	119.875
259.810	-16.349	119.857
259.783	-16.354	119.847
259.751	-16.390	119.867
259.730	-16.398	119.874
259.711	-16.429	119.903
259.718	-16.398	119.879
259.719	-16.394	119.886
259.719	-16.411	119.907
259.732	-16.378	119.885
259.741	-16.346	119.874
259.745	-16.308	119.874
259.757	-16.314	119.910
259.765	-16.264	119.901
259.780	-16.224	119.899
259.799	-16.194	119.901
259.820	-16.137	119.890
259.834	-16.095	119.890
259.866	-16.044	119.878
259.884	-16.017	119.888
259.890	-15.958	119.872
259.869	-15.941	119.916
259.837	-15.915	119.927
259.796	-15.885	119.916
259.760	-15.858	119.901
259.745	-15.861	119.913
259.771	-15.863	119.897
259.819	-15.908	119.903
259.861	-15.907	119.830
259.812	-15.983	119.844
259.775	-16.044	119.892
259.741	-16.079	119.926
259.719	-16.140	119.926
259.708	-16.209	119.930
259.729	-16.223	119.874
259.761	-16.257	119.885
259.772	-16.298	119.870
259.776	-16.327	119.872
259.769	-16.334	119.838
259.743	-16.377	119.863
259.725	-16.388	119.856
259.723	-16.409	119.877
259.728	-16.421	119.895
259.723	-16.417	119.895
259.735	-16.396	119.884
259.746	-16.393	119.881
259.759	-16.383	119.877
259.771	-16.358	119.882
259.787	-16.317	119.875
259.794	-16.298	119.902
259.794	-16.286	119.919
259.794	-16.232	119.904
259.799	-16.180	119.889
259.801	-16.144	119.881
259.797	-16.108	119.892
259.794	-16.075	119.898
259.782	-16.031	119.888
259.766	-16.006	119.904
259.738	-16.004	119.928
259.729	-15.966	119.909
259.716	-15.956	119.923
259.733	-15.941	119.896
259.785	-15.937	119.872
259.887	-15.997	119.897
259.863	-16.011	119.839
259.848	-16.062	119.865
259.827	-16.095	119.886
259.797	-16.154	119.933
259.782	-16.184	119.909
259.777	-16.249	119.907
259.806	-16.278	119.895
259.819	-16.305	119.882
259.816	-16.342	119.874
259.791	-16.370	119.860
259.764	-16.380	119.860
259.727	-16.411	119.876
259.705	-16.442	119.900
259.699	-16.433	119.890
259.699	-16.455	119.923
259.706	-16.430	119.889
259.714	-16.405	119.875
259.719	-16.401	119.880
259.721	-16.379	119.883
259.730	-16.359	119.903
259.739	-16.332	119.901
259.755	-16.312	119.912
259.777	-16.252	119.893
259.807	-16.197	119.878
259.831	-16.168	119.896
259.848	-16.104	119.872
259.905	-16.066	119.878
259.927	-16.009	119.866
259.932	-15.965	119.869
259.898	-15.935	119.914
259.849	-15.900	119.917
259.803	-15.883	119.919
259.757	-15.849	119.901
259.725	-15.844	119.898
259.724	-15.860	119.918
259.775	-15.883	119.900
259.802	-15.914	119.876
259.748	-15.962	119.859
259.701	-16.019	119.888
259.687	-16.046	119.919
259.675	-16.090	119.908
259.687	-16.147	119.906
259.708	-16.200	119.880
259.735	-16.241	119.886
259.752	-16.301	119.907
259.771	-16.318	119.879
259.767	-16.335	119.845
259.760	-16.385	119.878
259.750	-16.399	119.869
259.751	-16.412	119.881
259.736	-16.443	119.901
259.743	-16.410	119.872
259.748	-16.417	119.881
259.751	-16.415	119.886
259.752	-16.401	119.866
259.752	-16.397	119.881
259.759	-16.365	119.877
259.763	-16.344	119.897
259.755	-16.318	119.906
259.760	-16.266	119.891
259.749	-16.273	119.927
259.760	-16.209	119.891
259.775	-16.159	119.890
259.761	-16.145	119.895
259.764	-16.119	119.905
259.767	-16.090	119.915
259.753	-16.058	119.919
259.740	-16.032	119.913
259.727	-16.010	119.916
259.721	-16.004	119.914
259.732	-16.006	119.921
259.797	-15.992	119.890
259.876	-16.032	119.880
259.860	-16.035	119.820
259.833	-16.100	119.862
259.809	-16.134	119.906
259.778	-16.172	119.927
259.761	-16.196	119.904
259.761	-16.254	119.900
259.775	-16.283	119.891
259.777	-16.302	119.874
259.775	-16.327	119.875
259.756	-16.349	119.859
259.733	-16.359	119.857
259.703	-16.388	119.872
259.688	-16.389	119.872
259.680	-16.417	119.899
259.686	-16.422	119.923
259.699	-16.398	119.904
259.704	-16.400	119.900
259.725	-16.359	119.884
259.743	-16.330	119.870
259.760	-16.338	119.902
259.777	-16.287	119.882
259.789	-16.279	119.906
259.809	-16.233	119.885
259.824	-16.197	119.896
259.844	-16.158	119.888
259.885	-16.116	119.888
259.882	-16.071	119.866
259.868	-16.019	119.872
259.833	-15.988	119.893
259.792	-15.983	119.920
259.759	-15.947	119.917
259.732	-15.937	119.919
259.729	-15.969	119.942
259.775	-15.936	119.886
259.867	-15.982	119.886
259.833	-16.004	119.841
259.790	-16.060	119.864
259.754	-16.101	119.903
259.729	-16.132	119.914
259.710	-16.186	119.909
259.720	-16.242	119.886
259.754	-16.283	119.900
259.782	-16.307	119.878
259.784	-16.340	119.876
259.770	-16.369	119.864
259.746	-16.396	119.866
259.722	-16.413	119.865
259.705	-16.444	119.884
259.704	-16.441	119.883
259.710	-16.433	119.892
259.722	-16.430	119.886
259.721	-16.463	119.930
259.734	-16.408	119.875
259.736	-16.393	119.875
259.744	-16.350	119.857
259.747	-16.337	119.883
259.755	-16.313	119.893
259.752	-16.292	119.905
259.761	-16.262	119.902
259.775	-16.208	119.891
259.780	-16.173	119.896
259.786	-16.155	119.907
259.802	-16.105	119.899
259.816	-16.058	119.886
259.802	-16.037	119.896
259.790	-16.006	119.897
259.750	-15.987	119.906
259.708	-15.985	119.926
259.694	-15.952	119.902
259.693	-15.975	119.919
259.712	-16.002	119.917
259.794	-16.017	119.899
259.812	-16.045	119.856
259.780	-16.100	119.853
259.771	-16.145	119.900
259.753	-16.203	119.942
259.741	-16.245	119.934
259.740	-16.293	119.911
259.753	-16.329	119.900
259.784	-16.345	119.885
259.784	-16.377	119.870
259.777	-16.415	119.868
259.752	-16.440	119.865
259.732	-16.448	119.872
259.707	-16.484	119.900
259.690	-16.492	119.904
259.692	-16.474	119.897
259.695	-16.462	119.888
259.694	-16.460	119.898
259.695	-16.453	119.897
259.709	-16.412	119.878
259.709	-16.397	119.886
259.724	-16.359	119.891
259.733	-16.320	119.882
259.747	-16.296	119.904
259.766	-16.272	119.919
259.791	-16.201	119.891
259.805	-16.164	119.884
259.833	-16.114	119.874
259.866	-16.070	119.865
259.872	-16.023	119.859
259.858	-16.000	119.886
259.818	-15.977	119.909
259.783	-15.956	119.908
259.743	-15.934	119.912
259.722	-15.933	119.920
259.723	-15.924	119.918
259.762	-15.959	119.905
259.854	-15.947	119.833
259.807	-16.043	119.857
259.766	-16.095	119.884
259.740	-16.138	119.913
259.703	-16.195	119.948
259.696	-16.203	119.894
259.701	-16.274	119.896
259.722	-16.326	119.894
259.746	-16.342	119.875
259.747	-16.405	119.909
259.740	-16.405	119.857
259.722	-16.440	119.864
259.709	-16.456	119.865
259.700	-16.493	119.890
259.695	-16.480	119.888
259.700	-16.487	119.901
259.708	-16.452	119.880
259.715	-16.452	119.888
259.725	-16.444	119.876
259.744	-16.424	119.880
259.758	-16.373	119.855
259.766	-16.354	119.878
259.768	-16.333	119.909
259.771	-16.318	119.927
259.776	-16.262	119.898
259.780	-16.210	119.887
259.761	-16.203	119.919
259.767	-16.124	119.873
259.748	-16.129	119.911
259.729	-16.098	119.908
259.706	-16.062	119.910
259.699	-16.031	119.906
259.700	-16.013	119.901
259.708	-16.043	119.922
259.765	-16.038	119.889
259.864	-16.043	119.861
259.850	-16.090	119.849
259.819	-16.136	119.869
259.798	-16.191	119.923
259.773	-16.224	119.942
259.748	-16.273	119.934
259.750	-16.305	119.904
259.779	-16.351	119.912
259.791	-16.373	119.893
259.783	-16.386	119.872
259.766	-16.415	119.862
259.737	-16.430	119.862
259.697	-16.461	119.877
259.676	-16.469	119.887
259.673	-16.486	119.897
259.673	-16.488	119.902
259.680	-16.458	119.878
259.682	-16.456	119.887
259.690	-16.447	119.888
259.703	-16.417	119.879
259.710	-16.390	119.885
259.717	-16.378	119.909
259.735	-16.338	119.885
259.756	-16.314	119.914
259.775	-16.273	119.909
259.801	-16.225	119.894
259.824	-16.193	119.910
259.877	-16.134	119.888
259.898	-16.072	119.863
259.892	-16.048	119.893
259.864	-16.017	119.921
259.812	-15.982	119.911
259.775	-15.925	119.883
259.720	-15.949	119.924
259.702	-15.935	119.930
259.699	-15.957	119.934
259.749	-15.951	119.896
259.785	-15.995	119.875
259.724	-16.048	119.864
259.683	-16.077	119.877
259.667	-16.131	119.919
259.661	-16.162	119.916
259.656	-16.240	119.918
259.677	-16.300	119.914
259.707	-16.332	119.907
259.729	-16.363	119.892
259.737	-16.386	119.874
259.745	-16.407	119.852
259.731	-16.446	119.871
259.713	-16.480	119.878
259.712	-16.478	119.873
259.712	-16.476	119.869
259.710	-16.501	119.898
259.712	-16.478	119.877
259.706	-16.491	119.897
259.719	-16.464	119.873
259.727	-16.444	119.868
259.733	-16.432	119.896
259.730	-16.410	119.909
259.726	-16.377	119.897
259.731	-16.346	119.912
259.723	-16.321	119.921
259.732	-16.277	119.902
259.737	-16.233	119.905
259.728	-16.202	119.904
259.730	-16.180	119.911
259.731	-16.129	119.898
259.716	-16.117	119.914
259.704	-16.093	119.909
259.704	-16.078	119.913
259.705	-16.066	119.903
259.736	-16.078	119.911
259.804	-16.076	119.884
259.855	-16.094	119.853
259.830	-16.144	119.848
259.806	-16.175	119.880
259.767	-16.229	119.941
259.739	-16.266	119.951
259.723	-16.317	119.932
259.733	-16.325	119.896
259.757	-16.355	119.893
259.753	-16.368	119.870
259.741	-16.392	119.862
259.713	-16.423	119.879
259.690	-16.428	119.864
259.666	-16.454	119.885
259.661	-16.464	119.893
259.660	-16.467	119.905
259.665	-16.476	119.926
259.675	-16.460	119.912
259.690	-16.434	119.901
259.713	-16.403	119.873
259.732	-16.379	119.866
259.757	-16.350	119.879
259.770	-16.330	119.893
259.782	-16.301	119.888
259.807	-16.266	119.885
259.821	-16.221	119.876
259.856	-16.200	119.894
259.872	-16.131	119.865
259.853	-16.106	119.868
259.818	-16.101	119.910
259.785	-16.051	119.891
259.743	-16.043	119.917
259.718	-16.034	119.933
259.712	-16.002	119.917
259.740	-16.037	119.926
259.834	-16.034	119.882
259.827	-16.060	119.848
259.788	-16.136	119.871
259.754	-16.161	119.907
259.713	-16.198	119.938
259.691	-16.256	119.934
259.694	-16.288	119.900
259.729	-16.307	119.873
259.755	-16.367	119.907
259.762	-16.397	119.891
259.763	-16.395	119.855
259.727	-16.433	119.861
259.709	-16.470	119.877
259.692	-16.477	119.882
259.684	-16.505	119.905
259.687	-16.510	119.916
259.691	-16.491	119.897
259.695	-16.496	119.905
259.704	-16.468	119.878
259.712	-16.417	119.841
259.708	-16.430	119.882
259.714	-16.413	119.896
259.717	-16.384	119.902
259.725	-16.360	119.912
259.728	-16.326	119.905
259.730	-16.300	119.919
259.751	-16.247	119.901
259.765	-16.202	119.892
259.778	-16.182	119.902
259.793	-16.136	119.890
259.802	-16.092	119.887
259.788	-16.061	119.875
259.758	-16.055	119.905
259.713	-16.042	119.916
259.683	-16.026	119.919
259.662	-16.020	119.914
259.667	-16.031	119.912
259.708	-16.044	119.902
259.780	-16.100	119.901
259.777	-16.141	119.879
259.741	-16.185	119.878
259.733	-16.245	119.930
259.717	-16.278	119.950
259.706	-16.317	119.922
259.711	-16.360	119.897
259.729	-16.408	119.908
259.751	-16.410	119.872
259.746	-16.457	119.874
259.741	-16.487	119.868
259.717	-16.504	119.867
259.693	-16.523	119.870
259.677	-16.540	119.894
259.670	-16.529	119.883
259.673	-16.521	119.891
259.666	-16.517	119.898
259.669	-16.512	119.898
259.676	-16.487	119.884
259.683	-16.448	119.861
259.689	-16.438	119.894
259.699	-16.407	119.899
259.707	-16.350	119.872
259.716	-16.345	119.907
259.735	-16.292	119.892
259.750	-16.265	119.905
259.764	-16.215	119.883
259.779	-16.188	119.892
259.785	-16.176	119.916
259.794	-16.109	119.884
259.788	-16.072	119.878
259.768	-16.053	119.882
259.722	-16.052	119.908
259.695	-16.034	119.916
259.664	-16.049	119.923
259.660	-16.045	119.916
259.691	-16.063	119.910
259.783	-16.084	119.894
259.800	-16.133	119.865
259.778	-16.185	119.863
259.756	-16.245	119.911
259.735	-16.295	119.948
259.715	-16.335	119.932
259.710	-16.378	119.901
259.726	-16.428	119.900
259.747	-16.453	119.885
259.748	-16.492	119.877
259.742	-16.504	119.849
259.724	-16.530	119.858
259.693	-16.563	119.869
259.672	-16.573	119.884
259.663	-16.553	119.866
259.664	-16.552	119.882
259.658	-16.555	119.900
259.672	-16.511	119.872
259.673	-16.507	119.879
259.681	-16.489	119.883
259.689	-16.456	119.894
259.703	-16.410	119.882
259.716	-16.377	119.884
259.736	-16.343	119.894
259.745	-16.296	119.887
259.765	-16.278	119.917
259.785	-16.228	119.906
259.815	-16.173	119.888
259.825	-16.125	119.877
259.824	-16.078	119.864
259.801	-16.050	119.887
259.766	-16.042	119.918
259.725	-16.010	119.902
259.708	-15.989	119.908
259.701	-16.003	119.915
259.729	-16.037	119.920
259.827	-16.048	119.889
259.802	-16.102	119.866
259.766	-16.164	119.891
259.736	-16.198	119.923
259.699	-16.238	119.937
259.671	-16.302	119.935
259.662	-16.350	119.919
259.688	-16.399	119.899
259.719	-16.409	119.878
259.720	-16.454	119.887
259.712	-16.484	119.867
259.690	-16.512	119.862
259.683	-16.518	119.848
259.658	-16.551	119.867
259.657	-16.570	119.896
259.662	-16.580	119.913
259.670	-16.552	119.893
259.676	-16.533	119.880
259.694	-16.516	119.869
259.718	-16.495	119.861
259.730	-16.454	119.849
259.742	-16.453	119.895
259.745	-16.416	119.902
259.754	-16.388	119.920
259.758	-16.338	119.913
259.757	-16.286	119.886
259.772	-16.248	119.892
259.763	-16.234	119.912
259.753	-16.174	119.898
259.729	-16.152	119.919
259.696	-16.121	119.932
259.683	-16.084	119.919
259.675	-16.083	119.942
259.696	-16.065	119.913
259.754	-16.073	119.907
259.838	-16.103	119.886
259.826	-16.121	119.840
259.808	-16.166	119.870
259.773	-16.225	119.923
259.730	-16.286	119.956
259.707	-16.313	119.926
259.724	-16.352	119.894
259.762	-16.402	119.900
259.788	-16.412	119.865
259.770	-16.477	119.873
259.750	-16.484	119.848
259.708	-16.520	119.858
259.682	-16.541	119.865
259.662	-16.589	119.915
259.659	-16.591	119.910
259.672	-16.578	119.894
259.672	-16.571	119.880
259.667	-16.569	119.881
259.664	-16.547	119.869
259.668	-16.528	119.894
259.663	-16.508	119.898
259.672	-16.459	119.886
259.675	-16.446	119.912
259.693	-16.389	119.891
259.712	-16.351	119.891
259.739	-16.322	119.918
259.766	-16.267	119.902
259.791	-16.235	119.911
259.821	-16.175	119.884
259.858	-16.119	119.874
259.862	-16.081	119.874
259.833	-16.041	119.883
259.784	-16.011	119.899
259.727	-15.997	119.904
259.675	-15.981	119.903
259.650	-15.981	119.913
259.651	-15.983	119.914
259.683	-16.012	119.908
259.770	-16.046	119.881
259.758	-16.115	119.861
259.733	-16.160	119.867
259.711	-16.221	119.916
259.691	-16.251	119.921
259.675	-16.314	119.912
259.683	-16.385	119.896
259.711	-16.421	119.881
259.735	-16.454	119.864
259.741	-16.505	119.856
259.742	-16.528	119.843
259.716	-16.563	119.850
259.697	-16.581	119.845
259.680	-16.605	119.866
259.673	-16.624	119.883
259.666	-16.648	119.917
259.669	-16.618	119.899
259.677	-16.590	119.872
259.666	-16.582	119.868
259.670	-16.555	119.875
259.665	-16.539	119.887
259.669	-16.495	119.898
259.672	-16.447	119.882
259.676	-16.422	119.914
259.679	-16.380	119.908
259.708	-16.325	119.906
259.714	-16.313	119.934
259.736	-16.265	119.921
259.749	-16.214	119.903
259.768	-16.164	119.896
259.777	-16.136	119.913
259.769	-16.108	119.917
259.750	-16.075	119.906
259.716	-16.055	119.901
259.676	-16.038	119.895
259.642	-16.034	119.911
259.623	-16.051	119.921
259.648	-16.072	119.913
259.688	-16.100	119.906
259.757	-16.134	119.890
259.719	-16.206	119.876
259.703	-16.263	119.902
259.698	-16.300	119.929
259.692	-16.354	119.932
259.691	-16.420	119.934
259.699	-16.465	119.902
259.715	-16.498	119.884
259.730	-16.519	119.866
259.727	-16.565	119.857
259.720	-16.583	119.850
259.703	-16.583	119.836
259.688	-16.620	119.850
259.672	-16.626	119.871
259.661	-16.650	119.903
259.662	-16.618	119.887
259.659	-16.593	119.867
259.655	-16.594	119.873
259.651	-16.572	119.868
259.650	-16.541	119.871
259.654	-16.497	119.878
259.661	-16.470	119.890
259.669	-16.421	119.878
259.685	-16.406	119.919
259.710	-16.335	119.894
259.727	-16.323	119.924
259.748	-16.277	119.919
259.767	-16.252	119.931
259.813	-16.150	119.869
259.827	-16.121	119.881
259.813	-16.089	119.885
259.789	-16.067	119.909
259.745	-16.033	119.908
259.691	-16.039	119.920
259.669	-16.023	119.927
259.650	-16.054	119.953
259.681	-16.048	119.912
259.755	-16.102	119.920
259.778	-16.143	119.884
259.743	-16.206	119.869
259.717	-16.265	119.915
259.686	-16.294	119.937
259.665	-16.339	119.914
259.650	-16.414	119.913
259.671	-16.473	119.905
259.689	-16.500	119.882
259.703	-16.529	119.866
259.706	-16.546	119.844
259.681	-16.601	119.873
259.677	-16.584	119.834
259.661	-16.626	119.865
259.651	-16.634	119.881
259.646	-16.618	119.870
259.648	-16.605	119.872
259.661	-16.589	119.871
259.662	-16.596	119.885
259.665	-16.552	119.855
259.684	-16.516	119.860
259.686	-16.491	119.882
259.694	-16.446	119.883
259.691	-16.428	119.908
259.700	-16.392	119.907
259.705	-16.345	119.901
259.706	-16.344	119.942
259.713	-16.267	119.901
259.710	-16.246	119.913
259.712	-16.215	119.918
259.699	-16.204	119.948
259.684	-16.165	119.918
259.674	-16.142	119.929
259.647	-16.127	119.915
259.653	-16.125	119.918
259.672	-16.144	119.921
259.722	-16.175	119.925
259.794	-16.185	119.884
259.770	-16.234	119.872
259.744	-16.274	119.888
259.716	-16.328	119.935
259.692	-16.356	119.937
259.676	-16.405	119.917
259.695	-16.442	119.894
259.720	-16.460	119.877
259.727	-16.490	119.861
259.714	-16.535	119.865
259.686	-16.547	119.849
259.662	-16.580	119.869
259.639	-16.595	119.880
259.620	-16.609	119.886
259.629	-16.589	119.881
259.628	-16.605	119.905
259.634	-16.587	119.891
259.643	-16.555	119.875
259.654	-16.543	119.871
259.673	-16.504	119.871
259.686	-16.484	119.888
259.700	-16.458	119.905
259.716	-16.424	119.905
259.738	-16.378	119.897
259.752	-16.355	119.922
259.783	-16.301	119.905
259.815	-16.248	119.888
259.819	-16.199	119.885
259.791	-16.166	119.905
259.752	-16.151	119.923
259.715	-16.134	119.938
259.683	-16.100	119.935
259.672	-16.094	119.940
259.674	-16.114	119.950
259.739	-16.102	119.903
259.794	-16.138	119.887
259.747	-16.170	119.850
259.711	-16.250	119.919
259.669	-16.268	119.933
259.643	-16.328	119.958
259.629	-16.360	119.911
259.657	-16.399	119.881
259.690	-16.433	119.877
259.713	-16.463	119.878
259.706	-16.507	119.869
259.694	-16.526	119.848
259.669	-16.561	119.851
259.651	-16.583	119.871
259.636	-16.611	119.887
259.647	-16.608	119.884
259.646	-16.619	119.895
259.659	-16.596	119.875
259.655	-16.596	119.877
259.674	-16.568	119.860
259.669	-16.559	119.867
259.671	-16.540	119.883
259.681	-16.475	119.871
259.682	-16.467	119.890
259.678	-16.444	119.905
259.693	-16.398	119.893
259.696	-16.377	119.917
259.710	-16.345	119.916
259.731	-16.278	119.882
259.745	-16.258	119.892
259.747	-16.238	119.924
259.739	-16.204	119.915
259.716	-16.163	119.907
259.681	-16.148	119.919
259.648	-16.134	119.929
259.625	-16.133	119.920
259.622	-16.135	119.923
259.656	-16.135	119.902
259.736	-16.187	119.916
259.744	-16.223	119.886
259.706	-16.273	119.883
259.697	-16.305	119.902
259.683	-16.341	119.928
259.677	-16.396	119.936
259.673	-16.439	119.901
259.690	-16.483	119.902
259.708	-16.535	119.898
259.711	-16.548	119.864
259.712	-16.561	119.847
259.680	-16.614	119.864
259.658	-16.618	119.868
259.639	-16.660	119.901
259.629	-16.637	119.882
259.624	-16.643	119.901
259.631	-16.626	119.888
259.634	-16.611	119.881
259.634	-16.602	119.879
259.631	-16.587	119.889
259.644	-16.550	119.883
259.647	-16.519	119.884
259.659	-16.489	119.898
259.669	-16.441	119.887
259.693	-16.407	119.891
259.712	-16.376	119.910
259.731	-16.349	119.917
259.758	-16.299	119.914
259.787	-16.264	119.909
259.806	-16.195	119.877
259.791	-16.161	119.892
259.761	-16.146	119.919
259.710	-16.124	119.921
259.676	-16.109	119.930
259.651	-16.092	119.923
259.645	-16.090	119.928
259.673	-16.142	119.937
259.760	-16.173	119.925
259.741	-16.205	119.884
259.697	-16.249	119.879
259.670	-16.308	119.928
259.646	-16.338	119.939
259.622	-16.390	119.935
259.626	-16.432	119.889
259.651	-16.475	119.894
259.672	-16.507	119.883
259.689	-16.530	119.866
259.671	-16.584	119.867
259.654	-16.606	119.864
259.642	-16.625	119.866
259.629	-16.646	119.880
259.623	-16.642	119.880
259.629	-16.651	119.893
259.635	-16.637	119.889
259.635	-16.626	119.886
259.647	-16.600	119.862
259.662	-16.596	119.889
259.679	-16.559	119.877
259.682	-16.527	119.898
259.691	-16.489	119.892
259.694	-16.451	119.900
259.690	-16.425	119.903
259.694	-16.390	119.912
259.694	-16.350	119.913
259.687	-16.313	119.911
259.681	-16.278	119.910
259.661	-16.257	119.909
259.646	-16.240	119.912
259.626	-16.224	119.925
259.625	-16.185	119.906
259.642	-16.197	119.927
259.676	-16.210	119.913
259.773	-16.235	119.901
259.777	-16.256	119.878
259.751	-16.279	119.857
259.737	-16.335	119.916
259.700	-16.372	119.946
259.682	-16.391	119.913
259.672	-16.451	119.912
259.697	-16.475	119.888
259.722	-16.511	119.875
259.719	-16.534	119.852
259.700	-16.573	119.856
259.672	-16.592	119.862
259.649	-16.600	119.851
259.622	-16.610	119.859
259.605	-16.658	119.910
259.614	-16.634	119.893
259.618	-16.636	119.896
259.622	-16.609	119.874
259.623	-16.597	119.864
259.629	-16.602	119.892
259.637	-16.559	119.874
259.645	-16.543	119.905
259.657	-16.499	119.884
259.674	-16.472	119.903
259.694	-16.441	119.917
259.715	-16.407	119.924
259.740	-16.362	119.917
259.779	-16.324	119.913
259.819	-16.264	119.903
259.822	-16.208	119.882
259.809	-16.183	119.903
259.759	-16.162	119.926
259.716	-16.128	119.921
259.670	-16.108	119.918
259.640	-16.106	119.933
259.629	-16.095	119.920
259.655	-16.148	119.937
259.735	-16.157	119.899
259.689	-16.189	119.855
259.641	-16.238	119.869
259.613	-16.311	119.937
259.595	-16.332	119.933
259.595	-16.373	119.912
259.611	-16.452	119.914
259.639	-16.476	119.892
259.663	-16.496	119.867
259.676	-16.539	119.870
259.679	-16.578	119.858
259.664	-16.613	119.867
259.656	-16.631	119.863
259.650	-16.644	119.863
259.637	-16.659	119.880
259.636	-16.671	119.895
259.638	-16.648	119.874
259.646	-16.638	119.875
259.647	-16.634	119.883
259.665	-16.590	119.845
259.665	-16.586	119.864
259.663	-16.572	119.887
259.671	-16.541	119.907
259.669	-16.492	119.893
259.671	-16.452	119.896
259.671	-16.424	119.904
259.667	-16.398	119.910
259.672	-16.349	119.900
259.666	-16.344	119.931
259.656	-16.306	119.920
259.646	-16.299	119.936
259.639	-16.256	119.921
259.632	-16.239	119.925
259.632	-16.230	119.930
259.655	-16.227	119.922
259.704	-16.244	119.922
259.786	-16.279	119.908
259.761	-16.298	119.868
259.731	-16.322	119.870
259.706	-16.373	119.941
259.683	-16.389	119.933
259.653	-16.432	119.912
259.664	-16.470	119.889
259.675	-16.505	119.892
259.688	-16.526	119.881
259.679	-16.543	119.857
259.665	-16.573	119.860
259.635	-16.580	119.846
259.607	-16.618	119.877
259.594	-16.617	119.877
259.595	-16.619	119.882
259.599	-16.634	119.912
259.612	-16.596	119.882
259.618	-16.589	119.875
259.629	-16.605	119.897
259.648	-16.559	119.879
259.667	-16.515	119.866
259.684	-16.512	119.898
259.697	-16.478	119.897
259.716	-16.439	119.901
259.741	-16.410	119.911
259.771	-16.371	119.913
259.790	-16.313	119.888
259.790	-16.269	119.876
259.761	-16.247	119.906
259.723	-16.237	119.934
259.685	-16.215	119.939
259.651	-16.197	119.940
259.637	-16.182	119.944
259.658	-16.172	119.929
259.715	-16.195	119.923
259.763	-16.222	119.880
259.729	-16.258	119.872
259.691	-16.315	119.914
259.657	-16.331	119.923
259.623	-16.367	119.918
259.611	-16.423	119.910
259.646	-16.465	119.893
259.675	-16.494	119.885
259.694	-16.528	119.873
259.686	-16.563	119.870
259.671	-16.587	119.852
259.645	-16.609	119.859
259.625	-16.624	119.868
259.613	-16.645	119.879
259.618	-16.654	119.892
259.621	-16.649	119.885
259.628	-16.660	119.895
259.631	-16.630	119.873
259.637	-16.626	119.875
259.638	-16.601	119.877
259.648	-16.565	119.873
259.650	-16.532	119.873
259.646	-16.520	119.891
259.653	-16.484	119.898
259.661	-16.458	119.903
259.671	-16.418	119.910
259.691	-16.379	119.907
259.711	-16.343	119.908
259.724	-16.304	119.893
259.731	-16.272	119.892
259.720	-16.249	119.908
259.707	-16.236	119.933
259.666	-16.217	119.925
259.632	-16.177	119.916
259.601	-16.170	119.921
259.594	-16.176	119.910
259.623	-16.204	119.914
259.679	-16.225	119.907
259.717	-16.275	119.893
259.680	-16.332	119.884
259.672	-16.341	119.882
259.649	-16.405	119.942
259.651	-16.433	119.923
259.641	-16.510	119.922
259.661	-16.523	119.877
259.679	-16.573	119.892
259.685	-16.603	119.876
259.685	-16.608	119.841
259.659	-16.660	119.868
259.647	-16.655	119.857
259.624	-16.681	119.875
259.613	-16.698	119.893
259.610	-16.681	119.891
259.603	-16.661	119.878
259.611	-16.649	119.875
259.613	-16.647	119.884
259.617	-16.616	119.877
259.624	-16.593	119.875
259.626	-16.565	119.885
259.634	-16.533	119.877
259.641	-16.519	119.917
259.662	-16.441	119.876
259.672	-16.426	119.905
259.683	-16.404	119.921
259.704	-16.368	119.919
259.722	-16.333	119.912
259.735	-16.302	119.919
259.741	-16.245	119.886
259.728	-16.231	119.908
259.704	-16.202	119.914
259.662	-16.189	119.924
259.620	-16.194	119.934
259.607	-16.174	119.921
259.608	-16.195	119.916
259.648	-16.227	119.914
259.739	-16.257	119.901
259.724	-16.286	119.848
259.705	-16.332	119.866
259.683	-16.393	119.918
259.657	-16.444	119.941
259.635	-16.495	119.915
259.645	-16.541	119.881
259.659	-16.589	119.882
259.679	-16.600	119.856
259.683	-16.633	119.847
259.664	-16.654	119.846
259.639	-16.677	119.838
259.623	-16.717	119.880
259.604	-16.710	119.856
259.600	-16.710	119.881
259.596	-16.706	119.898
259.603	-16.676	119.874
259.599	-16.670	119.882
259.612	-16.654	119.885
259.621	-16.601	119.860
259.636	-16.567	119.855
259.638	-16.565	119.908
259.651	-16.518	119.902
259.659	-16.485	119.913
259.674	-16.440	119.922
259.694	-16.399	119.914
259.700	-16.335	119.884
259.714	-16.311	119.905
259.719	-16.260	119.890
259.710	-16.240	119.896
259.690	-16.229	119.922
259.649	-16.226	119.958
259.631	-16.188	119.926
259.621	-16.187	119.936
259.637	-16.178	119.911
259.677	-16.212	119.918
259.762	-16.245	119.898
259.733	-16.284	119.865
259.700	-16.352	119.904
259.636	-16.470	120.001
259.599	-16.505	119.989
259.570	-16.569	119.976
259.576	-16.616	119.933
259.663	-16.558	119.879
259.676	-16.599	119.878
259.683	-16.629	119.861
259.666	-16.657	119.868
259.636	-16.673	119.855
259.614	-16.704	119.879
259.594	-16.714	119.879
259.589	-16.715	119.889
259.589	-16.722	119.907
259.602	-16.694	119.878
259.610	-16.673	119.873
259.612	-16.679	119.900
259.618	-16.654	119.896
259.634	-16.599	119.874
259.646	-16.568	119.889
259.660	-16.537	119.892
259.669	-16.509	119.913
259.682	-16.455	119.906
259.704	-16.398	119.895
259.717	-16.374	119.920
259.753	-16.323	119.902
259.752	-16.283	119.907
259.748	-16.218	119.891
259.714	-16.210	119.922
259.678	-16.184	119.931
259.649	-16.168	119.931
259.629	-16.149	119.935
259.633	-16.166	119.933
259.685	-16.190	119.933
259.745	-16.210	119.895
259.698	-16.244	119.859
259.651	-16.308	119.906
259.628	-16.334	119.928
259.595	-16.380	119.930
259.585	-16.438	119.924
259.602	-16.478	119.892
259.632	-16.516	119.895
259.660	-16.544	119.866
259.662	-16.591	119.876
259.655	-16.601	119.847
259.628	-16.645	119.856
259.609	-16.668	119.863
259.609	-16.677	119.862
259.600	-16.717	119.895
259.607	-16.706	119.900
259.613	-16.703	119.903
259.620	-16.668	119.865
259.639	-16.653	119.860
259.651	-16.633	119.853
259.670	-16.592	119.845
259.671	-16.605	119.900
259.679	-16.567	119.899
259.679	-16.534	119.906
259.686	-16.481	119.899
259.689	-16.438	119.894
259.687	-16.405	119.900
259.688	-16.345	119.888
259.673	-16.350	119.921
259.651	-16.302	119.912
259.623	-16.270	119.916
259.607	-16.253	119.923
259.599	-16.238	119.914
259.620	-16.244	119.919
259.665	-16.261	119.921
259.776	-16.265	119.887
259.745	-16.311	119.878
259.720	-16.350	119.895
259.700	-16.382	119.925
259.675	-16.405	119.921
259.650	-16.471	119.933
259.658	-16.487	119.874
259.691	-16.537	119.890
259.699	-16.576	119.868
259.703	-16.602	119.861
259.689	-16.628	119.845
259.648	-16.657	119.858
259.613	-16.707	119.892
259.598	-16.683	119.873
259.585	-16.709	119.897
259.595	-16.712	119.891
259.598	-16.691	119.871
259.597	-16.701	119.877
259.605	-16.661	119.847
259.607	-16.644	119.864
259.609	-16.639	119.887
259.627	-16.575	119.860
259.631	-16.564	119.875
259.647	-16.544	119.895
259.669	-16.492	119.893
259.698	-16.456	119.907
259.724	-16.401	119.895
259.772	-16.343	119.882
259.802	-16.315	119.895
259.807	-16.269	119.893
259.779	-16.233	119.908
259.734	-16.205	119.924
259.681	-16.195	119.940
259.638	-16.171	119.933
259.610	-16.147	119.932
259.601	-16.154	119.929
259.636	-16.186	119.936
259.692	-16.209	119.906
259.635	-16.243	119.867
259.591	-16.281	119.881
259.567	-16.334	119.938
259.554	-16.367	119.940
259.559	-16.422	119.921
259.581	-16.475	119.895
259.608	-16.518	119.902
259.633	-16.554	119.889
259.643	-16.601	119.868
259.655	-16.599	119.838
259.640	-16.642	119.849
259.636	-16.664	119.853
259.624	-16.685	119.860
259.616	-16.713	119.883
259.615	-16.725	119.898
259.614	-16.723	119.893
259.618	-16.697	119.880
259.617	-16.709	119.891
259.627	-16.661	119.855
259.623	-16.648	119.873
259.632	-16.610	119.864
259.622	-16.605	119.889
259.627	-16.542	119.867
259.630	-16.525	119.884
259.628	-16.471	119.877
259.640	-16.466	119.910
259.638	-16.433	119.912
259.648	-16.394	119.903
259.649	-16.361	119.903
259.642	-16.333	119.903
259.633	-16.327	119.925
259.614	-16.297	119.918
259.605	-16.287	119.922
259.601	-16.266	119.898
259.627	-16.264	119.897
259.675	-16.324	119.939
259.738	-16.316	119.888
259.716	-16.345	119.859
259.700	-16.379	119.872
259.670	-16.423	119.931
259.645	-16.463	119.944
259.618	-16.516	119.931
259.633	-16.533	119.884
259.636	-16.576	119.901
259.650	-16.575	119.857
259.643	-16.602	119.848
259.624	-16.637	119.859
259.602	-16.646	119.857
259.590	-16.644	119.850
259.574	-16.659	119.869
259.573	-16.674	119.888
259.571	-16.674	119.896
259.591	-16.648	119.880
259.597	-16.646	119.883
259.615	-16.634	119.889
259.634	-16.597	119.866
259.656	-16.581	119.882
259.669	-16.572	119.902
259.692	-16.530	119.912
259.712	-16.493	119.913
259.724	-16.466	119.913
259.758	-16.401	119.882
259.754	-16.387	119.916
259.734	-16.360	119.925
259.697	-16.313	119.916
259.658	-16.289	119.936
259.629	-16.273	119.936
259.618	-16.253	119.925
259.625	-16.232	119.903
259.671	-16.259	119.923
259.758	-16.282	119.894
259.739	-16.331	119.872
259.712	-16.354	119.876
259.682	-16.393	119.922
259.642	-16.431	119.933
259.617	-16.481	119.921
259.646	-16.515	119.878
259.686	-16.549	119.858
259.705	-16.597	119.857
259.699	-16.631	119.859
259.679	-16.653	119.846
259.644	-16.698	119.866
259.622	-16.696	119.850
259.602	-16.722	119.870
259.609	-16.734	119.885
259.614	-16.743	119.898
259.626	-16.726	119.880
259.615	-16.726	119.878
259.608	-16.690	119.856
259.603	-16.684	119.868
259.597	-16.635	119.856
259.594	-16.614	119.872
259.596	-16.597	119.889
259.605	-16.566	119.901
259.619	-16.521	119.893
259.640	-16.470	119.899
259.662	-16.447	119.921
259.688	-16.404	119.912
259.709	-16.367	119.909
259.732	-16.331	119.913
259.769	-16.282	119.900
259.758	-16.242	119.891
259.727	-16.229	119.907
259.683	-16.204	119.931
259.624	-16.188	119.918
259.590	-16.179	119.921
259.570	-16.178	119.922
259.571	-16.200	119.920
259.617	-16.224	119.912
259.702	-16.267	119.895
259.697	-16.319	119.862
259.680	-16.378	119.876
259.661	-16.448	119.925
259.648	-16.470	119.919
259.627	-16.551	119.917
259.632	-16.603	119.871
259.643	-16.666	119.889
259.668	-16.667	119.852
259.663	-16.734	119.863
259.653	-16.756	119.855
259.632	-16.757	119.844
259.612	-16.806	119.878
259.601	-16.797	119.874
259.597	-16.784	119.868
259.591	-16.785	119.881
259.592	-16.783	119.893
259.583	-16.768	119.888
259.588	-16.720	119.861
259.579	-16.715	119.879
259.574	-16.681	119.899
259.583	-16.631	119.890
259.588	-16.573	119.882
259.594	-16.549	119.899
259.610	-16.502	119.899
259.620	-16.453	119.911
259.638	-16.415	119.915
259.665	-16.379	119.924
259.690	-16.342	119.916
259.705	-16.282	119.889
259.719	-16.258	119.910
259.717	-16.234	119.914
259.708	-16.210	119.911
259.670	-16.203	119.908
259.632	-16.169	119.897
259.586	-16.155	119.885
259.551	-16.182	119.904
259.549	-16.209	119.914
259.570	-16.257	119.923
259.635	-16.289	119.908
259.678	-16.341	119.890
259.657	-16.394	119.864
259.642	-16.454	119.896
259.634	-16.507	119.929
259.624	-16.569	119.929
259.621	-16.614	119.895
259.631	-16.654	119.859
259.649	-16.709	119.885
259.660	-16.745	119.860
259.659	-16.767	119.849
259.646	-16.788	119.860
259.627	-16.798	119.856
259.608	-16.828	119.882
259.594	-16.806	119.868
259.589	-16.817	119.900
259.593	-16.781	119.884
259.588	-16.781	119.894
259.580	-16.760	119.891
259.579	-16.710	119.866
259.578	-16.663	119.853
259.573	-16.612	119.856
259.570	-16.594	119.877
259.578	-16.571	119.912
259.588	-16.517	119.907
259.608	-16.444	119.886
259.634	-16.424	119.916
259.653	-16.383	119.911
259.685	-16.332	119.899
259.702	-16.310	119.906
259.717	-16.274	119.913
259.729	-16.258	119.919
259.724	-16.225	119.920
259.693	-16.191	119.905
259.658	-16.184	119.916
259.606	-16.180	119.918
259.563	-16.187	119.916
259.551	-16.191	119.906
259.565	-16.258	119.933
259.628	-16.267	119.902
259.690	-16.329	119.881
259.668	-16.394	119.870
259.657	-16.453	119.892
259.635	-16.509	119.930
259.624	-16.564	119.916
259.604	-16.631	119.902
259.625	-16.672	119.869
259.642	-16.716	119.874
259.662	-16.724	119.840
259.658	-16.760	119.831
259.636	-16.827	119.873
259.620	-16.820	119.858
259.605	-16.832	119.869
259.587	-16.843	119.886
259.580	-16.844	119.903
259.579	-16.808	119.892
259.576	-16.793	119.899
259.587	-16.724	119.850
259.580	-16.707	119.854
259.579	-16.667	119.858
259.577	-16.642	119.882
259.581	-16.596	119.884
259.584	-16.558	119.892
259.592	-16.530	119.913
259.607	-16.462	119.891
259.627	-16.433	119.910
259.641	-16.400	119.933
259.666	-16.358	119.912
259.686	-16.320	119.908
259.694	-16.309	119.930
259.702	-16.266	119.915
259.689	-16.237	119.903
259.664	-16.228	119.915
259.624	-16.212	119.913
259.580	-16.219	119.910
259.542	-16.221	119.910
259.524	-16.241	119.909
259.549	-16.276	119.912
259.601	-16.322	119.914
259.667	-16.348	119.881
259.639	-16.426	119.867
259.624	-16.474	119.887
259.617	-16.537	119.940
259.618	-16.583	119.929
259.619	-16.641	119.905
259.628	-16.688	119.867
259.647	-16.732	119.885
259.660	-16.745	119.856
259.664	-16.761	119.827
259.646	-16.806	119.860
259.632	-16.815	119.847
259.608	-16.837	119.880
259.591	-16.850	119.898
259.582	-16.835	119.893
259.578	-16.815	119.893
259.581	-16.785	119.875
259.574	-16.754	119.863
259.567	-16.731	119.873
259.565	-16.698	119.875
259.553	-16.661	119.886
259.563	-16.600	119.859
259.572	-16.560	119.874
259.581	-16.534	119.900
259.601	-16.487	119.894
259.632	-16.444	119.907
259.654	-16.414	119.912
259.678	-16.380	119.912
259.706	-16.353	119.940
259.747	-16.288	119.905
259.751	-16.256	119.899
259.738	-16.201	119.885
259.697	-16.212	119.933
259.640	-16.192	119.924
259.592	-16.211	119.938
259.562	-16.187	119.920
259.555	-16.205	119.913
259.589	-16.259	119.938
259.673	-16.315	119.935
259.668	-16.350	119.882
259.637	-16.402	119.871
259.617	-16.483	119.930
259.592	-16.511	119.936
259.575	-16.564	119.908
259.577	-16.633	119.884
259.599	-16.671	119.862
259.621	-16.721	119.876
259.639	-16.753	119.867
259.641	-16.767	119.836
259.618	-16.797	119.843
259.605	-16.812	119.860
259.581	-16.836	119.877
259.581	-16.839	119.886
259.575	-16.840	119.899
259.585	-16.796	119.872
259.587	-16.785	119.883
259.580	-16.761	119.868
259.582	-16.736	119.866
259.587	-16.684	119.851
259.578	-16.650	119.865
259.583	-16.620	119.884
259.588	-16.578	119.895
259.591	-16.529	119.892
259.605	-16.489	119.901
259.615	-16.446	119.899
259.628	-16.418	119.914
259.649	-16.384	119.917
259.663	-16.352	119.920
259.676	-16.313	119.909
259.667	-16.313	119.943
259.647	-16.295	119.947
259.623	-16.266	119.931
259.580	-16.275	119.933
259.550	-16.251	119.914
259.532	-16.271	119.930
259.544	-16.294	119.910
259.591	-16.297	119.889
259.666	-16.353	119.898
259.633	-16.413	119.868
259.610	-16.464	119.880
259.602	-16.507	119.912
259.599	-16.555	119.931
259.601	-16.609	119.911
259.607	-16.661	119.884
259.617	-16.707	119.886
259.625	-16.744	119.884
259.633	-16.750	119.847
259.626	-16.768	119.836
259.606	-16.803	119.858
259.590	-16.818	119.877
259.572	-16.837	119.892
259.563	-16.811	119.880
259.551	-16.825	119.897
259.553	-16.806	119.905
259.563	-16.771	119.877
259.566	-16.744	119.867
259.570	-16.701	119.854
259.578	-16.658	119.839
259.587	-16.629	119.857
259.590	-16.613	119.898
259.611	-16.557	119.890
259.631	-16.512	119.889
259.644	-16.483	119.905
259.662	-16.451	119.906
259.684	-16.385	119.889
259.709	-16.351	119.889
259.713	-16.327	119.905
259.693	-16.299	119.910
259.660	-16.273	119.933
259.619	-16.255	119.926
259.589	-16.248	119.927
259.567	-16.251	119.928
259.580	-16.275	119.929
259.636	-16.291	119.912
259.701	-16.317	119.880
259.674	-16.389	119.868
259.641	-16.473	119.924
259.611	-16.477	119.925
259.585	-16.524	119.919
259.564	-16.591	119.901
259.580	-16.651	119.882
259.599	-16.685	119.874
259.617	-16.702	119.873
259.611	-16.741	119.860
259.593	-16.771	119.858
259.581	-16.800	119.863
259.562	-16.835	119.878
259.555	-16.842	119.888
259.550	-16.829	119.886
259.555	-16.830	119.905
259.563	-16.821	119.907
259.575	-16.768	119.871
259.581	-16.766	119.878
259.598	-16.745	119.886
259.620	-16.683	119.861
259.627	-16.650	119.873
259.643	-16.606	119.881
259.647	-16.549	119.856
259.644	-16.540	119.904
259.649	-16.494	119.902
259.641	-16.471	119.919
259.640	-16.412	119.899
259.615	-16.405	119.920
259.591	-16.376	119.922
259.573	-16.331	119.900
259.553	-16.345	119.941
259.543	-16.339	119.942
259.563	-16.330	119.911
259.625	-16.338	119.899
259.713	-16.359	119.886
259.689	-16.406	119.869
259.664	-16.445	119.882
259.641	-16.493	119.922
259.616	-16.532	119.934
259.603	-16.582	119.905
259.608	-16.623	119.875
259.630	-16.673	119.888
259.649	-16.691	119.860
259.647	-16.719	119.850
259.624	-16.749	119.853
259.593	-16.782	119.865
259.558	-16.809	119.881
259.548	-16.814	119.888
259.543	-16.812	119.893
259.538	-16.808	119.889
259.547	-16.785	119.872
259.549	-16.796	119.884
259.553	-16.776	119.885
259.562	-16.721	119.859
259.568	-16.704	119.870
259.584	-16.660	119.855
259.603	-16.633	119.866
259.622	-16.600	119.876
259.641	-16.580	119.905
259.666	-16.537	119.903
259.695	-16.501	119.922
259.747	-16.442	119.903
259.753	-16.387	119.899
259.739	-16.364	119.926
259.704	-16.322	119.926
259.655	-16.303	119.938
259.606	-16.290	119.952
259.579	-16.237	119.918
259.562	-16.240	119.910
259.582	-16.271	119.933
259.636	-16.296	119.922
259.622	-16.333	119.888
259.561	-16.360	119.878
259.528	-16.405	119.903
259.499	-16.441	119.933
259.505	-16.488	119.921
259.516	-16.547	119.903
259.551	-16.569	119.861
259.579	-16.615	119.872
259.589	-16.677	119.894
259.602	-16.683	119.848
259.599	-16.726	119.853
259.590	-16.753	119.856
259.579	-16.767	119.865
259.571	-16.788	119.870
259.569	-16.797	119.880
259.574	-16.820	119.909
259.569	-16.811	119.895
259.576	-16.795	119.879
259.577	-16.777	119.875
259.585	-16.756	119.874
259.594	-16.725	119.882
259.597	-16.687	119.866
259.589	-16.672	119.881
259.593	-16.623	119.874
259.584	-16.609	119.897
259.588	-16.572	119.898
259.592	-16.550	119.918
259.593	-16.510	119.904
259.591	-16.491	119.917
259.588	-16.453	119.914
259.581	-16.425	119.914
259.571	-16.396	119.901
259.556	-16.409	119.932
259.562	-16.409	119.944
259.596	-16.384	119.911
259.652	-16.404	119.920
259.713	-16.425	119.884
259.676	-16.476	119.877
259.658	-16.504	119.894
259.627	-16.538	119.934
259.605	-16.543	119.911
259.587	-16.590	119.906
259.593	-16.623	119.874
259.610	-16.663	119.891
259.616	-16.675	119.865
259.600	-16.704	119.864
259.585	-16.723	119.864
259.564	-16.726	119.861
259.539	-16.756	119.876
259.527	-16.762	119.891
259.522	-16.751	119.893
259.527	-16.761	119.911
259.532	-16.763	119.910
259.555	-16.731	119.878
259.569	-16.718	119.878
259.586	-16.687	119.863
259.609	-16.678	119.890
259.629	-16.637	119.882
259.653	-16.612	119.884
259.666	-16.586	119.904
259.690	-16.544	119.891
259.727	-16.486	119.872
259.725	-16.453	119.878
259.699	-16.441	119.908
259.672	-16.407	119.928
259.633	-16.376	119.922
259.599	-16.344	119.914
259.578	-16.351	119.940
259.577	-16.365	119.956
259.618	-16.348	119.918
259.705	-16.401	119.920
259.677	-16.401	119.853
259.638	-16.447	119.879
259.599	-16.500	119.940
259.566	-16.510	119.929
259.548	-16.552	119.910
259.564	-16.601	119.880
259.603	-16.619	119.851
259.633	-16.672	119.873
259.640	-16.698	119.868
259.627	-16.702	119.834
259.598	-16.739	119.848
259.578	-16.776	119.871
259.555	-16.789	119.874
259.558	-16.814	119.898
259.570	-16.788	119.874
259.575	-16.801	119.880
259.570	-16.799	119.881
259.573	-16.772	119.867
259.564	-16.773	119.882
259.567	-16.731	119.873
259.564	-16.707	119.881
259.560	-16.690	119.890
259.576	-16.651	119.888
259.574	-16.623	119.900
259.592	-16.589	119.896
259.607	-16.556	119.912
259.637	-16.503	119.902
259.656	-16.471	119.900
259.687	-16.420	119.892
259.698	-16.394	119.895
259.685	-16.363	119.900
259.668	-16.334	119.910
259.622	-16.333	119.936
259.571	-16.303	119.912
259.543	-16.273	119.892
259.525	-16.295	119.916
259.548	-16.339	119.932
259.596	-16.374	119.933
259.652	-16.402	119.895
259.628	-16.428	119.845
259.617	-16.467	119.862
259.595	-16.544	119.930
259.587	-16.574	119.910
259.564	-16.657	119.903
259.574	-16.690	119.870
259.594	-16.734	119.884
259.608	-16.739	119.854
259.615	-16.782	119.849
259.584	-16.818	119.862
259.576	-16.838	119.867
259.555	-16.846	119.873
259.543	-16.856	119.877
259.543	-16.854	119.897
259.532	-16.865	119.921
259.543	-16.816	119.878
259.543	-16.807	119.876
259.553	-16.777	119.865
259.550	-16.765	119.876
259.557	-16.725	119.873
259.567	-16.668	119.864
259.570	-16.659	119.895
259.578	-16.623	119.898
259.589	-16.588	119.914
259.594	-16.549	119.899
259.606	-16.519	119.925
259.624	-16.471	119.906
259.638	-16.441	119.910
259.633	-16.425	119.923
259.632	-16.389	119.917
259.611	-16.398	119.951
259.592	-16.358	119.918
259.562	-16.348	119.915
259.533	-16.329	119.906
259.520	-16.334	119.900
259.535	-16.381	119.917
259.582	-16.400	119.916
259.648	-16.429	119.888
259.630	-16.470	119.841
259.604	-16.540	119.893
259.597	-16.568	119.926
259.584	-16.608	119.921
259.575	-16.668	119.912
259.584	-16.692	119.860
259.602	-16.745	119.884
259.612	-16.764	119.870
259.614	-16.794	119.860
259.600	-16.812	119.845
259.570	-16.845	119.873
259.553	-16.846	119.860
259.545	-16.842	119.879
259.532	-16.855	119.895
259.529	-16.851	119.908
259.529	-16.842	119.906
259.537	-16.819	119.896
259.547	-16.781	119.887
259.562	-16.735	119.867
259.577	-16.692	119.864
259.589	-16.656	119.861
259.598	-16.625	119.874
259.610	-16.615	119.893
259.632	-16.549	119.880
259.642	-16.514	119.900
259.671	-16.456	119.885
259.676	-16.421	119.886
259.679	-16.395	119.900
259.656	-16.347	119.899
259.615	-16.353	119.933
259.580	-16.328	119.919
259.564	-16.327	119.943
259.562	-16.335	119.928
259.611	-16.342	119.928
259.696	-16.388	119.924
259.688	-16.392	119.857
259.646	-16.476	119.900
259.618	-16.528	119.938
259.590	-16.528	119.919
259.546	-16.604	119.927
259.547	-16.646	119.879
259.582	-16.671	119.845
259.602	-16.731	119.868
259.604	-16.761	119.862
259.592	-16.781	119.844
259.566	-16.832	119.867
259.549	-16.851	119.879
259.532	-16.859	119.880
259.526	-16.866	119.887
259.531	-16.875	119.907
259.542	-16.866	119.907
259.549	-16.861	119.902
259.559	-16.817	119.876
259.565	-16.818	119.891
259.575	-16.759	119.869
259.587	-16.734	119.877
259.592	-16.690	119.880
259.601	-16.659	119.892
259.612	-16.611	119.877
259.622	-16.565	119.890
259.633	-16.538	119.897
259.654	-16.482	119.886
259.663	-16.439	119.892
259.662	-16.411	119.903
259.636	-16.396	119.929
259.602	-16.363	119.937
259.574	-16.337	119.931
259.550	-16.323	119.929
259.549	-16.320	119.924
259.584	-16.336	119.912
259.664	-16.372	119.910
259.659	-16.395	119.881
259.618	-16.446	119.884
259.583	-16.497	119.915
259.559	-16.538	119.948
259.535	-16.568	119.911
259.535	-16.620	119.893
259.569	-16.644	119.859
259.584	-16.713	119.889
259.604	-16.721	119.859
259.594	-16.759	119.847
259.571	-16.799	119.873
259.548	-16.813	119.860
259.528	-16.848	119.882
259.529	-16.844	119.890
259.521	-16.863	119.911
259.519	-16.879	119.918
259.534	-16.837	119.887
259.541	-16.834	119.886
259.554	-16.816	119.880
259.565	-16.800	119.890
259.581	-16.745	119.872
259.589	-16.707	119.867
259.604	-16.674	119.886
259.606	-16.652	119.889
259.610	-16.615	119.893
259.623	-16.586	119.905
259.634	-16.529	119.892
259.639	-16.482	119.890
259.630	-16.473	119.922
259.606	-16.433	119.922
259.574	-16.399	119.919
259.547	-16.399	119.940
259.532	-16.377	119.930
259.551	-16.357	119.911
259.588	-16.401	119.928
259.687	-16.405	119.896
259.668	-16.442	119.867
259.635	-16.475	119.873
259.612	-16.528	119.927
259.596	-16.530	119.911
259.565	-16.602	119.905
259.580	-16.643	119.864
259.592	-16.687	119.875
259.620	-16.717	119.866
259.626	-16.728	119.837
259.603	-16.788	119.864
259.574	-16.828	119.883
259.541	-16.827	119.868
259.524	-16.837	119.877
259.521	-16.855	119.893
259.521	-16.874	119.918
259.532	-16.855	119.895
259.533	-16.841	119.876
259.537	-16.835	119.892
259.539	-16.796	119.875
259.551	-16.780	119.881
259.559	-16.740	119.871
259.569	-16.695	119.868
259.583	-16.677	119.883
259.596	-16.649	119.898
259.616	-16.615	119.905
259.636	-16.558	119.901
259.674	-16.503	119.890
259.699	-16.457	119.884
259.697	-16.423	119.902
259.682	-16.414	119.927
259.639	-16.379	119.942
259.599	-16.368	119.952
259.557	-16.331	119.927
259.536	-16.344	119.944
259.546	-16.348	119.938
259.593	-16.349	119.912
259.644	-16.367	119.878
259.598	-16.433	119.878
259.561	-16.471	119.891
259.540	-16.509	119.922
259.508	-16.576	119.950
259.513	-16.577	119.877
259.527	-16.640	119.870
259.556	-16.671	119.863
259.565	-16.740	119.886
259.574	-16.759	119.876
259.572	-16.788	119.867
259.558	-16.819	119.863
259.545	-16.846	119.868
259.533	-16.863	119.889
259.526	-16.868	119.895
259.531	-16.864	119.901
259.530	-16.878	119.916
259.539	-16.839	119.882
259.548	-16.815	119.869
259.566	-16.806	119.876
259.572	-16.772	119.871
259.574	-16.767	119.898
259.590	-16.698	119.865
259.587	-16.693	119.898
259.590	-16.648	119.883
259.584	-16.618	119.896
259.583	-16.579	119.901
259.568	-16.558	119.919
259.555	-16.534	119.917
259.540	-16.511	119.927
259.539	-16.459	119.900
259.523	-16.461	119.932
259.526	-16.434	119.918
259.557	-16.441	119.913
259.603	-16.466	119.925
259.693	-16.473	119.889
259.668	-16.515	119.859
259.655	-16.541	119.886
259.634	-16.559	119.912
259.593	-16.608	119.930
259.575	-16.639	119.905
259.594	-16.665	119.878
259.605	-16.716	119.886
259.621	-16.723	119.856
259.611	-16.756	119.852
259.583	-16.784	119.860
259.553	-16.811	119.874
259.525	-16.819	119.873
259.509	-16.829	119.879
259.505	-16.837	119.903
259.514	-16.841	119.905
259.514	-16.841	119.905
259.527	-16.803	119.870
259.528	-16.799	119.878
259.543	-16.767	119.873
259.556	-16.751	119.876
259.563	-16.703	119.851
259.574	-16.712	119.903
259.595	-16.659	119.881
259.622	-16.620	119.885
259.641	-16.589	119.903
259.674	-16.559	119.910
259.709	-16.508	119.896
259.720	-16.452	119.882
259.702	-16.432	119.923
259.658	-16.388	119.919
259.612	-16.361	119.918
259.560	-16.379	119.954
259.532	-16.337	119.927
259.526	-16.342	119.929
259.554	-16.371	119.925
259.625	-16.408	119.930
259.565	-16.426	119.873
259.519	-16.473	119.897
259.494	-16.497	119.914
259.474	-16.539	119.926
259.476	-16.582	119.902
259.497	-16.637	119.885
259.525	-16.678	119.883
259.548	-16.714	119.882
259.565	-16.741	119.866
259.568	-16.777	119.865
259.560	-16.794	119.858
259.549	-16.854	119.884
259.546	-16.856	119.890
259.536	-16.875	119.898
259.536	-16.877	119.903
259.535	-16.877	119.907
259.543	-16.845	119.874
259.550	-16.847	119.886
259.560	-16.815	119.867
259.567	-16.799	119.879
259.574	-16.768	119.878
259.582	-16.725	119.860
259.579	-16.708	119.886
259.577	-16.670	119.874
259.570	-16.628	119.863
259.559	-16.613	119.896
259.551	-16.580	119.887
259.529	-16.575	119.914
259.529	-16.528	119.897
259.513	-16.519	119.922
259.515	-16.483	119.913
259.523	-16.469	119.906
259.566	-16.467	119.897
259.628	-16.481	119.904
259.707	-16.484	119.848
259.683	-16.524	119.838
259.669	-16.562	119.876
259.643	-16.606	119.929
259.609	-16.625	119.923
259.588	-16.669	119.900
259.595	-16.696	119.875
259.610	-16.736	119.882
259.620	-16.743	119.862
259.599	-16.763	119.847
259.572	-16.785	119.858
259.532	-16.817	119.876
259.505	-16.821	119.886
259.495	-16.825	119.886
259.486	-16.856	119.922
259.493	-16.833	119.895
259.500	-16.824	119.900
259.513	-16.791	119.879
259.515	-16.787	119.883
259.527	-16.760	119.882
259.541	-16.723	119.872
259.555	-16.684	119.857
259.568	-16.669	119.881
259.586	-16.635	119.874
259.600	-16.615	119.884
259.620	-16.581	119.890
259.638	-16.552	119.900
259.652	-16.520	119.899
259.675	-16.478	119.889
259.667	-16.475	119.911
259.653	-16.434	119.917
259.608	-16.422	119.932
259.563	-16.402	119.922
259.525	-16.397	119.928
259.507	-16.397	119.918
259.529	-16.393	119.893
259.584	-16.456	119.928
259.635	-16.447	119.846
259.599	-16.539	119.875
259.578	-16.574	119.897
259.560	-16.577	119.895
259.533	-16.644	119.918
259.530	-16.675	119.869
259.544	-16.741	119.875
259.567	-16.784	119.887
259.590	-16.798	119.872
259.589	-16.817	119.856
259.564	-16.868	119.876
259.555	-16.856	119.856
259.530	-16.898	119.877
259.513	-16.892	119.870
259.515	-16.889	119.898
259.509	-16.885	119.902
259.515	-16.885	119.909
259.524	-16.839	119.882
259.531	-16.823	119.870
259.534	-16.803	119.878
259.544	-16.761	119.880
259.551	-16.720	119.873
259.566	-16.694	119.886
259.563	-16.656	119.879
259.571	-16.632	119.892
259.574	-16.617	119.910
259.589	-16.565	119.900
259.585	-16.553	119.923
259.590	-16.499	119.899
259.587	-16.480	119.916
259.572	-16.447	119.903
259.551	-16.448	119.920
259.525	-16.443	119.920
259.511	-16.435	119.922
259.521	-16.425	119.901
259.557	-16.447	119.903
259.650	-16.484	119.896
259.641	-16.517	119.864
259.619	-16.561	119.856
259.600	-16.608	119.894
259.577	-16.637	119.917
259.558	-16.668	119.895
259.556	-16.725	119.881
259.573	-16.768	119.882
259.585	-16.807	119.879
259.588	-16.826	119.862
259.570	-16.861	119.869
259.548	-16.865	119.846
259.523	-16.901	119.874
259.500	-16.916	119.889
259.497	-16.907	119.889
259.495	-16.915	119.918
259.495	-16.913	119.913
259.510	-16.873	119.887
259.514	-16.851	119.883
259.527	-16.812	119.869
259.532	-16.815	119.896
259.560	-16.737	119.859
259.562	-16.731	119.886
259.575	-16.712	119.900
259.598	-16.648	119.887
259.611	-16.610	119.901
259.648	-16.564	119.889
259.673	-16.518	119.882
259.670	-16.486	119.896
259.657	-16.465	119.923
259.619	-16.421	119.930
259.577	-16.410	119.928
259.547	-16.387	119.933
259.538	-16.353	119.903
259.544	-16.379	119.937
259.588	-16.409	119.926
259.648	-16.434	119.902
259.593	-16.467	119.848
259.544	-16.536	119.895
259.521	-16.550	119.926
259.503	-16.593	119.932
259.486	-16.637	119.903
259.508	-16.690	119.877
259.543	-16.730	119.883
259.557	-16.781	119.893
259.566	-16.806	119.880
259.557	-16.834	119.859
259.538	-16.872	119.878
259.521	-16.872	119.861
259.507	-16.904	119.886
259.506	-16.919	119.905
259.511	-16.925	119.914
259.522	-16.909	119.903
259.524	-16.902	119.899
259.532	-16.879	119.885
259.539	-16.867	119.886
259.551	-16.838	119.881
259.555	-16.800	119.884
259.558	-16.760	119.884
259.559	-16.750	119.897
259.566	-16.713	119.911
259.568	-16.663	119.891
259.572	-16.639	119.903
259.588	-16.587	119.893
259.589	-16.570	119.917
259.588	-16.514	119.898
259.584	-16.488	119.905
259.560	-16.486	119.935
259.536	-16.447	119.911
259.504	-16.451	119.931
259.495	-16.431	119.912
259.509	-16.432	119.896
259.567	-16.454	119.906
259.637	-16.489	119.891
259.614	-16.533	119.858
259.594	-16.577	119.878
259.580	-16.615	119.916
259.571	-16.642	119.919
259.553	-16.697	119.900
259.567	-16.726	119.863
259.588	-16.781	119.890
259.595	-16.834	119.888
259.599	-16.843	119.861
259.569	-16.876	119.861
259.543	-16.916	119.881
259.518	-16.903	119.864
259.501	-16.927	119.889
259.494	-16.932	119.894
259.493	-16.949	119.918
259.499	-16.934	119.893
259.507	-16.913	119.888
259.509	-16.886	119.878
259.506	-16.876	119.898
259.513	-16.854	119.896
259.529	-16.799	119.874
259.543	-16.765	119.872
259.555	-16.745	119.890
259.583	-16.688	119.886
259.603	-16.639	119.880
259.629	-16.602	119.889
259.674	-16.563	119.891
259.699	-16.522	119.898
259.698	-16.466	119.886
259.670	-16.436	119.914
259.623	-16.412	119.930
259.577	-16.409	119.947
259.533	-16.393	119.947
259.507	-16.360	119.928
259.512	-16.359	119.914
259.549	-16.407	119.920
259.603	-16.425	119.898
259.546	-16.459	119.856
259.508	-16.520	119.887
259.482	-16.556	119.918
259.474	-16.603	119.919
259.481	-16.633	119.879
259.488	-16.713	119.888
259.512	-16.766	119.899
259.535	-16.793	119.895
259.548	-16.810	119.856
259.545	-16.869	119.881
259.530	-16.903	119.887
259.523	-16.924	119.888
259.508	-16.954	119.908
259.507	-16.958	119.901
259.514	-16.933	119.890
259.513	-16.945	119.904
259.516	-16.926	119.889
259.533	-16.907	119.877
259.530	-16.894	119.888
259.542	-16.867	119.888
259.542	-16.825	119.880
259.542	-16.815	119.902
259.548	-16.754	119.881
259.554	-16.716	119.873
259.544	-16.683	119.875
259.550	-16.638	119.871
259.547	-16.626	119.885
259.539	-16.587	119.882
259.530	-16.589	119.922
259.522	-16.544	119.909
259.507	-16.525	119.904
259.503	-16.515	119.927
259.496	-16.532	119.940
259.542	-16.494	119.899
259.609	-16.504	119.887
259.660	-16.544	119.866
259.624	-16.588	119.858
259.603	-16.623	119.884
259.575	-16.644	119.922
259.552	-16.686	119.932
259.537	-16.713	119.896
259.544	-16.754	119.886
259.561	-16.789	119.889
259.569	-16.815	119.880
259.552	-16.851	119.889
259.530	-16.842	119.854
259.499	-16.878	119.871
259.483	-16.890	119.885
259.472	-16.882	119.881
259.466	-16.903	119.903
259.470	-16.910	119.915
259.481	-16.904	119.908
259.500	-16.865	119.880
259.513	-16.862	119.894
259.525	-16.835	119.890
259.542	-16.821	119.895
259.551	-16.785	119.894
259.576	-16.737	119.880
259.596	-16.701	119.881
259.609	-16.681	119.898
259.646	-16.635	119.887
259.671	-16.584	119.867
259.660	-16.538	119.869
259.648	-16.518	119.900
259.605	-16.513	119.939
259.572	-16.463	119.919
259.534	-16.461	119.934
259.516	-16.453	119.937
259.518	-16.462	119.941
259.571	-16.470	119.920
259.629	-16.480	119.872
259.577	-16.509	119.835
259.537	-16.569	119.876
259.507	-16.591	119.902
259.475	-16.645	119.922
259.477	-16.665	119.885
259.493	-16.747	119.900
259.532	-16.761	119.881
259.544	-16.815	119.894
259.550	-16.847	119.886
259.540	-16.862	119.869
259.529	-16.887	119.874
259.506	-16.922	119.894
259.501	-16.899	119.865
259.496	-16.932	119.908
259.506	-16.911	119.887
259.503	-16.935	119.916
259.511	-16.899	119.871
259.521	-16.897	119.884
259.529	-16.863	119.867
259.533	-16.866	119.894
259.522	-16.845	119.907
259.534	-16.799	119.893
259.542	-16.773	119.894
259.534	-16.742	119.893
259.550	-16.695	119.893
259.553	-16.664	119.891
259.567	-16.644	119.901
259.583	-16.591	119.888
259.577	-16.588	119.916
259.575	-16.544	119.911
259.556	-16.528	119.920
259.538	-16.502	119.923
259.506	-16.483	119.904
259.475	-16.476	119.909
259.480	-16.489	119.911
259.511	-16.494	119.898
259.587	-16.535	119.911
259.589	-16.559	119.863
259.560	-16.595	119.844
259.544	-16.648	119.886
259.536	-16.670	119.915
259.519	-16.721	119.908
259.529	-16.777	119.888
259.540	-16.831	119.905
259.554	-16.861	119.896
259.564	-16.879	119.883
259.556	-16.901	119.864
259.537	-16.919	119.859
259.513	-16.948	119.885
259.491	-16.961	119.888
259.486	-16.964	119.902
259.478	-16.966	119.907
259.482	-16.950	119.896
259.490	-16.922	119.873
259.491	-16.904	119.865
259.486	-16.910	119.892
259.496	-16.874	119.884
259.503	-16.859	119.899
259.510	-16.827	119.895
259.525	-16.784	119.888
259.538	-16.769	119.915
259.565	-16.703	119.888
259.584	-16.664	119.892
259.610	-16.621	119.883
259.650	-16.586	119.884
259.661	-16.550	119.900
259.640	-16.531	119.927
259.610	-16.495	119.929
259.567	-16.469	119.942
259.531	-16.452	119.934
259.499	-16.438	119.928
259.493	-16.446	119.939
259.524	-16.475	119.936
259.612	-16.491	119.909
259.584	-16.517	119.861
259.536	-16.573	119.869
259.510	-16.617	119.899
259.479	-16.653	119.919
259.466	-16.691	119.902
259.469	-16.766	119.903
259.495	-16.819	119.896
259.507	-16.866	119.912
259.521	-16.882	119.888
259.519	-16.912	119.883
259.510	-16.916	119.847
259.491	-16.967	119.882
259.485	-16.966	119.867
259.478	-16.974	119.881
259.477	-16.996	119.918
259.484	-16.977	119.897
259.489	-16.972	119.903
259.504	-16.942	119.879
259.510	-16.933	119.892
259.523	-16.898	119.869
259.531	-16.865	119.881
259.539	-16.844	119.899
259.535	-16.820	119.907
259.543	-16.759	119.879
259.540	-16.726	119.885
259.533	-16.700	119.890
259.526	-16.656	119.894
259.519	-16.623	119.881
259.511	-16.611	119.901
259.496	-16.583	119.898
259.483	-16.562	119.908
259.474	-16.554	119.921
259.486	-16.526	119.893
259.522	-16.553	119.908
259.609	-16.580	119.911
259.645	-16.591	119.858
259.615	-16.611	119.831
259.591	-16.657	119.878
259.565	-16.703	119.936
259.536	-16.725	119.910
259.531	-16.762	119.885
259.547	-16.823	119.894
259.564	-16.858	119.893
259.570	-16.875	119.881
259.550	-16.907	119.891
259.525	-16.923	119.869
259.493	-16.931	119.870
259.467	-16.949	119.892
259.456	-16.951	119.891
259.461	-16.935	119.889
259.464	-16.958	119.905
259.477	-16.953	119.911
259.486	-16.914	119.877
259.498	-16.893	119.870
259.499	-16.883	119.884
259.518	-16.853	119.886
259.532	-16.810	119.879
259.546	-16.781	119.891
259.565	-16.752	119.893
259.585	-16.701	119.879
259.605	-16.676	119.887
259.650	-16.639	119.894
259.654	-16.608	119.892
259.653	-16.559	119.894
259.626	-16.515	119.907
259.585	-16.489	119.926
259.538	-16.473	119.915
259.495	-16.481	119.938
259.479	-16.482	119.945
259.502	-16.485	119.934
259.557	-16.515	119.929
259.571	-16.527	119.872
259.517	-16.555	119.850
259.491	-16.600	119.879
259.458	-16.669	119.947
259.449	-16.699	119.931
259.456	-16.737	119.889
259.482	-16.788	119.877
259.510	-16.820	119.873
259.522	-16.875	119.894
259.524	-16.897	119.882
259.516	-16.932	119.879
259.506	-16.957	119.880
259.498	-16.945	119.856
259.490	-16.976	119.884
259.483	-16.992	119.896
259.483	-16.981	119.893
259.483	-16.981	119.893
259.498	-16.941	119.867
259.509	-16.953	119.880
259.515	-16.933	119.882
259.524	-16.911	119.897
259.531	-16.868	119.886
259.539	-16.844	119.896
259.534	-16.802	119.897
259.532	-16.780	119.906
259.533	-16.747	119.910
259.523	-16.696	119.895
259.520	-16.670	119.894
259.512	-16.639	119.894
259.492	-16.614	119.904
259.482	-16.583	119.898
259.466	-16.567	119.905
259.471	-16.576	119.922
259.498	-16.556	119.891
259.556	-16.580	119.902
259.638	-16.601	119.877
259.614	-16.620	119.833
259.595	-16.660	119.861
259.562	-16.730	119.950
259.539	-16.744	119.937
259.526	-16.762	119.895
259.528	-16.826	119.893
259.549	-16.856	119.892
259.567	-16.888	119.879
259.549	-16.917	119.873
259.524	-16.954	119.885
259.504	-16.948	119.876
259.471	-16.947	119.858
259.453	-16.966	119.873
259.447	-16.973	119.880
259.456	-16.985	119.900
259.469	-16.975	119.892
259.469	-16.961	119.881
259.479	-16.937	119.883
259.482	-16.917	119.887
259.487	-16.892	119.884
259.507	-16.851	119.876
259.513	-16.847	119.898
259.538	-16.796	119.879
259.553	-16.758	119.884
259.572	-16.736	119.905
259.603	-16.695	119.899
259.646	-16.627	119.869
259.667	-16.579	119.859
259.666	-16.550	119.891
259.637	-16.509	119.896
259.584	-16.493	119.918
259.538	-16.492	119.944
259.487	-16.465	119.929
259.461	-16.455	119.920
259.475	-16.466	119.930
259.516	-16.506	119.924
259.562	-16.519	119.885
259.503	-16.571	119.851
259.474	-16.605	119.876
259.453	-16.643	119.910
259.431	-16.705	119.934
259.444	-16.742	119.900
259.464	-16.812	119.905
259.489	-16.869	119.911
259.512	-16.880	119.898
259.522	-16.907	119.871
259.515	-16.943	119.861
259.505	-16.970	119.871
259.495	-16.979	119.863
259.482	-17.009	119.876
259.483	-17.005	119.880
259.475	-17.021	119.900
259.475	-17.015	119.906
259.477	-17.008	119.905
259.484	-16.989	119.884
259.491	-16.981	119.894
259.504	-16.947	119.892
259.506	-16.928	119.907
259.505	-16.876	119.902
259.513	-16.850	119.907
259.512	-16.805	119.898
259.518	-16.744	119.877
259.515	-16.739	119.910
259.513	-16.685	119.879
259.504	-16.677	119.895
259.498	-16.675	119.923
259.493	-16.611	119.892
259.485	-16.590	119.889
259.468	-16.607	119.921
259.482	-16.582	119.914
259.503	-16.575	119.887
259.577	-16.601	119.903
259.627	-16.598	119.839
259.597	-16.643	119.830
259.564	-16.709	119.889
259.547	-16.716	119.913
259.516	-16.766	119.922
259.504	-16.792	119.894
259.508	-16.854	119.901
259.526	-16.877	119.897
259.528	-16.905	119.882
259.511	-16.917	119.868
259.494	-16.956	119.885
259.459	-16.971	119.898
259.448	-16.967	119.882
259.432	-16.965	119.881
259.437	-16.975	119.902
259.440	-16.991	119.920
259.447	-16.989	119.923
259.465	-16.958	119.901
259.483	-16.932	119.889
259.494	-16.921	119.887
259.520	-16.888	119.889
259.533	-16.857	119.896
259.546	-16.832	119.900
259.559	-16.799	119.899
259.580	-16.753	119.898
259.623	-16.711	119.886
259.637	-16.657	119.876
259.626	-16.631	119.886
259.596	-16.607	119.915
259.557	-16.551	119.895
259.521	-16.556	119.920
259.486	-16.536	119.919
259.474	-16.560	119.959
259.501	-16.540	119.929
259.571	-16.556	119.920
259.595	-16.567	119.848
259.548	-16.618	119.860
259.510	-16.659	119.882
259.470	-16.691	119.924
259.449	-16.753	119.949
259.454	-16.773	119.897
259.478	-16.819	119.879
259.512	-16.885	119.911
259.527	-16.913	119.904
259.528	-16.906	119.858
259.514	-16.954	119.872
259.489	-16.980	119.876
259.473	-16.982	119.864
259.461	-16.999	119.882
259.467	-17.011	119.904
259.470	-17.025	119.914
259.479	-16.996	119.887
259.477	-16.989	119.877
259.479	-16.988	119.889
259.482	-16.952	119.877
259.489	-16.925	119.882
259.491	-16.908	119.902
259.487	-16.888	119.903
259.496	-16.857	119.911
259.514	-16.780	119.872
259.516	-16.776	119.900
259.526	-16.736	119.907
259.545	-16.690	119.889
259.550	-16.694	119.913
259.561	-16.639	119.901
259.559	-16.620	119.918
259.546	-16.569	119.890
259.504	-16.581	119.921
259.468	-16.549	119.897
259.437	-16.539	119.897
259.418	-16.582	119.930
259.443	-16.605	119.930
259.502	-16.601	119.910
259.560	-16.597	119.853
259.521	-16.675	119.856
259.505	-16.728	119.894
259.502	-16.749	119.918
259.495	-16.792	119.917
259.495	-16.867	119.917
259.514	-16.896	119.896
259.531	-16.928	119.890
259.532	-16.981	119.901
259.528	-16.993	119.861
259.509	-17.014	119.861
259.489	-17.044	119.870
259.468	-17.052	119.876
259.464	-17.041	119.875
259.452	-17.044	119.881
259.447	-17.047	119.899
259.445	-17.070	119.920
259.455	-17.008	119.873
259.457	-16.992	119.870
259.449	-16.955	119.872
259.455	-16.954	119.903
259.460	-16.911	119.890
259.471	-16.878	119.899
259.492	-16.863	119.927
259.514	-16.787	119.890
259.534	-16.739	119.885
259.563	-16.710	119.897
259.592	-16.657	119.874
259.620	-16.624	119.878
259.630	-16.591	119.882
259.611	-16.564	119.908
259.570	-16.536	119.926
259.530	-16.509	119.912
259.477	-16.505	119.918
259.455	-16.506	119.914
259.454	-16.545	119.952
259.490	-16.554	119.942
259.577	-16.581	119.894
259.547	-16.625	119.857
259.516	-16.669	119.872
259.490	-16.708	119.912
259.457	-16.786	119.958
259.446	-16.809	119.907
259.446	-16.881	119.898
259.478	-16.938	119.911
259.490	-16.975	119.904
259.501	-17.001	119.905
259.498	-17.014	119.862
259.478	-17.048	119.853
259.466	-17.057	119.853
259.450	-17.070	119.867
259.449	-17.084	119.886
259.454	-17.082	119.896
259.461	-17.062	119.899
259.456	-17.062	119.904
259.477	-17.013	119.867
259.473	-17.005	119.874
259.491	-16.964	119.873
259.500	-16.931	119.881
259.498	-16.911	119.915
259.501	-16.863	119.896
259.498	-16.844	119.917
259.497	-16.807	119.926
259.498	-16.739	119.893
259.502	-16.713	119.904
259.505	-16.677	119.892
259.503	-16.633	119.887
259.486	-16.637	119.903
259.473	-16.602	119.898
259.452	-16.601	119.906
259.448	-16.604	119.920
259.465	-16.577	119.887
259.518	-16.589	119.876
259.599	-16.625	119.866
259.584	-16.662	119.839
259.553	-16.717	119.857
259.526	-16.768	119.912
259.502	-16.794	119.933
259.483	-16.844	119.936
259.482	-16.889	119.912
259.499	-16.928	119.900
259.507	-16.972	119.916
259.505	-16.975	119.884
259.494	-17.013	119.884
259.472	-17.009	119.867
259.445	-17.008	119.860
259.435	-17.011	119.863
259.423	-17.019	119.882
259.421	-17.047	119.917
259.429	-17.024	119.907
259.438	-17.019	119.907
259.453	-17.000	119.894
259.469	-16.984	119.894
259.501	-16.938	119.896
259.512	-16.918	119.892
259.526	-16.880	119.902
259.546	-16.841	119.898
259.553	-16.812	119.899
259.585	-16.766	119.896
259.606	-16.718	119.887
259.603	-16.681	119.883
259.593	-16.637	119.890
259.548	-16.607	119.901
259.520	-16.578	119.909
259.482	-16.568	119.906
259.462	-16.566	119.930
259.478	-16.554	119.916
259.529	-16.568	119.896
259.596	-16.615	119.889
259.565	-16.648	119.849
259.518	-16.692	119.891
259.492	-16.723	119.913
259.450	-16.789	119.955
259.443	-16.809	119.905
259.464	-16.881	119.912
259.489	-16.910	119.890
259.508	-16.965	119.915
259.518	-16.965	119.877
259.505	-16.994	119.861
259.482	-17.013	119.861
259.455	-17.037	119.877
259.448	-17.034	119.860
259.449	-17.046	119.888
259.451	-17.058	119.900
259.450	-17.070	119.911
259.463	-17.060	119.907
259.459	-17.044	119.893
259.459	-17.024	119.887
259.468	-16.991	119.892
259.474	-16.957	119.886
259.473	-16.948	119.923
259.476	-16.898	119.899
259.491	-16.864	119.914
259.500	-16.831	119.918
259.514	-16.788	119.915
259.535	-16.738	119.901
259.554	-16.703	119.890
259.568	-16.658	119.878
259.561	-16.637	119.896
259.532	-16.587	119.875
259.508	-16.587	119.909
259.461	-16.563	119.901
259.431	-16.560	119.915
259.419	-16.570	119.915
259.451	-16.563	119.891
259.501	-16.593	119.895
259.552	-16.632	119.870
259.521	-16.683	119.854
259.509	-16.736	119.890
259.488	-16.774	119.921
259.467	-16.843	119.939
259.469	-16.872	119.900
259.476	-16.935	119.889
259.490	-16.949	119.885
259.505	-17.012	119.909
259.496	-17.023	119.868
259.484	-17.057	119.862
259.471	-17.064	119.861
259.450	-17.081	119.870
259.433	-17.077	119.868
259.428	-17.078	119.881
259.429	-17.079	119.898
259.429	-17.070	119.900
259.431	-17.047	119.882
259.443	-17.029	119.876
259.452	-16.990	119.871
259.460	-16.974	119.899
259.472	-16.930	119.882
259.470	-16.921	119.922
259.483	-16.885	119.916
259.498	-16.844	119.913
259.513	-16.790	119.899
259.522	-16.765	119.909
259.537	-16.725	119.902
259.541	-16.680	119.888
259.538	-16.674	119.917
259.530	-16.627	119.896
259.511	-16.609	119.897
259.474	-16.597	119.905
259.445	-16.579	119.896
259.410	-16.611	119.929
259.428	-16.604	119.901
259.461	-16.631	119.903
259.554	-16.660	119.902
259.539	-16.684	119.837
259.514	-16.740	119.866
259.495	-16.812	119.923
259.483	-16.835	119.938
259.472	-16.888	119.922
259.478	-16.931	119.897
259.493	-17.009	119.926
259.506	-17.036	119.909
259.512	-17.047	119.879
259.498	-17.076	119.871
259.481	-17.088	119.865
259.458	-17.084	119.851
259.437	-17.108	119.878
259.431	-17.107	119.886
259.426	-17.108	119.896
259.433	-17.089	119.878
259.435	-17.076	119.880
259.436	-17.049	119.874
259.439	-17.015	119.870
259.447	-16.993	119.885
259.453	-16.965	119.893
259.460	-16.940	119.882
259.471	-16.912	119.916
259.492	-16.842	119.897
259.510	-16.815	119.908
259.536	-16.771	119.902
259.562	-16.737	119.899
259.595	-16.682	119.895
259.605	-16.637	119.888
259.585	-16.600	119.892
259.537	-16.619	119.950
259.504	-16.566	119.929
259.469	-16.552	119.922
259.441	-16.546	119.913
259.453	-16.541	119.898
259.498	-16.576	119.897
259.554	-16.617	119.895
259.512	-16.657	119.846
259.480	-16.709	119.883
259.445	-16.738	119.911
259.413	-16.806	119.943
259.394	-16.879	119.932
259.411	-16.918	119.897
259.444	-16.950	119.887
259.463	-16.984	119.879
259.471	-17.023	119.882
259.464	-17.042	119.855
259.457	-17.057	119.840
259.450	-17.085	119.859
259.432	-17.110	119.868
259.436	-17.101	119.864
259.430	-17.119	119.897
259.436	-17.100	119.883
259.450	-17.081	119.874
259.462	-17.063	119.868
259.474	-17.047	119.874
259.487	-17.030	119.897
259.500	-16.982	119.883
259.502	-16.951	119.892
259.500	-16.907	119.887
259.493	-16.888	119.910
259.487	-16.847	119.920
259.475	-16.819	119.925
259.460	-16.767	119.915
259.439	-16.757	119.925
259.427	-16.715	119.919
259.407	-16.708	119.930
259.408	-16.698	119.947
259.423	-16.687	119.921
259.483	-16.672	119.894
259.587	-16.683	119.871
259.591	-16.703	119.826
259.565	-16.743	119.843
259.550	-16.791	119.915
259.527	-16.812	119.920
259.495	-16.869	119.922
259.493	-16.899	119.893
259.513	-16.953	119.902
259.539	-16.966	119.865
259.530	-17.008	119.863
259.507	-17.043	119.876
259.474	-17.042	119.861
259.443	-17.045	119.849
259.408	-17.069	119.864
259.407	-17.083	119.879
259.412	-17.083	119.873
259.412	-17.090	119.891
259.418	-17.083	119.885
259.427	-17.040	119.862
259.428	-17.027	119.871
259.434	-17.021	119.893
259.442	-16.994	119.898
259.455	-16.949	119.890
259.473	-16.920	119.896
259.493	-16.879	119.887
259.517	-16.861	119.912
259.533	-16.814	119.908
259.564	-16.767	119.889
259.599	-16.730	119.886
259.613	-16.703	119.903
259.603	-16.666	119.903
259.563	-16.629	119.911
259.517	-16.603	119.918
259.466	-16.587	119.910
259.426	-16.608	119.945
259.415	-16.620	119.950
259.442	-16.597	119.912
259.515	-16.612	119.880
259.517	-16.664	119.855
259.474	-16.712	119.856
259.453	-16.764	119.902
259.417	-16.805	119.938
259.406	-16.863	119.935
259.412	-16.909	119.895
259.438	-16.966	119.896
259.466	-17.027	119.924
259.479	-17.034	119.881
259.478	-17.059	119.859
259.472	-17.063	119.833
259.450	-17.123	119.878
259.434	-17.117	119.867
259.434	-17.119	119.872
259.428	-17.127	119.882
259.430	-17.125	119.890
259.435	-17.115	119.883
259.443	-17.087	119.860
259.445	-17.072	119.857
259.447	-17.041	119.858
259.449	-17.024	119.878
259.457	-16.988	119.881
259.459	-16.960	119.894
259.463	-16.911	119.888
259.467	-16.887	119.903
259.470	-16.847	119.902
259.486	-16.809	119.901
259.488	-16.789	119.913
259.498	-16.740	119.897
259.495	-16.716	119.901
259.489	-16.681	119.904
259.470	-16.648	119.892
259.437	-16.664	119.919
259.418	-16.654	119.921
259.418	-16.649	119.908
259.436	-16.682	119.923
259.504	-16.677	119.895
259.548	-16.704	119.855
259.515	-16.784	119.874
259.499	-16.824	119.904
259.486	-16.836	119.920
259.455	-16.912	119.947
259.445	-16.944	119.918
259.462	-16.984	119.887
259.479	-17.021	119.894
259.471	-17.068	119.898
259.469	-17.066	119.861
259.460	-17.056	119.813
259.432	-17.094	119.848
259.410	-17.102	119.862
259.399	-17.100	119.851
259.393	-17.113	119.871
259.399	-17.113	119.886
259.404	-17.117	119.890
259.416	-17.085	119.872
259.431	-17.046	119.854
259.438	-17.031	119.866
259.462	-16.997	119.874
259.469	-16.973	119.887
259.481	-16.950	119.900
259.498	-16.903	119.893
259.511	-16.874	119.908
259.536	-16.831	119.907
259.563	-16.785	119.893
259.574	-16.709	119.851
259.555	-16.683	119.877
259.525	-16.668	119.908
259.486	-16.642	119.916
259.456	-16.620	119.906
259.428	-16.636	119.930
259.436	-16.625	119.927
259.488	-16.627	119.897
259.564	-16.670	119.886
259.527	-16.707	119.852
259.486	-16.755	119.890
259.455	-16.798	119.925
259.420	-16.834	119.943
259.392	-16.897	119.940
259.414	-16.952	119.919
259.441	-16.991	119.917
259.466	-17.013	119.888
259.470	-17.047	119.880
259.461	-17.078	119.867
259.437	-17.103	119.865
259.414	-17.111	119.854
259.403	-17.114	119.861
259.403	-17.116	119.869
259.415	-17.104	119.861
259.417	-17.141	119.888
259.430	-17.117	119.869
259.437	-17.108	119.874
259.444	-17.083	119.863
259.450	-17.075	119.880
259.459	-17.019	119.870
259.460	-17.011	119.893
259.469	-16.969	119.902
259.470	-16.947	119.909
259.476	-16.900	119.904
259.485	-16.878	119.915
259.495	-16.819	119.896
259.503	-16.795	119.906
259.498	-16.746	119.890
259.483	-16.725	119.905
259.460	-16.714	119.929
259.424	-16.694	119.931
259.395	-16.680	119.939
259.393	-16.687	119.940
259.428	-16.700	119.923
259.507	-16.695	119.894
259.540	-16.732	119.878
259.515	-16.779	119.861
259.495	-16.829	119.919
259.475	-16.848	119.925
259.451	-16.893	119.924
259.452	-16.932	119.895
259.465	-17.007	119.902
259.490	-17.022	119.880
259.497	-17.068	119.877
259.486	-17.073	119.840
259.456	-17.122	119.864
259.434	-17.118	119.847
259.402	-17.143	119.868
259.389	-17.141	119.869
259.388	-17.153	119.883
259.392	-17.169	119.898
259.401	-17.146	119.884
259.400	-17.143	119.879
259.415	-17.093	119.850
259.418	-17.062	119.851
259.425	-17.066	119.892
259.437	-17.032	119.898
259.450	-16.998	119.900
259.476	-16.949	119.901
259.487	-16.911	119.913
259.505	-16.887	119.928
259.549	-16.805	119.883
259.568	-16.780	119.898
259.578	-16.735	119.888
259.563	-16.662	119.876
259.520	-16.669	119.914
259.480	-16.651	119.931
259.442	-16.601	119.897
259.407	-16.652	119.958
259.418	-16.625	119.914
259.466	-16.633	119.902
259.527	-16.657	119.871
259.477	-16.699	119.858
259.427	-16.765	119.900
259.397	-16.794	119.919
259.375	-16.854	119.939
259.365	-16.902	119.927
259.386	-16.953	119.900
259.415	-16.998	119.908
259.433	-17.025	119.882
259.440	-17.071	119.886
259.436	-17.106	119.873
259.431	-17.098	119.840
259.418	-17.133	119.862
259.405	-17.135	119.852
259.404	-17.163	119.879
259.404	-17.166	119.891
259.411	-17.152	119.883
259.409	-17.164	119.898
259.428	-17.131	119.867
259.442	-17.105	119.860
259.455	-17.088	119.879
259.461	-17.065	119.880
259.462	-17.046	119.899
259.466	-16.997	119.896
259.458	-16.958	119.893
259.451	-16.948	119.919
259.440	-16.911	119.919
259.432	-16.872	119.916
259.419	-16.834	119.902
259.400	-16.826	119.929
259.393	-16.783	119.914
259.379	-16.771	119.927
259.393	-16.787	119.951
259.438	-16.759	119.909
259.512	-16.770	119.909
259.571	-16.804	119.887
259.553	-16.821	119.853
259.527	-16.881	119.923
259.509	-16.889	119.935
259.479	-16.921	119.939
259.460	-16.952	119.917
259.482	-17.004	119.907
259.496	-17.033	119.895
259.500	-17.044	119.848
259.483	-17.067	119.845
259.446	-17.112	119.876
259.408	-17.123	119.874
259.382	-17.108	119.856
259.365	-17.132	119.880
259.370	-17.141	119.894
259.377	-17.141	119.902
259.380	-17.130	119.897
259.382	-17.118	119.882
259.390	-17.095	119.872
259.398	-17.066	119.869
259.409	-17.053	119.884
259.422	-17.019	119.886
259.435	-16.997	119.895
259.459	-16.963	119.903
259.478	-16.924	119.903
259.497	-16.897	119.907
259.519	-16.861	119.925
259.554	-16.807	119.882
259.561	-16.775	119.877
259.567	-16.731	119.877
259.533	-16.698	119.885
259.487	-16.685	119.900
259.445	-16.654	119.896
259.405	-16.673	119.927
259.377	-16.683	119.934
259.402	-16.697	119.932
259.473	-16.719	119.905
259.497	-16.742	119.861
259.461	-16.797	119.860
259.428	-16.859	119.910
259.399	-16.892	119.935
259.381	-16.954	119.957
259.383	-16.998	119.914
259.404	-17.040	119.885
259.434	-17.073	119.879
259.448	-17.099	119.878
259.446	-17.116	119.861
259.438	-17.129	119.845
259.422	-17.154	119.846
259.396	-17.187	119.869
259.390	-17.195	119.879
259.397	-17.167	119.864
259.391	-17.184	119.893
259.393	-17.164	119.881
259.401	-17.136	119.857
259.414	-17.108	119.850
259.419	-17.123	119.880
259.428	-17.084	119.871
259.436	-17.051	119.882
259.433	-17.035	119.912
259.446	-16.990	119.907
259.445	-16.950	119.908
259.448	-16.917	119.905
259.453	-16.879	119.901
259.451	-16.844	119.898
259.455	-16.801	119.885
259.446	-16.801	119.920
259.432	-16.775	119.917
259.410	-16.774	119.929
259.396	-16.760	119.934
259.393	-16.730	119.904
259.414	-16.747	119.912
259.463	-16.775	119.915
259.541	-16.783	119.877
259.515	-16.834	119.859
259.488	-16.902	119.907
259.469	-16.908	119.914
259.438	-16.968	119.949
259.428	-16.987	119.909
259.435	-17.049	119.885
259.461	-17.069	119.869
259.463	-17.102	119.867
259.450	-17.127	119.863
259.431	-17.171	119.879
259.403	-17.174	119.865
259.383	-17.151	119.836
259.360	-17.169	119.856
259.357	-17.195	119.889
259.370	-17.190	119.899
259.372	-17.183	119.894
259.385	-17.148	119.868
259.401	-17.129	119.864
259.404	-17.107	119.860
259.430	-17.061	119.850
259.440	-17.056	119.890
259.453	-17.048	119.914
259.473	-16.984	119.892
259.488	-16.948	119.903
259.509	-16.905	119.903
259.549	-16.842	119.877
259.568	-16.799	119.875
259.560	-16.767	119.891
259.514	-16.737	119.909
259.475	-16.713	119.925
259.439	-16.686	119.910
259.410	-16.661	119.911
259.402	-16.694	119.947
259.441	-16.681	119.917
259.517	-16.710	119.895
259.482	-16.751	119.879
259.419	-16.815	119.909
259.390	-16.818	119.902
259.358	-16.882	119.949
259.343	-16.920	119.943
259.355	-16.961	119.901
259.388	-16.999	119.885
259.417	-17.030	119.878
259.431	-17.071	119.872
259.432	-17.088	119.854
259.423	-17.107	119.834
259.405	-17.144	119.850
259.388	-17.168	119.871
259.382	-17.170	119.868
259.385	-17.195	119.889
259.390	-17.193	119.899
259.396	-17.197	119.896
259.409	-17.174	119.876
259.415	-17.155	119.867
259.424	-17.131	119.869
259.436	-17.106	119.873
259.431	-17.103	119.897
259.440	-17.053	119.885
259.438	-17.023	119.896
259.445	-16.999	119.909
259.436	-16.969	119.912
259.449	-16.917	119.901
259.442	-16.884	119.909
259.435	-16.867	119.916
259.426	-16.830	119.921
259.410	-16.796	119.915
259.377	-16.798	119.933
259.373	-16.773	119.917
259.378	-16.773	119.911
259.425	-16.781	119.903
259.525	-16.803	119.913
259.526	-16.830	119.873
259.497	-16.860	119.865
259.478	-16.932	119.921
259.457	-16.931	119.929
259.436	-16.983	119.924
259.426	-17.040	119.914
259.450	-17.054	119.871
259.462	-17.110	119.889
259.467	-17.106	119.850
259.443	-17.159	119.871
259.418	-17.168	119.852
259.387	-17.178	119.857
259.363	-17.205	119.883
259.353	-17.210	119.887
259.357	-17.215	119.894
259.357	-17.212	119.890
259.362	-17.189	119.867
259.365	-17.187	119.875
259.380	-17.150	119.858
259.385	-17.142	119.874
259.399	-17.108	119.869
259.406	-17.093	119.885
259.430	-17.045	119.877
259.442	-17.030	119.912
259.463	-16.982	119.903
259.495	-16.942	119.917
259.526	-16.886	119.892
259.566	-16.840	119.885
259.578	-16.788	119.874
259.560	-16.747	119.889
259.515	-16.714	119.891
259.469	-16.704	119.915
259.419	-16.682	119.909
259.377	-16.687	119.923
259.364	-16.704	119.945
259.401	-16.696	119.911
259.473	-16.720	119.886
259.444	-16.768	119.874
259.391	-16.805	119.863
259.366	-16.857	119.911
259.337	-16.907	119.944
259.333	-16.962	119.941
259.351	-16.982	119.877
259.378	-17.046	119.893
259.408	-17.072	119.868
259.426	-17.099	119.849
259.422	-17.155	119.870
259.414	-17.166	119.849
259.398	-17.212	119.869
259.384	-17.214	119.870
259.386	-17.221	119.872
259.382	-17.221	119.874
259.382	-17.224	119.883
259.389	-17.208	119.870
259.394	-17.210	119.869
259.402	-17.184	119.851
259.408	-17.169	119.871
259.409	-17.159	119.884
259.415	-17.112	119.879
259.413	-17.074	119.868
259.409	-17.072	119.913
259.404	-17.035	119.916
259.409	-16.997	119.913
259.419	-16.947	119.897
259.420	-16.925	119.904
259.413	-16.904	119.922
259.408	-16.871	119.926
259.392	-16.852	119.928
259.377	-16.838	119.932
259.375	-16.825	119.940
259.375	-16.806	119.915
259.429	-16.798	119.898
259.503	-16.849	119.921
259.510	-16.868	119.874
259.493	-16.883	119.849
259.465	-16.954	119.912
259.439	-16.966	119.940
259.400	-17.039	119.958
259.401	-17.033	119.890
259.411	-17.091	119.895
259.420	-17.107	119.881
259.423	-17.143	119.883
259.412	-17.142	119.853
259.393	-17.165	119.857
259.360	-17.180	119.863
259.344	-17.176	119.857
259.325	-17.196	119.876
259.334	-17.175	119.867
259.348	-17.210	119.916
259.355	-17.183	119.881
259.368	-17.181	119.891
259.386	-17.142	119.871
259.402	-17.142	119.888
259.426	-17.100	119.878
259.441	-17.076	119.891
259.457	-17.023	119.870
259.470	-17.022	119.909
259.485	-16.965	119.890
259.520	-16.945	119.908
259.530	-16.883	119.881
259.517	-16.872	119.915
259.491	-16.811	119.900
259.450	-16.794	119.921
259.415	-16.790	119.940
259.389	-16.773	119.937
259.374	-16.765	119.939
259.415	-16.776	119.928
259.510	-16.781	119.902
259.495	-16.832	119.884
259.448	-16.869	119.880
259.411	-16.908	119.918
259.376	-16.961	119.960
259.349	-17.025	119.975
259.360	-17.029	119.898
259.396	-17.078	119.883
259.420	-17.121	119.892
259.433	-17.145	119.894
259.424	-17.170	119.868
259.403	-17.166	119.847
259.372	-17.213	119.870
259.361	-17.211	119.860
259.355	-17.216	119.861
259.362	-17.220	119.879
259.366	-17.237	119.897
259.365	-17.232	119.887
259.370	-17.220	119.871
259.379	-17.206	119.880
259.388	-17.180	119.882
259.389	-17.158	119.889
259.393	-17.127	119.886
259.394	-17.107	119.898
259.402	-17.072	119.905
259.417	-17.031	119.906
259.425	-16.995	119.905
259.438	-16.967	119.921
259.454	-16.912	119.903
259.474	-16.885	119.906
259.471	-16.849	119.903
259.464	-16.824	119.909
259.428	-16.804	119.915
259.392	-16.778	119.905
259.346	-16.791	119.942
259.336	-16.764	119.909
259.346	-16.781	119.916
259.391	-16.808	119.916
259.467	-16.841	119.907
259.446	-16.889	119.872
259.420	-16.938	119.891
259.407	-16.964	119.918
259.390	-17.024	119.953
259.383	-17.055	119.910
259.392	-17.091	119.876
259.406	-17.139	119.877
259.423	-17.173	119.880
259.423	-17.195	119.869
259.410	-17.203	119.845
259.390	-17.250	119.870
259.368	-17.264	119.878
259.347	-17.253	119.860
259.335	-17.262	119.883
259.340	-17.271	119.900
259.336	-17.260	119.899
259.347	-17.243	119.881
259.356	-17.225	119.881
259.364	-17.194	119.872
259.378	-17.138	119.837
259.390	-17.135	119.871
259.393	-17.123	119.898
259.407	-17.080	119.894
259.415	-17.049	119.914
259.431	-17.002	119.910
259.448	-16.984	119.927
259.458	-16.937	119.916
259.468	-16.906	119.925
259.467	-16.861	119.916
259.446	-16.852	119.926
259.411	-16.833	119.949
259.374	-16.812	119.935
259.352	-16.776	119.914
259.350	-16.781	119.910
259.371	-16.804	119.915
259.446	-16.832	119.921
259.486	-16.873	119.894
259.462	-16.903	119.857
259.445	-16.957	119.906
259.408	-17.010	119.951
259.383	-17.045	119.935
259.380	-17.085	119.884
259.396	-17.144	119.885
259.418	-17.181	119.887
259.432	-17.196	119.863
259.418	-17.219	119.858
259.399	-17.262	119.871
259.371	-17.260	119.847
259.345	-17.283	119.874
259.335	-17.272	119.865
259.332	-17.298	119.895
259.334	-17.282	119.896
259.339	-17.275	119.893
259.348	-17.252	119.879
259.361	-17.214	119.845
259.369	-17.195	119.868
259.384	-17.152	119.860
259.394	-17.124	119.874
259.407	-17.106	119.893
259.413	-17.071	119.907
259.431	-17.045	119.921
259.445	-16.988	119.906
259.471	-16.949	119.910
259.495	-16.883	119.886
259.487	-16.862	119.912
259.474	-16.821	119.909
259.440	-16.799	119.928
259.399	-16.789	119.943
259.374	-16.760	119.926
259.369	-16.772	119.942
259.394	-16.777	119.917
259.477	-16.799	119.913
259.479	-16.842	119.886
259.437	-16.876	119.872
259.406	-16.928	119.908
259.364	-16.979	119.962
259.336	-17.047	119.969
259.329	-17.073	119.909
259.361	-17.112	119.881
259.384	-17.167	119.900
259.397	-17.167	119.860
259.395	-17.200	119.864
259.379	-17.239	119.861
259.352	-17.260	119.872
259.337	-17.265	119.861
259.319	-17.270	119.864
259.330	-17.275	119.880
259.331	-17.317	119.927
259.343	-17.286	119.894
259.357	-17.253	119.869
259.374	-17.251	119.878
259.387	-17.226	119.878
259.395	-17.199	119.883
259.407	-17.161	119.876
259.414	-17.118	119.876
259.415	-17.099	119.892
259.425	-17.059	119.898
259.428	-17.019	119.901
259.431	-16.985	119.914
259.429	-16.966	119.931
259.423	-16.922	119.928
259.404	-16.877	119.910
259.383	-16.834	119.914
259.347	-16.826	119.924
259.337	-16.822	119.930
259.353	-16.809	119.915
259.403	-16.843	119.928
259.503	-16.842	119.879
259.473	-16.899	119.874
259.440	-16.941	119.891
259.427	-16.967	119.919
259.390	-17.021	119.949
259.379	-17.053	119.911
259.386	-17.096	119.878
259.412	-17.129	119.866
259.426	-17.180	119.887
259.416	-17.209	119.873
259.409	-17.221	119.853
259.374	-17.238	119.846
259.340	-17.279	119.874
259.323	-17.279	119.861
259.313	-17.297	119.896
259.324	-17.280	119.881
259.328	-17.291	119.879
259.332	-17.279	119.870
259.341	-17.258	119.865
259.343	-17.245	119.867
259.350	-17.237	119.901
259.364	-17.187	119.879
259.377	-17.153	119.877
259.392	-17.124	119.885
259.402	-17.079	119.879
259.432	-17.036	119.892
259.445	-17.019	119.915
259.471	-16.967	119.911
259.502	-16.928	119.909
259.509	-16.899	119.913
259.489	-16.849	119.917
259.454	-16.814	119.920
259.415	-16.794	119.925
259.366	-16.778	119.926
259.331	-16.778	119.930
259.341	-16.782	119.925
259.393	-16.806	119.928
259.450	-16.860	119.922
259.411	-16.861	119.850
259.375	-16.906	119.874
259.338	-16.968	119.925
259.320	-17.037	119.966
259.306	-17.073	119.932
259.331	-17.105	119.879
259.351	-17.160	119.888
259.375	-17.189	119.886
259.390	-17.207	119.867
259.381	-17.241	119.859
259.362	-17.275	119.870
259.346	-17.280	119.866
259.338	-17.284	119.847
259.327	-17.308	119.883
259.326	-17.311	119.895
259.331	-17.313	119.894
259.333	-17.292	119.878
259.353	-17.252	119.846
259.365	-17.239	119.861
259.371	-17.209	119.841
259.383	-17.223	119.899
259.381	-17.185	119.887
259.383	-17.156	119.897
259.388	-17.107	119.887
259.384	-17.086	119.907
259.389	-17.034	119.892
259.388	-17.017	119.910
259.385	-16.968	119.896
259.372	-16.950	119.911
259.362	-16.921	119.894
259.344	-16.914	119.926
259.329	-16.914	119.946
259.336	-16.886	119.926
259.357	-16.882	119.905
259.413	-16.897	119.904
259.486	-16.916	119.882
259.457	-16.991	119.886
259.442	-17.003	119.896
259.417	-17.016	119.914
259.382	-17.063	119.939
259.362	-17.123	119.924
259.379	-17.143	119.887
259.397	-17.191	119.902
259.400	-17.217	119.899
259.393	-17.228	119.874
259.370	-17.239	119.852
259.343	-17.246	119.843
259.307	-17.269	119.861
259.296	-17.290	119.889
259.296	-17.281	119.887
259.302	-17.277	119.889
259.313	-17.265	119.884
259.320	-17.263	119.887
259.333	-17.230	119.865
259.351	-17.221	119.877
259.370	-17.186	119.866
259.388	-17.157	119.868
259.404	-17.123	119.880
259.425	-17.105	119.891
259.443	-17.049	119.885
259.471	-17.022	119.902
259.497	-16.976	119.892
259.493	-16.955	119.908
259.482	-16.909	119.913
259.449	-16.867	119.920
259.401	-16.870	119.938
259.368	-16.826	119.912
259.341	-16.843	119.957
259.347	-16.831	119.937
259.404	-16.845	119.929
259.476	-16.855	119.888
259.420	-16.897	119.864
259.378	-16.946	119.890
259.337	-16.988	119.938
259.314	-17.050	119.966
259.297	-17.059	119.907
259.318	-17.107	119.868
259.358	-17.157	119.891
259.382	-17.187	119.889
259.376	-17.220	119.883
259.381	-17.227	119.847
259.355	-17.259	119.849
259.334	-17.270	119.861
259.322	-17.290	119.868
259.322	-17.293	119.876
259.332	-17.320	119.909
259.329	-17.320	119.899
259.337	-17.308	119.893
259.351	-17.259	119.851
259.352	-17.258	119.863
259.359	-17.238	119.870
259.362	-17.207	119.867
259.360	-17.190	119.889
259.362	-17.157	119.886
259.371	-17.118	119.880
259.374	-17.095	119.899
259.382	-17.062	119.907
259.401	-17.041	119.908
259.409	-17.003	119.906
259.423	-16.958	119.898
259.414	-16.944	119.917
259.407	-16.901	119.902
259.377	-16.890	119.922
259.336	-16.872	119.915
259.306	-16.870	119.933
259.295	-16.873	119.932
259.322	-16.889	119.927
259.375	-16.906	119.921
259.430	-16.935	119.892
259.397	-16.960	119.828
259.386	-17.023	119.883
259.365	-17.071	119.940
259.355	-17.108	119.929
259.364	-17.130	119.879
259.381	-17.180	119.874
259.392	-17.233	119.891
259.395	-17.257	119.883
259.386	-17.282	119.857
259.370	-17.310	119.863
259.350	-17.345	119.881
259.325	-17.325	119.867
259.312	-17.330	119.861
259.307	-17.345	119.886
259.306	-17.343	119.884
259.300	-17.355	119.901
259.309	-17.329	119.882
259.316	-17.304	119.872
259.320	-17.261	119.858
259.318	-17.240	119.867
259.330	-17.220	119.885
259.338	-17.180	119.878
259.353	-17.141	119.881
259.376	-17.114	119.886
259.403	-17.069	119.893
259.421	-17.050	119.925
259.451	-16.999	119.921
259.488	-16.948	119.899
259.499	-16.894	119.887
259.463	-16.881	119.915
259.435	-16.852	119.924
259.390	-16.814	119.913
259.350	-16.789	119.908
259.323	-16.805	119.925
259.321	-16.821	119.932
259.366	-16.854	119.926
259.437	-16.889	119.907
259.400	-16.924	119.864
259.367	-16.980	119.893
259.339	-17.018	119.924
259.307	-17.097	119.966
259.292	-17.124	119.906
259.308	-17.165	119.862
259.335	-17.206	119.864
259.360	-17.228	119.860
259.366	-17.272	119.859
259.357	-17.292	119.843
259.333	-17.342	119.859
259.321	-17.354	119.864
259.315	-17.357	119.861
259.308	-17.376	119.882
259.316	-17.360	119.887
259.315	-17.363	119.899
259.319	-17.363	119.897
259.328	-17.334	119.870
259.338	-17.296	119.858
259.350	-17.278	119.880
259.359	-17.243	119.879
259.363	-17.189	119.863
259.367	-17.170	119.892
259.365	-17.137	119.890
259.363	-17.101	119.887
259.359	-17.069	119.901
259.351	-17.057	119.925
259.355	-17.001	119.900
259.347	-16.975	119.909
259.339	-16.947	119.913
259.320	-16.942	119.925
259.311	-16.915	119.913
259.317	-16.922	119.921
259.346	-16.924	119.910
259.416	-16.932	119.899
259.470	-16.958	119.868
259.435	-17.010	119.859
259.411	-17.044	119.878
259.381	-17.076	119.926
259.348	-17.138	119.953
259.343	-17.140	119.894
259.360	-17.190	119.889
259.383	-17.204	119.870
259.380	-17.243	119.871
259.374	-17.258	119.852
259.345	-17.284	119.855
259.322	-17.306	119.863
259.289	-17.312	119.867
259.271	-17.317	119.867
259.277	-17.317	119.882
259.284	-17.304	119.874
259.295	-17.298	119.866
259.306	-17.300	119.877
259.314	-17.269	119.865
259.333	-17.250	119.871
259.349	-17.237	119.880
259.368	-17.182	119.860
259.375	-17.188	119.905
259.395	-17.144	119.892
259.420	-17.082	119.862
259.439	-17.074	119.898
259.470	-17.014	119.887
259.480	-16.975	119.894
259.461	-16.952	119.913
259.426	-16.917	119.920
259.380	-16.907	119.940
259.351	-16.890	119.940
259.322	-16.874	119.939
259.322	-16.874	119.939
259.367	-16.901	119.939
259.451	-16.901	119.894
259.390	-16.935	119.858
259.340	-16.997	119.887
259.311	-17.022	119.917
259.284	-17.073	119.944
259.271	-17.112	119.911
259.296	-17.139	119.872
259.327	-17.191	119.879
259.357	-17.197	119.850
259.363	-17.262	119.879
259.360	-17.272	119.848
259.336	-17.311	119.857
259.314	-17.326	119.865
259.305	-17.317	119.853
259.309	-17.305	119.844
259.299	-17.364	119.906
259.304	-17.363	119.897
259.319	-17.338	119.887
259.325	-17.330	119.880
259.330	-17.310	119.865
259.338	-17.283	119.870
259.336	-17.259	119.874
259.338	-17.250	119.909
259.341	-17.199	119.882
259.345	-17.159	119.877
259.354	-17.135	119.883
259.369	-17.099	119.894
259.372	-17.066	119.887
259.389	-17.034	119.892
259.395	-17.008	119.916
259.390	-16.975	119.908
259.380	-16.968	119.925
259.356	-16.947	119.930
259.323	-16.903	119.904
259.296	-16.905	119.909
259.274	-16.925	119.930
259.312	-16.905	119.886
259.354	-16.955	119.911
259.419	-16.962	119.885
259.389	-16.996	119.825
259.362	-17.066	119.881
259.340	-17.112	119.937
259.330	-17.156	119.940
259.334	-17.166	119.869
259.350	-17.230	119.882
259.367	-17.251	119.870
259.376	-17.279	119.862
259.373	-17.316	119.858
259.348	-17.350	119.858
259.326	-17.365	119.866
259.310	-17.368	119.874
259.292	-17.374	119.878
259.288	-17.377	119.888
259.289	-17.363	119.873
259.294	-17.370	119.885
259.302	-17.347	119.871
259.303	-17.315	119.856
259.300	-17.316	119.882
259.304	-17.274	119.873
259.317	-17.254	119.883
259.334	-17.203	119.863
259.351	-17.175	119.884
259.364	-17.160	119.911
259.389	-17.114	119.905
259.408	-17.078	119.910
259.450	-17.022	119.894
259.477	-16.975	119.896
259.479	-16.930	119.886
259.449	-16.915	119.917
259.403	-16.901	119.931
259.359	-16.843	119.892
259.324	-16.842	119.916
259.301	-16.859	119.932
259.315	-16.890	119.951
259.368	-16.908	119.922
259.414	-16.945	119.897
259.374	-16.971	119.851
259.342	-17.030	119.888
259.299	-17.092	119.949
259.277	-17.141	119.942
259.278	-17.154	119.878
259.293	-17.208	119.869
259.315	-17.270	119.890
259.334	-17.267	119.856
259.331	-17.309	119.862
259.323	-17.345	119.859
259.315	-17.368	119.865
259.298	-17.371	119.860
259.286	-17.394	119.871
259.285	-17.397	119.884
259.291	-17.397	119.899
259.297	-17.378	119.881
259.305	-17.362	119.865
259.315	-17.362	119.875
259.331	-17.311	119.842
259.336	-17.308	119.872
259.350	-17.278	119.880
259.342	-17.239	119.877
259.352	-17.210	119.891
259.348	-17.187	119.906
259.344	-17.134	119.893
259.341	-17.096	119.890
259.334	-17.075	119.908
259.326	-17.047	119.912
259.317	-17.017	119.915
259.302	-17.010	119.941
259.285	-16.984	119.940
259.286	-16.959	119.918
259.300	-16.965	119.915
259.351	-17.003	119.934
259.452	-17.003	119.906
259.433	-17.035	119.860
259.408	-17.072	119.872
259.397	-17.080	119.888
259.358	-17.153	119.950
259.332	-17.201	119.945
259.344	-17.192	119.873
259.353	-17.250	119.886
259.369	-17.286	119.876
259.357	-17.316	119.882
259.345	-17.319	119.844
