NO_OF_FRAMES	5000
NO_OF_DATA_TYPES	3
FREQUENCY	500
TIME_STAMP	2026-06-04, 15:51:39
DATA_INCLUDED	Position
DATA_TYPES	Unidentified [764888]_pos_X	Unidentified [764888]_pos_Y	Unidentified [764888]_pos_Z


145.346	100.834	188.419
145.282	100.748	188.588
143.843	103.140	189.736
145.199	100.705	189.009
145.174	100.608	188.915
143.776	102.796	189.687
145.186	100.401	188.894
145.233	100.358	188.825
145.321	100.291	188.871
147.107	98.717	188.359
147.050	98.649	188.456
145.355	99.882	189.053
144.268	101.406	189.624
144.867	100.395	189.386
145.008	99.882	189.374
145.023	99.547	189.385
144.997	99.235	189.390
144.957	98.954	189.415
144.884	98.705	189.450
144.819	98.463	189.521
144.757	98.277	189.575
144.733	98.105	189.616
144.738	97.975	189.645
144.716	97.952	189.653
144.733	97.990	189.639
144.792	98.111	189.594
144.860	98.339	189.525
144.962	98.702	189.441
145.108	99.156	189.325
145.257	99.830	189.152
145.444	100.671	188.942
145.389	100.881	188.587
145.276	100.920	188.675
145.238	100.918	188.962
145.204	100.865	188.982
145.172	100.776	189.041
145.150	100.614	189.097
145.177	100.507	189.070
145.243	100.488	188.940
145.308	100.478	188.825
145.347	100.449	188.810
145.399	100.366	188.875
145.409	100.227	188.941
145.400	100.030	189.032
145.368	99.771	189.122
145.326	99.543	189.192
145.267	99.280	189.257
145.204	99.033	189.332
145.116	98.785	189.374
145.037	98.517	189.413
144.940	98.232	189.486
144.817	97.999	189.574
144.717	97.771	189.680
144.633	97.590	189.741
144.584	97.481	189.752
144.564	97.453	189.756
144.587	97.475	189.739
144.642	97.604	189.705
144.729	97.892	189.633
144.879	98.325	189.514
145.065	98.973	189.376
145.270	99.818	189.148
145.449	100.775	188.903
145.329	100.951	188.544
145.275	100.808	188.730
145.194	100.754	189.067
145.207	100.721	189.123
145.211	100.564	189.038
145.184	100.465	189.030
145.229	100.340	189.006
145.265	100.301	188.946
145.294	100.234	188.913
145.343	100.094	188.932
145.342	99.937	189.007
145.341	99.775	189.078
145.319	99.557	189.165
145.259	99.360	189.239
145.218	99.182	189.295
145.159	99.023	189.344
145.096	98.847	189.379
145.032	98.639	189.408
144.965	98.448	189.457
144.880	98.259	189.526
144.818	98.133	189.588
144.760	98.027	189.620
144.720	97.958	189.651
144.711	97.942	189.663
144.723	97.995	189.646
144.782	98.142	189.594
144.869	98.410	189.518
144.995	98.796	189.412
145.141	99.342	189.262
145.316	100.056	189.085
145.454	100.855	188.842
145.349	100.909	188.583
145.291	100.866	188.741
145.233	100.894	189.023
145.216	100.816	188.986
145.192	100.672	189.046
145.180	100.515	189.064
145.209	100.455	189.046
145.272	100.450	188.907
145.315	100.430	188.822
145.363	100.349	188.850
145.391	100.221	188.924
145.375	100.063	189.005
145.368	99.844	189.092
145.330	99.583	189.174
145.271	99.394	189.258
145.212	99.167	189.314
145.143	98.940	189.361
145.074	98.706	189.400
144.992	98.450	189.439
144.906	98.204	189.511
144.807	98.027	189.605
144.721	97.860	189.681
144.662	97.736	189.719
144.644	97.678	189.712
144.630	97.682	189.696
144.682	97.793	189.666
144.764	97.998	189.604
144.884	98.327	189.514
145.028	98.825	189.401
145.209	99.527	189.218
145.402	100.389	189.005
145.424	100.860	188.627
145.328	100.856	188.605
145.201	100.856	188.956
145.222	100.820	189.094
145.214	100.712	189.017
145.200	100.552	189.037
145.209	100.461	189.026
145.254	100.449	188.963
145.306	100.413	188.858
145.345	100.345	188.870
145.379	100.218	188.915
145.373	100.086	188.991
145.368	99.859	189.066
145.338	99.630	189.152
145.285	99.446	189.225
145.241	99.236	189.282
145.183	99.039	189.328
145.105	98.833	189.371
145.032	98.612	189.407
144.956	98.375	189.467
144.869	98.219	189.537
144.799	98.086	189.598
144.732	97.982	189.647
144.701	97.931	189.667
144.710	97.924	189.650
144.746	98.009	189.623
144.810	98.179	189.570
144.898	98.451	189.492
145.021	98.842	189.391
145.181	99.395	189.240
145.347	100.163	189.058
145.451	100.874	188.768
145.360	100.857	188.571
145.279	100.876	188.773
145.246	100.879	189.040
145.226	100.804	188.984
145.173	100.656	189.078
145.185	100.507	189.075
145.217	100.468	189.043
145.273	100.485	188.882
145.333	100.447	188.809
145.360	100.385	188.853
145.404	100.255	188.922
145.394	100.105	189.004
145.363	99.884	189.099
145.328	99.608	189.173
145.280	99.398	189.241
145.230	99.134	189.300
145.140	98.897	189.353
145.069	98.647	189.393
144.982	98.382	189.449
144.880	98.132	189.519
144.764	97.925	189.618
144.680	97.736	189.700
144.618	97.615	189.731
144.594	97.565	189.727
144.594	97.582	189.715
144.650	97.674	189.684
144.733	97.907	189.626
144.855	98.272	189.516
145.016	98.833	189.402
145.196	99.593	189.206
145.412	100.506	188.976
145.380	100.906	188.587
145.258	100.908	188.658
145.213	100.795	188.985
145.201	100.785	189.119
145.199	100.676	189.028
145.210	100.547	189.049
145.218	100.492	189.013
145.271	100.446	188.929
145.311	100.462	188.858
145.333	100.381	188.872
145.371	100.236	188.935
145.370	100.094	188.997
145.362	99.883	189.077
145.324	99.630	189.151
145.274	99.446	189.213
145.217	99.271	189.280
145.167	99.055	189.328
145.081	98.855	189.374
145.014	98.641	189.406
144.941	98.390	189.468
144.851	98.225	189.545
144.778	98.099	189.602
144.706	98.002	189.649
144.688	97.958	189.655
144.694	97.947	189.640
144.740	98.031	189.617
144.807	98.197	189.566
144.893	98.468	189.499
145.013	98.876	189.403
145.128	99.497	189.256
145.326	100.193	189.058
145.423	100.904	188.772
145.321	100.922	188.572
145.254	100.899	188.769
145.241	100.894	189.034
145.210	100.827	188.986
145.190	100.626	189.059
145.197	100.513	189.071
145.201	100.490	189.037
145.277	100.480	188.887
145.329	100.424	188.809
145.382	100.362	188.853
145.387	100.282	188.939
145.369	100.120	189.014
145.371	99.866	189.100
145.320	99.631	189.187
145.276	99.407	189.253
145.223	99.142	189.320
145.149	98.922	189.365
145.070	98.670	189.394
144.984	98.400	189.458
144.881	98.167	189.538
144.777	97.953	189.639
144.699	97.778	189.709
144.628	97.641	189.741
144.604	97.591	189.743
144.619	97.604	189.725
144.666	97.711	189.697
144.754	97.936	189.645
144.870	98.278	189.536
145.022	98.820	189.394
145.216	99.543	189.223
145.410	100.450	188.996
145.386	100.908	188.620
145.289	100.883	188.639
145.238	100.789	188.962
145.218	100.795	189.119
145.220	100.687	189.022
145.187	100.575	189.046
145.232	100.468	189.013
145.285	100.463	188.929
145.332	100.450	188.844
145.338	100.389	188.871
145.374	100.274	188.923
145.382	100.127	188.992
145.369	99.879	189.057
145.342	99.672	189.132
145.295	99.460	189.204
145.231	99.267	189.268
145.172	99.075	189.318
145.103	98.845	189.367
145.038	98.626	189.406
144.950	98.387	189.468
144.860	98.221	189.536
144.781	98.092	189.605
144.723	97.980	189.652
144.692	97.928	189.668
144.695	97.916	189.655
144.741	97.988	189.629
144.803	98.148	189.578
144.883	98.394	189.505
145.003	98.809	189.409
145.153	99.350	189.270
145.325	100.055	189.080
145.450	100.844	188.829
145.322	100.915	188.578
145.255	100.884	188.756
145.226	100.892	189.049
145.239	100.767	188.980
145.182	100.672	189.062
145.181	100.525	189.074
145.194	100.439	189.049
145.267	100.461	188.897
145.323	100.424	188.821
145.380	100.326	188.840
145.388	100.241	188.928
145.377	100.060	189.015
145.364	99.820	189.083
145.313	99.581	189.172
145.270	99.399	189.242
145.202	99.133	189.302
145.142	98.919	189.346
145.056	98.684	189.392
144.977	98.413	189.442
144.872	98.184	189.517
144.781	97.980	189.594
144.702	97.816	189.674
144.632	97.681	189.715
144.606	97.632	189.721
144.618	97.649	189.706
144.659	97.755	189.665
144.752	97.979	189.601
144.865	98.335	189.502
145.026	98.852	189.385
145.207	99.574	189.196
145.405	100.495	188.982
145.376	100.931	188.612
145.274	100.906	188.654
145.211	100.813	188.969
145.234	100.755	189.096
145.210	100.689	189.016
145.198	100.562	189.049
145.205	100.470	189.031
145.260	100.453	188.951
145.300	100.431	188.859
145.338	100.359	188.882
145.355	100.233	188.939
145.353	100.098	189.016
145.350	99.861	189.072
145.309	99.619	189.160
145.262	99.446	189.239
145.205	99.228	189.300
145.161	99.035	189.328
145.093	98.824	189.383
145.011	98.610	189.414
144.937	98.368	189.472
144.848	98.210	189.548
144.782	98.086	189.609
144.717	97.981	189.660
144.690	97.945	189.662
144.693	97.941	189.651
144.734	98.030	189.628
144.799	98.199	189.566
144.894	98.498	189.488
145.022	98.899	189.384
145.166	99.458	189.240
145.351	100.221	189.045
145.416	100.938	188.741
145.332	100.896	188.583
145.247	100.909	188.805
145.246	100.880	189.038
145.225	100.820	188.986
145.163	100.687	189.082
145.171	100.543	189.088
145.226	100.462	189.028
145.280	100.492	188.883
145.336	100.430	188.827
145.392	100.364	188.854
145.398	100.228	188.935
145.400	100.062	189.014
145.361	99.818	189.109
145.320	99.582	189.190
145.257	99.382	189.281
145.211	99.104	189.329
145.141	98.884	189.375
145.050	98.645	189.420
144.971	98.354	189.471
144.868	98.130	189.546
144.771	97.927	189.648
144.683	97.737	189.715
144.618	97.628	189.751
144.606	97.582	189.746
144.618	97.610	189.723
144.667	97.736	189.682
144.761	97.973	189.618
144.896	98.362	189.510
145.051	98.941	189.377
145.242	99.693	189.175
145.449	100.634	188.946
145.347	100.943	188.579
145.258	100.909	188.686
145.193	100.837	189.022
145.213	100.772	189.097
145.217	100.640	189.009
145.200	100.543	189.044
145.235	100.449	189.003
145.272	100.483	188.914
145.317	100.424	188.856
145.356	100.334	188.884
145.380	100.191	188.949
145.381	100.027	189.012
145.347	99.813	189.096
145.317	99.559	189.170
145.258	99.386	189.239
145.217	99.185	189.291
145.150	98.979	189.341
145.057	98.780	189.383
145.000	98.536	189.435
144.909	98.305	189.498
144.832	98.172	189.571
144.757	98.040	189.628
144.707	97.957	189.657
144.681	97.931	189.667
144.702	97.952	189.652
144.755	98.045	189.616
144.833	98.264	189.546
144.927	98.553	189.465
145.062	99.005	189.362
145.210	99.653	189.195
145.399	100.443	189.000
145.400	100.885	188.628
145.295	100.919	188.630
145.246	100.891	188.891
145.224	100.840	189.016
145.215	100.753	188.999
145.183	100.568	189.063
145.196	100.469	189.073
145.238	100.450	188.986
145.300	100.432	188.837
145.345	100.381	188.827
145.373	100.303	188.876
145.387	100.160	188.961
145.371	99.954	189.049
145.336	99.728	189.136
145.292	99.495	189.219
145.246	99.263	189.284
145.184	99.025	189.334
145.107	98.777	189.379
145.020	98.537	189.408
144.938	98.276	189.478
144.825	98.057	189.555
144.744	97.875	189.652
144.657	97.717	189.709
144.619	97.636	189.721
144.606	97.619	189.718
144.639	97.673	189.686
144.706	97.844	189.636
144.814	98.145	189.552
144.947	98.612	189.443
145.123	99.267	189.302
145.311	100.082	189.075
145.418	100.916	188.796
145.278	100.956	188.573
145.250	100.820	188.821
145.221	100.794	189.076
145.194	100.747	189.049
145.180	100.643	189.034
145.206	100.499	189.034
145.248	100.459	188.980
145.288	100.446	188.876
145.321	100.387	188.852
145.358	100.300	188.906
145.379	100.142	188.977
145.352	99.982	189.043
145.342	99.735	189.112
145.292	99.534	189.188
145.243	99.336	189.256
145.183	99.111	189.303
145.119	98.918	189.359
145.043	98.699	189.392
144.972	98.456	189.443
144.893	98.272	189.510
144.810	98.127	189.574
144.732	98.020	189.636
144.696	97.945	189.656
144.690	97.920	189.656
144.709	97.970	189.638
144.779	98.116	189.584
144.859	98.345	189.517
144.968	98.696	189.428
145.093	99.190	189.316
145.260	99.886	189.136
145.444	100.742	188.928
145.372	100.912	188.576
145.294	100.891	188.679
145.223	100.911	188.986
145.217	100.835	188.990
145.192	100.728	189.035
145.175	100.568	189.089
145.186	100.476	189.071
145.242	100.480	188.952
145.311	100.461	188.852
145.350	100.383	188.847
145.384	100.282	188.924
145.372	100.121	189.003
145.372	99.876	189.074
145.331	99.625	189.170
145.280	99.412	189.263
145.217	99.154	189.317
145.158	98.933	189.367
145.088	98.700	189.411
144.987	98.420	189.450
144.902	98.178	189.524
144.789	97.978	189.624
144.706	97.801	189.689
144.632	97.682	189.738
144.610	97.609	189.748
144.609	97.610	189.729
144.652	97.713	189.689
144.739	97.931	189.632
144.845	98.280	189.535
145.003	98.815	189.408
145.189	99.555	189.231
145.381	100.465	189.013
145.401	100.902	188.621
145.286	100.904	188.636
145.226	100.827	188.965
145.210	100.815	189.126
145.184	100.732	189.042
145.210	100.595	189.042
145.213	100.484	189.027
145.277	100.455	188.939
145.311	100.464	188.854
145.353	100.371	188.868
145.372	100.257	188.923
145.364	100.120	188.993
145.363	99.910	189.055
145.334	99.654	189.137
145.284	99.493	189.215
145.225	99.274	189.278
145.177	99.058	189.329
145.089	98.858	189.375
145.012	98.618	189.417
144.945	98.388	189.473
144.867	98.210	189.534
144.776	98.081	189.607
144.711	97.947	189.668
144.684	97.903	189.673
144.677	97.898	189.663
144.713	97.955	189.643
144.797	98.120	189.585
144.882	98.381	189.513
144.994	98.793	189.422
145.135	99.364	189.270
145.324	100.090	189.078
145.452	100.866	188.805
145.332	100.921	188.574
145.264	100.880	188.772
145.231	100.859	189.045
145.224	100.790	188.990
145.192	100.628	189.053
145.183	100.501	189.071
145.226	100.419	189.026
145.298	100.415	188.883
145.327	100.376	188.836
145.353	100.306	188.876
145.390	100.150	188.959
145.370	99.972	189.041
145.349	99.737	189.117
145.303	99.486	189.200
145.243	99.282	189.273
145.199	99.075	189.328
145.119	98.855	189.364
145.038	98.616	189.406
144.964	98.353	189.463
144.875	98.144	189.533
144.781	97.963	189.615
144.698	97.811	189.687
144.655	97.713	189.712
144.640	97.678	189.713
144.641	97.718	189.689
144.690	97.865	189.641
144.805	98.119	189.560
144.931	98.527	189.462
145.103	99.108	189.329
145.288	99.863	189.134
145.435	100.799	188.901
145.366	100.891	188.567
145.255	100.863	188.737
145.202	100.818	189.046
145.192	100.788	189.054
145.219	100.656	189.021
145.198	100.536	189.048
145.241	100.436	189.006
145.288	100.449	188.890
145.316	100.407	188.852
145.348	100.321	188.886
145.379	100.202	188.945
145.373	100.045	189.025
145.348	99.797	189.096
145.309	99.585	189.175
145.256	99.405	189.235
145.205	99.219	189.293
145.150	99.003	189.331
145.079	98.799	189.371
145.003	98.567	189.414
144.925	98.352	189.482
144.854	98.222	189.545
144.773	98.080	189.612
144.718	97.995	189.646
144.707	97.953	189.653
144.719	97.968	189.631
144.761	98.063	189.612
144.820	98.250	189.546
144.922	98.553	189.472
145.052	98.964	189.371
145.188	99.572	189.204
145.365	100.321	189.021
145.413	100.892	188.675
145.289	100.934	188.604
145.250	100.874	188.837
145.198	100.908	189.017
145.206	100.815	188.980
145.162	100.636	189.081
145.160	100.538	189.089
145.216	100.491	189.006
145.267	100.531	188.863
145.333	100.493	188.809
145.380	100.429	188.852
145.400	100.288	188.918
145.411	100.102	188.987
145.364	99.911	189.102
145.324	99.642	189.179
145.283	99.402	189.253
145.221	99.120	189.324
145.139	98.876	189.371
145.053	98.616	189.420
144.954	98.327	189.477
144.861	98.063	189.558
144.745	97.824	189.662
144.649	97.629	189.744
144.577	97.476	189.782
144.553	97.413	189.774
144.558	97.415	189.767
144.603	97.516	189.738
144.687	97.737	189.681
144.822	98.133	189.573
144.979	98.725	189.441
145.186	99.512	189.230
145.404	100.453	188.989
145.401	100.908	188.586
145.281	100.866	188.642
145.191	100.768	189.005
145.177	100.791	189.178
145.206	100.597	189.075
145.201	100.464	189.025
145.192	100.378	189.027
145.230	100.230	188.998
145.255	100.184	188.946
145.314	100.068	188.938
145.332	99.902	188.999
145.296	99.742	189.086
145.301	99.470	189.190
145.240	99.312	189.274
145.197	99.126	189.323
145.133	98.976	189.361
145.092	98.770	189.384
145.021	98.616	189.424
144.957	98.408	189.465
144.891	98.232	189.536
144.814	98.101	189.601
144.761	98.007	189.636
144.730	97.931	189.651
144.705	97.918	189.664
144.718	97.963	189.659
144.774	98.119	189.610
144.861	98.393	189.533
144.993	98.800	189.422
145.141	99.390	189.259
145.301	100.138	189.080
145.438	100.896	188.804
145.331	100.904	188.592
145.223	100.903	188.800
145.235	100.845	189.073
145.235	100.774	189.017
145.175	100.676	189.066
145.188	100.491	189.083
145.199	100.456	189.041
145.287	100.435	188.899
145.323	100.383	188.827
145.366	100.302	188.873
145.393	100.168	188.937
145.380	100.009	189.025
145.354	99.761	189.106
145.315	99.539	189.187
145.262	99.358	189.266
145.206	99.138	189.304
145.134	98.936	189.350
145.072	98.705	189.385
144.984	98.477	189.430
144.910	98.246	189.504
144.815	98.080	189.580
144.739	97.935	189.656
144.682	97.848	189.690
144.663	97.801	189.690
144.664	97.815	189.665
144.717	97.937	189.639
144.803	98.123	189.566
144.899	98.453	189.480
145.039	98.942	189.365
145.208	99.618	189.194
145.405	100.477	188.985
145.374	100.899	188.617
145.309	100.857	188.621
145.220	100.843	188.942
145.194	100.855	189.062
145.200	100.717	188.999
145.178	100.574	189.054
145.191	100.462	189.041
145.245	100.428	188.959
145.296	100.408	188.848
145.320	100.339	188.861
145.348	100.210	188.921
145.354	100.079	188.997
145.335	99.880	189.081
145.317	99.612	189.160
145.247	99.431	189.234
145.215	99.180	189.294
145.153	98.983	189.335
145.084	98.767	189.381
145.008	98.549	189.421
144.929	98.309	189.492
144.834	98.129	189.555
144.761	97.987	189.626
144.692	97.883	189.670
144.652	97.824	189.694
144.663	97.835	189.674
144.707	97.906	189.652
144.785	98.085	189.582
144.879	98.396	189.494
145.011	98.828	189.398
145.176	99.427	189.240
145.363	100.250	189.038
145.427	100.877	188.696
145.335	100.893	188.576
145.232	100.884	188.850
145.243	100.837	189.054
145.206	100.791	188.999
145.183	100.607	189.060
145.193	100.486	189.068
145.213	100.436	189.010
145.282	100.434	188.874
145.323	100.371	188.843
145.359	100.270	188.897
145.348	100.125	188.978
145.368	99.924	189.050
145.333	99.682	189.144
145.286	99.452	189.217
145.235	99.240	189.284
145.179	99.048	189.336
145.097	98.829	189.381
145.031	98.598	189.413
144.952	98.332	189.477
144.852	98.151	189.550
144.775	97.969	189.635
144.701	97.831	189.689
144.661	97.754	189.709
144.633	97.747	189.704
144.655	97.804	189.680
144.732	97.957	189.628
144.833	98.213	189.549
144.962	98.655	189.456
145.124	99.232	189.309
145.299	100.060	189.110
145.434	100.909	188.859
145.362	100.889	188.577
145.260	100.857	188.787
145.238	100.824	189.067
145.204	100.800	189.054
145.203	100.655	189.041
145.206	100.500	189.051
145.237	100.422	189.018
145.294	100.424	188.895
145.334	100.389	188.874
145.374	100.274	188.895
145.366	100.179	188.977
145.379	99.987	189.044
145.351	99.738	189.114
145.309	99.537	189.193
145.263	99.346	189.260
145.203	99.137	189.317
145.138	98.963	189.353
145.070	98.721	189.391
144.984	98.514	189.437
144.902	98.306	189.504
144.821	98.164	189.577
144.744	98.038	189.638
144.703	97.954	189.665
144.689	97.914	189.674
144.715	97.958	189.643
144.772	98.073	189.608
144.840	98.292	189.541
144.955	98.639	189.451
145.093	99.107	189.333
145.237	99.802	189.170
145.431	100.630	188.961
145.361	100.927	188.591
145.297	100.886	188.657
145.231	100.895	188.975
145.225	100.839	189.009
145.209	100.720	189.013
145.186	100.572	189.081
145.205	100.453	189.056
145.236	100.473	188.965
145.302	100.449	188.854
145.333	100.399	188.843
145.391	100.256	188.905
145.385	100.138	188.990
145.378	99.924	189.069
145.335	99.678	189.156
145.298	99.471	189.225
145.234	99.244	189.288
145.177	99.019	189.341
145.100	98.774	189.385
145.012	98.537	189.425
144.931	98.271	189.494
144.823	98.067	189.576
144.735	97.897	189.666
144.662	97.751	189.711
144.636	97.670	189.729
144.616	97.672	189.710
144.650	97.724	189.681
144.719	97.908	189.640
144.827	98.198	189.552
144.965	98.675	189.439
145.129	99.331	189.285
145.340	100.144	189.070
145.422	100.903	188.741
145.346	100.861	188.553
145.257	100.801	188.832
145.218	100.821	189.078
145.200	100.749	189.038
145.189	100.616	189.027
145.198	100.484	189.029
145.245	100.426	188.980
145.275	100.442	188.887
145.324	100.372	188.859
145.363	100.280	188.891
145.361	100.138	188.973
145.368	99.938	189.029
145.340	99.699	189.117
145.289	99.498	189.194
145.246	99.303	189.260
145.186	99.113	189.311
145.105	98.927	189.354
145.044	98.705	189.396
144.971	98.462	189.441
144.892	98.280	189.510
144.826	98.134	189.566
144.747	98.022	189.640
144.702	97.955	189.660
144.685	97.935	189.660
144.716	97.984	189.629
144.776	98.112	189.595
144.867	98.361	189.519
144.970	98.715	189.429
145.109	99.221	189.303
145.276	99.915	189.123
145.445	100.760	188.909
145.387	100.868	188.561
145.273	100.890	188.696
145.223	100.897	189.009
145.219	100.820	188.987
145.203	100.670	189.030
145.184	100.528	189.072
145.181	100.499	189.067
145.248	100.467	188.932
145.312	100.440	188.825
145.352	100.402	188.841
145.384	100.285	188.910
145.380	100.123	188.990
145.375	99.913	189.071
145.328	99.667	189.155
145.284	99.454	189.233
145.231	99.210	189.288
145.154	99.004	189.339
145.091	98.749	189.387
145.005	98.486	189.422
144.911	98.234	189.501
144.818	98.043	189.580
144.733	97.872	189.671
144.660	97.731	189.709
144.630	97.671	189.719
144.625	97.650	189.703
144.658	97.745	189.682
144.737	97.934	189.634
144.855	98.254	189.536
144.998	98.745	189.425
145.158	99.421	189.258
145.360	100.261	189.040
145.425	100.878	188.676
145.309	100.907	188.597
145.235	100.830	188.895
145.206	100.844	189.113
145.223	100.718	189.025
145.209	100.603	189.044
145.203	100.509	189.048
145.241	100.468	188.985
145.298	100.457	188.887
145.331	100.349	188.881
145.357	100.274	188.921
145.360	100.130	188.992
145.370	99.891	189.059
145.342	99.677	189.141
145.292	99.482	189.227
145.231	99.289	189.283
145.180	99.084	189.334
145.098	98.897	189.377
145.040	98.664	189.409
144.957	98.429	189.466
144.873	98.258	189.531
144.795	98.123	189.597
144.733	98.008	189.659
144.687	97.958	189.669
144.689	97.939	189.655
144.720	98.010	189.636
144.790	98.160	189.585
144.862	98.431	189.508
144.999	98.805	189.414
145.119	99.373	189.280
145.300	100.085	189.096
145.443	100.859	188.845
145.329	100.930	188.581
145.231	100.941	188.754
145.233	100.905	189.040
145.201	100.844	188.995
145.188	100.676	189.052
145.168	100.553	189.073
145.202	100.464	189.047
145.268	100.454	188.903
145.323	100.425	188.830
145.360	100.364	188.862
145.397	100.209	188.915
145.372	100.073	189.014
145.356	99.852	189.088
145.317	99.595	189.179
145.261	99.392	189.256
145.203	99.149	189.316
145.131	98.929	189.367
145.054	98.673	189.401
144.977	98.427	189.450
144.873	98.179	189.525
144.785	97.975	189.614
144.686	97.805	189.698
144.628	97.681	189.725
144.609	97.642	189.738
144.620	97.657	189.717
144.660	97.774	189.676
144.749	97.986	189.607
144.869	98.360	189.501
145.026	98.901	189.385
145.199	99.636	189.199
145.404	100.525	188.967
145.365	100.921	188.593
145.253	100.907	188.658
145.192	100.823	188.978
145.203	100.783	189.091
145.205	100.694	189.000
145.191	100.558	189.042
145.199	100.451	189.012
145.244	100.461	188.938
145.310	100.410	188.847
145.327	100.336	188.873
145.371	100.200	188.921
145.358	100.035	188.991
145.354	99.835	189.069
145.301	99.600	189.152
145.252	99.410	189.226
145.216	99.206	189.287
145.152	99.009	189.337
145.073	98.816	189.378
144.998	98.592	189.414
144.928	98.358	189.473
144.852	98.201	189.542
144.768	98.088	189.605
144.721	97.965	189.654
144.690	97.929	189.661
144.692	97.945	189.647
144.739	98.030	189.626
144.812	98.218	189.556
144.918	98.497	189.472
145.038	98.918	189.373
145.164	99.542	189.229
145.358	100.271	189.028
145.423	100.886	188.695
145.313	100.911	188.590
145.270	100.864	188.825
145.228	100.879	189.030
145.205	100.807	188.994
145.178	100.629	189.076
145.181	100.508	189.071
145.214	100.491	189.016
145.289	100.477	188.851
145.329	100.456	188.811
145.386	100.360	188.860
145.387	100.242	188.933
145.396	100.074	189.001
145.374	99.861	189.104
145.335	99.615	189.176
145.269	99.388	189.249
145.214	99.129	189.317
145.145	98.882	189.366
145.063	98.635	189.396
144.971	98.377	189.455
144.876	98.127	189.537
144.763	97.921	189.648
144.687	97.716	189.711
144.618	97.594	189.744
144.600	97.541	189.741
144.608	97.565	189.725
144.657	97.668	189.689
144.738	97.913	189.629
144.874	98.302	189.518
145.040	98.864	189.391
145.235	99.633	189.199
145.423	100.597	188.967
145.385	100.895	188.558
145.249	100.906	188.682
145.189	100.822	189.022
145.202	100.780	189.122
145.196	100.657	189.026
145.196	100.532	189.046
145.229	100.446	189.012
145.281	100.432	188.919
145.329	100.414	188.855
145.352	100.319	188.877
145.362	100.210	188.952
145.364	100.043	189.017
145.352	99.833	189.089
145.334	99.613	189.156
145.276	99.416	189.231
145.208	99.229	189.283
145.171	99.024	189.325
145.098	98.825	189.367
145.011	98.630	189.412
144.942	98.386	189.486
144.862	98.221	189.550
144.792	98.104	189.608
144.733	97.987	189.654
144.713	97.941	189.664
144.704	97.944	189.652
144.756	98.038	189.619
144.819	98.212	189.553
144.911	98.497	189.480
145.026	98.918	189.388
145.176	99.499	189.230
145.342	100.277	189.043
145.411	100.933	188.712
145.328	100.897	188.581
145.252	100.877	188.816
145.234	100.890	189.036
145.209	100.803	188.987
145.180	100.634	189.076
145.183	100.512	189.069
145.212	100.480	189.022
145.281	100.484	188.869
145.329	100.462	188.808
145.379	100.395	188.861
145.410	100.270	188.923
145.388	100.111	189.007
145.377	99.871	189.099
145.319	99.648	189.179
145.282	99.402	189.252
145.224	99.156	189.310
145.154	98.931	189.352
145.069	98.672	189.397
144.984	98.423	189.444
144.883	98.155	189.535
144.770	97.953	189.644
144.703	97.770	189.699
144.631	97.633	189.741
144.607	97.585	189.736
144.611	97.592	189.723
144.658	97.694	189.691
144.739	97.905	189.630
144.859	98.276	189.530
145.005	98.827	189.409
145.207	99.529	189.217
145.404	100.464	188.999
145.383	100.908	188.606
145.284	100.878	188.639
145.195	100.817	188.975
145.207	100.795	189.123
145.196	100.687	189.038
145.201	100.550	189.045
145.221	100.478	189.020
145.261	100.468	188.942
145.304	100.458	188.852
145.341	100.373	188.870
145.388	100.227	188.929
145.381	100.088	189.002
145.372	99.876	189.072
145.332	99.629	189.138
145.285	99.476	189.206
145.237	99.272	189.267
145.173	99.081	189.323
145.104	98.848	189.365
145.032	98.641	189.415
144.958	98.404	189.461
144.863	98.236	189.540
144.796	98.102	189.605
144.732	97.992	189.645
144.703	97.910	189.662
144.700	97.924	189.655
144.735	97.978	189.627
144.803	98.126	189.578
144.882	98.388	189.501
144.997	98.786	189.417
145.149	99.307	189.275
145.331	100.033	189.083
145.457	100.834	188.836
145.329	100.924	188.569
145.275	100.874	188.738
145.230	100.871	189.032
145.236	100.791	188.974
145.199	100.651	189.043
145.181	100.519	189.064
145.205	100.460	189.042
145.278	100.444	188.886
145.326	100.412	188.809
145.379	100.347	188.840
145.392	100.248	188.912
145.386	100.086	188.996
145.391	99.864	189.075
145.336	99.608	189.156
145.277	99.410	189.241
145.226	99.166	189.303
145.160	98.951	189.349
145.086	98.701	189.382
144.994	98.461	189.432
144.911	98.214	189.503
144.794	98.032	189.600
144.707	97.852	189.677
144.651	97.725	189.725
144.634	97.656	189.712
144.632	97.669	189.699
144.680	97.765	189.673
144.754	97.964	189.613
144.877	98.303	189.517
145.012	98.825	189.404
145.200	99.466	189.215
145.378	100.345	189.008
145.414	100.866	188.643
145.308	100.883	188.598
145.240	100.814	188.926
145.221	100.806	189.098
145.205	100.736	189.016
145.190	100.564	189.038
145.202	100.466	189.032
145.246	100.432	188.972
145.311	100.412	188.871
145.330	100.358	188.868
145.352	100.253	188.923
145.381	100.073	188.994
145.369	99.882	189.067
145.327	99.648	189.155
145.286	99.449	189.219
145.233	99.239	189.296
145.166	99.045	189.331
145.090	98.859	189.373
145.027	98.619	189.414
144.959	98.406	189.475
144.865	98.228	189.539
144.793	98.095	189.612
144.732	97.988	189.662
144.702	97.943	189.677
144.702	97.945	189.663
144.738	98.027	189.629
144.803	98.181	189.577
144.897	98.451	189.496
145.015	98.852	189.401
145.162	99.406	189.253
145.342	100.143	189.068
145.433	100.916	188.798
145.347	100.914	188.580
145.258	100.911	188.765
145.234	100.921	189.033
145.241	100.795	188.969
145.184	100.687	189.078
145.152	100.573	189.092
145.196	100.503	189.049
145.282	100.445	188.892
145.297	100.476	188.836
145.367	100.371	188.849
145.398	100.240	188.929
145.378	100.084	189.017
145.356	99.887	189.112
145.325	99.597	189.178
145.271	99.400	189.262
145.219	99.127	189.325
145.140	98.885	189.370
145.080	98.647	189.405
144.974	98.386	189.458
144.875	98.127	189.533
144.781	97.925	189.631
144.685	97.743	189.707
144.624	97.619	189.743
144.601	97.575	189.747
144.606	97.591	189.719
144.659	97.707	189.685
144.740	97.936	189.622
144.875	98.319	189.514
145.038	98.893	189.387
145.227	99.629	189.196
145.426	100.583	188.961
145.386	100.894	188.565
145.288	100.850	188.670
145.189	100.834	189.009
145.219	100.746	189.109
145.203	100.676	189.022
145.220	100.516	189.038
145.222	100.460	189.008
145.267	100.432	188.914
145.326	100.405	188.852
145.352	100.339	188.874
145.361	100.226	188.936
145.376	100.039	189.004
145.354	99.830	189.082
145.306	99.606	189.166
145.259	99.414	189.222
145.225	99.218	189.281
145.150	99.033	189.333
145.094	98.801	189.366
145.009	98.599	189.409
144.941	98.367	189.486
144.850	98.197	189.551
144.776	98.081	189.611
144.711	97.979	189.654
144.702	97.934	189.653
144.705	97.931	189.646
144.748	98.034	189.617
144.820	98.207	189.563
144.895	98.506	189.489
145.031	98.909	189.387
145.172	99.483	189.227
145.360	100.254	189.042
145.414	100.893	188.707
145.333	100.901	188.578
145.251	100.879	188.817
145.203	100.908	189.047
145.210	100.793	188.984
145.169	100.649	189.069
145.192	100.501	189.067
145.225	100.449	189.008
145.285	100.481	188.868
145.337	100.414	188.812
145.389	100.338	188.851
145.393	100.219	188.931
145.389	100.037	189.006
145.361	99.820	189.103
145.324	99.597	189.177
145.270	99.352	189.258
145.216	99.113	189.323
145.157	98.882	189.353
145.040	98.648	189.404
144.972	98.370	189.451
144.873	98.130	189.534
144.776	97.929	189.631
144.680	97.756	189.706
144.619	97.631	189.737
144.602	97.577	189.733
144.613	97.595	189.720
144.656	97.704	189.686
144.748	97.936	189.625
144.869	98.304	189.519
145.039	98.872	189.381
145.215	99.651	189.198
145.433	100.551	188.960
145.388	100.899	188.576
145.258	100.892	188.667
145.214	100.803	188.993
145.222	100.769	189.112
145.213	100.664	189.021
145.218	100.529	189.034
145.244	100.425	189.012
145.277	100.427	188.921
145.317	100.407	188.860
145.356	100.303	188.879
145.382	100.168	188.944
145.376	100.031	189.010
145.369	99.798	189.084
145.313	99.571	189.169
145.267	99.382	189.243
145.218	99.176	189.294
145.153	98.992	189.342
145.087	98.771	189.383
145.007	98.566	189.426
144.929	98.339	189.488
144.853	98.180	189.562
144.785	98.054	189.621
144.733	97.951	189.664
144.703	97.914	189.672
144.704	97.943	189.653
144.761	98.043	189.621
144.829	98.245	189.546
144.932	98.540	189.471
145.062	98.980	189.366
145.206	99.624	189.200
145.392	100.405	189.000
145.394	100.901	188.645
145.314	100.907	188.619
145.248	100.880	188.894
145.214	100.891	189.033
145.218	100.767	189.003
145.202	100.574	189.064
145.181	100.484	189.075
145.221	100.464	189.001
145.296	100.458	188.854
145.358	100.386	188.821
145.369	100.320	188.889
145.396	100.174	188.958
145.378	99.986	189.041
145.355	99.750	189.136
145.314	99.519	189.202
145.251	99.305	189.281
145.184	99.087	189.340
145.119	98.847	189.381
145.040	98.595	189.410
144.954	98.335	189.481
144.849	98.110	189.563
144.761	97.917	189.652
144.689	97.760	189.715
144.632	97.666	189.732
144.625	97.652	189.729
144.644	97.695	189.701
144.703	97.848	189.661
144.807	98.111	189.583
144.936	98.539	189.467
145.099	99.130	189.331
145.289	99.923	189.128
145.449	100.836	188.877
145.320	100.950	188.566
145.202	100.933	188.773
145.197	100.833	189.057
145.196	100.791	189.059
145.198	100.661	189.024
145.209	100.509	189.035
145.216	100.478	189.008
145.289	100.446	188.887
145.333	100.405	188.862
145.362	100.319	188.893
145.369	100.183	188.962
145.382	100.009	189.030
145.345	99.766	189.101
145.289	99.572	189.179
145.246	99.388	189.246
145.198	99.177	189.303
145.136	98.963	189.347
145.058	98.751	189.384
144.988	98.532	189.432
144.905	98.313	189.495
144.830	98.146	189.572
144.751	98.027	189.631
144.709	97.922	189.669
144.688	97.886	189.665
144.707	97.915	189.652
144.754	98.034	189.618
144.827	98.230	189.542
144.928	98.559	189.465
145.070	99.023	189.351
145.226	99.682	189.183
145.398	100.541	188.979
145.397	100.885	188.604
145.301	100.896	188.638
145.243	100.863	188.933
145.227	100.839	189.014
145.213	100.736	188.999
145.165	100.579	189.070
145.209	100.457	189.051
145.238	100.454	188.967
145.296	100.445	188.846
145.338	100.385	188.832
145.386	100.271	188.900
145.368	100.152	188.982
145.377	99.936	189.046
145.339	99.706	189.139
145.305	99.500	189.220
145.249	99.255	189.268
145.187	99.041	189.336
145.104	98.809	189.377
145.016	98.575	189.408
144.958	98.312	189.472
144.848	98.119	189.558
144.760	97.934	189.644
144.689	97.779	189.699
144.640	97.700	189.712
144.641	97.673	189.705
144.655	97.719	189.678
144.729	97.881	189.638
144.834	98.151	189.555
144.948	98.580	189.452
145.117	99.175	189.308
145.301	99.992	189.106
145.448	100.840	188.843
145.342	100.907	188.554
145.282	100.816	188.760
145.209	100.833	189.064
145.218	100.732	189.038
145.208	100.635	189.022
145.215	100.523	189.044
145.227	100.460	189.006
145.288	100.441	188.890
145.328	100.388	188.862
145.365	100.297	188.902
145.385	100.160	188.960
145.382	99.984	189.037
145.351	99.741	189.111
145.308	99.529	189.188
145.257	99.329	189.259
145.196	99.167	189.322
145.137	98.956	189.360
145.069	98.738	189.399
144.994	98.507	189.440
144.927	98.312	189.502
144.836	98.147	189.578
144.767	98.031	189.635
144.723	97.968	189.661
144.703	97.933	189.664
144.721	97.978	189.647
144.780	98.090	189.604
144.848	98.304	189.538
144.955	98.653	189.457
145.100	99.101	189.333
145.257	99.780	189.165
145.423	100.609	188.957
145.358	100.942	188.606
145.300	100.896	188.646
145.235	100.909	188.950
145.200	100.869	189.010
145.210	100.728	189.014
145.172	100.587	189.085
145.192	100.462	189.070
145.237	100.484	188.966
145.321	100.460	188.836
145.348	100.442	188.820
145.399	100.342	188.881
145.372	100.224	188.970
145.390	99.989	189.039
145.366	99.763	189.139
145.316	99.554	189.209
145.247	99.321	189.277
145.183	99.051	189.346
145.107	98.814	189.385
145.037	98.556	189.423
144.937	98.281	189.488
144.827	98.049	189.579
144.736	97.845	189.672
144.648	97.675	189.731
144.604	97.576	189.747
144.587	97.552	189.739
144.608	97.590	189.718
144.671	97.741	189.671
144.783	98.020	189.592
144.913	98.486	189.476
145.095	99.114	189.321
145.286	99.950	189.110
145.451	100.846	188.836
145.316	100.918	188.548
145.236	100.847	188.798
145.182	100.827	189.080
145.209	100.709	189.062
145.179	100.646	189.033
145.196	100.506	189.033
145.238	100.445	188.992
145.284	100.453	188.879
145.330	100.363	188.855
145.358	100.268	188.899
145.372	100.110	188.978
145.366	99.971	189.039
145.332	99.732	189.114
145.302	99.547	189.188
145.242	99.356	189.253
145.190	99.142	189.300
145.125	98.951	189.352
145.057	98.731	189.384
144.968	98.516	189.438
144.896	98.297	189.505
144.834	98.147	189.579
144.750	98.006	189.636
144.716	97.934	189.668
144.696	97.900	189.669
144.700	97.937	189.646
144.766	98.065	189.603
144.840	98.283	189.536
144.954	98.621	189.451
145.089	99.091	189.334
145.255	99.757	189.158
145.433	100.624	188.950
145.365	100.920	188.587
145.295	100.890	188.639
145.251	100.860	188.957
145.212	100.836	189.001
145.199	100.750	189.014
145.189	100.553	189.058
145.207	100.465	189.061
145.247	100.474	188.964
145.308	100.449	188.841
145.364	100.385	188.832
145.395	100.279	188.898
145.392	100.119	188.974
145.384	99.930	189.061
145.350	99.678	189.144
145.321	99.471	189.213
145.243	99.228	189.281
145.170	99.038	189.341
145.115	98.774	189.380
145.036	98.544	189.420
144.945	98.285	189.483
144.842	98.084	189.569
144.753	97.922	189.660
144.680	97.751	189.708
144.649	97.689	189.725
144.636	97.669	189.713
144.661	97.730	189.693
144.736	97.921	189.636
144.842	98.197	189.539
144.984	98.647	189.436
145.140	99.279	189.290
145.333	100.084	189.078
145.449	100.868	188.765
145.348	100.884	188.558
145.249	100.838	188.827
145.213	100.821	189.077
145.207	100.746	189.033
145.212	100.587	189.017
145.202	100.515	189.038
145.247	100.443	188.988
145.297	100.442	188.876
145.338	100.350	188.856
145.370	100.258	188.894
145.388	100.126	188.964
145.388	99.930	189.036
145.352	99.689	189.125
145.300	99.514	189.194
145.232	99.332	189.259
145.198	99.107	189.311
145.128	98.910	189.359
145.056	98.686	189.402
144.977	98.466	189.448
144.897	98.263	189.512
144.824	98.127	189.577
144.751	98.002	189.639
144.692	97.937	189.668
144.699	97.926	189.664
144.714	97.970	189.639
144.786	98.100	189.592
144.861	98.330	189.518
144.978	98.682	189.428
145.102	99.194	189.313
145.285	99.890	189.129
145.443	100.732	188.915
145.393	100.871	188.563
145.277	100.896	188.689
145.235	100.882	188.990
145.221	100.801	188.985
145.196	100.677	189.024
145.185	100.536	189.071
145.194	100.462	189.061
145.258	100.473	188.932
145.304	100.449	188.837
145.364	100.362	188.839
145.370	100.292	188.901
145.374	100.127	188.990
145.362	99.916	189.067
145.341	99.658	189.156
145.308	99.461	189.229
145.234	99.216	189.293
145.162	98.995	189.349
145.081	98.753	189.386
145.005	98.496	189.431
144.917	98.241	189.510
144.806	98.044	189.583
144.722	97.852	189.674
144.655	97.715	189.725
144.624	97.644	189.731
144.610	97.644	189.720
144.661	97.712	189.692
144.726	97.905	189.647
144.842	98.234	189.534
144.986	98.734	189.425
145.163	99.437	189.257
145.362	100.259	189.041
145.405	100.911	188.677
145.280	100.940	188.597
145.219	100.839	188.904
145.187	100.861	189.125
145.195	100.726	189.032
145.204	100.575	189.028
145.209	100.486	189.033
145.252	100.472	188.971
145.295	100.472	188.868
145.342	100.385	188.865
145.371	100.262	188.911
145.366	100.141	188.994
145.371	99.926	189.059
145.335	99.694	189.146
145.273	99.518	189.219
145.224	99.304	189.280
145.170	99.086	189.325
145.113	98.872	189.368
145.032	98.665	189.412
144.958	98.428	189.463
144.879	98.243	189.530
144.799	98.109	189.599
144.737	97.975	189.654
144.695	97.928	189.679
144.692	97.907	189.658
144.716	97.973	189.636
144.797	98.111	189.582
144.867	98.390	189.513
144.981	98.753	189.418
145.115	99.294	189.282
145.303	99.981	189.092
145.450	100.834	188.871
145.345	100.904	188.566
145.266	100.902	188.730
145.230	100.895	189.032
145.230	100.815	188.989
145.197	100.671	189.045
145.189	100.517	189.054
145.201	100.453	189.054
145.268	100.437	188.911
145.306	100.447	188.838
145.362	100.346	188.861
145.385	100.240	188.929
145.368	100.078	189.010
145.367	99.846	189.090
145.335	99.598	189.171
145.288	99.393	189.244
145.221	99.153	189.310
145.160	98.939	189.355
145.073	98.705	189.404
144.999	98.466	189.447
144.906	98.213	189.516
144.813	98.024	189.601
144.726	97.861	189.674
144.660	97.720	189.711
144.631	97.668	189.717
144.626	97.671	189.701
144.670	97.773	189.670
144.756	97.964	189.615
144.871	98.297	189.515
145.014	98.811	189.397
145.197	99.512	189.224
145.395	100.358	189.008
145.410	100.901	188.635
145.321	100.867	188.608
145.236	100.817	188.924
145.226	100.813	189.100
145.221	100.697	189.007
145.206	100.568	189.028
145.199	100.484	189.039
145.267	100.430	188.962
145.293	100.443	188.862
145.340	100.347	188.863
145.367	100.217	188.922
145.373	100.078	188.996
145.352	99.882	189.068
145.334	99.632	189.147
145.285	99.459	189.219
145.225	99.250	189.284
145.181	99.038	189.333
145.102	98.831	189.373
145.037	98.603	189.410
144.947	98.375	189.465
144.864	98.207	189.545
144.788	98.094	189.609
144.730	97.974	189.658
144.696	97.916	189.666
144.701	97.922	189.663
144.724	97.994	189.632
144.806	98.165	189.572
144.901	98.447	189.494
145.030	98.864	189.390
145.170	99.424	189.240
145.343	100.177	189.052
145.429	100.892	188.749
145.337	100.895	188.578
145.280	100.858	188.776
145.213	100.899	189.051
145.218	100.803	188.989
145.172	100.661	189.075
145.196	100.478	189.064
145.212	100.457	189.030
145.296	100.439	188.869
145.328	100.396	188.821
145.354	100.364	188.875
145.394	100.196	188.942
145.378	100.033	189.019
145.373	99.774	189.105
145.329	99.565	189.188
145.266	99.337	189.264
145.205	99.098	189.323
145.143	98.879	189.366
145.049	98.618	189.401
144.964	98.360	189.466
144.867	98.135	189.542
144.775	97.923	189.636
144.685	97.762	189.701
144.635	97.649	189.729
144.610	97.594	189.732
144.617	97.627	189.713
144.676	97.752	189.682
144.752	97.994	189.614
144.890	98.384	189.497
145.058	98.955	189.366
145.243	99.725	189.162
145.439	100.681	188.940
145.366	100.919	188.563
145.278	100.858	188.693
145.197	100.821	189.024
145.197	100.783	189.095
145.217	100.649	189.015
145.203	100.530	189.046
145.221	100.495	189.014
145.275	100.475	188.906
145.337	100.424	188.854
145.363	100.338	188.879
145.373	100.232	188.945
145.390	100.080	189.009
145.362	99.845	189.077
145.325	99.630	189.157
145.279	99.442	189.222
145.228	99.241	189.281
145.144	99.059	189.334
145.080	98.835	189.379
145.019	98.593	189.410
144.930	98.377	189.491
144.847	98.205	189.557
144.790	98.062	189.619
144.710	97.940	189.664
144.692	97.885	189.674
144.681	97.897	189.662
144.729	97.977	189.629
144.808	98.140	189.575
144.896	98.431	189.499
145.012	98.863	189.398
145.160	99.470	189.243
145.329	100.283	189.068
145.421	100.925	188.721
145.312	100.920	188.577
145.260	100.878	188.822
145.244	100.835	189.051
145.202	100.811	188.992
145.193	100.622	189.056
145.192	100.491	189.059
145.218	100.456	189.018
145.294	100.448	188.867
145.346	100.390	188.829
145.380	100.302	188.873
145.395	100.174	188.950
145.372	100.026	189.042
145.363	99.759	189.124
145.313	99.541	189.197
145.260	99.337	189.272
145.206	99.099	189.327
145.123	98.888	189.370
145.041	98.659	189.406
144.969	98.413	189.464
144.883	98.161	189.533
144.786	97.995	189.622
144.693	97.832	189.695
144.641	97.733	189.714
144.634	97.692	189.716
144.654	97.708	189.694
144.706	97.848	189.661
144.798	98.090	189.574
144.924	98.478	189.476
145.083	99.018	189.341
145.249	99.812	189.157
145.454	100.670	188.919
145.385	100.880	188.556
145.247	100.890	188.694
145.230	100.802	189.005
145.212	100.796	189.069
145.221	100.646	189.002
145.196	100.531	189.037
145.222	100.452	189.021
145.285	100.421	188.912
145.311	100.395	188.859
145.348	100.325	188.879
145.376	100.196	188.946
145.380	100.021	189.007
145.347	99.799	189.094
145.317	99.574	189.175
145.262	99.387	189.243
145.208	99.197	189.301
145.162	98.976	189.345
145.079	98.772	189.381
145.005	98.560	189.420
144.933	98.345	189.483
144.851	98.174	189.552
144.771	98.050	189.616
144.704	97.968	189.657
144.704	97.912	189.667
144.712	97.938	189.647
144.747	98.037	189.613
144.831	98.215	189.555
144.922	98.527	189.468
145.056	98.947	189.358
145.208	99.557	189.194
145.380	100.378	189.008
145.431	100.867	188.650
145.329	100.887	188.598
145.271	100.843	188.861
145.229	100.875	189.021
145.224	100.760	188.989
145.185	100.592	189.069
145.197	100.460	189.063
145.229	100.440	188.991
145.300	100.451	188.855
145.338	100.424	188.816
145.382	100.328	188.885
145.402	100.174	188.948
145.384	99.981	189.035
145.362	99.751	189.121
145.317	99.521	189.194
145.259	99.325	189.262
145.199	99.074	189.330
145.126	98.849	189.375
145.050	98.596	189.401
144.958	98.337	189.473
144.863	98.117	189.548
144.758	97.918	189.650
144.684	97.762	189.708
144.637	97.653	189.729
144.615	97.624	189.725
144.627	97.665	189.703
144.698	97.812	189.657
144.790	98.069	189.586
144.915	98.488	189.478
145.091	99.066	189.328
145.280	99.859	189.136
145.452	100.811	188.913
145.354	100.921	188.554
145.279	100.853	188.727
145.215	100.812	189.056
145.198	100.792	189.065
145.226	100.636	189.011
145.216	100.523	189.036
145.239	100.450	189.005
145.270	100.476	188.906
145.308	100.442	188.859
145.356	100.344	188.897
145.378	100.190	188.957
145.369	100.020	189.026
145.356	99.778	189.105
145.303	99.569	189.180
145.240	99.394	189.257
145.206	99.167	189.310
145.131	98.979	189.355
145.069	98.758	189.401
144.984	98.540	189.427
144.913	98.310	189.495
144.830	98.149	189.569
144.759	98.030	189.641
144.709	97.939	189.663
144.684	97.914	189.667
144.710	97.944	189.650
144.760	98.052	189.606
144.844	98.260	189.545
144.931	98.611	189.460
145.067	99.050	189.349
145.218	99.719	189.178
145.401	100.541	188.968
145.383	100.903	188.605
145.289	100.918	188.642
145.249	100.859	188.938
145.216	100.858	189.018
145.212	100.739	189.002
145.177	100.578	189.065
145.197	100.478	189.061
145.238	100.444	188.963
145.309	100.419	188.842
145.352	100.376	188.824
145.360	100.304	188.904
145.386	100.138	188.982
145.368	99.940	189.058
145.347	99.708	189.146
145.298	99.472	189.213
145.235	99.248	189.281
145.183	99.041	189.337
145.106	98.803	189.372
145.024	98.567	189.413
144.933	98.316	189.487
144.842	98.093	189.570
144.759	97.919	189.660
144.680	97.773	189.714
144.637	97.683	189.720
144.621	97.656	189.719
144.658	97.718	189.688
144.713	97.887	189.643
144.823	98.155	189.557
144.961	98.590	189.454
145.108	99.211	189.303
145.302	100.068	189.105
145.447	100.854	188.815
145.342	100.894	188.563
145.280	100.809	188.776
145.239	100.787	189.068
145.210	100.741	189.045
145.221	100.637	189.020
145.216	100.515	189.039
145.245	100.461	188.998
145.285	100.464	188.894
145.343	100.377	188.864
145.370	100.273	188.895
145.379	100.167	188.976
145.388	99.961	189.035
145.344	99.749	189.121
145.287	99.548	189.187
145.255	99.331	189.257
145.198	99.125	189.318
145.131	98.913	189.359
145.063	98.708	189.397
144.981	98.467	189.452
144.904	98.271	189.511
144.826	98.133	189.585
144.746	98.037	189.644
144.707	97.955	189.668
144.707	97.935	189.665
144.731	97.962	189.640
144.785	98.094	189.598
144.860	98.338	189.531
144.976	98.684	189.438
145.116	99.170	189.311
145.284	99.850	189.120
145.461	100.704	188.924
145.370	100.899	188.567
145.284	100.890	188.676
145.243	100.888	188.983
145.221	100.822	188.997
145.193	100.712	189.033
145.202	100.542	189.072
145.200	100.465	189.056
145.268	100.444	188.935
145.319	100.452	188.832
145.374	100.371	188.828
145.406	100.263	188.892
145.395	100.117	188.977
145.381	99.928	189.064
145.345	99.670	189.156
145.298	99.456	189.225
145.243	99.218	189.284
145.176	99.002	189.340
145.090	98.764	189.386
145.019	98.508	189.427
144.922	98.243	189.503
144.811	98.029	189.578
144.724	97.825	189.670
144.654	97.681	189.722
144.611	97.596	189.728
144.605	97.593	189.725
144.642	97.661	189.703
144.706	97.840	189.650
144.818	98.138	189.551
144.969	98.624	189.446
145.127	99.304	189.282
145.338	100.172	189.065
145.443	100.882	188.723
145.324	100.880	188.562
145.266	100.779	188.849
145.223	100.781	189.089
145.188	100.745	189.045
145.183	100.624	189.036
145.208	100.511	189.027
145.260	100.442	188.958
145.299	100.441	188.861
145.337	100.379	188.856
145.361	100.290	188.906
145.372	100.142	188.977
145.369	99.953	189.046
145.340	99.724	189.124
145.290	99.512	189.192
145.237	99.323	189.253
145.184	99.118	189.309
145.112	98.913	189.354
145.057	98.696	189.398
144.960	98.479	189.448
144.884	98.280	189.517
144.814	98.137	189.586
144.739	98.011	189.647
144.704	97.956	189.664
144.694	97.931	189.662
144.715	97.976	189.639
144.780	98.109	189.591
144.857	98.342	189.522
144.961	98.690	189.433
145.098	99.209	189.312
145.274	99.897	189.132
145.438	100.749	188.923
145.366	100.914	188.570
145.281	100.905	188.685
145.227	100.910	188.991
145.231	100.822	188.980
145.187	100.732	189.033
145.172	100.566	189.079
145.198	100.481	189.064
145.247	100.495	188.938
145.309	100.471	188.835
145.364	100.408	188.822
145.389	100.316	188.905
145.395	100.140	188.980
145.371	99.964	189.068
145.338	99.697	189.152
145.299	99.487	189.222
145.249	99.232	189.287
145.171	98.997	189.353
145.102	98.761	189.395
145.016	98.501	189.438
144.923	98.224	189.512
144.815	98.012	189.595
144.728	97.820	189.685
144.641	97.662	189.725
144.614	97.589	189.749
144.602	97.573	189.734
144.643	97.637	189.710
144.704	97.823	189.661
144.829	98.123	189.572
144.961	98.620	189.449
145.146	99.295	189.281
145.343	100.146	189.068
145.420	100.929	188.726
145.296	100.922	188.580
145.265	100.789	188.858
145.207	100.821	189.104
145.189	100.764	189.058
145.209	100.582	189.030
145.218	100.493	189.025
145.249	100.468	188.967
145.319	100.445	188.855
145.348	100.374	188.858
145.383	100.279	188.900
145.397	100.124	188.982
145.374	99.965	189.055
145.344	99.714	189.120
145.304	99.512	189.183
145.253	99.331	189.239
145.200	99.137	189.305
145.130	98.923	189.359
145.068	98.697	189.394
144.977	98.471	189.446
144.898	98.278	189.511
144.824	98.141	189.578
144.759	98.018	189.638
144.707	97.929	189.659
144.704	97.922	189.653
144.723	97.972	189.633
144.783	98.081	189.594
144.854	98.300	189.524
144.970	98.667	189.445
145.094	99.146	189.316
145.258	99.809	189.150
145.440	100.654	188.929
145.386	100.878	188.560
145.262	100.928	188.665
145.206	100.909	188.977
145.210	100.826	188.990
145.228	100.697	189.007
145.187	100.550	189.063
145.191	100.466	189.055
145.259	100.460	188.946
145.302	100.471	188.840
145.376	100.391	188.823
145.391	100.286	188.898
145.395	100.131	188.970
145.380	99.930	189.049
145.350	99.701	189.142
145.297	99.484	189.215
145.234	99.247	189.277
145.182	99.027	189.333
145.092	98.801	189.386
145.022	98.541	189.423
144.925	98.286	189.486
144.836	98.067	189.578
144.733	97.889	189.671
144.656	97.723	189.721
144.621	97.640	189.728
144.611	97.623	189.728
144.640	97.679	189.696
144.704	97.836	189.653
144.814	98.121	189.567
144.948	98.559	189.461
145.114	99.204	189.309
145.306	100.016	189.089
145.427	100.902	188.825
145.330	100.906	188.554
145.235	100.861	188.801
145.214	100.805	189.073
145.229	100.700	189.034
145.214	100.622	189.023
145.200	100.531	189.041
145.239	100.458	188.983
145.297	100.471	188.872
145.323	100.418	188.857
145.354	100.331	188.900
145.398	100.167	188.957
145.368	100.006	189.036
145.343	99.768	189.111
145.307	99.536	189.183
145.246	99.387	189.254
145.192	99.180	189.312
145.125	98.945	189.348
145.065	98.715	189.390
144.978	98.499	189.437
144.898	98.287	189.509
144.813	98.133	189.583
144.751	97.996	189.652
144.695	97.928	189.671
144.681	97.892	189.672
144.697	97.936	189.649
144.762	98.045	189.608
144.839	98.285	189.541
144.947	98.629	189.460
145.090	99.100	189.335
145.253	99.789	189.158
145.432	100.642	188.947
145.396	100.876	188.570
145.296	100.892	188.655
145.240	100.864	188.976
145.226	100.825	189.006
145.226	100.708	189.015
145.203	100.549	189.059
145.193	100.508	189.060
145.249	100.467	188.950
145.305	100.456	188.837
145.344	100.405	188.840
145.394	100.258	188.899
145.381	100.131	188.984
145.376	99.931	189.065
145.361	99.683	189.148
145.307	99.479	189.220
145.245	99.237	189.278
145.170	99.040	189.340
145.102	98.798	189.378
145.010	98.557	189.427
144.928	98.288	189.495
144.844	98.091	189.572
144.736	97.928	189.664
144.677	97.762	189.714
144.643	97.687	189.727
144.632	97.682	189.706
144.664	97.752	189.686
144.734	97.933	189.641
144.853	98.227	189.539
144.979	98.697	189.437
145.153	99.341	189.276
145.338	100.170	189.065
145.436	100.907	188.736
145.341	100.892	188.571
145.223	100.867	188.851
145.228	100.827	189.087
145.221	100.742	189.027
145.203	100.603	189.029
145.201	100.487	189.041
145.236	100.436	188.995
145.294	100.423	188.892
145.322	100.371	188.869
145.363	100.245	188.903
145.368	100.144	188.974
145.373	99.924	189.059
145.340	99.700	189.132
145.300	99.483	189.209
145.246	99.283	189.273
145.185	99.104	189.325
145.121	98.908	189.369
145.049	98.681	189.404
144.972	98.462	189.449
144.887	98.260	189.524
144.813	98.122	189.589
144.743	98.001	189.654
144.702	97.938	189.668
144.696	97.932	189.664
144.729	97.972	189.636
144.785	98.106	189.594
144.858	98.361	189.525
144.971	98.742	189.428
145.125	99.230	189.300
145.298	99.924	189.124
145.441	100.809	188.907
145.348	100.917	188.570
145.278	100.894	188.705
145.216	100.919	189.016
145.220	100.826	188.979
145.218	100.658	189.027
145.174	100.544	189.072
145.212	100.456	189.050
145.253	100.464	188.919
145.324	100.429	188.822
145.363	100.375	188.831
145.397	100.253	188.913
145.401	100.099	188.983
145.377	99.880	189.069
145.340	99.651	189.166
145.289	99.455	189.234
145.232	99.181	189.294
145.162	98.973	189.350
145.088	98.724	189.388
145.001	98.469	189.430
144.904	98.212	189.513
144.807	98.002	189.603
144.708	97.818	189.685
144.648	97.672	189.723
144.608	97.601	189.735
144.613	97.596	189.726
144.648	97.688	189.688
144.728	97.880	189.635
144.845	98.210	189.543
144.989	98.740	189.407
145.162	99.411	189.239
145.375	100.282	189.022
145.407	100.894	188.650
145.280	100.924	188.595
145.223	100.826	188.911
145.209	100.816	189.110
145.197	100.732	189.031
145.183	100.587	189.030
145.194	100.488	189.025
145.271	100.459	188.953
145.308	100.445	188.849
145.333	100.393	188.863
145.380	100.244	188.899
145.378	100.147	188.988
145.377	99.927	189.055
145.340	99.709	189.131
145.301	99.507	189.193
145.247	99.326	189.259
145.184	99.114	189.309
145.119	98.890	189.360
145.039	98.686	189.398
144.974	98.448	189.443
144.888	98.266	189.514
144.816	98.118	189.591
144.735	98.003	189.648
144.700	97.921	189.671
144.693	97.899	189.664
144.723	97.937	189.636
144.789	98.087	189.596
144.867	98.328	189.520
144.983	98.709	189.428
145.107	99.235	189.313
145.277	99.950	189.123
145.438	100.793	188.904
145.345	100.941	188.574
145.286	100.887	188.706
145.210	100.932	189.030
145.233	100.800	188.985
145.216	100.660	189.029
145.189	100.569	189.068
145.203	100.457	189.047
145.280	100.448	188.911
145.296	100.464	188.843
145.376	100.353	188.854
145.400	100.255	188.926
145.379	100.116	189.008
145.375	99.886	189.078
145.339	99.648	189.170
145.276	99.431	189.234
145.223	99.198	189.301
145.155	98.990	189.362
145.094	98.733	189.389
145.011	98.495	189.423
144.914	98.245	189.512
144.810	98.051	189.601
144.737	97.893	189.678
144.665	97.750	189.709
144.640	97.691	189.716
144.642	97.695	189.709
144.679	97.783	189.673
144.766	97.980	189.614
144.860	98.312	189.527
145.011	98.810	189.415
145.177	99.480	189.233
145.379	100.344	189.021
145.411	100.873	188.650
145.315	100.892	188.601
145.221	100.834	188.929
145.233	100.780	189.097
145.226	100.691	189.014
145.204	100.574	189.034
145.217	100.478	189.029
145.266	100.455	188.964
145.308	100.444	188.862
145.335	100.372	188.862
145.356	100.303	188.918
145.381	100.132	188.983
145.376	99.928	189.062
145.338	99.700	189.141
145.288	99.502	189.207
145.245	99.306	189.276
145.192	99.101	189.310
145.105	98.894	189.364
145.042	98.681	189.402
144.972	98.448	189.450
144.878	98.271	189.520
144.809	98.133	189.599
144.746	98.002	189.654
144.710	97.943	189.653
144.698	97.946	189.657
144.733	97.992	189.636
144.795	98.127	189.572
144.880	98.383	189.509
144.985	98.752	189.417
145.133	99.289	189.292
145.303	99.978	189.106
145.458	100.830	188.891
145.339	100.913	188.570
145.256	100.908	188.715
145.219	100.905	189.017
145.230	100.800	188.973
145.194	100.672	189.039
145.190	100.536	189.069
145.210	100.448	189.049
145.269	100.462	188.910
145.322	100.445	188.831
145.365	100.395	188.830
145.387	100.307	188.912
145.396	100.129	188.975
145.383	99.909	189.069
145.347	99.663	189.156
145.305	99.468	189.231
145.238	99.210	189.291
145.163	98.984	189.348
145.080	98.730	189.386
144.996	98.481	189.429
144.913	98.216	189.506
144.812	98.008	189.607
144.717	97.824	189.682
144.647	97.676	189.731
144.619	97.602	189.732
144.612	97.609	189.717
144.643	97.673	189.690
144.723	97.859	189.649
144.834	98.173	189.543
144.985	98.667	189.428
145.145	99.364	189.274
145.354	100.224	189.056
145.410	100.904	188.691
145.288	100.938	188.583
145.222	100.841	188.883
145.220	100.794	189.103
145.207	100.727	189.041
145.216	100.554	189.019
145.221	100.479	189.020
145.258	100.464	188.953
145.328	100.439	188.847
145.327	100.419	188.867
145.368	100.313	188.912
145.394	100.152	188.976
145.385	99.975	189.043
145.324	99.761	189.122
145.301	99.556	189.182
145.246	99.350	189.244
145.195	99.128	189.302
145.124	98.938	189.348
145.050	98.719	189.392
144.969	98.479	189.452
144.890	98.285	189.510
144.817	98.142	189.580
144.742	98.012	189.652
144.700	97.917	189.670
144.700	97.888	189.663
144.715	97.939	189.645
144.767	98.060	189.601
144.849	98.285	189.532
144.956	98.633	189.444
145.103	99.102	189.326
145.248	99.798	189.149
145.427	100.660	188.936
145.378	100.898	188.580
145.311	100.847	188.643
145.244	100.850	188.967
145.195	100.871	189.017
145.212	100.713	189.009
145.181	100.595	189.061
145.196	100.474	189.052
145.257	100.459	188.942
145.309	100.459	188.839
145.360	100.383	188.840
145.389	100.286	188.912
145.382	100.140	188.990
145.383	99.918	189.052
145.349	99.696	189.149
145.308	99.482	189.220
145.241	99.261	189.282
145.161	99.031	189.333
145.103	98.806	189.379
145.016	98.551	189.423
144.935	98.305	189.495
144.841	98.094	189.574
144.752	97.919	189.659
144.678	97.768	189.708
144.640	97.693	189.715
144.631	97.670	189.712
144.666	97.741	189.691
144.731	97.904	189.645
144.829	98.180	189.555
144.974	98.633	189.448
145.124	99.254	189.300
145.333	100.060	189.084
145.455	100.874	188.803
145.341	100.890	188.565
145.242	100.855	188.811
145.198	100.850	189.089
145.202	100.757	189.040
145.210	100.652	189.029
145.207	100.540	189.041
145.243	100.466	188.985
145.297	100.465	188.882
145.328	100.420	188.860
145.383	100.311	188.897
145.384	100.204	188.969
145.387	100.017	189.034
145.350	99.771	189.107
145.313	99.547	189.192
145.248	99.411	189.250
145.211	99.183	189.308
145.135	98.987	189.354
145.069	98.749	189.388
144.986	98.526	189.433
144.915	98.328	189.505
144.844	98.164	189.576
144.766	98.039	189.639
144.715	97.947	189.663
144.697	97.912	189.663
144.715	97.949	189.638
144.762	98.054	189.619
144.845	98.249	189.547
144.946	98.592	189.469
145.081	99.036	189.350
145.235	99.698	189.179
145.412	100.523	188.981
145.394	100.901	188.623
145.337	100.854	188.626
145.217	100.906	188.937
145.239	100.832	189.008
145.205	100.748	189.000
145.178	100.584	189.062
145.191	100.491	189.073
145.253	100.471	188.965
145.313	100.452	188.847
145.343	100.411	188.829
145.389	100.308	188.894
145.408	100.155	188.964
145.403	99.938	189.035
145.356	99.717	189.140
145.316	99.506	189.195
145.248	99.281	189.277
145.191	99.055	189.329
145.104	98.828	189.369
145.031	98.574	189.408
144.948	98.322	189.482
144.842	98.096	189.560
144.736	97.929	189.654
144.670	97.776	189.710
144.629	97.669	189.721
144.625	97.642	189.717
144.645	97.700	189.697
144.713	97.847	189.652
144.806	98.120	189.558
144.937	98.549	189.458
145.108	99.139	189.318
145.296	99.925	189.114
145.456	100.818	188.866
145.361	100.889	188.550
145.243	100.860	188.762
145.197	100.839	189.067
145.195	100.776	189.045
145.203	100.645	189.006
145.188	100.552	189.042
145.229	100.458	188.997
145.283	100.449	188.894
145.330	100.388	188.848
145.343	100.334	188.887
145.381	100.180	188.952
145.364	100.031	189.023
145.344	99.764	189.101
145.300	99.570	189.177
145.249	99.368	189.238
145.207	99.183	189.303
145.143	98.961	189.346
145.073	98.761	189.390
144.986	98.522	189.425
144.907	98.331	189.502
144.837	98.162	189.570
144.758	98.023	189.630
144.700	97.932	189.669
144.693	97.896	189.670
144.697	97.913	189.652
144.752	98.019	189.625
144.832	98.228	189.551
144.932	98.546	189.472
145.071	99.009	189.346
145.222	99.673	189.185
145.396	100.492	188.980
145.395	100.903	188.615
145.267	100.940	188.636
145.232	100.869	188.944
145.213	100.859	189.025
145.210	100.747	188.995
145.186	100.569	189.060
145.195	100.493	189.061
145.250	100.437	188.971
145.296	100.445	188.848
145.352	100.384	188.825
145.375	100.292	188.902
145.383	100.158	188.978
145.370	99.976	189.055
145.354	99.713	189.130
145.302	99.525	189.198
145.249	99.315	189.272
145.185	99.081	189.324
145.110	98.845	189.370
145.040	98.629	189.406
144.954	98.367	189.474
144.862	98.150	189.548
144.777	97.978	189.637
144.700	97.828	189.699
144.657	97.735	189.714
144.643	97.708	189.705
144.660	97.763	189.684
144.730	97.919	189.641
144.825	98.164	189.558
144.961	98.574	189.460
145.105	99.187	189.324
145.303	99.929	189.116
145.458	100.829	188.864
145.349	100.912	188.564
145.283	100.831	188.755
145.220	100.832	189.054
145.218	100.749	189.047
145.205	100.648	189.025
145.211	100.520	189.042
145.246	100.446	189.008
145.295	100.444	188.901
145.340	100.392	188.853
145.372	100.319	188.880
145.391	100.206	188.958
145.387	100.012	189.022
145.345	99.796	189.105
145.319	99.588	189.177
145.254	99.391	189.249
145.217	99.196	189.299
145.144	98.980	189.345
145.076	98.771	189.380
145.005	98.537	189.437
144.921	98.334	189.495
144.842	98.173	189.561
144.769	98.037	189.634
144.711	97.954	189.669
144.705	97.911	189.661
144.703	97.944	189.645
144.756	98.044	189.612
144.833	98.258	189.551
144.938	98.580	189.468
145.078	99.031	189.347
145.218	99.676	189.180
145.408	100.506	188.983
145.394	100.891	188.619
145.305	100.902	188.630
145.233	100.875	188.939
145.215	100.861	189.020
145.219	100.751	189.004
145.191	100.569	189.065
145.194	100.483	189.064
145.243	100.472	188.969
145.306	100.451	188.853
145.360	100.386	188.839
145.379	100.308	188.892
145.372	100.193	188.975
145.389	99.945	189.042
145.361	99.730	189.132
145.309	99.512	189.207
145.256	99.297	189.274
145.179	99.079	189.329
145.118	98.833	189.381
145.028	98.609	189.414
144.958	98.347	189.479
144.852	98.126	189.561
144.762	97.955	189.647
144.677	97.794	189.707
144.643	97.710	189.715
144.628	97.683	189.706
144.644	97.744	189.689
144.713	97.887	189.645
144.811	98.151	189.560
144.939	98.573	189.465
145.106	99.179	189.313
145.296	99.954	189.112
145.460	100.816	188.860
145.338	100.900	188.557
145.255	100.855	188.759
145.220	100.810	189.049
145.210	100.752	189.038
145.197	100.653	189.021
145.193	100.523	189.040
145.236	100.433	189.007
145.278	100.443	188.896
145.318	100.406	188.855
145.353	100.318	188.890
145.380	100.159	188.956
145.364	100.016	189.035
145.347	99.765	189.103
145.308	99.559	189.177
145.258	99.379	189.252
145.212	99.172	189.302
145.135	98.978	189.348
145.069	98.752	189.376
144.998	98.532	189.433
144.914	98.316	189.495
144.834	98.161	189.573
144.755	98.027	189.636
144.700	97.932	189.668
144.692	97.886	189.671
144.700	97.915	189.656
144.752	98.010	189.613
144.824	98.216	189.550
144.930	98.558	189.465
145.071	99.025	189.350
145.222	99.664	189.173
145.415	100.500	188.981
145.375	100.905	188.615
145.322	100.870	188.625
145.235	100.861	188.947
145.194	100.874	189.035
145.215	100.740	188.996
145.188	100.568	189.065
145.206	100.458	189.060
145.236	100.460	188.974
145.313	100.442	188.840
145.350	100.376	188.829
145.386	100.260	188.898
145.388	100.141	188.976
145.376	99.951	189.059
145.340	99.710	189.151
145.311	99.491	189.213
145.252	99.272	189.275
145.185	99.063	189.327
145.113	98.835	189.368
145.035	98.599	189.411
144.956	98.337	189.471
144.848	98.135	189.561
144.761	97.961	189.649
144.694	97.798	189.706
144.653	97.712	189.713
144.655	97.696	189.704
144.660	97.747	189.688
144.725	97.895	189.640
144.835	98.161	189.557
144.952	98.577	189.456
145.113	99.181	189.318
145.300	99.933	189.117
145.444	100.834	188.872
145.361	100.897	188.555
145.263	100.858	188.762
145.212	100.827	189.060
145.200	100.769	189.045
145.211	100.652	189.025
145.211	100.538	189.057
145.236	100.451	189.004
145.294	100.421	188.897
145.331	100.399	188.866
145.346	100.321	188.891
145.391	100.163	188.956
145.367	100.019	189.031
145.354	99.759	189.114
145.312	99.556	189.181
145.255	99.376	189.255
145.209	99.172	189.307
145.145	98.969	189.350
145.063	98.759	189.397
144.998	98.543	189.434
144.913	98.325	189.504
144.833	98.158	189.579
144.756	98.019	189.639
144.699	97.926	189.673
144.695	97.897	189.677
144.691	97.923	189.658
144.756	98.030	189.620
144.826	98.238	189.558
144.937	98.556	189.465
145.074	99.034	189.352
145.227	99.689	189.181
145.417	100.510	188.971
145.395	100.885	188.610
145.282	100.931	188.643
145.240	100.852	188.937
145.203	100.864	189.028
145.209	100.760	189.002
145.184	100.569	189.066
145.190	100.475	189.062
145.246	100.456	188.965
145.311	100.444	188.849
145.334	100.380	188.837
145.377	100.258	188.906
145.391	100.120	188.978
145.361	99.941	189.058
145.336	99.707	189.144
145.286	99.486	189.216
145.224	99.274	189.281
145.175	99.034	189.328
145.102	98.814	189.368
145.026	98.563	189.416
144.941	98.323	189.476
144.842	98.112	189.561
144.758	97.945	189.648
144.682	97.781	189.700
144.652	97.700	189.701
144.625	97.691	189.713
144.665	97.738	189.681
144.714	97.910	189.642
144.819	98.154	189.551
144.959	98.594	189.447
145.120	99.214	189.304
145.304	100.011	189.098
145.446	100.850	188.841
145.331	100.904	188.559
145.259	100.840	188.777
145.234	100.792	189.050
145.206	100.770	189.041
145.190	100.675	189.021
145.198	100.524	189.039
145.231	100.440	188.998
145.290	100.442	188.883
145.320	100.390	188.859
145.330	100.335	188.892
145.373	100.168	188.962
145.367	99.986	189.029
145.322	99.755	189.120
145.309	99.546	189.179
145.248	99.365	189.258
145.208	99.151	189.316
145.132	98.938	189.351
145.068	98.720	189.390
144.987	98.507	189.438
144.910	98.293	189.501
144.831	98.123	189.572
144.742	97.990	189.642
144.699	97.902	189.677
144.683	97.879	189.670
144.693	97.905	189.655
144.743	98.022	189.619
144.823	98.228	189.550
144.937	98.559	189.458
145.078	99.047	189.352
145.253	99.704	189.165
145.430	100.563	188.965
145.404	100.875	188.595
145.312	100.880	188.643
145.218	100.883	188.973
145.214	100.845	189.025
145.219	100.707	189.003
145.204	100.566	189.062
145.190	100.481	189.058
145.258	100.437	188.958
145.307	100.437	188.851
145.339	100.379	188.858
145.376	100.260	188.914
145.370	100.120	189.004
145.363	99.907	189.082
145.338	99.657	189.157
145.293	99.455	189.231
145.230	99.216	189.292
145.153	99.040	189.344
145.093	98.794	189.384
145.015	98.570	189.420
144.933	98.310	189.491
144.838	98.109	189.572
144.760	97.948	189.657
144.686	97.817	189.696
144.660	97.745	189.708
144.653	97.745	189.696
144.683	97.808	189.668
144.748	97.983	189.614
144.863	98.279	189.533
144.989	98.714	189.418
145.150	99.357	189.278
145.339	100.158	189.062
145.434	100.881	188.742
145.326	100.905	188.582
145.266	100.824	188.821
145.233	100.829	189.070
145.222	100.758	189.015
145.199	100.608	189.043
145.203	100.500	189.048
145.235	100.422	188.992
145.292	100.401	188.881
145.335	100.350	188.852
145.378	100.228	188.895
145.373	100.121	188.975
145.370	99.925	189.046
145.337	99.700	189.131
145.303	99.488	189.213
145.244	99.310	189.272
145.185	99.093	189.319
145.120	98.896	189.359
145.050	98.688	189.393
144.966	98.470	189.441
144.887	98.268	189.505
144.816	98.113	189.596
144.749	97.993	189.651
144.700	97.925	189.682
144.685	97.904	189.675
144.708	97.955	189.642
144.779	98.084	189.607
144.849	98.337	189.522
144.967	98.717	189.428
145.117	99.224	189.303
145.284	99.942	189.115
145.455	100.790	188.904
145.335	100.907	188.575
145.251	100.931	188.727
145.238	100.875	189.019
145.208	100.840	189.004
145.200	100.682	189.035
145.193	100.542	189.059
145.215	100.443	189.047
145.263	100.453	188.915
145.323	100.394	188.827
145.353	100.345	188.861
145.377	100.229	188.937
145.378	100.056	189.013
145.370	99.836	189.087
145.318	99.607	189.176
145.275	99.409	189.242
145.219	99.185	189.300
145.154	98.961	189.351
145.078	98.746	189.391
145.000	98.501	189.436
144.917	98.251	189.507
144.820	98.082	189.588
144.738	97.909	189.669
144.676	97.790	189.710
144.646	97.726	189.712
144.640	97.737	189.695
144.685	97.822	189.669
144.759	98.026	189.605
144.867	98.341	189.517
145.018	98.835	189.386
145.195	99.486	189.219
145.374	100.341	189.017
145.401	100.925	188.658
145.321	100.880	188.600
145.230	100.855	188.919
145.224	100.807	189.084
145.202	100.737	189.007
145.205	100.562	189.027
145.217	100.454	189.034
145.251	100.443	188.974
145.297	100.432	188.864
145.319	100.374	188.869
145.370	100.238	188.915
145.367	100.111	188.985
145.346	99.915	189.064
145.328	99.649	189.139
145.294	99.464	189.223
145.226	99.261	189.281
145.170	99.061	189.321
145.106	98.859	189.366
145.033	98.642	189.405
144.949	98.397	189.463
144.865	98.212	189.540
144.793	98.065	189.604
144.719	97.954	189.661
144.690	97.892	189.676
144.679	97.881	189.671
144.712	97.931	189.646
144.779	98.092	189.597
144.862	98.370	189.515
144.988	98.777	189.410
145.144	99.331	189.266
145.322	100.080	189.075
145.458	100.855	188.815
145.342	100.893	188.566
145.266	100.856	188.773
145.224	100.866	189.053
145.218	100.788	188.990
145.205	100.645	189.048
145.183	100.533	189.064
145.215	100.437	189.027
145.291	100.433	188.886
145.319	100.377	188.832
145.352	100.288	188.876
145.389	100.146	188.950
145.377	99.987	189.022
145.349	99.743	189.110
145.312	99.529	189.188
145.256	99.322	189.259
145.204	99.100	189.310
145.124	98.895	189.363
145.055	98.676	189.398
144.977	98.415	189.454
144.885	98.178	189.531
144.796	98.005	189.611
144.706	97.870	189.680
144.663	97.747	189.704
144.654	97.703	189.713
144.658	97.744	189.685
144.707	97.860	189.654
144.792	98.098	189.577
144.918	98.477	189.482
145.071	99.011	189.358
145.249	99.751	189.164
145.430	100.650	188.937
145.406	100.867	188.554
145.287	100.876	188.681
145.200	100.855	189.012
145.240	100.778	189.058
145.207	100.702	189.013
145.203	100.532	189.046
145.217	100.480	189.019
145.280	100.440	188.920
145.310	100.425	188.865
145.332	100.375	188.889
145.385	100.211	188.932
145.367	100.069	189.007
145.359	99.834	189.078
145.316	99.613	189.169
145.265	99.428	189.240
145.218	99.230	189.299
145.145	99.023	189.338
145.083	98.818	189.379
145.012	98.594	189.425
144.937	98.357	189.483
144.857	98.186	189.556
144.789	98.051	189.626
144.716	97.954	189.658
144.701	97.900	189.670
144.696	97.924	189.662
144.738	98.003	189.635
144.817	98.180	189.572
144.903	98.473	189.493
145.032	98.926	189.382
145.193	99.528	189.216
145.360	100.328	189.030
145.394	100.938	188.688
145.303	100.946	188.603
145.249	100.887	188.869
145.242	100.848	189.041
145.219	100.786	189.001
145.202	100.581	189.058
145.196	100.501	189.062
145.237	100.442	189.002
145.309	100.432	188.855
145.324	100.439	188.828
145.371	100.314	188.876
145.388	100.198	188.957
145.380	100.023	189.033
145.356	99.769	189.125
145.311	99.553	189.190
145.267	99.346	189.254
145.203	99.116	189.319
145.119	98.892	189.366
145.046	98.660	189.403
144.965	98.400	189.460
144.868	98.158	189.539
144.779	97.978	189.636
144.701	97.807	189.699
144.653	97.701	189.711
144.633	97.666	189.711
144.643	97.692	189.702
144.694	97.823	189.665
144.791	98.049	189.594
144.913	98.446	189.492
145.069	98.988	189.353
145.244	99.767	189.169
145.433	100.677	188.939
145.391	100.865	188.556
145.284	100.870	188.684
145.197	100.831	189.011
145.199	100.799	189.080
145.206	100.690	189.005
145.175	100.605	189.059
145.230	100.456	189.014
145.281	100.445	188.919
145.315	100.424	188.859
145.352	100.345	188.867
145.382	100.221	188.932
145.349	100.091	189.011
145.341	99.854	189.084
145.325	99.612	189.160
145.275	99.424	189.232
145.217	99.226	189.285
145.156	99.012	189.332
145.086	98.793	189.378
145.007	98.585	189.419
144.926	98.360	189.484
144.843	98.186	189.555
144.774	98.041	189.619
144.706	97.949	189.662
144.688	97.891	189.675
144.691	97.904	189.661
144.738	97.980	189.630
144.811	98.162	189.568
144.908	98.476	189.483
145.031	98.902	189.378
145.187	99.486	189.218
145.372	100.275	189.027
145.396	100.925	188.683
145.312	100.920	188.586
145.223	100.917	188.861
145.222	100.881	189.057
145.248	100.748	188.985
145.213	100.569	189.051
145.197	100.486	189.050
145.238	100.436	188.993
145.288	100.464	188.864
145.332	100.389	188.832
145.343	100.350	188.896
145.387	100.154	188.964
145.381	99.979	189.043
145.353	99.753	189.129
145.314	99.524	189.200
145.263	99.319	189.260
145.194	99.095	189.316
145.125	98.876	189.364
145.036	98.660	189.413
144.967	98.387	189.463
144.872	98.167	189.530
144.783	97.981	189.633
144.698	97.825	189.699
144.666	97.716	189.711
144.647	97.689	189.719
144.643	97.712	189.690
144.704	97.842	189.656
144.797	98.078	189.583
144.913	98.476	189.484
145.076	99.024	189.348
145.262	99.786	189.160
145.451	100.677	188.924
145.367	100.910	188.563
145.254	100.896	188.705
145.221	100.812	189.016
145.223	100.766	189.065
145.224	100.677	189.008
145.211	100.534	189.043
145.227	100.455	189.019
145.288	100.436	188.914
145.329	100.388	188.862
145.365	100.323	188.880
145.385	100.190	188.941
145.361	100.061	189.017
145.365	99.797	189.082
145.324	99.567	189.164
145.256	99.390	189.244
145.211	99.175	189.306
145.162	98.976	189.346
145.078	98.769	189.389
145.000	98.548	189.426
144.919	98.322	189.498
144.839	98.163	189.566
144.768	98.025	189.629
144.710	97.938	189.668
144.689	97.897	189.669
144.695	97.911	189.656
144.741	98.007	189.637
144.822	98.209	189.560
144.918	98.527	189.479
145.053	98.967	189.362
145.208	99.591	189.195
145.393	100.423	188.998
145.404	100.910	188.640
145.319	100.901	188.615
145.250	100.874	188.901
145.233	100.837	189.038
145.216	100.763	189.000
145.202	100.580	189.061
145.201	100.480	189.060
145.243	100.437	188.978
145.305	100.427	188.853
145.347	100.365	188.839
145.365	100.272	188.899
145.383	100.147	188.980
145.371	99.953	189.058
145.341	99.711	189.138
145.301	99.498	189.212
145.240	99.279	189.281
145.183	99.069	189.328
145.108	98.840	189.376
145.031	98.617	189.412
144.950	98.364	189.477
144.856	98.160	189.553
144.773	97.974	189.638
144.693	97.818	189.703
144.647	97.741	189.707
144.635	97.723	189.706
144.655	97.751	189.679
144.720	97.918	189.639
144.820	98.182	189.555
144.951	98.590	189.447
145.102	99.205	189.310
145.291	99.987	189.122
145.434	100.866	188.872
145.331	100.922	188.566
145.251	100.861	188.765
145.216	100.834	189.057
145.201	100.774	189.046
145.203	100.675	189.030
145.204	100.522	189.040
145.227	100.452	189.006
145.295	100.428	188.890
145.329	100.398	188.861
145.337	100.329	188.886
145.375	100.177	188.949
145.384	99.981	189.022
145.343	99.764	189.101
145.304	99.572	189.176
145.252	99.375	189.246
145.202	99.189	189.308
145.136	98.980	189.345
145.066	98.770	189.377
144.993	98.530	189.428
144.915	98.326	189.497
144.832	98.166	189.567
144.763	98.026	189.632
144.703	97.929	189.664
144.697	97.881	189.671
144.686	97.910	189.651
144.743	98.017	189.617
144.818	98.218	189.553
144.930	98.539	189.468
145.070	99.004	189.348
145.226	99.662	189.184
145.405	100.489	188.977
145.381	100.912	188.623
145.276	100.920	188.632
145.218	100.901	188.951
145.225	100.829	189.023
145.228	100.710	188.996
145.192	100.563	189.069
145.209	100.448	189.050
145.259	100.424	188.962
145.299	100.422	188.846
145.349	100.361	188.843
145.387	100.261	188.903
145.385	100.138	188.977
145.372	99.940	189.049
145.346	99.712	189.152
145.291	99.505	189.209
145.247	99.281	189.270
145.180	99.072	189.327
145.114	98.832	189.371
145.021	98.598	189.418
144.950	98.343	189.475
144.857	98.125	189.556
144.763	97.947	189.648
144.702	97.799	189.699
144.658	97.722	189.711
144.642	97.702	189.707
144.658	97.740	189.685
144.730	97.897	189.642
144.830	98.156	189.557
144.955	98.579	189.456
145.108	99.162	189.315
145.299	99.961	189.116
145.459	100.827	188.855
145.341	100.901	188.557
145.272	100.844	188.761
145.201	100.853	189.066
145.230	100.746	189.036
145.211	100.641	189.011
145.213	100.539	189.047
145.247	100.433	189.001
145.296	100.450	188.889
145.323	100.395	188.859
145.358	100.316	188.885
145.394	100.171	188.953
145.378	100.013	189.028
145.357	99.764	189.094
145.320	99.550	189.181
145.257	99.380	189.255
145.214	99.170	189.307
145.142	98.986	189.348
145.076	98.740	189.389
144.996	98.534	189.432
144.922	98.319	189.505
144.840	98.164	189.575
144.766	98.034	189.638
144.712	97.940	189.673
144.690	97.898	189.664
144.702	97.927	189.661
144.755	98.048	189.615
144.836	98.246	189.550
144.943	98.577	189.464
145.069	99.030	189.350
145.227	99.695	189.180
145.418	100.537	188.974
145.399	100.892	188.607
145.322	100.869	188.635
145.227	100.884	188.945
145.233	100.834	189.019
145.231	100.727	188.996
145.190	100.567	189.066
145.206	100.484	189.056
145.240	100.467	188.966
145.311	100.423	188.850
145.347	100.398	188.829
145.363	100.334	188.900
145.383	100.177	188.973
145.399	99.956	189.038
145.345	99.747	189.132
145.301	99.527	189.202
145.238	99.326	189.270
145.170	99.099	189.324
145.104	98.855	189.374
145.028	98.630	189.407
144.946	98.354	189.466
144.861	98.128	189.556
144.760	97.953	189.645
144.681	97.794	189.699
144.643	97.701	189.713
144.631	97.680	189.706
144.640	97.728	189.690
144.716	97.873	189.650
144.810	98.122	189.560
144.940	98.537	189.459
145.097	99.145	189.322
145.287	99.912	189.130
145.440	100.818	188.889
145.362	100.897	188.558
145.241	100.872	188.751
145.192	100.839	189.055
145.214	100.765	189.046
145.203	100.659	189.018
145.214	100.506	189.036
145.230	100.463	189.006
145.285	100.449	188.899
145.320	100.418	188.862
145.353	100.312	188.886
145.374	100.184	188.942
145.368	100.025	189.016
145.351	99.799	189.096
145.304	99.579	189.178
145.268	99.401	189.241
145.209	99.186	189.299
145.150	98.982	189.348
145.075	98.769	189.385
144.991	98.552	189.420
144.909	98.320	189.498
144.830	98.165	189.570
144.757	98.020	189.639
144.710	97.918	189.670
144.683	97.863	189.676
144.690	97.890	189.663
144.743	97.986	189.628
144.819	98.181	189.559
144.914	98.516	189.476
145.054	98.966	189.359
145.216	99.616	189.196
145.398	100.431	188.991
145.380	100.934	188.634
145.293	100.927	188.629
145.227	100.876	188.938
145.224	100.833	189.031
145.191	100.777	189.016
145.204	100.548	189.055
145.203	100.462	189.055
145.248	100.417	188.973
145.318	100.405	188.846
145.353	100.359	188.845
145.370	100.262	188.912
145.381	100.109	188.987
145.368	99.901	189.061
145.352	99.654	189.146
145.286	99.481	189.224
145.241	99.244	189.288
145.164	99.044	189.336
145.098	98.824	189.377
145.030	98.588	189.416
144.945	98.342	189.481
144.861	98.143	189.557
144.764	97.963	189.644
144.704	97.828	189.697
144.658	97.745	189.709
144.647	97.730	189.697
144.665	97.804	189.674
144.743	97.957	189.625
144.841	98.230	189.537
144.968	98.657	189.432
145.125	99.292	189.298
145.315	100.071	189.091
145.450	100.865	188.799
145.317	100.921	188.573
145.255	100.847	188.790
145.240	100.795	189.058
145.216	100.770	189.027
145.219	100.606	189.024
145.200	100.507	189.040
145.238	100.432	188.995
145.291	100.438	188.891
145.330	100.378	188.855
145.357	100.299	188.893
145.341	100.207	188.972
145.375	99.977	189.032
145.338	99.764	189.121
145.302	99.547	189.190
145.255	99.357	189.261
145.201	99.150	189.306
145.128	98.960	189.355
145.067	98.745	189.383
144.979	98.516	189.439
144.899	98.306	189.502
144.834	98.150	189.584
144.753	98.016	189.641
144.710	97.926	189.672
144.682	97.901	189.674
144.711	97.925	189.645
144.758	98.047	189.611
144.838	98.260	189.544
144.947	98.588	189.468
145.081	99.061	189.342
145.235	99.726	189.167
145.424	100.558	188.958
145.390	100.897	188.595
145.325	100.856	188.637
145.238	100.869	188.946
145.218	100.840	189.015
145.222	100.724	188.999
145.187	100.564	189.060
145.204	100.464	189.053
145.244	100.439	188.961
145.305	100.435	188.846
145.355	100.380	188.842
145.374	100.285	188.903
145.379	100.154	188.991
145.387	99.935	189.053
145.338	99.696	189.148
145.299	99.500	189.215
145.243	99.271	189.280
145.172	99.068	189.339
145.104	98.835	189.374
145.028	98.607	189.415
144.931	98.355	189.484
144.839	98.147	189.566
144.758	97.983	189.638
144.698	97.830	189.696
144.650	97.752	189.711
144.643	97.738	189.702
144.661	97.798	189.682
144.734	97.958	189.631
144.833	98.227	189.544
144.954	98.648	189.445
145.118	99.229	189.308
145.302	99.989	189.100
145.453	100.845	188.846
145.365	100.885	188.566
145.277	100.836	188.764
145.217	100.846	189.063
145.208	100.779	189.026
145.186	100.675	189.032
145.193	100.524	189.044
145.230	100.431	189.009
145.283	100.431	188.898
145.312	100.399	188.857
145.351	100.296	188.897
145.365	100.186	188.969
145.379	99.978	189.031
145.340	99.748	189.116
145.306	99.544	189.191
145.229	99.362	189.270
145.183	99.139	189.318
145.130	98.935	189.355
145.060	98.736	189.392
144.975	98.497	189.441
144.897	98.288	189.509
144.809	98.126	189.585
144.746	97.994	189.640
144.694	97.914	189.674
144.683	97.875	189.675
144.695	97.918	189.654
144.745	98.026	189.611
144.827	98.227	189.550
144.941	98.571	189.451
145.067	99.057	189.346
145.238	99.713	189.167
145.425	100.562	188.969
145.383	100.903	188.595
145.291	100.895	188.643
145.236	100.874	188.958
145.233	100.808	189.000
145.199	100.748	189.017
145.209	100.545	189.051
145.207	100.457	189.051
145.235	100.456	188.963
145.312	100.413	188.842
145.333	100.376	188.836
145.376	100.246	188.908
145.363	100.119	188.994
145.372	99.899	189.066
145.334	99.644	189.155
145.286	99.442	189.215
145.234	99.226	189.284
145.166	99.025	189.335
145.082	98.797	189.384
145.015	98.565	189.407
144.931	98.296	189.497
144.832	98.100	189.568
144.763	97.943	189.649
144.684	97.803	189.701
144.651	97.716	189.712
144.644	97.710	189.704
144.668	97.771	189.676
144.746	97.945	189.623
144.844	98.234	189.546
144.972	98.689	189.435
145.136	99.315	189.284
145.310	100.129	189.081
145.441	100.869	188.760
145.327	100.884	188.574
145.259	100.818	188.808
145.203	100.817	189.077
145.203	100.753	189.040
145.191	100.644	189.035
145.207	100.524	189.034
145.248	100.471	188.981
145.292	100.489	188.864
145.356	100.405	188.846
145.373	100.354	188.895
145.404	100.194	188.945
145.390	100.038	189.017
145.355	99.799	189.093
145.306	99.626	189.181
145.268	99.420	189.233
145.219	99.212	189.278
145.155	99.003	189.334
145.078	98.776	189.379
144.995	98.573	189.427
144.912	98.369	189.488
144.842	98.193	189.562
144.766	98.060	189.625
144.716	97.966	189.658
144.702	97.920	189.665
144.714	97.930	189.656
144.753	98.030	189.622
144.830	98.208	189.551
144.929	98.517	189.473
145.060	98.948	189.367
145.204	99.565	189.207
145.389	100.357	189.014
145.419	100.897	188.661
145.318	100.911	188.604
145.241	100.881	188.857
145.239	100.850	189.027
145.215	100.792	188.988
145.198	100.585	189.053
145.196	100.492	189.057
145.220	100.470	189.005
145.293	100.479	188.850
145.347	100.434	188.807
145.381	100.360	188.868
145.407	100.236	188.941
145.384	100.043	189.020
145.370	99.814	189.107
145.319	99.585	189.188
145.264	99.372	189.254
145.204	99.131	189.318
145.123	98.905	189.366
145.047	98.653	189.403
144.960	98.390	189.454
144.865	98.140	189.541
144.761	97.955	189.633
144.688	97.767	189.703
144.627	97.655	189.733
144.611	97.601	189.728
144.615	97.617	189.715
144.673	97.721	189.685
144.762	97.963	189.620
144.880	98.353	189.504
145.049	98.894	189.377
145.240	99.656	189.192
145.424	100.554	188.954
145.389	100.893	188.570
145.264	100.891	188.670
145.196	100.826	188.998
145.199	100.801	189.115
145.217	100.671	189.011
145.214	100.534	189.033
145.233	100.454	189.011
145.274	100.447	188.923
145.315	100.420	188.854
145.357	100.333	188.874
145.363	100.241	188.942
145.373	100.064	189.000
145.362	99.854	189.078
145.316	99.641	189.163
145.273	99.428	189.224
145.208	99.229	189.288
145.149	99.052	189.339
145.087	98.832	189.370
145.027	98.614	189.416
144.931	98.378	189.483
144.852	98.213	189.549
144.776	98.076	189.613
144.716	97.964	189.668
144.683	97.898	189.674
144.694	97.905	189.660
144.730	97.981	189.630
144.798	98.151	189.579
144.896	98.437	189.492
145.010	98.863	189.396
145.164	99.449	189.249
145.342	100.223	189.054
145.425	100.925	188.736
145.346	100.897	188.573
145.283	100.845	188.811
145.250	100.847	189.038
145.210	100.819	188.994
145.197	100.632	189.058
145.195	100.509	189.061
145.230	100.446	189.015
145.298	100.456	188.870
145.332	100.414	188.821
145.382	100.329	188.873
145.400	100.187	188.946
145.375	100.012	189.034
145.355	99.778	189.109
145.312	99.563	189.194
145.257	99.359	189.256
145.211	99.134	189.312
145.134	98.930	189.357
145.054	98.694	189.395
144.979	98.457	189.439
144.897	98.209	189.521
144.793	98.020	189.614
144.713	97.875	189.685
144.660	97.752	189.712
144.645	97.700	189.699
144.642	97.729	189.695
144.708	97.846	189.661
144.797	98.058	189.590
144.916	98.427	189.485
145.070	98.966	189.359
145.236	99.690	189.178
145.430	100.604	188.963
145.393	100.900	188.575
145.269	100.908	188.665
145.212	100.839	188.992
145.215	100.803	189.078
145.212	100.717	189.002
145.210	100.544	189.034
145.218	100.466	189.024
145.275	100.420	188.939
145.293	100.435	188.872
145.343	100.346	188.869
145.369	100.234	188.932
145.375	100.067	188.998
145.366	99.859	189.074
145.331	99.653	189.159
145.291	99.443	189.225
145.219	99.230	189.286
145.162	99.041	189.336
145.098	98.828	189.367
145.018	98.606	189.419
144.943	98.365	189.469
144.860	98.187	189.553
144.780	98.049	189.616
144.728	97.934	189.671
144.699	97.883	189.681
144.688	97.881	189.670
144.727	97.963	189.637
144.808	98.124	189.578
144.899	98.417	189.499
145.017	98.835	189.394
145.172	99.408	189.236
145.338	100.241	189.056
145.429	100.903	188.732
145.308	100.937	188.586
145.266	100.857	188.815
145.237	100.863	189.048
145.210	100.795	189.001
145.180	100.656	189.061
145.203	100.486	189.055
145.225	100.456	189.010
145.304	100.419	188.859
145.339	100.356	188.826
145.364	100.280	188.879
145.379	100.152	188.971
145.370	99.964	189.042
145.344	99.728	189.129
145.294	99.504	189.205
145.238	99.321	189.277
145.188	99.088	189.327
145.122	98.866	189.364
145.031	98.660	189.411
144.961	98.379	189.467
144.868	98.176	189.539
144.783	97.987	189.628
144.709	97.842	189.691
144.657	97.743	189.712
144.636	97.709	189.713
144.658	97.735	189.689
144.702	97.880	189.653
144.797	98.118	189.575
144.923	98.508	189.475
145.074	99.060	189.345
145.255	99.853	189.159
145.457	100.737	188.921
145.364	100.904	188.565
145.237	100.926	188.722
145.223	100.807	189.017
145.207	100.783	189.069
145.232	100.646	188.997
145.193	100.577	189.047
145.221	100.479	189.014
145.289	100.458	188.907
145.321	100.422	188.857
145.342	100.362	188.879
145.381	100.215	188.937
145.374	100.051	189.003
145.340	99.859	189.096
145.312	99.614	189.174
145.252	99.422	189.236
145.214	99.213	189.290
145.157	98.989	189.335
145.077	98.796	189.371
144.996	98.577	189.422
144.922	98.350	189.478
144.842	98.177	189.562
144.766	98.039	189.631
144.702	97.932	189.662
144.681	97.883	189.675
144.683	97.897	189.656
144.725	97.983	189.631
144.810	98.161	189.576
144.903	98.470	189.483
145.037	98.910	189.381
145.178	99.502	189.223
145.371	100.291	189.020
145.418	100.885	188.680
145.299	100.931	188.589
145.264	100.856	188.847
145.220	100.869	189.048
145.210	100.786	189.003
145.207	100.592	189.064
145.194	100.489	189.058
145.227	100.432	189.000
145.304	100.437	188.861
145.350	100.372	188.827
145.365	100.276	188.891
145.350	100.176	188.986
145.370	99.966	189.053
145.341	99.684	189.138
145.301	99.511	189.210
145.243	99.303	189.278
145.193	99.082	189.324
145.110	98.865	189.373
145.045	98.621	189.411
144.957	98.380	189.471
144.868	98.165	189.549
144.788	97.982	189.634
144.700	97.840	189.692
144.666	97.737	189.709
144.650	97.710	189.705
144.662	97.760	189.688
144.723	97.888	189.639
144.817	98.139	189.572
144.934	98.529	189.470
145.093	99.077	189.327
145.266	99.879	189.141
145.455	100.733	188.907
145.372	100.894	188.568
145.283	100.853	188.717
145.215	100.806	189.026
145.210	100.772	189.055
145.226	100.663	189.010
145.215	100.542	189.043
145.233	100.456	189.011
145.287	100.448	188.902
145.338	100.405	188.847
145.354	100.352	188.876
145.375	100.222	188.950
145.364	100.101	189.018
145.364	99.823	189.088
145.320	99.604	189.173
145.271	99.415	189.239
145.219	99.228	189.297
145.155	99.013	189.336
145.088	98.781	189.381
145.014	98.563	189.418
144.924	98.337	189.493
144.841	98.167	189.561
144.771	98.026	189.624
144.706	97.921	189.671
144.694	97.862	189.676
144.687	97.883	189.663
144.733	97.971	189.634
144.811	98.145	189.572
144.908	98.474	189.488
145.041	98.928	189.379
145.201	99.538	189.208
145.368	100.364	189.018
145.416	100.884	188.659
145.334	100.896	188.596
145.268	100.831	188.879
145.198	100.896	189.060
145.222	100.772	189.007
145.203	100.552	189.052
145.195	100.485	189.063
145.247	100.411	188.986
145.300	100.437	188.864
145.346	100.360	188.830
145.367	100.253	188.890
145.383	100.117	188.976
145.365	99.927	189.048
145.346	99.680	189.139
145.301	99.463	189.207
145.237	99.244	189.272
145.175	99.057	189.334
145.092	98.832	189.377
145.015	98.608	189.415
144.946	98.341	189.476
144.848	98.133	189.552
144.768	97.953	189.637
144.695	97.830	189.692
144.656	97.745	189.706
144.648	97.724	189.703
144.663	97.792	189.674
144.733	97.943	189.619
144.835	98.225	189.549
144.960	98.652	189.438
145.123	99.276	189.289
145.318	100.043	189.083
145.427	100.920	188.818
145.328	100.896	188.569
145.258	100.827	188.800
145.191	100.838	189.084
145.200	100.771	189.039
145.190	100.667	189.019
145.192	100.550	189.044
145.231	100.473	188.996
145.301	100.449	188.868
145.331	100.422	188.852
145.379	100.342	188.888
145.383	100.233	188.951
145.382	100.065	189.020
145.362	99.819	189.094
145.319	99.613	189.171
145.266	99.441	189.236
145.214	99.228	189.290
145.155	99.018	189.333
145.064	98.825	189.376
145.004	98.580	189.417
144.934	98.375	189.493
144.849	98.223	189.554
144.781	98.070	189.631
144.712	97.964	189.655
144.705	97.922	189.663
144.705	97.941	189.648
144.758	98.045	189.616
144.823	98.221	189.562
144.922	98.539	189.474
145.043	98.969	189.372
145.188	99.614	189.207
145.384	100.379	189.008
145.397	100.912	188.657
145.320	100.889	188.604
145.234	100.882	188.882
145.212	100.891	189.044
145.219	100.782	188.989
145.196	100.598	189.055
145.198	100.503	189.059
145.228	100.465	188.998
145.306	100.463	188.860
145.340	100.436	188.828
145.396	100.331	188.876
145.418	100.210	188.951
145.392	100.030	189.027
145.367	99.799	189.112
145.322	99.571	189.187
145.274	99.384	189.252
145.211	99.149	189.311
145.136	98.910	189.355
145.057	98.680	189.402
144.963	98.421	189.453
144.879	98.192	189.534
144.782	97.986	189.639
144.707	97.825	189.703
144.657	97.699	189.722
144.630	97.667	189.719
144.637	97.674	189.708
144.685	97.785	189.675
144.778	98.004	189.606
144.888	98.361	189.505
145.054	98.898	189.378
145.225	99.620	189.193
145.419	100.517	188.975
145.405	100.892	188.587
145.300	100.867	188.648
145.221	100.820	188.969
145.222	100.778	189.100
145.213	100.679	189.008
145.217	100.556	189.032
145.240	100.452	189.019
145.266	100.482	188.925
145.338	100.427	188.851
145.350	100.391	188.874
145.391	100.248	188.924
145.392	100.113	188.989
145.369	99.907	189.059
145.337	99.678	189.144
145.306	99.496	189.204
145.242	99.292	189.265
145.177	99.099	189.316
145.104	98.880	189.364
145.024	98.667	189.408
144.948	98.432	189.463
144.869	98.252	189.534
144.796	98.118	189.605
144.734	97.986	189.660
144.695	97.918	189.667
144.700	97.907	189.656
144.718	97.976	189.633
144.796	98.123	189.583
144.882	98.375	189.509
144.988	98.791	189.423
145.143	99.305	189.287
145.297	100.061	189.097
145.442	100.846	188.865
145.352	100.882	188.566
145.295	100.855	188.721
145.233	100.875	189.022
145.240	100.781	188.982
145.196	100.671	189.046
145.194	100.523	189.059
145.211	100.466	189.046
145.255	100.480	188.906
145.347	100.410	188.818
145.372	100.363	188.867
145.400	100.239	188.926
145.390	100.079	189.001
145.374	99.868	189.088
145.323	99.645	189.165
145.290	99.432	189.233
145.225	99.198	189.286
145.149	98.978	189.340
145.082	98.739	189.386
144.999	98.502	189.435
144.908	98.253	189.510
144.815	98.055	189.600
144.719	97.889	189.673
144.658	97.752	189.718
144.631	97.678	189.720
144.633	97.686	189.710
144.671	97.763	189.682
144.743	97.943	189.626
144.868	98.256	189.531
144.993	98.749	189.409
145.178	99.409	189.247
145.356	100.245	189.042
145.411	100.897	188.685
145.309	100.901	188.577
145.222	100.846	188.877
145.222	100.811	189.084
145.196	100.740	189.029
145.212	100.591	189.023
145.196	100.523	189.030
145.240	100.504	188.967
145.322	100.449	188.840
145.349	100.398	188.855
145.374	100.309	188.907
145.384	100.152	188.970
145.376	99.993	189.045
145.340	99.750	189.128
145.299	99.543	189.197
145.230	99.367	189.264
145.196	99.133	189.300
145.116	98.935	189.356
145.042	98.728	189.397
144.968	98.474	189.454
144.891	98.288	189.512
144.808	98.141	189.590
144.740	97.991	189.654
144.700	97.924	189.675
144.684	97.902	189.673
144.716	97.938	189.634
144.775	98.068	189.603
144.849	98.291	189.530
144.957	98.631	189.441
145.097	99.142	189.331
145.263	99.800	189.148
145.455	100.671	188.935
145.392	100.884	188.570
145.303	100.864	188.656
145.247	100.835	188.972
145.222	100.831	189.003
145.209	100.712	189.019
145.183	100.565	189.065
145.214	100.461	189.043
145.273	100.441	188.940
145.304	100.463	188.845
145.367	100.381	188.841
145.383	100.278	188.906
145.383	100.118	188.994
145.379	99.909	189.068
145.340	99.679	189.155
145.295	99.473	189.225
145.238	99.249	189.279
145.159	99.036	189.333
145.104	98.806	189.378
145.016	98.587	189.417
144.935	98.314	189.493
144.834	98.099	189.571
144.759	97.942	189.655
144.683	97.808	189.695
144.659	97.711	189.714
144.641	97.713	189.706
144.668	97.784	189.679
144.740	97.945	189.637
144.841	98.228	189.543
144.973	98.676	189.443
145.131	99.314	189.296
145.329	100.098	189.086
145.450	100.865	188.773
145.328	100.906	188.574
145.253	100.849	188.811
145.211	100.844	189.086
145.193	100.786	189.034
145.206	100.630	189.030
145.223	100.523	189.032
145.242	100.451	188.985
145.300	100.465	188.873
145.338	100.399	188.862
145.371	100.315	188.892
145.395	100.176	188.964
145.392	99.973	189.027
145.354	99.754	189.110
145.319	99.569	189.181
145.257	99.365	189.250
145.202	99.152	189.307
145.128	98.952	189.348
145.066	98.733	189.387
144.980	98.496	189.440
144.897	98.285	189.511
144.813	98.136	189.583
144.752	97.992	189.633
144.710	97.915	189.664
144.688	97.893	189.661
144.692	97.927	189.654
144.767	98.045	189.616
144.831	98.276	189.546
144.953	98.616	189.457
145.091	99.081	189.329
145.259	99.772	189.158
145.428	100.628	188.945
145.359	100.935	188.582
145.284	100.902	188.657
145.233	100.874	188.975
145.237	100.811	189.002
145.169	100.770	189.028
145.187	100.560	189.069
145.203	100.457	189.056
145.266	100.435	188.940
145.314	100.418	188.842
145.361	100.335	188.843
145.376	100.243	188.923
145.370	100.099	188.995
145.361	99.887	189.072
145.320	99.663	189.166
145.291	99.449	189.223
145.227	99.199	189.280
145.150	99.014	189.342
145.093	98.784	189.378
145.006	98.539	189.414
144.919	98.294	189.490
144.836	98.091	189.574
144.756	97.927	189.645
144.674	97.784	189.701
144.644	97.724	189.709
144.650	97.698	189.700
144.668	97.789	189.670
144.751	97.958	189.615
144.849	98.251	189.535
144.976	98.721	189.420
145.159	99.362	189.265
145.346	100.164	189.056
145.437	100.894	188.727
145.321	100.904	188.580
145.231	100.850	188.852
145.244	100.793	189.073
145.202	100.746	189.024
145.214	100.613	189.024
145.201	100.520	189.030
145.248	100.447	188.968
145.313	100.450	188.856
145.325	100.421	188.860
145.356	100.322	188.902
145.388	100.181	188.961
145.385	99.980	189.029
145.347	99.770	189.115
145.302	99.563	189.189
145.243	99.374	189.248
145.192	99.153	189.303
145.127	98.963	189.352
145.057	98.755	189.394
144.977	98.513	189.438
144.904	98.317	189.507
144.816	98.163	189.578
144.748	98.022	189.645
144.704	97.939	189.672
144.689	97.910	189.665
144.706	97.952	189.640
144.770	98.075	189.608
144.849	98.284	189.540
144.950	98.623	189.458
145.088	99.095	189.345
145.260	99.775	189.162
145.419	100.639	188.947
145.382	100.906	188.589
145.287	100.898	188.650
145.226	100.879	188.972
145.220	100.846	189.008
145.227	100.725	189.007
145.190	100.573	189.061
145.197	100.475	189.050
145.255	100.453	188.947
145.317	100.450	188.838
145.370	100.380	188.836
145.389	100.286	188.907
145.378	100.163	188.987
145.361	99.963	189.070
145.336	99.712	189.150
145.290	99.500	189.221
145.242	99.258	189.281
145.169	99.054	189.328
145.083	98.810	189.373
145.021	98.597	189.422
144.931	98.309	189.490
144.841	98.106	189.571
144.752	97.927	189.659
144.684	97.779	189.717
144.639	97.685	189.720
144.644	97.674	189.708
144.654	97.737	189.689
144.730	97.890	189.648
144.826	98.175	189.562
144.964	98.622	189.449
145.134	99.230	189.306
145.326	100.059	189.088
145.443	100.864	188.807
145.347	100.891	188.560
145.302	100.780	188.782
145.201	100.834	189.080
145.201	100.762	189.040
145.217	100.646	189.025
145.207	100.507	189.035
145.232	100.472	188.999
145.301	100.449	188.890
145.333	100.405	188.858
145.347	100.329	188.902
145.389	100.173	188.954
145.385	99.972	189.033
145.344	99.749	189.114
145.299	99.547	189.184
145.244	99.395	189.269
145.209	99.155	189.307
145.130	98.967	189.358
145.053	98.755	189.393
144.978	98.511	189.431
144.907	98.296	189.497
144.825	98.155	189.578
144.754	98.024	189.636
144.704	97.933	189.662
144.689	97.902	189.665
144.710	97.936	189.651
144.764	98.057	189.605
144.847	98.284	189.539
144.948	98.633	189.448
145.092	99.122	189.326
145.264	99.801	189.151
145.444	100.637	188.933
145.378	100.899	188.572
145.314	100.861	188.664
145.240	100.878	188.977
145.234	100.818	188.997
145.200	100.718	189.025
145.210	100.529	189.066
145.205	100.468	189.055
145.268	100.441	188.941
145.302	100.434	188.833
145.366	100.355	188.838
145.381	100.276	188.915
145.383	100.130	188.990
145.384	99.892	189.065
145.337	99.655	189.159
145.289	99.479	189.220
145.224	99.243	189.282
145.161	99.029	189.338
145.092	98.809	189.378
145.021	98.538	189.421
144.929	98.292	189.491
144.831	98.085	189.569
144.738	97.906	189.667
144.672	97.771	189.704
144.641	97.682	189.707
144.638	97.678	189.706
144.659	97.758	189.683
144.735	97.934	189.624
144.839	98.229	189.533
144.973	98.696	189.426
145.157	99.346	189.271
145.341	100.180	189.063
145.418	100.912	188.730
145.333	100.885	188.569
145.271	100.785	188.835
145.189	100.865	189.102
145.195	100.763	189.038
145.206	100.614	189.022
145.208	100.499	189.033
145.245	100.470	188.978
145.303	100.445	188.864
145.350	100.370	188.852
145.378	100.284	188.885
145.391	100.173	188.967
145.383	99.986	189.029
145.347	99.750	189.112
145.302	99.552	189.175
145.245	99.362	189.241
145.205	99.161	189.297
145.128	98.955	189.352
145.048	98.735	189.384
144.972	98.499	189.438
144.905	98.299	189.506
144.824	98.142	189.578
144.751	98.001	189.642
144.708	97.916	189.673
144.696	97.892	189.665
144.710	97.920	189.651
144.760	98.054	189.611
144.847	98.266	189.542
144.955	98.601	189.452
145.086	99.092	189.336
145.257	99.778	189.155
145.439	100.644	188.947
145.373	100.923	188.575
145.290	100.900	188.657
145.222	100.885	188.980
145.221	100.835	189.014
145.221	100.707	189.007
145.197	100.548	189.061
145.205	100.448	189.042
145.272	100.426	188.939
145.304	100.443	188.831
145.346	100.370	188.851
145.378	100.269	188.920
145.383	100.094	188.992
145.358	99.920	189.073
145.330	99.641	189.154
145.278	99.484	189.219
145.227	99.258	189.284
145.165	99.019	189.334
145.087	98.821	189.381
145.020	98.558	189.415
144.930	98.317	189.500
144.834	98.115	189.565
144.761	97.946	189.658
144.680	97.808	189.701
144.652	97.725	189.713
144.652	97.722	189.696
144.665	97.785	189.681
144.741	97.960	189.633
144.848	98.232	189.541
144.982	98.680	189.429
145.151	99.304	189.279
145.338	100.102	189.074
145.434	100.880	188.784
145.343	100.886	188.569
145.214	100.909	188.825
145.230	100.835	189.077
145.222	100.732	189.028
145.210	100.620	189.029
145.221	100.503	189.034
145.251	100.461	188.984
145.296	100.458	188.880
145.348	100.390	188.850
145.368	100.316	188.900
145.381	100.181	188.970
145.381	99.983	189.024
145.352	99.774	189.115
145.305	99.546	189.187
145.249	99.397	189.258
145.194	99.164	189.303
145.127	98.973	189.347
145.074	98.746	189.391
144.976	98.536	189.442
144.903	98.317	189.507
144.824	98.172	189.577
144.756	98.016	189.646
144.709	97.938	189.667
144.698	97.895	189.664
144.706	97.915	189.654
144.761	98.026	189.610
144.841	98.232	189.551
144.934	98.578	189.460
145.078	99.056	189.347
145.238	99.696	189.165
145.410	100.558	188.965
145.377	100.923	188.606
145.299	100.908	188.640
145.220	100.884	188.964
145.220	100.821	189.023
145.220	100.730	189.001
145.199	100.559	189.064
145.205	100.476	189.053
145.250	100.443	188.958
145.289	100.426	188.854
145.348	100.366	188.845
145.382	100.237	188.909
145.368	100.104	188.996
145.377	99.878	189.070
145.341	99.633	189.152
145.285	99.420	189.222
145.223	99.211	189.283
145.165	99.008	189.332
145.094	98.795	189.385
145.008	98.561	189.420
144.930	98.308	189.488
144.838	98.115	189.575
144.755	97.951	189.644
144.682	97.811	189.695
144.650	97.734	189.703
144.651	97.721	189.689
144.675	97.797	189.671
144.745	97.962	189.614
144.849	98.257	189.537
144.972	98.710	189.424
145.145	99.340	189.272
145.317	100.169	189.073
145.425	100.897	188.749
145.307	100.924	188.572
145.252	100.846	188.823
145.220	100.830	189.074
145.200	100.762	189.026
145.207	100.605	189.028
145.206	100.509	189.037
145.233	100.430	188.988
145.301	100.442	188.880
145.332	100.380	188.856
145.345	100.292	188.894
145.368	100.125	188.965
145.370	99.947	189.035
145.342	99.724	189.117
145.291	99.504	189.187
145.246	99.336	189.264
145.188	99.110	189.307
145.118	98.929	189.359
145.041	98.702	189.395
144.964	98.480	189.442
144.891	98.264	189.517
144.804	98.109	189.595
144.744	97.974	189.656
144.696	97.887	189.671
144.677	97.864	189.676
144.702	97.900	189.656
144.757	98.029	189.606
144.836	98.271	189.528
144.945	98.655	189.446
145.099	99.145	189.318
145.266	99.865	189.139
145.427	100.720	188.927
145.382	100.884	188.561
145.293	100.877	188.682
145.227	100.884	189.007
145.233	100.812	189.004
145.198	100.701	189.027
145.186	100.537	189.065
145.217	100.433	189.042
145.255	100.450	188.927
145.322	100.405	188.843
145.362	100.317	188.856
145.359	100.239	188.944
145.375	100.039	189.012
145.349	99.847	189.098
145.325	99.586	189.173
145.268	99.412	189.252
145.224	99.170	189.299
145.155	98.969	189.346
145.076	98.738	189.386
144.998	98.513	189.435
144.915	98.255	189.518
144.819	98.063	189.589
144.741	97.895	189.668
144.672	97.770	189.706
144.643	97.694	189.707
144.648	97.694	189.707
144.684	97.786	189.676
144.768	97.967	189.625
144.869	98.295	189.521
145.005	98.790	189.409
145.183	99.465	189.241
145.365	100.350	189.039
145.412	100.909	188.663
145.301	100.900	188.601
145.214	100.842	188.907
145.224	100.813	189.102
145.183	100.762	189.032
145.206	100.573	189.024
145.206	100.501	189.037
145.272	100.445	188.958
145.307	100.455	188.862
145.344	100.364	188.861
145.376	100.283	188.907
145.379	100.130	188.987
145.381	99.943	189.038
145.336	99.698	189.120
145.292	99.508	189.199
145.239	99.323	189.272
145.185	99.112	189.318
145.123	98.899	189.361
145.039	98.685	189.409
144.967	98.436	189.459
144.878	98.248	189.522
144.802	98.101	189.600
144.735	97.970	189.657
144.696	97.890	189.673
144.691	97.880	189.667
144.718	97.922	189.644
144.776	98.066	189.608
144.855	98.316	189.525
144.972	98.703	189.432
145.118	99.252	189.303
145.300	99.976	189.118
145.454	100.851	188.884
145.374	100.885	188.562
145.276	100.871	188.728
145.216	100.901	189.033
145.223	100.801	189.003
145.194	100.676	189.046
145.205	100.513	189.047
145.214	100.436	189.036
145.281	100.414	188.908
145.331	100.381	188.843
145.354	100.300	188.851
145.357	100.218	188.958
145.357	100.043	189.028
145.336	99.810	189.107
145.314	99.568	189.178
145.263	99.374	189.256
145.212	99.156	189.307
145.140	98.962	189.352
145.073	98.744	189.383
144.988	98.500	189.431
144.910	98.271	189.514
144.821	98.086	189.589
144.744	97.938	189.660
144.674	97.841	189.688
144.655	97.794	189.694
144.660	97.810	189.679
144.712	97.905	189.645
144.791	98.110	189.569
144.903	98.453	189.489
145.050	98.957	189.363
145.211	99.636	189.191
145.404	100.498	188.982
145.381	100.901	188.611
145.271	100.902	188.644
145.201	100.871	188.960
145.214	100.824	189.061
145.222	100.727	188.996
145.201	100.566	189.035
145.216	100.456	189.029
145.243	100.449	188.958
145.298	100.431	188.863
145.345	100.361	188.853
145.370	100.261	188.917
145.372	100.112	188.984
145.367	99.904	189.055
145.330	99.703	189.149
145.294	99.499	189.209
145.237	99.285	189.271
145.177	99.102	189.315
145.101	98.881	189.359
145.021	98.664	189.403
144.956	98.420	189.450
144.869	98.227	189.532
144.787	98.089	189.606
144.726	97.953	189.665
144.677	97.881	189.678
144.678	97.865	189.668
144.699	97.925	189.646
144.775	98.066	189.595
144.860	98.316	189.518
144.988	98.714	189.423
145.115	99.288	189.296
145.308	99.997	189.092
145.459	100.827	188.856
145.332	100.927	188.577
145.240	100.921	188.752
145.243	100.851	189.034
145.223	100.796	188.997
145.176	100.690	189.062
145.183	100.535	189.059
145.225	100.442	189.039
145.269	100.444	188.901
145.326	100.372	188.839
145.363	100.308	188.862
145.380	100.196	188.945
145.361	100.027	189.019
145.353	99.778	189.102
145.318	99.556	189.175
145.261	99.380	189.256
145.217	99.137	189.308
145.148	98.925	189.352
145.050	98.734	189.405
144.983	98.446	189.451
144.894	98.211	189.524
144.797	98.028	189.613
144.724	97.863	189.669
144.663	97.735	189.713
144.638	97.680	189.708
144.642	97.688	189.705
144.686	97.800	189.664
144.760	97.999	189.611
144.869	98.355	189.510
145.028	98.887	189.384
145.201	99.592	189.215
145.399	100.473	188.995
145.404	100.893	188.612
145.295	100.886	188.635
145.219	100.828	188.960
145.200	100.848	189.115
145.206	100.726	189.013
145.207	100.578	189.036
145.221	100.474	189.033
145.258	100.467	188.960
145.296	100.449	188.864
145.333	100.392	188.872
145.389	100.228	188.917
145.369	100.129	188.996
145.372	99.899	189.064
145.334	99.661	189.135
145.294	99.471	189.216
145.233	99.269	189.284
145.180	99.058	189.329
145.100	98.861	189.375
145.032	98.621	189.409
144.946	98.396	189.467
144.872	98.211	189.540
144.780	98.068	189.603
144.718	97.937	189.673
144.681	97.877	189.676
144.679	97.885	189.670
144.712	97.931	189.645
144.786	98.098	189.592
144.877	98.387	189.507
145.007	98.792	189.412
145.158	99.365	189.259
145.341	100.116	189.059
145.437	100.891	188.777
145.323	100.936	188.574
145.257	100.890	188.801
145.230	100.885	189.058
145.214	100.800	188.992
145.200	100.650	189.061
145.182	100.522	189.069
145.221	100.423	189.012
145.270	100.456	188.893
145.324	100.386	188.835
145.343	100.324	188.892
145.375	100.150	188.956
145.354	99.989	189.039
145.328	99.765	189.124
145.285	99.510	189.199
145.249	99.311	189.264
145.180	99.109	189.315
145.118	98.889	189.358
145.052	98.658	189.403
144.961	98.406	189.459
144.874	98.169	189.534
144.786	97.999	189.618
144.706	97.847	189.689
144.652	97.740	189.711
144.651	97.692	189.709
144.639	97.726	189.691
144.697	97.848	189.653
144.790	98.082	189.569
144.913	98.473	189.476
145.065	99.035	189.346
145.262	99.782	189.148
145.449	100.676	188.924
145.369	100.893	188.562
145.257	100.878	188.695
145.194	100.840	189.022
145.195	100.797	189.076
145.207	100.698	189.013
145.201	100.534	189.036
145.215	100.489	189.023
145.280	100.457	188.901
145.304	100.459	188.856
145.364	100.359	188.867
145.372	100.256	188.930
145.383	100.077	188.992
145.363	99.874	189.067
145.322	99.679	189.157
145.283	99.477	189.212
145.231	99.287	189.276
145.171	99.085	189.314
145.098	98.867	189.364
145.023	98.650	189.397
144.945	98.433	189.467
144.864	98.256	189.537
144.779	98.108	189.612
144.734	97.979	189.657
144.702	97.922	189.665
144.701	97.935	189.651
144.745	97.996	189.622
144.811	98.146	189.572
144.884	98.421	189.505
145.006	98.817	189.409
145.160	99.369	189.267
145.342	100.085	189.065
145.456	100.904	188.806
145.330	100.921	188.580
145.232	100.926	188.777
145.233	100.869	189.045
145.245	100.770	188.978
145.186	100.672	189.052
145.193	100.513	189.058
145.219	100.445	189.028
145.290	100.445	188.889
145.325	100.434	188.840
145.358	100.373	188.871
145.394	100.236	188.941
145.375	100.082	189.014
145.372	99.845	189.091
145.326	99.601	189.172
145.265	99.437	189.242
145.226	99.176	189.303
145.142	98.952	189.352
145.054	98.729	189.395
144.985	98.474	189.443
144.898	98.223	189.513
144.801	98.022	189.615
144.716	97.856	189.684
144.657	97.710	189.719
144.632	97.658	189.717
144.630	97.669	189.709
144.670	97.753	189.686
144.753	97.954	189.624
144.869	98.280	189.524
145.014	98.799	189.400
145.188	99.491	189.231
145.385	100.331	189.012
145.385	100.940	188.649
145.299	100.912	188.602
145.253	100.794	188.917
145.223	100.795	189.107
145.207	100.714	189.024
145.200	100.588	189.029
145.201	100.515	189.028
145.265	100.465	188.952
145.304	100.477	188.860
145.346	100.404	188.863
145.373	100.295	188.919
145.389	100.129	188.976
145.376	99.933	189.054
145.332	99.709	189.132
145.291	99.496	189.204
145.248	99.328	189.271
145.186	99.101	189.317
145.102	98.919	189.360
145.045	98.684	189.404
144.954	98.459	189.449
144.881	98.252	189.522
144.802	98.123	189.606
144.734	97.977	189.654
144.698	97.916	189.666
144.683	97.889	189.667
144.713	97.945	189.639
144.781	98.080	189.598
144.860	98.337	189.517
144.986	98.712	189.425
145.116	99.245	189.304
145.291	99.965	189.110
145.447	100.832	188.889
145.369	100.888	188.552
145.356	100.807	188.694
145.221	100.905	189.024
145.225	100.825	189.002
145.216	100.661	189.030
145.196	100.539	189.061
145.212	100.447	189.035
145.275	100.455	188.904
145.311	100.431	188.845
145.347	100.356	188.865
145.387	100.243	188.929
145.385	100.050	189.008
145.357	99.848	189.094
145.320	99.610	189.173
145.283	99.411	189.234
145.216	99.160	189.305
145.145	98.963	189.355
145.071	98.720	189.389
144.993	98.482	189.435
144.900	98.237	189.507
144.804	98.038	189.593
144.724	97.881	189.680
144.658	97.745	189.709
144.632	97.691	189.712
144.640	97.697	189.698
144.669	97.803	189.673
144.759	98.008	189.608
144.875	98.357	189.505
145.029	98.863	189.375
145.205	99.567	189.211
145.387	100.450	188.999
145.396	100.892	188.613
145.293	100.880	188.643
145.206	100.834	188.963
145.240	100.780	189.096
145.218	100.698	189.006
145.207	100.577	189.030
145.214	100.488	189.019
145.258	100.468	188.942
145.315	100.443	188.850
145.330	100.392	188.874
145.397	100.248	188.901
145.367	100.126	188.979
145.373	99.943	189.049
145.337	99.701	189.139
145.288	99.490	189.203
145.243	99.311	189.261
145.185	99.114	189.313
145.109	98.895	189.359
145.024	98.694	189.407
144.949	98.437	189.449
144.880	98.259	189.525
144.802	98.104	189.597
144.737	97.989	189.656
144.695	97.913	189.669
144.688	97.902	189.657
144.719	97.953	189.629
144.783	98.087	189.599
144.867	98.336	189.521
144.989	98.725	189.424
145.131	99.264	189.283
145.295	99.986	189.099
145.460	100.813	188.867
145.342	100.916	188.571
145.271	100.870	188.727
145.239	100.866	189.022
145.234	100.783	188.981
145.204	100.670	189.038
145.199	100.539	189.054
145.194	100.490	189.051
145.284	100.438	188.895
145.318	100.434	188.831
145.352	100.368	188.861
145.372	100.273	188.939
145.377	100.086	189.013
145.365	99.874	189.092
145.317	99.622	189.171
145.276	99.420	189.235
145.216	99.192	189.296
145.158	98.988	189.338
145.065	98.759	189.384
144.993	98.505	189.430
144.916	98.262	189.507
144.819	98.069	189.590
144.733	97.894	189.675
144.657	97.769	189.714
144.637	97.701	189.716
144.642	97.702	189.701
144.675	97.791	189.674
144.756	97.972	189.615
144.860	98.301	189.526
145.005	98.777	189.407
145.188	99.435	189.240
145.378	100.271	189.026
145.412	100.910	188.670
145.306	100.910	188.595
145.232	100.837	188.893
145.229	100.832	189.095
145.204	100.750	189.028
145.222	100.597	189.023
145.223	100.508	189.031
145.265	100.463	188.972
145.307	100.446	188.874
145.349	100.377	188.865
145.390	100.270	188.902
145.392	100.132	188.979
145.377	99.945	189.047
145.343	99.711	189.139
145.300	99.514	189.202
145.248	99.306	189.271
145.182	99.095	189.323
145.107	98.886	189.372
145.031	98.674	189.412
144.956	98.426	189.462
144.872	98.226	189.523
144.803	98.085	189.605
144.723	97.945	189.661
144.674	97.878	189.678
144.677	97.862	189.675
144.704	97.905	189.650
144.766	98.053	189.610
144.849	98.303	189.531
144.957	98.707	189.427
145.121	99.228	189.298
145.284	99.969	189.114
145.455	100.819	188.882
145.338	100.924	188.572
145.267	100.890	188.729
145.239	100.875	189.022
145.216	100.820	189.011
145.204	100.682	189.051
145.197	100.504	189.046
145.209	100.419	189.037
145.271	100.431	188.907
145.315	100.378	188.838
145.362	100.285	188.867
145.368	100.190	188.958
145.368	99.989	189.022
145.355	99.755	189.105
145.315	99.538	189.185
145.249	99.326	189.260
145.193	99.111	189.308
145.124	98.898	189.352
145.051	98.685	189.403
144.969	98.445	189.456
144.883	98.203	189.526
144.789	98.018	189.607
144.717	97.856	189.675
144.656	97.744	189.706
144.634	97.695	189.713
144.640	97.717	189.696
144.680	97.832	189.658
144.779	98.053	189.591
144.880	98.418	189.495
145.035	98.941	189.374
145.206	99.667	189.183
145.412	100.566	188.962
145.384	100.906	188.588
145.302	100.866	188.652
145.195	100.843	188.983
145.243	100.756	189.073
145.212	100.709	189.010
145.208	100.543	189.037
145.206	100.473	189.023
145.268	100.435	188.936
145.324	100.417	188.850
145.358	100.317	188.857
145.364	100.253	188.929
145.370	100.080	188.998
145.362	99.866	189.074
145.320	99.623	189.157
145.267	99.434	189.228
145.216	99.235	189.285
145.165	99.017	189.329
145.096	98.815	189.374
145.013	98.591	189.411
144.935	98.377	189.476
144.852	98.189	189.549
144.764	98.066	189.617
144.701	97.933	189.667
144.682	97.870	189.678
144.679	97.886	189.666
144.720	97.950	189.642
144.785	98.126	189.579
144.886	98.408	189.503
145.008	98.837	189.404
145.171	99.409	189.242
145.341	100.195	189.057
145.425	100.896	188.740
145.319	100.930	188.575
145.237	100.906	188.818
145.237	100.868	189.057
145.226	100.797	188.995
145.199	100.618	189.050
145.188	100.503	189.066
145.232	100.407	189.008
145.300	100.414	188.873
145.330	100.357	188.837
145.349	100.294	188.890
145.372	100.130	188.968
145.370	99.949	189.044
145.335	99.718	189.136
145.293	99.521	189.204
145.249	99.305	189.276
145.189	99.077	189.329
145.112	98.867	189.368
145.048	98.623	189.408
144.963	98.381	189.464
144.874	98.153	189.543
144.777	97.973	189.628
144.699	97.811	189.696
144.657	97.715	189.720
144.643	97.672	189.707
144.660	97.719	189.691
144.703	97.856	189.643
144.799	98.105	189.574
144.930	98.511	189.473
145.084	99.058	189.330
145.275	99.848	189.135
145.450	100.740	188.900
145.328	100.959	188.578
145.239	100.898	188.733
145.211	100.815	189.032
145.193	100.780	189.062
145.227	100.653	189.007
145.211	100.536	189.033
145.228	100.469	189.007
145.305	100.457	188.903
145.332	100.425	188.855
145.368	100.347	188.884
145.378	100.263	188.944
145.393	100.065	189.001
145.358	99.841	189.083
145.325	99.658	189.164
145.269	99.463	189.227
145.225	99.250	189.285
145.162	99.064	189.332
145.099	98.850	189.367
145.019	98.640	189.407
144.937	98.405	189.478
144.862	98.232	189.544
144.786	98.086	189.616
144.732	97.984	189.660
144.706	97.932	189.663
144.702	97.927	189.654
144.740	98.013	189.618
144.814	98.175	189.572
144.900	98.454	189.494
145.017	98.868	189.392
145.175	99.427	189.241
145.328	100.211	189.063
145.443	100.877	188.749
145.347	100.894	188.574
145.263	100.870	188.787
145.236	100.877	189.047
145.239	100.755	188.969
145.198	100.628	189.055
145.204	100.518	189.067
145.227	100.455	189.023
145.284	100.505	188.884
145.334	100.426	188.813
145.384	100.359	188.858
145.402	100.260	188.934
145.388	100.090	189.012
145.376	99.854	189.090
145.331	99.612	189.171
145.272	99.419	189.237
145.217	99.178	189.301
145.133	98.955	189.360
145.058	98.718	189.394
144.980	98.451	189.433
144.891	98.205	189.525
144.786	97.987	189.620
144.688	97.811	189.700
144.640	97.672	189.728
144.610	97.612	189.732
144.618	97.618	189.709
144.657	97.703	189.691
144.731	97.900	189.633
144.845	98.251	189.535
144.996	98.773	189.407
145.171	99.470	189.233
145.384	100.334	189.012
145.407	100.891	188.640
145.305	100.883	188.592
145.235	100.792	188.922
145.232	100.752	189.098
145.194	100.720	189.030
145.217	100.560	189.017
145.208	100.476	189.027
145.271	100.430	188.944
145.306	100.433	188.849
145.331	100.374	188.876
145.355	100.256	188.914
145.374	100.109	188.998
145.368	99.890	189.051
145.328	99.665	189.141
145.283	99.461	189.199
145.220	99.283	189.269
145.170	99.051	189.322
145.095	98.855	189.370
145.014	98.646	189.410
144.934	98.408	189.476
144.849	98.217	189.545
144.789	98.056	189.607
144.721	97.928	189.656
144.673	97.882	189.676
144.681	97.862	189.663
144.699	97.925	189.645
144.774	98.072	189.602
144.867	98.333	189.520
144.972	98.743	189.413
145.137	99.294	189.288
145.312	100.038	189.080
145.453	100.832	188.834
145.345	100.913	188.569
145.288	100.865	188.739
145.230	100.888	189.046
145.233	100.790	188.995
145.201	100.651	189.052
145.204	100.501	189.058
145.224	100.398	189.024
145.290	100.399	188.888
145.326	100.359	188.840
145.341	100.288	188.884
145.353	100.167	188.966
145.363	99.954	189.036
145.339	99.701	189.121
145.305	99.489	189.195
145.249	99.292	189.271
145.178	99.092	189.324
145.114	98.866	189.369
145.040	98.631	189.407
144.965	98.384	189.468
144.872	98.156	189.534
144.785	97.974	189.626
144.693	97.823	189.685
144.657	97.725	189.715
144.627	97.695	189.705
144.653	97.719	189.694
144.688	97.864	189.655
144.791	98.104	189.579
144.907	98.498	189.480
145.086	99.066	189.340
145.274	99.820	189.149
145.435	100.737	188.914
145.357	100.915	188.565
145.289	100.831	188.711
145.185	100.839	189.038
145.205	100.797	189.072
145.217	100.655	189.002
145.209	100.530	189.027
145.244	100.464	189.005
145.291	100.472	188.898
145.314	100.464	188.866
145.365	100.362	188.878
145.387	100.249	188.936
145.376	100.113	189.002
145.361	99.859	189.074
145.308	99.679	189.163
145.285	99.470	189.222
145.221	99.299	189.293
145.166	99.078	189.324
145.096	98.868	189.366
145.023	98.655	189.402
144.942	98.422	189.473
144.857	98.243	189.543
144.795	98.097	189.610
144.731	97.979	189.659
144.705	97.927	189.660
144.704	97.922	189.663
144.737	98.002	189.629
144.810	98.145	189.573
144.880	98.438	189.499
145.004	98.832	189.402
145.162	99.396	189.251
145.344	100.136	189.061
145.443	100.894	188.779
145.324	100.926	188.574
145.266	100.870	188.783
145.250	100.845	189.033
145.216	100.808	188.990
145.193	100.645	189.057
145.204	100.525	189.058
145.226	100.446	189.026
145.291	100.460	188.876
145.339	100.416	188.823
145.370	100.358	188.868
145.391	100.234	188.940
145.382	100.038	189.011
145.362	99.842	189.100
145.303	99.635	189.185
145.270	99.394	189.240
145.205	99.164	189.302
145.135	98.931	189.351
145.064	98.696	189.394
144.979	98.446	189.450
144.892	98.202	189.518
144.785	98.002	189.619
144.706	97.830	189.688
144.644	97.692	189.721
144.628	97.633	189.722
144.623	97.650	189.716
144.658	97.745	189.679
144.743	97.958	189.614
144.864	98.297	189.519
145.011	98.832	189.394
145.196	99.517	189.214
145.375	100.439	188.995
145.394	100.897	188.616
145.244	100.954	188.638
145.218	100.825	188.944
145.197	100.819	189.127
145.207	100.694	189.021
145.192	100.569	189.028
145.213	100.460	189.020
145.263	100.428	188.941
145.303	100.426	188.861
145.341	100.350	188.876
145.367	100.238	188.927
145.370	100.074	189.002
145.357	99.852	189.070
145.335	99.615	189.154
145.270	99.441	189.227
145.220	99.231	189.289
145.163	99.030	189.326
145.092	98.825	189.375
145.015	98.612	189.415
144.932	98.375	189.477
144.858	98.192	189.539
144.779	98.042	189.613
144.712	97.937	189.665
144.689	97.872	189.675
144.681	97.890	189.665
144.713	97.948	189.640
144.787	98.114	189.580
144.877	98.410	189.495
145.020	98.827	189.398
