NO_OF_FRAMES	5000
NO_OF_DATA_TYPES	3
FREQUENCY	500
TIME_STAMP	2026-06-15, 20:24:19
DATA_INCLUDED	Position
DATA_TYPES	Unidentified [966851]_pos_X	Unidentified [966851]_pos_Y	Unidentified [966851]_pos_Z


0.000	0.000	0.000
0.000	0.000	0.000
243.960	1.184	119.041
243.950	0.830	118.932
243.951	0.430	118.855
243.979	0.036	118.771
243.947	-0.305	118.767
243.849	-0.169	118.796
243.856	0.047	118.730
243.882	0.184	118.777
243.908	0.199	118.953
243.931	0.347	119.007
243.939	0.512	119.066
243.945	0.886	118.974
243.950	1.195	118.949
243.970	1.425	119.045
243.987	1.752	119.051
244.015	2.013	119.106
244.033	2.258	119.174
244.033	2.434	119.313
244.034	2.628	119.433
244.059	3.145	119.282
244.041	3.481	119.206
244.045	3.674	119.258
244.045	4.012	119.129
244.040	3.972	119.329
244.043	4.221	119.247
244.029	4.164	119.380
244.012	4.341	119.255
244.007	4.262	119.333
243.996	4.303	119.255
243.994	4.226	119.248
243.975	4.097	119.199
243.972	3.735	119.319
243.994	3.598	119.200
244.017	3.184	119.330
244.047	3.004	119.146
244.077	2.467	119.251
243.995	2.091	119.131
243.959	1.546	119.172
243.963	1.046	119.116
243.994	0.602	118.963
243.978	0.041	118.884
243.940	-0.456	118.858
243.770	-0.234	118.769
243.778	-0.012	118.737
243.800	0.130	118.775
243.847	0.009	119.009
243.886	0.122	119.011
243.895	0.302	118.977
243.913	0.520	118.960
243.934	0.755	118.968
243.968	1.141	118.848
243.993	1.269	118.987
244.028	1.415	119.096
244.053	1.669	119.140
244.050	1.851	119.283
244.043	2.166	119.316
244.039	2.581	119.213
244.053	2.826	119.300
244.061	3.120	119.272
244.071	3.443	119.182
244.056	3.501	119.305
244.056	3.717	119.280
244.044	3.812	119.323
244.024	3.981	119.261
244.011	4.221	119.104
243.996	4.144	119.219
243.994	4.097	119.243
243.968	3.995	119.267
243.959	3.932	119.220
243.956	3.837	119.207
243.933	3.658	119.206
243.934	3.431	119.223
243.944	3.145	119.246
243.963	2.815	119.277
244.002	2.462	119.268
244.062	2.191	119.168
244.026	1.875	119.047
243.945	1.378	119.093
243.926	1.032	119.025
243.964	0.617	118.989
243.983	0.174	118.971
243.951	-0.174	118.871
243.899	-0.311	118.738
243.831	-0.158	118.705
243.850	-0.086	118.802
243.877	0.061	118.819
243.913	0.192	118.882
243.922	0.369	118.887
243.939	0.463	119.072
243.945	0.907	118.945
243.965	1.225	118.964
243.984	1.508	119.045
244.018	1.721	119.228
244.034	1.963	119.306
244.038	2.267	119.370
244.044	2.557	119.436
244.056	2.937	119.452
244.065	3.382	119.320
244.067	3.682	119.301
244.073	3.929	119.271
244.090	4.120	119.281
244.087	4.229	119.333
244.071	4.222	119.413
244.072	4.402	119.335
244.045	4.377	119.353
244.030	4.390	119.337
244.009	4.279	119.374
244.005	4.256	119.286
243.982	4.002	119.334
243.968	3.883	119.225
243.942	3.556	119.244
243.931	3.210	119.244
243.923	2.863	119.165
243.931	2.468	119.068
243.963	1.817	119.183
244.009	1.228	119.157
244.047	0.675	119.074
243.969	0.115	118.955
243.895	-0.376	118.858
243.720	-0.142	118.789
243.753	-0.010	118.773
243.785	0.128	118.761
243.796	0.029	118.929
243.814	0.101	118.916
243.823	0.222	118.928
243.856	0.433	118.883
243.886	0.687	118.812
243.926	0.928	118.806
243.974	1.075	118.885
244.021	1.131	119.039
244.051	1.251	119.162
244.066	1.568	119.142
244.074	1.824	119.237
244.078	2.094	119.271
244.078	2.461	119.216
244.078	2.728	119.255
244.093	3.023	119.234
244.088	3.143	119.312
244.095	3.272	119.372
244.073	3.431	119.364
244.062	3.711	119.215
244.051	3.879	119.177
244.038	4.003	119.141
244.026	3.994	119.153
244.018	3.818	119.289
243.997	3.712	119.360
243.985	3.855	119.177
243.970	3.737	119.222
243.949	3.661	119.184
243.933	3.414	119.261
243.926	3.224	119.266
243.921	2.892	119.325
243.926	2.791	119.161
243.928	2.386	119.246
243.939	2.088	119.205
243.982	1.754	119.192
244.050	1.481	119.109
244.046	1.070	119.135
243.965	0.756	119.037
243.945	0.468	118.952
243.963	0.139	118.922
243.983	-0.145	118.873
243.959	-0.403	118.869
243.904	-0.413	118.812
243.875	-0.213	118.721
243.897	-0.144	118.851
243.928	0.064	118.843
243.936	0.282	118.856
243.949	0.407	119.011
243.956	0.742	119.022
243.968	1.075	119.080
243.987	1.491	119.059
244.007	1.920	119.045
244.020	2.155	119.161
244.052	2.560	119.213
244.070	2.959	119.235
244.073	3.221	119.344
244.084	3.683	119.210
244.111	3.945	119.278
244.118	4.049	119.395
244.125	4.226	119.387
244.115	4.315	119.457
244.115	4.356	119.526
244.108	4.477	119.458
244.093	4.537	119.405
244.072	4.428	119.455
244.059	4.480	119.341
244.034	4.413	119.254
244.019	4.153	119.305
243.990	3.879	119.322
243.965	3.614	119.227
243.947	3.066	119.366
243.912	2.628	119.274
243.908	2.166	119.188
243.907	1.533	119.142
243.937	0.922	119.064
243.999	0.157	119.057
243.977	-0.327	118.869
243.724	-0.149	118.834
243.687	-0.097	118.835
243.718	-0.024	118.762
243.822	-0.143	118.812
243.820	-0.246	118.830
243.793	-0.343	118.949
243.801	-0.003	118.677
243.827	0.120	118.703
243.884	0.244	118.780
243.933	0.362	118.828
243.982	0.446	118.946
244.009	0.398	119.215
244.025	0.868	119.082
244.027	1.213	119.093
244.034	1.555	119.120
244.057	1.974	119.107
244.065	2.440	118.994
244.068	2.347	119.392
244.066	2.593	119.448
244.063	2.931	119.417
244.066	3.393	119.265
244.063	3.631	119.273
244.050	3.921	119.167
244.040	4.085	119.152
244.040	4.175	119.166
244.034	4.188	119.249
244.029	4.082	119.370
244.015	4.171	119.255
243.994	4.140	119.247
243.988	4.069	119.292
243.959	3.924	119.288
243.942	3.814	119.227
243.939	3.609	119.198
243.939	3.262	119.297
243.909	3.095	119.169
243.898	2.747	119.205
243.899	2.463	119.111
243.935	2.050	119.150
243.967	1.521	119.223
244.043	1.115	119.151
244.017	0.703	119.041
243.937	0.351	118.931
243.917	-0.097	118.925
243.894	-0.368	118.839
243.833	-0.180	118.788
243.807	-0.015	118.748
243.812	0.151	118.747
243.830	0.228	118.877
243.850	0.498	118.810
243.862	0.520	119.020
243.890	0.852	118.999
243.919	1.171	118.963
243.954	1.562	118.920
243.980	1.740	119.080
244.028	2.065	119.091
244.050	2.173	119.309
244.056	2.308	119.458
244.087	2.718	119.452
244.104	3.243	119.255
244.101	3.553	119.206
244.100	3.806	119.168
244.114	3.894	119.275
244.117	3.776	119.511
244.117	3.877	119.497
244.105	4.015	119.402
244.088	3.985	119.419
244.075	4.036	119.348
244.048	3.938	119.350
244.025	3.942	119.223
244.005	3.724	119.252
243.977	3.523	119.223
243.960	3.281	119.237
243.926	2.954	119.280
243.903	2.810	119.068
243.882	2.456	119.076
243.880	1.930	119.186
243.890	1.404	119.229
243.906	1.093	119.039
243.946	0.665	118.952
244.000	0.152	118.957
244.051	-0.323	118.949
243.848	-0.299	118.858
243.789	-0.138	118.813
243.816	0.028	118.776
243.885	-0.002	118.901
243.897	0.026	118.956
243.880	0.295	118.844
243.869	0.374	118.980
243.888	0.831	118.796
243.913	1.051	118.879
243.950	1.243	118.981
243.983	1.495	119.037
244.002	1.532	119.275
244.026	1.790	119.371
244.039	2.213	119.341
244.052	2.648	119.245
244.071	3.000	119.225
244.088	3.316	119.205
244.099	3.495	119.297
244.104	3.662	119.331
244.109	3.797	119.395
244.106	3.831	119.454
244.106	3.923	119.458
244.118	4.141	119.307
244.105	4.194	119.268
244.087	3.920	119.450
244.073	3.843	119.424
244.055	3.794	119.354
244.018	3.604	119.358
243.988	3.467	119.316
243.965	3.310	119.250
243.937	2.993	119.281
243.909	2.799	119.160
243.892	2.494	119.095
243.881	2.059	119.129
243.859	1.528	119.210
243.855	1.214	119.060
243.868	0.799	118.986
243.907	0.343	118.973
243.959	-0.082	118.875
243.934	-0.303	118.871
243.824	-0.062	118.809
243.790	0.096	118.813
243.806	0.157	118.933
243.869	0.312	118.915
243.879	0.435	118.922
243.857	0.624	118.953
243.861	1.051	118.785
243.882	1.287	118.854
243.914	1.498	118.981
243.956	1.817	118.995
243.991	1.977	119.124
244.007	2.033	119.381
244.028	2.240	119.486
244.063	2.760	119.368
244.077	3.123	119.299
244.097	3.512	119.185
244.101	3.671	119.264
244.115	3.794	119.363
244.129	3.948	119.397
244.130	4.045	119.410
244.113	3.977	119.512
244.112	4.220	119.316
244.093	4.153	119.351
244.091	4.215	119.251
244.075	4.034	119.309
244.053	3.829	119.328
244.036	3.637	119.331
243.995	3.511	119.217
243.979	3.215	119.250
243.941	2.708	119.420
243.907	2.625	119.144
243.903	2.356	119.049
243.879	1.757	119.183
243.859	1.329	119.136
243.843	0.899	119.057
243.845	0.491	118.963
243.852	-0.006	118.945
243.817	-0.300	118.874
243.757	-0.086	118.827
243.813	0.036	118.860
243.884	0.210	118.861
243.847	0.247	118.999
243.833	0.372	119.038
243.839	0.640	118.931
243.884	0.725	119.031
243.904	1.157	118.862
243.891	1.410	118.867
243.903	1.615	118.989
243.934	1.827	119.073
243.976	2.036	119.168
243.989	2.196	119.346
244.005	2.443	119.415
244.032	2.924	119.296
244.058	3.220	119.294
244.080	3.462	119.287
244.092	3.572	119.371
244.114	3.713	119.427
244.111	3.717	119.551
244.120	4.029	119.388
244.108	4.054	119.409
244.102	4.203	119.298
244.101	4.206	119.276
244.092	3.958	119.408
244.081	3.841	119.386
244.062	3.715	119.346
244.044	3.527	119.340
244.018	3.392	119.232
244.003	3.031	119.309
243.967	2.749	119.246
243.935	2.372	119.238
243.921	2.110	119.109
243.907	1.574	119.206
243.869	1.318	119.013
243.862	0.876	118.994
243.855	0.440	118.936
243.849	-0.062	118.944
243.820	-0.312	118.774
243.721	-0.169	118.833
243.739	-0.015	118.830
243.797	0.137	118.876
243.896	0.227	118.952
243.923	0.299	119.055
243.854	0.605	118.971
243.854	0.777	119.070
243.885	1.156	118.946
243.943	1.296	119.077
243.946	1.712	118.963
243.941	1.913	119.069
243.962	2.184	119.129
243.982	2.228	119.422
244.014	2.756	119.296
244.049	3.127	119.282
244.064	3.488	119.199
244.082	3.790	119.120
244.106	3.775	119.345
244.131	3.928	119.341
244.140	3.931	119.454
244.152	4.228	119.280
244.146	4.307	119.257
244.133	4.198	119.345
244.117	4.106	119.383
244.108	3.990	119.387
244.096	3.912	119.286
244.077	3.642	119.317
244.052	3.343	119.355
244.037	3.191	119.237
244.004	2.924	119.122
243.971	2.417	119.202
243.953	2.000	119.161
243.933	1.571	119.095
243.905	1.026	119.088
243.887	0.495	119.071
243.867	0.070	118.940
243.845	-0.404	118.868
243.688	-0.233	118.826
243.643	-0.001	118.731
243.662	0.141	118.787
243.717	0.189	118.882
243.767	0.217	118.994
243.814	0.354	119.000
243.874	0.540	118.971
243.937	0.721	119.025
243.869	1.101	118.866
243.872	1.297	118.957
243.906	1.398	119.085
243.976	1.631	119.113
243.952	1.635	119.290
243.948	1.893	119.391
243.956	2.406	119.237
243.982	2.858	119.122
244.006	2.993	119.248
244.047	3.317	119.222
244.058	3.427	119.306
244.085	3.625	119.283
244.095	3.653	119.369
244.112	3.783	119.356
244.119	3.897	119.327
244.126	4.031	119.254
244.124	4.034	119.263
244.116	3.948	119.268
244.109	3.827	119.299
244.104	3.728	119.277
244.076	3.625	119.215
244.063	3.432	119.230
244.048	3.107	119.312
244.024	2.688	119.422
244.006	2.542	119.278
243.979	2.163	119.318
243.956	2.059	119.060
243.927	1.609	119.144
243.899	1.281	119.089
243.881	1.001	118.973
243.881	0.648	118.994
243.862	0.363	118.923
243.855	0.003	118.951
243.841	-0.292	118.959
243.798	-0.332	118.864
243.761	-0.209	118.838
243.772	-0.071	118.844
243.808	0.029	118.923
243.871	0.190	118.975
243.955	0.305	119.091
243.936	0.655	119.013
243.868	0.929	119.091
243.862	1.338	119.063
243.898	1.720	119.039
243.954	1.903	119.178
243.963	2.244	119.205
243.964	2.502	119.318
243.969	2.970	119.237
243.998	3.302	119.283
244.022	3.634	119.273
244.061	3.959	119.273
244.071	3.987	119.413
244.104	4.132	119.448
244.130	4.324	119.390
244.133	4.395	119.393
244.152	4.426	119.390
244.146	4.332	119.470
244.144	4.411	119.349
244.133	4.183	119.439
244.125	4.039	119.394
244.102	3.740	119.413
244.078	3.486	119.351
244.051	3.139	119.338
244.025	2.812	119.247
243.994	2.323	119.258
243.973	1.811	119.204
243.950	1.333	119.076
243.926	0.772	119.003
243.904	0.200	118.905
243.878	-0.355	118.810
243.680	-0.215	118.777
243.624	0.004	118.703
243.636	0.090	118.808
243.669	0.209	118.802
243.706	0.118	118.981
243.720	0.308	118.917
243.743	0.440	118.925
243.784	0.591	118.940
243.836	0.826	118.924
243.948	1.056	118.908
244.005	1.185	118.988
243.937	1.144	119.245
243.919	1.443	119.231
243.958	1.763	119.240
244.005	2.154	119.111
244.006	2.405	119.177
243.968	2.700	119.129
243.975	2.813	119.288
244.007	3.055	119.331
244.026	3.280	119.319
244.052	3.508	119.309
244.057	3.743	119.242
244.059	3.740	119.357
244.083	3.979	119.226
244.088	3.963	119.258
244.103	3.967	119.249
244.108	3.754	119.410
244.117	3.928	119.243
244.093	3.832	119.240
244.091	3.687	119.299
244.090	3.605	119.196
244.075	3.372	119.222
244.082	3.135	119.234
244.055	2.707	119.320
244.044	2.446	119.291
244.013	2.381	119.039
243.976	1.974	119.085
243.969	1.541	119.145
243.935	1.191	119.098
243.915	0.838	119.088
243.891	0.507	119.042
243.867	0.320	118.901
243.843	0.014	118.908
243.831	-0.160	118.843
243.817	-0.369	118.865
243.769	-0.347	118.877
243.781	-0.195	118.867
243.797	-0.010	118.848
243.857	0.073	118.990
243.933	0.337	118.982
243.959	0.588	119.074
243.895	0.971	119.027
243.889	1.256	119.126
243.924	1.580	119.180
243.980	1.977	119.141
243.976	2.125	119.354
243.972	2.482	119.378
243.987	2.966	119.321
244.004	3.433	119.221
244.029	3.670	119.328
244.056	3.860	119.416
244.075	4.122	119.385
244.089	4.287	119.395
244.110	4.320	119.479
244.121	4.515	119.367
244.121	4.456	119.432
244.142	4.528	119.382
244.136	4.518	119.345
244.124	4.389	119.322
244.119	4.251	119.275
244.095	3.874	119.384
244.075	3.538	119.385
244.070	3.317	119.235
244.039	2.683	119.371
244.018	2.405	119.110
244.002	1.768	119.159
243.979	1.165	119.096
243.958	0.521	119.012
243.938	-0.133	118.916
243.772	-0.314	118.766
243.660	-0.093	118.721
243.632	0.080	118.673
243.652	0.071	118.815
243.688	0.106	118.802
243.694	0.045	118.940
243.691	0.141	118.941
243.712	0.292	118.925
243.750	0.484	118.905
243.817	0.694	118.910
243.922	0.790	119.002
243.992	0.871	119.125
243.926	1.082	119.155
243.910	1.407	119.140
243.926	1.656	119.187
243.990	2.105	119.042
243.983	2.431	119.009
243.960	2.581	119.143
243.967	2.801	119.200
243.981	2.851	119.423
244.003	3.069	119.468
244.009	3.442	119.337
244.009	3.792	119.198
244.023	3.877	119.279
244.021	3.886	119.328
244.051	4.068	119.239
244.052	3.809	119.481
244.067	3.948	119.388
244.066	3.942	119.402
244.057	4.010	119.312
244.064	3.913	119.328
244.058	3.798	119.327
244.053	3.719	119.202
244.052	3.419	119.251
244.055	3.071	119.319
244.046	2.888	119.218
244.011	2.645	119.101
244.001	2.148	119.236
243.985	1.856	119.125
243.967	1.379	119.149
243.948	1.048	119.062
243.927	0.639	119.038
243.903	0.406	118.886
243.873	-0.007	118.909
243.855	-0.339	118.905
243.766	-0.225	118.694
243.719	-0.099	118.701
243.730	-0.031	118.825
243.748	0.119	118.880
243.803	0.292	118.941
243.857	0.423	119.065
243.927	0.764	119.052
243.881	1.010	119.113
243.866	1.404	119.093
243.885	1.785	119.086
243.941	2.009	119.185
243.998	2.074	119.444
243.979	2.390	119.428
244.003	2.909	119.321
244.014	3.257	119.334
244.033	3.735	119.187
244.047	3.800	119.364
244.073	4.029	119.349
244.080	4.038	119.466
244.100	4.245	119.381
244.108	4.349	119.339
244.104	4.256	119.418
244.114	4.276	119.395
244.097	4.251	119.372
244.101	4.240	119.298
244.081	3.923	119.415
244.058	3.723	119.333
244.046	3.433	119.309
244.041	3.220	119.232
244.019	2.836	119.214
244.005	2.375	119.213
243.995	1.868	119.169
243.982	1.357	119.105
243.963	0.750	119.112
243.947	0.131	119.081
243.933	-0.272	118.879
243.767	-0.216	118.689
243.697	-0.017	118.650
243.702	0.078	118.737
243.717	0.174	118.769
243.737	0.265	118.792
243.750	0.316	118.900
243.738	0.487	118.907
243.753	0.736	118.874
243.792	1.019	118.858
243.848	1.179	118.983
243.934	1.320	119.103
244.016	1.496	119.185
243.946	1.642	119.294
243.933	1.881	119.376
243.955	2.334	119.300
243.998	2.586	119.318
243.992	2.892	119.261
243.990	3.208	119.179
243.994	3.364	119.250
244.010	3.469	119.324
244.028	3.600	119.356
244.034	3.528	119.536
244.037	3.900	119.270
244.038	4.064	119.137
244.041	3.950	119.235
244.040	3.695	119.406
244.060	3.717	119.293
244.054	3.506	119.393
244.040	3.546	119.272
244.026	3.343	119.329
244.029	3.278	119.214
244.014	2.968	119.263
244.002	2.602	119.311
244.005	2.370	119.227
244.000	1.957	119.288
243.974	1.753	119.106
243.967	1.393	119.073
243.950	1.095	118.976
243.953	0.686	118.991
243.935	0.365	118.903
243.940	0.019	118.886
243.910	-0.394	118.975
243.847	-0.391	118.804
243.799	-0.353	118.875
243.785	-0.099	118.747
243.780	-0.066	118.884
243.786	0.130	118.909
243.781	0.415	118.880
243.783	0.676	118.915
243.811	0.947	118.995
243.872	1.371	118.956
243.957	1.607	119.108
243.960	2.022	119.073
243.923	2.247	119.235
243.941	2.686	119.155
243.985	2.833	119.350
244.046	3.303	119.225
244.041	3.626	119.178
244.036	3.823	119.275
244.048	4.055	119.285
244.060	4.149	119.372
244.076	4.337	119.347
244.083	4.290	119.489
244.076	4.406	119.374
244.082	4.323	119.418
244.076	4.271	119.378
244.080	4.225	119.330
244.078	3.995	119.388
244.073	3.895	119.293
244.045	3.690	119.225
244.025	3.246	119.364
244.001	2.828	119.360
243.973	2.365	119.345
243.972	1.991	119.193
243.971	1.473	119.131
243.957	0.808	119.137
243.936	0.177	119.073
243.933	-0.321	118.878
243.723	-0.166	118.718
243.677	-0.012	118.707
243.686	0.012	118.851
243.719	0.093	118.820
243.747	0.004	118.952
243.737	-0.087	119.094
243.731	0.266	118.872
243.734	0.415	118.878
243.747	0.612	118.897
243.782	0.857	118.887
243.842	0.995	118.961
243.897	1.214	118.990
243.947	1.335	119.168
244.012	1.552	119.245
244.015	1.955	119.189
243.967	2.236	119.267
243.970	2.675	119.124
244.026	2.796	119.310
244.049	2.845	119.453
244.027	2.945	119.510
244.023	3.270	119.440
244.014	3.627	119.280
244.024	3.791	119.321
244.022	3.924	119.291
244.033	3.960	119.328
244.020	4.122	119.151
244.034	4.008	119.224
244.023	3.739	119.391
244.021	3.779	119.319
244.022	3.657	119.375
244.028	3.755	119.163
244.040	3.469	119.308
244.039	3.332	119.213
244.038	3.033	119.257
244.024	2.633	119.302
244.005	2.197	119.408
244.006	2.023	119.234
243.997	1.619	119.221
243.983	1.289	119.128
243.976	0.769	119.173
243.974	0.508	119.016
243.945	0.134	118.967
243.931	-0.213	118.911
243.876	-0.363	118.799
243.799	-0.224	118.770
243.779	-0.092	118.770
243.771	0.072	118.785
243.771	0.019	119.024
243.774	0.391	118.876
243.758	0.617	118.907
243.754	0.958	118.914
243.774	1.186	119.033
243.822	1.504	119.089
243.905	1.899	119.088
243.999	2.160	119.169
243.981	2.342	119.355
243.967	2.703	119.357
243.997	3.047	119.374
244.040	3.362	119.354
244.091	3.676	119.292
244.076	3.905	119.269
244.072	4.000	119.349
244.073	4.051	119.443
244.088	4.275	119.344
244.084	4.275	119.381
244.078	4.306	119.303
244.075	4.392	119.181
244.071	4.240	119.211
244.052	3.894	119.328
244.042	3.688	119.310
244.024	3.458	119.287
244.016	3.321	119.193
243.981	2.753	119.396
243.963	2.502	119.232
243.960	2.093	119.204
243.962	1.671	119.107
243.960	1.076	119.135
243.961	0.561	119.038
243.954	0.051	118.932
243.907	-0.400	118.837
243.753	-0.218	118.802
243.739	-0.081	118.799
243.748	0.056	118.810
243.782	-0.003	118.968
243.797	0.107	118.936
243.794	0.282	118.886
243.771	0.427	118.881
243.770	0.649	118.873
243.782	0.978	118.813
243.807	1.115	118.934
243.842	1.277	119.041
243.872	1.465	119.127
243.903	1.703	119.216
243.954	1.895	119.343
244.037	2.380	119.254
244.006	2.602	119.323
243.968	3.052	119.161
243.998	3.135	119.358
244.043	3.322	119.359
244.045	3.603	119.224
244.023	3.587	119.371
244.018	3.893	119.222
244.023	3.897	119.334
244.027	4.134	119.139
244.029	4.104	119.169
244.023	3.910	119.276
244.018	3.702	119.348
244.008	3.642	119.266
244.002	3.545	119.227
243.999	3.362	119.231
243.999	3.168	119.208
243.986	2.765	119.362
243.986	2.579	119.247
243.973	2.245	119.212
243.973	1.928	119.171
243.970	1.474	119.224
243.962	1.274	119.007
243.962	0.824	119.032
243.964	0.369	119.041
243.965	0.044	118.940
243.953	-0.402	118.972
243.854	-0.383	118.907
243.817	-0.178	118.813
243.816	-0.021	118.805
243.826	0.125	118.809
243.831	0.106	119.017
243.834	0.391	118.947
243.818	0.665	118.935
243.817	0.983	118.940
243.802	1.351	118.916
243.819	1.760	118.884
243.841	1.943	119.078
243.883	2.340	119.038
243.926	2.343	119.371
244.000	2.614	119.477
244.083	3.139	119.340
244.038	3.546	119.229
244.018	3.813	119.267
244.041	3.982	119.323
244.082	4.007	119.439
244.129	4.216	119.357
244.088	4.121	119.489
244.072	4.234	119.415
244.053	4.354	119.302
244.066	4.280	119.353
244.055	4.154	119.381
244.044	3.942	119.389
244.028	3.614	119.433
244.015	3.486	119.220
244.002	3.158	119.196
243.975	2.696	119.255
243.969	2.369	119.164
243.956	1.940	119.080
243.950	1.368	119.110
243.944	0.861	119.000
243.943	0.161	119.082
243.952	-0.296	118.870
243.774	-0.254	118.841
243.730	-0.052	118.793
243.731	0.019	118.876
243.784	0.073	118.944
243.821	0.090	118.982
243.818	0.125	119.035
243.820	0.432	118.857
243.817	0.580	118.855
243.828	0.809	118.852
243.852	1.039	118.838
243.889	1.186	118.911
243.910	1.301	119.053
243.904	1.414	119.193
243.901	1.780	119.175
243.918	2.327	118.988
243.920	2.549	119.089
243.953	2.837	119.131
244.020	2.994	119.249
244.093	3.160	119.330
244.048	3.261	119.423
243.992	3.505	119.372
244.008	3.800	119.276
244.040	3.878	119.342
244.039	3.981	119.293
244.013	4.021	119.250
244.008	4.036	119.235
244.008	3.940	119.283
244.006	3.846	119.314
243.999	3.841	119.224
243.987	3.714	119.195
243.989	3.454	119.247
243.987	3.073	119.342
243.970	2.801	119.299
243.976	2.553	119.199
243.971	2.186	119.210
243.951	1.911	119.116
243.943	1.435	119.191
243.938	1.126	119.093
243.943	0.729	119.049
243.944	0.386	118.929
243.950	-0.080	118.968
243.936	-0.363	118.857
243.817	-0.299	118.856
243.797	-0.143	118.835
243.802	0.045	118.817
243.820	0.117	118.926
243.824	0.268	118.957
243.820	0.459	118.971
243.815	0.801	118.913
243.811	1.062	118.936
243.820	1.340	119.020
243.851	1.723	119.008
243.856	1.915	119.127
243.883	2.241	119.126
243.897	2.446	119.297
243.919	2.716	119.388
243.957	3.222	119.224
244.000	3.485	119.267
244.073	3.733	119.297
244.093	3.767	119.443
244.032	3.997	119.394
244.028	4.134	119.403
244.049	4.220	119.405
244.084	4.134	119.479
244.062	4.147	119.394
244.031	4.217	119.286
244.011	4.100	119.301
243.984	3.882	119.298
243.974	3.688	119.264
243.968	3.362	119.296
243.954	2.960	119.352
243.932	2.723	119.160
243.915	2.218	119.179
243.914	1.832	119.051
243.917	1.233	119.070
243.923	0.728	118.974
243.917	0.186	118.926
243.921	-0.411	118.923
243.759	-0.372	118.812
243.716	-0.173	118.781
243.733	-0.050	118.831
243.769	0.051	118.850
243.815	0.052	118.944
243.818	0.072	119.037
243.827	0.390	118.891
243.822	0.478	118.960
243.825	0.804	118.897
243.853	0.980	118.964
243.879	1.226	118.960
243.905	1.256	119.170
243.913	1.549	119.160
243.920	1.926	119.125
243.906	2.252	119.128
243.916	2.714	118.971
243.911	3.026	118.965
243.928	3.042	119.227
243.966	3.290	119.225
244.010	3.507	119.209
244.063	3.362	119.490
244.055	3.622	119.408
243.988	3.729	119.426
243.985	3.925	119.339
244.020	4.018	119.279
244.029	3.800	119.425
244.005	3.788	119.331
243.994	3.622	119.412
243.971	3.642	119.270
243.984	3.469	119.299
243.977	3.192	119.351
243.963	2.955	119.325
243.945	2.534	119.398
243.929	2.436	119.120
243.925	1.886	119.239
243.902	1.518	119.175
243.902	1.162	119.109
243.894	0.863	118.975
243.898	0.392	118.999
243.896	-0.047	118.993
243.904	-0.370	118.930
243.813	-0.373	118.796
243.767	-0.228	118.809
243.770	-0.093	118.829
243.794	0.000	118.934
243.813	0.154	118.962
243.820	0.430	118.910
243.816	0.578	119.018
243.822	0.914	118.993
243.833	1.283	118.959
243.842	1.605	118.979
243.866	1.862	119.105
243.895	2.114	119.166
243.896	2.237	119.344
243.925	2.629	119.337
243.931	2.951	119.345
243.936	3.316	119.326
243.948	3.757	119.167
243.976	3.935	119.260
244.006	4.108	119.270
244.057	4.100	119.401
244.122	4.252	119.380
244.075	4.407	119.277
244.019	4.217	119.438
244.018	4.271	119.356
244.045	4.164	119.386
244.049	3.990	119.378
244.000	3.648	119.435
243.969	3.498	119.299
243.962	3.226	119.293
243.943	2.845	119.295
243.921	2.489	119.160
243.909	1.886	119.226
243.903	1.308	119.204
243.891	0.847	119.031
243.894	0.144	119.008
243.896	-0.438	118.910
243.713	-0.389	118.775
243.656	-0.154	118.669
243.671	-0.079	118.773
243.711	-0.003	118.794
243.747	0.017	118.827
243.761	-0.005	118.954
243.778	0.140	118.927
243.795	0.362	118.871
243.821	0.554	118.887
243.848	0.784	118.873
243.887	0.920	118.951
243.920	1.008	119.077
243.916	1.163	119.189
243.912	1.432	119.224
243.920	1.949	119.073
243.919	2.331	119.009
243.905	2.632	119.002
243.909	2.810	119.131
243.918	2.923	119.272
243.925	3.072	119.351
243.915	3.311	119.322
243.913	3.523	119.307
243.923	3.767	119.246
243.955	3.953	119.179
244.014	3.851	119.360
244.006	3.932	119.289
243.932	3.753	119.414
243.931	3.831	119.355
243.944	3.750	119.363
243.973	3.685	119.335
243.945	3.512	119.350
243.929	3.325	119.331
243.939	3.141	119.292
243.938	2.772	119.364
243.921	2.279	119.487
243.918	2.200	119.278
243.901	1.959	119.121
243.888	1.486	119.135
243.880	1.133	119.022
243.880	0.671	118.996
243.884	0.274	118.921
243.886	-0.162	118.900
243.869	-0.464	118.801
243.749	-0.333	118.703
243.732	-0.286	118.806
243.749	-0.088	118.802
243.770	0.075	118.793
243.793	0.086	118.966
243.805	0.396	118.882
243.811	0.526	119.021
243.815	0.861	118.988
243.827	1.203	118.961
243.853	1.464	119.047
243.884	1.816	119.046
243.907	1.872	119.284
243.930	2.408	119.115
243.934	2.732	119.136
243.948	2.950	119.266
243.960	3.331	119.191
243.966	3.632	119.166
243.977	3.790	119.239
243.980	4.062	119.141
243.997	4.077	119.285
244.014	4.197	119.278
244.042	4.211	119.319
244.093	4.213	119.334
244.058	4.018	119.469
243.998	4.116	119.311
243.970	3.860	119.418
243.996	3.853	119.237
243.979	3.419	119.370
243.945	3.125	119.385
243.911	2.828	119.331
243.896	2.474	119.320
243.898	2.207	119.128
243.894	1.633	119.189
243.884	1.126	119.102
243.876	0.607	119.002
243.877	0.038	118.968
243.870	-0.521	118.897
243.696	-0.384	118.832
243.680	-0.080	118.663
243.709	-0.038	118.777
243.748	-0.020	118.889
243.782	0.043	118.895
243.774	0.190	118.899
243.789	0.428	118.859
243.803	0.612	118.875
243.833	0.872	118.869
243.865	1.051	118.956
243.900	1.164	119.074
243.926	1.340	119.159
243.939	1.590	119.206
243.935	1.998	119.129
243.940	2.406	119.052
243.938	2.641	119.126
243.953	2.846	119.217
243.954	3.128	119.193
243.966	3.318	119.231
243.964	3.525	119.213
243.949	3.632	119.263
243.945	3.725	119.299
243.949	3.968	119.169
243.943	4.080	119.138
243.966	3.974	119.266
243.994	4.004	119.194
244.056	3.646	119.467
244.014	3.708	119.309
243.953	3.592	119.329
243.930	3.443	119.310
243.963	3.141	119.397
243.960	2.946	119.300
243.923	2.480	119.423
243.908	2.307	119.249
243.905	1.963	119.239
243.900	1.595	119.219
243.892	1.246	119.145
243.895	0.905	119.045
243.893	0.432	119.061
243.899	0.057	118.970
243.894	-0.363	118.940
243.822	-0.485	118.827
243.768	-0.311	118.749
243.767	-0.206	118.774
243.793	-0.030	118.744
243.803	0.004	118.882
243.816	0.123	118.991
243.813	0.319	119.027
243.826	0.837	118.839
243.841	1.046	118.970
243.862	1.387	119.004
243.888	1.712	119.046
243.912	1.953	119.136
243.935	2.154	119.267
243.954	2.444	119.341
243.965	2.819	119.329
243.985	3.302	119.198
243.987	3.620	119.159
244.011	3.906	119.150
244.010	3.967	119.288
244.020	4.064	119.364
244.020	4.263	119.272
244.003	4.142	119.438
244.012	4.313	119.342
244.011	4.312	119.329
244.014	4.256	119.323
244.034	4.158	119.297
244.081	3.801	119.458
244.022	3.540	119.445
243.932	3.446	119.288
243.922	3.140	119.291
243.921	2.620	119.392
243.908	2.303	119.240
243.880	1.715	119.259
243.854	1.220	119.174
243.852	0.707	119.090
243.856	0.104	119.022
243.853	-0.456	118.932
243.657	-0.275	118.778
243.638	-0.194	118.837
243.660	-0.103	118.872
243.697	-0.026	118.845
243.731	-0.102	118.962
243.745	-0.040	118.954
243.754	0.136	118.893
243.765	0.319	118.866
243.793	0.577	118.834
243.808	0.663	118.951
243.857	0.882	118.968
243.886	0.949	119.128
243.890	1.149	119.228
243.892	1.482	119.231
243.915	1.891	119.175
243.914	2.252	119.153
243.911	2.632	119.063
243.926	2.788	119.184
243.942	2.934	119.292
243.957	3.069	119.393
243.945	3.331	119.348
243.944	3.638	119.236
243.935	3.821	119.214
243.920	3.862	119.265
243.929	4.012	119.185
243.922	3.928	119.277
243.928	3.964	119.227
243.937	3.834	119.339
243.958	3.776	119.351
243.995	3.599	119.433
244.032	3.603	119.284
243.958	3.345	119.352
243.934	3.215	119.260
243.939	2.905	119.310
243.949	2.564	119.314
243.913	2.265	119.265
243.897	2.065	119.085
243.881	1.662	119.103
243.876	1.246	119.082
243.889	0.820	119.075
243.888	0.480	118.933
243.876	-0.026	118.982
243.867	-0.436	118.964
243.776	-0.482	118.845
243.737	-0.336	118.816
243.739	-0.077	118.680
243.768	-0.049	118.810
243.779	-0.022	118.913
243.787	0.047	119.056
243.785	0.288	119.054
243.792	0.768	118.909
243.807	1.108	118.887
243.825	1.397	118.971
243.872	1.665	119.087
243.886	1.704	119.351
243.912	2.130	119.262
243.925	2.487	119.264
243.934	2.670	119.413
243.964	3.191	119.253
243.967	3.486	119.217
243.990	3.728	119.223
243.990	3.705	119.429
243.993	4.005	119.287
244.006	4.025	119.399
243.993	4.101	119.375
243.987	4.245	119.260
243.968	4.185	119.294
243.957	4.019	119.393
243.951	3.914	119.374
243.969	3.767	119.346
244.002	3.661	119.217
244.015	3.248	119.371
243.934	3.056	119.273
243.874	2.761	119.194
243.877	2.305	119.277
243.896	1.778	119.283
243.875	1.361	119.176
243.862	0.956	119.040
243.848	0.396	119.053
243.857	-0.121	118.998
243.824	-0.471	118.891
243.688	-0.260	118.857
243.684	-0.102	118.832
243.704	-0.004	118.871
243.733	0.109	118.867
243.761	0.185	118.925
243.760	0.274	118.983
243.772	0.553	118.872
243.778	0.723	118.940
243.792	1.039	118.877
243.825	1.203	119.010
243.860	1.417	119.066
243.875	1.516	119.252
243.884	1.791	119.297
243.898	2.364	119.102
243.909	2.646	119.146
243.925	2.864	119.240
243.937	3.110	119.265
243.951	3.299	119.285
243.962	3.499	119.287
243.969	3.617	119.340
243.973	3.718	119.369
243.976	3.906	119.277
243.969	3.935	119.314
243.953	4.076	119.185
243.946	3.956	119.272
243.931	3.711	119.406
243.921	3.690	119.287
243.925	3.613	119.244
243.921	3.458	119.253
243.948	3.168	119.347
243.981	2.738	119.478
243.957	2.513	119.416
243.877	2.437	119.180
243.854	2.153	119.122
243.859	1.615	119.255
243.875	1.312	119.138
243.846	0.881	119.119
243.828	0.599	118.977
243.839	0.170	118.998
243.854	-0.120	118.876
243.839	-0.461	118.904
243.750	-0.347	118.877
243.743	-0.300	118.920
243.752	-0.125	118.881
243.762	0.089	118.819
243.771	0.172	118.929
243.769	0.341	118.972
243.767	0.674	118.932
243.786	0.887	119.048
243.784	1.360	118.945
243.808	1.678	119.020
243.831	1.888	119.175
243.838	2.003	119.402
243.860	2.255	119.512
243.887	2.873	119.317
243.906	3.253	119.284
243.918	3.533	119.283
243.950	3.765	119.319
243.958	3.968	119.317
243.981	4.132	119.321
243.988	4.246	119.321
243.998	4.252	119.393
243.982	4.134	119.505
243.989	4.272	119.357
243.969	4.300	119.270
243.950	4.125	119.315
243.932	3.902	119.340
243.908	3.531	119.422
243.891	3.340	119.346
243.907	3.009	119.377
243.906	2.767	119.243
243.941	2.357	119.173
243.900	1.808	119.224
243.814	1.339	119.122
243.800	0.926	118.975
243.825	0.278	119.000
243.843	-0.385	119.002
243.653	-0.393	118.799
243.605	-0.242	118.841
243.620	-0.083	118.804
243.673	-0.054	118.911
243.720	-0.032	118.933
243.733	-0.150	119.108
243.739	0.030	119.043
243.748	0.295	118.886
243.765	0.509	118.849
243.792	0.707	118.869
243.830	0.872	118.917
243.861	0.951	119.049
243.860	1.000	119.263
243.870	1.480	119.143
243.873	1.885	119.101
243.885	2.280	119.072
243.887	2.581	119.084
243.907	2.601	119.380
243.930	2.943	119.298
243.953	3.189	119.281
243.948	3.237	119.422
243.944	3.574	119.268
243.940	3.711	119.290
243.944	3.808	119.310
243.944	3.979	119.195
243.935	3.900	119.265
243.929	3.820	119.317
243.923	3.795	119.325
243.904	3.729	119.312
243.893	3.720	119.245
243.871	3.617	119.189
243.875	3.401	119.226
243.879	3.188	119.223
243.892	2.857	119.252
243.926	2.385	119.423
243.949	2.239	119.262
243.853	1.971	119.199
243.809	1.585	119.239
243.814	1.308	119.126
243.855	0.952	119.056
243.834	0.508	119.046
243.821	0.064	119.086
243.821	-0.148	118.948
243.833	-0.427	118.914
243.748	-0.478	118.943
243.739	-0.207	118.760
243.754	-0.114	118.840
243.763	-0.081	118.965
243.773	0.007	119.047
243.773	0.293	118.995
243.773	0.512	119.040
243.791	0.858	119.029
243.798	1.209	119.019
243.803	1.504	119.101
243.830	1.808	119.178
243.840	2.104	119.242
243.875	2.471	119.281
243.885	2.653	119.492
243.910	3.118	119.380
243.918	3.534	119.265
243.944	3.802	119.245
243.963	3.921	119.335
243.971	3.977	119.427
243.983	4.117	119.415
243.987	4.187	119.418
243.989	4.338	119.296
243.977	4.118	119.451
243.971	4.264	119.265
243.961	4.099	119.298
243.928	3.809	119.341
243.914	3.674	119.234
243.884	3.263	119.357
243.865	3.044	119.232
243.860	2.654	119.259
243.861	2.342	119.148
243.891	1.770	119.205
243.934	1.285	119.129
243.850	0.709	119.098
243.806	0.281	118.946
243.814	-0.355	118.978
243.681	-0.371	118.895
243.629	-0.118	118.758
243.626	-0.060	118.887
243.671	0.064	118.908
243.709	0.014	119.060
243.727	0.190	118.993
243.734	0.359	118.933
243.751	0.519	118.904
243.767	0.769	118.853
243.786	0.946	118.878
243.818	1.059	118.978
243.835	1.160	119.080
243.850	1.326	119.177
243.852	1.532	119.268
243.851	1.972	119.169
243.871	2.452	119.048
243.864	2.575	119.226
243.880	2.812	119.283
243.906	3.052	119.306
243.917	3.233	119.320
243.919	3.319	119.400
243.923	3.549	119.355
243.926	3.664	119.344
243.919	3.869	119.238
243.911	3.817	119.339
243.922	3.798	119.339
243.913	3.832	119.244
243.910	3.765	119.250
243.891	3.583	119.357
243.880	3.528	119.296
243.850	3.412	119.257
243.840	3.065	119.367
243.821	3.001	119.165
243.824	2.691	119.227
243.822	2.541	119.068
243.825	2.154	119.146
243.868	1.781	119.187
243.910	1.365	119.229
243.835	1.189	119.037
243.790	0.883	118.983
243.802	0.510	118.991
243.843	0.104	119.028
243.842	-0.161	118.954
243.813	-0.344	118.845
243.781	-0.448	118.861
243.751	-0.363	118.879
243.765	-0.177	118.842
243.781	-0.006	118.850
243.787	0.040	118.996
243.780	0.213	119.053
243.775	0.574	118.983
243.791	0.849	119.047
243.796	1.217	119.037
243.821	1.557	119.082
243.836	2.016	119.021
243.855	2.194	119.253
243.868	2.645	119.198
243.903	2.947	119.329
243.915	3.383	119.265
243.933	3.694	119.272
243.958	3.912	119.342
243.990	4.099	119.367
244.002	4.204	119.417
244.005	4.336	119.429
244.011	4.422	119.412
244.002	4.469	119.368
243.997	4.328	119.454
243.999	4.354	119.349
243.986	4.160	119.382
243.960	3.851	119.442
243.938	3.727	119.331
243.912	3.453	119.268
243.874	2.851	119.431
243.851	2.479	119.329
243.836	2.114	119.157
243.832	1.532	119.127
243.850	0.853	119.131
243.889	0.204	119.053
243.868	-0.377	118.868
243.571	-0.361	118.773
243.524	-0.232	118.788
243.577	-0.210	118.866
243.673	-0.264	118.896
243.676	-0.395	118.939
243.669	-0.340	118.902
243.675	-0.373	118.966
243.710	-0.115	118.819
243.739	-0.022	118.862
243.780	0.059	118.916
243.808	0.150	118.946
243.841	0.372	118.922
243.836	0.389	119.109
243.843	0.787	119.045
243.836	1.179	118.976
243.852	1.456	119.066
243.851	1.812	119.090
243.872	2.029	119.201
243.875	2.410	119.149
243.882	2.501	119.386
243.906	2.945	119.316
243.893	3.254	119.278
243.897	3.492	119.280
243.903	3.595	119.396
243.918	3.827	119.340
243.920	4.056	119.225
243.939	4.001	119.356
243.943	4.018	119.361
243.943	3.939	119.438
243.946	4.031	119.315
243.945	4.075	119.178
243.932	3.906	119.208
243.920	3.608	119.320
243.905	3.424	119.261
243.899	3.171	119.255
243.876	2.971	119.161
243.868	2.568	119.234
243.875	2.191	119.270
243.914	1.850	119.203
243.932	1.347	119.236
243.843	0.987	119.133
243.803	0.563	119.093
243.810	0.181	119.003
243.845	-0.283	118.983
243.765	-0.483	118.826
243.658	-0.388	118.876
243.672	-0.176	118.826
243.698	-0.023	118.853
243.730	0.051	118.915
243.744	0.062	119.063
243.747	0.367	118.951
243.752	0.645	118.882
243.768	0.747	119.053
243.788	1.173	118.916
243.812	1.300	119.079
243.839	1.604	119.089
243.865	1.777	119.227
243.867	1.968	119.369
243.878	2.425	119.300
243.896	2.882	119.213
243.906	3.027	119.406
243.924	3.438	119.246
243.943	3.674	119.241
243.956	3.755	119.337
243.958	3.705	119.506
243.961	3.901	119.426
243.955	4.035	119.348
243.948	4.243	119.146
243.938	4.087	119.283
243.923	3.850	119.385
243.914	3.904	119.212
243.895	3.608	119.300
243.870	3.502	119.205
243.852	3.226	119.228
243.828	2.971	119.171
243.804	2.712	119.062
243.803	2.169	119.228
243.807	1.764	119.215
243.825	1.346	119.158
243.866	0.851	119.168
243.882	0.444	119.092
243.789	0.029	119.019
243.778	-0.338	118.914
243.661	-0.332	118.833
243.676	-0.187	118.880
243.670	-0.105	118.975
243.688	0.158	118.897
243.715	0.171	119.090
243.722	0.351	119.122
243.742	0.699	119.026
243.750	0.951	119.026
243.764	1.275	118.975
243.784	1.500	119.067
243.808	1.714	119.134
243.829	1.951	119.185
243.850	1.915	119.498
243.869	2.378	119.348
243.882	2.770	119.323
243.907	3.182	119.262
243.915	3.478	119.247
243.934	3.711	119.234
243.950	3.702	119.425
243.970	3.886	119.405
243.981	3.905	119.479
243.986	4.014	119.415
243.981	4.202	119.237
243.982	4.018	119.375
243.971	4.029	119.284
243.965	3.791	119.361
243.941	3.650	119.262
243.928	3.315	119.368
243.913	3.177	119.248
243.875	2.782	119.300
243.847	2.462	119.244
243.836	2.224	119.089
243.807	1.748	119.090
243.781	1.204	119.112
243.784	0.782	119.027
243.783	0.265	119.014
243.814	-0.201	118.956
243.810	-0.465	118.858
243.709	-0.248	118.824
243.651	-0.060	118.833
243.660	0.053	118.913
243.722	0.094	119.034
243.761	0.181	119.062
243.734	0.464	118.928
243.732	0.717	118.903
243.752	0.874	119.001
243.776	1.170	118.986
243.807	1.434	119.001
243.831	1.578	119.138
243.839	1.737	119.217
243.843	1.762	119.472
243.861	2.234	119.346
243.856	2.534	119.321
243.866	2.982	119.149
243.894	3.187	119.228
243.899	3.326	119.319
243.919	3.477	119.369
243.925	3.722	119.296
243.930	3.781	119.353
243.935	3.824	119.425
243.946	3.966	119.302
243.946	4.062	119.206
243.944	3.828	119.391
243.949	3.784	119.326
243.936	3.649	119.268
243.919	3.355	119.381
243.918	3.268	119.270
243.890	2.925	119.326
243.868	2.685	119.267
243.853	2.304	119.300
243.838	1.913	119.308
243.812	1.651	119.172
243.792	1.408	118.977
243.772	0.938	119.000
243.748	0.479	118.993
243.755	0.122	118.926
243.796	-0.314	118.950
243.775	-0.464	118.839
243.754	-0.323	118.868
243.706	-0.128	118.834
243.683	0.032	118.906
243.711	0.143	119.017
243.767	0.243	119.109
243.775	0.438	119.138
243.760	0.863	119.000
243.768	1.215	118.973
243.788	1.472	119.061
243.820	1.714	119.184
243.851	2.029	119.201
243.872	2.161	119.385
243.874	2.608	119.285
243.887	3.039	119.193
243.911	3.306	119.240
243.913	3.557	119.219
243.925	3.833	119.179
243.932	3.744	119.458
243.951	3.981	119.405
243.947	3.999	119.496
243.951	4.087	119.492
243.951	4.290	119.324
243.949	4.234	119.336
243.943	4.157	119.335
243.951	4.004	119.371
243.945	3.778	119.363
243.933	3.512	119.349
243.924	3.172	119.409
243.902	2.910	119.287
243.883	2.428	119.351
243.876	2.136	119.173
243.862	1.539	119.230
243.838	1.052	119.138
243.819	0.514	119.044
243.795	-0.016	118.936
243.740	-0.544	118.901
243.562	-0.233	118.704
243.535	-0.093	118.709
243.570	0.006	118.763
243.653	0.043	118.827
243.721	-0.096	119.063
243.763	0.052	119.052
243.688	0.342	118.932
243.686	0.560	118.921
243.728	0.788	118.956
243.800	1.004	118.929
243.833	1.001	119.141
243.822	1.131	119.232
243.818	1.196	119.444
243.839	1.826	119.221
243.865	2.247	119.129
243.870	2.577	119.118
243.876	2.810	119.178
243.891	2.932	119.307
243.896	3.146	119.300
243.904	3.301	119.321
243.895	3.215	119.533
243.903	3.541	119.404
243.895	3.866	119.217
243.888	3.938	119.257
243.883	4.008	119.223
243.892	3.891	119.337
243.892	3.829	119.315
243.891	3.741	119.349
243.888	3.727	119.286
243.887	3.561	119.300
243.878	3.324	119.347
243.874	3.081	119.323
243.872	2.915	119.196
243.861	2.475	119.301
243.853	2.070	119.349
243.828	1.801	119.210
243.804	1.445	119.154
243.802	1.151	119.036
243.782	0.801	118.930
243.774	0.355	118.938
243.760	-0.086	118.944
243.744	-0.495	118.963
243.656	-0.362	118.710
243.641	-0.249	118.716
243.701	-0.165	118.823
243.780	-0.057	118.866
243.766	0.057	118.945
243.720	0.346	118.912
243.719	0.585	118.945
243.766	0.828	119.008
243.810	1.194	118.949
243.803	1.538	118.934
243.810	1.673	119.156
243.843	2.006	119.179
243.871	2.276	119.264
243.904	2.639	119.282
243.914	2.986	119.282
243.917	3.342	119.238
243.924	3.620	119.230
243.935	3.794	119.270
243.950	3.889	119.351
243.953	3.997	119.397
243.963	4.148	119.410
243.944	4.244	119.380
243.931	4.239	119.406
243.926	4.323	119.338
243.915	4.145	119.418
243.921	4.012	119.429
243.918	3.740	119.497
243.904	3.595	119.402
243.889	3.377	119.333
243.882	2.935	119.437
243.851	2.565	119.341
243.853	2.136	119.318
243.842	1.721	119.170
243.829	1.075	119.208
243.812	0.525	119.093
243.792	0.058	118.879
243.737	-0.525	118.882
243.545	-0.266	118.761
243.505	-0.123	118.755
243.526	-0.038	118.805
243.569	-0.018	118.863
243.608	-0.002	118.887
243.640	0.091	118.907
243.680	0.128	119.024
243.769	0.454	118.887
243.723	0.716	118.866
243.716	0.914	118.902
243.766	0.940	119.129
243.828	1.113	119.189
243.868	1.332	119.212
243.845	1.641	119.211
243.858	2.007	119.193
243.865	2.455	119.075
243.887	2.711	119.114
243.902	2.789	119.294
243.914	2.961	119.339
243.932	3.012	119.508
243.919	3.202	119.490
243.904	3.441	119.382
243.913	3.703	119.278
243.910	3.703	119.375
243.901	3.938	119.197
243.894	3.784	119.360
243.898	3.785	119.367
243.881	3.794	119.304
243.878	3.705	119.344
243.882	3.721	119.257
243.875	3.547	119.260
243.881	3.298	119.305
243.890	3.096	119.273
243.882	2.715	119.330
243.874	2.530	119.160
243.869	2.188	119.207
243.841	1.823	119.169
243.823	1.420	119.145
243.819	0.988	119.138
243.793	0.541	119.151
243.779	0.214	119.036
243.766	-0.118	118.947
243.739	-0.407	118.874
243.662	-0.513	118.856
243.620	-0.291	118.731
243.642	-0.182	118.802
243.697	-0.022	118.818
243.774	0.056	118.957
243.767	0.187	119.055
243.701	0.560	119.014
243.702	0.977	118.918
243.748	1.269	119.001
243.811	1.509	119.099
243.814	1.812	119.150
243.833	2.127	119.209
243.845	2.315	119.331
243.884	2.677	119.392
243.908	3.035	119.369
243.928	3.510	119.244
243.933	3.689	119.355
243.942	3.814	119.394
243.955	3.992	119.375
243.967	4.133	119.376
243.963	4.037	119.540
243.950	4.154	119.492
243.952	4.324	119.358
243.925	4.220	119.418
243.919	4.180	119.367
243.904	4.061	119.308
243.889	3.641	119.474
243.876	3.574	119.313
243.871	3.251	119.336
243.855	2.889	119.313
243.847	2.535	119.218
243.842	2.115	119.139
243.812	1.374	119.272
243.808	0.795	119.219
243.794	0.257	119.088
243.781	-0.358	119.017
243.616	-0.379	118.801
243.529	-0.216	118.793
243.515	-0.061	118.771
243.546	0.013	118.802
243.591	-0.052	118.915
243.594	0.060	118.872
243.617	0.150	118.908
243.640	0.368	118.812
243.711	0.497	118.924
243.784	0.730	118.938
243.745	0.869	119.015
243.743	1.044	119.098
243.774	1.106	119.298
243.833	1.444	119.271
243.843	1.718	119.297
243.850	2.070	119.257
243.853	2.598	119.045
243.867	2.682	119.259
243.897	2.901	119.293
243.920	3.122	119.298
243.925	3.247	119.373
243.916	3.459	119.333
243.920	3.617	119.301
243.917	3.739	119.277
243.908	3.878	119.177
243.905	3.903	119.187
243.900	3.794	119.256
243.887	3.585	119.432
243.876	3.703	119.313
243.867	3.580	119.349
243.859	3.527	119.283
243.859	3.268	119.371
243.865	3.174	119.267
243.865	2.919	119.254
243.868	2.721	119.174
243.851	2.391	119.179
243.838	2.133	119.115
243.832	1.683	119.212
243.816	1.337	119.170
243.812	0.953	119.140
243.798	0.537	119.185
243.782	0.352	118.973
243.766	-0.001	118.993
243.744	-0.149	118.847
243.734	-0.414	118.863
243.685	-0.482	118.847
243.663	-0.335	118.801
243.673	-0.209	118.817
243.717	-0.156	118.963
243.788	0.119	118.950
243.765	0.423	118.927
243.704	0.766	118.964
243.712	1.008	119.110
243.769	1.423	119.102
243.814	1.685	119.207
243.813	2.086	119.175
243.831	2.399	119.257
243.853	2.770	119.316
243.898	3.191	119.280
243.907	3.489	119.309
243.939	3.802	119.343
243.948	4.059	119.302
243.949	4.094	119.447
243.955	4.072	119.586
243.969	4.422	119.399
243.959	4.264	119.577
243.954	4.362	119.511
243.940	4.371	119.474
243.930	4.367	119.410
243.931	4.230	119.389
243.906	3.990	119.391
243.896	3.667	119.437
243.882	3.478	119.307
243.875	2.931	119.391
243.854	2.487	119.345
243.846	2.090	119.154
243.839	1.349	119.203
243.830	0.624	119.189
243.817	-0.027	118.990
243.695	-0.519	118.890
243.530	-0.215	118.819
243.494	-0.077	118.778
243.523	-0.075	118.902
243.563	-0.112	118.899
243.573	-0.107	118.860
243.564	-0.093	118.869
243.563	0.029	118.826
243.600	0.177	118.820
243.657	0.342	118.808
243.753	0.431	118.902
243.841	0.476	119.026
243.778	0.614	119.144
243.743	0.872	119.169
243.766	1.249	119.140
243.832	1.499	119.215
243.856	1.902	119.142
243.846	2.258	119.123
243.842	2.397	119.237
243.867	2.536	119.415
243.877	2.872	119.346
243.889	3.199	119.321
243.881	3.460	119.301
243.872	3.684	119.251
243.867	3.816	119.238
243.868	3.746	119.389
243.865	3.961	119.259
243.886	3.837	119.455
243.871	3.908	119.366
243.862	3.833	119.409
243.855	4.016	119.197
243.857	3.830	119.309
243.855	3.617	119.360
243.867	3.518	119.265
243.871	3.096	119.418
243.873	2.834	119.413
243.862	2.691	119.246
243.850	2.386	119.219
243.848	2.029	119.188
243.827	1.620	119.165
243.817	1.145	119.179
243.811	0.812	119.054
243.790	0.392	118.987
243.768	0.040	118.873
243.750	-0.384	118.877
243.646	-0.445	118.833
243.589	-0.283	118.776
243.598	-0.142	118.802
243.614	-0.011	118.821
243.663	0.124	118.862
243.716	0.279	118.917
243.760	0.349	119.104
243.679	0.876	118.889
243.667	1.187	118.907
243.720	1.467	118.994
243.785	1.658	119.133
243.802	1.846	119.232
243.821	2.239	119.188
243.844	2.209	119.531
243.890	2.874	119.281
243.932	3.072	119.412
243.950	3.424	119.317
243.958	3.711	119.259
243.971	3.695	119.439
243.980	3.862	119.401
243.983	3.890	119.476
243.976	4.073	119.343
243.968	4.168	119.301
243.950	4.225	119.239
243.912	4.045	119.347
243.887	3.829	119.426
243.871	3.768	119.306
243.857	3.634	119.260
243.853	3.475	119.212
243.842	3.169	119.233
243.823	2.887	119.171
243.828	2.575	119.084
243.827	1.981	119.217
243.821	1.522	119.192
243.823	1.122	119.048
243.808	0.418	119.182
243.813	0.100	118.969
243.808	-0.387	118.896
243.656	-0.346	118.788
243.599	-0.162	118.771
243.603	-0.053	118.860
243.620	0.036	118.906
243.644	0.208	118.873
243.649	0.338	118.928
243.652	0.538	118.936
243.683	0.826	118.899
243.733	1.076	118.899
243.814	1.345	118.955
243.764	1.500	119.085
243.742	1.676	119.228
243.775	1.943	119.287
243.821	2.234	119.326
243.870	2.539	119.331
243.857	2.896	119.294
243.863	3.170	119.295
243.867	3.244	119.447
243.900	3.651	119.267
243.926	3.677	119.395
243.939	3.823	119.393
243.935	3.877	119.391
243.929	3.815	119.449
243.922	3.926	119.282
243.909	3.830	119.311
243.903	3.647	119.381
243.884	3.500	119.370
243.861	3.385	119.337
243.842	3.281	119.263
243.830	2.933	119.386
243.809	2.762	119.235
243.814	2.546	119.157
243.812	2.115	119.211
243.823	1.726	119.204
243.818	1.331	119.166
243.805	1.001	119.042
243.803	0.621	118.984
243.796	0.146	119.010
243.802	-0.259	118.985
243.758	-0.490	118.894
243.653	-0.325	118.868
243.632	-0.095	118.754
243.649	0.033	118.839
243.667	0.110	118.969
243.674	0.313	118.961
243.672	0.600	118.941
243.689	0.947	118.899
243.709	1.231	118.944
243.752	1.545	118.967
243.832	1.705	119.178
243.859	2.141	119.096
243.791	2.388	119.175
243.814	2.799	119.180
243.874	2.974	119.376
243.890	3.308	119.337
243.900	3.647	119.240
243.920	3.759	119.375
243.945	3.889	119.436
243.978	4.055	119.398
243.994	3.993	119.561
244.002	4.184	119.428
243.993	4.101	119.454
243.995	4.089	119.385
243.981	3.981	119.345
243.959	3.719	119.394
243.949	3.426	119.435
243.925	3.232	119.326
243.900	2.877	119.401
243.863	2.629	119.262
243.829	2.337	119.107
243.809	1.714	119.213
243.801	1.218	119.159
243.809	0.713	119.093
243.801	0.188	118.995
243.803	-0.375	118.922
243.652	-0.328	118.751
243.576	-0.190	118.775
243.583	-0.031	118.788
243.626	-0.001	118.888
243.665	-0.058	119.036
243.684	0.067	119.015
243.679	0.254	118.959
243.686	0.418	118.945
243.691	0.697	118.906
243.727	0.818	119.018
243.757	1.048	118.998
243.785	1.155	119.136
243.783	1.233	119.301
243.791	1.635	119.228
243.816	1.917	119.272
243.861	2.485	119.063
243.928	2.741	119.111
243.929	2.862	119.269
243.858	3.090	119.268
243.840	3.205	119.371
243.883	3.387	119.407
243.922	3.515	119.412
243.908	3.805	119.227
243.880	3.863	119.251
243.866	3.942	119.235
243.876	3.805	119.335
243.886	3.863	119.246
243.891	3.662	119.360
243.879	3.523	119.385
243.880	3.457	119.305
243.882	3.308	119.246
243.874	3.153	119.132
243.867	2.683	119.303
243.869	2.328	119.371
243.849	2.142	119.243
243.838	1.930	119.111
243.815	1.439	119.218
243.812	1.158	119.120
243.819	0.857	119.023
243.828	0.456	119.019
243.834	0.049	119.029
243.833	-0.151	118.850
243.819	-0.488	118.898
243.727	-0.423	118.887
243.703	-0.309	118.881
243.699	-0.115	118.861
243.704	0.040	118.883
243.709	0.153	118.975
243.707	0.353	119.019
243.708	0.774	118.909
243.709	1.001	119.001
243.720	1.403	118.958
243.746	1.772	118.955
243.780	1.908	119.192
243.811	2.112	119.344
243.854	2.262	119.517
243.919	2.660	119.497
243.985	3.097	119.424
243.929	3.470	119.346
243.909	3.644	119.446
243.954	3.966	119.370
243.975	4.019	119.461
243.970	4.197	119.380
243.964	4.179	119.460
243.971	4.170	119.485
243.987	4.215	119.436
243.980	4.241	119.342
243.977	4.055	119.380
243.967	3.794	119.400
243.946	3.472	119.404
243.921	3.042	119.471
243.902	2.921	119.215
243.888	2.451	119.245
243.878	1.982	119.201
243.850	1.376	119.228
243.838	0.885	119.121
243.822	0.323	119.042
243.820	-0.279	118.979
243.702	-0.580	118.887
243.588	-0.231	118.725
243.585	-0.198	118.857
243.621	-0.052	118.874
243.657	-0.031	118.907
243.682	-0.054	119.027
243.681	0.218	118.881
243.690	0.308	118.959
243.703	0.528	118.944
243.735	0.780	118.938
243.781	0.917	119.023
243.818	1.139	119.016
243.829	1.203	119.199
243.828	1.519	119.179
243.818	1.821	119.223
243.823	2.119	119.270
243.805	2.555	119.119
243.808	2.849	119.127
243.819	3.064	119.170
243.851	3.199	119.289
243.887	3.260	119.428
243.943	3.372	119.497
243.949	3.518	119.494
243.887	3.898	119.237
243.862	4.008	119.210
243.876	3.838	119.388
243.922	3.841	119.312
243.929	3.698	119.373
243.896	3.513	119.453
243.880	3.607	119.268
243.879	3.438	119.287
243.884	3.117	119.390
243.875	2.831	119.374
243.884	2.644	119.247
243.861	2.104	119.365
243.852	1.831	119.249
243.841	1.481	119.167
243.845	1.062	119.157
243.831	0.676	119.119
243.821	0.449	118.898
243.830	0.108	118.793
243.821	-0.340	118.873
243.745	-0.485	118.848
243.688	-0.361	118.865
243.701	-0.145	118.811
243.710	-0.041	118.879
243.732	0.048	118.993
243.735	0.338	118.931
243.722	0.515	119.003
243.731	0.822	119.021
243.727	1.236	118.923
243.750	1.572	118.959
243.769	1.699	119.184
243.793	1.932	119.275
243.820	2.220	119.323
243.828	2.412	119.485
243.842	2.800	119.451
243.859	3.296	119.310
243.871	3.670	119.205
243.885	3.815	119.288
243.908	4.032	119.271
243.943	4.105	119.350
243.977	4.079	119.487
244.021	4.045	119.540
244.023	4.247	119.354
243.951	4.121	119.422
243.920	4.169	119.299
243.919	3.821	119.452
243.899	3.525	119.491
243.892	3.450	119.295
243.883	3.147	119.276
243.863	2.628	119.395
243.871	2.271	119.322
243.859	1.831	119.230
243.854	1.316	119.164
243.853	0.609	119.217
243.854	0.179	118.967
243.862	-0.466	118.939
243.688	-0.396	118.708
243.648	-0.212	118.674
243.672	-0.149	118.783
243.702	-0.070	118.805
243.722	-0.088	118.873
243.729	-0.112	119.011
243.728	0.100	118.947
243.740	0.306	118.917
243.766	0.523	118.913
243.782	0.740	118.920
243.825	0.869	119.025
243.857	0.989	119.129
243.849	1.088	119.272
243.848	1.448	119.232
243.865	1.836	119.179
243.871	2.318	119.047
243.857	2.564	119.084
243.861	2.677	119.231
243.877	2.682	119.486
243.882	2.923	119.478
243.867	3.326	119.305
243.852	3.599	119.213
243.838	3.716	119.271
243.819	3.873	119.237
243.809	3.987	119.188
243.806	3.986	119.224
243.817	3.826	119.371
243.847	3.878	119.296
243.897	3.839	119.291
243.968	3.651	119.392
243.917	3.581	119.277
243.875	3.346	119.331
243.865	3.091	119.323
243.876	2.611	119.452
243.911	2.414	119.325
243.887	1.939	119.412
243.867	1.847	119.156
243.847	1.299	119.256
243.842	0.982	119.160
243.834	0.589	119.074
243.831	0.058	119.107
243.836	-0.224	118.924
243.821	-0.573	118.843
243.711	-0.384	118.723
243.709	-0.291	118.772
243.725	-0.134	118.795
243.736	-0.058	118.845
243.750	0.041	118.946
243.748	0.317	118.900
243.741	0.534	118.943
243.748	0.870	118.936
243.756	1.158	118.953
243.801	1.386	119.092
243.823	1.568	119.216
243.855	1.842	119.225
243.869	2.137	119.271
243.874	2.306	119.418
243.886	2.730	119.371
243.906	3.153	119.262
243.906	3.466	119.233
243.903	3.598	119.313
243.902	3.685	119.394
243.908	3.802	119.451
243.898	4.024	119.357
243.883	4.142	119.323
243.873	4.238	119.250
243.869	4.269	119.190
243.864	4.106	119.292
243.871	3.826	119.447
243.895	3.825	119.258
243.922	3.551	119.289
243.966	3.163	119.411
243.904	2.919	119.329
243.843	2.496	119.351
243.819	2.237	119.163
243.823	1.728	119.156
243.796	1.121	119.187
243.792	0.626	119.109
243.789	0.140	119.000
243.813	-0.308	118.862
243.706	-0.427	118.761
243.646	-0.266	118.748
243.668	-0.174	118.809
243.707	-0.145	118.902
243.751	-0.168	119.036
243.771	0.027	118.975
243.788	0.168	119.000
243.816	0.450	118.929
243.834	0.734	118.913
243.857	0.870	119.057
243.880	1.097	119.096
243.894	1.238	119.219
243.906	1.519	119.262
243.903	1.920	119.187
243.903	2.164	119.303
243.915	2.508	119.258
243.906	2.757	119.279
243.925	3.068	119.220
243.915	3.206	119.279
243.918	3.301	119.358
243.908	3.454	119.366
243.910	3.712	119.234
243.901	3.839	119.206
243.879	3.775	119.316
243.868	3.891	119.232
243.858	3.792	119.296
243.837	3.747	119.241
243.826	3.616	119.266
243.810	3.485	119.278
243.781	3.335	119.283
243.775	3.176	119.222
243.780	2.873	119.257
243.801	2.589	119.238
243.843	2.113	119.376
243.902	1.831	119.275
243.839	1.377	119.288
243.769	1.184	119.092
243.757	0.803	119.070
243.779	0.416	118.996
243.818	-0.061	119.029
243.811	-0.413	118.947
243.738	-0.580	118.840
243.669	-0.389	118.742
243.684	-0.245	118.732
243.726	-0.145	118.806
243.756	-0.004	118.820
243.776	0.043	118.949
243.794	0.334	118.919
243.801	0.546	118.990
243.836	0.957	118.966
243.847	1.198	119.081
243.868	1.550	119.103
243.881	1.929	119.106
243.893	2.195	119.200
243.906	2.311	119.472
243.918	2.826	119.356
243.934	3.328	119.162
243.942	3.525	119.248
243.955	3.770	119.243
243.961	3.785	119.394
243.975	3.930	119.428
243.967	3.994	119.487
243.958	4.125	119.450
243.937	4.190	119.362
243.928	4.277	119.290
243.905	4.110	119.389
243.880	4.057	119.335
243.863	3.830	119.370
243.849	3.716	119.265
243.826	3.403	119.298
243.814	3.134	119.227
243.793	2.680	119.254
243.797	2.271	119.233
243.793	1.770	119.200
243.821	1.208	119.165
243.854	0.699	119.043
243.892	0.039	119.049
243.824	-0.600	119.044
243.581	-0.310	118.795
243.555	-0.171	118.786
243.618	-0.109	118.873
243.626	-0.070	118.862
243.642	-0.080	118.917
243.664	-0.077	119.012
243.690	0.172	118.919
243.731	0.378	118.896
243.771	0.526	118.982
243.824	0.749	119.002
243.867	0.835	119.121
243.905	0.842	119.328
243.928	1.183	119.294
243.938	1.573	119.231
243.956	1.969	119.191
243.965	2.328	119.149
243.964	2.610	119.155
243.981	2.783	119.282
243.975	2.898	119.386
243.984	3.133	119.375
243.971	3.320	119.361
243.951	3.506	119.297
243.941	3.753	119.195
243.927	3.820	119.220
243.908	3.814	119.221
243.897	3.743	119.272
243.874	3.656	119.306
243.864	3.683	119.244
243.855	3.606	119.260
243.838	3.429	119.341
243.816	3.287	119.339
243.814	3.111	119.322
243.805	2.962	119.231
243.792	2.698	119.217
243.776	2.477	119.140
243.770	2.137	119.187
243.756	1.706	119.279
243.755	1.444	119.200
243.763	1.163	119.066
243.805	0.760	119.093
243.854	0.462	118.987
243.900	0.059	119.013
243.821	-0.271	119.009
243.770	-0.477	118.921
243.708	-0.598	118.968
243.707	-0.359	118.812
243.748	-0.261	118.817
243.749	-0.102	118.817
243.745	-0.015	118.977
243.765	0.341	118.959
243.782	0.665	119.000
243.815	1.029	119.001
243.836	1.374	119.042
243.876	1.636	119.191
243.903	1.938	119.259
243.944	2.293	119.334
243.969	2.596	119.367
243.989	3.065	119.282
244.011	3.319	119.362
244.013	3.771	119.221
244.026	3.937	119.337
244.040	4.043	119.412
244.032	4.012	119.550
244.042	4.224	119.462
244.030	4.388	119.354
244.006	4.237	119.451
243.991	4.323	119.323
243.952	4.250	119.280
243.919	4.047	119.306
243.886	3.780	119.345
243.852	3.618	119.250
243.829	3.245	119.288
243.802	2.825	119.306
243.784	2.502	119.156
243.760	1.986	119.156
243.747	1.340	119.181
243.748	0.728	119.118
243.749	0.051	119.074
243.734	-0.546	118.965
243.533	-0.288	118.838
243.530	-0.228	118.913
243.601	-0.128	118.951
243.710	-0.168	119.015
243.768	-0.274	119.095
243.720	-0.152	119.002
243.699	0.043	118.866
243.718	0.208	118.804
243.762	0.407	118.746
243.773	0.491	118.832
243.806	0.524	118.965
243.837	0.580	119.179
243.868	0.903	119.147
243.882	1.267	119.121
243.902	1.523	119.197
243.921	1.970	119.110
243.930	2.327	119.092
243.934	2.474	119.194
243.963	2.547	119.371
243.979	2.660	119.475
243.991	2.987	119.433
243.987	3.362	119.291
243.973	3.615	119.216
243.968	3.758	119.211
243.962	3.850	119.191
243.957	3.650	119.435
243.949	3.792	119.325
243.933	3.564	119.500
243.911	3.658	119.351
243.908	3.672	119.288
243.879	3.524	119.319
243.862	3.445	119.285
243.850	3.151	119.362
243.847	2.978	119.311
243.823	2.695	119.333
243.792	2.613	119.131
243.779	2.266	119.216
243.769	2.019	119.141
243.756	1.589	119.184
243.751	1.267	119.085
243.763	0.856	119.080
243.744	0.327	119.186
243.744	0.064	119.064
243.770	-0.127	118.874
243.819	-0.484	118.907
243.807	-0.395	118.867
243.768	-0.267	118.844
243.727	-0.051	118.806
243.718	-0.031	118.959
243.741	0.092	119.034
243.782	0.177	119.158
243.784	0.575	119.051
243.790	0.985	119.007
243.806	1.362	119.046
243.834	1.756	119.065
243.873	1.813	119.335
243.913	2.041	119.498
243.937	2.433	119.467
243.960	2.791	119.475
243.989	3.214	119.372
244.005	3.607	119.237
244.018	3.701	119.366
244.039	3.825	119.442
244.042	3.889	119.508
244.030	3.998	119.517
244.023	4.134	119.434
244.011	4.163	119.385
243.994	4.073	119.418
243.963	4.028	119.356
243.945	3.687	119.538
243.916	3.721	119.319
243.885	3.428	119.348
243.858	3.255	119.258
243.815	2.920	119.247
243.796	2.562	119.203
243.779	2.203	119.158
243.762	1.685	119.174
243.751	1.115	119.193
243.737	0.710	119.027
243.740	0.091	119.057
243.735	-0.443	118.977
243.566	-0.344	118.851
243.540	-0.159	118.806
243.566	-0.095	118.910
243.627	-0.013	118.929
243.701	-0.043	119.035
243.756	-0.016	119.098
243.787	0.165	119.053
243.722	0.465	118.922
243.713	0.789	118.858
243.752	0.997	118.879
243.810	0.998	119.072
243.809	1.145	119.167
243.824	1.385	119.232
243.852	1.774	119.230
243.877	2.132	119.226
243.922	2.557	119.150
243.938	2.704	119.319
243.971	2.912	119.377
243.997	3.185	119.348
244.016	3.094	119.576
244.021	3.258	119.548
244.032	3.553	119.436
244.030	3.792	119.347
244.014	3.776	119.414
244.005	3.880	119.354
243.993	3.711	119.463
243.980	3.747	119.364
243.960	3.697	119.331
243.921	3.494	119.411
243.904	3.546	119.236
243.876	3.324	119.267
243.860	3.083	119.294
243.829	2.744	119.334
243.820	2.598	119.184
243.802	2.260	119.189
243.788	1.859	119.215
243.773	1.560	119.136
243.771	1.259	119.037
243.762	0.762	119.080
243.759	0.375	119.005
243.758	-0.106	119.027
243.762	-0.452	118.937
243.649	-0.451	118.895
243.615	-0.302	118.869
243.640	-0.170	118.877
243.709	-0.039	118.862
243.792	0.009	118.964
243.832	0.118	119.037
243.744	0.367	118.987
243.729	0.711	118.948
243.753	1.130	118.838
243.812	1.255	119.032
243.870	1.508	119.064
243.871	1.743	119.156
243.887	1.984	119.252
243.917	2.225	119.441
243.950	2.605	119.445
243.986	3.047	119.355
244.018	3.440	119.239
244.034	3.693	119.214
244.059	3.656	119.442
244.067	3.675	119.522
244.075	3.849	119.471
244.079	3.891	119.517
244.072	4.159	119.324
244.037	4.075	119.378
244.018	3.920	119.447
243.982	3.614	119.589
243.972	3.630	119.434
243.944	3.456	119.393
243.912	3.279	119.349
243.895	3.127	119.232
243.854	2.743	119.280
243.825	2.502	119.134
243.812	2.005	119.195
243.803	1.537	119.190
243.779	1.094	119.119
243.773	0.612	119.062
243.775	0.092	119.023
243.770	-0.407	118.929
243.617	-0.374	118.840
243.561	-0.200	118.811
243.575	-0.089	118.902
243.604	-0.029	118.967
243.650	0.109	118.925
243.681	0.204	118.970
243.702	0.397	118.913
243.757	0.572	118.908
243.836	0.750	118.972
243.826	1.010	118.970
243.792	1.232	119.009
243.810	1.356	119.133
243.858	1.583	119.198
243.872	1.753	119.321
243.872	2.084	119.317
243.903	2.749	119.005
243.935	2.963	119.127
243.986	3.082	119.280
244.020	3.263	119.319
244.042	3.282	119.492
244.052	3.511	119.415
244.060	3.433	119.560
244.074	3.807	119.309
244.061	3.788	119.345
244.053	3.869	119.287
244.049	3.787	119.313
244.018	3.539	119.419
243.999	3.537	119.344
243.969	3.382	119.389
243.951	3.386	119.225
243.921	3.053	119.338
243.883	2.702	119.407
243.876	2.570	119.260
243.850	2.293	119.250
243.830	2.125	119.127
243.810	1.713	119.182
243.792	1.391	119.137
243.793	1.094	119.059
243.795	0.752	119.057
243.784	0.420	118.999
243.792	0.031	119.045
243.790	-0.277	119.021
243.784	-0.431	118.903
243.690	-0.340	118.811
243.686	-0.265	118.854
243.686	-0.130	118.874
243.717	0.064	118.837
243.762	0.190	118.928
243.810	0.348	119.015
243.882	0.703	118.969
243.835	1.050	118.936
243.787	1.369	119.000
243.795	1.714	119.048
243.845	1.982	119.133
243.923	2.296	119.176
243.963	2.344	119.459
243.973	2.897	119.299
244.017	3.295	119.310
244.038	3.713	119.215
244.068	3.800	119.408
244.100	3.794	119.583
244.116	4.090	119.452
244.135	4.225	119.412
244.156	4.275	119.409
244.144	4.186	119.472
244.132	4.088	119.536
244.113	4.008	119.551
244.096	4.053	119.390
244.063	3.840	119.403
244.013	3.619	119.330
243.988	3.307	119.347
243.965	3.053	119.249
243.929	2.532	119.292
243.899	2.094	119.269
243.870	1.681	119.103
243.847	1.018	119.141
243.849	0.497	119.022
243.834	-0.146	118.963
243.728	-0.432	118.784
243.588	-0.221	118.799
243.575	-0.054	118.784
243.601	0.039	118.828
243.651	-0.045	118.977
243.677	-0.062	119.034
243.685	0.056	119.008
243.702	0.210	118.938
243.724	0.444	118.854
243.767	0.593	118.886
243.815	0.684	118.947
243.898	0.777	119.030
243.983	0.947	119.076
243.944	0.922	119.326
243.895	1.425	119.145
243.909	1.814	119.125
243.955	2.164	119.085
243.942	2.184	119.323
243.962	2.612	119.181
243.984	2.645	119.405
244.029	3.098	119.268
244.040	3.286	119.329
244.059	3.603	119.230
244.069	3.636	119.368
244.076	3.753	119.360
244.082	3.743	119.408
244.088	3.707	119.434
244.091	3.804	119.332
244.098	3.705	119.427
244.080	3.626	119.442
244.056	3.671	119.305
244.041	3.607	119.238
244.029	3.438	119.232
244.016	3.090	119.317
243.988	3.008	119.140
243.956	2.474	119.360
243.916	2.325	119.218
243.916	2.104	119.155
243.877	1.714	119.167
243.858	1.400	119.078
243.860	0.972	119.118
243.846	0.628	119.058
243.835	0.362	118.964
243.818	0.073	118.885
243.825	-0.213	118.851
243.786	-0.479	118.896
243.713	-0.355	118.882
243.710	-0.169	118.826
243.715	0.001	118.833
243.731	0.058	118.993
243.763	0.354	118.919
243.796	0.536	118.984
243.859	0.883	118.963
243.932	1.114	119.073
243.861	1.610	118.904
243.848	1.803	119.109
243.867	2.144	119.129
243.930	2.254	119.356
244.008	2.619	119.377
244.048	3.027	119.340
244.062	3.463	119.213
244.071	3.574	119.402
244.095	3.833	119.394
244.129	3.995	119.439
244.146	4.206	119.363
244.158	4.252	119.381
244.160	4.269	119.356
244.149	4.131	119.430
244.143	4.117	119.385
244.126	4.060	119.378
244.107	3.896	119.374
244.064	3.606	119.435
244.027	3.430	119.300
244.007	3.257	119.199
243.966	2.719	119.325
243.929	2.362	119.219
243.918	1.901	119.199
243.900	1.476	119.093
243.881	0.933	119.057
243.860	0.398	118.976
243.856	-0.038	118.821
243.768	-0.415	118.760
243.648	-0.176	118.727
243.627	-0.021	118.741
243.652	0.123	118.774
243.688	0.146	118.877
243.712	0.171	118.986
243.709	0.330	118.974
243.710	0.505	118.959
243.733	0.756	118.929
243.763	1.032	118.889
243.809	1.213	118.973
243.879	1.393	119.026
243.952	1.393	119.243
244.000	1.668	119.271
243.944	2.108	119.170
243.926	2.367	119.240
243.952	2.623	119.280
243.998	2.952	119.233
243.994	3.082	119.305
244.022	3.352	119.280
244.033	3.489	119.339
244.061	3.529	119.464
244.086	3.754	119.385
244.103	3.873	119.377
244.101	3.949	119.328
244.097	3.809	119.409
244.111	3.677	119.415
244.113	3.525	119.439
244.097	3.427	119.399
244.083	3.427	119.288
244.066	3.298	119.234
244.054	3.055	119.247
244.018	2.637	119.347
243.991	2.346	119.291
243.977	2.159	119.125
243.941	1.718	119.197
243.920	1.330	119.188
243.901	1.075	119.064
243.892	0.864	118.884
243.876	0.344	119.027
243.878	0.078	118.909
243.857	-0.201	118.843
243.835	-0.457	118.864
243.763	-0.374	118.860
243.757	-0.215	118.835
243.757	-0.066	118.846
243.773	-0.011	118.975
243.765	0.197	118.975
243.767	0.443	118.989
243.762	0.731	119.000
243.775	1.068	118.987
243.810	1.479	118.932
243.870	1.776	119.006
243.962	1.926	119.169
243.979	2.009	119.431
243.930	2.423	119.381
243.929	2.883	119.319
243.984	3.270	119.286
244.037	3.549	119.268
244.082	3.600	119.432
244.095	3.871	119.388
244.098	4.114	119.320
244.127	4.179	119.406
244.142	4.354	119.318
244.147	4.173	119.495
244.150	4.270	119.332
244.148	4.093	119.400
244.143	3.922	119.380
244.127	3.514	119.518
244.115	3.329	119.434
244.082	2.972	119.494
244.043	2.784	119.352
244.002	2.373	119.315
243.964	2.027	119.155
243.938	1.457	119.180
243.912	1.038	118.992
243.899	0.369	119.045
243.885	-0.140	118.902
243.796	-0.419	118.692
243.651	-0.226	118.689
243.625	-0.149	118.793
243.644	-0.037	118.854
243.695	0.020	118.918
243.711	0.067	118.974
243.714	0.262	118.929
243.716	0.396	118.950
243.728	0.644	118.923
243.748	0.913	118.891
243.777	1.111	118.911
243.817	1.296	118.978
243.852	1.329	119.185
243.868	1.614	119.187
243.910	1.952	119.159
243.969	2.286	119.171
244.027	2.442	119.287
243.979	2.916	119.080
243.965	3.018	119.231
243.985	3.092	119.354
244.014	3.089	119.511
244.003	3.381	119.377
244.000	3.632	119.308
243.999	3.878	119.180
244.026	4.002	119.152
244.055	3.876	119.304
244.064	3.940	119.193
244.073	3.743	119.309
244.064	3.569	119.331
244.067	3.504	119.264
244.073	3.293	119.317
244.071	3.054	119.314
244.064	2.891	119.245
244.044	2.465	119.364
244.033	2.264	119.257
243.993	2.040	119.104
243.966	1.588	119.187
243.958	1.313	119.094
243.937	0.944	119.073
243.919	0.483	119.083
243.896	0.292	118.903
243.882	-0.046	118.890
243.862	-0.361	118.915
243.816	-0.426	118.785
243.754	-0.313	118.814
243.750	-0.159	118.816
243.751	0.004	118.843
243.758	0.201	118.867
243.765	0.389	118.953
243.760	0.612	119.043
243.761	0.929	119.048
243.763	1.413	118.917
243.782	1.711	119.021
243.807	2.002	119.095
243.852	2.319	119.144
243.911	2.590	119.213
243.995	2.818	119.341
244.046	3.101	119.393
243.986	3.526	119.300
243.972	3.837	119.275
244.012	4.048	119.285
244.065	4.023	119.436
244.094	4.059	119.522
244.101	4.387	119.326
244.082	4.251	119.481
244.105	4.358	119.387
244.110	4.076	119.595
244.118	4.138	119.410
244.117	3.921	119.403
244.115	3.632	119.399
244.104	3.351	119.320
244.070	2.699	119.529
244.054	2.555	119.240
244.038	1.973	119.282
244.004	1.539	119.120
243.976	1.002	119.014
243.945	0.347	118.947
243.922	-0.391	118.929
243.716	-0.388	118.806
243.641	-0.102	118.696
243.646	-0.009	118.774
243.678	0.038	118.801
243.713	0.033	118.842
243.718	0.016	118.917
243.709	0.141	118.924
243.724	0.341	118.872
243.738	0.522	118.893
243.770	0.739	118.901
243.809	0.960	118.876
243.834	0.997	119.054
243.854	1.163	119.137
243.856	1.476	119.134
243.866	1.840	119.091
243.878	2.074	119.158
243.892	2.500	119.032
243.918	2.661	119.119
243.972	2.816	119.210
244.049	2.679	119.559
244.067	3.049	119.421
244.005	3.383	119.306
243.977	3.698	119.160
244.010	3.818	119.154
244.016	3.852	119.152
243.992	3.912	119.123
244.002	3.755	119.296
244.018	3.743	119.320
244.021	3.791	119.235
244.037	3.656	119.337
244.052	3.595	119.268
244.057	3.437	119.226
244.068	3.186	119.253
244.058	2.675	119.421
244.054	2.375	119.422
244.042	2.272	119.232
244.023	2.015	119.144
244.001	1.674	119.116
243.994	1.273	119.136
243.973	0.911	119.101
243.959	0.560	119.037
243.934	0.257	118.930
243.909	-0.095	118.939
243.891	-0.375	118.902
243.847	-0.498	118.814
243.777	-0.404	118.817
243.752	-0.229	118.777
243.767	-0.119	118.868
243.761	0.052	118.899
243.759	0.253	118.969
243.762	0.618	118.919
243.764	0.893	119.013
243.761	1.332	118.950
243.778	1.639	119.054
243.800	1.958	119.116
243.820	2.297	119.128
243.840	2.452	119.340
243.868	3.009	119.166
243.932	3.260	119.277
243.996	3.624	119.223
244.076	3.823	119.307
244.077	3.917	119.399
244.045	4.172	119.349
244.046	4.182	119.454
244.073	4.283	119.435
244.106	4.272	119.416
244.100	4.355	119.317
244.082	4.282	119.287
244.069	4.133	119.350
244.074	3.888	119.404
244.064	3.616	119.398
244.063	3.243	119.418
244.050	2.921	119.337
244.027	2.417	119.339
244.017	1.956	119.258
243.996	1.451	119.111
243.986	0.830	119.074
243.973	0.240	118.933
243.948	-0.428	118.858
243.707	-0.282	118.728
243.650	-0.111	118.709
243.665	-0.022	118.742
243.698	-0.053	118.840
243.741	-0.054	118.847
243.744	-0.181	119.021
243.734	-0.018	118.914
243.741	0.296	118.752
243.758	0.400	118.870
243.794	0.618	118.854
243.830	0.766	118.897
243.856	0.847	119.060
243.874	1.109	119.092
243.860	1.293	119.210
243.860	1.766	119.115
243.871	2.165	119.064
243.866	2.473	119.068
243.874	2.774	119.044
243.898	2.951	119.142
243.936	2.989	119.365
243.971	3.215	119.372
244.026	3.598	119.207
244.055	3.631	119.328
243.997	3.840	119.260
243.973	4.017	119.166
243.995	3.868	119.370
244.035	3.780	119.431
244.027	3.824	119.356
243.995	3.729	119.346
244.006	3.923	119.136
244.017	3.737	119.242
244.031	3.567	119.236
244.055	3.266	119.311
244.054	2.874	119.386
244.040	2.598	119.304
244.035	2.235	119.318
244.037	1.932	119.244
244.010	1.525	119.191
244.014	1.123	119.156
243.999	0.642	119.141
243.976	0.351	118.944
243.952	-0.099	118.913
243.924	-0.449	118.861
243.791	-0.331	118.804
243.754	-0.127	118.697
243.769	-0.028	118.781
243.776	0.082	118.804
243.780	0.150	118.903
243.770	0.280	118.993
243.766	0.693	118.828
243.769	0.874	118.970
243.775	1.309	118.863
243.801	1.578	118.947
243.836	1.829	119.064
243.845	1.961	119.217
243.864	2.248	119.288
243.876	2.691	119.216
243.887	3.057	119.174
243.910	3.296	119.251
243.940	3.633	119.190
243.980	3.865	119.159
244.039	3.874	119.308
244.110	3.755	119.551
244.090	3.919	119.493
244.048	4.034	119.425
244.032	3.985	119.466
244.060	4.090	119.296
244.074	4.051	119.254
244.025	3.856	119.247
244.012	3.498	119.381
244.000	3.350	119.320
244.002	3.110	119.299
243.992	2.752	119.310
243.988	2.422	119.267
243.989	2.058	119.158
243.989	1.630	119.075
243.990	1.043	119.084
243.980	0.513	119.026
243.977	0.040	118.902
243.951	-0.452	118.830
243.780	-0.367	118.829
243.748	-0.173	118.783
243.760	-0.017	118.799
243.786	0.053	118.828
243.804	0.076	118.917
243.802	0.200	118.918
243.798	0.377	118.930
243.801	0.665	118.842
243.813	0.939	118.820
243.828	1.085	118.946
243.863	1.394	118.910
243.858	1.356	119.202
243.867	1.663	119.225
243.881	1.998	119.261
243.875	2.552	119.064
243.883	2.860	119.113
243.880	3.082	119.159
243.901	3.289	119.209
243.908	3.436	119.281
243.935	3.678	119.225
243.961	3.743	119.299
244.006	3.810	119.350
244.084	3.995	119.273
244.046	3.896	119.365
243.993	3.998	119.252
243.987	3.909	119.230
244.011	3.557	119.418
244.013	3.547	119.278
243.979	3.484	119.192
243.973	3.277	119.199
243.967	2.876	119.347
243.960	2.622	119.304
243.976	2.242	119.338
243.985	2.011	119.188
243.979	1.547	119.204
243.977	1.191	119.137
243.979	0.756	119.099
243.980	0.401	118.984
243.977	-0.006	118.896
243.980	-0.457	118.907
243.832	-0.352	118.829
243.800	-0.167	118.789
243.798	-0.015	118.808
243.817	0.133	118.832
243.832	0.231	118.934
243.832	0.330	119.034
243.828	0.630	118.986
243.825	0.968	118.936
243.832	1.307	118.907
243.841	1.635	118.913
243.864	1.746	119.139
243.886	1.838	119.364
243.894	2.198	119.380
243.907	2.671	119.278
243.919	2.874	119.442
243.911	3.348	119.297
243.916	3.613	119.286
243.921	3.909	119.228
243.946	4.034	119.280
243.955	4.014	119.439
243.988	4.311	119.260
244.013	4.212	119.374
244.064	4.218	119.362
244.119	4.124	119.389
244.056	3.945	119.435
244.000	3.762	119.411
243.994	3.675	119.287
244.007	3.375	119.276
243.990	2.852	119.424
243.950	2.712	119.166
243.933	2.245	119.198
243.934	1.868	119.112
243.943	1.340	119.068
243.949	0.780	119.015
243.949	0.110	119.031
243.965	-0.434	118.934
243.786	-0.400	118.832
243.746	-0.126	118.703
243.763	-0.077	118.833
243.808	0.019	118.819
243.834	-0.049	118.941
243.834	-0.100	119.066
243.828	0.166	118.922
243.830	0.355	118.874
243.842	0.555	118.870
243.870	0.768	118.876
243.919	0.894	118.948
243.938	0.972	119.079
243.940	1.156	119.137
243.932	1.415	119.178
243.929	1.816	119.120
243.933	2.167	119.098
243.920	2.532	119.066
243.918	2.792	119.088
243.924	2.774	119.370
243.938	3.153	119.281
243.921	3.277	119.392
243.900	3.562	119.301
243.900	3.816	119.227
243.902	3.900	119.276
243.916	3.989	119.274
243.943	4.084	119.177
243.987	3.925	119.308
244.049	3.742	119.442
244.077	3.683	119.418
243.999	3.554	119.447
243.975	3.641	119.221
243.997	3.307	119.335
244.020	3.169	119.204
243.978	2.727	119.281
243.965	2.408	119.257
243.955	2.249	119.091
243.953	1.830	119.148
243.965	1.367	119.178
243.969	0.953	119.141
243.978	0.576	119.036
243.977	0.195	118.917
243.986	-0.290	118.949
243.914	-0.462	118.822
243.832	-0.329	118.826
243.824	-0.152	118.782
243.843	0.020	118.785
243.851	0.011	118.955
243.859	0.201	118.958
243.847	0.457	118.904
243.847	0.735	118.871
243.849	1.032	118.857
243.859	1.329	118.855
243.896	1.482	119.036
243.913	1.735	119.073
243.935	1.966	119.151
243.937	2.213	119.232
243.940	2.683	119.129
243.953	2.859	119.317
243.954	3.268	119.222
243.954	3.460	119.298
243.971	3.816	119.194
243.959	3.939	119.255
243.959	3.949	119.403
243.954	4.172	119.277
243.962	4.174	119.341
243.976	4.245	119.302
243.988	4.237	119.248
244.024	4.121	119.291
244.073	3.849	119.379
244.052	3.678	119.279
243.975	3.405	119.318
243.951	3.311	119.134
243.946	2.779	119.295
243.955	2.402	119.246
243.922	1.942	119.184
243.910	1.552	119.076
243.913	1.013	119.074
243.907	0.486	119.024
243.910	0.086	118.819
243.923	-0.494	118.820
243.764	-0.408	118.838
243.754	-0.173	118.747
243.778	-0.052	118.796
243.822	-0.087	118.940
243.853	0.024	118.940
243.854	0.053	119.032
243.851	0.348	118.888
243.859	0.571	118.869
243.867	0.774	118.910
243.888	0.936	118.998
243.926	1.150	118.992
243.953	1.335	119.083
243.952	1.540	119.161
243.948	1.841	119.174
243.954	2.248	119.079
243.940	2.430	119.215
243.933	2.735	119.180
243.940	2.946	119.238
243.947	3.187	119.261
243.943	3.433	119.225
243.929	3.554	119.291
243.918	3.655	119.350
243.902	3.929	119.216
243.900	4.024	119.204
243.887	3.877	119.358
243.911	3.933	119.292
243.938	3.879	119.276
243.966	3.777	119.310
243.999	3.697	119.252
244.057	3.457	119.325
244.011	3.214	119.337
243.962	3.018	119.281
243.954	2.861	119.123
243.980	2.379	119.244
243.953	1.954	119.241
243.909	1.627	119.150
243.911	1.365	119.022
243.898	0.889	119.072
243.921	0.374	119.128
243.934	0.141	118.928
243.946	-0.270	118.911
243.906	-0.471	118.816
243.828	-0.332	118.805
243.840	-0.180	118.795
243.858	-0.024	118.805
243.889	0.017	118.937
243.882	0.024	119.105
243.884	0.437	118.948
243.885	0.703	118.968
243.895	1.045	118.959
243.900	1.326	119.026
243.925	1.613	119.074
243.935	1.938	119.072
243.960	1.940	119.361
243.964	2.229	119.409
243.977	2.670	119.342
243.976	2.837	119.456
243.987	3.410	119.218
243.991	3.654	119.224
244.000	3.877	119.254
243.997	3.997	119.313
243.994	4.050	119.390
243.992	4.197	119.345
243.982	4.251	119.349
243.970	4.313	119.303
243.967	4.289	119.250
243.977	4.231	119.238
243.983	3.947	119.323
244.001	3.720	119.310
244.050	3.464	119.268
244.075	3.053	119.357
243.967	2.723	119.228
243.937	2.245	119.302
243.927	1.822	119.173
243.952	1.202	119.198
243.937	0.706	119.058
243.907	0.115	118.977
243.907	-0.408	118.881
243.756	-0.377	118.699
243.701	-0.189	118.690
243.729	-0.031	118.746
243.771	0.027	118.804
243.818	-0.090	119.011
243.837	0.008	119.020
243.856	0.282	118.913
243.864	0.417	118.959
243.891	0.760	118.859
243.920	0.897	118.974
243.958	1.017	119.090
243.983	1.265	119.082
243.992	1.412	119.214
243.994	1.768	119.183
243.994	2.032	119.257
244.000	2.591	118.992
243.996	2.753	119.103
244.002	2.920	119.206
244.012	3.016	119.318
244.017	3.269	119.287
243.990	3.293	119.405
243.973	3.559	119.315
243.947	3.745	119.257
243.940	3.931	119.176
243.926	3.972	119.196
243.917	3.903	119.229
243.919	3.810	119.267
243.912	3.824	119.197
243.910	3.664	119.245
243.917	3.507	119.278
243.946	3.303	119.281
243.994	2.954	119.393
244.051	2.809	119.246
243.966	2.558	119.127
243.927	2.225	119.123
243.909	1.681	119.288
243.934	1.292	119.225
243.937	1.045	119.047
243.905	0.576	119.051
243.890	0.230	118.978
243.902	-0.106	118.907
243.911	-0.382	118.807
243.843	-0.479	118.808
243.812	-0.348	118.776
243.836	-0.191	118.775
243.855	-0.034	118.781
243.873	0.029	118.908
243.886	0.180	119.000
243.895	0.378	119.080
243.900	0.788	119.006
243.906	1.152	118.987
243.914	1.425	119.079
243.926	1.689	119.178
243.948	2.017	119.191
243.970	2.224	119.351
243.987	2.540	119.393
244.000	2.916	119.344
244.014	3.367	119.210
244.015	3.646	119.189
244.023	3.827	119.247
244.028	3.872	119.367
244.042	4.158	119.255
244.016	3.977	119.502
244.011	4.229	119.354
244.006	4.320	119.272
243.980	4.163	119.383
243.971	4.210	119.260
243.948	4.148	119.176
243.940	3.863	119.247
243.937	3.606	119.234
243.932	3.172	119.342
243.950	2.888	119.275
243.993	2.414	119.298
243.993	1.928	119.238
243.915	1.462	119.145
243.892	0.855	119.153
243.887	0.336	118.992
243.922	-0.310	118.940
243.773	-0.498	118.804
243.666	-0.213	118.661
243.668	-0.106	118.682
243.715	-0.066	118.771
243.766	-0.164	118.905
243.798	-0.195	119.003
243.820	0.039	118.869
243.840	0.198	118.839
243.875	0.412	118.834
243.909	0.639	118.818
243.951	0.719	118.969
243.991	0.798	119.108
243.997	0.877	119.281
244.001	1.422	119.087
243.996	1.678	119.155
244.000	2.128	119.063
243.989	2.340	119.195
243.994	2.605	119.202
244.015	2.771	119.293
244.016	2.796	119.462
244.012	3.051	119.433
243.998	3.482	119.211
243.972	3.630	119.214
243.968	3.800	119.165
243.964	3.896	119.167
243.958	3.937	119.162
243.949	3.904	119.195
243.945	3.850	119.221
243.926	3.730	119.307
243.911	3.727	119.232
243.902	3.661	119.182
243.911	3.429	119.264
243.927	3.233	119.260
243.956	2.886	119.335
243.985	2.592	119.303
244.034	2.177	119.396
243.972	2.073	119.161
243.912	1.678	119.200
243.889	1.358	119.125
243.931	1.016	119.040
243.927	0.444	119.131
243.899	0.153	118.983
243.894	-0.092	118.867
243.891	-0.360	118.808
243.843	-0.452	118.783
243.817	-0.363	118.802
243.840	-0.183	118.768
243.870	-0.017	118.775
243.893	-0.005	118.948
243.896	0.172	119.051
243.911	0.534	118.976
243.922	0.822	119.036
243.936	1.117	119.081
243.948	1.524	119.072
243.978	1.826	119.191
243.979	1.987	119.337
243.999	2.387	119.336
244.010	2.723	119.372
244.029	3.131	119.308
244.035	3.501	119.218
244.045	3.818	119.155
244.045	4.020	119.146
244.053	4.027	119.310
244.053	4.119	119.346
244.039	4.221	119.313
244.033	4.232	119.339
244.015	4.220	119.336
244.001	4.266	119.250
243.975	4.118	119.275
243.953	3.907	119.295
243.934	3.743	119.225
243.919	3.398	119.275
243.904	2.942	119.387
243.889	2.597	119.314
243.915	2.303	119.186
243.950	1.864	119.110
243.991	1.197	119.178
243.902	0.670	119.075
243.850	0.103	118.997
243.860	-0.437	118.896
243.719	-0.404	118.838
243.672	-0.142	118.677
243.670	-0.026	118.697
243.712	-0.003	118.794
243.742	0.020	118.841
243.779	0.048	118.904
243.807	0.111	118.946
243.827	0.358	118.851
243.860	0.512	118.898
243.904	0.695	118.952
243.956	0.876	118.999
243.986	1.009	119.081
244.002	1.042	119.310
244.000	1.482	119.181
244.001	1.788	119.240
244.006	2.263	119.096
243.992	2.614	119.030
243.989	2.593	119.311
244.005	2.743	119.397
244.013	2.904	119.435
244.001	3.244	119.282
243.988	3.286	119.376
243.974	3.598	119.205
243.962	3.669	119.233
243.952	3.767	119.173
243.954	3.766	119.173
243.938	3.698	119.208
243.922	3.603	119.268
243.909	3.609	119.222
243.891	3.462	119.272
243.879	3.352	119.237
243.880	3.158	119.258
243.879	3.059	119.144
243.888	2.780	119.171
243.882	2.401	119.242
243.917	2.153	119.210
243.970	1.912	119.147
243.994	1.455	119.248
243.906	1.194	119.148
243.877	0.964	119.028
243.881	0.560	119.064
243.904	0.296	118.954
243.896	0.039	118.867
243.869	-0.099	118.751
243.864	-0.408	118.886
243.868	-0.505	118.828
243.865	-0.458	118.792
243.866	-0.438	118.872
243.876	-0.218	118.796
243.904	-0.222	118.996
243.911	0.103	118.982
243.923	0.434	118.996
243.929	0.851	118.969
243.941	1.094	119.097
243.967	1.524	119.103
243.977	1.994	119.086
243.978	2.346	119.149
243.996	2.491	119.428
244.022	3.065	119.283
244.031	3.374	119.307
244.042	3.787	119.227
244.057	3.991	119.293
244.076	4.161	119.362
244.070	4.383	119.347
244.061	4.519	119.349
244.058	4.596	119.356
244.040	4.564	119.395
244.032	4.601	119.352
244.015	4.562	119.326
243.999	4.484	119.274
243.976	4.179	119.381
243.957	4.085	119.253
243.943	3.753	119.243
243.931	3.314	119.257
243.921	2.789	119.264
243.916	2.217	119.215
243.955	1.510	119.227
243.999	0.886	119.104
243.941	0.121	119.001
243.837	-0.466	118.779
243.583	-0.217	118.764
243.601	-0.109	118.768
243.659	-0.044	118.764
243.681	-0.158	118.844
243.695	-0.221	118.823
243.702	-0.193	118.786
243.726	-0.264	118.839
243.763	-0.102	118.757
243.814	-0.053	118.822
243.868	0.086	118.761
243.930	0.109	118.872
243.964	0.070	119.054
243.986	0.237	119.158
243.995	0.636	119.076
243.997	0.993	119.071
243.995	1.286	119.120
243.998	1.671	119.090
244.012	1.994	119.087
244.014	2.106	119.300
243.995	2.214	119.461
243.985	2.487	119.449
243.982	2.860	119.368
243.973	3.283	119.203
243.958	3.499	119.177
243.947	3.628	119.193
243.943	3.805	119.161
243.939	3.853	119.204
243.928	3.809	119.279
243.928	3.852	119.277
243.916	3.841	119.294
243.902	3.838	119.224
243.901	3.771	119.210
243.906	3.625	119.220
243.913	3.388	119.286
243.928	3.215	119.266
243.934	2.932	119.333
243.971	2.714	119.285
244.022	2.353	119.327
244.026	2.087	119.270
243.944	1.865	119.110
243.907	1.362	119.209
243.924	1.012	119.165
243.929	0.620	119.124
243.890	0.332	119.008
243.871	0.097	118.873
243.856	-0.174	118.799
243.863	-0.531	118.872
243.804	-0.450	118.795
243.794	-0.348	118.775
243.809	-0.277	118.858
243.828	0.038	118.741
243.855	0.139	118.875
243.863	0.331	118.975
243.888	0.669	118.989
243.907	1.039	118.962
243.927	1.273	119.115
243.959	1.728	119.077
243.970	1.951	119.234
243.978	2.286	119.263
244.007	2.431	119.505
244.031	3.067	119.273
244.041	3.315	119.330
244.053	3.507	119.407
244.056	3.803	119.379
244.063	3.993	119.387
244.056	4.146	119.369
244.041	4.187	119.432
244.021	4.206	119.474
244.009	4.249	119.453
243.992	4.423	119.253
243.966	4.273	119.301
243.946	4.180	119.277
243.919	3.990	119.213
243.916	3.707	119.225
243.898	3.359	119.236
243.901	2.919	119.268
243.904	2.517	119.190
243.947	1.879	119.241
244.004	1.316	119.177
243.957	0.695	119.113
243.906	0.048	119.000
243.868	-0.529	118.885
243.662	-0.255	118.743
243.676	-0.089	118.718
243.684	-0.039	118.806
243.716	-0.002	118.807
243.737	-0.094	118.919
243.755	-0.023	118.888
243.772	0.174	118.748
243.783	0.247	118.789
243.824	0.465	118.737
243.866	0.545	118.822
243.931	0.494	119.030
243.970	0.664	119.100
243.971	0.879	119.123
243.974	1.094	119.208
243.981	1.558	119.078
243.989	1.918	119.067
243.994	2.168	119.138
243.994	2.305	119.282
244.018	2.558	119.265
244.010	2.565	119.464
244.020	2.948	119.335
244.023	3.281	119.228
244.004	3.396	119.265
243.980	3.575	119.185
243.976	3.687	119.165
243.971	3.768	119.138
243.954	3.615	119.295
243.945	3.697	119.219
243.931	3.719	119.184
243.908	3.559	119.269
243.889	3.527	119.211
243.882	3.364	119.239
243.892	3.195	119.246
243.892	2.892	119.318
243.911	2.789	119.178
243.934	2.420	119.293
243.982	2.151	119.310
244.041	1.950	119.219
243.954	1.585	119.191
243.917	1.285	119.147
243.914	1.047	119.035
243.949	0.692	119.031
243.914	0.337	119.042
243.887	0.057	119.024
243.878	-0.016	118.891
243.879	-0.210	118.887
243.879	-0.368	118.882
243.893	-0.399	118.826
243.889	-0.476	118.885
243.894	-0.325	118.776
243.901	-0.326	118.898
243.916	-0.098	118.876
243.934	0.201	118.846
243.939	0.297	119.055
243.939	0.498	119.204
243.947	0.979	119.102
243.948	1.330	119.147
243.958	1.795	119.126
243.975	2.148	119.185
243.986	2.459	119.285
244.016	2.880	119.248
244.039	3.258	119.232
244.040	3.467	119.331
244.042	3.751	119.376
244.054	4.091	119.297
244.062	4.290	119.329
244.048	4.534	119.248
244.031	4.529	119.354
244.022	4.445	119.507
244.010	4.491	119.500
243.997	4.627	119.361
243.978	4.503	119.378
243.961	4.296	119.444
243.963	4.073	119.465
243.969	4.091	119.201
243.974	3.572	119.341
244.025	3.139	119.343
244.061	2.579	119.328
244.010	2.061	119.215
243.934	1.525	119.010
243.920	0.596	119.156
243.947	-0.134	118.963
243.768	-0.498	118.840
243.597	-0.206	118.711
243.596	-0.125	118.709
243.629	-0.157	118.750
243.690	-0.316	118.790
243.687	-0.397	118.805
243.687	-0.379	118.811
243.722	-0.287	118.751
243.760	-0.177	118.763
243.822	-0.021	118.733
243.884	0.013	118.838
243.938	0.161	118.881
243.960	0.263	119.003
243.975	0.565	119.011
243.969	0.920	118.991
243.982	1.310	118.971
244.005	1.590	119.068
244.020	1.909	119.093
244.024	2.098	119.203
244.033	2.383	119.250
244.018	2.532	119.370
244.012	2.886	119.301
243.992	3.266	119.192
243.961	3.491	119.178
243.945	3.602	119.219
243.935	3.794	119.178
243.920	3.862	119.203
243.913	3.750	119.369
243.902	3.865	119.290
243.891	3.854	119.320
243.880	3.920	119.191
243.872	3.661	119.333
243.892	3.581	119.282
243.922	3.462	119.230
243.976	3.186	119.286
244.023	2.836	119.385
244.061	2.687	119.265
243.975	2.366	119.247
243.946	2.053	119.195
243.953	1.739	119.126
243.985	1.279	119.146
243.956	0.819	119.126
243.914	0.539	118.967
243.896	0.209	118.910
243.889	-0.081	118.806
243.897	-0.429	118.825
243.803	-0.514	118.856
243.775	-0.261	118.684
243.791	-0.142	118.738
243.814	-0.059	118.836
243.826	-0.009	118.985
243.838	0.372	118.861
243.862	0.596	118.965
243.872	0.966	118.944
243.895	1.245	119.016
243.919	1.583	119.066
243.949	1.863	119.158
243.979	2.031	119.353
243.999	2.306	119.418
244.046	2.752	119.356
244.058	3.162	119.280
244.075	3.515	119.198
244.070	3.621	119.322
244.083	3.764	119.392
244.079	3.887	119.416
244.078	4.060	119.388
244.057	4.167	119.365
244.033	4.286	119.258
244.002	4.240	119.275
243.984	4.209	119.261
243.952	4.195	119.152
243.931	3.937	119.222
243.920	3.713	119.223
243.914	3.409	119.239
243.923	3.019	119.316
243.947	2.609	119.300
244.006	2.179	119.292
243.993	1.752	119.203
243.919	1.130	119.186
243.920	0.628	119.104
243.941	0.059	119.009
243.967	-0.579	118.998
243.740	-0.310	118.747
243.716	-0.163	118.702
243.746	-0.129	118.835
243.785	-0.069	118.827
243.817	-0.122	118.910
243.824	-0.035	118.870
243.818	0.068	118.840
243.829	0.190	118.865
243.854	0.456	118.819
243.886	0.623	118.874
243.935	0.852	118.897
243.960	0.928	119.057
243.954	1.091	119.200
243.950	1.423	119.213
243.964	1.942	119.100
243.969	2.311	119.089
243.970	2.547	119.176
244.004	2.759	119.254
244.024	2.856	119.404
244.029	2.978	119.483
244.035	3.325	119.361
244.028	3.595	119.260
244.030	3.858	119.162
244.025	3.854	119.252
244.013	3.929	119.227
244.001	3.759	119.384
243.990	3.729	119.382
243.970	3.776	119.340
243.945	3.858	119.202
243.924	3.781	119.182
243.917	3.615	119.202
243.907	3.280	119.350
243.930	3.099	119.295
243.936	2.854	119.252
243.977	2.493	119.300
244.018	2.205	119.273
243.936	1.854	119.224
243.898	1.510	119.182
243.898	1.215	119.051
243.942	0.656	119.135
243.939	0.262	119.043
243.904	-0.132	118.994
243.896	-0.477	118.964
243.807	-0.362	118.705
243.780	-0.237	118.724
243.794	-0.151	118.805
243.820	-0.014	118.798
243.836	0.040	118.883
243.839	0.108	119.019
243.846	0.405	118.981
243.864	0.812	118.874
243.884	1.120	118.898
243.899	1.477	118.905
243.926	1.640	119.122
243.947	1.907	119.205
243.968	2.259	119.276
243.968	2.639	119.235
243.993	2.877	119.373
244.013	3.313	119.248
244.017	3.502	119.310
244.038	3.688	119.346
244.045	3.920	119.296
244.055	4.030	119.318
244.045	3.865	119.541
244.050	4.164	119.332
244.041	4.118	119.375
244.022	4.174	119.270
243.995	4.032	119.305
243.980	3.961	119.252
243.946	3.663	119.326
243.931	3.480	119.274
243.912	3.209	119.262
243.900	2.883	119.282
243.893	2.667	119.128
243.918	2.276	119.101
243.962	1.779	119.110
243.958	1.151	119.183
243.874	0.688	119.092
243.850	0.184	119.025
243.875	-0.319	118.943
243.769	-0.376	118.785
243.696	-0.304	118.847
243.702	-0.061	118.713
243.737	-0.064	118.859
243.785	-0.108	118.985
243.796	0.033	118.955
243.809	0.198	118.899
243.823	0.388	118.840
243.847	0.622	118.798
243.875	0.768	118.913
243.911	0.926	118.993
243.934	1.044	119.101
243.947	1.194	119.235
243.955	1.484	119.296
243.964	1.947	119.201
243.980	2.420	119.124
243.984	2.657	119.224
243.985	2.868	119.287
244.011	3.229	119.150
244.019	3.220	119.365
244.018	3.456	119.298
244.022	3.574	119.356
244.016	3.765	119.292
244.014	3.853	119.294
244.010	3.972	119.187
244.001	3.947	119.201
243.996	3.805	119.273
243.980	3.658	119.318
243.951	3.582	119.291
243.939	3.564	119.212
243.919	3.287	119.294
243.914	3.191	119.202
243.897	2.776	119.328
243.895	2.536	119.238
243.913	2.269	119.243
243.937	2.033	119.121
243.991	1.545	119.228
243.914	1.206	119.150
243.865	0.927	119.040
243.863	0.545	119.004
243.910	0.148	118.986
243.913	-0.239	118.936
243.885	-0.488	118.840
243.783	-0.383	118.721
243.778	-0.331	118.816
243.800	-0.151	118.800
243.830	-0.070	118.878
243.841	-0.114	119.057
243.850	0.140	119.034
243.858	0.504	118.917
243.873	0.862	118.901
243.903	1.216	118.912
243.918	1.497	118.998
243.944	1.818	119.037
243.978	1.931	119.314
243.983	2.369	119.263
243.998	2.781	119.274
244.011	3.021	119.376
244.014	3.454	119.260
244.039	3.674	119.312
244.051	3.933	119.279
244.061	3.938	119.430
244.060	4.102	119.396
244.060	4.149	119.420
244.047	4.078	119.508
244.047	4.240	119.363
244.031	4.175	119.357
244.019	4.316	119.099
243.986	3.842	119.376
243.983	3.719	119.279
243.947	3.495	119.229
243.923	3.137	119.264
243.893	2.785	119.235
243.891	2.465	119.125
243.888	1.917	119.190
243.900	1.371	119.183
243.938	0.909	119.062
243.947	0.262	119.068
243.858	-0.289	118.986
243.705	-0.402	118.789
243.644	-0.193	118.770
243.693	-0.069	118.774
243.716	-0.100	118.926
243.738	-0.038	118.943
243.748	0.018	118.968
243.762	0.181	118.934
243.782	0.381	118.889
243.811	0.599	118.849
243.835	0.795	118.861
243.881	0.947	118.932
243.923	1.022	119.044
243.942	1.100	119.223
243.945	1.425	119.209
243.954	1.719	119.217
243.993	2.264	119.072
243.989	2.468	119.186
243.979	2.536	119.382
244.006	2.949	119.298
244.020	3.118	119.360
244.009	3.359	119.296
244.008	3.501	119.333
244.015	3.740	119.226
244.000	3.876	119.197
243.989	3.962	119.179
243.994	3.882	119.281
243.981	3.901	119.194
243.970	3.890	119.162
243.953	3.663	119.302
243.928	3.626	119.233
243.915	3.478	119.247
243.905	3.262	119.265
243.883	3.092	119.196
243.869	2.804	119.216
243.868	2.615	119.105
243.868	2.336	119.077
243.879	1.878	119.189
243.905	1.560	119.148
243.967	1.288	119.022
243.937	0.841	119.066
243.870	0.468	118.991
243.864	0.106	118.975
243.880	-0.298	118.987
243.891	-0.577	118.947
243.775	-0.345	118.726
243.753	-0.266	118.716
243.775	-0.178	118.787
243.801	-0.007	118.771
243.811	0.061	118.865
243.816	0.154	118.974
243.823	0.456	118.927
243.840	0.679	119.024
243.862	1.017	119.031
243.889	1.437	118.982
243.917	1.676	119.084
243.940	1.840	119.246
243.973	2.144	119.379
243.978	2.497	119.388
243.997	3.029	119.276
244.010	3.398	119.242
244.027	3.698	119.211
244.041	3.776	119.360
244.065	3.971	119.342
244.078	4.195	119.273
244.070	4.169	119.385
244.053	4.217	119.360
244.049	4.233	119.358
244.033	4.306	119.233
244.019	4.056	119.371
244.000	3.960	119.295
243.972	3.716	119.325
243.945	3.461	119.317
243.912	3.186	119.278
243.881	2.829	119.276
243.869	2.476	119.229
243.858	2.070	119.172
243.866	1.568	119.146
243.878	0.989	119.147
243.929	0.472	119.070
243.968	-0.092	118.997
243.861	-0.529	118.904
243.666	-0.343	118.881
243.683	-0.181	118.865
243.750	-0.081	118.872
243.799	-0.036	118.855
243.784	0.060	118.814
243.775	0.037	118.963
243.784	0.256	118.893
243.811	0.466	118.854
243.831	0.694	118.845
243.866	0.808	118.945
243.893	0.996	118.940
243.922	1.019	119.163
243.927	1.309	119.163
243.945	1.687	119.147
243.971	2.059	119.109
243.979	2.499	119.004
243.984	2.580	119.234
244.004	2.883	119.268
244.019	3.025	119.373
244.031	3.263	119.356
244.032	3.403	119.386
244.039	3.642	119.334
244.047	3.800	119.303
244.045	3.907	119.262
244.036	3.939	119.277
244.033	3.882	119.307
244.026	3.677	119.443
244.003	3.782	119.284
243.972	3.616	119.339
243.959	3.626	119.204
243.937	3.459	119.205
243.919	3.182	119.251
243.899	2.854	119.312
243.881	2.722	119.115
243.865	2.332	119.184
243.868	1.987	119.186
243.873	1.605	119.188
243.918	1.264	119.145
243.985	0.917	119.063
243.931	0.547	118.972
243.890	0.108	118.978
243.879	-0.206	118.883
243.879	-0.462	118.869
243.819	-0.364	118.869
243.789	-0.231	118.826
243.793	-0.036	118.795
243.807	0.079	118.833
243.828	0.180	118.937
243.833	0.483	118.860
243.830	0.699	118.884
243.843	0.979	118.896
243.865	1.233	118.971
243.880	1.504	119.032
243.918	1.752	119.109
243.947	1.861	119.321
243.961	2.115	119.420
243.979	2.429	119.466
243.994	2.896	119.361
244.010	3.253	119.349
244.030	3.641	119.217
244.045	3.815	119.227
244.065	3.901	119.320
244.076	3.868	119.446
244.075	3.797	119.553
244.078	4.143	119.289
244.063	4.068	119.338
244.044	4.045	119.297
244.022	3.800	119.387
244.008	3.730	119.281
243.984	3.489	119.288
243.959	3.346	119.206
243.915	3.138	119.112
243.882	2.678	119.221
243.861	2.507	119.029
243.833	1.920	119.171
243.832	1.535	119.104
243.838	1.020	119.099
243.867	0.542	119.064
243.913	0.202	118.869
243.962	-0.409	118.980
243.763	-0.501	118.917
243.709	-0.318	118.869
243.742	-0.182	118.861
243.809	-0.115	118.859
243.853	-0.109	118.945
243.819	0.017	118.922
243.810	0.137	118.999
243.814	0.488	118.868
243.840	0.765	118.860
243.862	0.943	118.958
243.880	1.111	119.033
243.902	1.256	119.158
243.908	1.396	119.322
243.917	1.869	119.191
243.945	2.464	118.986
243.945	2.569	119.213
243.971	2.860	119.282
243.992	3.112	119.319
244.006	3.368	119.339
244.012	3.545	119.393
244.024	3.690	119.389
244.039	3.902	119.357
244.046	3.951	119.401
244.060	4.188	119.256
244.057	4.153	119.288
244.055	4.136	119.247
244.042	3.954	119.305
244.018	3.825	119.318
243.998	3.724	119.258
243.987	3.601	119.201
243.960	3.327	119.218
243.932	3.033	119.215
243.899	2.754	119.155
243.874	2.209	119.282
243.862	1.890	119.177
243.839	1.472	119.143
243.839	1.041	119.082
243.866	0.585	119.037
243.911	0.107	118.978
243.976	-0.394	118.966
243.778	-0.473	118.906
243.692	-0.254	118.855
243.728	-0.125	118.874
243.787	-0.001	118.853
243.846	-0.105	119.069
243.813	0.065	119.013
243.815	0.354	118.964
243.810	0.525	118.996
243.828	0.932	118.871
243.861	1.168	118.928
243.879	1.326	119.044
243.905	1.444	119.189
243.927	1.783	119.191
243.939	2.066	119.216
243.950	2.453	119.188
243.974	2.824	119.155
243.985	2.961	119.293
244.023	3.355	119.209
244.019	3.629	119.191
244.039	3.642	119.396
244.045	3.693	119.472
244.067	3.976	119.345
244.065	3.997	119.408
244.071	4.131	119.305
244.056	4.109	119.290
244.050	4.024	119.302
244.037	3.759	119.398
244.026	3.731	119.294
244.003	3.615	119.205
243.991	3.315	119.292
243.950	2.901	119.374
243.932	2.671	119.316
243.896	2.241	119.334
243.885	2.094	119.079
243.863	1.604	119.102
243.834	1.132	119.111
243.830	0.664	119.087
243.842	0.286	118.951
243.882	-0.213	118.957
243.893	-0.478	118.877
243.790	-0.269	118.862
243.734	-0.054	118.841
243.734	0.090	118.897
243.789	0.155	119.016
243.839	0.331	118.968
243.816	0.483	119.017
243.813	0.888	118.854
243.813	1.139	118.864
243.850	1.378	118.960
243.882	1.668	118.967
243.897	1.780	119.150
243.923	1.952	119.257
243.932	2.139	119.392
243.945	2.601	119.222
243.955	2.880	119.257
243.990	3.237	119.192
244.006	3.470	119.197
244.006	3.527	119.344
244.031	3.766	119.323
244.042	3.788	119.442
244.045	3.823	119.489
244.045	3.930	119.418
244.050	4.055	119.316
244.054	4.007	119.322
244.039	3.944	119.255
244.033	3.759	119.307
244.017	3.629	119.209
243.998	3.374	119.238
243.991	3.136	119.236
243.957	2.793	119.268
243.932	2.564	119.124
243.916	2.153	119.131
243.886	1.656	119.173
243.872	1.250	119.122
243.847	0.798	119.078
243.828	0.469	118.911
243.822	-0.022	118.909
243.831	-0.415	118.842
243.729	-0.416	118.855
243.760	-0.213	118.830
243.834	-0.027	118.833
243.812	0.040	118.973
243.784	0.179	119.031
243.797	0.360	119.052
243.848	0.751	118.900
243.863	0.914	118.958
243.867	1.242	118.921
243.864	1.447	119.030
243.898	1.721	119.100
243.923	1.841	119.289
243.936	1.935	119.472
243.952	2.418	119.355
243.963	2.762	119.359
243.968	3.120	119.261
243.980	3.475	119.162
244.001	3.630	119.216
244.007	3.623	119.370
244.022	3.838	119.351
244.028	3.816	119.472
244.037	4.139	119.272
244.032	4.146	119.277
244.036	4.106	119.281
244.034	4.039	119.286
244.033	3.946	119.207
244.036	3.681	119.299
244.015	3.479	119.252
244.011	3.217	119.265
243.982	2.997	119.139
243.966	2.597	119.166
243.945	2.305	119.060
243.923	1.728	119.160
243.896	1.228	119.133
243.868	0.777	119.076
243.849	0.297	119.014
243.833	-0.099	118.878
243.791	-0.511	118.815
243.647	-0.272	118.713
243.634	-0.190	118.797
243.677	-0.032	118.828
243.732	0.097	118.847
243.822	0.040	119.076
243.858	0.223	119.088
243.797	0.623	118.924
243.802	0.802	119.035
243.835	1.178	118.920
243.916	1.299	119.070
243.918	1.413	119.169
243.936	1.735	119.147
243.943	1.935	119.277
243.949	2.437	119.134
243.966	2.498	119.394
243.978	2.915	119.300
243.997	3.293	119.192
243.999	3.472	119.216
243.998	3.453	119.369
244.020	3.636	119.361
244.023	3.711	119.403
244.028	3.852	119.379
244.031	4.078	119.251
244.018	3.947	119.386
244.019	4.020	119.292
244.021	3.897	119.286
244.018	3.574	119.449
244.014	3.541	119.305
244.014	3.290	119.361
244.004	3.117	119.298
243.988	2.677	119.383
243.971	2.455	119.263
243.972	2.043	119.270
243.960	1.625	119.267
243.927	1.209	119.177
243.908	0.951	118.978
243.894	0.458	118.987
243.878	0.053	118.917
243.866	-0.426	118.928
243.740	-0.426	118.819
243.675	-0.164	118.675
243.684	-0.068	118.769
243.711	0.075	118.802
243.765	0.147	118.925
243.821	0.251	119.044
243.892	0.567	119.002
243.824	0.859	118.987
243.805	1.143	119.037
243.842	1.542	118.975
243.913	1.669	119.183
243.951	1.945	119.169
243.953	2.112	119.339
243.952	2.523	119.245
243.970	2.861	119.270
243.996	3.154	119.334
244.006	3.482	119.253
244.010	3.736	119.223
244.017	3.692	119.421
244.032	3.872	119.380
244.036	3.867	119.450
244.031	3.899	119.464
244.041	3.954	119.459
244.031	4.101	119.327
244.014	4.104	119.273
244.014	3.854	119.386
244.010	3.763	119.302
243.988	3.580	119.231
243.984	3.303	119.265
243.977	2.974	119.301
243.946	2.571	119.306
243.951	2.347	119.167
243.945	1.821	119.191
243.927	1.281	119.193
243.910	0.818	119.123
243.904	0.289	119.091
243.885	-0.117	118.935
243.843	-0.486	118.827
243.695	-0.243	118.704
243.664	-0.085	118.702
243.669	-0.010	118.818
243.695	0.132	118.802
243.712	0.192	118.921
243.729	0.382	118.905
243.754	0.670	118.843
243.803	0.825	118.952
243.890	1.119	118.964
243.868	1.448	118.933
243.853	1.623	119.071
243.878	1.815	119.185
243.936	2.127	119.170
243.966	2.328	119.272
243.954	2.447	119.422
243.968	2.977	119.223
243.979	3.309	119.177
244.000	3.473	119.229
244.007	3.643	119.236
244.006	3.692	119.335
244.012	3.726	119.395
244.004	3.809	119.337
244.005	3.789	119.362
243.994	3.736	119.376
243.989	3.784	119.291
243.991	3.780	119.190
243.987	3.535	119.294
243.963	3.441	119.237
243.963	3.264	119.239
243.944	2.916	119.329
243.936	2.632	119.352
243.927	2.454	119.211
243.922	2.016	119.268
243.927	1.716	119.214
243.914	1.301	119.211
243.912	1.093	119.033
243.900	0.642	119.057
243.886	0.255	119.042
243.879	-0.027	118.933
243.870	-0.349	118.887
243.809	-0.416	118.798
243.754	-0.312	118.796
243.743	-0.169	118.779
243.754	0.025	118.759
243.764	0.109	118.882
243.768	0.285	118.953
243.794	0.657	118.867
243.838	0.928	118.948
243.901	1.270	118.959
243.900	1.554	119.052
243.849	1.874	119.143
243.868	2.249	119.155
243.928	2.673	119.115
243.971	2.742	119.382
243.975	3.186	119.268
243.981	3.546	119.215
243.991	3.865	119.196
244.015	4.002	119.274
244.049	4.226	119.262
244.050	4.150	119.445
244.052	4.212	119.467
244.051	4.387	119.311
244.054	4.231	119.388
244.053	4.198	119.349
244.049	4.081	119.352
244.030	3.826	119.417
244.011	3.729	119.298
243.991	3.390	119.352
243.982	3.179	119.246
243.945	2.740	119.252
243.937	2.314	119.218
243.928	1.826	119.163
243.921	1.253	119.120
243.919	0.647	119.061
243.914	0.037	118.969
243.868	-0.505	118.877
243.674	-0.247	118.749
243.641	-0.170	118.828
243.658	-0.047	118.848
243.702	-0.017	118.851
243.723	0.009	118.839
243.714	0.059	118.834
243.717	0.195	118.819
243.727	0.240	118.959
243.748	0.536	118.853
243.795	0.778	118.824
243.845	0.852	118.948
243.910	1.075	118.974
243.952	1.039	119.256
244.012	1.486	119.147
243.940	1.890	119.108
243.920	2.318	119.037
243.933	2.602	119.063
243.988	2.825	119.113
243.987	2.729	119.411
244.004	3.060	119.328
243.989	3.224	119.397
243.994	3.597	119.236
243.988	3.738	119.254
243.988	3.892	119.220
243.987	3.945	119.217
243.979	3.792	119.350
243.981	3.640	119.466
243.983	3.664	119.396
243.982	3.833	119.163
243.976	3.666	119.256
243.970	3.407	119.381
243.964	3.400	119.229
243.966	3.199	119.233
243.945	2.777	119.330
243.941	2.505	119.306
243.936	2.354	119.152
243.941	2.086	119.095
243.927	1.629	119.182
243.926	1.280	119.119
243.924	0.949	119.020
243.915	0.505	119.042
243.895	0.188	118.975
243.885	-0.145	118.947
243.873	-0.376	118.845
243.789	-0.374	118.806
243.759	-0.266	118.802
243.763	-0.104	118.810
243.756	0.087	118.781
243.758	0.184	118.912
243.765	0.494	118.864
243.771	0.687	118.977
243.812	1.058	118.940
243.860	1.363	119.012
243.940	1.591	119.170
243.928	1.940	119.183
243.883	2.232	119.272
243.916	2.576	119.308
243.980	2.967	119.315
244.017	3.339	119.253
244.000	3.501	119.357
244.017	3.766	119.366
244.030	4.084	119.255
244.059	4.137	119.382
244.072	4.214	119.426
244.060	4.228	119.454
244.048	4.206	119.451
244.044	4.127	119.436
244.028	3.999	119.438
244.014	3.868	119.432
244.006	3.835	119.232
243.981	3.501	119.295
243.954	3.185	119.334
243.927	2.803	119.353
243.906	2.465	119.266
243.904	2.246	119.020
243.887	1.582	119.131
243.891	1.006	119.129
243.892	0.419	119.089
243.891	-0.180	119.034
243.832	-0.505	118.863
243.686	-0.211	118.737
243.663	-0.090	118.747
243.689	-0.020	118.855
243.731	0.065	118.839
243.756	-0.084	119.072
243.747	0.194	118.918
243.746	0.372	118.881
243.750	0.573	118.866
243.771	0.843	118.847
243.795	1.044	118.863
243.847	1.137	119.023
243.876	1.265	119.132
243.917	1.517	119.181
243.977	1.995	119.068
244.006	2.000	119.365
243.929	2.598	119.103
243.918	2.900	119.122
243.957	3.111	119.169
244.021	3.263	119.253
243.995	3.111	119.513
243.984	3.535	119.299
243.976	3.644	119.339
243.993	3.856	119.276
243.996	4.029	119.168
243.998	3.998	119.203
243.998	3.795	119.353
243.993	3.682	119.352
243.977	3.546	119.361
243.965	3.446	119.320
243.972	3.432	119.201
243.968	3.196	119.237
243.943	2.911	119.247
243.930	2.649	119.241
243.918	2.365	119.190
243.915	2.065	119.147
243.896	1.590	119.216
243.895	1.348	119.077
243.903	0.859	119.150
243.912	0.523	119.053
243.918	0.192	118.961
243.915	-0.212	118.941
243.882	-0.563	118.943
243.790	-0.387	118.865
243.770	-0.232	118.831
243.775	-0.044	118.813
243.792	0.083	118.836
243.803	0.085	119.026
243.802	0.368	118.979
243.797	0.671	118.943
243.794	0.970	118.973
243.812	1.298	118.992
243.851	1.652	119.005
243.901	1.967	119.022
243.967	1.962	119.351
244.026	2.162	119.484
243.977	2.569	119.435
243.962	3.155	119.253
243.987	3.474	119.241
244.051	3.771	119.204
244.055	3.923	119.249
244.052	3.888	119.422
244.056	4.059	119.398
244.063	4.191	119.374
244.069	4.161	119.404
244.073	4.286	119.289
244.057	4.191	119.319
244.043	4.054	119.309
244.022	3.706	119.431
244.008	3.486	119.336
243.993	3.149	119.397
243.961	2.912	119.291
243.939	2.623	119.212
243.919	2.175	119.237
243.906	1.824	119.076
243.894	1.248	119.091
243.888	0.752	119.001
243.884	0.172	118.953
243.894	-0.328	118.834
243.735	-0.354	118.750
243.687	-0.146	118.705
243.703	-0.080	118.829
243.724	-0.007	118.876
243.767	-0.018	119.000
243.790	0.125	118.984
243.786	0.356	118.896
243.788	0.552	118.878
243.801	0.801	118.881
243.819	1.039	118.885
243.854	1.198	118.965
243.880	1.350	119.041
243.899	1.510	119.164
243.917	1.740	119.278
243.939	2.207	119.136
243.974	2.463	119.207
244.025	2.845	119.115
244.017	2.924	119.252
243.959	3.195	119.249
243.945	3.282	119.359
243.988	3.418	119.389
244.019	3.594	119.345
243.984	3.710	119.315
243.968	3.874	119.213
243.959	3.944	119.197
243.981	3.848	119.271
243.986	3.805	119.206
243.987	3.710	119.205
243.979	3.529	119.253
243.975	3.338	119.275
243.964	3.172	119.216
243.948	2.766	119.336
243.941	2.570	119.245
243.931	2.285	119.224
243.920	1.986	119.170
243.895	1.666	119.143
243.883	1.339	119.107
243.873	0.973	119.101
243.879	0.757	118.967
243.883	0.404	118.926
243.892	0.053	118.936
243.885	-0.190	118.857
243.888	-0.354	118.799
243.824	-0.346	118.747
243.808	-0.336	118.880
243.806	-0.125	118.835
243.818	-0.024	118.919
243.812	0.182	118.949
243.811	0.490	118.912
243.811	0.790	118.942
243.815	1.046	119.042
243.821	1.437	119.028
243.837	1.807	119.062
243.877	2.195	119.059
243.903	2.350	119.252
243.964	2.608	119.393
244.020	2.776	119.534
244.079	3.193	119.466
244.015	3.702	119.274
244.005	3.803	119.456
244.048	4.078	119.392
244.102	4.249	119.371
244.082	4.283	119.428
244.060	4.208	119.532
244.058	4.359	119.397
244.061	4.372	119.351
244.059	4.230	119.387
244.051	3.826	119.589
244.049	3.799	119.394
244.017	3.606	119.243
244.002	3.257	119.218
243.976	2.798	119.180
243.944	2.167	119.294
243.911	1.674	119.192
243.912	1.224	119.003
243.900	0.554	118.994
243.892	-0.166	118.922
243.772	-0.529	118.778
243.627	-0.283	118.785
243.616	-0.070	118.697
243.648	0.018	118.731
243.714	-0.025	118.828
243.743	-0.103	118.950
243.759	-0.008	118.934
243.763	0.110	118.912
243.778	0.279	118.913
243.812	0.474	118.901
243.860	0.654	118.911
243.909	0.746	118.997
243.924	0.912	119.076
243.917	0.956	119.262
243.922	1.480	119.079
243.912	1.746	119.129
243.930	2.199	119.015
243.938	2.431	119.106
243.965	2.489	119.285
244.003	2.581	119.419
244.054	2.784	119.468
244.058	3.093	119.395
243.965	3.426	119.283
243.939	3.701	119.185
243.972	3.837	119.177
244.010	3.764	119.315
243.988	3.864	119.219
243.981	3.796	119.304
243.984	3.784	119.327
243.986	3.661	119.400
243.994	3.721	119.237
243.989	3.598	119.224
243.991	3.354	119.261
244.000	3.116	119.242
243.983	2.695	119.346
243.971	2.342	119.348
243.954	2.170	119.217
243.930	1.868	119.166
243.921	1.552	119.101
243.903	1.160	119.083
243.899	0.756	119.107
243.891	0.419	118.997
243.878	0.122	118.926
243.877	-0.114	118.809
243.875	-0.452	118.851
243.804	-0.406	118.811
243.785	-0.297	118.832
243.782	-0.082	118.782
243.798	0.069	118.845
243.806	0.219	118.955
243.813	0.479	118.979
243.812	0.776	118.988
243.821	1.140	118.963
243.829	1.427	119.028
243.856	1.833	119.037
243.887	2.073	119.139
243.901	2.176	119.377
243.946	2.589	119.355
243.984	3.049	119.259
244.035	3.448	119.190
244.084	3.518	119.372
244.132	3.715	119.410
244.058	3.868	119.427
244.051	4.159	119.341
244.065	4.203	119.407
244.083	4.119	119.481
244.072	4.232	119.371
244.040	4.207	119.329
244.016	4.170	119.260
244.011	4.038	119.279
244.009	3.740	119.323
244.004	3.462	119.283
243.996	3.027	119.373
243.953	2.710	119.263
243.932	2.207	119.283
243.933	1.900	119.047
243.913	1.210	119.110
243.924	0.670	119.034
243.908	0.066	118.927
243.896	-0.481	118.833
243.689	-0.426	118.817
243.639	-0.203	118.697
243.660	-0.078	118.724
243.702	-0.083	118.821
243.749	-0.099	118.904
243.760	-0.036	118.915
243.762	0.048	118.952
243.779	0.316	118.877
243.804	0.539	118.876
243.834	0.773	118.895
243.878	0.844	119.047
243.912	1.072	119.075
243.912	1.320	119.121
243.923	1.654	119.113
243.919	1.973	119.119
243.927	2.433	119.002
243.929	2.721	119.012
243.942	2.735	119.279
243.976	2.915	119.361
244.008	3.098	119.396
244.024	3.316	119.373
244.075	3.435	119.416
244.063	3.699	119.287
243.980	3.912	119.183
243.972	3.897	119.283
244.000	3.892	119.300
244.020	3.692	119.415
243.992	3.747	119.291
243.969	3.753	119.220
243.965	3.680	119.209
243.963	3.384	119.346
243.975	3.136	119.381
243.967	2.883	119.351
243.956	2.517	119.363
243.943	2.365	119.167
243.938	1.953	119.179
243.916	1.504	119.179
243.912	1.129	119.130
243.911	0.841	118.980
243.899	0.288	119.053
243.895	0.097	118.794
243.896	-0.401	118.891
243.793	-0.408	118.705
243.740	-0.359	118.801
243.744	-0.184	118.812
243.766	0.000	118.786
243.788	0.050	118.911
243.800	0.161	119.020
243.805	0.521	118.914
243.803	0.846	118.893
243.816	1.081	118.985
243.834	1.360	119.058
243.871	1.733	119.052
243.895	2.009	119.097
243.923	2.025	119.415
243.929	2.368	119.393
243.953	2.827	119.309
243.982	3.210	119.241
244.002	3.535	119.190
244.027	3.802	119.157
244.076	3.884	119.280
244.126	3.757	119.529
244.169	3.767	119.593
244.099	3.992	119.437
244.062	4.113	119.349
244.044	4.096	119.343
244.058	3.936	119.379
244.035	3.758	119.403
244.006	3.521	119.432
243.989	3.511	119.205
243.981	3.193	119.267
243.957	2.845	119.284
243.950	2.455	119.280
243.945	2.111	119.166
243.932	1.563	119.194
243.928	1.047	119.133
243.925	0.555	119.020
243.922	0.049	118.904
243.920	-0.484	118.863
243.747	-0.463	118.831
243.700	-0.179	118.685
243.713	-0.117	118.805
243.738	-0.023	118.800
243.761	-0.216	119.084
243.778	-0.010	119.013
243.778	0.310	118.873
243.792	0.509	118.856
243.806	0.770	118.849
243.839	0.838	119.048
243.874	1.178	118.959
243.889	1.334	119.080
243.904	1.466	119.239
243.906	1.859	119.177
243.921	2.229	119.181
243.926	2.592	119.118
243.942	2.904	119.138
243.958	3.030	119.245
243.978	3.225	119.263
243.984	3.399	119.278
243.996	3.557	119.272
244.007	3.654	119.304
244.055	3.821	119.262
244.095	3.855	119.280
244.074	3.875	119.243
243.987	3.647	119.397
243.967	3.529	119.435
243.986	3.561	119.322
244.000	3.517	119.245
243.972	3.386	119.220
243.947	3.095	119.300
243.925	2.827	119.319
243.928	2.693	119.183
243.932	2.327	119.214
243.933	1.993	119.167
243.924	1.551	119.228
243.915	1.376	119.004
243.921	0.962	119.004
243.917	0.582	118.921
243.920	0.144	118.936
243.917	-0.263	118.939
243.900	-0.523	118.855
243.792	-0.422	118.794
243.772	-0.322	118.803
243.776	-0.131	118.763
243.795	-0.063	118.863
243.803	0.083	118.873
243.809	0.349	118.875
243.799	0.628	118.861
243.814	0.872	118.965
243.818	1.227	118.952
243.840	1.510	119.058
243.855	1.765	119.157
243.890	2.094	119.201
243.905	2.361	119.272
243.915	2.691	119.309
243.946	3.057	119.305
243.961	3.396	119.275
243.980	3.756	119.174
244.007	3.979	119.173
244.021	3.959	119.332
244.058	3.980	119.469
244.080	4.108	119.413
244.129	4.166	119.416
244.165	3.963	119.567
244.099	4.061	119.414
244.049	4.139	119.261
244.024	3.789	119.424
244.043	3.680	119.311
244.009	3.301	119.387
243.969	3.051	119.345
243.934	2.784	119.261
243.923	2.467	119.153
243.922	1.944	119.197
243.921	1.451	119.145
243.924	0.840	119.175
243.909	0.280	119.078
243.900	-0.274	118.962
243.781	-0.534	118.878
243.695	-0.257	118.750
243.699	-0.176	118.821
243.725	-0.071	118.823
243.757	-0.151	118.962
243.762	-0.038	118.932
243.753	0.078	118.910
243.757	0.260	118.876
243.779	0.484	118.845
243.810	0.720	118.842
243.844	0.930	118.846
243.878	0.989	119.001
243.885	1.166	119.104
243.892	1.360	119.225
243.908	1.869	119.087
243.912	2.152	119.136
243.909	2.522	119.065
243.921	2.628	119.263
243.941	2.847	119.309
243.962	3.134	119.283
243.963	3.344	119.272
243.960	3.453	119.324
243.974	3.738	119.217
