NO_OF_FRAMES	5000
NO_OF_DATA_TYPES	3
FREQUENCY	500
TIME_STAMP	2026-06-15, 20:24:50
DATA_INCLUDED	Position
DATA_TYPES	Unidentified [966850]_pos_X	Unidentified [966850]_pos_Y	Unidentified [966850]_pos_Z


315.028	1.014	121.113
315.177	1.422	120.729
315.063	1.381	120.896
315.077	1.538	120.736
315.087	1.640	120.620
315.118	1.770	120.415
315.132	1.864	120.380
315.122	1.970	120.498
315.139	2.071	120.649
315.181	2.236	120.715
315.247	2.391	120.796
315.296	2.616	120.755
315.324	2.873	120.704
315.375	3.152	120.674
315.380	3.421	120.679
315.428	3.705	120.674
315.461	4.003	120.650
315.456	4.398	120.489
315.432	4.667	120.540
315.459	4.944	120.591
315.455	5.244	120.550
315.459	5.533	120.491
315.415	5.824	120.498
315.398	6.052	120.487
315.400	6.141	120.535
315.386	6.262	120.579
315.375	6.354	120.549
315.344	6.389	120.586
315.382	6.290	120.648
315.330	6.174	120.568
315.340	5.890	120.599
315.332	5.506	120.589
315.307	4.984	120.561
315.281	4.293	120.594
315.259	3.384	120.675
315.215	2.406	120.752
315.123	1.313	120.790
314.855	1.085	120.407
314.855	1.283	120.224
314.935	1.296	120.480
315.034	1.200	120.946
315.023	1.106	121.162
314.988	1.280	120.992
315.011	1.455	120.814
314.966	1.600	120.641
314.957	1.690	120.470
314.988	1.778	120.404
315.052	1.886	120.446
315.157	2.006	120.570
315.216	2.139	120.692
315.260	2.310	120.722
315.292	2.525	120.709
315.343	2.751	120.687
315.381	3.014	120.677
315.436	3.288	120.656
315.452	3.577	120.637
315.492	3.836	120.672
315.456	4.204	120.599
315.474	4.462	120.615
315.463	4.846	120.534
315.491	5.033	120.566
315.463	5.359	120.518
315.415	5.665	120.522
315.354	5.955	120.542
315.372	6.086	120.525
315.396	6.166	120.613
315.377	6.274	120.572
315.367	6.363	120.571
315.348	6.310	120.579
315.361	6.265	120.568
315.321	6.046	120.586
315.294	5.766	120.539
315.303	5.308	120.576
315.311	4.670	120.591
315.255	3.880	120.649
315.234	2.969	120.653
315.174	1.929	120.741
315.046	0.975	120.696
314.848	1.204	120.193
314.842	1.212	120.401
314.933	1.216	120.701
315.016	1.090	121.077
314.968	1.209	121.053
315.014	1.398	120.893
315.011	1.549	120.750
314.993	1.646	120.618
315.003	1.759	120.433
315.040	1.866	120.388
315.132	1.989	120.494
315.158	2.086	120.609
315.208	2.250	120.690
315.276	2.406	120.767
315.302	2.644	120.720
315.353	2.863	120.742
315.380	3.165	120.692
315.396	3.399	120.717
315.411	3.679	120.683
315.412	4.002	120.637
315.434	4.316	120.611
315.431	4.610	120.614
315.426	4.949	120.556
314.712	6.305	119.497
315.459	5.420	120.557
315.413	5.657	120.609
315.358	5.956	120.610
315.337	6.100	120.537
315.342	6.208	120.574
315.336	6.301	120.544
315.411	6.292	120.583
315.333	6.328	120.513
315.362	6.126	120.559
315.352	5.890	120.602
315.343	5.544	120.591
315.334	5.004	120.626
315.286	4.349	120.582
315.292	3.474	120.675
315.265	2.488	120.773
315.147	1.408	120.795
314.887	1.031	120.444
314.757	1.210	120.245
314.839	1.211	120.467
314.836	1.131	120.913
314.845	0.994	121.184
314.806	1.203	120.984
314.888	1.354	120.848
314.952	1.506	120.653
315.011	1.609	120.495
315.052	1.712	120.382
315.123	1.846	120.383
315.191	1.952	120.507
315.251	2.088	120.634
315.329	2.265	120.727
315.352	2.480	120.689
315.360	2.716	120.685
315.396	2.965	120.707
315.432	3.252	120.671
315.436	3.479	120.747
315.450	3.752	120.722
315.454	4.097	120.669
315.446	4.446	120.594
315.426	4.741	120.610
315.423	5.052	120.563
315.429	5.355	120.603
316.092	4.508	121.482
315.408	5.827	120.554
314.644	7.204	119.515
315.355	6.175	120.552
315.338	6.296	120.561
315.354	6.325	120.612
315.341	6.418	120.552
315.347	6.277	120.545
315.341	6.061	120.570
315.354	5.783	120.593
315.315	5.372	120.587
315.333	4.815	120.599
315.294	3.994	120.638
315.282	3.056	120.699
315.211	2.063	120.714
315.118	0.953	120.778
314.842	1.104	120.256
314.872	1.195	120.295
314.974	1.143	120.712
315.023	1.081	121.048
314.964	1.101	121.115
314.972	1.303	120.904
314.993	1.466	120.749
315.015	1.543	120.642
315.020	1.686	120.412
315.046	1.775	120.367
315.120	1.923	120.448
315.187	2.032	120.593
315.253	2.210	120.653
315.251	2.380	120.728
315.298	2.606	120.685
315.345	2.831	120.706
315.373	3.099	120.696
315.379	3.331	120.766
315.413	3.643	120.705
315.387	3.946	120.690
315.412	4.276	120.656
315.422	4.619	120.574
315.413	4.933	120.584
315.408	5.189	120.572
315.380	5.513	120.534
315.380	5.717	120.578
315.387	5.953	120.556
314.625	7.284	119.508
315.356	6.261	120.611
315.382	6.377	120.617
315.372	6.422	120.606
315.368	6.362	120.582
315.364	6.177	120.588
315.364	5.976	120.603
315.335	5.668	120.548
315.365	5.103	120.619
315.343	4.441	120.611
315.275	3.581	120.692
315.243	2.614	120.707
315.141	1.524	120.805
314.868	0.991	120.492
314.663	1.222	120.146
314.687	1.192	120.478
314.783	1.167	120.880
314.895	1.086	121.152
314.879	1.196	121.016
314.910	1.354	120.856
314.948	1.500	120.670
315.000	1.619	120.494
315.057	1.698	120.393
315.137	1.837	120.389
315.211	1.954	120.540
315.263	2.115	120.653
315.305	2.279	120.694
315.347	2.477	120.726
315.370	2.722	120.694
315.406	2.955	120.713
315.422	3.238	120.727
315.444	3.535	120.701
315.415	3.817	120.692
315.430	4.134	120.679
315.436	4.475	120.624
315.386	4.783	120.607
315.408	5.142	120.563
315.420	5.360	120.599
315.414	5.617	120.583
315.389	5.880	120.572
315.368	6.138	120.591
315.313	6.326	120.538
315.380	6.343	120.583
315.392	6.395	120.584
315.375	6.417	120.565
315.350	6.345	120.534
315.347	6.191	120.558
315.331	5.873	120.558
315.333	5.399	120.617
315.338	4.758	120.634
315.310	4.008	120.635
315.301	3.085	120.698
315.184	2.044	120.732
315.085	0.951	120.786
314.823	1.133	120.257
314.845	1.225	120.301
314.913	1.176	120.698
314.973	1.099	121.071
314.900	1.073	121.122
314.831	1.250	120.938
314.906	1.379	120.780
314.966	1.523	120.568
315.014	1.610	120.388
315.050	1.695	120.371
315.112	1.819	120.449
315.204	1.975	120.562
315.216	2.125	120.676
315.275	2.312	120.712
315.332	2.551	120.707
315.333	2.799	120.685
315.372	3.075	120.680
315.373	3.340	120.719
315.413	3.616	120.716
315.443	3.915	120.715
315.448	4.258	120.649
315.433	4.561	120.646
315.427	4.941	120.566
315.416	5.219	120.576
315.397	5.517	120.552
314.624	6.924	119.489
314.661	7.105	119.532
315.357	6.223	120.491
315.356	6.279	120.565
315.416	6.323	120.597
315.325	6.467	120.520
315.354	6.347	120.609
315.349	6.255	120.587
315.370	5.908	120.580
315.381	5.534	120.650
315.316	5.044	120.587
315.314	4.343	120.618
315.301	3.468	120.673
315.244	2.468	120.752
315.150	1.361	120.824
314.881	0.927	120.490
314.766	1.098	120.327
314.779	1.132	120.498
314.860	1.066	120.960
314.942	0.979	121.173
314.940	1.162	121.034
314.973	1.345	120.834
314.998	1.504	120.657
315.036	1.632	120.453
315.093	1.720	120.356
315.149	1.867	120.372
315.203	1.989	120.498
315.251	2.147	120.619
315.265	2.308	120.681
315.299	2.497	120.735
315.325	2.756	120.686
315.376	3.005	120.710
315.376	3.277	120.708
315.384	3.543	120.718
315.373	3.849	120.678
315.373	4.153	120.673
315.407	4.441	120.679
315.376	4.840	120.556
315.437	5.094	120.610
315.419	5.410	120.569
315.375	5.686	120.499
315.382	5.899	120.509
315.380	6.096	120.585
315.399	6.122	120.623
315.348	6.329	120.544
315.370	6.347	120.520
315.339	6.300	120.516
315.348	6.223	120.553
315.330	5.936	120.542
315.370	5.613	120.568
315.337	5.175	120.543
315.299	4.490	120.588
315.282	3.642	120.694
315.225	2.714	120.737
315.123	1.659	120.807
314.933	0.887	120.631
314.726	1.078	120.253
314.758	1.135	120.342
314.870	1.069	120.786
314.928	0.945	121.128
314.911	1.123	121.048
314.981	1.324	120.892
314.988	1.466	120.746
315.029	1.624	120.536
315.070	1.752	120.331
315.120	1.843	120.331
315.157	1.944	120.466
315.203	2.093	120.542
315.246	2.254	120.633
315.283	2.414	120.712
315.310	2.636	120.704
315.301	2.910	120.667
315.356	3.150	120.707
315.377	3.414	120.749
315.353	3.722	120.680
315.402	4.014	120.684
315.418	4.321	120.656
315.389	4.682	120.575
315.421	4.959	120.588
315.380	5.267	120.586
315.458	5.513	120.638
315.432	5.725	120.592
315.387	5.965	120.579
315.367	6.180	120.542
315.386	6.330	120.503
314.693	7.348	119.526
315.390	6.342	120.561
315.377	6.289	120.534
315.359	6.178	120.510
315.381	5.919	120.584
315.364	5.475	120.564
315.303	4.931	120.596
315.278	4.189	120.641
315.236	3.346	120.667
315.072	2.334	120.749
315.001	1.273	120.750
314.790	1.024	120.368
314.788	1.189	120.247
314.856	1.193	120.544
314.989	1.131	120.950
314.986	1.027	121.141
315.008	1.234	120.932
315.029	1.359	120.796
315.077	1.498	120.633
315.111	1.584	120.447
315.090	1.692	120.293
315.119	1.786	120.376
315.165	1.887	120.518
315.221	2.033	120.613
315.262	2.207	120.673
315.277	2.388	120.711
315.285	2.606	120.716
315.325	2.882	120.689
315.302	3.146	120.712
315.330	3.440	120.703
315.354	3.712	120.722
315.399	4.081	120.640
315.406	4.410	120.589
315.401	4.716	120.627
315.427	5.043	120.557
315.389	5.374	120.578
315.410	5.620	120.529
315.404	5.881	120.577
315.384	6.101	120.538
315.364	6.302	120.529
315.419	6.316	120.576
315.418	6.476	120.532
315.375	6.450	120.517
315.384	6.310	120.541
315.349	6.168	120.571
315.374	5.789	120.641
315.328	5.401	120.577
315.291	4.822	120.557
315.152	3.977	120.668
315.138	3.081	120.699
315.067	2.048	120.766
315.038	0.955	120.768
314.796	1.041	120.290
314.871	1.153	120.302
314.941	1.158	120.573
315.036	1.060	121.001
315.007	1.031	121.090
315.032	1.261	120.919
315.072	1.437	120.755
315.090	1.585	120.617
315.103	1.728	120.432
315.165	1.907	120.305
315.154	1.998	120.422
315.215	2.104	120.572
315.245	2.278	120.650
315.267	2.425	120.735
315.264	2.638	120.719
315.287	2.895	120.697
315.307	3.137	120.729
315.331	3.393	120.715
315.331	3.644	120.730
315.379	3.966	120.673
315.401	4.266	120.651
315.399	4.581	120.593
315.408	4.882	120.605
315.415	5.169	120.583
315.410	5.471	120.502
314.663	6.840	119.459
314.675	6.957	119.495
315.378	6.012	120.539
316.081	5.015	121.527
316.098	5.028	121.508
316.075	5.018	121.551
315.359	6.059	120.609
315.291	5.917	120.576
315.223	5.561	120.643
315.165	5.227	120.608
315.162	4.695	120.633
315.138	4.047	120.635
315.159	3.234	120.675
315.130	2.318	120.696
315.094	1.267	120.739
314.860	0.948	120.389
314.886	1.092	120.236
314.892	1.116	120.487
315.034	0.999	120.940
315.018	0.988	121.071
315.023	1.156	120.988
315.068	1.341	120.814
315.091	1.485	120.701
315.107	1.615	120.500
315.132	1.694	120.394
315.155	1.755	120.453
315.169	1.901	120.536
315.195	2.035	120.616
315.222	2.199	120.714
315.250	2.404	120.726
315.283	2.596	120.778
315.338	2.872	120.742
315.342	3.136	120.752
315.350	3.438	120.712
315.377	3.721	120.695
315.358	4.071	120.639
315.409	4.394	120.603
315.415	4.722	120.557
315.445	4.995	120.576
315.439	5.307	120.512
315.497	5.542	120.544
314.689	7.023	119.493
315.419	6.032	120.571
316.129	5.115	121.547
315.399	6.359	120.480
315.413	6.354	120.584
315.364	6.416	120.499
315.354	6.317	120.562
315.306	6.138	120.550
315.322	5.789	120.586
315.295	5.339	120.619
315.202	4.746	120.588
315.178	3.962	120.612
315.177	3.054	120.666
315.140	2.014	120.725
315.062	0.933	120.742
314.800	1.070	120.238
314.803	1.207	120.217
314.956	1.199	120.598
315.011	1.095	121.039
315.013	1.044	121.104
315.017	1.275	120.901
315.048	1.427	120.739
315.047	1.581	120.563
315.091	1.703	120.391
315.086	1.785	120.365
315.126	1.921	120.455
315.174	2.065	120.561
315.185	2.210	120.701
315.236	2.416	120.726
315.256	2.624	120.705
315.280	2.881	120.697
315.299	3.146	120.726
315.353	3.437	120.709
315.359	3.692	120.734
315.376	4.026	120.680
315.392	4.340	120.655
315.394	4.667	120.599
315.433	5.024	120.536
315.444	5.297	120.522
314.721	6.679	119.481
315.432	5.790	120.497
315.446	5.920	120.555
315.385	6.119	120.517
315.368	6.161	120.569
315.349	6.209	120.539
315.236	6.155	120.621
315.149	6.042	120.598
315.153	5.893	120.593
315.169	5.573	120.619
315.190	5.159	120.631
315.173	4.666	120.575
315.177	3.935	120.628
315.183	3.103	120.655
315.157	2.155	120.720
315.124	1.064	120.730
314.849	0.992	120.348
314.821	1.200	120.181
314.959	1.130	120.583
315.020	1.070	121.001
315.028	0.998	121.148
315.022	1.208	120.976
315.050	1.378	120.828
315.073	1.519	120.662
315.094	1.665	120.452
315.085	1.757	120.380
315.117	1.878	120.432
315.182	2.023	120.557
315.195	2.189	120.664
315.238	2.390	120.723
315.254	2.603	120.737
315.269	2.844	120.714
315.311	3.111	120.756
315.340	3.410	120.729
315.350	3.715	120.704
315.390	4.056	120.661
315.421	4.352	120.659
315.420	4.697	120.629
315.452	5.021	120.592
315.460	5.331	120.546
314.726	6.798	119.477
314.679	7.088	119.429
314.689	7.253	119.505
314.672	7.407	119.513
314.711	7.472	119.525
315.416	6.411	120.551
315.352	6.421	120.504
315.356	6.307	120.550
315.334	6.087	120.601
315.305	5.858	120.581
315.334	5.375	120.589
315.262	4.824	120.561
315.206	4.047	120.581
315.193	3.140	120.636
315.131	2.100	120.711
315.051	1.000	120.739
314.761	0.949	120.337
314.860	1.086	120.291
314.900	1.091	120.628
314.998	1.035	121.024
315.023	1.007	121.130
314.996	1.189	120.975
315.043	1.355	120.805
315.034	1.511	120.632
315.064	1.614	120.418
315.055	1.718	120.361
315.091	1.874	120.401
315.132	2.007	120.540
315.164	2.148	120.636
315.186	2.349	120.681
315.218	2.547	120.708
315.265	2.800	120.694
315.270	3.085	120.648
315.290	3.327	120.727
315.329	3.627	120.684
315.346	3.902	120.718
315.382	4.211	120.682
315.397	4.574	120.581
315.401	4.909	120.551
315.435	5.141	120.607
315.430	5.465	120.518
315.452	5.656	120.561
315.456	5.804	120.604
314.693	7.135	119.559
315.407	6.047	120.576
315.322	6.106	120.600
315.183	6.091	120.531
315.162	5.934	120.603
315.188	5.781	120.611
315.207	5.553	120.583
315.209	5.179	120.582
315.198	4.713	120.559
315.168	3.992	120.638
315.188	3.237	120.631
315.165	2.306	120.714
315.131	1.295	120.732
314.851	0.954	120.423
314.839	1.111	120.271
314.875	1.110	120.480
315.003	1.050	120.893
315.014	0.959	121.120
315.023	1.177	121.009
315.031	1.386	120.842
315.064	1.516	120.739
315.066	1.646	120.532
315.073	1.750	120.376
315.072	1.882	120.400
315.102	2.003	120.477
315.146	2.161	120.577
315.162	2.335	120.635
315.219	2.561	120.682
315.230	2.787	120.667
315.281	3.037	120.703
315.292	3.319	120.673
315.293	3.593	120.720
315.361	3.896	120.722
315.383	4.240	120.647
315.403	4.600	120.598
315.404	4.911	120.588
315.429	5.212	120.523
314.727	6.556	119.547
314.698	6.959	119.480
315.465	5.943	120.588
316.150	5.060	121.545
316.170	5.208	121.570
316.148	5.265	121.549
315.407	6.477	120.515
315.368	6.439	120.517
315.383	6.251	120.542
315.323	6.015	120.555
315.290	5.716	120.528
315.275	5.129	120.572
315.246	4.467	120.581
315.172	3.630	120.637
315.173	2.642	120.667
315.115	1.550	120.758
314.913	0.881	120.516
314.799	1.110	120.183
314.851	1.180	120.431
314.997	1.146	120.842
315.064	1.035	121.179
315.000	1.124	121.088
315.025	1.258	120.933
315.052	1.384	120.727
315.045	1.475	120.518
315.054	1.588	120.353
315.063	1.656	120.405
315.120	1.791	120.495
315.121	1.941	120.607
315.129	2.101	120.642
315.165	2.305	120.657
315.174	2.524	120.640
315.227	2.803	120.609
315.293	3.027	120.659
315.306	3.294	120.690
315.328	3.543	120.728
315.373	3.868	120.702
315.395	4.196	120.657
315.409	4.524	120.575
315.466	4.812	120.654
315.444	5.147	120.584
314.700	6.445	119.537
315.466	5.576	120.600
315.468	5.753	120.617
315.430	5.935	120.568
315.392	6.010	120.570
315.330	6.042	120.600
315.234	6.030	120.557
315.243	5.919	120.586
315.208	5.818	120.500
315.270	5.482	120.581
315.270	5.158	120.555
315.237	4.660	120.554
315.249	4.009	120.594
315.236	3.217	120.626
315.217	2.338	120.658
315.178	1.304	120.770
314.921	0.951	120.406
314.851	1.028	120.321
314.959	1.046	120.420
315.018	0.931	120.880
314.957	0.948	121.088
315.016	1.159	121.034
315.050	1.319	120.931
315.061	1.461	120.778
315.039	1.571	120.574
315.051	1.680	120.382
315.066	1.767	120.390
315.098	1.887	120.485
315.156	2.025	120.612
315.150	2.203	120.633
315.189	2.404	120.662
315.216	2.650	120.652
315.242	2.899	120.687
315.301	3.176	120.683
315.304	3.442	120.717
315.348	3.750	120.718
315.363	4.110	120.624
315.416	4.415	120.612
315.406	4.785	120.597
315.478	5.089	120.657
315.438	5.452	120.553
315.448	5.704	120.648
315.428	5.915	120.616
315.395	6.177	120.568
315.418	6.379	120.600
315.356	6.490	120.531
315.386	6.475	120.549
315.349	6.450	120.582
315.309	6.348	120.643
315.258	6.196	120.546
315.289	5.841	120.602
315.284	5.372	120.610
315.301	4.760	120.571
315.256	3.918	120.641
315.218	3.040	120.569
315.192	1.946	120.688
315.088	0.853	120.730
314.814	0.991	120.315
314.830	1.106	120.330
314.954	1.117	120.723
315.012	1.072	121.093
314.987	1.026	121.182
314.995	1.192	121.013
314.989	1.356	120.825
315.004	1.486	120.596
315.019	1.601	120.378
315.046	1.686	120.372
315.051	1.851	120.383
315.091	1.964	120.597
315.111	2.147	120.664
315.153	2.391	120.672
315.195	2.596	120.662
315.221	2.886	120.626
315.287	3.142	120.629
315.296	3.405	120.656
315.344	3.721	120.638
315.362	3.997	120.674
315.404	4.330	120.627
315.428	4.612	120.639
315.472	4.925	120.641
314.805	6.160	119.612
315.443	5.460	120.598
315.420	5.708	120.645
315.288	5.833	120.665
315.252	5.876	120.736
315.206	5.993	120.603
315.239	6.014	120.617
315.265	6.052	120.553
315.303	5.887	120.572
315.270	5.702	120.556
315.258	5.436	120.492
315.320	4.967	120.546
315.327	4.472	120.534
315.299	3.713	120.606
315.278	2.899	120.650
315.262	2.000	120.661
315.179	0.975	120.706
314.894	0.986	120.341
314.879	1.011	120.389
314.994	0.990	120.681
315.052	0.921	121.012
315.004	1.051	121.147
315.024	1.217	121.046
315.037	1.352	120.922
315.027	1.454	120.715
315.015	1.553	120.460
315.032	1.656	120.311
315.073	1.734	120.429
315.049	1.853	120.516
315.095	1.986	120.607
315.117	2.168	120.635
315.139	2.416	120.646
315.208	2.634	120.671
315.263	2.913	120.679
315.306	3.183	120.703
315.337	3.490	120.669
315.352	3.819	120.659
315.396	4.148	120.625
315.419	4.489	120.612
315.438	4.840	120.593
314.777	6.188	119.535
315.460	5.462	120.644
315.443	5.759	120.626
315.450	5.981	120.627
315.410	6.232	120.588
315.421	6.341	120.613
315.370	6.477	120.556
315.301	6.466	120.596
315.281	6.430	120.568
315.283	6.327	120.611
315.262	6.079	120.538
315.308	5.717	120.603
315.301	5.244	120.562
315.262	4.614	120.520
315.230	3.720	120.573
315.273	2.713	120.656
315.190	1.596	120.764
314.990	0.817	120.578
314.838	1.030	120.299
314.885	1.126	120.395
315.002	1.127	120.831
315.044	1.060	121.182
314.972	1.076	121.167
315.003	1.245	120.989
315.042	1.364	120.814
315.011	1.475	120.574
315.020	1.583	120.369
315.008	1.694	120.368
315.060	1.814	120.499
315.083	1.977	120.639
315.135	2.164	120.669
315.156	2.419	120.637
315.167	2.621	120.685
315.216	2.913	120.612
315.265	3.196	120.608
315.290	3.408	120.695
315.332	3.728	120.674
315.358	4.048	120.660
315.390	4.387	120.644
315.410	4.690	120.632
315.402	5.013	120.616
315.417	5.256	120.631
314.656	6.580	119.588
315.267	5.673	120.665
315.260	5.807	120.689
315.282	5.920	120.633
315.322	5.982	120.629
315.358	5.929	120.607
315.327	5.888	120.597
315.323	5.782	120.566
315.312	5.606	120.512
315.346	5.216	120.559
315.366	4.732	120.602
315.331	4.227	120.541
315.310	3.468	120.591
315.300	2.606	120.641
315.240	1.651	120.691
315.037	0.791	120.631
314.896	0.982	120.273
314.947	1.012	120.400
315.024	0.930	120.808
314.989	0.857	121.112
314.955	1.027	121.136
315.006	1.178	121.037
315.000	1.327	120.869
315.011	1.431	120.624
315.025	1.509	120.436
315.009	1.592	120.330
315.041	1.680	120.451
315.072	1.805	120.561
315.058	1.941	120.625
315.098	2.111	120.665
315.142	2.369	120.675
315.163	2.627	120.639
315.236	2.927	120.608
315.297	3.176	120.687
315.315	3.479	120.675
315.328	3.845	120.623
315.389	4.167	120.650
315.410	4.526	120.607
315.438	4.881	120.601
315.404	5.244	120.567
314.679	6.646	119.540
315.419	5.742	120.689
315.344	6.056	120.689
315.332	6.204	120.688
315.307	6.331	120.623
315.325	6.473	120.614
315.323	6.502	120.598
315.347	6.453	120.602
315.311	6.360	120.553
315.324	6.103	120.578
315.320	5.738	120.579
315.342	5.240	120.556
315.363	4.507	120.582
315.301	3.585	120.626
315.298	2.595	120.676
315.203	1.436	120.788
314.966	0.870	120.506
314.877	1.104	120.242
314.905	1.133	120.435
315.026	1.115	120.909
315.042	1.051	121.183
314.969	1.097	121.141
314.979	1.258	120.979
315.007	1.387	120.784
314.976	1.482	120.536
315.018	1.587	120.358
315.021	1.684	120.384
315.070	1.786	120.539
315.114	1.969	120.655
315.128	2.174	120.658
315.146	2.401	120.617
315.204	2.655	120.621
315.225	2.896	120.620
315.275	3.191	120.613
315.288	3.449	120.650
315.319	3.785	120.615
315.336	4.108	120.614
315.353	4.368	120.645
315.265	4.678	120.644
315.223	4.978	120.653
315.241	5.238	120.683
315.267	5.503	120.670
315.352	5.704	120.754
315.334	5.891	120.676
315.346	5.933	120.654
315.299	6.119	120.597
315.365	6.049	120.612
315.390	6.005	120.602
315.379	5.983	120.501
315.406	5.643	120.583
315.357	5.412	120.483
315.362	4.909	120.548
315.352	4.319	120.562
315.317	3.533	120.609
315.344	2.652	120.620
315.244	1.638	120.706
315.045	0.846	120.579
314.851	1.005	120.296
314.875	1.053	120.373
314.931	0.999	120.769
314.963	0.899	121.130
314.941	1.092	121.100
314.962	1.290	120.957
315.002	1.406	120.859
314.984	1.545	120.653
315.011	1.624	120.484
315.043	1.744	120.378
315.051	1.868	120.461
315.084	1.981	120.594
315.135	2.141	120.636
315.142	2.356	120.627
315.200	2.619	120.585
315.222	2.854	120.610
315.275	3.100	120.648
315.265	3.385	120.658
315.297	3.674	120.668
315.307	4.022	120.631
315.327	4.367	120.579
315.361	4.644	120.630
315.358	5.014	120.599
315.294	5.302	120.647
315.262	5.598	120.670
315.270	5.828	120.702
315.307	6.028	120.688
315.305	6.210	120.663
315.326	6.317	120.645
315.309	6.443	120.566
315.337	6.392	120.622
315.309	6.385	120.579
315.340	6.181	120.526
315.335	5.857	120.533
315.363	5.442	120.545
315.345	4.855	120.557
315.294	4.073	120.584
315.307	3.157	120.614
315.239	2.096	120.669
315.173	0.990	120.662
314.860	0.994	120.284
314.852	1.093	120.295
314.922	1.087	120.694
315.005	1.033	121.054
314.969	1.000	121.174
314.947	1.177	121.030
314.990	1.322	120.931
315.015	1.489	120.697
315.019	1.604	120.496
315.047	1.723	120.418
315.056	1.843	120.485
315.087	1.990	120.583
315.130	2.172	120.648
315.129	2.374	120.677
315.139	2.622	120.602
315.214	2.860	120.604
315.236	3.107	120.618
315.209	3.368	120.635
315.220	3.625	120.648
315.142	3.922	120.628
315.119	4.239	120.608
315.161	4.539	120.629
315.209	4.828	120.646
315.254	5.108	120.677
315.308	5.394	120.697
315.334	5.586	120.736
315.345	5.763	120.646
315.345	5.910	120.665
315.357	6.034	120.598
314.622	7.280	119.503
315.352	6.068	120.516
315.418	5.880	120.585
315.362	5.725	120.528
315.379	5.378	120.621
315.319	5.043	120.530
315.347	4.433	120.550
315.302	3.700	120.566
315.264	2.848	120.605
315.207	1.865	120.650
315.089	0.847	120.684
314.831	0.981	120.280
314.812	1.046	120.324
314.929	1.006	120.682
314.981	0.857	121.067
314.957	1.022	121.123
314.972	1.209	121.005
314.992	1.342	120.897
315.026	1.476	120.740
315.028	1.576	120.537
315.044	1.677	120.421
315.072	1.775	120.478
315.135	1.874	120.567
315.131	2.006	120.653
315.136	2.204	120.651
315.142	2.384	120.654
315.180	2.639	120.620
315.201	2.883	120.625
315.196	3.136	120.624
315.218	3.450	120.609
315.221	3.730	120.617
315.219	4.041	120.608
315.210	4.363	120.595
315.199	4.676	120.572
315.257	5.041	120.574
315.236	5.334	120.633
315.300	5.643	120.651
315.313	5.828	120.630
315.302	6.034	120.657
315.337	6.114	120.686
315.308	6.413	120.566
315.384	6.366	120.570
315.347	6.324	120.576
315.321	6.206	120.551
315.349	5.954	120.557
315.317	5.645	120.597
315.326	5.167	120.550
315.292	4.548	120.486
315.262	3.665	120.640
315.225	2.707	120.653
315.147	1.611	120.749
314.967	0.846	120.578
314.786	1.059	120.199
314.875	1.095	120.425
314.937	1.038	120.854
315.025	0.975	121.105
314.976	1.104	121.109
315.008	1.286	120.969
315.040	1.434	120.842
315.054	1.559	120.685
315.065	1.689	120.476
315.091	1.797	120.440
315.127	1.896	120.537
315.144	2.030	120.614
315.160	2.180	120.679
315.139	2.405	120.650
315.117	2.612	120.650
315.056	2.799	120.657
315.020	3.037	120.679
315.037	3.338	120.637
315.071	3.620	120.623
315.093	3.910	120.631
315.148	4.259	120.590
315.215	4.529	120.596
315.280	4.875	120.606
315.288	5.192	120.590
315.340	5.372	120.650
315.349	5.645	120.635
315.393	5.796	120.670
314.589	7.165	119.600
315.354	6.097	120.607
315.389	6.177	120.619
315.359	6.073	120.601
315.347	5.994	120.581
315.387	5.804	120.597
315.338	5.436	120.581
315.317	5.018	120.574
315.250	4.513	120.532
315.221	3.735	120.586
315.190	2.880	120.643
315.122	1.883	120.692
315.059	0.882	120.658
314.785	0.963	120.272
314.781	1.049	120.318
314.898	1.011	120.676
314.950	0.870	121.073
314.901	1.006	121.127
314.942	1.204	121.025
315.001	1.363	120.886
315.024	1.478	120.765
315.040	1.578	120.554
315.049	1.684	120.441
315.069	1.730	120.513
315.121	1.868	120.568
315.118	2.010	120.640
315.126	2.126	120.734
315.137	2.337	120.666
315.151	2.572	120.635
315.140	2.831	120.586
315.183	3.039	120.644
315.153	3.312	120.657
315.114	3.596	120.641
315.121	3.907	120.602
315.177	4.226	120.607
315.231	4.559	120.601
315.277	4.873	120.648
315.284	5.208	120.621
315.314	5.418	120.661
315.342	5.648	120.674
315.338	5.933	120.672
314.641	7.176	119.614
315.336	6.195	120.584
315.361	6.222	120.551
315.333	6.224	120.552
315.366	6.100	120.559
315.363	5.882	120.537
315.331	5.582	120.566
314.607	6.189	119.495
315.297	4.592	120.511
315.232	3.783	120.599
315.210	2.866	120.658
315.130	1.830	120.716
315.034	0.843	120.660
314.794	1.008	120.235
314.792	1.101	120.320
314.914	1.015	120.719
314.976	0.892	121.117
314.939	1.050	121.122
314.983	1.235	120.991
315.017	1.367	120.897
315.031	1.471	120.768
315.032	1.570	120.547
315.066	1.670	120.448
315.071	1.734	120.524
315.102	1.834	120.618
315.101	1.962	120.679
315.083	2.144	120.680
315.006	2.321	120.705
314.964	2.540	120.665
315.013	2.799	120.612
315.089	3.026	120.659
315.137	3.349	120.632
315.169	3.658	120.580
315.204	3.951	120.603
315.246	4.271	120.580
315.289	4.636	120.528
315.347	4.920	120.563
314.692	6.171	119.528
314.618	6.692	119.471
315.366	5.713	120.635
315.335	5.938	120.632
315.402	6.030	120.617
315.395	6.084	120.661
315.360	6.212	120.544
315.326	6.152	120.544
315.329	6.045	120.544
315.341	5.778	120.563
315.291	5.465	120.588
315.285	4.990	120.571
315.258	4.442	120.503
315.220	3.623	120.632
315.203	2.773	120.617
315.140	1.729	120.723
315.014	0.801	120.656
314.795	0.977	120.310
314.840	1.083	120.304
314.917	0.975	120.776
314.989	0.879	121.103
314.960	1.045	121.105
315.016	1.222	121.003
315.041	1.389	120.877
315.072	1.462	120.772
315.083	1.617	120.522
315.056	1.696	120.450
315.079	1.753	120.540
315.091	1.847	120.632
315.099	2.004	120.671
315.099	2.146	120.695
315.078	2.356	120.663
315.046	2.577	120.658
315.080	2.833	120.623
315.131	3.095	120.623
315.168	3.372	120.662
315.180	3.675	120.636
315.221	3.988	120.611
315.279	4.321	120.584
315.293	4.690	120.559
315.349	4.973	120.580
315.387	5.262	120.643
315.343	5.566	120.623
315.388	5.806	120.676
315.353	5.992	120.682
315.363	6.127	120.661
315.339	6.271	120.590
315.320	6.302	120.598
315.366	6.176	120.610
315.310	6.109	120.611
315.304	5.880	120.597
315.291	5.526	120.589
315.295	5.033	120.606
315.207	4.461	120.531
315.218	3.642	120.572
315.210	2.706	120.634
315.135	1.627	120.769
314.956	0.805	120.609
314.765	1.022	120.239
314.865	1.031	120.381
314.905	0.970	120.795
314.997	0.869	121.125
314.967	1.049	121.109
315.004	1.270	120.968
315.040	1.382	120.888
315.064	1.494	120.747
315.040	1.622	120.509
315.010	1.696	120.472
314.932	1.770	120.547
314.905	1.898	120.662
314.943	2.030	120.699
314.985	2.223	120.698
315.024	2.481	120.630
315.040	2.712	120.583
315.127	2.956	120.587
315.151	3.249	120.595
315.213	3.511	120.607
315.240	3.798	120.639
315.296	4.147	120.563
315.340	4.498	120.563
315.326	4.840	120.522
314.616	6.217	119.472
315.380	5.360	120.608
315.386	5.593	120.673
315.418	5.793	120.690
315.363	5.991	120.642
315.332	6.120	120.645
315.353	6.165	120.643
315.313	6.167	120.603
315.314	6.067	120.626
315.276	5.926	120.640
315.275	5.668	120.599
315.275	5.295	120.606
315.262	4.835	120.524
315.193	4.087	120.613
315.239	3.284	120.609
315.127	2.302	120.690
315.098	1.228	120.721
314.818	0.867	120.406
314.786	1.062	120.216
314.870	1.015	120.535
314.984	0.923	120.975
314.948	0.923	121.121
314.968	1.096	121.094
314.992	1.278	120.962
315.047	1.405	120.827
315.048	1.507	120.635
315.064	1.611	120.426
315.036	1.667	120.474
315.055	1.766	120.525
315.056	1.885	120.636
315.022	1.979	120.732
314.986	2.161	120.724
314.981	2.382	120.685
315.059	2.644	120.624
315.095	2.895	120.605
315.137	3.187	120.612
315.169	3.476	120.608
315.190	3.779	120.630
315.240	4.129	120.602
315.299	4.461	120.582
315.304	4.786	120.572
315.356	5.059	120.596
314.562	6.566	119.531
315.374	5.594	120.676
315.363	5.820	120.699
315.365	6.001	120.675
315.342	6.114	120.671
315.344	6.213	120.602
315.344	6.169	120.606
315.321	6.098	120.618
315.282	6.021	120.574
315.280	5.730	120.594
315.251	5.315	120.599
315.264	4.788	120.581
315.195	4.109	120.573
315.244	3.242	120.610
315.152	2.301	120.654
315.102	1.210	120.697
314.814	0.888	120.429
314.805	1.011	120.317
314.853	1.014	120.531
314.964	0.932	120.999
314.960	0.942	121.150
314.974	1.124	121.096
315.013	1.303	120.962
315.027	1.426	120.838
315.000	1.560	120.631
315.009	1.634	120.513
314.928	1.746	120.481
314.907	1.826	120.581
314.952	1.936	120.695
314.995	2.139	120.688
315.014	2.353	120.657
315.076	2.595	120.591
315.109	2.826	120.582
315.145	3.060	120.613
315.194	3.351	120.626
315.246	3.632	120.624
315.259	3.927	120.643
315.330	4.293	120.551
315.357	4.601	120.582
315.318	4.969	120.575
315.382	5.236	120.642
315.387	5.483	120.646
315.385	5.652	120.694
315.363	5.865	120.690
315.355	6.058	120.643
315.327	6.139	120.642
315.340	6.119	120.637
315.312	6.116	120.600
315.314	6.048	120.656
315.312	5.844	120.637
315.286	5.582	120.542
315.300	5.051	120.627
315.246	4.543	120.616
315.209	3.811	120.600
315.204	2.954	120.633
315.136	1.920	120.734
315.072	0.873	120.739
314.806	0.963	120.355
314.779	0.969	120.420
314.911	0.986	120.698
314.996	0.886	121.085
314.931	1.015	121.146
314.963	1.179	121.073
314.982	1.339	120.941
315.016	1.464	120.783
314.995	1.532	120.577
314.983	1.640	120.434
314.927	1.721	120.478
314.917	1.828	120.583
314.947	1.916	120.682
314.997	2.081	120.693
315.016	2.273	120.679
315.036	2.532	120.606
315.067	2.803	120.543
315.140	3.051	120.600
315.178	3.330	120.620
315.190	3.597	120.644
315.223	3.951	120.565
315.247	4.268	120.577
315.276	4.615	120.579
315.311	4.902	120.641
315.306	5.242	120.646
315.365	5.418	120.709
315.312	5.749	120.640
315.291	5.895	120.707
315.313	6.073	120.709
315.301	6.151	120.659
315.293	6.202	120.674
315.258	6.237	120.659
315.297	6.101	120.623
315.249	5.928	120.579
315.297	5.582	120.654
315.281	5.135	120.590
315.213	4.631	120.528
315.214	3.802	120.645
315.208	2.907	120.636
315.137	1.894	120.716
315.052	0.820	120.729
314.827	0.934	120.353
314.818	1.080	120.313
314.908	1.003	120.683
314.964	0.882	121.078
314.891	0.979	121.163
314.878	1.174	121.038
314.800	1.345	120.892
314.823	1.444	120.781
314.870	1.556	120.558
314.901	1.644	120.464
314.963	1.772	120.511
314.986	1.872	120.598
314.997	2.019	120.650
315.034	2.215	120.665
315.084	2.437	120.652
315.119	2.673	120.630
315.196	2.950	120.607
315.206	3.213	120.623
315.248	3.460	120.628
315.244	3.783	120.630
315.295	4.095	120.609
315.320	4.422	120.586
315.311	4.747	120.600
315.348	4.993	120.660
315.295	5.340	120.611
315.386	5.454	120.790
315.296	5.755	120.670
315.323	5.881	120.678
315.304	6.011	120.628
315.279	6.068	120.649
315.270	6.071	120.670
315.303	5.955	120.612
315.290	5.789	120.627
315.304	5.586	120.670
315.267	5.194	120.659
315.223	4.812	120.571
315.237	4.139	120.602
315.222	3.308	120.623
315.158	2.401	120.634
315.134	1.316	120.755
314.842	0.880	120.428
314.790	1.003	120.284
314.857	0.975	120.476
314.926	0.892	120.921
314.922	0.909	121.127
314.942	1.072	121.090
314.959	1.206	121.025
314.959	1.366	120.838
314.939	1.437	120.624
314.930	1.516	120.429
314.890	1.573	120.453
314.897	1.664	120.555
314.944	1.754	120.654
314.989	1.915	120.688
315.027	2.093	120.686
315.038	2.277	120.675
315.082	2.534	120.640
315.110	2.794	120.614
315.197	3.073	120.622
315.215	3.327	120.686
315.193	3.677	120.601
315.218	4.009	120.580
315.265	4.322	120.620
315.251	4.690	120.574
315.299	4.971	120.647
315.306	5.229	120.704
315.284	5.508	120.720
315.334	5.634	120.783
315.278	5.914	120.709
315.266	6.089	120.694
315.273	6.130	120.686
315.260	6.197	120.657
315.266	6.161	120.656
315.231	6.069	120.584
315.253	5.818	120.613
315.274	5.423	120.643
315.285	4.893	120.650
315.220	4.304	120.568
315.231	3.454	120.671
315.197	2.502	120.716
315.127	1.433	120.779
314.863	0.838	120.510
314.784	1.024	120.244
314.863	1.049	120.389
314.892	0.951	120.892
314.857	0.828	121.215
314.737	1.005	121.117
314.749	1.134	120.986
314.812	1.268	120.871
314.886	1.368	120.663
314.912	1.439	120.477
314.929	1.514	120.452
314.934	1.601	120.547
314.999	1.727	120.635
315.038	1.881	120.701
315.052	2.062	120.687
315.130	2.320	120.627
315.127	2.596	120.554
315.185	2.780	120.651
315.214	3.122	120.578
315.267	3.383	120.634
315.253	3.683	120.642
315.288	4.034	120.609
315.287	4.387	120.595
315.275	4.714	120.607
315.293	5.012	120.666
315.287	5.328	120.673
315.305	5.565	120.731
315.332	5.770	120.714
315.244	6.063	120.636
315.280	6.123	120.638
315.277	6.235	120.653
315.271	6.243	120.605
315.256	6.207	120.635
315.272	6.012	120.586
315.280	5.764	120.613
315.303	5.409	120.594
315.301	4.891	120.616
315.212	4.344	120.547
315.238	3.466	120.646
315.204	2.513	120.686
315.126	1.426	120.748
314.883	0.856	120.452
314.795	0.975	120.265
314.875	1.022	120.452
314.915	0.967	120.852
314.968	0.871	121.161
314.918	1.052	121.110
314.919	1.218	120.982
314.947	1.368	120.829
314.904	1.471	120.664
314.919	1.571	120.453
314.960	1.690	120.412
314.957	1.789	120.511
315.001	1.912	120.632
315.033	2.085	120.643
315.040	2.261	120.653
315.092	2.535	120.602
315.120	2.795	120.555
315.144	3.000	120.634
315.190	3.307	120.615
315.202	3.565	120.676
315.227	3.874	120.640
315.242	4.180	120.671
315.262	4.512	120.621
315.277	4.849	120.620
315.299	5.151	120.641
315.271	5.416	120.702
315.291	5.635	120.706
315.304	5.806	120.673
315.267	6.000	120.669
315.272	6.060	120.670
315.292	6.097	120.646
315.288	6.092	120.645
315.295	6.032	120.620
315.294	5.894	120.583
315.276	5.574	120.576
315.307	5.125	120.567
315.260	4.631	120.532
315.229	3.857	120.572
315.232	2.973	120.655
315.143	1.925	120.735
315.070	0.872	120.725
314.770	0.899	120.297
314.719	0.918	120.344
314.694	0.928	120.669
314.754	0.831	121.091
314.693	0.863	121.157
314.788	1.117	120.953
314.827	1.307	120.834
314.863	1.432	120.727
314.897	1.542	120.558
314.943	1.673	120.433
314.989	1.813	120.467
315.037	1.914	120.599
315.074	2.065	120.659
315.089	2.286	120.646
315.101	2.513	120.621
315.150	2.761	120.583
315.201	2.994	120.633
315.227	3.246	120.650
315.270	3.527	120.647
315.256	3.800	120.687
315.284	4.091	120.670
315.295	4.451	120.602
315.256	4.764	120.609
315.273	5.055	120.627
315.302	5.323	120.687
315.262	5.555	120.672
315.285	5.777	120.725
315.266	5.923	120.722
315.265	6.013	120.696
315.268	6.056	120.647
315.280	6.035	120.661
315.313	5.970	120.644
315.324	5.798	120.624
315.301	5.601	120.627
315.280	5.224	120.587
315.296	4.707	120.589
315.246	4.063	120.559
315.252	3.206	120.596
315.183	2.206	120.707
315.129	1.159	120.706
314.847	0.824	120.442
314.785	0.977	120.263
314.884	0.924	120.572
314.936	0.841	120.988
314.859	0.841	121.183
314.896	1.062	121.079
314.850	1.235	120.940
314.839	1.348	120.803
314.859	1.422	120.602
314.910	1.532	120.405
314.934	1.596	120.456
314.948	1.691	120.567
315.006	1.816	120.633
315.029	1.977	120.664
315.060	2.145	120.695
315.095	2.397	120.625
315.117	2.642	120.598
315.195	2.888	120.631
315.224	3.131	120.659
315.241	3.432	120.677
315.245	3.743	120.659
315.273	4.068	120.626
315.304	4.428	120.588
315.274	4.710	120.613
315.270	5.048	120.613
315.265	5.311	120.697
315.281	5.563	120.708
315.318	5.746	120.739
315.286	5.941	120.668
315.272	6.058	120.642
315.243	6.171	120.623
315.269	6.142	120.633
315.270	6.058	120.597
315.268	5.933	120.622
315.275	5.553	120.634
315.259	5.279	120.535
315.249	4.754	120.585
315.214	4.067	120.577
315.234	3.206	120.606
315.184	2.194	120.717
315.095	1.130	120.708
314.798	0.865	120.434
314.766	1.008	120.250
314.805	0.925	120.629
314.838	0.836	121.046
314.754	0.821	121.204
314.759	1.009	121.089
314.811	1.216	120.890
314.898	1.330	120.783
314.898	1.422	120.572
314.939	1.463	120.449
314.958	1.591	120.461
314.994	1.703	120.508
315.034	1.826	120.629
315.061	2.020	120.643
315.081	2.195	120.685
315.109	2.492	120.564
315.117	2.693	120.598
315.185	2.960	120.618
315.200	3.224	120.634
315.212	3.524	120.659
315.252	3.854	120.629
315.243	4.151	120.638
315.278	4.505	120.612
315.247	4.835	120.632
315.274	5.143	120.630
315.290	5.407	120.687
315.340	5.696	120.690
315.305	5.917	120.711
315.319	6.049	120.644
315.321	6.154	120.666
315.322	6.253	120.688
315.281	6.248	120.643
315.263	6.175	120.563
315.303	6.030	120.583
315.305	5.701	120.541
315.331	5.200	120.587
315.299	4.674	120.601
315.224	3.999	120.548
315.234	3.062	120.634
315.123	2.010	120.741
315.041	0.932	120.733
314.711	0.852	120.357
314.659	0.891	120.370
314.775	0.895	120.688
314.869	0.765	121.102
314.818	0.850	121.212
314.882	1.078	121.048
314.907	1.224	120.913
314.942	1.362	120.738
314.974	1.489	120.498
315.013	1.555	120.432
315.008	1.684	120.438
315.045	1.808	120.533
315.036	1.927	120.601
315.061	2.072	120.681
315.067	2.287	120.662
315.112	2.559	120.598
315.128	2.775	120.648
315.175	3.071	120.642
315.172	3.357	120.644
315.182	3.645	120.640
315.204	3.952	120.647
315.222	4.282	120.628
315.254	4.612	120.608
315.281	4.908	120.640
315.278	5.240	120.652
315.283	5.454	120.674
315.304	5.678	120.733
315.290	5.927	120.653
315.272	6.047	120.648
315.332	6.061	120.638
315.305	6.117	120.597
315.285	6.121	120.541
315.335	5.948	120.566
315.295	5.718	120.563
315.321	5.351	120.595
315.284	4.877	120.614
315.225	4.309	120.528
315.208	3.451	120.625
315.140	2.536	120.664
315.089	1.482	120.766
314.811	0.695	120.621
314.663	0.928	120.196
314.768	0.915	120.461
314.821	0.867	120.850
314.863	0.734	121.211
314.848	0.926	121.123
314.885	1.112	120.961
314.922	1.262	120.814
314.967	1.394	120.634
314.992	1.491	120.469
315.023	1.606	120.425
315.022	1.705	120.491
315.051	1.809	120.597
315.054	1.955	120.651
315.061	2.122	120.685
315.080	2.355	120.653
315.095	2.627	120.606
315.150	2.902	120.630
315.172	3.170	120.600
315.180	3.457	120.641
315.159	3.709	120.686
315.198	4.073	120.651
315.243	4.400	120.590
315.260	4.713	120.616
315.296	5.002	120.658
315.311	5.293	120.679
315.315	5.502	120.710
315.340	5.739	120.659
315.325	5.924	120.666
314.581	7.235	119.606
315.354	6.106	120.610
315.322	6.156	120.576
315.353	6.112	120.608
315.321	5.868	120.601
315.272	5.698	120.596
315.247	5.302	120.540
315.133	4.719	120.579
315.066	3.991	120.610
315.024	3.138	120.641
315.031	2.193	120.718
314.979	1.115	120.771
314.748	0.822	120.432
314.659	0.936	120.353
314.798	0.976	120.546
314.899	0.901	121.017
314.935	0.827	121.248
314.927	1.056	121.034
314.949	1.258	120.888
314.986	1.395	120.782
314.987	1.535	120.585
315.009	1.654	120.451
315.039	1.760	120.460
315.063	1.892	120.543
315.093	2.007	120.649
315.079	2.167	120.668
315.048	2.392	120.635
315.073	2.625	120.579
315.097	2.850	120.597
315.158	3.111	120.632
315.152	3.375	120.649
315.181	3.623	120.686
315.190	3.938	120.671
315.196	4.261	120.631
315.220	4.565	120.608
315.257	4.838	120.701
315.268	5.145	120.644
315.291	5.424	120.639
315.289	5.654	120.653
315.298	5.815	120.687
315.274	6.005	120.612
315.321	6.070	120.562
315.314	6.067	120.566
315.290	6.017	120.559
315.333	5.866	120.566
315.320	5.693	120.603
315.259	5.339	120.573
315.284	4.924	120.600
315.204	4.326	120.565
315.160	3.530	120.633
315.067	2.642	120.646
315.026	1.619	120.736
314.901	0.676	120.700
314.728	0.908	120.253
314.765	0.991	120.314
314.822	0.912	120.776
314.927	0.798	121.158
314.861	0.931	121.127
314.925	1.132	120.981
314.952	1.284	120.844
314.963	1.423	120.634
314.988	1.508	120.479
314.975	1.587	120.435
315.008	1.689	120.501
315.017	1.805	120.605
315.036	1.972	120.654
315.026	2.112	120.699
315.022	2.319	120.675
315.063	2.576	120.648
315.072	2.838	120.608
315.126	3.121	120.612
315.164	3.388	120.661
315.125	3.668	120.677
315.205	4.038	120.615
315.221	4.402	120.550
315.256	4.682	120.635
315.275	4.967	120.664
315.300	5.262	120.652
315.329	5.478	120.683
315.351	5.735	120.684
315.312	5.998	120.705
315.322	6.086	120.655
314.620	7.176	119.560
315.283	6.273	120.621
315.269	6.197	120.550
315.225	6.036	120.635
315.134	5.752	120.652
315.064	5.394	120.577
315.070	4.902	120.545
315.076	4.198	120.627
315.069	3.429	120.642
315.069	2.502	120.599
315.022	1.418	120.723
314.804	0.718	120.528
314.731	0.958	120.233
314.814	0.960	120.431
314.939	0.958	120.831
314.973	0.835	121.144
314.945	0.993	121.061
314.975	1.152	120.935
314.987	1.269	120.841
315.004	1.418	120.633
315.006	1.535	120.415
315.032	1.627	120.442
315.043	1.722	120.535
315.033	1.844	120.661
315.036	2.021	120.672
315.011	2.233	120.685
315.037	2.439	120.666
315.076	2.709	120.613
315.128	2.956	120.651
315.152	3.225	120.673
315.133	3.524	120.649
315.153	3.816	120.686
315.211	4.139	120.646
315.231	4.496	120.599
315.227	4.774	120.648
315.292	5.055	120.649
315.322	5.319	120.665
315.317	5.523	120.715
315.324	5.741	120.661
315.294	5.933	120.636
315.297	6.066	120.633
315.314	6.013	120.644
315.288	6.016	120.591
314.536	7.128	119.488
315.284	5.759	120.623
315.297	5.420	120.640
315.261	4.922	120.645
315.165	4.470	120.579
315.101	3.674	120.604
315.110	2.822	120.656
315.044	1.826	120.753
314.983	0.779	120.734
314.707	0.833	120.340
314.759	0.968	120.248
314.846	0.898	120.666
314.891	0.776	121.092
314.888	0.902	121.101
314.907	1.046	121.050
314.942	1.243	120.870
314.952	1.386	120.728
314.962	1.502	120.522
314.972	1.588	120.422
314.989	1.729	120.450
315.022	1.796	120.571
315.042	1.988	120.590
315.023	2.124	120.664
315.053	2.360	120.648
315.055	2.545	120.663
315.072	2.861	120.591
315.126	3.114	120.655
315.160	3.385	120.675
315.153	3.682	120.679
315.187	4.003	120.655
315.223	4.355	120.611
315.222	4.734	120.559
315.268	4.995	120.622
315.299	5.272	120.624
314.555	6.696	119.573
315.308	5.757	120.715
315.291	5.998	120.647
315.287	6.145	120.627
315.298	6.154	120.667
315.269	6.197	120.613
315.206	6.109	120.695
315.083	5.946	120.668
315.079	5.683	120.632
315.081	5.328	120.631
315.143	4.823	120.617
315.114	4.203	120.580
315.106	3.378	120.586
315.080	2.423	120.645
315.073	1.355	120.716
314.821	0.786	120.479
314.742	0.936	120.228
314.878	0.956	120.447
314.906	0.902	120.829
314.963	0.809	121.120
314.937	1.027	121.019
314.983	1.211	120.914
315.007	1.343	120.790
314.978	1.457	120.618
314.995	1.572	120.455
315.004	1.682	120.415
315.014	1.771	120.501
315.023	1.865	120.679
315.024	2.068	120.670
315.027	2.275	120.678
315.037	2.460	120.709
315.063	2.735	120.628
315.100	3.014	120.617
315.146	3.279	120.643
315.162	3.551	120.638
315.161	3.828	120.702
315.179	4.186	120.612
315.242	4.489	120.631
315.268	4.818	120.623
315.293	5.184	120.639
315.293	5.379	120.661
315.270	5.628	120.659
315.317	5.818	120.744
315.302	5.940	120.702
315.322	6.042	120.662
315.322	6.110	120.665
315.324	6.031	120.610
315.265	5.966	120.640
315.277	5.757	120.584
315.223	5.464	120.602
315.214	5.047	120.586
315.225	4.436	120.582
315.128	3.689	120.600
315.124	2.832	120.633
315.065	1.822	120.703
315.008	0.783	120.687
314.720	0.865	120.310
314.800	0.951	120.349
314.868	0.891	120.698
314.929	0.790	121.069
314.886	0.897	121.113
314.919	1.078	121.001
314.917	1.235	120.874
314.947	1.349	120.717
314.941	1.436	120.539
314.961	1.540	120.418
314.969	1.645	120.460
314.984	1.749	120.579
315.006	1.888	120.699
314.999	2.065	120.695
314.998	2.272	120.708
315.016	2.513	120.679
315.053	2.784	120.644
315.105	3.109	120.609
315.118	3.361	120.674
315.153	3.685	120.656
315.198	4.019	120.642
315.211	4.381	120.585
315.229	4.717	120.590
315.281	5.041	120.630
315.296	5.325	120.632
315.301	5.648	120.689
315.301	5.802	120.712
315.329	5.979	120.741
315.275	6.200	120.665
315.235	6.259	120.661
315.089	6.163	120.753
315.053	6.127	120.716
315.054	5.983	120.728
315.074	5.759	120.698
315.102	5.449	120.585
315.152	4.853	120.615
315.136	4.232	120.596
315.142	3.390	120.619
315.097	2.462	120.642
315.122	1.347	120.745
314.861	0.802	120.479
314.816	0.966	120.254
314.858	0.975	120.491
314.975	0.972	120.860
314.975	0.864	121.142
314.968	1.056	121.065
314.972	1.268	120.924
314.997	1.406	120.809
314.984	1.548	120.645
314.991	1.671	120.433
314.978	1.800	120.454
314.993	1.896	120.608
315.026	2.083	120.649
315.014	2.261	120.689
314.984	2.447	120.691
315.019	2.704	120.622
315.026	2.912	120.648
315.070	3.204	120.607
315.092	3.468	120.611
315.115	3.728	120.642
315.118	4.035	120.592
315.166	4.348	120.582
315.213	4.679	120.561
315.255	4.952	120.587
315.223	5.266	120.571
315.253	5.446	120.611
315.301	5.570	120.696
315.316	5.748	120.694
315.334	5.830	120.666
315.320	5.876	120.675
315.338	5.865	120.632
315.298	5.820	120.668
315.295	5.597	120.650
315.223	5.437	120.645
315.220	5.028	120.658
315.128	4.555	120.597
315.084	3.886	120.648
315.140	3.150	120.621
315.102	2.257	120.689
315.055	1.268	120.699
314.842	0.801	120.450
314.794	0.948	120.228
314.844	0.883	120.493
314.902	0.800	120.885
314.889	0.821	121.128
314.944	0.997	121.054
314.973	1.129	120.985
314.990	1.217	120.839
314.987	1.294	120.585
314.972	1.347	120.436
314.987	1.400	120.429
314.994	1.470	120.526
314.974	1.574	120.636
314.979	1.654	120.729
314.978	1.840	120.732
314.981	2.032	120.736
315.015	2.268	120.720
315.016	2.565	120.657
315.078	2.853	120.642
315.113	3.178	120.621
315.122	3.503	120.609
315.140	3.839	120.611
315.151	4.260	120.531
315.253	4.566	120.580
315.236	4.955	120.573
315.306	5.233	120.620
315.307	5.502	120.728
315.362	5.768	120.729
315.310	6.058	120.702
315.295	6.232	120.705
315.315	6.295	120.696
315.301	6.345	120.688
315.192	6.340	120.683
315.140	6.206	120.699
315.114	6.004	120.632
315.169	5.651	120.656
315.184	5.183	120.566
315.151	4.542	120.589
315.162	3.663	120.559
315.183	2.669	120.614
315.127	1.566	120.728
314.933	0.758	120.555
314.802	0.970	120.265
314.855	1.032	120.401
314.949	1.028	120.804
315.024	0.932	121.136
314.938	1.030	121.103
314.946	1.179	120.979
314.981	1.314	120.853
314.977	1.424	120.597
314.979	1.557	120.387
314.958	1.638	120.435
314.979	1.742	120.595
314.996	1.854	120.718
315.012	2.004	120.742
315.009	2.220	120.736
315.029	2.462	120.680
315.047	2.696	120.643
315.118	2.952	120.597
315.133	3.211	120.604
315.138	3.454	120.600
315.130	3.781	120.531
315.184	4.050	120.581
315.217	4.396	120.541
315.227	4.694	120.570
315.266	4.918	120.639
315.265	5.152	120.656
315.288	5.372	120.675
315.257	5.529	120.717
315.271	5.626	120.725
315.247	5.737	120.679
315.231	5.740	120.699
315.149	5.706	120.662
315.136	5.589	120.641
315.180	5.373	120.667
315.248	4.993	120.689
315.207	4.726	120.601
315.169	4.248	120.560
315.188	3.586	120.603
315.179	2.814	120.612
315.140	1.912	120.686
315.092	0.951	120.671
314.812	0.830	120.403
314.805	0.910	120.301
314.847	0.804	120.642
314.866	0.715	121.014
314.900	0.893	121.088
314.919	0.965	121.050
314.926	1.058	120.951
314.943	1.107	120.749
314.943	1.115	120.542
314.903	1.119	120.446
314.921	1.141	120.513
314.919	1.199	120.630
314.932	1.275	120.700
314.943	1.453	120.710
314.990	1.594	120.762
314.991	1.815	120.745
315.015	2.075	120.662
315.032	2.353	120.665
315.096	2.661	120.659
315.132	2.981	120.631
315.179	3.352	120.601
315.162	3.737	120.567
315.176	4.120	120.563
315.226	4.543	120.582
315.199	4.947	120.617
315.167	5.260	120.673
315.119	5.492	120.795
315.084	5.876	120.735
315.136	6.135	120.736
315.173	6.328	120.679
315.201	6.566	120.591
315.224	6.609	120.613
315.213	6.626	120.623
315.240	6.590	120.613
315.254	6.408	120.577
315.257	6.091	120.556
314.559	6.772	119.516
314.570	6.022	119.458
315.269	4.165	120.555
315.264	3.138	120.611
315.209	2.050	120.656
315.119	0.851	120.711
314.800	0.903	120.310
314.795	1.004	120.319
314.920	1.019	120.695
314.942	1.035	121.049
314.925	0.972	121.197
314.894	1.180	121.036
314.917	1.325	120.891
314.939	1.477	120.685
314.930	1.597	120.489
314.943	1.688	120.435
314.963	1.798	120.555
315.018	1.924	120.702
315.022	2.107	120.731
315.057	2.327	120.721
315.083	2.544	120.664
315.132	2.771	120.599
315.148	3.009	120.617
315.182	3.256	120.600
315.193	3.511	120.595
315.194	3.756	120.599
315.219	4.027	120.600
315.241	4.323	120.580
315.226	4.616	120.589
315.250	4.834	120.633
315.245	5.096	120.630
315.225	5.283	120.680
315.160	5.405	120.709
315.188	5.436	120.739
315.180	5.552	120.708
315.193	5.613	120.647
315.196	5.543	120.654
315.257	5.440	120.700
315.234	5.281	120.578
315.200	5.034	120.635
315.208	4.699	120.586
315.216	4.242	120.573
315.190	3.676	120.557
315.175	2.946	120.592
315.144	2.109	120.665
315.107	1.188	120.708
314.870	0.826	120.436
314.819	0.901	120.303
314.868	0.857	120.541
314.868	0.735	120.910
314.830	0.771	121.209
314.893	0.939	121.093
314.902	1.008	121.009
314.904	1.075	120.830
314.916	1.083	120.600
314.926	1.049	120.482
314.922	1.056	120.505
314.944	1.094	120.592
314.939	1.156	120.679
314.937	1.232	120.730
314.950	1.380	120.735
314.990	1.537	120.754
315.022	1.748	120.745
315.058	1.997	120.729
315.068	2.285	120.684
315.106	2.630	120.623
315.119	2.955	120.594
315.106	3.285	120.625
315.027	3.665	120.613
315.012	4.063	120.602
315.077	4.473	120.624
315.144	4.899	120.642
315.160	5.254	120.706
315.187	5.609	120.755
315.217	5.843	120.767
315.218	6.214	120.688
315.258	6.458	120.678
315.284	6.657	120.595
315.307	6.797	120.600
315.262	6.877	120.524
315.277	6.719	120.576
315.281	6.528	120.584
315.250	6.251	120.516
315.251	5.687	120.574
315.278	5.057	120.546
315.196	4.294	120.549
315.206	3.220	120.608
315.102	2.030	120.711
315.015	0.831	120.740
314.722	0.868	120.319
314.767	1.022	120.258
314.838	1.028	120.658
314.907	1.003	121.100
314.913	0.936	121.212
314.881	1.090	121.073
314.897	1.239	120.866
314.922	1.339	120.676
314.905	1.392	120.486
314.950	1.519	120.378
314.985	1.587	120.498
315.024	1.687	120.664
315.043	1.798	120.735
315.060	1.952	120.760
315.055	2.160	120.676
315.097	2.369	120.676
315.095	2.610	120.593
315.122	2.817	120.593
315.153	3.055	120.635
315.147	3.303	120.645
315.127	3.516	120.707
315.118	3.834	120.634
315.100	4.082	120.670
315.167	4.369	120.661
315.184	4.655	120.647
315.232	4.867	120.692
315.206	5.124	120.664
315.255	5.194	120.728
315.259	5.355	120.681
315.278	5.448	120.655
315.273	5.525	120.624
315.308	5.518	120.613
315.243	5.457	120.573
315.249	5.291	120.536
315.230	5.155	120.570
315.255	4.758	120.632
315.204	4.440	120.582
315.149	3.899	120.596
315.176	3.290	120.611
315.096	2.545	120.672
315.056	1.707	120.722
314.986	0.857	120.662
314.705	0.846	120.380
314.752	0.884	120.376
314.821	0.803	120.685
314.815	0.727	121.104
314.848	0.834	121.169
314.889	0.970	121.043
314.938	1.026	120.929
314.938	1.003	120.777
314.939	1.003	120.500
314.904	0.989	120.433
314.946	0.995	120.503
314.937	1.000	120.593
314.935	1.009	120.682
314.925	1.109	120.694
314.860	1.237	120.740
314.824	1.392	120.766
314.827	1.593	120.766
314.906	1.829	120.765
315.003	2.103	120.743
315.049	2.430	120.705
315.097	2.782	120.659
315.179	3.130	120.658
315.207	3.522	120.687
315.271	3.957	120.622
315.285	4.411	120.603
315.348	4.745	120.654
314.571	6.355	119.600
314.585	6.701	119.641
315.299	5.871	120.689
315.308	6.198	120.655
315.359	6.357	120.679
315.323	6.656	120.597
315.335	6.689	120.615
315.282	6.789	120.575
315.225	6.848	120.564
315.243	6.661	120.602
315.231	6.339	120.618
315.227	5.935	120.610
315.173	5.411	120.519
315.164	4.664	120.577
315.125	3.663	120.636
315.081	2.531	120.730
315.038	1.409	120.747
314.788	0.742	120.511
314.742	1.060	120.227
314.774	1.099	120.479
314.909	1.149	120.901
314.951	1.111	121.190
314.989	1.035	121.199
314.975	1.135	120.955
314.985	1.223	120.721
314.961	1.295	120.429
314.962	1.327	120.312
314.973	1.405	120.369
315.009	1.463	120.555
315.011	1.564	120.710
315.019	1.709	120.766
314.976	1.868	120.745
314.951	2.053	120.759
314.975	2.296	120.697
315.027	2.541	120.652
315.102	2.792	120.625
315.150	3.039	120.657
315.178	3.304	120.712
315.201	3.590	120.712
315.225	3.906	120.698
315.271	4.241	120.689
315.249	4.581	120.613
314.578	5.916	119.545
314.610	6.152	119.616
315.313	5.215	120.655
315.300	5.390	120.647
315.309	5.456	120.666
315.294	5.564	120.625
315.299	5.651	120.564
315.280	5.515	120.592
315.238	5.481	120.565
315.177	5.380	120.521
315.175	5.103	120.571
315.165	4.777	120.526
315.199	4.267	120.632
315.130	3.680	120.647
315.137	3.015	120.687
315.074	2.244	120.687
315.021	1.359	120.696
314.798	0.733	120.587
314.722	0.913	120.284
314.773	0.880	120.462
314.846	0.764	120.860
314.839	0.768	121.154
314.862	0.863	121.165
314.910	0.999	121.009
314.902	1.084	120.817
314.900	1.093	120.609
314.859	1.105	120.378
314.801	1.077	120.396
314.825	1.083	120.523
314.868	1.125	120.563
314.903	1.200	120.626
314.941	1.284	120.711
315.009	1.430	120.783
315.045	1.581	120.801
315.076	1.824	120.776
315.163	2.078	120.795
315.238	2.364	120.790
315.261	2.710	120.719
315.276	3.042	120.683
315.279	3.400	120.675
315.285	3.793	120.671
315.324	4.189	120.643
315.322	4.598	120.629
315.369	4.884	120.702
315.315	5.236	120.676
315.296	5.618	120.735
315.316	5.837	120.692
315.255	6.173	120.693
315.247	6.341	120.617
315.257	6.478	120.584
315.231	6.636	120.523
315.201	6.654	120.538
315.248	6.535	120.584
315.211	6.272	120.612
315.201	5.978	120.589
315.190	5.460	120.585
315.174	4.793	120.575
315.138	3.861	120.636
315.142	2.820	120.687
315.057	1.687	120.774
314.904	0.647	120.784
314.698	0.915	120.299
314.744	1.053	120.331
314.802	1.036	120.766
314.907	0.999	121.122
314.861	0.906	121.176
314.854	1.079	120.945
314.841	1.195	120.764
314.827	1.293	120.537
314.839	1.389	120.320
314.856	1.456	120.356
314.943	1.530	120.535
315.010	1.653	120.686
315.047	1.771	120.769
315.074	1.939	120.801
315.115	2.155	120.732
315.174	2.431	120.668
315.199	2.628	120.675
315.234	2.873	120.700
315.244	3.104	120.725
315.258	3.380	120.748
315.273	3.661	120.696
315.287	3.949	120.689
315.282	4.257	120.620
315.277	4.534	120.628
315.274	4.759	120.623
315.270	4.980	120.637
315.248	5.199	120.616
315.237	5.377	120.603
315.281	5.399	120.585
315.238	5.571	120.569
315.239	5.545	120.628
315.234	5.578	120.580
315.220	5.516	120.565
315.202	5.323	120.564
315.216	5.074	120.577
315.208	4.722	120.641
315.216	4.285	120.622
315.161	3.659	120.704
315.162	2.981	120.729
315.081	2.190	120.725
315.033	1.266	120.775
314.760	0.774	120.547
314.662	0.867	120.336
314.638	0.832	120.511
314.637	0.688	120.939
314.626	0.701	121.104
314.673	0.921	120.997
314.764	1.113	120.836
314.830	1.203	120.790
314.878	1.274	120.607
314.938	1.346	120.375
314.955	1.376	120.351
315.026	1.395	120.453
315.069	1.428	120.560
315.085	1.497	120.671
315.128	1.594	120.746
315.145	1.735	120.799
315.196	1.901	120.820
315.209	2.090	120.862
315.263	2.355	120.802
315.288	2.639	120.782
315.274	2.960	120.702
315.274	3.246	120.667
315.273	3.559	120.689
315.260	3.922	120.628
315.285	4.324	120.559
315.321	4.597	120.617
315.301	5.028	120.601
315.270	5.291	120.639
315.247	5.639	120.611
315.245	5.937	120.609
315.258	6.093	120.634
315.237	6.292	120.626
315.252	6.406	120.595
315.262	6.509	120.576
315.251	6.463	120.635
315.232	6.408	120.600
315.265	6.127	120.615
315.242	5.772	120.648
315.191	5.211	120.658
315.209	4.464	120.649
315.128	3.518	120.662
315.097	2.466	120.714
315.004	1.291	120.799
314.750	0.736	120.495
314.647	0.979	120.225
314.677	1.006	120.440
314.762	0.991	120.896
314.810	0.939	121.149
314.753	0.920	121.063
314.817	1.055	120.846
314.884	1.155	120.672
314.924	1.248	120.431
314.914	1.289	120.335
314.985	1.368	120.457
315.057	1.481	120.621
315.121	1.584	120.777
315.155	1.730	120.817
315.162	1.918	120.810
315.171	2.098	120.811
315.219	2.338	120.767
315.240	2.603	120.723
315.256	2.852	120.694
315.263	3.096	120.703
315.255	3.388	120.724
315.259	3.684	120.687
315.268	4.021	120.622
315.232	4.360	120.558
315.231	4.674	120.530
315.271	4.909	120.621
315.234	5.136	120.558
315.242	5.315	120.631
315.269	5.508	120.682
315.282	5.596	120.642
315.251	5.773	120.637
315.226	5.834	120.586
315.257	5.739	120.689
315.256	5.700	120.612
315.207	5.527	120.676
315.167	5.282	120.622
315.167	4.832	120.690
315.113	4.273	120.704
314.971	3.605	120.710
314.848	2.779	120.725
314.825	1.866	120.805
314.776	0.867	120.824
314.607	0.748	120.371
314.615	0.932	120.226
314.698	0.848	120.534
314.767	0.692	120.997
314.761	0.782	121.108
314.858	0.969	120.981
314.933	1.161	120.820
314.992	1.279	120.690
315.033	1.385	120.516
315.067	1.482	120.391
315.067	1.524	120.473
315.149	1.596	120.606
315.151	1.676	120.700
315.187	1.785	120.763
315.169	1.932	120.800
315.207	2.100	120.859
315.227	2.332	120.834
315.216	2.577	120.798
315.244	2.841	120.809
315.253	3.179	120.734
315.256	3.467	120.700
315.231	3.797	120.627
315.249	4.155	120.570
315.239	4.524	120.498
315.294	4.822	120.557
315.264	5.157	120.552
315.213	5.572	120.516
315.289	5.714	120.681
315.266	5.944	120.627
315.250	6.155	120.606
315.265	6.290	120.640
315.222	6.409	120.564
315.259	6.383	120.623
315.227	6.323	120.624
315.252	6.063	120.673
315.232	5.758	120.686
315.213	5.307	120.689
315.167	4.640	120.629
315.120	3.770	120.706
315.058	2.813	120.723
314.959	1.716	120.753
314.785	0.639	120.760
314.546	0.857	120.227
314.615	1.088	120.205
314.742	1.006	120.684
314.817	0.955	121.071
314.865	0.879	121.152
314.872	1.087	120.859
314.938	1.197	120.685
314.972	1.260	120.559
314.983	1.388	120.349
315.042	1.479	120.380
315.074	1.524	120.579
315.116	1.612	120.764
315.157	1.773	120.818
315.177	1.949	120.824
315.169	2.146	120.787
315.225	2.393	120.730
315.204	2.614	120.705
315.233	2.889	120.672
315.246	3.111	120.700
315.214	3.388	120.708
315.246	3.689	120.645
315.251	4.019	120.612
315.254	4.335	120.534
315.262	4.611	120.549
315.264	4.919	120.525
314.522	6.219	119.443
315.239	5.410	120.509
315.270	5.440	120.634
315.298	5.578	120.631
315.258	5.772	120.647
315.267	5.803	120.611
315.230	5.792	120.617
315.233	5.666	120.679
315.191	5.499	120.655
315.174	5.193	120.647
315.082	4.740	120.707
314.976	4.209	120.719
314.948	3.595	120.697
314.934	2.813	120.702
314.916	1.914	120.742
314.884	0.926	120.728
314.609	0.791	120.339
314.601	0.964	120.199
314.707	0.884	120.473
314.816	0.735	120.929
314.826	0.866	121.034
314.868	1.047	120.934
314.937	1.209	120.865
314.995	1.351	120.732
315.048	1.473	120.553
315.084	1.584	120.416
315.097	1.622	120.529
315.144	1.702	120.648
315.145	1.808	120.712
315.148	1.939	120.791
315.159	2.122	120.775
315.194	2.331	120.797
315.238	2.569	120.772
315.239	2.801	120.759
315.260	3.106	120.712
315.252	3.413	120.675
315.238	3.742	120.627
315.257	4.041	120.572
315.266	4.368	120.572
315.281	4.720	120.541
315.267	5.007	120.528
315.301	5.279	120.563
315.279	5.621	120.605
315.292	5.856	120.588
314.515	7.158	119.517
315.254	6.256	120.634
315.238	6.332	120.580
315.247	6.331	120.609
315.242	6.341	120.538
315.239	6.151	120.641
315.201	5.913	120.612
315.181	5.413	120.697
315.139	4.840	120.653
315.035	4.064	120.644
315.011	3.136	120.672
314.961	2.094	120.714
314.914	0.959	120.739
314.671	0.766	120.365
314.623	0.983	120.205
314.752	1.027	120.489
314.845	1.035	120.922
314.933	0.941	121.175
314.933	1.015	121.027
314.947	1.131	120.797
315.016	1.232	120.609
315.007	1.277	120.407
315.033	1.358	120.386
315.078	1.426	120.536
315.109	1.510	120.694
315.150	1.624	120.811
315.154	1.770	120.817
315.144	1.965	120.795
315.157	2.169	120.751
315.186	2.428	120.689
315.204	2.612	120.728
315.231	2.923	120.604
315.265	3.149	120.676
315.265	3.451	120.647
315.257	3.777	120.582
315.229	4.078	120.555
315.251	4.404	120.545
315.274	4.698	120.539
314.618	5.978	119.550
315.282	5.214	120.581
315.317	5.344	120.566
315.290	5.556	120.591
315.293	5.666	120.616
315.252	5.789	120.553
315.254	5.747	120.599
315.209	5.722	120.616
315.139	5.527	120.689
315.060	5.274	120.682
315.082	5.011	120.595
315.048	4.516	120.660
315.070	3.980	120.631
315.056	3.282	120.629
315.004	2.459	120.657
314.966	1.522	120.698
314.857	0.692	120.574
314.695	0.929	120.135
314.754	0.987	120.189
314.838	0.825	120.702
314.881	0.744	121.042
314.890	0.926	121.064
314.968	1.103	120.956
315.042	1.211	120.887
315.070	1.335	120.740
315.094	1.468	120.458
315.109	1.521	120.473
315.105	1.612	120.555
315.132	1.672	120.717
315.150	1.800	120.785
315.160	1.999	120.759
315.226	2.201	120.779
315.235	2.432	120.774
315.272	2.671	120.742
315.262	2.968	120.706
315.301	3.244	120.731
315.279	3.598	120.643
315.297	3.942	120.596
315.317	4.294	120.519
315.322	4.610	120.505
315.357	4.929	120.557
314.625	6.337	119.503
315.310	5.631	120.504
316.008	4.712	121.543
315.288	6.097	120.563
315.286	6.244	120.608
315.309	6.348	120.617
315.278	6.433	120.592
315.278	6.441	120.619
315.210	6.364	120.602
315.220	6.082	120.657
315.146	5.747	120.605
315.101	5.223	120.576
315.132	4.538	120.596
315.093	3.637	120.637
315.068	2.669	120.593
314.988	1.517	120.713
314.811	0.698	120.506
314.712	1.018	120.154
314.767	1.111	120.271
314.872	1.156	120.718
314.967	1.125	121.074
315.032	1.046	121.127
315.006	1.143	120.960
315.045	1.267	120.716
315.077	1.316	120.486
315.061	1.405	120.311
315.099	1.445	120.418
315.139	1.546	120.628
315.153	1.649	120.775
315.150	1.765	120.887
315.195	1.993	120.858
315.198	2.180	120.805
315.250	2.406	120.792
315.273	2.679	120.710
315.266	2.928	120.671
315.280	3.223	120.598
315.302	3.456	120.658
315.332	3.815	120.551
315.315	4.135	120.534
315.364	4.442	120.560
315.324	4.770	120.554
314.562	6.254	119.391
314.603	6.394	119.491
315.328	5.461	120.554
315.275	5.611	120.590
315.251	5.720	120.553
315.110	5.689	120.619
315.069	5.707	120.627
315.102	5.671	120.609
315.140	5.534	120.661
315.127	5.333	120.633
315.192	5.011	120.638
315.165	4.598	120.619
315.119	4.112	120.570
315.131	3.379	120.614
315.122	2.554	120.613
315.090	1.632	120.654
314.964	0.742	120.586
314.769	0.895	120.184
314.813	1.001	120.165
314.923	0.836	120.651
314.956	0.743	121.077
314.992	0.950	121.116
315.048	1.116	121.001
315.101	1.269	120.869
315.126	1.380	120.685
315.110	1.491	120.450
315.117	1.565	120.440
315.166	1.643	120.585
315.177	1.746	120.715
315.191	1.925	120.716
315.223	2.083	120.762
315.252	2.273	120.777
315.275	2.519	120.786
315.300	2.804	120.696
315.334	3.097	120.691
315.334	3.413	120.633
315.343	3.726	120.642
315.388	4.087	120.562
315.386	4.451	120.509
315.373	4.785	120.514
315.407	5.037	120.535
315.389	5.394	120.532
315.365	5.729	120.583
315.371	5.923	120.592
315.301	6.232	120.561
315.332	6.280	120.631
315.297	6.445	120.631
315.288	6.486	120.584
315.234	6.414	120.603
315.243	6.290	120.620
315.181	6.013	120.596
315.166	5.574	120.634
315.150	5.021	120.595
315.138	4.309	120.564
315.126	3.371	120.613
315.058	2.331	120.620
315.032	1.195	120.682
314.768	0.766	120.400
314.728	1.086	120.108
314.830	1.155	120.345
314.974	1.131	120.860
315.026	1.121	121.089
315.055	1.060	121.067
315.065	1.159	120.908
315.085	1.253	120.660
315.073	1.344	120.364
315.077	1.432	120.296
315.094	1.489	120.441
315.153	1.562	120.683
315.173	1.695	120.819
315.207	1.871	120.878
315.236	2.104	120.848
315.260	2.348	120.788
315.282	2.608	120.694
315.285	2.861	120.657
315.297	3.109	120.658
315.330	3.382	120.657
315.332	3.678	120.626
315.352	4.040	120.505
315.367	4.353	120.519
315.389	4.639	120.529
315.348	4.964	120.550
314.572	6.422	119.455
315.339	5.402	120.573
315.300	5.575	120.580
315.286	5.695	120.594
315.185	5.743	120.618
315.148	5.775	120.612
315.158	5.708	120.644
315.196	5.652	120.605
315.180	5.494	120.596
315.228	5.200	120.648
315.212	4.839	120.622
315.165	4.359	120.570
315.177	3.715	120.604
315.178	2.956	120.611
315.136	2.067	120.615
315.069	1.051	120.645
314.829	0.824	120.340
314.826	1.019	120.128
314.918	0.921	120.472
314.980	0.836	120.819
314.959	0.882	121.095
315.024	1.058	121.018
315.049	1.192	120.910
315.089	1.329	120.756
315.093	1.435	120.509
315.116	1.507	120.423
315.126	1.594	120.475
315.189	1.694	120.594
315.212	1.803	120.728
315.219	1.965	120.737
315.270	2.129	120.803
315.289	2.360	120.798
315.310	2.654	120.718
315.333	2.910	120.714
315.378	3.237	120.673
315.382	3.518	120.672
315.388	3.862	120.635
315.424	4.259	120.536
315.389	4.619	120.475
315.446	4.884	120.532
314.714	6.226	119.487
315.445	5.457	120.607
316.086	4.680	121.553
315.356	5.995	120.645
315.337	6.210	120.611
315.283	6.420	120.618
315.261	6.387	120.659
315.236	6.434	120.637
315.249	6.341	120.663
315.265	6.173	120.606
315.247	5.833	120.647
315.236	5.413	120.556
315.252	4.719	120.666
315.197	3.945	120.577
315.203	2.947	120.609
315.140	1.875	120.646
315.049	0.756	120.649
314.752	0.877	120.212
314.774	1.034	120.238
314.920	1.109	120.532
315.015	1.085	120.954
315.052	0.988	121.155
315.009	1.082	120.987
315.074	1.215	120.800
315.045	1.338	120.557
315.057	1.429	120.338
315.070	1.485	120.417
315.113	1.587	120.575
315.196	1.724	120.714
315.191	1.876	120.824
315.241	2.074	120.833
315.290	2.306	120.805
315.279	2.550	120.723
315.326	2.841	120.664
315.364	3.076	120.672
315.364	3.381	120.587
315.380	3.641	120.576
315.376	4.000	120.510
315.395	4.251	120.516
315.371	4.556	120.526
315.386	4.769	120.613
315.304	5.141	120.536
315.181	5.271	120.635
315.133	5.430	120.678
315.130	5.615	120.647
315.148	5.733	120.576
315.219	5.717	120.659
315.200	5.738	120.615
315.184	5.689	120.583
315.211	5.535	120.613
315.249	5.277	120.623
315.283	4.955	120.562
315.263	4.438	120.614
315.181	3.860	120.578
315.233	3.069	120.610
315.153	2.228	120.643
315.105	1.223	120.692
314.840	0.758	120.428
314.839	0.994	120.172
314.817	0.970	120.402
314.930	0.883	120.743
314.905	0.804	121.115
314.928	1.000	121.051
314.981	1.162	120.920
315.063	1.306	120.772
315.067	1.412	120.586
315.081	1.549	120.388
315.089	1.600	120.475
315.176	1.725	120.565
315.211	1.812	120.751
315.210	1.961	120.793
315.233	2.154	120.798
315.311	2.387	120.771
315.333	2.653	120.707
315.376	2.930	120.694
315.391	3.240	120.633
315.426	3.549	120.619
315.404	3.915	120.528
315.416	4.224	120.533
315.396	4.547	120.563
315.414	4.862	120.522
315.403	5.166	120.504
315.374	5.513	120.543
315.373	5.702	120.586
315.304	6.003	120.610
315.233	6.140	120.617
315.257	6.291	120.693
315.237	6.416	120.639
315.247	6.441	120.604
315.238	6.397	120.601
315.258	6.156	120.659
315.234	5.928	120.600
315.268	5.494	120.592
315.282	4.913	120.543
315.202	4.055	120.599
315.217	3.077	120.703
315.112	2.061	120.656
315.027	0.884	120.729
314.735	0.899	120.228
314.708	1.075	120.168
314.835	1.069	120.566
314.948	1.062	120.952
314.988	0.986	121.163
314.972	1.072	121.002
315.001	1.214	120.802
314.986	1.320	120.603
315.062	1.418	120.370
315.065	1.491	120.384
315.118	1.602	120.524
315.195	1.697	120.688
315.219	1.849	120.786
315.271	2.039	120.794
315.298	2.229	120.772
315.339	2.464	120.769
315.387	2.706	120.713
315.385	2.992	120.615
315.428	3.257	120.611
315.401	3.526	120.601
315.402	3.824	120.596
315.302	4.104	120.563
315.203	4.379	120.587
315.193	4.658	120.574
315.184	5.009	120.533
315.234	5.213	120.580
315.241	5.424	120.611
315.189	5.650	120.564
315.260	5.747	120.587
315.283	5.834	120.609
315.300	5.848	120.594
315.354	5.755	120.583
315.341	5.673	120.583
315.314	5.596	120.560
315.301	5.261	120.555
315.302	4.799	120.592
315.274	4.289	120.579
315.262	3.562	120.596
315.225	2.716	120.639
315.145	1.757	120.678
315.033	0.762	120.684
314.728	0.883	120.254
314.741	0.992	120.180
314.865	0.886	120.584
314.928	0.772	121.005
314.892	0.949	121.023
314.956	1.100	120.967
314.993	1.253	120.847
315.033	1.365	120.709
315.070	1.497	120.498
315.080	1.609	120.383
315.136	1.663	120.529
315.209	1.784	120.626
315.231	1.897	120.724
315.280	2.092	120.746
315.326	2.270	120.769
315.354	2.519	120.760
315.360	2.750	120.739
315.408	3.055	120.684
315.409	3.346	120.667
315.437	3.655	120.600
315.441	3.976	120.599
315.423	4.293	120.570
315.395	4.628	120.544
315.379	4.926	120.532
315.330	5.183	120.538
315.240	5.559	120.501
315.221	5.808	120.538
315.241	5.990	120.572
315.256	6.149	120.611
315.268	6.244	120.634
315.265	6.303	120.564
315.258	6.311	120.573
315.266	6.254	120.588
315.290	5.988	120.668
315.278	5.704	120.609
315.283	5.197	120.588
315.256	4.505	120.602
315.202	3.671	120.623
315.181	2.715	120.628
315.098	1.611	120.726
314.918	0.708	120.570
314.690	0.931	120.183
314.762	1.083	120.228
314.873	1.046	120.666
314.937	0.948	121.085
314.940	0.952	121.099
314.971	1.109	120.925
314.991	1.247	120.722
315.016	1.324	120.582
315.040	1.476	120.365
315.081	1.569	120.430
315.163	1.645	120.602
315.218	1.799	120.706
315.246	1.964	120.774
315.295	2.203	120.708
315.304	2.385	120.732
315.347	2.645	120.720
315.371	2.932	120.660
315.367	3.146	120.692
315.266	3.444	120.635
315.182	3.712	120.649
315.172	4.013	120.614
315.233	4.342	120.606
315.262	4.638	120.581
315.231	5.039	120.474
315.181	5.315	120.460
315.237	5.521	120.504
315.333	5.653	120.606
315.332	5.874	120.618
315.323	5.989	120.513
315.342	6.005	120.538
315.327	6.057	120.489
315.314	5.966	120.512
315.359	5.766	120.592
315.357	5.521	120.552
315.307	5.125	120.561
315.312	4.546	120.604
315.236	3.829	120.608
315.212	2.970	120.658
315.141	2.029	120.675
315.048	0.969	120.706
314.767	0.858	120.322
314.747	1.011	120.165
314.838	1.002	120.495
314.878	0.882	120.934
314.875	0.889	121.094
314.926	1.088	120.976
314.967	1.295	120.803
315.009	1.439	120.694
315.066	1.567	120.517
315.113	1.678	120.439
315.156	1.773	120.494
315.235	1.910	120.607
315.252	2.077	120.670
315.302	2.229	120.751
315.320	2.399	120.764
315.329	2.649	120.729
315.382	2.927	120.698
315.396	3.193	120.688
315.399	3.450	120.656
315.384	3.765	120.606
315.370	4.062	120.589
315.308	4.359	120.560
315.264	4.606	120.595
315.267	4.966	120.539
315.274	5.274	120.534
315.265	5.562	120.508
315.271	5.708	120.543
315.293	5.902	120.559
315.302	6.126	120.567
315.281	6.146	120.566
315.307	6.208	120.562
315.324	6.197	120.528
315.284	6.101	120.543
315.322	5.825	120.581
315.296	5.525	120.565
315.272	5.058	120.533
315.263	4.325	120.577
315.238	3.459	120.636
315.178	2.539	120.622
315.098	1.428	120.716
314.857	0.729	120.536
314.734	0.968	120.163
314.766	1.033	120.287
314.909	0.982	120.753
314.940	0.860	121.127
314.909	1.002	121.019
314.962	1.207	120.861
315.008	1.371	120.686
315.061	1.488	120.538
315.061	1.613	120.395
315.106	1.724	120.420
315.186	1.851	120.564
315.223	2.012	120.654
315.263	2.159	120.748
315.316	2.382	120.749
315.309	2.595	120.728
315.338	2.827	120.757
315.338	3.111	120.704
315.276	3.349	120.720
315.248	3.644	120.677
315.242	3.929	120.667
315.281	4.271	120.580
315.296	4.603	120.540
315.327	4.896	120.532
315.307	5.161	120.517
315.312	5.385	120.532
315.302	5.687	120.478
315.353	5.845	120.527
315.384	5.947	120.575
315.315	6.089	120.531
315.364	6.072	120.567
315.336	6.048	120.540
315.334	5.915	120.551
315.329	5.720	120.555
315.344	5.339	120.630
315.313	4.916	120.593
315.241	4.274	120.611
315.203	3.453	120.634
315.114	2.532	120.684
315.069	1.477	120.747
314.838	0.712	120.562
314.713	0.930	120.155
314.780	0.968	120.304
314.857	0.896	120.765
314.927	0.792	121.094
314.878	0.962	121.029
314.955	1.147	120.915
314.988	1.301	120.767
315.032	1.468	120.537
315.085	1.568	120.391
315.098	1.662	120.398
315.172	1.745	120.519
315.218	1.859	120.649
315.221	2.023	120.711
315.279	2.171	120.768
315.294	2.386	120.761
315.336	2.631	120.742
315.323	2.880	120.734
315.307	3.128	120.727
315.275	3.385	120.727
315.259	3.678	120.714
315.297	4.034	120.633
315.340	4.376	120.578
315.353	4.706	120.548
315.362	4.992	120.542
315.380	5.273	120.538
315.354	5.527	120.546
314.578	6.990	119.445
315.331	5.977	120.488
315.333	6.080	120.534
315.307	6.203	120.522
315.320	6.223	120.526
315.311	6.226	120.512
315.339	6.014	120.563
315.300	5.835	120.538
315.318	5.421	120.599
315.303	4.865	120.613
315.221	4.179	120.670
315.172	3.359	120.646
315.093	2.356	120.730
315.038	1.267	120.779
314.793	0.779	120.452
314.703	0.992	120.168
314.778	1.041	120.362
314.902	0.962	120.807
314.952	0.837	121.155
314.940	1.045	120.993
314.985	1.199	120.842
315.014	1.348	120.693
315.072	1.449	120.507
315.079	1.554	120.349
315.111	1.653	120.413
315.171	1.739	120.583
315.163	1.867	120.687
315.132	2.012	120.773
315.043	2.159	120.811
315.135	2.420	120.775
315.182	2.669	120.733
315.270	2.984	120.676
315.267	3.203	120.733
315.310	3.512	120.678
315.314	3.811	120.639
315.375	4.134	120.591
315.394	4.525	120.527
315.416	4.783	120.523
314.657	6.256	119.391
314.670	6.524	119.466
314.597	6.854	119.435
315.407	5.766	120.583
316.126	4.839	121.557
315.392	6.073	120.516
315.377	6.101	120.546
315.379	6.058	120.560
315.334	6.081	120.553
315.281	5.846	120.545
315.263	5.493	120.623
315.292	5.095	120.618
315.251	4.523	120.600
315.191	3.781	120.632
315.179	2.915	120.667
315.084	1.894	120.764
315.015	0.833	120.751
314.719	0.885	120.273
314.730	0.976	120.284
314.813	0.939	120.647
314.937	0.830	121.039
314.894	0.895	121.124
314.983	1.130	120.941
315.028	1.289	120.765
315.069	1.429	120.626
315.089	1.566	120.399
315.142	1.608	120.411
315.140	1.708	120.455
315.213	1.804	120.605
315.218	1.952	120.650
315.214	2.100	120.703
315.264	2.280	120.753
315.207	2.456	120.781
315.220	2.712	120.738
315.269	3.028	120.647
315.305	3.253	120.713
315.320	3.571	120.664
315.332	3.884	120.612
315.351	4.179	120.592
315.368	4.518	120.564
315.380	4.799	120.582
315.388	5.113	120.529
315.421	5.339	120.554
315.383	5.677	120.530
315.370	5.819	120.526
315.352	5.957	120.582
314.595	7.303	119.471
315.357	6.133	120.546
315.335	6.135	120.517
315.334	6.001	120.547
315.295	5.856	120.610
315.302	5.500	120.601
315.259	5.091	120.571
315.253	4.454	120.638
315.198	3.678	120.637
315.154	2.760	120.662
315.090	1.721	120.757
314.961	0.715	120.748
314.683	0.947	120.246
314.686	1.023	120.276
314.861	0.960	120.681
314.928	0.856	121.086
314.897	0.938	121.082
314.946	1.141	120.887
314.994	1.286	120.753
315.020	1.388	120.606
315.043	1.505	120.416
315.066	1.615	120.371
315.060	1.727	120.468
315.045	1.789	120.671
315.037	1.937	120.732
315.077	2.132	120.733
315.137	2.350	120.766
315.218	2.603	120.730
315.265	2.854	120.716
315.307	3.150	120.678
315.322	3.403	120.685
315.370	3.725	120.662
315.375	4.039	120.624
315.410	4.372	120.545
315.400	4.663	120.536
315.433	4.991	120.497
314.652	6.413	119.468
314.614	6.697	119.455
314.638	6.914	119.469
315.368	5.913	120.541
315.383	5.972	120.566
315.317	6.089	120.537
315.302	6.149	120.571
315.284	6.058	120.591
315.274	5.923	120.578
315.230	5.697	120.597
315.260	5.305	120.580
315.266	4.833	120.586
315.193	4.172	120.601
315.185	3.324	120.659
315.118	2.375	120.708
315.063	1.317	120.781
314.803	0.787	120.456
314.723	0.984	120.196
314.820	0.989	120.401
314.936	0.969	120.776
314.943	0.828	121.131
314.960	1.045	121.002
314.992	1.231	120.854
315.039	1.384	120.697
315.056	1.475	120.553
315.074	1.608	120.333
315.089	1.702	120.363
315.133	1.754	120.540
315.145	1.888	120.637
315.114	2.014	120.742
315.146	2.263	120.709
315.199	2.457	120.756
315.253	2.709	120.713
315.303	2.971	120.713
315.326	3.258	120.684
315.353	3.525	120.686
315.375	3.859	120.625
315.416	4.162	120.616
315.395	4.480	120.552
315.374	4.828	120.509
315.447	5.001	120.550
314.621	6.569	119.372
315.398	5.560	120.569
316.074	4.680	121.560
316.083	4.838	121.504
315.333	6.094	120.522
315.305	6.163	120.507
315.315	6.130	120.558
315.310	6.111	120.558
315.310	5.907	120.589
315.255	5.689	120.517
315.278	5.211	120.619
315.251	4.672	120.576
315.221	3.919	120.652
315.233	3.053	120.664
315.138	2.047	120.732
315.071	0.928	120.808
314.793	0.856	120.379
314.750	1.015	120.201
314.879	1.001	120.596
314.946	0.949	120.961
314.966	0.857	121.151
314.967	1.095	120.935
314.977	1.270	120.807
314.993	1.389	120.666
314.949	1.506	120.480
314.893	1.622	120.348
314.936	1.745	120.445
315.000	1.862	120.614
315.090	1.998	120.736
315.150	2.212	120.702
315.224	2.438	120.715
315.268	2.653	120.709
315.295	2.931	120.682
315.376	3.194	120.716
315.387	3.487	120.685
315.448	3.750	120.710
315.396	4.104	120.625
315.417	4.409	120.592
315.390	4.745	120.539
315.465	4.993	120.578
314.722	6.354	119.521
315.433	5.502	120.503
315.362	5.766	120.556
315.341	5.863	120.544
315.311	6.017	120.621
315.350	6.057	120.622
315.332	6.044	120.623
315.313	5.939	120.597
315.317	5.837	120.557
315.275	5.664	120.552
315.320	5.164	120.626
315.256	4.734	120.662
315.218	4.106	120.638
315.227	3.298	120.675
315.152	2.348	120.728
315.110	1.300	120.764
314.849	0.789	120.491
314.780	0.950	120.238
314.846	0.980	120.458
314.917	0.928	120.856
314.972	0.794	121.171
314.931	1.017	120.983
314.975	1.180	120.855
315.008	1.332	120.682
315.020	1.414	120.548
314.998	1.526	120.354
315.011	1.605	120.378
315.005	1.717	120.492
315.040	1.833	120.636
315.100	2.019	120.682
315.148	2.193	120.718
315.203	2.447	120.712
315.261	2.696	120.643
315.289	2.980	120.637
315.314	3.245	120.682
315.342	3.523	120.684
315.370	3.831	120.672
315.387	4.147	120.631
315.371	4.518	120.565
315.374	4.817	120.571
315.373	5.109	120.560
315.415	5.326	120.591
314.598	6.815	119.495
314.569	7.074	119.437
315.348	5.935	120.604
315.314	6.085	120.569
315.301	6.158	120.532
315.255	6.225	120.511
315.280	6.075	120.561
315.290	5.957	120.561
315.300	5.715	120.523
315.293	5.258	120.568
315.292	4.692	120.642
315.243	3.955	120.642
315.239	3.119	120.631
315.170	2.105	120.703
315.109	0.993	120.762
314.827	0.840	120.409
314.831	1.053	120.188
314.904	1.012	120.595
314.963	0.914	121.010
314.950	0.854	121.145
314.867	1.042	120.980
314.822	1.241	120.762
314.832	1.326	120.686
314.894	1.465	120.453
314.930	1.572	120.347
314.990	1.670	120.414
315.050	1.792	120.566
315.092	1.932	120.658
315.161	2.109	120.707
315.234	2.358	120.682
315.291	2.564	120.700
315.337	2.850	120.647
315.329	3.123	120.655
315.363	3.417	120.666
315.379	3.678	120.671
315.403	3.968	120.696
315.443	4.281	120.656
315.404	4.652	120.577
315.403	4.933	120.559
315.416	5.144	120.573
315.367	5.453	120.564
315.357	5.616	120.601
315.368	5.817	120.674
315.333	5.961	120.552
314.587	7.089	119.486
315.332	6.011	120.554
315.315	5.971	120.555
315.313	5.913	120.558
315.306	5.651	120.606
315.260	5.384	120.510
315.342	4.902	120.589
315.251	4.313	120.543
315.233	3.469	120.670
315.254	2.615	120.659
315.151	1.518	120.818
314.984	0.747	120.630
314.853	0.948	120.255
314.860	0.972	120.410
314.953	0.931	120.768
315.028	0.827	121.077
314.980	0.999	121.040
315.003	1.177	120.906
315.039	1.348	120.751
315.030	1.445	120.602
315.022	1.540	120.424
314.977	1.638	120.342
315.023	1.731	120.456
315.050	1.867	120.550
315.117	1.984	120.671
315.142	2.160	120.713
315.189	2.361	120.737
315.239	2.604	120.723
315.309	2.869	120.705
315.334	3.182	120.651
315.367	3.453	120.685
315.355	3.747	120.667
315.355	4.047	120.649
315.394	4.396	120.595
315.355	4.747	120.518
315.390	4.949	120.613
315.406	5.184	120.614
315.369	5.504	120.591
315.342	5.748	120.590
315.345	5.891	120.631
315.341	6.077	120.590
315.285	6.152	120.509
315.351	6.060	120.579
315.308	6.092	120.587
315.313	6.009	120.545
315.304	5.737	120.532
315.323	5.334	120.584
315.321	4.844	120.584
315.258	4.135	120.633
315.241	3.354	120.614
315.230	2.354	120.712
315.141	1.259	120.774
314.887	0.788	120.480
314.796	0.939	120.281
314.895	0.972	120.452
314.939	0.947	120.845
314.891	0.788	121.154
314.766	0.955	120.996
314.807	1.095	120.853
314.878	1.220	120.695
314.930	1.322	120.521
314.956	1.441	120.344
315.000	1.507	120.344
315.020	1.623	120.491
315.112	1.756	120.607
315.195	1.937	120.678
315.217	2.097	120.727
315.264	2.358	120.666
315.304	2.615	120.691
315.322	2.907	120.630
315.352	3.127	120.729
315.354	3.428	120.729
315.386	3.714	120.750
315.396	4.051	120.685
315.369	4.471	120.586
315.372	4.766	120.550
315.369	5.083	120.579
315.359	5.285	120.668
315.355	5.562	120.603
315.361	5.722	120.649
315.348	5.935	120.576
315.330	6.060	120.577
315.306	6.193	120.556
315.302	6.159	120.589
315.295	6.080	120.567
315.290	5.930	120.570
315.297	5.691	120.563
315.312	5.248	120.622
315.288	4.789	120.595
315.247	4.040	120.639
315.281	3.165	120.664
315.202	2.181	120.695
315.153	1.106	120.737
314.844	0.777	120.422
314.838	0.957	120.275
314.878	0.978	120.549
314.969	0.897	120.949
314.971	0.816	121.163
314.968	1.022	120.989
314.968	1.195	120.821
314.976	1.325	120.687
314.997	1.472	120.437
315.025	1.583	120.306
315.041	1.647	120.407
315.068	1.789	120.532
315.141	1.938	120.628
315.174	2.137	120.637
315.225	2.337	120.697
315.255	2.549	120.707
315.271	2.807	120.665
315.314	3.092	120.655
315.362	3.362	120.714
315.358	3.662	120.711
315.376	3.950	120.711
315.373	4.315	120.629
315.360	4.634	120.570
315.368	4.929	120.581
315.364	5.214	120.570
315.366	5.460	120.568
315.361	5.593	120.674
315.317	5.806	120.613
315.319	6.040	120.557
315.321	6.106	120.581
315.275	6.133	120.518
315.290	6.101	120.564
315.311	5.921	120.564
315.331	5.755	120.598
315.297	5.416	120.550
315.314	4.911	120.604
315.278	4.335	120.590
315.278	3.538	120.641
315.236	2.618	120.698
315.162	1.555	120.799
315.005	0.747	120.638
314.829	0.976	120.235
314.818	0.983	120.348
314.770	0.900	120.857
314.714	0.777	121.171
314.713	0.912	121.052
314.772	1.118	120.869
314.854	1.299	120.715
314.913	1.442	120.578
314.956	1.555	120.435
315.002	1.680	120.386
315.066	1.834	120.455
315.152	1.950	120.584
315.223	2.156	120.622
315.276	2.334	120.689
315.318	2.613	120.658
315.328	2.864	120.639
315.336	3.086	120.691
315.385	3.352	120.701
315.410	3.633	120.725
315.440	3.933	120.701
315.432	4.250	120.647
315.374	4.586	120.592
315.403	4.896	120.593
315.351	5.154	120.562
314.706	6.311	119.593
315.325	5.678	120.536
315.349	5.840	120.612
315.344	5.877	120.637
315.280	6.061	120.591
315.278	6.160	120.538
315.283	6.050	120.583
315.257	6.012	120.514
315.313	5.719	120.614
315.285	5.542	120.569
315.264	5.159	120.554
315.247	4.560	120.581
315.227	3.764	120.654
315.245	2.878	120.677
315.167	1.872	120.731
315.082	0.798	120.744
314.816	0.884	120.338
314.850	0.998	120.252
314.922	0.946	120.661
314.994	0.842	121.043
314.960	0.911	121.113
314.978	1.095	120.955
314.979	1.263	120.803
315.017	1.352	120.665
315.017	1.452	120.450
314.972	1.567	120.287
314.986	1.658	120.381
315.008	1.747	120.557
315.079	1.865	120.686
315.105	2.056	120.684
315.166	2.263	120.735
315.215	2.492	120.715
315.292	2.778	120.691
315.315	3.013	120.747
315.358	3.289	120.741
315.354	3.597	120.700
315.368	3.934	120.652
315.387	4.256	120.595
315.370	4.584	120.579
315.378	4.925	120.548
315.365	5.191	120.547
315.381	5.461	120.614
315.369	5.681	120.606
315.349	5.793	120.598
315.331	5.966	120.599
315.301	6.081	120.507
315.304	6.094	120.494
315.286	6.048	120.576
315.322	5.914	120.613
315.317	5.706	120.618
315.318	5.342	120.618
315.294	4.933	120.594
315.259	4.313	120.595
315.243	3.487	120.698
315.213	2.612	120.687
315.136	1.567	120.784
314.970	0.683	120.707
314.817	0.966	120.202
314.823	1.000	120.326
314.866	0.881	120.810
314.832	0.778	121.157
314.719	0.857	121.066
314.774	1.044	120.895
314.840	1.213	120.721
314.915	1.307	120.593
314.928	1.457	120.355
315.004	1.542	120.322
315.016	1.622	120.464
315.096	1.773	120.568
315.139	1.968	120.624
315.226	2.153	120.667
315.271	2.370	120.667
315.290	2.638	120.663
315.354	2.881	120.706
315.358	3.172	120.688
315.381	3.443	120.748
315.437	3.745	120.709
315.428	4.057	120.701
315.416	4.398	120.640
315.408	4.740	120.581
315.363	5.062	120.575
315.408	5.280	120.608
315.395	5.551	120.619
315.366	5.829	120.644
315.335	5.920	120.616
315.328	6.060	120.591
315.349	6.124	120.595
315.297	6.151	120.579
315.295	6.145	120.557
315.320	5.990	120.616
315.286	5.765	120.569
315.299	5.368	120.565
315.286	4.857	120.556
315.227	4.141	120.612
315.248	3.239	120.694
315.190	2.267	120.720
315.129	1.182	120.732
314.863	0.819	120.422
314.810	1.001	120.272
314.895	0.983	120.532
314.994	0.925	120.955
314.978	0.824	121.207
314.957	1.034	121.021
314.965	1.211	120.839
314.971	1.303	120.730
315.007	1.463	120.471
315.005	1.581	120.293
315.031	1.657	120.396
315.044	1.773	120.508
315.097	1.920	120.623
315.134	2.080	120.701
315.147	2.292	120.680
315.236	2.543	120.696
315.295	2.794	120.669
315.287	3.080	120.670
315.351	3.359	120.679
315.356	3.626	120.723
315.381	3.927	120.710
315.420	4.258	120.653
315.374	4.593	120.606
315.388	4.936	120.549
314.675	6.217	119.460
315.399	5.427	120.541
315.406	5.537	120.663
315.358	5.818	120.621
315.345	5.945	120.631
315.286	6.036	120.538
315.278	6.088	120.578
315.284	6.004	120.585
315.264	5.904	120.574
315.326	5.612	120.670
315.229	5.406	120.537
315.283	4.877	120.642
315.238	4.302	120.633
315.230	3.530	120.676
315.212	2.649	120.710
315.138	1.651	120.767
315.019	0.734	120.707
314.800	0.957	120.255
314.812	0.990	120.337
314.910	0.942	120.729
314.957	0.786	121.153
314.850	0.925	121.127
314.743	1.132	120.913
314.772	1.285	120.787
314.805	1.386	120.666
314.857	1.513	120.439
314.920	1.606	120.371
314.916	1.741	120.431
314.978	1.858	120.556
315.045	2.027	120.631
315.120	2.223	120.650
315.176	2.482	120.633
315.268	2.701	120.638
315.337	2.965	120.682
315.334	3.225	120.696
315.385	3.483	120.746
315.438	3.804	120.730
315.437	4.138	120.644
315.479	4.487	120.617
314.761	5.779	119.525
315.456	5.045	120.571
316.162	4.221	121.577
315.435	5.505	120.598
314.569	7.035	119.461
315.343	5.899	120.627
315.322	5.975	120.671
315.299	6.084	120.538
315.260	6.141	120.495
315.259	6.007	120.550
315.230	5.908	120.550
315.246	5.641	120.553
315.268	5.261	120.585
315.214	4.694	120.560
315.204	3.984	120.606
315.231	3.132	120.640
315.166	2.135	120.722
315.119	1.059	120.776
314.832	0.810	120.436
314.787	0.946	120.310
314.903	0.960	120.566
314.988	0.910	120.996
314.977	0.821	121.201
314.988	1.036	121.046
314.977	1.180	120.877
315.005	1.299	120.737
314.994	1.428	120.483
314.993	1.514	120.345
314.976	1.587	120.407
314.971	1.709	120.531
314.995	1.830	120.656
315.049	2.010	120.702
315.104	2.249	120.662
315.148	2.503	120.660
315.206	2.732	120.675
315.253	2.973	120.715
315.301	3.249	120.745
315.347	3.566	120.702
315.348	3.885	120.692
315.424	4.201	120.666
315.402	4.582	120.596
315.408	4.879	120.637
315.408	5.104	120.627
315.444	5.370	120.643
314.616	6.862	119.525
315.411	5.774	120.639
315.355	5.990	120.576
315.365	6.034	120.677
315.330	6.104	120.544
314.594	7.095	119.480
315.314	5.997	120.589
315.306	5.798	120.591
315.306	5.426	120.594
315.269	5.067	120.530
315.251	4.409	120.608
315.214	3.648	120.627
315.219	2.752	120.671
315.136	1.734	120.774
315.033	0.725	120.775
314.823	0.937	120.296
314.823	1.001	120.345
314.910	0.931	120.823
314.988	0.862	121.128
314.916	0.881	121.177
314.850	1.081	120.994
314.816	1.247	120.800
314.849	1.350	120.670
314.917	1.451	120.463
314.951	1.562	120.389
314.993	1.671	120.451
315.024	1.816	120.529
315.093	1.982	120.601
315.136	2.152	120.621
315.165	2.376	120.634
315.258	2.613	120.654
315.278	2.898	120.629
315.325	3.180	120.649
315.345	3.431	120.720
315.339	3.750	120.715
315.402	4.071	120.673
315.432	4.377	120.676
315.459	4.695	120.674
315.397	5.029	120.590
315.362	5.343	120.605
314.671	6.617	119.601
315.411	5.657	120.697
315.359	5.942	120.693
315.358	5.977	120.651
315.329	6.094	120.583
315.327	6.123	120.551
315.299	6.115	120.469
315.326	5.898	120.545
315.279	5.747	120.487
315.284	5.345	120.563
315.294	4.853	120.544
315.271	4.145	120.619
315.276	3.324	120.667
315.220	2.376	120.708
315.144	1.295	120.780
314.918	0.834	120.441
314.843	0.950	120.334
314.894	0.983	120.499
314.970	0.952	120.904
314.993	0.842	121.160
314.959	0.999	121.131
314.990	1.192	120.941
314.964	1.327	120.767
314.952	1.403	120.614
314.916	1.519	120.397
314.942	1.605	120.397
314.963	1.722	120.507
314.979	1.857	120.603
315.055	2.017	120.633
315.065	2.223	120.638
315.099	2.455	120.634
315.181	2.693	120.660
315.251	2.999	120.600
315.294	3.246	120.680
315.319	3.556	120.672
315.311	3.876	120.633
315.363	4.179	120.677
315.385	4.518	120.637
315.380	4.818	120.643
315.435	5.048	120.673
315.413	5.355	120.634
315.382	5.590	120.656
315.330	5.831	120.650
315.341	5.954	120.680
315.329	6.036	120.617
315.295	6.138	120.579
315.322	6.044	120.588
315.328	5.960	120.554
315.334	5.820	120.599
315.304	5.590	120.530
315.298	5.145	120.553
315.291	4.612	120.550
315.262	3.835	120.610
315.290	2.971	120.668
315.230	2.003	120.680
315.155	0.932	120.725
314.865	0.857	120.402
314.863	0.932	120.352
314.921	0.924	120.684
314.961	0.853	121.048
314.878	0.854	121.180
314.823	1.088	120.967
314.836	1.226	120.854
314.868	1.340	120.721
314.916	1.402	120.558
314.952	1.523	120.384
314.988	1.617	120.399
315.012	1.745	120.504
315.068	1.881	120.594
315.115	2.066	120.611
315.146	2.295	120.605
315.194	2.524	120.641
315.237	2.772	120.623
315.270	3.028	120.660
315.299	3.297	120.692
315.331	3.613	120.680
315.342	3.967	120.638
315.385	4.287	120.619
315.358	4.579	120.625
315.394	4.904	120.676
315.397	5.208	120.660
315.377	5.453	120.701
315.388	5.683	120.680
315.388	5.900	120.675
315.371	5.942	120.678
315.336	6.092	120.615
315.326	6.168	120.595
315.330	6.089	120.567
315.302	5.994	120.520
315.346	5.681	120.619
315.322	5.453	120.569
315.310	5.013	120.553
315.292	4.359	120.580
315.259	3.529	120.647
315.270	2.630	120.638
315.190	1.570	120.724
315.015	0.729	120.599
314.858	0.935	120.247
314.884	0.939	120.449
315.032	0.925	120.808
315.049	0.793	121.134
314.999	0.987	121.066
314.974	1.132	121.001
314.998	1.305	120.817
314.965	1.416	120.640
314.981	1.524	120.409
314.973	1.607	120.384
315.040	1.738	120.422
315.058	1.841	120.577
315.124	2.012	120.625
315.117	2.180	120.645
315.154	2.412	120.630
315.226	2.690	120.613
315.238	2.926	120.617
315.296	3.169	120.676
315.293	3.465	120.670
315.293	3.792	120.645
315.359	4.084	120.649
315.368	4.453	120.588
315.378	4.746	120.612
315.418	4.979	120.648
315.376	5.357	120.636
315.364	5.491	120.681
315.368	5.735	120.692
315.340	5.928	120.651
315.336	6.015	120.609
315.352	6.076	120.592
315.360	6.036	120.592
315.303	6.048	120.565
315.367	5.847	120.627
315.381	5.590	120.603
315.319	5.248	120.542
315.315	4.752	120.545
315.280	4.001	120.581
315.288	3.153	120.628
315.265	2.213	120.665
315.180	1.098	120.753
314.891	0.846	120.388
314.889	0.987	120.267
314.897	0.943	120.531
314.839	0.850	120.983
314.823	0.776	121.191
314.827	1.000	121.019
314.907	1.213	120.870
314.946	1.370	120.685
314.979	1.466	120.570
315.013	1.581	120.365
315.053	1.676	120.403
315.092	1.813	120.471
315.134	1.923	120.599
315.179	2.127	120.588
315.200	2.348	120.614
315.223	2.566	120.605
315.254	2.793	120.652
315.306	3.088	120.616
315.327	3.332	120.663
315.341	3.622	120.692
315.323	3.953	120.666
315.345	4.268	120.613
315.319	4.619	120.594
315.372	4.913	120.631
315.374	5.155	120.627
315.362	5.453	120.666
315.354	5.669	120.632
315.336	5.876	120.632
315.350	5.977	120.633
315.351	6.085	120.618
315.306	6.168	120.581
315.309	6.135	120.577
315.275	6.101	120.551
315.321	5.851	120.514
315.347	5.522	120.656
315.357	5.065	120.602
315.292	4.536	120.564
315.236	3.776	120.587
315.259	2.857	120.611
315.176	1.790	120.741
315.091	0.743	120.743
314.825	0.891	120.320
314.868	0.993	120.362
314.943	0.940	120.714
315.002	0.826	121.093
314.940	0.915	121.120
314.921	1.101	120.974
314.922	1.242	120.838
314.942	1.380	120.676
314.979	1.478	120.458
315.000	1.575	120.376
315.040	1.699	120.413
315.057	1.812	120.570
315.120	1.980	120.588
315.145	2.169	120.622
315.184	2.399	120.621
315.228	2.625	120.604
315.260	2.902	120.589
315.270	3.160	120.646
315.288	3.408	120.709
315.321	3.730	120.688
315.334	4.050	120.644
315.356	4.405	120.614
315.344	4.731	120.568
315.378	4.965	120.628
315.368	5.263	120.677
315.358	5.514	120.679
315.373	5.711	120.638
315.362	5.951	120.638
315.309	6.089	120.622
315.351	6.146	120.623
315.320	6.148	120.622
315.305	6.096	120.608
314.583	7.074	119.472
315.319	5.644	120.563
315.301	5.373	120.505
315.312	4.869	120.552
315.309	4.143	120.609
315.275	3.321	120.639
315.241	2.387	120.705
315.165	1.297	120.760
314.887	0.788	120.494
314.814	0.995	120.203
314.802	1.000	120.439
314.800	0.911	120.956
314.852	0.767	121.230
314.859	0.984	121.030
314.913	1.176	120.876
314.953	1.334	120.712
315.002	1.439	120.584
315.015	1.567	120.387
315.078	1.697	120.387
315.133	1.816	120.479
315.167	1.980	120.566
315.199	2.152	120.581
315.215	2.366	120.625
315.235	2.619	120.580
315.299	2.840	120.652
315.324	3.127	120.624
315.350	3.396	120.686
315.334	3.698	120.655
315.354	4.011	120.651
315.378	4.374	120.620
315.339	4.644	120.619
315.350	4.997	120.633
315.370	5.303	120.614
315.415	5.493	120.624
315.381	5.720	120.610
315.361	5.904	120.648
315.322	6.093	120.642
315.358	6.166	120.625
315.353	6.185	120.622
315.346	6.137	120.612
315.332	6.013	120.553
315.351	5.741	120.593
315.353	5.454	120.598
314.647	6.024	119.454
315.290	4.394	120.549
315.268	3.615	120.587
315.243	2.625	120.670
315.165	1.543	120.760
315.011	0.717	120.609
314.813	0.903	120.301
314.848	0.973	120.380
314.951	0.941	120.778
314.991	0.826	121.153
314.890	0.915	121.120
314.888	1.076	120.948
314.925	1.213	120.772
314.966	1.286	120.620
314.980	1.386	120.388
314.999	1.484	120.310
315.043	1.584	120.438
315.078	1.693	120.568
315.133	1.853	120.651
315.157	2.039	120.661
315.176	2.271	120.666
315.215	2.561	120.626
315.254	2.819	120.609
315.283	3.057	120.683
315.313	3.387	120.679
315.324	3.697	120.685
315.331	4.071	120.632
315.352	4.412	120.614
315.356	4.775	120.614
315.347	5.109	120.613
315.359	5.394	120.604
315.372	5.583	120.657
315.380	5.865	120.689
315.336	6.058	120.602
315.339	6.178	120.579
315.367	6.263	120.575
315.353	6.309	120.609
315.350	6.161	120.581
315.338	6.000	120.569
315.356	5.695	120.598
314.681	6.284	119.606
315.325	4.817	120.567
315.271	4.135	120.601
315.265	3.229	120.649
315.184	2.248	120.653
315.122	1.105	120.726
314.817	0.790	120.440
314.794	0.976	120.252
314.794	0.991	120.536
314.836	0.939	121.002
314.895	0.824	121.254
314.904	0.972	121.082
314.942	1.138	120.849
314.992	1.260	120.672
315.006	1.366	120.473
315.026	1.481	120.357
315.051	1.576	120.381
315.103	1.692	120.537
315.120	1.863	120.613
315.172	2.055	120.627
315.180	2.266	120.601
315.184	2.539	120.587
315.253	2.793	120.558
315.282	3.075	120.574
315.302	3.327	120.650
315.302	3.608	120.696
315.294	3.945	120.678
315.346	4.261	120.686
315.322	4.664	120.617
315.343	5.008	120.565
315.395	5.196	120.633
315.381	5.531	120.651
315.383	5.704	120.632
315.360	5.920	120.657
315.353	6.071	120.611
315.364	6.121	120.593
315.336	6.222	120.566
315.368	6.171	120.584
315.354	5.991	120.569
315.337	5.778	120.542
315.348	5.452	120.575
315.334	4.976	120.530
315.323	4.354	120.573
315.300	3.503	120.646
315.229	2.578	120.663
315.159	1.503	120.756
314.952	0.740	120.556
314.788	0.905	120.254
314.767	0.937	120.462
314.821	0.931	120.824
314.878	0.810	121.182
314.878	0.934	121.100
314.917	1.137	120.884
314.957	1.283	120.757
315.013	1.393	120.587
315.043	1.511	120.362
315.042	1.602	120.377
315.083	1.710	120.495
315.149	1.872	120.567
315.160	2.035	120.621
315.178	2.227	120.635
315.187	2.491	120.583
315.237	2.761	120.567
315.257	2.993	120.636
315.293	3.281	120.663
315.312	3.563	120.648
315.324	3.874	120.670
315.321	4.181	120.662
315.324	4.524	120.614
315.301	4.871	120.600
315.388	5.078	120.664
315.386	5.388	120.645
315.353	5.676	120.636
315.394	5.862	120.701
315.375	5.949	120.665
315.369	6.113	120.605
315.350	6.229	120.533
315.370	6.166	120.567
315.351	6.102	120.519
315.358	5.893	120.528
314.621	6.699	119.443
315.342	5.226	120.561
315.322	4.636	120.573
315.274	3.860	120.615
315.281	3.010	120.591
315.165	1.935	120.719
315.064	0.841	120.736
314.753	0.843	120.332
314.729	0.929	120.272
314.835	0.896	120.640
314.909	0.733	121.114
314.897	0.866	121.137
314.924	1.056	121.017
314.992	1.232	120.851
315.022	1.360	120.701
315.040	1.482	120.490
315.074	1.598	120.361
315.092	1.721	120.381
315.113	1.848	120.481
315.140	1.987	120.562
315.177	2.166	120.584
315.200	2.362	120.644
315.206	2.605	120.635
315.230	2.855	120.646
315.278	3.135	120.623
315.277	3.413	120.651
315.285	3.720	120.675
315.307	4.020	120.654
315.334	4.395	120.570
315.339	4.688	120.592
315.385	4.929	120.631
315.385	5.226	120.657
315.346	5.519	120.653
315.406	5.743	120.642
315.392	5.849	120.682
315.381	6.044	120.580
314.652	7.254	119.554
315.382	6.101	120.554
315.352	6.172	120.511
315.378	5.918	120.528
315.363	5.686	120.562
315.370	5.293	120.570
315.350	4.789	120.577
315.244	4.130	120.542
315.221	3.275	120.646
315.140	2.314	120.691
314.999	1.245	120.743
314.796	0.722	120.451
314.708	0.933	120.257
314.799	0.945	120.498
314.934	0.895	120.930
314.962	0.775	121.179
314.925	0.951	121.056
314.992	1.121	120.864
315.025	1.236	120.754
315.060	1.369	120.520
315.050	1.465	120.338
315.082	1.552	120.351
315.091	1.656	120.463
315.119	1.774	120.599
315.134	1.921	120.645
315.156	2.114	120.655
315.160	2.330	120.619
315.165	2.631	120.602
315.194	2.858	120.640
315.232	3.139	120.625
315.244	3.414	120.679
315.269	3.704	120.704
315.324	4.034	120.699
315.349	4.400	120.619
315.348	4.732	120.630
315.330	5.088	120.614
315.386	5.311	120.623
315.412	5.510	120.674
315.360	5.842	120.566
314.637	7.147	119.578
315.376	6.085	120.600
315.362	6.255	120.500
315.364	6.225	120.474
314.583	7.226	119.453
314.616	7.033	119.496
315.304	5.621	120.602
315.278	5.230	120.573
315.161	4.694	120.515
315.107	3.900	120.631
315.114	3.038	120.668
315.076	2.089	120.685
315.030	1.001	120.745
314.792	0.797	120.370
314.735	0.939	120.280
314.857	0.938	120.587
314.930	0.880	120.975
314.978	0.821	121.164
314.985	1.028	121.006
315.030	1.190	120.844
315.042	1.340	120.667
315.039	1.432	120.528
315.064	1.544	120.404
315.082	1.658	120.438
315.145	1.823	120.507
315.141	1.961	120.606
315.138	2.144	120.641
315.135	2.328	120.666
315.153	2.617	120.590
315.163	2.845	120.642
315.218	3.127	120.632
315.242	3.391	120.655
315.267	3.706	120.659
315.329	4.029	120.690
315.351	4.365	120.625
315.354	4.684	120.594
315.393	4.990	120.618
315.404	5.227	120.619
315.388	5.544	120.652
315.417	5.721	120.651
315.411	5.908	120.632
315.404	6.085	120.574
315.419	6.142	120.573
315.323	6.235	120.488
315.354	6.118	120.573
315.386	5.938	120.531
315.350	5.696	120.577
315.311	5.318	120.584
315.205	4.821	120.579
315.166	4.146	120.592
315.165	3.321	120.675
315.136	2.393	120.693
315.112	1.323	120.728
314.872	0.737	120.483
314.760	0.943	120.209
314.880	0.960	120.394
314.974	0.930	120.845
315.000	0.834	121.159
314.992	0.978	121.041
314.988	1.117	120.915
315.024	1.291	120.752
315.031	1.396	120.616
315.069	1.516	120.399
315.058	1.585	120.420
315.086	1.732	120.504
315.129	1.892	120.572
315.097	2.055	120.635
315.122	2.270	120.587
315.122	2.537	120.571
315.186	2.749	120.641
315.232	3.010	120.639
315.248	3.290	120.662
315.265	3.555	120.701
315.303	3.919	120.644
315.330	4.233	120.623
315.343	4.563	120.609
315.364	4.872	120.626
315.384	5.220	120.602
315.405	5.406	120.622
314.650	6.848	119.590
315.406	5.852	120.648
315.374	6.041	120.609
315.373	6.105	120.582
315.350	6.158	120.571
315.351	6.050	120.609
315.281	5.978	120.640
315.193	5.742	120.579
315.202	5.427	120.543
315.253	4.965	120.579
315.217	4.386	120.544
315.207	3.565	120.650
315.205	2.671	120.638
315.151	1.634	120.717
315.042	0.689	120.652
314.829	0.918	120.224
314.893	0.944	120.344
314.957	0.932	120.697
315.019	0.802	121.072
314.958	0.926	121.110
314.994	1.147	120.955
315.024	1.313	120.828
315.043	1.455	120.664
315.044	1.564	120.461
315.033	1.664	120.398
315.051	1.798	120.447
315.092	1.903	120.592
315.113	2.069	120.637
315.096	2.262	120.642
315.125	2.517	120.612
315.184	2.713	120.645
315.210	3.023	120.585
315.233	3.280	120.612
315.232	3.537	120.632
315.256	3.863	120.608
315.312	4.171	120.590
315.363	4.481	120.571
315.341	4.821	120.584
315.390	5.103	120.599
315.397	5.370	120.579
315.422	5.515	120.675
314.658	6.831	119.637
315.379	5.951	120.643
315.371	5.992	120.602
315.365	6.084	120.616
315.346	5.986	120.584
315.324	5.874	120.589
315.273	5.679	120.637
315.277	5.383	120.577
315.307	4.933	120.577
315.301	4.425	120.585
315.243	3.755	120.524
315.274	2.879	120.581
315.209	1.848	120.708
315.109	0.801	120.681
314.845	0.880	120.290
314.855	0.968	120.248
314.972	0.905	120.605
314.989	0.779	121.019
314.963	0.892	121.112
314.976	1.122	120.982
314.985	1.261	120.899
315.029	1.373	120.761
315.017	1.496	120.503
315.034	1.573	120.431
315.026	1.684	120.466
315.041	1.813	120.532
315.070	1.956	120.647
315.085	2.133	120.665
315.086	2.359	120.630
315.127	2.618	120.611
315.188	2.863	120.605
315.247	3.117	120.633
315.248	3.409	120.643
315.254	3.707	120.630
315.279	4.022	120.597
315.332	4.409	120.529
315.342	4.696	120.555
315.377	5.011	120.598
314.679	6.276	119.577
315.343	5.535	120.640
315.326	5.789	120.641
315.246	5.843	120.731
315.178	5.943	120.736
315.157	6.018	120.673
315.204	6.030	120.643
315.268	6.025	120.631
315.261	5.890	120.543
315.273	5.649	120.574
315.278	5.255	120.608
315.297	4.817	120.527
315.299	4.181	120.557
315.333	3.326	120.569
315.319	2.353	120.656
315.248	1.295	120.708
314.977	0.776	120.425
314.906	0.948	120.184
314.971	0.887	120.466
315.042	0.880	120.831
315.042	0.874	121.058
315.038	1.060	121.039
315.031	1.203	120.948
315.039	1.339	120.803
315.017	1.469	120.533
315.029	1.521	120.418
315.048	1.613	120.404
315.036	1.721	120.547
315.048	1.843	120.657
315.086	2.021	120.673
315.061	2.207	120.692
315.067	2.461	120.659
315.134	2.720	120.601
315.187	3.010	120.591
315.231	3.241	120.655
315.263	3.547	120.622
315.292	3.873	120.603
315.304	4.182	120.593
315.340	4.566	120.543
315.388	4.862	120.558
315.386	5.181	120.590
315.408	5.385	120.652
315.418	5.645	120.686
315.404	5.855	120.645
315.408	5.928	120.684
315.361	6.067	120.629
315.296	6.151	120.605
315.362	6.058	120.659
315.274	5.941	120.628
315.252	5.738	120.611
315.325	5.384	120.640
315.282	4.998	120.566
315.244	4.450	120.495
315.269	3.658	120.571
315.273	2.752	120.618
315.206	1.720	120.672
315.092	0.737	120.637
314.847	0.868	120.313
314.919	0.944	120.310
314.995	0.930	120.643
315.030	0.780	121.050
314.995	0.981	121.051
315.013	1.127	121.015
315.027	1.279	120.863
315.033	1.425	120.685
315.004	1.489	120.484
315.018	1.597	120.386
315.037	1.692	120.490
315.046	1.823	120.596
315.065	1.956	120.672
315.087	2.133	120.706
315.077	2.369	120.683
315.132	2.634	120.623
315.170	2.913	120.593
315.212	3.168	120.602
315.240	3.473	120.608
315.238	3.769	120.585
315.278	4.056	120.612
315.331	4.445	120.525
315.332	4.734	120.603
315.381	5.012	120.652
315.341	5.314	120.630
315.331	5.507	120.764
315.227	5.699	120.808
315.166	5.885	120.704
315.217	6.015	120.697
315.224	6.103	120.671
315.271	6.087	120.630
315.262	6.043	120.630
315.319	5.843	120.687
315.299	5.612	120.643
315.276	5.288	120.545
315.344	4.726	120.586
315.345	4.028	120.567
315.326	3.140	120.611
315.281	2.211	120.599
315.204	1.101	120.672
314.917	0.800	120.384
314.899	0.956	120.246
314.990	0.930	120.527
315.024	0.917	120.877
314.980	0.870	121.088
314.974	1.058	121.050
315.001	1.265	120.901
314.995	1.417	120.726
314.997	1.508	120.575
315.031	1.625	120.424
315.049	1.746	120.427
315.062	1.865	120.541
315.082	2.001	120.655
315.109	2.190	120.652
315.094	2.391	120.642
315.129	2.607	120.667
315.165	2.880	120.620
315.224	3.144	120.595
315.251	3.421	120.594
315.243	3.692	120.618
315.305	4.007	120.586
315.335	4.301	120.588
315.332	4.663	120.557
315.332	4.977	120.537
315.367	5.202	120.616
315.334	5.459	120.636
315.370	5.684	120.632
315.344	5.832	120.690
315.275	5.936	120.703
315.271	5.992	120.705
315.295	6.013	120.665
315.283	5.954	120.632
315.345	5.805	120.666
315.316	5.588	120.605
315.322	5.232	120.595
315.333	4.772	120.593
315.302	4.160	120.537
315.292	3.333	120.610
315.278	2.403	120.640
315.211	1.357	120.697
314.976	0.757	120.496
314.845	0.895	120.280
314.958	0.936	120.398
314.992	0.878	120.798
315.019	0.819	121.081
315.002	1.006	121.056
315.018	1.182	120.955
315.015	1.338	120.791
315.018	1.452	120.585
315.037	1.543	120.449
315.045	1.608	120.416
315.067	1.713	120.572
315.108	1.855	120.655
315.100	2.022	120.665
315.105	2.201	120.691
315.121	2.470	120.625
315.192	2.715	120.639
315.205	2.984	120.588
315.258	3.244	120.643
315.245	3.527	120.590
315.269	3.844	120.586
315.279	4.177	120.560
315.297	4.520	120.539
315.294	4.822	120.571
315.245	5.095	120.616
315.189	5.305	120.720
315.167	5.609	120.699
315.208	5.795	120.713
315.289	5.936	120.737
315.271	6.124	120.668
315.313	6.152	120.609
315.302	6.184	120.597
315.346	6.050	120.651
315.361	5.895	120.613
315.379	5.674	120.553
314.687	6.252	119.553
315.371	4.583	120.558
315.316	3.862	120.571
315.326	2.944	120.621
315.274	1.902	120.672
315.188	0.831	120.645
314.897	0.875	120.279
314.891	0.988	120.272
314.947	0.946	120.645
315.000	0.846	121.028
314.937	0.939	121.081
314.972	1.155	120.952
314.988	1.344	120.834
315.028	1.477	120.707
315.003	1.576	120.540
315.043	1.684	120.452
315.053	1.804	120.510
315.075	1.926	120.618
315.130	2.098	120.650
315.124	2.302	120.677
315.171	2.524	120.636
315.168	2.732	120.626
315.215	2.959	120.644
315.243	3.212	120.649
315.258	3.518	120.587
315.224	3.807	120.578
315.279	4.089	120.542
315.290	4.418	120.545
315.319	4.730	120.540
315.335	5.048	120.567
315.326	5.236	120.618
315.295	5.512	120.655
315.294	5.664	120.764
315.258	5.860	120.660
315.284	5.915	120.705
315.280	6.021	120.633
315.287	6.044	120.598
315.348	5.875	120.662
315.329	5.746	120.651
315.309	5.558	120.583
315.349	5.090	120.592
315.330	4.671	120.542
315.337	3.970	120.565
315.305	3.163	120.588
315.235	2.217	120.614
315.199	1.163	120.675
314.918	0.796	120.410
314.839	0.965	120.201
314.954	0.957	120.452
314.971	0.872	120.872
314.941	0.839	121.089
314.966	1.038	120.992
314.980	1.216	120.856
314.990	1.348	120.751
315.015	1.444	120.568
315.034	1.545	120.404
315.057	1.629	120.441
315.061	1.711	120.577
315.106	1.843	120.663
315.099	1.993	120.694
315.111	2.179	120.703
315.133	2.442	120.646
315.190	2.688	120.621
315.216	2.931	120.597
315.224	3.216	120.609
315.204	3.482	120.613
315.145	3.782	120.612
315.078	4.039	120.629
315.035	4.398	120.580
315.106	4.733	120.564
315.176	5.110	120.548
315.229	5.309	120.661
315.265	5.558	120.707
315.285	5.805	120.719
315.286	5.981	120.716
315.314	6.122	120.644
315.361	6.200	120.600
315.364	6.288	120.506
315.387	6.146	120.543
315.392	5.970	120.574
314.713	6.636	119.558
315.381	5.223	120.528
316.129	3.528	121.618
315.358	3.886	120.588
315.362	2.991	120.554
315.282	1.924	120.697
315.158	0.837	120.674
314.861	0.896	120.261
314.785	0.933	120.275
314.924	0.953	120.608
314.979	0.883	120.972
314.945	0.926	121.076
314.965	1.125	120.930
314.979	1.293	120.836
315.021	1.447	120.690
315.016	1.540	120.547
315.038	1.656	120.431
315.063	1.751	120.506
315.114	1.889	120.599
315.134	2.012	120.688
315.165	2.215	120.684
315.181	2.441	120.649
315.210	2.676	120.633
315.219	2.941	120.615
315.237	3.190	120.610
315.259	3.480	120.614
315.273	3.750	120.597
315.291	4.053	120.575
315.283	4.400	120.503
315.267	4.672	120.541
315.273	4.972	120.552
315.298	5.178	120.641
315.249	5.443	120.687
315.227	5.692	120.663
315.261	5.815	120.715
315.285	5.946	120.680
315.310	6.010	120.651
315.304	6.024	120.660
315.337	5.909	120.672
315.349	5.787	120.639
315.340	5.542	120.601
315.389	5.102	120.602
315.333	4.746	120.562
315.318	3.985	120.566
315.317	3.194	120.600
315.263	2.245	120.648
315.184	1.174	120.703
314.912	0.808	120.407
314.820	0.966	120.220
314.922	0.957	120.456
314.949	0.848	120.899
314.929	0.869	121.082
314.955	1.055	121.008
314.998	1.215	120.915
315.021	1.369	120.779
315.031	1.459	120.580
315.060	1.554	120.438
315.069	1.645	120.445
315.078	1.715	120.574
315.081	1.819	120.711
315.118	2.017	120.705
315.114	2.198	120.715
315.148	2.458	120.639
315.137	2.702	120.607
315.187	2.937	120.626
315.203	3.198	120.632
315.101	3.441	120.661
315.040	3.764	120.576
315.048	4.091	120.559
315.123	4.483	120.509
315.188	4.814	120.512
315.212	5.143	120.540
315.281	5.416	120.568
315.308	5.585	120.669
315.268	5.891	120.657
315.329	6.041	120.645
315.385	6.178	120.612
315.357	6.261	120.596
315.367	6.284	120.547
315.358	6.189	120.558
315.392	5.979	120.571
315.369	5.702	120.561
315.362	5.254	120.546
315.383	4.691	120.596
315.315	3.881	120.608
315.289	2.933	120.657
315.227	1.922	120.690
315.106	0.837	120.666
314.801	0.883	120.313
314.867	0.954	120.310
314.918	0.979	120.593
314.997	0.882	121.023
314.945	0.935	121.062
314.975	1.122	120.944
314.997	1.297	120.810
314.986	1.411	120.697
315.033	1.533	120.529
315.060	1.630	120.431
315.093	1.724	120.489
315.141	1.864	120.612
315.148	2.011	120.694
315.139	2.164	120.707
315.174	2.385	120.664
315.188	2.613	120.671
315.210	2.871	120.599
315.224	3.122	120.596
315.227	3.379	120.626
315.201	3.719	120.547
315.170	3.994	120.558
315.135	4.298	120.532
315.192	4.601	120.569
315.229	4.900	120.581
315.259	5.251	120.568
315.265	5.497	120.576
315.299	5.636	120.637
315.285	5.900	120.654
315.345	5.972	120.658
315.341	6.083	120.624
315.346	6.121	120.593
315.347	6.107	120.603
315.390	5.867	120.619
315.372	5.648	120.630
315.353	5.308	120.634
315.357	4.839	120.610
315.317	4.208	120.535
315.345	3.340	120.613
315.275	2.427	120.649
315.183	1.328	120.747
314.921	0.779	120.475
314.831	0.962	120.197
314.898	0.954	120.438
314.970	0.922	120.815
315.003	0.845	121.064
315.002	1.026	121.032
315.031	1.253	120.845
315.059	1.363	120.808
315.054	1.463	120.641
315.070	1.605	120.450
315.098	1.664	120.512
315.142	1.787	120.556
315.163	1.889	120.678
315.159	2.073	120.696
315.140	2.239	120.699
315.126	2.483	120.676
315.162	2.744	120.596
315.083	2.932	120.655
315.079	3.238	120.611
315.063	3.491	120.631
315.097	3.811	120.592
315.155	4.168	120.541
315.197	4.520	120.480
315.211	4.834	120.513
315.271	5.152	120.525
315.315	5.414	120.596
315.332	5.715	120.531
315.345	5.895	120.608
315.346	6.043	120.628
315.350	6.158	120.652
315.342	6.338	120.606
314.653	7.334	119.591
315.381	6.151	120.635
315.386	5.924	120.621
315.357	5.654	120.580
315.359	5.207	120.566
315.285	4.668	120.537
315.261	3.816	120.637
315.269	2.932	120.620
315.201	1.894	120.666
315.128	0.796	120.655
314.827	0.890	120.309
314.839	1.006	120.230
314.935	0.962	120.661
315.004	0.863	121.031
314.970	0.964	121.046
315.018	1.163	120.905
315.030	1.324	120.813
315.051	1.444	120.708
315.100	1.569	120.509
315.096	1.663	120.455
315.143	1.747	120.547
315.146	1.857	120.635
315.142	2.017	120.698
315.178	2.183	120.746
315.163	2.428	120.649
315.186	2.646	120.649
315.191	2.843	120.643
315.166	3.100	120.630
315.135	3.372	120.611
315.087	3.625	120.611
315.119	3.928	120.580
315.144	4.250	120.553
315.203	4.625	120.494
315.223	4.898	120.518
315.268	5.143	120.595
315.316	5.396	120.606
315.341	5.630	120.686
315.335	5.806	120.616
315.348	5.986	120.629
315.351	6.008	120.660
315.343	6.022	120.637
315.364	5.950	120.644
315.366	5.849	120.631
315.353	5.643	120.619
315.357	5.213	120.636
315.331	4.785	120.616
315.264	4.140	120.579
315.278	3.329	120.669
315.222	2.399	120.685
315.142	1.344	120.747
314.913	0.777	120.486
314.857	0.946	120.215
314.890	1.007	120.339
314.973	0.917	120.802
314.993	0.848	121.046
315.021	1.029	121.028
315.041	1.206	120.904
315.079	1.343	120.812
315.101	1.439	120.649
315.094	1.580	120.436
315.124	1.607	120.468
315.147	1.697	120.584
315.155	1.827	120.661
315.140	1.960	120.714
315.102	2.129	120.714
314.994	2.313	120.761
314.959	2.573	120.682
315.021	2.771	120.704
315.107	3.079	120.684
315.147	3.424	120.598
315.121	3.753	120.530
315.158	4.056	120.548
315.226	4.410	120.481
315.248	4.777	120.458
315.330	5.010	120.511
315.338	5.392	120.490
314.610	6.803	119.518
315.346	5.873	120.607
315.346	6.044	120.625
315.345	6.209	120.627
315.350	6.327	120.578
315.357	6.273	120.619
314.682	7.214	119.559
315.358	6.034	120.611
315.318	5.797	120.576
315.356	5.311	120.671
315.304	4.770	120.635
