NO_OF_FRAMES	5000
NO_OF_DATA_TYPES	3
FREQUENCY	500
TIME_STAMP	2026-06-04, 14:27:32
DATA_INCLUDED	Position
DATA_TYPES	Unidentified [609599]_pos_X	Unidentified [609599]_pos_Y	Unidentified [609599]_pos_Z


179.625	2.175	86.881
179.613	2.139	86.889
179.601	2.087	86.861
179.597	1.962	86.879
179.580	1.834	86.836
179.577	1.611	86.861
179.578	1.376	86.840
179.564	1.122	86.846
179.558	0.821	86.838
179.562	0.451	86.846
179.564	0.126	86.824
179.568	-0.241	86.832
179.557	-0.610	86.818
179.549	-0.973	86.815
179.540	-1.323	86.818
179.534	-1.669	86.828
179.521	-1.969	86.846
179.521	-2.231	86.857
179.500	-2.431	86.868
179.532	-2.426	86.847
179.548	-2.334	86.887
179.547	-2.187	86.921
179.538	-1.991	86.915
179.548	-1.812	86.909
179.567	-1.590	86.896
179.601	-1.331	86.881
179.637	-1.082	86.883
179.646	-0.787	86.863
179.667	-0.502	86.856
179.688	-0.193	86.869
179.689	0.129	86.855
179.702	0.430	86.869
179.710	0.742	86.871
179.703	1.074	86.844
179.712	1.348	86.827
179.687	1.587	86.847
179.678	1.772	86.875
179.643	1.967	86.877
179.640	2.089	86.902
179.635	2.163	86.885
179.620	2.190	86.888
179.617	2.138	86.890
179.593	2.120	86.877
179.592	2.001	86.871
179.578	1.857	86.857
179.580	1.659	86.872
179.565	1.458	86.840
179.568	1.185	86.845
179.563	0.903	86.846
179.571	0.529	86.874
179.562	0.210	86.847
179.565	-0.140	86.820
179.559	-0.525	86.811
179.554	-0.899	86.833
179.553	-1.275	86.829
179.544	-1.589	86.850
179.526	-1.900	86.845
179.523	-2.181	86.860
179.524	-2.422	86.875
179.531	-2.449	86.851
179.550	-2.341	86.873
179.556	-2.231	86.929
179.549	-2.054	86.917
179.550	-1.853	86.902
179.582	-1.642	86.905
179.604	-1.405	86.898
179.635	-1.150	86.887
179.655	-0.853	86.861
179.676	-0.582	86.878
179.691	-0.285	86.875
179.704	0.033	86.862
179.704	0.338	86.853
179.726	0.653	86.858
179.710	0.976	86.844
179.723	1.255	86.826
179.702	1.513	86.832
179.687	1.716	86.859
179.670	1.896	86.870
179.648	2.047	86.867
179.641	2.137	86.876
179.639	2.155	86.882
179.625	2.122	86.897
179.616	2.096	86.888
179.603	2.004	86.880
179.588	1.884	86.857
179.595	1.698	86.870
179.577	1.505	86.841
179.582	1.244	86.858
179.575	0.965	86.858
179.561	0.663	86.855
179.568	0.318	86.839
179.566	-0.026	86.831
179.572	-0.419	86.832
179.562	-0.765	86.840
179.558	-1.128	86.840
179.551	-1.488	86.846
179.543	-1.789	86.841
179.531	-2.087	86.866
179.517	-2.328	86.861
179.520	-2.490	86.867
179.543	-2.412	86.863
179.548	-2.300	86.901
179.559	-2.153	86.927
179.543	-1.909	86.903
179.563	-1.758	86.915
179.584	-1.511	86.899
179.603	-1.254	86.875
179.636	-0.992	86.883
179.658	-0.712	86.868
179.672	-0.422	86.860
179.691	-0.100	86.862
179.700	0.198	86.873
179.704	0.531	86.866
179.711	0.851	86.858
179.710	1.153	86.844
179.693	1.431	86.829
179.672	1.663	86.848
179.655	1.852	86.886
179.645	2.008	86.896
179.627	2.126	86.901
179.634	2.181	86.902
179.613	2.192	86.896
179.603	2.148	86.896
179.592	2.097	86.883
179.595	1.979	86.867
179.592	1.808	86.882
179.571	1.612	86.868
179.558	1.387	86.828
179.567	1.084	86.869
179.559	0.819	86.844
179.580	0.432	86.875
179.570	0.093	86.844
179.564	-0.297	86.834
179.553	-0.648	86.829
179.543	-1.018	86.848
179.544	-1.380	86.841
179.541	-1.712	86.845
179.525	-2.001	86.851
179.517	-2.263	86.854
179.507	-2.460	86.878
179.539	-2.437	86.876
179.551	-2.335	86.887
179.552	-2.178	86.929
179.543	-1.985	86.920
179.557	-1.789	86.914
179.574	-1.538	86.892
179.609	-1.312	86.892
179.631	-1.038	86.885
179.654	-0.737	86.846
179.671	-0.446	86.851
179.692	-0.149	86.863
179.697	0.184	86.846
179.718	0.472	86.870
179.707	0.817	86.843
179.718	1.123	86.825
179.706	1.423	86.807
179.689	1.647	86.836
179.670	1.837	86.865
179.660	1.981	86.868
179.639	2.117	86.897
179.627	2.194	86.880
179.621	2.190	86.888
179.607	2.181	86.877
179.603	2.112	86.872
179.605	2.004	86.858
179.598	1.806	86.898
179.585	1.659	86.852
179.582	1.417	86.868
179.579	1.161	86.840
179.574	0.840	86.866
179.576	0.489	86.863
179.575	0.179	86.820
179.577	-0.236	86.839
179.568	-0.584	86.821
179.562	-0.964	86.849
179.553	-1.321	86.846
179.553	-1.646	86.847
179.539	-1.954	86.855
179.525	-2.215	86.865
179.524	-2.431	86.880
179.543	-2.438	86.860
179.561	-2.316	86.881
179.558	-2.193	86.930
179.547	-2.013	86.926
179.556	-1.822	86.927
179.585	-1.623	86.924
179.608	-1.359	86.895
179.643	-1.136	86.912
179.658	-0.831	86.873
179.671	-0.542	86.863
179.693	-0.263	86.885
179.701	0.069	86.852
179.705	0.371	86.861
179.711	0.683	86.863
179.704	1.004	86.834
179.710	1.273	86.825
179.690	1.513	86.834
179.668	1.716	86.866
179.657	1.885	86.883
179.645	2.028	86.882
179.627	2.109	86.881
179.619	2.115	86.876
179.614	2.084	86.901
179.608	2.037	86.898
179.598	1.944	86.871
179.584	1.817	86.877
179.576	1.641	86.868
179.558	1.450	86.841
179.568	1.180	86.842
179.561	0.898	86.864
179.562	0.570	86.867
179.562	0.260	86.832
179.565	-0.099	86.842
179.560	-0.479	86.834
179.561	-0.834	86.835
179.553	-1.198	86.859
179.541	-1.522	86.842
179.525	-1.835	86.858
179.524	-2.098	86.851
179.517	-2.342	86.869
179.513	-2.477	86.866
179.545	-2.391	86.877
179.558	-2.289	86.908
179.552	-2.121	86.928
179.551	-1.933	86.919
179.566	-1.715	86.912
179.590	-1.490	86.909
179.618	-1.260	86.909
179.645	-0.961	86.874
179.659	-0.667	86.862
179.672	-0.384	86.861
179.692	-0.049	86.853
179.702	0.265	86.855
179.717	0.550	86.862
179.713	0.895	86.842
179.721	1.178	86.822
179.708	1.458	86.829
179.685	1.694	86.848
179.664	1.849	86.872
179.648	2.031	86.874
179.636	2.126	86.878
179.626	2.186	86.884
179.621	2.164	86.889
179.618	2.120	86.887
179.604	2.048	86.884
179.591	1.932	86.876
179.590	1.767	86.856
179.583	1.554	86.866
179.577	1.318	86.833
179.576	1.032	86.842
179.567	0.712	86.873
179.556	0.393	86.842
179.572	0.036	86.828
179.567	-0.359	86.818
179.568	-0.706	86.829
179.556	-1.089	86.851
179.555	-1.429	86.842
179.550	-1.754	86.853
179.529	-2.028	86.853
179.520	-2.291	86.877
179.521	-2.471	86.871
179.551	-2.407	86.863
179.553	-2.286	86.902
179.553	-2.147	86.927
179.545	-1.931	86.912
179.567	-1.764	86.919
179.586	-1.521	86.902
179.621	-1.291	86.900
179.647	-1.017	86.879
179.664	-0.725	86.857
179.671	-0.430	86.850
179.687	-0.122	86.863
179.695	0.197	86.852
179.710	0.483	86.875
179.711	0.827	86.840
179.715	1.098	86.849
179.709	1.385	86.819
179.684	1.601	86.863
179.677	1.799	86.870
179.650	1.956	86.886
179.639	2.078	86.888
179.627	2.160	86.872
179.624	2.141	86.892
179.612	2.106	86.890
179.600	2.062	86.869
179.598	1.940	86.865
179.587	1.770	86.861
179.586	1.579	86.869
179.576	1.352	86.834
179.571	1.068	86.865
179.570	0.786	86.855
179.563	0.445	86.852
179.566	0.119	86.829
179.575	-0.291	86.850
179.565	-0.648	86.829
179.560	-1.026	86.858
179.547	-1.368	86.845
179.550	-1.678	86.858
179.525	-1.977	86.865
179.518	-2.232	86.862
179.515	-2.424	86.867
179.534	-2.414	86.859
179.550	-2.323	86.887
179.557	-2.195	86.939
179.552	-1.998	86.941
179.564	-1.811	86.929
179.577	-1.558	86.900
179.603	-1.339	86.896
179.631	-1.077	86.898
179.661	-0.801	86.871
179.670	-0.502	86.864
179.684	-0.197	86.858
179.701	0.118	86.853
179.708	0.413	86.860
179.716	0.725	86.859
179.717	1.053	86.811
179.712	1.334	86.820
179.700	1.575	86.835
179.683	1.757	86.858
179.662	1.915	86.877
179.648	2.043	86.889
179.635	2.141	86.877
179.627	2.146	86.894
179.615	2.131	86.884
179.612	2.071	86.881
179.602	1.981	86.884
179.601	1.823	86.861
179.584	1.666	86.849
179.574	1.453	86.843
179.572	1.182	86.851
179.573	0.894	86.857
179.575	0.529	86.878
179.560	0.227	86.840
179.572	-0.120	86.837
179.563	-0.498	86.822
179.558	-0.863	86.833
179.549	-1.237	86.837
179.544	-1.570	86.844
179.538	-1.883	86.862
179.535	-2.150	86.864
179.526	-2.388	86.874
179.524	-2.467	86.868
179.549	-2.364	86.883
179.550	-2.219	86.907
179.545	-2.073	86.939
179.548	-1.885	86.912
179.571	-1.670	86.911
179.591	-1.435	86.898
179.619	-1.189	86.895
179.644	-0.897	86.864
179.666	-0.641	86.881
179.684	-0.335	86.871
179.702	-0.006	86.873
179.705	0.304	86.859
179.715	0.600	86.867
179.713	0.931	86.848
179.711	1.225	86.835
179.700	1.493	86.831
179.689	1.709	86.865
179.659	1.916	86.853
179.643	2.048	86.872
179.633	2.150	86.884
179.626	2.185	86.886
179.617	2.159	86.885
179.608	2.107	86.899
179.599	2.037	86.874
179.593	1.928	86.878
179.579	1.756	86.861
179.575	1.543	86.849
179.564	1.303	86.835
179.566	0.992	86.856
179.570	0.659	86.873
179.565	0.342	86.837
179.573	-0.025	86.841
179.575	-0.427	86.847
179.558	-0.758	86.840
179.550	-1.122	86.850
179.542	-1.460	86.843
179.528	-1.780	86.842
179.526	-2.072	86.855
179.517	-2.319	86.880
179.513	-2.490	86.859
179.550	-2.422	86.884
179.553	-2.289	86.908
179.548	-2.131	86.928
179.546	-1.947	86.930
179.557	-1.727	86.914
179.587	-1.509	86.897
179.609	-1.269	86.902
179.638	-0.969	86.862
179.661	-0.693	86.859
179.678	-0.395	86.866
179.703	-0.077	86.876
179.700	0.229	86.849
179.706	0.551	86.855
179.713	0.885	86.848
179.720	1.159	86.857
179.699	1.454	86.809
179.690	1.677	86.842
179.667	1.868	86.859
179.643	2.030	86.872
179.640	2.132	86.899
179.645	2.166	86.917
179.622	2.180	86.888
179.612	2.154	86.874
179.602	2.085	86.880
179.600	1.963	86.868
179.595	1.803	86.866
179.572	1.614	86.843
179.568	1.385	86.821
179.582	1.058	86.850
179.572	0.771	86.854
179.566	0.420	86.847
179.569	0.078	86.843
179.571	-0.315	86.814
179.553	-0.641	86.824
179.550	-1.038	86.829
179.541	-1.374	86.817
179.536	-1.721	86.843
179.528	-2.015	86.846
179.526	-2.278	86.851
179.513	-2.452	86.854
179.549	-2.388	86.859
179.556	-2.303	86.904
179.557	-2.126	86.930
179.544	-1.927	86.911
179.558	-1.746	86.916
179.585	-1.500	86.902
179.611	-1.238	86.884
179.645	-0.996	86.889
179.666	-0.706	86.865
179.672	-0.421	86.857
179.693	-0.117	86.866
179.692	0.210	86.838
179.711	0.477	86.879
179.705	0.833	86.841
179.705	1.126	86.820
179.703	1.393	86.820
179.685	1.630	86.829
179.666	1.808	86.863
179.647	1.957	86.870
179.642	2.080	86.884
179.629	2.137	86.874
179.621	2.133	86.893
179.613	2.092	86.888
179.599	2.030	86.875
179.595	1.921	86.869
179.579	1.776	86.865
179.584	1.579	86.865
179.570	1.362	86.842
179.566	1.099	86.843
179.572	0.774	86.877
179.566	0.444	86.854
179.565	0.127	86.834
179.565	-0.227	86.822
179.562	-0.594	86.824
179.563	-0.968	86.845
179.549	-1.354	86.843
179.546	-1.664	86.852
179.526	-1.956	86.850
179.522	-2.223	86.880
179.513	-2.412	86.868
179.537	-2.441	86.858
179.558	-2.325	86.893
179.559	-2.191	86.932
179.546	-2.013	86.919
179.557	-1.814	86.929
179.572	-1.590	86.909
179.603	-1.353	86.898
179.629	-1.086	86.874
179.652	-0.823	86.866
179.667	-0.537	86.868
179.686	-0.225	86.865
179.705	0.086	86.865
179.707	0.394	86.863
179.713	0.723	86.860
179.711	1.038	86.838
179.719	1.304	86.830
179.706	1.556	86.847
179.676	1.771	86.856
179.660	1.932	86.858
179.644	2.070	86.885
179.641	2.151	86.891
179.627	2.185	86.870
179.619	2.152	86.876
179.615	2.105	86.873
179.599	2.010	86.865
179.595	1.867	86.862
179.586	1.682	86.863
179.583	1.481	86.835
179.570	1.216	86.822
179.570	0.910	86.833
179.578	0.586	86.872
179.577	0.218	86.861
179.570	-0.110	86.826
179.569	-0.480	86.808
179.575	-0.877	86.840
179.555	-1.203	86.848
179.546	-1.546	86.843
179.540	-1.863	86.858
179.529	-2.117	86.854
179.523	-2.368	86.859
179.524	-2.450	86.859
179.546	-2.352	86.875
179.556	-2.250	86.921
179.541	-2.055	86.926
179.551	-1.872	86.930
179.564	-1.649	86.892
179.600	-1.434	86.913
179.630	-1.190	86.910
179.651	-0.908	86.885
179.670	-0.630	86.883
179.687	-0.324	86.877
179.692	0.016	86.864
179.698	0.307	86.849
179.711	0.600	86.873
179.723	0.943	86.853
179.715	1.231	86.829
179.691	1.505	86.817
179.675	1.694	86.854
179.659	1.849	86.879
179.645	2.009	86.877
179.639	2.104	86.900
179.616	2.153	86.882
179.620	2.119	86.904
179.597	2.095	86.882
179.593	2.008	86.867
179.584	1.879	86.876
179.579	1.694	86.872
179.572	1.504	86.844
179.570	1.263	86.825
179.564	0.961	86.854
179.563	0.639	86.873
179.559	0.324	86.840
179.563	-0.023	86.831
179.563	-0.423	86.828
179.549	-0.774	86.837
179.555	-1.132	86.835
179.538	-1.475	86.831
179.538	-1.795	86.854
179.521	-2.069	86.855
179.503	-2.292	86.848
179.511	-2.468	86.866
179.539	-2.399	86.864
179.546	-2.278	86.898
179.536	-2.117	86.930
179.545	-1.947	86.931
179.564	-1.758	86.926
179.578	-1.507	86.918
179.604	-1.252	86.886
179.632	-0.993	86.869
179.654	-0.700	86.860
179.672	-0.433	86.856
179.688	-0.093	86.861
179.695	0.199	86.872
179.703	0.512	86.860
179.713	0.849	86.846
179.713	1.132	86.834
179.697	1.413	86.817
179.691	1.650	86.834
179.669	1.832	86.859
179.654	2.001	86.877
179.642	2.116	86.883
179.632	2.160	86.905
179.620	2.175	86.879
179.619	2.123	86.895
179.604	2.064	86.878
179.587	1.954	86.864
179.585	1.789	86.867
179.582	1.598	86.857
179.584	1.360	86.853
179.586	1.055	86.866
179.574	0.783	86.858
179.567	0.438	86.843
179.581	0.088	86.845
179.575	-0.272	86.817
179.567	-0.647	86.831
179.558	-1.008	86.849
179.555	-1.372	86.855
179.547	-1.674	86.841
179.536	-1.987	86.854
179.529	-2.245	86.862
179.510	-2.444	86.863
179.544	-2.415	86.856
179.559	-2.307	86.884
179.562	-2.162	86.930
179.550	-1.984	86.921
179.558	-1.801	86.924
179.578	-1.559	86.900
179.608	-1.335	86.901
179.637	-1.050	86.884
179.662	-0.778	86.872
179.681	-0.482	86.870
179.696	-0.175	86.871
179.700	0.159	86.844
179.716	0.440	86.882
179.717	0.768	86.852
179.721	1.069	86.851
179.713	1.345	86.841
179.691	1.604	86.837
179.676	1.803	86.855
179.652	1.954	86.872
179.638	2.083	86.884
179.641	2.160	86.887
179.627	2.174	86.895
179.617	2.129	86.881
179.603	2.079	86.884
179.592	1.970	86.881
179.589	1.822	86.870
179.593	1.633	86.873
179.562	1.433	86.838
179.563	1.141	86.860
179.570	0.843	86.868
179.569	0.517	86.850
179.558	0.180	86.835
179.557	-0.184	86.825
179.554	-0.552	86.821
179.557	-0.942	86.829
179.542	-1.293	86.841
179.535	-1.636	86.855
179.528	-1.912	86.841
179.519	-2.214	86.876
179.514	-2.415	86.861
179.524	-2.450	86.845
179.546	-2.356	86.882
179.552	-2.237	86.931
179.548	-2.059	86.928
179.544	-1.854	86.911
179.566	-1.627	86.896
179.594	-1.395	86.901
179.619	-1.119	86.882
179.653	-0.854	86.869
179.661	-0.566	86.879
179.677	-0.271	86.874
179.691	0.078	86.851
179.710	0.365	86.880
179.708	0.692	86.860
179.713	1.022	86.843
179.713	1.309	86.820
179.692	1.550	86.837
179.675	1.748	86.863
179.648	1.950	86.862
179.646	2.073	86.889
179.643	2.152	86.901
179.622	2.178	86.902
179.613	2.162	86.894
179.602	2.123	86.890
179.598	2.042	86.868
179.596	1.900	86.865
179.592	1.696	86.886
179.574	1.495	86.865
179.576	1.242	86.846
179.571	0.946	86.856
179.571	0.630	86.855
179.576	0.265	86.850
179.564	-0.072	86.830
179.571	-0.455	86.825
179.562	-0.852	86.861
179.559	-1.200	86.838
179.550	-1.547	86.848
179.534	-1.849	86.847
179.529	-2.135	86.862
179.520	-2.381	86.876
179.525	-2.465	86.862
179.552	-2.359	86.870
179.552	-2.247	86.905
179.553	-2.081	86.931
179.541	-1.869	86.913
179.578	-1.693	86.917
179.594	-1.445	86.899
179.628	-1.192	86.906
179.647	-0.869	86.849
179.673	-0.611	86.862
179.693	-0.328	86.874
179.697	0.014	86.874
179.704	0.330	86.858
179.714	0.634	86.869
179.705	0.987	86.841
179.715	1.255	86.822
179.704	1.530	86.830
179.680	1.735	86.853
179.665	1.917	86.873
179.646	2.059	86.885
179.640	2.153	86.893
179.627	2.184	86.886
179.619	2.190	86.878
179.608	2.138	86.889
179.607	2.055	86.892
179.586	1.940	86.864
179.590	1.740	86.870
179.571	1.550	86.848
179.570	1.290	86.833
179.568	1.000	86.851
179.572	0.669	86.868
179.560	0.330	86.841
179.566	-0.015	86.823
179.564	-0.408	86.820
179.557	-0.795	86.837
179.570	-1.171	86.859
179.554	-1.495	86.835
179.544	-1.836	86.876
179.530	-2.116	86.875
179.510	-2.339	86.857
179.526	-2.471	86.850
179.555	-2.400	86.879
179.549	-2.259	86.916
179.558	-2.105	86.932
179.537	-1.897	86.926
179.558	-1.690	86.917
179.586	-1.476	86.909
179.626	-1.225	86.893
179.636	-0.918	86.872
179.661	-0.654	86.869
179.683	-0.374	86.869
179.693	-0.021	86.858
179.701	0.261	86.846
179.706	0.572	86.856
179.718	0.907	86.846
179.708	1.179	86.827
179.697	1.468	86.807
179.681	1.670	86.855
179.666	1.853	86.872
179.645	1.996	86.889
179.630	2.130	86.870
179.628	2.141	86.892
179.624	2.144	86.878
179.619	2.086	86.888
179.602	2.036	86.874
179.594	1.906	86.881
179.585	1.746	86.871
179.578	1.533	86.874
179.575	1.304	86.846
179.572	1.017	86.866
179.564	0.730	86.847
179.555	0.395	86.841
179.566	0.028	86.836
179.561	-0.331	86.813
179.555	-0.697	86.831
179.548	-1.065	86.846
179.545	-1.398	86.827
179.543	-1.727	86.843
179.527	-2.008	86.839
179.524	-2.295	86.870
179.521	-2.448	86.853
179.539	-2.416	86.864
179.557	-2.305	86.903
179.553	-2.171	86.942
179.552	-1.974	86.927
179.566	-1.778	86.935
179.584	-1.545	86.898
179.612	-1.291	86.881
179.644	-1.022	86.876
179.657	-0.739	86.876
179.674	-0.461	86.864
179.699	-0.118	86.861
179.701	0.190	86.849
179.710	0.499	86.859
179.717	0.826	86.865
179.715	1.126	86.839
179.703	1.418	86.820
179.692	1.642	86.847
179.668	1.847	86.866
179.648	2.015	86.870
179.639	2.113	86.896
179.632	2.174	86.890
179.620	2.198	86.879
179.622	2.135	86.907
179.607	2.083	86.866
179.598	1.972	86.880
179.588	1.810	86.869
179.580	1.604	86.876
179.579	1.389	86.852
179.576	1.094	86.864
179.567	0.812	86.857
179.560	0.442	86.861
179.567	0.088	86.854
179.565	-0.260	86.836
179.567	-0.634	86.838
179.551	-1.003	86.830
179.542	-1.383	86.847
179.532	-1.690	86.835
179.522	-1.964	86.828
179.520	-2.249	86.865
179.505	-2.442	86.852
179.545	-2.439	86.864
179.551	-2.319	86.891
179.556	-2.189	86.930
179.547	-2.001	86.939
179.553	-1.780	86.923
179.573	-1.542	86.889
179.612	-1.345	86.920
179.637	-1.046	86.896
179.659	-0.774	86.873
179.663	-0.476	86.862
179.684	-0.149	86.859
179.705	0.139	86.872
179.709	0.453	86.871
179.714	0.767	86.866
179.714	1.083	86.849
179.711	1.375	86.815
179.686	1.612	86.846
179.672	1.792	86.870
179.654	1.966	86.866
179.643	2.068	86.890
179.646	2.134	86.913
179.621	2.163	86.884
179.606	2.142	86.873
179.600	2.089	86.857
179.597	1.965	86.878
179.586	1.809	86.865
179.581	1.641	86.855
179.568	1.428	86.830
179.570	1.162	86.832
179.568	0.838	86.856
179.565	0.496	86.853
179.569	0.176	86.834
179.566	-0.199	86.828
179.555	-0.551	86.820
179.553	-0.920	86.839
179.557	-1.310	86.841
179.542	-1.611	86.836
179.538	-1.912	86.847
179.517	-2.174	86.836
179.522	-2.407	86.863
179.533	-2.429	86.837
179.560	-2.360	86.884
179.561	-2.220	86.924
179.552	-2.047	86.924
179.558	-1.831	86.920
179.582	-1.610	86.899
179.606	-1.384	86.890
179.625	-1.109	86.883
179.668	-0.846	86.885
179.668	-0.553	86.869
179.689	-0.222	86.861
179.699	0.097	86.838
179.715	0.402	86.855
179.716	0.725	86.850
179.717	1.031	86.843
179.708	1.340	86.823
179.701	1.587	86.834
179.681	1.793	86.855
179.659	1.972	86.874
179.643	2.111	86.881
179.639	2.174	86.903
179.636	2.211	86.884
179.620	2.197	86.884
179.604	2.151	86.875
179.601	2.046	86.884
179.590	1.908	86.884
179.586	1.718	86.873
179.580	1.513	86.851
179.573	1.241	86.854
179.569	0.945	86.852
179.573	0.618	86.858
179.568	0.278	86.835
179.560	-0.081	86.823
179.566	-0.484	86.813
179.553	-0.844	86.837
179.545	-1.212	86.834
179.550	-1.556	86.839
179.531	-1.876	86.863
179.530	-2.164	86.858
179.506	-2.375	86.865
179.524	-2.472	86.856
179.551	-2.363	86.865
179.545	-2.227	86.921
179.552	-2.079	86.926
179.550	-1.874	86.916
179.565	-1.660	86.909
179.600	-1.417	86.893
179.622	-1.186	86.903
179.652	-0.889	86.879
179.662	-0.609	86.880
179.686	-0.309	86.859
179.698	0.012	86.872
179.706	0.320	86.858
179.710	0.647	86.852
179.717	0.967	86.839
179.718	1.238	86.838
179.701	1.507	86.830
179.684	1.729	86.866
179.662	1.903	86.882
179.645	2.054	86.887
179.642	2.132	86.899
179.631	2.184	86.887
179.623	2.174	86.899
179.614	2.136	86.872
179.605	2.053	86.866
179.595	1.902	86.879
179.584	1.742	86.858
179.573	1.524	86.850
179.573	1.295	86.824
179.566	0.977	86.869
179.567	0.664	86.865
179.567	0.324	86.843
179.567	-0.024	86.846
179.571	-0.417	86.822
179.564	-0.794	86.851
179.553	-1.139	86.848
179.547	-1.471	86.819
179.541	-1.824	86.844
179.523	-2.089	86.861
179.521	-2.322	86.872
179.524	-2.476	86.866
179.556	-2.383	86.858
179.563	-2.286	86.935
179.552	-2.127	86.941
179.552	-1.916	86.924
179.569	-1.740	86.922
179.590	-1.467	86.887
179.620	-1.245	86.904
179.645	-0.951	86.861
179.675	-0.686	86.887
179.683	-0.374	86.861
179.699	-0.059	86.862
179.707	0.253	86.867
179.720	0.528	86.874
179.719	0.896	86.842
179.716	1.156	86.841
179.705	1.452	86.832
179.689	1.683	86.853
179.671	1.873	86.855
179.651	2.002	86.886
179.642	2.127	86.879
179.635	2.172	86.897
179.627	2.164	86.904
179.609	2.127	86.890
179.602	2.072	86.873
179.600	1.922	86.888
179.586	1.785	86.861
179.581	1.589	86.849
179.567	1.351	86.841
179.568	1.044	86.858
179.567	0.757	86.861
179.564	0.381	86.850
179.566	0.042	86.858
179.564	-0.314	86.832
179.548	-0.680	86.822
179.556	-1.049	86.836
179.548	-1.416	86.845
179.536	-1.725	86.843
179.526	-2.028	86.855
179.518	-2.302	86.882
179.510	-2.449	86.868
179.537	-2.403	86.862
179.552	-2.292	86.890
179.550	-2.164	86.950
179.535	-1.936	86.919
179.556	-1.766	86.923
179.590	-1.527	86.913
179.608	-1.287	86.889
179.640	-1.020	86.892
179.652	-0.717	86.865
179.673	-0.436	86.863
179.684	-0.096	86.862
179.700	0.207	86.861
179.712	0.518	86.861
179.708	0.847	86.844
179.715	1.141	86.839
179.707	1.438	86.829
179.688	1.675	86.843
179.666	1.869	86.856
179.649	2.023	86.877
179.640	2.122	86.909
179.633	2.203	86.882
179.625	2.195	86.895
179.608	2.166	86.898
179.604	2.107	86.882
179.594	1.995	86.876
179.590	1.818	86.886
179.586	1.621	86.876
179.584	1.389	86.861
179.575	1.095	86.857
179.568	0.790	86.875
179.571	0.453	86.852
179.569	0.100	86.849
179.564	-0.261	86.828
179.567	-0.620	86.820
179.552	-0.996	86.829
179.558	-1.366	86.860
179.554	-1.701	86.847
179.534	-1.989	86.849
179.527	-2.255	86.865
179.517	-2.441	86.866
179.540	-2.404	86.859
179.555	-2.314	86.894
179.556	-2.171	86.937
179.544	-1.958	86.923
179.561	-1.780	86.909
179.588	-1.545	86.906
179.611	-1.293	86.890
179.637	-1.022	86.876
179.668	-0.752	86.870
179.675	-0.482	86.876
179.700	-0.156	86.867
179.703	0.186	86.848
179.715	0.459	86.885
179.728	0.793	86.867
179.720	1.129	86.822
179.709	1.379	86.841
179.699	1.610	86.850
179.673	1.809	86.873
179.658	1.969	86.881
179.650	2.102	86.887
179.628	2.181	86.872
179.622	2.190	86.875
179.614	2.145	86.890
179.597	2.090	86.870
179.595	1.980	86.870
179.594	1.810	86.872
179.587	1.603	86.874
179.574	1.402	86.840
179.568	1.138	86.837
179.567	0.822	86.852
179.571	0.458	86.871
179.567	0.132	86.848
179.570	-0.220	86.834
179.569	-0.603	86.825
179.557	-0.978	86.850
179.548	-1.333	86.838
179.543	-1.659	86.838
179.525	-1.958	86.860
179.530	-2.228	86.874
179.511	-2.438	86.871
179.541	-2.448	86.861
179.545	-2.340	86.888
179.560	-2.203	86.933
179.543	-2.017	86.927
179.555	-1.849	86.941
179.572	-1.605	86.907
179.587	-1.359	86.896
179.625	-1.118	86.887
179.654	-0.836	86.892
179.659	-0.534	86.869
179.685	-0.221	86.871
179.688	0.104	86.855
179.712	0.383	86.881
179.701	0.725	86.854
179.707	1.032	86.838
179.706	1.330	86.819
179.687	1.568	86.843
179.673	1.759	86.859
179.655	1.934	86.880
179.630	2.057	86.899
179.631	2.155	86.876
179.627	2.166	86.890
179.602	2.160	86.880
179.598	2.110	86.875
179.597	1.992	86.874
179.581	1.874	86.860
179.575	1.674	86.860
179.581	1.445	86.850
179.569	1.192	86.852
179.567	0.878	86.866
179.567	0.549	86.857
179.568	0.199	86.855
179.565	-0.140	86.833
179.561	-0.529	86.830
179.550	-0.876	86.843
179.551	-1.236	86.841
179.548	-1.575	86.852
179.533	-1.890	86.843
179.531	-2.162	86.865
179.519	-2.399	86.874
179.530	-2.441	86.854
179.552	-2.369	86.867
179.564	-2.239	86.936
179.553	-2.060	86.929
179.551	-1.862	86.919
179.570	-1.647	86.916
179.598	-1.393	86.886
179.625	-1.158	86.902
179.650	-0.880	86.881
179.667	-0.587	86.868
179.698	-0.309	86.872
179.693	0.050	86.849
179.708	0.342	86.877
179.717	0.652	86.875
179.726	0.987	86.839
179.714	1.274	86.822
179.705	1.538	86.837
179.684	1.738	86.873
179.666	1.920	86.880
179.649	2.051	86.883
179.636	2.160	86.890
179.630	2.188	86.888
179.626	2.170	86.894
179.612	2.128	86.882
179.600	2.047	86.870
179.599	1.905	86.859
179.593	1.718	86.878
179.581	1.511	86.861
179.569	1.265	86.843
179.573	0.960	86.861
179.578	0.621	86.866
179.571	0.283	86.850
179.568	-0.037	86.819
179.570	-0.460	86.832
179.560	-0.800	86.826
179.553	-1.179	86.836
179.549	-1.507	86.828
179.536	-1.845	86.848
179.535	-2.131	86.873
179.515	-2.364	86.880
179.524	-2.439	86.852
179.552	-2.370	86.877
179.553	-2.242	86.910
179.545	-2.078	86.937
179.554	-1.885	86.914
179.570	-1.672	86.924
179.596	-1.458	86.901
179.623	-1.207	86.910
179.653	-0.921	86.883
179.664	-0.639	86.874
179.687	-0.354	86.873
179.697	-0.035	86.870
179.700	0.267	86.867
179.713	0.576	86.881
179.715	0.900	86.864
179.712	1.190	86.841
179.705	1.473	86.824
179.686	1.666	86.868
179.665	1.870	86.867
179.648	2.018	86.869
179.637	2.102	86.901
179.631	2.166	86.878
179.611	2.153	86.886
179.612	2.108	86.885
179.608	2.029	86.884
179.593	1.895	86.891
179.590	1.730	86.876
179.572	1.561	86.857
179.572	1.311	86.840
179.575	1.006	86.866
179.571	0.695	86.876
179.575	0.354	86.854
179.567	0.032	86.836
179.563	-0.374	86.822
179.558	-0.713	86.831
179.554	-1.097	86.849
179.549	-1.450	86.829
179.528	-1.779	86.862
179.533	-2.046	86.859
179.516	-2.295	86.858
179.513	-2.467	86.869
179.547	-2.418	86.883
179.552	-2.297	86.901
179.554	-2.153	86.932
179.552	-1.969	86.932
179.557	-1.740	86.906
179.579	-1.537	86.897
179.614	-1.300	86.902
179.630	-0.996	86.868
179.662	-0.729	86.873
179.671	-0.422	86.861
179.703	-0.132	86.885
179.707	0.176	86.874
179.707	0.490	86.879
179.705	0.847	86.851
179.711	1.135	86.826
179.712	1.423	86.826
179.686	1.642	86.857
179.673	1.837	86.871
179.651	1.993	86.878
179.637	2.116	86.904
179.636	2.175	86.888
179.622	2.186	86.884
179.622	2.146	86.900
179.607	2.077	86.892
179.601	1.965	86.894
179.587	1.809	86.867
179.586	1.615	86.867
179.574	1.387	86.854
179.577	1.110	86.855
179.571	0.802	86.862
179.574	0.456	86.862
179.576	0.122	86.841
179.564	-0.260	86.825
179.564	-0.600	86.819
179.558	-0.996	86.845
179.553	-1.346	86.827
179.552	-1.684	86.859
179.535	-1.986	86.861
179.531	-2.242	86.866
179.517	-2.451	86.867
179.534	-2.406	86.842
179.558	-2.324	86.912
179.554	-2.185	86.936
179.554	-2.010	86.928
179.559	-1.810	86.933
179.575	-1.565	86.904
179.607	-1.337	86.905
179.626	-1.071	86.897
179.660	-0.782	86.869
179.669	-0.510	86.865
179.684	-0.180	86.857
179.707	0.126	86.855
179.700	0.423	86.866
179.710	0.743	86.869
179.712	1.071	86.849
179.705	1.352	86.827
179.689	1.607	86.823
179.676	1.778	86.880
179.645	1.950	86.875
179.647	2.055	86.899
179.636	2.164	86.880
179.627	2.179	86.873
179.617	2.143	86.876
179.602	2.074	86.890
179.602	1.998	86.863
179.590	1.842	86.868
179.582	1.638	86.866
179.579	1.438	86.843
179.570	1.158	86.851
179.568	0.848	86.862
179.566	0.515	86.856
179.567	0.171	86.854
179.564	-0.180	86.828
179.555	-0.546	86.804
179.556	-0.935	86.849
179.548	-1.291	86.839
179.541	-1.594	86.827
179.533	-1.924	86.845
179.524	-2.197	86.864
179.513	-2.410	86.865
179.530	-2.449	86.863
179.553	-2.347	86.876
179.556	-2.191	86.911
179.545	-2.031	86.936
179.550	-1.834	86.929
179.576	-1.631	86.917
179.607	-1.397	86.905
179.617	-1.117	86.889
179.659	-0.841	86.862
179.667	-0.567	86.869
179.680	-0.247	86.851
179.692	0.045	86.868
179.717	0.338	86.883
179.714	0.674	86.856
179.722	0.985	86.845
179.716	1.283	86.816
179.711	1.521	86.857
179.686	1.736	86.858
179.661	1.911	86.879
179.646	2.055	86.876
179.646	2.126	86.901
179.624	2.165	86.885
179.623	2.142	86.889
179.613	2.086	86.891
179.608	1.985	86.903
179.592	1.860	86.875
179.580	1.717	86.843
179.580	1.478	86.849
179.582	1.218	86.840
179.574	0.922	86.878
179.571	0.602	86.867
179.562	0.269	86.842
179.567	-0.080	86.836
179.569	-0.471	86.827
179.568	-0.847	86.851
179.559	-1.204	86.853
179.543	-1.535	86.823
179.540	-1.855	86.856
179.527	-2.148	86.865
179.514	-2.383	86.861
179.522	-2.464	86.856
179.555	-2.380	86.867
179.551	-2.244	86.919
179.557	-2.100	86.934
179.546	-1.876	86.934
179.566	-1.683	86.922
179.582	-1.438	86.890
179.613	-1.186	86.892
179.642	-0.908	86.871
179.659	-0.631	86.854
179.676	-0.341	86.852
179.698	-0.017	86.864
179.703	0.271	86.878
179.703	0.593	86.870
179.715	0.928	86.847
179.718	1.217	86.819
179.703	1.482	86.829
179.681	1.699	86.851
179.658	1.876	86.858
179.652	2.014	86.887
179.633	2.112	86.892
179.632	2.164	86.892
179.612	2.151	86.883
179.604	2.124	86.872
179.599	2.012	86.893
179.595	1.893	86.879
179.582	1.729	86.876
179.578	1.501	86.872
179.567	1.275	86.851
179.567	0.967	86.865
179.567	0.637	86.892
179.562	0.332	86.842
179.566	-0.006	86.833
179.568	-0.416	86.835
179.560	-0.777	86.830
179.555	-1.150	86.850
179.548	-1.486	86.842
179.549	-1.804	86.868
179.529	-2.094	86.871
179.523	-2.330	86.872
179.521	-2.486	86.868
179.557	-2.390	86.868
179.558	-2.285	86.916
179.553	-2.110	86.930
179.555	-1.929	86.940
179.566	-1.733	86.932
179.588	-1.499	86.910
179.619	-1.242	86.889
179.644	-0.985	86.879
179.663	-0.672	86.857
179.693	-0.414	86.863
179.703	-0.089	86.869
179.698	0.225	86.856
179.714	0.506	86.878
179.718	0.836	86.860
179.714	1.146	86.828
179.698	1.444	86.802
179.697	1.622	86.866
179.676	1.826	86.869
179.653	1.989	86.870
179.635	2.101	86.878
179.632	2.157	86.874
179.624	2.147	86.878
179.612	2.113	86.891
179.607	2.040	86.875
179.598	1.925	86.870
179.594	1.766	86.846
179.591	1.564	86.870
179.579	1.327	86.849
179.579	1.050	86.858
179.568	0.756	86.868
179.561	0.423	86.849
179.564	0.096	86.820
179.574	-0.288	86.818
179.568	-0.665	86.837
179.563	-1.032	86.844
179.549	-1.387	86.844
179.545	-1.713	86.862
179.536	-1.980	86.843
179.528	-2.268	86.891
179.516	-2.460	86.880
179.539	-2.423	86.859
179.547	-2.317	86.881
179.548	-2.204	86.929
179.542	-1.968	86.898
179.550	-1.784	86.907
179.583	-1.576	86.911
179.606	-1.360	86.918
179.635	-1.071	86.887
179.648	-0.771	86.865
179.667	-0.498	86.872
179.689	-0.167	86.868
179.697	0.162	86.860
179.707	0.458	86.870
179.706	0.793	86.850
179.711	1.103	86.822
179.703	1.400	86.822
179.694	1.634	86.839
179.670	1.835	86.852
179.652	1.979	86.879
179.637	2.123	86.878
179.631	2.190	86.888
179.624	2.180	86.893
179.615	2.165	86.896
179.617	2.093	86.895
179.594	1.987	86.884
179.587	1.844	86.868
179.593	1.642	86.882
179.568	1.416	86.850
179.556	1.158	86.837
179.570	0.838	86.861
179.560	0.487	86.853
179.564	0.151	86.831
179.565	-0.225	86.821
179.557	-0.572	86.807
179.551	-0.957	86.838
179.552	-1.321	86.841
179.540	-1.649	86.835
179.532	-1.965	86.842
179.523	-2.251	86.867
179.515	-2.450	86.869
179.533	-2.422	86.857
179.553	-2.315	86.877
179.550	-2.170	86.929
179.546	-1.986	86.927
179.553	-1.789	86.913
179.568	-1.561	86.902
179.607	-1.345	86.904
179.637	-1.070	86.897
179.665	-0.802	86.879
179.664	-0.504	86.870
179.691	-0.206	86.859
179.695	0.119	86.853
179.711	0.410	86.876
179.718	0.732	86.866
179.712	1.047	86.835
179.712	1.315	86.824
179.689	1.581	86.824
179.675	1.773	86.859
179.657	1.926	86.865
179.641	2.058	86.883
179.638	2.119	86.892
179.629	2.137	86.888
179.626	2.109	86.887
179.608	2.058	86.871
179.595	1.944	86.867
179.592	1.804	86.868
179.584	1.616	86.871
179.570	1.431	86.841
179.565	1.167	86.841
179.574	0.877	86.850
179.570	0.535	86.867
179.565	0.194	86.842
179.562	-0.165	86.846
179.569	-0.530	86.824
179.562	-0.899	86.837
179.552	-1.256	86.848
179.550	-1.597	86.836
179.527	-1.878	86.841
179.528	-2.153	86.862
179.520	-2.401	86.876
179.534	-2.487	86.874
179.550	-2.370	86.884
179.561	-2.249	86.924
179.555	-2.077	86.920
179.551	-1.866	86.910
179.567	-1.650	86.903
179.590	-1.420	86.888
179.615	-1.161	86.884
179.642	-0.903	86.879
179.672	-0.646	86.888
179.695	-0.326	86.873
179.702	0.005	86.872
179.699	0.314	86.868
179.697	0.636	86.851
179.712	0.967	86.837
179.718	1.245	86.835
179.709	1.533	86.836
179.675	1.746	86.848
179.658	1.921	86.859
179.645	2.055	86.884
179.634	2.141	86.901
179.629	2.179	86.901
179.619	2.185	86.883
179.603	2.153	86.879
179.603	2.055	86.873
179.587	1.927	86.879
179.570	1.753	86.863
179.575	1.529	86.874
179.567	1.298	86.832
179.569	0.969	86.873
179.564	0.676	86.863
179.562	0.314	86.843
179.563	-0.039	86.850
179.568	-0.433	86.840
179.557	-0.781	86.832
179.552	-1.170	86.856
179.544	-1.504	86.833
179.535	-1.828	86.857
179.529	-2.110	86.863
179.513	-2.361	86.874
179.526	-2.462	86.857
179.552	-2.392	86.882
179.549	-2.256	86.917
179.549	-2.105	86.936
179.548	-1.911	86.929
179.571	-1.717	86.931
179.590	-1.462	86.893
179.618	-1.208	86.888
179.637	-0.926	86.869
179.667	-0.665	86.883
179.682	-0.360	86.866
179.691	-0.026	86.865
179.708	0.262	86.880
179.710	0.570	86.862
179.717	0.922	86.846
179.721	1.199	86.824
179.709	1.469	86.819
179.692	1.686	86.864
179.670	1.858	86.885
179.645	2.036	86.878
179.637	2.124	86.891
179.625	2.178	86.885
179.624	2.169	86.888
179.613	2.127	86.886
179.615	2.041	86.883
179.601	1.915	86.880
179.590	1.744	86.886
179.579	1.559	86.878
179.574	1.338	86.831
179.570	1.035	86.854
179.575	0.720	86.855
179.563	0.406	86.835
179.579	0.023	86.847
179.574	-0.346	86.825
179.569	-0.700	86.841
179.556	-1.046	86.831
179.541	-1.393	86.824
179.548	-1.749	86.858
179.529	-2.017	86.859
179.518	-2.274	86.858
179.516	-2.451	86.863
179.538	-2.394	86.852
179.563	-2.307	86.901
179.544	-2.149	86.924
179.548	-1.969	86.926
179.566	-1.773	86.925
179.589	-1.544	86.908
179.603	-1.286	86.883
179.635	-1.031	86.887
179.662	-0.739	86.867
179.677	-0.456	86.875
179.691	-0.124	86.856
179.702	0.182	86.856
179.718	0.478	86.874
179.715	0.814	86.859
179.716	1.111	86.842
179.714	1.408	86.821
179.696	1.636	86.850
179.675	1.814	86.874
179.649	1.995	86.873
179.637	2.114	86.890
179.646	2.160	86.909
179.625	2.190	86.891
179.617	2.155	86.887
179.602	2.102	86.871
179.594	1.992	86.864
179.589	1.815	86.870
179.586	1.615	86.885
179.565	1.423	86.832
179.571	1.118	86.858
179.562	0.816	86.878
179.563	0.480	86.860
179.573	0.133	86.843
179.560	-0.226	86.836
179.560	-0.596	86.832
179.553	-0.998	86.855
179.558	-1.356	86.860
179.543	-1.669	86.849
179.530	-1.956	86.852
179.519	-2.233	86.864
179.509	-2.450	86.869
179.546	-2.445	86.858
179.546	-2.320	86.870
179.556	-2.206	86.935
179.547	-2.005	86.927
179.554	-1.807	86.925
179.573	-1.576	86.902
179.610	-1.352	86.887
179.637	-1.101	86.901
179.658	-0.796	86.878
179.661	-0.504	86.857
179.688	-0.208	86.876
179.687	0.129	86.847
179.709	0.406	86.875
179.711	0.730	86.864
179.707	1.054	86.847
179.717	1.340	86.819
179.694	1.573	86.842
179.679	1.776	86.876
179.660	1.959	86.875
179.645	2.090	86.886
179.641	2.155	86.898
179.625	2.185	86.890
179.614	2.169	86.879
179.604	2.103	86.885
179.593	2.011	86.865
179.602	1.848	86.888
179.595	1.649	86.881
179.573	1.459	86.848
179.575	1.196	86.853
179.576	0.879	86.885
179.579	0.540	86.878
179.581	0.214	86.849
179.569	-0.148	86.839
179.566	-0.534	86.835
179.551	-0.893	86.823
179.548	-1.249	86.837
179.535	-1.573	86.831
179.529	-1.892	86.845
179.520	-2.158	86.878
179.514	-2.386	86.868
179.523	-2.461	86.878
179.548	-2.352	86.880
179.559	-2.234	86.929
179.546	-2.050	86.926
179.554	-1.851	86.926
179.574	-1.649	86.923
179.591	-1.394	86.886
179.625	-1.150	86.893
179.650	-0.847	86.870
179.668	-0.593	86.868
179.689	-0.280	86.857
179.690	0.063	86.840
179.703	0.354	86.855
179.709	0.644	86.866
179.710	0.976	86.849
179.712	1.274	86.815
179.700	1.528	86.832
179.680	1.742	86.857
179.660	1.909	86.872
179.643	2.045	86.881
179.640	2.125	86.899
179.625	2.176	86.888
179.630	2.153	86.909
179.609	2.103	86.882
179.607	2.041	86.865
179.594	1.897	86.865
179.591	1.687	86.894
179.571	1.520	86.835
179.578	1.232	86.851
179.572	0.933	86.866
179.569	0.619	86.869
179.572	0.274	86.851
179.568	-0.062	86.838
179.561	-0.446	86.817
179.562	-0.832	86.824
179.555	-1.181	86.855
179.556	-1.529	86.852
179.540	-1.852	86.858
179.538	-2.143	86.865
179.515	-2.354	86.872
179.530	-2.471	86.870
179.560	-2.402	86.884
179.554	-2.238	86.930
179.544	-2.090	86.921
179.543	-1.868	86.920
179.564	-1.675	86.907
179.584	-1.442	86.895
179.622	-1.199	86.896
179.655	-0.969	86.897
179.656	-0.630	86.862
179.681	-0.353	86.877
179.697	-0.033	86.860
179.705	0.280	86.850
179.704	0.576	86.859
179.709	0.899	86.843
179.714	1.181	86.835
179.704	1.454	86.823
179.686	1.655	86.846
179.674	1.826	86.875
179.645	1.993	86.871
179.630	2.078	86.880
179.636	2.125	86.880
179.625	2.103	86.890
179.612	2.059	86.881
179.603	2.005	86.856
179.589	1.875	86.875
179.586	1.699	86.873
179.581	1.504	86.861
179.574	1.285	86.832
179.571	0.975	86.855
179.564	0.700	86.854
179.571	0.345	86.846
179.567	0.004	86.829
179.561	-0.356	86.825
179.552	-0.723	86.828
179.556	-1.072	86.833
179.543	-1.423	86.845
179.542	-1.757	86.859
179.522	-2.023	86.846
179.522	-2.282	86.867
179.509	-2.449	86.858
179.550	-2.406	86.866
179.557	-2.283	86.905
179.557	-2.147	86.929
179.555	-1.953	86.920
179.554	-1.786	86.922
179.586	-1.530	86.905
179.602	-1.289	86.891
179.637	-1.016	86.892
179.653	-0.746	86.857
179.671	-0.449	86.862
179.685	-0.143	86.858
179.708	0.149	86.875
179.706	0.463	86.862
179.717	0.801	86.854
179.709	1.108	86.828
179.700	1.378	86.827
179.688	1.634	86.844
179.670	1.806	86.863
179.648	1.979	86.870
179.644	2.121	86.886
179.631	2.185	86.878
179.624	2.188	86.885
179.615	2.163	86.872
179.601	2.097	86.879
179.593	1.957	86.881
179.596	1.814	86.887
179.592	1.617	86.868
179.573	1.400	86.852
179.574	1.113	86.859
179.566	0.828	86.842
179.568	0.463	86.869
179.566	0.141	86.851
179.569	-0.237	86.845
179.550	-0.605	86.821
179.548	-0.976	86.845
179.562	-1.348	86.847
179.543	-1.666	86.849
179.530	-1.968	86.864
179.519	-2.235	86.861
179.512	-2.459	86.867
179.532	-2.428	86.850
179.555	-2.344	86.901
179.555	-2.194	86.932
179.550	-1.992	86.924
179.560	-1.823	86.939
179.578	-1.587	86.920
179.604	-1.354	86.900
179.633	-1.062	86.883
179.657	-0.776	86.854
179.677	-0.503	86.875
179.687	-0.192	86.873
179.704	0.098	86.876
179.714	0.406	86.871
179.715	0.744	86.869
179.720	1.046	86.838
179.711	1.346	86.825
179.693	1.585	86.844
179.674	1.769	86.868
179.652	1.947	86.877
179.649	2.059	86.908
179.640	2.150	86.895
179.621	2.174	86.882
179.616	2.148	86.884
179.608	2.089	86.867
179.604	1.976	86.872
179.581	1.836	86.870
179.578	1.668	86.860
179.579	1.414	86.868
179.571	1.183	86.834
179.570	0.835	86.862
179.578	0.499	86.864
179.570	0.205	86.833
179.575	-0.175	86.830
179.561	-0.561	86.817
179.560	-0.932	86.859
179.552	-1.257	86.831
179.542	-1.610	86.835
179.536	-1.918	86.855
179.524	-2.191	86.863
179.516	-2.414	86.874
179.539	-2.460	86.849
179.548	-2.335	86.875
179.561	-2.205	86.924
179.549	-2.015	86.910
179.554	-1.834	86.922
179.573	-1.611	86.912
179.602	-1.374	86.894
179.630	-1.115	86.893
179.657	-0.846	86.884
179.668	-0.560	86.866
179.686	-0.235	86.852
179.695	0.071	86.856
179.708	0.364	86.875
179.710	0.682	86.869
179.700	1.016	86.837
179.705	1.285	86.827
179.711	1.524	86.844
179.679	1.737	86.867
179.671	1.897	86.899
179.644	2.049	86.876
179.637	2.144	86.893
179.627	2.161	86.889
179.621	2.125	86.901
179.604	2.092	86.895
179.603	2.000	86.875
179.600	1.853	86.872
179.582	1.691	86.856
179.576	1.460	86.858
179.578	1.210	86.846
179.566	0.915	86.870
179.567	0.574	86.865
179.560	0.261	86.832
179.554	-0.100	86.844
179.568	-0.472	86.827
179.562	-0.862	86.838
179.561	-1.239	86.862
179.547	-1.557	86.846
179.534	-1.873	86.856
179.529	-2.156	86.857
179.514	-2.363	86.859
179.521	-2.453	86.858
179.546	-2.374	86.884
179.555	-2.245	86.923
179.548	-2.074	86.929
179.541	-1.881	86.921
179.572	-1.670	86.909
179.593	-1.431	86.910
179.624	-1.198	86.907
179.649	-0.909	86.892
179.651	-0.605	86.859
179.684	-0.323	86.859
179.690	-0.013	86.878
179.706	0.296	86.871
179.704	0.615	86.866
179.713	0.936	86.851
179.709	1.232	86.813
179.691	1.491	86.814
179.687	1.696	86.854
179.668	1.859	86.882
179.644	2.004	86.886
179.637	2.101	86.889
179.627	2.160	86.883
179.625	2.137	86.877
179.612	2.097	86.881
179.599	2.020	86.865
179.588	1.900	86.859
179.593	1.703	86.874
179.575	1.518	86.851
179.575	1.284	86.839
179.578	0.994	86.852
179.573	0.667	86.856
179.570	0.325	86.845
179.569	-0.024	86.834
179.565	-0.403	86.807
179.568	-0.753	86.845
179.558	-1.122	86.838
179.548	-1.463	86.838
179.549	-1.783	86.843
179.529	-2.085	86.870
179.511	-2.320	86.870
179.528	-2.478	86.863
179.547	-2.372	86.865
179.562	-2.279	86.915
179.554	-2.119	86.928
179.551	-1.931	86.929
179.575	-1.755	86.935
179.586	-1.468	86.877
179.623	-1.253	86.897
179.643	-0.977	86.882
179.664	-0.698	86.868
179.677	-0.401	86.848
179.688	-0.085	86.851
179.704	0.209	86.864
179.708	0.526	86.857
179.706	0.858	86.850
179.720	1.135	86.837
179.711	1.406	86.833
179.692	1.638	86.859
179.671	1.845	86.854
179.650	1.988	86.878
179.644	2.082	86.894
179.642	2.136	86.902
179.631	2.142	86.892
179.613	2.117	86.883
179.606	2.048	86.869
179.597	1.917	86.872
179.582	1.781	86.845
179.584	1.546	86.872
179.575	1.335	86.836
179.574	1.048	86.849
179.581	0.724	86.871
179.570	0.397	86.852
179.567	0.073	86.833
179.569	-0.310	86.829
179.558	-0.672	86.830
179.555	-1.028	86.843
179.551	-1.395	86.834
179.540	-1.705	86.850
179.528	-2.005	86.851
179.522	-2.252	86.862
179.510	-2.462	86.867
179.535	-2.439	86.864
179.555	-2.332	86.904
179.554	-2.182	86.930
179.549	-1.984	86.922
179.547	-1.779	86.897
179.575	-1.575	86.911
179.604	-1.310	86.891
179.633	-1.066	86.898
179.661	-0.781	86.886
179.667	-0.499	86.860
179.690	-0.194	86.878
179.693	0.149	86.842
179.705	0.442	86.845
179.708	0.760	86.866
179.698	1.075	86.839
179.704	1.359	86.825
179.689	1.605	86.845
179.662	1.797	86.858
179.654	1.959	86.887
179.643	2.069	86.904
179.632	2.158	86.890
179.632	2.172	86.881
179.614	2.142	86.880
179.604	2.073	86.896
179.602	1.964	86.880
179.593	1.812	86.881
179.588	1.627	86.873
179.580	1.392	86.873
179.576	1.141	86.851
179.570	0.834	86.871
179.574	0.487	86.859
179.566	0.175	86.827
179.563	-0.202	86.825
179.552	-0.586	86.820
179.554	-0.948	86.835
179.550	-1.313	86.851
179.549	-1.651	86.844
179.527	-1.931	86.856
179.530	-2.208	86.864
179.521	-2.426	86.867
179.534	-2.452	86.867
179.558	-2.345	86.891
179.554	-2.184	86.923
179.551	-2.012	86.925
179.559	-1.808	86.922
179.579	-1.590	86.910
179.611	-1.367	86.898
179.627	-1.101	86.895
179.651	-0.792	86.855
179.671	-0.510	86.865
179.692	-0.226	86.877
179.701	0.103	86.854
179.708	0.396	86.871
179.708	0.726	86.857
179.712	1.040	86.827
179.710	1.334	86.814
179.690	1.582	86.837
179.681	1.776	86.854
179.658	1.956	86.873
179.650	2.084	86.886
179.638	2.158	86.898
179.631	2.187	86.894
179.610	2.178	86.869
179.615	2.100	86.888
179.595	2.017	86.872
179.592	1.859	86.879
179.580	1.681	86.849
179.575	1.470	86.850
179.569	1.220	86.838
179.574	0.876	86.868
179.565	0.576	86.855
179.565	0.219	86.846
179.564	-0.138	86.833
179.560	-0.504	86.815
179.552	-0.868	86.824
179.551	-1.228	86.836
179.540	-1.573	86.839
179.533	-1.874	86.848
179.529	-2.180	86.868
179.521	-2.398	86.873
179.526	-2.440	86.856
179.554	-2.356	86.867
179.549	-2.220	86.925
179.545	-2.054	86.934
179.550	-1.846	86.932
179.567	-1.640	86.921
179.591	-1.405	86.892
179.627	-1.148	86.894
179.647	-0.868	86.876
179.663	-0.593	86.853
179.687	-0.293	86.860
179.703	0.041	86.860
179.704	0.331	86.864
179.704	0.652	86.861
179.708	0.964	86.851
179.703	1.252	86.832
179.692	1.518	86.822
179.685	1.704	86.872
179.656	1.879	86.864
179.643	2.047	86.864
179.637	2.122	86.881
179.627	2.160	86.883
179.619	2.112	86.902
179.606	2.098	86.866
179.599	1.990	86.876
179.600	1.832	86.886
179.575	1.694	86.862
179.577	1.497	86.845
179.566	1.245	86.830
179.576	0.939	86.845
179.564	0.607	86.866
179.559	0.281	86.849
179.563	-0.066	86.833
179.566	-0.461	86.833
179.554	-0.809	86.832
179.549	-1.161	86.853
179.552	-1.494	86.835
179.540	-1.817	86.856
179.532	-2.094	86.864
179.518	-2.335	86.884
179.516	-2.480	86.874
179.540	-2.409	86.880
179.551	-2.293	86.913
179.555	-2.144	86.942
179.559	-1.928	86.915
179.562	-1.729	86.900
179.587	-1.466	86.903
179.623	-1.260	86.900
179.640	-0.950	86.868
179.659	-0.696	86.867
179.676	-0.391	86.855
179.694	-0.052	86.857
179.698	0.240	86.863
179.709	0.540	86.878
179.710	0.898	86.850
179.713	1.202	86.831
179.699	1.474	86.818
179.678	1.718	86.839
179.663	1.915	86.848
179.651	2.057	86.876
179.633	2.183	86.879
179.630	2.237	86.900
179.624	2.214	86.903
179.619	2.178	86.899
179.604	2.088	86.903
179.601	1.985	86.882
179.591	1.826	86.860
179.581	1.576	86.897
179.577	1.337	86.871
179.570	1.066	86.854
179.567	0.748	86.880
179.574	0.393	86.852
179.563	0.040	86.842
179.572	-0.341	86.838
179.569	-0.704	86.829
179.548	-1.085	86.839
179.553	-1.431	86.845
179.539	-1.780	86.858
179.528	-2.060	86.871
179.519	-2.315	86.850
179.519	-2.480	86.880
179.549	-2.399	86.860
179.557	-2.272	86.900
179.561	-2.163	86.936
179.550	-1.938	86.931
179.564	-1.728	86.915
179.586	-1.503	86.917
179.614	-1.233	86.895
179.647	-0.988	86.877
179.665	-0.699	86.866
179.681	-0.415	86.871
179.703	-0.083	86.864
179.707	0.204	86.875
179.716	0.511	86.870
179.715	0.832	86.853
179.707	1.138	86.829
179.706	1.393	86.835
179.690	1.612	86.858
179.667	1.815	86.871
179.648	1.953	86.879
179.629	2.062	86.899
179.634	2.096	86.891
179.615	2.121	86.878
179.612	2.079	86.889
179.602	2.017	86.871
179.585	1.897	86.884
179.588	1.727	86.884
179.580	1.552	86.871
179.572	1.355	86.822
179.572	1.054	86.856
179.568	0.754	86.852
179.558	0.428	86.846
179.574	0.090	86.842
179.565	-0.282	86.832
179.570	-0.652	86.841
179.545	-0.980	86.823
179.554	-1.359	86.830
179.543	-1.682	86.845
179.533	-1.959	86.855
179.525	-2.224	86.865
179.511	-2.412	86.861
179.533	-2.427	86.848
179.549	-2.331	86.882
179.555	-2.194	86.913
179.548	-2.021	86.931
179.563	-1.826	86.920
179.575	-1.615	86.904
179.604	-1.372	86.886
179.629	-1.117	86.886
179.651	-0.790	86.836
179.669	-0.543	86.870
179.688	-0.201	86.849
179.692	0.117	86.851
179.706	0.408	86.868
179.708	0.754	86.849
179.721	1.067	86.847
179.705	1.367	86.825
179.695	1.607	86.847
179.676	1.827	86.853
179.659	1.998	86.879
179.646	2.122	86.907
179.638	2.225	86.889
179.634	2.264	86.897
179.618	2.232	86.893
179.614	2.165	86.898
179.605	2.078	86.889
179.598	1.931	86.874
179.578	1.748	86.867
179.577	1.502	86.863
179.582	1.239	86.862
179.568	0.930	86.865
179.568	0.599	86.855
179.572	0.234	86.856
179.580	-0.120	86.842
179.565	-0.519	86.824
179.567	-0.908	86.847
179.551	-1.248	86.846
179.538	-1.585	86.829
179.522	-1.889	86.839
179.522	-2.198	86.868
179.521	-2.417	86.887
179.531	-2.447	86.850
179.555	-2.352	86.884
179.563	-2.219	86.927
179.549	-2.035	86.928
179.555	-1.835	86.928
179.572	-1.626	86.918
179.605	-1.381	86.909
179.627	-1.112	86.892
179.657	-0.817	86.875
179.666	-0.532	86.864
179.693	-0.247	86.872
179.699	0.088	86.852
179.713	0.388	86.865
179.708	0.715	86.861
179.710	1.018	86.861
179.709	1.297	86.823
179.695	1.556	86.834
179.677	1.739	86.869
179.665	1.916	86.886
179.654	2.052	86.895
179.629	2.145	86.894
179.630	2.179	86.887
179.618	2.155	86.885
179.613	2.084	86.897
179.602	2.019	86.871
179.591	1.851	86.880
179.593	1.661	86.884
179.573	1.476	86.856
179.583	1.220	86.858
179.571	0.909	86.865
179.575	0.572	86.882
179.563	0.252	86.845
179.564	-0.107	86.845
179.565	-0.488	86.839
179.555	-0.863	86.844
179.553	-1.194	86.843
179.543	-1.539	86.837
179.541	-1.869	86.855
179.533	-2.159	86.876
179.520	-2.355	86.871
179.529	-2.460	86.869
179.546	-2.367	86.872
179.561	-2.256	86.924
179.552	-2.070	86.920
179.551	-1.886	86.921
179.572	-1.673	86.897
179.596	-1.441	86.895
179.611	-1.199	86.907
179.651	-0.892	86.871
179.665	-0.617	86.868
179.687	-0.343	86.861
179.698	-0.018	86.863
179.704	0.309	86.844
179.711	0.589	86.881
179.720	0.940	86.854
179.713	1.239	86.826
179.699	1.513	86.833
179.679	1.730	86.859
179.659	1.907	86.872
179.645	2.054	86.873
179.636	2.163	86.888
179.628	2.194	86.901
179.626	2.196	86.880
179.610	2.138	86.889
179.602	2.073	86.869
179.606	1.928	86.883
179.596	1.752	86.883
179.587	1.545	86.875
179.567	1.315	86.825
179.571	1.010	86.865
179.565	0.708	86.869
179.560	0.343	86.841
179.564	0.015	86.837
179.570	-0.403	86.838
179.563	-0.739	86.832
179.548	-1.098	86.839
179.543	-1.454	86.842
179.536	-1.767	86.841
179.529	-2.076	86.872
179.522	-2.307	86.871
179.513	-2.463	86.869
179.543	-2.397	86.873
179.554	-2.274	86.903
179.554	-2.141	86.931
179.546	-1.945	86.934
179.563	-1.745	86.927
179.583	-1.497	86.897
179.605	-1.248	86.889
179.632	-0.993	86.869
179.664	-0.695	86.855
179.675	-0.407	86.857
179.690	-0.084	86.873
179.713	0.208	86.875
179.704	0.534	86.861
179.704	0.875	86.848
179.710	1.179	86.831
179.687	1.477	86.810
179.689	1.672	86.861
179.662	1.889	86.860
179.649	2.048	86.873
179.637	2.151	86.878
179.632	2.201	86.889
179.619	2.216	86.875
179.615	2.166	86.891
179.600	2.102	86.882
179.603	1.978	86.875
179.592	1.811	86.858
179.592	1.609	86.871
179.572	1.350	86.841
179.573	1.063	86.854
179.572	0.751	86.898
179.568	0.406	86.863
179.571	0.061	86.837
179.563	-0.314	86.842
179.566	-0.687	86.836
179.554	-1.054	86.845
179.548	-1.413	86.842
179.541	-1.753	86.865
179.529	-2.025	86.847
179.523	-2.283	86.873
179.516	-2.477	86.882
179.547	-2.406	86.869
179.555	-2.267	86.899
179.561	-2.158	86.933
179.542	-1.956	86.944
179.560	-1.754	86.931
179.597	-1.511	86.902
179.614	-1.264	86.904
179.637	-0.981	86.869
179.663	-0.715	86.884
179.672	-0.415	86.858
179.700	-0.116	86.888
179.704	0.210	86.870
179.709	0.513	86.845
179.717	0.844	86.851
179.716	1.138	86.831
179.706	1.421	86.814
179.691	1.651	86.836
179.673	1.841	86.859
179.656	1.994	86.879
179.649	2.104	86.892
179.634	2.178	86.893
179.630	2.166	86.898
179.614	2.133	86.890
179.605	2.083	86.879
179.598	1.954	86.872
179.591	1.799	86.881
179.578	1.618	86.863
179.583	1.372	86.835
179.573	1.098	86.861
179.566	0.794	86.875
179.578	0.438	86.861
179.560	0.110	86.833
179.564	-0.263	86.842
179.560	-0.632	86.831
179.545	-0.984	86.830
179.563	-1.357	86.850
179.548	-1.694	86.844
179.534	-1.987	86.848
179.522	-2.265	86.862
179.512	-2.457	86.872
179.536	-2.439	86.871
179.559	-2.330	86.890
179.557	-2.199	86.932
179.536	-1.982	86.928
179.556	-1.807	86.923
179.578	-1.561	86.909
179.602	-1.312	86.897
179.632	-1.057	86.886
179.652	-0.768	86.864
179.668	-0.495	86.879
179.698	-0.183	86.873
179.690	0.140	86.851
179.713	0.421	86.891
179.705	0.765	86.875
179.711	1.075	86.825
179.707	1.377	86.820
179.691	1.630	86.838
179.672	1.815	86.870
179.658	1.976	86.889
179.637	2.120	86.889
179.637	2.179	86.898
179.628	2.211	86.888
179.604	2.200	86.880
179.605	2.138	86.891
179.590	2.043	86.866
179.591	1.882	86.852
179.580	1.689	86.855
179.575	1.447	86.848
179.564	1.189	86.847
179.559	0.880	86.855
179.567	0.552	86.846
179.566	0.201	86.831
179.563	-0.173	86.838
179.567	-0.543	86.837
179.550	-0.929	86.849
179.550	-1.299	86.841
179.541	-1.622	86.858
179.534	-1.936	86.856
179.523	-2.213	86.872
179.514	-2.437	86.876
179.533	-2.438	86.843
179.556	-2.338	86.878
179.555	-2.197	86.925
179.543	-2.017	86.931
179.557	-1.819	86.918
179.578	-1.597	86.911
179.608	-1.350	86.897
179.632	-1.099	86.905
179.657	-0.818	86.873
179.665	-0.511	86.864
179.686	-0.214	86.873
179.697	0.116	86.853
179.713	0.402	86.849
179.722	0.708	86.864
179.709	1.038	86.831
179.713	1.324	86.820
179.693	1.559	86.837
179.680	1.752	86.866
179.662	1.934	86.883
179.654	2.052	86.904
179.644	2.158	86.871
179.627	2.174	86.877
179.625	2.148	86.889
179.607	2.117	86.856
179.599	1.990	86.883
179.594	1.876	86.866
179.584	1.685	86.873
179.578	1.464	86.840
179.580	1.197	86.854
179.573	0.906	86.874
179.588	0.557	86.872
179.573	0.247	86.847
179.574	-0.133	86.844
179.576	-0.506	86.833
179.559	-0.859	86.844
179.561	-1.222	86.828
179.547	-1.536	86.836
179.548	-1.875	86.860
179.538	-2.139	86.871
179.522	-2.365	86.869
179.533	-2.464	86.866
179.552	-2.373	86.864
179.556	-2.244	86.917
179.553	-2.098	86.938
179.548	-1.894	86.922
179.567	-1.681	86.912
179.595	-1.454	86.892
179.629	-1.209	86.902
179.655	-0.950	86.903
179.664	-0.642	86.865
179.689	-0.349	86.855
179.711	-0.053	86.885
179.699	0.286	86.871
179.719	0.587	86.868
179.716	0.920	86.849
179.709	1.216	86.827
179.698	1.487	86.840
179.679	1.716	86.842
179.674	1.875	86.876
179.646	2.064	86.869
179.638	2.150	86.887
179.622	2.195	86.887
179.619	2.207	86.876
179.613	2.165	86.879
179.601	2.077	86.879
179.590	1.955	86.872
179.583	1.763	86.861
179.572	1.566	86.865
179.566	1.315	86.848
179.567	1.022	86.854
179.573	0.696	86.869
179.561	0.355	86.852
179.558	0.017	86.836
179.567	-0.383	86.837
179.560	-0.765	86.854
179.551	-1.108	86.835
179.545	-1.454	86.841
179.531	-1.796	86.837
179.521	-2.080	86.861
179.519	-2.332	86.869
179.521	-2.453	86.860
179.542	-2.377	86.873
179.550	-2.259	86.918
179.552	-2.104	86.919
179.549	-1.914	86.928
179.565	-1.714	86.930
179.586	-1.478	86.908
179.622	-1.234	86.906
179.651	-0.960	86.886
179.662	-0.665	86.861
179.680	-0.398	86.866
179.693	-0.066	86.859
179.708	0.234	86.871
179.705	0.563	86.865
179.706	0.889	86.841
179.716	1.171	86.833
179.712	1.434	86.827
179.689	1.644	86.850
179.668	1.842	86.863
179.650	2.004	86.867
179.643	2.102	86.894
179.635	2.147	86.888
179.623	2.164	86.879
179.612	2.114	86.885
179.602	2.042	86.883
179.602	1.914	86.889
179.586	1.763	86.869
179.595	1.544	86.873
179.570	1.347	86.837
179.575	1.040	86.850
179.569	0.740	86.858
179.574	0.378	86.868
179.569	0.067	86.840
179.572	-0.320	86.842
179.563	-0.668	86.838
179.550	-1.023	86.841
179.546	-1.382	86.835
179.539	-1.696	86.845
179.529	-1.999	86.861
179.521	-2.244	86.869
179.511	-2.443	86.872
179.544	-2.419	86.866
179.557	-2.330	86.896
179.550	-2.169	86.926
179.542	-1.976	86.917
179.561	-1.803	86.921
179.587	-1.568	86.908
179.603	-1.339	86.902
179.627	-1.069	86.898
179.652	-0.766	86.867
179.674	-0.499	86.878
179.699	-0.200	86.885
179.698	0.143	86.860
179.714	0.443	86.861
179.720	0.768	86.857
179.718	1.082	86.846
179.705	1.382	86.826
179.706	1.597	86.864
179.670	1.825	86.854
179.657	1.977	86.876
179.647	2.122	86.888
179.635	2.194	86.887
179.617	2.222	86.867
179.612	2.198	86.890
179.601	2.114	86.884
179.600	2.032	86.882
179.590	1.864	86.872
179.576	1.693	86.858
179.570	1.446	86.849
179.574	1.171	86.860
179.563	0.866	86.851
179.565	0.524	86.861
179.569	0.178	86.857
179.564	-0.190	86.842
179.563	-0.568	86.830
179.559	-0.935	86.847
179.552	-1.297	86.848
179.540	-1.610	86.838
179.528	-1.927	86.849
179.533	-2.227	86.875
179.513	-2.420	86.865
179.532	-2.473	86.869
179.554	-2.337	86.886
179.560	-2.212	86.932
179.545	-2.019	86.934
179.554	-1.828	86.933
179.577	-1.619	86.929
179.610	-1.356	86.902
179.628	-1.091	86.877
179.656	-0.822	86.885
179.668	-0.546	86.882
179.687	-0.225	86.865
179.701	0.098	86.851
179.707	0.402	86.850
179.708	0.729	86.864
179.710	1.026	86.830
179.712	1.321	86.830
179.690	1.566	86.823
179.678	1.761	86.859
179.644	1.949	86.861
179.644	2.073	86.873
179.628	2.175	86.877
179.629	2.180	86.886
179.619	2.155	86.888
179.611	2.100	86.877
179.604	2.009	86.876
179.594	1.857	86.892
179.586	1.695	86.863
179.578	1.470	86.856
179.572	1.209	86.852
179.570	0.902	86.865
179.573	0.587	86.856
179.573	0.246	86.856
179.572	-0.115	86.842
179.564	-0.488	86.835
179.557	-0.856	86.839
179.555	-1.216	86.839
179.547	-1.547	86.845
179.535	-1.848	86.851
179.535	-2.147	86.871
179.520	-2.362	86.866
179.527	-2.448	86.856
179.548	-2.366	86.880
179.554	-2.231	86.913
179.543	-2.073	86.919
179.548	-1.886	86.910
179.576	-1.681	86.915
179.596	-1.429	86.899
179.622	-1.198	86.906
179.641	-0.911	86.865
179.668	-0.641	86.871
179.683	-0.367	86.869
179.693	-0.008	86.853
179.707	0.288	86.865
179.713	0.584	86.874
179.715	0.910	86.855
179.712	1.207	86.829
179.695	1.485	86.838
179.686	1.678	86.857
179.669	1.875	86.864
179.649	2.016	86.887
179.639	2.115	86.886
179.635	2.150	86.899
179.619	2.147	86.889
179.605	2.098	86.895
179.602	2.030	86.872
179.597	1.904	86.866
179.592	1.736	86.866
179.591	1.519	86.883
179.568	1.301	86.831
179.574	0.996	86.863
179.562	0.705	86.851
179.565	0.349	86.847
179.567	-0.010	86.829
179.572	-0.404	86.832
179.564	-0.743	86.832
179.557	-1.123	86.848
179.545	-1.484	86.829
179.539	-1.782	86.843
179.521	-2.057	86.847
179.521	-2.328	86.867
179.516	-2.459	86.869
179.550	-2.408	86.882
179.554	-2.278	86.915
179.557	-2.118	86.929
179.552	-1.923	86.921
179.571	-1.726	86.932
179.594	-1.487	86.897
179.625	-1.250	86.901
179.643	-0.966	86.869
179.667	-0.677	86.859
179.687	-0.407	86.869
179.697	-0.074	86.845
179.714	0.208	86.893
179.715	0.534	86.863
179.714	0.864	86.844
179.723	1.161	86.824
179.704	1.422	86.831
179.693	1.640	86.847
179.675	1.803	86.881
179.653	1.984	86.883
179.646	2.118	86.881
179.638	2.135	86.901
179.626	2.156	86.881
179.619	2.116	86.885
179.604	2.057	86.861
179.603	1.919	86.887
179.596	1.755	86.878
179.584	1.572	86.866
179.568	1.343	86.835
179.580	1.040	86.864
179.571	0.733	86.876
179.572	0.386	86.845
179.565	0.066	86.823
179.567	-0.318	86.808
179.568	-0.686	86.839
179.553	-1.058	86.832
179.557	-1.393	86.815
179.544	-1.730	86.841
179.535	-2.031	86.869
179.524	-2.274	86.875
179.517	-2.484	86.867
179.544	-2.419	86.871
179.556	-2.302	86.895
179.550	-2.157	86.936
179.559	-1.963	86.927
179.565	-1.776	86.932
179.587	-1.557	86.910
179.609	-1.297	86.906
179.639	-1.035	86.887
179.663	-0.750	86.877
179.675	-0.452	86.858
179.698	-0.168	86.871
179.697	0.166	86.857
179.710	0.454	86.872
179.720	0.792	86.859
179.704	1.109	86.822
179.710	1.377	86.827
179.691	1.616	86.839
179.672	1.795	86.872
179.649	1.961	86.875
179.644	2.076	86.887
179.634	2.136	86.892
179.625	2.159	86.877
179.609	2.123	86.880
179.604	2.059	86.883
179.601	1.942	86.881
179.592	1.788	86.878
179.584	1.630	86.843
179.575	1.375	86.851
179.576	1.106	86.851
179.568	0.803	86.871
179.575	0.449	86.870
179.573	0.118	86.847
179.571	-0.232	86.835
179.563	-0.604	86.827
179.559	-0.986	86.834
179.552	-1.341	86.834
179.544	-1.665	86.853
179.530	-1.965	86.864
179.518	-2.215	86.854
179.508	-2.435	86.866
179.541	-2.431	86.859
179.558	-2.344	86.898
179.553	-2.191	86.932
179.544	-1.997	86.910
179.555	-1.812	86.936
179.584	-1.604	86.918
179.611	-1.355	86.908
179.627	-1.074	86.886
179.664	-0.805	86.879
179.666	-0.500	86.865
179.690	-0.200	86.861
179.698	0.131	86.847
179.715	0.405	86.873
179.712	0.730	86.863
179.712	1.054	86.838
179.709	1.324	86.831
179.700	1.567	86.843
179.678	1.782	86.847
179.662	1.928	86.873
179.648	2.060	86.894
179.636	2.136	86.908
179.629	2.154	86.895
179.622	2.127	86.902
179.610	2.075	86.875
179.602	1.976	86.886
179.601	1.823	86.887
179.583	1.646	86.879
179.572	1.425	86.857
179.571	1.161	86.850
179.579	0.849	86.873
179.571	0.515	86.862
179.570	0.184	86.840
179.570	-0.182	86.839
179.566	-0.536	86.820
179.557	-0.900	86.824
179.548	-1.275	86.835
179.558	-1.618	86.845
179.526	-1.899	86.845
179.533	-2.201	86.858
179.514	-2.411	86.867
179.525	-2.437	86.857
179.548	-2.347	86.873
179.553	-2.220	86.919
179.553	-2.041	86.927
179.552	-1.833	86.910
179.579	-1.643	86.897
179.595	-1.392	86.889
179.618	-1.142	86.899
179.651	-0.871	86.881
179.673	-0.597	86.876
179.685	-0.298	86.869
179.696	0.052	86.859
179.711	0.340	86.880
179.713	0.665	86.866
179.706	0.996	86.840
179.719	1.259	86.831
179.699	1.546	86.825
179.682	1.740	86.858
179.660	1.944	86.855
179.640	2.075	86.889
179.634	2.169	86.884
179.632	2.194	86.889
179.620	2.170	86.896
179.612	2.116	86.898
179.600	2.042	86.880
179.595	1.909	86.873
179.595	1.721	86.884
179.585	1.513	86.861
179.567	1.267	86.838
179.574	0.963	86.865
179.564	0.639	86.870
179.564	0.297	86.858
179.565	-0.050	86.843
179.559	-0.430	86.823
179.559	-0.789	86.836
179.558	-1.158	86.829
179.550	-1.516	86.852
179.540	-1.844	86.853
179.528	-2.112	86.849
179.513	-2.347	86.853
179.521	-2.463	86.855
179.553	-2.390	86.878
179.548	-2.256	86.924
179.548	-2.117	86.937
179.553	-1.908	86.920
179.563	-1.661	86.898
179.590	-1.451	86.898
179.610	-1.184	86.895
179.655	-0.909	86.879
179.656	-0.625	86.871
179.690	-0.356	86.881
179.706	-0.019	86.868
179.712	0.279	86.885
179.706	0.588	86.872
179.720	0.931	86.845
179.715	1.219	86.836
179.698	1.494	86.817
179.685	1.715	86.844
179.668	1.886	86.881
179.643	2.049	86.871
179.642	2.135	86.889
179.636	2.184	86.899
179.626	2.174	86.891
179.616	2.146	86.879
179.596	2.067	86.870
179.599	1.929	86.868
179.592	1.748	86.856
179.583	1.562	86.853
179.575	1.315	86.851
179.577	1.004	86.855
179.576	0.706	86.851
179.568	0.338	86.864
179.568	-0.001	86.834
179.574	-0.390	86.827
179.558	-0.754	86.841
179.551	-1.108	86.838
179.543	-1.480	86.842
179.539	-1.797	86.856
179.525	-2.083	86.850
179.521	-2.327	86.867
179.514	-2.472	86.859
179.555	-2.399	86.873
179.561	-2.283	86.914
179.560	-2.115	86.932
179.544	-1.920	86.927
179.567	-1.723	86.920
179.585	-1.500	86.892
179.626	-1.278	86.909
179.644	-0.977	86.884
179.662	-0.685	86.869
179.682	-0.393	86.849
179.700	-0.100	86.877
179.708	0.212	86.881
179.720	0.522	86.873
179.722	0.832	86.862
179.713	1.137	86.819
179.706	1.424	86.813
179.688	1.646	86.853
179.668	1.816	86.867
179.648	1.988	86.876
179.641	2.070	86.885
179.634	2.125	86.895
179.625	2.135	86.888
179.617	2.101	86.878
179.607	2.031	86.882
179.583	1.943	86.851
179.590	1.757	86.869
179.578	1.570	86.851
179.577	1.340	86.840
179.582	1.022	86.866
179.577	0.745	86.876
179.576	0.399	86.866
179.569	0.064	86.853
179.566	-0.278	86.813
179.559	-0.630	86.808
179.559	-1.015	86.849
179.552	-1.377	86.858
179.546	-1.695	86.860
179.532	-1.974	86.858
179.528	-2.240	86.869
179.518	-2.428	86.869
179.536	-2.449	86.874
179.547	-2.350	86.890
179.553	-2.202	86.929
179.542	-2.014	86.916
179.554	-1.820	86.930
179.580	-1.588	86.897
179.600	-1.362	86.890
179.626	-1.097	86.885
179.652	-0.813	86.866
179.660	-0.511	86.846
179.681	-0.219	86.867
179.695	0.086	86.874
179.712	0.410	86.863
179.710	0.722	86.860
179.712	1.050	86.835
179.710	1.336	86.826
179.703	1.554	86.847
179.670	1.780	86.858
179.653	1.943	86.873
179.652	2.073	86.889
179.627	2.166	86.882
179.634	2.168	86.884
179.618	2.141	86.896
179.608	2.079	86.883
179.598	1.990	86.885
179.588	1.855	86.861
179.588	1.654	86.881
179.573	1.443	86.856
179.575	1.186	86.850
179.564	0.876	86.868
179.572	0.526	86.864
179.569	0.195	86.859
179.568	-0.153	86.838
179.569	-0.543	86.835
179.555	-0.904	86.833
179.554	-1.253	86.854
179.551	-1.606	86.849
179.527	-1.876	86.837
179.526	-2.178	86.868
179.518	-2.394	86.863
179.525	-2.449	86.860
179.560	-2.351	86.891
179.557	-2.209	86.917
179.551	-2.052	86.945
179.558	-1.853	86.918
179.579	-1.667	86.928
179.598	-1.402	86.897
179.625	-1.165	86.887
179.659	-0.882	86.879
179.667	-0.599	86.884
179.696	-0.290	86.861
179.699	0.039	86.850
179.712	0.320	86.871
179.712	0.642	86.865
179.721	0.956	86.847
179.715	1.236	86.833
179.706	1.501	86.835
179.680	1.730	86.849
179.658	1.895	86.859
179.646	2.050	86.864
179.634	2.138	86.884
179.631	2.164	86.887
179.619	2.166	86.876
179.606	2.110	86.887
179.598	2.041	86.874
179.594	1.882	86.882
179.584	1.700	86.868
179.585	1.490	86.876
179.568	1.275	86.833
179.579	0.949	86.870
179.574	0.643	86.872
179.564	0.301	86.842
179.571	-0.052	86.836
179.564	-0.431	86.827
179.561	-0.809	86.854
179.561	-1.166	86.848
179.551	-1.512	86.847
179.542	-1.821	86.859
179.526	-2.089	86.866
179.508	-2.326	86.861
179.524	-2.493	86.874
179.553	-2.395	86.875
179.567	-2.272	86.913
179.559	-2.124	86.938
179.548	-1.920	86.934
179.558	-1.691	86.909
179.584	-1.473	86.909
179.624	-1.228	86.902
179.655	-0.953	86.884
179.659	-0.668	86.877
179.684	-0.382	86.869
179.689	-0.026	86.847
179.706	0.254	86.875
179.715	0.569	86.873
179.722	0.896	86.849
179.707	1.188	86.829
179.699	1.476	86.820
179.682	1.705	86.842
179.665	1.895	86.866
179.645	2.034	86.889
179.640	2.134	86.896
179.640	2.192	86.896
179.623	2.192	86.894
179.608	2.159	86.888
179.601	2.071	86.874
179.600	1.942	86.876
179.590	1.785	86.878
179.588	1.565	86.869
179.577	1.325	86.846
179.574	1.032	86.862
179.571	0.727	86.864
179.561	0.390	86.849
179.564	0.046	86.839
179.566	-0.353	86.830
179.560	-0.721	86.855
179.549	-1.069	86.830
179.549	-1.443	86.842
179.543	-1.744	86.856
179.528	-2.043	86.859
179.524	-2.301	86.871
179.524	-2.480	86.890
179.544	-2.384	86.845
179.551	-2.288	86.899
179.553	-2.137	86.922
179.548	-1.945	86.924
179.563	-1.743	86.917
179.595	-1.510	86.914
179.617	-1.281	86.908
179.654	-1.023	86.890
179.661	-0.721	86.872
179.676	-0.428	86.857
179.689	-0.091	86.848
179.707	0.199	86.863
179.712	0.490	86.888
179.717	0.845	86.855
179.717	1.144	86.835
179.707	1.430	86.820
179.687	1.644	86.849
179.673	1.840	86.858
179.646	1.997	86.860
179.639	2.128	86.875
179.638	2.184	86.883
179.626	2.176	86.891
179.612	2.141	86.875
179.600	2.085	86.887
179.603	1.976	86.877
179.596	1.792	86.885
179.579	1.634	86.857
179.570	1.398	86.831
179.568	1.126	86.827
179.577	0.796	86.867
179.574	0.448	86.860
179.567	0.128	86.853
179.577	-0.271	86.853
179.567	-0.632	86.845
179.554	-0.990	86.849
179.550	-1.351	86.854
179.548	-1.679	86.850
179.535	-1.977	86.857
179.522	-2.242	86.867
179.511	-2.424	86.872
179.536	-2.420	86.866
179.559	-2.339	86.905
179.553	-2.173	86.924
179.550	-1.989	86.925
179.554	-1.794	86.911
179.580	-1.579	86.926
179.608	-1.352	86.891
179.620	-1.073	86.896
179.655	-0.790	86.858
179.670	-0.532	86.880
179.695	-0.208	86.859
179.703	0.099	86.872
179.712	0.381	86.877
179.719	0.713	86.867
179.723	1.032	86.827
179.710	1.325	86.826
179.698	1.554	86.841
179.676	1.761	86.847
179.658	1.916	86.876
179.637	2.052	86.873
179.635	2.109	86.884
179.628	2.127	86.888
179.619	2.103	86.893
179.611	2.063	86.869
179.598	1.956	86.877
179.584	1.815	86.852
179.585	1.648	86.853
179.574	1.431	86.826
179.569	1.178	86.831
179.571	0.876	86.861
179.577	0.546	86.843
179.560	0.217	86.827
179.571	-0.142	86.834
179.562	-0.505	86.814
179.558	-0.878	86.842
179.559	-1.250	86.849
179.555	-1.565	86.849
179.535	-1.865	86.848
179.524	-2.146	86.874
179.519	-2.369	86.864
179.528	-2.458	86.869
179.541	-2.368	86.863
179.559	-2.258	86.917
179.551	-2.081	86.926
179.546	-1.871	86.912
179.578	-1.695	86.910
179.596	-1.450	86.910
179.619	-1.201	86.891
179.655	-0.927	86.886
179.659	-0.648	86.878
179.683	-0.347	86.860
179.703	-0.029	86.862
179.709	0.269	86.863
179.715	0.576	86.869
179.730	0.912	86.854
179.713	1.225	86.823
179.699	1.484	86.823
179.680	1.697	86.844
179.670	1.887	86.866
179.650	2.017	86.899
179.636	2.128	86.875
179.625	2.173	86.887
179.617	2.163	86.887
179.615	2.124	86.888
179.602	2.050	86.871
179.594	1.902	86.878
179.595	1.733	86.879
179.578	1.543	86.867
179.567	1.309	86.829
179.572	0.993	86.865
179.564	0.684	86.870
179.563	0.356	86.856
179.561	0.024	86.842
179.557	-0.386	86.812
179.559	-0.741	86.827
179.562	-1.105	86.843
179.545	-1.432	86.830
179.536	-1.754	86.839
179.534	-2.037	86.840
179.524	-2.298	86.862
179.517	-2.467	86.854
179.549	-2.416	86.869
179.557	-2.288	86.913
179.555	-2.159	86.933
179.549	-1.966	86.925
179.560	-1.751	86.917
179.587	-1.537	86.922
179.605	-1.274	86.900
179.636	-1.006	86.894
179.659	-0.722	86.866
179.681	-0.449	86.889
179.694	-0.122	86.861
179.705	0.195	86.868
179.708	0.493	86.864
179.710	0.835	86.857
179.715	1.137	86.839
179.697	1.442	86.795
179.696	1.651	86.845
179.668	1.850	86.858
179.651	1.993	86.888
179.645	2.116	86.883
179.632	2.167	86.895
179.618	2.190	86.886
179.620	2.145	86.888
179.598	2.083	86.884
179.603	1.958	86.885
179.597	1.803	86.881
179.578	1.625	86.862
179.583	1.378	86.847
179.564	1.105	86.850
179.575	0.787	86.854
179.571	0.444	86.856
179.577	0.101	86.836
179.573	-0.264	86.839
179.568	-0.646	86.836
179.566	-1.012	86.838
179.550	-1.357	86.835
179.538	-1.694	86.849
179.535	-1.991	86.852
179.522	-2.260	86.856
179.507	-2.438	86.867
179.536	-2.436	86.868
179.563	-2.332	86.894
179.555	-2.185	86.919
179.549	-1.982	86.919
179.565	-1.807	86.944
179.589	-1.595	86.926
179.609	-1.319	86.906
179.645	-1.077	86.898
179.663	-0.770	86.863
179.678	-0.478	86.854
179.698	-0.180	86.874
179.706	0.137	86.859
179.716	0.441	86.880
179.709	0.766	86.855
179.714	1.062	86.848
179.707	1.381	86.810
179.707	1.589	86.857
179.676	1.811	86.855
179.653	1.981	86.876
179.643	2.110	86.870
179.638	2.169	86.893
179.620	2.185	86.886
179.609	2.156	86.888
179.603	2.095	86.878
179.599	2.003	86.880
179.592	1.837	86.874
179.576	1.654	86.866
179.580	1.437	86.861
179.576	1.164	86.839
179.572	0.866	86.849
179.567	0.528	86.868
179.573	0.177	86.841
179.568	-0.199	86.844
179.560	-0.534	86.825
179.552	-0.924	86.837
179.549	-1.281	86.858
179.534	-1.605	86.845
179.538	-1.916	86.843
179.528	-2.177	86.862
179.509	-2.404	86.867
179.530	-2.462	86.862
179.550	-2.363	86.876
179.559	-2.234	86.915
179.539	-2.044	86.921
179.546	-1.833	86.907
179.574	-1.633	86.915
179.595	-1.385	86.891
179.631	-1.142	86.891
179.660	-0.858	86.870
179.663	-0.555	86.852
179.690	-0.282	86.877
179.700	0.053	86.872
179.718	0.351	86.873
179.716	0.669	86.870
179.715	1.021	86.834
179.715	1.306	86.838
179.693	1.553	86.840
179.678	1.767	86.848
179.651	1.933	86.877
179.648	2.089	86.883
179.630	2.182	86.890
179.623	2.209	86.885
179.610	2.198	86.877
179.608	2.122	86.890
179.597	2.043	86.871
179.588	1.903	86.878
179.597	1.709	86.875
179.584	1.492	86.865
179.571	1.256	86.838
179.570	0.933	86.865
179.574	0.615	86.855
179.565	0.273	86.849
179.564	-0.071	86.828
179.570	-0.474	86.832
179.561	-0.842	86.838
179.549	-1.200	86.843
179.545	-1.551	86.836
179.534	-1.866	86.855
179.523	-2.134	86.849
179.523	-2.375	86.874
179.532	-2.469	86.863
179.558	-2.374	86.888
179.553	-2.235	86.917
179.556	-2.076	86.930
179.551	-1.869	86.917
179.572	-1.655	86.913
179.601	-1.429	86.904
179.637	-1.191	86.918
179.647	-0.866	86.857
179.668	-0.602	86.859
179.696	-0.329	86.868
179.700	0.019	86.857
179.717	0.299	86.872
179.707	0.639	86.846
179.719	0.959	86.832
179.720	1.211	86.826
179.698	1.502	86.821
179.688	1.698	86.863
179.673	1.868	86.883
179.642	2.020	86.883
179.637	2.124	86.882
179.634	2.156	86.886
179.624	2.134	86.889
179.611	2.090	86.886
179.602	2.014	86.874
179.592	1.889	86.868
179.591	1.712	86.871
179.574	1.519	86.848
179.570	1.262	86.854
179.573	0.974	86.860
179.575	0.647	86.883
179.571	0.327	86.839
179.565	-0.009	86.838
179.571	-0.407	86.843
179.565	-0.765	86.842
179.559	-1.104	86.830
179.556	-1.457	86.837
179.537	-1.778	86.861
179.535	-2.060	86.861
179.521	-2.316	86.865
179.519	-2.460	86.858
179.545	-2.402	86.861
179.554	-2.289	86.911
179.551	-2.140	86.935
179.547	-1.917	86.904
179.561	-1.740	86.912
179.583	-1.513	86.905
179.618	-1.272	86.890
179.638	-0.990	86.887
179.660	-0.715	86.872
179.675	-0.427	86.863
179.690	-0.097	86.868
179.698	0.233	86.835
179.709	0.509	86.862
179.711	0.841	86.843
179.712	1.148	86.829
179.694	1.445	86.805
179.682	1.657	86.830
179.666	1.824	86.853
179.655	1.971	86.884
179.639	2.095	86.899
179.630	2.165	86.889
179.626	2.143	86.901
179.612	2.127	86.889
179.607	2.048	86.894
179.599	1.952	86.882
179.587	1.788	86.875
179.581	1.586	86.866
179.572	1.364	86.848
179.576	1.075	86.863
179.568	0.788	86.862
179.570	0.427	86.862
179.567	0.087	86.837
179.572	-0.275	86.823
179.573	-0.640	86.841
179.544	-1.016	86.838
179.543	-1.371	86.831
179.542	-1.694	86.853
179.538	-2.008	86.867
179.523	-2.253	86.862
179.509	-2.457	86.868
179.547	-2.406	86.848
179.555	-2.293	86.887
179.545	-2.148	86.931
179.544	-1.953	86.912
179.559	-1.777	86.918
179.583	-1.533	86.895
179.620	-1.318	86.906
179.636	-1.053	86.903
179.662	-0.764	86.873
179.673	-0.498	86.887
179.698	-0.198	86.883
179.707	0.133	86.855
179.711	0.428	86.867
179.710	0.754	86.861
179.711	1.078	86.838
179.701	1.366	86.790
179.692	1.560	86.849
179.676	1.751	86.870
179.658	1.927	86.877
179.642	2.026	86.880
179.634	2.108	86.886
179.626	2.129	86.885
179.619	2.089	86.891
179.603	2.042	86.887
179.595	1.935	86.874
179.587	1.802	86.861
179.588	1.616	86.866
179.567	1.429	86.826
179.573	1.134	86.857
179.573	0.851	86.854
179.564	0.523	86.847
179.573	0.179	86.844
179.566	-0.154	86.819
179.565	-0.535	86.811
179.557	-0.903	86.840
179.554	-1.246	86.830
179.559	-1.593	86.857
179.538	-1.883	86.853
179.528	-2.158	86.860
179.514	-2.371	86.867
179.532	-2.467	86.860
179.552	-2.361	86.889
179.563	-2.248	86.916
179.551	-2.071	86.933
179.558	-1.870	86.924
179.584	-1.666	86.925
179.594	-1.423	86.895
179.622	-1.180	86.908
179.654	-0.884	86.862
179.670	-0.615	86.865
179.690	-0.345	86.868
179.693	0.016	86.855
179.703	0.303	86.879
179.709	0.621	86.872
179.708	0.959	86.833
179.713	1.220	86.836
179.699	1.509	86.833
179.680	1.718	86.845
179.656	1.890	86.864
179.647	2.033	86.881
179.631	2.142	86.879
179.622	2.173	86.885
179.619	2.176	86.876
179.607	2.109	86.879
179.601	2.045	86.871
179.590	1.901	86.862
179.585	1.730	86.861
179.571	1.522	86.855
179.586	1.258	86.844
179.569	0.969	86.863
179.576	0.650	86.864
179.564	0.323	86.838
179.568	-0.028	86.840
179.564	-0.426	86.822
179.552	-0.795	86.828
179.557	-1.158	86.837
179.549	-1.507	86.836
179.538	-1.822	86.853
179.526	-2.105	86.858
179.517	-2.374	86.882
179.529	-2.453	86.865
179.557	-2.384	86.861
179.553	-2.268	86.915
179.552	-2.089	86.927
179.552	-1.883	86.923
179.568	-1.693	86.923
179.590	-1.461	86.912
179.616	-1.200	86.887
179.656	-0.937	86.888
179.662	-0.659	86.871
179.686	-0.366	86.877
179.701	-0.051	86.885
179.695	0.261	86.851
179.708	0.569	86.863
179.707	0.892	86.843
179.707	1.166	86.832
179.699	1.443	86.822
179.688	1.621	86.864
179.672	1.817	86.882
179.645	1.974	86.876
179.636	2.077	86.904
179.629	2.125	86.888
179.618	2.111	86.899
179.607	2.094	86.870
179.598	2.013	86.877
179.596	1.878	86.876
179.579	1.743	86.849
179.590	1.516	86.881
179.579	1.302	86.843
179.570	1.018	86.852
179.577	0.703	86.861
179.574	0.365	86.862
179.564	0.045	86.833
179.570	-0.335	86.830
179.560	-0.668	86.825
179.550	-1.038	86.830
179.555	-1.398	86.831
179.539	-1.711	86.842
179.522	-1.981	86.851
179.527	-2.258	86.865
179.516	-2.448	86.873
179.544	-2.449	86.872
179.554	-2.332	86.893
179.546	-2.165	86.922
179.544	-2.012	86.928
179.564	-1.834	86.928
179.580	-1.574	86.915
179.608	-1.344	86.894
179.632	-1.057	86.876
179.645	-0.792	86.860
179.664	-0.507	86.859
179.686	-0.195	86.865
179.698	0.121	86.846
179.709	0.410	86.873
179.712	0.735	86.875
179.712	1.052	86.831
179.700	1.348	86.824
179.700	1.575	86.843
179.672	1.797	86.862
179.659	1.954	86.874
179.636	2.094	86.892
179.641	2.172	86.890
179.620	2.182	86.889
179.621	2.158	86.885
179.612	2.103	86.880
179.598	2.007	86.877
179.581	1.860	86.873
179.584	1.666	86.860
179.573	1.453	86.839
179.568	1.178	86.839
179.569	0.865	86.871
179.551	0.554	86.842
179.563	0.191	86.840
179.570	-0.165	86.832
179.562	-0.556	86.834
179.546	-0.909	86.831
179.555	-1.293	86.851
179.549	-1.623	86.832
179.534	-1.930	86.866
179.518	-2.176	86.864
179.519	-2.403	86.856
179.520	-2.456	86.847
179.556	-2.360	86.892
179.551	-2.237	86.924
179.549	-2.057	86.914
179.555	-1.865	86.924
179.562	-1.612	86.893
179.606	-1.391	86.894
179.625	-1.128	86.883
179.642	-0.833	86.871
179.668	-0.577	86.884
179.691	-0.277	86.859
179.696	0.074	86.843
179.705	0.359	86.857
179.709	0.661	86.869
179.714	0.995	86.843
179.715	1.286	86.826
179.701	1.536	86.834
179.681	1.732	86.866
179.658	1.938	86.864
179.642	2.053	86.893
179.631	2.148	86.890
179.635	2.180	86.886
179.602	2.178	86.876
179.607	2.116	86.876
179.595	2.022	86.879
179.590	1.889	86.864
179.592	1.720	86.860
179.577	1.487	86.862
179.568	1.267	86.827
179.565	0.945	86.847
179.578	0.606	86.868
179.566	0.271	86.840
179.566	-0.076	86.832
179.564	-0.473	86.819
179.553	-0.823	86.823
179.551	-1.213	86.853
179.537	-1.527	86.827
179.536	-1.860	86.850
179.534	-2.147	86.871
179.532	-2.378	86.883
179.521	-2.451	86.844
179.553	-2.387	86.875
179.557	-2.237	86.913
179.549	-2.088	86.923
179.554	-1.889	86.923
179.566	-1.693	86.918
179.597	-1.459	86.897
179.623	-1.197	86.910
179.652	-0.922	86.877
179.656	-0.637	86.868
179.678	-0.328	86.857
179.695	-0.015	86.870
179.709	0.253	86.872
179.708	0.580	86.861
179.714	0.916	86.855
179.704	1.223	86.815
179.705	1.476	86.831
179.679	1.701	86.845
179.659	1.898	86.855
179.645	2.027	86.886
179.641	2.133	86.889
179.619	2.202	86.866
179.613	2.162	86.893
179.613	2.130	86.891
179.595	2.053	86.878
179.595	1.940	86.861
179.585	1.763	86.859
179.577	1.565	86.854
179.566	1.297	86.830
179.572	1.019	86.863
179.573	0.695	86.872
179.564	0.360	86.846
179.559	0.020	86.818
179.570	-0.367	86.825
179.559	-0.763	86.841
179.546	-1.114	86.843
179.544	-1.463	86.848
179.546	-1.787	86.850
179.530	-2.071	86.854
179.521	-2.316	86.870
179.519	-2.468	86.860
179.554	-2.410	86.857
179.554	-2.276	86.908
179.555	-2.116	86.924
179.541	-1.921	86.914
179.555	-1.734	86.909
179.582	-1.495	86.906
179.607	-1.242	86.894
179.644	-0.989	86.872
179.658	-0.697	86.863
179.679	-0.413	86.868
179.692	-0.095	86.862
179.708	0.211	86.871
179.715	0.507	86.877
179.710	0.826	86.860
179.722	1.115	86.844
179.705	1.411	86.813
179.695	1.626	86.855
179.666	1.818	86.870
179.650	1.963	86.884
179.645	2.077	86.896
179.634	2.134	86.895
179.622	2.139	86.883
179.610	2.103	86.885
179.598	2.040	86.888
179.587	1.909	86.869
179.589	1.760	86.865
179.579	1.572	86.868
179.583	1.330	86.859
179.572	1.066	86.869
179.567	0.772	86.857
179.570	0.421	86.853
179.569	0.097	86.844
179.563	-0.273	86.842
179.574	-0.647	86.838
179.552	-0.995	86.831
179.551	-1.355	86.824
179.539	-1.687	86.850
179.534	-1.959	86.848
179.527	-2.228	86.868
179.516	-2.429	86.878
179.536	-2.445	86.871
179.544	-2.324	86.891
179.550	-2.193	86.913
179.560	-2.000	86.923
179.555	-1.809	86.914
179.580	-1.585	86.903
179.606	-1.351	86.892
179.628	-1.103	86.887
179.655	-0.821	86.873
179.661	-0.535	86.866
179.691	-0.248	86.858
179.699	0.101	86.842
179.705	0.383	86.870
179.712	0.704	86.850
179.715	1.021	86.831
179.701	1.321	86.815
179.695	1.556	86.835
179.674	1.750	86.877
179.660	1.909	86.870
179.642	2.063	86.886
179.632	2.152	86.882
179.617	2.172	86.875
179.616	2.123	86.903
179.608	2.081	86.870
179.601	1.988	86.879
179.591	1.828	86.872
179.582	1.681	86.861
179.574	1.450	86.860
179.572	1.199	86.835
179.574	0.885	86.867
179.567	0.584	86.847
179.571	0.212	86.840
179.570	-0.139	86.837
179.572	-0.511	86.832
179.557	-0.885	86.837
179.554	-1.247	86.849
179.544	-1.566	86.852
179.549	-1.902	86.861
179.519	-2.133	86.857
179.515	-2.380	86.855
179.537	-2.466	86.861
179.550	-2.361	86.882
179.558	-2.244	86.929
179.550	-2.070	86.931
179.545	-1.874	86.914
179.576	-1.657	86.907
179.607	-1.453	86.906
179.616	-1.162	86.885
179.646	-0.870	86.859
179.666	-0.600	86.849
179.692	-0.333	86.876
179.698	0.017	86.851
179.715	0.278	86.875
179.709	0.639	86.841
179.717	0.955	86.833
179.705	1.227	86.831
179.698	1.497	86.819
179.679	1.696	86.853
179.663	1.866	86.871
179.652	2.018	86.882
179.645	2.092	86.895
179.637	2.136	86.901
179.620	2.119	86.903
179.611	2.083	86.887
179.606	2.001	86.869
179.594	1.869	86.860
179.590	1.693	86.849
179.572	1.490	86.854
179.574	1.238	86.844
179.574	0.933	86.857
179.571	0.619	86.866
179.572	0.271	86.862
179.568	-0.049	86.827
179.567	-0.470	86.830
179.547	-0.800	86.829
179.556	-1.169	86.842
179.548	-1.513	86.835
179.530	-1.824	86.847
179.522	-2.099	86.844
179.513	-2.331	86.867
179.522	-2.466	86.854
179.549	-2.378	86.860
179.558	-2.271	86.908
179.547	-2.114	86.937
179.542	-1.905	86.923
179.571	-1.703	86.906
179.586	-1.485	86.885
179.616	-1.216	86.888
179.648	-0.953	86.885
179.663	-0.672	86.864
179.671	-0.387	86.855
179.696	-0.086	86.882
179.691	0.242	86.854
179.706	0.539	86.857
179.712	0.854	86.855
179.710	1.154	86.830
179.704	1.426	86.809
179.687	1.645	86.839
179.661	1.818	86.867
179.641	1.977	86.879
179.632	2.094	86.882
179.627	2.125	86.892
179.618	2.128	86.877
179.611	2.101	86.867
179.598	2.014	86.871
179.592	1.904	86.880
179.591	1.729	86.870
179.586	1.539	86.864
179.573	1.306	86.840
179.576	1.016	86.867
179.574	0.716	86.873
179.562	0.382	86.840
179.565	0.048	86.827
179.570	-0.360	86.839
179.566	-0.695	86.826
179.551	-1.070	86.832
179.546	-1.418	86.841
179.545	-1.757	86.857
179.531	-2.025	86.859
179.515	-2.298	86.861
179.509	-2.488	86.852
179.544	-2.402	86.857
179.554	-2.286	86.898
179.555	-2.150	86.923
179.553	-1.960	86.924
179.559	-1.774	86.928
179.587	-1.540	86.903
179.617	-1.294	86.902
179.655	-1.055	86.905
179.657	-0.726	86.855
179.671	-0.452	86.859
179.688	-0.139	86.867
179.704	0.160	86.857
179.713	0.465	86.868
179.717	0.790	86.853
179.714	1.082	86.839
179.713	1.351	86.846
179.692	1.589	86.835
179.667	1.796	86.849
179.650	1.953	86.866
179.642	2.056	86.893
179.634	2.138	86.879
179.627	2.128	86.880
179.616	2.099	86.892
179.612	2.025	86.879
179.599	1.904	86.889
179.602	1.763	86.869
179.589	1.578	86.876
179.572	1.372	86.847
179.567	1.109	86.844
179.578	0.803	86.867
179.569	0.486	86.856
179.570	0.148	86.835
179.573	-0.234	86.822
179.567	-0.579	86.813
179.554	-0.945	86.824
179.550	-1.307	86.847
179.554	-1.645	86.865
179.527	-1.919	86.849
179.533	-2.220	86.866
179.509	-2.404	86.870
179.536	-2.430	86.850
179.550	-2.335	86.891
179.553	-2.202	86.921
179.547	-2.016	86.917
179.553	-1.818	86.910
179.577	-1.606	86.900
179.605	-1.379	86.888
179.628	-1.123	86.882
179.658	-0.844	86.890
179.668	-0.545	86.872
179.694	-0.253	86.868
179.691	0.074	86.858
179.710	0.371	86.869
179.715	0.715	86.839
179.713	1.006	86.848
179.716	1.305	86.828
179.696	1.563	86.827
179.671	1.758	86.858
179.664	1.933	86.884
179.645	2.067	86.884
179.643	2.164	86.880
179.625	2.196	86.875
179.618	2.159	86.885
179.614	2.098	86.892
179.601	2.008	86.893
179.587	1.879	86.868
179.586	1.689	86.873
179.576	1.480	86.851
179.579	1.222	86.844
179.571	0.912	86.857
179.565	0.579	86.875
179.566	0.232	86.852
179.568	-0.141	86.853
179.571	-0.507	86.824
179.556	-0.863	86.834
179.556	-1.226	86.835
179.546	-1.579	86.853
179.524	-1.891	86.852
179.527	-2.168	86.869
179.513	-2.374	86.858
179.531	-2.472	86.858
179.548	-2.365	86.876
179.553	-2.232	86.918
179.552	-2.067	86.936
179.557	-1.872	86.928
179.566	-1.650	86.899
179.593	-1.410	86.890
179.625	-1.162	86.905
179.646	-0.884	86.863
179.665	-0.601	86.863
179.689	-0.311	86.867
179.696	0.043	86.851
179.705	0.326	86.859
179.707	0.642	86.871
179.714	0.939	86.853
179.713	1.246	86.834
179.701	1.497	86.814
179.679	1.712	86.845
179.655	1.882	86.883
179.649	2.024	86.885
179.637	2.097	86.900
179.626	2.137	86.900
179.620	2.137	86.882
179.610	2.087	86.867
179.606	1.972	86.877
179.596	1.854	86.876
179.588	1.678	86.875
179.577	1.484	86.846
179.579	1.229	86.841
179.575	0.929	86.869
179.580	0.607	86.868
179.574	0.267	86.853
179.568	-0.059	86.838
179.571	-0.465	86.829
179.561	-0.835	86.868
179.551	-1.154	86.839
179.541	-1.494	86.830
179.536	-1.823	86.850
179.530	-2.100	86.866
179.517	-2.343	86.870
179.519	-2.473	86.854
179.551	-2.403	86.871
179.548	-2.262	86.915
179.543	-2.107	86.934
179.552	-1.907	86.925
179.569	-1.711	86.927
179.587	-1.484	86.900
179.630	-1.245	86.894
179.639	-0.959	86.886
179.663	-0.665	86.867
179.674	-0.381	86.866
179.693	-0.048	86.866
179.708	0.232	86.874
179.720	0.542	86.883
179.713	0.875	86.865
179.715	1.180	86.825
179.695	1.463	86.816
179.687	1.697	86.834
179.658	1.866	86.873
179.650	2.032	86.891
179.645	2.137	86.898
179.632	2.183	86.891
179.621	2.196	86.880
179.615	2.153	86.881
179.602	2.075	86.883
179.599	1.960	86.868
179.586	1.762	86.876
179.574	1.582	86.855
179.574	1.337	86.843
179.567	1.049	86.860
179.565	0.726	86.858
179.566	0.392	86.849
179.563	0.035	86.830
179.570	-0.355	86.826
179.556	-0.700	86.837
179.552	-1.056	86.830
179.550	-1.443	86.852
179.542	-1.755	86.853
179.521	-2.022	86.859
179.522	-2.307	86.879
179.512	-2.467	86.864
179.544	-2.413	86.873
179.557	-2.280	86.898
179.561	-2.149	86.935
179.548	-1.936	86.928
179.557	-1.726	86.905
179.579	-1.511	86.893
179.610	-1.262	86.896
179.642	-0.992	86.896
179.669	-0.697	86.868
179.677	-0.412	86.859
179.688	-0.077	86.871
179.704	0.211	86.869
179.707	0.518	86.871
179.718	0.839	86.861
179.709	1.138	86.832
179.713	1.433	86.824
179.694	1.658	86.830
179.665	1.849	86.856
179.651	1.992	86.874
179.646	2.099	86.896
179.644	2.162	86.896
179.622	2.181	86.880
179.616	2.140	86.884
179.610	2.065	86.876
179.601	1.962	86.873
179.596	1.786	86.865
179.584	1.611	86.857
179.582	1.377	86.840
179.570	1.098	86.845
179.574	0.789	86.859
179.567	0.456	86.853
179.579	0.082	86.853
179.573	-0.286	86.835
179.570	-0.647	86.832
179.568	-1.020	86.833
179.547	-1.353	86.820
179.545	-1.705	86.855
179.530	-1.982	86.846
179.529	-2.271	86.870
179.522	-2.458	86.862
179.543	-2.426	86.859
179.561	-2.316	86.910
179.552	-2.166	86.936
179.544	-1.961	86.921
179.556	-1.778	86.922
179.575	-1.542	86.901
179.611	-1.319	86.894
179.642	-1.064	86.900
179.656	-0.742	86.856
179.676	-0.485	86.889
179.690	-0.157	86.864
179.710	0.160	86.861
179.711	0.464	86.877
179.706	0.797	86.852
179.711	1.098	86.831
179.714	1.375	86.833
179.689	1.626	86.830
179.674	1.828	86.867
179.656	1.992	86.867
179.637	2.125	86.872
179.632	2.187	86.882
179.620	2.196	86.875
179.620	2.160	86.877
179.618	2.087	86.893
179.600	2.004	86.869
179.596	1.841	86.871
179.593	1.646	86.860
179.568	1.417	86.830
179.570	1.151	86.840
179.564	0.833	86.846
179.564	0.481	86.847
179.566	0.142	86.841
179.575	-0.231	86.828
179.567	-0.597	86.837
179.552	-0.958	86.821
179.547	-1.321	86.826
179.550	-1.667	86.865
179.535	-1.949	86.844
179.529	-2.221	86.863
179.512	-2.446	86.875
179.538	-2.448	86.856
179.547	-2.337	86.891
179.550	-2.191	86.909
179.546	-2.007	86.934
179.555	-1.823	86.935
179.573	-1.563	86.892
179.607	-1.360	86.911
179.624	-1.077	86.885
179.658	-0.794	86.879
179.670	-0.505	86.863
179.701	-0.219	86.874
179.712	0.113	86.868
179.708	0.415	86.869
179.710	0.736	86.868
179.713	1.057	86.837
179.710	1.352	86.811
179.697	1.558	86.859
179.680	1.772	86.862
179.658	1.939	86.866
179.647	2.073	86.890
179.629	2.160	86.885
179.626	2.179	86.878
179.629	2.145	86.889
179.609	2.069	86.892
179.595	1.982	86.881
179.599	1.834	86.872
179.596	1.647	86.866
179.585	1.428	86.841
179.574	1.159	86.845
179.569	0.847	86.851
179.573	0.502	86.865
179.565	0.191	86.842
179.562	-0.157	86.828
179.564	-0.545	86.816
179.559	-0.937	86.854
179.555	-1.301	86.846
179.552	-1.605	86.848
179.528	-1.928	86.837
179.529	-2.189	86.874
179.511	-2.383	86.855
179.530	-2.455	86.846
179.552	-2.353	86.875
179.550	-2.215	86.924
179.550	-2.061	86.932
179.555	-1.849	86.916
179.573	-1.650	86.896
179.598	-1.410	86.897
179.624	-1.158	86.901
179.653	-0.855	86.874
179.670	-0.589	86.861
179.689	-0.288	86.851
179.706	0.036	86.865
179.713	0.349	86.873
179.709	0.681	86.848
179.715	0.999	86.835
179.716	1.292	86.829
179.698	1.547	86.825
179.680	1.764	86.844
179.657	1.931	86.876
179.647	2.079	86.881
179.646	2.168	86.897
179.643	2.184	86.907
179.617	2.196	86.885
179.612	2.149	86.887
179.596	2.073	86.858
179.598	1.925	86.865
179.582	1.728	86.871
179.578	1.522	86.856
179.573	1.267	86.841
179.574	0.957	86.860
179.563	0.645	86.858
179.567	0.296	86.843
179.566	-0.048	86.825
179.562	-0.420	86.812
179.556	-0.816	86.829
179.556	-1.190	86.843
179.544	-1.539	86.835
179.540	-1.845	86.847
179.524	-2.110	86.858
179.517	-2.364	86.861
179.525	-2.459	86.852
179.549	-2.366	86.872
179.560	-2.260	86.920
179.551	-2.081	86.926
179.548	-1.867	86.917
179.559	-1.675	86.917
179.591	-1.419	86.890
179.618	-1.189	86.909
179.647	-0.903	86.882
179.662	-0.608	86.863
179.685	-0.313	86.853
179.694	-0.009	86.860
179.702	0.291	86.872
179.713	0.606	86.877
179.725	0.936	86.858
179.712	1.231	86.830
179.697	1.522	86.820
179.681	1.730	86.846
179.661	1.903	86.878
179.650	2.053	86.886
179.639	2.162	86.886
179.636	2.194	86.897
179.612	2.199	86.884
179.617	2.132	86.896
179.600	2.078	86.879
179.592	1.929	86.872
179.589	1.762	86.878
179.577	1.562	86.858
179.574	1.325	86.833
179.573	1.020	86.851
179.566	0.714	86.859
179.567	0.355	86.853
179.567	0.013	86.832
179.569	-0.393	86.839
179.561	-0.730	86.817
179.556	-1.126	86.850
179.552	-1.485	86.843
179.541	-1.789	86.846
179.522	-2.077	86.862
179.518	-2.325	86.849
179.515	-2.483	86.871
179.547	-2.381	86.860
179.556	-2.279	86.910
179.552	-2.100	86.923
179.551	-1.922	86.923
179.561	-1.726	86.922
179.591	-1.486	86.897
179.628	-1.256	86.909
179.645	-0.987	86.883
179.661	-0.679	86.858
179.676	-0.389	86.848
179.699	-0.083	86.862
179.702	0.229	86.852
179.706	0.534	86.867
179.720	0.849	86.859
179.717	1.149	86.831
179.698	1.413	86.832
179.680	1.660	86.843
179.662	1.829	86.873
179.656	1.978	86.878
179.645	2.091	86.887
179.628	2.159	86.886
179.622	2.135	86.897
179.619	2.113	86.879
179.606	2.016	86.897
179.600	1.908	86.883
179.581	1.761	86.869
179.575	1.571	86.856
179.577	1.336	86.835
179.577	1.036	86.867
179.569	0.748	86.868
179.565	0.400	86.849
179.567	0.055	86.847
179.568	-0.306	86.825
179.560	-0.678	86.854
179.561	-1.030	86.833
179.550	-1.403	86.841
179.542	-1.727	86.856
179.527	-2.002	86.854
179.521	-2.265	86.869
179.518	-2.474	86.885
179.536	-2.415	86.850
179.559	-2.309	86.882
179.550	-2.155	86.930
179.546	-1.970	86.916
179.561	-1.799	86.924
179.586	-1.568	86.905
179.614	-1.335	86.930
179.640	-1.060	86.878
179.659	-0.775	86.880
179.672	-0.484	86.866
179.696	-0.195	86.880
179.703	0.125	86.868
179.708	0.445	86.862
179.714	0.754	86.864
179.723	1.072	86.850
179.704	1.361	86.826
179.695	1.591	86.835
179.671	1.803	86.856
179.647	1.973	86.867
179.638	2.107	86.875
179.646	2.168	86.889
179.631	2.173	86.889
179.622	2.141	86.891
179.605	2.099	86.877
179.600	1.979	86.888
179.591	1.846	86.841
179.577	1.664	86.850
179.577	1.430	86.851
179.579	1.147	86.860
179.576	0.839	86.860
179.569	0.493	86.860
179.569	0.150	86.850
179.562	-0.200	86.839
179.577	-0.592	86.829
179.563	-0.964	86.839
179.551	-1.307	86.845
179.547	-1.671	86.861
179.536	-1.955	86.862
179.527	-2.221	86.869
179.517	-2.410	86.841
179.537	-2.427	86.853
179.557	-2.344	86.889
179.556	-2.195	86.928
179.547	-2.009	86.917
179.560	-1.828	86.921
179.576	-1.591	86.904
179.607	-1.371	86.912
179.631	-1.086	86.884
179.662	-0.826	86.884
179.664	-0.523	86.862
179.685	-0.209	86.851
179.698	0.116	86.856
179.711	0.398	86.873
179.711	0.697	86.872
179.721	1.017	86.856
179.713	1.309	86.818
179.700	1.557	86.847
179.682	1.763	86.846
179.657	1.950	86.860
179.646	2.058	86.888
179.638	2.135	86.891
179.636	2.165	86.893
179.629	2.137	86.885
179.607	2.081	86.878
179.605	1.975	86.888
179.591	1.836	86.880
179.594	1.653	86.873
179.570	1.441	86.855
179.575	1.183	86.837
179.577	0.852	86.869
179.572	0.540	86.858
179.559	0.209	86.825
179.561	-0.160	86.833
179.564	-0.553	86.835
179.543	-0.887	86.827
179.555	-1.276	86.841
179.544	-1.605	86.840
179.533	-1.905	86.849
179.533	-2.195	86.880
179.517	-2.406	86.875
179.530	-2.443	86.851
179.551	-2.351	86.880
179.548	-2.196	86.912
179.548	-2.033	86.921
179.551	-1.842	86.919
179.564	-1.625	86.919
179.595	-1.397	86.911
179.627	-1.134	86.892
179.657	-0.864	86.888
179.663	-0.556	86.864
179.684	-0.286	86.866
179.698	0.033	86.860
179.704	0.365	86.860
179.714	0.632	86.873
179.715	0.984	86.845
179.708	1.279	86.823
179.703	1.543	86.833
179.681	1.748	86.845
179.658	1.923	86.875
179.637	2.066	86.884
179.632	2.154	86.878
179.627	2.196	86.884
179.614	2.172	86.878
179.610	2.109	86.890
179.599	2.012	86.883
179.595	1.883	86.870
179.597	1.681	86.873
179.574	1.492	86.859
179.571	1.235	86.842
179.570	0.920	86.861
179.574	0.608	86.864
179.571	0.258	86.839
179.565	-0.097	86.827
179.560	-0.478	86.829
179.555	-0.860	86.838
179.553	-1.210	86.840
179.551	-1.561	86.850
179.526	-1.843	86.842
179.526	-2.142	86.865
179.523	-2.381	86.873
179.542	-2.480	86.870
179.547	-2.351	86.868
179.558	-2.233	86.919
179.557	-2.063	86.931
179.541	-1.833	86.891
179.572	-1.671	86.920
179.590	-1.432	86.916
179.628	-1.179	86.893
179.663	-0.919	86.893
179.667	-0.616	86.870
179.689	-0.320	86.863
179.703	-0.007	86.879
179.708	0.325	86.857
179.703	0.634	86.856
179.723	0.952	86.842
179.713	1.228	86.830
179.702	1.501	86.831
179.687	1.705	86.859
179.666	1.887	86.874
179.659	2.030	86.889
179.647	2.138	86.891
179.639	2.173	86.906
179.614	2.183	86.876
179.618	2.119	86.889
179.599	2.044	86.886
179.587	1.936	86.857
179.594	1.725	86.873
179.576	1.526	86.871
179.574	1.292	86.838
179.579	0.983	86.848
179.575	0.665	86.863
179.571	0.316	86.849
179.567	-0.038	86.833
179.572	-0.425	86.826
179.571	-0.807	86.843
179.562	-1.149	86.846
179.545	-1.510	86.841
179.540	-1.833	86.869
179.524	-2.096	86.857
179.514	-2.351	86.867
179.521	-2.454	86.851
179.553	-2.384	86.878
179.556	-2.257	86.916
179.557	-2.120	86.929
179.551	-1.901	86.930
179.576	-1.725	86.931
179.591	-1.458	86.899
179.623	-1.225	86.907
179.647	-0.941	86.878
179.664	-0.664	86.885
179.683	-0.361	86.872
179.697	-0.029	86.866
179.705	0.253	86.867
179.709	0.555	86.885
179.715	0.883	86.854
179.713	1.197	86.813
179.704	1.450	86.833
179.686	1.680	86.836
179.662	1.854	86.871
179.654	2.001	86.897
179.646	2.099	86.900
179.628	2.183	86.863
179.620	2.168	86.868
179.610	2.122	86.862
179.600	2.044	86.876
179.605	1.899	86.893
179.594	1.754	86.869
179.592	1.542	86.864
179.580	1.325	86.828
179.577	1.022	86.847
179.572	0.725	86.859
179.563	0.384	86.836
179.575	0.011	86.846
179.576	-0.369	86.828
179.564	-0.710	86.833
179.560	-1.074	86.842
179.550	-1.435	86.835
179.541	-1.771	86.857
179.527	-2.052	86.853
179.522	-2.299	86.868
179.523	-2.482	86.888
179.544	-2.400	86.863
179.547	-2.288	86.897
179.554	-2.139	86.931
179.540	-1.929	86.911
179.564	-1.743	86.930
179.582	-1.517	86.901
179.614	-1.273	86.905
179.640	-1.008	86.889
179.662	-0.711	86.878
179.682	-0.434	86.868
179.684	-0.096	86.860
179.706	0.208	86.852
179.714	0.491	86.870
179.712	0.849	86.842
179.713	1.144	86.821
179.707	1.416	86.828
179.699	1.652	86.841
179.667	1.845	86.861
179.652	2.019	86.871
179.645	2.120	86.885
179.632	2.196	86.882
179.618	2.189	86.885
179.612	2.147	86.893
179.600	2.077	86.884
179.600	1.984	86.874
179.591	1.806	86.880
179.588	1.606	86.862
179.569	1.370	86.849
179.577	1.102	86.849
179.570	0.790	86.863
179.567	0.450	86.839
179.567	0.097	86.840
179.565	-0.292	86.839
179.565	-0.641	86.833
179.551	-1.020	86.841
179.546	-1.370	86.828
179.543	-1.704	86.849
179.528	-1.995	86.848
179.526	-2.261	86.868
179.507	-2.462	86.876
179.532	-2.412	86.856
179.556	-2.320	86.902
179.552	-2.185	86.938
179.550	-1.975	86.934
179.558	-1.796	86.927
179.582	-1.559	86.901
179.607	-1.315	86.889
179.636	-1.051	86.879
179.659	-0.752	86.867
179.670	-0.478	86.871
179.688	-0.149	86.858
179.712	0.143	86.864
179.714	0.460	86.862
179.717	0.764	86.866
179.716	1.075	86.844
179.714	1.361	86.820
179.699	1.623	86.825
179.686	1.762	86.884
179.650	1.968	86.866
179.650	2.074	86.888
179.629	2.145	86.900
179.627	2.155	86.892
179.614	2.136	86.889
179.610	2.067	86.885
179.602	1.966	86.873
179.591	1.822	86.870
179.589	1.624	86.862
179.574	1.390	86.845
179.579	1.120	86.857
179.571	0.801	86.867
179.570	0.477	86.848
179.563	0.164	86.829
179.569	-0.253	86.854
179.565	-0.580	86.829
179.554	-0.964	86.846
179.549	-1.328	86.837
179.551	-1.637	86.842
179.535	-1.930	86.852
179.531	-2.195	86.855
179.510	-2.415	86.872
179.533	-2.441	86.858
179.549	-2.338	86.878
179.549	-2.205	86.922
179.548	-2.026	86.928
179.552	-1.820	86.906
179.581	-1.614	86.917
179.615	-1.401	86.908
179.628	-1.111	86.888
179.658	-0.827	86.872
179.664	-0.559	86.871
179.697	-0.267	86.885
179.688	0.077	86.850
179.707	0.371	86.862
179.716	0.695	86.861
179.720	1.039	86.826
179.711	1.310	86.819
179.703	1.562	86.837
179.690	1.766	86.863
179.657	1.951	86.868
179.635	2.091	86.877
179.636	2.192	86.877
179.633	2.203	86.883
179.611	2.196	86.880
179.616	2.127	86.884
179.609	2.046	86.877
179.591	1.918	86.854
179.586	1.718	86.848
179.578	1.490	86.853
179.572	1.247	86.845
179.577	0.911	86.866
179.574	0.594	86.873
179.574	0.250	86.850
179.571	-0.124	86.836
179.565	-0.490	86.824
179.554	-0.857	86.833
179.545	-1.228	86.845
179.543	-1.553	86.837
179.537	-1.877	86.856
179.524	-2.168	86.859
179.518	-2.391	86.861
179.526	-2.445	86.856
179.552	-2.355	86.892
179.567	-2.257	86.932
179.550	-2.063	86.932
179.547	-1.856	86.923
179.577	-1.654	86.919
179.596	-1.411	86.906
179.627	-1.160	86.896
179.644	-0.873	86.875
179.664	-0.604	86.875
179.692	-0.327	86.873
179.689	0.025	86.858
179.709	0.300	86.865
179.707	0.632	86.860
179.710	0.944	86.846
179.709	1.224	86.836
179.698	1.484	86.819
179.686	1.683	86.858
179.662	1.863	86.873
179.645	2.021	86.870
179.636	2.095	86.893
179.634	2.130	86.901
179.619	2.123	86.881
179.610	2.084	86.863
179.601	1.979	86.883
179.594	1.851	86.871
179.587	1.699	86.860
179.589	1.464	86.864
179.582	1.237	86.843
179.568	0.950	86.851
179.572	0.616	86.863
179.571	0.276	86.859
179.570	-0.043	86.842
179.570	-0.437	86.829
179.558	-0.771	86.831
179.570	-1.163	86.859
179.549	-1.461	86.828
179.547	-1.795	86.852
179.528	-2.065	86.859
179.519	-2.317	86.868
179.515	-2.467	86.872
179.542	-2.401	86.871
179.555	-2.295	86.900
179.562	-2.154	86.936
179.559	-1.948	86.926
179.573	-1.751	86.915
179.589	-1.520	86.906
179.616	-1.278	86.896
179.647	-0.997	86.892
179.667	-0.728	86.891
179.681	-0.414	86.855
179.701	-0.104	86.869
179.707	0.214	86.851
179.718	0.506	86.870
179.710	0.857	86.861
179.711	1.164	86.840
179.714	1.440	86.829
179.698	1.677	86.859
179.668	1.885	86.858
179.645	2.056	86.865
179.641	2.151	86.900
179.634	2.217	86.895
179.628	2.201	86.914
179.617	2.181	86.891
179.612	2.122	86.878
179.604	2.006	86.864
179.598	1.833	86.870
179.585	1.633	86.866
179.576	1.392	86.829
179.576	1.097	86.853
179.573	0.766	86.860
179.568	0.437	86.850
179.564	0.080	86.840
179.574	-0.317	86.839
179.561	-0.691	86.842
179.550	-1.048	86.828
179.545	-1.393	86.828
179.534	-1.729	86.849
179.531	-2.024	86.860
179.522	-2.288	86.858
179.518	-2.468	86.864
179.539	-2.406	86.850
179.557	-2.288	86.897
179.549	-2.126	86.923
179.553	-1.957	86.933
179.560	-1.743	86.919
179.587	-1.530	86.907
179.612	-1.278	86.912
179.644	-0.990	86.877
179.662	-0.717	86.873
179.674	-0.429	86.857
179.701	-0.113	86.857
179.699	0.196	86.860
179.701	0.509	86.845
179.713	0.803	86.864
179.723	1.114	86.837
179.706	1.405	86.833
179.690	1.611	86.859
179.665	1.814	86.868
179.649	1.955	86.884
179.652	2.068	86.914
179.627	2.150	86.881
179.625	2.167	86.883
179.616	2.119	86.882
179.610	2.051	86.897
179.597	1.936	86.882
179.585	1.800	86.858
179.572	1.601	86.860
179.573	1.375	86.840
179.571	1.086	86.851
179.574	0.791	86.856
179.564	0.482	86.836
179.560	0.127	86.837
179.568	-0.261	86.833
179.561	-0.617	86.822
179.561	-0.995	86.837
179.551	-1.353	86.853
179.534	-1.661	86.846
179.535	-1.940	86.844
179.528	-2.229	86.870
179.519	-2.447	86.873
179.536	-2.442	86.849
179.550	-2.320	86.886
179.568	-2.213	86.927
179.560	-2.025	86.924
179.550	-1.809	86.920
179.580	-1.629	86.921
179.604	-1.389	86.906
179.626	-1.126	86.880
179.651	-0.826	86.864
179.670	-0.550	86.873
179.696	-0.271	86.881
179.698	0.066	86.871
179.712	0.372	86.883
179.711	0.680	86.870
179.713	1.012	86.850
179.709	1.304	86.819
179.694	1.575	86.835
179.673	1.787	86.865
179.647	1.986	86.853
179.651	2.087	86.898
179.636	2.182	86.914
179.628	2.211	86.901
179.618	2.208	86.876
179.609	2.143	86.890
179.591	2.062	86.869
179.591	1.919	86.864
179.583	1.736	86.856
179.580	1.498	86.860
179.571	1.243	86.841
179.571	0.931	86.860
179.567	0.601	86.875
179.570	0.256	86.853
179.564	-0.108	86.828
179.566	-0.504	86.825
179.556	-0.867	86.836
179.567	-1.241	86.853
179.539	-1.565	86.828
179.534	-1.879	86.847
179.527	-2.170	86.868
179.517	-2.382	86.865
179.524	-2.448	86.851
179.549	-2.346	86.872
179.554	-2.223	86.908
179.553	-2.087	86.945
179.551	-1.848	86.913
179.572	-1.660	86.933
179.606	-1.422	86.915
179.623	-1.166	86.888
179.652	-0.872	86.876
179.662	-0.600	86.867
179.686	-0.295	86.853
179.694	0.038	86.842
179.707	0.328	86.866
179.710	0.646	86.853
179.716	0.971	86.830
179.717	1.228	86.843
179.703	1.480	86.848
179.682	1.714	86.863
179.661	1.889	86.865
179.646	2.028	86.890
179.637	2.131	86.891
179.627	2.169	86.883
179.621	2.148	86.892
179.617	2.074	86.906
179.596	2.019	86.882
179.595	1.865	86.880
179.584	1.711	86.860
179.582	1.502	86.850
179.573	1.253	86.841
179.577	0.952	86.860
179.577	0.631	86.863
179.559	0.307	86.825
179.567	-0.048	86.834
179.569	-0.446	86.830
179.571	-0.801	86.837
179.556	-1.173	86.840
179.545	-1.504	86.835
179.545	-1.820	86.849
179.523	-2.082	86.852
179.524	-2.340	86.861
179.523	-2.470	86.855
179.556	-2.393	86.876
179.562	-2.290	86.922
179.547	-2.106	86.920
179.550	-1.905	86.919
179.571	-1.719	86.917
179.595	-1.475	86.895
179.614	-1.212	86.881
179.647	-0.949	86.872
179.663	-0.658	86.867
179.688	-0.382	86.869
179.705	-0.062	86.868
179.710	0.251	86.859
179.709	0.571	86.861
179.710	0.892	86.837
179.716	1.184	86.844
179.704	1.457	86.832
179.691	1.678	86.856
179.664	1.870	86.872
179.660	2.012	86.886
179.640	2.145	86.889
179.634	2.194	86.876
179.626	2.190	86.880
179.613	2.137	86.886
179.607	2.065	86.870
179.594	1.945	86.869
179.598	1.759	86.881
179.577	1.564	86.858
179.576	1.342	86.838
179.572	1.032	86.859
179.570	0.732	86.849
179.571	0.375	86.860
179.561	0.046	86.828
179.567	-0.329	86.816
179.560	-0.700	86.823
179.553	-1.073	86.837
179.554	-1.430	86.831
179.556	-1.778	86.872
179.528	-2.037	86.845
179.522	-2.273	86.852
179.513	-2.473	86.868
179.545	-2.386	86.852
179.555	-2.302	86.893
179.548	-2.143	86.925
179.551	-1.963	86.924
179.555	-1.755	86.909
179.582	-1.533	86.903
179.613	-1.272	86.893
179.640	-1.021	86.884
179.670	-0.718	86.863
179.676	-0.427	86.862
179.706	-0.122	86.870
179.708	0.184	86.882
179.715	0.509	86.877
179.721	0.839	86.853
179.711	1.136	86.831
179.707	1.431	86.816
179.688	1.652	86.847
179.678	1.847	86.877
179.651	2.026	86.868
179.641	2.141	86.901
179.638	2.196	86.901
179.630	2.202	86.895
179.614	2.177	86.890
179.608	2.111	86.881
179.604	1.989	86.884
179.599	1.834	86.874
179.584	1.635	86.873
179.577	1.383	86.856
179.583	1.096	86.851
179.575	0.799	86.858
179.575	0.448	86.854
179.570	0.100	86.852
179.568	-0.273	86.837
179.569	-0.646	86.844
179.561	-1.011	86.827
179.556	-1.389	86.834
179.542	-1.709	86.839
179.535	-2.006	86.850
179.522	-2.270	86.859
179.512	-2.455	86.856
179.542	-2.408	86.853
179.559	-2.313	86.916
179.559	-2.173	86.925
179.543	-1.976	86.924
179.564	-1.766	86.920
179.582	-1.552	86.910
179.617	-1.295	86.909
179.654	-1.040	86.920
179.655	-0.748	86.877
179.671	-0.444	86.866
179.695	-0.150	86.878
179.705	0.172	86.864
179.707	0.486	86.857
179.710	0.804	86.847
179.710	1.112	86.832
179.704	1.404	86.805
179.689	1.610	86.838
179.668	1.821	86.843
179.642	1.976	86.874
179.646	2.075	86.899
179.635	2.151	86.899
179.628	2.170	86.900
179.619	2.128	86.893
179.616	2.081	86.880
179.606	1.949	86.881
179.584	1.825	86.855
179.589	1.619	86.860
179.577	1.411	86.837
179.572	1.124	86.843
179.575	0.795	86.891
179.566	0.481	86.853
179.568	0.135	86.836
179.566	-0.238	86.831
179.562	-0.596	86.836
179.566	-0.983	86.864
179.555	-1.322	86.836
179.551	-1.682	86.861
179.521	-1.955	86.856
179.525	-2.229	86.862
179.509	-2.425	86.871
179.534	-2.439	86.869
179.551	-2.313	86.876
179.557	-2.191	86.918
179.558	-2.040	86.938
179.550	-1.807	86.920
179.580	-1.600	86.913
179.604	-1.360	86.883
179.627	-1.109	86.897
179.651	-0.819	86.861
179.672	-0.557	86.877
179.692	-0.225	86.857
179.690	0.106	86.825
179.704	0.377	86.876
179.718	0.698	86.869
179.715	1.005	86.843
179.711	1.311	86.817
179.696	1.570	86.828
179.680	1.754	86.866
179.651	1.932	86.867
179.643	2.079	86.871
179.638	2.155	86.894
179.623	2.196	86.877
179.619	2.160	86.890
179.616	2.086	86.897
179.600	1.998	86.877
179.597	1.856	86.879
179.590	1.662	86.882
179.576	1.462	86.850
179.578	1.182	86.863
179.567	0.887	86.870
179.571	0.554	86.864
179.569	0.228	86.848
179.566	-0.134	86.846
179.567	-0.517	86.830
179.551	-0.854	86.837
179.556	-1.240	86.846
179.537	-1.576	86.847
179.532	-1.885	86.854
179.529	-2.164	86.862
179.523	-2.390	86.876
179.530	-2.459	86.859
179.551	-2.332	86.868
179.556	-2.231	86.925
179.551	-2.060	86.924
179.560	-1.850	86.919
179.580	-1.651	86.914
179.599	-1.405	86.889
179.619	-1.152	86.901
179.645	-0.859	86.860
179.662	-0.584	86.874
179.683	-0.296	86.855
179.693	0.044	86.850
179.711	0.325	86.880
179.704	0.665	86.850
179.718	0.969	86.839
179.716	1.273	86.821
179.705	1.530	86.835
179.682	1.753	86.850
179.664	1.925	86.867
179.644	2.068	86.877
179.646	2.146	86.896
179.636	2.176	86.896
179.616	2.175	86.881
179.616	2.113	86.894
179.601	2.053	86.857
179.603	1.887	86.873
179.605	1.702	86.886
179.581	1.512	86.854
179.575	1.248	86.851
179.571	0.964	86.850
179.574	0.622	86.868
179.572	0.282	86.852
179.569	-0.049	86.831
179.571	-0.458	86.824
179.567	-0.844	86.855
179.548	-1.175	86.828
179.557	-1.523	86.844
179.547	-1.843	86.849
179.529	-2.137	86.855
179.525	-2.351	86.868
179.531	-2.476	86.862
179.557	-2.387	86.887
179.566	-2.279	86.930
179.553	-2.093	86.930
179.551	-1.890	86.927
179.569	-1.677	86.918
179.591	-1.456	86.906
179.615	-1.187	86.893
179.648	-0.921	86.880
179.668	-0.638	86.883
179.695	-0.355	86.881
179.695	-0.012	86.854
179.707	0.282	86.869
179.711	0.606	86.853
179.722	0.924	86.861
179.713	1.229	86.821
179.710	1.490	86.832
179.683	1.728	86.853
179.669	1.891	86.870
179.647	2.071	86.858
179.641	2.149	86.899
179.632	2.226	86.870
179.619	2.195	86.899
179.616	2.145	86.895
179.607	2.066	86.881
179.596	1.934	86.886
179.592	1.774	86.863
179.589	1.553	86.855
179.572	1.304	86.851
179.565	1.004	86.856
179.562	0.694	86.860
179.575	0.325	86.864
179.567	-0.005	86.836
179.565	-0.396	86.822
179.561	-0.756	86.838
179.562	-1.138	86.861
179.546	-1.464	86.822
179.540	-1.815	86.859
179.527	-2.106	86.857
179.514	-2.334	86.865
179.524	-2.475	86.860
179.545	-2.397	86.873
179.560	-2.267	86.914
179.550	-2.111	86.935
179.545	-1.906	86.909
179.565	-1.700	86.909
179.591	-1.472	86.899
179.624	-1.235	86.889
179.644	-0.956	86.875
179.669	-0.665	86.869
179.691	-0.407	86.873
179.697	-0.063	86.863
179.704	0.252	86.850
179.713	0.525	86.875
179.720	0.870	86.859
179.717	1.165	86.820
179.715	1.432	86.830
179.694	1.673	86.847
179.673	1.831	86.877
179.657	2.003	86.881
179.642	2.101	86.900
179.633	2.169	86.884
179.633	2.158	86.883
179.617	2.127	86.875
179.607	2.058	86.867
179.602	1.935	86.860
179.585	1.781	86.873
179.591	1.559	86.867
179.581	1.331	86.834
179.576	1.042	86.863
179.570	0.746	86.866
179.573	0.387	86.857
179.568	0.054	86.830
179.574	-0.347	86.835
179.565	-0.690	86.823
179.557	-1.060	86.842
179.545	-1.407	86.836
179.539	-1.742	86.853
179.538	-2.049	86.861
179.517	-2.271	86.862
179.527	-2.444	86.869
179.538	-2.422	86.870
179.555	-2.313	86.906
179.554	-2.166	86.928
179.557	-1.976	86.934
179.564	-1.766	86.906
179.592	-1.547	86.901
179.619	-1.310	86.890
179.647	-1.035	86.886
179.661	-0.766	86.882
179.671	-0.456	86.862
179.690	-0.145	86.858
179.707	0.168	86.858
179.724	0.448	86.878
179.720	0.798	86.856
179.723	1.115	86.822
179.705	1.411	86.814
179.692	1.634	86.847
179.667	1.840	86.857
179.656	1.997	86.878
179.640	2.118	86.896
179.639	2.195	86.893
179.626	2.218	86.879
179.618	2.185	86.885
179.606	2.109	86.887
179.606	2.000	86.891
179.597	1.822	86.888
179.585	1.634	86.881
179.584	1.413	86.861
179.577	1.141	86.841
179.575	0.814	86.867
179.570	0.488	86.867
179.562	0.158	86.819
179.560	-0.236	86.834
179.561	-0.606	86.833
179.555	-0.996	86.847
179.542	-1.330	86.829
179.536	-1.670	86.841
179.528	-1.976	86.846
179.525	-2.231	86.871
179.516	-2.435	86.867
179.542	-2.445	86.869
179.560	-2.335	86.893
179.557	-2.179	86.933
179.552	-2.001	86.912
179.551	-1.790	86.917
179.580	-1.570	86.905
179.606	-1.340	86.899
179.641	-1.061	86.894
179.658	-0.776	86.856
179.671	-0.495	86.866
179.689	-0.182	86.861
179.697	0.143	86.853
179.712	0.445	86.859
179.711	0.760	86.864
179.713	1.076	86.827
179.703	1.376	86.809
179.700	1.606	86.844
179.677	1.805	86.856
179.660	1.985	86.861
179.658	2.091	86.909
179.642	2.180	86.899
179.623	2.209	86.880
179.615	2.168	86.902
179.614	2.114	86.892
179.601	2.028	86.874
179.590	1.864	86.874
179.584	1.693	86.861
179.584	1.450	86.845
179.578	1.187	86.842
179.577	0.878	86.868
179.576	0.530	86.861
179.564	0.206	86.828
179.566	-0.183	86.818
179.562	-0.542	86.828
179.564	-0.948	86.853
179.552	-1.273	86.833
179.546	-1.646	86.838
179.525	-1.925	86.840
179.524	-2.218	86.871
179.520	-2.442	86.865
179.542	-2.427	86.855
179.557	-2.350	86.889
179.556	-2.196	86.929
179.547	-2.022	86.926
179.557	-1.821	86.906
179.582	-1.623	86.926
179.594	-1.376	86.907
179.634	-1.112	86.897
179.657	-0.833	86.878
179.665	-0.542	86.854
179.684	-0.256	86.864
179.704	0.086	86.853
179.707	0.364	86.871
179.714	0.680	86.858
179.713	1.003	86.835
179.714	1.291	86.825
179.689	1.549	86.823
179.680	1.754	86.843
179.657	1.925	86.863
179.647	2.047	86.880
179.634	2.133	86.896
179.631	2.155	86.905
179.624	2.152	86.878
179.612	2.094	86.879
179.598	2.030	86.855
179.590	1.858	86.878
179.581	1.706	86.858
179.571	1.492	86.837
179.569	1.217	86.836
179.575	0.898	86.863
179.559	0.595	86.851
179.578	0.226	86.863
179.576	-0.120	86.840
179.572	-0.481	86.818
179.571	-0.869	86.855
179.564	-1.243	86.855
179.549	-1.553	86.838
179.543	-1.863	86.853
179.534	-2.121	86.864
179.515	-2.355	86.857
179.519	-2.454	86.859
179.552	-2.357	86.861
179.557	-2.261	86.928
179.554	-2.098	86.940
179.551	-1.893	86.932
179.573	-1.701	86.916
179.594	-1.439	86.897
179.617	-1.196	86.887
179.646	-0.915	86.881
179.657	-0.636	86.865
179.685	-0.357	86.871
179.692	-0.016	86.849
179.708	0.287	86.856
179.715	0.585	86.871
179.715	0.938	86.851
179.715	1.218	86.826
179.701	1.504	86.813
179.688	1.711	86.852
179.664	1.902	86.851
179.659	2.043	86.892
179.638	2.158	86.879
179.623	2.222	86.869
179.615	2.220	86.871
179.613	2.160	86.879
179.602	2.076	86.883
179.592	1.944	86.876
179.600	1.768	86.876
179.575	1.571	86.847
179.576	1.319	86.829
179.569	1.018	86.853
179.563	0.706	86.848
179.568	0.339	86.841
179.563	0.001	86.833
