NO_OF_FRAMES	5000
NO_OF_DATA_TYPES	3
FREQUENCY	500
TIME_STAMP	2026-06-04, 14:29:38
DATA_INCLUDED	Position
DATA_TYPES	Unidentified [610242]_pos_X	Unidentified [610242]_pos_Y	Unidentified [610242]_pos_Z


179.582	2.188	86.894
179.561	2.178	86.900
179.545	2.141	86.877
179.545	2.058	86.866
179.547	1.908	86.872
179.521	1.752	86.838
179.513	1.542	86.833
179.514	1.285	86.828
179.515	0.982	86.828
179.512	0.632	86.835
179.503	0.286	86.808
179.470	-0.665	86.458
179.498	-0.468	86.788
179.563	-0.868	86.996
179.549	-1.217	86.960
179.538	-1.550	86.923
179.514	-1.878	86.924
179.500	-2.149	86.917
179.481	-2.383	86.905
179.440	-3.007	86.498
179.577	-2.343	87.059
179.563	-2.207	87.094
179.556	-2.039	87.079
179.549	-1.841	87.051
179.562	-1.610	87.001
179.593	-1.389	86.988
179.613	-1.143	86.971
179.631	-0.866	86.949
179.637	-0.581	86.898
179.656	-0.263	86.880
179.671	0.043	86.884
179.690	0.330	86.879
179.685	0.651	86.884
179.701	0.956	86.867
179.692	1.268	86.833
179.672	1.533	86.833
179.655	1.740	86.851
179.632	1.925	86.852
179.612	2.065	86.863
179.602	2.160	86.877
179.599	2.198	86.867
179.585	2.196	86.864
179.576	2.141	86.866
179.573	2.037	86.873
179.565	1.930	86.845
179.567	1.727	86.867
179.553	1.526	86.834
179.556	1.273	86.840
179.558	0.972	86.851
179.547	0.653	86.845
179.555	0.300	86.825
179.560	-0.049	86.820
179.561	-0.462	86.832
179.548	-0.797	86.821
179.549	-1.171	86.829
179.540	-1.511	86.834
179.527	-1.836	86.853
179.517	-2.118	86.877
179.503	-2.350	86.870
179.513	-2.471	86.857
179.532	-2.391	86.877
179.532	-2.237	86.923
179.518	-2.103	86.941
179.517	-1.913	86.931
179.533	-1.733	86.928
179.542	-1.466	86.895
179.567	-1.236	86.901
179.581	-0.950	86.882
179.600	-0.670	86.873
179.620	-0.410	86.882
179.642	-0.091	86.893
179.636	0.256	86.861
179.646	0.542	86.872
179.661	0.868	86.878
179.660	1.182	86.850
179.649	1.434	86.825
179.637	1.654	86.866
179.611	1.837	86.872
179.615	1.964	86.901
179.593	2.091	86.897
179.594	2.140	86.884
179.582	2.119	86.887
179.574	2.073	86.874
179.567	1.982	86.884
179.553	1.852	86.885
179.554	1.680	86.883
179.542	1.478	86.874
179.530	1.217	86.846
179.533	0.927	86.875
179.521	0.601	86.871
179.518	0.271	86.851
179.516	-0.080	86.829
179.509	-0.463	86.819
179.499	-0.822	86.834
179.500	-1.176	86.822
179.491	-1.523	86.828
179.486	-1.843	86.844
179.472	-2.125	86.850
179.474	-2.391	86.875
179.490	-2.542	86.884
179.515	-2.427	86.883
179.521	-2.323	86.921
179.528	-2.175	86.950
179.529	-1.990	86.947
179.536	-1.768	86.921
179.566	-1.517	86.911
179.596	-1.281	86.919
179.622	-1.023	86.909
179.642	-0.732	86.903
179.664	-0.433	86.886
179.679	-0.102	86.890
179.696	0.183	86.905
179.704	0.491	86.902
179.697	0.841	86.873
179.691	1.150	86.847
179.686	1.408	86.854
179.674	1.620	86.886
179.644	1.842	86.874
179.631	1.996	86.887
179.617	2.113	86.881
179.611	2.168	86.889
179.608	2.169	86.896
179.599	2.142	86.883
179.595	2.063	86.876
179.587	1.928	86.867
179.578	1.771	86.878
179.578	1.540	86.872
179.571	1.307	86.859
179.570	1.015	86.878
179.564	0.697	86.872
179.570	0.337	86.883
179.555	0.016	86.857
179.554	-0.383	86.833
179.550	-0.737	86.844
179.534	-1.104	86.837
179.533	-1.471	86.842
179.515	-1.781	86.861
179.501	-2.053	86.838
179.495	-2.319	86.872
179.483	-2.457	86.869
179.511	-2.376	86.854
179.517	-2.254	86.891
179.510	-2.115	86.929
179.500	-1.916	86.905
179.507	-1.722	86.915
179.534	-1.495	86.897
179.554	-1.248	86.889
179.577	-0.978	86.877
179.603	-0.681	86.858
179.628	-0.412	86.863
179.643	-0.084	86.855
179.647	0.225	86.868
179.657	0.536	86.854
179.664	0.856	86.849
179.672	1.154	86.836
179.667	1.429	86.832
179.643	1.658	86.841
179.637	1.846	86.854
179.611	2.014	86.858
179.612	2.104	86.887
179.598	2.178	86.881
179.588	2.175	86.873
179.573	2.130	86.873
179.572	2.059	86.877
179.545	1.976	86.841
179.537	1.800	86.839
179.531	1.599	86.852
179.532	1.351	86.838
179.524	1.065	86.856
179.515	0.754	86.856
179.513	0.402	86.842
179.504	0.072	86.802
179.498	-0.305	86.805
179.496	-0.690	86.820
179.483	-1.052	86.826
179.487	-1.417	86.842
179.475	-1.747	86.853
179.476	-2.058	86.865
179.472	-2.285	86.869
179.466	-2.462	86.875
179.502	-2.386	86.875
179.524	-2.306	86.922
179.517	-2.159	86.954
179.518	-1.955	86.943
179.537	-1.768	86.934
179.561	-1.538	86.910
179.594	-1.275	86.909
179.624	-1.021	86.902
179.642	-0.730	86.873
179.655	-0.449	86.881
179.682	-0.142	86.882
179.686	0.181	86.864
179.692	0.484	86.870
179.687	0.816	86.854
179.691	1.141	86.818
179.681	1.408	86.811
179.667	1.647	86.814
179.638	1.840	86.839
179.625	1.997	86.855
179.622	2.093	86.865
179.601	2.174	86.858
179.580	2.174	86.857
179.589	2.153	86.852
179.576	2.064	86.857
179.562	1.947	86.855
179.562	1.791	86.848
179.555	1.572	86.875
179.549	1.358	86.835
179.554	1.051	86.866
179.558	0.743	86.871
179.557	0.390	86.869
179.557	0.038	86.871
179.561	-0.359	86.868
179.546	-0.690	86.863
179.549	-1.058	86.855
179.541	-1.418	86.845
179.531	-1.731	86.861
179.522	-2.041	86.875
179.510	-2.304	86.896
179.495	-2.482	86.883
179.521	-2.469	86.894
179.534	-2.345	86.922
179.536	-2.226	86.943
179.527	-2.024	86.939
179.531	-1.837	86.926
179.548	-1.580	86.895
179.584	-1.366	86.902
179.598	-1.110	86.886
179.628	-0.815	86.862
179.639	-0.527	86.863
179.665	-0.226	86.862
179.675	0.086	86.864
179.679	0.397	86.866
179.692	0.702	86.862
179.686	1.044	86.834
179.688	1.307	86.828
179.683	1.518	86.852
179.665	1.743	86.871
179.653	1.932	86.866
179.629	2.050	86.886
179.638	2.114	86.906
179.625	2.142	86.901
179.607	2.116	86.903
179.613	2.042	86.903
179.597	1.934	86.895
179.587	1.775	86.888
179.590	1.589	86.897
179.576	1.366	86.878
179.576	1.068	86.896
179.571	0.766	86.909
179.562	0.409	86.901
179.555	0.091	86.868
179.556	-0.278	86.859
179.548	-0.661	86.874
179.542	-1.064	86.887
179.532	-1.380	86.870
179.523	-1.728	86.867
179.521	-2.024	86.878
179.508	-2.289	86.891
179.496	-2.474	86.876
179.526	-2.502	86.885
179.534	-2.336	86.891
179.533	-2.220	86.937
179.534	-2.043	86.933
179.535	-1.827	86.919
179.561	-1.617	86.897
179.596	-1.367	86.898
179.624	-1.113	86.879
179.648	-0.836	86.878
179.670	-0.529	86.872
179.690	-0.267	86.875
179.694	0.080	86.881
179.708	0.389	86.869
179.715	0.692	86.858
179.708	1.035	86.836
179.713	1.315	86.822
179.697	1.542	86.847
179.674	1.725	86.882
179.650	1.931	86.858
179.627	2.024	86.906
179.624	2.133	86.882
179.614	2.125	86.902
179.606	2.106	86.879
179.593	2.060	86.893
179.585	1.957	86.877
179.574	1.812	86.871
179.563	1.650	86.851
179.548	1.427	86.829
179.549	1.154	86.847
179.554	0.854	86.841
179.537	0.526	86.847
179.546	0.182	86.845
179.546	-0.174	86.830
179.544	-0.537	86.811
179.531	-0.912	86.824
179.529	-1.263	86.813
179.531	-1.591	86.832
179.510	-1.889	86.835
179.512	-2.174	86.852
179.499	-2.372	86.856
179.513	-2.441	86.864
179.537	-2.341	86.869
179.550	-2.235	86.924
179.539	-2.053	86.921
179.546	-1.865	86.927
179.574	-1.646	86.922
179.602	-1.413	86.904
179.618	-1.169	86.901
179.650	-0.864	86.890
179.662	-0.586	86.885
179.686	-0.292	86.878
179.695	0.061	86.864
179.707	0.329	86.885
179.707	0.664	86.880
179.702	0.998	86.850
179.710	1.287	86.847
179.691	1.520	86.870
179.663	1.764	86.871
179.641	1.939	86.862
179.625	2.091	86.888
179.621	2.165	86.884
179.601	2.192	86.884
179.602	2.167	86.908
179.583	2.136	86.880
179.581	2.019	86.891
179.571	1.866	86.886
179.573	1.690	86.877
179.558	1.471	86.864
179.565	1.189	86.868
179.562	0.882	86.881
179.562	0.546	86.879
179.553	0.207	86.860
179.560	-0.168	86.849
179.559	-0.547	86.843
179.543	-0.905	86.842
179.545	-1.299	86.854
179.536	-1.626	86.858
179.518	-1.941	86.847
179.512	-2.231	86.884
179.503	-2.420	86.865
179.515	-2.496	86.866
179.540	-2.382	86.878
179.535	-2.242	86.924
179.531	-2.086	86.932
179.545	-1.891	86.925
179.551	-1.645	86.896
179.574	-1.417	86.884
179.611	-1.168	86.892
179.635	-0.878	86.866
179.651	-0.598	86.878
179.678	-0.324	86.885
179.691	0.008	86.875
179.702	0.310	86.875
179.710	0.608	86.892
179.704	0.966	86.843
179.709	1.241	86.839
179.703	1.480	86.877
179.687	1.671	86.896
179.663	1.859	86.898
179.646	2.020	86.897
179.631	2.088	86.919
179.625	2.132	86.908
179.612	2.100	86.914
179.602	2.065	86.899
179.593	1.966	86.908
179.583	1.838	86.897
179.575	1.650	86.884
179.557	1.458	86.863
179.559	1.187	86.854
179.554	0.914	86.871
179.541	0.592	86.840
179.538	0.227	86.837
179.542	-0.110	86.830
179.530	-0.494	86.821
179.528	-0.859	86.835
179.527	-1.202	86.816
179.523	-1.540	86.824
179.513	-1.859	86.834
179.502	-2.141	86.860
179.504	-2.379	86.875
179.506	-2.485	86.855
179.535	-2.379	86.867
179.547	-2.261	86.912
179.547	-2.120	86.950
179.542	-1.916	86.919
179.564	-1.708	86.913
179.592	-1.487	86.908
179.612	-1.196	86.894
179.643	-0.950	86.879
179.645	-0.660	86.876
179.663	-0.355	86.867
179.680	-0.026	86.878
179.679	0.293	86.856
179.683	0.617	86.858
179.682	0.946	86.853
179.681	1.260	86.809
179.668	1.514	86.849
179.646	1.752	86.853
179.613	1.930	86.875
179.596	2.106	86.864
179.592	2.207	86.880
179.584	2.246	86.893
179.560	2.244	86.877
179.567	2.165	86.891
179.555	2.104	86.869
179.549	1.958	86.878
179.535	1.789	86.855
179.526	1.561	86.868
179.529	1.288	86.862
179.538	0.960	86.883
179.529	0.640	86.890
179.519	0.301	86.855
179.524	-0.060	86.846
179.522	-0.459	86.861
179.514	-0.841	86.866
179.501	-1.190	86.850
179.496	-1.518	86.825
179.487	-1.857	86.847
179.474	-2.142	86.854
179.465	-2.345	86.851
179.475	-2.443	86.855
179.488	-2.313	86.845
179.495	-2.198	86.899
179.478	-2.029	86.895
179.487	-1.832	86.880
179.497	-1.599	86.868
179.530	-1.363	86.850
179.552	-1.104	86.849
179.587	-0.850	86.854
179.602	-0.567	86.833
179.632	-0.248	86.830
179.644	0.066	86.822
179.661	0.337	86.844
179.668	0.673	86.854
179.683	0.996	86.826
179.688	1.287	86.813
179.687	1.513	86.841
179.665	1.728	86.869
179.642	1.908	86.881
179.633	2.063	86.881
179.624	2.142	86.891
179.619	2.181	86.904
179.620	2.134	86.936
179.607	2.123	86.904
179.599	2.030	86.899
179.579	1.932	86.867
179.567	1.748	86.861
179.558	1.551	86.852
179.561	1.281	86.857
179.554	0.987	86.862
179.553	0.675	86.858
179.555	0.303	86.866
179.549	-0.032	86.828
179.539	-0.425	86.830
179.533	-0.764	86.822
179.535	-1.146	86.840
179.530	-1.479	86.842
179.513	-1.780	86.835
179.505	-2.072	86.867
179.500	-2.303	86.862
179.514	-2.433	86.871
179.537	-2.339	86.866
179.541	-2.249	86.928
179.544	-2.097	86.940
179.548	-1.902	86.933
179.561	-1.678	86.921
179.600	-1.466	86.901
179.621	-1.225	86.907
179.642	-0.939	86.894
179.652	-0.658	86.894
179.672	-0.341	86.861
179.683	-0.005	86.849
179.697	0.275	86.868
179.694	0.602	86.859
179.687	0.924	86.838
179.692	1.222	86.828
179.671	1.493	86.823
179.660	1.701	86.862
179.627	1.897	86.856
179.612	2.062	86.860
179.600	2.146	86.873
179.592	2.194	86.874
179.587	2.169	86.887
179.579	2.138	86.885
179.568	2.041	86.875
179.557	1.926	86.871
179.556	1.738	86.872
179.546	1.528	86.860
179.557	1.243	86.881
179.548	0.929	86.898
179.546	0.627	86.893
179.538	0.280	86.877
179.539	-0.077	86.865
179.537	-0.472	86.853
179.525	-0.839	86.875
179.524	-1.193	86.862
179.517	-1.551	86.861
179.497	-1.866	86.862
179.506	-2.184	86.891
179.484	-2.408	86.897
179.489	-2.481	86.869
179.507	-2.369	86.867
179.515	-2.287	86.938
179.497	-2.096	86.939
179.490	-1.918	86.936
179.511	-1.698	86.922
179.539	-1.478	86.901
179.568	-1.222	86.905
179.580	-0.955	86.891
179.602	-0.675	86.876
179.635	-0.404	86.874
179.631	-0.045	86.858
179.649	0.230	86.873
179.657	0.528	86.882
179.661	0.852	86.852
179.669	1.131	86.845
179.667	1.384	86.837
179.638	1.597	86.863
179.616	1.780	86.880
179.604	1.918	86.880
179.592	2.034	86.878
179.589	2.067	86.891
179.582	2.053	86.891
179.576	2.030	86.872
179.565	1.940	86.872
179.555	1.823	86.866
179.547	1.655	86.870
179.542	1.475	86.846
179.539	1.225	86.848
179.537	0.959	86.864
179.540	0.642	86.880
179.531	0.313	86.843
179.533	-0.005	86.826
179.530	-0.391	86.822
179.522	-0.722	86.837
179.515	-1.070	86.830
179.506	-1.391	86.821
179.499	-1.742	86.850
179.480	-1.991	86.854
179.480	-2.226	86.855
179.473	-2.408	86.868
179.501	-2.366	86.870
179.517	-2.251	86.877
179.509	-2.105	86.913
179.510	-1.930	86.907
179.516	-1.730	86.914
179.540	-1.482	86.885
179.574	-1.262	86.888
179.597	-1.000	86.898
179.616	-0.712	86.876
179.638	-0.420	86.855
179.644	-0.065	86.849
179.662	0.217	86.850
179.670	0.532	86.851
179.678	0.851	86.853
179.680	1.160	86.828
179.672	1.441	86.815
179.659	1.660	86.859
179.629	1.882	86.853
179.608	2.052	86.860
179.594	2.166	86.867
179.593	2.228	86.874
179.578	2.237	86.871
179.577	2.208	86.859
179.561	2.141	86.852
179.563	2.020	86.850
179.556	1.849	86.847
179.547	1.664	86.831
179.534	1.410	86.831
179.538	1.134	86.829
179.533	0.799	86.852
179.545	0.431	86.858
179.529	0.115	86.830
179.539	-0.272	86.810
179.530	-0.644	86.835
179.522	-0.999	86.828
179.528	-1.358	86.826
179.510	-1.684	86.849
179.509	-2.007	86.871
179.485	-2.232	86.856
179.490	-2.444	86.867
179.520	-2.394	86.872
179.529	-2.271	86.916
179.527	-2.122	86.952
179.516	-1.932	86.938
179.538	-1.748	86.944
179.555	-1.503	86.921
179.599	-1.295	86.941
179.622	-1.019	86.932
179.645	-0.745	86.928
179.662	-0.455	86.913
179.668	-0.115	86.879
179.681	0.170	86.886
179.694	0.465	86.892
179.678	0.806	86.868
179.691	1.113	86.839
179.700	1.356	86.849
179.654	1.604	86.851
179.636	1.804	86.857
179.630	1.932	86.867
179.604	2.084	86.864
179.589	2.159	86.842
179.589	2.161	86.847
179.578	2.128	86.849
179.571	2.042	86.859
179.559	1.934	86.842
179.558	1.782	86.851
179.558	1.592	86.839
179.543	1.359	86.815
179.548	1.070	86.858
179.548	0.786	86.855
179.535	0.431	86.848
179.541	0.107	86.834
179.544	-0.266	86.835
179.543	-0.644	86.837
179.529	-1.009	86.846
179.524	-1.356	86.856
179.527	-1.681	86.874
179.517	-1.964	86.866
179.506	-2.232	86.881
179.480	-2.428	86.878
179.502	-2.475	86.891
179.522	-2.370	86.899
179.516	-2.229	86.945
179.518	-2.045	86.939
179.517	-1.859	86.923
179.539	-1.620	86.909
179.558	-1.380	86.911
179.569	-1.112	86.891
179.598	-0.812	86.862
179.607	-0.538	86.861
179.633	-0.236	86.870
179.642	0.093	86.862
179.653	0.388	86.874
179.668	0.680	86.893
179.669	1.019	86.860
179.668	1.315	86.841
179.651	1.567	86.852
179.631	1.779	86.879
179.610	1.921	86.911
179.600	2.078	86.903
179.596	2.162	86.910
179.591	2.177	86.908
179.584	2.156	86.903
179.568	2.089	86.894
179.566	1.988	86.897
179.553	1.838	86.875
179.547	1.656	86.878
179.543	1.435	86.831
179.536	1.157	86.855
179.533	0.863	86.854
179.523	0.508	86.852
179.528	0.157	86.840
179.523	-0.210	86.842
179.516	-0.597	86.842
179.509	-0.968	86.829
179.509	-1.342	86.844
179.497	-1.659	86.830
179.481	-1.949	86.827
179.487	-2.254	86.861
179.468	-2.454	86.862
179.492	-2.454	86.848
179.514	-2.374	86.884
179.506	-2.204	86.929
179.500	-2.028	86.920
179.507	-1.849	86.929
179.528	-1.608	86.916
179.554	-1.362	86.899
179.584	-1.114	86.914
179.606	-0.820	86.885
179.626	-0.549	86.896
179.650	-0.245	86.890
179.656	0.089	86.882
179.659	0.378	86.891
179.668	0.693	86.893
179.673	1.010	86.865
179.669	1.301	86.841
179.652	1.538	86.857
179.627	1.744	86.872
179.611	1.883	86.885
179.599	2.036	86.889
179.603	2.100	86.907
179.582	2.124	86.889
179.567	2.121	86.873
179.563	2.073	86.860
179.556	1.965	86.867
179.543	1.825	86.859
179.546	1.647	86.862
179.537	1.439	86.821
179.538	1.167	86.829
179.540	0.885	86.843
179.547	0.534	86.856
179.537	0.237	86.818
179.529	-0.098	86.803
179.533	-0.509	86.798
179.530	-0.866	86.816
179.532	-1.211	86.816
179.526	-1.541	86.830
179.517	-1.829	86.823
179.510	-2.124	86.850
179.501	-2.337	86.857
179.503	-2.463	86.849
179.530	-2.377	86.849
179.539	-2.260	86.896
179.533	-2.094	86.902
179.535	-1.886	86.902
179.561	-1.710	86.914
179.572	-1.467	86.899
179.607	-1.203	86.878
179.629	-0.925	86.899
179.662	-0.645	86.881
179.669	-0.362	86.878
179.682	0.012	86.853
179.691	0.298	86.883
179.702	0.618	86.877
179.709	0.947	86.875
179.708	1.269	86.839
179.693	1.526	86.844
179.676	1.749	86.882
179.650	1.948	86.882
179.636	2.096	86.895
179.625	2.200	86.902
179.606	2.253	86.895
179.603	2.247	86.895
179.589	2.211	86.888
179.578	2.126	86.897
179.580	1.997	86.893
179.567	1.829	86.871
179.559	1.621	86.860
179.544	1.390	86.839
179.554	1.080	86.859
179.542	0.753	86.851
179.541	0.413	86.827
179.538	0.039	86.828
179.533	-0.330	86.809
179.534	-0.728	86.822
179.523	-1.071	86.813
179.516	-1.451	86.809
179.506	-1.773	86.825
179.496	-2.075	86.841
179.490	-2.314	86.834
179.478	-2.489	86.837
179.515	-2.406	86.849
179.530	-2.317	86.890
179.514	-2.163	86.929
179.516	-1.947	86.898
179.525	-1.759	86.895
179.541	-1.509	86.888
179.578	-1.288	86.896
179.600	-1.005	86.867
179.615	-0.715	86.887
179.637	-0.441	86.878
179.661	-0.099	86.875
179.656	0.207	86.866
179.666	0.513	86.893
179.670	0.845	86.877
179.673	1.146	86.857
179.663	1.447	86.828
179.652	1.648	86.891
179.621	1.842	86.894
179.604	2.019	86.892
179.600	2.126	86.915
179.600	2.194	86.915
179.585	2.177	86.918
179.572	2.146	86.904
179.576	2.074	86.904
179.558	1.961	86.882
179.555	1.770	86.906
179.542	1.593	86.872
179.533	1.370	86.854
179.539	1.063	86.882
179.538	0.717	86.893
179.524	0.400	86.848
179.515	0.070	86.826
179.523	-0.369	86.850
179.516	-0.708	86.849
179.516	-1.077	86.835
179.506	-1.441	86.827
179.498	-1.776	86.864
179.486	-2.050	86.848
179.486	-2.322	86.871
179.466	-2.496	86.859
179.503	-2.452	86.849
179.518	-2.365	86.898
179.509	-2.195	86.922
179.503	-2.013	86.902
179.522	-1.819	86.904
179.543	-1.610	86.896
179.581	-1.386	86.909
179.603	-1.098	86.887
179.620	-0.817	86.854
179.640	-0.529	86.867
179.663	-0.219	86.857
179.667	0.109	86.863
179.678	0.408	86.883
179.681	0.743	86.855
179.684	1.058	86.841
179.673	1.357	86.825
179.654	1.603	86.849
179.630	1.801	86.886
179.616	1.960	86.882
179.603	2.113	86.889
179.594	2.183	86.898
179.585	2.204	86.905
179.579	2.177	86.893
179.568	2.135	86.889
179.573	2.022	86.890
179.554	1.888	86.878
179.552	1.684	86.889
179.541	1.454	86.875
179.542	1.204	86.850
179.540	0.871	86.883
179.550	0.551	86.882
179.543	0.193	86.842
179.535	-0.164	86.830
179.539	-0.551	86.852
179.526	-0.932	86.838
179.531	-1.306	86.859
179.512	-1.599	86.835
179.499	-1.926	86.849
179.497	-2.197	86.869
179.487	-2.437	86.869
179.489	-2.442	86.840
179.519	-2.357	86.865
179.506	-2.211	86.899
179.509	-2.043	86.904
179.511	-1.847	86.903
179.522	-1.612	86.878
179.562	-1.389	86.873
179.568	-1.118	86.854
179.599	-0.833	86.840
179.616	-0.547	86.845
179.638	-0.250	86.842
179.644	0.102	86.807
179.657	0.377	86.856
179.679	0.682	86.869
179.679	1.045	86.822
179.676	1.322	86.817
179.662	1.573	86.847
179.647	1.777	86.859
179.637	1.954	86.882
179.624	2.105	86.885
179.613	2.179	86.903
179.607	2.203	86.909
179.609	2.199	86.892
179.593	2.146	86.910
179.586	2.057	86.886
179.583	1.904	86.910
179.565	1.743	86.876
179.562	1.497	86.879
179.549	1.269	86.856
179.550	0.944	86.877
179.552	0.590	86.868
179.542	0.270	86.855
179.538	-0.090	86.837
179.535	-0.489	86.825
179.522	-0.855	86.846
179.534	-1.241	86.854
179.510	-1.562	86.840
179.500	-1.889	86.848
179.489	-2.162	86.872
179.479	-2.375	86.864
179.507	-2.434	86.868
179.527	-2.322	86.884
179.526	-2.199	86.932
179.523	-2.024	86.935
179.534	-1.831	86.919
179.553	-1.608	86.906
179.583	-1.377	86.894
179.615	-1.149	86.902
179.646	-0.857	86.870
179.653	-0.591	86.872
179.683	-0.298	86.879
179.690	0.054	86.837
179.696	0.323	86.870
179.693	0.656	86.851
179.700	0.979	86.829
179.698	1.270	86.822
179.674	1.524	86.820
179.654	1.741	86.843
179.629	1.944	86.826
179.611	2.077	86.857
179.597	2.173	86.858
179.588	2.222	86.856
179.569	2.200	86.848
179.569	2.127	86.873
179.561	2.073	86.843
179.550	1.905	86.875
179.527	1.750	86.846
179.524	1.522	86.859
179.540	1.267	86.847
179.531	0.962	86.868
179.522	0.649	86.855
179.533	0.268	86.871
179.530	-0.083	86.865
179.531	-0.481	86.845
179.525	-0.844	86.859
179.520	-1.209	86.866
179.515	-1.536	86.864
179.505	-1.854	86.873
179.506	-2.162	86.908
179.482	-2.381	86.885
179.493	-2.460	86.896
179.525	-2.362	86.894
179.516	-2.243	86.955
179.508	-2.085	86.959
179.506	-1.883	86.924
179.521	-1.669	86.918
179.549	-1.439	86.890
179.570	-1.192	86.882
179.585	-0.901	86.874
179.601	-0.610	86.845
179.628	-0.347	86.841
179.636	-0.008	86.845
179.637	0.302	86.840
179.643	0.592	86.845
179.661	0.929	86.826
179.659	1.209	86.816
179.638	1.480	86.793
179.628	1.676	86.844
179.607	1.861	86.861
179.595	2.031	86.854
179.591	2.122	86.878
179.584	2.171	86.875
179.577	2.165	86.883
179.571	2.136	86.863
179.568	2.036	86.878
179.559	1.911	86.880
179.555	1.725	86.888
179.547	1.508	86.889
179.540	1.280	86.853
179.535	0.980	86.858
179.537	0.649	86.894
179.521	0.302	86.851
179.520	-0.031	86.849
179.522	-0.424	86.845
179.510	-0.795	86.847
179.505	-1.149	86.847
179.498	-1.502	86.847
179.485	-1.819	86.860
179.476	-2.100	86.866
179.472	-2.365	86.880
179.481	-2.458	86.876
179.494	-2.365	86.864
179.512	-2.220	86.923
179.508	-2.094	86.945
179.506	-1.867	86.917
179.522	-1.671	86.915
179.560	-1.438	86.898
179.588	-1.186	86.896
179.610	-0.926	86.886
179.642	-0.647	86.881
179.665	-0.332	86.863
179.682	-0.031	86.882
179.679	0.274	86.867
179.697	0.586	86.865
179.711	0.905	86.846
179.710	1.162	86.855
179.691	1.462	86.828
179.672	1.664	86.861
179.649	1.854	86.863
179.626	2.015	86.871
179.613	2.138	86.857
179.613	2.175	86.880
179.592	2.169	86.861
179.581	2.139	86.854
179.575	2.055	86.868
179.562	1.929	86.857
179.560	1.744	86.874
179.548	1.575	86.841
179.543	1.315	86.833
179.540	1.035	86.834
179.540	0.711	86.853
179.541	0.358	86.837
179.538	0.006	86.838
179.542	-0.372	86.832
179.533	-0.729	86.834
179.531	-1.088	86.837
179.526	-1.430	86.829
179.513	-1.742	86.848
179.507	-2.036	86.860
179.508	-2.302	86.891
179.502	-2.435	86.865
179.532	-2.356	86.880
179.541	-2.245	86.930
179.541	-2.102	86.943
179.545	-1.925	86.954
179.548	-1.699	86.921
179.576	-1.481	86.919
179.602	-1.228	86.923
179.619	-0.947	86.884
179.647	-0.681	86.882
179.657	-0.388	86.884
179.665	-0.055	86.857
179.667	0.252	86.858
179.680	0.543	86.873
179.679	0.901	86.851
179.680	1.196	86.822
179.671	1.465	86.821
179.645	1.691	86.865
179.618	1.891	86.844
179.606	2.033	86.886
179.589	2.161	86.869
179.584	2.215	86.880
179.574	2.218	86.871
179.562	2.185	86.878
179.552	2.095	86.876
179.542	1.985	86.851
179.545	1.773	86.867
179.542	1.586	86.878
179.533	1.336	86.857
179.537	1.052	86.860
179.539	0.724	86.879
179.533	0.366	86.859
179.531	0.006	86.854
179.534	-0.374	86.839
179.528	-0.732	86.840
179.515	-1.099	86.835
179.509	-1.445	86.831
179.494	-1.779	86.837
179.491	-2.059	86.839
179.473	-2.304	86.850
179.475	-2.441	86.849
179.497	-2.339	86.839
179.501	-2.226	86.886
179.489	-2.064	86.917
179.497	-1.882	86.911
179.497	-1.659	86.895
179.526	-1.419	86.872
179.560	-1.197	86.870
179.586	-0.920	86.865
179.607	-0.630	86.859
179.626	-0.338	86.853
179.644	-0.020	86.850
179.648	0.267	86.858
179.660	0.568	86.858
179.682	0.887	86.855
179.685	1.164	86.849
179.681	1.443	86.834
179.671	1.651	86.883
179.645	1.833	86.907
179.637	1.987	86.900
179.618	2.095	86.903
179.615	2.174	86.904
179.602	2.148	86.915
179.589	2.137	86.891
179.581	2.076	86.859
179.569	1.933	86.881
179.560	1.774	86.876
179.533	1.584	86.849
179.536	1.342	86.835
179.526	1.052	86.845
179.516	0.735	86.843
179.519	0.396	86.837
179.515	0.050	86.828
179.506	-0.301	86.802
179.511	-0.697	86.831
179.508	-1.050	86.813
179.503	-1.405	86.815
179.499	-1.749	86.845
179.476	-2.018	86.841
179.486	-2.282	86.858
179.475	-2.472	86.864
179.508	-2.429	86.886
179.530	-2.321	86.909
179.522	-2.179	86.941
179.509	-1.969	86.924
179.526	-1.780	86.938
179.554	-1.534	86.900
179.591	-1.318	86.921
179.611	-1.028	86.894
179.636	-0.764	86.899
179.657	-0.465	86.884
179.677	-0.166	86.904
179.671	0.172	86.878
179.674	0.470	86.894
179.681	0.812	86.866
179.680	1.097	86.854
179.668	1.408	86.833
179.650	1.631	86.855
179.622	1.822	86.871
179.601	1.999	86.867
179.593	2.114	86.879
179.584	2.209	86.867
179.579	2.190	86.885
179.562	2.168	86.862
179.567	2.083	86.874
179.554	1.985	86.863
179.546	1.822	86.862
179.551	1.597	86.867
179.543	1.377	86.837
179.562	1.070	86.876
179.561	0.747	86.888
179.556	0.390	86.892
179.549	0.068	86.846
179.558	-0.321	86.862
179.544	-0.672	86.837
179.545	-1.030	86.838
179.537	-1.407	86.859
179.534	-1.725	86.863
179.507	-2.001	86.847
179.509	-2.284	86.888
179.496	-2.450	86.881
179.528	-2.404	86.883
179.528	-2.282	86.902
179.528	-2.155	86.938
179.516	-1.966	86.932
179.516	-1.757	86.912
179.550	-1.520	86.902
179.574	-1.282	86.897
179.588	-1.005	86.891
179.619	-0.718	86.872
179.631	-0.426	86.863
179.657	-0.093	86.859
179.665	0.206	86.854
179.678	0.518	86.862
179.684	0.840	86.854
179.686	1.166	86.830
179.684	1.425	86.824
179.686	1.641	86.859
179.654	1.849	86.861
179.643	2.022	86.880
179.629	2.141	86.880
179.628	2.194	86.894
179.612	2.213	86.888
179.608	2.180	86.890
179.598	2.110	86.890
179.583	2.004	86.879
179.582	1.824	86.875
179.575	1.625	86.893
179.561	1.396	86.861
179.554	1.147	86.828
179.550	0.810	86.861
179.534	0.470	86.844
179.532	0.131	86.820
179.530	-0.250	86.816
179.524	-0.625	86.828
179.520	-1.004	86.841
179.500	-1.349	86.827
179.500	-1.680	86.839
179.486	-1.958	86.843
179.481	-2.261	86.855
179.467	-2.430	86.860
179.502	-2.418	86.866
179.515	-2.280	86.886
179.509	-2.143	86.924
179.501	-1.942	86.919
179.516	-1.734	86.904
179.547	-1.520	86.917
179.578	-1.293	86.902
179.593	-1.007	86.901
179.626	-0.736	86.893
179.626	-0.438	86.862
179.654	-0.124	86.860
179.663	0.159	86.867
179.676	0.473	86.866
179.669	0.786	86.867
179.671	1.110	86.831
179.665	1.384	86.816
179.642	1.605	86.840
179.621	1.816	86.848
179.609	1.980	86.882
179.594	2.110	86.886
179.586	2.172	86.881
179.582	2.195	86.880
179.569	2.160	86.872
179.567	2.111	86.850
179.555	1.980	86.870
179.540	1.843	86.848
179.544	1.635	86.861
179.542	1.406	86.833
179.546	1.115	86.861
179.540	0.802	86.863
179.544	0.453	86.860
179.534	0.130	86.846
179.537	-0.235	86.836
179.542	-0.610	86.836
179.527	-0.991	86.852
179.530	-1.338	86.843
179.527	-1.700	86.887
179.507	-1.961	86.864
179.499	-2.239	86.881
179.495	-2.467	86.893
179.512	-2.468	86.887
179.524	-2.330	86.909
179.529	-2.205	86.951
179.525	-2.014	86.927
179.517	-1.816	86.937
179.542	-1.604	86.942
179.573	-1.363	86.917
179.593	-1.098	86.915
179.614	-0.821	86.894
179.625	-0.515	86.887
179.647	-0.215	86.866
179.653	0.125	86.850
179.673	0.389	86.890
179.670	0.741	86.851
179.661	1.054	86.826
179.677	1.334	86.822
179.652	1.566	86.842
179.633	1.763	86.840
179.631	1.942	86.864
179.618	2.082	86.853
179.613	2.144	86.871
179.601	2.171	86.873
179.604	2.133	86.866
179.589	2.077	86.870
179.591	1.962	86.865
179.588	1.799	86.873
179.577	1.621	86.862
179.571	1.398	86.857
179.576	1.120	86.861
179.561	0.816	86.859
179.565	0.468	86.875
179.547	0.153	86.830
179.563	-0.217	86.824
179.554	-0.582	86.821
179.550	-0.960	86.835
179.540	-1.304	86.835
179.526	-1.654	86.837
179.521	-1.921	86.838
179.511	-2.183	86.860
179.512	-2.404	86.864
179.516	-2.450	86.849
179.543	-2.343	86.890
179.549	-2.217	86.919
179.534	-2.035	86.930
179.536	-1.855	86.934
179.570	-1.640	86.931
179.590	-1.385	86.896
179.623	-1.140	86.922
179.650	-0.842	86.899
179.668	-0.578	86.912
179.677	-0.246	86.889
179.690	0.086	86.881
179.703	0.391	86.888
179.713	0.698	86.903
179.714	1.026	86.879
179.711	1.317	86.858
179.694	1.569	86.863
179.672	1.788	86.884
179.649	1.954	86.915
179.629	2.111	86.889
179.615	2.205	86.885
179.603	2.252	86.886
179.592	2.211	86.901
179.576	2.147	86.892
179.566	2.068	86.870
179.554	1.901	86.858
179.547	1.719	86.856
179.546	1.480	86.855
179.535	1.211	86.830
179.526	0.890	86.849
179.527	0.561	86.832
179.518	0.208	86.823
179.525	-0.144	86.807
179.524	-0.548	86.811
179.517	-0.942	86.813
179.518	-1.300	86.820
179.515	-1.661	86.854
179.510	-1.955	86.840
179.508	-2.248	86.874
179.492	-2.463	86.862
179.530	-2.484	86.874
179.545	-2.366	86.891
179.533	-2.209	86.927
179.529	-2.025	86.933
179.536	-1.838	86.937
179.555	-1.614	86.924
179.587	-1.387	86.911
179.602	-1.100	86.909
179.624	-0.827	86.898
179.643	-0.514	86.880
179.665	-0.201	86.877
179.664	0.105	86.876
179.678	0.423	86.867
179.681	0.710	86.896
179.668	1.055	86.856
179.670	1.343	86.831
179.649	1.583	86.845
179.636	1.770	86.880
179.616	1.955	86.883
179.614	2.086	86.889
179.598	2.196	86.892
179.584	2.207	86.892
179.579	2.171	86.889
179.581	2.128	86.881
179.569	2.018	86.879
179.579	1.844	86.903
179.563	1.683	86.883
179.562	1.466	86.855
179.561	1.197	86.844
179.562	0.888	86.865
179.560	0.540	86.875
179.557	0.207	86.846
179.556	-0.159	86.835
179.549	-0.541	86.824
179.530	-0.906	86.818
179.534	-1.256	86.826
179.517	-1.583	86.814
179.509	-1.896	86.825
179.490	-2.165	86.827
179.484	-2.415	86.858
179.485	-2.473	86.848
179.509	-2.368	86.845
179.509	-2.238	86.890
179.502	-2.086	86.908
179.506	-1.877	86.886
179.522	-1.675	86.891
179.555	-1.443	86.896
179.585	-1.177	86.891
179.591	-0.869	86.870
179.621	-0.583	86.866
179.640	-0.284	86.865
179.653	0.042	86.866
179.669	0.352	86.882
179.689	0.672	86.889
179.689	0.997	86.874
179.696	1.302	86.854
179.695	1.518	86.898
179.673	1.770	86.903
179.647	1.960	86.912
179.630	2.122	86.912
179.618	2.222	86.921
179.612	2.258	86.924
179.603	2.233	86.924
179.595	2.207	86.882
179.584	2.100	86.885
179.574	1.963	86.886
179.563	1.778	86.872
179.553	1.539	86.876
179.547	1.280	86.846
179.545	0.956	86.855
179.534	0.623	86.843
179.531	0.257	86.833
179.527	-0.105	86.806
179.524	-0.499	86.819
179.526	-0.909	86.833
179.518	-1.269	86.823
179.512	-1.603	86.808
179.513	-1.969	86.851
179.499	-2.226	86.836
179.495	-2.456	86.857
179.522	-2.497	86.847
179.542	-2.382	86.879
179.542	-2.247	86.936
179.535	-2.084	86.948
179.547	-1.883	86.930
179.581	-1.679	86.933
179.600	-1.437	86.914
179.635	-1.184	86.922
179.658	-0.898	86.911
179.660	-0.592	86.887
179.697	-0.307	86.905
179.706	0.031	86.890
179.712	0.342	86.894
179.715	0.658	86.893
179.709	0.972	86.876
179.715	1.288	86.838
179.686	1.526	86.860
179.675	1.719	86.886
179.650	1.918	86.885
179.629	2.040	86.906
179.621	2.130	86.902
179.607	2.166	86.898
179.605	2.144	86.896
179.585	2.098	86.889
179.584	1.975	86.909
179.583	1.846	86.901
179.575	1.656	86.905
179.572	1.441	86.883
179.565	1.180	86.878
179.563	0.883	86.894
179.564	0.531	86.903
179.559	0.211	86.870
179.556	-0.152	86.869
179.550	-0.537	86.852
179.553	-0.920	86.862
179.551	-1.297	86.881
179.535	-1.587	86.844
179.532	-1.894	86.853
179.507	-2.165	86.859
179.507	-2.408	86.856
179.506	-2.487	86.851
179.534	-2.384	86.860
179.526	-2.247	86.903
179.525	-2.094	86.918
179.521	-1.895	86.904
179.535	-1.681	86.873
179.564	-1.454	86.874
179.594	-1.206	86.870
179.604	-0.911	86.835
179.623	-0.635	86.832
179.642	-0.349	86.843
179.653	-0.007	86.830
179.669	0.297	86.841
179.674	0.608	86.841
179.675	0.925	86.836
179.686	1.236	86.811
179.680	1.486	86.842
179.651	1.706	86.854
179.644	1.891	86.875
179.625	2.051	86.875
179.613	2.162	86.892
179.605	2.208	86.895
179.595	2.188	86.906
179.589	2.155	86.899
179.583	2.079	86.893
179.580	1.918	86.901
179.576	1.727	86.923
179.570	1.529	86.903
179.555	1.283	86.881
179.558	1.001	86.879
179.548	0.673	86.895
179.545	0.320	86.864
179.536	-0.035	86.876
179.537	-0.424	86.850
179.524	-0.796	86.860
179.519	-1.148	86.854
179.512	-1.528	86.851
179.499	-1.841	86.857
179.490	-2.105	86.864
179.484	-2.358	86.871
179.483	-2.474	86.865
179.516	-2.377	86.861
179.509	-2.257	86.906
179.501	-2.079	86.908
179.510	-1.898	86.908
179.520	-1.713	86.905
179.559	-1.464	86.895
179.589	-1.217	86.881
179.610	-0.961	86.878
179.631	-0.652	86.847
179.659	-0.373	86.856
179.663	-0.022	86.847
179.673	0.255	86.851
179.687	0.582	86.857
179.690	0.895	86.842
179.704	1.176	86.840
179.696	1.453	86.832
179.665	1.678	86.867
179.639	1.853	86.869
179.631	2.028	86.876
179.619	2.132	86.884
179.607	2.194	86.882
179.598	2.189	86.872
179.584	2.133	86.879
179.584	2.084	86.853
179.572	1.947	86.866
179.555	1.772	86.867
179.561	1.571	86.859
179.547	1.329	86.828
179.557	1.026	86.844
179.555	0.668	86.876
179.545	0.334	86.859
179.537	-0.002	86.836
179.544	-0.400	86.833
179.531	-0.766	86.850
179.544	-1.156	86.861
179.517	-1.483	86.827
179.518	-1.803	86.853
179.525	-2.116	86.896
179.509	-2.351	86.883
179.520	-2.463	86.874
179.546	-2.372	86.888
179.555	-2.261	86.937
179.539	-2.095	86.947
179.541	-1.882	86.928
179.567	-1.712	86.925
179.588	-1.455	86.917
179.618	-1.227	86.915
179.650	-0.957	86.911
179.658	-0.648	86.885
179.685	-0.370	86.884
179.703	-0.064	86.879
179.701	0.257	86.861
179.702	0.584	86.850
179.713	0.885	86.853
179.705	1.197	86.820
179.709	1.461	86.825
179.673	1.660	86.862
179.647	1.879	86.842
179.626	2.043	86.866
179.621	2.141	86.861
179.616	2.168	86.884
179.606	2.162	86.882
179.597	2.114	86.876
179.587	2.020	86.888
179.575	1.896	86.890
179.580	1.708	86.889
179.561	1.521	86.867
179.570	1.253	86.871
179.561	0.961	86.882
179.568	0.601	86.907
179.555	0.266	86.877
179.563	-0.085	86.878
179.551	-0.466	86.862
179.560	-0.870	86.898
179.544	-1.209	86.870
179.534	-1.540	86.856
179.518	-1.862	86.862
179.506	-2.155	86.884
179.489	-2.388	86.889
179.487	-2.468	86.870
179.513	-2.342	86.871
179.521	-2.250	86.935
179.517	-2.083	86.938
179.509	-1.873	86.915
179.525	-1.650	86.917
179.543	-1.434	86.891
179.576	-1.176	86.906
179.596	-0.890	86.875
179.622	-0.617	86.878
179.644	-0.335	86.876
179.671	-0.038	86.878
179.665	0.277	86.860
179.679	0.593	86.882
179.683	0.925	86.842
179.688	1.193	86.841
179.671	1.473	86.814
179.659	1.673	86.859
179.637	1.859	86.869
179.617	2.015	86.865
179.611	2.113	86.876
179.598	2.159	86.871
179.585	2.144	86.870
179.575	2.120	86.854
179.561	2.028	86.851
179.560	1.897	86.854
179.530	1.728	86.825
179.536	1.514	86.842
179.525	1.249	86.825
179.516	0.968	86.837
179.512	0.607	86.855
179.509	0.291	86.838
179.507	-0.056	86.825
179.516	-0.455	86.820
179.499	-0.808	86.821
179.502	-1.179	86.835
179.499	-1.523	86.840
179.500	-1.854	86.868
179.493	-2.133	86.879
179.486	-2.367	86.891
179.490	-2.483	86.885
179.527	-2.375	86.889
179.523	-2.245	86.933
179.526	-2.108	86.962
179.530	-1.899	86.943
179.537	-1.681	86.929
179.564	-1.466	86.918
179.594	-1.202	86.925
179.612	-0.924	86.913
179.624	-0.636	86.885
179.649	-0.326	86.880
179.651	-0.024	86.872
179.659	0.268	86.881
179.659	0.597	86.866
179.667	0.889	86.862
179.655	1.214	86.826
179.647	1.468	86.840
179.627	1.678	86.861
179.602	1.857	86.877
179.587	2.017	86.866
179.574	2.133	86.861
179.576	2.175	86.868
179.565	2.154	86.867
179.558	2.120	86.859
179.559	2.023	86.859
179.553	1.882	86.873
179.563	1.694	86.879
179.540	1.507	86.833
179.548	1.240	86.845
179.550	0.939	86.856
179.549	0.613	86.873
179.551	0.254	86.868
179.542	-0.079	86.837
179.553	-0.476	86.845
179.540	-0.828	86.855
179.538	-1.200	86.838
179.522	-1.514	86.831
179.525	-1.846	86.851
179.509	-2.136	86.865
179.492	-2.363	86.861
179.494	-2.476	86.872
179.525	-2.380	86.880
179.532	-2.271	86.915
179.520	-2.095	86.941
179.518	-1.894	86.919
179.533	-1.691	86.914
179.563	-1.453	86.916
179.595	-1.214	86.905
179.618	-0.935	86.880
179.641	-0.635	86.883
179.656	-0.344	86.888
179.671	-0.015	86.879
179.680	0.281	86.879
179.688	0.593	86.886
179.701	0.910	86.874
179.707	1.232	86.849
179.689	1.492	86.850
179.668	1.698	86.901
179.649	1.891	86.894
179.639	2.037	86.901
179.622	2.139	86.904
179.622	2.166	86.917
179.605	2.174	86.907
179.598	2.130	86.899
179.573	2.051	86.884
179.572	1.912	86.886
179.565	1.710	86.877
179.559	1.515	86.875
179.554	1.257	86.854
179.546	0.958	86.864
179.552	0.623	86.857
179.536	0.267	86.846
179.538	-0.061	86.828
179.527	-0.477	86.827
179.529	-0.856	86.836
179.521	-1.217	86.818
179.512	-1.560	86.834
179.501	-1.876	86.829
179.498	-2.192	86.854
179.488	-2.400	86.861
179.500	-2.503	86.859
179.523	-2.373	86.869
179.530	-2.246	86.922
179.521	-2.104	86.947
179.524	-1.888	86.937
179.539	-1.671	86.927
179.571	-1.431	86.905
179.611	-1.177	86.926
179.629	-0.902	86.915
179.641	-0.605	86.896
179.664	-0.301	86.876
179.683	0.003	86.902
179.683	0.310	86.881
179.679	0.635	86.889
179.680	0.962	86.867
179.679	1.249	86.846
179.665	1.503	86.844
179.637	1.721	86.879
179.613	1.900	86.877
179.602	2.036	86.888
179.588	2.154	86.880
179.581	2.180	86.883
179.563	2.163	86.870
179.553	2.116	86.874
179.540	2.028	86.875
179.525	1.907	86.855
179.526	1.728	86.856
179.510	1.533	86.833
179.517	1.265	86.825
179.507	0.952	86.847
179.511	0.608	86.852
179.507	0.284	86.825
179.501	-0.069	86.822
179.512	-0.454	86.809
179.499	-0.819	86.825
179.505	-1.180	86.822
179.507	-1.545	86.830
179.493	-1.817	86.814
179.489	-2.125	86.851
179.490	-2.379	86.859
179.481	-2.501	86.859
179.520	-2.405	86.861
179.522	-2.295	86.910
179.515	-2.113	86.918
179.524	-1.921	86.905
179.533	-1.738	86.914
179.558	-1.486	86.890
179.591	-1.241	86.885
179.613	-0.965	86.881
179.628	-0.662	86.858
179.640	-0.350	86.842
179.661	-0.028	86.858
179.661	0.253	86.864
179.678	0.593	86.852
179.678	0.917	86.844
179.677	1.228	86.824
179.664	1.495	86.840
179.659	1.692	86.891
179.628	1.915	86.868
179.626	2.056	86.903
179.608	2.165	86.908
179.600	2.228	86.904
179.601	2.213	86.927
179.589	2.169	86.901
179.589	2.075	86.929
179.579	1.964	86.904
179.579	1.776	86.909
179.567	1.562	86.898
179.557	1.308	86.878
179.562	0.983	86.908
179.560	0.656	86.911
179.542	0.323	86.870
179.544	-0.063	86.862
179.547	-0.450	86.869
179.531	-0.809	86.856
179.537	-1.197	86.866
179.518	-1.539	86.840
179.502	-1.848	86.841
179.490	-2.138	86.855
179.481	-2.361	86.850
179.474	-2.512	86.848
179.505	-2.439	86.846
179.511	-2.312	86.891
179.506	-2.149	86.912
179.497	-1.936	86.886
179.519	-1.727	86.880
179.549	-1.490	86.870
179.580	-1.255	86.878
179.611	-0.976	86.870
179.626	-0.676	86.846
179.651	-0.383	86.855
179.666	-0.041	86.848
179.678	0.232	86.868
179.693	0.545	86.880
179.699	0.876	86.872
179.697	1.194	86.834
179.705	1.440	86.849
179.684	1.657	86.876
179.655	1.850	86.903
179.649	2.004	86.920
179.637	2.097	86.937
179.626	2.172	86.912
179.619	2.149	86.936
179.600	2.131	86.903
179.596	2.038	86.915
179.586	1.912	86.911
179.580	1.741	86.896
179.578	1.517	86.901
179.552	1.295	86.858
179.562	0.984	86.886
179.554	0.667	86.879
179.545	0.338	86.848
179.548	-0.029	86.850
179.561	-0.428	86.850
179.543	-0.768	86.828
179.540	-1.150	86.852
179.540	-1.488	86.835
179.526	-1.822	86.844
179.530	-2.123	86.883
179.518	-2.371	86.867
179.514	-2.509	86.874
179.555	-2.410	86.880
179.566	-2.297	86.919
179.554	-2.139	86.938
179.555	-1.966	86.929
179.566	-1.753	86.913
179.598	-1.513	86.908
179.634	-1.289	86.921
179.647	-0.970	86.871
179.658	-0.697	86.859
179.675	-0.408	86.863
179.697	-0.120	86.891
179.700	0.215	86.870
179.698	0.530	86.881
179.694	0.887	86.851
179.692	1.162	86.819
179.692	1.446	86.836
179.670	1.659	86.869
179.649	1.873	86.870
179.626	2.048	86.872
179.619	2.161	86.882
179.610	2.203	86.884
179.601	2.211	86.898
179.589	2.176	86.883
179.590	2.094	86.901
179.572	1.974	86.889
179.571	1.799	86.869
179.562	1.589	86.867
179.563	1.325	86.865
179.571	1.029	86.872
179.558	0.728	86.867
179.562	0.341	86.878
179.547	0.005	86.861
179.550	-0.388	86.851
179.543	-0.755	86.848
179.543	-1.144	86.853
179.532	-1.470	86.826
179.524	-1.820	86.851
179.512	-2.101	86.856
179.497	-2.330	86.847
179.497	-2.473	86.864
179.525	-2.395	86.857
179.526	-2.262	86.894
179.522	-2.097	86.911
179.514	-1.902	86.911
179.528	-1.700	86.902
179.564	-1.477	86.885
179.576	-1.224	86.881
179.594	-0.951	86.854
179.632	-0.681	86.864
179.646	-0.387	86.855
179.658	-0.057	86.859
179.676	0.228	86.872
179.670	0.575	86.856
179.689	0.872	86.851
179.683	1.186	86.834
179.686	1.445	86.834
179.668	1.669	86.852
179.637	1.880	86.876
179.635	2.023	86.886
179.613	2.154	86.896
179.606	2.196	86.902
179.598	2.205	86.897
179.586	2.156	86.898
179.578	2.096	86.886
179.583	1.959	86.891
179.568	1.789	86.873
179.571	1.579	86.879
179.548	1.345	86.841
179.406	1.066	86.080
179.393	0.756	86.065
179.435	0.777	86.712
179.469	0.320	86.762
179.497	-0.128	86.780
179.506	-0.570	86.821
179.514	-0.967	86.815
179.523	-1.370	86.835
179.520	-1.747	86.857
179.517	-2.051	86.869
179.511	-2.337	86.883
179.527	-2.489	86.874
179.558	-2.388	86.890
179.552	-2.237	86.927
179.551	-2.100	86.950
179.551	-1.905	86.928
179.570	-1.693	86.927
179.604	-1.468	86.913
179.625	-1.211	86.906
179.640	-0.946	86.882
179.660	-0.676	86.890
179.682	-0.399	86.873
179.698	-0.090	86.893
179.687	0.258	86.847
179.693	0.550	86.874
179.705	0.835	86.894
179.692	1.168	86.831
179.675	1.455	86.825
179.664	1.646	86.866
179.638	1.838	86.870
179.620	2.015	86.868
179.608	2.121	86.862
179.601	2.145	86.881
179.593	2.136	86.888
179.588	2.110	86.871
179.580	2.032	86.879
179.577	1.898	86.879
179.568	1.728	86.872
179.569	1.530	86.869
179.573	1.288	86.851
179.557	0.989	86.865
179.565	0.675	86.866
179.566	0.331	86.868
179.560	-0.034	86.835
179.565	-0.425	86.841
179.557	-0.764	86.841
179.551	-1.120	86.831
179.549	-1.497	86.839
179.537	-1.802	86.850
179.532	-2.092	86.856
179.524	-2.344	86.870
179.514	-2.481	86.865
179.553	-2.411	86.877
179.556	-2.291	86.911
179.557	-2.152	86.953
179.545	-1.947	86.932
179.555	-1.749	86.923
179.581	-1.488	86.908
179.613	-1.237	86.886
179.643	-0.994	86.908
179.658	-0.711	86.888
179.678	-0.413	86.882
179.703	-0.116	86.879
179.708	0.207	86.888
179.722	0.508	86.895
179.719	0.859	86.868
179.726	1.145	86.861
179.723	1.414	86.877
179.701	1.641	86.883
179.671	1.857	86.887
179.659	2.009	86.894
179.651	2.103	86.929
179.647	2.188	86.899
179.629	2.191	86.900
179.625	2.135	86.905
179.619	2.080	86.888
179.596	1.956	86.888
179.596	1.772	86.884
179.593	1.567	86.876
179.577	1.329	86.852
179.577	1.059	86.860
179.575	0.725	86.867
179.556	0.374	86.859
179.555	0.030	86.825
179.558	-0.396	86.831
179.548	-0.729	86.817
179.541	-1.088	86.820
179.529	-1.437	86.809
179.517	-1.776	86.839
179.510	-2.060	86.843
179.497	-2.340	86.859
179.495	-2.473	86.831
179.531	-2.408	86.865
179.540	-2.292	86.898
179.527	-2.139	86.932
179.536	-1.945	86.923
179.538	-1.731	86.920
179.569	-1.478	86.891
179.604	-1.249	86.907
179.613	-0.971	86.884
179.646	-0.694	86.889
179.663	-0.393	86.878
179.687	-0.054	86.874
179.694	0.256	86.878
179.694	0.563	86.869
179.690	0.898	86.855
179.706	1.179	86.859
179.682	1.475	86.840
179.663	1.695	86.871
179.640	1.901	86.863
179.618	2.064	86.879
179.603	2.177	86.886
179.588	2.247	86.884
179.582	2.244	86.886
179.565	2.222	86.862
179.567	2.141	86.852
179.556	2.002	86.862
179.545	1.844	86.838
179.546	1.622	86.851
179.527	1.407	86.807
179.531	1.069	86.838
179.534	0.738	86.855
179.538	0.392	86.837
179.526	0.023	86.820
179.539	-0.372	86.816
179.536	-0.733	86.816
179.520	-1.105	86.822
179.521	-1.445	86.810
179.518	-1.798	86.843
179.517	-2.090	86.857
179.506	-2.359	86.874
179.506	-2.475	86.873
179.534	-2.372	86.848
179.538	-2.257	86.911
179.546	-2.115	86.928
179.542	-1.923	86.933
179.549	-1.709	86.923
179.585	-1.489	86.903
179.612	-1.237	86.907
179.631	-0.948	86.889
179.656	-0.673	86.892
179.672	-0.360	86.868
179.692	-0.051	86.865
179.704	0.243	86.880
179.709	0.566	86.863
179.707	0.908	86.855
179.712	1.210	86.834
179.705	1.482	86.845
179.683	1.715	86.838
179.670	1.886	86.871
179.653	2.075	86.888
179.645	2.162	86.905
179.638	2.213	86.908
179.620	2.229	86.894
179.618	2.176	86.907
179.605	2.109	86.906
179.614	1.961	86.901
179.606	1.792	86.917
179.593	1.604	86.880
179.600	1.331	86.892
179.592	1.027	86.896
179.587	0.717	86.894
179.574	0.377	86.891
179.575	0.020	86.857
179.575	-0.374	86.854
179.571	-0.753	86.858
179.564	-1.116	86.852
179.554	-1.466	86.841
179.542	-1.820	86.875
179.508	-2.089	86.864
179.510	-2.333	86.863
179.513	-2.498	86.873
179.533	-2.407	86.870
179.533	-2.300	86.898
179.527	-2.128	86.922
179.522	-1.942	86.900
179.534	-1.751	86.891
179.574	-1.514	86.892
179.598	-1.290	86.887
179.611	-0.998	86.865
179.645	-0.709	86.865
179.663	-0.446	86.875
179.681	-0.119	86.877
179.695	0.188	86.871
179.695	0.488	86.882
179.712	0.831	86.861
179.707	1.146	86.843
179.706	1.413	86.845
179.689	1.629	86.884
179.669	1.834	86.885
179.653	2.011	86.879
179.639	2.119	86.913
179.647	2.173	86.917
179.623	2.194	86.908
179.611	2.156	86.921
179.600	2.100	86.889
179.597	1.954	86.919
179.595	1.774	86.906
179.586	1.589	86.888
179.569	1.341	86.872
179.564	1.052	86.875
179.562	0.717	86.900
179.549	0.392	86.862
179.557	0.012	86.865
179.553	-0.366	86.840
179.545	-0.735	86.848
179.540	-1.092	86.824
179.531	-1.457	86.836
179.531	-1.801	86.866
179.511	-2.065	86.865
179.506	-2.314	86.861
179.516	-2.480	86.871
179.529	-2.372	86.866
179.555	-2.280	86.935
179.532	-2.122	86.949
179.534	-1.922	86.924
179.554	-1.728	86.921
179.570	-1.474	86.915
179.608	-1.238	86.904
179.615	-0.966	86.890
179.645	-0.676	86.884
179.659	-0.385	86.878
179.682	-0.078	86.887
179.673	0.248	86.864
179.687	0.548	86.863
179.687	0.893	86.850
179.698	1.174	86.854
179.682	1.445	86.820
179.662	1.686	86.845
179.633	1.886	86.849
179.617	2.062	86.863
179.612	2.148	86.878
179.596	2.218	86.867
179.585	2.208	86.874
179.576	2.176	86.884
179.573	2.111	86.859
179.562	1.981	86.862
179.549	1.809	86.863
179.554	1.600	86.873
179.538	1.363	86.828
179.544	1.058	86.846
179.545	0.721	86.865
179.539	0.384	86.839
179.540	0.039	86.831
179.547	-0.378	86.844
179.544	-0.727	86.834
179.531	-1.103	86.850
179.534	-1.461	86.838
179.513	-1.781	86.842
179.512	-2.075	86.860
179.497	-2.327	86.877
179.505	-2.430	86.859
179.534	-2.341	86.870
179.538	-2.225	86.909
179.513	-2.055	86.911
179.521	-1.867	86.904
179.535	-1.676	86.910
179.563	-1.444	86.902
179.584	-1.209	86.913
179.621	-0.925	86.878
179.636	-0.656	86.880
179.654	-0.375	86.866
179.668	-0.051	86.873
179.682	0.265	86.863
179.686	0.565	86.869
179.695	0.886	86.858
179.701	1.183	86.841
179.696	1.459	86.841
179.680	1.679	86.848
179.661	1.867	86.885
179.642	2.041	86.868
179.631	2.148	86.900
179.635	2.195	86.894
179.617	2.195	86.890
179.610	2.156	86.887
179.599	2.083	86.883
179.602	1.950	86.877
179.590	1.777	86.872
179.596	1.537	86.889
179.584	1.302	86.851
179.582	1.010	86.874
179.575	0.690	86.877
179.575	0.342	86.858
179.574	-0.013	86.849
179.571	-0.400	86.848
179.556	-0.790	86.870
179.557	-1.145	86.849
179.549	-1.484	86.833
179.542	-1.824	86.851
179.531	-2.107	86.867
179.522	-2.347	86.886
179.531	-2.466	86.892
179.558	-2.365	86.879
179.564	-2.235	86.944
179.549	-2.080	86.956
179.551	-1.888	86.955
179.567	-1.676	86.932
179.591	-1.430	86.910
179.630	-1.207	86.936
179.654	-0.918	86.907
179.667	-0.655	86.902
179.680	-0.357	86.894
179.700	-0.045	86.889
179.707	0.265	86.882
179.708	0.581	86.863
179.704	0.907	86.863
179.717	1.173	86.857
179.694	1.439	86.836
179.687	1.667	86.869
179.651	1.857	86.867
179.635	2.005	86.875
179.629	2.117	86.888
179.612	2.172	86.878
179.601	2.171	86.862
179.596	2.124	86.862
179.578	2.039	86.861
179.578	1.894	86.860
179.575	1.706	86.864
179.559	1.505	86.830
179.567	1.244	86.847
179.561	0.948	86.853
179.556	0.615	86.857
179.545	0.292	86.833
179.557	-0.087	86.843
179.557	-0.482	86.847
179.543	-0.828	86.837
179.537	-1.204	86.848
179.535	-1.551	86.853
179.523	-1.860	86.861
179.515	-2.160	86.875
179.503	-2.374	86.863
179.515	-2.479	86.869
179.540	-2.383	86.895
179.538	-2.259	86.925
179.529	-2.095	86.941
179.530	-1.890	86.934
179.543	-1.680	86.918
179.572	-1.450	86.917
179.596	-1.207	86.918
179.619	-0.921	86.893
179.637	-0.645	86.899
179.656	-0.331	86.871
179.663	-0.013	86.873
179.672	0.292	86.865
179.685	0.578	86.892
179.687	0.917	86.860
179.689	1.203	86.840
179.676	1.468	86.854
179.660	1.708	86.853
179.639	1.884	86.874
179.623	2.040	86.881
179.617	2.129	86.900
179.612	2.199	86.885
179.596	2.185	86.886
179.590	2.141	86.878
179.582	2.051	86.865
179.574	1.901	86.885
179.561	1.736	86.871
179.561	1.516	86.875
179.556	1.277	86.838
179.548	0.988	86.849
179.549	0.647	86.854
179.532	0.309	86.826
179.542	-0.068	86.825
179.539	-0.470	86.835
179.528	-0.802	86.831
179.530	-1.180	86.832
179.511	-1.518	86.820
179.507	-1.839	86.829
179.492	-2.128	86.863
179.482	-2.368	86.860
179.490	-2.475	86.850
179.518	-2.369	86.874
179.528	-2.250	86.920
179.516	-2.067	86.910
179.517	-1.881	86.909
179.531	-1.668	86.904
179.561	-1.434	86.888
179.584	-1.179	86.885
179.625	-0.931	86.890
179.641	-0.643	86.882
179.666	-0.368	86.886
179.679	-0.008	86.871
179.686	0.286	86.876
179.696	0.603	86.872
179.704	0.942	86.859
179.708	1.217	86.844
179.705	1.494	86.846
179.688	1.705	86.864
179.657	1.914	86.869
179.651	2.066	86.881
179.633	2.159	86.898
179.629	2.197	86.903
179.620	2.211	86.887
179.608	2.159	86.889
179.595	2.094	86.867
179.597	1.942	86.881
179.583	1.774	86.873
179.573	1.571	86.850
179.568	1.319	86.830
179.563	1.016	86.851
179.568	0.673	86.863
179.567	0.328	86.841
179.555	-0.016	86.817
179.561	-0.433	86.832
179.553	-0.789	86.841
179.551	-1.150	86.836
179.551	-1.515	86.841
179.539	-1.827	86.846
179.528	-2.136	86.864
179.515	-2.367	86.882
179.525	-2.492	86.883
179.550	-2.381	86.885
179.558	-2.259	86.938
179.550	-2.103	86.948
179.550	-1.904	86.936
179.566	-1.690	86.931
179.591	-1.453	86.916
179.626	-1.234	86.929
179.648	-0.945	86.904
179.654	-0.642	86.882
179.684	-0.345	86.880
179.697	-0.015	86.877
179.718	0.266	86.892
179.697	0.607	86.859
179.702	0.948	86.849
179.700	1.228	86.832
179.685	1.512	86.808
179.674	1.710	86.870
179.654	1.899	86.881
179.640	2.050	86.884
179.633	2.150	86.889
179.621	2.192	86.899
179.601	2.208	86.872
179.605	2.133	86.888
179.583	2.074	86.875
179.582	1.923	86.875
179.575	1.751	86.871
179.563	1.546	86.846
179.564	1.284	86.834
179.566	0.946	86.877
179.571	0.622	86.881
179.562	0.277	86.861
179.549	-0.071	86.851
179.564	-0.484	86.852
179.536	-0.823	86.843
179.532	-1.205	86.839
179.534	-1.553	86.837
179.520	-1.877	86.853
179.519	-2.173	86.872
179.500	-2.388	86.866
179.502	-2.486	86.852
179.527	-2.391	86.862
179.527	-2.253	86.902
179.527	-2.119	86.934
179.528	-1.917	86.918
179.532	-1.692	86.910
179.566	-1.474	86.904
179.597	-1.235	86.887
179.618	-0.937	86.890
179.638	-0.662	86.879
179.661	-0.360	86.867
179.670	-0.010	86.852
179.674	0.293	86.842
179.686	0.603	86.869
179.698	0.917	86.850
179.694	1.234	86.830
179.674	1.493	86.844
179.671	1.699	86.874
179.650	1.888	86.897
179.639	2.052	86.892
179.629	2.153	86.901
179.620	2.201	86.904
179.616	2.180	86.905
179.610	2.142	86.894
179.588	2.070	86.879
179.583	1.945	86.885
179.588	1.730	86.898
179.569	1.538	86.873
179.562	1.299	86.846
179.563	0.980	86.866
179.564	0.626	86.883
179.550	0.311	86.857
179.546	-0.039	86.840
179.555	-0.445	86.842
179.539	-0.795	86.835
179.539	-1.176	86.839
179.531	-1.530	86.841
179.522	-1.854	86.849
179.514	-2.141	86.861
179.503	-2.381	86.873
179.511	-2.485	86.865
179.536	-2.386	86.876
179.539	-2.257	86.915
179.531	-2.104	86.946
179.517	-1.868	86.905
179.553	-1.687	86.913
179.564	-1.436	86.897
179.609	-1.204	86.904
179.628	-0.912	86.875
179.651	-0.648	86.893
179.662	-0.329	86.863
179.677	-0.041	86.894
179.685	0.281	86.861
179.691	0.587	86.880
179.698	0.932	86.861
179.697	1.216	86.825
179.681	1.485	86.833
179.660	1.692	86.865
179.641	1.889	86.863
179.624	2.037	86.883
179.617	2.141	86.888
179.610	2.169	86.903
179.591	2.177	86.880
179.582	2.146	86.867
179.567	2.069	86.876
179.574	1.898	86.883
179.562	1.735	86.869
179.562	1.525	86.867
179.559	1.285	86.839
179.550	0.999	86.857
179.546	0.689	86.852
179.554	0.315	86.848
179.555	-0.025	86.842
179.549	-0.417	86.835
179.550	-0.796	86.848
179.545	-1.162	86.841
179.537	-1.482	86.833
179.529	-1.807	86.857
179.515	-2.094	86.861
179.510	-2.352	86.875
179.512	-2.484	86.874
179.546	-2.396	86.875
179.545	-2.267	86.914
179.538	-2.127	86.935
179.540	-1.911	86.917
179.558	-1.721	86.922
179.594	-1.487	86.914
179.616	-1.247	86.912
179.635	-0.959	86.885
179.645	-0.690	86.883
179.678	-0.385	86.877
179.693	-0.059	86.860
179.704	0.224	86.872
179.709	0.543	86.877
179.711	0.880	86.856
179.712	1.189	86.827
179.705	1.447	86.826
179.693	1.662	86.884
179.670	1.891	86.870
179.654	2.048	86.893
179.641	2.153	86.900
179.638	2.220	86.911
179.623	2.226	86.890
179.616	2.168	86.909
179.604	2.127	86.872
179.608	1.983	86.877
179.584	1.813	86.884
179.586	1.602	86.873
179.583	1.348	86.861
179.585	1.053	86.870
179.568	0.741	86.881
179.563	0.384	86.851
179.559	0.031	86.843
179.560	-0.378	86.840
179.548	-0.737	86.839
179.551	-1.124	86.853
179.532	-1.447	86.819
179.528	-1.782	86.844
179.526	-2.082	86.866
179.501	-2.332	86.872
179.513	-2.479	86.848
179.538	-2.417	86.885
179.547	-2.296	86.922
179.544	-2.157	86.942
179.542	-1.935	86.928
179.547	-1.735	86.916
179.577	-1.515	86.900
179.615	-1.280	86.913
179.626	-0.980	86.890
179.653	-0.700	86.874
179.668	-0.407	86.872
179.683	-0.070	86.867
179.683	0.243	86.847
179.687	0.524	86.862
179.697	0.874	86.853
179.699	1.175	86.835
179.693	1.439	86.850
179.676	1.651	86.877
179.644	1.878	86.865
179.630	2.047	86.876
179.628	2.128	86.919
179.607	2.217	86.890
179.596	2.224	86.895
179.586	2.156	86.901
179.577	2.107	86.875
179.561	1.968	86.875
179.567	1.797	86.883
179.562	1.594	86.877
179.544	1.347	86.852
179.548	1.025	86.871
179.558	0.709	86.879
179.541	0.362	86.856
179.537	0.007	86.833
179.539	-0.399	86.845
179.529	-0.745	86.851
179.529	-1.137	86.841
179.518	-1.478	86.845
179.513	-1.823	86.855
179.503	-2.124	86.861
179.497	-2.360	86.866
179.500	-2.507	86.868
179.527	-2.410	86.861
179.529	-2.299	86.913
179.523	-2.139	86.933
179.527	-1.943	86.924
179.543	-1.747	86.923
179.569	-1.516	86.902
179.602	-1.255	86.900
179.615	-0.978	86.886
179.645	-0.688	86.878
179.670	-0.393	86.875
179.677	-0.056	86.854
179.687	0.221	86.883
179.696	0.530	86.885
179.696	0.875	86.858
179.689	1.200	86.817
179.681	1.447	86.838
179.665	1.689	86.845
179.646	1.872	86.879
179.632	2.029	86.886
179.618	2.157	86.891
179.609	2.215	86.889
179.601	2.216	86.884
179.593	2.174	86.898
179.588	2.100	86.885
179.568	1.987	86.872
179.562	1.817	86.866
179.560	1.619	86.863
179.553	1.372	86.845
179.550	1.065	86.854
179.548	0.739	86.883
179.544	0.396	86.862
179.549	0.042	86.841
179.546	-0.336	86.832
179.541	-0.702	86.833
179.535	-1.075	86.827
179.538	-1.422	86.832
179.523	-1.753	86.839
179.510	-2.036	86.838
179.500	-2.293	86.843
179.494	-2.464	86.849
179.541	-2.408	86.854
179.545	-2.299	86.899
179.527	-2.137	86.915
179.535	-1.929	86.907
179.546	-1.756	86.905
179.567	-1.522	86.884
179.609	-1.291	86.899
179.625	-0.982	86.862
179.655	-0.712	86.871
179.670	-0.419	86.888
179.699	-0.082	86.868
179.701	0.227	86.848
179.712	0.542	86.865
179.713	0.879	86.854
179.715	1.205	86.826
179.713	1.457	86.834
179.697	1.694	86.860
179.674	1.886	86.886
179.653	2.071	86.884
179.639	2.196	86.889
179.640	2.243	86.907
179.626	2.248	86.910
179.613	2.203	86.916
179.606	2.156	86.903
179.601	2.012	86.901
179.591	1.856	86.889
179.581	1.661	86.868
179.575	1.400	86.866
179.571	1.105	86.871
179.575	0.764	86.894
179.551	0.427	86.852
179.556	0.051	86.852
179.553	-0.348	86.854
179.562	-0.736	86.863
179.553	-1.108	86.866
179.534	-1.460	86.827
179.535	-1.788	86.870
179.516	-2.080	86.854
179.518	-2.352	86.882
179.510	-2.473	86.866
179.546	-2.393	86.864
179.553	-2.285	86.918
179.545	-2.123	86.936
179.536	-1.925	86.920
179.556	-1.719	86.925
179.583	-1.481	86.895
179.616	-1.253	86.895
179.631	-0.961	86.868
179.652	-0.686	86.873
179.679	-0.396	86.864
179.690	-0.081	86.864
179.691	0.230	86.860
179.697	0.546	86.870
179.698	0.892	86.850
179.702	1.164	86.834
179.701	1.436	86.826
179.670	1.662	86.859
179.648	1.867	86.856
179.627	2.024	86.877
179.624	2.118	86.888
179.610	2.190	86.881
179.603	2.162	86.908
179.592	2.128	86.890
179.584	2.065	86.891
179.568	1.940	86.869
179.569	1.753	86.889
179.556	1.574	86.864
179.551	1.336	86.852
179.557	1.015	86.857
179.547	0.721	86.873
179.554	0.357	86.866
179.546	0.003	86.849
179.542	-0.374	86.836
179.543	-0.752	86.857
179.542	-1.113	86.859
179.526	-1.450	86.843
179.518	-1.777	86.851
179.514	-2.103	86.863
179.496	-2.322	86.872
179.507	-2.486	86.864
179.527	-2.393	86.864
179.532	-2.288	86.900
179.525	-2.135	86.930
179.523	-1.940	86.925
179.543	-1.751	86.934
179.571	-1.544	86.919
179.592	-1.289	86.903
179.614	-1.008	86.880
179.629	-0.722	86.873
179.647	-0.436	86.869
179.662	-0.107	86.847
179.680	0.193	86.853
179.687	0.483	86.869
179.682	0.837	86.851
179.688	1.147	86.831
179.685	1.404	86.834
179.664	1.634	86.863
179.638	1.854	86.855
179.628	2.007	86.893
179.608	2.150	86.896
179.611	2.206	86.900
179.602	2.210	86.903
179.589	2.204	86.881
179.581	2.113	86.896
179.579	1.983	86.900
179.574	1.809	86.895
179.567	1.605	86.877
179.556	1.386	86.843
179.556	1.088	86.856
179.543	0.757	86.880
179.543	0.409	86.864
179.547	0.054	86.851
179.549	-0.345	86.864
179.550	-0.741	86.873
179.537	-1.085	86.836
179.525	-1.438	86.827
179.525	-1.779	86.859
179.515	-2.074	86.866
179.495	-2.321	86.872
179.509	-2.470	86.873
179.537	-2.383	86.867
179.539	-2.263	86.920
179.542	-2.117	86.951
179.533	-1.910	86.928
179.546	-1.715	86.920
179.574	-1.484	86.901
179.606	-1.240	86.902
179.622	-0.949	86.870
179.641	-0.663	86.868
179.672	-0.382	86.881
179.686	-0.064	86.873
179.693	0.224	86.877
179.701	0.532	86.884
179.701	0.879	86.843
179.703	1.163	86.833
179.699	1.441	86.812
179.693	1.630	86.857
179.661	1.825	86.877
179.644	1.985	86.876
179.635	2.092	86.887
179.631	2.135	86.901
179.623	2.123	86.897
179.609	2.093	86.889
179.600	2.030	86.881
179.602	1.880	86.886
179.589	1.737	86.874
179.581	1.548	86.849
179.587	1.279	86.866
179.577	1.028	86.858
179.575	0.707	86.881
179.576	0.374	86.856
179.568	0.032	86.824
179.568	-0.334	86.825
179.573	-0.708	86.823
179.561	-1.091	86.844
179.555	-1.423	86.842
179.544	-1.751	86.845
179.541	-2.045	86.868
179.523	-2.271	86.869
179.534	-2.466	86.878
179.560	-2.390	86.887
179.563	-2.269	86.914
179.556	-2.121	86.941
179.558	-1.935	86.936
179.569	-1.749	86.944
179.585	-1.516	86.921
179.615	-1.283	86.908
179.639	-1.015	86.901
179.665	-0.747	86.881
179.677	-0.439	86.879
179.688	-0.119	86.880
179.696	0.152	86.887
179.705	0.464	86.892
179.708	0.789	86.861
179.702	1.106	86.835
179.700	1.366	86.844
179.681	1.600	86.859
179.651	1.804	86.861
179.637	1.970	86.871
179.632	2.088	86.868
179.617	2.137	86.880
179.611	2.140	86.894
179.595	2.130	86.883
179.580	2.060	86.876
179.576	1.940	86.880
179.563	1.789	86.860
179.563	1.571	86.867
179.544	1.358	86.853
179.554	1.069	86.868
179.548	0.767	86.866
179.539	0.437	86.841
179.536	0.102	86.823
179.530	-0.269	86.807
179.531	-0.671	86.841
179.524	-1.024	86.823
179.517	-1.394	86.835
179.513	-1.696	86.831
179.498	-2.022	86.852
179.494	-2.258	86.862
179.481	-2.471	86.857
179.505	-2.424	86.855
179.522	-2.301	86.883
179.516	-2.181	86.932
179.513	-1.995	86.935
179.526	-1.790	86.908
179.552	-1.553	86.890
179.579	-1.316	86.906
179.610	-1.062	86.891
179.638	-0.784	86.903
179.639	-0.488	86.887
179.660	-0.162	86.875
179.670	0.155	86.864
179.680	0.443	86.885
179.691	0.771	86.894
179.690	1.086	86.846
179.698	1.369	86.852
179.667	1.611	86.868
179.650	1.816	86.881
179.628	1.991	86.893
179.623	2.127	86.889
179.613	2.201	86.889
179.599	2.202	86.895
179.597	2.152	86.903
179.595	2.109	86.894
179.589	2.001	86.889
179.570	1.825	86.882
179.571	1.619	86.883
179.555	1.408	86.850
179.564	1.106	86.871
179.555	0.793	86.869
179.554	0.449	86.865
179.550	0.101	86.843
179.557	-0.294	86.840
179.547	-0.663	86.849
179.543	-1.020	86.838
179.533	-1.395	86.829
179.531	-1.718	86.849
179.514	-2.020	86.859
179.508	-2.281	86.860
179.508	-2.450	86.851
179.533	-2.412	86.868
179.547	-2.293	86.908
179.539	-2.157	86.923
179.532	-1.951	86.922
179.554	-1.781	86.926
179.569	-1.532	86.899
179.611	-1.307	86.936
179.625	-1.035	86.895
179.656	-0.748	86.878
179.664	-0.473	86.869
179.688	-0.139	86.870
179.699	0.158	86.878
179.699	0.455	86.893
179.708	0.773	86.869
179.701	1.095	86.837
179.700	1.374	86.830
179.694	1.617	86.847
179.666	1.811	86.861
179.653	1.981	86.879
179.635	2.116	86.889
179.620	2.188	86.885
179.617	2.178	86.895
179.609	2.158	86.889
179.609	2.096	86.876
179.595	1.980	86.875
179.580	1.824	86.886
179.593	1.630	86.881
179.578	1.398	86.858
179.575	1.106	86.874
179.569	0.800	86.854
179.558	0.446	86.857
179.559	0.124	86.841
179.558	-0.266	86.846
179.554	-0.623	86.828
179.547	-0.980	86.823
179.544	-1.372	86.839
179.534	-1.675	86.833
179.523	-1.986	86.859
179.516	-2.251	86.866
179.508	-2.456	86.864
179.529	-2.427	86.868
179.549	-2.321	86.891
179.553	-2.197	86.940
179.542	-2.005	86.936
179.538	-1.788	86.918
179.570	-1.581	86.899
179.602	-1.346	86.901
179.625	-1.064	86.876
179.650	-0.791	86.879
179.651	-0.489	86.873
179.685	-0.206	86.886
179.690	0.132	86.885
179.709	0.412	86.890
179.697	0.773	86.873
179.704	1.090	86.851
179.699	1.382	86.833
179.688	1.623	86.846
179.668	1.826	86.877
179.657	1.994	86.893
179.641	2.133	86.905
179.628	2.223	86.912
179.613	2.239	86.898
179.608	2.205	86.901
179.601	2.154	86.893
179.596	2.045	86.882
179.581	1.887	86.898
179.582	1.688	86.883
179.560	1.455	86.845
179.569	1.173	86.842
179.557	0.865	86.863
179.548	0.518	86.848
179.547	0.165	86.846
179.548	-0.197	86.834
179.543	-0.599	86.830
179.533	-0.965	86.828
179.530	-1.337	86.822
179.521	-1.659	86.827
179.513	-1.972	86.838
179.502	-2.222	86.844
179.487	-2.430	86.858
179.502	-2.418	86.854
179.533	-2.331	86.889
179.525	-2.179	86.922
179.517	-2.002	86.926
179.522	-1.805	86.900
179.554	-1.573	86.885
179.580	-1.350	86.905
179.600	-1.061	86.897
179.626	-0.779	86.877
179.652	-0.529	86.882
179.668	-0.211	86.874
179.676	0.112	86.862
179.685	0.413	86.884
179.695	0.736	86.878
179.694	1.054	86.853
179.697	1.341	86.837
179.681	1.575	86.862
179.652	1.770	86.868
179.636	1.955	86.893
179.614	2.111	86.879
179.605	2.181	86.891
179.594	2.210	86.877
179.585	2.178	86.892
179.584	2.108	86.897
179.571	2.016	86.883
179.572	1.832	86.884
179.555	1.685	86.858
179.547	1.455	86.849
179.554	1.162	86.848
179.563	0.809	86.892
179.564	0.477	86.893
179.545	0.149	86.845
179.550	-0.246	86.847
179.544	-0.613	86.851
179.544	-0.990	86.854
179.537	-1.337	86.836
179.527	-1.674	86.833
179.516	-1.995	86.860
179.519	-2.247	86.877
179.502	-2.496	86.878
179.527	-2.450	86.871
179.547	-2.363	86.906
179.545	-2.222	86.939
179.532	-2.002	86.930
179.538	-1.804	86.925
179.568	-1.600	86.920
179.586	-1.366	86.912
179.618	-1.125	86.926
179.642	-0.805	86.875
179.657	-0.538	86.880
179.682	-0.217	86.874
179.687	0.111	86.861
179.699	0.390	86.883
179.698	0.733	86.866
179.705	1.036	86.854
179.704	1.322	86.846
179.680	1.579	86.843
179.653	1.793	86.865
179.641	1.965	86.865
179.626	2.112	86.880
179.620	2.183	86.899
179.615	2.216	86.889
179.607	2.194	86.897
179.596	2.120	86.885
179.586	2.037	86.871
179.584	1.874	86.882
179.595	1.655	86.915
179.568	1.461	86.828
179.570	1.183	86.858
179.563	0.873	86.864
179.571	0.513	86.883
179.562	0.179	86.840
179.565	-0.214	86.855
179.554	-0.562	86.838
179.554	-0.934	86.834
179.549	-1.281	86.837
179.546	-1.645	86.842
179.535	-1.946	86.860
179.515	-2.214	86.877
179.512	-2.438	86.869
179.534	-2.455	86.866
179.551	-2.331	86.882
179.546	-2.185	86.928
179.539	-2.010	86.920
179.550	-1.817	86.921
179.582	-1.590	86.902
179.603	-1.355	86.905
179.626	-1.095	86.886
179.651	-0.792	86.888
179.666	-0.522	86.881
179.686	-0.204	86.880
179.695	0.116	86.853
179.712	0.414	86.876
179.724	0.728	86.872
179.715	1.046	86.859
179.716	1.314	86.851
179.695	1.578	86.860
179.675	1.789	86.890
179.661	1.963	86.878
179.646	2.095	86.904
179.640	2.189	86.900
179.627	2.223	86.881
179.614	2.196	86.896
179.607	2.146	86.883
179.597	2.050	86.879
179.597	1.912	86.861
179.584	1.710	86.876
179.574	1.473	86.869
179.565	1.214	86.846
179.568	0.891	86.863
179.563	0.556	86.870
179.556	0.203	86.851
179.555	-0.158	86.843
179.564	-0.548	86.845
179.546	-0.911	86.842
179.542	-1.286	86.834
179.530	-1.608	86.836
179.522	-1.938	86.853
179.510	-2.209	86.863
179.505	-2.416	86.875
179.521	-2.454	86.861
179.548	-2.337	86.877
179.540	-2.219	86.935
179.533	-2.020	86.931
179.521	-1.828	86.908
179.559	-1.622	86.923
179.594	-1.384	86.897
179.604	-1.110	86.907
179.640	-0.842	86.879
179.639	-0.538	86.866
179.672	-0.261	86.882
179.672	0.102	86.853
179.694	0.380	86.867
179.683	0.689	86.879
179.691	1.033	86.838
179.698	1.314	86.848
179.672	1.563	86.853
179.651	1.780	86.870
179.623	1.995	86.863
179.617	2.110	86.906
179.605	2.225	86.883
179.594	2.263	86.888
179.593	2.247	86.881
179.579	2.169	86.881
179.576	2.082	86.874
179.572	1.939	86.872
179.555	1.736	86.865
179.558	1.503	86.858
179.550	1.258	86.836
179.558	0.891	86.871
179.544	0.585	86.857
179.545	0.224	86.844
179.544	-0.169	86.838
179.541	-0.534	86.825
179.539	-0.922	86.839
179.534	-1.308	86.841
179.521	-1.619	86.828
179.516	-1.945	86.844
179.511	-2.225	86.881
179.503	-2.463	86.879
179.521	-2.464	86.861
179.544	-2.370	86.896
179.538	-2.204	86.922
179.532	-2.029	86.937
179.538	-1.825	86.933
179.558	-1.614	86.917
179.587	-1.368	86.902
179.616	-1.107	86.905
179.644	-0.825	86.891
179.662	-0.558	86.908
179.683	-0.258	86.880
179.693	0.055	86.888
179.699	0.369	86.883
179.716	0.678	86.889
179.709	1.014	86.849
179.714	1.275	86.834
179.704	1.538	86.849
179.677	1.742	86.885
179.650	1.913	86.893
179.641	2.064	86.891
179.633	2.150	86.908
179.628	2.178	86.897
179.615	2.163	86.898
179.613	2.107	86.895
179.591	2.020	86.878
179.592	1.867	86.871
179.590	1.643	86.896
179.570	1.470	86.855
179.572	1.213	86.850
179.566	0.897	86.872
179.566	0.539	86.882
179.561	0.206	86.847
179.557	-0.137	86.846
179.548	-0.517	86.820
179.538	-0.866	86.816
179.548	-1.276	86.851
179.533	-1.591	86.842
179.532	-1.895	86.844
179.517	-2.196	86.870
179.512	-2.409	86.865
179.522	-2.484	86.882
179.550	-2.373	86.883
179.548	-2.252	86.921
179.539	-2.071	86.933
179.541	-1.869	86.930
179.566	-1.687	86.923
179.587	-1.417	86.898
179.607	-1.190	86.900
179.647	-0.900	86.885
179.660	-0.604	86.888
179.684	-0.303	86.876
179.690	0.037	86.866
179.703	0.328	86.874
179.708	0.646	86.864
179.711	0.975	86.861
179.716	1.281	86.835
179.692	1.521	86.843
179.680	1.740	86.872
179.653	1.927	86.884
179.644	2.079	86.894
179.627	2.182	86.898
179.631	2.196	86.910
179.611	2.192	86.908
179.596	2.152	86.890
179.594	2.055	86.893
179.588	1.920	86.882
179.574	1.751	86.867
179.582	1.502	86.865
179.566	1.271	86.842
179.571	0.953	86.856
179.566	0.605	86.884
179.559	0.261	86.858
179.557	-0.080	86.844
179.563	-0.497	86.850
179.548	-0.856	86.826
179.558	-1.257	86.864
179.541	-1.576	86.828
179.527	-1.882	86.852
179.524	-2.177	86.871
179.509	-2.383	86.862
179.514	-2.455	86.848
179.549	-2.352	86.879
179.547	-2.231	86.928
179.545	-2.052	86.935
179.538	-1.859	86.922
179.566	-1.660	86.901
179.590	-1.426	86.902
179.608	-1.147	86.890
179.638	-0.869	86.883
179.648	-0.605	86.876
179.674	-0.289	86.875
179.684	0.030	86.867
179.696	0.333	86.861
179.691	0.644	86.876
179.687	0.985	86.846
179.703	1.263	86.836
179.686	1.539	86.826
179.663	1.754	86.851
179.639	1.925	86.870
179.632	2.088	86.879
179.617	2.179	86.891
179.605	2.230	86.892
179.600	2.218	86.896
179.595	2.166	86.886
179.582	2.069	86.884
179.575	1.945	86.879
179.569	1.732	86.889
179.562	1.520	86.879
179.555	1.286	86.834
179.556	0.945	86.872
179.557	0.608	86.876
179.544	0.272	86.841
179.543	-0.078	86.834
179.535	-0.482	86.831
179.533	-0.871	86.837
179.532	-1.221	86.839
179.512	-1.569	86.833
179.514	-1.881	86.837
179.501	-2.194	86.858
179.493	-2.406	86.864
179.507	-2.458	86.854
179.535	-2.365	86.891
179.530	-2.214	86.928
179.527	-2.057	86.924
179.532	-1.871	86.923
179.540	-1.637	86.910
179.577	-1.425	86.898
179.598	-1.158	86.896
179.620	-0.873	86.868
179.651	-0.619	86.888
179.662	-0.297	86.882
179.678	0.016	86.866
179.689	0.305	86.876
179.682	0.617	86.887
179.695	0.946	86.859
179.706	1.242	86.838
179.686	1.505	86.835
179.676	1.694	86.888
179.642	1.898	86.876
179.646	2.030	86.896
179.631	2.128	86.907
179.619	2.174	86.893
179.610	2.160	86.898
179.599	2.103	86.901
179.586	2.039	86.877
179.581	1.891	86.881
179.582	1.692	86.893
179.567	1.491	86.870
179.567	1.251	86.853
179.563	0.935	86.879
179.559	0.590	86.884
179.563	0.258	86.878
179.558	-0.107	86.853
179.566	-0.497	86.850
179.557	-0.865	86.832
179.545	-1.229	86.845
179.540	-1.563	86.851
179.535	-1.867	86.847
179.525	-2.151	86.860
179.141	-3.784	86.148
179.409	-3.197	86.217
179.470	-2.871	86.409
179.499	-2.597	86.587
179.508	-2.338	86.694
179.516	-2.063	86.749
179.558	-1.791	86.790
179.584	-1.524	86.816
179.622	-1.251	86.864
179.640	-0.923	86.865
179.673	-0.633	86.888
179.689	-0.344	86.871
179.699	-0.016	86.869
179.701	0.303	86.873
179.708	0.610	86.872
179.710	0.944	86.858
179.706	1.245	86.827
179.702	1.510	86.839
179.678	1.712	86.880
179.654	1.932	86.862
179.634	2.082	86.882
179.638	2.167	86.887
179.629	2.231	86.896
179.616	2.216	86.879
179.604	2.160	86.890
179.603	2.075	86.891
179.588	1.955	86.863
179.589	1.746	86.884
179.577	1.574	86.843
179.578	1.295	86.849
179.573	0.986	86.871
179.571	0.646	86.875
179.575	0.302	86.846
179.558	-0.066	86.844
179.565	-0.473	86.852
179.552	-0.821	86.849
179.550	-1.198	86.844
179.537	-1.538	86.833
179.534	-1.866	86.848
179.525	-2.169	86.873
179.502	-2.410	86.869
179.527	-2.448	86.864
179.547	-2.341	86.866
179.548	-2.214	86.932
179.542	-2.056	86.935
179.538	-1.870	86.941
179.557	-1.644	86.922
179.578	-1.409	86.907
179.612	-1.158	86.906
179.640	-0.898	86.893
179.644	-0.603	86.873
179.673	-0.326	86.882
179.684	0.010	86.863
179.696	0.293	86.878
179.698	0.639	86.857
179.688	0.944	86.843
179.709	1.221	86.845
179.686	1.487	86.835
179.666	1.684	86.868
179.656	1.855	86.883
179.634	2.034	86.878
179.629	2.098	86.906
179.604	2.159	86.879
179.603	2.136	86.888
179.595	2.081	86.898
179.575	2.017	86.861
179.579	1.864	86.875
179.579	1.681	86.867
179.561	1.491	86.858
179.550	1.247	86.846
179.550	0.940	86.863
179.545	0.606	86.879
179.541	0.287	86.834
179.542	-0.068	86.826
179.546	-0.477	86.841
179.541	-0.843	86.851
179.536	-1.182	86.844
179.513	-1.500	86.815
179.498	-1.818	86.834
179.512	-2.139	86.873
179.496	-2.355	86.865
179.505	-2.471	86.868
179.538	-2.373	86.878
179.524	-2.227	86.903
179.536	-2.095	86.930
179.530	-1.900	86.924
179.549	-1.712	86.916
179.577	-1.498	86.903
179.598	-1.208	86.886
179.630	-0.941	86.870
179.650	-0.670	86.869
179.670	-0.380	86.872
179.672	-0.045	86.868
179.681	0.263	86.856
179.694	0.558	86.867
179.697	0.869	86.862
179.695	1.180	86.830
179.688	1.457	86.823
179.662	1.657	86.858
179.645	1.863	86.877
179.641	2.034	86.869
179.627	2.137	86.879
179.620	2.194	86.884
179.601	2.196	86.880
179.591	2.152	86.884
179.596	2.082	86.878
179.596	1.922	86.900
179.570	1.767	86.886
179.566	1.586	86.846
179.577	1.306	86.878
179.568	1.023	86.871
179.550	0.718	86.865
179.557	0.348	86.859
179.559	-0.019	86.850
179.564	-0.405	86.858
179.553	-0.760	86.835
179.555	-1.155	86.858
179.556	-1.515	86.851
179.532	-1.818	86.855
179.525	-2.117	86.867
179.517	-2.367	86.874
179.522	-2.483	86.867
179.547	-2.395	86.878
179.555	-2.299	86.927
179.554	-2.150	86.965
179.542	-1.917	86.932
179.565	-1.714	86.911
179.598	-1.497	86.917
179.613	-1.231	86.909
179.644	-0.973	86.901
179.659	-0.691	86.888
179.681	-0.397	86.881
179.701	-0.080	86.882
179.710	0.230	86.883
179.700	0.555	86.870
179.711	0.870	86.867
179.717	1.166	86.845
179.710	1.437	86.847
179.681	1.656	86.867
179.659	1.872	86.879
179.648	2.016	86.900
179.640	2.128	86.903
179.631	2.176	86.912
179.615	2.175	86.916
179.617	2.150	86.900
179.602	2.086	86.876
179.594	1.948	86.887
179.598	1.771	86.890
179.584	1.571	86.880
179.567	1.332	86.832
179.571	1.019	86.870
179.572	0.695	86.886
179.567	0.349	86.856
179.559	-0.012	86.852
179.557	-0.397	86.842
179.559	-0.771	86.848
179.538	-1.136	86.851
179.538	-1.463	86.812
179.528	-1.816	86.850
179.517	-2.087	86.861
179.517	-2.351	86.874
179.507	-2.468	86.866
179.541	-2.381	86.869
179.546	-2.281	86.914
179.546	-2.136	86.943
179.537	-1.915	86.925
179.550	-1.703	86.908
179.579	-1.472	86.904
179.604	-1.242	86.915
179.636	-0.949	86.880
179.653	-0.663	86.865
179.672	-0.391	86.879
179.680	-0.057	86.857
179.699	0.246	86.857
179.702	0.516	86.884
179.706	0.857	86.868
179.705	1.156	86.848
179.685	1.435	86.819
179.686	1.663	86.835
179.661	1.842	86.877
179.646	2.011	86.875
179.627	2.114	86.889
179.621	2.180	86.882
179.616	2.146	86.897
179.600	2.138	86.887
179.593	2.064	86.871
179.587	1.952	86.865
179.576	1.786	86.872
179.583	1.556	86.884
179.560	1.338	86.844
179.564	1.072	86.842
179.561	0.738	86.879
179.550	0.371	86.876
179.548	0.050	86.845
179.552	-0.338	86.826
179.546	-0.699	86.837
179.537	-1.064	86.838
179.531	-1.404	86.824
179.531	-1.756	86.858
179.511	-2.015	86.848
179.505	-2.279	86.860
179.498	-2.472	86.869
179.532	-2.413	86.873
179.544	-2.310	86.903
179.537	-2.165	86.937
179.524	-1.941	86.915
179.535	-1.759	86.919
179.562	-1.522	86.899
179.593	-1.292	86.887
179.617	-1.016	86.879
179.633	-0.741	86.872
179.648	-0.445	86.875
179.673	-0.109	86.866
179.675	0.190	86.855
179.687	0.486	86.872
179.696	0.834	86.842
179.695	1.150	86.819
179.685	1.417	86.827
179.669	1.657	86.856
179.663	1.854	86.880
179.632	2.046	86.860
179.624	2.159	86.894
179.608	2.241	86.880
179.598	2.256	86.874
179.602	2.211	86.898
179.591	2.148	86.872
179.577	2.039	86.863
179.577	1.852	86.881
179.567	1.664	86.868
179.564	1.418	86.852
179.567	1.110	86.864
179.561	0.795	86.860
179.559	0.443	86.867
179.550	0.086	86.845
179.558	-0.317	86.838
179.553	-0.671	86.841
179.542	-1.053	86.834
179.537	-1.409	86.832
179.529	-1.779	86.860
179.525	-2.061	86.860
179.506	-2.330	86.876
179.507	-2.489	86.876
179.553	-2.428	86.886
179.556	-2.313	86.921
179.537	-2.138	86.938
179.539	-1.937	86.938
179.550	-1.731	86.930
179.584	-1.516	86.898
179.605	-1.271	86.900
179.637	-0.997	86.897
179.655	-0.713	86.873
179.675	-0.428	86.871
179.683	-0.119	86.880
179.698	0.180	86.885
179.704	0.490	86.876
179.711	0.824	86.867
179.718	1.116	86.841
179.708	1.383	86.844
179.695	1.613	86.843
179.674	1.822	86.873
179.650	1.979	86.868
179.647	2.084	86.907
179.638	2.149	86.898
179.631	2.151	86.897
179.612	2.118	86.900
179.605	2.071	86.872
179.600	1.952	86.877
179.596	1.778	86.870
179.579	1.566	86.882
179.576	1.361	86.850
179.579	1.070	86.855
179.561	0.767	86.863
179.563	0.423	86.862
179.564	0.070	86.841
179.565	-0.311	86.823
179.550	-0.661	86.830
179.553	-1.037	86.843
179.547	-1.387	86.833
179.535	-1.707	86.846
179.528	-2.007	86.866
179.514	-2.271	86.867
179.508	-2.464	86.875
179.534	-2.420	86.868
179.546	-2.316	86.902
179.546	-2.191	86.929
179.536	-1.985	86.927
179.550	-1.815	86.932
179.570	-1.573	86.914
179.600	-1.343	86.899
179.619	-1.058	86.883
179.644	-0.789	86.870
179.664	-0.505	86.885
179.681	-0.199	86.871
179.690	0.104	86.874
179.694	0.413	86.885
179.693	0.759	86.855
179.706	1.067	86.849
179.698	1.339	86.834
179.681	1.591	86.833
179.657	1.790	86.883
179.641	1.978	86.879
179.620	2.098	86.887
179.618	2.187	86.882
179.610	2.196	86.888
179.598	2.178	86.878
179.592	2.110	86.879
179.584	1.994	86.875
179.584	1.840	86.882
179.569	1.662	86.877
179.570	1.415	86.856
179.560	1.137	86.857
179.568	0.799	86.868
179.547	0.497	86.864
179.550	0.136	86.845
179.553	-0.239	86.841
179.539	-0.617	86.831
179.542	-1.011	86.841
179.542	-1.354	86.837
179.523	-1.696	86.826
179.512	-1.985	86.850
179.506	-2.261	86.867
179.501	-2.445	86.856
179.527	-2.414	86.857
179.537	-2.297	86.884
179.529	-2.176	86.935
179.525	-1.979	86.937
179.543	-1.799	86.928
179.558	-1.569	86.907
179.592	-1.333	86.905
179.618	-1.082	86.894
179.634	-0.777	86.867
179.658	-0.504	86.880
179.663	-0.165	86.858
179.681	0.139	86.847
179.695	0.425	86.868
179.693	0.740	86.865
179.696	1.051	86.843
179.685	1.341	86.819
179.668	1.577	86.835
179.656	1.782	86.857
179.645	1.934	86.876
179.622	2.075	86.881
179.620	2.150	86.889
179.612	2.167	86.883
179.606	2.146	86.874
179.593	2.073	86.886
179.583	1.975	86.887
179.577	1.831	86.859
179.579	1.623	86.874
179.560	1.419	86.836
179.562	1.137	86.849
179.557	0.834	86.873
179.553	0.495	86.853
179.549	0.131	86.847
179.544	-0.212	86.826
179.546	-0.601	86.826
179.540	-0.968	86.822
179.539	-1.347	86.833
179.534	-1.652	86.838
179.518	-1.970	86.849
179.519	-2.246	86.863
179.506	-2.442	86.851
179.529	-2.434	86.844
179.549	-2.333	86.895
179.541	-2.198	86.925
179.547	-2.030	86.934
179.549	-1.806	86.912
179.571	-1.591	86.906
179.591	-1.356	86.889
179.625	-1.097	86.903
179.647	-0.813	86.874
179.671	-0.562	86.890
179.690	-0.254	86.866
179.691	0.059	86.883
179.698	0.388	86.861
179.705	0.685	86.875
179.707	1.006	86.857
179.718	1.275	86.852
179.710	1.518	86.869
179.669	1.748	86.878
179.660	1.921	86.887
179.641	2.058	86.889
179.624	2.151	86.888
179.626	2.166	86.903
179.612	2.158	86.893
179.599	2.085	86.894
179.597	1.999	86.876
179.585	1.857	86.883
179.589	1.659	86.887
179.575	1.434	86.865
179.573	1.178	86.852
179.567	0.860	86.877
179.576	0.521	86.892
179.563	0.199	86.856
179.564	-0.150	86.838
179.558	-0.541	86.830
179.551	-0.923	86.837
179.542	-1.271	86.820
179.537	-1.628	86.856
179.530	-1.918	86.848
179.524	-2.210	86.884
179.510	-2.455	86.873
179.526	-2.466	86.855
179.550	-2.351	86.887
179.545	-2.231	86.923
179.538	-2.047	86.929
179.545	-1.852	86.917
179.569	-1.639	86.911
179.596	-1.405	86.904
179.615	-1.143	86.909
179.637	-0.880	86.885
179.654	-0.606	86.882
179.682	-0.299	86.867
179.687	0.023	86.871
179.688	0.324	86.856
179.705	0.646	86.871
179.696	0.970	86.852
179.704	1.234	86.841
179.687	1.503	86.852
179.668	1.710	86.869
179.646	1.914	86.880
179.634	2.051	86.884
179.629	2.113	86.922
179.626	2.168	86.910
179.604	2.145	86.895
179.595	2.116	86.874
179.591	2.024	86.880
179.584	1.873	86.890
179.570	1.734	86.854
179.568	1.497	86.866
179.571	1.226	86.871
179.562	0.919	86.867
179.564	0.596	86.883
179.550	0.284	86.840
179.553	-0.085	86.838
179.555	-0.463	86.824
179.541	-0.820	86.828
179.549	-1.232	86.842
179.528	-1.536	86.828
179.527	-1.856	86.855
179.515	-2.149	86.863
179.500	-2.353	86.864
179.511	-2.469	86.842
179.537	-2.372	86.871
179.544	-2.260	86.926
179.534	-2.078	86.928
179.538	-1.889	86.924
179.558	-1.686	86.902
179.578	-1.441	86.884
179.607	-1.224	86.896
179.623	-0.939	86.878
179.639	-0.636	86.864
179.663	-0.334	86.864
179.686	-0.030	86.884
179.690	0.279	86.866
179.687	0.608	86.861
179.707	0.914	86.861
179.713	1.187	86.864
179.688	1.501	86.829
179.669	1.703	86.876
179.642	1.887	86.863
179.629	2.045	86.884
179.618	2.152	86.894
179.614	2.205	86.895
179.598	2.197	86.886
179.594	2.142	86.892
179.587	2.084	86.872
179.581	1.944	86.875
179.564	1.767	86.867
179.567	1.536	86.873
179.560	1.285	86.855
179.560	0.991	86.878
179.552	0.664	86.868
179.546	0.323	86.853
179.548	-0.030	86.838
179.556	-0.435	86.847
179.535	-0.809	86.860
179.538	-1.166	86.840
179.525	-1.522	86.843
179.520	-1.839	86.843
179.517	-2.160	86.864
179.499	-2.378	86.868
179.513	-2.477	86.864
179.539	-2.373	86.861
179.539	-2.232	86.895
179.536	-2.086	86.932
179.535	-1.892	86.920
179.544	-1.671	86.899
179.580	-1.459	86.906
179.604	-1.194	86.880
179.640	-0.933	86.900
179.647	-0.641	86.874
179.668	-0.343	86.874
179.690	-0.042	86.877
179.707	0.263	86.886
179.704	0.567	86.866
179.705	0.907	86.857
179.706	1.193	86.840
179.692	1.471	86.839
179.674	1.677	86.864
179.665	1.861	86.885
179.630	2.035	86.886
179.630	2.131	86.898
179.628	2.154	86.909
179.619	2.164	86.892
179.607	2.135	86.885
179.603	2.056	86.883
179.589	1.909	86.896
179.595	1.742	86.883
179.566	1.544	86.864
179.580	1.287	86.848
179.578	0.987	86.875
179.573	0.649	86.891
179.562	0.333	86.847
179.570	-0.053	86.857
179.574	-0.431	86.848
179.560	-0.800	86.855
179.564	-1.159	86.850
179.560	-1.501	86.850
179.537	-1.809	86.848
179.537	-2.117	86.872
179.523	-2.372	86.873
179.522	-2.489	86.856
179.541	-2.391	86.875
179.558	-2.297	86.934
179.546	-2.151	86.949
179.550	-1.934	86.922
179.562	-1.729	86.928
179.585	-1.492	86.903
179.618	-1.261	86.909
179.633	-0.951	86.880
179.656	-0.686	86.878
179.680	-0.413	86.865
179.700	-0.092	86.897
179.694	0.225	86.862
179.700	0.533	86.881
179.709	0.848	86.872
179.706	1.176	86.829
179.701	1.443	86.836
179.684	1.658	86.870
179.666	1.854	86.895
179.648	2.022	86.890
179.637	2.127	86.904
179.628	2.179	86.907
179.612	2.201	86.894
179.600	2.165	86.896
179.588	2.090	86.894
179.580	1.962	86.869
179.577	1.767	86.887
179.567	1.585	86.858
179.563	1.342	86.851
179.556	1.044	86.849
179.561	0.713	86.864
179.552	0.367	86.855
179.543	0.012	86.825
179.552	-0.390	86.839
179.537	-0.754	86.840
179.538	-1.141	86.860
179.526	-1.478	86.833
179.516	-1.805	86.843
179.507	-2.121	86.865
179.503	-2.356	86.866
179.505	-2.486	86.854
179.532	-2.400	86.868
179.540	-2.271	86.917
179.530	-2.122	86.935
179.522	-1.896	86.905
179.553	-1.722	86.912
179.579	-1.485	86.904
179.597	-1.241	86.917
179.622	-0.986	86.891
179.639	-0.707	86.883
179.660	-0.398	86.868
179.675	-0.067	86.864
179.686	0.203	86.881
179.690	0.508	86.872
179.689	0.854	86.860
179.698	1.144	86.837
179.678	1.419	86.824
179.670	1.626	86.857
179.643	1.821	86.873
179.628	1.978	86.873
179.617	2.100	86.874
179.617	2.136	86.887
179.608	2.139	86.899
179.599	2.115	86.884
179.580	2.067	86.862
179.583	1.913	86.876
179.574	1.744	86.880
179.567	1.553	86.876
179.563	1.309	86.852
179.559	1.042	86.842
179.558	0.722	86.873
179.549	0.377	86.838
179.549	0.018	86.835
179.553	-0.382	86.830
179.550	-0.729	86.843
179.545	-1.103	86.841
179.537	-1.457	86.839
179.529	-1.759	86.847
179.515	-2.042	86.856
179.503	-2.295	86.857
179.507	-2.457	86.857
179.534	-2.388	86.869
179.545	-2.282	86.909
179.536	-2.133	86.930
179.541	-1.930	86.915
179.553	-1.752	86.926
179.567	-1.523	86.900
179.608	-1.296	86.901
179.633	-1.021	86.883
179.652	-0.730	86.863
179.671	-0.446	86.873
179.672	-0.117	86.870
179.693	0.167	86.870
179.696	0.460	86.873
179.704	0.802	86.855
179.705	1.119	86.830
179.720	1.367	86.864
179.685	1.609	86.851
179.663	1.813	86.877
179.654	1.985	86.882
179.633	2.123	86.877
179.632	2.185	86.901
179.618	2.184	86.903
179.602	2.166	86.885
179.598	2.118	86.872
179.586	1.981	86.878
179.585	1.827	86.872
179.583	1.617	86.892
179.579	1.375	86.869
179.578	1.117	86.856
179.565	0.808	86.871
179.570	0.449	86.864
179.558	0.100	86.840
179.558	-0.277	86.836
179.560	-0.662	86.851
179.550	-1.049	86.844
179.549	-1.378	86.833
179.540	-1.723	86.863
179.528	-2.020	86.877
179.522	-2.299	86.872
179.509	-2.481	86.862
179.536	-2.417	86.856
179.559	-2.340	86.908
179.551	-2.170	86.948
179.543	-1.975	86.925
179.552	-1.808	86.940
179.585	-1.576	86.926
179.613	-1.336	86.905
179.627	-1.058	86.885
179.660	-0.777	86.874
179.667	-0.507	86.878
179.698	-0.205	86.887
179.697	0.126	86.873
179.715	0.391	86.909
179.710	0.747	86.872
179.700	1.062	86.840
179.707	1.331	86.838
179.693	1.558	86.859
179.673	1.742	86.886
179.644	1.915	86.879
179.642	2.045	86.889
179.632	2.109	86.910
179.618	2.137	86.885
179.607	2.097	86.895
179.604	2.036	86.882
179.598	1.926	86.884
179.576	1.799	86.848
179.584	1.558	86.898
179.568	1.369	86.842
179.564	1.079	86.859
179.568	0.740	86.893
179.560	0.412	86.873
179.548	0.101	86.849
179.555	-0.284	86.852
179.553	-0.633	86.842
179.548	-1.005	86.847
179.536	-1.367	86.833
179.523	-1.677	86.847
179.522	-1.981	86.860
179.517	-2.247	86.876
179.505	-2.446	86.876
179.513	-2.429	86.863
179.540	-2.331	86.894
179.537	-2.212	86.920
179.534	-2.012	86.925
179.539	-1.831	86.922
179.555	-1.569	86.895
179.592	-1.379	86.905
179.610	-1.111	86.898
179.632	-0.826	86.876
179.650	-0.542	86.874
179.669	-0.233	86.873
179.678	0.097	86.864
179.686	0.395	86.875
179.686	0.718	86.854
179.690	1.030	86.848
179.692	1.328	86.824
179.684	1.560	86.854
179.660	1.765	86.868
179.637	1.948	86.880
179.622	2.093	86.887
179.613	2.178	86.904
179.610	2.190	86.888
179.593	2.181	86.889
179.584	2.121	86.884
179.580	2.026	86.865
179.574	1.876	86.865
179.568	1.687	86.872
179.560	1.466	86.855
179.564	1.189	86.849
179.556	0.863	86.872
179.560	0.529	86.846
179.554	0.171	86.848
179.542	-0.173	86.826
179.544	-0.568	86.829
179.543	-0.940	86.848
179.539	-1.323	86.856
179.534	-1.681	86.861
179.521	-1.966	86.851
179.510	-2.224	86.876
179.500	-2.447	86.864
179.527	-2.423	86.854
179.550	-2.349	86.908
179.542	-2.188	86.931
179.528	-2.008	86.931
179.543	-1.814	86.915
179.564	-1.588	86.926
179.596	-1.343	86.905
179.614	-1.084	86.879
179.651	-0.817	86.871
179.664	-0.525	86.867
179.683	-0.225	86.875
179.690	0.084	86.873
179.702	0.383	86.893
179.696	0.711	86.873
179.707	1.019	86.868
179.698	1.317	86.836
179.687	1.561	86.852
179.667	1.760	86.861
179.646	1.923	86.874
179.634	2.070	86.885
179.624	2.155	86.875
179.622	2.162	86.893
179.611	2.126	86.901
179.603	2.088	86.884
179.594	1.968	86.884
179.592	1.818	86.889
179.586	1.626	86.885
179.569	1.420	86.846
179.573	1.154	86.861
179.563	0.841	86.859
179.567	0.499	86.876
179.560	0.174	86.840
179.563	-0.191	86.827
179.561	-0.568	86.829
179.546	-0.934	86.842
179.557	-1.297	86.847
179.538	-1.617	86.851
179.535	-1.928	86.858
179.522	-2.199	86.870
179.508	-2.411	86.865
179.534	-2.457	86.871
179.548	-2.355	86.885
179.555	-2.226	86.921
179.550	-2.060	86.943
179.546	-1.834	86.910
179.578	-1.635	86.921
179.595	-1.399	86.902
179.622	-1.136	86.898
179.657	-0.863	86.881
179.659	-0.572	86.872
179.695	-0.275	86.871
179.698	0.067	86.880
179.716	0.364	86.873
179.709	0.698	86.866
179.713	1.035	86.861
179.707	1.337	86.816
179.711	1.567	86.869
179.674	1.809	86.859
179.657	2.007	86.875
179.642	2.147	86.884
179.627	2.228	86.905
179.618	2.288	86.891
179.616	2.257	86.887
179.600	2.183	86.884
179.592	2.101	86.889
179.592	1.933	86.880
179.581	1.729	86.887
179.567	1.518	86.865
179.567	1.213	86.868
179.557	0.925	86.874
179.562	0.569	86.866
179.563	0.212	86.855
179.547	-0.144	86.848
179.551	-0.540	86.831
179.542	-0.927	86.840
179.540	-1.316	86.857
179.539	-1.650	86.839
179.519	-1.952	86.839
179.513	-2.247	86.870
179.505	-2.465	86.872
179.524	-2.447	86.875
179.540	-2.350	86.887
179.525	-2.200	86.932
179.532	-1.998	86.923
179.535	-1.814	86.915
179.554	-1.611	86.914
179.583	-1.363	86.898
179.611	-1.099	86.883
179.628	-0.810	86.869
179.644	-0.527	86.867
179.670	-0.235	86.872
179.678	0.072	86.887
179.693	0.374	86.861
179.683	0.701	86.858
179.688	1.009	86.843
179.704	1.267	86.850
179.682	1.517	86.825
179.651	1.713	86.870
179.634	1.896	86.878
179.624	2.024	86.892
179.617	2.100	86.882
179.612	2.109	86.905
179.596	2.094	86.889
179.583	2.037	86.882
179.580	1.936	86.880
179.567	1.804	86.860
179.559	1.630	86.853
179.558	1.393	86.863
179.563	1.127	86.855
179.557	0.841	86.869
179.551	0.512	86.858
179.543	0.182	86.839
179.553	-0.197	86.843
179.548	-0.544	86.828
179.535	-0.889	86.835
179.538	-1.260	86.834
179.538	-1.612	86.848
179.520	-1.910	86.860
179.518	-2.189	86.869
179.513	-2.384	86.879
179.515	-2.477	86.866
179.539	-2.360	86.877
179.538	-2.227	86.924
179.543	-2.074	86.941
179.529	-1.860	86.902
179.554	-1.674	86.911
179.582	-1.425	86.896
179.615	-1.169	86.901
179.632	-0.877	86.870
179.643	-0.615	86.881
179.680	-0.304	86.880
179.686	0.022	86.879
179.694	0.331	86.862
179.708	0.657	86.876
179.704	0.980	86.862
179.711	1.275	86.832
179.695	1.554	86.844
179.675	1.747	86.879
179.646	1.966	86.865
179.635	2.098	86.884
179.624	2.196	86.892
179.620	2.254	86.888
179.605	2.230	86.898
179.601	2.176	86.895
179.593	2.094	86.874
179.584	1.942	86.871
179.577	1.752	86.872
179.573	1.533	86.864
179.562	1.264	86.860
179.571	0.953	86.872
179.564	0.616	86.873
179.562	0.259	86.855
179.558	-0.114	86.856
179.560	-0.496	86.846
179.552	-0.862	86.842
179.554	-1.231	86.851
179.540	-1.558	86.836
179.536	-1.898	86.851
179.527	-2.190	86.879
179.506	-2.402	86.865
179.524	-2.459	86.872
179.544	-2.357	86.876
179.548	-2.215	86.925
179.541	-2.049	86.941
179.543	-1.861	86.920
179.565	-1.648	86.911
179.596	-1.404	86.893
179.622	-1.153	86.916
179.639	-0.873	86.889
179.660	-0.596	86.893
179.675	-0.294	86.869
179.692	0.032	86.867
179.699	0.329	86.884
179.706	0.644	86.885
179.706	0.955	86.864
179.702	1.251	86.827
179.704	1.478	86.854
179.678	1.725	86.863
179.652	1.894	86.867
179.645	2.046	86.882
179.626	2.131	86.886
179.629	2.155	86.906
179.607	2.135	86.902
179.600	2.099	86.884
179.595	2.003	86.884
179.592	1.861	86.882
179.580	1.673	86.892
179.576	1.462	86.867
179.572	1.222	86.851
179.567	0.921	86.858
179.567	0.568	86.885
179.562	0.244	86.853
179.555	-0.094	86.834
179.553	-0.506	86.836
179.552	-0.874	86.846
179.539	-1.213	86.828
179.533	-1.547	86.826
179.525	-1.881	86.858
179.521	-2.154	86.867
179.509	-2.387	86.877
179.523	-2.486	86.863
179.543	-2.381	86.876
179.538	-2.245	86.912
179.544	-2.113	86.948
179.535	-1.888	86.928
179.552	-1.683	86.910
179.588	-1.460	86.895
179.611	-1.200	86.900
179.630	-0.926	86.876
179.636	-0.644	86.881
179.677	-0.377	86.883
179.674	-0.011	86.868
179.694	0.257	86.873
179.692	0.585	86.881
179.700	0.915	86.861
179.708	1.188	86.845
179.681	1.466	86.834
179.665	1.683	86.865
179.643	1.878	86.871
179.631	2.030	86.878
179.629	2.131	86.896
179.615	2.170	86.900
179.598	2.172	86.889
179.587	2.118	86.887
179.581	2.047	86.872
179.580	1.889	86.883
179.579	1.719	86.883
179.566	1.500	86.860
179.563	1.264	86.846
179.557	0.961	86.865
179.551	0.640	86.868
179.549	0.291	86.852
179.554	-0.085	86.850
179.548	-0.469	86.838
179.537	-0.836	86.844
179.545	-1.230	86.863
179.529	-1.543	86.841
179.518	-1.849	86.837
179.510	-2.144	86.871
179.506	-2.389	86.886
179.511	-2.465	86.858
179.541	-2.388	86.887
179.541	-2.248	86.918
179.534	-2.094	86.934
179.532	-1.895	86.936
179.553	-1.676	86.907
179.567	-1.448	86.897
179.593	-1.180	86.894
179.632	-0.918	86.887
179.649	-0.651	86.897
179.663	-0.322	86.876
179.683	-0.010	86.866
179.693	0.274	86.883
179.691	0.605	86.876
179.703	0.926	86.859
179.694	1.225	86.836
179.689	1.492	86.843
179.672	1.714	86.860
179.648	1.894	86.869
179.640	2.051	86.888
179.619	2.156	86.888
179.626	2.181	86.897
179.622	2.174	86.903
179.594	2.140	86.879
179.593	2.066	86.873
179.585	1.915	86.890
179.579	1.731	86.885
179.572	1.531	86.864
179.580	1.275	86.858
179.561	0.972	86.868
179.570	0.632	86.879
179.561	0.277	86.870
179.561	-0.064	86.839
179.558	-0.468	86.834
179.561	-0.819	86.848
179.551	-1.202	86.845
179.540	-1.526	86.830
179.533	-1.872	86.854
179.526	-2.155	86.869
179.512	-2.383	86.864
179.525	-2.481	86.869
179.539	-2.355	86.856
179.554	-2.239	86.927
179.543	-2.054	86.919
179.544	-1.875	86.920
179.557	-1.655	86.907
179.586	-1.431	86.892
179.622	-1.200	86.915
179.645	-0.905	86.876
179.665	-0.634	86.874
179.678	-0.343	86.877
179.693	-0.015	86.868
179.699	0.264	86.877
179.711	0.554	86.867
179.708	0.921	86.844
179.705	1.178	86.836
179.698	1.436	86.847
179.674	1.670	86.867
179.663	1.837	86.882
179.639	2.007	86.871
179.636	2.094	86.884
179.633	2.129	86.904
179.618	2.132	86.889
179.604	2.085	86.876
179.603	2.002	86.880
179.586	1.873	86.887
179.585	1.696	86.883
179.589	1.489	86.874
179.577	1.256	86.851
179.567	0.951	86.874
179.570	0.630	86.877
179.557	0.304	86.849
179.555	-0.042	86.838
179.562	-0.441	86.831
179.548	-0.788	86.850
179.549	-1.162	86.860
179.550	-1.511	86.844
179.536	-1.817	86.844
179.525	-2.106	86.860
179.518	-2.343	86.869
179.516	-2.475	86.863
179.549	-2.398	86.871
179.547	-2.271	86.900
179.551	-2.146	86.932
179.537	-1.941	86.923
179.563	-1.770	86.940
179.577	-1.509	86.903
179.600	-1.252	86.898
179.629	-0.996	86.894
179.641	-0.703	86.869
179.668	-0.420	86.874
179.674	-0.072	86.849
179.695	0.186	86.878
179.696	0.497	86.884
179.699	0.844	86.867
179.705	1.143	86.849
179.686	1.414	86.834
179.677	1.646	86.863
179.657	1.822	86.888
179.634	2.018	86.875
179.625	2.115	86.894
179.618	2.190	86.874
179.621	2.135	86.921
179.591	2.125	86.893
179.590	2.063	86.890
179.580	1.953	86.875
179.576	1.755	86.888
179.560	1.580	86.849
179.556	1.322	86.837
179.548	1.039	86.856
179.553	0.680	86.877
179.553	0.352	86.856
179.545	0.008	86.839
179.545	-0.400	86.831
179.533	-0.750	86.833
179.541	-1.144	86.854
179.520	-1.475	86.834
179.518	-1.791	86.825
179.509	-2.090	86.858
179.499	-2.354	86.864
179.499	-2.480	86.851
179.525	-2.401	86.869
179.534	-2.279	86.907
179.528	-2.125	86.934
179.538	-1.945	86.940
179.535	-1.719	86.913
179.555	-1.482	86.883
179.593	-1.256	86.892
179.623	-0.991	86.882
179.642	-0.694	86.875
179.664	-0.410	86.875
179.670	-0.085	86.861
179.696	0.187	86.889
179.689	0.518	86.872
179.695	0.848	86.862
179.710	1.125	86.845
179.687	1.425	86.830
179.678	1.645	86.864
179.647	1.847	86.862
179.636	2.001	86.866
179.622	2.115	86.896
179.621	2.157	86.897
179.616	2.150	86.900
179.599	2.132	86.878
179.589	2.074	86.865
179.595	1.928	86.890
179.586	1.753	86.886
179.576	1.561	86.889
179.569	1.333	86.849
179.567	1.049	86.866
179.563	0.729	86.877
179.558	0.400	86.852
179.556	0.056	86.838
179.559	-0.353	86.845
179.558	-0.720	86.858
179.561	-1.091	86.858
179.536	-1.427	86.822
179.544	-1.770	86.857
179.525	-2.054	86.868
179.512	-2.319	86.876
179.509	-2.477	86.866
179.542	-2.404	86.864
179.545	-2.289	86.899
179.549	-2.163	86.942
179.546	-1.960	86.934
179.550	-1.775	86.930
179.587	-1.551	86.909
179.609	-1.301	86.884
179.630	-1.045	86.885
179.658	-0.755	86.886
179.675	-0.471	86.874
179.692	-0.154	86.866
179.698	0.158	86.865
179.706	0.449	86.883
179.709	0.785	86.879
179.716	1.080	86.848
179.714	1.381	86.832
179.703	1.592	86.862
179.670	1.801	86.881
179.646	1.953	86.903
179.642	2.115	86.881
179.623	2.171	86.901
179.618	2.190	86.906
179.613	2.152	86.894
179.603	2.088	86.887
179.597	1.970	86.883
179.584	1.808	86.879
179.583	1.618	86.869
179.569	1.377	86.856
179.570	1.125	86.851
179.568	0.795	86.879
179.560	0.459	86.866
179.552	0.115	86.836
179.562	-0.256	86.834
179.553	-0.604	86.819
179.557	-1.017	86.853
179.548	-1.379	86.837
179.539	-1.685	86.845
179.524	-1.999	86.849
179.516	-2.268	86.874
179.509	-2.480	86.889
179.532	-2.430	86.861
179.550	-2.320	86.884
179.549	-2.189	86.942
179.541	-1.996	86.936
179.554	-1.792	86.919
179.580	-1.584	86.908
179.603	-1.327	86.902
179.620	-1.078	86.897
179.645	-0.798	86.889
179.663	-0.500	86.864
179.679	-0.185	86.877
179.690	0.128	86.883
179.699	0.417	86.888
179.697	0.778	86.855
179.710	1.068	86.847
179.709	1.348	86.842
179.694	1.600	86.860
179.666	1.816	86.866
179.652	1.983	86.892
179.631	2.115	86.875
179.617	2.197	86.877
179.606	2.216	86.878
179.591	2.189	86.883
179.585	2.117	86.894
179.590	2.007	86.892
179.576	1.834	86.888
179.576	1.658	86.879
179.556	1.440	86.837
179.561	1.136	86.851
179.560	0.826	86.874
179.556	0.448	86.884
179.550	0.135	86.829
179.548	-0.250	86.835
179.539	-0.642	86.838
179.546	-1.003	86.820
179.530	-1.356	86.831
179.520	-1.708	86.847
179.509	-1.994	86.856
179.499	-2.270	86.859
179.494	-2.471	86.865
179.519	-2.414	86.850
179.530	-2.298	86.869
179.526	-2.157	86.924
179.526	-1.995	86.925
179.535	-1.805	86.923
179.564	-1.566	86.895
179.589	-1.335	86.898
179.621	-1.071	86.907
179.630	-0.768	86.864
179.648	-0.492	86.867
179.674	-0.176	86.862
179.682	0.119	86.870
179.688	0.434	86.874
179.692	0.745	86.877
179.700	1.068	86.842
179.693	1.359	86.832
179.683	1.589	86.851
179.650	1.807	86.869
179.634	1.960	86.874
179.630	2.086	86.905
179.622	2.171	86.897
179.606	2.212	86.883
179.605	2.145	86.909
179.589	2.109	86.872
179.584	1.997	86.875
179.578	1.856	86.873
179.563	1.651	86.871
179.579	1.405	86.871
179.565	1.132	86.858
179.555	0.827	86.857
179.565	0.461	86.888
179.544	0.132	86.842
179.561	-0.268	86.832
179.561	-0.630	86.842
179.547	-1.012	86.853
179.552	-1.369	86.837
179.532	-1.688	86.848
179.523	-2.007	86.853
179.518	-2.286	86.870
179.508	-2.470	86.881
179.541	-2.424	86.869
179.557	-2.312	86.899
179.549	-2.169	86.932
179.544	-1.984	86.938
179.553	-1.774	86.912
179.579	-1.552	86.907
179.608	-1.318	86.899
179.631	-1.052	86.899
179.654	-0.768	86.887
179.672	-0.494	86.888
179.693	-0.152	86.866
179.696	0.160	86.861
179.718	0.438	86.886
179.718	0.765	86.861
179.713	1.079	86.853
179.704	1.376	86.834
179.697	1.607	86.851
179.679	1.802	86.880
179.655	1.985	86.872
179.639	2.107	86.890
179.636	2.185	86.897
179.617	2.197	86.893
179.610	2.171	86.880
179.611	2.098	86.871
179.600	1.986	86.871
179.596	1.815	86.892
179.579	1.643	86.873
179.573	1.413	86.844
179.580	1.125	86.859
179.585	0.798	86.875
179.571	0.450	86.871
179.558	0.120	86.844
179.563	-0.264	86.830
179.563	-0.635	86.835
179.557	-1.007	86.851
179.547	-1.360	86.839
179.546	-1.683	86.845
179.530	-1.997	86.871
179.521	-2.263	86.879
179.509	-2.457	86.878
179.537	-2.421	86.868
179.552	-2.311	86.893
179.549	-2.183	86.941
179.543	-1.981	86.918
179.541	-1.781	86.912
179.574	-1.574	86.911
179.611	-1.354	86.916
179.626	-1.065	86.891
179.646	-0.781	86.869
179.664	-0.489	86.878
179.681	-0.161	86.860
179.698	0.120	86.878
179.706	0.436	86.876
179.707	0.740	86.879
179.702	1.090	86.841
179.706	1.352	86.834
179.680	1.612	86.844
179.661	1.815	86.855
179.655	1.971	86.881
179.625	2.088	86.892
179.622	2.184	86.893
179.616	2.183	86.903
179.607	2.165	86.884
179.597	2.108	86.879
179.583	1.996	86.885
179.580	1.841	86.874
179.569	1.645	86.871
179.564	1.406	86.850
179.558	1.124	86.855
179.555	0.797	86.879
179.559	0.450	86.861
179.548	0.109	86.847
179.543	-0.240	86.833
179.547	-0.648	86.843
179.534	-1.015	86.838
179.537	-1.369	86.843
179.517	-1.714	86.848
179.516	-2.026	86.857
179.513	-2.273	86.864
179.490	-2.463	86.865
179.532	-2.416	86.856
179.543	-2.323	86.905
179.530	-2.147	86.926
179.527	-1.980	86.912
179.538	-1.790	86.922
179.565	-1.556	86.904
179.589	-1.333	86.908
179.613	-1.061	86.899
179.644	-0.761	86.883
179.650	-0.485	86.870
179.669	-0.163	86.858
179.684	0.124	86.882
179.698	0.432	86.882
179.695	0.766	86.859
179.704	1.056	86.860
179.698	1.340	86.841
179.682	1.593	86.851
179.665	1.788	86.873
179.637	1.954	86.878
179.626	2.093	86.886
179.629	2.156	86.904
179.615	2.181	86.900
179.601	2.165	86.882
179.593	2.088	86.894
179.580	2.004	86.871
179.577	1.826	86.892
179.580	1.630	86.885
179.559	1.421	86.831
179.558	1.134	86.848
179.557	0.805	86.862
179.557	0.462	86.877
179.551	0.138	86.840
179.547	-0.241	86.827
179.548	-0.612	86.827
179.538	-0.987	86.837
179.542	-1.364	86.848
179.535	-1.680	86.843
179.518	-1.977	86.850
179.510	-2.254	86.854
179.504	-2.445	86.856
179.540	-2.436	86.870
179.555	-2.340	86.909
179.550	-2.186	86.932
179.541	-1.989	86.925
179.549	-1.813	86.926
179.574	-1.575	86.909
179.602	-1.330	86.904
179.641	-1.089	86.905
179.643	-0.771	86.875
179.662	-0.506	86.872
179.686	-0.189	86.878
179.698	0.107	86.886
179.704	0.426	86.883
179.708	0.739	86.871
179.709	1.076	86.837
179.710	1.355	86.832
179.696	1.598	86.843
179.675	1.798	86.872
179.644	1.980	86.873
179.639	2.094	86.890
179.633	2.184	86.899
179.629	2.189	86.904
179.604	2.164	86.881
179.609	2.101	86.902
179.601	2.009	86.874
179.595	1.849	86.886
179.587	1.654	86.873
179.580	1.421	86.855
179.577	1.156	86.855
179.569	0.826	86.888
179.560	0.475	86.858
179.556	0.143	86.853
179.562	-0.240	86.858
179.558	-0.597	86.840
179.546	-1.002	86.847
179.546	-1.358	86.856
179.545	-1.694	86.848
179.526	-1.987	86.837
179.518	-2.254	86.862
179.511	-2.469	86.875
179.540	-2.424	86.868
179.555	-2.322	86.910
179.547	-2.183	86.936
179.537	-1.990	86.924
179.549	-1.803	86.927
179.567	-1.549	86.894
179.606	-1.335	86.907
179.631	-1.087	86.903
179.653	-0.759	86.868
179.665	-0.496	86.877
179.689	-0.167	86.878
179.693	0.136	86.875
179.702	0.430	86.888
179.714	0.755	86.878
179.700	1.105	86.820
179.701	1.380	86.813
179.695	1.596	86.860
179.660	1.813	86.878
179.648	1.979	86.878
179.635	2.119	86.887
179.629	2.198	86.892
179.621	2.194	86.897
179.602	2.186	86.893
179.595	2.121	86.882
179.589	2.027	86.865
179.582	1.850	86.880
179.581	1.656	86.878
179.565	1.435	86.842
179.569	1.163	86.850
179.556	0.858	86.854
179.562	0.485	86.865
179.556	0.144	86.843
179.556	-0.220	86.824
179.553	-0.622	86.843
179.547	-0.992	86.844
179.532	-1.341	86.839
179.545	-1.690	86.855
179.513	-1.973	86.841
179.506	-2.251	86.872
179.507	-2.470	86.879
179.534	-2.431	86.852
179.541	-2.313	86.877
179.541	-2.165	86.922
179.529	-1.998	86.921
179.537	-1.788	86.919
179.562	-1.575	86.907
179.593	-1.342	86.894
179.624	-1.086	86.910
179.642	-0.803	86.896
179.659	-0.511	86.893
179.675	-0.192	86.881
179.690	0.101	86.893
179.706	0.412	86.885
179.701	0.734	86.877
179.697	1.087	86.839
179.706	1.337	86.833
179.677	1.607	86.852
179.661	1.792	86.874
179.643	1.981	86.883
179.624	2.116	86.887
179.622	2.186	86.904
179.609	2.214	86.885
179.601	2.170	86.902
179.586	2.130	86.879
179.580	2.012	86.881
179.581	1.843	86.886
179.578	1.653	86.874
179.553	1.431	86.847
179.569	1.127	86.865
179.559	0.830	86.882
179.552	0.492	86.834
179.555	0.140	86.840
179.546	-0.244	86.839
179.546	-0.620	86.843
179.541	-0.990	86.842
179.536	-1.337	86.829
179.528	-1.681	86.834
179.514	-1.984	86.841
179.513	-2.264	86.861
179.499	-2.456	86.865
179.528	-2.448	86.874
179.548	-2.333	86.905
179.546	-2.212	86.941
179.528	-2.000	86.929
179.536	-1.801	86.919
179.569	-1.593	86.909
179.596	-1.345	86.899
179.614	-1.081	86.900
179.632	-0.776	86.860
179.663	-0.512	86.865
179.681	-0.209	86.869
179.694	0.113	86.862
179.696	0.393	86.877
179.702	0.708	86.868
179.703	1.042	86.849
179.704	1.325	86.832
179.702	1.538	86.866
179.666	1.783	86.855
179.652	1.932	86.875
179.638	2.061	86.888
179.638	2.139	86.900
179.616	2.159	86.896
179.610	2.131	86.899
179.608	2.076	86.901
179.598	1.971	86.892
179.591	1.821	86.893
179.582	1.643	86.885
179.571	1.442	86.835
179.580	1.172	86.856
179.575	0.841	86.868
179.577	0.516	86.873
179.569	0.194	86.840
179.562	-0.181	86.839
179.564	-0.552	86.843
179.558	-0.936	86.859
179.554	-1.269	86.839
179.544	-1.610	86.848
179.528	-1.919	86.851
179.529	-2.207	86.877
179.508	-2.422	86.881
179.525	-2.454	86.857
179.548	-2.349	86.885
179.554	-2.210	86.921
179.548	-2.046	86.925
179.548	-1.850	86.929
179.576	-1.637	86.903
179.604	-1.410	86.915
179.621	-1.157	86.910
179.641	-0.843	86.862
179.662	-0.556	86.866
179.685	-0.287	86.885
179.699	0.043	86.871
179.704	0.355	86.873
179.706	0.668	86.868
179.710	1.006	86.846
179.715	1.283	86.848
179.697	1.529	86.846
179.670	1.773	86.856
179.647	1.955	86.852
179.635	2.073	86.893
179.634	2.181	86.906
179.629	2.201	86.913
179.604	2.199	86.882
179.596	2.166	86.887
179.593	2.060	86.867
179.575	1.907	86.884
179.580	1.730	86.872
179.575	1.512	86.848
179.563	1.242	86.841
179.562	0.930	86.874
179.566	0.591	86.876
179.554	0.224	86.852
179.561	-0.121	86.842
179.553	-0.515	86.838
179.545	-0.878	86.848
179.544	-1.247	86.842
179.544	-1.608	86.856
179.519	-1.896	86.850
179.516	-2.201	86.877
179.508	-2.436	86.886
179.515	-2.454	86.854
179.548	-2.379	86.896
179.533	-2.198	86.916
179.539	-2.044	86.927
179.533	-1.842	86.917
179.551	-1.627	86.903
179.581	-1.403	86.903
179.606	-1.143	86.897
179.641	-0.861	86.871
179.647	-0.587	86.882
179.668	-0.279	86.869
179.684	0.031	86.864
179.680	0.356	86.850
179.694	0.655	86.872
179.696	0.990	86.838
179.695	1.279	86.815
179.693	1.527	86.841
179.660	1.748	86.863
179.648	1.906	86.894
179.630	2.067	86.887
179.620	2.149	86.897
179.605	2.178	86.893
179.602	2.194	86.876
179.591	2.137	86.877
179.590	2.051	86.882
179.578	1.894	86.876
179.562	1.724	86.863
179.565	1.493	86.869
179.564	1.248	86.835
179.558	0.921	86.874
179.558	0.594	86.869
179.550	0.247	86.852
179.546	-0.099	86.849
179.559	-0.516	86.842
179.538	-0.858	86.825
179.540	-1.244	86.845
179.532	-1.597	86.856
179.523	-1.893	86.836
179.518	-2.191	86.860
179.503	-2.416	86.867
179.517	-2.472	86.856
179.540	-2.349	86.873
179.546	-2.227	86.926
179.534	-2.042	86.923
179.543	-1.857	86.923
179.565	-1.637	86.916
179.585	-1.415	86.901
179.623	-1.168	86.908
179.635	-0.874	86.871
179.653	-0.598	86.870
179.671	-0.292	86.863
179.691	0.018	86.867
179.701	0.326	86.871
179.699	0.640	86.867
179.696	0.972	86.846
179.709	1.240	86.840
179.690	1.508	86.842
179.668	1.735	86.871
179.653	1.921	86.883
179.632	2.089	86.870
179.629	2.160	86.906
179.618	2.193	86.900
179.608	2.183	86.902
179.601	2.143	86.894
179.600	2.047	86.894
179.591	1.916	86.882
179.588	1.732	86.887
179.587	1.514	86.870
179.575	1.280	86.835
179.569	0.954	86.884
179.569	0.627	86.867
179.557	0.290	86.854
179.565	-0.072	86.836
179.562	-0.494	86.856
179.551	-0.847	86.843
179.557	-1.201	86.830
179.542	-1.550	86.857
179.536	-1.861	86.849
179.528	-2.156	86.872
179.510	-2.379	86.856
179.529	-2.481	86.880
179.549	-2.357	86.882
179.552	-2.237	86.925
179.549	-2.069	86.945
179.540	-1.884	86.933
179.558	-1.647	86.913
179.596	-1.443	86.913
179.619	-1.169	86.887
179.647	-0.894	86.873
179.661	-0.628	86.887
179.677	-0.323	86.874
179.693	0.005	86.874
179.700	0.296	86.873
179.701	0.612	86.871
179.717	0.930	86.859
179.704	1.247	86.822
179.703	1.494	86.837
179.675	1.700	86.869
179.664	1.881	86.874
179.652	2.036	86.898
179.625	2.158	86.886
179.625	2.189	86.894
179.614	2.175	86.900
179.596	2.137	86.884
179.600	2.036	86.895
179.588	1.908	86.874
179.592	1.715	86.879
179.570	1.517	86.856
179.571	1.263	86.843
179.565	0.974	86.855
179.567	0.640	86.863
179.564	0.285	86.859
179.557	-0.057	86.837
179.554	-0.470	86.840
179.557	-0.826	86.853
179.549	-1.206	86.848
179.546	-1.546	86.839
179.527	-1.843	86.834
179.517	-2.148	86.880
179.503	-2.371	86.867
179.516	-2.464	86.846
179.541	-2.385	86.875
179.549	-2.254	86.918
179.542	-2.098	86.928
179.535	-1.881	86.923
179.546	-1.678	86.902
179.584	-1.436	86.881
179.608	-1.197	86.898
179.627	-0.915	86.883
179.646	-0.630	86.873
179.671	-0.327	86.870
179.682	-0.007	86.869
179.703	0.262	86.876
179.701	0.585	86.863
179.699	0.923	86.858
179.696	1.216	86.833
179.700	1.471	86.836
179.680	1.664	86.863
179.658	1.858	86.878
179.631	2.029	86.866
179.628	2.125	86.896
179.628	2.160	86.902
179.601	2.176	86.885
179.588	2.141	86.870
179.598	2.031	86.886
179.578	1.914	86.877
179.570	1.737	86.882
179.567	1.537	86.876
179.563	1.310	86.835
179.552	1.017	86.848
179.563	0.664	86.889
179.547	0.340	86.852
179.548	0.001	86.833
179.546	-0.385	86.825
179.541	-0.751	86.837
179.539	-1.114	86.831
179.533	-1.447	86.816
179.522	-1.795	86.851
179.517	-2.074	86.861
179.504	-2.306	86.863
179.503	-2.478	86.872
179.533	-2.414	86.866
179.534	-2.279	86.891
179.540	-2.150	86.927
179.529	-1.952	86.920
179.549	-1.752	86.917
179.577	-1.512	86.888
179.602	-1.281	86.903
179.626	-0.994	86.872
179.652	-0.715	86.890
179.671	-0.432	86.880
179.677	-0.105	86.874
179.695	0.198	86.871
179.693	0.524	86.860
179.706	0.840	86.872
179.708	1.137	86.844
179.693	1.441	86.819
179.676	1.655	86.868
179.663	1.864	86.873
179.644	2.000	86.881
179.633	2.125	86.893
179.627	2.174	86.898
179.622	2.182	86.888
179.604	2.149	86.888
179.591	2.096	86.871
179.587	1.946	86.882
179.584	1.774	86.871
179.583	1.570	86.882
179.568	1.337	86.849
179.572	1.043	86.855
179.569	0.710	86.877
179.556	0.379	86.861
179.556	0.027	86.837
179.556	-0.364	86.828
179.556	-0.724	86.845
179.554	-1.103	86.835
179.533	-1.429	86.810
179.534	-1.787	86.853
179.522	-2.059	86.862
179.523	-2.337	86.865
179.521	-2.470	86.850
179.542	-2.405	86.858
179.558	-2.281	86.915
179.539	-2.141	86.931
179.543	-1.939	86.914
179.554	-1.734	86.930
179.579	-1.525	86.912
179.609	-1.271	86.904
179.639	-1.010	86.914
179.654	-0.715	86.885
179.674	-0.425	86.881
179.687	-0.092	86.868
179.710	0.193	86.888
179.717	0.499	86.878
179.712	0.848	86.872
179.717	1.156	86.841
179.713	1.418	86.845
179.695	1.637	86.884
179.665	1.863	86.871
179.646	2.023	86.881
179.640	2.131	86.903
179.624	2.210	86.891
179.615	2.206	86.899
179.615	2.167	86.887
179.595	2.110	86.876
179.592	1.978	86.879
179.590	1.802	86.886
179.580	1.608	86.874
179.568	1.358	86.838
179.565	1.083	86.840
179.571	0.745	86.871
179.559	0.416	86.855
179.560	0.055	86.844
179.564	-0.353	86.853
179.554	-0.712	86.850
179.547	-1.072	86.849
179.543	-1.440	86.839
179.527	-1.762	86.850
179.518	-2.049	86.848
179.514	-2.312	86.867
179.502	-2.442	86.843
179.536	-2.395	86.859
179.543	-2.274	86.905
179.538	-2.134	86.920
179.527	-1.930	86.920
179.558	-1.762	86.922
179.578	-1.514	86.887
179.601	-1.268	86.899
179.633	-0.996	86.882
179.646	-0.719	86.884
179.663	-0.431	86.871
179.679	-0.088	86.858
179.696	0.184	86.872
179.691	0.503	86.867
179.704	0.808	86.862
179.700	1.117	86.853
179.690	1.414	86.829
179.672	1.648	86.839
179.651	1.833	86.872
179.640	1.987	86.889
179.628	2.113	86.894
179.611	2.180	86.888
179.607	2.190	86.888
179.602	2.155	86.878
179.590	2.098	86.882
179.584	1.968	86.882
179.573	1.811	86.863
179.575	1.598	86.879
179.556	1.366	86.832
179.565	1.077	86.867
179.560	0.767	86.873
179.547	0.442	86.858
179.548	0.102	86.834
179.556	-0.304	86.840
179.549	-0.669	86.852
179.537	-1.025	86.837
179.539	-1.389	86.835
179.522	-1.710	86.857
179.513	-2.006	86.850
179.505	-2.251	86.849
179.503	-2.467	86.873
179.524	-2.422	86.861
179.543	-2.319	86.896
179.546	-2.196	86.932
179.541	-1.980	86.915
179.538	-1.777	86.909
179.572	-1.572	86.903
179.601	-1.325	86.901
179.618	-1.046	86.889
179.640	-0.769	86.869
179.668	-0.480	86.863
179.679	-0.159	86.859
179.686	0.154	86.855
179.687	0.461	86.859
179.704	0.793	86.859
179.703	1.111	86.850
179.692	1.389	86.830
179.685	1.624	86.855
179.669	1.834	86.870
179.644	2.017	86.867
179.636	2.119	86.901
179.630	2.201	86.906
179.614	2.230	86.896
179.600	2.203	86.880
179.594	2.117	86.888
179.590	2.023	86.883
179.585	1.843	86.881
179.579	1.637	86.877
179.574	1.427	86.852
179.575	1.129	86.864
179.571	0.802	86.874
179.558	0.467	86.850
179.554	0.100	86.844
179.560	-0.279	86.839
179.557	-0.659	86.846
179.550	-1.022	86.833
179.546	-1.402	86.846
179.533	-1.742	86.862
179.519	-2.012	86.851
179.513	-2.294	86.872
179.509	-2.485	86.880
179.530	-2.404	86.847
179.556	-2.307	86.898
179.547	-2.159	86.927
179.544	-1.989	86.936
179.555	-1.793	86.937
179.571	-1.547	86.901
179.610	-1.293	86.880
179.638	-1.048	86.903
179.652	-0.755	86.893
179.671	-0.456	86.865
179.700	-0.164	86.884
179.697	0.153	86.873
