NO_OF_FRAMES	5000
NO_OF_DATA_TYPES	3
FREQUENCY	500
TIME_STAMP	2026-06-15, 19:18:41
DATA_INCLUDED	Position
DATA_TYPES	Unidentified [910637]_pos_X	Unidentified [910637]_pos_Y	Unidentified [910637]_pos_Z


0.000	0.000	0.000
242.099	-1.631	119.406
242.110	-1.553	119.485
242.125	-1.369	119.468
242.130	-1.156	119.500
242.118	-0.928	119.476
242.139	-0.728	119.572
242.157	-0.398	119.552
242.179	-0.028	119.504
242.218	0.254	119.581
242.225	0.380	119.706
242.254	0.733	119.718
242.269	1.160	119.651
242.276	1.278	119.857
242.310	1.459	120.080
242.308	1.962	119.806
242.341	2.101	119.914
242.364	2.401	119.849
242.394	2.690	119.753
242.415	2.913	119.648
242.444	2.668	119.972
242.470	2.709	119.969
242.485	2.727	119.939
242.503	2.616	119.972
242.519	2.448	119.973
242.540	2.178	120.031
242.577	2.069	119.970
242.475	1.695	120.047
242.393	1.629	119.786
242.375	1.299	119.801
242.374	0.816	119.873
242.341	0.481	119.775
242.290	0.012	119.783
242.269	-0.359	119.712
242.253	-0.742	119.607
242.241	-1.079	119.471
242.223	-1.512	119.436
242.214	-2.006	119.501
242.088	-1.838	119.362
242.078	-1.684	119.365
242.082	-1.605	119.432
242.104	-1.429	119.419
242.135	-1.334	119.508
242.143	-1.193	119.541
242.145	-1.001	119.571
242.171	-0.721	119.576
242.187	-0.351	119.522
242.218	-0.198	119.691
242.247	0.111	119.653
242.255	0.203	119.842
242.277	0.558	119.783
242.276	0.865	119.779
242.287	1.307	119.674
242.296	1.417	119.865
242.302	1.677	119.867
242.309	1.854	119.883
242.342	2.074	119.924
242.375	2.357	119.868
242.386	2.419	120.005
242.376	2.602	119.812
242.396	2.686	119.806
242.407	2.764	119.739
242.410	2.693	119.765
242.422	2.468	119.896
242.431	2.240	119.992
242.418	1.995	119.974
242.430	1.807	120.045
242.438	1.470	120.054
242.466	1.507	119.744
242.493	1.136	119.799
242.401	0.801	119.731
242.304	0.514	119.635
242.268	0.101	119.647
242.261	-0.363	119.659
242.244	-0.797	119.649
242.202	-1.127	119.536
242.197	-1.352	119.409
242.189	-1.792	119.481
242.185	-2.000	119.452
242.122	-1.824	119.382
242.129	-1.754	119.393
242.145	-1.660	119.448
242.160	-1.450	119.430
242.180	-1.353	119.531
242.187	-1.206	119.586
242.209	-1.001	119.663
242.226	-0.688	119.628
242.244	-0.306	119.583
242.274	-0.091	119.755
242.287	0.422	119.576
242.307	0.639	119.689
242.304	0.767	119.848
242.322	1.373	119.627
242.315	1.388	119.907
242.344	1.608	120.015
242.358	1.974	119.941
242.371	2.110	119.974
242.383	2.503	119.784
242.411	2.567	119.927
242.412	2.629	119.923
242.427	2.823	119.821
242.425	2.720	119.924
242.444	2.703	119.962
242.415	2.585	119.905
242.420	2.295	120.057
242.411	2.146	120.013
242.396	1.957	119.960
242.383	1.545	120.084
242.352	1.342	119.902
242.357	1.131	119.796
242.352	0.696	119.824
242.339	0.215	119.858
242.350	-0.216	119.835
242.371	-0.639	119.802
242.294	-0.885	119.524
242.176	-1.308	119.506
242.139	-1.599	119.389
242.135	-1.942	119.386
242.051	-1.760	119.369
242.025	-1.624	119.365
242.048	-1.460	119.405
242.079	-1.396	119.542
242.121	-1.086	119.503
242.148	-0.873	119.526
242.186	-0.835	119.752
242.221	-0.504	119.697
242.241	-0.098	119.617
242.292	0.246	119.628
242.311	0.585	119.562
242.346	0.804	119.657
242.341	0.930	119.759
242.393	1.374	119.766
242.363	1.585	119.762
242.380	1.629	120.055
242.383	1.894	120.025
242.414	2.190	119.970
242.393	2.333	119.875
242.409	2.333	120.017
242.424	2.540	119.935
242.430	2.632	119.920
242.414	2.608	119.861
242.412	2.535	119.880
242.402	2.452	119.856
242.398	2.239	119.950
242.384	1.889	120.088
242.364	1.806	119.895
242.344	1.535	119.908
242.333	1.230	119.907
242.318	0.984	119.827
242.305	0.505	119.875
242.283	0.189	119.733
242.260	-0.095	119.617
242.252	-0.811	119.904
242.242	-0.952	119.597
242.248	-1.312	119.555
242.258	-1.584	119.437
242.280	-1.968	119.430
242.157	-1.851	119.367
242.046	-1.784	119.434
242.037	-1.691	119.521
242.098	-1.431	119.466
242.142	-1.280	119.487
242.107	-1.068	119.483
242.122	-0.840	119.537
242.156	-0.635	119.684
242.193	-0.196	119.585
242.243	0.083	119.633
242.289	0.503	119.551
242.323	0.467	119.900
242.342	0.949	119.766
242.368	1.308	119.756
242.371	1.676	119.672
242.396	1.613	120.042
242.419	1.943	119.995
242.432	2.358	119.750
242.446	2.323	119.996
242.452	2.757	119.745
242.463	2.616	119.995
242.456	2.772	119.806
242.430	3.079	119.422
242.459	2.743	119.847
242.442	2.576	119.923
242.437	2.356	119.947
242.420	2.115	119.978
242.392	1.857	120.000
242.365	1.427	120.118
242.343	1.282	119.904
242.331	0.979	119.903
242.318	0.565	119.909
242.291	0.249	119.753
242.253	-0.083	119.627
242.227	-0.719	119.754
242.198	-1.150	119.700
242.181	-1.398	119.493
242.175	-1.816	119.506
242.091	-1.896	119.323
242.053	-1.824	119.398
242.072	-1.675	119.424
242.095	-1.489	119.393
242.151	-1.418	119.488
242.217	-1.264	119.585
242.192	-1.148	119.707
242.135	-0.732	119.559
242.153	-0.424	119.596
242.199	-0.197	119.703
242.273	0.315	119.539
242.264	0.342	119.780
242.279	0.841	119.578
242.316	0.818	119.988
242.353	1.322	119.819
242.375	1.426	120.022
242.391	1.682	119.989
242.411	1.974	119.951
242.448	2.290	119.853
242.459	2.355	119.925
242.471	2.455	119.940
242.479	2.538	119.929
242.478	2.548	119.919
242.494	2.727	119.821
242.482	2.630	119.839
242.474	2.320	120.040
242.443	2.187	119.959
242.431	1.930	120.015
242.409	1.661	120.089
242.373	1.490	119.937
242.373	1.456	119.680
242.347	0.936	119.847
242.325	0.495	119.849
242.306	0.213	119.714
242.272	-0.262	119.735
242.240	-0.741	119.739
242.220	-1.007	119.563
242.210	-1.308	119.427
242.194	-1.682	119.428
242.126	-2.098	119.523
242.060	-1.782	119.356
242.060	-1.675	119.383
242.067	-1.524	119.374
242.084	-1.357	119.398
242.106	-1.173	119.435
242.114	-0.964	119.449
242.145	-0.898	119.638
242.187	-0.533	119.611
242.252	-0.219	119.654
242.336	0.004	119.763
242.304	0.394	119.735
242.272	0.607	119.816
242.291	0.991	119.814
242.330	1.149	119.956
242.366	1.402	120.024
242.348	1.613	120.006
242.371	1.814	120.119
242.400	2.279	119.817
242.441	2.546	119.759
242.459	2.595	119.815
242.455	2.470	119.914
242.475	2.483	119.938
242.492	2.494	119.933
242.478	2.363	119.943
242.475	2.298	119.900
242.465	2.071	119.916
242.447	1.788	120.040
242.430	1.628	119.989
242.410	1.346	120.045
242.390	1.267	119.806
242.354	0.772	119.946
242.335	0.665	119.675
242.317	0.114	119.856
242.283	-0.120	119.647
242.270	-0.581	119.723
242.235	-0.931	119.608
242.227	-1.135	119.448
242.205	-1.500	119.443
242.199	-1.864	119.490
242.133	-1.865	119.342
242.094	-1.786	119.414
242.094	-1.703	119.454
242.085	-1.533	119.435
242.106	-1.417	119.509
242.119	-1.162	119.529
242.123	-0.969	119.640
242.125	-0.514	119.504
242.163	-0.150	119.489
242.178	0.091	119.588
242.237	0.432	119.662
242.281	0.623	119.812
242.337	0.987	119.796
242.413	1.413	119.706
242.419	1.462	119.944
242.384	1.720	120.020
242.363	2.072	119.871
242.417	2.326	119.938
242.464	2.693	119.745
242.454	2.702	119.800
242.435	2.623	119.906
242.454	2.731	119.862
242.475	2.864	119.716
242.487	2.642	119.874
242.487	2.668	119.761
242.461	2.109	120.017
242.461	1.964	119.983
242.443	1.763	119.895
242.419	1.648	119.723
242.415	1.132	119.898
242.386	0.928	119.730
242.358	0.334	119.874
242.344	-0.107	119.892
242.317	-0.470	119.773
242.273	-0.853	119.651
242.250	-1.149	119.508
242.216	-1.634	119.532
242.198	-1.994	119.478
242.094	-1.872	119.454
242.072	-1.709	119.408
242.095	-1.561	119.450
242.105	-1.428	119.455
242.123	-1.197	119.432
242.134	-1.084	119.552
242.132	-0.853	119.547
242.145	-0.521	119.577
242.170	-0.154	119.539
242.191	0.185	119.516
242.211	0.398	119.629
242.255	0.591	119.821
242.271	1.009	119.748
242.275	1.150	119.886
242.299	1.539	119.826
242.347	1.570	120.112
242.375	1.833	120.106
242.438	2.224	119.922
242.486	2.215	120.033
242.505	2.476	119.938
242.437	2.442	119.979
242.442	2.661	119.842
242.441	2.564	119.855
242.470	2.523	119.885
242.446	2.222	120.060
242.428	2.178	119.903
242.422	1.970	119.927
242.410	1.751	119.900
242.402	1.670	119.709
242.408	1.241	119.875
242.392	0.914	119.867
242.366	0.364	119.965
242.344	0.166	119.733
242.323	-0.314	119.825
242.307	-0.770	119.832
242.282	-1.071	119.693
242.270	-1.160	119.406
242.245	-1.663	119.519
242.226	-1.955	119.442
242.124	-1.874	119.446
242.116	-1.752	119.442
242.143	-1.584	119.437
242.155	-1.454	119.451
242.158	-1.475	119.621
242.169	-1.042	119.425
242.179	-0.852	119.527
242.190	-0.682	119.663
242.206	-0.329	119.630
242.221	0.076	119.590
242.241	0.295	119.726
242.263	0.594	119.786
242.271	0.910	119.849
242.303	1.182	119.982
242.285	1.478	119.951
242.294	1.805	119.961
242.319	1.927	120.123
242.335	2.420	119.807
242.367	2.686	119.785
242.393	2.686	119.894
242.429	2.774	119.873
242.472	2.752	119.895
242.508	2.703	119.908
242.526	2.710	119.859
242.454	2.484	119.937
242.449	2.383	119.926
242.442	2.117	119.939
242.424	1.865	119.876
242.387	1.809	119.639
242.366	1.301	119.798
242.363	1.036	119.774
242.354	0.508	119.836
242.352	0.157	119.733
242.320	-0.384	119.764
242.308	-0.893	119.784
242.285	-1.138	119.539
242.266	-1.630	119.535
242.209	-1.969	119.435
242.105	-1.825	119.432
242.115	-1.630	119.382
242.121	-1.489	119.381
242.162	-1.369	119.448
242.170	-1.299	119.530
242.165	-1.153	119.548
242.178	-0.997	119.589
242.212	-0.739	119.610
242.238	-0.397	119.547
242.261	-0.208	119.639
242.300	0.062	119.657
242.306	0.123	119.848
242.320	0.666	119.709
242.309	0.877	119.795
242.315	1.183	119.824
242.309	1.613	119.730
242.311	1.473	120.130
242.309	2.033	119.823
242.307	2.157	119.802
242.317	2.300	119.869
242.333	2.409	119.945
242.330	2.563	119.835
242.321	2.596	119.797
242.330	2.545	119.861
242.354	2.588	119.775
242.365	2.202	120.021
242.407	2.116	119.982
242.439	1.959	119.973
242.444	1.717	119.940
242.383	1.532	119.910
242.343	1.371	119.768
242.323	0.974	119.813
242.361	0.688	119.781
242.311	0.266	119.722
242.285	-0.099	119.759
242.293	-0.297	119.583
242.283	-0.844	119.712
242.283	-1.127	119.593
242.283	-1.458	119.504
242.250	-1.898	119.577
242.207	-2.057	119.525
242.144	-1.881	119.469
242.140	-1.720	119.416
242.180	-1.657	119.481
242.195	-1.466	119.422
242.215	-1.309	119.465
242.215	-1.084	119.478
242.212	-0.857	119.456
242.238	-0.637	119.593
242.253	-0.235	119.524
242.282	-0.022	119.672
242.300	0.118	119.827
242.313	0.563	119.766
242.323	1.033	119.701
242.329	1.250	119.844
242.322	1.475	119.922
242.338	1.778	120.010
242.326	2.093	119.871
242.350	2.372	119.927
242.339	2.587	119.822
242.337	2.687	119.839
242.331	2.858	119.761
242.351	2.541	120.148
242.331	2.823	119.791
242.333	2.851	119.717
242.333	2.708	119.746
242.375	2.564	119.830
242.358	2.056	119.996
242.378	1.876	120.007
242.401	1.651	119.934
242.435	1.342	119.880
242.398	1.035	119.833
242.319	0.568	119.832
242.280	0.122	119.836
242.285	-0.296	119.793
242.286	-0.671	119.710
242.239	-1.046	119.521
242.234	-1.471	119.495
242.237	-1.837	119.438
242.126	-1.832	119.383
242.117	-1.659	119.376
242.133	-1.518	119.431
242.153	-1.523	119.570
242.189	-1.361	119.611
242.192	-1.059	119.499
242.214	-0.901	119.566
242.248	-0.524	119.441
242.292	-0.519	119.717
242.333	0.004	119.535
242.357	0.245	119.588
242.387	0.314	119.843
242.383	0.457	119.937
242.402	1.056	119.749
242.389	1.295	119.819
242.401	1.479	119.989
242.379	1.645	120.030
242.379	1.851	120.052
242.388	2.107	120.007
242.356	2.324	119.903
242.362	2.547	119.838
242.344	2.740	119.712
242.334	2.492	119.967
242.325	2.576	119.873
242.304	2.329	119.990
242.310	2.233	120.033
242.288	2.185	119.856
242.288	1.852	120.015
242.272	1.706	119.878
242.267	1.391	119.922
242.282	1.228	119.806
242.290	0.834	119.829
242.316	0.490	119.770
242.345	-0.032	119.857
242.373	-0.286	119.708
242.269	-0.703	119.666
242.219	-1.070	119.626
242.242	-1.211	119.408
242.263	-1.688	119.480
242.236	-2.013	119.446
242.121	-1.827	119.275
242.129	-1.748	119.384
242.145	-1.645	119.422
242.177	-1.622	119.563
242.213	-1.406	119.531
242.221	-1.134	119.469
242.227	-1.071	119.649
242.250	-0.679	119.535
242.294	-0.423	119.647
242.317	-0.151	119.672
242.372	0.290	119.580
242.404	0.633	119.574
242.407	0.703	119.769
242.422	1.425	119.498
242.422	1.675	119.613
242.426	1.510	120.103
242.420	1.857	120.003
242.427	2.151	119.917
242.426	2.441	119.876
242.410	2.563	119.882
242.406	2.666	119.898
242.394	2.694	119.933
242.363	2.687	119.886
242.340	2.563	119.972
242.331	2.649	119.839
242.318	2.624	119.754
242.311	2.148	120.030
242.296	1.927	120.025
242.258	1.770	119.814
242.243	1.423	119.884
242.254	1.095	119.873
242.243	0.817	119.748
242.250	0.416	119.717
242.244	-0.007	119.632
242.266	-0.572	119.714
242.297	-0.984	119.625
242.343	-1.362	119.571
242.301	-1.832	119.573
242.177	-1.930	119.382
242.085	-1.776	119.384
242.116	-1.651	119.395
242.160	-1.631	119.513
242.172	-1.474	119.532
242.170	-1.296	119.568
242.188	-0.893	119.455
242.219	-0.727	119.551
242.267	-0.551	119.689
242.301	-0.094	119.516
242.368	0.092	119.730
242.373	0.414	119.635
242.410	0.815	119.583
242.444	1.318	119.480
242.469	1.404	119.695
242.464	1.488	119.860
242.472	1.697	119.976
242.468	1.927	119.979
242.465	2.165	119.924
242.439	2.646	119.566
242.433	2.352	119.993
242.418	2.567	119.883
242.414	2.733	119.781
242.392	2.454	120.035
242.367	2.605	119.818
242.349	2.536	119.773
242.313	2.056	120.026
242.300	1.944	119.968
242.276	1.580	120.127
242.249	1.505	119.904
242.236	1.295	119.801
242.204	0.878	119.879
242.212	0.501	119.883
242.192	0.251	119.694
242.179	-0.130	119.620
242.168	-0.732	119.805
242.167	-0.965	119.563
242.188	-1.213	119.436
242.217	-1.737	119.596
242.255	-2.005	119.488
242.210	-1.868	119.375
242.236	-1.776	119.417
242.175	-1.743	119.550
242.159	-1.505	119.509
242.182	-1.348	119.558
242.238	-1.001	119.500
242.227	-0.879	119.578
242.239	-0.617	119.649
242.264	-0.204	119.593
242.319	0.428	119.392
242.363	0.310	119.814
242.398	0.513	119.888
242.430	1.025	119.766
242.452	1.284	119.842
242.463	1.460	119.960
242.464	1.725	119.961
242.483	2.003	119.922
242.492	2.228	119.888
242.493	2.389	119.887
242.491	2.480	119.947
242.486	2.659	119.862
242.475	2.510	120.038
242.437	2.561	119.921
242.420	2.668	119.769
242.402	2.467	119.902
242.381	2.233	119.941
242.341	1.756	120.190
242.328	1.680	120.097
242.301	1.442	120.020
242.261	1.401	119.745
242.246	1.057	119.771
242.231	0.642	119.789
242.197	0.440	119.531
242.196	-0.146	119.751
242.161	-0.593	119.703
242.146	-0.902	119.521
242.141	-1.174	119.368
242.147	-1.547	119.343
242.155	-2.185	119.624
242.069	-1.857	119.359
242.100	-1.658	119.315
242.157	-1.581	119.414
242.221	-1.416	119.437
242.285	-1.240	119.492
242.220	-1.135	119.631
242.183	-0.807	119.567
242.234	-0.485	119.640
242.302	-0.070	119.550
242.333	0.056	119.713
242.338	0.280	119.831
242.363	0.480	119.941
242.425	1.366	119.531
242.448	1.411	119.776
242.470	1.508	119.972
242.476	1.780	119.968
242.497	2.097	119.908
242.491	1.887	120.185
242.507	2.294	119.968
242.515	2.711	119.711
242.484	2.533	119.870
242.483	2.612	119.879
242.472	2.532	119.917
242.437	2.551	119.825
242.424	2.482	119.815
242.402	2.158	119.950
242.361	1.831	120.033
242.335	1.785	119.835
242.298	1.428	119.884
242.279	1.234	119.802
242.252	0.814	119.854
242.225	0.466	119.793
242.200	0.181	119.633
242.172	-0.419	119.814
242.156	-0.625	119.578
242.127	-0.997	119.486
242.121	-1.319	119.419
242.117	-1.767	119.472
242.082	-1.962	119.364
242.029	-1.812	119.370
242.034	-1.740	119.410
242.063	-1.524	119.355
242.116	-1.410	119.460
242.165	-1.181	119.459
242.210	-1.140	119.663
242.270	-0.809	119.592
242.330	-0.513	119.652
242.281	-0.275	119.820
242.276	0.301	119.574
242.317	0.386	119.813
242.394	0.687	119.869
242.421	1.236	119.684
242.403	1.459	119.713
242.419	1.574	119.894
242.452	1.752	120.018
242.503	2.083	119.948
242.524	2.319	119.864
242.509	2.394	119.880
242.503	2.550	119.796
242.518	2.555	119.894
242.503	2.485	119.895
242.493	2.644	119.712
242.477	2.536	119.744
242.462	2.025	120.105
242.427	2.010	119.975
242.384	1.779	119.996
242.354	1.473	120.052
242.318	1.269	119.969
242.307	1.088	119.864
242.280	0.932	119.696
242.251	0.509	119.724
242.215	0.158	119.635
242.177	-0.366	119.736
242.157	-0.755	119.704
242.141	-1.051	119.593
242.140	-1.199	119.414
242.121	-1.633	119.444
242.121	-1.956	119.437
242.028	-1.830	119.302
242.031	-1.815	119.423
242.039	-1.642	119.363
242.073	-1.516	119.447
242.106	-1.337	119.459
242.124	-1.045	119.408
242.160	-0.919	119.568
242.219	-0.638	119.634
242.285	-0.403	119.722
242.382	-0.206	119.974
242.408	0.324	119.755
242.342	0.481	119.931
242.339	1.067	119.722
242.402	1.286	119.936
242.445	1.662	119.811
242.463	1.786	120.009
242.466	2.121	119.929
242.476	2.294	119.894
242.504	2.516	119.846
242.526	2.541	119.944
242.545	2.670	119.907
242.543	2.730	119.852
242.503	2.546	119.897
242.496	2.650	119.768
242.474	2.304	119.978
242.451	2.206	119.848
242.430	1.915	119.962
242.403	1.661	120.017
242.360	1.329	120.064
242.329	1.158	119.915
242.308	0.929	119.796
242.271	0.550	119.812
242.238	0.248	119.639
242.224	-0.149	119.645
242.196	-0.746	119.800
242.162	-0.967	119.520
242.145	-1.322	119.476
242.140	-1.679	119.447
242.092	-1.935	119.353
242.016	-1.892	119.451
242.015	-1.678	119.384
242.020	-1.524	119.391
242.046	-1.362	119.388
242.074	-1.319	119.565
242.091	-1.001	119.502
242.109	-0.737	119.492
242.169	-0.395	119.554
242.228	-0.148	119.657
242.270	0.226	119.578
242.338	0.300	119.851
242.417	0.687	119.813
242.454	1.155	119.677
242.453	1.542	119.619
242.417	1.685	119.812
242.444	1.864	119.985
242.491	2.002	120.058
242.506	2.227	119.985
242.503	2.427	119.901
242.496	2.490	119.943
242.521	2.665	119.905
242.522	2.796	119.702
242.524	2.782	119.676
242.519	2.637	119.765
242.497	2.308	119.951
242.463	2.007	120.046
242.423	1.952	119.862
242.407	1.761	119.825
242.368	1.471	119.797
242.350	1.214	119.751
242.329	0.943	119.745
242.299	0.592	119.680
242.266	0.171	119.675
242.236	-0.329	119.726
242.213	-0.707	119.671
242.185	-1.035	119.529
242.179	-1.332	119.422
242.159	-1.781	119.483
242.073	-1.966	119.421
242.038	-1.797	119.411
242.035	-1.684	119.412
242.042	-1.527	119.365
242.056	-1.379	119.413
242.077	-1.209	119.440
242.081	-0.990	119.441
242.098	-0.788	119.495
242.124	-0.492	119.534
242.168	-0.041	119.446
242.211	0.146	119.588
242.263	0.127	119.939
242.323	0.704	119.714
242.369	1.061	119.729
242.424	1.355	119.776
242.484	1.535	119.888
242.526	1.764	119.945
242.489	1.964	119.983
242.460	2.090	119.981
242.503	2.465	119.898
242.538	2.660	119.769
242.549	2.494	119.949
242.523	2.514	119.892
242.499	2.585	119.786
242.516	2.570	119.818
242.510	2.434	119.852
242.488	2.212	119.894
242.455	1.939	119.948
242.417	1.651	120.023
242.386	1.435	119.951
242.355	1.381	119.661
242.332	0.850	119.894
242.319	0.684	119.695
242.287	0.201	119.797
242.246	-0.370	119.944
242.231	-0.527	119.717
242.200	-0.850	119.588
242.185	-1.186	119.541
242.178	-1.495	119.461
242.171	-1.904	119.512
242.084	-1.920	119.426
242.069	-1.730	119.342
242.065	-1.690	119.413
242.086	-1.560	119.426
242.091	-1.240	119.257
242.093	-1.213	119.431
242.097	-1.165	119.647
242.129	-0.763	119.555
242.151	-0.435	119.568
242.174	-0.085	119.552
242.216	0.295	119.576
242.262	0.496	119.702
242.299	0.766	119.819
242.335	1.024	119.929
242.362	1.543	119.725
242.398	1.402	120.150
242.453	1.801	120.034
242.540	2.073	120.010
242.569	2.304	119.951
242.510	2.495	119.879
242.513	2.775	119.755
242.523	2.740	119.859
242.564	2.878	119.727
242.540	2.739	119.778
242.507	2.662	119.795
242.483	2.400	119.876
242.465	2.096	119.952
242.448	1.896	119.952
242.435	1.678	119.959
242.380	1.516	119.755
242.370	1.196	119.794
242.328	0.825	119.772
242.292	0.445	119.700
242.278	-0.096	119.836
242.254	-0.464	119.769
242.220	-0.737	119.579
242.198	-1.095	119.518
242.178	-1.570	119.555
242.169	-1.853	119.449
242.071	-1.924	119.449
242.051	-1.714	119.392
242.051	-1.612	119.410
242.073	-1.489	119.452
242.095	-1.343	119.493
242.089	-1.206	119.524
242.103	-0.970	119.535
242.129	-0.654	119.530
242.158	-0.384	119.576
242.186	-0.079	119.608
242.225	0.227	119.669
242.267	0.552	119.718
242.299	0.857	119.763
242.323	1.109	119.850
242.341	1.272	120.027
242.364	1.605	119.989
242.387	1.948	119.925
242.440	2.160	119.919
242.482	2.228	120.074
242.522	2.456	119.964
242.545	2.540	119.954
242.550	2.542	119.988
242.539	2.525	120.008
242.511	2.551	119.957
242.515	2.596	119.825
242.503	2.299	119.916
242.474	1.956	120.011
242.428	1.860	119.887
242.401	1.664	119.820
242.393	1.435	119.825
242.397	1.150	119.798
242.364	0.685	119.873
242.324	0.423	119.681
242.288	-0.071	119.733
242.267	-0.470	119.710
242.246	-0.793	119.596
242.229	-1.055	119.423
242.213	-1.597	119.548
242.202	-1.981	119.503
242.093	-1.880	119.409
242.069	-1.707	119.368
242.067	-1.644	119.450
242.087	-1.432	119.381
242.102	-1.287	119.405
242.109	-1.101	119.394
242.112	-1.048	119.530
242.133	-0.828	119.572
242.162	-0.518	119.580
242.187	-0.297	119.661
242.219	0.044	119.648
242.255	0.194	119.823
242.276	0.703	119.669
242.291	0.970	119.803
242.313	1.099	119.989
242.319	1.595	119.787
242.350	1.552	120.174
242.372	1.870	120.061
242.403	2.377	119.781
242.433	2.349	119.962
242.454	2.591	119.870
242.478	2.575	119.927
242.505	2.728	119.819
242.535	2.544	119.959
242.569	2.721	119.733
242.578	2.333	119.955
242.515	2.146	119.990
242.437	1.995	119.969
242.400	1.714	120.024
242.423	1.693	119.842
242.384	1.515	119.700
242.341	1.070	119.819
242.316	0.713	119.839
242.291	0.123	120.010
242.296	-0.068	119.842
242.270	-0.396	119.683
242.240	-0.775	119.600
242.237	-1.161	119.605
242.209	-1.515	119.529
242.206	-1.822	119.471
242.114	-1.986	119.432
242.089	-1.842	119.455
242.101	-1.706	119.455
242.114	-1.478	119.395
242.121	-1.365	119.420
242.129	-1.333	119.589
242.124	-1.014	119.496
242.150	-0.738	119.473
242.169	-0.391	119.448
242.195	-0.144	119.567
242.249	0.089	119.741
242.265	0.409	119.677
242.285	0.672	119.720
242.291	0.984	119.770
242.316	1.399	119.743
242.335	1.424	120.043
242.348	2.014	119.785
242.372	2.102	119.923
242.391	2.292	119.950
242.422	2.478	119.944
242.437	2.687	119.850
242.445	2.632	119.924
242.475	2.802	119.834
242.479	2.849	119.758
242.478	2.647	119.845
242.486	2.408	119.974
242.507	2.260	119.924
242.523	2.077	119.868
242.515	1.732	119.976
242.423	1.606	119.854
242.362	1.374	119.819
242.347	1.027	119.822
242.325	0.552	119.808
242.272	0.060	119.874
242.230	-0.298	119.779
242.211	-0.573	119.611
242.211	-0.958	119.557
242.212	-1.348	119.486
242.213	-1.838	119.573
242.133	-1.957	119.405
242.080	-1.846	119.453
242.093	-1.673	119.409
242.100	-1.542	119.414
242.130	-1.510	119.539
242.149	-1.300	119.484
242.141	-1.017	119.386
242.176	-1.111	119.763
242.186	-0.635	119.513
242.209	-0.490	119.684
242.231	-0.086	119.585
242.265	0.045	119.727
242.286	0.169	119.955
242.312	0.682	119.787
242.328	1.160	119.699
242.338	1.392	119.764
242.343	1.577	119.864
242.367	1.676	120.055
242.391	2.013	119.962
242.414	2.364	119.849
242.419	2.403	119.899
242.437	2.559	119.949
242.443	2.646	119.891
242.450	2.786	119.769
242.445	2.660	119.828
242.452	2.428	119.989
242.449	2.473	119.829
242.430	2.240	119.867
242.430	2.070	119.915
242.417	1.765	119.980
242.424	1.499	119.972
242.424	1.393	119.739
242.444	1.222	119.600
242.391	0.717	119.661
242.261	0.147	119.825
242.216	-0.109	119.739
242.223	-0.566	119.780
242.226	-0.788	119.554
242.189	-1.125	119.463
242.175	-1.503	119.455
242.170	-1.853	119.450
242.114	-1.893	119.408
242.105	-1.817	119.450
242.125	-1.637	119.402
242.140	-1.615	119.505
242.153	-1.442	119.476
242.169	-1.102	119.363
242.176	-1.069	119.569
242.194	-0.801	119.521
242.238	-0.626	119.718
242.266	-0.073	119.500
242.274	0.104	119.637
242.306	0.363	119.724
242.334	0.757	119.656
242.335	1.061	119.724
242.358	1.405	119.750
242.369	1.542	119.939
242.405	1.799	120.036
242.414	2.020	120.016
242.426	2.228	119.985
242.441	2.314	120.077
242.464	2.800	119.746
242.479	2.830	119.765
242.470	2.696	119.883
242.474	2.540	120.050
242.459	2.627	119.893
242.444	2.242	120.092
242.443	2.309	119.908
242.409	1.972	119.992
242.375	1.696	119.970
242.355	1.572	119.865
242.331	1.246	119.836
242.315	1.007	119.747
242.301	0.499	119.863
242.295	-0.027	119.949
242.284	-0.319	119.803
242.309	-0.687	119.737
242.300	-1.067	119.663
242.196	-1.335	119.478
242.142	-1.792	119.542
242.115	-1.983	119.454
242.077	-1.839	119.475
242.067	-1.693	119.448
242.072	-1.553	119.463
242.107	-1.238	119.400
242.128	-1.095	119.455
242.154	-0.904	119.513
242.195	-0.659	119.548
242.235	-0.349	119.549
242.245	-0.168	119.619
242.285	0.109	119.715
242.323	0.356	119.776
242.361	0.891	119.568
242.384	1.188	119.626
242.402	1.336	119.811
242.428	1.604	119.919
242.427	1.785	120.018
242.436	1.981	120.040
242.453	2.268	119.949
242.462	2.308	120.052
242.481	2.447	120.066
242.484	2.581	119.984
242.478	2.631	119.919
242.473	2.522	119.982
242.477	2.525	119.966
242.471	2.501	119.873
242.455	2.332	119.854
242.424	1.904	120.059
242.391	1.651	120.018
242.353	1.416	119.946
242.344	1.237	119.840
242.312	0.863	119.873
242.280	0.455	119.860
242.238	-0.050	119.898
242.212	-0.162	119.599
242.189	-0.745	119.735
242.171	-0.939	119.488
242.166	-1.322	119.460
242.175	-1.721	119.488
242.145	-1.916	119.389
242.117	-1.872	119.515
242.168	-1.709	119.489
242.155	-1.475	119.478
242.113	-1.333	119.461
242.117	-1.277	119.621
242.144	-1.079	119.621
242.187	-0.740	119.550
242.196	-0.441	119.570
242.219	-0.038	119.476
242.265	0.177	119.608
242.302	0.303	119.798
242.347	0.623	119.748
242.378	0.960	119.748
242.400	1.278	119.796
242.419	1.538	119.888
242.438	1.704	120.023
242.449	1.972	119.952
242.477	2.119	119.972
242.497	2.366	119.921
242.498	2.552	119.879
242.505	2.513	120.011
242.507	2.559	119.972
242.500	2.573	119.948
242.491	2.478	119.951
242.479	2.244	120.059
242.467	2.059	120.078
242.438	2.014	119.897
242.409	1.819	119.865
242.381	1.448	119.948
242.355	1.353	119.739
242.330	0.812	119.940
242.308	0.590	119.767
242.291	0.391	119.616
242.231	-0.201	119.705
242.214	-0.457	119.617
242.175	-0.949	119.612
242.156	-1.281	119.569
242.144	-1.617	119.538
242.144	-1.909	119.472
242.053	-1.860	119.444
242.054	-1.727	119.458
242.063	-1.626	119.480
242.112	-1.513	119.536
242.164	-1.233	119.451
242.211	-1.149	119.573
242.243	-0.993	119.624
242.176	-0.706	119.625
242.177	-0.266	119.504
242.228	-0.078	119.713
242.276	0.262	119.615
242.275	0.438	119.760
242.295	0.836	119.672
242.358	1.229	119.771
242.374	1.347	119.949
242.411	1.642	119.948
242.436	1.871	119.996
242.487	2.067	120.030
242.503	2.419	119.822
242.499	2.458	119.908
242.520	2.391	120.079
242.539	2.674	119.870
242.547	2.636	119.882
242.541	2.559	119.925
242.525	2.396	120.015
242.502	2.318	119.890
242.492	1.930	120.083
242.456	1.822	119.953
242.420	1.474	120.003
242.393	1.391	119.792
242.362	1.150	119.692
242.327	0.725	119.716
242.309	0.436	119.688
242.248	-0.081	119.685
242.233	-0.657	119.837
242.194	-0.817	119.546
242.171	-1.168	119.513
242.157	-1.440	119.419
242.142	-1.784	119.417
242.056	-1.870	119.439
242.019	-1.793	119.462
242.039	-1.601	119.451
242.039	-1.413	119.391
242.060	-1.368	119.529
242.086	-1.224	119.610
242.117	-1.298	119.942
242.153	-0.719	119.623
242.211	-0.385	119.627
242.270	-0.090	119.634
242.340	0.167	119.695
242.303	0.402	119.784
242.282	0.762	119.722
242.301	0.875	119.994
242.357	1.478	119.745
242.367	1.614	119.879
242.382	1.856	119.941
242.402	2.168	119.803
242.437	2.271	119.943
242.477	2.278	120.094
242.509	2.551	119.951
242.523	2.774	119.763
242.515	2.467	119.999
242.527	2.453	119.972
242.507	2.303	119.991
242.510	2.259	119.877
242.499	1.921	120.029
242.490	1.840	119.915
242.458	1.681	119.793
242.434	1.406	119.810
242.398	1.193	119.641
242.365	0.618	119.849
242.340	0.249	119.799
242.300	-0.277	119.895
242.271	-0.479	119.685
242.242	-0.834	119.658
242.205	-1.033	119.438
242.183	-1.474	119.516
242.156	-1.737	119.419
242.111	-2.084	119.549
242.046	-1.824	119.436
242.045	-1.753	119.477
242.048	-1.529	119.445
242.064	-1.391	119.467
242.067	-1.196	119.500
242.074	-1.009	119.552
242.105	-0.733	119.580
242.104	-0.692	119.774
242.160	-0.166	119.656
242.210	0.224	119.583
242.265	0.272	119.879
242.341	0.721	119.760
242.405	0.932	119.887
242.410	1.288	119.883
242.355	1.529	119.927
242.366	1.874	119.888
242.417	2.061	119.940
242.455	2.389	119.764
242.468	2.579	119.764
242.481	2.648	119.823
242.494	2.642	119.897
242.509	2.630	119.912
242.523	2.586	119.909
242.531	2.447	119.975
242.531	2.293	120.017
242.521	2.204	119.944
242.487	1.939	119.893
242.481	1.761	119.820
242.443	1.482	119.759
242.429	1.110	119.786
242.392	0.668	119.815
242.345	0.174	119.853
242.332	-0.273	119.908
242.298	-0.531	119.684
242.258	-0.933	119.616
242.246	-1.288	119.592
242.217	-1.612	119.486
242.193	-1.980	119.457
242.075	-1.938	119.428
242.062	-1.712	119.383
242.054	-1.683	119.521
242.058	-1.490	119.487
242.070	-1.228	119.442
242.071	-1.113	119.536
242.085	-0.956	119.683
242.094	-0.599	119.665
242.113	-0.214	119.559
242.131	0.077	119.580
242.170	0.384	119.619
242.211	0.411	119.899
242.253	0.901	119.795
242.288	1.288	119.693
242.321	1.517	119.765
242.373	1.610	120.000
242.445	1.909	119.983
242.443	1.982	120.039
242.424	2.123	120.013
242.444	2.624	119.751
242.463	2.622	119.858
242.503	2.855	119.668
242.503	2.850	119.678
242.494	2.720	119.774
242.508	2.577	119.844
242.511	2.256	119.997
242.498	1.900	120.105
242.462	1.656	120.041
242.439	1.308	120.096
242.427	1.348	119.777
242.396	0.840	119.882
242.378	0.388	119.930
242.371	0.126	119.763
242.319	-0.440	119.802
242.302	-0.702	119.684
242.274	-1.059	119.574
242.244	-1.383	119.466
242.221	-1.815	119.504
242.146	-2.036	119.480
242.089	-1.748	119.343
242.085	-1.663	119.383
242.088	-1.536	119.416
242.090	-1.382	119.436
242.089	-1.205	119.455
242.097	-1.070	119.609
242.107	-0.778	119.608
242.118	-0.477	119.629
242.129	-0.100	119.601
242.167	0.292	119.553
242.188	0.397	119.804
242.213	0.563	119.929
242.229	1.080	119.755
242.243	1.376	119.761
242.261	1.635	119.829
242.297	1.718	120.019
242.334	2.169	119.799
242.395	2.141	120.099
242.443	2.508	119.863
242.463	2.686	119.760
242.467	2.729	119.747
242.463	2.692	119.783
242.461	2.649	119.823
242.471	2.604	119.829
242.501	2.563	119.762
242.471	2.350	119.761
242.452	1.930	119.984
242.440	1.659	120.003
242.432	1.507	119.854
242.440	1.108	119.969
242.401	0.794	119.821
242.371	0.317	119.857
242.350	-0.197	119.902
242.330	-0.378	119.648
242.314	-0.850	119.624
242.285	-1.186	119.503
242.268	-1.586	119.448
242.234	-1.994	119.429
242.122	-1.833	119.385
242.102	-1.756	119.426
242.098	-1.634	119.438
242.124	-1.355	119.352
242.119	-1.269	119.396
242.131	-1.323	119.705
242.130	-0.916	119.526
242.152	-0.615	119.561
242.168	-0.458	119.694
242.188	-0.094	119.693
242.215	0.228	119.661
242.241	0.595	119.674
242.237	0.537	119.986
242.243	1.169	119.698
242.246	1.411	119.780
242.248	1.605	119.874
242.285	1.931	119.878
242.296	2.064	119.923
242.314	2.283	119.884
242.343	2.499	119.829
242.377	2.623	119.822
242.411	2.772	119.726
242.460	2.683	119.829
242.512	2.569	119.902
242.525	2.424	119.921
242.468	2.197	119.999
242.439	2.120	119.925
242.430	2.060	119.828
242.437	1.711	119.908
242.420	1.333	119.999
242.395	1.218	119.780
242.353	0.774	119.817
242.364	0.295	119.933
242.372	0.023	119.827
242.337	-0.460	119.800
242.306	-0.864	119.686
242.284	-1.178	119.594
242.265	-1.373	119.328
242.252	-1.904	119.419
242.130	-1.877	119.378
242.122	-1.742	119.370
242.136	-1.677	119.473
242.155	-1.432	119.401
242.158	-1.224	119.360
242.146	-1.268	119.561
242.160	-0.971	119.533
242.169	-0.663	119.520
242.195	-0.423	119.592
242.206	-0.083	119.568
242.233	0.117	119.671
242.258	0.505	119.658
242.264	0.587	119.878
242.265	0.879	119.900
242.279	1.243	119.885
242.271	1.520	119.907
242.295	1.564	120.207
242.316	1.989	120.018
242.317	2.109	120.045
242.325	2.462	119.856
242.330	2.710	119.725
242.352	2.760	119.768
242.363	2.753	119.792
242.382	2.723	119.809
242.409	2.339	120.078
242.444	2.337	120.009
242.482	2.271	119.830
242.507	2.002	119.928
242.432	1.790	119.878
242.402	1.605	119.841
242.389	1.286	119.827
242.393	0.942	119.769
242.380	0.633	119.669
242.348	0.064	119.806
242.320	-0.376	119.795
242.306	-0.616	119.583
242.307	-1.053	119.544
242.303	-1.490	119.554
242.288	-1.928	119.536
242.145	-1.984	119.476
242.131	-1.698	119.364
242.133	-1.593	119.369
242.154	-1.438	119.354
242.181	-1.300	119.353
242.184	-1.174	119.385
242.193	-1.115	119.573
242.212	-0.808	119.527
242.222	-0.629	119.646
242.249	-0.238	119.588
242.266	0.009	119.672
242.280	0.078	119.880
242.291	0.431	119.860
242.302	0.822	119.847
242.298	1.122	119.861
242.299	1.412	119.908
242.313	1.535	120.082
242.320	1.742	120.123
242.332	2.085	119.973
242.333	2.413	119.818
242.321	2.552	119.792
242.329	2.570	119.880
242.322	2.603	119.876
242.325	2.695	119.788
242.329	2.652	119.813
242.342	2.517	119.869
242.348	2.364	119.817
242.365	2.081	119.922
242.378	1.723	120.060
242.413	1.664	119.904
242.459	1.399	119.889
242.435	1.132	119.793
242.354	0.784	119.754
242.331	0.340	119.855
242.319	-0.101	119.801
242.338	-0.379	119.681
242.280	-0.832	119.605
242.272	-1.114	119.487
242.264	-1.453	119.435
242.264	-1.905	119.466
242.161	-1.886	119.465
242.141	-1.796	119.470
242.154	-1.642	119.422
242.183	-1.537	119.519
242.197	-1.288	119.425
242.213	-1.145	119.486
242.215	-1.005	119.555
242.243	-0.717	119.541
242.273	-0.401	119.546
242.276	-0.148	119.628
242.308	0.145	119.706
242.319	0.512	119.656
242.342	0.790	119.773
242.345	1.114	119.802
242.355	1.249	120.012
242.338	1.566	119.958
242.349	1.740	120.089
242.363	1.951	120.107
242.365	2.208	120.036
242.360	2.382	120.002
242.354	2.548	119.952
242.341	2.789	119.761
242.350	2.786	119.787
242.336	2.736	119.808
242.324	2.678	119.822
242.321	2.525	119.805
242.301	2.167	119.941
242.304	1.802	120.091
242.307	1.726	119.950
242.293	1.523	119.823
242.327	1.174	119.909
242.344	0.910	119.821
242.366	0.558	119.747
242.413	0.005	119.866
242.339	-0.499	119.893
242.280	-0.657	119.635
242.254	-1.048	119.575
242.278	-1.467	119.548
242.285	-1.850	119.478
242.148	-1.874	119.338
242.118	-1.853	119.467
242.129	-1.682	119.440
242.167	-1.511	119.434
242.197	-1.338	119.395
242.212	-1.215	119.468
242.211	-1.144	119.609
242.244	-0.830	119.545
242.264	-0.643	119.651
242.297	-0.292	119.626
242.328	-0.062	119.714
242.358	0.162	119.803
242.370	0.296	120.008
242.376	1.038	119.647
242.381	1.156	119.897
242.378	1.474	119.944
242.382	1.766	119.929
242.378	1.866	120.051
242.377	2.195	119.884
242.401	2.448	119.893
242.374	2.534	119.873
242.381	2.738	119.822
242.358	2.732	119.783
242.344	2.577	119.954
242.337	2.571	119.914
242.326	2.548	119.840
242.321	2.347	119.882
242.286	1.964	119.992
242.288	1.800	119.977
242.259	1.443	120.006
242.258	1.227	119.890
242.255	0.994	119.801
242.251	0.610	119.748
242.267	0.007	119.964
242.277	-0.241	119.774
242.320	-0.726	119.849
242.364	-1.091	119.765
242.362	-1.266	119.569
242.262	-1.735	119.575
242.225	-1.949	119.443
242.146	-1.953	119.572
242.165	-1.730	119.439
242.173	-1.644	119.512
242.171	-1.413	119.441
242.185	-1.159	119.429
242.214	-0.976	119.507
242.238	-0.832	119.583
242.269	-0.583	119.643
242.303	-0.227	119.606
242.342	-0.002	119.763
242.360	0.354	119.696
242.393	0.664	119.702
242.399	1.129	119.536
242.435	1.395	119.704
242.433	1.603	119.768
242.425	1.734	119.965
242.431	1.965	119.999
242.437	2.073	120.078
242.418	2.330	119.947
242.435	2.468	120.028
242.428	2.619	119.920
242.411	2.651	119.927
242.391	2.643	119.891
242.366	2.634	119.789
242.342	2.428	119.894
242.339	2.307	119.889
242.298	1.868	120.049
242.289	1.775	119.919
242.238	1.585	119.757
242.239	1.476	119.616
242.215	1.042	119.703
242.216	0.672	119.668
242.209	0.270	119.657
242.192	-0.406	119.849
242.212	-0.616	119.662
242.200	-1.021	119.586
242.231	-1.178	119.341
242.266	-1.672	119.469
242.292	-2.000	119.489
242.245	-1.803	119.412
242.182	-1.683	119.432
242.165	-1.566	119.537
242.175	-1.291	119.465
242.226	-1.255	119.615
242.230	-0.976	119.562
242.220	-0.796	119.623
242.252	-0.368	119.572
242.283	-0.165	119.686
242.350	0.071	119.844
242.384	0.426	119.777
242.398	0.707	119.717
242.414	1.078	119.731
242.438	1.345	119.866
242.429	1.465	119.959
242.441	1.831	119.906
242.451	2.009	119.919
242.456	2.213	119.904
242.465	2.495	119.855
242.454	2.490	119.960
242.449	2.639	119.877
242.429	2.643	119.856
242.408	2.645	119.814
242.391	2.506	119.908
242.385	2.467	119.874
242.353	2.219	119.887
242.329	1.943	119.978
242.300	1.791	119.888
242.275	1.447	119.914
242.257	1.351	119.690
242.232	0.750	119.951
242.226	0.493	119.835
242.204	0.210	119.659
242.184	-0.283	119.673
242.154	-0.797	119.670
242.152	-0.990	119.439
242.166	-1.472	119.505
242.191	-1.834	119.498
242.134	-1.907	119.396
242.120	-1.695	119.365
242.157	-1.679	119.472
242.226	-1.462	119.439
242.311	-1.321	119.577
242.251	-1.061	119.496
242.205	-0.951	119.649
242.213	-0.730	119.720
242.286	-0.338	119.621
242.318	0.020	119.567
242.334	0.350	119.572
242.361	0.486	119.763
242.394	0.734	119.847
242.433	1.136	119.809
242.464	1.511	119.778
242.470	1.673	119.881
242.470	1.793	120.009
242.482	2.024	119.967
242.495	2.179	119.963
242.490	2.383	119.884
242.492	2.514	119.858
242.471	2.642	119.775
242.454	2.517	119.903
242.457	2.480	119.973
242.420	2.310	119.974
242.410	2.047	120.110
242.382	1.897	120.080
242.343	1.574	120.110
242.318	1.598	119.866
242.299	1.397	119.817
242.270	0.999	119.863
242.250	0.594	119.879
242.228	0.348	119.749
242.196	-0.040	119.669
242.188	-0.454	119.695
242.165	-0.745	119.542
242.159	-1.099	119.478
242.153	-1.494	119.503
242.165	-1.782	119.471
242.128	-1.982	119.431
242.085	-1.865	119.420
242.103	-1.716	119.415
242.135	-1.657	119.544
242.188	-1.385	119.491
242.232	-1.241	119.559
242.299	-0.921	119.566
242.349	-0.655	119.581
242.310	-0.652	119.874
242.284	-0.068	119.708
242.308	0.336	119.695
242.353	0.515	119.773
242.405	0.848	119.780
242.414	1.508	119.493
242.416	1.386	119.922
242.446	1.711	119.938
242.463	2.030	119.882
242.511	2.267	119.843
242.518	2.401	119.881
242.526	2.385	120.046
242.494	2.584	119.814
242.512	2.731	119.758
242.503	2.605	119.853
242.480	2.582	119.769
242.469	2.392	119.911
242.456	2.213	119.970
242.425	2.025	119.924
242.383	1.710	119.996
242.348	1.536	119.917
242.328	1.306	119.835
242.298	1.062	119.788
242.270	0.676	119.752
242.234	0.235	119.785
242.221	-0.146	119.773
242.189	-0.638	119.815
242.159	-0.825	119.546
242.153	-1.132	119.469
242.152	-1.414	119.401
242.155	-1.795	119.426
242.096	-1.927	119.354
242.062	-1.803	119.336
242.066	-1.690	119.345
242.099	-1.551	119.407
242.120	-1.390	119.424
242.139	-1.289	119.561
242.164	-1.060	119.574
242.223	-0.946	119.820
242.274	-0.587	119.757
242.344	-0.067	119.654
242.422	0.250	119.693
242.404	0.566	119.736
242.367	0.699	119.963
242.381	1.310	119.704
242.424	1.374	119.992
242.449	1.672	119.958
242.421	1.841	119.993
242.443	1.986	120.079
242.473	2.687	119.615
242.502	2.567	119.890
242.516	2.725	119.816
242.517	2.837	119.729
242.509	2.576	119.966
242.479	2.650	119.776
242.471	2.562	119.789
242.450	2.202	119.970
242.429	1.879	120.076
242.411	1.676	120.087
242.384	1.530	120.024
242.335	1.432	119.755
242.324	1.028	119.871
242.288	0.620	119.881
242.269	0.453	119.700
242.231	-0.263	119.891
242.207	-0.456	119.670
242.194	-0.750	119.565
242.161	-1.206	119.557
242.155	-1.500	119.459
242.151	-1.856	119.434
242.059	-1.840	119.292
242.045	-1.736	119.353
242.052	-1.644	119.413
242.073	-1.504	119.464
242.099	-1.351	119.491
242.114	-1.211	119.593
242.135	-0.945	119.616
242.162	-0.608	119.615
242.211	-0.301	119.653
242.254	0.052	119.640
242.316	0.250	119.854
242.375	0.503	119.896
242.461	1.035	119.749
242.496	1.150	119.890
242.457	1.503	119.898
242.430	1.641	120.065
242.470	2.106	119.945
242.511	2.314	119.857
242.542	2.583	119.782
242.512	2.628	119.833
242.520	2.876	119.698
242.525	2.888	119.674
242.523	2.750	119.752
242.514	2.553	119.923
242.493	2.431	119.900
242.462	2.171	119.960
242.436	2.028	119.896
242.410	1.666	120.001
242.378	1.506	119.846
242.361	1.162	119.879
242.346	0.779	119.987
242.317	0.505	119.818
242.270	0.080	119.774
242.238	-0.429	119.816
242.205	-0.747	119.649
242.179	-1.128	119.582
242.172	-1.414	119.473
242.153	-1.867	119.451
242.053	-1.909	119.415
242.033	-1.753	119.384
242.046	-1.629	119.387
242.058	-1.463	119.378
242.073	-1.395	119.450
242.081	-1.201	119.450
242.096	-0.945	119.429
242.122	-0.795	119.548
242.160	-0.407	119.502
242.196	-0.181	119.623
242.230	0.136	119.609
242.277	0.486	119.613
242.311	0.680	119.740
242.342	1.067	119.734
242.396	1.244	119.910
242.439	1.343	120.059
242.490	1.659	119.987
242.565	1.887	120.045
242.511	2.030	120.022
242.481	2.304	119.917
242.469	2.326	119.972
242.474	2.370	119.994
242.486	2.438	119.963
242.491	2.535	119.857
242.480	2.664	119.656
242.470	2.151	120.072
242.464	2.152	119.901
242.433	1.948	119.904
242.417	1.755	119.909
242.399	1.473	119.925
242.360	1.318	119.758
242.327	0.864	119.853
242.324	0.580	119.823
242.282	-0.123	120.089
242.269	-0.294	119.908
242.247	-0.522	119.761
242.212	-0.860	119.673
242.189	-1.071	119.495
242.177	-1.464	119.506
242.168	-1.695	119.405
242.122	-1.905	119.380
242.065	-1.914	119.455
242.080	-1.740	119.394
242.093	-1.685	119.465
242.117	-1.495	119.428
242.127	-1.263	119.402
242.131	-1.046	119.410
242.141	-0.864	119.464
242.172	-0.573	119.578
242.189	-0.219	119.561
242.215	0.119	119.590
242.256	0.443	119.663
242.282	0.657	119.788
242.321	1.055	119.819
242.331	1.350	119.807
242.382	1.357	120.169
242.418	1.759	120.061
242.467	2.026	120.012
242.532	2.526	119.734
242.554	2.550	119.857
242.549	2.394	120.106
242.528	2.511	120.067
242.515	2.743	119.874
242.535	2.933	119.658
242.508	2.665	119.776
242.479	2.630	119.720
242.469	2.468	119.741
242.447	2.199	119.813
242.417	1.572	120.109
242.400	1.400	120.027
242.386	1.158	119.955
242.337	0.806	119.904
242.317	0.460	119.832
242.292	-0.008	119.839
242.259	-0.456	119.810
242.229	-0.807	119.676
242.218	-1.129	119.577
242.183	-1.470	119.481
242.178	-1.918	119.509
242.058	-1.968	119.470
242.037	-1.750	119.418
242.042	-1.597	119.413
242.075	-1.402	119.376
242.082	-1.395	119.491
242.101	-1.068	119.377
242.115	-1.044	119.587
242.146	-0.659	119.470
242.178	-0.385	119.526
242.204	-0.126	119.593
242.246	0.136	119.696
242.266	0.256	119.885
242.294	0.727	119.781
242.327	1.003	119.930
242.330	1.498	119.699
242.353	1.512	120.029
242.382	1.776	120.041
242.398	1.901	120.098
242.438	2.174	120.051
242.455	2.328	119.986
242.492	2.416	120.018
242.543	2.714	119.802
242.583	2.875	119.668
242.597	2.681	119.825
242.509	2.542	119.842
242.478	2.457	119.842
242.473	2.369	119.823
242.447	2.242	119.732
242.410	1.966	119.733
242.374	1.435	119.993
242.358	1.401	119.757
242.342	0.934	119.861
242.323	0.649	119.744
242.300	0.150	119.811
242.276	-0.178	119.727
242.250	-0.681	119.773
242.235	-0.862	119.492
242.215	-1.284	119.478
242.202	-1.872	119.631
242.143	-2.035	119.451
242.075	-1.835	119.449
242.073	-1.627	119.359
242.075	-1.705	119.554
242.095	-1.534	119.554
242.101	-1.291	119.479
242.117	-1.073	119.472
242.140	-1.034	119.683
242.159	-0.660	119.542
242.209	-0.184	119.434
242.214	-0.138	119.665
242.262	0.218	119.682
242.290	0.247	120.003
242.311	0.890	119.723
242.334	1.105	119.867
242.342	1.377	119.955
242.359	1.653	119.964
242.376	1.889	120.005
242.392	2.124	119.913
242.421	2.336	119.926
242.446	2.533	119.911
242.461	2.701	119.836
242.475	2.739	119.830
242.488	2.722	119.840
242.502	2.722	119.814
242.525	2.590	119.840
242.547	2.280	120.005
242.534	2.280	119.802
242.427	1.952	119.933
242.370	1.666	119.989
242.345	1.558	119.821
242.371	1.295	119.806
242.329	1.018	119.766
242.286	0.517	119.812
242.260	0.297	119.594
242.253	-0.206	119.706
242.246	-0.621	119.670
242.228	-1.018	119.575
242.236	-1.362	119.526
242.215	-1.711	119.471
242.146	-2.029	119.500
242.078	-1.811	119.420
242.094	-1.693	119.413
242.117	-1.536	119.391
242.138	-1.495	119.496
242.148	-1.243	119.457
242.140	-1.026	119.470
242.163	-0.907	119.577
242.191	-0.645	119.661
242.215	-0.076	119.381
242.250	0.032	119.627
242.289	0.238	119.770
242.313	0.509	119.828
242.322	0.906	119.774
242.353	1.370	119.686
242.370	1.431	120.005
242.376	1.829	119.871
242.412	1.974	120.040
242.425	2.223	119.979
242.424	2.296	120.030
242.457	2.704	119.816
242.465	2.733	119.841
242.454	2.856	119.719
242.461	2.771	119.796
242.470	2.818	119.743
242.456	2.617	119.841
242.458	2.405	119.897
242.454	2.208	119.893
242.439	1.940	119.961
242.445	1.807	119.846
242.448	1.446	119.850
242.408	1.185	119.808
242.294	0.643	119.930
242.246	0.409	119.760
242.239	-0.021	119.747
242.242	-0.514	119.816
242.206	-0.870	119.671
242.183	-1.167	119.491
242.175	-1.482	119.393
242.185	-2.020	119.529
242.082	-1.804	119.427
242.089	-1.783	119.499
242.106	-1.522	119.390
242.131	-1.413	119.451
242.147	-1.387	119.568
242.155	-1.096	119.459
242.174	-0.881	119.479
242.212	-0.704	119.556
242.242	-0.545	119.687
242.271	-0.214	119.700
242.303	0.056	119.752
242.319	0.490	119.664
242.351	0.837	119.666
242.362	1.163	119.710
242.388	1.381	119.840
242.391	1.410	120.089
242.405	1.849	119.919
242.426	2.050	119.967
242.444	2.116	120.070
242.445	2.256	120.039
242.463	2.562	119.919
242.475	2.696	119.845
242.467	2.670	119.852
242.443	2.569	119.865
242.449	2.569	119.859
242.427	2.327	119.921
242.414	2.105	119.957
242.383	1.835	120.091
242.363	1.618	120.051
242.331	1.422	119.996
242.316	1.426	119.693
242.305	1.021	119.795
242.308	0.536	119.906
242.315	0.140	119.908
242.331	-0.167	119.820
242.287	-0.540	119.743
242.189	-0.827	119.609
242.162	-1.054	119.476
242.179	-1.505	119.535
242.189	-1.898	119.557
242.101	-2.009	119.443
242.078	-1.828	119.387
242.094	-1.788	119.443
242.135	-1.621	119.418
242.154	-1.513	119.450
242.188	-1.380	119.488
242.190	-1.263	119.584
242.217	-1.071	119.671
242.226	-0.751	119.599
242.265	-0.306	119.555
242.293	-0.078	119.655
242.335	0.239	119.714
242.366	0.617	119.695
242.380	1.024	119.733
242.380	1.206	119.879
242.397	1.525	119.940
242.423	1.729	120.073
242.430	1.880	120.144
242.434	2.357	119.792
242.473	2.536	119.884
242.497	2.608	119.949
242.500	2.752	119.890
242.500	2.776	119.894
242.497	2.982	119.688
242.491	2.938	119.688
242.468	2.710	119.808
242.438	2.399	119.906
242.420	2.132	119.989
242.383	1.813	120.063
242.341	1.573	120.023
242.309	1.541	119.762
242.297	1.188	119.812
242.267	0.810	119.800
242.238	0.516	119.692
242.217	0.053	119.696
242.211	-0.474	119.793
242.222	-0.847	119.686
242.244	-1.155	119.557
242.286	-1.624	119.585
242.240	-1.968	119.489
242.054	-1.900	119.454
242.055	-1.832	119.517
242.086	-1.701	119.469
242.135	-1.545	119.441
242.122	-1.513	119.519
242.127	-1.369	119.548
242.147	-1.049	119.494
242.188	-0.831	119.532
242.230	-0.640	119.657
242.278	-0.412	119.792
242.316	0.154	119.532
242.336	0.300	119.708
242.380	0.513	119.871
242.392	0.914	119.833
242.415	1.383	119.724
242.435	1.511	119.898
242.460	1.709	120.053
242.468	2.102	119.901
242.500	2.204	120.069
242.500	2.381	120.020
242.509	2.635	119.887
242.520	2.816	119.810
242.512	2.820	119.774
242.503	2.707	119.878
242.488	2.671	119.863
242.471	2.494	119.898
242.449	2.191	120.025
242.427	2.158	119.889
242.384	1.795	120.004
242.359	1.616	119.932
242.317	1.377	119.854
242.284	1.002	119.889
242.276	0.760	119.831
242.226	0.252	119.923
242.188	0.085	119.598
242.168	-0.528	119.768
242.160	-0.842	119.647
242.162	-1.114	119.525
242.178	-1.583	119.594
242.198	-1.887	119.502
242.125	-1.844	119.461
242.163	-1.744	119.461
242.186	-1.657	119.487
242.152	-1.387	119.418
242.148	-1.240	119.430
242.161	-1.213	119.605
242.203	-0.967	119.571
242.204	-0.896	119.766
242.212	-0.307	119.480
242.251	-0.246	119.801
242.303	0.271	119.635
242.335	0.332	119.883
242.373	0.722	119.843
242.415	1.191	119.783
242.419	1.501	119.806
242.435	1.554	120.032
242.455	1.839	119.989
242.507	2.304	119.802
242.502	2.294	119.897
242.511	2.492	119.850
242.525	2.557	119.889
242.540	2.608	119.907
242.549	2.767	119.796
242.513	2.562	119.856
242.497	2.455	119.888
242.485	2.075	120.093
242.462	2.020	120.002
242.412	1.674	120.109
242.392	1.565	119.997
242.363	1.349	119.955
242.330	1.198	119.803
242.294	0.891	119.785
242.253	0.431	119.827
242.218	0.222	119.664
242.190	-0.192	119.731
242.164	-0.465	119.590
242.141	-0.923	119.630
242.138	-1.220	119.579
242.134	-1.635	119.609
242.141	-1.823	119.500
242.085	-1.835	119.455
242.074	-1.833	119.529
242.105	-1.617	119.426
242.155	-1.514	119.475
242.227	-1.326	119.481
242.272	-1.236	119.625
242.195	-0.974	119.561
242.168	-0.718	119.584
242.202	-0.461	119.688
242.260	0.045	119.549
242.284	0.304	119.604
242.280	0.442	119.742
242.321	0.996	119.617
242.373	1.197	119.826
242.425	1.626	119.805
242.440	1.763	119.941
242.476	2.010	119.967
242.511	2.274	119.949
242.534	2.536	119.855
242.531	2.524	119.912
242.550	2.675	119.865
242.603	2.656	120.090
242.595	2.703	120.008
242.558	2.665	119.890
242.528	2.389	120.011
242.515	2.278	119.967
242.485	2.054	119.962
242.438	1.721	120.042
242.415	1.542	119.973
242.385	1.348	119.926
242.344	1.029	119.833
242.299	0.677	119.791
242.271	0.357	119.741
242.221	-0.034	119.662
242.181	-0.422	119.614
242.160	-0.817	119.559
242.138	-1.213	119.553
242.132	-1.644	119.566
242.116	-1.971	119.534
242.001	-1.877	119.502
242.000	-1.658	119.451
242.024	-1.501	119.463
242.055	-1.416	119.523
242.094	-1.217	119.564
242.113	-1.087	119.623
242.153	-0.834	119.558
242.227	-0.631	119.678
242.312	-0.160	119.569
242.292	0.175	119.497
242.264	0.393	119.611
242.284	0.741	119.576
242.349	0.937	119.802
242.398	1.169	119.876
242.368	1.564	119.717
242.388	1.665	119.929
242.416	1.849	120.044
242.462	2.138	119.946
242.492	2.426	119.822
242.516	2.470	119.884
242.524	2.593	119.839
242.537	2.657	119.798
242.555	2.409	120.012
242.540	2.393	119.885
242.549	2.000	120.203
242.530	2.059	119.969
242.506	1.882	119.958
242.477	1.557	120.038
242.435	1.349	119.945
242.406	1.195	119.789
242.370	0.923	119.723
242.326	0.495	119.718
242.312	0.053	119.896
242.249	-0.206	119.698
242.220	-0.596	119.721
242.191	-0.903	119.668
242.166	-1.037	119.467
242.151	-1.376	119.468
242.138	-1.811	119.615
242.126	-1.936	119.497
242.058	-1.814	119.426
242.052	-1.712	119.431
242.060	-1.598	119.461
242.077	-1.393	119.413
242.089	-1.311	119.535
242.106	-1.088	119.531
242.127	-0.890	119.554
242.165	-0.689	119.677
242.222	-0.294	119.628
242.284	0.078	119.604
242.364	0.343	119.702
242.337	0.621	119.739
242.315	1.016	119.736
242.335	1.315	119.797
242.388	1.480	120.000
242.423	1.913	119.908
242.424	1.967	120.037
242.444	2.245	119.989
242.479	2.545	119.867
242.525	2.900	119.696
242.527	2.641	119.907
242.543	2.674	119.911
242.555	2.733	119.858
242.544	2.556	119.898
242.533	2.314	120.005
242.524	2.215	119.926
242.509	2.041	119.871
242.477	1.574	120.052
242.445	1.515	119.783
242.431	1.194	119.782
242.383	0.869	119.689
242.334	0.283	119.803
242.296	-0.274	119.922
242.256	-0.477	119.670
242.220	-0.940	119.692
242.186	-1.093	119.451
242.159	-1.566	119.513
242.151	-1.939	119.489
242.044	-1.893	119.463
242.005	-1.654	119.369
242.012	-1.586	119.481
242.032	-1.443	119.517
242.044	-1.233	119.536
242.049	-1.144	119.656
242.073	-0.887	119.642
242.090	-0.606	119.626
242.120	-0.307	119.644
242.166	0.090	119.544
242.239	0.121	119.882
242.291	0.718	119.593
242.342	0.893	119.682
242.411	1.050	119.851
242.430	1.418	119.852
242.381	1.838	119.705
242.385	1.942	119.925
242.424	2.072	119.947
242.479	2.193	120.015
242.483	2.622	119.762
242.472	2.518	119.880
242.496	2.457	120.017
242.541	2.784	119.781
242.529	2.698	119.756
242.542	2.387	120.008
242.519	2.281	119.893
242.501	2.049	119.916
242.490	1.769	119.955
242.461	1.510	119.899
242.446	1.283	119.803
242.408	0.940	119.778
242.386	0.475	119.831
242.365	0.101	119.814
242.314	-0.272	119.735
242.283	-0.665	119.679
242.235	-1.139	119.699
242.222	-1.268	119.440
242.189	-1.746	119.511
242.160	-1.967	119.452
242.051	-1.842	119.399
242.043	-1.670	119.368
242.051	-1.597	119.467
242.055	-1.433	119.457
242.059	-1.397	119.655
242.079	-1.169	119.685
242.084	-0.883	119.631
242.090	-0.689	119.727
242.114	-0.221	119.586
242.144	0.080	119.613
242.179	0.365	119.675
242.225	0.567	119.797
242.264	1.015	119.695
242.293	1.313	119.676
242.362	1.511	119.891
242.399	1.574	120.048
242.472	1.956	119.982
242.459	2.142	119.963
242.425	2.354	119.894
242.441	2.628	119.804
242.457	2.785	119.742
242.473	2.836	119.715
242.489	2.793	119.727
242.503	2.668	119.785
242.517	2.454	119.938
242.524	2.218	120.055
242.519	2.026	120.002
242.479	1.527	120.184
242.448	1.415	119.998
242.444	1.240	119.891
242.402	0.740	119.948
242.380	0.372	119.863
242.369	-0.071	119.889
242.322	-0.529	119.829
242.297	-0.742	119.626
242.263	-1.191	119.639
242.235	-1.400	119.412
242.202	-1.871	119.424
242.099	-1.824	119.314
242.060	-1.750	119.404
242.052	-1.521	119.330
242.058	-1.442	119.435
242.073	-1.348	119.545
242.078	-1.078	119.490
242.088	-0.946	119.628
242.110	-0.589	119.613
242.111	-0.272	119.559
242.148	-0.004	119.667
242.171	0.292	119.693
242.214	0.610	119.707
242.232	0.905	119.721
242.248	1.123	119.811
242.255	1.443	119.785
242.285	1.690	119.833
242.319	1.869	119.939
242.367	2.138	119.885
242.423	2.325	119.866
242.495	2.422	119.964
242.513	2.563	119.939
242.500	2.680	119.868
242.477	2.701	119.828
242.467	2.558	119.894
242.505	2.450	119.939
242.496	2.219	119.989
242.481	2.199	119.805
242.476	1.958	119.868
242.469	1.610	119.968
242.443	1.387	119.837
242.432	0.980	119.871
242.394	0.397	120.031
242.365	0.027	119.956
242.346	-0.206	119.720
242.313	-0.748	119.785
242.291	-1.003	119.572
242.272	-1.331	119.446
242.245	-1.829	119.500
242.167	-2.091	119.515
242.096	-1.883	119.433
242.084	-1.705	119.387
242.094	-1.550	119.434
242.110	-1.342	119.403
242.101	-1.212	119.430
242.115	-1.037	119.508
242.120	-0.810	119.543
242.138	-0.521	119.589
242.163	-0.204	119.604
242.205	0.075	119.678
242.220	0.014	120.008
242.237	0.558	119.795
242.250	0.950	119.789
242.253	1.251	119.769
242.264	1.475	119.858
242.275	1.759	119.852
242.283	1.856	119.999
242.329	2.207	119.889
242.343	2.411	119.843
242.379	2.403	119.992
242.411	2.497	119.979
242.457	2.533	119.976
242.525	2.667	119.875
242.534	2.442	119.974
242.472	2.335	120.003
242.453	2.180	119.991
242.462	2.090	119.988
242.448	1.827	119.953
242.432	1.684	119.789
242.413	1.412	119.807
242.408	1.130	119.810
242.390	0.535	119.935
242.379	0.122	119.926
242.362	-0.411	120.005
242.340	-0.723	119.842
242.310	-1.119	119.752
242.284	-1.285	119.434
242.262	-1.689	119.377
242.162	-2.157	119.620
242.114	-1.698	119.302
242.123	-1.590	119.367
242.134	-1.453	119.398
242.142	-1.431	119.545
242.134	-1.138	119.438
242.134	-1.012	119.554
242.155	-0.786	119.601
242.158	-0.603	119.709
242.192	-0.089	119.547
242.209	0.154	119.555
242.253	0.331	119.758
242.272	0.515	119.871
242.265	0.864	119.804
242.274	1.182	119.814
242.287	1.444	119.887
242.293	1.857	119.787
242.288	1.682	120.174
242.319	2.128	119.970
242.328	2.236	120.006
242.328	2.496	119.853
242.345	2.691	119.755
242.358	2.607	119.887
242.386	2.705	119.778
242.399	2.616	119.784
242.448	2.592	119.726
242.488	2.287	119.869
242.490	1.944	120.006
242.427	1.805	119.930
242.391	1.501	119.980
242.404	1.220	120.031
242.410	1.207	119.708
242.388	0.645	119.888
242.340	0.304	119.791
242.334	-0.085	119.757
242.322	-0.566	119.810
242.313	-0.709	119.514
242.305	-1.187	119.551
242.283	-1.617	119.568
242.266	-2.012	119.515
242.130	-1.873	119.423
242.132	-1.730	119.414
242.149	-1.700	119.494
242.165	-1.597	119.555
242.176	-1.420	119.528
242.176	-1.199	119.533
242.184	-0.908	119.521
242.200	-0.746	119.706
242.210	-0.486	119.730
242.223	0.101	119.481
242.260	0.312	119.602
242.286	0.536	119.754
242.288	0.748	119.832
242.313	1.172	119.785
242.309	1.400	119.888
242.327	1.472	120.159
242.324	1.962	119.915
242.333	2.074	119.995
242.340	2.291	120.005
242.341	2.710	119.747
242.348	2.856	119.725
242.352	2.683	119.923
242.342	2.859	119.712
242.348	2.895	119.660
242.359	2.766	119.726
242.363	2.449	119.872
242.387	2.280	119.845
242.431	1.985	119.985
242.447	1.807	119.823
242.489	1.610	119.793
242.418	1.322	119.707
242.359	0.860	119.756
242.343	0.403	119.791
242.371	-0.025	119.802
242.342	-0.572	119.802
242.286	-0.936	119.630
242.279	-1.131	119.400
242.271	-1.715	119.530
242.199	-1.960	119.466
242.128	-1.737	119.412
242.132	-1.680	119.452
242.142	-1.529	119.447
242.166	-1.320	119.381
242.171	-1.242	119.504
242.194	-1.085	119.552
242.213	-1.075	119.738
242.242	-0.676	119.621
242.267	-0.403	119.629
242.299	-0.063	119.664
242.315	0.154	119.727
242.334	0.422	119.788
242.330	0.761	119.762
242.345	1.058	119.849
242.345	1.513	119.692
242.350	1.631	119.866
242.344	1.616	120.100
242.346	1.786	120.140
242.367	2.105	120.085
242.355	2.299	119.996
242.343	2.611	119.791
242.336	2.594	119.868
242.322	2.687	119.781
242.321	2.688	119.755
242.314	2.503	119.853
242.319	2.460	119.771
242.310	2.260	119.793
242.309	1.953	119.905
242.311	1.710	119.871
242.317	1.436	119.856
242.350	1.309	119.730
242.389	0.938	119.790
242.425	0.469	119.857
242.369	-0.080	119.950
242.314	-0.393	119.913
242.298	-0.718	119.790
242.310	-0.913	119.572
242.305	-1.229	119.434
242.268	-1.707	119.521
242.249	-2.019	119.494
242.158	-1.815	119.378
242.164	-1.720	119.410
242.187	-1.599	119.424
242.208	-1.381	119.345
242.217	-1.162	119.301
242.210	-1.111	119.445
242.217	-0.872	119.457
242.231	-0.764	119.615
242.276	-0.341	119.570
242.310	0.028	119.579
242.328	0.237	119.687
242.343	0.457	119.834
242.359	0.793	119.881
242.372	1.150	119.907
242.378	1.432	119.990
242.368	1.686	119.996
242.377	1.983	119.967
242.382	2.206	119.963
242.407	2.542	119.889
242.401	2.751	119.803
242.386	2.728	119.920
242.379	2.834	119.825
242.360	2.723	119.900
242.341	2.713	119.845
242.333	2.581	119.934
242.319	2.619	119.732
242.316	2.250	119.885
242.303	1.899	119.990
242.284	1.520	120.047
242.278	1.445	119.818
242.295	1.150	119.786
242.296	0.606	119.905
242.315	0.215	119.847
242.343	-0.296	119.876
242.388	-0.699	119.824
242.333	-1.060	119.695
242.263	-1.307	119.450
242.243	-1.779	119.499
242.165	-1.908	119.451
242.145	-1.810	119.537
242.129	-1.568	119.411
242.144	-1.476	119.546
242.180	-1.303	119.577
242.188	-1.080	119.548
242.219	-0.874	119.598
242.255	-0.658	119.669
242.288	-0.271	119.559
242.306	-0.145	119.747
242.346	0.246	119.631
242.371	0.494	119.681
242.387	0.615	119.809
242.404	1.009	119.749
242.426	1.423	119.701
242.424	1.388	120.041
242.407	1.588	120.075
242.414	1.778	120.121
242.415	2.067	119.975
242.427	2.346	119.872
242.413	2.460	119.852
242.401	2.516	119.867
242.392	2.586	119.831
242.361	2.377	119.948
242.339	2.210	120.015
242.333	2.089	120.020
242.298	2.013	119.900
242.292	1.755	119.979
242.274	1.562	119.952
242.250	1.417	119.826
242.241	1.122	119.808
242.241	0.847	119.798
242.220	0.594	119.631
242.229	0.230	119.627
242.241	-0.133	119.647
242.245	-0.648	119.721
242.265	-0.865	119.553
242.304	-1.221	119.585
242.375	-1.630	119.694
242.348	-1.826	119.540
242.260	-2.013	119.493
242.176	-1.878	119.424
242.190	-1.871	119.506
242.237	-1.700	119.497
242.231	-1.562	119.474
242.224	-1.258	119.415
242.237	-1.134	119.572
242.256	-0.844	119.582
242.283	-0.658	119.707
242.317	-0.209	119.607
242.348	0.035	119.764
242.365	0.356	119.780
242.368	0.640	119.792
242.405	1.118	119.765
242.423	1.471	119.768
242.435	1.640	119.910
242.440	1.699	120.167
242.456	2.190	119.951
242.464	2.554	119.833
242.463	2.642	119.927
242.459	2.914	119.693
242.462	2.945	119.778
242.431	2.960	119.698
242.426	2.830	119.827
242.387	2.678	119.854
242.373	2.486	119.927
242.336	2.089	120.072
242.322	1.957	119.959
242.305	1.579	120.086
242.276	1.432	119.886
242.244	1.195	119.702
242.221	0.740	119.723
242.216	0.443	119.588
242.211	-0.123	119.687
242.199	-0.714	119.749
242.194	-1.185	119.726
242.210	-1.414	119.496
242.225	-1.781	119.407
242.162	-1.903	119.393
242.167	-1.777	119.441
242.241	-1.663	119.503
242.244	-1.458	119.490
242.207	-1.263	119.500
242.196	-1.010	119.477
242.231	-0.906	119.620
242.279	-0.750	119.680
242.325	-0.349	119.590
242.331	-0.020	119.585
242.378	0.148	119.737
242.425	0.430	119.821
242.442	0.710	119.776
242.449	0.887	119.879
242.454	1.141	119.952
242.468	1.651	119.814
242.456	1.759	119.913
242.453	1.918	119.921
242.470	2.144	119.864
242.488	2.320	119.909
242.456	2.401	119.863
242.446	2.253	120.047
242.443	2.551	119.854
242.411	2.317	119.972
242.394	2.263	119.960
242.379	2.166	119.939
242.359	1.863	120.076
242.355	1.741	120.064
242.309	1.511	119.990
242.290	1.571	119.697
242.276	1.104	119.837
242.257	0.943	119.707
242.235	0.601	119.656
242.217	0.167	119.714
242.201	-0.300	119.796
242.196	-0.508	119.642
242.177	-0.865	119.556
242.178	-1.075	119.420
242.182	-1.466	119.475
242.182	-1.817	119.529
242.187	-2.028	119.490
242.159	-1.938	119.425
242.184	-1.835	119.437
242.234	-1.641	119.395
242.309	-1.365	119.332
242.347	-1.273	119.491
242.263	-1.172	119.627
242.230	-0.806	119.512
242.248	-0.584	119.629
242.323	-0.354	119.777
242.345	0.139	119.603
242.336	0.441	119.632
242.387	0.791	119.726
242.425	1.170	119.748
242.448	1.434	119.795
242.463	1.647	119.877
242.482	1.876	120.010
242.489	2.182	119.894
242.481	2.307	119.913
242.503	2.635	119.815
242.509	2.804	119.786
242.508	2.884	119.784
242.513	2.946	119.763
242.480	2.876	119.750
242.463	2.667	119.940
242.419	2.542	119.869
242.412	2.346	119.914
242.374	1.969	120.025
242.347	1.765	120.045
242.320	1.609	119.864
242.285	1.215	119.908
242.266	0.940	119.817
242.237	0.578	119.713
242.208	0.189	119.602
242.180	-0.420	119.692
242.163	-0.794	119.567
242.156	-1.164	119.485
242.156	-1.547	119.454
242.162	-1.998	119.475
242.055	-1.845	119.417
242.048	-1.689	119.391
242.068	-1.546	119.439
242.118	-1.461	119.510
242.155	-1.165	119.415
242.206	-0.959	119.477
242.265	-0.786	119.568
242.342	-0.674	119.755
242.367	-0.408	119.834
242.313	0.201	119.526
242.320	0.267	119.783
242.398	0.554	119.880
242.459	1.221	119.568
242.437	1.270	119.735
242.431	1.436	119.863
242.452	1.642	119.952
242.462	1.829	119.962
242.494	2.021	119.934
242.497	2.185	119.880
242.497	2.360	119.822
242.494	2.461	119.812
242.482	2.504	119.761
242.467	2.473	119.730
242.454	2.351	119.785
242.449	2.119	119.988
242.438	2.045	119.963
242.407	1.770	120.055
242.370	1.582	119.994
242.344	1.382	119.937
242.328	1.244	119.861
242.300	0.992	119.808
242.302	0.644	119.905
242.241	0.297	119.809
242.224	0.003	119.703
242.213	-0.376	119.771
242.175	-0.816	119.767
242.168	-0.917	119.529
242.173	-1.155	119.480
242.173	-1.531	119.515
242.157	-1.748	119.471
242.166	-1.833	119.356
242.161	-1.955	119.369
242.146	-1.934	119.429
242.170	-1.798	119.431
242.174	-1.694	119.473
242.206	-1.496	119.460
242.242	-1.289	119.521
242.284	-1.072	119.607
242.343	-0.803	119.715
242.396	-0.512	119.741
242.360	-0.113	119.737
242.324	0.215	119.793
242.328	0.664	119.663
242.395	1.019	119.766
242.419	1.173	119.922
242.419	1.617	119.807
242.442	1.873	119.932
242.461	2.051	119.991
242.489	2.516	119.743
242.529	2.837	119.685
242.531	2.786	119.812
242.530	2.755	119.897
242.525	2.732	119.941
242.514	2.701	119.946
242.494	2.649	119.915
242.465	2.562	119.849
242.459	2.394	119.885
242.448	2.143	119.979
242.406	1.807	120.087
242.363	1.453	120.107
242.344	1.336	119.893
242.300	0.980	119.822
242.272	0.614	119.753
242.230	0.080	119.786
242.211	-0.359	119.763
242.183	-0.700	119.592
242.168	-1.143	119.511
242.152	-1.524	119.438
242.138	-1.967	119.418
242.023	-1.761	119.288
242.008	-1.680	119.354
242.037	-1.551	119.406
242.061	-1.362	119.369
242.087	-1.244	119.431
242.105	-1.087	119.522
242.143	-0.870	119.564
242.183	-0.530	119.547
242.233	-0.253	119.578
242.294	0.011	119.643
242.378	0.207	119.792
242.451	0.652	119.660
242.502	0.810	119.781
242.430	1.003	119.864
242.412	1.474	119.756
242.431	1.677	119.844
242.483	1.848	119.925
242.472	2.005	119.896
242.482	2.249	119.840
242.478	2.354	119.856
242.487	2.508	119.806
242.494	2.490	119.832
242.494	2.330	119.988
242.480	2.276	120.006
242.481	2.275	119.934
242.456	2.196	119.875
242.418	1.744	120.077
242.393	1.686	119.920
242.379	1.607	119.806
242.350	1.363	119.787
242.321	1.012	119.881
242.303	0.684	119.915
242.269	0.453	119.764
242.238	0.038	119.804
242.221	-0.213	119.711
242.188	-0.618	119.696
242.176	-0.888	119.595
242.171	-1.122	119.498
242.169	-1.411	119.466
242.156	-1.793	119.546
242.151	-1.926	119.459
242.107	-2.001	119.423
242.092	-1.902	119.401
242.115	-1.726	119.404
242.128	-1.638	119.471
242.140	-1.421	119.433
242.154	-1.189	119.441
242.172	-0.982	119.549
242.197	-0.760	119.653
242.226	-0.454	119.726
242.264	0.014	119.654
242.317	0.324	119.735
242.371	0.546	119.830
242.437	1.117	119.643
242.494	1.189	119.947
242.440	1.552	119.893
242.443	1.853	119.960
242.479	2.093	120.014
242.518	2.347	119.932
242.537	2.698	119.741
242.525	2.589	119.951
242.542	2.527	120.181
242.535	2.941	119.738
242.544	2.884	119.783
242.545	2.677	119.942
242.512	2.642	119.843
242.495	2.350	119.938
242.474	2.040	120.022
242.430	1.797	119.996
242.407	1.578	119.914
242.383	1.198	119.964
242.339	0.827	119.906
242.312	0.580	119.759
242.265	0.067	119.758
242.237	-0.473	119.805
242.208	-0.869	119.696
242.181	-1.267	119.592
242.166	-1.618	119.451
242.128	-2.051	119.477
242.023	-1.843	119.404
242.024	-1.770	119.472
242.039	-1.553	119.385
242.063	-1.495	119.488
242.083	-1.333	119.472
242.099	-1.166	119.548
242.121	-0.921	119.544
242.146	-0.679	119.585
242.189	-0.434	119.662
242.225	-0.253	119.797
242.268	0.092	119.759
242.307	0.576	119.621
242.346	0.779	119.752
242.372	0.989	119.876
242.413	1.383	119.814
242.448	1.627	119.794
242.499	1.655	120.008
242.569	2.046	119.844
242.531	2.130	119.898
242.511	2.397	119.805
242.507	2.596	119.731
242.516	2.479	119.842
242.498	2.424	119.863
242.474	2.359	119.876
242.465	2.209	119.962
242.460	2.167	119.897
242.449	1.955	119.964
242.450	1.759	120.041
242.405	1.655	119.823
242.378	1.473	119.771
242.355	1.185	119.768
242.333	0.821	119.832
242.308	0.524	119.726
242.282	0.084	119.752
242.260	-0.505	119.994
242.235	-0.673	119.793
242.209	-0.895	119.595
242.198	-1.087	119.462
242.185	-1.480	119.478
242.184	-1.849	119.531
242.158	-1.996	119.470
242.099	-1.883	119.372
242.100	-1.761	119.351
242.112	-1.740	119.465
242.137	-1.493	119.399
242.144	-1.346	119.446
242.147	-1.189	119.554
242.149	-0.909	119.536
242.167	-0.674	119.659
242.188	-0.072	119.451
242.216	-0.112	119.864
242.249	0.431	119.707
242.285	0.694	119.832
242.318	1.141	119.743
242.331	1.320	119.892
242.373	1.681	119.855
242.403	1.759	120.060
242.476	2.086	120.019
242.528	2.284	119.997
242.596	2.576	119.901
242.617	2.757	119.838
242.604	2.844	119.803
242.569	2.850	119.789
242.527	2.791	119.788
242.498	2.696	119.785
242.475	2.540	119.802
242.453	2.301	119.866
242.442	2.132	119.846
242.417	1.794	119.878
242.403	1.465	119.942
242.386	1.327	119.784
242.351	0.921	119.832
242.312	0.482	119.780
242.290	0.146	119.675
242.262	-0.449	119.781
242.235	-0.968	119.840
242.209	-1.035	119.466
242.194	-1.538	119.533
242.185	-1.923	119.489
242.071	-1.920	119.436
242.057	-1.767	119.456
242.058	-1.598	119.387
242.081	-1.499	119.464
242.101	-1.316	119.427
242.122	-1.090	119.409
242.141	-0.905	119.477
242.159	-0.723	119.563
242.197	-0.308	119.495
242.215	-0.094	119.613
242.257	0.069	119.787
242.286	0.548	119.688
242.316	0.695	119.917
242.341	1.095	119.860
242.335	1.395	119.881
242.361	1.497	120.069
242.386	1.703	120.156
242.420	2.069	120.011
242.441	2.282	119.953
242.459	2.422	119.918
242.492	2.594	119.873
242.544	2.425	120.123
242.586	2.679	119.884
242.592	2.609	119.857
242.504	2.518	119.832
242.459	2.303	119.949
242.431	2.178	119.910
242.433	1.983	119.932
242.410	1.797	119.852
242.358	1.493	119.853
242.329	1.208	119.827
242.339	0.846	119.919
242.329	0.578	119.788
242.312	0.020	119.905
242.286	-0.432	119.935
242.255	-0.753	119.749
242.240	-0.995	119.539
242.220	-1.417	119.503
242.211	-1.806	119.486
242.134	-1.937	119.353
242.089	-1.765	119.323
242.094	-1.735	119.440
242.108	-1.542	119.392
242.118	-1.426	119.442
242.135	-1.425	119.620
242.140	-1.161	119.593
242.162	-0.816	119.464
242.195	-0.580	119.560
242.228	-0.367	119.661
242.253	0.015	119.625
242.283	0.332	119.663
242.288	0.590	119.673
242.321	0.855	119.827
242.335	1.171	119.861
242.345	1.546	119.805
242.362	1.823	119.810
242.384	1.912	119.963
242.410	2.059	120.028
242.448	2.471	119.848
242.445	2.445	119.921
242.462	2.562	119.881
242.479	2.610	119.892
242.482	2.575	119.901
242.484	2.485	119.908
242.498	2.370	119.911
242.538	2.261	119.909
242.538	2.024	119.925
242.436	1.801	119.923
242.362	1.431	120.038
242.341	1.345	119.880
242.353	1.109	119.812
242.311	0.626	119.859
242.271	0.372	119.733
242.251	0.062	119.599
242.253	-0.455	119.730
242.247	-0.857	119.661
242.238	-1.163	119.545
242.234	-1.556	119.524
242.223	-2.050	119.591
242.118	-1.928	119.417
242.106	-1.660	119.279
242.108	-1.630	119.365
242.135	-1.535	119.417
242.161	-1.388	119.429
242.163	-1.239	119.485
242.174	-1.012	119.506
242.195	-0.821	119.564
242.206	-0.565	119.648
242.235	-0.147	119.580
242.286	0.240	119.557
242.297	0.331	119.778
242.318	0.615	119.827
242.357	1.012	119.862
242.347	1.342	119.817
242.363	1.392	120.119
242.378	1.891	119.854
242.409	1.913	120.112
242.442	2.476	119.779
242.457	2.568	119.887
242.444	2.581	119.905
242.463	2.846	119.713
242.471	2.707	119.891
242.467	2.701	119.866
242.455	2.675	119.842
242.430	2.489	119.847
242.419	2.259	119.914
242.398	1.953	120.024
242.407	1.736	120.095
242.394	1.522	119.999
242.399	1.382	119.800
242.413	1.189	119.691
242.316	0.621	119.862
242.230	0.292	119.766
242.204	-0.061	119.695
242.233	-0.511	119.728
242.180	-0.950	119.605
242.159	-1.290	119.521
242.170	-1.675	119.518
242.166	-2.147	119.618
242.083	-1.791	119.418
242.097	-1.756	119.461
242.113	-1.609	119.461
242.147	-1.497	119.505
242.171	-1.310	119.503
242.183	-1.094	119.482
242.208	-1.010	119.655
242.221	-0.659	119.504
242.268	-0.362	119.565
242.290	-0.130	119.675
242.328	0.025	119.891
242.352	0.443	119.828
242.365	0.907	119.716
242.370	1.199	119.787
242.389	1.479	119.837
242.396	1.442	120.194
242.410	1.761	120.114
242.438	2.049	120.023
242.444	2.139	120.120
242.449	2.499	119.893
242.468	2.646	119.883
242.465	2.640	119.893
242.473	2.660	119.924
242.457	2.719	119.813
242.437	2.387	120.030
242.424	2.354	119.932
242.404	2.213	119.883
242.361	1.901	119.957
242.351	1.498	120.160
242.321	1.526	119.854
242.306	1.309	119.781
242.284	1.032	119.731
242.295	0.563	119.832
242.278	0.325	119.620
242.283	-0.119	119.677
242.314	-0.589	119.717
242.254	-0.931	119.603
242.156	-1.201	119.445
242.151	-1.634	119.524
242.169	-1.992	119.510
242.086	-1.823	119.399
242.065	-1.805	119.455
242.088	-1.662	119.445
242.122	-1.453	119.441
242.150	-1.251	119.405
242.182	-1.091	119.457
242.204	-1.023	119.599
242.242	-0.777	119.620
242.277	-0.331	119.492
242.305	-0.107	119.648
242.356	0.119	119.774
242.376	0.497	119.711
242.388	0.866	119.670
242.416	1.059	119.863
242.415	1.420	119.862
242.427	1.513	120.101
242.450	1.834	120.097
242.464	2.042	120.059
242.484	2.259	120.043
242.480	2.571	119.828
242.484	2.525	119.947
242.491	2.557	119.963
242.498	2.706	119.863
242.464	2.646	119.817
242.448	2.437	119.896
242.441	2.230	120.007
242.427	2.218	119.855
242.372	1.857	119.985
242.357	1.773	119.870
242.315	1.439	119.902
242.301	1.084	119.985
242.258	0.874	119.812
242.240	0.545	119.764
242.224	0.254	119.695
242.187	-0.133	119.640
242.170	-0.724	119.734
242.187	-1.003	119.630
242.209	-1.226	119.475
242.232	-1.767	119.627
242.261	-2.082	119.595
242.108	-1.944	119.490
242.064	-1.786	119.449
242.085	-1.523	119.354
242.125	-1.476	119.401
242.153	-1.348	119.396
242.138	-1.292	119.518
242.156	-1.059	119.554
242.194	-0.685	119.485
242.244	-0.564	119.705
242.285	-0.468	119.967
242.339	-0.041	119.850
242.354	0.205	119.908
242.394	0.761	119.779
242.432	1.268	119.703
242.445	1.366	119.917
242.466	1.797	119.776
242.490	1.923	119.958
242.520	2.112	119.991
242.516	2.255	120.028
242.519	2.538	119.911
242.514	2.707	119.805
242.514	2.753	119.813
242.508	2.567	119.981
242.500	2.543	119.972
242.471	2.527	119.903
242.456	2.357	119.946
242.426	2.115	119.985
242.387	1.852	120.070
242.353	1.676	119.995
242.319	1.348	120.028
242.291	1.181	119.889
242.271	0.913	119.862
242.232	0.491	119.865
242.209	0.312	119.658
242.180	-0.208	119.755
242.164	-0.648	119.738
242.152	-0.950	119.605
242.145	-1.283	119.550
242.142	-1.768	119.618
242.151	-1.950	119.464
242.078	-1.863	119.479
242.115	-1.660	119.402
242.160	-1.592	119.443
242.223	-1.543	119.565
242.165	-1.241	119.451
242.133	-1.107	119.533
242.141	-0.927	119.543
242.200	-0.723	119.631
242.234	-0.434	119.639
242.248	-0.112	119.724
242.301	0.345	119.663
242.335	0.635	119.671
242.374	0.957	119.707
242.412	1.262	119.777
242.442	1.499	119.888
242.456	1.622	120.047
242.481	1.935	119.999
242.514	2.266	119.837
242.538	2.142	120.131
242.554	2.412	119.997
242.559	2.701	119.790
242.554	2.633	119.866
242.553	2.638	119.863
242.537	2.406	120.034
242.523	2.139	120.196
242.479	2.072	120.028
242.445	1.953	119.976
242.406	1.680	120.021
242.381	1.517	119.954
242.345	1.258	119.946
242.308	1.113	119.790
242.277	0.805	119.762
242.230	0.401	119.775
242.197	0.158	119.580
242.165	-0.461	119.803
242.139	-0.731	119.638
242.137	-1.103	119.661
242.139	-1.377	119.550
242.129	-1.669	119.482
242.086	-1.986	119.512
242.038	-1.789	119.465
242.052	-1.718	119.486
242.069	-1.625	119.540
242.128	-1.401	119.486
242.161	-1.217	119.460
242.235	-1.073	119.584
242.282	-0.802	119.597
242.216	-0.623	119.711
242.214	-0.294	119.718
242.251	0.163	119.582
242.320	0.276	119.829
242.336	0.630	119.784
242.343	1.019	119.725
242.384	1.235	119.931
242.410	1.652	119.815
242.455	1.837	119.959
242.493	2.007	120.011
242.530	2.259	119.974
242.551	2.418	119.994
242.552	2.592	119.896
242.570	2.584	119.915
242.581	2.609	119.904
242.572	2.462	119.988
242.557	2.352	120.012
242.549	2.488	119.821
242.514	1.996	120.068
242.476	1.912	119.932
242.429	1.545	120.021
242.405	1.325	120.016
242.381	1.282	119.803
242.341	0.975	119.773
242.306	0.695	119.650
242.251	0.187	119.729
242.220	-0.408	119.960
242.178	-0.675	119.771
242.168	-0.870	119.576
242.146	-1.294	119.602
242.142	-1.603	119.551
242.127	-1.947	119.533
242.047	-1.849	119.486
242.025	-1.724	119.453
242.043	-1.541	119.421
242.077	-1.442	119.466
242.102	-1.230	119.461
242.122	-1.230	119.664
242.153	-0.813	119.481
242.208	-0.660	119.588
242.285	-0.365	119.632
242.353	-0.031	119.704
242.287	0.162	119.767
242.293	0.585	119.737
242.331	1.056	119.631
242.387	1.221	119.824
242.401	1.730	119.639
242.396	1.702	119.965
242.426	1.975	119.960
242.470	2.122	120.050
242.509	2.261	120.087
242.525	2.512	119.924
242.545	2.776	119.750
242.553	2.523	120.003
242.559	2.470	119.995
242.537	2.469	119.856
242.539	2.316	119.894
242.542	2.188	119.897
242.497	1.891	119.944
242.468	1.635	119.977
242.435	1.352	119.984
242.418	1.273	119.803
242.361	0.858	119.838
242.333	0.537	119.786
242.299	0.157	119.786
242.238	-0.164	119.645
242.223	-0.559	119.722
242.177	-0.879	119.581
242.151	-1.186	119.532
242.141	-1.516	119.498
242.133	-1.834	119.498
242.044	-1.992	119.537
242.020	-1.849	119.553
242.025	-1.679	119.535
242.023	-1.470	119.450
242.053	-1.353	119.544
242.079	-1.145	119.583
242.093	-0.950	119.601
242.130	-0.638	119.605
242.176	-0.290	119.556
242.212	-0.067	119.653
242.284	0.275	119.650
242.379	0.652	119.639
242.377	0.688	119.860
242.352	1.181	119.824
242.363	1.464	119.905
242.396	1.679	119.999
242.442	1.879	120.022
242.466	2.151	119.970
242.471	2.333	119.938
242.509	2.608	119.840
242.535	2.684	119.895
242.550	2.747	119.865
242.555	2.762	119.809
242.553	2.695	119.790
242.548	2.510	119.868
242.516	2.185	119.928
242.520	2.076	119.881
242.487	1.784	119.894
242.466	1.510	119.892
242.439	1.408	119.697
242.396	0.963	119.750
242.362	0.553	119.762
242.329	0.151	119.689
242.282	-0.339	119.739
242.243	-0.733	119.705
242.203	-1.083	119.612
242.171	-1.306	119.446
242.164	-1.822	119.589
242.094	-2.014	119.486
242.021	-1.782	119.438
242.019	-1.673	119.474
242.025	-1.464	119.455
242.054	-1.400	119.575
242.058	-1.162	119.544
242.077	-1.040	119.670
242.089	-0.815	119.669
242.114	-0.482	119.638
242.147	-0.011	119.487
242.179	0.233	119.529
242.228	0.382	119.704
242.301	0.612	119.819
242.332	0.983	119.723
242.415	1.199	119.873
242.442	1.626	119.730
242.399	1.691	119.925
242.396	2.101	119.842
242.442	2.114	120.022
242.496	2.379	119.915
242.505	2.470	119.925
242.500	2.509	119.939
242.513	2.622	119.845
242.534	2.522	119.953
242.544	2.464	119.986
242.543	2.289	120.049
242.530	2.193	119.911
242.509	2.009	119.901
242.471	1.562	120.003
242.457	1.397	119.891
242.459	0.969	120.052
242.410	0.727	119.807
242.372	0.310	119.804
242.351	-0.140	119.897
242.307	-0.412	119.714
242.281	-0.837	119.737
242.231	-1.124	119.554
242.221	-1.335	119.412
242.194	-1.730	119.471
242.126	-2.029	119.459
242.070	-1.805	119.420
242.055	-1.733	119.465
242.059	-1.582	119.485
242.081	-1.442	119.513
242.076	-1.308	119.588
242.080	-1.105	119.609
242.090	-0.948	119.730
242.104	-0.554	119.659
242.132	-0.162	119.615
242.147	0.076	119.650
242.180	0.271	119.770
242.221	0.468	119.903
242.248	0.895	119.823
242.291	1.320	119.719
242.309	1.452	119.857
242.404	1.773	119.947
242.453	1.991	119.904
242.501	2.243	119.867
242.451	2.325	119.915
242.481	2.717	119.766
242.493	2.586	119.920
242.524	2.528	119.961
242.527	2.421	120.064
242.514	2.483	119.941
242.522	2.381	119.956
242.530	2.160	120.038
242.512	1.926	119.996
242.503	1.656	120.039
242.471	1.336	120.035
242.435	1.148	119.837
242.409	0.870	119.740
242.373	0.137	120.019
242.371	0.024	119.725
242.332	-0.582	119.847
242.290	-0.991	119.766
242.258	-1.112	119.500
242.225	-1.550	119.496
242.194	-1.948	119.502
242.089	-1.917	119.345
242.055	-1.776	119.395
242.064	-1.654	119.420
242.069	-1.469	119.428
242.086	-1.372	119.514
242.092	-1.104	119.467
242.099	-0.989	119.631
242.115	-0.724	119.653
242.129	-0.323	119.566
242.149	-0.056	119.634
242.182	0.254	119.647
242.201	0.583	119.658
242.210	0.717	119.777
242.244	1.099	119.780
242.257	1.262	119.949
242.286	1.615	119.922
242.314	1.759	120.053
242.353	2.012	120.018
242.398	2.234	119.951
242.460	2.591	119.765
242.480	2.701	119.746
242.478	2.667	119.818
242.472	2.592	119.906
242.482	2.582	119.934
242.502	2.545	119.901
242.504	2.358	119.869
242.503	2.193	119.879
242.469	1.893	119.952
242.446	1.513	120.009
242.454	1.317	119.981
242.428	0.971	119.872
242.410	0.592	119.850
242.368	0.320	119.626
242.332	-0.307	119.773
242.319	-0.739	119.769
242.288	-0.996	119.522
242.269	-1.432	119.507
242.248	-1.854	119.476
242.148	-2.219	119.602
242.097	-1.744	119.264
242.086	-1.739	119.431
242.096	-1.532	119.403
242.096	-1.372	119.400
242.112	-1.367	119.592
242.106	-1.042	119.483
242.119	-0.850	119.547
242.154	-0.539	119.549
242.171	-0.365	119.674
242.189	-0.144	119.739
242.224	0.111	119.815
242.243	0.555	119.703
242.259	0.848	119.796
242.255	1.111	119.787
242.257	1.342	119.875
242.271	1.634	119.872
242.276	1.699	120.066
242.304	2.007	119.944
242.332	2.298	119.844
242.365	2.542	119.813
242.395	2.634	119.805
242.420	2.479	119.965
242.482	2.634	119.891
242.522	2.693	119.798
242.523	2.616	119.767
242.468	2.364	119.875
242.455	2.132	119.964
242.449	1.885	120.012
242.450	1.703	119.903
242.444	1.385	119.964
242.428	1.166	119.903
242.402	0.745	119.907
242.390	0.453	119.775
242.366	-0.015	119.775
242.352	-0.597	119.894
242.315	-1.004	119.834
242.286	-1.120	119.469
242.261	-1.780	119.647
242.245	-2.022	119.434
242.130	-1.903	119.390
242.112	-1.765	119.357
242.125	-1.636	119.371
242.133	-1.425	119.355
242.131	-1.314	119.395
242.123	-1.362	119.649
242.131	-1.032	119.562
242.152	-0.754	119.608
242.173	-0.386	119.542
242.207	-0.064	119.562
242.237	0.074	119.756
242.257	0.419	119.718
242.265	0.609	119.820
242.280	0.914	119.882
242.285	1.319	119.801
242.289	1.610	119.815
242.296	1.771	119.941
242.303	2.032	119.881
242.326	2.170	119.976
242.328	2.326	119.952
242.335	2.644	119.774
242.351	2.781	119.730
242.370	2.798	119.748
242.385	2.758	119.754
242.395	3.009	119.400
242.449	2.499	119.869
242.491	2.190	120.003
242.513	2.195	119.800
242.431	1.648	120.054
242.401	1.464	120.042
242.399	1.320	119.918
242.423	1.145	119.754
242.361	0.479	119.883
242.352	0.128	119.867
242.320	-0.423	119.929
242.316	-0.704	119.749
242.296	-1.016	119.537
242.290	-1.449	119.508
242.271	-1.956	119.534
242.140	-1.892	119.376
242.112	-1.669	119.321
242.106	-1.517	119.310
242.144	-1.383	119.359
242.160	-1.271	119.377
242.162	-1.209	119.513
242.156	-0.948	119.487
242.178	-0.699	119.526
242.206	-0.461	119.643
242.210	-0.060	119.517
242.251	0.137	119.660
242.277	0.191	119.916
242.276	0.746	119.607
242.293	0.858	119.841
242.302	1.230	119.802
242.305	1.447	119.910
242.309	1.806	119.815
242.304	2.010	119.819
242.333	1.984	120.075
242.330	2.313	119.875
242.312	2.274	120.026
242.326	2.513	119.901
242.336	2.651	119.795
242.337	2.643	119.790
242.328	2.581	119.787
242.353	2.517	119.789
242.351	2.220	119.867
242.377	1.993	119.966
242.385	1.715	120.024
242.409	1.413	120.050
242.459	1.272	119.976
242.411	1.464	119.434
242.362	0.766	119.802
242.328	0.279	119.866
242.337	-0.066	119.782
242.339	-0.510	119.772
242.297	-0.874	119.697
242.270	-1.138	119.501
242.274	-1.321	119.310
242.278	-1.866	119.474
242.177	-1.907	119.396
242.151	-1.823	119.433
242.157	-1.647	119.378
242.166	-1.596	119.480
242.175	-1.346	119.398
242.189	-1.154	119.424
242.191	-1.011	119.536
242.209	-0.770	119.545
242.229	-0.552	119.657
242.245	-0.073	119.517
242.291	0.258	119.592
242.292	0.361	119.794
242.331	0.643	119.945
242.334	1.071	119.843
242.318	1.278	119.917
242.337	1.566	119.957
242.339	1.858	119.956
242.346	1.870	120.142
242.343	2.233	119.974
242.359	2.590	119.818
242.348	2.605	119.872
242.352	2.755	119.793
242.345	2.704	119.860
242.345	2.674	119.853
242.333	2.612	119.872
242.339	2.611	119.758
242.334	2.274	119.880
242.330	2.042	119.901
242.334	1.697	120.020
242.319	1.499	119.899
242.353	1.442	119.646
242.374	0.908	119.812
242.405	0.273	119.947
242.392	-0.134	119.912
242.312	-0.468	119.811
242.274	-0.987	119.869
242.271	-1.181	119.575
242.282	-1.616	119.506
242.243	-1.923	119.374
242.097	-1.904	119.383
242.118	-1.729	119.409
242.147	-1.629	119.498
242.183	-1.440	119.431
242.199	-1.381	119.501
242.206	-1.257	119.575
242.214	-0.984	119.503
242.237	-0.805	119.614
242.269	-0.488	119.632
242.307	-0.260	119.711
242.336	-0.000	119.722
242.350	0.300	119.734
242.366	0.515	119.892
242.362	0.946	119.813
242.365	1.300	119.806
242.362	1.425	119.973
242.378	1.861	119.830
242.384	1.948	119.980
242.396	2.171	119.940
242.390	2.361	119.920
242.371	2.570	119.798
242.381	2.640	119.854
242.350	2.643	119.789
242.339	2.704	119.743
242.320	2.530	119.787
242.321	2.316	119.912
242.304	2.118	119.913
242.290	1.857	119.983
242.295	1.710	119.927
242.279	1.376	119.995
242.282	1.206	119.845
242.287	0.982	119.773
242.281	0.440	119.872
242.308	0.119	119.825
242.327	-0.347	119.837
242.375	-0.757	119.857
242.384	-1.079	119.732
242.290	-1.373	119.640
242.254	-1.778	119.656
242.238	-1.944	119.471
242.181	-1.910	119.529
242.162	-1.750	119.468
242.160	-1.499	119.399
242.183	-1.314	119.409
242.198	-1.282	119.602
242.220	-1.000	119.554
242.241	-0.910	119.709
242.268	-0.634	119.739
242.282	-0.192	119.620
242.323	0.028	119.815
242.336	0.387	119.743
242.381	0.659	119.825
242.394	0.975	119.800
242.415	1.325	119.813
242.396	1.619	119.818
242.411	1.733	120.031
242.425	2.131	119.901
242.418	2.147	120.042
242.416	2.535	119.785
242.429	2.564	119.947
242.414	2.763	119.777
242.404	2.734	119.841
242.371	2.402	120.059
242.357	2.537	119.856
242.345	2.427	119.875
242.329	2.135	119.974
242.303	1.806	120.080
242.282	1.790	119.817
242.255	1.431	119.887
242.239	1.258	119.731
242.238	1.072	119.601
242.215	0.580	119.681
242.216	0.201	119.625
242.224	-0.229	119.661
242.233	-0.762	119.759
242.245	-1.017	119.541
242.268	-1.412	119.508
242.317	-1.834	119.573
242.291	-2.098	119.609
242.170	-1.752	119.403
242.139	-1.560	119.392
242.145	-1.437	119.466
242.198	-1.302	119.486
242.228	-1.186	119.607
242.200	-0.963	119.565
242.226	-0.631	119.561
242.254	-0.511	119.746
242.301	-0.021	119.610
242.351	0.265	119.628
242.376	0.465	119.722
242.390	0.656	119.839
242.412	0.972	119.906
242.433	1.323	119.926
242.446	1.622	119.902
242.441	1.728	120.012
242.455	2.003	119.968
242.467	2.293	119.890
242.455	2.403	119.892
242.450	2.381	120.037
242.447	2.749	119.732
242.430	2.550	119.934
242.410	2.628	119.779
242.389	2.287	120.024
242.363	2.188	119.971
242.341	1.832	120.110
242.321	1.674	120.043
242.309	1.487	119.984
242.265	1.320	119.809
242.253	1.152	119.656
242.244	0.592	119.887
242.209	0.305	119.713
242.213	-0.243	119.891
242.205	-0.470	119.689
242.184	-0.813	119.570
242.196	-1.131	119.529
242.203	-1.400	119.429
242.224	-1.828	119.491
242.198	-2.073	119.581
242.175	-1.943	119.562
242.232	-1.762	119.536
242.296	-1.568	119.521
242.284	-1.464	119.600
242.212	-1.176	119.523
242.211	-1.086	119.733
242.246	-0.658	119.582
242.307	-0.441	119.686
242.285	-0.194	119.713
242.311	0.238	119.637
242.335	0.362	119.833
242.388	0.850	119.709
242.425	1.123	119.811
242.438	1.536	119.739
242.434	1.721	119.816
242.451	1.826	120.009
242.468	2.144	119.903
242.474	2.260	119.902
242.485	2.386	119.948
242.480	2.642	119.813
242.481	2.640	119.873
242.482	2.652	119.926
242.451	2.698	119.784
242.426	2.343	119.993
242.406	2.349	119.867
242.391	1.930	120.066
242.358	1.725	120.056
242.320	1.476	119.965
242.304	1.175	119.966
242.270	1.077	119.710
242.256	0.541	119.872
242.225	0.250	119.667
242.210	-0.107	119.588
242.190	-0.662	119.684
242.180	-0.933	119.501
242.183	-1.239	119.409
242.172	-1.640	119.433
242.165	-2.054	119.511
242.084	-1.755	119.314
242.091	-1.644	119.361
242.120	-1.565	119.441
242.172	-1.299	119.404
242.198	-1.155	119.463
242.255	-1.008	119.572
242.317	-0.719	119.577
242.322	-0.541	119.700
242.266	-0.201	119.713
242.286	0.111	119.758
242.341	0.398	119.797
242.399	0.851	119.662
242.385	1.103	119.652
242.414	1.470	119.687
242.424	1.512	119.921
242.449	1.887	119.868
242.480	2.108	119.856
242.493	2.239	119.885
242.504	2.390	119.895
242.502	2.495	119.880
242.492	2.557	119.853
242.480	2.579	119.829
242.471	2.563	119.820
242.472	2.514	119.843
242.452	2.304	119.921
242.424	2.084	119.943
242.400	1.854	120.016
242.359	1.444	120.109
242.322	1.315	119.954
242.302	1.153	119.815
242.275	0.948	119.682
242.264	0.555	119.727
242.226	0.053	119.730
242.214	-0.338	119.736
242.177	-0.843	119.767
242.179	-1.032	119.557
242.173	-1.258	119.409
242.173	-1.634	119.426
242.171	-1.918	119.389
242.087	-1.910	119.379
242.091	-1.760	119.376
242.110	-1.709	119.444
242.130	-1.528	119.500
242.164	-1.309	119.473
242.176	-1.088	119.513
242.207	-0.820	119.512
242.259	-0.726	119.788
242.305	-0.394	119.774
242.381	-0.150	119.886
242.426	0.277	119.784
242.375	0.518	119.877
242.360	1.228	119.558
242.396	1.226	119.948
242.447	1.608	119.881
242.444	1.711	119.964
242.448	1.853	120.084
242.469	2.382	119.782
242.469	2.450	119.813
242.508	2.662	119.813
242.514	2.607	119.895
242.504	2.522	119.934
242.494	2.645	119.805
242.470	2.521	119.840
242.455	2.632	119.577
242.454	2.200	119.862
242.430	1.828	120.034
242.404	1.648	119.986
242.358	1.505	119.830
242.328	1.268	119.741
242.308	0.781	119.909
242.292	0.488	119.838
242.268	0.144	119.754
242.238	-0.255	119.693
242.204	-0.837	119.774
242.180	-0.977	119.486
242.182	-1.304	119.435
242.173	-1.819	119.536
242.155	-2.022	119.444
242.063	-1.797	119.327
242.070	-1.668	119.343
242.082	-1.612	119.455
242.110	-1.435	119.484
242.129	-1.346	119.591
242.134	-0.869	119.395
242.165	-0.790	119.638
242.207	-0.428	119.637
242.246	-0.125	119.708
242.309	0.207	119.778
242.346	0.452	119.787
242.409	0.906	119.684
242.499	1.152	119.835
242.506	1.373	119.896
242.458	1.711	119.879
242.452	2.001	119.874
242.478	2.309	119.730
242.492	2.476	119.730
242.499	2.553	119.805
242.505	2.593	119.889
242.513	2.647	119.912
242.500	2.639	119.873
242.514	2.396	120.087
242.503	2.613	119.807
242.488	2.395	119.858
242.464	2.040	119.987
242.425	1.844	119.941
242.389	1.566	119.909
242.380	1.350	119.866
242.368	0.878	120.054
242.324	0.603	119.903
242.289	0.243	119.859
242.263	-0.019	119.662
242.229	-0.664	119.850
242.199	-0.927	119.596
242.182	-1.336	119.582
242.167	-1.726	119.535
242.154	-2.077	119.525
242.055	-1.959	119.490
242.062	-1.778	119.437
242.079	-1.599	119.407
242.096	-1.454	119.450
242.116	-1.336	119.476
242.125	-1.010	119.367
242.152	-0.877	119.522
242.166	-0.612	119.531
242.205	-0.252	119.513
242.221	-0.046	119.629
242.271	0.076	119.872
242.299	0.367	119.879
242.341	0.777	119.835
242.381	1.189	119.774
242.411	1.340	119.931
242.470	1.482	120.093
242.518	1.788	120.016
242.561	2.120	119.871
242.494	2.183	119.915
242.491	2.369	119.928
242.487	2.687	119.727
242.498	2.544	119.831
242.532	2.681	119.763
242.489	2.531	119.791
242.481	2.315	119.920
242.483	2.128	120.007
242.471	2.066	119.910
242.452	1.751	120.016
242.416	1.568	119.902
242.390	1.258	119.963
242.359	1.065	119.828
242.332	0.682	119.848
242.306	0.272	119.867
242.280	-0.007	119.730
242.261	-0.477	119.821
242.222	-0.767	119.687
242.206	-1.002	119.516
242.175	-1.420	119.524
242.177	-1.684	119.443
242.145	-2.015	119.496
242.075	-1.891	119.459
242.083	-1.672	119.344
242.101	-1.549	119.343
242.124	-1.571	119.528
242.130	-1.314	119.443
242.154	-1.142	119.536
242.165	-0.848	119.496
242.174	-0.626	119.612
242.200	-0.171	119.533
242.217	0.131	119.558
242.258	0.364	119.715
242.281	0.618	119.810
242.304	1.036	119.759
242.324	1.199	119.929
242.337	1.578	119.844
242.389	1.683	120.099
242.417	1.939	120.052
242.478	2.385	119.875
242.534	2.621	119.784
242.547	2.824	119.669
242.533	2.948	119.587
242.510	2.946	119.597
242.495	2.769	119.756
242.505	2.369	120.123
242.503	2.406	119.888
242.477	2.231	119.869
242.448	1.994	119.916
242.435	1.845	119.878
242.398	1.446	119.913
242.385	1.226	119.818
242.361	0.793	119.869
242.330	0.411	119.841
242.307	-0.129	119.962
242.257	-0.358	119.686
242.234	-0.746	119.608
242.209	-1.011	119.421
242.194	-1.476	119.433
242.187	-1.854	119.394
242.052	-1.922	119.400
242.039	-1.729	119.378
242.054	-1.626	119.412
242.078	-1.568	119.503
242.095	-1.462	119.513
242.110	-1.215	119.463
242.135	-1.038	119.493
242.169	-0.740	119.457
242.196	-0.473	119.511
242.235	-0.366	119.716
242.254	-0.043	119.718
242.292	0.304	119.717
242.304	0.455	119.895
242.300	0.860	119.809
242.324	1.212	119.839
242.347	1.374	120.026
242.360	1.741	119.940
242.369	1.785	120.094
242.413	2.196	119.907
242.438	2.346	119.903
242.460	2.475	119.915
242.493	2.773	119.740
242.524	2.770	119.734
242.561	2.578	119.893
242.563	2.332	120.029
242.490	2.320	119.973
242.457	2.245	119.928
242.439	2.110	119.941
242.446	1.998	119.913
242.406	1.528	120.010
242.374	1.390	119.915
242.350	1.049	119.938
242.335	0.696	119.930
242.335	0.395	119.869
242.311	0.141	119.673
242.279	-0.504	119.917
242.248	-0.763	119.698
242.225	-1.152	119.627
242.220	-1.320	119.404
242.196	-1.814	119.479
242.124	-2.038	119.479
242.082	-1.761	119.327
242.084	-1.799	119.477
242.097	-1.606	119.427
242.121	-1.419	119.401
242.129	-1.280	119.443
242.144	-1.069	119.454
242.169	-0.913	119.538
242.202	-0.627	119.545
242.230	-0.275	119.500
242.258	-0.219	119.792
242.283	0.348	119.547
242.319	0.532	119.750
242.318	0.774	119.839
242.352	1.125	119.897
242.349	1.503	119.821
242.358	1.857	119.737
242.370	1.774	120.082
242.403	2.213	119.860
242.410	2.342	119.886
242.433	2.646	119.741
242.444	2.666	119.820
242.461	2.677	119.885
242.479	2.666	119.921
242.492	2.620	119.914
242.492	2.528	119.848
242.516	2.496	119.771
242.536	2.165	119.893
242.447	1.808	120.073
242.371	1.797	119.801
242.355	1.463	119.926
242.360	1.270	119.794
242.332	0.868	119.825
242.279	0.580	119.674
242.273	0.061	119.793
242.251	-0.250	119.690
242.231	-0.736	119.673
242.228	-1.016	119.513
242.222	-1.323	119.417
242.195	-1.866	119.507
242.098	-2.067	119.512
242.075	-1.807	119.430
242.077	-1.731	119.443
242.112	-1.546	119.410
242.132	-1.484	119.512
242.151	-1.294	119.513
242.157	-1.015	119.489
242.179	-0.922	119.621
242.194	-0.638	119.644
242.241	-0.247	119.624
242.273	0.136	119.561
242.301	0.261	119.781
242.329	0.575	119.806
242.335	0.998	119.715
242.358	1.321	119.760
242.368	1.520	119.889
242.385	1.626	120.076
242.406	1.915	120.064
242.421	2.144	120.010
242.451	2.430	119.937
242.443	2.758	119.746
242.436	2.764	119.739
242.455	2.716	119.886
242.451	2.792	119.777
242.433	2.504	119.982
242.428	2.712	119.690
242.434	2.250	120.022
242.414	2.052	119.995
242.400	1.945	119.909
242.425	1.651	119.984
242.426	1.411	119.887
242.438	1.029	119.971
242.315	0.702	119.867
242.246	0.404	119.747
242.233	0.000	119.737
242.239	-0.489	119.789
242.191	-0.915	119.653
242.171	-1.223	119.542
242.167	-1.652	119.538
242.173	-1.976	119.464
242.066	-1.913	119.485
242.092	-1.748	119.451
242.097	-1.623	119.441
242.124	-1.434	119.427
242.152	-1.355	119.535
242.165	-1.252	119.595
242.181	-0.966	119.506
242.211	-0.829	119.614
242.254	-0.614	119.731
242.279	-0.246	119.719
242.318	-0.057	119.845
242.331	0.155	119.920
242.367	0.536	119.950
242.385	1.204	119.673
242.397	1.404	119.780
242.404	1.511	119.969
242.418	1.734	119.992
242.437	1.974	119.984
242.463	2.124	120.008
242.458	2.320	119.955
242.457	2.648	119.702
242.465	2.722	119.724
242.437	2.481	119.917
242.455	2.648	119.825
242.432	2.580	119.774
242.422	2.348	119.900
242.395	2.198	119.838
242.368	1.967	119.898
242.344	1.667	119.979
242.327	1.497	119.932
242.317	1.331	119.836
242.308	1.049	119.798
242.295	0.621	119.830
242.281	0.104	119.942
242.281	-0.166	119.779
242.325	-0.652	119.881
242.268	-0.834	119.586
242.174	-1.216	119.562
242.160	-1.510	119.496
242.170	-1.901	119.503
242.106	-1.903	119.401
242.064	-1.824	119.385
242.077	-1.742	119.415
242.105	-1.762	119.600
242.140	-1.369	119.380
242.169	-1.303	119.508
242.189	-1.079	119.499
242.221	-1.042	119.696
242.248	-0.693	119.660
242.284	-0.372	119.687
242.325	-0.085	119.742
242.355	0.119	119.870
242.384	0.446	119.898
242.408	0.833	119.894
242.425	1.213	119.926
242.421	1.440	119.969
242.459	1.807	120.011
242.454	1.932	120.063
242.480	2.289	119.887
242.489	2.494	119.850
242.493	2.548	119.911
242.500	2.598	119.940
242.501	2.627	119.942
242.488	2.621	119.924
242.453	2.567	119.890
242.448	2.390	119.961
242.423	2.159	120.050
242.387	2.121	119.888
242.355	1.669	120.112
242.332	1.578	119.954
242.298	1.380	119.869
242.278	1.158	119.782
242.249	0.778	119.769
242.236	0.240	119.958
242.212	-0.025	119.723
242.204	-0.404	119.709
242.219	-0.777	119.614
242.228	-1.135	119.549
242.270	-1.496	119.509
242.291	-1.967	119.583
242.105	-1.936	119.430
242.066	-1.767	119.439
242.073	-1.649	119.423
242.133	-1.480	119.387
242.127	-1.423	119.415
242.115	-1.154	119.370
242.131	-0.993	119.458
242.194	-0.831	119.671
242.230	-0.463	119.587
242.261	-0.325	119.745
242.311	0.023	119.746
242.342	0.412	119.706
242.375	0.791	119.714
242.407	1.127	119.762
242.434	1.389	119.841
242.450	1.542	119.945
242.469	1.794	120.003
242.487	2.011	119.999
242.512	2.234	120.041
242.513	2.409	119.980
242.506	2.472	119.981
242.517	2.730	119.832
242.509	2.677	119.863
242.503	2.613	119.879
242.478	2.699	119.706
242.460	2.451	119.845
242.434	2.198	119.888
242.392	1.953	119.928
242.350	1.631	119.995
242.320	1.490	119.861
242.294	1.311	119.748
242.268	0.844	119.932
242.238	0.707	119.656
242.214	0.282	119.666
242.176	-0.182	119.686
242.167	-0.658	119.733
242.165	-0.980	119.638
242.154	-1.353	119.574
242.160	-1.741	119.581
242.158	-2.094	119.613
242.097	-1.800	119.448
242.136	-1.640	119.415
242.207	-1.573	119.494
242.212	-1.481	119.516
242.149	-1.129	119.375
242.139	-1.128	119.586
242.172	-0.838	119.559
242.217	-0.620	119.599
242.230	-0.274	119.559
242.254	0.017	119.641
242.313	0.428	119.678
242.352	0.799	119.594
242.394	1.030	119.741
242.423	1.203	119.924
242.420	1.401	119.950
242.457	1.690	120.030
242.475	1.993	119.957
242.534	2.091	120.073
242.533	2.240	120.007
242.562	2.669	119.770
242.554	2.524	119.952
242.569	2.532	120.008
242.540	2.432	119.989
242.532	2.467	119.921
242.511	2.302	119.958
242.496	2.261	119.844
242.454	1.847	120.075
242.424	1.719	119.985
242.384	1.596	119.838
242.340	1.347	119.764
242.296	0.894	119.842
242.279	0.652	119.800
242.239	0.450	119.604
242.208	-0.028	119.692
242.175	-0.521	119.744
242.167	-0.842	119.680
242.151	-1.112	119.566
242.156	-1.426	119.498
242.149	-1.867	119.567
242.067	-1.831	119.413
242.045	-1.814	119.497
242.072	-1.606	119.404
242.108	-1.464	119.429
242.150	-1.409	119.511
242.195	-1.205	119.501
242.261	-1.090	119.633
242.263	-0.900	119.721
242.206	-0.539	119.642
242.204	-0.174	119.607
242.273	0.002	119.802
242.316	0.386	119.727
242.336	0.744	119.679
242.348	0.934	119.870
242.380	1.316	119.886
242.433	1.602	119.961
242.454	1.735	120.091
242.490	2.005	120.040
242.512	2.376	119.850
242.529	2.419	119.944
242.543	2.524	119.914
242.557	2.463	120.014
242.571	2.686	119.831
242.573	2.724	119.778
242.551	2.105	120.267
242.531	2.250	119.973
242.516	2.128	119.940
242.466	1.894	119.962
242.431	1.716	119.866
242.401	1.483	119.831
242.363	1.156	119.851
242.334	0.803	119.907
242.296	0.495	119.831
242.234	0.150	119.741
242.200	-0.380	119.873
242.186	-0.542	119.656
242.164	-0.932	119.609
242.138	-1.286	119.577
242.132	-1.636	119.565
242.138	-1.941	119.562
242.041	-1.838	119.432
242.029	-1.783	119.492
242.048	-1.564	119.412
242.068	-1.507	119.494
242.104	-1.333	119.498
242.135	-1.155	119.541
242.167	-0.930	119.533
242.240	-0.742	119.673
242.301	-0.514	119.740
242.291	-0.299	119.876
242.282	0.240	119.741
242.289	0.580	119.722
242.329	0.841	119.760
242.381	1.203	119.730
242.387	1.399	119.914
242.389	1.602	119.982
242.424	1.845	120.068
242.464	1.978	120.133
242.509	2.387	119.941
242.530	2.595	119.847
242.539	2.532	119.962
242.545	2.473	120.033
242.557	2.690	119.804
242.545	2.606	119.781
242.529	2.386	119.854
242.529	2.193	119.911
242.499	1.863	120.072
242.458	1.648	119.983
242.435	1.473	119.921
242.401	1.386	119.703
242.371	1.088	119.700
242.327	0.443	119.902
242.299	0.139	119.894
242.244	-0.262	119.863
242.222	-0.603	119.793
242.185	-0.770	119.574
242.166	-1.124	119.559
242.153	-1.486	119.553
242.145	-1.851	119.600
242.092	-1.972	119.515
242.034	-1.783	119.468
242.030	-1.739	119.532
242.041	-1.492	119.450
242.072	-1.375	119.477
242.083	-1.130	119.464
242.109	-1.045	119.612
242.146	-0.718	119.567
242.192	-0.477	119.644
242.238	-0.125	119.602
242.313	0.237	119.605
242.369	0.437	119.719
242.330	0.790	119.710
242.326	1.201	119.683
242.353	1.523	119.735
242.408	1.610	119.962
242.457	1.998	119.928
242.453	2.142	119.960
242.469	2.295	119.985
242.492	2.613	119.793
242.522	2.687	119.835
242.546	2.603	119.977
242.551	2.447	120.083
242.543	2.521	119.955
242.527	2.472	119.883
242.531	2.316	119.888
242.521	1.980	120.038
242.485	1.688	120.050
242.476	1.698	119.827
242.427	1.427	119.749
242.405	1.061	119.822
242.354	0.641	119.766
242.316	0.210	119.804
242.281	-0.286	119.903
242.251	-0.550	119.710
242.204	-0.846	119.575
242.171	-1.268	119.590
242.158	-1.579	119.560
242.153	-2.033	119.632
242.060	-1.917	119.455
242.024	-1.802	119.504
242.037	-1.601	119.465
242.043	-1.405	119.422
242.070	-1.309	119.555
242.082	-1.076	119.536
242.092	-0.904	119.591
242.119	-0.569	119.555
242.148	-0.176	119.445
242.188	0.046	119.548
242.230	0.305	119.578
242.300	0.414	119.827
242.373	0.747	119.809
242.418	0.967	119.891
242.401	1.460	119.804
242.366	1.567	119.944
242.406	1.968	119.953
242.465	2.123	119.962
242.493	2.264	119.998
242.503	2.410	120.002
242.508	2.583	119.910
242.533	2.641	119.918
242.555	2.594	119.974
242.553	2.452	120.026
242.543	2.459	119.926
242.520	2.067	120.102
242.497	1.933	119.994
242.484	1.731	119.949
242.469	1.490	119.919
242.438	1.239	119.856
242.413	0.981	119.760
242.386	0.411	119.924
242.347	-0.058	119.922
242.297	-0.281	119.691
242.274	-0.705	119.701
242.229	-0.982	119.516
242.204	-1.320	119.477
242.186	-1.693	119.475
242.149	-1.982	119.424
242.058	-1.832	119.433
242.039	-1.757	119.485
242.047	-1.516	119.454
242.068	-1.427	119.515
242.066	-1.255	119.564
242.082	-1.115	119.649
242.101	-0.761	119.591
242.104	-0.469	119.556
242.129	-0.308	119.695
242.155	0.152	119.542
242.207	0.299	119.758
242.232	0.658	119.650
242.266	0.838	119.800
242.324	1.199	119.829
242.370	1.495	119.830
242.451	1.680	119.949
242.464	1.887	119.990
242.422	2.178	119.842
242.451	2.358	119.916
242.478	2.359	120.030
242.525	2.508	119.986
242.536	2.107	120.372
242.536	2.273	120.205
242.531	2.524	119.919
242.532	2.379	119.952
242.525	2.250	119.889
242.517	1.923	120.031
242.484	1.709	119.958
242.457	1.376	119.992
242.429	1.252	119.756
242.405	0.812	119.810
242.364	0.354	119.798
242.361	-0.088	119.895
242.319	-0.583	119.881
242.286	-0.749	119.642
242.242	-1.142	119.586
242.213	-1.459	119.468
242.184	-1.899	119.538
242.088	-1.893	119.342
242.055	-1.824	119.444
242.043	-1.661	119.414
242.056	-1.481	119.413
242.075	-1.385	119.505
242.087	-1.190	119.568
242.093	-0.960	119.561
242.106	-0.728	119.648
242.113	-0.518	119.683
242.141	-0.065	119.614
242.163	0.207	119.641
242.201	0.351	119.888
242.234	0.754	119.786
242.254	1.065	119.803
242.262	1.346	119.770
242.290	1.552	119.881
242.342	1.751	119.992
242.399	1.999	119.975
242.460	2.325	119.802
242.482	2.518	119.742
242.481	2.610	119.758
242.474	2.632	119.812
242.479	2.617	119.868
242.512	2.596	119.890
242.524	2.427	119.944
242.510	2.349	119.916
242.500	2.157	119.895
242.494	1.826	120.046
242.468	1.605	119.969
242.449	1.306	119.940
242.428	1.071	119.826
242.402	0.748	119.767
242.366	0.218	119.849
242.345	-0.183	119.758
242.322	-0.628	119.777
242.283	-0.959	119.605
242.260	-1.256	119.486
242.229	-1.719	119.526
242.208	-2.016	119.475
242.078	-1.845	119.342
242.069	-1.709	119.359
242.060	-1.521	119.323
242.083	-1.576	119.570
242.098	-1.227	119.407
242.107	-1.111	119.563
242.116	-0.947	119.658
242.124	-0.671	119.673
242.150	-0.308	119.667
242.183	0.078	119.626
242.214	0.387	119.660
242.241	0.563	119.826
242.241	0.728	119.924
242.253	1.179	119.810
242.262	1.424	119.892
242.283	1.848	119.779
242.311	1.850	120.060
242.331	2.265	119.797
242.382	2.186	120.092
242.419	2.494	119.896
242.493	2.859	119.703
242.514	2.849	119.730
242.506	2.679	119.843
242.492	2.561	119.906
242.496	2.710	119.783
242.493	2.328	119.947
242.509	2.115	119.929
242.475	1.915	119.869
242.455	1.714	119.844
242.451	1.498	119.745
242.441	1.026	119.826
242.428	0.496	119.959
242.373	-0.027	119.948
242.345	-0.249	119.683
242.323	-0.843	119.812
242.290	-1.163	119.625
242.269	-1.487	119.453
242.251	-2.032	119.504
242.109	-1.825	119.302
242.099	-1.762	119.381
242.095	-1.569	119.341
242.107	-1.491	119.410
242.118	-1.367	119.459
242.108	-1.165	119.437
242.115	-1.027	119.516
242.134	-0.796	119.543
242.159	-0.419	119.479
242.181	-0.309	119.657
242.219	-0.026	119.676
242.251	0.229	119.776
242.235	0.381	119.838
242.263	0.994	119.632
242.270	1.110	119.822
242.280	1.448	119.797
242.281	1.667	119.856
242.289	1.910	119.857
242.307	2.113	119.862
242.316	2.142	119.956
242.341	2.476	119.791
242.349	2.387	119.912
242.364	2.408	119.894
242.406	2.499	119.889
242.463	2.472	119.882
242.506	2.376	119.876
242.508	2.258	119.870
242.443	2.044	119.920
242.421	1.808	120.026
242.412	1.622	119.942
242.445	1.387	119.952
242.418	1.214	119.765
242.393	0.812	119.806
242.378	0.339	119.892
242.362	-0.099	119.910
242.351	-0.369	119.768
242.342	-0.836	119.823
242.306	-1.057	119.567
242.292	-1.485	119.544
242.267	-1.905	119.522
242.178	-2.065	119.535
242.122	-1.776	119.341
242.130	-1.752	119.476
242.146	-1.471	119.358
242.149	-1.379	119.410
242.143	-1.264	119.520
242.131	-0.944	119.449
242.161	-0.801	119.639
242.175	-0.453	119.625
242.185	-0.135	119.642
242.221	0.214	119.647
242.245	0.386	119.783
242.262	0.573	119.898
242.269	0.977	119.865
242.279	1.442	119.725
242.291	1.664	119.819
242.310	1.904	119.922
242.311	1.849	120.164
242.319	2.265	119.924
242.335	2.384	120.020
242.344	2.776	119.736
242.347	2.754	119.804
242.343	2.636	119.895
242.367	2.756	119.786
242.378	2.691	119.808
242.391	2.459	119.883
242.442	2.246	119.949
242.485	2.050	119.970
242.481	1.657	120.004
242.418	1.641	119.774
242.377	1.208	119.860
242.374	1.047	119.725
242.379	0.514	119.800
242.371	0.070	119.808
242.318	-0.481	119.804
242.285	-0.854	119.691
242.281	-1.250	119.615
242.275	-1.613	119.530
242.243	-2.063	119.531
242.123	-1.877	119.456
242.125	-1.608	119.289
242.133	-1.531	119.379
242.156	-1.466	119.435
242.173	-1.363	119.471
242.179	-1.266	119.556
242.194	-0.996	119.486
242.217	-0.815	119.576
242.236	-0.590	119.670
242.253	-0.120	119.514
242.275	-0.142	119.806
242.282	-0.023	119.944
242.302	0.540	119.776
242.308	0.913	119.767
242.315	1.206	119.768
242.304	1.563	119.710
242.315	1.772	119.761
242.321	1.603	120.163
242.332	1.801	120.191
242.321	2.065	120.061
242.317	2.290	119.958
242.340	2.338	120.078
242.318	2.410	119.973
242.323	2.552	119.886
242.330	2.654	119.723
242.339	2.360	119.940
242.359	2.219	119.953
242.348	2.098	119.866
242.367	1.747	120.030
242.394	1.604	119.942
242.429	1.366	119.942
242.478	1.261	119.757
242.390	0.729	119.851
242.332	0.272	119.923
242.332	0.040	119.836
242.334	-0.321	119.756
242.339	-0.714	119.744
242.295	-1.058	119.627
242.287	-1.257	119.473
242.268	-1.658	119.496
242.262	-1.911	119.432
242.183	-1.902	119.405
242.181	-1.856	119.479
242.173	-1.792	119.484
242.197	-1.608	119.465
242.204	-1.413	119.436
242.211	-1.142	119.343
242.212	-1.044	119.499
242.229	-0.761	119.499
242.245	-0.579	119.679
242.266	-0.126	119.566
242.285	0.284	119.501
242.296	0.289	119.859
242.312	0.776	119.743
242.322	1.034	119.855
242.315	1.320	119.918
242.330	1.410	120.137
242.346	1.896	120.010
242.339	2.146	119.890
242.349	2.308	119.955
242.354	2.632	119.826
242.349	2.615	119.912
242.342	2.882	119.727
242.346	2.689	119.935
242.343	2.907	119.695
242.337	2.731	119.792
242.332	2.475	119.929
242.335	2.335	119.859
242.334	2.107	119.866
242.341	1.791	119.948
242.347	1.586	119.858
242.360	1.261	119.818
242.394	0.912	119.799
242.432	0.536	119.758
242.366	-0.103	119.908
242.297	-0.387	119.730
242.276	-0.786	119.637
242.290	-1.332	119.689
242.289	-1.599	119.463
242.234	-2.000	119.415
242.115	-1.923	119.452
242.125	-1.707	119.437
242.139	-1.610	119.485
242.182	-1.447	119.486
242.192	-1.197	119.377
242.200	-1.020	119.422
242.209	-0.916	119.514
242.244	-0.911	119.833
242.277	-0.432	119.683
242.304	-0.115	119.671
242.333	0.005	119.842
242.345	0.264	119.888
242.363	0.914	119.609
242.365	0.963	119.933
242.360	1.302	119.938
242.366	1.608	119.932
242.361	1.658	120.128
242.371	1.956	120.058
242.393	2.219	120.021
242.385	2.573	119.810
242.363	2.454	120.008
242.349	2.688	119.817
242.337	2.726	119.775
242.326	2.586	119.875
242.315	2.678	119.733
242.306	2.318	119.929
242.304	2.247	119.808
242.290	2.098	119.776
242.272	1.499	120.085
242.261	1.489	119.778
242.270	1.094	119.861
242.281	0.756	119.859
242.294	0.400	119.835
242.318	-0.157	119.950
242.353	-0.367	119.721
242.380	-0.777	119.695
242.322	-1.118	119.623
242.276	-1.383	119.468
242.256	-1.830	119.520
242.189	-1.899	119.421
242.161	-1.742	119.384
242.157	-1.582	119.390
242.167	-1.385	119.382
242.198	-1.124	119.343
242.218	-1.186	119.586
242.244	-1.079	119.748
242.260	-0.593	119.523
242.279	-0.583	119.766
242.296	0.032	119.532
242.347	0.310	119.603
242.360	0.428	119.764
242.379	0.737	119.723
242.394	1.088	119.715
242.420	1.405	119.805
242.417	1.587	119.950
242.406	1.887	119.905
242.421	1.967	120.055
242.424	2.032	120.147
242.421	2.435	119.930
242.420	2.645	119.820
242.409	2.651	119.892
242.383	2.638	119.842
242.359	2.464	119.944
242.357	2.334	120.056
242.337	2.335	119.902
242.314	2.036	119.976
242.289	1.634	120.158
242.292	1.572	120.044
242.254	1.200	120.093
242.243	1.152	119.761
242.242	0.842	119.770
242.226	0.316	119.854
242.237	-0.109	119.879
242.242	-0.553	119.861
242.252	-0.819	119.707
242.278	-1.083	119.523
242.327	-1.406	119.471
242.376	-1.807	119.476
242.246	-1.985	119.469
242.150	-1.772	119.425
242.157	-1.769	119.540
242.205	-1.501	119.446
242.249	-1.438	119.504
242.230	-1.213	119.498
242.217	-0.890	119.445
242.248	-0.712	119.577
242.289	-0.526	119.709
242.328	-0.228	119.734
242.360	0.116	119.703
242.384	0.494	119.678
242.384	0.893	119.548
242.393	0.880	119.904
242.425	1.415	119.812
242.451	1.652	119.861
242.434	1.748	120.011
242.453	2.044	119.974
242.468	2.273	119.984
242.467	2.564	119.889
242.459	2.622	119.915
242.441	2.688	119.869
242.436	2.801	119.794
242.414	2.550	119.974
242.374	2.579	119.859
242.373	2.259	120.072
242.341	2.040	120.063
242.325	1.854	120.049
242.292	1.495	120.092
242.261	1.541	119.742
242.244	1.078	119.836
242.225	0.649	119.862
242.209	0.453	119.654
242.198	-0.054	119.691
242.178	-0.471	119.640
242.185	-0.834	119.536
242.193	-1.179	119.440
242.206	-1.578	119.439
242.237	-1.968	119.449
242.146	-1.869	119.415
242.200	-1.767	119.483
242.271	-1.620	119.508
242.255	-1.500	119.537
242.217	-1.316	119.626
242.204	-1.073	119.590
242.234	-0.779	119.528
242.281	-0.697	119.711
242.316	-0.190	119.527
242.345	-0.052	119.759
242.369	0.381	119.638
242.405	0.874	119.452
242.443	1.184	119.499
242.468	1.345	119.690
242.468	1.393	119.937
242.435	1.670	119.835
242.450	1.709	120.047
242.470	2.050	119.912
242.486	2.234	119.896
242.481	2.381	119.903
242.472	2.366	119.987
242.466	2.512	119.898
242.449	2.556	119.831
242.435	2.554	119.844
242.415	2.224	120.052
242.391	2.217	119.908
242.360	1.801	120.135
242.336	1.673	120.033
242.314	1.424	120.039
242.281	1.241	119.895
242.256	1.119	119.674
242.251	0.802	119.677
242.218	0.309	119.763
242.196	0.065	119.558
242.183	-0.644	119.826
242.182	-1.089	119.882
242.166	-1.103	119.468
242.172	-1.421	119.420
242.173	-1.812	119.400
242.134	-1.993	119.424
242.096	-1.960	119.534
242.129	-1.746	119.457
242.181	-1.519	119.435
242.250	-1.401	119.505
242.328	-1.218	119.599
242.303	-1.036	119.659
242.241	-0.695	119.636
242.246	-0.375	119.635
242.300	-0.124	119.791
242.373	0.318	119.663
242.377	0.397	119.865
242.373	0.843	119.700
242.427	1.244	119.783
242.456	1.474	119.872
242.469	1.656	119.947
242.478	1.912	119.991
242.494	2.212	119.852
242.503	2.485	119.784
242.498	2.576	119.810
242.494	2.611	119.850
242.505	2.716	119.824
242.498	2.593	119.960
242.489	2.713	119.820
242.459	2.564	119.868
242.437	2.326	119.943
242.406	2.040	120.012
242.377	1.855	119.999
242.353	1.576	119.997
242.309	1.285	119.959
242.294	1.096	119.809
242.265	0.735	119.742
242.219	0.164	119.841
242.211	-0.057	119.659
242.188	-0.498	119.623
242.173	-1.044	119.657
242.163	-1.229	119.427
242.151	-1.752	119.489
242.128	-1.947	119.348
242.047	-1.795	119.321
242.055	-1.728	119.402
242.082	-1.450	119.315
242.119	-1.444	119.493
242.160	-1.076	119.348
242.185	-1.051	119.561
242.243	-0.843	119.631
242.310	-0.582	119.690
242.391	-0.332	119.796
242.355	0.066	119.716
242.325	0.286	119.810
242.360	0.700	119.768
242.417	1.168	119.655
242.457	1.296	119.835
242.427	1.563	119.807
242.435	1.706	119.949
242.435	1.978	119.854
242.479	2.063	119.984
242.509	2.313	119.900
242.510	2.552	119.753
242.486	2.300	119.962
242.492	2.384	119.933
242.480	2.295	119.931
242.475	2.342	119.808
242.451	2.119	119.897
242.434	1.958	119.937
242.399	1.643	120.013
242.365	1.531	119.883
242.337	1.349	119.822
242.316	1.005	119.895
242.289	0.626	119.969
242.261	0.520	119.709
242.244	0.152	119.746
242.223	-0.132	119.661
242.201	-0.544	119.719
242.170	-0.883	119.630
242.165	-1.062	119.509
242.159	-1.330	119.468
242.159	-1.608	119.503
242.152	-1.723	119.394
242.155	-1.902	119.391
242.145	-1.983	119.428
242.152	-1.775	119.318
242.165	-1.854	119.514
242.182	-1.693	119.519
242.203	-1.486	119.505
242.234	-1.138	119.428
242.275	-1.103	119.704
242.330	-0.857	119.840
242.395	-0.513	119.852
242.407	-0.001	119.771
242.332	0.325	119.784
242.354	0.702	119.844
242.386	1.187	119.754
242.435	1.327	119.966
242.441	1.662	119.922
242.428	1.945	119.943
242.466	2.240	119.919
242.501	2.566	119.853
242.528	2.771	119.805
242.533	2.932	119.751
242.529	3.022	119.709
242.529	3.017	119.701
242.529	2.950	119.725
242.510	2.926	119.687
242.465	2.515	119.851
242.472	2.278	119.995
242.458	2.065	120.038
242.403	1.737	120.098
242.361	1.464	119.926
242.344	1.299	119.777
242.310	0.764	119.943
242.269	0.522	119.684
242.246	-0.033	119.754
242.202	-0.613	119.789
242.191	-0.855	119.518
242.171	-1.309	119.496
242.152	-1.804	119.522
242.052	-1.933	119.332
242.006	-1.779	119.384
241.996	-1.665	119.373
242.024	-1.428	119.327
242.059	-1.284	119.343
242.083	-1.193	119.433
242.101	-0.917	119.399
242.136	-0.833	119.589
242.182	-0.439	119.560
242.233	-0.177	119.583
242.300	0.121	119.590
242.368	0.078	119.945
242.431	0.467	119.843
242.487	0.822	119.837
242.445	1.312	119.660
242.422	1.345	119.977
242.433	1.513	120.075
242.483	1.926	119.883
242.471	1.831	120.052
242.467	2.001	120.019
242.476	2.279	119.902
242.498	2.506	119.818
242.497	2.350	119.989
242.504	2.492	119.879
242.481	2.316	119.942
242.469	2.345	119.818
242.439	2.010	119.943
242.418	1.847	119.931
242.393	1.655	119.943
242.382	1.352	120.026
242.351	1.248	119.834
242.325	0.969	119.851
242.295	0.690	119.777
242.274	0.369	119.755
242.246	0.037	119.691
242.238	-0.325	119.706
242.194	-0.798	119.751
242.188	-0.943	119.522
242.178	-1.312	119.533
242.169	-1.639	119.536
242.166	-1.809	119.440
242.139	-2.077	119.513
242.085	-1.930	119.419
242.099	-1.780	119.386
242.121	-1.644	119.417
242.137	-1.530	119.473
242.150	-1.207	119.364
242.157	-1.037	119.485
242.182	-1.077	119.827
242.197	-0.544	119.654
242.242	-0.036	119.550
242.293	0.064	119.830
242.345	0.516	119.757
242.414	0.845	119.790
242.492	1.299	119.747
242.492	1.558	119.784
242.438	1.604	120.021
242.455	1.991	119.972
242.500	2.227	119.953
