NO_OF_FRAMES	5000
NO_OF_DATA_TYPES	3
FREQUENCY	500
TIME_STAMP	2026-06-15, 19:19:11
DATA_INCLUDED	Position
DATA_TYPES	Unidentified [910630]_pos_X	Unidentified [910630]_pos_Y	Unidentified [910630]_pos_Z


312.500	-0.852	120.760
312.510	-0.599	120.762
312.559	-0.335	120.726
312.615	-0.125	120.741
312.643	0.142	120.687
312.625	0.389	120.701
312.629	0.652	120.686
312.713	0.943	120.626
312.710	1.154	120.683
312.735	1.355	120.710
312.796	1.566	120.703
312.774	1.737	120.672
312.813	1.938	120.604
312.756	1.937	120.682
312.796	1.995	120.688
312.837	2.006	120.649
312.781	1.925	120.697
312.772	1.773	120.769
312.744	1.580	120.781
312.707	1.303	120.749
312.697	0.932	120.771
312.672	0.462	120.788
312.649	-0.068	120.768
312.627	-0.731	120.801
312.552	-1.482	120.832
312.498	-2.304	120.841
312.263	-2.820	120.647
312.174	-2.691	120.391
312.233	-2.692	120.530
312.318	-2.744	120.893
312.422	-2.766	121.043
312.374	-2.600	121.011
312.458	-2.386	120.879
312.501	-2.236	120.815
312.532	-2.118	120.684
312.516	-2.003	120.551
312.547	-1.895	120.524
312.581	-1.757	120.556
312.486	-1.683	120.649
312.459	-1.538	120.673
312.459	-1.423	120.763
312.490	-1.259	120.783
312.524	-1.060	120.775
312.509	-0.844	120.759
312.594	-0.594	120.710
312.612	-0.406	120.765
312.658	-0.157	120.724
312.675	0.094	120.668
312.699	0.336	120.682
312.707	0.632	120.608
312.675	0.823	120.655
312.720	1.064	120.676
312.707	1.287	120.672
312.764	1.460	120.742
312.722	1.591	120.778
312.767	1.754	120.710
312.744	1.836	120.744
312.775	1.889	120.733
312.740	1.893	120.766
312.771	1.848	120.761
312.774	1.711	120.796
312.732	1.513	120.814
312.740	1.265	120.798
312.698	0.885	120.838
312.696	0.446	120.833
312.676	-0.073	120.784
312.676	-0.669	120.783
312.601	-1.376	120.804
312.532	-2.213	120.840
312.364	-2.815	120.674
312.190	-2.734	120.415
312.234	-2.767	120.470
312.316	-2.803	120.786
312.386	-2.796	120.953
312.358	-2.663	120.996
312.435	-2.522	120.885
312.396	-2.497	120.882
312.420	-2.389	120.654
312.377	-2.398	120.568
312.333	-2.385	120.576
312.376	-2.277	120.604
312.383	-2.215	120.696
312.405	-2.150	120.788
312.431	-2.010	120.792
312.467	-1.842	120.762
312.488	-1.665	120.733
312.501	-1.502	120.779
312.540	-1.242	120.758
312.593	-0.992	120.734
312.614	-0.728	120.689
312.623	-0.421	120.609
312.664	-0.130	120.580
312.677	0.151	120.588
312.684	0.468	120.613
312.692	0.726	120.690
312.687	0.996	120.760
312.744	1.279	120.748
312.727	1.518	120.799
312.750	1.728	120.828
312.755	1.910	120.794
312.784	2.065	120.765
312.776	2.138	120.765
312.826	2.205	120.796
312.797	2.199	120.812
312.805	2.086	120.840
312.786	1.916	120.833
312.810	1.694	120.805
312.792	1.359	120.790
312.776	0.965	120.739
312.757	0.419	120.728
312.758	-0.219	120.705
312.677	-0.989	120.759
312.621	-1.837	120.787
312.511	-2.709	120.716
312.192	-2.781	120.432
312.129	-2.793	120.388
312.217	-2.817	120.676
312.295	-2.870	120.987
312.252	-2.744	121.022
312.233	-2.565	120.891
312.291	-2.417	120.838
312.328	-2.341	120.764
312.349	-2.278	120.627
312.348	-2.222	120.606
312.401	-2.072	120.566
312.423	-2.011	120.735
312.452	-1.862	120.773
312.526	-1.631	120.701
312.527	-1.484	120.739
312.530	-1.282	120.741
312.570	-1.027	120.663
312.597	-0.786	120.642
312.600	-0.556	120.669
312.647	-0.300	120.696
312.643	-0.068	120.690
312.670	0.207	120.657
312.673	0.544	120.604
312.684	0.825	120.629
312.698	1.039	120.750
312.707	1.274	120.783
312.736	1.486	120.827
312.740	1.645	120.891
312.779	1.820	120.849
312.785	1.922	120.839
312.826	2.026	120.785
312.826	2.045	120.797
312.834	2.005	120.807
312.831	1.915	120.790
312.838	1.768	120.762
312.836	1.507	120.786
312.856	1.221	120.720
312.822	0.783	120.750
312.772	0.243	120.759
312.723	-0.346	120.730
312.649	-1.070	120.748
312.594	-1.802	120.722
312.464	-2.698	120.743
312.113	-2.857	120.502
312.055	-2.810	120.430
312.136	-2.841	120.728
312.266	-2.833	120.981
312.257	-2.773	121.048
312.278	-2.592	120.936
312.301	-2.448	120.877
312.364	-2.312	120.780
312.366	-2.247	120.658
312.403	-2.136	120.528
312.417	-2.089	120.585
312.446	-1.973	120.625
312.457	-1.862	120.675
312.465	-1.734	120.701
312.474	-1.555	120.675
312.483	-1.410	120.709
312.538	-1.188	120.695
312.542	-0.969	120.655
312.548	-0.794	120.727
312.544	-0.506	120.676
312.590	-0.279	120.733
312.653	0.011	120.683
312.636	0.248	120.731
312.673	0.582	120.660
312.703	0.783	120.757
312.743	1.081	120.798
312.759	1.254	120.876
312.758	1.446	120.901
312.825	1.675	120.853
312.839	1.794	120.848
312.859	1.918	120.803
312.862	1.985	120.767
312.882	1.982	120.765
312.874	1.943	120.773
312.855	1.844	120.755
312.830	1.637	120.782
312.821	1.427	120.710
312.778	1.075	120.719
312.708	0.654	120.689
312.616	0.110	120.703
312.567	-0.506	120.730
312.538	-1.182	120.718
312.492	-1.962	120.740
312.379	-2.818	120.747
312.103	-2.841	120.443
312.055	-2.864	120.513
312.185	-2.829	120.761
312.275	-2.873	121.001
312.284	-2.751	121.019
312.327	-2.538	120.902
312.336	-2.396	120.848
312.373	-2.273	120.764
312.386	-2.143	120.573
312.405	-2.053	120.502
312.413	-1.977	120.530
312.417	-1.903	120.648
312.440	-1.753	120.636
312.449	-1.588	120.644
312.457	-1.424	120.643
312.464	-1.299	120.742
312.523	-1.080	120.726
312.517	-0.903	120.781
312.601	-0.650	120.772
312.652	-0.403	120.783
312.656	-0.177	120.785
312.680	0.097	120.756
312.710	0.368	120.753
312.738	0.607	120.784
312.759	0.837	120.830
312.834	1.103	120.812
312.855	1.327	120.817
312.885	1.507	120.823
312.854	1.645	120.836
312.877	1.800	120.764
312.835	1.869	120.743
312.887	1.942	120.687
312.871	1.922	120.688
312.832	1.845	120.724
312.710	1.674	120.754
312.720	1.532	120.661
312.678	1.244	120.682
312.682	0.892	120.708
312.645	0.442	120.691
312.634	-0.094	120.673
312.576	-0.712	120.704
312.551	-1.421	120.728
312.473	-2.251	120.798
312.313	-2.859	120.630
312.023	-2.844	120.462
312.112	-2.761	120.443
312.166	-2.832	120.869
312.256	-2.874	121.088
312.223	-2.723	120.989
312.220	-2.555	120.884
312.269	-2.372	120.755
312.312	-2.272	120.702
312.322	-2.180	120.569
312.337	-2.071	120.499
312.384	-1.965	120.579
312.413	-1.833	120.638
312.460	-1.692	120.682
312.486	-1.536	120.720
312.511	-1.380	120.796
312.565	-1.142	120.747
312.593	-0.924	120.789
312.611	-0.762	120.865
312.670	-0.469	120.812
312.704	-0.256	120.847
312.754	0.037	120.788
312.784	0.311	120.762
312.822	0.576	120.737
312.767	0.807	120.731
312.829	1.071	120.747
312.845	1.317	120.717
312.843	1.464	120.801
312.852	1.655	120.766
312.857	1.804	120.726
312.832	1.901	120.713
312.763	1.938	120.755
312.753	1.943	120.735
312.759	1.916	120.737
312.785	1.847	120.705
312.760	1.645	120.742
312.745	1.410	120.748
312.714	1.108	120.711
312.684	0.687	120.738
312.679	0.198	120.720
312.643	-0.405	120.734
312.570	-1.100	120.719
312.465	-1.895	120.745
312.335	-2.779	120.788
312.080	-2.840	120.443
312.100	-2.707	120.285
312.122	-2.767	120.650
312.201	-2.798	120.960
312.212	-2.822	121.104
312.213	-2.578	120.875
312.227	-2.425	120.799
312.291	-2.278	120.696
312.313	-2.181	120.597
312.349	-2.043	120.498
312.401	-1.908	120.537
312.477	-1.780	120.640
312.509	-1.625	120.688
312.573	-1.470	120.762
312.604	-1.275	120.771
312.614	-1.091	120.811
312.683	-0.865	120.835
312.725	-0.638	120.845
312.744	-0.431	120.867
312.770	-0.153	120.794
312.763	0.059	120.819
312.775	0.330	120.789
312.783	0.593	120.759
312.799	0.876	120.706
312.747	1.078	120.736
312.697	1.319	120.713
312.719	1.476	120.781
312.771	1.663	120.783
312.793	1.818	120.732
312.785	1.892	120.713
312.791	1.964	120.669
312.788	1.952	120.722
312.803	1.924	120.695
312.803	1.817	120.710
312.786	1.651	120.713
312.753	1.379	120.730
312.709	1.026	120.763
312.657	0.618	120.752
312.609	0.065	120.759
312.537	-0.548	120.780
312.513	-1.233	120.752
312.400	-2.078	120.789
312.267	-2.861	120.730
312.024	-2.826	120.381
311.984	-2.807	120.415
312.085	-2.839	120.763
312.194	-2.807	120.972
312.237	-2.735	121.012
312.243	-2.558	120.876
312.312	-2.385	120.784
312.327	-2.265	120.724
312.417	-2.074	120.525
312.418	-2.001	120.532
312.484	-1.914	120.661
312.546	-1.772	120.700
312.568	-1.609	120.745
312.627	-1.419	120.758
312.653	-1.262	120.788
312.679	-1.080	120.838
312.695	-0.898	120.863
312.746	-0.637	120.803
312.737	-0.433	120.840
312.746	-0.202	120.809
312.730	0.032	120.770
312.682	0.269	120.719
312.744	0.572	120.650
312.722	0.748	120.706
312.776	1.009	120.714
312.783	1.236	120.687
312.814	1.420	120.733
312.819	1.586	120.743
312.825	1.725	120.779
312.849	1.816	120.748
312.837	1.895	120.736
312.837	1.909	120.710
312.838	1.874	120.707
312.776	1.763	120.726
312.774	1.605	120.737
312.707	1.331	120.776
312.680	1.033	120.732
312.585	0.616	120.695
312.568	0.080	120.725
312.534	-0.446	120.656
312.422	-1.202	120.770
312.349	-1.982	120.761
312.263	-2.795	120.716
311.955	-2.879	120.431
312.055	-2.700	120.235
312.099	-2.779	120.647
312.206	-2.802	120.940
312.245	-2.779	121.062
312.275	-2.546	120.887
312.373	-2.400	120.852
312.451	-2.228	120.751
312.507	-2.099	120.616
312.536	-2.019	120.581
312.579	-1.913	120.652
312.578	-1.800	120.713
312.628	-1.675	120.753
312.659	-1.515	120.766
312.632	-1.387	120.820
312.589	-1.210	120.840
312.576	-0.999	120.829
312.635	-0.786	120.829
312.684	-0.541	120.784
312.700	-0.331	120.795
312.730	-0.087	120.748
312.769	0.225	120.652
312.774	0.503	120.598
312.788	0.708	120.682
312.842	0.997	120.610
312.852	1.222	120.698
312.849	1.408	120.754
312.875	1.616	120.787
312.852	1.759	120.778
312.827	1.905	120.735
312.811	1.947	120.777
312.824	2.000	120.738
312.823	2.013	120.698
312.752	1.923	120.712
312.726	1.738	120.775
312.696	1.508	120.784
312.613	1.188	120.775
312.601	0.816	120.742
312.572	0.322	120.731
312.562	-0.213	120.655
312.489	-0.960	120.707
312.332	-1.826	120.808
312.291	-2.591	120.688
312.051	-2.788	120.377
312.002	-2.730	120.250
312.041	-2.779	120.577
312.267	-2.710	120.839
312.299	-2.811	121.149
312.333	-2.591	121.009
312.398	-2.393	120.888
312.453	-2.234	120.817
312.487	-2.111	120.733
312.567	-1.956	120.593
312.593	-1.833	120.624
312.625	-1.714	120.719
312.618	-1.578	120.796
312.581	-1.403	120.801
312.620	-1.252	120.805
312.649	-1.028	120.808
312.659	-0.830	120.783
312.706	-0.630	120.798
312.727	-0.396	120.799
312.754	-0.131	120.729
312.769	0.080	120.730
312.804	0.342	120.698
312.798	0.632	120.661
312.831	0.842	120.669
312.820	1.093	120.652
312.792	1.297	120.672
312.800	1.455	120.767
312.807	1.652	120.736
312.810	1.772	120.795
312.776	1.871	120.710
312.740	1.889	120.752
312.727	1.904	120.714
312.737	1.890	120.664
312.698	1.734	120.711
312.629	1.488	120.774
312.617	1.257	120.741
312.611	0.906	120.754
312.547	0.473	120.734
312.559	-0.035	120.725
312.480	-0.634	120.717
312.447	-1.345	120.736
312.346	-2.135	120.733
312.240	-2.871	120.638
312.046	-2.768	120.319
312.067	-2.781	120.417
312.191	-2.780	120.755
312.298	-2.840	121.082
312.325	-2.690	121.070
312.389	-2.495	120.942
312.439	-2.321	120.878
312.497	-2.163	120.787
312.498	-2.047	120.648
312.454	-1.963	120.653
312.498	-1.809	120.656
312.559	-1.715	120.764
312.616	-1.536	120.752
312.641	-1.367	120.736
312.667	-1.191	120.742
312.717	-0.987	120.726
312.730	-0.809	120.782
312.771	-0.569	120.756
312.787	-0.335	120.759
312.830	-0.066	120.682
312.785	0.145	120.691
312.776	0.444	120.636
312.754	0.670	120.660
312.788	0.932	120.665
312.773	1.146	120.684
312.762	1.340	120.709
312.738	1.513	120.760
312.740	1.686	120.756
312.715	1.795	120.780
312.688	1.852	120.833
312.727	1.929	120.756
312.723	1.934	120.729
312.688	1.852	120.754
312.676	1.676	120.775
312.669	1.502	120.769
312.666	1.243	120.709
312.630	0.843	120.753
312.592	0.383	120.724
312.610	-0.165	120.679
312.532	-0.866	120.731
312.463	-1.598	120.704
312.357	-2.467	120.757
312.120	-2.859	120.495
311.988	-2.844	120.428
312.088	-2.784	120.536
312.263	-2.778	120.901
312.333	-2.827	121.165
312.349	-2.615	121.034
312.367	-2.440	120.935
312.389	-2.280	120.852
312.449	-2.137	120.726
312.524	-2.009	120.585
312.533	-1.927	120.648
312.593	-1.747	120.649
312.621	-1.649	120.740
312.662	-1.483	120.729
312.685	-1.302	120.738
312.696	-1.123	120.765
312.750	-0.922	120.738
312.760	-0.674	120.688
312.785	-0.417	120.684
312.734	-0.193	120.667
312.732	0.004	120.732
312.731	0.285	120.672
312.781	0.619	120.567
312.706	0.793	120.637
312.715	1.015	120.691
312.693	1.254	120.688
312.704	1.429	120.773
312.685	1.589	120.784
312.713	1.741	120.779
312.751	1.873	120.736
312.686	1.919	120.743
312.705	1.907	120.793
312.728	1.906	120.761
312.712	1.812	120.714
312.715	1.644	120.717
312.678	1.388	120.690
312.685	1.066	120.700
312.632	0.654	120.677
312.658	0.115	120.676
312.563	-0.525	120.720
312.535	-1.233	120.716
312.427	-2.066	120.775
312.344	-2.816	120.662
312.113	-2.733	120.341
312.140	-2.685	120.338
312.179	-2.706	120.721
312.289	-2.727	121.036
312.282	-2.735	121.150
312.370	-2.509	120.973
312.447	-2.316	120.835
312.465	-2.228	120.792
312.536	-2.107	120.642
312.557	-1.997	120.589
312.653	-1.847	120.629
312.675	-1.753	120.718
312.667	-1.600	120.750
312.687	-1.415	120.731
312.683	-1.215	120.715
312.666	-1.031	120.723
312.665	-0.850	120.749
312.713	-0.563	120.684
312.714	-0.342	120.684
312.670	-0.144	120.719
312.677	0.108	120.750
312.661	0.408	120.658
312.644	0.654	120.684
312.692	0.950	120.644
312.680	1.171	120.704
312.711	1.383	120.749
312.728	1.564	120.792
312.738	1.714	120.824
312.723	1.849	120.817
312.748	1.976	120.730
312.768	2.024	120.739
312.773	2.035	120.708
312.785	2.000	120.684
312.771	1.855	120.715
312.752	1.660	120.700
312.694	1.361	120.664
312.675	0.940	120.710
312.597	0.439	120.756
312.657	-0.127	120.699
312.517	-0.861	120.759
312.467	-1.613	120.744
312.392	-2.450	120.721
312.113	-2.873	120.504
312.067	-2.767	120.330
312.123	-2.819	120.626
312.308	-2.788	120.957
312.375	-2.836	121.186
312.355	-2.652	121.106
312.438	-2.430	120.939
312.491	-2.271	120.859
312.532	-2.121	120.711
312.584	-2.008	120.565
312.592	-1.884	120.604
312.630	-1.735	120.633
312.619	-1.611	120.735
312.645	-1.445	120.705
312.627	-1.247	120.724
312.621	-1.064	120.712
312.640	-0.838	120.720
312.641	-0.616	120.724
312.655	-0.350	120.699
312.646	-0.140	120.708
312.636	0.088	120.717
312.645	0.379	120.672
312.686	0.673	120.623
312.708	0.896	120.652
312.706	1.134	120.710
312.718	1.329	120.725
312.754	1.535	120.752
312.784	1.706	120.796
312.801	1.871	120.750
312.788	1.944	120.737
312.827	2.022	120.691
312.806	2.005	120.694
312.794	1.950	120.677
312.784	1.819	120.679
312.727	1.611	120.697
312.690	1.304	120.689
312.646	0.939	120.716
312.547	0.420	120.765
312.586	-0.108	120.722
312.471	-0.810	120.750
312.439	-1.531	120.731
312.409	-2.401	120.813
312.212	-2.859	120.569
312.160	-2.717	120.336
312.204	-2.778	120.612
312.337	-2.721	120.908
312.449	-2.778	121.142
312.400	-2.591	121.055
312.470	-2.384	120.921
312.506	-2.194	120.838
312.518	-2.082	120.738
312.564	-1.916	120.566
312.568	-1.815	120.584
312.583	-1.652	120.632
312.629	-1.489	120.674
312.588	-1.345	120.711
312.563	-1.180	120.739
312.551	-0.949	120.714
312.581	-0.746	120.745
312.621	-0.514	120.736
312.657	-0.251	120.691
312.667	-0.019	120.690
312.651	0.210	120.697
312.684	0.501	120.671
312.698	0.753	120.673
312.726	1.003	120.679
312.742	1.225	120.704
312.745	1.421	120.767
312.815	1.658	120.746
312.814	1.812	120.747
312.805	1.934	120.748
312.799	2.027	120.702
312.779	2.039	120.714
312.750	2.048	120.678
312.732	1.976	120.683
312.728	1.830	120.719
312.701	1.602	120.718
312.606	1.292	120.734
312.593	0.918	120.696
312.554	0.393	120.732
312.601	-0.202	120.767
312.540	-0.889	120.756
312.514	-1.671	120.760
312.437	-2.551	120.804
312.171	-2.835	120.520
312.084	-2.818	120.498
312.325	-2.683	120.578
312.395	-2.736	120.965
312.395	-2.782	121.162
312.380	-2.593	121.052
312.427	-2.386	120.930
312.455	-2.293	120.858
312.480	-2.144	120.691
312.484	-2.016	120.558
312.504	-1.928	120.606
312.536	-1.775	120.637
312.529	-1.649	120.729
312.540	-1.459	120.717
312.521	-1.303	120.771
312.567	-1.049	120.733
312.556	-0.848	120.776
312.627	-0.553	120.695
312.670	-0.307	120.702
312.648	-0.121	120.778
312.701	0.203	120.696
312.688	0.465	120.709
312.720	0.779	120.682
312.750	1.000	120.713
312.755	1.255	120.728
312.769	1.444	120.799
312.814	1.684	120.771
312.798	1.815	120.824
312.790	1.938	120.785
312.728	2.019	120.750
312.745	2.059	120.737
312.708	2.074	120.672
312.675	1.996	120.696
312.656	1.849	120.701
312.649	1.583	120.752
312.652	1.309	120.668
312.670	0.884	120.722
312.626	0.369	120.700
312.664	-0.217	120.677
312.576	-0.977	120.738
312.542	-1.786	120.805
312.492	-2.680	120.816
312.196	-2.785	120.496
312.173	-2.713	120.420
312.246	-2.721	120.704
312.361	-2.719	121.028
312.369	-2.715	121.160
312.364	-2.534	121.038
312.410	-2.369	120.917
312.426	-2.209	120.779
312.407	-2.122	120.685
312.450	-1.930	120.527
312.462	-1.828	120.614
312.494	-1.689	120.667
312.556	-1.476	120.689
312.571	-1.284	120.695
312.541	-1.123	120.758
312.576	-0.881	120.737
312.643	-0.624	120.702
312.652	-0.379	120.740
312.656	-0.173	120.761
312.680	0.114	120.721
312.715	0.398	120.707
312.719	0.695	120.649
312.742	0.899	120.728
312.750	1.163	120.742
312.779	1.413	120.733
312.755	1.583	120.779
312.743	1.740	120.805
312.726	1.890	120.779
312.721	1.976	120.780
312.641	2.003	120.771
312.600	2.023	120.768
312.615	2.012	120.711
312.640	1.891	120.736
312.681	1.724	120.669
312.698	1.426	120.708
312.703	1.102	120.676
312.666	0.630	120.750
312.670	0.088	120.728
312.656	-0.568	120.752
312.614	-1.330	120.781
312.515	-2.200	120.876
312.378	-2.831	120.707
312.192	-2.699	120.377
312.154	-2.770	120.572
312.304	-2.692	120.837
312.390	-2.734	121.104
312.344	-2.647	121.109
312.371	-2.469	120.946
312.394	-2.311	120.853
312.420	-2.195	120.745
312.478	-1.997	120.491
312.484	-1.903	120.507
312.492	-1.789	120.603
312.544	-1.644	120.691
312.559	-1.441	120.692
312.542	-1.289	120.778
312.563	-1.044	120.722
312.604	-0.808	120.711
312.649	-0.556	120.717
312.671	-0.305	120.731
312.689	-0.048	120.725
312.742	0.259	120.699
312.742	0.551	120.629
312.700	0.736	120.752
312.714	1.012	120.718
312.727	1.256	120.746
312.750	1.467	120.759
312.716	1.675	120.764
312.678	1.850	120.736
312.635	1.926	120.788
312.666	2.059	120.706
312.678	2.076	120.710
312.727	2.097	120.666
312.735	2.022	120.689
312.710	1.868	120.741
312.738	1.640	120.769
312.745	1.336	120.769
312.753	0.966	120.758
312.705	0.457	120.771
312.705	-0.128	120.736
312.658	-0.836	120.772
312.594	-1.642	120.831
312.494	-2.523	120.860
312.213	-2.815	120.604
312.193	-2.657	120.393
312.228	-2.681	120.652
312.330	-2.673	120.978
312.378	-2.715	121.158
312.363	-2.573	121.037
312.371	-2.428	120.880
312.412	-2.314	120.809
312.461	-2.184	120.644
312.462	-2.058	120.510
312.486	-1.920	120.533
312.540	-1.790	120.605
312.532	-1.634	120.696
312.543	-1.472	120.767
312.554	-1.271	120.759
312.586	-1.041	120.750
312.623	-0.779	120.695
312.636	-0.573	120.770
312.676	-0.285	120.720
312.681	-0.059	120.747
312.710	0.226	120.726
312.712	0.537	120.670
312.696	0.754	120.716
312.676	1.002	120.756
312.666	1.253	120.705
312.661	1.490	120.743
312.637	1.631	120.784
312.660	1.786	120.796
312.715	1.955	120.705
312.739	2.021	120.724
312.745	2.054	120.725
312.739	2.067	120.691
312.781	1.971	120.736
312.741	1.790	120.795
312.785	1.630	120.736
312.791	1.313	120.754
312.746	0.904	120.781
312.677	0.352	120.836
312.693	-0.206	120.805
312.594	-0.923	120.827
312.559	-1.737	120.867
312.469	-2.581	120.869
312.138	-2.889	120.677
312.079	-2.792	120.531
312.185	-2.716	120.709
312.355	-2.677	120.962
312.342	-2.762	121.149
312.350	-2.549	120.987
312.402	-2.363	120.838
312.424	-2.225	120.787
312.498	-2.063	120.600
312.464	-1.930	120.505
312.532	-1.790	120.517
312.533	-1.678	120.625
312.579	-1.535	120.699
312.568	-1.378	120.756
312.579	-1.151	120.679
312.596	-0.959	120.761
312.596	-0.752	120.762
312.605	-0.525	120.736
312.644	-0.295	120.776
312.669	-0.014	120.700
312.636	0.180	120.774
312.593	0.457	120.705
312.572	0.695	120.685
312.554	0.915	120.731
312.617	1.166	120.718
312.669	1.386	120.713
312.691	1.555	120.723
312.698	1.682	120.762
312.745	1.883	120.663
312.768	1.937	120.686
312.830	1.983	120.654
312.860	1.971	120.681
312.811	1.861	120.761
312.819	1.705	120.770
312.785	1.498	120.749
312.765	1.189	120.745
312.694	0.762	120.848
312.699	0.308	120.793
312.648	-0.274	120.798
312.601	-0.916	120.792
312.526	-1.723	120.865
312.442	-2.537	120.848
312.165	-2.820	120.592
312.108	-2.719	120.442
312.239	-2.684	120.609
312.368	-2.681	120.905
312.352	-2.769	121.133
312.329	-2.600	120.996
312.403	-2.413	120.847
312.457	-2.263	120.712
312.451	-2.215	120.658
312.482	-2.046	120.450
312.543	-1.972	120.535
312.535	-1.885	120.621
312.522	-1.770	120.702
312.570	-1.601	120.680
312.551	-1.457	120.741
312.531	-1.284	120.782
312.564	-1.067	120.782
312.539	-0.891	120.801
312.564	-0.585	120.723
312.529	-0.397	120.780
312.574	-0.108	120.688
312.578	0.134	120.717
312.578	0.392	120.696
312.634	0.684	120.662
312.674	0.970	120.660
312.689	1.172	120.706
312.740	1.412	120.702
312.814	1.647	120.690
312.810	1.816	120.684
312.826	1.931	120.719
312.842	2.034	120.726
312.837	2.061	120.763
312.807	2.041	120.771
312.798	1.992	120.770
312.800	1.843	120.827
312.800	1.672	120.798
312.755	1.349	120.796
312.730	0.948	120.842
312.699	0.484	120.789
312.671	-0.095	120.780
312.601	-0.770	120.794
312.531	-1.562	120.821
312.469	-2.406	120.826
312.237	-2.808	120.581
312.169	-2.672	120.322
312.304	-2.605	120.431
312.318	-2.714	120.870
312.357	-2.783	121.090
312.341	-2.611	120.981
312.411	-2.436	120.873
312.431	-2.286	120.779
312.471	-2.178	120.659
312.453	-2.048	120.529
312.502	-1.974	120.578
312.518	-1.861	120.636
312.513	-1.733	120.708
312.509	-1.590	120.721
312.505	-1.461	120.779
312.497	-1.273	120.781
312.433	-1.084	120.790
312.456	-0.880	120.796
312.497	-0.627	120.773
312.560	-0.360	120.716
312.600	-0.146	120.727
312.630	0.137	120.677
312.612	0.389	120.648
312.657	0.714	120.608
312.728	0.951	120.615
312.777	1.183	120.646
312.781	1.355	120.735
312.784	1.537	120.781
312.874	1.769	120.740
312.802	1.852	120.792
312.812	1.942	120.752
312.814	1.967	120.767
312.823	1.964	120.754
312.806	1.870	120.804
312.755	1.706	120.854
312.753	1.510	120.843
312.728	1.239	120.789
312.697	0.845	120.804
312.673	0.385	120.774
312.661	-0.182	120.749
312.599	-0.840	120.780
312.565	-1.581	120.787
312.484	-2.399	120.791
312.203	-2.816	120.583
312.095	-2.759	120.406
312.241	-2.708	120.507
312.314	-2.747	120.827
312.333	-2.809	121.079
312.342	-2.607	120.966
312.365	-2.454	120.889
312.430	-2.291	120.802
312.419	-2.225	120.707
312.421	-2.147	120.613
312.441	-2.052	120.602
312.433	-1.949	120.665
312.369	-1.861	120.753
312.350	-1.743	120.772
312.388	-1.563	120.773
312.470	-1.369	120.754
312.504	-1.173	120.732
312.497	-0.983	120.742
312.530	-0.755	120.722
312.597	-0.467	120.656
312.692	-0.213	120.646
312.674	-0.009	120.668
312.709	0.268	120.616
312.740	0.624	120.539
312.748	0.794	120.670
312.761	1.019	120.737
312.794	1.254	120.768
312.818	1.452	120.807
312.800	1.646	120.819
312.787	1.773	120.826
312.816	1.909	120.773
312.782	1.924	120.822
312.804	1.965	120.779
312.812	1.921	120.808
312.797	1.809	120.830
312.782	1.647	120.791
312.777	1.383	120.796
312.736	1.082	120.751
312.724	0.643	120.787
312.680	0.159	120.729
312.649	-0.434	120.732
312.604	-1.121	120.741
312.550	-1.893	120.754
312.475	-2.701	120.702
312.141	-2.821	120.486
312.192	-2.718	120.348
312.222	-2.804	120.697
312.336	-2.834	120.941
312.319	-2.707	120.977
312.313	-2.571	120.941
312.373	-2.389	120.846
312.369	-2.348	120.830
312.324	-2.278	120.674
312.350	-2.154	120.510
312.326	-2.137	120.593
312.366	-2.093	120.694
312.374	-2.004	120.764
312.469	-1.848	120.720
312.464	-1.693	120.698
312.479	-1.517	120.685
312.543	-1.335	120.692
312.571	-1.168	120.725
312.606	-0.927	120.723
312.650	-0.651	120.645
312.668	-0.427	120.679
312.671	-0.202	120.714
312.691	0.089	120.686
312.718	0.380	120.711
312.754	0.664	120.732
312.752	0.915	120.788
312.750	1.125	120.850
312.768	1.331	120.877
312.755	1.515	120.902
312.792	1.682	120.892
312.785	1.809	120.860
312.809	1.933	120.772
312.840	1.977	120.771
312.815	1.964	120.761
312.836	1.915	120.770
312.819	1.732	120.773
312.813	1.546	120.717
312.771	1.246	120.742
312.774	0.880	120.702
312.725	0.443	120.670
312.704	-0.170	120.691
312.656	-0.814	120.716
312.561	-1.595	120.776
312.445	-2.449	120.797
312.167	-2.870	120.569
312.138	-2.722	120.297
312.090	-2.874	120.652
312.186	-2.849	120.917
312.205	-2.873	121.109
312.155	-2.709	120.988
312.215	-2.531	120.861
312.299	-2.388	120.768
312.347	-2.319	120.680
312.355	-2.262	120.559
312.394	-2.177	120.514
312.404	-2.123	120.600
312.455	-2.000	120.626
312.489	-1.893	120.698
312.527	-1.778	120.722
312.528	-1.583	120.705
312.551	-1.396	120.707
312.571	-1.175	120.706
312.583	-0.967	120.753
312.650	-0.743	120.772
312.650	-0.480	120.781
312.655	-0.220	120.745
312.683	0.059	120.744
312.661	0.301	120.804
312.697	0.604	120.814
312.734	0.875	120.824
312.745	1.071	120.897
312.767	1.317	120.857
312.787	1.521	120.849
312.811	1.690	120.827
312.862	1.862	120.780
312.857	1.963	120.735
312.842	2.005	120.740
312.846	1.991	120.761
312.885	1.946	120.757
312.876	1.843	120.740
312.834	1.648	120.711
312.816	1.353	120.718
312.744	0.973	120.730
312.693	0.532	120.719
312.651	-0.031	120.711
312.565	-0.687	120.730
312.499	-1.435	120.763
312.335	-2.290	120.842
312.158	-2.951	120.690
311.971	-2.860	120.450
312.018	-2.803	120.461
312.122	-2.857	120.912
312.261	-2.860	121.124
312.248	-2.742	121.031
312.301	-2.516	120.821
312.350	-2.388	120.742
312.414	-2.321	120.710
312.396	-2.195	120.532
312.443	-2.059	120.484
312.446	-1.975	120.563
312.520	-1.861	120.600
312.521	-1.736	120.677
312.579	-1.547	120.676
312.544	-1.437	120.771
312.547	-1.234	120.820
312.573	-1.019	120.825
312.608	-0.806	120.847
312.606	-0.586	120.862
312.694	-0.288	120.785
312.692	-0.092	120.831
312.694	0.165	120.808
312.735	0.435	120.793
312.760	0.702	120.753
312.788	0.985	120.764
312.821	1.192	120.760
312.854	1.416	120.780
312.875	1.586	120.774
312.862	1.742	120.771
312.877	1.821	120.795
312.874	1.919	120.728
312.847	1.938	120.749
312.836	1.925	120.699
312.816	1.860	120.695
312.798	1.673	120.735
312.732	1.431	120.780
312.703	1.133	120.745
312.580	0.697	120.764
312.521	0.223	120.740
312.524	-0.320	120.717
312.479	-1.004	120.723
312.412	-1.801	120.778
312.323	-2.626	120.769
312.105	-2.828	120.409
312.053	-2.814	120.333
312.098	-2.812	120.569
312.251	-2.827	120.915
312.254	-2.820	121.052
312.274	-2.619	120.911
312.327	-2.429	120.793
312.388	-2.305	120.737
312.420	-2.167	120.563
312.416	-2.107	120.512
312.428	-2.013	120.571
312.468	-1.927	120.659
312.498	-1.773	120.708
312.528	-1.652	120.770
312.528	-1.479	120.799
312.558	-1.321	120.856
312.579	-1.111	120.851
312.618	-0.906	120.875
312.670	-0.663	120.844
312.698	-0.413	120.828
312.743	-0.122	120.756
312.751	0.114	120.740
312.771	0.404	120.675
312.797	0.650	120.685
312.831	0.901	120.696
312.828	1.154	120.702
312.847	1.330	120.802
312.845	1.544	120.778
312.862	1.732	120.761
312.844	1.841	120.766
312.834	1.954	120.727
312.811	1.994	120.694
312.773	1.975	120.723
312.721	1.919	120.715
312.622	1.771	120.757
312.619	1.561	120.777
312.614	1.294	120.761
312.627	0.929	120.770
312.547	0.445	120.725
312.576	-0.103	120.713
312.513	-0.773	120.731
312.447	-1.515	120.731
312.390	-2.364	120.746
312.167	-2.860	120.518
312.128	-2.716	120.236
312.034	-2.801	120.459
312.181	-2.784	120.828
312.287	-2.830	121.063
312.262	-2.662	120.970
312.291	-2.474	120.842
312.355	-2.294	120.739
312.374	-2.156	120.628
312.376	-2.038	120.553
312.437	-1.940	120.622
312.479	-1.771	120.657
312.506	-1.675	120.833
312.560	-1.452	120.811
312.564	-1.295	120.844
312.592	-1.125	120.882
312.639	-0.888	120.878
312.716	-0.644	120.851
312.734	-0.383	120.804
312.763	-0.155	120.808
312.779	0.100	120.765
312.810	0.339	120.764
312.835	0.630	120.716
312.844	0.935	120.619
312.870	1.146	120.678
312.835	1.319	120.763
312.844	1.558	120.714
312.809	1.697	120.751
312.825	1.842	120.777
312.740	1.903	120.787
312.691	1.990	120.721
312.651	1.954	120.772
312.658	1.929	120.736
312.661	1.814	120.752
312.683	1.648	120.736
312.655	1.365	120.742
312.638	1.038	120.711
312.590	0.629	120.687
312.623	0.036	120.702
312.563	-0.576	120.731
312.535	-1.286	120.679
312.434	-2.117	120.707
312.288	-2.906	120.674
312.083	-2.759	120.313
311.982	-2.839	120.438
312.171	-2.731	120.711
312.262	-2.801	121.077
312.288	-2.710	121.054
312.296	-2.537	120.910
312.321	-2.388	120.819
312.377	-2.255	120.708
312.382	-2.146	120.602
312.469	-2.019	120.603
312.508	-1.898	120.688
312.554	-1.732	120.757
312.584	-1.612	120.833
312.610	-1.404	120.819
312.625	-1.240	120.844
312.672	-0.999	120.836
312.700	-0.764	120.802
312.769	-0.477	120.762
312.770	-0.262	120.766
312.778	-0.032	120.768
312.809	0.280	120.699
312.812	0.551	120.695
312.818	0.804	120.691
312.797	1.048	120.683
312.792	1.298	120.685
312.726	1.461	120.759
312.682	1.653	120.767
312.667	1.797	120.772
312.682	1.902	120.779
312.711	2.030	120.705
312.705	2.013	120.734
312.692	2.013	120.714
312.730	1.941	120.719
312.713	1.765	120.753
312.691	1.509	120.771
312.650	1.191	120.731
312.669	0.786	120.712
312.617	0.273	120.688
312.577	-0.326	120.667
312.493	-1.095	120.720
312.420	-1.894	120.742
312.335	-2.763	120.695
312.067	-2.831	120.370
312.049	-2.755	120.320
312.147	-2.760	120.643
312.247	-2.749	120.979
312.247	-2.794	121.166
312.301	-2.564	120.975
312.346	-2.392	120.900
312.400	-2.219	120.793
312.481	-2.071	120.697
312.507	-1.942	120.620
312.540	-1.779	120.657
312.588	-1.642	120.752
312.621	-1.469	120.822
312.651	-1.272	120.788
312.689	-1.096	120.842
312.740	-0.837	120.785
312.751	-0.640	120.795
312.769	-0.373	120.778
312.737	-0.176	120.800
312.787	0.108	120.740
312.730	0.342	120.737
312.728	0.626	120.669
312.670	0.824	120.689
312.682	1.087	120.690
312.730	1.328	120.672
312.712	1.489	120.770
312.733	1.658	120.764
312.727	1.815	120.759
312.735	1.892	120.775
312.754	1.980	120.744
312.774	1.999	120.752
312.782	1.968	120.750
312.756	1.838	120.790
312.723	1.669	120.768
312.705	1.446	120.725
312.665	1.100	120.717
312.602	0.672	120.723
312.609	0.132	120.684
312.555	-0.492	120.682
312.481	-1.216	120.699
312.393	-2.010	120.689
312.246	-2.875	120.712
311.991	-2.819	120.373
312.059	-2.730	120.333
312.179	-2.722	120.718
312.242	-2.778	121.066
312.313	-2.722	121.126
312.358	-2.511	120.933
312.405	-2.340	120.849
312.457	-2.219	120.781
312.506	-2.087	120.656
312.559	-1.954	120.614
312.577	-1.832	120.662
312.631	-1.688	120.760
312.679	-1.503	120.759
312.677	-1.354	120.795
312.685	-1.148	120.762
312.728	-0.919	120.731
312.741	-0.711	120.755
312.754	-0.475	120.749
312.722	-0.226	120.717
312.650	-0.017	120.745
312.686	0.276	120.642
312.653	0.514	120.671
312.713	0.794	120.645
312.741	1.055	120.633
312.711	1.243	120.696
312.772	1.442	120.742
312.784	1.663	120.724
312.797	1.797	120.792
312.813	1.912	120.770
312.782	1.987	120.752
312.793	1.991	120.744
312.781	1.958	120.740
312.755	1.876	120.743
312.725	1.697	120.752
312.706	1.452	120.756
312.655	1.171	120.744
312.586	0.762	120.716
312.588	0.247	120.697
312.546	-0.338	120.699
312.486	-1.047	120.727
312.408	-1.837	120.740
312.310	-2.710	120.735
312.049	-2.858	120.414
312.095	-2.704	120.275
312.143	-2.725	120.642
312.292	-2.734	121.005
312.305	-2.780	121.187
312.339	-2.582	121.034
312.422	-2.385	120.900
312.464	-2.248	120.830
312.524	-2.118	120.706
312.545	-1.997	120.617
312.592	-1.844	120.619
312.604	-1.734	120.729
312.665	-1.557	120.757
312.650	-1.427	120.808
312.644	-1.238	120.778
312.637	-1.041	120.802
312.599	-0.811	120.784
312.652	-0.538	120.705
312.675	-0.327	120.712
312.714	-0.088	120.710
312.716	0.173	120.689
312.709	0.456	120.638
312.743	0.678	120.686
312.741	0.902	120.735
312.779	1.166	120.697
312.808	1.373	120.731
312.821	1.610	120.725
312.783	1.721	120.792
312.790	1.872	120.754
312.792	1.949	120.752
312.796	1.971	120.756
312.755	1.960	120.730
312.729	1.907	120.721
312.704	1.766	120.748
312.694	1.548	120.751
312.634	1.257	120.743
312.604	0.854	120.746
312.591	0.424	120.691
312.582	-0.176	120.742
312.506	-0.846	120.704
312.436	-1.585	120.689
312.349	-2.437	120.742
312.092	-2.877	120.509
312.082	-2.702	120.257
312.103	-2.789	120.586
312.291	-2.713	120.868
312.360	-2.791	121.154
312.378	-2.595	121.032
312.427	-2.433	120.934
312.462	-2.273	120.861
312.503	-2.151	120.776
312.580	-1.998	120.612
312.555	-1.924	120.662
312.587	-1.777	120.702
312.586	-1.637	120.751
312.522	-1.511	120.780
312.586	-1.300	120.734
312.615	-1.122	120.742
312.652	-0.918	120.775
312.676	-0.676	120.710
312.698	-0.451	120.719
312.743	-0.188	120.658
312.742	0.006	120.711
312.766	0.274	120.680
312.755	0.506	120.705
312.806	0.800	120.668
312.787	1.007	120.695
312.773	1.225	120.728
312.754	1.392	120.807
312.796	1.593	120.754
312.767	1.739	120.760
312.755	1.834	120.760
312.722	1.875	120.759
312.695	1.890	120.751
312.685	1.855	120.737
312.720	1.755	120.710
312.658	1.528	120.767
312.642	1.328	120.698
312.657	0.993	120.740
312.565	0.523	120.762
312.571	0.012	120.732
312.562	-0.524	120.682
312.503	-1.241	120.709
312.398	-2.065	120.776
312.317	-2.824	120.688
312.051	-2.792	120.382
312.093	-2.744	120.394
312.229	-2.763	120.785
312.364	-2.770	121.052
312.320	-2.717	121.158
312.376	-2.501	121.015
312.453	-2.308	120.905
312.472	-2.214	120.843
312.476	-2.124	120.717
312.514	-2.001	120.642
312.527	-1.853	120.639
312.525	-1.722	120.690
312.584	-1.615	120.743
312.628	-1.440	120.727
312.648	-1.277	120.740
312.655	-1.084	120.725
312.668	-0.863	120.718
312.736	-0.649	120.712
312.746	-0.436	120.755
312.755	-0.163	120.718
312.761	0.064	120.696
312.740	0.341	120.649
312.731	0.592	120.668
312.769	0.864	120.659
312.711	1.059	120.754
312.744	1.313	120.739
312.742	1.479	120.805
312.722	1.668	120.776
312.718	1.822	120.778
312.691	1.890	120.790
312.736	1.949	120.768
312.739	1.990	120.702
312.724	1.942	120.710
312.719	1.807	120.743
312.698	1.617	120.736
312.685	1.409	120.665
312.657	1.033	120.739
312.601	0.562	120.723
312.606	0.017	120.706
312.563	-0.602	120.702
312.503	-1.364	120.762
312.447	-2.163	120.762
312.238	-2.899	120.727
312.087	-2.746	120.369
312.092	-2.790	120.535
312.224	-2.759	120.869
312.335	-2.804	121.168
312.336	-2.652	121.119
312.381	-2.464	121.006
312.388	-2.287	120.862
312.435	-2.167	120.767
312.478	-2.054	120.647
312.557	-1.928	120.596
312.621	-1.779	120.611
312.642	-1.660	120.665
312.674	-1.482	120.675
312.663	-1.334	120.719
312.703	-1.118	120.682
312.696	-0.946	120.727
312.738	-0.720	120.714
312.737	-0.492	120.708
312.718	-0.273	120.722
312.720	-0.034	120.722
312.711	0.201	120.737
312.732	0.522	120.671
312.691	0.776	120.666
312.697	0.992	120.690
312.693	1.200	120.743
312.685	1.394	120.771
312.689	1.579	120.814
312.690	1.723	120.801
312.703	1.827	120.804
312.732	1.924	120.743
312.716	1.964	120.746
312.732	1.936	120.715
312.709	1.821	120.763
312.708	1.690	120.706
312.676	1.468	120.700
312.676	1.148	120.703
312.662	0.743	120.715
312.634	0.218	120.736
312.626	-0.342	120.720
312.537	-1.073	120.737
312.467	-1.857	120.784
312.362	-2.717	120.803
312.144	-2.827	120.508
312.124	-2.719	120.424
312.279	-2.672	120.647
312.282	-2.793	121.094
312.315	-2.755	121.146
312.321	-2.592	121.027
312.442	-2.356	120.833
312.506	-2.237	120.776
312.542	-2.138	120.649
312.552	-2.023	120.552
312.605	-1.921	120.586
312.655	-1.775	120.636
312.678	-1.653	120.678
312.710	-1.447	120.661
312.693	-1.261	120.696
312.669	-1.073	120.703
312.664	-0.898	120.745
312.646	-0.646	120.732
312.691	-0.379	120.686
312.667	-0.156	120.717
312.655	0.094	120.721
312.661	0.408	120.674
312.642	0.665	120.679
312.651	0.879	120.745
312.691	1.175	120.730
312.710	1.393	120.760
312.705	1.583	120.802
312.740	1.758	120.831
312.750	1.915	120.804
312.762	1.996	120.799
312.758	2.056	120.769
312.778	2.102	120.701
312.784	2.082	120.685
312.742	1.923	120.716
312.771	1.719	120.707
312.722	1.454	120.695
312.700	1.070	120.695
312.659	0.614	120.693
312.629	-0.027	120.739
312.574	-0.659	120.713
312.509	-1.467	120.782
312.412	-2.341	120.837
312.209	-2.845	120.586
312.079	-2.749	120.395
312.170	-2.706	120.510
312.253	-2.768	120.958
312.375	-2.809	121.216
312.379	-2.658	121.118
312.458	-2.467	120.920
312.509	-2.316	120.819
312.548	-2.196	120.677
312.607	-2.051	120.500
312.621	-1.957	120.531
312.625	-1.818	120.572
312.651	-1.671	120.661
312.624	-1.526	120.708
312.584	-1.400	120.747
312.620	-1.139	120.705
312.640	-0.900	120.685
312.609	-0.659	120.685
312.641	-0.440	120.738
312.633	-0.188	120.741
312.604	0.037	120.759
312.661	0.362	120.678
312.654	0.643	120.680
312.669	0.871	120.720
312.705	1.137	120.728
312.730	1.375	120.759
312.742	1.549	120.823
312.762	1.747	120.811
312.733	1.869	120.815
312.807	2.042	120.682
312.814	2.079	120.703
312.800	2.090	120.693
312.790	2.036	120.671
312.761	1.896	120.713
312.742	1.697	120.736
312.725	1.437	120.710
312.681	1.054	120.713
312.600	0.510	120.788
312.614	0.032	120.705
312.444	-0.703	120.798
312.424	-1.457	120.813
312.386	-2.298	120.838
312.246	-2.838	120.620
312.101	-2.777	120.423
312.253	-2.655	120.444
312.322	-2.742	120.911
312.408	-2.801	121.177
312.429	-2.624	121.077
312.476	-2.442	120.941
312.518	-2.281	120.837
312.539	-2.164	120.715
312.557	-2.046	120.573
312.567	-1.930	120.567
312.595	-1.784	120.601
312.619	-1.643	120.656
312.612	-1.466	120.667
312.544	-1.331	120.708
312.555	-1.116	120.715
312.553	-0.935	120.758
312.586	-0.645	120.692
312.625	-0.426	120.725
312.624	-0.181	120.719
312.683	0.119	120.665
312.626	0.333	120.716
312.659	0.623	120.679
312.733	0.889	120.708
312.740	1.126	120.745
312.739	1.320	120.805
312.780	1.537	120.788
312.794	1.727	120.820
312.790	1.887	120.780
312.804	1.985	120.751
312.811	2.062	120.701
312.784	2.047	120.735
312.781	2.024	120.715
312.738	1.920	120.697
312.702	1.728	120.704
312.653	1.412	120.741
312.592	1.029	120.810
312.563	0.618	120.723
312.561	0.030	120.774
312.558	-0.571	120.748
312.548	-1.296	120.726
312.472	-2.188	120.823
312.308	-2.876	120.725
312.160	-2.726	120.383
312.255	-2.697	120.471
312.342	-2.710	120.814
312.435	-2.751	121.091
312.395	-2.665	121.086
312.437	-2.466	120.914
312.457	-2.315	120.828
312.483	-2.191	120.702
312.508	-2.064	120.507
312.514	-1.985	120.532
312.493	-1.881	120.630
312.510	-1.731	120.686
312.523	-1.566	120.713
312.520	-1.393	120.717
312.516	-1.197	120.734
312.537	-0.983	120.734
312.603	-0.704	120.692
312.647	-0.466	120.715
312.656	-0.234	120.746
312.685	0.043	120.726
312.691	0.291	120.738
312.702	0.559	120.730
312.735	0.821	120.751
312.747	1.115	120.692
312.759	1.324	120.763
312.776	1.552	120.768
312.803	1.700	120.810
312.783	1.879	120.749
312.783	1.955	120.749
312.752	2.000	120.758
312.732	2.003	120.751
312.723	2.015	120.669
312.657	1.879	120.732
312.641	1.718	120.719
312.640	1.445	120.695
312.645	1.063	120.752
312.621	0.636	120.732
312.626	0.081	120.721
312.623	-0.564	120.777
312.562	-1.317	120.801
312.480	-2.185	120.875
312.358	-2.836	120.739
312.154	-2.723	120.421
312.150	-2.740	120.502
312.304	-2.672	120.776
312.352	-2.779	121.126
312.365	-2.623	121.085
312.398	-2.421	120.951
312.418	-2.262	120.834
312.430	-2.121	120.703
312.425	-1.964	120.527
312.488	-1.826	120.498
312.499	-1.740	120.587
312.493	-1.582	120.678
312.556	-1.372	120.662
312.528	-1.234	120.739
312.572	-0.988	120.718
312.612	-0.747	120.702
312.623	-0.508	120.682
312.666	-0.283	120.728
312.695	-0.032	120.732
312.681	0.180	120.804
312.707	0.472	120.748
312.735	0.730	120.741
312.768	0.997	120.723
312.756	1.258	120.701
312.751	1.407	120.787
312.772	1.634	120.752
312.759	1.756	120.811
312.756	1.883	120.787
312.682	1.951	120.750
312.641	2.009	120.723
312.664	2.021	120.687
312.678	1.939	120.698
312.700	1.791	120.741
312.709	1.577	120.732
312.686	1.266	120.753
312.689	0.900	120.711
312.675	0.442	120.734
312.675	-0.164	120.772
312.622	-0.815	120.771
312.572	-1.593	120.822
312.460	-2.465	120.862
312.233	-2.814	120.591
312.116	-2.736	120.445
312.247	-2.655	120.560
312.316	-2.700	120.979
312.368	-2.750	121.148
312.355	-2.585	121.047
312.375	-2.433	120.910
312.388	-2.324	120.812
312.393	-2.197	120.630
312.422	-2.089	120.534
312.481	-1.946	120.537
312.509	-1.834	120.610
312.513	-1.699	120.678
312.537	-1.540	120.726
312.527	-1.383	120.781
312.582	-1.129	120.739
312.622	-0.866	120.733
312.675	-0.643	120.731
312.737	-0.342	120.690
312.706	-0.142	120.765
312.713	0.110	120.777
312.687	0.376	120.775
312.706	0.659	120.753
312.700	0.926	120.737
312.692	1.154	120.758
312.694	1.373	120.783
312.640	1.578	120.793
312.634	1.734	120.799
312.652	1.935	120.746
312.676	1.998	120.758
312.733	2.107	120.663
312.743	2.071	120.715
312.747	2.023	120.750
312.769	1.902	120.769
312.747	1.717	120.754
312.799	1.455	120.725
312.754	1.076	120.733
312.706	0.570	120.800
312.713	0.001	120.790
312.647	-0.678	120.796
312.587	-1.427	120.799
312.486	-2.303	120.861
312.241	-2.830	120.679
312.131	-2.672	120.364
312.234	-2.637	120.498
312.249	-2.675	120.906
312.327	-2.754	121.175
312.332	-2.620	121.065
312.391	-2.441	120.888
312.439	-2.299	120.754
312.434	-2.168	120.603
312.456	-2.052	120.494
312.500	-1.929	120.486
312.505	-1.845	120.633
312.552	-1.682	120.706
312.593	-1.475	120.684
312.579	-1.306	120.729
312.604	-1.123	120.759
312.632	-0.850	120.736
312.644	-0.671	120.793
312.668	-0.387	120.744
312.704	-0.126	120.741
312.717	0.109	120.771
312.715	0.412	120.691
312.683	0.647	120.735
312.688	0.897	120.705
312.634	1.121	120.757
312.657	1.412	120.666
312.673	1.547	120.744
312.676	1.737	120.760
312.731	1.894	120.701
312.769	1.981	120.717
312.749	2.032	120.694
312.790	2.039	120.729
312.823	2.001	120.721
312.811	1.865	120.767
312.799	1.633	120.804
312.807	1.393	120.788
312.705	1.004	120.795
312.710	0.536	120.829
312.675	-0.033	120.824
312.627	-0.658	120.783
312.556	-1.413	120.803
312.485	-2.240	120.811
312.240	-2.845	120.659
312.150	-2.685	120.338
312.163	-2.673	120.501
312.262	-2.715	120.849
312.350	-2.767	121.095
312.306	-2.665	121.060
312.348	-2.481	120.907
312.408	-2.323	120.788
312.423	-2.197	120.651
312.469	-2.036	120.474
312.471	-1.980	120.540
312.550	-1.834	120.605
312.556	-1.703	120.673
312.580	-1.576	120.735
312.587	-1.391	120.740
312.606	-1.214	120.768
312.578	-1.039	120.832
312.623	-0.794	120.811
312.634	-0.541	120.781
312.655	-0.304	120.760
312.599	-0.087	120.788
312.525	0.149	120.756
312.536	0.446	120.700
312.574	0.664	120.723
312.631	0.956	120.719
312.653	1.183	120.703
312.689	1.414	120.695
312.702	1.589	120.727
312.781	1.790	120.723
312.807	1.903	120.707
312.840	1.981	120.729
312.825	2.017	120.737
312.808	2.003	120.720
312.807	1.891	120.776
312.796	1.747	120.806
312.793	1.481	120.860
312.760	1.200	120.794
312.712	0.805	120.791
312.693	0.300	120.781
312.660	-0.266	120.757
312.564	-0.992	120.805
312.545	-1.757	120.801
312.435	-2.615	120.809
312.136	-2.777	120.513
312.121	-2.720	120.372
312.229	-2.719	120.619
312.299	-2.771	120.928
312.320	-2.761	121.059
312.327	-2.561	120.959
312.383	-2.385	120.884
312.437	-2.242	120.766
312.454	-2.130	120.656
312.487	-2.036	120.608
312.544	-1.904	120.597
312.550	-1.789	120.682
312.576	-1.641	120.703
312.548	-1.485	120.740
312.570	-1.337	120.766
312.565	-1.149	120.775
312.536	-0.965	120.825
312.497	-0.717	120.742
312.473	-0.555	120.821
312.539	-0.273	120.751
312.598	-0.009	120.712
312.621	0.244	120.670
312.613	0.503	120.631
312.645	0.782	120.629
312.696	0.999	120.701
312.769	1.251	120.690
312.771	1.439	120.754
312.810	1.628	120.779
312.833	1.781	120.783
312.831	1.892	120.812
312.819	1.982	120.764
312.842	2.013	120.735
312.818	1.959	120.809
312.806	1.860	120.809
312.782	1.699	120.830
312.778	1.491	120.781
312.730	1.179	120.764
312.686	0.737	120.827
312.666	0.270	120.756
312.656	-0.295	120.749
312.595	-0.987	120.773
312.534	-1.738	120.754
312.427	-2.592	120.766
312.158	-2.789	120.486
312.136	-2.698	120.354
312.193	-2.745	120.651
312.317	-2.729	120.900
312.329	-2.771	121.058
312.345	-2.579	120.943
312.392	-2.438	120.861
312.427	-2.306	120.816
312.435	-2.203	120.663
312.449	-2.161	120.623
312.468	-2.063	120.657
312.478	-1.977	120.731
312.483	-1.834	120.743
312.465	-1.708	120.770
312.442	-1.552	120.759
312.432	-1.387	120.762
312.467	-1.180	120.748
312.508	-0.965	120.726
312.513	-0.745	120.727
312.563	-0.467	120.648
312.596	-0.219	120.640
312.671	0.032	120.618
312.661	0.235	120.713
312.731	0.556	120.673
312.761	0.803	120.702
312.800	1.087	120.693
312.793	1.305	120.783
312.801	1.465	120.850
312.802	1.658	120.846
312.806	1.792	120.857
312.836	1.928	120.775
312.830	1.983	120.776
312.845	1.986	120.782
312.798	1.940	120.779
312.774	1.811	120.819
312.760	1.641	120.772
312.743	1.362	120.795
312.725	1.056	120.745
312.687	0.614	120.751
312.697	0.137	120.687
312.634	-0.512	120.756
312.588	-1.217	120.751
312.498	-1.993	120.762
312.378	-2.831	120.765
312.172	-2.761	120.375
312.162	-2.713	120.369
312.235	-2.794	120.747
312.336	-2.835	121.013
312.292	-2.738	121.076
312.313	-2.565	120.989
312.388	-2.375	120.867
312.367	-2.324	120.871
312.370	-2.228	120.688
312.345	-2.146	120.611
312.318	-2.065	120.626
312.379	-1.941	120.698
312.384	-1.869	120.734
312.453	-1.708	120.736
312.466	-1.531	120.681
312.463	-1.403	120.732
312.504	-1.204	120.712
312.546	-0.982	120.724
312.624	-0.721	120.688
312.662	-0.517	120.741
312.718	-0.230	120.673
312.705	0.011	120.678
312.701	0.260	120.721
312.723	0.555	120.736
312.757	0.840	120.781
312.777	1.058	120.803
312.809	1.291	120.832
312.805	1.460	120.866
312.779	1.607	120.896
312.796	1.763	120.884
312.782	1.898	120.800
312.834	1.964	120.785
312.815	1.972	120.765
312.819	1.932	120.768
312.807	1.845	120.746
312.804	1.655	120.753
312.771	1.425	120.700
312.716	1.054	120.742
312.718	0.680	120.679
312.690	0.136	120.712
312.667	-0.434	120.711
312.613	-1.156	120.719
312.526	-1.932	120.751
312.423	-2.756	120.732
312.131	-2.815	120.487
312.126	-2.778	120.450
312.147	-2.854	120.829
312.283	-2.871	121.077
312.239	-2.777	121.098
312.233	-2.601	120.991
312.209	-2.462	120.929
312.296	-2.299	120.785
312.323	-2.210	120.639
312.347	-2.143	120.564
312.379	-2.033	120.560
312.389	-1.974	120.652
312.461	-1.829	120.650
312.479	-1.695	120.679
312.496	-1.575	120.742
312.581	-1.342	120.696
312.598	-1.142	120.730
312.601	-1.006	120.830
312.639	-0.746	120.795
312.666	-0.479	120.796
312.685	-0.221	120.780
312.674	0.029	120.802
312.704	0.334	120.754
312.745	0.593	120.776
312.743	0.845	120.806
312.736	1.064	120.862
312.752	1.281	120.891
312.779	1.494	120.824
312.782	1.657	120.851
312.812	1.829	120.788
312.830	1.936	120.783
312.834	1.989	120.759
312.832	2.014	120.733
312.835	1.987	120.739
312.831	1.899	120.713
312.785	1.715	120.711
312.794	1.448	120.742
312.754	1.107	120.714
312.700	0.675	120.734
312.656	0.145	120.745
312.625	-0.484	120.767
312.559	-1.183	120.750
312.469	-2.006	120.807
312.330	-2.860	120.817
312.050	-2.818	120.445
312.057	-2.762	120.419
312.103	-2.761	120.748
312.187	-2.806	121.043
312.197	-2.800	121.099
312.233	-2.559	120.885
312.270	-2.394	120.783
312.325	-2.263	120.678
312.370	-2.149	120.546
312.438	-1.986	120.415
312.497	-1.893	120.505
312.541	-1.788	120.621
312.577	-1.633	120.643
312.589	-1.477	120.701
312.586	-1.328	120.766
312.607	-1.111	120.797
312.624	-0.916	120.805
312.680	-0.664	120.797
312.704	-0.424	120.802
312.683	-0.241	120.865
312.673	0.030	120.836
312.691	0.285	120.810
312.708	0.556	120.815
312.744	0.854	120.720
312.751	1.068	120.766
312.771	1.263	120.802
312.813	1.450	120.846
312.814	1.636	120.797
312.809	1.790	120.762
312.833	1.906	120.720
312.849	1.949	120.717
312.807	1.965	120.726
312.853	1.953	120.741
312.859	1.867	120.727
312.822	1.710	120.716
312.778	1.410	120.781
312.716	1.105	120.747
312.674	0.711	120.726
312.637	0.184	120.735
312.598	-0.435	120.789
312.491	-1.156	120.821
312.386	-1.957	120.823
312.258	-2.807	120.813
312.052	-2.815	120.386
312.070	-2.752	120.335
312.087	-2.868	120.744
312.232	-2.818	120.954
312.244	-2.843	121.100
312.256	-2.623	120.892
312.349	-2.388	120.720
312.405	-2.311	120.693
312.449	-2.167	120.563
312.453	-2.062	120.456
312.519	-1.961	120.504
312.512	-1.880	120.615
312.533	-1.757	120.699
312.582	-1.605	120.736
312.541	-1.470	120.809
312.579	-1.246	120.801
312.598	-1.059	120.859
312.598	-0.861	120.907
312.645	-0.604	120.836
312.667	-0.371	120.837
312.697	-0.133	120.828
312.724	0.133	120.803
312.755	0.411	120.733
312.762	0.684	120.702
312.776	0.945	120.720
312.786	1.187	120.700
312.852	1.416	120.733
312.818	1.567	120.795
312.853	1.743	120.788
312.848	1.917	120.735
312.859	1.974	120.735
312.839	2.038	120.682
312.817	1.983	120.770
312.829	1.955	120.735
312.723	1.775	120.816
312.728	1.590	120.799
312.681	1.291	120.810
312.672	0.942	120.740
312.552	0.443	120.794
312.530	-0.131	120.738
312.435	-0.843	120.798
312.417	-1.593	120.779
312.300	-2.470	120.820
312.082	-2.925	120.550
312.041	-2.789	120.287
312.038	-2.817	120.485
312.163	-2.848	120.895
312.283	-2.866	121.087
312.297	-2.634	120.915
312.336	-2.479	120.855
312.392	-2.288	120.768
312.425	-2.161	120.661
312.440	-2.020	120.529
312.498	-1.911	120.591
312.531	-1.756	120.669
312.554	-1.644	120.784
312.572	-1.439	120.782
312.548	-1.289	120.831
312.567	-1.101	120.869
312.627	-0.878	120.877
312.659	-0.639	120.844
312.714	-0.383	120.802
312.738	-0.135	120.792
312.745	0.097	120.772
312.734	0.338	120.733
312.742	0.594	120.720
312.793	0.869	120.676
312.817	1.122	120.689
312.822	1.357	120.690
312.849	1.544	120.725
312.816	1.702	120.779
312.853	1.887	120.748
312.756	1.921	120.795
312.818	2.015	120.747
312.783	2.036	120.719
312.724	1.938	120.798
312.720	1.860	120.780
312.655	1.685	120.769
312.541	1.361	120.824
312.566	1.035	120.792
312.542	0.615	120.755
312.544	0.071	120.750
312.480	-0.558	120.732
312.445	-1.299	120.743
312.372	-2.134	120.758
312.292	-2.884	120.647
312.085	-2.771	120.294
312.078	-2.750	120.316
312.158	-2.772	120.696
312.287	-2.821	121.014
312.292	-2.733	121.053
312.309	-2.536	120.915
312.372	-2.355	120.808
312.424	-2.178	120.720
312.463	-2.045	120.608
312.465	-1.931	120.609
312.528	-1.735	120.624
312.527	-1.658	120.831
312.540	-1.485	120.877
312.567	-1.280	120.856
312.642	-1.042	120.809
312.672	-0.811	120.811
312.728	-0.566	120.761
312.731	-0.336	120.784
312.766	-0.069	120.749
312.787	0.165	120.735
312.770	0.410	120.721
312.833	0.695	120.677
312.826	0.955	120.665
312.863	1.219	120.642
312.833	1.416	120.696
312.851	1.615	120.752
312.841	1.789	120.775
312.811	1.937	120.750
312.821	2.016	120.743
312.798	2.057	120.741
312.742	2.058	120.761
312.663	1.955	120.831
312.642	1.859	120.806
312.641	1.684	120.764
312.637	1.404	120.761
312.624	1.036	120.785
312.571	0.588	120.738
312.574	-0.005	120.732
312.503	-0.634	120.704
312.468	-1.411	120.731
312.397	-2.275	120.781
312.199	-2.896	120.581
312.046	-2.824	120.312
312.153	-2.724	120.289
312.179	-2.820	120.776
312.310	-2.810	121.025
312.265	-2.676	121.048
312.271	-2.523	120.984
312.385	-2.264	120.850
312.414	-2.096	120.731
312.440	-1.936	120.627
312.486	-1.791	120.619
312.527	-1.633	120.699
312.560	-1.471	120.812
312.583	-1.287	120.847
312.630	-1.059	120.811
312.665	-0.842	120.823
312.714	-0.610	120.820
312.713	-0.365	120.808
312.777	-0.093	120.749
312.794	0.109	120.783
312.806	0.392	120.702
312.838	0.687	120.681
312.818	0.899	120.679
312.846	1.151	120.666
312.863	1.392	120.690
312.829	1.570	120.714
312.791	1.707	120.798
312.774	1.841	120.804
312.717	1.964	120.765
312.648	1.982	120.802
312.665	2.014	120.774
312.696	2.005	120.728
312.646	1.864	120.765
312.660	1.696	120.782
312.638	1.424	120.784
312.651	1.157	120.737
312.648	0.722	120.706
312.612	0.185	120.716
312.591	-0.428	120.704
312.526	-1.157	120.700
312.407	-1.985	120.739
312.325	-2.821	120.700
312.033	-2.853	120.341
312.123	-2.694	120.226
312.124	-2.805	120.702
312.247	-2.781	121.001
312.256	-2.760	121.136
312.263	-2.572	120.976
312.322	-2.402	120.898
312.383	-2.219	120.796
312.464	-2.041	120.659
312.492	-1.895	120.595
312.543	-1.759	120.659
312.577	-1.633	120.789
312.596	-1.431	120.811
312.622	-1.230	120.815
312.667	-1.022	120.789
312.710	-0.801	120.806
312.740	-0.560	120.785
312.768	-0.307	120.779
312.820	-0.025	120.709
312.825	0.204	120.725
312.835	0.503	120.671
312.849	0.749	120.652
312.806	0.993	120.665
312.812	1.210	120.695
312.795	1.431	120.715
312.727	1.628	120.743
312.679	1.741	120.803
312.669	1.865	120.817
312.693	1.991	120.790
312.703	2.015	120.802
312.699	1.996	120.790
312.710	1.959	120.793
312.695	1.850	120.792
312.658	1.605	120.857
312.701	1.379	120.769
312.679	1.019	120.754
312.632	0.560	120.709
312.611	-0.024	120.690
312.541	-0.669	120.691
312.443	-1.441	120.718
312.362	-2.292	120.736
312.148	-2.881	120.519
312.032	-2.738	120.286
312.145	-2.611	120.250
312.148	-2.743	120.853
312.256	-2.759	121.134
312.283	-2.662	121.106
312.332	-2.493	120.922
312.377	-2.330	120.811
312.424	-2.207	120.769
312.448	-2.071	120.661
312.501	-1.930	120.648
312.542	-1.793	120.704
312.581	-1.619	120.801
312.610	-1.458	120.888
312.638	-1.242	120.826
312.691	-0.999	120.793
312.725	-0.783	120.800
312.766	-0.508	120.745
312.781	-0.243	120.711
312.781	-0.039	120.755
312.825	0.305	120.663
312.798	0.532	120.672
312.747	0.780	120.676
312.670	1.014	120.706
312.662	1.271	120.722
312.679	1.484	120.725
312.677	1.642	120.810
312.746	1.833	120.796
312.737	1.940	120.824
312.730	2.035	120.748
312.776	2.099	120.755
312.745	2.031	120.793
312.774	1.985	120.773
312.766	1.830	120.788
312.706	1.590	120.791
312.674	1.264	120.764
312.678	0.874	120.734
312.583	0.334	120.737
312.558	-0.288	120.731
312.467	-1.017	120.738
312.393	-1.819	120.739
312.269	-2.689	120.710
311.984	-2.900	120.447
311.906	-2.836	120.396
312.109	-2.680	120.528
312.204	-2.723	120.961
312.288	-2.773	121.179
312.305	-2.611	121.054
312.366	-2.447	120.913
312.405	-2.328	120.832
312.439	-2.211	120.751
312.527	-2.038	120.593
312.532	-1.953	120.703
312.617	-1.765	120.734
312.642	-1.626	120.852
312.660	-1.395	120.780
312.694	-1.223	120.791
312.717	-0.960	120.729
312.763	-0.750	120.750
312.730	-0.503	120.743
312.755	-0.247	120.735
312.681	-0.001	120.689
312.651	0.270	120.656
312.667	0.535	120.682
312.697	0.827	120.646
312.712	1.048	120.707
312.704	1.313	120.665
312.731	1.505	120.759
312.795	1.717	120.802
312.790	1.863	120.844
312.815	2.011	120.779
312.790	2.077	120.760
312.830	2.141	120.752
312.796	2.118	120.731
312.771	2.010	120.753
312.764	1.864	120.762
312.725	1.586	120.783
312.688	1.291	120.735
312.621	0.849	120.718
312.563	0.310	120.723
312.512	-0.321	120.735
312.484	-1.019	120.726
312.369	-1.859	120.767
312.300	-2.710	120.695
312.032	-2.813	120.362
312.039	-2.700	120.261
312.136	-2.704	120.599
312.243	-2.751	121.041
312.295	-2.786	121.231
312.313	-2.584	121.060
312.376	-2.408	120.937
312.486	-2.200	120.802
312.519	-2.087	120.706
312.536	-2.004	120.634
312.576	-1.848	120.660
312.615	-1.712	120.752
312.653	-1.541	120.801
312.672	-1.340	120.796
312.682	-1.148	120.754
312.666	-0.914	120.726
312.630	-0.720	120.755
312.651	-0.461	120.739
312.677	-0.232	120.717
312.714	0.044	120.667
312.700	0.267	120.682
312.709	0.567	120.639
312.714	0.772	120.673
312.755	1.052	120.673
312.786	1.279	120.688
312.797	1.488	120.744
312.779	1.662	120.776
312.781	1.811	120.802
312.796	1.927	120.781
312.802	1.975	120.767
312.783	1.984	120.775
312.767	1.953	120.775
312.752	1.843	120.831
312.703	1.714	120.737
312.644	1.442	120.781
312.628	1.138	120.729
312.594	0.748	120.689
312.568	0.210	120.711
312.574	-0.341	120.648
312.485	-1.060	120.677
312.374	-1.897	120.743
312.311	-2.700	120.670
312.070	-2.761	120.341
312.087	-2.716	120.310
312.096	-2.796	120.761
312.255	-2.790	121.074
312.300	-2.742	121.174
312.310	-2.585	121.102
312.429	-2.338	120.927
312.463	-2.227	120.874
312.499	-2.075	120.705
312.537	-1.962	120.608
312.581	-1.816	120.642
312.623	-1.675	120.699
312.603	-1.575	120.789
312.619	-1.376	120.767
312.588	-1.194	120.740
312.587	-1.000	120.755
312.686	-0.787	120.768
312.690	-0.527	120.701
312.711	-0.313	120.730
312.724	-0.058	120.701
312.731	0.162	120.718
312.729	0.433	120.710
312.721	0.683	120.703
312.761	0.936	120.725
312.802	1.209	120.693
312.784	1.352	120.817
312.771	1.580	120.786
312.755	1.723	120.803
312.729	1.806	120.861
312.758	1.939	120.766
312.737	1.948	120.799
312.715	1.964	120.738
312.683	1.853	120.794
312.646	1.726	120.777
312.690	1.565	120.718
312.664	1.264	120.719
312.639	0.896	120.706
312.567	0.385	120.707
312.569	-0.207	120.742
312.472	-0.903	120.777
312.427	-1.603	120.705
312.328	-2.452	120.743
312.131	-2.803	120.458
312.151	-2.650	120.252
312.092	-2.815	120.644
312.288	-2.746	120.971
312.368	-2.766	121.177
312.350	-2.597	121.107
312.402	-2.419	120.990
312.464	-2.270	120.889
312.470	-2.155	120.794
312.552	-1.994	120.630
312.505	-1.843	120.605
312.524	-1.737	120.672
312.557	-1.598	120.731
312.588	-1.434	120.747
312.597	-1.284	120.787
312.685	-1.009	120.713
312.678	-0.823	120.691
312.716	-0.601	120.719
312.745	-0.372	120.740
312.764	-0.123	120.716
312.759	0.115	120.714
312.787	0.390	120.682
312.770	0.684	120.634
312.768	0.908	120.683
312.748	1.149	120.716
312.771	1.369	120.758
312.776	1.574	120.764
312.758	1.743	120.774
312.737	1.856	120.803
312.725	1.936	120.829
312.706	2.000	120.761
312.726	2.035	120.716
312.742	1.990	120.715
312.714	1.866	120.717
312.711	1.699	120.699
312.681	1.423	120.701
312.643	1.034	120.729
312.576	0.576	120.703
312.590	0.005	120.714
312.508	-0.620	120.717
312.487	-1.359	120.736
312.397	-2.212	120.802
312.262	-2.852	120.650
312.028	-2.778	120.403
312.074	-2.749	120.490
312.244	-2.723	120.854
312.340	-2.812	121.188
312.348	-2.659	121.142
312.396	-2.457	120.982
312.458	-2.275	120.857
312.475	-2.148	120.775
312.511	-1.997	120.599
312.522	-1.889	120.579
312.591	-1.747	120.610
312.649	-1.611	120.680
312.654	-1.428	120.690
312.667	-1.256	120.694
312.677	-1.068	120.712
312.703	-0.854	120.689
312.738	-0.663	120.737
312.774	-0.376	120.692
312.742	-0.162	120.723
312.713	0.094	120.700
312.730	0.382	120.663
312.708	0.589	120.706
312.736	0.861	120.726
312.721	1.105	120.713
312.697	1.285	120.772
312.687	1.503	120.801
312.681	1.686	120.806
312.683	1.815	120.822
312.732	1.956	120.763
312.694	2.001	120.743
312.754	2.043	120.694
312.727	1.980	120.718
312.718	1.841	120.759
312.682	1.677	120.735
312.700	1.437	120.698
312.674	1.071	120.715
312.633	0.617	120.712
312.601	0.015	120.751
312.531	-0.596	120.723
312.498	-1.330	120.747
312.416	-2.193	120.816
312.256	-2.881	120.700
312.097	-2.737	120.366
312.087	-2.765	120.501
312.242	-2.714	120.855
312.325	-2.772	121.153
312.291	-2.671	121.120
312.305	-2.533	121.002
312.371	-2.372	120.878
312.477	-2.235	120.770
312.519	-2.106	120.607
312.579	-1.990	120.570
312.607	-1.865	120.605
312.644	-1.734	120.690
312.690	-1.574	120.705
312.689	-1.389	120.717
312.693	-1.170	120.693
312.661	-1.006	120.761
312.702	-0.754	120.723
312.716	-0.493	120.695
312.715	-0.248	120.689
312.725	0.018	120.670
312.698	0.268	120.678
312.650	0.543	120.681
312.726	0.831	120.677
312.699	1.068	120.730
312.705	1.316	120.737
312.700	1.505	120.809
312.699	1.676	120.848
312.738	1.866	120.802
312.738	1.964	120.812
312.748	2.050	120.812
312.747	2.078	120.782
312.751	2.053	120.770
312.750	2.004	120.718
312.774	1.861	120.697
312.744	1.599	120.710
312.722	1.267	120.687
312.673	0.829	120.710
312.638	0.282	120.694
312.623	-0.337	120.734
312.515	-1.119	120.775
312.460	-1.938	120.793
312.349	-2.790	120.750
312.042	-2.843	120.465
312.186	-2.660	120.358
312.177	-2.753	120.818
312.289	-2.738	121.108
312.343	-2.740	121.201
312.401	-2.547	121.009
312.446	-2.395	120.873
312.528	-2.229	120.717
312.569	-2.100	120.584
312.569	-2.019	120.547
312.622	-1.908	120.607
312.661	-1.745	120.671
312.658	-1.584	120.708
312.699	-1.376	120.684
312.630	-1.188	120.711
312.633	-0.968	120.701
312.623	-0.755	120.725
312.682	-0.451	120.674
312.643	-0.238	120.730
312.654	0.049	120.724
312.624	0.293	120.726
312.613	0.605	120.674
312.624	0.861	120.702
312.642	1.108	120.740
312.679	1.367	120.770
312.711	1.574	120.809
312.727	1.795	120.814
312.768	1.991	120.741
312.769	2.076	120.780
312.791	2.168	120.714
312.771	2.185	120.698
312.814	2.169	120.703
312.824	2.087	120.672
312.747	1.855	120.740
312.730	1.609	120.723
312.689	1.224	120.773
312.661	0.785	120.703
312.625	0.161	120.762
312.565	-0.467	120.755
312.487	-1.226	120.755
312.347	-2.121	120.821
312.229	-2.909	120.755
312.037	-2.785	120.407
312.144	-2.674	120.445
312.307	-2.605	120.767
312.393	-2.655	121.148
312.440	-2.733	121.243
312.447	-2.642	121.051
312.499	-2.523	120.882
312.510	-2.488	120.755
312.539	-2.334	120.506
312.558	-2.256	120.491
312.629	-2.150	120.588
312.591	-2.046	120.699
312.610	-1.912	120.764
312.586	-1.748	120.742
312.568	-1.542	120.695
312.570	-1.307	120.686
312.539	-1.085	120.757
312.570	-0.772	120.680
312.620	-0.473	120.657
312.633	-0.257	120.726
312.645	0.065	120.704
312.603	0.332	120.715
312.676	0.685	120.698
312.686	0.942	120.766
312.716	1.220	120.788
312.768	1.480	120.807
312.772	1.718	120.808
312.773	1.894	120.821
312.800	2.077	120.763
312.812	2.158	120.742
312.834	2.250	120.703
312.808	2.253	120.679
312.812	2.168	120.708
312.803	2.049	120.698
312.740	1.785	120.746
312.712	1.492	120.721
312.675	1.069	120.718
312.621	0.572	120.679
312.608	-0.091	120.729
312.462	-0.892	120.840
312.469	-1.651	120.744
312.386	-2.598	120.846
312.124	-2.848	120.542
312.190	-2.661	120.363
312.239	-2.693	120.638
312.380	-2.657	120.968
312.421	-2.734	121.200
312.446	-2.554	121.031
312.437	-2.456	120.963
312.499	-2.278	120.750
312.510	-2.192	120.656
312.507	-2.072	120.553
312.538	-1.948	120.549
312.535	-1.840	120.655
312.540	-1.690	120.760
312.545	-1.471	120.732
312.555	-1.268	120.681
312.544	-1.042	120.697
312.559	-0.782	120.679
312.591	-0.549	120.698
312.621	-0.278	120.683
312.642	-0.038	120.715
312.645	0.223	120.737
312.639	0.535	120.689
312.687	0.796	120.706
312.715	1.062	120.737
312.746	1.306	120.764
312.799	1.550	120.760
312.774	1.730	120.778
312.799	1.903	120.779
312.797	2.037	120.741
312.788	2.087	120.752
312.795	2.147	120.704
312.781	2.138	120.684
312.768	2.009	120.736
312.730	1.839	120.728
312.620	1.561	120.774
312.605	1.263	120.747
312.535	0.807	120.728
312.581	0.246	120.773
312.596	-0.346	120.774
312.561	-1.076	120.757
312.504	-1.887	120.774
312.386	-2.807	120.808
312.108	-2.783	120.473
312.148	-2.747	120.492
312.305	-2.719	120.748
312.392	-2.759	121.090
312.391	-2.707	121.119
312.433	-2.497	120.972
312.464	-2.348	120.897
312.523	-2.188	120.732
312.500	-2.088	120.585
312.508	-1.970	120.540
312.538	-1.817	120.556
312.558	-1.656	120.596
312.552	-1.485	120.662
312.566	-1.337	120.693
312.552	-1.141	120.722
312.575	-0.922	120.734
312.631	-0.688	120.735
312.636	-0.428	120.734
312.665	-0.186	120.733
312.685	0.070	120.730
312.699	0.364	120.704
312.724	0.613	120.721
312.710	0.871	120.742
312.767	1.155	120.691
312.796	1.341	120.803
312.810	1.582	120.753
312.809	1.755	120.773
312.787	1.877	120.771
312.785	1.965	120.756
312.783	2.059	120.726
312.764	2.022	120.728
312.746	2.005	120.710
312.741	1.898	120.722
312.712	1.673	120.745
312.674	1.404	120.751
312.665	1.048	120.739
312.604	0.587	120.744
312.626	0.024	120.750
312.585	-0.632	120.784
312.552	-1.345	120.771
312.459	-2.240	120.858
312.331	-2.840	120.678
312.148	-2.764	120.396
312.164	-2.763	120.541
312.292	-2.740	120.866
312.374	-2.798	121.150
312.372	-2.642	121.086
312.395	-2.439	120.948
312.431	-2.280	120.834
312.461	-2.149	120.709
312.458	-1.978	120.521
312.486	-1.870	120.523
312.495	-1.745	120.584
312.481	-1.600	120.666
312.526	-1.411	120.703
312.555	-1.221	120.673
312.561	-1.007	120.721
312.576	-0.794	120.709
312.587	-0.574	120.749
312.644	-0.316	120.766
312.656	-0.064	120.741
312.686	0.167	120.778
312.697	0.462	120.750
312.739	0.728	120.714
312.752	0.962	120.751
312.772	1.232	120.697
312.784	1.439	120.755
312.774	1.639	120.743
312.774	1.795	120.746
312.767	1.894	120.766
312.737	1.962	120.755
312.658	2.013	120.721
312.625	1.994	120.724
312.610	1.936	120.693
312.632	1.798	120.740
312.671	1.552	120.778
312.654	1.312	120.726
312.670	0.942	120.698
312.644	0.464	120.717
312.641	-0.152	120.784
312.647	-0.763	120.752
312.602	-1.535	120.790
312.506	-2.402	120.829
312.262	-2.817	120.615
312.156	-2.754	120.447
312.206	-2.759	120.641
312.353	-2.715	120.894
312.358	-2.779	121.137
312.392	-2.534	120.993
312.415	-2.372	120.900
312.405	-2.247	120.835
312.423	-2.109	120.680
312.456	-1.983	120.560
312.501	-1.819	120.497
312.499	-1.758	120.646
312.517	-1.563	120.668
312.590	-1.363	120.665
312.554	-1.238	120.741
312.544	-1.004	120.754
312.608	-0.748	120.709
312.642	-0.544	120.772
312.673	-0.292	120.760
312.716	-0.026	120.769
312.726	0.232	120.760
312.707	0.459	120.790
312.714	0.742	120.732
312.708	1.011	120.728
312.746	1.232	120.756
312.759	1.459	120.757
312.799	1.684	120.725
312.761	1.806	120.755
312.740	1.915	120.763
312.709	1.977	120.765
312.712	2.056	120.706
312.727	2.039	120.695
312.738	1.964	120.723
312.735	1.849	120.738
312.727	1.596	120.775
312.728	1.304	120.787
312.697	0.929	120.760
312.687	0.430	120.796
312.671	-0.148	120.810
312.656	-0.816	120.781
312.576	-1.606	120.812
312.468	-2.470	120.842
312.207	-2.832	120.594
312.142	-2.716	120.359
312.254	-2.659	120.533
312.311	-2.709	120.963
312.356	-2.778	121.165
312.309	-2.640	121.044
312.387	-2.441	120.848
312.371	-2.336	120.763
312.379	-2.204	120.567
312.402	-2.092	120.492
312.417	-2.009	120.542
312.507	-1.864	120.625
312.490	-1.729	120.712
312.531	-1.560	120.756
312.530	-1.392	120.789
312.587	-1.138	120.752
312.592	-0.931	120.808
312.651	-0.674	120.765
312.675	-0.428	120.789
312.716	-0.153	120.772
312.716	0.095	120.793
312.725	0.388	120.732
312.704	0.648	120.752
312.695	0.904	120.763
312.707	1.160	120.767
312.609	1.355	120.777
312.595	1.583	120.788
312.602	1.722	120.831
312.677	1.936	120.742
312.734	2.038	120.701
312.694	2.052	120.732
312.756	2.070	120.758
312.794	2.031	120.762
312.798	1.931	120.736
312.784	1.708	120.810
312.820	1.473	120.746
312.774	1.057	120.808
312.723	0.578	120.804
312.716	0.003	120.783
312.687	-0.679	120.809
312.607	-1.430	120.792
312.501	-2.320	120.858
312.271	-2.856	120.637
312.135	-2.750	120.397
312.268	-2.620	120.443
312.273	-2.710	120.853
312.364	-2.767	121.114
312.347	-2.650	121.025
312.354	-2.507	120.918
312.392	-2.358	120.798
312.445	-2.208	120.641
312.479	-2.051	120.495
312.514	-1.954	120.518
312.529	-1.835	120.633
312.561	-1.683	120.704
312.578	-1.501	120.738
312.581	-1.321	120.746
312.605	-1.116	120.776
312.626	-0.870	120.749
312.636	-0.662	120.788
312.669	-0.409	120.747
312.668	-0.174	120.788
312.669	0.096	120.749
312.675	0.355	120.724
312.663	0.644	120.700
312.709	0.919	120.665
312.661	1.101	120.755
312.681	1.337	120.730
312.714	1.585	120.716
312.735	1.750	120.683
312.735	1.868	120.711
312.753	1.980	120.701
312.773	2.010	120.710
312.805	2.035	120.732
312.841	1.994	120.740
312.819	1.845	120.822
312.808	1.637	120.798
312.767	1.371	120.802
312.732	1.025	120.786
312.702	0.541	120.839
312.681	-0.014	120.845
312.646	-0.649	120.812
312.543	-1.368	120.814
312.476	-2.192	120.823
312.289	-2.837	120.693
312.130	-2.703	120.385
312.094	-2.712	120.501
312.228	-2.709	120.853
312.362	-2.746	121.052
312.312	-2.673	121.034
312.352	-2.499	120.889
312.374	-2.383	120.812
312.431	-2.211	120.653
312.427	-2.081	120.510
312.443	-2.000	120.539
312.511	-1.915	120.653
312.562	-1.749	120.705
312.568	-1.594	120.748
312.554	-1.455	120.777
312.591	-1.261	120.778
312.574	-1.089	120.852
312.591	-0.803	120.767
312.639	-0.583	120.760
312.627	-0.359	120.787
312.615	-0.089	120.737
312.554	0.137	120.714
312.568	0.412	120.679
312.578	0.687	120.656
312.668	0.950	120.650
312.647	1.148	120.718
312.707	1.370	120.726
312.768	1.604	120.720
312.796	1.789	120.737
312.850	1.910	120.759
312.846	1.996	120.768
312.854	2.033	120.786
312.864	2.024	120.771
312.816	1.921	120.835
312.826	1.827	120.779
312.805	1.549	120.837
312.791	1.278	120.823
312.725	0.877	120.841
312.697	0.442	120.733
312.634	-0.198	120.811
312.594	-0.831	120.769
312.551	-1.575	120.768
312.445	-2.450	120.803
312.200	-2.829	120.562
312.124	-2.725	120.374
312.215	-2.668	120.485
312.299	-2.734	120.872
312.368	-2.773	121.068
312.357	-2.579	120.919
312.380	-2.435	120.835
312.417	-2.296	120.789
312.458	-2.197	120.697
312.459	-2.072	120.536
312.517	-1.992	120.595
312.521	-1.870	120.677
312.564	-1.753	120.759
312.535	-1.610	120.778
312.513	-1.488	120.817
312.529	-1.297	120.839
312.537	-1.069	120.780
312.470	-0.890	120.796
312.488	-0.612	120.710
312.568	-0.363	120.675
312.592	-0.132	120.694
312.662	0.137	120.669
312.635	0.405	120.629
312.639	0.675	120.616
312.706	0.926	120.656
312.752	1.155	120.718
312.809	1.345	120.793
312.814	1.539	120.829
312.822	1.714	120.825
312.841	1.836	120.806
312.884	1.967	120.733
312.842	1.956	120.810
312.811	1.934	120.817
312.817	1.844	120.849
312.808	1.732	120.818
312.766	1.493	120.826
312.720	1.217	120.790
312.696	0.855	120.777
312.672	0.414	120.740
312.680	-0.150	120.731
312.607	-0.807	120.741
312.575	-1.506	120.721
312.469	-2.381	120.803
312.289	-2.824	120.542
312.132	-2.757	120.357
312.201	-2.743	120.504
312.285	-2.741	120.790
312.340	-2.855	121.121
312.329	-2.676	120.994
312.381	-2.493	120.885
312.441	-2.347	120.782
312.451	-2.279	120.750
312.462	-2.194	120.635
312.455	-2.157	120.670
312.468	-2.063	120.702
312.462	-1.947	120.735
312.432	-1.845	120.785
312.415	-1.676	120.739
312.403	-1.511	120.732
312.485	-1.317	120.738
312.488	-1.148	120.750
312.508	-0.919	120.730
312.555	-0.690	120.690
312.637	-0.404	120.678
312.677	-0.137	120.625
312.672	0.098	120.672
312.690	0.390	120.684
312.754	0.672	120.674
312.761	0.903	120.716
312.767	1.134	120.775
312.810	1.353	120.828
312.816	1.531	120.868
312.837	1.695	120.867
312.843	1.824	120.842
312.792	1.889	120.840
312.820	1.933	120.829
312.791	1.933	120.792
312.791	1.852	120.819
312.755	1.685	120.817
312.765	1.497	120.796
312.734	1.208	120.777
312.723	0.878	120.682
312.698	0.424	120.682
312.691	-0.143	120.686
312.603	-0.806	120.716
312.582	-1.502	120.718
312.457	-2.400	120.816
312.237	-2.872	120.613
312.152	-2.738	120.372
312.176	-2.771	120.509
312.262	-2.824	120.879
312.323	-2.827	121.062
312.313	-2.639	120.995
312.355	-2.478	120.905
312.346	-2.403	120.917
312.404	-2.281	120.749
312.322	-2.229	120.631
312.306	-2.176	120.597
312.335	-2.086	120.628
312.392	-2.005	120.681
312.429	-1.883	120.714
312.421	-1.766	120.729
312.437	-1.617	120.726
312.508	-1.403	120.699
312.554	-1.180	120.684
312.606	-0.995	120.739
312.664	-0.757	120.746
312.699	-0.492	120.729
312.664	-0.259	120.745
312.718	0.056	120.694
312.721	0.312	120.748
312.739	0.562	120.817
312.741	0.822	120.843
312.787	1.069	120.865
312.781	1.303	120.879
312.760	1.480	120.897
312.809	1.691	120.863
312.815	1.812	120.830
312.788	1.922	120.786
312.836	1.995	120.775
312.812	1.997	120.762
312.836	1.962	120.740
312.835	1.859	120.739
312.787	1.671	120.726
312.748	1.406	120.706
312.753	1.056	120.714
312.705	0.619	120.729
312.674	0.065	120.729
312.679	-0.501	120.707
312.598	-1.257	120.763
312.544	-2.052	120.784
312.363	-2.843	120.743
312.112	-2.778	120.460
312.110	-2.771	120.458
312.201	-2.839	120.842
312.284	-2.869	121.091
312.209	-2.752	121.073
312.223	-2.560	120.921
312.257	-2.441	120.864
312.302	-2.337	120.756
312.307	-2.270	120.621
312.374	-2.180	120.527
312.382	-2.107	120.558
312.432	-2.003	120.618
312.500	-1.893	120.675
312.537	-1.711	120.653
312.548	-1.612	120.764
312.561	-1.408	120.754
312.606	-1.196	120.780
312.627	-0.961	120.758
312.657	-0.742	120.806
312.659	-0.523	120.829
312.692	-0.255	120.814
312.733	0.023	120.778
312.724	0.302	120.770
312.701	0.558	120.800
312.707	0.787	120.853
312.749	1.060	120.818
312.764	1.261	120.850
312.801	1.463	120.845
312.782	1.609	120.829
312.813	1.780	120.779
312.833	1.888	120.758
312.823	1.952	120.724
312.846	1.979	120.708
312.838	1.948	120.695
312.813	1.795	120.757
312.802	1.629	120.711
312.767	1.311	120.755
312.753	0.995	120.745
312.692	0.550	120.756
312.655	-0.012	120.771
312.607	-0.641	120.791
312.544	-1.322	120.756
312.418	-2.238	120.895
312.280	-2.921	120.759
311.993	-2.866	120.476
312.001	-2.813	120.453
312.149	-2.828	120.827
312.226	-2.893	121.099
312.223	-2.763	121.022
312.302	-2.497	120.784
312.295	-2.425	120.795
312.354	-2.279	120.676
312.414	-2.163	120.501
312.437	-2.088	120.488
312.488	-2.017	120.595
312.533	-1.871	120.638
312.536	-1.749	120.704
312.589	-1.596	120.739
312.583	-1.427	120.790
312.615	-1.245	120.825
312.639	-1.054	120.852
312.650	-0.852	120.845
312.661	-0.605	120.840
312.667	-0.378	120.843
312.706	-0.112	120.797
312.705	0.132	120.775
312.717	0.392	120.745
312.723	0.652	120.743
312.761	0.911	120.750
312.767	1.131	120.762
312.777	1.370	120.714
312.819	1.513	120.765
312.820	1.671	120.763
312.832	1.817	120.738
312.834	1.909	120.711
312.824	1.923	120.748
312.828	1.944	120.710
312.812	1.848	120.768
312.768	1.688	120.782
312.751	1.490	120.769
312.733	1.211	120.746
312.704	0.801	120.800
312.634	0.307	120.781
312.593	-0.268	120.763
312.455	-0.964	120.801
312.373	-1.706	120.788
312.327	-2.546	120.766
312.043	-2.910	120.513
312.048	-2.823	120.417
311.987	-2.884	120.622
312.218	-2.815	120.897
312.278	-2.879	121.074
312.270	-2.712	120.972
312.326	-2.512	120.851
312.400	-2.321	120.736
312.416	-2.229	120.649
312.443	-2.100	120.513
312.505	-1.993	120.566
312.516	-1.877	120.665
312.539	-1.799	120.793
312.584	-1.609	120.771
312.575	-1.439	120.798
312.580	-1.278	120.852
312.626	-1.034	120.819
312.660	-0.829	120.830
312.698	-0.574	120.781
312.710	-0.362	120.802
312.713	-0.101	120.769
312.779	0.167	120.720
312.729	0.403	120.719
312.792	0.679	120.678
312.781	0.925	120.719
312.800	1.207	120.663
312.847	1.401	120.733
312.813	1.581	120.783
312.870	1.815	120.704
312.817	1.883	120.769
312.828	2.004	120.724
312.806	2.031	120.739
312.780	1.977	120.782
312.747	1.937	120.758
312.739	1.753	120.844
312.688	1.543	120.825
312.645	1.256	120.819
312.545	0.856	120.796
312.524	0.365	120.794
312.551	-0.199	120.754
312.459	-0.918	120.783
312.431	-1.663	120.732
312.351	-2.531	120.744
312.109	-2.845	120.394
312.012	-2.812	120.355
312.136	-2.730	120.430
312.270	-2.783	120.863
312.318	-2.822	121.088
312.314	-2.629	120.959
312.385	-2.426	120.844
312.425	-2.271	120.771
312.436	-2.171	120.705
312.513	-2.002	120.557
312.507	-1.901	120.633
312.517	-1.764	120.719
312.541	-1.622	120.813
312.568	-1.432	120.828
312.591	-1.246	120.821
312.625	-1.047	120.847
312.667	-0.822	120.844
312.687	-0.584	120.812
312.743	-0.304	120.773
312.739	-0.078	120.772
312.775	0.185	120.711
312.755	0.473	120.674
312.796	0.693	120.710
312.820	0.986	120.667
312.832	1.211	120.671
312.834	1.422	120.727
312.822	1.603	120.782
312.825	1.780	120.803
312.783	1.869	120.814
312.783	1.948	120.827
312.773	1.983	120.805
312.753	1.981	120.814
312.726	1.898	120.811
312.656	1.777	120.797
312.596	1.542	120.807
312.583	1.238	120.784
312.562	0.848	120.736
312.570	0.381	120.725
312.565	-0.199	120.721
312.455	-0.944	120.772
312.437	-1.671	120.717
312.368	-2.514	120.706
312.103	-2.869	120.415
312.105	-2.739	120.247
312.094	-2.786	120.485
312.238	-2.798	120.856
312.316	-2.831	121.119
312.308	-2.633	120.998
312.367	-2.429	120.872
312.430	-2.241	120.788
312.456	-2.107	120.745
312.458	-1.988	120.647
312.488	-1.826	120.645
312.527	-1.658	120.719
312.555	-1.510	120.841
312.581	-1.299	120.808
312.612	-1.118	120.826
312.681	-0.887	120.802
312.721	-0.638	120.758
312.734	-0.388	120.753
312.776	-0.155	120.741
312.761	0.056	120.735
312.795	0.358	120.689
312.809	0.646	120.637
312.826	0.849	120.701
312.817	1.129	120.665
312.835	1.322	120.717
312.810	1.530	120.766
312.817	1.708	120.795
312.791	1.844	120.820
312.795	1.946	120.796
312.737	2.023	120.773
312.701	2.016	120.801
312.661	1.961	120.792
312.634	1.886	120.774
312.637	1.702	120.785
312.651	1.454	120.793
312.621	1.117	120.764
312.589	0.733	120.669
312.583	0.141	120.722
312.536	-0.466	120.738
312.478	-1.215	120.736
312.430	-2.009	120.717
312.323	-2.835	120.670
312.097	-2.766	120.263
312.114	-2.694	120.216
312.189	-2.797	120.724
312.263	-2.810	121.072
312.314	-2.719	121.089
312.302	-2.558	120.997
312.382	-2.329	120.839
312.408	-2.202	120.821
312.436	-2.065	120.713
312.492	-1.898	120.645
312.535	-1.731	120.661
312.547	-1.633	120.833
312.596	-1.405	120.829
312.635	-1.206	120.810
312.652	-1.014	120.820
312.685	-0.783	120.816
312.716	-0.525	120.782
312.774	-0.263	120.761
312.804	0.011	120.711
312.817	0.227	120.738
312.760	0.498	120.703
312.836	0.812	120.638
312.832	1.030	120.680
312.799	1.256	120.659
312.827	1.469	120.705
312.800	1.648	120.760
312.744	1.760	120.819
312.678	1.877	120.825
312.652	1.968	120.779
312.670	1.985	120.788
312.676	1.965	120.781
312.676	1.896	120.767
312.696	1.760	120.779
312.663	1.520	120.798
312.661	1.244	120.752
312.635	0.854	120.727
312.587	0.339	120.734
312.604	-0.272	120.743
312.523	-0.923	120.721
312.436	-1.722	120.715
312.301	-2.588	120.752
312.043	-2.920	120.488
312.050	-2.747	120.306
312.148	-2.711	120.509
312.213	-2.722	120.925
312.310	-2.772	121.153
312.316	-2.593	121.013
312.336	-2.466	120.914
312.404	-2.286	120.791
312.418	-2.199	120.761
312.461	-2.067	120.674
312.531	-1.913	120.657
312.553	-1.757	120.711
312.588	-1.616	120.831
312.621	-1.391	120.800
312.656	-1.202	120.783
312.670	-1.003	120.802
312.757	-0.715	120.716
312.791	-0.473	120.722
312.795	-0.239	120.723
312.778	-0.003	120.762
312.787	0.280	120.683
312.768	0.560	120.665
312.803	0.819	120.679
312.779	1.051	120.751
312.746	1.284	120.716
312.703	1.511	120.737
312.698	1.663	120.814
312.720	1.818	120.818
312.704	1.926	120.831
312.705	1.987	120.821
312.729	2.048	120.774
312.706	1.998	120.795
312.731	1.938	120.772
312.732	1.791	120.787
312.709	1.516	120.811
312.688	1.191	120.768
312.638	0.814	120.709
312.607	0.254	120.721
312.575	-0.368	120.711
312.483	-1.111	120.726
312.426	-1.914	120.736
312.315	-2.774	120.697
312.057	-2.831	120.373
312.126	-2.635	120.188
312.115	-2.754	120.700
312.248	-2.757	121.047
312.289	-2.746	121.185
312.321	-2.562	121.031
312.381	-2.398	120.913
312.453	-2.233	120.817
312.467	-2.119	120.755
312.547	-1.948	120.622
312.566	-1.811	120.665
312.613	-1.646	120.750
312.660	-1.494	120.784
312.681	-1.264	120.772
312.699	-1.105	120.802
312.719	-0.888	120.775
312.760	-0.658	120.761
312.755	-0.411	120.759
312.782	-0.131	120.697
312.772	0.095	120.698
312.742	0.367	120.698
312.737	0.643	120.652
312.664	0.816	120.726
312.663	1.098	120.728
312.655	1.292	120.744
312.711	1.500	120.780
312.742	1.704	120.760
312.720	1.800	120.824
312.745	1.914	120.782
312.739	1.952	120.797
312.747	1.975	120.776
312.785	1.961	120.726
312.745	1.806	120.773
312.726	1.595	120.793
312.667	1.350	120.760
312.681	1.038	120.703
312.588	0.555	120.722
312.603	-0.005	120.719
312.534	-0.605	120.653
312.427	-1.377	120.702
312.337	-2.195	120.710
312.159	-2.907	120.595
312.060	-2.737	120.238
312.059	-2.735	120.385
312.137	-2.783	120.850
312.261	-2.824	121.187
312.304	-2.699	121.155
312.367	-2.509	121.001
312.412	-2.356	120.891
312.469	-2.216	120.788
312.497	-2.112	120.679
312.522	-2.008	120.651
312.608	-1.861	120.710
312.637	-1.710	120.772
312.662	-1.560	120.807
312.693	-1.332	120.708
312.694	-1.147	120.723
312.687	-0.963	120.769
312.737	-0.709	120.730
312.709	-0.484	120.743
312.621	-0.280	120.766
312.644	-0.005	120.711
312.630	0.252	120.699
312.648	0.517	120.692
312.697	0.807	120.637
312.731	1.066	120.664
312.702	1.236	120.748
312.728	1.454	120.796
312.795	1.665	120.773
312.793	1.798	120.820
312.783	1.925	120.747
312.797	1.983	120.770
312.778	1.996	120.741
312.792	1.959	120.733
312.740	1.827	120.784
312.734	1.689	120.741
312.734	1.432	120.732
312.658	1.073	120.746
312.607	0.671	120.677
312.578	0.102	120.738
312.508	-0.473	120.654
312.485	-1.220	120.724
312.359	-2.066	120.778
312.258	-2.867	120.725
312.100	-2.714	120.302
312.062	-2.725	120.386
312.175	-2.704	120.748
312.296	-2.743	121.122
312.310	-2.719	121.202
312.348	-2.529	121.058
312.463	-2.335	120.914
312.498	-2.210	120.819
312.551	-2.084	120.687
312.590	-1.970	120.608
312.632	-1.851	120.658
312.644	-1.729	120.742
312.663	-1.584	120.763
312.669	-1.405	120.739
312.671	-1.229	120.769
312.632	-1.025	120.776
312.623	-0.818	120.727
312.646	-0.587	120.718
312.655	-0.372	120.765
312.688	-0.102	120.724
312.720	0.172	120.670
312.665	0.418	120.660
312.691	0.648	120.719
312.728	0.885	120.759
312.783	1.180	120.708
312.779	1.365	120.768
312.768	1.542	120.812
312.765	1.711	120.821
312.770	1.853	120.779
312.763	1.908	120.806
312.777	1.989	120.722
312.750	1.950	120.749
312.736	1.879	120.753
312.704	1.725	120.720
312.683	1.526	120.731
312.636	1.209	120.738
312.582	0.809	120.724
312.552	0.325	120.746
312.554	-0.236	120.708
312.492	-0.934	120.730
312.422	-1.693	120.742
312.324	-2.529	120.745
312.110	-2.814	120.484
312.058	-2.727	120.351
312.136	-2.763	120.637
312.289	-2.757	121.019
312.352	-2.788	121.218
312.340	-2.622	121.134
312.427	-2.428	121.010
312.504	-2.235	120.867
312.549	-2.103	120.728
312.562	-2.004	120.620
312.610	-1.873	120.610
312.645	-1.741	120.672
312.604	-1.607	120.737
312.549	-1.471	120.778
312.565	-1.283	120.730
312.612	-1.073	120.723
312.648	-0.850	120.719
312.685	-0.636	120.722
312.678	-0.415	120.730
312.684	-0.182	120.738
312.732	0.094	120.704
312.732	0.331	120.735
312.757	0.576	120.714
312.738	0.845	120.713
312.740	1.058	120.736
312.750	1.296	120.767
312.762	1.471	120.814
312.790	1.689	120.785
312.776	1.783	120.810
312.744	1.879	120.783
312.750	1.947	120.753
312.738	1.960	120.695
312.700	1.867	120.739
312.723	1.806	120.680
312.678	1.579	120.714
312.659	1.303	120.718
312.662	0.983	120.685
312.617	0.512	120.672
312.619	-0.056	120.715
312.517	-0.682	120.717
312.445	-1.414	120.749
312.372	-2.279	120.812
312.231	-2.865	120.643
312.030	-2.811	120.431
312.129	-2.762	120.555
312.256	-2.747	120.891
312.356	-2.803	121.207
312.363	-2.653	121.152
312.447	-2.420	120.961
312.501	-2.266	120.881
312.538	-2.148	120.772
312.575	-2.030	120.608
312.536	-1.968	120.650
312.563	-1.782	120.647
312.600	-1.663	120.706
312.625	-1.502	120.719
312.628	-1.325	120.703
312.662	-1.134	120.721
312.695	-0.885	120.667
312.674	-0.695	120.702
312.698	-0.472	120.743
312.719	-0.228	120.707
312.745	0.017	120.725
312.782	0.317	120.686
312.719	0.542	120.675
312.721	0.784	120.708
312.713	1.016	120.746
312.728	1.235	120.777
312.748	1.439	120.793
312.718	1.608	120.816
312.713	1.734	120.846
312.723	1.871	120.823
312.712	1.916	120.800
312.759	1.990	120.725
312.719	1.955	120.706
312.699	1.873	120.681
312.714	1.699	120.708
312.701	1.437	120.726
312.655	1.128	120.708
312.589	0.648	120.794
312.611	0.152	120.751
312.576	-0.439	120.778
312.524	-1.141	120.771
312.458	-1.924	120.792
312.358	-2.802	120.826
312.086	-2.819	120.512
312.103	-2.762	120.469
312.246	-2.715	120.753
312.358	-2.741	121.103
312.349	-2.730	121.177
312.424	-2.508	121.005
312.401	-2.390	120.916
312.409	-2.258	120.788
312.455	-2.152	120.668
312.550	-1.966	120.523
312.590	-1.881	120.573
312.594	-1.750	120.659
312.610	-1.634	120.732
312.665	-1.417	120.696
312.678	-1.217	120.712
312.726	-1.006	120.669
312.740	-0.798	120.732
312.744	-0.579	120.731
312.718	-0.324	120.736
312.743	-0.053	120.699
312.739	0.181	120.725
312.714	0.456	120.727
312.739	0.746	120.695
312.710	0.988	120.699
312.700	1.198	120.758
312.681	1.395	120.819
312.695	1.591	120.819
312.727	1.761	120.804
312.732	1.902	120.775
312.738	1.977	120.765
312.738	2.035	120.714
312.738	2.030	120.696
312.742	1.954	120.717
312.735	1.791	120.764
312.713	1.589	120.706
312.668	1.267	120.716
312.674	0.874	120.726
312.628	0.352	120.761
312.624	-0.240	120.782
312.567	-0.922	120.743
312.474	-1.731	120.786
312.414	-2.612	120.809
312.083	-2.849	120.558
312.165	-2.661	120.350
312.213	-2.734	120.699
312.328	-2.727	121.022
312.350	-2.765	121.188
312.348	-2.613	121.055
312.400	-2.441	120.907
312.462	-2.313	120.793
312.520	-2.205	120.633
312.568	-2.083	120.507
312.564	-2.018	120.573
312.635	-1.863	120.603
312.654	-1.745	120.687
312.675	-1.575	120.710
312.675	-1.372	120.669
312.662	-1.181	120.711
312.634	-1.003	120.755
312.664	-0.716	120.704
312.663	-0.505	120.761
312.685	-0.244	120.737
312.675	0.009	120.729
312.656	0.315	120.703
312.627	0.571	120.717
312.655	0.855	120.727
312.672	1.106	120.764
312.687	1.338	120.758
312.666	1.506	120.857
312.713	1.733	120.785
312.729	1.896	120.762
312.744	2.005	120.763
312.746	2.066	120.712
312.727	2.079	120.714
312.765	2.054	120.736
312.773	1.946	120.709
312.771	1.780	120.683
312.721	1.478	120.739
312.711	1.113	120.742
312.673	0.679	120.714
312.613	0.049	120.781
312.595	-0.569	120.781
312.538	-1.331	120.750
312.421	-2.239	120.858
312.246	-2.891	120.734
312.101	-2.733	120.349
312.091	-2.726	120.505
312.249	-2.729	120.868
312.351	-2.800	121.170
312.372	-2.693	121.131
312.432	-2.505	120.955
312.478	-2.353	120.838
312.525	-2.201	120.680
312.525	-2.146	120.584
312.613	-1.982	120.534
312.623	-1.873	120.593
312.654	-1.729	120.680
312.623	-1.575	120.711
312.614	-1.379	120.695
312.598	-1.186	120.693
312.632	-0.946	120.730
312.607	-0.726	120.699
312.593	-0.509	120.736
312.621	-0.276	120.773
312.637	0.016	120.733
312.607	0.230	120.767
312.619	0.552	120.723
312.681	0.839	120.680
312.697	1.055	120.752
312.725	1.295	120.747
312.745	1.506	120.799
312.732	1.672	120.822
312.755	1.828	120.799
312.800	2.003	120.699
312.793	2.062	120.715
312.808	2.072	120.701
312.825	2.054	120.680
312.813	1.904	120.772
312.773	1.776	120.714
312.750	1.486	120.773
312.700	1.145	120.743
312.696	0.733	120.724
312.622	0.126	120.793
312.600	-0.453	120.768
312.483	-1.215	120.810
312.432	-2.029	120.830
312.342	-2.836	120.760
312.142	-2.727	120.385
312.238	-2.599	120.299
312.317	-2.694	120.794
312.400	-2.755	121.111
312.412	-2.717	121.129
312.467	-2.485	120.946
312.527	-2.301	120.833
312.528	-2.191	120.743
312.557	-2.061	120.571
312.569	-1.934	120.531
312.584	-1.812	120.566
312.576	-1.685	120.669
312.608	-1.497	120.662
312.585	-1.355	120.694
312.562	-1.154	120.685
312.543	-0.974	120.747
312.566	-0.730	120.738
312.600	-0.488	120.731
312.656	-0.226	120.722
312.639	0.011	120.721
312.688	0.287	120.710
312.668	0.537	120.719
312.705	0.786	120.741
312.742	1.042	120.757
312.737	1.288	120.706
312.757	1.454	120.793
312.789	1.682	120.759
312.802	1.820	120.782
312.794	1.932	120.752
312.840	2.033	120.684
312.802	2.046	120.691
312.772	1.993	120.693
312.742	1.873	120.754
312.701	1.701	120.747
312.685	1.477	120.753
312.599	1.093	120.801
312.564	0.727	120.722
312.575	0.195	120.758
312.602	-0.387	120.766
312.529	-1.131	120.790
312.512	-1.926	120.800
312.400	-2.784	120.777
312.138	-2.800	120.482
312.229	-2.662	120.347
312.331	-2.726	120.728
312.433	-2.770	121.012
312.371	-2.723	121.116
312.460	-2.492	120.935
312.460	-2.384	120.864
312.482	-2.264	120.741
312.487	-2.154	120.555
312.477	-2.085	120.496
312.540	-1.969	120.548
312.489	-1.896	120.656
312.512	-1.732	120.672
312.500	-1.619	120.775
312.518	-1.394	120.716
312.543	-1.193	120.758
312.535	-0.953	120.753
312.620	-0.657	120.678
312.605	-0.472	120.788
312.679	-0.154	120.726
312.683	0.088	120.739
312.693	0.379	120.730
312.712	0.654	120.721
312.761	0.963	120.670
312.760	1.189	120.742
312.816	1.428	120.769
312.798	1.667	120.754
312.828	1.834	120.783
312.774	1.956	120.750
312.804	2.089	120.712
312.730	2.114	120.716
312.730	2.122	120.705
312.693	2.054	120.739
312.659	1.950	120.695
312.649	1.699	120.772
312.689	1.388	120.796
312.660	1.029	120.769
312.688	0.567	120.729
312.645	-0.058	120.748
312.631	-0.759	120.800
312.607	-1.532	120.812
312.487	-2.438	120.877
312.222	-2.852	120.662
312.123	-2.760	120.450
312.255	-2.730	120.601
312.371	-2.710	120.956
312.420	-2.743	121.119
312.371	-2.585	121.024
312.434	-2.398	120.859
312.428	-2.274	120.786
312.439	-2.150	120.628
312.468	-1.980	120.432
312.459	-1.896	120.530
312.480	-1.772	120.614
312.507	-1.624	120.712
312.544	-1.403	120.699
312.561	-1.235	120.736
312.572	-1.009	120.743
312.599	-0.762	120.718
312.618	-0.537	120.731
312.666	-0.290	120.768
312.693	-0.056	120.773
312.702	0.208	120.787
312.753	0.514	120.741
312.723	0.737	120.747
312.738	1.010	120.719
312.782	1.268	120.714
312.755	1.431	120.792
312.768	1.661	120.715
312.748	1.754	120.823
312.720	1.886	120.757
312.659	1.972	120.718
312.656	1.983	120.742
312.658	1.965	120.696
312.640	1.837	120.768
312.701	1.691	120.756
312.743	1.474	120.741
312.686	1.126	120.756
312.679	0.708	120.780
312.667	0.238	120.747
312.663	-0.374	120.790
312.599	-1.086	120.810
312.543	-1.877	120.843
312.423	-2.733	120.811
312.163	-2.792	120.501
312.141	-2.754	120.448
312.254	-2.726	120.720
312.354	-2.756	121.075
312.361	-2.733	121.109
312.332	-2.582	120.987
312.370	-2.416	120.874
312.407	-2.278	120.762
312.409	-2.123	120.549
312.436	-2.030	120.523
312.500	-1.890	120.547
312.510	-1.781	120.654
312.530	-1.618	120.705
312.574	-1.413	120.691
312.568	-1.270	120.762
312.608	-1.012	120.744
312.641	-0.785	120.744
312.672	-0.573	120.797
312.675	-0.331	120.791
312.709	-0.059	120.794
312.728	0.221	120.778
312.754	0.503	120.724
312.722	0.760	120.725
312.687	1.004	120.717
312.699	1.261	120.686
312.654	1.452	120.769
312.625	1.640	120.786
312.651	1.811	120.760
312.674	1.924	120.762
312.730	2.034	120.706
312.741	2.060	120.711
312.757	2.067	120.691
312.797	1.969	120.784
312.789	1.856	120.759
312.793	1.655	120.750
312.787	1.333	120.751
312.760	0.957	120.727
312.711	0.398	120.784
312.720	-0.177	120.784
312.611	-0.896	120.789
312.562	-1.705	120.842
312.446	-2.592	120.876
312.151	-2.805	120.608
312.108	-2.684	120.409
312.222	-2.609	120.646
312.329	-2.600	120.970
312.355	-2.670	121.175
312.381	-2.600	121.011
312.390	-2.498	120.855
312.400	-2.417	120.686
312.406	-2.335	120.567
312.448	-2.260	120.491
312.445	-2.197	120.560
312.495	-2.096	120.683
312.533	-1.934	120.739
312.508	-1.816	120.828
312.578	-1.585	120.760
312.627	-1.335	120.733
312.657	-1.131	120.773
312.645	-0.855	120.727
312.661	-0.626	120.757
312.694	-0.342	120.749
312.673	-0.078	120.763
312.677	0.220	120.713
312.644	0.516	120.721
312.586	0.802	120.697
312.601	1.047	120.728
312.648	1.322	120.719
312.678	1.532	120.749
312.722	1.781	120.713
312.745	1.944	120.707
312.767	2.028	120.745
312.792	2.109	120.752
312.809	2.152	120.744
312.816	2.119	120.774
312.809	2.032	120.758
312.811	1.852	120.800
312.796	1.612	120.790
312.770	1.225	120.804
312.700	0.766	120.823
312.711	0.245	120.759
312.625	-0.450	120.810
312.561	-1.188	120.821
312.481	-2.012	120.832
312.364	-2.814	120.756
312.093	-2.756	120.416
312.150	-2.631	120.311
312.212	-2.695	120.766
312.356	-2.710	121.032
312.356	-2.709	121.111
312.356	-2.558	120.951
312.421	-2.402	120.798
312.445	-2.308	120.700
312.448	-2.163	120.514
312.491	-2.048	120.482
312.565	-1.967	120.597
312.586	-1.818	120.675
312.581	-1.703	120.776
312.583	-1.545	120.818
312.588	-1.343	120.787
312.599	-1.126	120.831
312.587	-0.905	120.799
312.615	-0.659	120.773
312.614	-0.373	120.756
312.545	-0.152	120.745
312.573	0.128	120.711
312.575	0.405	120.679
312.630	0.700	120.634
312.633	0.936	120.675
312.697	1.195	120.635
312.703	1.415	120.710
312.789	1.614	120.733
312.814	1.774	120.762
312.856	1.944	120.722
312.832	2.018	120.725
312.865	2.043	120.743
312.825	1.995	120.792
312.805	1.933	120.773
312.820	1.774	120.811
312.802	1.541	120.840
312.753	1.263	120.793
312.727	0.854	120.803
312.666	0.360	120.788
312.629	-0.214	120.785
312.577	-0.872	120.773
312.574	-1.633	120.772
312.450	-2.508	120.820
312.167	-2.825	120.540
312.115	-2.712	120.380
312.217	-2.701	120.565
312.310	-2.716	120.905
312.355	-2.804	121.134
312.357	-2.617	120.966
312.409	-2.449	120.842
312.454	-2.320	120.758
312.470	-2.234	120.648
312.487	-2.097	120.507
312.551	-2.027	120.585
312.572	-1.899	120.638
312.579	-1.824	120.759
312.549	-1.685	120.781
312.564	-1.541	120.808
312.559	-1.310	120.758
312.553	-1.117	120.776
312.487	-0.938	120.787
312.504	-0.653	120.727
312.528	-0.437	120.758
312.609	-0.172	120.713
312.651	0.126	120.652
312.630	0.355	120.673
312.644	0.652	120.640
312.703	0.902	120.656
312.774	1.176	120.684
312.829	1.392	120.743
312.843	1.562	120.790
312.821	1.698	120.846
312.835	1.881	120.786
312.858	1.983	120.763
312.847	1.997	120.791
312.834	1.954	120.837
312.839	1.921	120.810
312.818	1.769	120.844
312.780	1.582	120.794
312.745	1.287	120.797
312.693	0.907	120.811
312.667	0.461	120.779
312.639	-0.128	120.768
312.602	-0.768	120.764
312.566	-1.448	120.697
312.475	-2.312	120.778
312.210	-2.888	120.641
312.163	-2.647	120.258
312.170	-2.717	120.468
312.299	-2.714	120.791
312.342	-2.833	121.083
312.337	-2.668	120.996
312.420	-2.442	120.843
312.443	-2.334	120.829
312.463	-2.243	120.739
312.483	-2.127	120.575
312.487	-2.101	120.663
312.505	-1.970	120.676
312.479	-1.883	120.742
312.478	-1.763	120.776
312.416	-1.595	120.735
312.446	-1.450	120.747
312.478	-1.274	120.747
312.516	-1.052	120.746
312.533	-0.833	120.714
312.565	-0.585	120.693
312.638	-0.324	120.684
312.648	-0.115	120.696
312.709	0.167	120.680
312.731	0.484	120.631
312.743	0.663	120.763
312.812	1.000	120.700
312.809	1.224	120.750
312.829	1.375	120.857
312.824	1.563	120.848
312.836	1.710	120.871
312.830	1.822	120.841
312.834	1.892	120.811
312.782	1.940	120.751
312.804	1.903	120.768
312.782	1.796	120.800
312.773	1.636	120.813
312.750	1.389	120.821
312.724	1.097	120.765
312.686	0.740	120.725
312.671	0.234	120.717
312.638	-0.329	120.742
312.601	-0.959	120.721
312.521	-1.714	120.742
312.451	-2.504	120.700
312.187	-2.840	120.548
312.077	-2.813	120.447
312.202	-2.772	120.605
312.294	-2.815	120.947
312.299	-2.795	121.058
312.321	-2.604	120.960
312.338	-2.516	120.964
312.374	-2.394	120.885
312.391	-2.302	120.719
312.347	-2.244	120.602
312.316	-2.196	120.606
312.342	-2.138	120.650
312.393	-2.030	120.668
312.430	-1.940	120.705
312.462	-1.785	120.695
312.488	-1.618	120.685
312.514	-1.477	120.735
312.584	-1.259	120.714
312.610	-1.045	120.736
312.643	-0.803	120.730
312.692	-0.570	120.782
312.703	-0.274	120.703
312.729	-0.009	120.704
312.736	0.237	120.771
312.772	0.511	120.810
312.769	0.824	120.802
312.767	1.047	120.842
312.780	1.287	120.844
312.815	1.487	120.848
312.772	1.660	120.845
312.808	1.826	120.806
312.827	1.969	120.747
312.835	2.049	120.712
312.812	2.022	120.748
312.808	1.992	120.739
312.809	1.912	120.725
312.778	1.707	120.738
312.780	1.447	120.760
312.752	1.145	120.705
312.691	0.716	120.713
312.670	0.162	120.702
312.670	-0.429	120.710
312.589	-1.172	120.745
312.511	-1.993	120.810
312.369	-2.850	120.780
312.071	-2.851	120.468
312.170	-2.700	120.308
312.139	-2.869	120.833
312.282	-2.872	121.100
312.249	-2.771	121.085
312.205	-2.581	120.932
312.237	-2.444	120.853
312.323	-2.302	120.748
312.344	-2.211	120.590
312.382	-2.113	120.528
312.421	-2.022	120.563
312.490	-1.878	120.585
312.519	-1.752	120.660
312.585	-1.579	120.656
312.620	-1.408	120.709
312.611	-1.236	120.753
312.631	-1.032	120.776
312.654	-0.821	120.825
312.703	-0.596	120.815
312.709	-0.339	120.815
312.729	-0.091	120.792
312.706	0.152	120.796
312.734	0.422	120.778
312.717	0.642	120.807
312.750	0.943	120.768
312.743	1.131	120.828
312.787	1.343	120.813
312.787	1.506	120.841
312.817	1.698	120.776
312.814	1.796	120.786
312.815	1.858	120.764
312.819	1.939	120.692
312.814	1.943	120.691
312.804	1.843	120.722
312.822	1.722	120.708
312.766	1.502	120.738
312.780	1.232	120.710
312.741	0.849	120.748
312.677	0.349	120.774
312.636	-0.223	120.775
312.580	-0.838	120.756
312.519	-1.578	120.798
312.401	-2.454	120.836
312.182	-2.873	120.596
312.078	-2.766	120.324
312.023	-2.805	120.542
312.128	-2.846	120.916
312.223	-2.884	121.098
312.206	-2.668	120.963
312.257	-2.479	120.834
312.299	-2.333	120.781
312.417	-2.128	120.560
312.409	-2.075	120.492
312.469	-1.958	120.538
312.555	-1.820	120.558
312.572	-1.706	120.630
312.587	-1.592	120.721
312.580	-1.443	120.765
312.598	-1.270	120.816
312.637	-1.049	120.811
312.628	-0.918	120.890
312.671	-0.683	120.863
312.668	-0.427	120.833
312.700	-0.188	120.801
312.692	0.055	120.776
312.719	0.287	120.775
312.717	0.550	120.745
312.763	0.831	120.696
312.754	1.040	120.755
312.798	1.264	120.748
312.825	1.475	120.736
312.786	1.622	120.756
312.810	1.781	120.748
312.836	1.904	120.694
312.845	1.972	120.686
312.827	1.958	120.755
312.818	1.949	120.721
312.806	1.845	120.759
312.779	1.652	120.786
312.733	1.401	120.798
312.713	1.082	120.785
312.663	0.663	120.779
312.605	0.138	120.771
312.572	-0.450	120.774
312.451	-1.164	120.782
312.331	-2.022	120.821
312.262	-2.858	120.792
312.059	-2.832	120.398
312.114	-2.731	120.292
312.129	-2.824	120.724
312.217	-2.835	120.986
312.269	-2.812	121.062
312.305	-2.592	120.857
312.338	-2.439	120.793
312.440	-2.277	120.698
312.451	-2.149	120.555
312.456	-2.062	120.521
312.496	-1.966	120.630
312.536	-1.825	120.706
312.594	-1.681	120.757
312.579	-1.516	120.772
312.570	-1.374	120.832
312.596	-1.157	120.824
312.623	-0.948	120.871
312.697	-0.700	120.824
312.698	-0.457	120.808
312.698	-0.243	120.800
312.734	0.038	120.781
312.755	0.293	120.715
312.762	0.558	120.694
312.797	0.819	120.690
312.811	1.073	120.681
312.816	1.272	120.756
312.843	1.520	120.742
312.818	1.696	120.779
312.833	1.836	120.805
312.844	1.985	120.754
312.817	2.021	120.768
312.848	2.094	120.700
312.783	2.021	120.751
312.746	1.935	120.770
312.732	1.729	120.838
312.708	1.486	120.835
312.673	1.210	120.743
312.524	0.698	120.796
312.521	0.189	120.756
312.488	-0.448	120.747
312.453	-1.167	120.760
312.390	-2.008	120.763
312.340	-2.793	120.650
312.106	-2.753	120.236
312.051	-2.752	120.276
312.166	-2.811	120.707
312.285	-2.828	121.002
312.323	-2.763	121.076
312.337	-2.573	120.931
312.401	-2.402	120.820
312.425	-2.231	120.747
312.434	-2.127	120.643
312.468	-2.035	120.651
312.536	-1.829	120.643
312.539	-1.730	120.805
312.577	-1.528	120.827
312.576	-1.360	120.855
312.590	-1.163	120.829
312.639	-0.930	120.838
312.718	-0.671	120.791
312.681	-0.474	120.821
312.753	-0.184	120.774
312.755	0.075	120.731
312.775	0.359	120.685
312.761	0.618	120.666
312.775	0.824	120.698
312.820	1.125	120.647
312.828	1.320	120.710
312.819	1.515	120.761
312.868	1.743	120.761
312.801	1.859	120.800
312.794	1.967	120.777
312.779	2.039	120.745
312.790	2.055	120.723
312.717	1.956	120.802
312.718	1.874	120.788
312.630	1.670	120.807
312.584	1.392	120.829
312.552	1.033	120.791
312.540	0.613	120.773
312.530	0.050	120.781
312.491	-0.540	120.707
312.467	-1.264	120.678
312.329	-2.208	120.808
312.253	-2.905	120.651
312.084	-2.770	120.240
312.069	-2.744	120.344
312.155	-2.771	120.723
312.301	-2.768	121.024
312.314	-2.714	121.061
312.319	-2.558	120.943
312.399	-2.363	120.819
312.441	-2.208	120.741
312.458	-2.047	120.629
312.488	-1.932	120.627
312.507	-1.803	120.695
312.536	-1.664	120.827
312.589	-1.437	120.831
312.593	-1.253	120.846
312.611	-1.054	120.832
312.661	-0.790	120.763
312.708	-0.545	120.763
312.734	-0.302	120.776
312.759	-0.033	120.732
312.750	0.203	120.763
312.788	0.497	120.723
312.792	0.752	120.702
312.828	1.031	120.699
312.811	1.291	120.676
312.845	1.507	120.741
312.835	1.743	120.728
312.811	1.891	120.779
312.792	2.001	120.804
312.797	2.123	120.725
312.766	2.160	120.726
312.697	2.101	120.774
312.661	2.028	120.792
312.641	1.896	120.787
312.620	1.656	120.809
312.607	1.354	120.783
312.593	0.965	120.766
312.544	0.459	120.700
312.559	-0.162	120.734
312.503	-0.842	120.699
312.453	-1.629	120.691
312.358	-2.546	120.722
312.067	-2.902	120.451
312.180	-2.604	120.072
312.103	-2.725	120.464
312.207	-2.766	120.923
312.322	-2.779	121.128
312.290	-2.637	121.074
312.384	-2.402	120.876
312.407	-2.244	120.801
312.416	-2.105	120.717
312.462	-1.953	120.648
312.507	-1.803	120.663
312.528	-1.633	120.750
312.575	-1.444	120.849
312.599	-1.238	120.851
312.646	-1.000	120.800
312.686	-0.752	120.788
312.697	-0.527	120.788
312.776	-0.230	120.706
312.778	-0.012	120.753
312.812	0.259	120.703
312.845	0.557	120.680
312.816	0.766	120.720
312.838	1.073	120.628
312.855	1.277	120.685
312.822	1.496	120.728
312.819	1.683	120.778
312.760	1.822	120.828
312.781	1.948	120.844
312.714	2.049	120.796
312.609	2.019	120.850
312.658	2.062	120.793
312.678	1.991	120.789
312.654	1.853	120.814
312.655	1.659	120.786
312.633	1.372	120.752
312.632	0.995	120.735
312.560	0.505	120.721
312.617	-0.068	120.683
312.505	-0.759	120.698
312.500	-1.518	120.673
312.365	-2.375	120.703
312.116	-2.920	120.510
312.043	-2.785	120.251
312.083	-2.738	120.426
312.229	-2.728	120.845
312.318	-2.767	121.136
312.327	-2.668	121.079
312.313	-2.524	120.957
312.363	-2.360	120.839
312.410	-2.230	120.755
312.437	-2.076	120.630
312.523	-1.929	120.635
312.520	-1.804	120.732
312.560	-1.661	120.872
312.611	-1.418	120.849
312.643	-1.210	120.795
312.648	-0.993	120.825
312.714	-0.734	120.776
312.780	-0.420	120.702
312.814	-0.202	120.745
312.815	0.061	120.736
312.837	0.384	120.670
312.790	0.608	120.723
312.822	0.912	120.674
312.782	1.131	120.731
312.786	1.370	120.745
312.782	1.597	120.772
312.717	1.789	120.793
312.696	1.942	120.808
312.694	2.045	120.834
312.718	2.120	120.811
312.741	2.138	120.784
312.708	2.108	120.760
312.743	2.041	120.729
312.696	1.828	120.805
312.722	1.608	120.744
312.647	1.225	120.758
312.672	0.794	120.722
312.617	0.203	120.727
312.583	-0.442	120.730
312.495	-1.175	120.699
312.384	-2.078	120.790
312.281	-2.869	120.667
312.015	-2.832	120.325
312.085	-2.687	120.262
312.162	-2.687	120.690
312.270	-2.703	121.072
312.327	-2.723	121.164
312.330	-2.573	121.009
312.380	-2.412	120.849
312.433	-2.269	120.753
312.481	-2.136	120.630
312.538	-1.986	120.610
312.549	-1.885	120.686
312.591	-1.718	120.803
312.621	-1.526	120.836
312.674	-1.276	120.775
312.681	-1.098	120.791
312.727	-0.808	120.699
312.769	-0.571	120.709
312.801	-0.289	120.698
312.782	-0.076	120.728
312.795	0.193	120.727
312.766	0.454	120.736
312.761	0.762	120.686
312.771	1.019	120.696
312.666	1.266	120.701
312.682	1.460	120.771
312.687	1.657	120.795
312.722	1.847	120.808
312.735	1.980	120.783
312.728	2.076	120.745
312.726	2.112	120.768
312.725	2.099	120.747
312.743	2.018	120.774
312.729	1.883	120.804
312.734	1.672	120.774
312.702	1.374	120.719
312.647	0.952	120.723
312.585	0.449	120.679
312.585	-0.166	120.721
312.472	-0.925	120.745
312.447	-1.691	120.702
312.314	-2.555	120.700
312.050	-2.865	120.391
312.013	-2.757	120.269
312.096	-2.703	120.449
312.222	-2.698	120.910
312.299	-2.776	121.183
312.331	-2.605	121.059
312.369	-2.436	120.917
312.446	-2.260	120.807
312.451	-2.155	120.759
312.517	-1.987	120.632
312.549	-1.857	120.635
312.632	-1.667	120.701
312.656	-1.495	120.779
312.660	-1.322	120.813
312.705	-1.098	120.770
312.709	-0.892	120.772
312.750	-0.622	120.727
312.768	-0.374	120.727
312.780	-0.142	120.730
312.750	0.117	120.713
312.737	0.416	120.634
312.642	0.611	120.705
312.670	0.852	120.717
312.708	1.157	120.670
312.736	1.358	120.739
312.753	1.578	120.745
312.736	1.741	120.798
312.758	1.900	120.821
312.786	2.016	120.808
312.758	2.062	120.800
312.798	2.124	120.728
312.792	2.070	120.696
312.790	1.931	120.750
312.720	1.744	120.775
312.707	1.482	120.758
312.674	1.122	120.753
312.620	0.681	120.694
312.608	0.122	120.678
312.463	-0.541	120.717
312.459	-1.277	120.723
312.373	-2.098	120.731
312.213	-2.894	120.674
312.083	-2.723	120.231
312.094	-2.677	120.234
312.151	-2.748	120.788
312.314	-2.736	121.113
312.345	-2.711	121.154
312.318	-2.577	121.074
312.435	-2.355	120.877
312.476	-2.237	120.831
312.552	-2.102	120.674
312.564	-2.011	120.652
312.626	-1.874	120.705
312.656	-1.699	120.752
312.676	-1.518	120.776
312.675	-1.351	120.777
312.708	-1.144	120.752
312.679	-0.930	120.744
312.682	-0.699	120.741
312.665	-0.434	120.724
312.659	-0.214	120.684
312.649	0.024	120.728
312.703	0.302	120.702
312.668	0.593	120.651
312.721	0.834	120.679
312.733	1.088	120.672
312.763	1.316	120.735
312.792	1.536	120.765
312.819	1.702	120.821
312.804	1.863	120.801
312.795	1.969	120.797
312.778	2.040	120.752
312.788	2.038	120.766
312.779	2.031	120.723
312.752	1.899	120.771
312.709	1.736	120.774
312.717	1.485	120.767
312.646	1.163	120.709
312.565	0.703	120.724
312.577	0.168	120.717
312.511	-0.420	120.670
312.452	-1.202	120.739
312.388	-1.996	120.746
312.280	-2.835	120.709
312.025	-2.788	120.332
312.050	-2.767	120.382
312.149	-2.732	120.753
312.278	-2.756	121.109
312.333	-2.734	121.204
312.366	-2.551	121.042
312.441	-2.384	120.912
312.469	-2.283	120.843
312.530	-2.115	120.682
312.587	-1.998	120.609
312.617	-1.872	120.634
312.653	-1.753	120.720
312.664	-1.617	120.772
312.708	-1.392	120.716
312.670	-1.234	120.738
312.599	-1.034	120.758
312.631	-0.786	120.691
312.638	-0.613	120.768
312.697	-0.339	120.734
312.686	-0.096	120.730
312.695	0.154	120.727
312.702	0.460	120.650
312.777	0.769	120.624
312.749	0.955	120.715
312.772	1.200	120.772
312.798	1.425	120.776
312.806	1.633	120.787
312.743	1.745	120.844
312.812	1.934	120.768
312.748	1.963	120.789
312.765	2.030	120.726
312.783	1.997	120.744
312.747	1.956	120.707
312.715	1.782	120.739
312.667	1.589	120.675
312.650	1.258	120.706
312.592	0.827	120.756
312.564	0.340	120.708
312.529	-0.265	120.701
312.480	-0.935	120.696
312.423	-1.709	120.727
312.340	-2.532	120.718
312.070	-2.833	120.467
312.029	-2.745	120.367
312.129	-2.751	120.633
312.305	-2.713	120.952
312.332	-2.777	121.232
312.356	-2.605	121.135
312.449	-2.397	120.966
312.510	-2.216	120.845
312.550	-2.070	120.721
312.553	-1.987	120.619
312.582	-1.830	120.615
312.567	-1.694	120.696
312.543	-1.575	120.746
312.590	-1.384	120.729
312.605	-1.230	120.787
312.650	-0.989	120.746
312.693	-0.751	120.674
312.698	-0.558	120.713
312.738	-0.306	120.707
312.736	-0.068	120.739
312.762	0.171	120.725
312.750	0.427	120.729
312.758	0.694	120.702
312.779	0.956	120.711
312.756	1.163	120.729
312.764	1.405	120.772
312.748	1.561	120.812
312.780	1.747	120.795
312.731	1.832	120.821
312.728	1.936	120.805
312.713	1.965	120.800
312.704	1.956	120.765
312.710	1.913	120.728
312.717	1.788	120.702
312.689	1.570	120.735
312.649	1.285	120.719
312.633	0.885	120.706
312.584	0.432	120.704
312.591	-0.140	120.705
312.446	-0.892	120.806
312.451	-1.576	120.721
312.334	-2.431	120.788
312.153	-2.806	120.479
312.064	-2.729	120.317
312.137	-2.747	120.573
312.305	-2.718	120.919
312.350	-2.821	121.230
312.348	-2.652	121.146
312.437	-2.416	120.964
312.478	-2.284	120.911
312.527	-2.102	120.731
312.551	-1.989	120.614
312.570	-1.845	120.584
312.589	-1.725	120.676
312.620	-1.556	120.708
312.669	-1.387	120.702
312.645	-1.233	120.726
312.694	-0.986	120.704
312.689	-0.814	120.740
312.707	-0.563	120.741
312.741	-0.308	120.728
312.768	-0.060	120.715
312.764	0.193	120.698
312.759	0.462	120.696
312.732	0.708	120.701
312.751	0.955	120.712
312.728	1.196	120.726
312.727	1.373	120.796
312.736	1.614	120.788
312.719	1.754	120.824
312.712	1.870	120.826
312.699	1.955	120.817
312.721	2.043	120.732
312.730	2.046	120.702
312.713	1.995	120.699
312.724	1.856	120.713
312.660	1.619	120.756
312.669	1.373	120.690
312.670	0.997	120.728
312.555	0.497	120.724
312.613	-0.058	120.701
312.490	-0.770	120.759
312.498	-1.482	120.728
312.390	-2.346	120.775
312.153	-2.852	120.596
312.017	-2.820	120.452
312.129	-2.756	120.590
312.272	-2.746	120.962
312.372	-2.776	121.191
312.357	-2.671	121.161
312.407	-2.457	120.972
312.404	-2.310	120.857
312.441	-2.162	120.731
312.455	-2.056	120.600
312.551	-1.940	120.614
312.613	-1.753	120.610
312.631	-1.597	120.655
312.668	-1.425	120.660
312.675	-1.259	120.686
312.686	-1.045	120.696
312.710	-0.828	120.702
312.758	-0.565	120.681
312.755	-0.315	120.660
312.745	-0.096	120.695
312.721	0.158	120.691
312.701	0.433	120.695
312.705	0.632	120.763
312.729	0.930	120.717
312.681	1.137	120.757
312.715	1.391	120.755
312.714	1.575	120.819
312.677	1.734	120.828
312.714	1.881	120.807
312.701	1.983	120.797
312.726	2.022	120.766
312.738	2.037	120.752
312.742	2.010	120.719
312.709	1.876	120.725
312.710	1.692	120.698
312.675	1.411	120.682
312.679	1.018	120.721
312.642	0.562	120.665
312.616	-0.065	120.734
312.562	-0.735	120.757
312.486	-1.503	120.788
312.393	-2.370	120.812
312.194	-2.857	120.602
312.022	-2.825	120.446
312.161	-2.705	120.510
312.254	-2.777	120.984
312.360	-2.774	121.173
312.299	-2.672	121.121
312.346	-2.528	120.993
312.414	-2.369	120.838
312.488	-2.260	120.742
312.572	-2.069	120.502
312.573	-2.017	120.542
312.620	-1.883	120.598
312.641	-1.750	120.672
312.672	-1.580	120.694
312.692	-1.363	120.665
312.665	-1.188	120.710
312.683	-0.969	120.698
312.673	-0.721	120.672
312.663	-0.504	120.737
312.700	-0.226	120.709
312.682	0.018	120.721
312.670	0.292	120.700
312.657	0.588	120.696
312.659	0.840	120.769
312.700	1.119	120.739
312.672	1.330	120.796
312.720	1.566	120.823
312.741	1.767	120.817
312.743	1.926	120.787
312.774	2.034	120.764
312.757	2.113	120.754
312.755	2.126	120.752
312.752	2.100	120.707
312.746	1.973	120.751
312.756	1.842	120.707
312.746	1.573	120.725
312.716	1.240	120.655
312.658	0.746	120.695
312.637	0.159	120.741
312.609	-0.484	120.743
312.527	-1.268	120.782
312.413	-2.134	120.836
312.306	-2.846	120.684
312.106	-2.747	120.357
312.096	-2.716	120.474
312.268	-2.627	120.753
312.342	-2.710	121.124
312.357	-2.701	121.160
312.423	-2.519	120.978
312.477	-2.352	120.823
312.531	-2.243	120.724
312.581	-2.093	120.558
312.595	-2.024	120.566
312.627	-1.878	120.598
312.657	-1.743	120.695
312.674	-1.559	120.713
312.656	-1.348	120.700
312.673	-1.140	120.672
312.636	-0.952	120.713
312.644	-0.698	120.680
312.663	-0.427	120.692
312.641	-0.183	120.699
312.632	0.068	120.702
312.643	0.363	120.689
312.621	0.621	120.712
312.653	0.842	120.799
312.686	1.140	120.727
312.727	1.388	120.751
312.738	1.605	120.789
312.757	1.799	120.780
312.763	1.955	120.757
312.788	2.073	120.712
312.767	2.159	120.674
312.803	2.149	120.735
312.813	2.114	120.683
312.801	2.001	120.712
312.741	1.815	120.702
312.733	1.553	120.691
312.694	1.192	120.697
312.685	0.746	120.678
312.591	0.124	120.738
312.563	-0.536	120.760
312.475	-1.249	120.720
312.346	-2.169	120.824
312.250	-2.880	120.683
312.172	-2.680	120.253
312.197	-2.666	120.451
312.291	-2.673	120.814
312.384	-2.730	121.127
312.439	-2.698	121.145
312.473	-2.555	121.003
312.505	-2.422	120.833
312.543	-2.325	120.701
312.555	-2.213	120.537
312.565	-2.151	120.536
312.584	-2.032	120.586
312.572	-1.893	120.709
312.588	-1.743	120.748
312.580	-1.554	120.722
312.588	-1.344	120.697
312.559	-1.133	120.725
312.579	-0.855	120.691
312.590	-0.618	120.710
312.625	-0.324	120.688
312.638	-0.077	120.707
312.637	0.190	120.734
312.667	0.546	120.654
312.725	0.810	120.691
312.708	1.054	120.733
312.728	1.316	120.764
312.749	1.544	120.800
312.806	1.807	120.770
312.819	1.940	120.796
312.814	2.079	120.741
312.795	2.136	120.777
312.820	2.219	120.688
312.799	2.212	120.685
312.809	2.107	120.694
312.763	1.933	120.738
312.729	1.674	120.738
312.693	1.347	120.736
312.630	0.905	120.724
312.549	0.319	120.754
312.516	-0.318	120.752
312.495	-1.054	120.751
312.475	-1.890	120.788
312.375	-2.784	120.797
312.097	-2.788	120.431
312.220	-2.636	120.314
312.305	-2.687	120.738
312.397	-2.719	121.074
312.445	-2.710	121.179
312.479	-2.486	120.966
312.470	-2.340	120.846
312.502	-2.238	120.757
312.504	-2.111	120.571
312.484	-2.029	120.562
312.570	-1.827	120.549
312.559	-1.693	120.635
312.542	-1.531	120.696
312.562	-1.338	120.712
312.517	-1.185	120.758
312.536	-0.928	120.702
312.576	-0.642	120.696
312.636	-0.372	120.667
312.650	-0.171	120.722
312.641	0.114	120.706
312.659	0.384	120.736
312.703	0.659	120.762
312.710	0.963	120.704
312.744	1.210	120.723
312.799	1.439	120.770
312.858	1.690	120.739
312.796	1.830	120.784
312.802	1.996	120.742
312.815	2.080	120.732
312.804	2.139	120.711
312.770	2.126	120.733
312.745	2.054	120.744
312.725	1.941	120.743
312.638	1.760	120.729
312.564	1.437	120.743
312.597	1.074	120.749
312.547	0.569	120.782
312.612	0.026	120.725
312.562	-0.670	120.817
312.526	-1.395	120.740
312.457	-2.298	120.843
312.270	-2.843	120.644
312.153	-2.723	120.359
312.196	-2.757	120.573
312.314	-2.711	120.875
312.397	-2.772	121.140
312.355	-2.647	121.090
312.412	-2.442	120.954
312.466	-2.241	120.822
312.471	-2.102	120.723
312.489	-1.950	120.541
312.504	-1.828	120.543
312.514	-1.693	120.617
312.543	-1.480	120.630
312.610	-1.266	120.622
312.537	-1.158	120.760
312.590	-0.903	120.695
312.601	-0.699	120.753
312.649	-0.450	120.732
312.665	-0.205	120.771
312.706	0.094	120.697
312.714	0.346	120.699
312.727	0.601	120.729
312.772	0.885	120.690
312.740	1.111	120.725
312.779	1.323	120.795
312.842	1.600	120.724
312.822	1.737	120.781
312.813	1.902	120.753
312.800	1.967	120.796
312.773	2.040	120.724
312.743	2.079	120.699
312.751	2.023	120.755
312.733	1.973	120.702
312.682	1.783	120.732
312.663	1.528	120.750
312.667	1.226	120.724
312.649	0.811	120.707
312.637	0.260	120.739
312.602	-0.379	120.781
312.549	-1.097	120.805
312.526	-1.862	120.787
312.407	-2.766	120.807
312.121	-2.844	120.548
312.134	-2.735	120.447
312.277	-2.715	120.757
312.389	-2.695	121.036
312.353	-2.727	121.173
312.367	-2.518	121.026
312.402	-2.327	120.854
312.433	-2.166	120.771
312.433	-2.028	120.618
312.468	-1.860	120.518
312.505	-1.698	120.511
312.498	-1.585	120.637
312.536	-1.368	120.657
312.535	-1.207	120.716
312.550	-0.974	120.686
312.595	-0.745	120.672
312.639	-0.508	120.697
312.655	-0.288	120.749
312.669	-0.038	120.745
312.711	0.241	120.704
312.703	0.450	120.800
312.742	0.726	120.764
312.770	0.994	120.760
312.786	1.237	120.758
312.801	1.462	120.756
312.780	1.637	120.770
312.781	1.805	120.800
312.742	1.900	120.799
312.694	2.003	120.737
312.652	2.046	120.703
312.586	2.016	120.713
312.624	1.939	120.722
312.665	1.828	120.710
312.651	1.581	120.746
312.643	1.296	120.725
312.651	0.930	120.731
312.634	0.436	120.763
312.654	-0.128	120.752
312.597	-0.827	120.797
312.560	-1.579	120.804
312.491	-2.444	120.843
312.183	-2.885	120.649
312.143	-2.749	120.452
312.255	-2.712	120.577
312.337	-2.766	120.961
312.385	-2.773	121.158
312.355	-2.553	121.007
312.406	-2.363	120.904
312.398	-2.241	120.855
312.408	-2.087	120.686
312.475	-1.896	120.500
312.477	-1.800	120.542
312.534	-1.647	120.610
312.557	-1.458	120.655
312.582	-1.305	120.681
312.547	-1.137	120.749
312.565	-0.901	120.754
312.637	-0.676	120.764
312.643	-0.439	120.774
312.691	-0.186	120.767
312.695	0.060	120.783
312.717	0.350	120.735
312.754	0.606	120.728
312.733	0.850	120.713
312.748	1.079	120.749
312.792	1.323	120.750
312.793	1.539	120.724
312.785	1.690	120.811
312.732	1.826	120.813
312.763	1.936	120.796
312.705	2.012	120.716
312.734	2.036	120.706
312.724	2.007	120.681
312.713	1.897	120.717
312.755	1.758	120.683
312.757	1.500	120.730
312.702	1.154	120.737
312.698	0.743	120.720
312.671	0.172	120.748
312.667	-0.390	120.747
312.607	-1.147	120.794
312.525	-1.966	120.838
312.374	-2.821	120.817
312.128	-2.746	120.438
312.169	-2.702	120.426
312.258	-2.713	120.781
312.334	-2.745	121.097
