NO_OF_FRAMES	5000
NO_OF_DATA_TYPES	3
FREQUENCY	500
TIME_STAMP	2026-05-27, 15:55:43
DATA_INCLUDED	Position
DATA_TYPES	Unidentified [87731]_pos_X	Unidentified [87731]_pos_Y	Unidentified [87731]_pos_Z


252.392	130.771	154.666
252.391	130.739	154.652
252.392	130.704	154.647
252.401	130.642	154.635
252.413	130.568	154.635
252.444	130.445	154.616
252.462	130.340	154.612
251.955	130.890	154.829
252.580	129.955	154.574
252.639	129.735	154.570
252.657	129.554	154.580
252.728	129.283	154.563
252.773	129.019	154.558
252.819	128.745	154.556
252.855	128.476	154.562
252.920	128.165	154.558
252.967	127.890	154.556
252.999	127.625	154.562
253.055	127.335	154.554
253.083	127.098	154.538
253.098	126.889	154.542
253.115	126.683	154.542
253.134	126.493	154.548
253.140	126.325	154.560
253.164	126.163	154.544
253.162	126.057	154.551
253.159	126.005	154.568
253.152	125.989	154.568
253.152	126.010	154.564
253.145	126.041	154.567
253.146	126.117	154.555
253.130	126.261	154.549
253.125	126.428	154.537
253.111	126.631	154.519
253.086	126.875	154.527
253.072	127.110	154.532
253.034	127.397	154.543
252.996	127.686	154.536
252.946	128.005	154.556
252.906	128.318	154.553
252.848	128.658	154.558
252.824	128.949	154.563
252.772	129.261	154.563
252.719	129.543	154.574
252.649	129.848	154.594
252.585	130.121	154.602
252.537	130.354	154.621
252.494	130.545	154.636
252.473	130.649	154.634
252.407	130.773	154.659
252.379	130.806	154.655
252.387	130.754	154.638
252.363	130.757	154.658
252.366	130.698	154.649
252.382	130.632	154.641
252.393	130.552	154.646
252.421	130.432	154.635
252.461	130.261	154.612
252.501	130.108	154.610
252.555	129.904	154.601
252.599	129.694	154.605
252.646	129.456	154.591
252.721	129.159	154.561
252.763	128.897	154.564
252.787	128.646	154.587
252.856	128.317	154.565
252.913	128.024	154.565
252.952	127.749	154.554
253.008	127.451	154.558
253.051	127.172	154.539
253.085	126.932	154.527
252.890	127.036	154.583
252.770	127.001	154.667
253.139	126.315	154.542
253.146	126.146	154.537
252.923	126.356	154.607
252.828	126.377	154.667
252.736	126.439	154.709
253.148	125.873	154.558
253.161	125.880	154.550
253.139	125.971	154.556
253.121	126.095	154.565
253.108	126.253	154.556
253.091	126.454	154.551
253.074	126.680	154.555
253.033	126.959	154.557
253.022	127.203	154.554
252.979	127.512	154.573
252.933	127.833	154.579
252.896	128.152	154.586
252.836	128.493	154.585
252.797	128.826	154.594
252.758	129.122	154.592
252.714	129.412	154.590
252.658	129.714	154.608
252.597	130.005	154.620
252.543	130.248	154.629
252.515	130.436	154.642
252.487	130.578	154.630
252.454	130.686	154.636
252.440	130.721	154.635
252.396	130.746	154.635
252.420	130.681	154.620
252.397	130.670	154.630
252.426	130.582	154.615
252.447	130.481	154.607
252.463	130.376	154.599
252.494	130.231	154.584
252.539	130.063	154.578
252.594	129.856	154.579
252.627	129.652	154.573
252.671	129.424	154.571
252.727	129.156	154.557
252.781	128.882	154.566
252.786	128.642	154.573
252.862	128.318	154.575
252.910	128.040	154.583
252.949	127.779	154.581
252.996	127.484	154.583
253.037	127.218	154.573
253.052	127.007	154.578
253.074	126.795	154.578
253.096	126.593	154.579
253.120	126.402	154.581
253.142	126.211	154.560
253.142	126.088	154.567
253.145	126.006	154.580
253.155	125.944	154.567
253.148	125.952	154.577
253.149	125.974	154.571
253.145	126.041	154.568
253.135	126.154	154.558
253.134	126.294	154.550
253.095	126.516	154.551
253.093	126.721	154.531
253.068	126.981	154.530
253.056	127.220	154.530
253.009	127.528	154.545
252.954	127.842	154.546
252.927	128.154	154.549
252.866	128.494	154.549
252.821	128.812	154.557
252.799	129.094	154.556
252.762	129.379	154.559
252.690	129.691	154.584
252.627	129.971	154.597
252.592	130.205	154.604
252.542	130.435	154.626
252.510	130.575	154.629
252.481	130.676	154.635
252.447	130.740	154.636
252.423	130.742	154.638
252.421	130.725	154.634
252.411	130.700	154.641
252.426	130.629	154.638
252.437	130.551	154.625
252.467	130.443	154.613
252.493	130.318	154.607
252.511	130.186	154.612
252.561	129.982	154.599
252.617	129.749	154.590
252.648	129.541	154.587
252.697	129.286	154.573
252.753	129.016	154.577
252.789	128.739	154.579
252.824	128.463	154.580
252.883	128.158	154.586
252.904	127.914	154.590
252.953	127.616	154.584
253.005	127.331	154.575
253.054	127.054	154.565
253.071	126.848	154.565
253.103	126.614	154.553
253.123	126.420	154.568
253.146	126.220	154.551
253.140	126.083	154.572
253.171	125.938	154.556
253.176	125.869	154.560
253.179	125.835	154.561
253.185	125.840	154.561
253.165	125.920	154.573
253.142	126.032	154.575
253.141	126.159	154.559
253.116	126.357	154.562
253.101	126.569	154.539
253.079	126.811	154.539
253.045	127.091	154.551
253.011	127.372	154.562
252.958	127.692	154.559
252.921	128.011	154.566
252.893	128.313	154.551
252.831	128.658	154.556
252.795	128.963	154.555
252.741	129.274	154.565
252.665	129.600	154.595
252.632	129.861	154.592
252.567	130.136	154.610
252.533	130.363	154.611
252.497	130.535	154.623
252.480	130.646	154.621
252.431	130.745	154.630
252.434	130.729	154.612
252.415	130.716	154.619
252.411	130.702	154.623
252.415	130.648	154.619
252.437	130.559	154.611
252.482	130.433	154.589
252.476	130.346	154.596
252.525	130.174	154.574
252.564	130.009	154.572
252.446	130.076	154.618
252.359	130.016	154.671
252.302	129.903	154.708
252.320	129.681	154.719
252.321	129.448	154.751
252.800	128.585	154.578
252.852	128.280	154.573
252.909	127.990	154.565
252.938	127.737	154.565
252.976	127.470	154.568
253.030	127.205	154.546
253.045	127.001	154.555
253.067	126.797	154.541
253.100	126.587	154.522
253.115	126.413	154.545
253.134	126.262	154.536
253.154	126.127	154.533
253.157	126.060	154.538
253.155	126.041	154.550
253.144	126.065	154.554
253.158	126.077	154.542
253.149	126.153	154.547
253.128	126.277	154.549
253.146	126.400	154.535
253.111	126.614	154.545
253.071	126.844	154.534
253.068	127.047	154.531
253.037	127.312	154.542
252.998	127.581	154.548
252.942	127.894	154.567
252.896	128.196	154.569
252.840	128.526	154.578
252.792	128.841	154.589
252.758	129.116	154.579
252.686	129.431	154.604
252.653	129.682	154.598
252.591	129.965	154.624
252.543	130.207	154.630
252.504	130.414	154.640
252.468	130.578	154.664
252.433	130.690	154.661
252.414	130.743	154.654
252.415	130.729	154.646
252.417	130.710	154.646
252.397	130.703	154.644
252.422	130.636	154.637
252.438	130.562	154.625
252.460	130.473	154.618
252.494	130.357	154.607
252.547	130.190	154.586
252.600	130.003	154.576
252.628	129.821	154.587
252.678	129.602	154.582
252.724	129.358	154.563
252.776	129.077	154.545
252.820	128.805	154.553
252.856	128.522	154.549
252.905	128.223	154.561
252.937	127.951	154.563
252.973	127.668	154.560
253.026	127.362	154.555
253.050	127.110	154.560
253.078	126.874	154.544
253.104	126.653	154.553
253.114	126.449	154.567
253.133	126.246	154.563
253.152	126.065	154.555
253.146	125.951	154.571
253.162	125.854	154.581
253.177	125.775	154.574
253.158	125.798	154.585
253.161	125.837	154.576
253.150	125.917	154.571
253.148	126.042	154.572
253.141	126.199	154.559
253.105	126.455	154.579
253.092	126.692	154.566
252.865	127.271	154.614
252.733	127.669	154.679
252.990	127.570	154.562
252.949	127.890	154.564
252.908	128.232	154.570
252.841	128.594	154.570
252.821	128.899	154.562
252.771	129.220	154.564
252.708	129.540	154.576
252.645	129.846	154.589
252.583	130.131	154.598
252.532	130.384	154.607
252.502	130.569	154.606
252.469	130.712	154.616
252.438	130.811	154.609
252.404	130.845	154.610
252.398	130.815	154.600
252.382	130.807	154.603
252.401	130.735	154.595
252.441	130.625	154.585
252.455	130.532	154.587
252.472	130.437	154.578
252.486	130.312	154.583
252.553	130.110	154.563
252.597	129.928	154.566
252.647	129.710	154.562
252.684	129.484	154.564
252.724	129.249	154.562
252.800	128.940	154.556
252.813	128.692	154.568
252.852	128.425	154.578
252.905	128.126	154.578
252.932	127.868	154.584
252.985	127.586	154.574
253.022	127.324	154.581
253.053	127.070	154.556
253.061	126.885	154.569
253.084	126.684	154.569
253.108	126.485	154.567
253.115	126.349	154.576
253.123	126.215	154.566
253.122	126.139	154.579
253.126	126.092	154.579
253.124	126.089	154.583
253.128	126.104	154.579
253.129	126.150	154.566
253.118	126.249	154.566
253.114	126.373	154.562
253.100	126.550	154.552
253.095	126.724	154.527
253.066	126.968	154.548
253.054	127.187	154.535
253.030	127.438	154.547
252.974	127.749	154.552
252.949	128.023	154.542
252.916	128.299	154.531
252.862	128.630	154.537
252.834	128.900	154.541
252.774	129.211	154.558
252.718	129.490	154.573
252.669	129.755	154.582
252.628	129.990	154.593
252.573	130.223	154.601
252.533	130.416	154.621
252.506	130.536	154.614
252.459	130.644	154.632
252.445	130.661	154.627
252.426	130.671	154.629
252.430	130.636	154.629
252.397	130.626	154.656
252.409	130.573	154.653
252.431	130.483	154.645
252.442	130.397	154.647
252.469	130.280	154.643
252.515	130.117	154.634
252.557	129.939	154.629
252.604	129.719	154.619
252.637	129.522	154.617
252.691	129.253	154.598
252.742	128.983	154.598
252.764	128.728	154.608
252.802	128.441	154.614
252.879	128.116	154.599
252.935	127.815	154.579
252.975	127.525	154.577
253.005	127.269	154.579
253.052	127.002	154.564
253.082	126.756	154.552
253.126	126.507	154.538
253.128	126.317	154.550
253.140	126.134	154.549
253.156	125.965	154.545
253.166	125.838	154.545
253.197	125.726	154.535
253.206	125.691	154.532
253.190	125.710	154.535
253.184	125.776	154.534
253.173	125.884	154.528
253.148	126.035	154.527
253.158	126.212	154.512
253.142	126.443	154.503
253.116	126.714	154.497
253.089	126.990	154.497
253.056	127.310	154.526
253.006	127.639	154.514
252.976	127.969	154.518
252.907	128.347	154.535
252.871	128.679	154.525
252.849	128.994	154.530
252.766	129.353	154.546
252.705	129.668	154.568
252.655	129.955	154.573
252.602	130.224	154.592
252.539	130.487	154.614
252.511	130.651	154.616
252.448	130.819	154.637
252.420	130.879	154.634
252.397	130.895	154.636
252.395	130.857	154.644
252.394	130.804	154.635
252.393	130.750	154.644
252.403	130.665	154.653
252.430	130.552	154.647
252.433	130.458	154.650
252.471	130.284	154.630
252.534	130.079	154.623
252.574	129.885	154.621
252.616	129.660	154.611
252.667	129.412	154.607
252.714	129.153	154.596
252.740	128.896	154.610
252.791	128.610	154.604
252.859	128.281	154.601
252.909	128.000	154.601
252.949	127.723	154.589
253.017	127.409	154.576
253.066	127.132	154.549
253.066	126.939	154.565
253.113	126.694	154.546
253.133	126.493	154.557
253.159	126.300	154.549
253.161	126.146	154.548
253.193	126.008	154.536
253.179	125.946	154.552
253.206	125.882	154.542
253.189	125.923	154.558
253.161	125.987	154.569
253.160	126.059	154.560
253.163	126.158	154.547
253.148	126.333	154.557
253.109	126.567	154.558
253.093	126.782	154.544
253.078	127.029	154.550
253.047	127.286	154.557
252.985	127.610	154.583
252.928	127.942	154.601
252.904	128.229	154.584
252.846	128.570	154.588
252.814	128.867	154.588
252.760	129.180	154.597
252.709	129.467	154.603
252.665	129.744	154.617
252.602	130.017	154.625
252.561	130.252	154.636
252.510	130.457	154.650
252.487	130.589	154.649
252.455	130.683	154.646
252.428	130.728	154.643
252.422	130.704	154.637
252.411	130.694	154.636
252.421	130.632	154.624
252.425	130.576	154.628
252.429	130.502	154.628
252.463	130.386	154.618
252.501	130.245	154.593
252.529	130.098	154.591
252.561	129.922	154.593
252.613	129.721	154.594
252.653	129.486	154.583
252.680	129.278	154.584
252.752	128.964	154.560
252.766	128.728	154.572
252.817	128.442	154.566
252.868	128.139	154.569
252.912	127.869	154.560
252.952	127.600	154.552
253.008	127.310	154.544
253.037	127.077	154.541
253.054	126.865	154.536
253.087	126.648	154.529
253.121	126.442	154.523
253.139	126.268	154.519
253.144	126.144	154.523
253.135	126.061	154.548
253.161	125.963	154.542
253.163	125.954	154.546
253.162	125.975	154.542
253.153	126.023	154.546
253.157	126.101	154.538
253.139	126.247	154.541
253.112	126.439	154.549
253.102	126.639	154.522
253.077	126.884	154.530
253.059	127.117	154.531
253.018	127.403	154.554
252.977	127.709	154.548
252.921	128.027	154.557
252.872	128.347	154.557
252.828	128.671	154.560
252.790	128.964	154.559
252.739	129.253	154.563
252.666	129.566	154.589
252.633	129.813	154.588
252.571	130.090	154.609
252.538	130.306	154.616
252.501	130.488	154.622
252.476	130.602	154.634
252.437	130.694	154.639
252.445	130.682	154.622
252.412	130.692	154.636
252.416	130.664	154.641
252.423	130.607	154.637
252.452	130.511	154.635
252.446	130.453	154.642
252.492	130.306	154.624
252.532	130.159	154.610
252.564	130.003	154.617
252.626	129.786	154.609
252.647	129.589	154.601
252.700	129.354	154.596
252.758	129.081	154.591
252.774	128.848	154.601
252.804	128.575	154.606
252.853	128.296	154.614
252.909	128.000	154.600
252.947	127.734	154.602
252.987	127.454	154.600
253.034	127.187	154.586
253.061	126.959	154.574
253.101	126.731	154.567
253.116	126.548	154.573
253.145	126.343	154.570
253.165	126.170	154.548
253.195	126.023	154.551
253.183	125.966	154.562
253.191	125.932	154.567
253.205	125.918	154.564
253.198	125.969	154.564
253.181	126.059	154.567
253.203	126.134	154.543
253.170	126.337	154.559
253.157	126.517	154.546
253.145	126.745	154.537
253.127	126.972	154.533
253.112	127.229	154.533
253.040	127.566	154.553
252.996	127.869	154.560
252.932	128.206	154.573
252.890	128.507	154.553
252.840	128.846	154.569
252.782	129.160	154.582
252.727	129.446	154.583
252.660	129.739	154.599
252.611	129.998	154.604
252.550	130.253	154.612
252.502	130.465	154.635
252.462	130.624	154.642
252.427	130.728	154.652
252.400	130.772	154.649
252.384	130.764	154.652
252.381	130.741	154.651
252.402	130.661	154.639
252.417	130.596	154.632
252.431	130.517	154.641
252.441	130.440	154.646
252.481	130.290	154.618
252.524	130.129	154.618
252.574	129.933	154.608
252.623	129.724	154.599
252.651	129.514	154.592
252.713	129.251	154.579
252.761	128.994	154.583
252.793	128.724	154.584
252.841	128.442	154.577
252.889	128.158	154.581
252.924	127.889	154.570
252.968	127.620	154.568
253.004	127.349	154.557
253.048	127.100	154.542
253.058	126.899	154.538
253.086	126.677	154.530
253.099	126.505	154.530
253.127	126.321	154.523
253.128	126.188	154.536
253.140	126.089	154.527
253.144	126.039	154.536
253.146	126.035	154.545
253.153	126.037	154.538
253.146	126.097	154.541
253.142	126.194	154.536
253.157	126.295	154.504
253.122	126.515	154.519
253.120	126.699	154.503
253.107	126.918	154.508
253.073	127.172	154.510
253.037	127.458	154.529
252.981	127.759	154.540
252.951	128.053	154.547
252.897	128.369	154.547
252.849	128.685	154.541
252.805	128.981	154.544
252.748	129.285	154.561
252.680	129.584	154.583
252.630	129.845	154.596
252.572	130.101	154.609
252.526	130.332	154.619
252.482	130.498	154.625
252.451	130.614	154.640
252.423	130.695	154.650
252.390	130.714	154.643
252.393	130.697	154.643
252.392	130.667	154.661
252.384	130.634	154.655
252.420	130.530	154.644
252.440	130.443	154.646
252.454	130.344	154.642
252.498	130.186	154.623
252.550	130.012	154.624
252.611	129.805	154.603
252.641	129.604	154.614
252.700	129.360	154.600
252.758	129.087	154.596
252.791	128.827	154.598
252.814	128.573	154.606
252.895	128.237	154.587
252.942	127.948	154.577
252.999	127.653	154.562
253.029	127.376	154.569
253.056	127.132	154.566
253.088	126.897	154.554
253.113	126.672	154.550
253.137	126.454	154.543
253.150	126.254	154.543
253.169	126.087	154.543
253.174	125.955	154.543
253.184	125.863	154.548
253.186	125.820	154.539
253.196	125.802	154.540
253.173	125.860	154.551
253.185	125.918	154.540
253.165	126.053	154.542
253.151	126.219	154.538
253.141	126.436	154.534
253.122	126.672	154.534
253.098	126.924	154.529
253.068	127.205	154.545
253.034	127.501	154.547
252.978	127.848	154.563
252.943	128.155	154.560
252.883	128.505	154.561
252.837	128.837	154.577
252.814	129.116	154.563
252.751	129.435	154.577
252.687	129.729	154.597
252.632	130.011	154.602
252.587	130.253	154.613
252.535	130.467	154.622
252.497	130.617	154.632
252.464	130.725	154.638
252.434	130.774	154.635
252.441	130.729	154.622
252.423	130.723	154.634
252.423	130.682	154.625
252.423	130.628	154.632
252.460	130.521	154.614
252.462	130.443	154.617
252.511	130.283	154.595
252.543	130.124	154.588
252.599	129.921	154.585
252.665	129.698	154.577
252.696	129.473	154.569
252.754	129.208	154.552
252.783	128.975	154.567
252.837	128.681	154.562
252.872	128.402	154.566
252.928	128.108	154.568
252.958	127.841	154.560
253.009	127.546	154.550
253.062	127.268	154.545
253.078	127.045	154.541
253.115	126.821	154.534
253.125	126.620	154.529
253.145	126.448	154.540
253.145	126.290	154.543
253.153	126.159	154.547
253.155	126.068	154.551
253.155	126.019	154.555
253.151	126.032	154.559
253.146	126.055	154.558
253.149	126.099	154.554
253.135	126.203	154.554
253.113	126.356	154.557
253.113	126.521	154.541
253.085	126.733	154.547
253.066	126.968	154.548
253.052	127.197	154.547
253.002	127.496	154.571
252.968	127.771	154.561
252.938	128.066	154.568
252.882	128.383	154.568
252.837	128.696	154.571
252.806	128.984	154.574
252.764	129.264	154.576
252.711	129.561	154.594
252.662	129.818	154.600
252.603	130.085	154.609
252.551	130.318	154.623
252.505	130.508	154.632
252.469	130.634	154.638
252.430	130.729	154.656
252.414	130.744	154.637
252.402	130.729	154.640
252.406	130.701	154.645
252.408	130.638	154.623
252.412	130.583	154.627
252.406	130.539	154.643
252.454	130.395	154.621
252.486	130.262	154.605
252.536	130.092	154.596
252.587	129.888	154.583
252.624	129.684	154.581
252.673	129.454	154.576
252.731	129.198	154.562
252.774	128.928	154.561
252.804	128.654	154.566
252.847	128.365	154.569
252.902	128.083	154.565
252.946	127.793	154.550
253.001	127.500	154.544
253.060	127.213	154.531
253.073	126.986	154.531
253.106	126.755	154.515
253.144	126.535	154.522
253.160	126.338	154.518
253.175	126.163	154.509
253.171	126.056	154.535
253.179	125.950	154.525
253.186	125.902	154.539
253.176	125.918	154.547
253.165	125.941	154.551
253.151	126.029	154.545
253.150	126.118	154.542
253.145	126.257	154.529
253.122	126.473	154.537
253.107	126.693	154.519
253.082	126.937	154.527
253.054	127.208	154.531
253.006	127.519	154.554
252.978	127.810	154.544
252.931	128.140	154.563
252.874	128.480	154.550
252.822	128.815	154.570
252.793	129.101	154.565
252.733	129.410	154.574
252.688	129.696	154.584
252.628	129.977	154.601
252.589	130.204	154.599
252.555	130.415	154.610
252.515	130.569	154.611
252.482	130.676	154.618
252.461	130.717	154.611
252.440	130.718	154.621
252.431	130.690	154.621
252.428	130.654	154.629
252.442	130.583	154.626
252.472	130.474	154.615
252.483	130.389	154.615
252.512	130.247	154.608
252.553	130.071	154.594
252.613	129.851	154.590
252.652	129.651	154.584
252.700	129.410	154.579
252.734	129.183	154.576
252.789	128.896	154.576
252.821	128.632	154.581
252.877	128.322	154.576
252.918	128.049	154.579
252.960	127.775	154.573
253.010	127.483	154.572
253.042	127.224	154.565
253.065	126.995	154.566
253.101	126.766	154.554
253.144	126.533	154.539
253.157	126.346	154.549
253.154	126.193	154.552
253.175	126.042	154.549
253.183	125.940	154.553
253.198	125.868	154.549
253.197	125.857	154.549
253.192	125.891	154.549
253.201	125.933	154.541
253.189	126.042	154.536
253.182	126.183	154.533
253.172	126.371	154.528
253.139	126.604	154.526
253.112	126.852	154.526
253.093	127.105	154.525
253.047	127.403	154.553
252.997	127.725	154.554
252.949	128.048	154.569
252.911	128.358	154.558
252.854	128.696	154.563
252.808	129.023	154.575
252.766	129.303	154.576
252.699	129.614	154.598
252.657	129.881	154.600
252.582	130.164	154.620
252.542	130.379	154.635
252.491	130.564	154.644
252.472	130.663	154.643
252.438	130.738	154.653
252.418	130.752	154.646
252.405	130.730	154.645
252.410	130.688	154.641
252.407	130.644	154.645
252.438	130.543	154.620
252.455	130.449	154.612
252.477	130.331	154.605
252.520	130.167	154.591
252.570	129.976	154.586
252.608	129.784	154.585
252.660	129.558	154.576
252.714	129.308	154.561
252.760	129.047	154.552
252.786	128.786	154.561
252.838	128.489	154.560
252.896	128.189	154.556
252.940	127.908	154.545
252.991	127.627	154.543
253.028	127.360	154.546
253.059	127.109	154.544
253.086	126.875	154.527
253.108	126.669	154.531
253.117	126.488	154.540
253.143	126.294	154.533
253.159	126.131	154.534
253.159	126.020	154.542
253.168	125.936	154.551
253.165	125.928	154.559
253.174	125.920	154.556
253.162	125.968	154.555
253.160	126.053	154.555
253.144	126.189	154.546
253.140	126.353	154.543
253.119	126.561	154.537
253.103	126.795	154.527
253.096	127.018	154.516
253.048	127.326	154.540
253.019	127.615	154.534
252.968	127.937	154.544
252.919	128.257	154.545
252.870	128.595	154.551
252.845	128.888	154.556
252.771	129.234	154.572
252.725	129.513	154.569
252.676	129.784	154.583
252.607	130.058	154.596
252.560	130.311	154.619
252.518	130.494	154.629
252.499	130.600	154.615
252.453	130.715	154.636
252.417	130.752	154.646
252.411	130.722	154.636
252.408	130.699	154.635
252.410	130.648	154.640
252.405	130.595	154.644
252.425	130.507	154.645
252.449	130.394	154.633
252.487	130.239	154.627
252.545	130.056	154.610
252.605	129.827	154.603
252.627	129.634	154.608
252.692	129.375	154.590
252.738	129.123	154.585
252.788	128.842	154.584
252.812	128.577	154.597
252.889	128.253	154.582
252.926	127.987	154.584
252.961	127.714	154.576
253.013	127.422	154.581
253.062	127.138	154.549
253.079	126.931	154.550
253.117	126.689	154.529
253.137	126.495	154.544
253.153	126.298	154.539
253.168	126.137	154.540
253.174	126.017	154.539
253.195	125.916	154.531
253.198	125.876	154.536
253.185	125.890	154.539
253.182	125.936	154.539
253.169	126.018	154.543
253.162	126.133	154.539
253.171	126.266	154.509
253.138	126.503	154.530
253.116	126.732	154.520
253.087	126.988	154.533
253.062	127.236	154.532
253.023	127.546	154.538
252.966	127.871	154.552
252.919	128.187	154.562
252.880	128.504	154.556
252.822	128.840	154.580
252.790	129.127	154.569
252.733	129.430	154.587
252.680	129.716	154.587
252.612	130.009	154.604
252.595	130.201	154.595
252.526	130.445	154.626
252.474	130.612	154.647
252.470	130.675	154.629
252.424	130.741	154.638
252.439	130.699	154.617
252.413	130.706	154.628
252.431	130.630	154.607
252.443	130.556	154.608
252.457	130.474	154.604
252.494	130.359	154.598
252.521	130.222	154.582
252.561	130.054	154.572
252.630	129.835	154.560
252.676	129.623	154.555
252.696	129.424	154.565
252.768	129.140	154.539
252.834	128.848	154.532
252.836	128.616	154.552
252.891	128.302	154.551
252.957	127.982	154.543
252.996	127.721	154.540
253.030	127.446	154.551
253.078	127.154	154.533
253.088	126.945	154.541
253.137	126.676	154.518
253.149	126.485	154.531
253.148	126.313	154.543
253.178	126.115	154.544
253.191	125.964	154.540
253.190	125.888	154.553
253.208	125.810	154.550
253.201	125.813	154.563
253.188	125.849	154.562
253.176	125.922	154.570
253.178	126.009	154.558
253.161	126.188	154.557
253.149	126.393	154.553
253.125	126.618	154.547
253.112	126.859	154.547
253.070	127.144	154.555
253.035	127.443	154.565
252.981	127.763	154.562
252.948	128.090	154.578
252.906	128.406	154.566
252.853	128.756	154.578
252.798	129.085	154.587
252.733	129.407	154.609
252.672	129.705	154.609
252.640	129.955	154.612
252.584	130.222	154.625
252.528	130.450	154.639
252.487	130.617	154.648
252.458	130.712	154.650
252.425	130.765	154.656
252.418	130.752	154.646
252.414	130.729	154.646
252.408	130.691	154.649
252.437	130.603	154.635
252.435	130.532	154.638
252.472	130.418	154.632
252.502	130.270	154.603
252.526	130.133	154.614
252.589	129.917	154.605
252.645	129.684	154.587
252.690	129.447	154.582
252.738	129.192	154.568
252.798	128.896	154.559
252.812	128.646	154.581
252.855	128.357	154.583
252.926	128.024	154.571
252.959	127.758	154.568
253.010	127.449	154.567
253.060	127.162	154.554
253.091	126.922	154.537
253.119	126.698	154.538
253.137	126.489	154.539
253.159	126.276	154.540
253.160	126.107	154.548
253.168	125.972	154.555
253.179	125.856	154.556
253.190	125.791	154.553
253.179	125.780	154.569
253.167	125.814	154.559
253.162	125.884	154.563
253.139	126.004	154.570
253.133	126.150	154.562
253.121	126.356	154.558
253.095	126.605	154.557
253.062	126.873	154.542
253.067	127.111	154.527
253.002	127.455	154.562
252.972	127.767	154.543
252.923	128.111	154.554
252.868	128.456	154.554
252.819	128.806	154.570
252.775	129.123	154.568
252.739	129.401	154.566
252.664	129.727	154.578
252.597	130.028	154.598
252.573	130.258	154.597
252.526	130.468	154.603
252.480	130.651	154.626
252.446	130.750	154.614
252.426	130.797	154.612
252.405	130.789	154.609
252.410	130.747	154.605
252.410	130.706	154.605
252.404	130.672	154.623
252.431	130.570	154.610
252.464	130.448	154.596
252.488	130.327	154.597
252.531	130.163	154.583
252.585	129.966	154.579
252.641	129.752	154.575
252.671	129.545	154.581
252.699	129.328	154.587
252.790	129.004	154.560
252.793	128.779	154.585
252.842	128.495	154.587
252.892	128.200	154.595
252.927	127.938	154.588
252.963	127.660	154.590
253.009	127.399	154.598
253.038	127.153	154.586
253.064	126.935	154.570
253.096	126.710	154.576
253.109	126.532	154.571
253.130	126.346	154.573
253.139	126.202	154.568
253.151	126.092	154.573
253.162	126.007	154.573
253.154	125.979	154.572
253.162	125.987	154.569
253.172	126.012	154.561
253.179	126.058	154.544
253.163	126.185	154.548
253.154	126.338	154.540
253.143	126.529	154.526
253.129	126.753	154.521
253.122	126.968	154.523
253.096	127.223	154.526
253.050	127.524	154.536
253.017	127.810	154.526
252.974	128.119	154.537
252.927	128.431	154.525
252.880	128.770	154.545
252.848	129.035	154.540
252.785	129.348	154.566
252.739	129.627	154.572
252.684	129.888	154.580
252.616	130.166	154.606
252.557	130.403	154.633
252.534	130.536	154.631
252.506	130.643	154.633
252.457	130.728	154.650
252.428	130.745	154.657
252.440	130.695	154.644
252.425	130.676	154.652
252.441	130.611	154.644
252.450	130.541	154.644
252.460	130.463	154.649
252.504	130.305	154.630
252.535	130.161	154.614
252.589	129.957	154.606
252.636	129.743	154.601
252.679	129.524	154.587
252.709	129.283	154.597
252.771	128.985	154.580
252.813	128.706	154.577
252.866	128.395	154.584
252.922	128.083	154.580
252.970	127.775	154.556
253.007	127.501	154.571
253.063	127.192	154.541
253.089	126.932	154.533
253.130	126.680	154.530
253.169	126.432	154.519
253.181	126.221	154.519
253.185	126.034	154.527
253.197	125.872	154.523
253.216	125.732	154.524
253.218	125.663	154.546
253.242	125.591	154.526
253.222	125.635	154.551
253.205	125.699	154.545
253.197	125.802	154.540
252.964	126.289	154.605
252.830	126.623	154.651
253.165	126.370	154.519
253.113	126.676	154.523
253.087	126.964	154.523
253.056	127.272	154.540
253.015	127.608	154.533
252.949	127.988	154.556
252.908	128.336	154.557
252.858	128.694	154.561
252.814	129.032	154.571
252.756	129.373	154.576
252.703	129.677	154.582
252.617	130.014	154.605
252.560	130.289	154.623
252.524	130.504	154.626
252.490	130.690	154.627
252.436	130.831	154.640
252.397	130.901	154.640
252.407	130.861	154.623
252.413	130.808	154.624
252.405	130.759	154.628
252.416	130.674	154.627
252.428	130.578	154.632
252.462	130.463	154.622
252.470	130.341	154.630
252.507	130.171	154.616
252.559	129.970	154.616
252.619	129.743	154.608
252.632	129.557	154.617
252.673	129.312	154.620
252.726	129.036	154.614
252.752	128.781	154.611
252.778	128.520	154.620
252.837	128.206	154.607
252.867	127.951	154.609
252.908	127.668	154.592
252.957	127.381	154.596
252.973	127.149	154.588
252.997	126.921	154.570
253.024	126.713	154.571
253.060	126.491	154.557
253.103	126.285	154.533
253.089	126.176	154.544
253.119	126.039	154.533
253.138	125.968	154.534
253.164	125.908	154.514
253.172	125.929	154.511
253.174	125.967	154.503
253.202	126.019	154.480
253.221	126.120	154.461
253.208	126.311	154.465
253.199	126.512	154.461
253.186	126.740	154.453
253.170	126.997	154.471
253.133	127.290	154.495
253.090	127.591	154.510
253.057	127.876	154.518
252.994	128.216	154.545
252.921	128.566	154.557
252.881	128.875	154.574
252.801	129.215	154.606
252.731	129.524	154.624
252.654	129.819	154.648
252.576	130.101	154.664
252.507	130.349	154.684
252.449	130.563	154.715
252.394	130.720	154.728
252.341	130.832	154.740
252.315	130.857	154.716
252.306	130.832	154.705
252.300	130.794	154.691
252.326	130.720	154.663
252.336	130.638	154.636
252.375	130.524	154.613
252.441	130.373	154.570
252.502	130.208	154.540
252.563	130.030	154.518
252.640	129.804	154.503
252.710	129.581	154.492
252.771	129.344	154.489
252.822	129.091	154.478
252.905	128.805	154.477
252.940	128.530	154.478
252.992	128.247	154.486
253.038	127.962	154.508
253.075	127.704	154.514
253.099	127.450	154.536
253.135	127.166	154.535
253.127	126.976	154.564
253.123	126.790	154.579
253.132	126.562	154.583
253.140	126.375	154.596
253.131	126.203	154.607
253.123	126.068	154.604
253.098	125.975	154.632
253.105	125.894	154.633
253.105	125.853	154.633
253.119	125.846	154.616
253.108	125.894	154.598
253.120	125.971	154.590
253.125	126.095	154.570
253.138	126.239	154.546
253.182	126.400	154.494
253.179	126.642	154.460
253.183	126.888	154.450
253.184	127.148	154.451
253.152	127.473	154.426
253.148	127.773	154.424
253.151	128.051	154.405
253.078	128.425	154.427
253.037	128.778	154.452
252.985	129.081	154.466
252.917	129.402	154.483
252.827	129.729	154.533
252.746	130.021	154.562
252.654	130.296	154.603
252.564	130.512	154.643
252.499	130.664	154.668
252.405	130.778	154.708
252.359	130.797	154.729
252.291	130.837	154.757
252.245	130.827	154.779
252.217	130.796	154.797
252.227	130.707	154.784
252.223	130.631	154.791
252.247	130.494	154.785
252.310	130.302	154.755
252.348	130.123	154.762
252.418	129.894	154.729
252.484	129.653	154.708
252.578	129.369	154.671
252.659	129.059	154.643
252.737	128.757	154.614
252.827	128.437	154.585
252.945	128.083	154.543
253.021	127.779	154.508
253.096	127.475	154.475
253.177	127.166	154.455
253.243	126.891	154.420
253.285	126.645	154.397
253.320	126.432	154.385
253.339	126.231	154.372
253.363	126.048	154.361
253.335	125.949	154.379
253.339	125.833	154.395
253.308	125.806	154.405
253.277	125.804	154.434
253.224	125.883	154.458
253.203	125.944	154.465
253.160	126.074	154.484
253.111	126.254	154.511
253.073	126.472	154.539
253.024	126.710	154.548
252.979	126.977	154.569
252.943	127.246	154.598
252.894	127.549	154.635
252.855	127.845	154.650
252.824	128.147	154.654
252.782	128.460	154.669
252.736	128.800	154.681
252.733	129.064	154.674
252.691	129.361	154.666
252.677	129.624	154.662
252.638	129.884	154.665
252.612	130.127	154.641
252.566	130.364	154.656
252.531	130.544	154.653
252.492	130.690	154.650
252.454	130.779	154.647
252.424	130.810	154.621
252.436	130.760	154.591
252.424	130.727	154.571
252.424	130.673	154.562
252.405	130.623	154.560
252.435	130.502	154.531
252.436	130.413	154.517
252.461	130.273	154.495
252.481	130.123	154.502
252.535	129.925	154.498
252.572	129.727	154.501
252.620	129.500	154.504
252.665	129.264	154.514
252.711	129.007	154.537
252.769	128.715	154.536
252.847	128.390	154.546
252.929	128.076	154.545
252.985	127.784	154.562
253.052	127.477	154.572
253.108	127.198	154.581
253.162	126.932	154.568
253.212	126.672	154.579
253.239	126.462	154.590
253.284	126.217	154.572
253.305	126.025	154.568
253.306	125.880	154.580
253.304	125.771	154.597
253.297	125.700	154.604
253.274	125.682	154.611
253.256	125.705	154.604
253.220	125.777	154.601
253.182	125.903	154.601
253.139	126.061	154.594
253.095	126.257	154.582
253.049	126.531	154.601
253.007	126.787	154.575
252.968	127.070	154.573
252.917	127.391	154.601
252.860	127.726	154.583
252.819	128.066	154.599
252.768	128.414	154.601
252.733	128.744	154.608
252.699	129.086	154.616
252.677	129.375	154.603
252.636	129.681	154.614
252.613	129.945	154.617
252.580	130.216	154.633
252.561	130.429	154.638
252.547	130.589	154.637
252.540	130.683	154.629
252.534	130.721	154.619
252.544	130.706	154.612
252.548	130.661	154.593
252.555	130.600	154.590
252.568	130.519	154.569
252.599	130.410	154.541
252.593	130.333	154.543
252.626	130.198	154.528
252.648	130.043	154.510
252.657	129.890	154.519
252.699	129.693	154.510
252.700	129.518	154.531
252.741	129.267	154.528
252.756	129.045	154.533
252.802	128.756	154.523
252.807	128.523	154.551
252.856	128.228	154.560
252.890	127.966	154.570
252.923	127.708	154.572
252.968	127.439	154.594
253.010	127.186	154.583
253.040	126.971	154.594
253.081	126.746	154.601
253.099	126.580	154.602
253.164	126.343	154.586
253.167	126.208	154.589
253.188	126.085	154.586
253.195	126.011	154.591
253.203	125.976	154.596
253.187	125.990	154.594
253.188	126.025	154.581
253.191	126.083	154.568
253.164	126.209	154.558
253.145	126.366	154.548
253.102	126.580	154.540
253.060	126.823	154.514
253.034	127.050	154.510
253.005	127.292	154.507
252.946	127.594	154.520
252.869	127.916	154.520
252.843	128.187	154.504
252.784	128.523	154.513
252.737	128.830	154.520
252.705	129.115	154.526
252.679	129.375	154.527
252.627	129.650	154.532
252.618	129.877	154.529
252.596	130.092	154.527
252.570	130.293	154.545
252.557	130.452	154.553
252.562	130.532	154.558
252.552	130.588	154.567
252.560	130.588	154.568
252.555	130.595	154.585
252.580	130.546	154.584
252.585	130.510	154.593
252.608	130.418	154.595
252.616	130.370	154.608
252.628	130.274	154.613
252.657	130.132	154.606
252.677	129.977	154.607
252.689	129.811	154.630
252.707	129.611	154.635
252.683	129.443	154.648
252.689	129.213	154.665
252.714	128.932	154.670
252.708	128.689	154.689
252.731	128.402	154.699
252.775	128.088	154.675
252.811	127.797	154.667
252.840	127.505	154.659
252.878	127.216	154.649
252.913	126.945	154.623
252.972	126.663	154.606
253.025	126.387	154.583
253.068	126.153	154.569
253.132	125.927	154.547
253.185	125.719	154.525
253.250	125.553	154.500
253.296	125.453	154.478
253.329	125.441	154.473
253.351	125.462	154.457
253.393	125.500	154.430
253.382	125.642	154.422
253.378	125.829	154.413
253.380	126.047	154.397
253.360	126.324	154.406
253.312	126.628	154.409
253.248	126.983	154.444
253.175	127.362	154.473
253.089	127.758	154.503
253.014	128.138	154.523
252.893	128.583	154.572
252.815	128.966	154.603
252.732	129.339	154.626
252.608	129.727	154.670
252.512	130.086	154.705
252.423	130.419	154.733
252.354	130.679	154.754
252.299	130.894	154.790
252.221	131.089	154.809
252.185	131.162	154.805
252.191	131.147	154.792
252.211	131.088	154.777
252.237	131.012	154.757
252.291	130.878	154.731
252.368	130.704	154.694
252.419	130.569	154.663
252.489	130.384	154.620
252.563	130.180	154.578
252.642	129.958	154.541
252.723	129.693	154.513
252.801	129.445	154.484
252.848	129.200	154.482
252.916	128.920	154.457
252.970	128.608	154.430
252.992	128.362	154.433
253.064	128.021	154.417
253.058	127.799	154.438
253.096	127.516	154.417
253.106	127.278	154.434
253.104	127.061	154.450
253.104	126.862	154.444
253.082	126.703	154.475
253.093	126.519	154.493
253.076	126.373	154.513
253.071	126.249	154.533
253.052	126.181	154.566
253.036	126.135	154.591
253.025	126.124	154.608
253.038	126.136	154.614
253.032	126.187	154.622
253.067	126.220	154.613
253.069	126.326	154.606
253.065	126.502	154.620
253.062	126.693	154.608
253.068	126.884	154.596
253.085	127.083	154.587
253.069	127.342	154.587
253.054	127.594	154.582
253.029	127.874	154.577
253.003	128.172	154.572
252.965	128.467	154.552
252.922	128.783	154.551
252.879	129.072	154.548
252.845	129.315	154.541
252.777	129.608	154.549
252.692	129.916	154.572
252.623	130.172	154.580
252.563	130.382	154.598
252.531	130.522	154.600
252.481	130.640	154.590
252.435	130.714	154.612
252.406	130.719	154.601
252.392	130.701	154.607
252.377	130.678	154.618
252.369	130.626	154.631
252.402	130.527	154.620
252.416	130.443	154.625
252.471	130.294	154.608
252.515	130.128	154.602
252.591	129.922	154.600
252.632	129.730	154.605
252.686	129.493	154.592
252.745	129.246	154.595
252.830	128.938	154.572
252.861	128.675	154.578
252.920	128.355	154.577
252.983	128.039	154.578
253.034	127.739	154.563
253.060	127.469	154.586
253.111	127.159	154.568
253.126	126.916	154.559
253.158	126.660	154.551
253.176	126.424	154.552
253.177	126.231	154.551
253.173	126.045	154.557
253.175	125.884	154.552
253.181	125.745	154.547
253.159	125.702	154.567
253.164	125.660	154.562
253.160	125.673	154.567
253.146	125.744	154.570
253.126	125.852	154.573
253.115	126.015	154.576
253.107	126.207	154.569
253.093	126.455	154.573
253.085	126.717	154.565
253.050	127.025	154.578
253.061	127.283	154.571
253.017	127.637	154.564
253.004	127.951	154.570
252.965	128.302	154.586
252.908	128.673	154.588
252.894	128.977	154.575
252.852	129.285	154.577
252.804	129.591	154.570
252.752	129.872	154.579
252.688	130.161	154.587
252.626	130.391	154.587
252.605	130.548	154.577
252.553	130.669	154.576
252.499	130.750	154.574
252.472	130.753	154.572
252.458	130.709	154.553
252.441	130.668	154.559
252.435	130.589	154.554
252.439	130.501	154.544
252.453	130.399	154.527
252.481	130.251	154.516
252.489	130.129	154.524
252.534	129.953	154.524
252.583	129.754	154.533
252.612	129.563	154.548
252.655	129.337	154.546
252.721	129.065	154.543
252.741	128.837	154.570
252.808	128.546	154.570
252.860	128.266	154.592
252.886	128.028	154.612
252.936	127.749	154.610
252.975	127.498	154.626
253.024	127.233	154.626
253.055	127.006	154.618
253.075	126.788	154.623
253.112	126.564	154.617
253.153	126.341	154.598
253.144	126.197	154.609
253.150	126.063	154.608
253.157	125.977	154.612
253.172	125.920	154.600
253.156	125.933	154.598
253.167	125.937	154.586
253.166	125.987	154.565
253.149	126.112	154.555
253.143	126.261	154.538
253.148	126.429	154.508
253.138	126.640	154.481
252.915	127.206	154.533
252.739	127.649	154.601
253.087	127.402	154.477
253.022	127.745	154.486
253.003	128.045	154.473
252.958	128.366	154.470
252.917	128.691	154.477
252.870	129.013	154.484
252.811	129.331	154.511
252.756	129.631	154.538
252.676	129.934	154.567
252.637	130.175	154.573
252.573	130.414	154.604
252.525	130.579	154.622
252.479	130.705	154.644
252.406	130.802	154.667
252.393	130.794	154.675
252.360	130.791	154.689
252.352	130.764	154.688
252.352	130.702	154.692
252.331	130.660	154.711
252.334	130.575	154.710
252.378	130.408	154.688
252.432	130.227	154.674
252.474	130.036	154.669
252.532	129.812	154.652
252.592	129.553	154.630
252.649	129.310	154.625
252.724	129.011	154.614
252.763	128.750	154.612
252.859	128.412	154.588
252.945	128.080	154.569
252.991	127.815	154.555
253.070	127.497	154.534
253.161	127.180	154.511
253.201	126.937	154.497
253.248	126.705	154.477
253.277	126.495	154.469
253.315	126.288	154.468
253.328	126.125	154.455
253.340	125.988	154.460
253.312	125.933	154.492
253.322	125.863	154.492
253.294	125.887	154.502
253.252	125.948	154.512
253.227	126.016	154.518
253.197	126.125	154.529
253.153	126.292	154.535
253.104	126.502	154.544
253.045	126.754	154.562
253.020	126.973	154.560
252.974	127.233	154.571
252.938	127.509	154.586
252.876	127.816	154.590
252.853	128.086	154.590
252.782	128.419	154.602
252.747	128.717	154.595
252.735	128.989	154.593
252.698	129.276	154.578
252.662	129.545	154.590
252.637	129.785	154.584
252.615	130.014	154.573
252.592	130.228	154.582
252.558	130.412	154.593
252.575	130.501	154.582
252.563	130.577	154.564
252.552	130.595	154.562
252.541	130.592	154.566
252.540	130.559	154.570
252.545	130.523	154.570
252.551	130.460	154.570
252.550	130.400	154.574
252.575	130.298	154.571
252.577	130.199	154.580
252.606	130.054	154.591
252.628	129.894	154.601
252.654	129.716	154.603
252.653	129.535	154.628
252.707	129.285	154.614
252.726	129.049	154.632
252.742	128.810	154.637
252.770	128.539	154.650
252.824	128.223	154.650
252.866	127.943	154.639
252.909	127.661	154.646
252.969	127.357	154.633
253.010	127.073	154.609
253.036	126.834	154.597
253.078	126.581	154.586
253.128	126.323	154.563
253.148	126.114	154.555
253.189	125.910	154.540
253.225	125.722	154.521
253.249	125.603	154.513
253.265	125.535	154.506
253.275	125.519	154.498
253.275	125.548	154.481
253.266	125.646	154.480
253.257	125.773	154.462
253.223	125.980	154.468
253.222	126.180	154.457
253.203	126.440	154.443
253.156	126.748	154.449
253.110	127.068	154.473
253.051	127.425	154.495
252.981	127.803	154.513
252.926	128.171	154.540
252.849	128.569	154.561
252.803	128.916	154.568
252.744	129.263	154.596
252.677	129.589	154.609
252.633	129.884	154.628
252.569	130.191	154.658
252.494	130.478	154.693
252.462	130.674	154.704
252.423	130.817	154.710
252.391	130.898	154.715
252.390	130.891	154.711
252.395	130.858	154.711
252.428	130.764	154.679
252.429	130.702	154.674
252.457	130.597	154.654
252.483	130.481	154.634
252.508	130.361	154.618
252.547	130.204	154.603
252.576	130.048	154.587
252.643	129.813	154.553
252.695	129.579	154.540
252.704	129.392	154.544
252.769	129.113	154.513
252.804	128.843	154.511
252.824	128.598	154.515
252.877	128.294	154.510
252.927	128.013	154.509
252.949	127.760	154.508
252.980	127.502	154.519
253.020	127.231	154.513
253.045	127.005	154.510
253.082	126.770	154.494
253.102	126.569	154.522
253.136	126.368	154.521
253.149	126.204	154.524
253.156	126.079	154.551
253.172	125.972	154.560
253.180	125.930	154.578
253.191	125.898	154.571
253.188	125.935	154.585
253.198	125.981	154.573
253.190	126.085	154.568
253.182	126.234	154.569
253.170	126.432	154.578
253.144	126.648	154.562
253.132	126.879	154.551
253.105	127.137	154.545
253.082	127.415	154.548
253.010	127.751	154.551
252.972	128.053	154.554
252.923	128.380	154.542
252.862	128.725	154.548
252.826	129.024	154.541
252.780	129.317	154.547
252.701	129.635	154.567
252.641	129.923	154.572
252.599	130.163	154.573
252.545	130.404	154.600
252.518	130.557	154.607
252.499	130.656	154.606
252.457	130.745	154.615
252.429	130.762	154.621
252.429	130.733	154.639
252.424	130.706	154.643
252.440	130.647	154.640
252.461	130.546	154.632
252.463	130.485	154.658
252.505	130.343	154.640
252.556	130.154	154.617
252.593	129.983	154.620
252.648	129.765	154.620
252.691	129.538	154.601
252.733	129.299	154.608
252.791	129.027	154.603
252.796	128.784	154.612
252.852	128.484	154.601
252.902	128.178	154.591
252.945	127.888	154.577
252.989	127.613	154.570
253.040	127.324	154.565
253.062	127.077	154.544
253.077	126.869	154.539
253.117	126.633	154.528
253.138	126.435	154.521
253.176	126.238	154.505
253.173	126.098	154.508
253.182	125.993	154.522
253.203	125.891	154.514
253.206	125.885	154.532
253.186	125.923	154.535
253.186	125.964	154.535
253.191	126.025	154.528
253.166	126.174	154.535
253.170	126.325	154.533
253.146	126.542	154.540
253.115	126.793	154.543
253.085	127.039	154.555
253.059	127.319	154.568
253.001	127.619	154.572
252.939	127.946	154.589
252.900	128.254	154.597
252.840	128.585	154.592
252.799	128.891	154.595
252.737	129.209	154.609
252.690	129.483	154.610
252.631	129.759	154.614
252.600	129.994	154.607
252.534	130.250	154.620
252.512	130.422	154.619
252.489	130.551	154.603
252.459	130.642	154.609
252.463	130.650	154.584
252.447	130.642	154.586
252.464	130.582	154.566
252.463	130.543	154.565
252.492	130.455	154.550
252.525	130.347	154.544
252.551	130.245	154.532
252.588	130.106	154.517
252.635	129.947	154.522
252.700	129.733	154.501
252.703	129.588	154.527
252.745	129.381	154.539
252.792	129.137	154.519
252.815	128.918	154.548
252.825	128.688	154.560
252.858	128.415	154.571
252.892	128.153	154.581
252.912	127.913	154.591
252.938	127.673	154.596
252.962	127.420	154.602
252.971	127.211	154.610
252.994	127.004	154.607
252.999	126.818	154.614
253.025	126.617	154.603
253.054	126.434	154.596
253.071	126.276	154.592
253.069	126.190	154.604
253.084	126.104	154.592
253.108	126.053	154.585
253.129	126.041	154.574
253.148	126.063	154.568
253.168	126.116	154.543
253.169	126.233	154.531
253.204	126.342	154.501
253.212	126.519	154.479
253.207	126.726	154.468
253.208	126.936	154.457
253.185	127.182	154.464
253.167	127.450	154.459
253.136	127.732	154.459
253.090	128.035	154.459
253.027	128.377	154.469
252.974	128.693	154.484
252.914	128.993	154.506
252.845	129.300	154.532
252.762	129.619	154.556
252.719	129.854	154.561
252.618	130.162	154.615
252.536	130.401	154.635
252.499	130.557	154.649
252.440	130.691	154.671
252.380	130.767	154.687
252.356	130.778	154.693
252.324	130.794	154.712
252.319	130.768	154.715
252.325	130.710	154.711
252.324	130.656	154.720
252.348	130.572	154.708
252.372	130.457	154.697
252.434	130.279	154.675
252.493	130.095	154.658
252.559	129.877	154.647
252.625	129.622	154.617
252.691	129.375	154.599
252.752	129.105	154.583
252.818	128.807	154.570
252.860	128.529	154.567
252.944	128.194	154.552
253.018	127.870	154.531
253.077	127.571	154.509
253.123	127.277	154.503
253.178	126.983	154.481
253.200	126.750	154.468
253.216	126.539	154.472
253.267	126.292	154.458
253.248	126.136	154.477
253.249	125.971	154.476
253.264	125.830	154.489
253.272	125.727	154.494
253.250	125.709	154.523
253.236	125.718	154.530
253.215	125.773	154.533
253.202	125.856	154.536
253.176	125.980	154.535
253.151	126.171	154.551
253.127	126.402	154.550
253.111	126.636	154.540
253.073	126.916	154.548
253.063	127.177	154.549
253.001	127.517	154.567
252.959	127.841	154.560
252.931	128.168	154.555
252.870	128.513	154.559
252.816	128.859	154.574
252.771	129.171	154.568
252.723	129.482	154.573
252.672	129.763	154.583
252.606	130.054	154.591
252.568	130.293	154.597
252.535	130.469	154.604
252.499	130.616	154.606
252.464	130.706	154.607
252.410	130.780	154.619
252.406	130.746	154.618
252.395	130.736	154.617
252.385	130.697	154.616
252.405	130.610	154.617
252.405	130.540	154.634
252.428	130.437	154.618
252.466	130.293	154.613
252.506	130.139	154.612
252.579	129.919	154.596
252.620	129.722	154.603
252.673	129.486	154.599
252.721	129.258	154.585
252.785	128.985	154.576
252.809	128.731	154.590
252.875	128.434	154.577
252.931	128.152	154.572
252.975	127.889	154.567
253.028	127.607	154.556
253.069	127.355	154.555
253.103	127.112	154.544
253.140	126.884	154.516
253.162	126.694	154.511
253.179	126.519	154.508
253.223	126.327	154.493
253.218	126.211	154.501
253.226	126.109	154.488
253.210	126.078	154.513
253.199	126.074	154.516
253.187	126.094	154.515
253.182	126.136	154.519
253.168	126.209	154.504
253.155	126.319	154.509
253.124	126.505	154.524
253.109	126.663	154.509
253.071	126.900	154.525
253.055	127.102	154.535
253.024	127.351	154.554
252.982	127.631	154.574
252.929	127.914	154.584
252.903	128.191	154.582
252.847	128.486	154.596
252.794	128.796	154.607
252.782	129.048	154.607
252.727	129.327	154.621
252.687	129.570	154.619
252.660	129.798	154.630
252.613	130.039	154.636
252.561	130.251	154.654
252.530	130.403	154.656
252.506	130.524	154.655
252.498	130.564	154.654
252.478	130.592	154.638
252.468	130.593	154.638
252.475	130.552	154.615
252.481	130.515	154.607
252.496	130.450	154.608
252.529	130.358	154.576
252.534	130.288	154.572
252.565	130.166	154.551
252.623	129.999	154.534
252.661	129.840	154.538
252.704	129.642	154.519
252.745	129.432	154.517
252.758	129.232	154.517
252.815	128.970	154.508
252.841	128.733	154.527
252.867	128.481	154.523
252.936	128.169	154.524
252.971	127.921	154.526
252.990	127.682	154.536
253.025	127.419	154.546
253.064	127.170	154.536
253.078	126.974	154.550
253.088	126.801	154.562
253.103	126.611	154.562
253.112	126.458	154.572
253.122	126.324	154.585
253.126	126.214	154.580
253.127	126.152	154.584
253.127	126.131	154.588
253.124	126.129	154.584
253.129	126.155	154.580
253.116	126.238	154.584
253.104	126.359	154.588
253.102	126.503	154.570
253.080	126.691	154.560
253.086	126.869	154.531
253.070	127.080	154.527
253.066	127.300	154.523
252.806	127.931	154.583
252.663	128.332	154.630
252.969	128.126	154.496
252.925	128.444	154.494
252.892	128.742	154.493
252.865	129.020	154.492
252.800	129.315	154.513
252.762	129.562	154.507
252.706	129.836	154.525
252.666	130.065	154.531
252.625	130.273	154.541
252.587	130.437	154.561
252.534	130.582	154.587
252.516	130.638	154.594
252.476	130.681	154.604
252.459	130.665	154.619
252.448	130.647	154.632
252.441	130.624	154.644
252.440	130.564	154.647
252.445	130.493	154.661
252.460	130.401	154.661
252.489	130.259	154.654
252.522	130.095	154.658
252.574	129.888	154.653
252.598	129.690	154.650
252.637	129.458	154.647
252.701	129.176	154.635
252.746	128.898	154.621
252.770	128.636	154.624
252.808	128.360	154.631
252.895	128.014	154.604
252.950	127.729	154.585
253.010	127.421	154.576
253.066	127.132	154.549
253.103	126.882	154.525
253.152	126.627	154.510
253.187	126.399	154.490
253.207	126.215	154.491
253.227	126.040	154.487
253.236	125.907	154.492
253.241	125.824	154.496
253.248	125.762	154.510
253.231	125.784	154.512
253.248	125.779	154.500
253.204	125.902	154.515
253.199	126.006	154.515
253.189	126.155	154.511
253.163	126.374	154.510
253.126	126.619	154.529
253.084	126.905	154.536
253.057	127.166	154.545
253.008	127.471	154.572
252.981	127.763	154.562
252.917	128.118	154.580
252.876	128.441	154.572
252.806	128.811	154.604
252.757	129.131	154.605
252.724	129.403	154.604
252.669	129.709	154.618
252.621	129.972	154.619
252.573	130.213	154.624
252.531	130.431	154.630
252.531	130.541	154.622
252.501	130.664	154.624
252.479	130.702	154.621
252.470	130.690	154.612
252.496	130.622	154.588
252.488	130.595	154.587
252.486	130.548	154.599
252.509	130.451	154.588
252.531	130.336	154.571
252.567	130.196	154.557
252.598	130.051	154.558
252.641	129.871	154.553
252.672	129.676	154.560
252.699	129.468	154.561
252.730	129.246	154.559
252.767	129.008	154.561
252.806	128.731	154.568
252.821	128.495	154.580
252.874	128.191	154.575
252.905	127.935	154.568
252.949	127.666	154.566
252.991	127.403	154.569
253.039	127.144	154.541
253.051	126.944	154.542
253.069	126.760	154.537
253.095	126.573	154.534
253.135	126.373	154.511
253.156	126.228	154.512
253.183	126.096	154.501
253.182	126.055	154.518
253.189	126.029	154.510
253.204	126.026	154.507
253.211	126.050	154.495
253.213	126.116	154.487
253.210	126.238	154.491
253.196	126.399	154.491
253.184	126.577	154.486
253.160	126.786	154.490
253.141	127.000	154.503
253.106	127.261	154.519
253.073	127.514	154.530
253.018	127.821	154.545
252.971	128.115	154.559
252.907	128.425	154.572
252.849	128.749	154.586
252.801	129.038	154.605
252.742	129.318	154.614
252.669	129.598	154.626
252.639	129.831	154.637
252.577	130.083	154.649
252.515	130.309	154.676
252.471	130.483	154.685
252.457	130.567	154.680
252.427	130.651	154.682
252.405	130.678	154.684
252.420	130.623	154.654
252.432	130.583	154.643
252.428	130.549	154.642
252.442	130.494	154.629
252.482	130.391	154.606
252.510	130.292	154.591
252.541	130.169	154.570
252.570	130.034	154.568
252.626	129.848	154.547
252.693	129.611	154.522
252.721	129.415	154.523
252.777	129.168	154.506
252.814	128.923	154.504
252.844	128.676	154.509
252.870	128.415	154.518
252.940	128.108	154.516
252.974	127.834	154.508
253.015	127.569	154.514
253.061	127.294	154.514
253.077	127.061	154.523
253.097	126.845	154.528
253.106	126.650	154.545
253.122	126.457	154.555
253.137	126.280	154.564
253.146	126.129	154.572
253.154	126.019	154.573
253.166	125.924	154.586
253.160	125.912	154.599
253.171	125.901	154.587
253.157	125.951	154.594
253.159	126.031	154.595
253.154	126.148	154.587
253.147	126.305	154.574
253.144	126.509	154.571
253.120	126.741	154.552
253.096	126.994	154.547
253.073	127.265	154.555
253.034	127.561	154.553
252.997	127.856	154.533
252.955	128.171	154.540
252.914	128.479	154.524
252.867	128.802	154.521
252.829	129.090	154.515
252.764	129.392	154.524
252.725	129.661	154.539
252.664	129.919	154.529
252.609	130.171	154.551
252.576	130.352	154.554
252.529	130.509	154.568
252.503	130.593	154.574
252.467	130.650	154.580
252.444	130.659	154.595
252.432	130.638	154.594
252.438	130.586	154.594
252.433	130.552	154.611
252.456	130.466	154.617
252.467	130.380	154.617
252.496	130.239	154.611
252.551	130.068	154.598
252.594	129.900	154.611
252.643	129.686	154.597
252.675	129.483	154.599
252.716	129.265	154.610
252.770	129.005	154.610
252.788	128.756	154.619
252.835	128.483	154.617
252.898	128.187	154.614
252.930	127.932	154.606
252.973	127.671	154.591
253.023	127.404	154.599
253.056	127.159	154.575
253.077	126.962	154.566
253.113	126.753	154.551
253.137	126.565	154.544
253.149	126.428	154.549
253.164	126.281	154.540
253.185	126.178	154.533
253.181	126.123	154.537
253.172	126.131	154.540
253.173	126.137	154.535
253.178	126.162	154.532
253.164	126.242	154.521
253.165	126.343	154.518
253.149	126.493	154.518
253.136	126.665	154.518
253.122	126.853	154.509
253.094	127.075	154.525
253.062	127.312	154.536
253.021	127.584	154.551
252.985	127.853	154.546
252.948	128.127	154.547
252.907	128.414	154.553
252.839	128.726	154.567
252.815	128.978	154.562
252.764	129.245	154.571
252.704	129.517	154.585
252.652	129.760	154.594
252.621	129.968	154.587
252.570	130.179	154.606
252.517	130.361	154.619
252.499	130.469	154.636
252.470	130.544	154.624
252.468	130.551	154.606
252.449	130.560	154.608
252.440	130.547	154.616
252.450	130.518	154.617
252.471	130.449	154.606
252.472	130.401	154.609
252.513	130.287	154.591
252.539	130.190	154.585
252.562	130.064	154.590
252.646	129.841	154.567
252.664	129.681	154.572
252.701	129.477	154.571
252.748	129.238	154.556
252.801	128.986	154.561
252.823	128.753	154.565
252.848	128.499	154.579
252.895	128.209	154.587
252.928	127.949	154.589
252.995	127.653	154.557
253.031	127.367	154.556
253.060	127.135	154.553
253.064	126.929	154.548
253.110	126.687	154.536
253.109	126.526	154.558
253.136	126.326	154.546
253.147	126.157	154.538
253.139	126.060	154.553
253.160	125.958	154.546
253.153	125.927	154.554
253.163	125.919	154.550
253.164	125.938	154.538
253.164	126.006	154.538
253.168	126.105	154.525
253.174	126.240	154.505
253.162	126.438	154.497
253.153	126.642	154.483
253.124	126.899	154.497
253.107	127.158	154.505
253.078	127.441	154.494
253.034	127.752	154.505
252.986	128.082	154.524
252.938	128.400	154.517
252.908	128.700	154.521
252.835	129.042	154.556
252.789	129.323	154.552
252.738	129.608	154.576
252.684	129.860	154.580
252.625	130.125	154.598
252.555	130.372	154.636
252.520	130.530	154.639
252.473	130.639	154.656
252.445	130.699	154.654
252.428	130.705	154.665
252.403	130.704	154.671
252.423	130.638	154.668
252.416	130.594	154.667
252.434	130.517	154.664
252.453	130.412	154.661
252.492	130.276	154.642
252.529	130.120	154.627
252.592	129.918	154.610
252.639	129.712	154.609
252.683	129.504	154.596
252.734	129.259	154.581
252.791	129.002	154.569
252.834	128.740	154.572
252.872	128.488	154.573
252.936	128.193	154.569
252.984	127.923	154.546
253.017	127.685	154.543
253.059	127.434	154.541
253.100	127.189	154.527
253.130	126.975	154.511
253.136	126.817	154.509
253.157	126.647	154.502
253.166	126.509	154.502
253.169	126.404	154.520
253.162	126.320	154.518
253.167	126.265	154.522
253.144	126.279	154.542
253.126	126.319	154.559
253.124	126.329	154.555
253.108	126.404	154.566
253.110	126.491	154.554
253.071	126.643	154.563
253.069	126.784	154.555
253.051	126.943	154.551
253.043	127.134	154.560
253.017	127.349	154.563
252.966	127.614	154.581
252.956	127.842	154.587
252.927	128.089	154.581
252.890	128.348	154.574
252.846	128.617	154.576
252.836	128.847	154.563
252.794	129.108	154.561
252.764	129.342	154.563
252.724	129.555	154.561
252.696	129.747	154.563
252.648	129.974	154.577
252.603	130.148	154.587
252.573	130.279	154.593
252.547	130.383	154.587
252.531	130.442	154.591
252.530	130.445	154.581
252.496	130.471	154.595
252.485	130.461	154.594
252.486	130.440	154.598
252.485	130.393	154.593
252.492	130.342	154.593
252.503	130.276	154.590
252.533	130.175	154.583
252.541	130.072	154.588
252.578	129.920	154.596
252.623	129.719	154.586
252.649	129.532	154.584
252.705	129.295	154.569
252.729	129.076	154.579
252.755	128.819	154.585
252.791	128.572	154.586
252.841	128.291	154.585
252.897	128.000	154.577
252.947	127.737	154.566
252.975	127.484	154.577
253.045	127.181	154.547
253.072	126.959	154.539
253.107	126.752	154.524
253.134	126.558	154.517
253.176	126.354	154.502
253.176	126.217	154.501
253.184	126.114	154.506
253.187	126.046	154.527
253.186	126.013	154.531
253.204	126.000	154.515
253.174	126.061	154.530
253.179	126.113	154.518
253.182	126.207	154.510
253.178	126.356	154.516
253.159	126.533	154.501
253.122	126.777	154.521
253.115	126.986	154.518
253.085	127.238	154.535
253.033	127.534	154.562
252.994	127.825	154.564
252.960	128.105	154.575
252.902	128.426	154.575
252.848	128.744	154.590
252.816	129.021	154.594
252.778	129.281	154.587
252.728	129.554	154.601
252.667	129.815	154.614
252.618	130.053	154.622
252.592	130.250	154.627
252.529	130.439	154.644
252.524	130.524	154.639
252.504	130.593	154.632
252.474	130.620	154.634
252.467	130.598	154.628
252.467	130.562	154.624
252.467	130.522	154.624
252.480	130.455	154.611
252.498	130.371	154.604
252.527	130.257	154.597
252.542	130.145	154.584
252.587	129.977	154.579
252.618	129.810	154.586
252.665	129.598	154.563
252.695	129.405	154.578
252.749	129.147	154.560
252.799	128.888	154.555
252.824	128.642	154.556
252.867	128.373	154.571
252.911	128.101	154.579
252.950	127.839	154.577
253.003	127.556	154.567
253.037	127.307	154.569
253.061	127.076	154.571
253.095	126.865	154.558
253.122	126.657	154.560
253.153	126.474	154.559
253.149	126.336	154.570
253.165	126.195	154.558
253.179	126.096	154.563
253.188	126.048	154.559
253.185	126.038	154.559
253.191	126.051	154.546
253.193	126.095	154.542
253.185	126.198	154.538
253.177	126.329	154.533
253.162	126.505	154.524
253.150	126.678	154.505
253.120	126.917	154.514
253.110	127.126	154.505
253.071	127.395	154.511
253.030	127.675	154.513
252.999	127.957	154.512
252.938	128.270	154.520
252.896	128.570	154.519
252.877	128.827	154.514
252.813	129.142	154.532
252.767	129.407	154.538
252.714	129.677	154.547
252.638	129.957	154.571
252.592	130.174	154.573
252.544	130.380	154.600
252.512	130.499	154.606
252.479	130.604	154.621
252.453	130.655	154.623
252.425	130.672	154.628
252.421	130.638	154.628
252.420	130.606	154.632
252.421	130.548	154.632
252.429	130.487	154.637
252.437	130.414	154.641
252.474	130.286	154.626
252.505	130.148	154.615
252.560	129.975	154.621
252.598	129.798	154.610
252.652	129.575	154.597
252.688	129.366	154.599
252.742	129.096	154.572
252.774	128.870	154.596
252.803	128.617	154.597
252.868	128.302	154.580
252.908	128.044	154.574
252.947	127.783	154.572
253.000	127.507	154.566
253.063	127.214	154.536
253.079	127.015	154.541
253.104	126.806	154.528
253.131	126.611	154.521
253.164	126.418	154.524
253.167	126.283	154.527
253.180	126.154	154.519
253.168	126.096	154.530
253.172	126.063	154.539
253.174	126.064	154.544
253.170	126.092	154.539
253.165	126.156	154.539
253.156	126.253	154.539
253.155	126.386	154.527
253.137	126.559	154.522
253.086	126.806	154.544
253.086	126.992	154.524
253.064	127.225	154.537
253.023	127.497	154.551
252.981	127.784	154.558
252.959	128.040	154.549
252.896	128.361	154.561
252.863	128.642	154.555
252.819	128.929	154.571
252.774	129.209	154.567
252.731	129.462	154.578
252.673	129.726	154.587
252.639	129.948	154.584
252.585	130.176	154.602
252.522	130.398	154.633
252.519	130.487	154.624
252.505	130.543	154.619
252.480	130.605	154.621
252.469	130.595	154.620
252.483	130.552	154.617
252.448	130.567	154.631
252.457	130.510	154.631
252.455	130.466	154.634
252.498	130.358	154.612
252.530	130.239	154.588
252.546	130.129	154.607
252.583	129.967	154.597
252.635	129.773	154.601
252.661	129.580	154.594
252.717	129.334	154.575
252.768	129.067	154.566
252.808	128.818	154.564
252.821	128.576	154.581
252.874	128.272	154.576
252.934	127.983	154.572
252.973	127.714	154.565
253.032	127.414	154.560
253.075	127.145	154.542
253.097	126.913	154.528
253.140	126.674	154.509
253.176	126.450	154.502
253.187	126.259	154.499
253.213	126.089	154.495
253.199	125.984	154.520
253.228	125.864	154.508
253.220	125.835	154.525
253.211	125.843	154.528
253.229	125.849	154.517
253.208	125.929	154.529
253.204	126.025	154.524
253.181	126.199	154.524
253.191	126.363	154.508
253.147	126.626	154.523
253.118	126.871	154.518
253.099	127.121	154.526
253.059	127.418	154.550
253.005	127.746	154.551
252.971	128.048	154.558
252.895	128.410	154.574
252.841	128.736	154.576
252.795	129.054	154.600
252.738	129.345	154.592
252.680	129.643	154.615
252.647	129.881	154.616
252.586	130.145	154.629
252.519	130.387	154.650
252.505	130.526	154.655
252.472	130.627	154.656
252.459	130.656	154.650
252.438	130.675	154.649
252.423	130.661	154.646
252.440	130.604	154.640
252.447	130.553	154.639
252.474	130.458	154.614
252.492	130.359	154.616
252.537	130.215	154.588
252.574	130.059	154.583
252.631	129.879	154.574
252.669	129.688	154.564
252.702	129.497	154.566
252.758	129.244	154.544
252.804	128.998	154.543
252.839	128.742	154.541
252.849	128.532	154.566
252.901	128.257	154.561
252.763	128.265	154.600
252.988	127.721	154.539
253.041	127.463	154.539
253.070	127.223	154.532
253.076	127.048	154.541
253.085	126.890	154.544
253.107	126.710	154.541
253.123	126.560	154.542
253.145	126.407	154.539
253.124	126.360	154.554
253.128	126.288	154.568
253.131	126.264	154.563
253.135	126.276	154.569
253.132	126.297	154.559
253.129	126.336	154.555
253.111	126.445	154.571
253.090	126.577	154.578
253.096	126.700	154.549
253.061	126.901	154.559
253.078	127.044	154.541
253.055	127.252	154.545
253.028	127.490	154.543
252.986	127.756	154.553
252.961	128.003	154.553
252.928	128.249	154.542
252.877	128.551	154.538
252.857	128.796	154.534
252.809	129.065	154.539
252.765	129.306	154.542
252.731	129.533	154.544
252.672	129.779	154.565
252.634	129.983	154.567
252.598	130.157	154.577
252.556	130.319	154.592
252.551	130.404	154.587
252.513	130.485	154.597
252.505	130.505	154.601
252.486	130.514	154.603
252.471	130.509	154.620
252.475	130.476	154.619
252.488	130.408	154.607
252.494	130.357	154.607
252.513	130.279	154.605
252.537	130.179	154.602
252.575	130.036	154.596
252.625	129.866	154.587
252.646	129.700	154.593
252.688	129.492	154.574
252.733	129.255	154.568
252.771	129.022	154.566
252.776	128.818	154.592
252.818	128.548	154.576
252.874	128.266	154.571
252.909	128.009	154.570
252.960	127.744	154.559
253.014	127.462	154.564
253.044	127.224	154.538
253.066	127.016	154.535
253.101	126.791	154.514
253.099	126.649	154.535
253.132	126.470	154.529
253.155	126.317	154.526
253.157	126.220	154.516
253.158	126.161	154.534
253.177	126.122	154.532
253.179	126.127	154.528
253.169	126.171	154.535
253.170	126.225	154.527
253.176	126.309	154.529
253.156	126.465	154.528
253.143	126.632	154.522
253.113	126.839	154.516
253.116	127.025	154.519
253.095	127.259	154.530
253.045	127.533	154.544
252.995	127.823	154.564
252.973	128.073	154.550
252.921	128.367	154.560
252.870	128.665	154.560
252.832	128.936	154.564
252.800	129.187	154.566
252.746	129.459	154.576
252.697	129.695	154.585
252.643	129.939	154.594
252.608	130.132	154.600
252.555	130.318	154.628
252.521	130.455	154.633
252.516	130.510	154.629
252.493	130.548	154.626
252.469	130.552	154.628
252.464	130.526	154.632
252.465	130.491	154.627
252.476	130.433	154.628
252.481	130.364	154.623
252.519	130.263	154.609
252.521	130.171	154.604
252.572	130.013	154.596
252.612	129.843	154.604
252.631	129.692	154.595
252.672	129.481	154.594
252.726	129.245	154.572
252.752	129.011	154.582
252.787	128.769	154.588
252.814	128.512	154.593
252.879	128.214	154.581
252.926	127.947	154.567
252.981	127.676	154.556
253.037	127.386	154.547
253.059	127.158	154.540
253.085	126.944	154.537
253.116	126.732	154.520
253.144	126.540	154.527
253.166	126.362	154.514
253.174	126.232	154.519
253.180	126.126	154.527
253.192	126.057	154.533
253.191	126.054	154.536
253.198	126.055	154.529
253.182	126.116	154.532
253.201	126.154	154.516
253.192	126.271	154.521
253.185	126.428	154.508
253.148	126.633	154.509
253.124	126.842	154.513
253.121	127.039	154.506
253.082	127.294	154.521
253.042	127.571	154.532
252.995	127.859	154.542
252.969	128.128	154.536
252.907	128.434	154.540
252.868	128.730	154.547
252.803	129.044	154.566
252.756	129.304	154.576
252.702	129.570	154.580
252.643	129.827	154.603
252.600	130.070	154.612
252.533	130.299	154.624
252.514	130.433	154.628
252.499	130.525	154.627
252.472	130.602	154.629
252.452	130.628	154.631
252.428	130.633	154.633
252.446	130.571	154.622
252.454	130.530	154.622
252.461	130.470	154.618
252.467	130.402	154.613
252.507	130.295	154.600
252.527	130.189	154.596
252.581	130.022	154.574
252.639	129.830	154.571
252.670	129.657	154.573
252.696	129.465	154.565
252.766	129.204	154.544
252.797	128.974	154.555
252.830	128.715	154.557
252.860	128.462	154.557
252.908	128.183	154.565
252.940	127.930	154.573
253.000	127.626	154.544
253.041	127.360	154.551
253.070	127.119	154.546
253.094	126.901	154.546
253.123	126.672	154.534
253.143	126.472	154.544
253.154	126.296	154.549
253.155	126.155	154.556
253.154	126.041	154.568
253.183	125.926	154.561
253.153	125.925	154.580
253.172	125.901	154.569
253.164	125.942	154.568
253.156	126.023	154.568
253.149	126.137	154.565
253.158	126.268	154.553
253.115	126.515	154.576
253.123	126.691	154.538
253.093	126.952	154.542
253.079	127.195	154.533
253.032	127.504	154.556
252.987	127.810	154.545
252.961	128.098	154.553
252.910	128.423	154.545
252.868	128.736	154.552
252.816	129.051	154.558
252.773	129.327	154.564
252.711	129.617	154.577
252.666	129.862	154.578
252.603	130.114	154.590
252.559	130.326	154.601
252.526	130.474	154.608
252.492	130.579	154.617
252.471	130.621	154.610
252.445	130.633	154.626
252.450	130.599	154.609
252.453	130.553	154.609
252.453	130.511	154.617
252.472	130.428	154.610
252.485	130.340	154.601
252.517	130.213	154.591
252.550	130.064	154.584
252.597	129.890	154.597
252.626	129.720	154.591
252.683	129.493	154.577
252.723	129.257	154.567
252.770	129.014	154.579
252.802	128.764	154.577
252.838	128.503	154.569
252.885	128.232	154.581
252.932	127.965	154.568
252.969	127.715	154.560
253.016	127.446	154.563
253.056	127.209	154.554
253.081	126.991	154.537
253.106	126.809	154.524
253.126	126.631	154.530
253.163	126.443	154.510
253.157	126.340	154.527
253.164	126.242	154.522
253.152	126.198	154.542
253.167	126.159	154.536
253.149	126.194	154.547
253.157	126.204	154.526
253.162	126.257	154.522
253.168	126.347	154.514
253.130	126.522	154.533
253.133	126.664	154.512
253.123	126.845	154.504
253.082	127.080	154.533
253.087	127.261	154.512
253.043	127.523	154.526
252.995	127.810	154.537
252.962	128.076	154.540
252.919	128.352	154.546
252.875	128.649	154.548
252.850	128.895	154.547
252.799	129.168	154.562
252.756	129.416	154.568
252.712	129.650	154.573
252.677	129.866	154.575
252.608	130.091	154.592
252.556	130.282	154.623
252.544	130.392	154.617
252.513	130.482	154.624
252.505	130.516	154.619
252.489	130.508	154.621
252.455	130.534	154.635
252.470	130.495	154.628
252.466	130.456	154.623
252.477	130.404	154.628
252.491	130.327	154.620
252.523	130.229	154.609
252.563	130.089	154.599
252.606	129.936	154.603
252.649	129.764	154.602
252.689	129.544	154.583
252.728	129.344	154.576
252.784	129.076	154.563
252.795	128.864	154.590
252.828	128.599	154.586
252.894	128.301	154.574
252.932	128.038	154.590
252.976	127.764	154.566
253.027	127.483	154.565
253.062	127.226	154.563
253.093	126.992	154.551
253.123	126.765	154.544
253.130	126.577	154.543
253.168	126.370	154.541
253.169	126.223	154.545
253.183	126.083	154.541
253.192	125.981	154.546
253.188	125.926	154.548
253.192	125.913	154.545
253.192	125.935	154.540
253.172	126.001	154.543
253.175	126.077	154.536
253.170	126.210	154.519
253.158	126.395	154.518
253.124	126.617	154.515
253.108	126.856	154.511
253.105	127.075	154.499
253.056	127.369	154.532
253.022	127.666	154.517
252.986	127.964	154.528
252.932	128.285	154.533
252.875	128.616	154.543
252.851	128.894	154.539
252.795	129.195	154.549
252.738	129.498	154.566
252.690	129.762	154.576
252.627	130.033	154.593
252.584	130.246	154.603
252.539	130.433	154.622
252.505	130.562	154.624
252.479	130.640	154.625
252.458	130.659	154.624
252.451	130.643	154.623
252.433	130.631	154.630
252.448	130.566	154.631
252.430	130.539	154.646
252.477	130.405	154.610
252.488	130.320	154.610
252.519	130.181	154.600
252.570	130.004	154.586
252.611	129.834	154.585
252.637	129.648	154.582
252.683	129.431	154.581
252.735	129.191	154.563
252.806	128.906	154.538
252.805	128.692	154.567
252.844	128.432	154.565
252.923	128.120	154.549
252.951	127.882	154.542
252.976	127.651	154.542
253.022	127.399	154.536
253.045	127.188	154.534
253.069	126.993	154.530
253.101	126.812	154.510
253.116	126.657	154.515
253.136	126.501	154.516
253.150	126.383	154.508
253.142	126.318	154.520
253.142	126.283	154.534
253.146	126.276	154.534
253.145	126.290	154.543
253.143	126.321	154.534
253.154	126.375	154.526
253.149	126.471	154.522
253.129	126.620	154.534
253.099	126.793	154.523
253.078	126.983	154.545
253.076	127.151	154.537
253.054	127.378	154.545
253.014	127.630	154.546
252.968	127.908	154.562
252.965	128.114	154.549
252.916	128.400	154.545
252.864	128.678	154.565
252.855	128.914	154.557
252.813	129.159	154.554
252.757	129.405	154.573
252.709	129.635	154.577
252.679	129.840	154.588
252.614	130.053	154.600
252.577	130.228	154.620
252.548	130.345	154.617
252.538	130.414	154.618
252.512	130.456	154.615
252.503	130.458	154.614
252.494	130.445	154.621
252.493	130.433	154.621
252.485	130.406	154.620
252.483	130.367	154.620
252.494	130.308	154.620
252.512	130.225	154.613
252.537	130.118	154.605
252.584	129.966	154.596
252.632	129.793	154.592
252.648	129.630	154.583
252.699	129.417	154.583
252.729	129.200	154.571
252.761	128.981	154.582
252.806	128.712	154.572
252.854	128.450	154.570
252.900	128.189	154.578
252.938	127.936	154.572
252.980	127.670	154.552
253.036	127.408	154.561
253.072	127.163	154.541
253.107	126.944	154.526
253.124	126.759	154.522
253.139	126.604	154.526
253.174	126.431	154.516
253.185	126.303	154.516
253.184	126.222	154.524
253.190	126.159	154.524
253.195	126.141	154.530
253.183	126.167	154.533
253.185	126.200	154.528
253.179	126.264	154.528
252.980	126.655	154.586
252.814	126.985	154.655
253.134	126.683	154.517
253.113	126.885	154.522
253.104	127.073	154.517
253.063	127.329	154.541
253.025	127.594	154.542
252.985	127.862	154.549
252.954	128.126	154.543
252.905	128.418	154.544
252.859	128.703	154.547
252.823	128.964	154.554
252.766	129.243	154.562
252.707	129.507	154.581
252.678	129.719	154.579
252.640	129.931	154.585
252.590	130.147	154.598
252.555	130.305	154.601
252.545	130.391	154.600
252.498	130.500	154.618
252.502	130.501	154.605
252.473	130.521	154.619
252.477	130.495	154.606
252.472	130.468	154.610
252.474	130.425	154.601
252.482	130.364	154.605
252.503	130.290	154.598
252.515	130.201	154.591
252.559	130.056	154.581
252.609	129.886	154.589
252.652	129.694	154.575
252.685	129.502	154.578
252.722	129.279	154.571
252.757	129.059	154.573
252.786	128.811	154.579
252.820	128.557	154.577
252.874	128.278	154.580
252.908	128.018	154.582
252.958	127.753	154.572
253.003	127.488	154.566
253.045	127.233	154.557
253.059	127.034	154.556
253.093	126.822	154.545
253.117	126.639	154.533
253.139	126.479	154.544
253.157	126.333	154.540
253.153	126.249	154.544
253.163	126.165	154.535
253.163	126.152	154.543
253.152	126.170	154.543
253.155	126.185	154.539
253.154	126.241	154.539
253.154	126.325	154.531
253.144	126.460	154.517
253.115	126.649	154.528
253.106	126.830	154.520
253.087	127.025	154.520
253.065	127.258	154.532
253.032	127.505	154.539
252.984	127.787	154.545
252.956	128.058	154.548
252.902	128.352	154.553
252.875	128.618	154.534
252.820	128.915	154.562
252.773	129.191	154.563
252.739	129.429	154.566
252.697	129.675	154.571
252.646	129.907	154.585
252.584	130.143	154.607
252.551	130.313	154.609
252.533	130.437	154.617
252.511	130.513	154.615
252.472	130.581	154.634
252.470	130.566	154.619
252.470	130.544	154.624
252.452	130.539	154.635
252.464	130.485	154.632
252.472	130.425	154.619
252.493	130.345	154.607
252.508	130.260	154.612
252.549	130.132	154.603
252.592	129.968	154.588
252.617	129.810	154.603
252.671	129.586	154.582
252.682	129.417	154.590
252.724	129.180	154.579
252.776	128.915	154.575
252.793	128.683	154.583
252.845	128.408	154.578
252.901	128.132	154.578
252.947	127.859	154.559
252.998	127.586	154.545
253.043	127.321	154.539
253.066	127.111	154.536
253.102	126.911	154.525
253.110	126.735	154.523
253.130	126.564	154.516
253.156	126.413	154.518
253.187	126.274	154.507
253.185	126.208	154.516
253.164	126.198	154.531
253.180	126.166	154.528
253.185	126.186	154.519
253.198	126.215	154.507
253.184	126.311	154.521
253.163	126.441	154.528
253.139	126.604	154.526
253.124	126.780	154.517
253.108	126.976	154.522
253.110	127.159	154.511
253.052	127.445	154.541
253.013	127.700	154.538
252.973	127.983	154.554
252.925	128.268	154.550
252.904	128.529	154.536
252.848	128.827	154.565
252.808	129.092	154.558
252.747	129.366	154.571
252.684	129.639	154.596
252.657	129.841	154.600
252.610	130.055	154.604
252.552	130.274	154.631
252.523	130.409	154.634
252.516	130.482	154.629
252.488	130.543	154.626
252.464	130.562	154.636
252.460	130.539	154.636
252.448	130.532	154.644
252.468	130.452	154.632
252.479	130.393	154.632
252.499	130.307	154.616
252.521	130.218	154.609
252.555	130.086	154.608
252.602	129.924	154.598
252.636	129.765	154.597
252.682	129.555	154.582
252.717	129.362	154.576
252.759	129.124	154.566
252.790	128.888	154.571
252.828	128.628	154.569
252.869	128.349	154.567
252.917	128.092	154.571
252.960	127.832	154.556
253.006	127.568	154.549
253.058	127.298	154.531
253.079	127.078	154.528
253.083	126.908	154.527
253.120	126.706	154.515
253.147	126.524	154.509
253.136	126.422	154.530
253.143	126.309	154.534
253.163	126.214	154.531
253.173	126.158	154.522
253.164	126.180	154.526
253.152	126.206	154.529
253.160	126.233	154.531
253.171	126.305	154.527
253.139	126.439	154.526
253.122	126.597	154.529
253.115	126.761	154.520
253.092	126.962	154.520
253.078	127.170	154.524
253.040	127.424	154.539
253.011	127.669	154.542
252.964	127.949	154.548
252.921	128.225	154.554
252.878	128.508	154.547
252.839	128.789	154.563
252.808	129.046	154.552
252.759	129.303	154.566
252.718	129.546	154.564
252.665	129.780	154.587
252.614	130.007	154.595
252.581	130.177	154.597
252.531	130.366	154.620
252.510	130.459	154.623
252.502	130.499	154.623
252.499	130.508	154.604
252.467	130.530	154.628
252.485	130.481	154.608
252.480	130.455	154.611
252.479	130.409	154.606
252.499	130.337	154.599
252.530	130.241	154.579
252.552	130.130	154.576
252.585	130.006	154.580
252.633	129.833	154.575
252.677	129.634	154.556
252.690	129.473	154.574
252.745	129.238	154.550
252.778	129.005	154.553
252.817	128.750	154.556
252.838	128.511	154.556
252.675	128.564	154.616
252.931	127.989	154.554
252.956	127.756	154.563
253.005	127.486	154.557
253.054	127.227	154.536
253.077	127.025	154.537
253.094	126.841	154.532
253.105	126.686	154.532
253.121	126.543	154.537
253.131	126.424	154.542
253.144	126.326	154.547
253.164	126.259	154.545
253.146	126.266	154.556
253.149	126.270	154.552
253.156	126.278	154.548
253.143	126.353	154.565
253.144	126.448	154.557
253.133	126.572	154.543
253.124	126.723	154.535
253.113	126.894	154.525
253.096	127.084	154.534
253.086	127.285	154.539
253.049	127.545	154.550
252.990	127.831	154.563
252.966	128.075	154.554
252.928	128.331	154.551
252.877	128.617	154.557
252.855	128.871	154.565
252.809	129.125	154.554
252.759	129.378	154.554
252.713	129.615	154.568
252.660	129.850	154.591
252.611	130.052	154.596
252.585	130.216	154.603
252.542	130.361	154.613
252.530	130.435	154.612
252.508	130.484	154.610
252.472	130.529	154.624
252.475	130.497	154.615
252.483	130.457	154.615
252.473	130.432	154.623
252.483	130.367	154.619
252.504	130.288	154.607
252.523	130.196	154.596
252.554	130.076	154.590
252.600	129.927	154.589
252.644	129.753	154.579
252.664	129.592	154.576
252.708	129.385	154.570
252.744	129.161	154.565
252.788	128.918	154.572
252.804	128.695	154.567
252.854	128.428	154.575
252.897	128.166	154.578
252.935	127.926	154.572
252.986	127.653	154.557
253.019	127.415	154.554
253.069	127.168	154.541
253.072	127.005	154.545
253.105	126.804	154.528
253.106	126.658	154.532
253.140	126.493	154.534
253.175	126.349	154.506
253.160	126.295	154.526
253.154	126.263	154.534
253.161	126.257	154.540
253.167	126.264	154.522
253.165	126.299	154.528
253.176	126.352	154.520
253.151	126.482	154.523
253.116	126.650	154.528
253.141	126.761	154.497
253.114	126.955	154.504
253.103	127.151	154.513
253.057	127.404	154.519
253.022	127.665	154.534
252.984	127.926	154.537
252.954	128.174	154.530
252.908	128.448	154.531
252.850	128.757	154.555
252.822	129.002	154.549
252.590	129.536	154.609
252.429	129.912	154.664
252.687	129.718	154.580
252.486	130.177	154.620
252.582	130.141	154.593
252.562	130.275	154.597
252.532	130.390	154.612
252.513	130.457	154.614
252.491	130.489	154.622
252.475	130.489	154.628
252.472	130.467	154.628
252.483	130.416	154.615
252.467	130.400	154.631
252.496	130.306	154.611
252.531	130.204	154.592
252.540	130.146	154.611
252.566	130.003	154.599
252.634	129.824	154.588
252.649	129.683	154.593
252.683	129.499	154.582
252.732	129.282	154.569
252.762	129.063	154.574
252.807	128.818	154.573
252.846	128.565	154.557
252.867	128.330	154.580
252.917	128.078	154.579
252.965	127.817	154.560
252.989	127.587	154.561
253.059	127.309	154.550
253.085	127.102	154.534
253.106	126.919	154.534
253.129	126.733	154.508
253.124	126.615	154.533
253.155	126.461	154.514
253.148	126.384	154.534
253.151	126.323	154.543
253.161	126.266	154.526
253.165	126.259	154.527
253.164	126.288	154.527
253.165	126.321	154.523
253.156	126.411	154.536
253.148	126.506	154.527
253.124	126.663	154.520
253.100	126.846	154.533
253.097	127.002	154.525
253.073	127.218	154.533
252.850	127.733	154.586
253.018	127.685	154.543
252.979	127.946	154.545
252.943	128.203	154.548
252.895	128.487	154.544
252.863	128.742	154.552
252.827	128.993	154.559
252.782	129.237	154.551
252.729	129.487	154.565
252.681	129.721	154.583
252.639	129.920	154.584
252.593	130.129	154.599
252.572	130.252	154.602
252.539	130.379	154.612
252.519	130.445	154.616
252.497	130.475	154.609
252.479	130.484	154.611
252.479	130.463	154.615
252.486	130.433	154.611
252.489	130.379	154.607
252.494	130.338	154.603
252.518	130.259	154.595
252.552	130.144	154.585
252.566	130.051	154.586
252.615	129.889	154.582
252.640	129.738	154.584
252.674	129.549	154.568
252.720	129.324	154.562
252.759	129.104	154.552
252.790	128.868	154.558
252.834	128.607	154.552
252.864	128.385	154.566
252.914	128.103	154.566
252.936	127.891	154.567
252.988	127.623	154.548
253.033	127.386	154.543
253.056	127.176	154.540
253.076	126.992	154.541
253.114	126.804	154.512
253.129	126.665	154.507
253.128	126.548	154.520
253.135	126.460	154.517
253.144	126.396	154.539
253.163	126.352	154.514
253.144	126.377	154.525
253.156	126.372	154.518
253.137	126.442	154.534
253.131	126.506	154.534
253.117	126.599	154.532
253.110	126.735	154.523
253.084	126.906	154.536
253.074	127.065	154.532
253.067	127.242	154.532
253.042	127.462	154.531
252.991	127.720	154.554
252.973	127.956	154.553
252.939	128.197	154.547
252.901	128.449	154.553
252.870	128.690	154.553
252.842	128.933	154.556
252.798	129.177	154.548
252.741	129.412	154.566
252.710	129.614	154.563
252.672	129.818	154.583
252.627	130.014	154.588
252.592	130.165	154.603
252.562	130.289	154.605
252.547	130.366	154.613
252.536	130.399	154.603
252.534	130.382	154.599
252.528	130.372	154.602
252.521	130.356	154.601
252.493	130.366	154.620
252.504	130.312	154.617
252.529	130.247	154.601
252.557	130.148	154.586
252.581	130.054	154.588
252.602	129.945	154.594
252.636	129.786	154.592
252.675	129.601	154.577
252.702	129.422	154.578
252.735	129.216	154.572
252.772	128.977	154.575
252.803	128.736	154.576
252.833	128.503	154.590
252.878	128.236	154.594
252.914	127.987	154.579
252.981	127.695	154.561
253.025	127.447	154.555
253.065	127.196	154.536
253.085	127.006	154.533
253.099	126.841	154.537
253.123	126.658	154.525
253.135	126.521	154.530
253.138	126.413	154.533
253.162	126.298	154.522
253.154	126.263	154.535
253.176	126.216	154.518
253.170	126.238	154.519
253.178	126.241	154.510
253.162	126.320	154.518
253.162	126.409	154.514
253.138	126.565	154.526
253.132	126.701	154.499
253.105	126.901	154.512
253.089	127.097	154.517
253.082	127.302	154.516
253.021	127.591	154.538
252.995	127.832	154.533
252.956	128.107	154.544
252.925	128.359	154.528
252.877	128.646	154.539
252.833	128.922	154.555
252.790	129.177	154.547
252.745	129.428	154.562
252.699	129.664	154.576
252.662	129.869	154.578
252.624	130.056	154.574
252.563	130.260	154.605
252.542	130.383	154.608
252.524	130.446	154.603
252.508	130.485	154.610
252.488	130.483	154.612
252.475	130.476	154.619
252.469	130.444	154.627
252.483	130.389	154.615
252.477	130.336	154.627
252.497	130.249	154.612
252.533	130.145	154.601
252.552	130.039	154.597
252.603	129.875	154.584
252.629	129.724	154.586
252.664	129.529	154.581
252.703	129.325	154.578
252.755	129.089	154.556
252.782	128.866	154.567
252.812	128.635	154.562
252.862	128.374	154.576
252.903	128.116	154.569
252.929	127.902	154.566
252.999	127.614	154.544
253.029	127.393	154.542
253.069	127.170	154.523
253.086	126.993	154.524
253.103	126.835	154.520
253.123	126.687	154.507
253.119	126.596	154.524
253.146	126.478	154.521
253.169	126.398	154.515
253.149	126.394	154.536
252.961	126.694	154.586
253.166	126.397	154.510
253.152	126.440	154.531
253.145	126.491	154.531
253.136	126.589	154.530
253.119	126.705	154.525
253.109	126.846	154.516
253.109	126.981	154.518
253.081	127.177	154.533
253.068	127.371	154.529
253.028	127.602	154.534
252.997	127.847	154.547
252.959	128.088	154.535
252.926	128.342	154.546
252.885	128.592	154.549
252.856	128.837	154.543
252.801	129.095	154.562
252.755	129.320	154.567
252.717	129.534	154.564
252.666	129.745	154.582
252.636	129.923	154.593
252.600	130.083	154.604
252.572	130.209	154.610
252.538	130.325	154.621
252.523	130.371	154.615
252.520	130.383	154.619
252.495	130.396	154.625
252.499	130.375	154.617
252.479	130.379	154.624
252.493	130.338	154.620
252.474	130.332	154.632
252.518	130.238	154.600
252.526	130.175	154.605
252.569	130.058	154.596
252.604	129.927	154.594
252.646	129.765	154.580
252.669	129.597	154.577
252.702	129.408	154.570
252.735	129.191	154.563
252.781	128.958	154.571
252.813	128.720	154.568
252.845	128.479	154.568
252.878	128.244	154.581
252.943	127.961	154.559
252.972	127.729	154.557
253.015	127.489	154.554
253.071	127.242	154.537
253.093	127.055	154.530
253.110	126.892	154.520
253.117	126.758	154.511
253.136	126.631	154.513
253.138	126.545	154.513
253.160	126.468	154.514
253.157	126.452	154.518
253.145	126.470	154.535
253.149	126.465	154.518
253.153	126.480	154.514
253.142	126.531	154.526
253.134	126.613	154.525
253.114	126.728	154.525
253.086	126.876	154.527
253.089	127.000	154.533
253.082	127.163	154.525
253.044	127.360	154.539
253.011	127.593	154.537
252.970	127.843	154.556
252.960	128.045	154.544
252.920	128.296	154.545
252.865	128.551	154.549
252.851	128.770	154.547
252.818	129.003	154.544
252.772	129.234	154.554
252.727	129.454	154.569
252.699	129.640	154.566
252.669	129.817	154.578
252.632	129.994	154.579
252.607	130.123	154.582
252.561	130.263	154.613
252.547	130.314	154.604
252.535	130.346	154.611
252.522	130.345	154.606
252.514	130.332	154.613
252.513	130.307	154.604
252.498	130.288	154.612
252.517	130.233	154.604
252.531	130.180	154.606
252.570	130.066	154.583
252.590	129.978	154.584
252.616	129.858	154.600
252.629	129.730	154.591
252.672	129.557	154.582
252.705	129.368	154.575
252.740	129.155	154.563
252.773	128.942	154.570
252.799	128.723	154.571
252.833	128.505	154.572
252.877	128.254	154.576
252.925	128.023	154.571
252.964	127.798	154.556
252.989	127.608	154.557
253.032	127.381	154.547
253.075	127.189	154.533
253.074	127.046	154.527
253.085	126.924	154.523
253.098	126.817	154.510
253.103	126.740	154.518
253.101	126.696	154.522
253.122	126.625	154.529
253.122	126.627	154.511
253.132	126.625	154.512
253.116	126.657	154.515
253.135	126.648	154.512
253.119	126.700	154.511
253.090	126.807	154.531
253.100	126.875	154.515
253.088	126.974	154.524
253.088	127.086	154.516
253.061	127.246	154.527
253.049	127.416	154.535
253.003	127.648	154.545
252.976	127.849	154.540
252.974	128.023	154.537
252.941	128.231	154.525
252.896	128.474	154.535
252.863	128.696	154.547
252.833	128.902	154.541
252.811	129.081	154.536
252.753	129.305	154.553
252.719	129.488	154.565
252.690	129.652	154.567
252.673	129.791	154.565
252.632	129.951	154.588
252.623	130.042	154.583
252.584	130.124	154.593
252.589	130.152	154.589
252.570	130.167	154.596
252.569	130.156	154.596
252.573	130.129	154.583
252.548	130.159	154.603
252.547	130.142	154.599
252.536	130.153	154.610
252.559	130.103	154.586
252.573	130.067	154.587
252.414	130.282	154.636
252.603	129.935	154.599
252.639	129.795	154.584
252.660	129.666	154.577
252.676	129.523	154.582
252.697	129.360	154.578
252.749	129.147	154.560
252.771	128.966	154.575
252.807	128.766	154.563
252.826	128.572	154.563
252.845	128.393	154.587
252.895	128.162	154.565
252.936	127.967	154.554
252.964	127.792	154.551
252.996	127.618	154.536
253.004	127.501	154.549
253.044	127.343	154.516
253.041	127.263	154.534
253.060	127.193	154.518
253.085	127.111	154.503
253.067	127.119	154.522
253.082	127.097	154.506
253.086	127.090	154.507
253.085	127.103	154.516
253.080	127.113	154.523
253.068	127.131	154.523
253.070	127.142	154.523
253.058	127.174	154.531
253.065	127.190	154.532
253.073	127.217	154.533
253.064	127.288	154.532
253.042	127.384	154.544
253.028	127.490	154.542
253.009	127.617	154.542
252.985	127.758	154.545
252.973	127.895	154.540
252.970	128.030	154.536
252.946	128.192	154.535
252.899	128.392	154.531
252.883	128.542	154.530
252.869	128.703	154.530
252.839	128.880	154.541
252.808	129.040	154.548
252.783	129.180	154.551
252.752	129.319	154.562
252.716	129.458	154.577
252.703	129.556	154.571
252.680	129.627	154.574
252.664	129.687	154.577
252.669	129.713	154.573
252.660	129.721	154.576
252.658	129.723	154.586
252.649	129.726	154.584
252.644	129.713	154.579
252.655	129.695	154.580
252.643	129.706	154.575
252.633	129.718	154.586
252.635	129.715	154.578
252.641	129.706	154.570
252.646	129.689	154.575
252.643	129.688	154.570
252.653	129.644	154.562
252.646	129.621	154.574
252.677	129.523	154.564
252.669	129.482	154.571
252.702	129.361	154.565
252.723	129.245	154.549
252.734	129.144	154.559
252.761	129.018	154.552
252.783	128.895	154.548
252.809	128.771	154.542
252.805	128.687	154.562
252.830	128.557	154.560
252.838	128.457	154.563
252.874	128.330	154.541
252.893	128.225	154.537
252.711	128.455	154.591
252.608	128.529	154.645
252.544	128.563	154.670
252.923	128.017	154.527
252.935	127.984	154.536
252.933	127.973	154.536
252.939	127.978	154.537
252.943	127.965	154.533
252.952	127.957	154.529
252.943	127.965	154.533
252.952	127.957	154.529
252.939	127.972	154.532
252.945	127.962	154.541
252.939	127.972	154.532
252.954	127.953	154.538
252.946	127.966	154.538
252.946	127.967	154.537
252.959	127.952	154.534
252.951	127.971	154.538
252.945	127.980	154.546
252.965	127.943	154.526
252.954	127.969	154.528
252.959	127.959	154.521
252.945	127.977	154.532
252.959	127.960	154.521
252.949	127.975	154.529
252.967	127.940	154.518
252.955	127.966	154.520
252.942	127.981	154.524
252.954	127.975	154.534
252.963	127.953	154.522
252.949	127.981	154.534
252.953	127.968	154.530
252.964	127.953	154.521
252.963	127.953	154.521
252.961	127.969	154.539
252.968	127.944	154.531
252.964	127.957	154.535
252.959	127.972	154.548
252.960	127.969	154.540
252.967	127.958	154.540
252.966	127.968	154.535
252.967	127.958	154.540
252.967	127.964	154.545
252.760	128.286	154.604
252.637	128.427	154.661
252.963	127.964	154.540
252.961	127.970	154.539
252.968	127.966	154.526
252.977	127.950	154.537
252.975	127.960	154.532
252.960	127.971	154.539
252.966	127.968	154.535
252.966	127.962	154.530
252.952	127.982	154.539
252.962	127.975	154.535
252.963	127.961	154.526
252.766	128.272	154.589
252.953	127.983	154.538
252.963	127.961	154.526
252.954	127.980	154.530
252.772	128.264	154.582
252.949	127.989	154.538
252.945	127.988	154.533
252.949	127.989	154.538
252.961	127.971	154.521
252.946	127.974	154.524
252.965	127.959	154.517
252.952	127.979	154.525
252.952	127.979	154.525
252.943	127.987	154.528
252.962	127.964	154.516
252.951	127.979	154.525
252.957	127.978	154.521
252.961	127.971	154.521
252.965	127.965	154.522
252.761	128.278	154.575
252.643	128.419	154.630
252.961	127.971	154.522
252.968	127.966	154.526
252.955	127.980	154.529
252.970	127.963	154.518
252.955	127.980	154.530
252.961	127.971	154.521
252.954	127.988	154.534
252.951	127.987	154.529
252.945	127.996	154.537
252.970	127.963	154.518
252.945	127.996	154.537
252.958	127.981	154.535
252.946	127.988	154.533
252.948	127.986	154.524
252.941	128.002	154.537
252.946	127.988	154.533
252.951	127.986	154.529
252.941	127.994	154.533
252.955	127.981	154.529
252.945	127.996	154.537
252.955	127.981	154.529
252.937	128.001	154.532
252.951	127.973	154.520
252.956	127.972	154.525
252.952	127.979	154.524
252.961	127.965	154.516
252.968	127.952	154.518
252.955	127.966	154.520
252.952	127.979	154.525
252.962	127.958	154.512
252.952	127.979	154.525
252.956	127.973	154.524
252.969	127.952	154.518
252.966	127.951	154.513
252.965	127.951	154.513
252.959	127.968	154.525
252.959	127.959	154.521
252.955	127.980	154.530
252.963	127.967	154.531
252.954	127.975	154.534
252.959	127.960	154.521
252.954	127.975	154.534
252.948	127.984	154.542
252.959	127.973	154.530
252.967	127.955	154.526
252.948	127.984	154.542
252.953	127.983	154.538
252.960	127.963	154.535
252.957	127.976	154.539
252.957	127.970	154.534
252.953	127.983	154.538
252.957	127.970	154.534
252.966	127.969	154.535
252.961	127.964	154.534
252.956	127.970	154.535
252.961	127.964	154.534
252.951	127.986	154.546
252.960	127.963	154.535
252.955	127.973	154.542
252.947	127.978	154.538
252.951	127.971	154.538
252.968	127.950	154.535
252.951	127.977	154.543
252.947	127.978	154.538
252.965	127.957	154.535
252.962	127.956	154.530
252.951	127.971	154.538
252.954	127.969	154.529
252.957	127.962	154.530
252.963	127.953	154.522
252.945	127.969	154.528
252.954	127.961	154.525
252.964	127.953	154.521
252.963	127.953	154.521
252.950	127.968	154.525
252.973	127.945	154.518
252.959	127.959	154.521
252.956	127.972	154.525
252.965	127.950	154.513
252.963	127.953	154.522
252.969	127.952	154.518
252.969	127.952	154.517
252.936	127.989	154.532
252.944	127.991	154.541
252.965	127.959	154.517
252.961	127.971	154.521
252.959	127.973	154.530
252.957	127.978	154.521
252.959	127.973	154.530
252.959	127.974	154.529
252.964	127.972	154.526
252.965	127.965	154.521
252.959	127.980	154.535
252.951	127.987	154.529
252.974	127.957	154.518
252.955	127.980	154.530
252.968	127.966	154.526
252.955	127.981	154.529
252.965	127.964	154.522
252.965	127.964	154.522
252.951	127.987	154.529
252.951	127.987	154.529
252.964	127.978	154.530
252.966	127.970	154.517
252.951	127.978	154.526
252.951	127.979	154.525
252.958	127.967	154.526
252.956	127.972	154.525
252.951	127.987	154.529
252.959	127.974	154.530
252.971	127.955	154.514
252.973	127.946	154.517
252.950	127.982	154.533
252.960	127.960	154.521
252.968	127.957	154.523
252.940	127.989	154.537
252.950	127.982	154.533
252.959	127.968	154.525
252.955	127.972	154.525
252.940	127.983	154.532
252.947	127.978	154.538
252.955	127.972	154.525
252.962	127.961	154.526
252.966	127.960	154.531
252.955	127.980	154.530
252.950	127.981	154.533
252.964	127.958	154.518
252.967	127.954	154.526
252.954	127.980	154.530
252.949	127.989	154.537
252.950	127.982	154.533
252.944	127.991	154.541
252.951	127.985	154.547
252.956	127.984	154.543
252.949	127.989	154.538
252.962	127.975	154.535
252.955	127.980	154.529
252.949	127.989	154.538
252.953	127.982	154.538
252.953	127.983	154.538
252.976	127.946	154.523
252.949	127.989	154.538
252.957	127.976	154.539
252.963	127.967	154.531
252.953	127.983	154.538
252.953	127.983	154.538
252.954	127.975	154.534
252.966	127.968	154.535
252.949	127.989	154.538
252.955	127.966	154.520
252.965	127.965	154.522
252.955	127.972	154.526
252.959	127.973	154.530
252.955	127.980	154.529
252.950	127.982	154.533
252.955	127.980	154.529
252.963	127.967	154.530
252.963	127.961	154.526
252.953	127.969	154.529
252.973	127.945	154.518
252.965	127.964	154.522
252.950	127.981	154.533
252.945	127.988	154.533
252.946	127.988	154.533
252.942	127.995	154.533
252.962	127.961	154.526
252.955	127.980	154.530
252.951	127.987	154.529
252.955	127.980	154.530
252.952	127.979	154.524
252.955	127.980	154.530
252.955	127.980	154.530
252.964	127.972	154.526
252.961	127.971	154.521
252.951	127.987	154.529
252.951	127.987	154.529
252.951	127.986	154.529
252.961	127.965	154.517
252.960	127.985	154.530
252.939	127.997	154.542
252.955	127.980	154.529
252.955	127.980	154.530
252.957	127.983	154.526
252.971	127.956	154.513
252.959	127.974	154.530
252.946	127.988	154.533
252.945	127.988	154.533
252.954	127.980	154.530
252.967	127.962	154.513
252.965	127.959	154.517
252.959	127.973	154.530
252.962	127.964	154.516
252.952	127.979	154.525
252.963	127.953	154.522
252.963	127.953	154.521
252.962	127.958	154.512
252.955	127.972	154.525
252.963	127.953	154.522
252.953	127.968	154.530
252.969	127.952	154.518
252.953	127.969	154.529
252.950	127.967	154.525
252.948	127.970	154.533
252.944	127.977	154.533
252.956	127.951	154.530
252.944	127.976	154.533
252.944	127.977	154.533
252.938	127.986	154.541
252.944	127.991	154.541
252.936	127.988	154.550
252.942	127.973	154.536
252.951	127.971	154.538
252.953	127.969	154.529
252.942	127.979	154.542
252.963	127.967	154.530
252.957	127.962	154.530
252.962	127.961	154.526
252.957	127.970	154.534
252.969	127.958	154.522
252.967	127.955	154.526
252.962	127.960	154.526
252.958	127.962	154.529
252.955	127.980	154.530
252.967	127.954	154.526
252.965	127.965	154.522
252.963	127.967	154.530
252.967	127.954	154.526
252.963	127.961	154.526
252.972	127.959	154.527
252.962	127.960	154.526
252.972	127.959	154.527
252.980	127.940	154.523
252.973	127.945	154.518
252.967	127.955	154.526
252.962	127.961	154.526
252.973	127.946	154.518
252.969	127.952	154.517
252.950	127.981	154.533
252.965	127.965	154.521
252.950	127.981	154.534
252.955	127.980	154.530
252.972	127.960	154.526
252.959	127.973	154.530
252.955	127.980	154.530
252.965	127.965	154.521
252.957	127.962	154.530
252.936	128.004	154.540
252.971	127.950	154.509
252.957	127.970	154.534
252.946	127.988	154.533
252.959	127.968	154.525
252.965	127.958	154.517
252.959	127.974	154.530
252.955	127.980	154.530
252.958	127.973	154.531
252.955	127.980	154.530
252.955	127.980	154.530
252.780	128.254	154.578
252.646	128.423	154.633
252.961	127.971	154.521
252.949	127.989	154.538
252.955	127.980	154.530
252.945	128.002	154.542
252.964	127.972	154.526
252.970	127.963	154.518
252.967	127.963	154.512
252.954	127.988	154.534
252.956	127.991	154.530
252.970	127.964	154.517
252.964	127.972	154.526
252.961	127.971	154.522
252.960	127.985	154.530
252.974	127.957	154.518
252.970	127.963	154.518
252.970	127.963	154.518
252.961	127.971	154.522
252.970	127.963	154.518
252.947	127.994	154.528
252.953	127.983	154.538
252.960	127.979	154.526
252.951	127.987	154.529
252.968	127.965	154.527
252.965	127.959	154.517
252.959	127.968	154.525
252.965	127.965	154.521
252.963	127.966	154.522
252.956	127.967	154.520
252.945	127.987	154.534
252.961	127.971	154.521
252.953	127.975	154.534
252.946	127.988	154.533
252.947	127.978	154.537
252.973	127.945	154.518
252.953	127.968	154.530
252.944	127.977	154.533
252.946	127.974	154.524
252.959	127.960	154.521
252.939	127.997	154.541
252.963	127.953	154.521
252.950	127.982	154.533
252.947	127.978	154.538
252.948	127.984	154.542
252.947	127.978	154.538
252.949	127.981	154.534
252.950	127.981	154.533
252.950	127.981	154.533
252.963	127.967	154.531
252.946	127.988	154.532
252.949	127.975	154.529
252.962	127.961	154.526
252.969	127.952	154.518
252.959	127.973	154.530
252.963	127.961	154.526
252.950	127.981	154.534
252.955	127.966	154.521
252.965	127.965	154.521
252.957	127.970	154.517
252.953	127.983	154.538
252.966	127.954	154.526
252.959	127.959	154.522
252.959	127.968	154.525
252.963	127.953	154.522
252.959	127.960	154.521
252.960	127.960	154.521
252.946	127.973	154.542
252.954	127.975	154.534
252.963	127.961	154.526
252.957	127.962	154.530
252.953	127.969	154.529
252.953	127.969	154.530
252.954	127.961	154.525
252.944	127.976	154.533
252.972	127.945	154.518
252.944	127.977	154.533
252.953	127.969	154.529
252.955	127.966	154.521
252.960	127.960	154.520
252.941	127.989	154.537
252.954	127.969	154.529
252.940	127.983	154.532
252.960	127.960	154.520
252.953	127.975	154.534
252.969	127.958	154.522
252.959	127.968	154.525
252.965	127.965	154.521
252.956	127.973	154.524
252.949	127.981	154.534
252.958	127.967	154.526
252.965	127.970	154.526
252.951	127.979	154.525
252.956	127.972	154.525
252.971	127.955	154.514
252.956	127.967	154.520
252.964	127.972	154.526
252.970	127.963	154.518
252.952	127.979	154.524
252.978	127.950	154.519
252.956	127.991	154.530
252.969	127.958	154.522
252.966	127.976	154.522
252.968	127.966	154.526
252.964	127.973	154.526
252.953	127.990	154.525
252.964	127.972	154.526
252.970	127.964	154.517
252.970	127.963	154.518
252.968	127.966	154.526
252.969	127.957	154.523
252.955	127.986	154.535
252.958	127.981	154.535
252.943	127.990	154.542
252.978	127.950	154.519
252.963	127.967	154.530
252.954	127.969	154.529
252.968	127.965	154.527
252.963	127.967	154.530
252.959	127.973	154.530
252.953	127.983	154.538
252.969	127.958	154.522
252.963	127.967	154.531
252.967	127.955	154.526
252.963	127.967	154.531
252.963	127.961	154.526
252.959	127.973	154.530
252.966	127.954	154.527
252.963	127.962	154.525
252.967	127.955	154.526
252.957	127.970	154.534
252.974	127.949	154.531
252.937	127.999	154.550
252.969	127.958	154.522
252.967	127.954	154.526
252.960	127.963	154.535
252.961	127.958	154.529
252.963	127.961	154.526
252.959	127.974	154.529
252.957	127.976	154.539
252.963	127.961	154.526
252.775	128.251	154.578
252.967	127.955	154.526
252.949	127.989	154.538
252.957	127.976	154.539
252.957	127.970	154.534
252.963	127.961	154.526
252.956	127.973	154.525
252.963	127.961	154.525
252.950	127.982	154.533
252.961	127.971	154.521
252.963	127.961	154.526
252.959	127.974	154.530
252.944	127.977	154.533
252.965	127.964	154.522
252.957	127.977	154.521
252.969	127.958	154.522
252.955	127.966	154.521
252.953	127.969	154.530
252.950	127.976	154.529
252.952	127.979	154.525
252.953	127.983	154.538
252.952	127.979	154.524
252.954	127.969	154.529
252.945	127.988	154.533
252.955	127.966	154.521
252.961	127.971	154.521
252.946	127.974	154.524
252.959	127.960	154.521
252.969	127.952	154.518
252.971	127.949	154.509
252.955	127.966	154.521
252.948	127.985	154.524
252.946	127.988	154.533
252.950	127.982	154.533
252.955	127.966	154.521
252.952	127.979	154.525
252.965	127.965	154.521
252.955	127.980	154.530
252.952	127.979	154.524
252.957	127.977	154.521
252.954	127.979	154.530
252.953	127.976	154.516
252.957	127.978	154.520
252.963	127.969	154.513
252.961	127.971	154.521
252.957	127.978	154.520
252.955	127.972	154.525
252.955	127.966	154.521
252.942	127.995	154.533
252.959	127.973	154.530
252.955	127.980	154.529
252.955	127.980	154.530
252.964	127.958	154.517
252.949	127.981	154.534
252.955	127.972	154.526
252.961	127.971	154.522
252.965	127.965	154.521
252.952	127.979	154.525
252.959	127.974	154.530
252.966	127.954	154.526
252.955	127.980	154.530
252.959	127.960	154.521
252.955	127.966	154.521
252.959	127.973	154.530
252.956	127.970	154.534
252.959	127.960	154.521
252.944	127.976	154.533
252.951	127.971	154.538
252.960	127.966	154.526
252.953	127.969	154.529
252.967	127.954	154.526
252.962	127.961	154.526
252.951	127.971	154.538
252.959	127.960	154.521
252.949	127.981	154.534
252.959	127.968	154.525
252.953	127.969	154.529
252.963	127.967	154.530
252.950	127.982	154.533
252.961	127.964	154.534
252.963	127.961	154.526
252.976	127.946	154.523
252.966	127.954	154.526
252.965	127.964	154.522
252.967	127.954	154.526
252.953	127.968	154.530
252.967	127.954	154.526
252.947	127.984	154.542
252.980	127.946	154.527
252.961	127.970	154.539
252.967	127.955	154.526
252.963	127.967	154.530
252.961	127.963	154.534
252.959	127.973	154.530
252.966	127.968	154.535
252.962	127.961	154.526
252.967	127.954	154.526
252.963	127.967	154.531
252.959	127.974	154.530
252.959	127.973	154.530
252.959	127.974	154.530
252.972	127.953	154.523
252.959	127.960	154.521
252.943	127.990	154.542
252.974	127.957	154.518
252.979	127.936	154.510
252.968	127.952	154.518
252.969	127.958	154.522
252.974	127.957	154.518
252.973	127.946	154.518
252.965	127.965	154.522
252.958	127.970	154.516
252.956	127.973	154.525
252.969	127.958	154.522
252.982	127.937	154.515
252.961	127.971	154.521
252.965	127.964	154.522
252.955	127.980	154.530
252.957	127.969	154.517
252.965	127.965	154.521
252.961	127.971	154.522
252.956	127.972	154.525
252.967	127.962	154.513
252.962	127.957	154.512
252.969	127.958	154.522
252.952	127.979	154.524
252.959	127.960	154.521
252.955	127.980	154.530
252.964	127.958	154.517
252.984	127.935	154.506
252.956	127.973	154.525
252.973	127.945	154.518
252.947	127.993	154.529
252.967	127.962	154.513
252.946	127.988	154.533
252.953	127.969	154.529
252.959	127.973	154.530
252.959	127.959	154.521
252.954	127.980	154.530
252.959	127.960	154.521
252.948	127.986	154.524
252.950	127.982	154.533
252.955	127.966	154.521
252.946	127.988	154.533
252.949	127.975	154.529
252.959	127.959	154.521
252.961	127.971	154.521
252.954	127.974	154.525
252.960	127.960	154.521
252.942	127.987	154.528
252.949	127.975	154.529
252.953	127.969	154.529
252.962	127.961	154.526
252.946	127.974	154.525
252.951	127.973	154.520
252.949	127.976	154.529
252.957	127.956	154.525
252.959	127.960	154.521
252.963	127.961	154.526
252.940	127.983	154.533
252.969	127.952	154.517
252.969	127.952	154.517
252.957	127.957	154.525
252.953	127.969	154.530
252.953	127.969	154.529
252.959	127.974	154.529
252.949	127.975	154.529
252.963	127.961	154.525
252.972	127.959	154.527
252.953	127.969	154.529
252.959	127.974	154.530
252.954	127.969	154.529
252.967	127.955	154.526
252.954	127.969	154.529
252.955	127.980	154.529
252.946	127.988	154.533
252.959	127.968	154.525
252.966	127.968	154.535
252.962	127.969	154.530
252.955	127.980	154.530
252.951	127.986	154.529
252.949	127.975	154.529
252.952	127.976	154.534
252.955	127.980	154.529
252.950	127.982	154.533
252.939	127.997	154.542
252.959	127.974	154.530
252.971	127.953	154.523
252.946	127.988	154.533
252.955	127.980	154.530
252.949	127.981	154.534
252.963	127.967	154.530
252.959	127.968	154.525
252.958	127.973	154.531
252.969	127.952	154.517
252.945	127.988	154.533
252.956	127.972	154.525
252.952	127.979	154.524
252.969	127.958	154.522
252.965	127.965	154.521
252.952	127.979	154.525
252.952	127.979	154.524
252.969	127.952	154.517
252.954	127.977	154.515
252.956	127.973	154.525
252.955	127.980	154.529
252.959	127.974	154.530
252.964	127.972	154.526
252.961	127.971	154.522
252.964	127.973	154.526
252.978	127.950	154.519
252.961	127.971	154.521
252.955	127.980	154.529
252.950	127.981	154.533
252.965	127.965	154.522
252.959	127.973	154.530
252.959	127.974	154.529
252.968	127.966	154.526
252.955	127.981	154.529
252.959	127.974	154.530
252.958	127.981	154.534
252.969	127.952	154.518
252.965	127.965	154.522
252.965	127.964	154.522
252.982	127.938	154.514
252.957	127.970	154.534
252.964	127.973	154.526
252.961	127.971	154.522
252.959	127.973	154.530
252.959	127.967	154.525
252.963	127.961	154.526
252.959	127.965	154.526
252.965	127.965	154.521
252.953	127.983	154.538
252.959	127.974	154.530
252.965	127.958	154.517
252.960	127.960	154.521
252.973	127.946	154.518
252.965	127.959	154.517
252.959	127.960	154.521
252.960	127.960	154.520
252.949	127.981	154.534
252.966	127.951	154.512
252.960	127.960	154.521
252.948	127.970	154.533
252.953	127.969	154.529
252.957	127.962	154.530
252.965	127.951	154.513
252.957	127.962	154.530
252.950	127.981	154.534
252.967	127.954	154.526
252.964	127.954	154.521
252.971	127.948	154.526
252.963	127.961	154.526
252.953	127.969	154.529
252.957	127.970	154.534
252.957	127.962	154.530
252.961	127.970	154.539
252.957	127.956	154.525
252.954	127.969	154.529
252.953	127.969	154.529
252.956	127.970	154.534
252.953	127.983	154.538
252.950	127.982	154.533
252.963	127.961	154.526
252.958	127.967	154.526
252.957	127.962	154.530
252.950	127.982	154.533
252.955	127.980	154.529
252.949	127.981	154.534
252.959	127.960	154.521
252.963	127.967	154.530
252.956	127.970	154.534
252.955	127.980	154.530
252.967	127.954	154.526
252.950	127.982	154.533
252.950	127.982	154.533
252.969	127.958	154.522
252.946	127.988	154.533
252.955	127.980	154.529
252.964	127.972	154.527
252.959	127.968	154.525
252.951	127.979	154.525
252.965	127.965	154.521
252.955	127.972	154.526
252.954	127.969	154.529
252.765	128.274	154.574
252.955	127.980	154.529
252.962	127.961	154.526
252.955	127.980	154.530
252.948	127.986	154.524
252.961	127.971	154.521
252.958	127.970	154.516
252.959	127.975	154.512
252.944	127.998	154.529
252.961	127.972	154.520
252.970	127.964	154.517
252.960	127.979	154.526
252.942	127.995	154.532
252.960	127.978	154.526
252.955	127.981	154.529
252.951	127.993	154.533
252.966	127.970	154.518
252.955	127.980	154.530
252.956	127.991	154.530
252.947	127.999	154.533
252.955	127.980	154.530
252.964	127.972	154.526
252.955	127.986	154.534
252.951	127.987	154.529
252.957	127.978	154.520
252.961	127.971	154.521
252.961	127.971	154.521
252.964	127.972	154.526
252.969	127.952	154.517
252.965	127.964	154.522
252.942	127.995	154.532
252.965	127.958	154.517
252.948	127.989	154.538
252.974	127.957	154.518
252.945	127.988	154.533
252.945	127.996	154.537
252.953	127.969	154.530
252.965	127.964	154.522
252.958	127.967	154.526
252.951	127.979	154.525
252.959	127.959	154.521
252.968	127.952	154.518
252.963	127.961	154.525
252.978	127.944	154.514
252.946	127.988	154.533
252.965	127.965	154.521
252.959	127.968	154.525
252.963	127.961	154.526
252.963	127.967	154.531
252.963	127.967	154.530
252.957	127.976	154.539
252.959	127.974	154.530
252.959	127.974	154.530
252.958	127.967	154.526
252.966	127.954	154.526
252.953	127.969	154.529
252.962	127.961	154.526
252.968	127.966	154.527
252.969	127.958	154.522
252.962	127.975	154.535
252.959	127.974	154.530
252.956	127.970	154.534
252.963	127.961	154.526
252.960	127.963	154.535
252.959	127.974	154.530
252.963	127.961	154.526
252.963	127.967	154.530
252.968	127.966	154.526
252.968	127.966	154.526
252.963	127.967	154.530
252.955	127.980	154.530
252.959	127.974	154.530
252.961	127.971	154.521
252.953	127.983	154.538
252.953	127.983	154.538
252.949	127.989	154.538
252.950	127.981	154.533
252.969	127.958	154.522
252.952	127.979	154.525
252.968	127.951	154.518
252.955	127.980	154.530
252.955	127.980	154.529
252.955	127.981	154.529
252.959	127.960	154.521
252.956	127.972	154.525
252.952	127.979	154.525
252.974	127.957	154.518
252.961	127.971	154.521
252.960	127.966	154.525
252.959	127.974	154.529
252.964	127.972	154.526
252.963	127.967	154.531
252.949	127.995	154.542
252.957	127.978	154.521
252.955	127.972	154.526
252.970	127.963	154.518
252.955	127.980	154.530
252.965	127.965	154.521
252.955	127.980	154.530
252.954	127.975	154.534
252.965	127.965	154.521
252.959	127.974	154.530
252.964	127.972	154.526
252.955	127.980	154.529
252.959	127.973	154.530
252.965	127.965	154.521
252.968	127.966	154.527
252.969	127.958	154.522
252.965	127.965	154.522
252.974	127.957	154.518
252.956	127.972	154.525
252.974	127.957	154.518
252.978	127.950	154.519
252.949	127.976	154.529
252.955	127.980	154.530
252.969	127.958	154.522
252.956	127.972	154.525
252.963	127.961	154.526
252.964	127.958	154.518
252.956	127.972	154.525
252.950	127.982	154.533
252.958	127.962	154.529
252.958	127.962	154.529
252.958	127.963	154.529
252.958	127.962	154.529
252.950	127.981	154.534
252.963	127.961	154.526
252.959	127.959	154.522
252.950	127.981	154.534
252.973	127.952	154.522
252.957	127.962	154.530
252.952	127.976	154.534
252.949	127.976	154.529
252.953	127.968	154.530
252.959	127.973	154.530
252.956	127.972	154.525
252.949	127.975	154.529
252.973	127.945	154.518
252.950	127.981	154.534
252.970	127.956	154.530
252.953	127.969	154.529
252.963	127.967	154.531
252.962	127.961	154.526
252.956	127.970	154.534
252.959	127.974	154.530
252.959	127.960	154.521
252.964	127.958	154.517
252.967	127.954	154.526
252.787	128.234	154.570
252.636	128.416	154.637
252.949	127.975	154.529
252.945	127.988	154.533
252.959	127.974	154.530
252.963	127.961	154.526
252.974	127.950	154.514
252.955	127.980	154.529
252.952	127.979	154.524
252.967	127.962	154.513
252.965	127.964	154.522
252.965	127.964	154.522
252.959	127.974	154.529
252.955	127.966	154.521
252.961	127.971	154.521
252.952	127.979	154.525
252.952	127.979	154.525
252.965	127.965	154.522
252.955	127.980	154.530
252.965	127.959	154.517
252.961	127.971	154.521
252.965	127.965	154.522
252.971	127.955	154.513
252.957	127.978	154.521
252.957	127.978	154.521
252.956	127.972	154.525
252.941	127.994	154.533
252.962	127.961	154.526
252.956	127.972	154.525
252.951	127.978	154.525
252.961	127.971	154.522
252.950	127.981	154.534
252.937	128.001	154.532
252.952	127.979	154.525
252.958	127.987	154.539
252.967	127.976	154.521
252.955	127.980	154.530
252.970	127.963	154.518
252.949	127.981	154.534
252.949	127.989	154.538
252.960	127.979	154.526
252.951	127.987	154.529
252.955	127.981	154.529
252.955	127.986	154.534
252.960	127.979	154.526
252.968	127.966	154.526
252.958	127.973	154.531
252.957	127.978	154.521
252.959	127.974	154.530
252.980	127.948	154.509
252.968	127.966	154.526
252.959	127.974	154.530
252.961	127.971	154.521
252.974	127.956	154.519
252.955	127.980	154.529
252.968	127.965	154.527
252.959	127.974	154.530
252.970	127.964	154.517
252.959	127.973	154.530
252.969	127.958	154.522
252.953	127.969	154.529
252.959	127.974	154.530
252.962	127.961	154.526
252.966	127.954	154.527
252.967	127.955	154.526
252.775	128.253	154.570
252.650	128.409	154.647
252.976	127.946	154.523
252.968	127.952	154.518
252.960	127.960	154.521
252.961	127.964	154.534
252.969	127.952	154.518
252.951	127.971	154.539
252.972	127.959	154.527
252.967	127.954	154.526
252.957	127.970	154.534
252.956	127.970	154.534
252.969	127.958	154.522
252.966	127.954	154.527
252.959	127.960	154.521
252.964	127.958	154.518
252.952	127.976	154.534
252.966	127.954	154.527
252.960	127.966	154.525
252.962	127.961	154.526
252.761	128.272	154.586
252.658	128.390	154.634
252.963	127.967	154.530
252.953	127.977	154.533
252.953	127.969	154.529
252.963	127.961	154.526
252.963	127.967	154.530
252.955	127.966	154.521
252.953	127.969	154.529
252.963	127.961	154.526
252.949	127.981	154.534
252.956	127.973	154.525
252.950	127.982	154.533
252.956	127.972	154.525
252.962	127.963	154.517
252.965	127.965	154.522
252.959	127.967	154.525
252.949	127.975	154.529
252.975	127.943	154.509
252.957	127.964	154.512
252.959	127.960	154.521
252.953	127.975	154.534
252.961	127.965	154.517
252.965	127.951	154.513
252.959	127.974	154.530
252.946	127.988	154.533
252.968	127.952	154.518
252.950	127.981	154.533
252.945	127.982	154.529
252.948	127.978	154.520
252.948	127.986	154.524
252.951	127.973	154.520
252.946	127.988	154.533
252.941	127.994	154.533
252.955	127.966	154.520
252.969	127.952	154.518
252.940	127.983	154.532
252.951	127.972	154.521
252.945	127.987	154.534
252.945	127.988	154.533
252.932	128.002	154.536
252.961	127.971	154.521
252.955	127.972	154.526
252.952	127.979	154.525
252.948	127.985	154.524
252.955	127.980	154.529
252.974	127.956	154.519
252.961	127.971	154.521
252.958	127.970	154.516
252.971	127.950	154.509
252.955	127.980	154.529
252.965	127.965	154.522
252.970	127.963	154.518
252.958	127.967	154.526
252.946	127.988	154.533
252.949	127.981	154.534
252.961	127.971	154.522
252.956	127.972	154.525
252.945	127.988	154.533
252.959	127.960	154.521
252.961	127.971	154.522
252.959	127.974	154.530
252.946	127.988	154.533
252.943	127.990	154.542
252.959	127.973	154.530
252.956	127.972	154.525
252.959	127.968	154.525
252.965	127.965	154.522
252.961	127.971	154.522
252.955	127.980	154.530
252.965	127.958	154.517
252.946	127.988	154.533
252.965	127.964	154.522
252.972	127.954	154.522
252.953	127.983	154.538
252.962	127.961	154.526
252.963	127.967	154.531
252.949	127.989	154.538
252.953	127.983	154.538
252.948	127.989	154.538
252.947	127.992	154.546
252.949	127.989	154.538
252.966	127.954	154.527
252.953	127.983	154.538
252.963	127.961	154.526
252.968	127.966	154.527
252.958	127.981	154.534
252.968	127.965	154.527
252.963	127.967	154.531
252.957	127.976	154.539
252.959	127.973	154.530
252.965	127.964	154.522
252.955	127.980	154.530
252.950	127.981	154.534
252.959	127.973	154.530
252.961	127.972	154.521
252.968	127.966	154.526
252.961	127.977	154.526
252.964	127.972	154.526
252.953	127.983	154.538
252.965	127.965	154.521
252.959	127.973	154.530
252.965	127.965	154.522
252.965	127.965	154.522
252.952	127.982	154.539
252.972	127.961	154.509
252.949	127.995	154.542
252.961	127.971	154.521
252.959	127.974	154.530
252.952	127.979	154.525
252.951	127.992	154.534
252.952	127.979	154.525
252.961	127.971	154.521
252.951	127.978	154.525
252.949	127.981	154.534
252.959	127.973	154.530
252.968	127.966	154.527
252.961	127.971	154.522
252.975	127.949	154.514
252.956	127.973	154.524
252.959	127.974	154.530
252.957	127.984	154.525
252.958	127.970	154.516
252.963	127.962	154.525
252.959	127.973	154.530
252.951	127.992	154.534
252.947	127.985	154.525
252.949	127.975	154.529
252.955	127.966	154.520
252.956	127.972	154.525
252.961	127.971	154.521
252.967	127.962	154.513
252.961	127.965	154.516
252.969	127.952	154.517
252.961	127.971	154.521
252.966	127.957	154.517
252.953	127.969	154.529
252.956	127.972	154.525
252.953	127.969	154.529
252.964	127.953	154.521
252.966	127.951	154.512
252.965	127.965	154.522
252.954	127.961	154.525
252.959	127.960	154.521
252.956	127.973	154.524
252.949	127.975	154.529
252.960	127.966	154.525
252.950	127.982	154.533
252.963	127.953	154.521
252.953	127.968	154.530
252.963	127.953	154.521
252.943	127.990	154.542
252.967	127.941	154.517
252.951	127.971	154.538
252.963	127.953	154.521
252.954	127.969	154.529
252.955	127.962	154.524
252.944	127.977	154.533
252.957	127.962	154.530
252.947	127.984	154.542
252.972	127.939	154.514
252.954	127.969	154.529
252.948	127.970	154.533
252.959	127.960	154.521
252.965	127.958	154.517
252.953	127.969	154.529
252.944	127.977	154.533
252.969	127.944	154.513
252.947	127.984	154.542
252.957	127.962	154.530
252.957	127.962	154.529
252.965	127.959	154.517
252.959	127.967	154.525
252.954	127.961	154.525
252.958	127.963	154.529
252.953	127.968	154.530
252.967	127.955	154.526
252.963	127.953	154.522
252.970	127.950	154.517
252.958	127.967	154.526
252.772	128.258	154.576
252.959	127.968	154.525
252.946	127.988	154.532
252.969	127.952	154.518
252.959	127.974	154.530
252.959	127.974	154.530
252.972	127.959	154.527
252.959	127.967	154.525
252.961	127.965	154.516
252.969	127.952	154.517
252.958	127.967	154.526
252.959	127.974	154.530
252.941	128.000	154.538
252.936	127.996	154.536
252.959	127.973	154.530
252.955	127.966	154.520
252.953	127.983	154.538
252.951	127.987	154.529
252.959	127.974	154.530
252.961	127.971	154.521
252.945	127.988	154.533
252.974	127.956	154.519
252.955	127.980	154.530
252.965	127.965	154.522
252.957	127.978	154.521
252.970	127.963	154.518
252.967	127.962	154.513
252.955	127.980	154.529
252.952	127.979	154.524
252.964	127.972	154.526
252.952	127.979	154.525
252.957	127.983	154.526
252.965	127.965	154.522
252.954	127.980	154.530
252.947	127.999	154.533
252.961	127.971	154.521
252.954	127.988	154.534
252.955	127.980	154.529
252.968	127.966	154.526
252.961	127.971	154.522
252.955	127.980	154.530
252.952	127.979	154.525
252.951	127.993	154.533
252.951	127.993	154.533
252.953	127.983	154.538
252.956	127.972	154.525
252.957	127.978	154.521
252.974	127.956	154.518
252.961	127.971	154.522
252.968	127.966	154.526
252.962	127.960	154.526
252.968	127.966	154.526
252.964	127.972	154.526
252.952	127.982	154.539
252.959	127.973	154.530
252.963	127.961	154.526
252.950	127.986	154.530
252.955	127.980	154.529
252.764	128.266	154.580
252.952	127.979	154.525
252.949	127.981	154.534
252.758	128.279	154.579
252.968	127.952	154.518
252.969	127.952	154.517
252.943	127.990	154.542
252.944	127.991	154.541
252.963	127.967	154.530
252.956	127.972	154.525
252.959	127.973	154.530
252.963	127.967	154.530
252.962	127.960	154.527
252.957	127.978	154.521
252.958	127.963	154.529
252.963	127.967	154.531
252.969	127.958	154.522
252.949	127.981	154.534
252.959	127.974	154.529
252.955	127.972	154.525
252.961	127.971	154.521
252.969	127.952	154.518
252.959	127.960	154.521
252.982	127.938	154.514
252.959	127.974	154.530
252.953	127.968	154.530
252.959	127.974	154.529
252.957	127.962	154.530
252.950	127.982	154.533
252.969	127.943	154.514
252.953	127.975	154.534
252.972	127.953	154.523
252.963	127.961	154.526
252.950	127.981	154.533
252.962	127.961	154.526
252.965	127.959	154.517
252.967	127.954	154.526
252.969	127.952	154.518
252.955	127.966	154.521
252.954	127.980	154.530
252.948	127.986	154.524
252.959	127.974	154.530
252.761	128.280	154.575
252.645	128.403	154.637
252.949	127.981	154.534
252.949	127.975	154.529
252.979	127.936	154.510
252.944	127.976	154.533
252.965	127.964	154.522
252.973	127.946	154.517
252.946	127.988	154.533
252.969	127.958	154.522
252.961	127.971	154.521
252.960	127.960	154.521
252.967	127.961	154.514
252.967	127.968	154.517
252.961	127.957	154.512
252.965	127.965	154.521
252.964	127.958	154.517
252.971	127.955	154.513
252.952	127.979	154.524
252.965	127.964	154.522
252.963	127.961	154.526
252.961	127.957	154.512
252.965	127.965	154.521
252.958	127.967	154.526
252.954	127.969	154.529
252.952	127.979	154.525
252.955	127.981	154.529
252.969	127.959	154.521
252.952	127.979	154.525
252.973	127.945	154.518
252.959	127.974	154.529
252.954	127.975	154.534
252.961	127.971	154.521
252.955	127.980	154.529
252.959	127.967	154.525
252.968	127.952	154.518
252.953	127.968	154.530
252.950	127.982	154.533
252.959	127.960	154.521
252.779	128.246	154.571
252.640	128.418	154.634
252.950	127.981	154.533
252.962	127.961	154.526
252.953	127.974	154.534
252.963	127.953	154.521
252.954	127.975	154.534
252.950	127.981	154.533
252.951	127.968	154.524
252.953	127.983	154.538
252.963	127.961	154.526
252.963	127.953	154.522
252.969	127.958	154.522
252.955	127.980	154.530
252.954	127.975	154.534
252.976	127.946	154.523
252.958	127.970	154.517
252.969	127.952	154.518
252.959	127.974	154.530
252.965	127.965	154.522
252.963	127.967	154.530
252.963	127.961	154.526
252.962	127.975	154.535
252.963	127.967	154.531
252.965	127.965	154.522
252.968	127.966	154.526
252.945	127.988	154.533
252.953	127.983	154.538
252.955	127.980	154.530
252.959	127.973	154.530
252.961	127.971	154.522
252.961	127.971	154.521
252.962	127.975	154.534
252.974	127.956	154.518
252.961	127.971	154.521
252.955	127.980	154.530
252.965	127.965	154.521
252.967	127.962	154.513
252.961	127.971	154.521
252.970	127.963	154.518
252.944	127.998	154.528
252.955	127.980	154.529
252.957	127.984	154.525
252.952	127.979	154.524
252.970	127.963	154.518
252.961	127.971	154.521
252.942	128.001	154.537
252.961	127.971	154.522
252.964	127.972	154.526
252.760	128.282	154.573
252.658	128.399	154.637
252.974	127.957	154.518
252.959	127.974	154.530
252.961	127.971	154.521
252.957	127.978	154.520
252.959	127.974	154.530
252.956	127.972	154.525
252.970	127.963	154.518
252.961	127.971	154.521
252.961	127.971	154.522
252.957	127.983	154.526
252.952	127.985	154.529
252.968	127.966	154.526
252.953	127.990	154.525
252.964	127.972	154.526
252.959	127.973	154.530
252.959	127.974	154.530
252.959	127.974	154.530
252.961	127.971	154.521
252.949	127.989	154.538
252.961	127.971	154.521
252.955	127.980	154.530
252.961	127.971	154.522
252.959	127.974	154.530
252.964	127.973	154.526
252.968	127.966	154.527
252.959	127.974	154.529
252.955	127.980	154.529
252.956	127.972	154.525
252.959	127.974	154.530
252.959	127.974	154.530
252.961	127.971	154.522
252.950	127.981	154.534
252.954	127.980	154.530
252.965	127.964	154.522
252.959	127.973	154.530
252.959	127.974	154.530
252.951	127.979	154.525
252.953	127.969	154.529
252.957	127.962	154.530
252.940	127.989	154.537
252.953	127.969	154.530
252.953	127.969	154.529
252.965	127.964	154.522
252.956	127.970	154.534
252.963	127.953	154.521
252.947	127.978	154.538
252.951	127.968	154.524
252.956	127.970	154.534
252.957	127.962	154.529
252.967	127.955	154.526
252.943	127.984	154.537
252.957	127.962	154.530
252.953	127.969	154.529
252.959	127.973	154.530
252.967	127.954	154.526
252.957	127.970	154.534
252.964	127.958	154.518
252.954	127.969	154.529
252.973	127.945	154.518
252.971	127.948	154.527
252.968	127.965	154.527
