NO_OF_FRAMES	5000
NO_OF_DATA_TYPES	3
FREQUENCY	500
TIME_STAMP	2026-05-27, 16:00:49
DATA_INCLUDED	Position
DATA_TYPES	Unidentified [96067]_pos_X	Unidentified [96067]_pos_Y	Unidentified [96067]_pos_Z


257.117	130.989	84.242
257.150	130.838	84.256
257.170	130.719	84.277
257.254	130.485	84.288
257.265	130.456	84.269
257.241	130.516	84.264
257.198	130.629	84.257
257.129	130.842	84.242
257.055	131.116	84.248
256.950	131.571	84.291
256.873	132.050	84.285
256.782	132.708	84.317
256.657	133.490	84.361
256.555	134.335	84.373
256.230	134.751	84.288
256.066	134.588	84.286
256.162	134.530	84.299
256.288	134.622	84.343
256.412	134.691	84.396
256.415	134.638	84.459
256.457	134.553	84.486
256.471	134.383	84.494
256.497	134.251	84.477
256.480	134.163	84.432
256.510	133.995	84.362
256.502	133.886	84.330
256.528	133.724	84.312
256.581	133.515	84.297
256.595	133.329	84.305
256.679	133.033	84.295
256.732	132.800	84.336
256.805	132.514	84.348
256.901	132.183	84.320
256.943	131.893	84.302
256.961	131.665	84.304
257.015	131.409	84.289
257.116	131.148	84.267
257.169	131.006	84.275
257.206	130.910	84.278
257.242	130.846	84.264
257.275	130.817	84.242
257.247	130.870	84.228
257.207	130.987	84.215
257.144	131.174	84.200
257.052	131.485	84.210
256.984	131.800	84.204
256.908	132.256	84.253
256.820	132.796	84.290
256.716	133.444	84.350
256.582	134.207	84.448
256.382	134.722	84.450
256.139	134.601	84.462
256.201	134.499	84.462
256.320	134.507	84.485
256.452	134.609	84.493
256.502	134.625	84.506
256.499	134.605	84.486
256.547	134.436	84.417
256.543	134.298	84.389
256.563	134.151	84.343
256.565	133.990	84.296
256.585	133.801	84.248
256.633	133.568	84.234
256.655	133.358	84.240
256.678	133.098	84.274
256.765	132.799	84.306
256.841	132.511	84.341
256.905	132.213	84.386
257.000	131.875	84.398
257.061	131.584	84.414
257.114	131.278	84.421
257.192	130.965	84.390
257.204	130.834	84.428
257.232	130.706	84.433
257.250	130.635	84.405
257.274	130.585	84.377
257.247	130.637	84.381
257.243	130.696	84.341
257.207	130.856	84.299
257.151	131.070	84.271
257.022	131.464	84.268
256.960	131.850	84.232
256.877	132.399	84.242
256.782	133.045	84.251
256.641	133.818	84.280
256.491	134.647	84.330
256.133	134.639	84.244
256.084	134.546	84.346
256.209	134.513	84.403
256.347	134.662	84.474
256.413	134.697	84.530
256.436	134.623	84.562
256.500	134.544	84.591
256.539	134.392	84.573
256.598	134.279	84.521
256.626	134.136	84.448
256.580	134.030	84.414
256.582	133.883	84.376
256.597	133.684	84.374
256.588	133.502	84.384
256.628	133.239	84.388
256.672	132.963	84.393
256.725	132.709	84.397
256.852	132.340	84.335
256.944	131.970	84.282
257.004	131.663	84.256
257.042	131.344	84.233
257.132	130.989	84.206
257.192	130.735	84.210
257.248	130.529	84.243
257.289	130.371	84.296
257.309	130.306	84.351
257.349	130.224	84.369
257.344	130.250	84.411
257.326	130.348	84.432
257.306	130.475	84.411
257.234	130.746	84.408
257.167	131.085	84.352
257.040	131.611	84.339
256.916	132.238	84.308
256.817	132.966	84.265
256.624	133.946	84.267
256.388	134.801	84.259
255.980	134.614	84.160
255.967	134.570	84.250
256.065	134.678	84.330
256.150	134.849	84.394
256.230	134.716	84.421
256.328	134.625	84.461
256.418	134.552	84.506
256.466	134.502	84.498
256.497	134.362	84.421
256.483	134.295	84.352
256.428	134.259	84.320
256.448	134.111	84.274
256.433	134.000	84.292
256.452	133.848	84.311
256.544	133.586	84.325
256.582	133.379	84.357
256.684	133.081	84.349
256.786	132.782	84.348
256.857	132.473	84.332
256.934	132.105	84.291
256.982	131.802	84.283
257.003	131.550	84.279
257.083	131.238	84.255
257.124	131.030	84.268
257.159	130.896	84.270
257.219	130.744	84.249
257.241	130.672	84.252
257.252	130.656	84.243
257.218	130.726	84.225
257.150	130.863	84.245
257.110	131.036	84.225
257.022	131.321	84.221
256.946	131.725	84.240
256.902	132.157	84.230
256.810	132.752	84.256
256.725	133.452	84.267
256.596	134.250	84.289
256.393	134.788	84.235
256.158	134.603	84.199
256.197	134.525	84.268
256.334	134.499	84.337
256.448	134.589	84.403
256.488	134.642	84.492
256.455	134.617	84.529
256.439	134.467	84.527
256.419	134.342	84.479
256.444	134.217	84.407
256.435	134.111	84.347
256.484	133.945	84.293
256.498	133.791	84.266
256.519	133.598	84.254
256.580	133.362	84.282
256.670	133.064	84.258
256.757	132.779	84.290
256.824	132.516	84.294
256.927	132.174	84.274
256.985	131.869	84.266
256.998	131.648	84.288
257.087	131.339	84.254
257.154	131.095	84.254
257.213	130.907	84.264
257.238	130.782	84.261
257.292	130.655	84.241
257.254	130.665	84.262
257.264	130.666	84.235
257.223	130.753	84.240
257.140	130.935	84.265
257.070	131.172	84.288
256.997	131.500	84.314
256.902	131.951	84.367
256.794	132.550	84.432
256.748	133.158	84.434
256.612	133.927	84.506
256.456	134.697	84.542
256.095	134.651	84.456
256.092	134.545	84.434
256.224	134.542	84.424
256.376	134.642	84.414
256.446	134.662	84.424
256.439	134.633	84.405
256.501	134.496	84.365
256.532	134.314	84.337
256.580	134.189	84.313
256.567	134.045	84.279
256.581	133.855	84.246
256.606	133.673	84.259
256.628	133.474	84.293
256.649	133.259	84.329
256.717	132.993	84.350
256.787	132.743	84.378
256.880	132.463	84.411
256.988	132.134	84.405
257.024	131.844	84.384
257.052	131.575	84.366
257.107	131.290	84.341
257.128	131.116	84.336
257.154	130.981	84.329
257.178	130.908	84.331
257.203	130.856	84.312
257.201	130.887	84.304
257.193	130.965	84.284
257.182	131.064	84.264
257.133	131.271	84.250
257.052	131.586	84.256
256.979	131.926	84.231
256.879	132.397	84.232
256.796	132.945	84.234
256.698	133.600	84.276
256.554	134.394	84.357
256.307	134.789	84.351
256.131	134.640	84.403
256.209	134.591	84.471
256.392	134.559	84.500
256.486	134.681	84.567
256.502	134.672	84.600
256.534	134.602	84.577
256.579	134.471	84.542
256.609	134.330	84.473
256.612	134.234	84.414
256.572	134.133	84.371
256.569	133.967	84.332
256.611	133.732	84.298
256.610	133.538	84.290
256.665	133.274	84.271
256.731	132.966	84.257
256.789	132.694	84.266
256.872	132.392	84.260
256.963	132.034	84.252
257.022	131.733	84.259
257.060	131.422	84.283
257.121	131.116	84.299
257.160	130.887	84.343
257.220	130.693	84.391
257.240	130.612	84.445
257.277	130.543	84.469
257.285	130.538	84.473
257.280	130.601	84.475
257.282	130.686	84.433
257.224	130.890	84.395
257.142	131.177	84.339
257.045	131.580	84.292
256.939	132.071	84.262
256.825	132.708	84.250
256.691	133.466	84.247
256.511	134.368	84.274
256.213	134.816	84.215
255.983	134.617	84.225
256.020	134.609	84.325
256.170	134.697	84.385
256.280	134.825	84.415
256.304	134.740	84.460
256.369	134.661	84.488
256.461	134.538	84.508
256.504	134.472	84.472
256.558	134.364	84.406
256.507	134.337	84.365
256.483	134.254	84.322
256.485	134.117	84.314
256.480	133.983	84.336
256.507	133.788	84.364
256.558	133.557	84.389
256.641	133.260	84.379
256.733	132.964	84.379
256.797	132.686	84.359
256.891	132.322	84.309
256.948	131.965	84.263
256.998	131.646	84.236
257.038	131.347	84.200
257.089	131.066	84.193
257.160	130.853	84.189
257.199	130.709	84.209
257.284	130.551	84.204
257.291	130.522	84.231
257.310	130.506	84.223
257.301	130.571	84.229
257.245	130.738	84.246
257.185	130.940	84.245
257.109	131.281	84.267
257.024	131.701	84.268
256.931	132.245	84.272
256.849	132.893	84.260
256.751	133.643	84.253
256.576	134.544	84.276
256.224	134.794	84.174
256.071	134.641	84.232
256.179	134.560	84.282
256.298	134.648	84.363
256.363	134.754	84.414
256.354	134.696	84.456
256.351	134.662	84.496
256.364	134.515	84.482
256.414	134.378	84.411
256.466	134.238	84.340
256.470	134.104	84.266
256.465	134.008	84.257
256.470	133.860	84.244
256.508	133.659	84.237
256.559	133.461	84.279
256.650	133.167	84.260
256.738	132.875	84.279
256.862	132.550	84.255
256.921	132.270	84.258
256.992	131.931	84.232
257.014	131.678	84.238
257.096	131.377	84.214
257.154	131.113	84.209
257.195	130.940	84.228
257.248	130.756	84.214
257.262	130.674	84.240
257.272	130.616	84.238
257.259	130.631	84.242
257.219	130.708	84.252
257.176	130.821	84.244
257.101	131.058	84.248
256.986	131.415	84.277
256.894	131.837	84.301
256.821	132.362	84.316
256.735	132.993	84.334
256.645	133.733	84.361
256.471	134.670	84.422
256.149	134.743	84.282
256.090	134.611	84.292
256.189	134.604	84.317
256.338	134.677	84.325
256.439	134.739	84.385
256.417	134.701	84.428
256.448	134.607	84.455
256.464	134.427	84.439
256.512	134.269	84.399
256.514	134.144	84.358
256.517	133.988	84.315
256.542	133.831	84.288
256.575	133.637	84.282
256.594	133.458	84.299
256.664	133.198	84.290
256.723	132.932	84.302
256.799	132.661	84.302
256.892	132.349	84.310
256.959	132.044	84.276
256.981	131.790	84.290
257.004	131.561	84.289
257.067	131.291	84.265
257.129	131.108	84.253
257.202	130.948	84.242
257.213	130.908	84.255
257.220	130.897	84.255
257.224	130.933	84.247
257.223	131.007	84.223
257.161	131.157	84.220
257.087	131.413	84.210
257.006	131.715	84.197
256.948	132.098	84.203
256.864	132.612	84.226
256.733	133.260	84.293
256.649	133.933	84.346
256.502	134.709	84.449
256.153	134.772	84.409
256.135	134.656	84.459
256.242	134.606	84.492
256.369	134.699	84.509
256.480	134.763	84.532
256.491	134.712	84.517
256.518	134.625	84.483
256.545	134.438	84.427
256.563	134.330	84.378
256.584	134.177	84.308
256.568	134.021	84.274
256.598	133.810	84.222
256.629	133.585	84.201
256.640	133.377	84.216
256.683	133.122	84.238
256.777	132.808	84.237
256.849	132.531	84.287
256.938	132.202	84.309
257.007	131.883	84.343
257.059	131.593	84.349
257.107	131.315	84.380
257.161	131.052	84.378
257.192	130.892	84.397
257.208	130.806	84.432
257.230	130.770	84.441
257.264	130.734	84.404
257.231	130.810	84.383
257.204	130.933	84.354
257.167	131.098	84.302
257.080	131.395	84.288
257.003	131.743	84.263
256.908	132.200	84.251
256.813	132.777	84.239
256.670	133.519	84.271
256.530	134.313	84.296
256.288	134.897	84.288
256.035	134.710	84.278
256.080	134.652	84.339
256.225	134.685	84.401
256.366	134.790	84.433
256.393	134.797	84.482
256.409	134.733	84.513
256.473	134.614	84.531
256.546	134.424	84.487
256.574	134.340	84.439
256.566	134.233	84.397
256.551	134.120	84.355
256.574	133.931	84.322
256.599	133.713	84.329
256.590	133.548	84.364
256.658	133.257	84.348
256.703	132.985	84.369
256.775	132.687	84.352
256.860	132.369	84.327
256.949	131.992	84.255
256.982	131.701	84.237
257.039	131.385	84.220
257.115	131.061	84.189
257.175	130.828	84.189
257.220	130.667	84.222
257.266	130.534	84.239
257.295	130.462	84.272
257.314	130.437	84.295
257.318	130.462	84.319
257.290	130.583	84.336
257.227	130.793	84.335
257.183	131.059	84.300
257.074	131.523	84.306
256.976	132.036	84.300
256.872	132.713	84.282
256.735	133.525	84.276
256.546	134.486	84.276
256.231	134.835	84.143
256.012	134.638	84.168
256.058	134.654	84.254
256.189	134.771	84.324
256.247	134.846	84.390
256.262	134.755	84.421
256.339	134.670	84.450
256.409	134.577	84.465
256.450	134.500	84.428
256.455	134.444	84.351
256.420	134.378	84.309
256.410	134.294	84.264
256.393	134.195	84.259
256.412	134.045	84.260
256.447	133.858	84.283
256.533	133.619	84.297
256.644	133.356	84.304
256.747	133.036	84.280
256.830	132.740	84.270
256.891	132.438	84.258
256.959	132.093	84.222
257.006	131.785	84.209
257.023	131.558	84.229
257.075	131.323	84.239
257.138	131.101	84.248
257.178	130.951	84.245
257.219	130.843	84.243
257.234	130.785	84.228
257.219	130.809	84.228
257.183	130.890	84.224
257.139	131.006	84.198
257.025	131.273	84.219
256.948	131.594	84.236
256.897	131.937	84.231
256.816	132.474	84.264
256.776	133.025	84.259
256.647	133.750	84.288
256.539	134.543	84.310
256.268	134.851	84.220
256.166	134.659	84.210
256.208	134.636	84.263
256.360	134.609	84.310
256.458	134.721	84.395
256.507	134.729	84.449
256.473	134.690	84.469
256.429	134.546	84.465
256.421	134.406	84.440
256.441	134.260	84.376
256.443	134.148	84.345
256.482	133.983	84.308
256.520	133.790	84.281
256.571	133.550	84.259
256.624	133.327	84.260
256.693	133.068	84.278
256.797	132.751	84.269
256.848	132.499	84.290
256.924	132.172	84.269
256.981	131.876	84.267
257.003	131.649	84.274
257.058	131.397	84.273
257.145	131.146	84.251
257.188	130.998	84.253
257.222	130.879	84.255
257.242	130.812	84.248
257.235	130.805	84.225
257.211	130.846	84.215
257.162	130.975	84.203
257.134	131.128	84.184
257.030	131.462	84.217
256.945	131.853	84.236
256.871	132.328	84.271
256.793	132.922	84.303
256.703	133.633	84.356
256.550	134.486	84.438
256.246	134.882	84.415
256.050	134.752	84.448
256.133	134.682	84.446
256.270	134.740	84.457
256.400	134.850	84.479
256.412	134.803	84.478
256.457	134.720	84.432
256.476	134.594	84.410
256.495	134.487	84.394
256.567	134.290	84.293
256.550	134.160	84.254
256.543	134.005	84.221
256.553	133.815	84.201
256.579	133.600	84.231
256.622	133.372	84.262
256.694	133.093	84.288
256.765	132.804	84.338
256.845	132.529	84.379
256.925	132.235	84.406
256.989	131.914	84.394
257.027	131.654	84.396
257.095	131.362	84.381
257.122	131.184	84.371
257.132	131.078	84.363
257.152	131.016	84.362
257.196	130.963	84.317
257.192	131.008	84.304
257.176	131.113	84.283
257.124	131.296	84.278
257.036	131.560	84.277
257.000	131.814	84.224
256.907	132.219	84.214
256.840	132.709	84.210
256.736	133.318	84.230
256.583	134.047	84.272
256.448	134.808	84.338
256.147	134.826	84.262
256.085	134.761	84.357
256.204	134.705	84.400
256.333	134.799	84.450
256.414	134.863	84.528
256.450	134.770	84.540
256.500	134.687	84.558
256.529	134.538	84.532
256.549	134.447	84.488
256.562	134.331	84.438
256.557	134.178	84.376
256.570	133.996	84.348
256.592	133.780	84.331
256.605	133.549	84.332
256.643	133.313	84.312
256.718	132.990	84.300
256.796	132.681	84.284
256.848	132.386	84.285
256.944	132.017	84.237
257.012	131.691	84.215
257.037	131.408	84.226
257.092	131.119	84.237
257.176	130.837	84.235
257.215	130.662	84.292
257.253	130.546	84.332
257.294	130.462	84.369
257.278	130.490	84.411
257.288	130.523	84.417
257.272	130.634	84.420
257.241	130.806	84.392
257.155	131.132	84.362
257.063	131.588	84.331
256.930	132.160	84.315
256.831	132.823	84.265
256.681	133.672	84.259
256.481	134.671	84.256
256.083	134.865	84.134
255.953	134.682	84.197
256.004	134.732	84.286
256.136	134.878	84.338
256.207	134.917	84.396
256.247	134.829	84.436
256.334	134.755	84.476
256.461	134.625	84.474
256.471	134.571	84.436
256.470	134.487	84.381
256.438	134.425	84.326
256.440	134.319	84.289
256.433	134.192	84.276
256.432	134.053	84.280
256.480	133.839	84.299
256.543	133.615	84.334
256.615	133.369	84.349
256.729	133.045	84.335
256.814	132.747	84.316
256.886	132.415	84.284
256.943	132.073	84.239
257.009	131.746	84.212
257.039	131.506	84.210
257.086	131.253	84.208
257.141	131.055	84.219
257.215	130.876	84.203
257.221	130.821	84.220
257.264	130.739	84.192
257.235	130.793	84.206
257.205	130.870	84.197
257.161	131.013	84.191
257.065	131.293	84.213
256.998	131.614	84.212
256.908	132.054	84.223
256.834	132.603	84.242
256.751	133.229	84.242
256.619	134.003	84.273
256.505	134.778	84.275
256.172	134.845	84.158
256.102	134.745	84.238
256.180	134.711	84.307
256.303	134.751	84.377
256.416	134.829	84.424
256.398	134.844	84.502
256.384	134.765	84.517
256.368	134.614	84.491
256.402	134.461	84.418
256.404	134.364	84.358
256.412	134.237	84.313
256.441	134.080	84.281
256.478	133.862	84.243
256.527	133.635	84.251
256.589	133.398	84.269
256.667	133.111	84.269
256.777	132.812	84.278
256.822	132.560	84.295
256.911	132.235	84.270
256.977	131.912	84.249
257.020	131.665	84.257
257.086	131.391	84.242
257.155	131.166	84.238
257.192	131.007	84.243
257.236	130.874	84.218
257.224	130.837	84.234
257.226	130.820	84.216
257.177	130.906	84.229
257.153	131.008	84.218
257.077	131.216	84.230
257.010	131.514	84.251
256.897	131.932	84.296
256.810	132.440	84.351
256.742	133.021	84.355
256.638	133.740	84.408
256.494	134.593	84.471
256.155	134.965	84.435
256.026	134.794	84.420
256.093	134.764	84.409
256.258	134.821	84.404
256.323	134.921	84.440
256.358	134.860	84.435
256.417	134.781	84.399
256.462	134.618	84.382
256.503	134.480	84.338
256.498	134.381	84.296
256.496	134.211	84.258
256.477	134.100	84.253
256.488	133.922	84.261
256.556	133.669	84.273
256.566	133.480	84.321
256.658	133.187	84.336
256.764	132.874	84.350
256.817	132.645	84.391
256.892	132.367	84.394
256.959	132.036	84.360
256.973	131.790	84.351
257.002	131.553	84.330
257.027	131.400	84.336
257.099	131.222	84.302
257.122	131.162	84.306
257.148	131.139	84.278
257.136	131.192	84.275
257.126	131.294	84.269
257.072	131.460	84.267
257.026	131.664	84.252
256.959	131.943	84.222
256.895	132.323	84.217
256.796	132.828	84.225
256.725	133.371	84.227
256.602	134.037	84.268
256.483	134.774	84.334
256.210	134.897	84.274
256.126	134.801	84.357
256.214	134.749	84.426
256.350	134.797	84.479
256.460	134.901	84.532
256.488	134.855	84.541
256.510	134.797	84.554
256.513	134.645	84.493
256.547	134.490	84.429
256.537	134.390	84.401
256.537	134.234	84.345
256.511	134.102	84.334
256.556	133.863	84.309
256.569	133.639	84.297
256.643	133.358	84.286
256.707	133.072	84.280
256.794	132.749	84.264
256.865	132.452	84.266
256.955	132.091	84.245
257.007	131.781	84.237
257.049	131.485	84.256
257.125	131.156	84.263
257.161	130.945	84.300
257.206	130.776	84.347
257.249	130.639	84.377
257.263	130.607	84.418
257.267	130.612	84.438
257.270	130.636	84.429
257.252	130.751	84.405
257.194	130.970	84.367
257.126	131.246	84.322
256.995	131.715	84.312
256.913	132.212	84.265
256.820	132.851	84.232
256.664	133.672	84.240
256.472	134.642	84.273
256.102	134.950	84.171
255.953	134.765	84.219
256.034	134.751	84.299
256.165	134.891	84.364
256.253	134.975	84.415
256.275	134.886	84.463
256.375	134.784	84.489
256.443	134.720	84.532
256.466	134.657	84.487
256.497	134.566	84.424
256.471	134.494	84.360
256.431	134.429	84.331
256.438	134.293	84.308
256.453	134.114	84.312
256.486	133.923	84.348
256.521	133.707	84.397
256.612	133.431	84.402
256.722	133.095	84.374
256.783	132.794	84.353
256.846	132.491	84.331
256.944	132.092	84.253
256.969	131.800	84.235
257.011	131.515	84.213
257.057	131.259	84.198
257.124	131.029	84.208
257.163	130.894	84.205
257.212	130.780	84.208
257.255	130.710	84.208
257.237	130.745	84.231
257.210	130.832	84.233
257.165	130.974	84.227
257.090	131.215	84.236
257.017	131.565	84.257
256.960	131.941	84.240
256.845	132.540	84.277
256.767	133.165	84.273
256.623	133.953	84.281
256.489	134.795	84.289
256.145	134.933	84.192
256.026	134.818	84.258
256.152	134.735	84.310
256.245	134.830	84.385
256.317	134.944	84.459
256.317	134.878	84.489
256.313	134.826	84.506
256.317	134.677	84.467
256.331	134.609	84.442
256.379	134.469	84.348
256.394	134.344	84.302
256.437	134.187	84.258
256.426	134.037	84.243
256.486	133.800	84.246
256.518	133.604	84.278
256.628	133.308	84.269
256.727	133.006	84.274
256.816	132.707	84.278
256.882	132.418	84.271
256.947	132.074	84.244
257.002	131.788	84.237
257.050	131.534	84.245
257.105	131.298	84.235
257.161	131.092	84.241
257.193	130.957	84.238
257.217	130.861	84.244
257.216	130.832	84.262
257.236	130.808	84.247
257.164	130.918	84.252
257.095	131.091	84.268
257.005	131.341	84.277
256.940	131.687	84.294
256.848	132.129	84.314
256.743	132.726	84.343
256.667	133.394	84.372
256.537	134.200	84.400
256.356	135.029	84.461
256.055	134.882	84.290
256.030	134.821	84.297
256.163	134.800	84.314
256.312	134.928	84.333
256.328	135.027	84.435
256.374	134.892	84.410
256.386	134.792	84.449
256.404	134.624	84.434
256.459	134.454	84.403
256.473	134.323	84.353
256.458	134.182	84.328
256.457	134.045	84.314
256.492	133.860	84.319
256.574	133.595	84.309
256.614	133.381	84.327
256.698	133.090	84.322
256.770	132.803	84.334
256.846	132.510	84.337
256.920	132.189	84.307
256.960	131.908	84.286
256.966	131.714	84.306
257.003	131.526	84.302
257.079	131.313	84.285
257.148	131.166	84.271
257.167	131.143	84.276
257.180	131.128	84.271
257.204	131.150	84.245
257.172	131.272	84.238
257.100	131.482	84.227
257.060	131.678	84.194
256.958	132.020	84.187
256.874	132.470	84.230
256.790	133.003	84.260
256.683	133.615	84.308
256.576	134.329	84.383
256.354	135.050	84.484
256.095	134.884	84.441
256.125	134.797	84.482
256.248	134.775	84.527
256.370	134.904	84.554
256.441	134.949	84.566
256.427	134.911	84.549
256.468	134.780	84.491
256.489	134.585	84.429
256.510	134.464	84.384
256.538	134.300	84.323
256.526	134.132	84.285
256.533	133.946	84.256
256.584	133.685	84.230
256.622	133.447	84.237
256.680	133.176	84.245
256.767	132.857	84.270
256.819	132.605	84.324
256.918	132.266	84.342
256.974	131.949	84.361
257.025	131.672	84.397
257.080	131.386	84.398
257.104	131.188	84.421
257.153	131.023	84.427
257.196	130.924	84.445
257.226	130.878	84.417
257.220	130.903	84.399
257.222	130.945	84.364
257.161	131.123	84.344
257.115	131.320	84.316
256.990	131.667	84.301
256.941	132.006	84.264
256.839	132.524	84.248
256.722	133.156	84.242
256.589	133.909	84.268
256.446	134.729	84.315
256.153	134.979	84.227
255.997	134.833	84.294
256.082	134.816	84.355
256.221	134.881	84.404
256.323	135.004	84.462
256.323	134.957	84.507
256.392	134.873	84.526
256.475	134.692	84.501
256.509	134.597	84.481
256.548	134.476	84.428
256.512	134.384	84.385
256.513	134.250	84.357
256.519	134.069	84.328
256.527	133.876	84.354
256.546	133.648	84.364
256.601	133.376	84.367
256.677	133.078	84.365
256.725	132.801	84.368
256.815	132.470	84.319
256.878	132.126	84.278
256.960	131.761	84.214
256.999	131.471	84.207
257.051	131.192	84.191
257.128	130.946	84.199
257.163	130.809	84.220
257.199	130.697	84.260
257.221	130.650	84.301
257.270	130.598	84.311
257.263	130.656	84.336
257.241	130.782	84.345
257.161	131.026	84.340
257.087	131.373	84.338
256.989	131.821	84.326
256.879	132.409	84.321
256.792	133.090	84.277
256.634	133.958	84.267
256.457	134.934	84.272
256.032	134.975	84.135
255.955	134.840	84.207
256.030	134.878	84.289
256.122	135.043	84.367
256.154	135.062	84.430
256.217	134.951	84.462
256.312	134.866	84.483
256.373	134.767	84.484
256.397	134.706	84.427
256.390	134.638	84.369
256.358	134.577	84.313
256.353	134.489	84.291
256.355	134.375	84.277
256.382	134.203	84.292
256.444	133.976	84.296
256.492	133.767	84.329
256.584	133.505	84.343
256.696	133.191	84.325
256.801	132.847	84.296
256.841	132.564	84.302
256.898	132.234	84.275
256.965	131.882	84.252
256.993	131.671	84.279
257.030	131.457	84.283
257.099	131.211	84.274
257.142	131.084	84.272
257.160	131.006	84.265
257.175	130.962	84.251
257.164	130.996	84.242
257.138	131.063	84.219
257.051	131.260	84.221
256.983	131.516	84.239
256.907	131.829	84.242
256.839	132.242	84.239
256.771	132.796	84.250
256.715	133.420	84.261
256.612	134.142	84.267
256.444	134.985	84.306
256.143	134.995	84.176
256.090	134.900	84.238
256.193	134.836	84.317
256.339	134.861	84.374
256.410	134.976	84.467
256.414	134.970	84.527
256.391	134.878	84.549
256.383	134.699	84.514
256.365	134.612	84.486
256.387	134.508	84.405
256.403	134.361	84.336
256.412	134.243	84.309
256.432	134.033	84.265
256.473	133.804	84.255
256.550	133.552	84.277
256.634	133.280	84.279
256.729	132.964	84.287
256.815	132.652	84.266
256.849	132.392	84.282
256.929	132.059	84.261
256.988	131.795	84.255
257.028	131.582	84.264
257.087	131.357	84.269
257.122	131.202	84.275
257.163	131.066	84.254
257.174	131.008	84.252
257.181	130.990	84.237
257.116	131.094	84.247
257.093	131.184	84.225
257.026	131.401	84.257
256.929	131.724	84.300
256.883	132.061	84.295
256.775	132.590	84.348
256.697	133.197	84.390
256.607	133.878	84.434
256.457	134.735	84.502
256.157	135.042	84.448
256.014	134.891	84.436
256.084	134.848	84.421
256.250	134.869	84.392
256.341	134.993	84.425
256.358	134.980	84.426
256.392	134.906	84.402
256.400	134.762	84.374
256.453	134.601	84.348
256.468	134.471	84.298
256.480	134.319	84.279
256.488	134.133	84.258
256.509	133.936	84.267
256.574	133.680	84.293
256.596	133.484	84.343
256.666	133.214	84.365
256.777	132.900	84.375
256.824	132.664	84.434
256.928	132.350	84.414
256.974	132.046	84.374
256.993	131.783	84.362
256.991	131.604	84.346
257.028	131.432	84.341
257.073	131.298	84.325
257.093	131.237	84.316
257.096	131.240	84.311
257.103	131.279	84.290
257.090	131.396	84.270
257.044	131.562	84.269
256.976	131.802	84.254
256.934	132.088	84.230
256.840	132.538	84.231
256.755	133.032	84.240
256.626	133.674	84.274
256.536	134.352	84.303
256.362	135.082	84.379
256.094	134.963	84.310
256.101	134.893	84.406
256.198	134.868	84.476
256.318	134.989	84.545
256.410	135.027	84.584
256.408	134.973	84.591
256.450	134.892	84.582
256.482	134.719	84.531
256.491	134.627	84.472
256.532	134.428	84.393
256.508	134.309	84.345
256.505	134.161	84.330
256.510	133.951	84.318
256.556	133.683	84.283
256.617	133.421	84.282
256.674	133.126	84.271
256.774	132.795	84.273
256.845	132.497	84.276
256.932	132.154	84.256
256.983	131.831	84.265
257.037	131.509	84.280
257.097	131.225	84.311
257.139	131.018	84.357
257.190	130.859	84.401
257.231	130.768	84.451
257.258	130.715	84.464
257.260	130.740	84.475
257.244	130.802	84.462
257.199	130.968	84.434
257.147	131.185	84.382
257.045	131.546	84.347
256.947	131.963	84.301
256.829	132.522	84.276
256.708	133.219	84.262
256.576	134.010	84.248
256.392	134.960	84.284
255.982	135.052	84.181
255.924	134.880	84.239
255.982	134.938	84.334
256.097	135.103	84.390
256.171	135.139	84.448
256.218	135.032	84.475
256.291	134.966	84.532
256.390	134.856	84.520
256.429	134.771	84.464
256.446	134.684	84.411
256.408	134.603	84.346
256.367	134.553	84.336
256.357	134.443	84.341
256.389	134.242	84.341
256.401	134.064	84.381
256.482	133.791	84.394
256.593	133.501	84.381
256.684	133.193	84.361
256.754	132.878	84.331
256.845	132.538	84.286
256.893	132.203	84.255
256.965	131.851	84.209
256.987	131.599	84.187
257.046	131.335	84.182
257.081	131.156	84.201
257.134	131.005	84.212
257.178	130.911	84.226
257.214	130.865	84.235
257.206	130.899	84.241
257.175	130.994	84.241
257.141	131.153	84.250
257.046	131.445	84.274
256.986	131.768	84.282
256.900	132.225	84.279
256.838	132.756	84.263
256.717	133.483	84.292
256.584	134.276	84.294
256.434	135.089	84.282
256.067	135.019	84.181
256.026	134.931	84.254
256.149	134.866	84.315
256.241	134.992	84.373
256.273	135.100	84.463
256.265	135.020	84.481
256.300	134.894	84.470
256.293	134.760	84.441
256.320	134.677	84.412
256.337	134.566	84.348
256.378	134.419	84.300
256.385	134.271	84.266
256.409	134.085	84.257
256.457	133.845	84.255
256.502	133.644	84.277
256.619	133.328	84.264
256.722	133.014	84.264
256.777	132.761	84.281
256.849	132.458	84.260
256.918	132.124	84.224
256.988	131.825	84.228
257.017	131.610	84.231
257.083	131.376	84.227
257.151	131.139	84.223
257.154	131.041	84.242
257.184	130.948	84.251
257.174	130.929	84.262
257.173	130.931	84.244
257.122	131.035	84.258
257.094	131.166	84.243
256.983	131.471	84.266
256.906	131.827	84.287
256.820	132.281	84.295
256.763	132.819	84.297
256.631	133.576	84.345
256.515	134.406	84.386
256.328	135.171	84.403
256.030	134.961	84.250
256.024	134.931	84.281
256.188	134.887	84.300
256.319	135.056	84.339
256.353	135.079	84.416
256.344	135.008	84.440
256.385	134.842	84.455
256.406	134.689	84.455
256.453	134.546	84.407
256.441	134.437	84.359
256.447	134.299	84.322
256.444	134.164	84.309
256.466	133.986	84.313
256.504	133.786	84.298
256.601	133.490	84.292
256.656	133.237	84.300
256.738	132.941	84.318
256.791	132.672	84.320
256.856	132.365	84.299
256.899	132.071	84.273
256.945	131.830	84.258
256.985	131.650	84.282
257.006	131.515	84.288
257.075	131.367	84.283
257.121	131.290	84.268
257.131	131.274	84.250
257.141	131.314	84.243
257.096	131.431	84.234
257.063	131.578	84.224
257.004	131.795	84.196
256.913	132.132	84.207
256.827	132.579	84.227
256.751	133.074	84.246
256.618	133.724	84.322
256.520	134.424	84.397
256.344	135.131	84.472
256.067	135.009	84.422
256.082	134.913	84.455
256.179	134.900	84.476
256.302	135.053	84.514
256.378	135.117	84.535
256.380	135.055	84.509
256.446	134.917	84.466
256.452	134.760	84.405
256.508	134.591	84.347
256.502	134.449	84.304
256.508	134.292	84.252
256.514	134.114	84.237
256.537	133.885	84.235
256.556	133.671	84.255
256.647	133.375	84.263
256.723	133.074	84.281
256.793	132.781	84.325
256.874	132.490	84.375
256.950	132.154	84.386
257.004	131.849	84.383
257.027	131.613	84.394
257.086	131.368	84.403
257.106	131.227	84.414
257.146	131.128	84.408
257.176	131.062	84.383
257.145	131.111	84.384
257.147	131.146	84.362
257.109	131.274	84.322
257.008	131.538	84.316
256.970	131.774	84.275
256.896	132.131	84.233
256.785	132.653	84.250
256.698	133.245	84.248
256.561	133.969	84.277
256.426	134.763	84.297
256.157	135.168	84.253
255.973	134.985	84.289
256.052	134.922	84.347
256.165	135.010	84.425
256.287	135.143	84.484
256.292	135.123	84.543
256.358	135.010	84.538
256.415	134.876	84.546
256.449	134.754	84.507
256.475	134.665	84.482
256.496	134.492	84.398
256.484	134.381	84.370
256.478	134.208	84.363
256.486	134.014	84.356
256.518	133.770	84.372
256.554	133.528	84.383
256.635	133.221	84.373
256.727	132.879	84.338
256.791	132.581	84.313
256.872	132.223	84.253
256.935	131.885	84.217
256.955	131.625	84.228
257.023	131.334	84.204
257.095	131.085	84.203
257.146	130.934	84.233
257.185	130.831	84.283
257.218	130.772	84.329
257.255	130.746	84.344
257.238	130.808	84.360
257.192	130.970	84.387
257.151	131.194	84.373
257.061	131.561	84.358
256.943	132.034	84.359
256.858	132.599	84.318
256.756	133.296	84.268
256.583	134.167	84.262
256.412	135.105	84.268
255.973	135.064	84.130
255.930	134.931	84.195
256.009	134.977	84.277
256.111	135.140	84.347
256.158	135.137	84.400
256.175	135.077	84.437
256.276	134.989	84.472
256.337	134.895	84.477
256.370	134.821	84.420
256.366	134.749	84.362
256.346	134.661	84.310
256.323	134.614	84.298
256.342	134.472	84.285
256.349	134.332	84.299
256.406	134.104	84.318
256.464	133.882	84.341
256.574	133.606	84.337
256.669	133.306	84.318
256.777	132.957	84.298
256.826	132.667	84.291
256.873	132.339	84.272
256.933	132.012	84.250
256.973	131.764	84.253
257.009	131.576	84.277
257.062	131.371	84.258
257.104	131.233	84.256
257.145	131.125	84.254
257.147	131.095	84.225
257.167	131.087	84.203
257.092	131.216	84.207
257.042	131.380	84.202
256.949	131.645	84.205
256.917	131.930	84.208
256.821	132.400	84.225
256.759	132.929	84.235
256.690	133.553	84.241
256.555	134.311	84.265
256.434	135.090	84.272
256.100	135.084	84.181
256.092	134.939	84.230
256.194	134.886	84.296
256.300	134.963	84.385
256.375	135.074	84.467
256.355	135.099	84.541
256.348	134.972	84.536
256.331	134.805	84.501
256.340	134.678	84.436
256.356	134.580	84.383
256.353	134.472	84.336
256.405	134.279	84.277
256.421	134.094	84.258
256.448	133.888	84.257
256.524	133.630	84.274
256.628	133.329	84.265
256.725	133.016	84.269
256.791	132.727	84.262
256.856	132.431	84.269
256.925	132.111	84.243
256.982	131.835	84.237
257.018	131.641	84.265
257.076	131.413	84.256
257.114	131.247	84.247
257.161	131.113	84.245
257.170	131.069	84.236
257.146	131.068	84.225
257.125	131.126	84.220
257.063	131.274	84.227
257.022	131.455	84.221
256.952	131.735	84.245
256.846	132.163	84.287
256.750	132.700	84.342
256.678	133.300	84.365
256.574	134.039	84.424
256.396	134.959	84.515
256.084	135.135	84.418
255.962	135.017	84.428
256.065	134.960	84.400
256.212	135.050	84.391
256.276	135.166	84.446
256.286	135.124	84.436
256.350	135.042	84.414
256.412	134.835	84.363
256.465	134.690	84.329
256.450	134.594	84.278
256.438	134.460	84.254
256.429	134.335	84.257
256.467	134.118	84.252
256.482	133.929	84.288
256.550	133.673	84.320
256.611	133.432	84.351
256.724	133.122	84.347
256.789	132.866	84.384
256.869	132.567	84.387
256.910	132.292	84.369
256.939	132.022	84.353
256.944	131.816	84.345
256.971	131.668	84.336
257.015	131.533	84.322
257.030	131.487	84.325
257.052	131.474	84.312
257.068	131.500	84.291
257.023	131.634	84.298
257.024	131.728	84.260
257.009	131.897	84.228
256.911	132.246	84.230
256.840	132.632	84.212
256.735	133.136	84.233
256.639	133.678	84.243
256.513	134.361	84.293
256.456	135.026	84.332
256.143	135.130	84.297
256.092	135.010	84.363
256.170	134.993	84.456
256.269	135.092	84.531
256.410	135.130	84.541
256.426	135.106	84.574
256.465	135.024	84.560
256.441	134.912	84.535
256.488	134.725	84.452
256.515	134.576	84.384
256.490	134.458	84.355
256.466	134.330	84.339
256.504	134.102	84.305
256.529	133.866	84.290
256.593	133.587	84.287
256.651	133.323	84.281
256.771	132.963	84.266
256.834	132.671	84.264
256.915	132.344	84.247
256.962	132.012	84.257
257.021	131.698	84.272
257.042	131.455	84.316
257.126	131.175	84.339
257.173	130.988	84.377
257.199	130.893	84.426
257.237	130.815	84.444
257.244	130.824	84.458
257.224	130.876	84.454
257.195	130.998	84.421
257.146	131.194	84.378
257.060	131.509	84.328
256.949	131.919	84.299
256.840	132.464	84.274
256.740	133.108	84.237
256.588	133.942	84.250
256.421	134.872	84.264
256.033	135.228	84.187
255.866	135.031	84.232
255.949	135.010	84.306
256.094	135.146	84.359
256.138	135.262	84.450
256.186	135.172	84.501
256.273	135.085	84.531
256.381	134.980	84.543
256.404	134.911	84.501
256.416	134.808	84.427
256.389	134.724	84.372
256.336	134.672	84.348
256.355	134.525	84.329
256.375	134.365	84.334
256.379	134.177	84.379
256.420	133.953	84.410
256.525	133.676	84.419
256.609	133.374	84.386
256.711	133.043	84.362
256.801	132.713	84.305
256.863	132.387	84.254
256.909	132.024	84.221
256.956	131.742	84.176
257.005	131.499	84.185
257.058	131.280	84.194
257.118	131.102	84.206
257.173	130.983	84.205
257.173	130.969	84.231
257.164	130.995	84.250
257.162	131.060	84.258
257.113	131.204	84.255
257.037	131.472	84.292
256.961	131.798	84.305
256.878	132.238	84.292
256.804	132.759	84.284
256.718	133.434	84.284
256.576	134.241	84.287
256.429	135.124	84.292
256.067	135.138	84.172
256.001	135.008	84.240
256.076	134.990	84.320
256.185	135.108	84.383
256.268	135.166	84.437
256.215	135.141	84.483
256.258	135.029	84.491
256.279	134.866	84.453
256.317	134.767	84.406
256.327	134.688	84.339
256.336	134.579	84.288
256.340	134.462	84.266
256.377	134.259	84.229
256.403	134.080	84.256
256.456	133.866	84.270
256.546	133.594	84.283
256.634	133.315	84.293
256.758	132.970	84.265
256.807	132.692	84.267
256.877	132.358	84.240
256.917	132.062	84.218
256.970	131.807	84.222
257.029	131.562	84.230
257.072	131.352	84.225
257.118	131.183	84.246
257.141	131.076	84.252
257.141	131.038	84.265
257.144	131.025	84.260
257.112	131.099	84.265
257.063	131.228	84.253
256.977	131.502	84.271
256.887	131.824	84.281
256.813	132.217	84.278
256.736	132.763	84.302
256.643	133.424	84.326
256.518	134.220	84.371
256.370	135.122	84.419
256.063	135.159	84.252
256.003	135.031	84.260
256.098	135.020	84.290
256.225	135.159	84.342
256.271	135.266	84.436
256.277	135.184	84.470
256.310	135.076	84.501
256.345	134.876	84.472
256.390	134.743	84.456
256.409	134.613	84.392
256.410	134.483	84.336
256.403	134.377	84.327
256.430	134.216	84.309
256.461	134.025	84.295
256.502	133.804	84.299
256.570	133.537	84.302
256.642	133.265	84.316
256.746	132.944	84.301
256.791	132.681	84.298
256.842	132.368	84.276
256.897	132.097	84.260
256.939	131.875	84.265
256.976	131.720	84.284
257.015	131.608	84.296
257.047	131.518	84.300
257.079	131.463	84.277
257.080	131.482	84.264
257.077	131.539	84.242
257.041	131.649	84.220
256.983	131.829	84.205
256.910	132.110	84.197
256.838	132.502	84.211
256.777	132.943	84.228
256.679	133.519	84.280
256.550	134.196	84.354
256.387	135.006	84.462
256.142	135.261	84.413
256.028	135.085	84.432
256.109	135.017	84.439
256.217	135.082	84.472
256.335	135.213	84.502
256.371	135.189	84.499
256.373	135.168	84.475
256.375	135.007	84.429
256.430	134.811	84.369
256.435	134.681	84.336
256.442	134.522	84.275
256.462	134.347	84.237
256.479	134.156	84.228
256.532	133.889	84.221
256.581	133.647	84.237
256.666	133.357	84.265
256.739	133.046	84.309
256.857	132.706	84.318
256.900	132.436	84.347
256.960	132.111	84.376
256.998	131.850	84.388
257.002	131.644	84.408
257.078	131.408	84.404
257.135	131.248	84.383
257.133	131.194	84.391
257.149	131.161	84.377
257.154	131.164	84.345
257.106	131.284	84.337
257.063	131.442	84.303
256.977	131.704	84.293
256.927	131.967	84.248
256.832	132.402	84.239
256.769	132.907	84.221
256.620	133.630	84.263
256.497	134.396	84.288
256.368	135.178	84.318
255.972	135.173	84.250
255.995	135.019	84.309
256.074	135.048	84.401
256.192	135.222	84.475
256.257	135.272	84.533
256.288	135.170	84.554
256.325	135.121	84.591
256.416	134.929	84.548
256.466	134.818	84.506
256.456	134.720	84.459
256.449	134.596	84.399
256.445	134.444	84.369
256.453	134.272	84.358
256.457	134.061	84.347
256.489	133.830	84.373
256.554	133.558	84.365
256.631	133.251	84.351
256.706	132.941	84.330
256.802	132.610	84.276
256.892	132.223	84.218
256.943	131.894	84.195
256.971	131.644	84.220
257.021	131.377	84.224
257.086	131.144	84.246
257.168	130.965	84.273
257.208	130.854	84.317
257.236	130.810	84.369
257.263	130.792	84.388
257.246	130.839	84.403
257.213	130.965	84.387
257.140	131.226	84.383
257.075	131.573	84.354
256.957	132.041	84.350
256.832	132.642	84.317
256.734	133.345	84.277
256.577	134.227	84.250
256.397	135.180	84.245
255.911	135.171	84.135
255.884	135.040	84.200
255.969	135.085	84.279
256.066	135.270	84.348
256.114	135.229	84.387
256.157	135.202	84.467
256.265	135.095	84.498
256.349	135.014	84.501
256.350	134.922	84.432
256.350	134.824	84.368
256.330	134.736	84.299
256.316	134.662	84.286
256.307	134.557	84.286
256.323	134.402	84.309
256.380	134.182	84.315
256.424	133.960	84.341
256.547	133.662	84.347
256.642	133.375	84.338
256.757	133.010	84.295
256.808	132.712	84.273
256.858	132.393	84.254
256.932	132.037	84.218
256.968	131.796	84.221
256.981	131.617	84.243
257.017	131.452	84.254
257.093	131.259	84.233
257.136	131.155	84.210
257.144	131.131	84.208
257.114	131.187	84.203
257.088	131.291	84.201
257.010	131.475	84.203
256.938	131.738	84.221
256.909	132.034	84.189
256.809	132.547	84.220
256.744	133.109	84.223
256.631	133.809	84.253
256.525	134.569	84.265
256.359	135.281	84.266
256.045	135.132	84.170
256.041	135.063	84.232
256.159	135.037	84.318
256.281	135.161	84.401
256.303	135.264	84.503
256.304	135.199	84.513
256.294	135.080	84.531
256.278	134.925	84.497
256.312	134.801	84.434
256.292	134.713	84.374
256.315	134.583	84.325
256.349	134.404	84.284
256.377	134.193	84.259
256.423	133.971	84.258
256.455	133.754	84.293
256.585	133.432	84.289
256.682	133.121	84.275
256.771	132.813	84.274
256.796	132.583	84.290
256.884	132.252	84.261
256.980	131.917	84.226
256.991	131.754	84.268
257.043	131.571	84.274
257.084	131.411	84.275
257.128	131.272	84.245
257.137	131.224	84.238
257.130	131.233	84.248
257.083	131.332	84.253
257.032	131.477	84.260
256.952	131.696	84.286
256.899	131.965	84.292
256.798	132.398	84.334
256.708	132.900	84.370
256.648	133.515	84.398
256.512	134.284	84.461
256.379	135.126	84.520
256.065	135.196	84.392
255.974	135.071	84.395
256.059	135.053	84.386
256.182	135.190	84.399
256.304	135.243	84.410
256.310	135.227	84.413
256.346	135.128	84.402
256.374	134.939	84.366
256.422	134.795	84.335
256.454	134.641	84.290
256.422	134.531	84.280
256.448	134.357	84.270
256.446	134.188	84.300
256.485	133.962	84.318
256.557	133.695	84.344
256.644	133.441	84.358
256.747	133.127	84.358
256.838	132.823	84.372
256.861	132.567	84.377
256.900	132.280	84.360
256.936	132.006	84.338
256.936	131.838	84.332
256.984	131.669	84.324
256.990	131.596	84.326
257.028	131.529	84.312
257.056	131.512	84.286
257.046	131.571	84.288
257.027	131.686	84.282
257.003	131.828	84.248
256.974	132.011	84.220
256.882	132.381	84.213
256.814	132.773	84.206
256.703	133.308	84.232
256.574	133.934	84.267
256.467	134.610	84.322
256.322	135.302	84.384
256.063	135.164	84.325
256.080	135.079	84.429
256.166	135.086	84.501
256.269	135.241	84.564
256.351	135.262	84.589
256.367	135.195	84.578
256.418	135.095	84.545
256.430	134.940	84.503
256.454	134.809	84.435
256.466	134.664	84.369
256.436	134.534	84.335
256.450	134.380	84.307
256.490	134.128	84.268
256.526	133.880	84.257
256.558	133.646	84.268
256.643	133.346	84.258
256.758	132.993	84.243
256.824	132.700	84.264
256.892	132.385	84.270
256.961	132.034	84.280
256.984	131.766	84.328
257.023	131.523	84.363
257.115	131.244	84.378
257.129	131.140	84.425
257.168	131.047	84.444
257.179	131.027	84.462
257.197	131.048	84.449
257.206	131.109	84.397
257.161	131.286	84.363
257.067	131.560	84.335
256.959	131.895	84.303
256.881	132.314	84.252
256.780	132.868	84.226
256.643	133.601	84.240
256.492	134.415	84.246
256.289	135.300	84.303
255.915	135.181	84.186
255.888	135.097	84.277
256.025	135.078	84.333
256.122	135.313	84.409
256.173	135.324	84.459
256.200	135.240	84.500
256.298	135.118	84.505
256.349	135.028	84.510
256.401	134.943	84.441
256.419	134.858	84.378
256.377	134.778	84.326
256.358	134.689	84.317
256.349	134.569	84.326
256.365	134.408	84.344
256.383	134.208	84.366
256.460	133.940	84.380
256.577	133.627	84.356
256.646	133.361	84.351
256.742	132.992	84.302
256.815	132.653	84.256
256.876	132.299	84.215
256.924	131.983	84.188
256.964	131.737	84.181
257.022	131.506	84.191
257.072	131.303	84.210
257.121	131.174	84.222
257.164	131.076	84.222
257.191	131.044	84.231
257.183	131.098	84.242
257.120	131.233	84.266
257.063	131.426	84.278
256.983	131.728	84.299
256.944	132.028	84.265
256.817	132.563	84.290
256.771	133.115	84.273
256.661	133.809	84.268
256.509	134.643	84.280
256.317	135.378	84.258
255.973	135.200	84.182
255.984	135.105	84.253
256.078	135.119	84.321
256.233	135.223	84.366
256.238	135.297	84.449
256.207	135.240	84.468
256.223	135.117	84.482
256.248	134.947	84.436
256.291	134.855	84.379
256.293	134.766	84.326
256.321	134.628	84.266
256.343	134.488	84.249
256.371	134.297	84.229
256.383	134.126	84.266
256.482	133.847	84.249
256.568	133.587	84.267
256.665	133.309	84.277
256.759	132.991	84.252
256.810	132.698	84.244
256.866	132.398	84.227
256.944	132.070	84.197
256.967	131.862	84.210
257.025	131.647	84.220
257.059	131.491	84.235
257.115	131.317	84.223
257.112	131.255	84.253
257.123	131.237	84.253
257.092	131.281	84.248
257.038	131.389	84.262
256.967	131.596	84.278
256.905	131.829	84.270
256.827	132.168	84.267
256.750	132.635	84.293
256.698	133.155	84.292
256.555	133.888	84.339
256.420	134.694	84.379
256.273	135.389	84.380
255.989	135.213	84.271
256.028	135.115	84.266
256.139	135.123	84.287
256.277	135.274	84.348
256.303	135.308	84.425
256.276	135.258	84.453
256.307	135.088	84.445
256.302	134.935	84.444
256.348	134.796	84.404
256.357	134.666	84.358
256.393	134.499	84.317
256.394	134.358	84.311
256.431	134.135	84.302
256.476	133.903	84.292
256.535	133.663	84.314
256.638	133.351	84.303
256.723	133.050	84.303
256.782	132.779	84.311
256.834	132.494	84.288
256.873	132.206	84.272
256.898	131.981	84.284
256.942	131.853	84.266
256.985	131.703	84.261
257.007	131.617	84.267
257.043	131.565	84.258
257.050	131.556	84.255
257.048	131.590	84.229
257.053	131.613	84.248
257.030	131.734	84.190
256.967	131.971	84.181
256.870	132.337	84.207
256.784	132.800	84.219
256.685	133.362	84.261
256.554	134.039	84.321
256.444	134.779	84.411
256.237	135.417	84.458
255.984	135.199	84.414
256.031	135.126	84.448
256.145	135.149	84.492
256.267	135.313	84.525
256.322	135.319	84.548
256.346	135.230	84.508
256.380	135.108	84.469
256.406	134.931	84.417
256.441	134.798	84.341
256.464	134.618	84.285
256.447	134.474	84.246
256.463	134.290	84.216
256.481	134.077	84.220
256.508	133.830	84.217
256.584	133.556	84.243
256.653	133.280	84.270
256.759	132.944	84.297
256.834	132.637	84.326
256.893	132.342	84.356
256.943	132.033	84.367
256.964	131.793	84.392
257.019	131.576	84.397
257.060	131.414	84.417
257.104	131.309	84.411
257.117	131.274	84.393
257.131	131.298	84.375
257.088	131.411	84.367
257.050	131.561	84.342
257.004	131.758	84.306
256.951	132.009	84.261
256.844	132.438	84.267
256.760	132.913	84.235
256.637	133.567	84.257
256.503	134.296	84.271
256.381	135.088	84.297
256.034	135.352	84.252
255.939	135.159	84.289
256.030	135.111	84.345
256.139	135.262	84.423
256.261	135.356	84.479
256.260	135.318	84.520
256.293	135.243	84.533
256.341	135.109	84.541
256.408	134.955	84.498
256.432	134.852	84.449
256.433	134.695	84.374
256.428	134.586	84.355
256.424	134.431	84.345
256.434	134.217	84.355
256.463	133.985	84.368
256.498	133.739	84.374
256.616	133.408	84.368
256.700	133.066	84.325
256.754	132.795	84.309
256.831	132.430	84.249
256.912	132.052	84.194
256.958	131.773	84.191
257.019	131.507	84.176
257.039	131.329	84.218
257.090	131.159	84.233
257.157	131.021	84.251
257.180	130.985	84.294
257.196	130.958	84.312
257.174	131.041	84.337
257.161	131.175	84.341
257.086	131.423	84.345
256.996	131.789	84.338
256.906	132.238	84.326
256.806	132.819	84.300
256.687	133.540	84.278
256.511	134.444	84.282
256.345	135.347	84.267
255.910	135.298	84.131
255.854	135.192	84.220
255.968	135.191	84.278
256.069	135.384	84.357
256.078	135.396	84.419
256.134	135.310	84.452
256.206	135.240	84.495
256.275	135.130	84.477
256.283	135.086	84.435
256.308	134.969	84.349
256.293	134.888	84.298
256.296	134.794	84.261
256.291	134.683	84.262
256.293	134.559	84.280
256.359	134.344	84.300
256.403	134.121	84.327
256.521	133.839	84.329
256.605	133.551	84.314
256.735	133.196	84.277
256.771	132.893	84.254
256.825	132.590	84.241
256.893	132.255	84.215
256.917	132.004	84.226
256.963	131.809	84.244
257.007	131.623	84.259
257.054	131.489	84.257
257.078	131.411	84.246
257.085	131.391	84.242
257.062	131.403	84.222
257.032	131.495	84.214
256.963	131.670	84.211
256.901	131.893	84.201
256.850	132.194	84.205
256.792	132.619	84.203
256.686	133.209	84.227
256.576	133.876	84.256
256.471	134.594	84.275
256.345	135.358	84.287
255.999	135.364	84.200
256.024	135.188	84.236
256.122	135.135	84.296
256.251	135.205	84.377
256.306	135.319	84.468
256.342	135.299	84.507
256.300	135.205	84.513
256.274	135.026	84.487
256.269	134.925	84.454
256.278	134.811	84.400
256.302	134.678	84.350
256.336	134.530	84.309
256.372	134.312	84.271
256.415	134.087	84.267
256.470	133.831	84.270
256.563	133.567	84.274
256.659	133.242	84.278
256.760	132.911	84.254
256.802	132.653	84.261
256.875	132.340	84.244
256.936	132.060	84.219
256.959	131.856	84.255
257.019	131.667	84.266
257.075	131.506	84.245
257.087	131.416	84.252
257.113	131.341	84.237
257.087	131.367	84.237
257.076	131.410	84.213
257.027	131.553	84.211
256.951	131.766	84.228
256.899	132.025	84.239
256.811	132.451	84.282
256.720	132.963	84.323
256.638	133.598	84.369
256.509	134.349	84.426
256.384	135.168	84.499
256.041	135.347	84.396
255.956	135.169	84.406
256.031	135.166	84.416
256.154	135.273	84.428
256.254	135.368	84.461
256.268	135.332	84.461
256.309	135.256	84.423
256.335	135.078	84.372
256.383	134.934	84.342
256.425	134.766	84.270
256.411	134.617	84.239
256.407	134.491	84.239
256.445	134.266	84.247
256.462	134.059	84.283
256.522	133.810	84.320
256.632	133.498	84.327
256.711	133.219	84.355
256.796	132.924	84.377
256.853	132.661	84.399
256.882	132.404	84.400
256.946	132.080	84.346
256.943	131.901	84.349
256.968	131.743	84.339
256.997	131.647	84.325
257.022	131.600	84.319
257.036	131.606	84.311
257.026	131.652	84.303
256.995	131.779	84.292
256.987	131.904	84.245
256.951	132.126	84.228
256.854	132.502	84.230
256.765	132.934	84.227
256.663	133.479	84.231
256.537	134.108	84.261
256.425	134.793	84.298
256.269	135.429	84.334
256.021	135.272	84.285
256.049	135.183	84.371
256.131	135.245	84.467
256.272	135.367	84.523
256.335	135.348	84.554
256.317	135.331	84.580
256.365	135.207	84.555
256.343	135.127	84.528
256.434	134.932	84.443
256.410	134.827	84.405
256.413	134.675	84.343
256.413	134.508	84.328
256.431	134.304	84.308
256.460	134.067	84.315
256.527	133.778	84.290
256.595	133.506	84.288
256.682	133.198	84.273
256.791	132.827	84.248
256.834	132.547	84.240
256.915	132.179	84.213
256.949	131.898	84.232
256.954	131.691	84.296
257.035	131.445	84.319
257.114	131.224	84.330
257.135	131.156	84.376
257.157	131.113	84.398
257.175	131.129	84.414
257.163	131.211	84.422
257.116	131.375	84.405
257.038	131.624	84.377
256.974	131.924	84.324
256.873	132.358	84.287
256.762	132.920	84.264
256.615	133.638	84.254
256.474	134.458	84.247
256.320	135.325	84.251
255.893	135.374	84.155
255.865	135.196	84.216
255.959	135.204	84.288
256.074	135.415	84.377
256.121	135.452	84.433
256.165	135.368	84.493
256.261	135.256	84.495
256.309	135.192	84.513
256.351	135.121	84.472
256.366	135.025	84.409
256.349	134.927	84.326
256.324	134.845	84.302
256.317	134.721	84.302
256.298	134.615	84.339
256.332	134.409	84.375
256.395	134.156	84.394
256.502	133.858	84.380
256.578	133.589	84.369
256.681	133.242	84.326
256.767	132.906	84.277
256.820	132.596	84.250
256.860	132.267	84.213
256.917	131.959	84.182
256.961	131.734	84.186
256.993	131.575	84.205
257.047	131.428	84.222
257.050	131.362	84.257
257.088	131.309	84.253
257.123	131.289	84.222
257.083	131.410	84.243
257.019	131.576	84.258
256.991	131.772	84.249
256.937	132.083	84.248
256.830	132.562	84.287
256.780	133.062	84.261
256.654	133.742	84.270
256.508	134.533	84.285
256.377	135.341	84.293
256.006	135.417	84.197
255.954	135.258	84.243
256.070	135.195	84.318
256.171	135.292	84.384
256.227	135.405	84.456
256.202	135.367	84.485
256.187	135.325	84.515
256.212	135.123	84.453
256.249	134.991	84.391
256.278	134.894	84.324
256.316	134.742	84.265
256.307	134.645	84.252
256.361	134.419	84.219
256.385	134.238	84.243
256.438	134.008	84.265
256.531	133.717	84.269
256.626	133.428	84.278
256.717	133.133	84.269
256.791	132.805	84.252
256.834	132.525	84.244
256.913	132.203	84.218
256.969	131.935	84.217
257.022	131.702	84.217
257.050	131.556	84.240
257.076	131.415	84.237
257.101	131.315	84.245
257.129	131.229	84.234
257.103	131.256	84.234
257.050	131.364	84.248
256.993	131.527	84.250
256.949	131.747	84.241
256.861	132.086	84.257
256.769	132.556	84.268
256.687	133.117	84.298
256.602	133.780	84.305
256.457	134.621	84.368
256.292	135.441	84.402
255.958	135.321	84.255
255.973	135.200	84.251
256.094	135.188	84.282
256.205	135.374	84.347
256.273	135.421	84.405
256.239	135.372	84.465
256.285	135.226	84.472
256.288	135.061	84.461
256.365	134.886	84.404
256.372	134.761	84.349
256.362	134.641	84.307
256.364	134.505	84.306
256.397	134.312	84.292
256.444	134.096	84.287
256.467	133.895	84.305
256.558	133.600	84.302
256.655	133.303	84.298
256.723	133.008	84.311
256.788	132.716	84.289
256.798	132.466	84.286
256.850	132.201	84.261
256.912	131.975	84.257
256.932	131.843	84.280
256.978	131.731	84.293
257.029	131.657	84.280
257.055	131.622	84.267
257.049	131.660	84.258
257.028	131.740	84.241
257.012	131.868	84.199
256.936	132.104	84.202
256.873	132.420	84.181
256.778	132.838	84.210
256.666	133.381	84.251
256.573	133.956	84.282
256.433	134.673	84.378
256.309	135.399	84.461
256.002	135.369	84.394
256.002	135.226	84.425
256.082	135.238	84.473
256.211	135.335	84.504
256.319	135.398	84.514
256.333	135.356	84.490
256.321	135.307	84.487
256.339	135.148	84.440
256.379	134.993	84.372
256.403	134.821	84.311
256.401	134.666	84.265
256.415	134.493	84.230
256.442	134.287	84.230
256.484	134.042	84.228
256.535	133.775	84.249
256.618	133.492	84.258
256.729	133.149	84.293
256.808	132.836	84.305
256.852	132.569	84.358
256.900	132.264	84.368
256.957	131.969	84.384
256.969	131.769	84.410
257.004	131.618	84.421
257.089	131.433	84.396
257.081	131.417	84.396
257.122	131.369	84.368
257.075	131.474	84.360
257.031	131.603	84.343
256.992	131.771	84.300
256.938	132.003	84.268
256.838	132.377	84.257
256.765	132.820	84.232
256.642	133.454	84.257
256.518	134.139	84.262
256.395	134.905	84.287
256.147	135.573	84.296
255.883	135.330	84.259
255.955	135.242	84.322
256.068	135.290	84.395
256.178	135.484	84.466
256.224	135.454	84.518
256.247	135.387	84.536
256.315	135.250	84.526
256.337	135.144	84.523
256.392	135.018	84.476
256.405	134.863	84.415
256.376	134.760	84.372
256.383	134.596	84.348
256.411	134.382	84.342
256.429	134.162	84.349
256.454	133.917	84.365
256.560	133.597	84.364
256.615	133.311	84.357
256.732	132.939	84.300
256.798	132.625	84.255
256.867	132.263	84.208
256.928	131.936	84.186
256.961	131.697	84.198
257.002	131.489	84.203
257.068	131.289	84.214
257.118	131.149	84.231
257.155	131.077	84.281
257.173	131.065	84.315
257.141	131.149	84.348
257.128	131.248	84.346
257.077	131.458	84.341
256.984	131.799	84.352
256.904	132.219	84.339
256.807	132.752	84.311
256.694	133.436	84.297
256.527	134.306	84.286
256.371	135.226	84.278
255.970	135.521	84.171
255.822	135.290	84.193
255.888	135.293	84.268
255.990	135.478	84.351
256.041	135.529	84.411
256.104	135.404	84.434
256.160	135.356	84.487
256.245	135.259	84.498
256.244	135.216	84.473
256.305	135.072	84.369
256.290	134.970	84.295
256.281	134.897	84.259
256.276	134.801	84.251
256.271	134.672	84.270
256.278	134.531	84.320
256.377	134.242	84.316
256.463	133.991	84.331
256.553	133.710	84.331
256.677	133.371	84.298
256.754	133.032	84.268
256.815	132.697	84.240
256.868	132.379	84.226
256.896	132.124	84.210
256.947	131.891	84.237
256.973	131.740	84.275
257.018	131.605	84.268
257.066	131.479	84.244
257.063	131.457	84.242
257.083	131.433	84.229
257.019	131.550	84.228
256.981	131.665	84.198
256.914	131.892	84.207
256.860	132.156	84.199
256.766	132.602	84.219
256.705	133.115	84.221
256.597	133.772	84.263
256.490	134.501	84.277
256.380	135.293	84.291
256.041	135.473	84.201
255.976	135.301	84.232
256.050	135.264	84.306
256.196	135.267	84.366
256.307	135.369	84.446
256.290	135.397	84.516
256.257	135.347	84.549
256.228	135.199	84.541
256.234	135.048	84.485
256.274	134.900	84.403
256.289	134.778	84.339
256.319	134.641	84.303
256.332	134.462	84.265
256.382	134.220	84.246
256.425	134.002	84.273
256.498	133.749	84.273
256.626	133.408	84.273
256.707	133.101	84.263
256.780	132.802	84.255
256.829	132.526	84.248
256.878	132.235	84.241
256.924	132.006	84.245
256.989	131.787	84.250
257.030	131.649	84.266
257.065	131.528	84.260
257.082	131.460	84.248
257.064	131.468	84.243
257.052	131.496	84.230
256.998	131.628	84.221
256.949	131.790	84.233
256.896	132.038	84.243
256.792	132.463	84.285
256.720	132.928	84.317
256.621	133.560	84.371
256.489	134.290	84.418
256.367	135.105	84.500
256.085	135.525	84.451
255.924	135.312	84.414
255.973	135.294	84.412
256.093	135.366	84.423
256.209	135.466	84.430
256.239	135.438	84.435
256.275	135.374	84.421
256.305	135.224	84.376
256.365	135.039	84.341
256.383	134.891	84.281
256.402	134.703	84.233
256.411	134.563	84.219
256.392	134.436	84.259
256.429	134.217	84.291
256.479	133.979	84.314
256.536	133.720	84.349
256.626	133.441	84.367
256.751	133.119	84.359
256.795	132.869	84.394
256.838	132.590	84.385
256.870	132.314	84.359
256.878	132.105	84.352
256.910	131.921	84.333
256.919	131.828	84.345
256.956	131.755	84.335
256.981	131.729	84.317
256.993	131.742	84.290
256.988	131.828	84.279
256.969	131.952	84.250
256.890	132.202	84.241
256.835	132.485	84.214
256.758	132.869	84.210
256.668	133.381	84.223
256.537	133.990	84.253
256.440	134.622	84.279
256.326	135.383	84.342
256.012	135.502	84.307
255.955	135.376	84.382
256.059	135.327	84.452
256.176	135.418	84.523
256.286	135.470	84.556
256.289	135.433	84.573
256.325	135.356	84.559
256.357	135.212	84.517
256.366	135.118	84.468
256.391	134.977	84.405
256.380	134.831	84.362
256.372	134.686	84.332
256.387	134.481	84.307
256.419	134.255	84.297
256.452	134.019	84.290
256.487	133.770	84.315
256.651	133.368	84.263
256.706	133.088	84.272
256.795	132.742	84.250
256.845	132.449	84.260
256.906	132.084	84.251
256.928	131.859	84.319
256.991	131.620	84.337
257.043	131.432	84.380
257.100	131.297	84.396
257.114	131.256	84.425
257.131	131.240	84.444
257.156	131.274	84.418
257.131	131.373	84.392
257.053	131.601	84.367
256.969	131.868	84.326
256.878	132.253	84.292
256.781	132.756	84.263
256.665	133.411	84.243
256.510	134.182	84.244
256.354	135.044	84.253
256.044	135.601	84.211
255.806	135.346	84.218
255.849	135.312	84.284
256.007	135.392	84.368
256.102	135.554	84.444
256.117	135.482	84.489
256.216	135.363	84.509
256.268	135.324	84.552
256.322	135.228	84.506
256.341	135.171	84.469
256.335	135.069	84.403
256.322	134.961	84.339
256.309	134.843	84.343
256.276	134.746	84.379
256.306	134.560	84.406
256.343	134.342	84.438
256.411	134.084	84.438
256.503	133.782	84.423
256.597	133.478	84.389
256.734	133.068	84.309
256.769	132.775	84.281
256.839	132.419	84.231
256.880	132.104	84.195
256.909	131.874	84.188
256.951	131.661	84.211
256.981	131.526	84.235
257.038	131.399	84.238
257.105	131.284	84.234
257.087	131.322	84.263
257.094	131.354	84.256
257.054	131.496	84.281
257.001	131.700	84.298
256.944	131.970	84.282
256.854	132.390	84.286
256.781	132.907	84.306
256.689	133.528	84.300
256.540	134.324	84.307
256.416	135.144	84.301
256.092	135.599	84.228
255.897	135.380	84.235
255.975	135.284	84.278
256.094	135.335	84.362
256.168	135.469	84.422
256.163	135.464	84.491
256.160	135.404	84.503
256.166	135.262	84.493
256.185	135.144	84.449
256.245	135.008	84.358
256.287	134.851	84.281
256.272	134.771	84.264
256.288	134.625	84.255
256.328	134.421	84.249
256.373	134.219	84.274
256.443	133.957	84.282
256.534	133.682	84.287
256.651	133.374	84.287
256.731	133.061	84.272
256.810	132.719	84.240
256.844	132.447	84.236
256.913	132.125	84.220
256.956	131.878	84.228
256.975	131.716	84.270
257.029	131.530	84.267
257.029	131.435	84.287
257.063	131.334	84.271
257.050	131.339	84.279
257.048	131.346	84.260
256.980	131.503	84.276
256.924	131.695	84.261
256.857	131.964	84.262
256.754	132.384	84.280
256.656	132.913	84.307
256.602	133.507	84.316
256.438	134.344	84.347
256.334	135.204	84.386
256.035	135.607	84.294
255.892	135.379	84.257
255.949	135.348	84.265
256.114	135.412	84.323
256.223	135.510	84.382
256.222	135.482	84.468
256.219	135.421	84.516
256.229	135.248	84.529
256.270	135.107	84.504
256.291	134.968	84.443
256.297	134.838	84.384
256.310	134.721	84.344
256.352	134.558	84.303
256.379	134.357	84.274
256.399	134.155	84.286
256.461	133.893	84.286
256.535	133.621	84.321
256.635	133.293	84.298
256.703	133.007	84.287
256.736	132.730	84.278
256.784	132.449	84.265
256.838	132.192	84.260
256.920	131.962	84.247
256.951	131.846	84.278
256.978	131.766	84.291
257.008	131.711	84.295
257.013	131.698	84.271
257.030	131.694	84.240
257.011	131.782	84.215
256.945	131.961	84.207
256.882	132.219	84.194
256.795	132.591	84.225
256.726	132.994	84.246
256.598	133.597	84.311
256.474	134.268	84.384
256.360	135.006	84.469
256.175	135.600	84.497
255.951	135.392	84.429
255.946	135.360	84.478
256.068	135.379	84.491
256.219	135.473	84.477
256.266	135.494	84.499
256.284	135.459	84.477
256.305	135.325	84.421
256.340	135.147	84.380
256.369	134.999	84.317
256.404	134.797	84.236
256.387	134.671	84.231
256.438	134.456	84.212
256.439	134.251	84.219
256.485	133.990	84.240
256.565	133.710	84.285
256.671	133.381	84.307
256.755	133.078	84.344
256.815	132.789	84.378
256.842	132.530	84.425
256.920	132.207	84.401
256.946	131.982	84.412
256.989	131.794	84.403
257.008	131.651	84.390
257.037	131.562	84.370
257.034	131.526	84.359
257.032	131.552	84.346
257.020	131.624	84.325
256.980	131.762	84.300
256.948	131.925	84.252
256.850	132.260	84.244
256.800	132.632	84.222
256.700	133.151	84.231
256.565	133.819	84.239
256.456	134.528	84.268
256.323	135.363	84.323
255.956	135.569	84.260
255.880	135.371	84.317
255.976	135.340	84.391
256.092	135.488	84.492
256.211	135.534	84.544
256.231	135.479	84.566
256.273	135.409	84.594
256.309	135.268	84.582
256.355	135.158	84.524
256.382	135.028	84.462
256.376	134.889	84.401
256.374	134.749	84.372
256.365	134.588	84.370
256.380	134.381	84.363
256.415	134.121	84.351
256.449	133.869	84.362
256.538	133.558	84.346
256.636	133.225	84.317
256.721	132.882	84.283
256.790	132.555	84.242
256.870	132.189	84.197
256.918	131.887	84.188
256.952	131.681	84.225
257.006	131.483	84.263
257.039	131.346	84.312
257.109	131.210	84.334
257.126	131.205	84.382
257.150	131.221	84.402
257.138	131.320	84.400
257.077	131.535	84.418
257.019	131.802	84.396
256.934	132.181	84.368
256.834	132.694	84.320
256.697	133.347	84.285
256.560	134.120	84.259
256.391	135.007	84.239
256.075	135.650	84.206
255.793	135.394	84.168
255.804	135.395	84.261
255.922	135.482	84.333
256.012	135.626	84.399
256.057	135.526	84.407
256.111	135.480	84.470
256.212	135.378	84.496
256.233	135.309	84.481
256.273	135.210	84.414
256.285	135.099	84.328
256.261	135.011	84.281
256.266	134.905	84.268
256.274	134.766	84.273
256.268	134.637	84.318
256.333	134.425	84.347
256.406	134.164	84.362
256.504	133.864	84.356
256.583	133.575	84.355
256.701	133.213	84.307
256.736	132.897	84.293
256.784	132.583	84.266
256.832	132.268	84.239
256.894	132.007	84.229
256.945	131.783	84.224
256.994	131.649	84.231
257.009	131.551	84.238
257.033	131.477	84.233
257.043	131.475	84.233
257.010	131.537	84.228
256.960	131.661	84.220
256.923	131.827	84.201
256.882	132.086	84.194
256.816	132.481	84.208
256.732	132.980	84.231
256.646	133.582	84.239
256.508	134.330	84.273
256.423	135.073	84.258
256.164	135.657	84.230
255.911	135.477	84.235
255.977	135.373	84.277
256.091	135.388	84.368
256.229	135.481	84.437
256.258	135.511	84.514
256.227	135.475	84.538
256.185	135.381	84.545
256.202	135.212	84.489
256.216	135.119	84.427
256.234	134.970	84.348
256.264	134.817	84.288
256.268	134.670	84.265
256.310	134.463	84.250
256.324	134.269	84.282
256.410	134.003	84.287
256.514	133.722	84.292
256.638	133.394	84.287
256.745	133.053	84.254
256.801	132.762	84.242
256.839	132.503	84.252
256.895	132.235	84.251
256.951	131.990	84.246
257.014	131.792	84.233
257.017	131.705	84.272
257.044	131.600	84.256
257.055	131.555	84.236
257.034	131.589	84.245
256.995	131.671	84.260
256.952	131.789	84.257
256.895	132.001	84.275
256.791	132.355	84.313
256.716	132.798	84.344
256.626	133.328	84.371
256.509	133.996	84.423
256.375	134.778	84.484
256.223	135.571	84.555
255.928	135.488	84.394
255.911	135.384	84.384
255.995	135.408	84.404
256.134	135.533	84.400
256.218	135.571	84.421
256.212	135.545	84.433
256.287	135.413	84.396
256.295	135.235	84.362
256.343	135.069	84.335
256.362	134.912	84.280
256.355	134.768	84.283
256.365	134.597	84.278
256.387	134.420	84.300
256.426	134.185	84.313
256.490	133.918	84.330
256.598	133.627	84.354
256.704	133.330	84.358
256.773	133.028	84.357
256.813	132.746	84.344
256.821	132.500	84.349
256.854	132.230	84.327
256.891	132.016	84.322
256.906	131.900	84.314
256.923	131.825	84.317
256.971	131.769	84.304
257.000	131.745	84.273
256.982	131.818	84.274
256.995	131.904	84.254
256.920	132.117	84.244
256.870	132.369	84.231
256.796	132.717	84.212
256.705	133.171	84.223
256.577	133.764	84.252
256.476	134.417	84.287
256.357	135.151	84.343
256.135	135.656	84.363
255.939	135.451	84.388
255.971	135.412	84.467
256.107	135.437	84.541
256.214	135.569	84.592
256.238	135.549	84.606
256.243	135.511	84.615
256.308	135.382	84.568
256.313	135.281	84.517
256.358	135.148	84.431
256.352	134.993	84.379
256.346	134.827	84.326
256.348	134.664	84.298
256.378	134.447	84.282
256.405	134.216	84.281
256.471	133.954	84.274
256.572	133.636	84.269
256.653	133.322	84.262
256.783	132.944	84.247
256.807	132.665	84.275
256.850	132.360	84.299
256.927	132.029	84.315
256.940	131.834	84.374
256.993	131.639	84.402
257.045	131.509	84.429
257.068	131.441	84.446
257.127	131.389	84.430
257.097	131.474	84.435
257.061	131.605	84.410
257.009	131.777	84.377
256.949	132.012	84.330
256.853	132.385	84.290
256.786	132.795	84.228
256.662	133.416	84.234
256.501	134.155	84.243
256.338	134.964	84.262
256.130	135.652	84.265
255.798	135.491	84.237
255.827	135.411	84.300
255.940	135.464	84.370
256.054	135.640	84.413
256.102	135.619	84.484
256.124	135.546	84.506
256.213	135.435	84.530
256.258	135.323	84.510
256.298	135.243	84.459
256.331	135.090	84.377
256.300	135.011	84.340
256.305	134.873	84.321
256.310	134.717	84.329
256.321	134.548	84.356
256.373	134.309	84.360
256.446	134.035	84.364
256.518	133.756	84.363
256.631	133.430	84.325
256.709	133.089	84.285
256.759	132.766	84.252
256.821	132.422	84.220
256.874	132.121	84.190
256.932	131.859	84.174
256.951	131.698	84.198
257.012	131.541	84.223
257.033	131.470	84.246
257.055	131.412	84.259
257.093	131.378	84.260
257.062	131.463	84.266
257.020	131.593	84.282
256.968	131.811	84.291
256.890	132.133	84.289
256.806	132.580	84.291
256.743	133.069	84.273
256.610	133.785	84.278
256.482	134.560	84.284
256.345	135.436	84.285
255.959	135.663	84.194
255.841	135.491	84.240
255.911	135.462	84.304
256.052	135.544	84.358
256.121	135.623	84.412
256.084	135.586	84.477
256.108	135.525	84.499
256.136	135.355	84.476
256.199	135.231	84.420
256.228	135.114	84.348
256.242	134.992	84.275
256.233	134.897	84.252
256.263	134.733	84.233
256.267	134.590	84.252
256.325	134.374	84.263
256.389	134.128	84.277
256.471	133.869	84.290
256.585	133.566	84.281
256.675	133.252	84.257
256.775	132.877	84.207
256.818	132.610	84.210
256.856	132.338	84.201
256.905	132.111	84.201
256.958	131.897	84.215
256.978	131.785	84.235
257.017	131.658	84.247
257.022	131.633	84.265
257.029	131.611	84.246
256.971	131.702	84.274
256.932	131.810	84.256
256.902	131.972	84.232
256.820	132.275	84.238
256.738	132.688	84.258
256.632	133.200	84.293
256.539	133.805	84.306
256.409	134.567	84.358
256.312	135.361	84.386
256.007	135.674	84.290
255.879	135.509	84.280
255.957	135.457	84.297
256.109	135.491	84.317
256.236	135.570	84.353
256.243	135.567	84.408
256.239	135.513	84.443
256.230	135.347	84.444
256.257	135.206	84.432
256.276	135.053	84.381
256.295	134.895	84.335
256.296	134.760	84.316
256.322	134.584	84.325
256.368	134.351	84.296
256.419	134.121	84.305
256.484	133.860	84.309
256.571	133.564	84.302
256.670	133.236	84.306
256.735	132.927	84.295
256.758	132.672	84.291
256.798	132.425	84.293
256.866	132.155	84.265
256.915	131.969	84.275
256.955	131.855	84.278
256.993	131.763	84.287
257.010	131.730	84.282
257.025	131.734	84.264
257.036	131.763	84.229
256.985	131.902	84.213
256.958	132.062	84.179
256.852	132.403	84.185
256.782	132.782	84.195
256.682	133.321	84.245
256.562	133.939	84.276
256.441	134.648	84.350
256.313	135.451	84.437
255.969	135.662	84.393
255.899	135.489	84.447
255.994	135.424	84.465
256.100	135.541	84.522
256.239	135.604	84.521
256.244	135.581	84.529
256.272	135.504	84.496
256.294	135.347	84.462
256.349	135.173	84.390
256.368	135.042	84.336
256.391	134.845	84.264
256.371	134.704	84.236
256.381	134.514	84.224
256.406	134.281	84.232
256.459	134.032	84.240
256.495	133.782	84.274
256.605	133.481	84.302
256.724	133.113	84.301
256.788	132.822	84.331
256.811	132.570	84.379
256.867	132.268	84.380
256.908	132.024	84.397
256.939	131.854	84.407
256.993	131.694	84.405
256.992	131.662	84.407
257.016	131.651	84.399
257.025	131.696	84.382
257.005	131.778	84.353
256.947	131.975	84.328
256.885	132.233	84.288
256.774	132.618	84.289
256.745	132.980	84.228
256.595	133.615	84.242
256.456	134.324	84.264
256.352	135.039	84.275
256.133	135.707	84.290
255.828	135.560	84.265
255.878	135.472	84.320
255.996	135.512	84.403
256.130	135.640	84.446
256.180	135.638	84.504
256.185	135.592	84.535
256.254	135.459	84.539
256.298	135.327	84.513
256.332	135.228	84.488
256.333	135.104	84.437
256.353	134.924	84.367
256.328	134.801	84.375
256.356	134.590	84.351
256.371	134.389	84.367
256.429	134.104	84.366
256.448	133.874	84.386
256.576	133.524	84.348
256.653	133.198	84.308
256.716	132.855	84.267
256.788	132.530	84.232
256.861	132.179	84.186
256.903	131.912	84.188
256.946	131.686	84.192
256.966	131.544	84.240
257.030	131.391	84.243
257.062	131.318	84.298
257.111	131.250	84.317
257.105	131.308	84.342
257.082	131.414	84.353
257.010	131.635	84.371
256.944	131.927	84.359
256.857	132.336	84.350
256.776	132.831	84.312
256.682	133.485	84.279
256.499	134.343	84.282
256.340	135.275	84.278
255.991	135.772	84.205
255.754	135.539	84.208
255.790	135.521	84.270
255.918	135.652	84.334
255.993	135.736	84.388
256.023	135.634	84.437
256.078	135.596	84.486
256.154	135.511	84.516
256.207	135.411	84.455
256.220	135.333	84.393
256.224	135.230	84.310
256.193	135.172	84.269
256.224	135.023	84.256
256.231	134.881	84.246
256.250	134.740	84.285
256.307	134.531	84.327
256.379	134.288	84.323
256.474	134.015	84.324
256.581	133.689	84.300
256.673	133.367	84.270
256.743	133.018	84.234
256.796	132.701	84.220
256.819	132.445	84.226
256.886	132.162	84.215
256.928	131.999	84.245
256.972	131.836	84.246
257.019	131.718	84.236
257.009	131.699	84.248
257.019	131.677	84.234
256.988	131.729	84.215
256.942	131.841	84.202
256.879	132.042	84.196
256.801	132.321	84.210
256.760	132.677	84.207
256.670	133.172	84.221
256.569	133.785	84.238
256.457	134.483	84.266
256.355	135.230	84.282
256.146	135.741	84.224
255.895	135.595	84.224
255.953	135.504	84.266
256.118	135.441	84.321
256.216	135.527	84.405
256.271	135.572	84.475
256.233	135.578	84.524
256.207	135.447	84.521
256.184	135.318	84.487
256.207	135.179	84.399
256.221	135.049	84.340
256.236	134.916	84.317
256.280	134.736	84.259
256.289	134.573	84.267
256.346	134.321	84.247
256.404	134.081	84.289
256.479	133.813	84.298
256.624	133.454	84.274
256.697	133.155	84.259
256.749	132.846	84.250
256.801	132.577	84.253
256.837	132.336	84.255
256.904	132.091	84.265
256.963	131.900	84.253
256.971	131.815	84.278
257.020	131.681	84.248
257.025	131.659	84.248
257.001	131.699	84.238
256.964	131.768	84.215
256.936	131.898	84.208
256.869	132.124	84.217
256.792	132.472	84.253
256.716	132.895	84.278
256.613	133.492	84.340
256.480	134.192	84.405
256.365	134.943	84.467
256.204	135.690	84.522
255.882	135.568	84.416
255.885	135.457	84.418
255.996	135.451	84.438
256.136	135.591	84.434
256.210	135.617	84.454
256.221	135.580	84.421
256.246	135.480	84.395
256.287	135.312	84.350
256.331	135.163	84.300
256.334	135.008	84.249
256.362	134.826	84.207
256.378	134.639	84.206
256.385	134.470	84.237
256.413	134.250	84.296
256.458	133.997	84.331
256.541	133.712	84.358
256.641	133.415	84.375
256.757	133.080	84.376
256.815	132.788	84.387
256.834	132.528	84.364
256.848	132.307	84.366
256.874	132.097	84.352
256.907	131.953	84.344
256.925	131.890	84.337
256.968	131.822	84.319
256.973	131.845	84.293
256.949	131.940	84.295
256.953	132.042	84.257
256.884	132.288	84.257
256.840	132.538	84.230
256.765	132.914	84.221
256.654	133.430	84.234
256.548	134.017	84.236
256.429	134.650	84.247
256.296	135.440	84.320
256.007	135.730	84.292
255.870	135.595	84.343
255.980	135.531	84.398
256.111	135.579	84.464
256.214	135.666	84.526
256.234	135.614	84.563
256.274	135.538	84.553
256.300	135.441	84.541
256.328	135.331	84.492
256.336	135.238	84.442
256.322	135.094	84.376
256.331	134.928	84.334
256.356	134.720	84.309
256.340	134.561	84.330
256.390	134.327	84.325
256.450	134.035	84.309
256.543	133.722	84.298
256.608	133.428	84.295
256.722	133.052	84.251
256.772	132.731	84.243
256.817	132.412	84.229
256.879	132.095	84.217
256.929	131.849	84.253
256.961	131.713	84.320
257.005	131.568	84.345
257.049	131.472	84.377
257.067	131.448	84.391
257.102	131.453	84.398
257.065	131.579	84.396
257.007	131.772	84.399
256.951	132.014	84.363
256.872	132.378	84.320
256.783	132.838	84.267
256.646	133.476	84.258
256.496	134.245	84.264
256.337	135.092	84.257
256.083	135.815	84.241
255.777	135.580	84.179
255.772	135.545	84.256
255.894	135.600	84.327
255.992	135.786	84.386
256.045	135.716	84.438
256.098	135.634	84.470
256.189	135.546	84.515
256.202	135.477	84.499
256.266	135.381	84.435
256.282	135.271	84.362
256.271	135.177	84.287
256.251	135.091	84.279
256.267	134.946	84.270
256.262	134.803	84.306
256.296	134.617	84.348
256.384	134.334	84.352
256.463	134.063	84.357
256.569	133.726	84.333
256.638	133.427	84.312
256.709	133.070	84.271
256.783	132.717	84.224
256.793	132.468	84.220
256.855	132.171	84.205
256.921	131.944	84.196
256.934	131.803	84.205
257.005	131.646	84.204
257.009	131.609	84.222
257.017	131.596	84.221
257.013	131.624	84.217
256.962	131.735	84.218
256.936	131.879	84.194
256.886	132.127	84.209
256.802	132.517	84.209
256.730	132.968	84.232
256.627	133.591	84.253
256.501	134.298	84.281
256.401	135.036	84.264
256.203	135.774	84.257
255.858	135.677	84.211
255.882	135.549	84.263
255.995	135.540	84.344
256.124	135.627	84.407
256.176	135.661	84.477
256.138	135.654	84.535
256.111	135.578	84.542
256.129	135.414	84.491
256.173	135.294	84.415
256.228	135.125	84.315
256.242	134.994	84.265
256.264	134.821	84.232
256.260	134.680	84.231
256.303	134.483	84.255
256.375	134.235	84.279
256.445	133.973	84.288
256.589	133.623	84.269
256.660	133.347	84.268
256.755	132.992	84.237
256.800	132.722	84.240
256.853	132.453	84.242
256.909	132.193	84.227
256.967	131.973	84.232
257.014	131.818	84.234
257.028	131.726	84.231
257.041	131.668	84.236
257.000	131.712	84.248
257.013	131.729	84.236
256.938	131.862	84.245
256.885	132.047	84.257
256.807	132.362	84.277
256.725	132.759	84.306
256.633	133.271	84.337
256.499	133.933	84.382
256.382	134.661	84.416
256.285	135.451	84.471
255.951	135.741	84.390
255.855	135.548	84.349
255.905	135.537	84.361
256.050	135.617	84.378
256.194	135.677	84.382
256.199	135.667	84.409
256.210	135.599	84.403
256.230	135.423	84.383
256.276	135.268	84.352
256.305	135.105	84.316
256.309	134.953	84.287
256.337	134.764	84.259
256.320	134.633	84.290
256.342	134.440	84.321
256.414	134.162	84.311
256.496	133.902	84.334
256.604	133.611	84.358
256.707	133.292	84.325
256.772	132.991	84.318
256.787	132.741	84.319
256.807	132.484	84.319
256.849	132.255	84.309
256.881	132.083	84.310
256.934	131.951	84.285
256.961	131.892	84.294
256.973	131.887	84.285
256.998	131.879	84.258
256.960	132.009	84.269
256.939	132.158	84.237
256.872	132.402	84.227
256.822	132.663	84.192
256.722	133.091	84.193
256.596	133.643	84.234
256.498	134.243	84.255
256.390	134.904	84.309
256.262	135.671	84.382
255.929	135.732	84.338
255.907	135.597	84.411
256.010	135.558	84.476
256.116	135.667	84.539
256.231	135.711	84.552
256.238	135.663	84.565
256.272	135.585	84.536
256.294	135.447	84.509
256.331	135.317	84.436
256.336	135.216	84.386
256.338	135.038	84.315
256.347	134.857	84.272
256.329	134.705	84.266
256.340	134.497	84.272
256.395	134.246	84.271
256.466	133.955	84.270
256.560	133.648	84.264
256.658	133.335	84.268
256.744	132.979	84.264
256.791	132.683	84.280
256.826	132.377	84.303
256.884	132.096	84.343
256.918	131.904	84.380
256.960	131.761	84.414
256.994	131.656	84.426
257.030	131.602	84.450
257.034	131.611	84.441
257.032	131.665	84.420
257.012	131.765	84.372
256.952	131.963	84.357
256.880	132.268	84.307
256.772	132.685	84.279
256.693	133.174	84.250
256.548	133.846	84.248
256.393	134.631	84.249
256.269	135.463	84.272
255.911	135.817	84.219
255.741	135.629	84.262
255.848	135.591	84.323
255.955	135.727	84.395
256.068	135.805	84.434
256.084	135.718	84.487
256.166	135.632	84.513
256.232	135.544	84.546
256.289	135.458	84.481
256.296	135.409	84.434
256.278	135.318	84.373
256.266	135.236	84.345
256.250	135.107	84.339
256.240	134.966	84.371
256.252	134.803	84.394
256.301	134.574	84.420
256.378	134.314	84.421
256.448	134.027	84.392
256.568	133.677	84.353
256.635	133.348	84.308
256.721	132.990	84.245
256.756	132.676	84.221
256.796	132.381	84.190
256.834	132.121	84.192
256.910	131.885	84.198
256.962	131.737	84.209
256.995	131.657	84.250
257.021	131.593	84.263
257.026	131.603	84.287
257.011	131.663	84.285
256.986	131.766	84.301
256.952	131.963	84.296
256.874	132.265	84.297
256.770	132.712	84.326
256.716	133.190	84.290
256.620	133.803	84.274
256.458	134.593	84.288
256.317	135.424	84.293
256.034	135.849	84.207
255.816	135.645	84.217
255.854	135.591	84.290
255.987	135.628	84.361
256.085	135.746	84.401
256.100	135.711	84.441
256.081	135.682	84.475
256.086	135.550	84.461
256.148	135.378	84.417
256.184	135.310	84.370
256.232	135.127	84.284
256.248	135.006	84.253
256.271	134.845	84.239
256.292	134.677	84.239
256.320	134.488	84.270
256.377	134.247	84.279
256.474	133.969	84.290
256.569	133.682	84.289
256.685	133.327	84.255
256.742	133.012	84.238
256.803	132.692	84.211
256.855	132.418	84.208
256.896	132.144	84.216
256.949	131.926	84.215
256.978	131.799	84.245
256.976	131.700	84.278
256.987	131.626	84.276
256.997	131.610	84.267
256.969	131.657	84.258
256.930	131.745	84.235
256.890	131.909	84.211
256.823	132.186	84.226
256.719	132.628	84.258
256.618	133.160	84.277
256.528	133.782	84.304
256.403	134.566	84.329
256.288	135.428	84.369
256.026	135.821	84.256
255.820	135.672	84.259
255.885	135.625	84.285
256.014	135.679	84.324
256.140	135.763	84.392
256.162	135.714	84.451
256.161	135.640	84.503
256.157	135.507	84.524
256.180	135.379	84.499
256.234	135.230	84.430
256.230	135.108	84.367
256.258	134.965	84.302
256.271	134.819	84.279
256.272	134.677	84.274
256.310	134.467	84.292
256.371	134.205	84.291
256.458	133.930	84.301
256.566	133.622	84.300
256.638	133.324	84.283
256.697	133.026	84.263
256.742	132.758	84.256
256.801	132.502	84.244
256.841	132.321	84.269
256.901	132.141	84.257
256.942	132.052	84.270
256.988	131.964	84.261
257.010	131.938	84.238
256.967	132.013	84.243
256.957	132.082	84.212
256.897	132.265	84.206
256.836	132.520	84.192
256.757	132.837	84.214
256.649	133.302	84.242
256.546	133.838	84.289
256.423	134.493	84.370
256.308	135.206	84.445
256.148	135.848	84.482
255.874	135.721	84.413
255.932	135.599	84.421
256.042	135.581	84.442
256.159	135.692	84.450
256.232	135.739	84.466
256.243	135.691	84.432
256.280	135.565	84.401
256.269	135.438	84.373
256.317	135.283	84.314
256.295	135.158	84.293
256.347	134.928	84.205
256.362	134.751	84.191
256.371	134.564	84.221
256.416	134.311	84.248
256.462	134.059	84.283
256.542	133.770	84.315
256.655	133.446	84.337
256.751	133.106	84.348
256.805	132.813	84.374
256.844	132.551	84.402
256.859	132.319	84.410
256.906	132.098	84.400
256.938	131.955	84.383
256.943	131.878	84.371
256.962	131.828	84.357
256.955	131.855	84.339
256.962	131.880	84.317
256.942	131.994	84.278
256.885	132.190	84.235
256.800	132.496	84.240
256.761	132.816	84.204
256.664	133.339	84.208
256.531	133.958	84.233
256.411	134.664	84.265
256.310	135.427	84.305
256.011	135.857	84.284
255.827	135.673	84.329
255.911	135.614	84.388
256.026	135.689	84.463
256.140	135.819	84.532
256.169	135.768	84.578
256.196	135.721	84.615
256.246	135.557	84.594
256.312	135.401	84.527
256.313	135.340	84.501
256.317	135.200	84.431
256.327	135.028	84.365
256.298	134.880	84.349
256.301	134.686	84.356
256.316	134.471	84.362
256.363	134.202	84.371
256.452	133.880	84.327
256.589	133.521	84.302
256.651	133.220	84.282
256.726	132.876	84.237
256.806	132.531	84.205
256.841	132.242	84.211
256.881	132.006	84.233
256.916	131.838	84.290
256.976	131.688	84.329
256.997	131.615	84.369
257.035	131.579	84.389
257.068	131.595	84.410
257.032	131.714	84.436
257.004	131.886	84.413
256.930	132.157	84.404
256.840	132.550	84.389
256.789	132.972	84.295
256.627	133.645	84.273
256.483	134.401	84.255
256.305	135.278	84.258
256.020	135.938	84.228
255.731	135.702	84.194
255.768	135.637	84.240
255.873	135.718	84.320
255.979	135.871	84.375
256.014	135.805	84.407
256.092	135.698	84.422
256.165	135.618	84.470
256.221	135.514	84.451
256.241	135.458	84.413
256.240	135.375	84.349
256.230	135.285	84.289
256.230	135.175	84.266
256.246	135.022	84.271
256.245	134.887	84.308
256.271	134.706	84.354
256.326	134.487	84.377
256.432	134.182	84.369
256.541	133.827	84.344
256.616	133.531	84.332
256.698	133.164	84.278
256.751	132.822	84.245
256.784	132.558	84.228
256.822	132.293	84.225
256.870	132.066	84.226
256.956	131.853	84.190
256.978	131.760	84.197
256.988	131.694	84.209
256.997	131.686	84.206
257.001	131.709	84.206
256.953	131.823	84.202
256.912	131.977	84.177
256.836	132.265	84.211
256.777	132.642	84.212
256.715	133.092	84.226
256.606	133.710	84.246
256.493	134.418	84.261
256.367	135.198	84.272
256.190	135.878	84.250
255.872	135.740	84.204
255.879	135.645	84.262
255.995	135.631	84.352
256.130	135.693	84.406
256.195	135.736	84.477
256.138	135.761	84.534
256.121	135.648	84.528
256.109	135.515	84.503
256.143	135.400	84.417
256.197	135.243	84.327
256.192	135.121	84.299
256.229	134.928	84.229
256.247	134.756	84.234
256.274	134.576	84.271
256.330	134.343	84.293
256.413	134.066	84.299
256.538	133.725	84.284
256.663	133.393	84.255
256.712	133.116	84.250
256.774	132.800	84.237
256.834	132.533	84.230
256.885	132.288	84.229
256.938	132.069	84.238
256.977	131.914	84.231
257.001	131.805	84.219
256.988	131.784	84.227
256.987	131.794	84.222
256.975	131.825	84.232
256.919	131.958	84.233
256.845	132.182	84.251
256.793	132.478	84.258
256.678	132.920	84.300
256.584	133.470	84.337
256.482	134.102	84.369
256.342	134.866	84.421
256.238	135.676	84.473
255.887	135.820	84.361
255.833	135.669	84.343
255.882	135.707	84.371
256.047	135.755	84.361
256.155	135.815	84.390
256.182	135.759	84.389
256.187	135.706	84.424
256.203	135.528	84.400
256.257	135.389	84.369
256.287	135.239	84.324
256.311	135.050	84.272
256.293	134.903	84.271
256.305	134.729	84.293
256.325	134.545	84.319
256.387	134.289	84.323
256.483	134.005	84.338
256.598	133.686	84.337
256.667	133.420	84.331
256.751	133.089	84.316
256.762	132.832	84.307
256.775	132.600	84.308
256.834	132.358	84.298
256.859	132.182	84.289
256.887	132.094	84.297
256.936	132.005	84.278
256.941	132.008	84.279
256.966	132.021	84.248
256.941	132.132	84.250
256.907	132.308	84.240
256.826	132.568	84.226
256.757	132.864	84.206
256.686	133.275	84.197
256.565	133.821	84.220
256.429	134.466	84.268
256.344	135.125	84.310
256.208	135.836	84.380
255.852	135.855	84.356
255.882	135.716	84.417
255.975	135.698	84.488
256.118	135.764	84.515
256.183	135.848	84.554
256.194	135.786	84.544
256.242	135.696	84.534
256.262	135.544	84.483
256.306	135.409	84.415
256.307	135.294	84.360
256.285	135.158	84.312
256.330	134.930	84.246
256.350	134.716	84.230
256.334	134.549	84.274
256.399	134.277	84.258
256.458	134.012	84.263
256.557	133.696	84.266
256.668	133.349	84.259
256.748	133.007	84.270
256.788	132.700	84.289
256.827	132.417	84.314
256.886	132.136	84.326
256.921	131.949	84.368
256.964	131.805	84.412
256.979	131.735	84.438
257.029	131.664	84.415
257.010	131.728	84.439
257.020	131.757	84.395
256.984	131.890	84.360
256.922	132.118	84.346
256.842	132.431	84.301
256.730	132.859	84.278
256.643	133.389	84.250
256.519	134.041	84.240
256.368	134.814	84.245
256.226	135.671	84.269
255.822	135.891	84.207
255.733	135.733	84.278
255.838	135.690	84.335
255.983	135.800	84.395
256.065	135.912	84.461
256.079	135.815	84.495
256.123	135.748	84.546
256.212	135.593	84.527
256.268	135.499	84.476
256.276	135.434	84.437
256.286	135.299	84.368
256.255	135.211	84.353
256.262	135.037	84.352
256.240	134.887	84.383
256.279	134.653	84.403
256.341	134.410	84.417
256.406	134.116	84.407
256.502	133.807	84.382
256.611	133.445	84.334
256.682	133.104	84.284
256.748	132.756	84.233
256.800	132.430	84.200
256.817	132.176	84.194
256.905	131.909	84.180
256.941	131.746	84.180
256.991	131.619	84.207
257.027	131.557	84.253
257.031	131.542	84.275
257.035	131.567	84.291
257.018	131.652	84.294
256.970	131.840	84.315
256.912	132.130	84.322
256.814	132.535	84.326
256.741	133.027	84.308
256.612	133.678	84.319
256.483	134.464	84.313
256.342	135.362	84.287
256.044	135.991	84.236
255.738	135.799	84.235
255.775	135.747	84.291
255.894	135.801	84.348
255.973	135.912	84.409
256.000	135.795	84.442
256.045	135.740	84.485
256.097	135.655	84.494
256.150	135.539	84.442
256.162	135.491	84.380
256.150	135.405	84.312
256.163	135.290	84.253
256.168	135.173	84.239
256.190	135.010	84.244
256.240	134.814	84.259
256.262	134.649	84.309
256.361	134.373	84.316
256.474	134.065	84.302
256.554	133.783	84.288
256.658	133.434	84.262
256.716	133.112	84.231
256.753	132.820	84.236
256.798	132.557	84.233
256.854	132.323	84.256
256.891	132.128	84.266
256.935	131.983	84.282
256.972	131.882	84.281
256.967	131.862	84.289
256.947	131.888	84.284
256.923	131.936	84.260
256.862	132.078	84.244
256.786	132.321	84.243
256.720	132.638	84.259
256.632	133.036	84.250
256.533	133.612	84.302
256.428	134.244	84.311
256.355	134.938	84.313
256.254	135.740	84.332
255.931	135.887	84.229
255.856	135.761	84.260
255.956	135.695	84.273
256.093	135.712	84.326
256.231	135.785	84.389
256.212	135.802	84.457
256.215	135.703	84.487
256.156	135.581	84.500
256.165	135.449	84.472
256.173	135.329	84.422
256.207	135.175	84.358
256.238	135.024	84.322
256.287	134.821	84.280
256.297	134.645	84.270
256.346	134.408	84.283
256.396	134.151	84.291
256.510	133.833	84.283
256.639	133.492	84.263
256.670	133.225	84.278
256.715	132.922	84.256
256.776	132.647	84.244
256.819	132.422	84.248
256.853	132.259	84.268
256.931	132.072	84.252
256.964	131.967	84.255
256.983	131.911	84.245
256.969	131.914	84.221
256.955	131.972	84.218
256.910	132.091	84.190
256.848	132.303	84.186
256.797	132.583	84.192
256.707	132.972	84.225
256.620	133.487	84.267
256.493	134.117	84.324
256.369	134.823	84.402
256.260	135.610	84.481
255.948	135.916	84.430
255.796	135.803	84.465
255.891	135.711	84.463
256.030	135.752	84.467
256.140	135.871	84.492
256.164	135.833	84.492
256.197	135.765	84.431
256.207	135.618	84.404
256.266	135.464	84.360
256.308	135.306	84.291
256.312	135.148	84.240
256.326	134.968	84.210
256.327	134.778	84.208
256.346	134.568	84.243
256.395	134.337	84.279
256.470	134.051	84.306
256.552	133.752	84.351
256.677	133.408	84.364
256.752	133.102	84.377
256.787	132.825	84.410
256.821	132.585	84.431
256.836	132.375	84.434
256.886	132.172	84.392
256.907	132.041	84.371
256.936	131.967	84.361
256.949	131.951	84.323
256.938	132.009	84.325
256.936	132.088	84.281
256.891	132.261	84.266
256.828	132.521	84.243
256.749	132.821	84.213
256.665	133.271	84.219
256.545	133.831	84.225
256.430	134.479	84.259
256.308	135.197	84.268
256.162	135.904	84.314
255.822	135.855	84.280
255.836	135.762	84.356
255.922	135.782	84.446
256.065	135.881	84.497
256.140	135.886	84.562
256.160	135.816	84.585
256.207	135.732	84.597
256.241	135.598	84.567
256.297	135.471	84.501
256.289	135.369	84.455
256.284	135.221	84.397
256.303	135.042	84.355
256.307	134.845	84.352
256.318	134.635	84.369
256.334	134.412	84.370
256.407	134.105	84.351
256.484	133.802	84.325
256.590	133.450	84.300
256.664	133.110	84.255
256.749	132.751	84.209
256.801	132.450	84.206
256.857	132.148	84.199
256.892	131.931	84.240
256.925	131.802	84.311
256.984	131.667	84.342
257.019	131.600	84.375
257.042	131.589	84.394
257.062	131.617	84.411
257.019	131.757	84.422
256.980	131.962	84.401
256.887	132.310	84.407
256.810	132.709	84.342
256.725	133.239	84.287
256.547	133.965	84.267
256.408	134.761	84.254
256.234	135.694	84.256
255.803	135.953	84.172
255.669	135.785	84.230
255.742	135.793	84.295
255.874	135.918	84.352
255.942	135.977	84.400
255.993	135.857	84.431
256.082	135.781	84.461
256.161	135.691	84.500
256.178	135.640	84.453
256.196	135.553	84.400
256.177	135.479	84.330
256.169	135.397	84.290
256.182	135.265	84.277
256.195	135.111	84.276
256.219	134.934	84.313
256.228	134.768	84.368
256.324	134.505	84.378
256.444	134.172	84.356
256.526	133.852	84.335
256.633	133.508	84.295
256.675	133.193	84.273
256.746	132.853	84.223
256.780	132.586	84.224
256.815	132.358	84.237
256.886	132.127	84.210
256.948	131.959	84.198
256.958	131.883	84.205
256.958	131.862	84.209
256.966	131.865	84.200
256.950	131.919	84.201
256.898	132.066	84.199
256.837	132.314	84.199
256.799	132.575	84.187
256.709	132.998	84.199
256.629	133.519	84.232
256.504	134.183	84.249
256.401	134.877	84.263
256.294	135.647	84.262
255.948	136.008	84.221
255.837	135.814	84.247
255.906	135.759	84.310
256.035	135.754	84.374
256.149	135.855	84.442
256.163	135.860	84.512
256.153	135.804	84.528
256.096	135.677	84.509
256.124	135.554	84.450
256.137	135.440	84.382
256.157	135.317	84.314
256.189	135.144	84.263
256.221	134.947	84.235
256.228	134.781	84.247
256.278	134.569	84.271
256.376	134.283	84.276
256.461	133.997	84.276
256.528	133.747	84.290
256.648	133.394	84.269
256.714	133.079	84.235
256.777	132.787	84.232
256.824	132.549	84.239
256.889	132.295	84.239
256.916	132.138	84.254
256.970	131.974	84.237
256.982	131.905	84.240
256.973	131.870	84.234
256.956	131.898	84.234
256.929	131.964	84.238
256.842	132.173	84.269
256.793	132.398	84.269
256.708	132.754	84.290
256.629	133.210	84.308
256.525	133.788	84.355
256.407	134.503	84.397
256.260	135.328	84.488
256.108	135.970	84.456
255.799	135.836	84.356
255.825	135.758	84.360
255.923	135.795	84.368
256.078	135.914	84.370
256.164	135.911	84.412
256.151	135.876	84.410
256.172	135.725	84.400
256.202	135.560	84.382
256.241	135.435	84.357
256.272	135.257	84.301
256.295	135.083	84.277
256.298	134.896	84.270
256.321	134.695	84.288
256.339	134.514	84.324
256.403	134.261	84.343
256.511	133.966	84.353
256.603	133.661	84.356
256.711	133.321	84.322
256.740	133.049	84.323
256.754	132.788	84.323
256.773	132.568	84.311
256.825	132.352	84.292
256.861	132.208	84.299
256.920	132.081	84.275
256.920	132.064	84.284
256.938	132.064	84.276
256.931	132.148	84.260
256.900	132.289	84.267
256.864	132.478	84.234
256.810	132.729	84.208
256.722	133.091	84.193
256.604	133.610	84.219
256.492	134.190	84.238
256.403	134.811	84.265
256.265	135.589	84.332
255.997	135.992	84.339
255.806	135.861	84.404
255.874	135.799	84.471
256.014	135.815	84.514
256.151	135.932	84.551
256.158	135.933	84.579
256.209	135.833	84.546
256.233	135.712	84.516
256.281	135.559	84.447
256.281	135.464	84.398
256.280	135.339	84.341
256.297	135.142	84.275
256.304	134.964	84.259
256.314	134.740	84.233
256.333	134.545	84.259
256.405	134.260	84.263
256.468	133.988	84.267
256.606	133.616	84.257
256.701	133.303	84.255
256.743	132.985	84.288
256.805	132.666	84.294
256.822	132.400	84.336
256.875	132.172	84.369
256.926	131.973	84.402
256.954	131.883	84.428
256.963	131.844	84.459
257.003	131.809	84.442
256.985	131.874	84.438
256.957	131.972	84.399
256.936	132.136	84.366
256.845	132.408	84.329
256.769	132.753	84.285
256.660	133.234	84.264
256.558	133.824	84.234
256.410	134.556	84.233
256.246	135.399	84.277
256.001	136.086	84.273
255.710	135.892	84.260
255.761	135.789	84.315
255.865	135.866	84.390
255.990	136.022	84.442
256.046	135.941	84.479
256.089	135.862	84.511
256.170	135.763	84.545
256.212	135.670	84.517
256.241	135.593	84.465
256.258	135.487	84.406
256.227	135.407	84.377
256.227	135.275	84.368
256.226	135.087	84.356
256.221	134.935	84.415
256.245	134.740	84.437
256.324	134.453	84.418
256.409	134.155	84.399
256.529	133.796	84.347
256.612	133.469	84.311
256.699	133.101	84.253
256.732	132.792	84.220
256.774	132.495	84.187
256.833	132.215	84.182
256.876	132.020	84.186
256.938	131.867	84.208
256.984	131.767	84.249
257.002	131.728	84.291
257.031	131.693	84.291
257.019	131.754	84.302
256.973	131.897	84.323
256.906	132.138	84.342
256.853	132.450	84.330
256.784	132.839	84.300
256.680	133.429	84.305
256.558	134.112	84.301
256.419	134.909	84.279
256.272	135.808	84.267
255.849	136.032	84.179
255.750	135.843	84.242
255.829	135.808	84.283
255.940	135.916	84.351
256.012	135.969	84.399
256.011	135.904	84.448
256.029	135.856	84.484
256.074	135.723	84.468
256.129	135.624	84.421
256.166	135.523	84.350
256.145	135.449	84.299
256.159	135.332	84.259
256.157	135.187	84.259
256.191	135.027	84.268
256.244	134.800	84.273
256.283	134.621	84.324
256.395	134.326	84.321
256.494	134.027	84.307
256.569	133.717	84.286
256.657	133.400	84.275
256.708	133.053	84.238
256.758	132.777	84.240
256.791	132.538	84.260
256.855	132.291	84.265
256.899	132.108	84.261
256.939	131.979	84.263
256.918	131.949	84.284
256.937	131.920	84.266
256.924	131.928	84.247
256.895	132.027	84.234
256.849	132.167	84.204
256.746	132.491	84.242
256.686	132.821	84.245
256.591	133.296	84.267
256.485	133.902	84.275
256.405	134.580	84.285
256.313	135.343	84.308
256.140	136.059	84.296
255.841	135.910	84.205
255.844	135.842	84.267
255.982	135.796	84.312
256.133	135.867	84.372
256.204	135.919	84.457
256.164	135.902	84.513
256.150	135.763	84.520
256.137	135.615	84.514
256.156	135.512	84.478
256.147	135.433	84.419
256.218	135.242	84.342
256.231	135.100	84.292
256.254	134.893	84.244
256.278	134.684	84.256
256.310	134.488	84.288
256.390	134.203	84.293
256.487	133.893	84.278
256.580	133.594	84.278
256.652	133.277	84.247
256.717	132.948	84.230
256.766	132.714	84.232
256.833	132.485	84.242
256.878	132.292	84.242
256.926	132.143	84.241
256.947	132.053	84.248
256.967	131.999	84.233
256.963	132.009	84.215
256.940	132.082	84.202
256.868	132.248	84.208
256.822	132.472	84.199
256.765	132.759	84.225
256.678	133.183	84.259
256.577	133.716	84.297
256.459	134.373	84.363
256.320	135.128	84.443
256.203	135.902	84.502
255.866	135.967	84.399
255.818	135.841	84.422
255.901	135.811	84.423
256.032	135.905	84.445
256.176	135.967	84.438
256.160	135.949	84.446
256.183	135.868	84.420
256.216	135.665	84.368
256.256	135.532	84.329
256.297	135.369	84.256
256.266	135.244	84.253
256.306	135.028	84.220
256.333	134.823	84.219
256.341	134.623	84.258
256.395	134.390	84.309
256.465	134.117	84.351
256.571	133.788	84.373
256.693	133.445	84.362
256.767	133.135	84.361
256.796	132.863	84.370
256.826	132.623	84.377
256.830	132.441	84.375
256.870	132.253	84.352
256.905	132.131	84.346
256.904	132.085	84.339
256.935	132.065	84.322
256.936	132.102	84.290
256.898	132.229	84.278
256.854	132.400	84.254
256.803	132.647	84.237
256.738	132.957	84.213
256.623	133.474	84.229
256.514	134.028	84.234
256.397	134.681	84.251
256.256	135.457	84.313
256.084	136.086	84.316
255.801	135.910	84.285
255.849	135.819	84.345
255.934	135.869	84.436
256.082	135.987	84.488
256.112	136.009	84.560
256.134	135.950	84.583
256.213	135.819	84.559
256.243	135.691	84.501
256.276	135.581	84.439
256.270	135.476	84.393
256.273	135.323	84.340
256.287	135.153	84.321
256.297	134.924	84.290
256.307	134.724	84.302
256.345	134.484	84.318
256.401	134.190	84.298
256.500	133.870	84.288
256.596	133.553	84.286
256.667	133.210	84.255
256.775	132.821	84.206
256.797	132.554	84.210
256.848	132.286	84.231
256.888	132.090	84.264
256.914	131.965	84.331
256.959	131.847	84.348
256.982	131.828	84.381
256.978	131.866	84.416
256.992	131.934	84.414
256.966	132.076	84.399
256.887	132.347	84.394
256.841	132.646	84.333
256.763	133.052	84.283
256.637	133.623	84.259
256.462	134.386	84.257
256.314	135.173	84.250
256.130	136.031	84.261
255.751	135.970	84.150
255.684	135.898	84.263
255.802	135.873	84.297
255.904	136.036	84.358
255.967	136.062	84.405
256.004	135.973	84.431
256.068	135.873	84.464
256.144	135.750	84.464
256.193	135.662	84.409
256.204	135.587	84.355
256.176	135.518	84.300
256.168	135.443	84.282
256.180	135.283	84.277
256.211	135.092	84.281
256.247	134.885	84.299
256.277	134.689	84.350
256.371	134.410	84.355
256.469	134.091	84.336
256.573	133.729	84.301
256.643	133.401	84.270
256.705	133.052	84.233
256.758	132.756	84.215
256.795	132.491	84.213
256.835	132.273	84.216
256.897	132.074	84.204
256.938	131.952	84.193
256.956	131.881	84.209
256.945	131.877	84.213
256.962	131.893	84.196
256.936	131.971	84.193
256.866	132.175	84.201
256.826	132.431	84.184
256.749	132.788	84.188
256.675	133.290	84.208
256.557	133.896	84.228
256.441	134.616	84.256
256.314	135.423	84.279
256.120	136.127	84.250
255.790	135.978	84.213
255.818	135.883	84.276
255.921	135.878	84.339
256.063	135.985	84.404
256.121	135.983	84.472
256.070	135.970	84.509
256.073	135.834	84.509
256.078	135.693	84.490
256.126	135.596	84.415
256.154	135.466	84.333
256.160	135.336	84.282
256.179	135.159	84.254
256.227	134.933	84.220
256.235	134.754	84.257
256.281	134.547	84.298
256.378	134.251	84.294
256.465	133.961	84.294
256.583	133.632	84.279
256.668	133.314	84.254
256.740	132.996	84.233
256.787	132.730	84.221
256.827	132.537	84.235
256.891	132.320	84.249
256.946	132.133	84.228
256.965	132.040	84.229
256.989	131.968	84.206
256.973	131.992	84.206
256.948	132.055	84.211
256.904	132.190	84.226
256.812	132.441	84.253
256.766	132.706	84.246
256.657	133.138	84.279
256.548	133.692	84.320
256.435	134.334	84.366
256.301	135.099	84.436
256.196	135.897	84.468
255.844	136.042	84.367
255.786	135.891	84.371
255.866	135.859	84.367
256.031	135.901	84.361
256.119	136.029	84.395
256.123	136.014	84.408
256.167	135.902	84.388
256.177	135.728	84.368
256.225	135.569	84.338
256.239	135.457	84.302
256.254	135.284	84.268
256.263	135.109	84.248
256.276	134.911	84.265
256.299	134.710	84.291
256.353	134.479	84.323
256.409	134.215	84.345
256.510	133.925	84.351
256.623	133.594	84.350
256.689	133.312	84.339
256.728	133.014	84.329
256.760	132.743	84.308
256.784	132.566	84.311
256.799	132.412	84.317
256.842	132.287	84.296
256.871	132.227	84.296
256.902	132.206	84.279
256.902	132.265	84.262
256.886	132.397	84.261
256.849	132.578	84.242
256.809	132.793	84.216
256.721	133.155	84.209
256.624	133.600	84.215
256.497	134.183	84.239
256.388	134.774	84.240
256.278	135.492	84.297
256.119	136.091	84.323
255.821	135.984	84.336
255.858	135.906	84.391
255.963	135.916	84.469
256.085	136.056	84.523
256.150	136.072	84.574
256.156	136.001	84.559
256.206	135.888	84.534
256.252	135.729	84.462
256.283	135.609	84.398
256.265	135.495	84.351
256.241	135.377	84.303
256.252	135.193	84.287
256.277	134.965	84.258
256.297	134.763	84.270
256.327	134.551	84.297
256.405	134.242	84.282
256.507	133.923	84.277
256.606	133.591	84.255
256.700	133.241	84.249
256.748	132.910	84.258
256.781	132.650	84.282
256.828	132.386	84.322
256.860	132.183	84.358
256.918	132.021	84.389
256.927	131.976	84.425
256.963	131.931	84.426
256.980	131.939	84.422
256.956	132.035	84.415
256.926	132.171	84.391
256.857	132.414	84.348
256.793	132.713	84.295
256.696	133.135	84.253
256.576	133.702	84.254
256.444	134.395	84.243
256.302	135.150	84.239
256.137	136.020	84.262
255.760	136.078	84.183
255.706	135.941	84.252
255.789	135.945	84.336
255.949	136.046	84.380
256.016	136.132	84.457
256.047	136.024	84.474
256.097	135.953	84.520
256.151	135.839	84.519
256.221	135.733	84.454
256.240	135.657	84.403
256.236	135.532	84.332
256.192	135.475	84.327
256.197	135.314	84.330
256.235	135.095	84.343
256.236	134.916	84.378
256.279	134.688	84.401
256.360	134.397	84.391
256.454	134.077	84.358
256.554	133.737	84.323
256.628	133.388	84.282
256.678	133.047	84.235
256.755	132.701	84.189
256.780	132.462	84.192
256.862	132.178	84.159
256.873	132.037	84.196
256.948	131.867	84.191
256.998	131.784	84.209
256.986	131.786	84.237
256.976	131.821	84.260
256.945	131.935	84.267
256.897	132.110	84.270
256.848	132.372	84.276
256.770	132.765	84.286
256.683	133.252	84.266
256.571	133.889	84.279
256.438	134.641	84.280
256.306	135.485	84.276
256.058	136.220	84.245
255.702	136.055	84.216
255.758	135.932	84.269
255.867	135.967	84.330
255.953	136.127	84.407
255.959	136.098	84.461
255.981	136.006	84.468
256.034	135.890	84.494
256.076	135.750	84.441
256.108	135.691	84.376
256.132	135.562	84.298
256.130	135.472	84.239
256.119	135.378	84.235
256.146	135.194	84.230
256.194	134.997	84.240
256.254	134.778	84.258
256.330	134.540	84.282
256.423	134.269	84.293
256.511	133.972	84.279
256.595	133.649	84.257
256.684	133.291	84.216
256.733	132.995	84.204
256.804	132.727	84.189
256.831	132.534	84.207
256.859	132.366	84.235
256.891	132.234	84.246
256.923	132.127	84.254
256.961	132.046	84.230
256.916	132.103	84.248
256.879	132.185	84.234
256.843	132.315	84.218
256.775	132.566	84.232
256.696	132.875	84.239
256.588	133.336	84.263
256.481	133.886	84.296
256.366	134.553	84.337
256.273	135.268	84.372
256.171	136.030	84.371
255.843	136.090	84.245
255.816	135.965	84.265
255.879	135.935	84.302
256.029	135.991	84.328
256.125	136.078	84.369
256.132	136.060	84.425
256.157	135.934	84.431
256.140	135.760	84.418
256.155	135.640	84.406
256.151	135.530	84.368
256.168	135.395	84.335
256.185	135.237	84.308
256.234	135.005	84.284
256.264	134.803	84.278
256.322	134.573	84.297
256.405	134.298	84.283
256.461	134.038	84.306
256.589	133.690	84.291
256.660	133.387	84.279
256.706	133.090	84.253
256.731	132.852	84.264
256.783	132.634	84.263
256.840	132.450	84.264
256.881	132.320	84.268
256.919	132.217	84.257
256.915	132.202	84.261
256.932	132.198	84.238
256.924	132.249	84.207
256.860	132.431	84.214
256.830	132.594	84.172
256.769	132.885	84.156
256.635	133.370	84.226
256.536	133.891	84.259
256.440	134.500	84.307
256.318	135.223	84.381
256.217	135.972	84.440
255.877	136.106	84.377
255.821	135.957	84.413
255.875	135.955	84.450
256.015	136.025	84.477
256.104	136.152	84.519
256.130	136.098	84.500
256.173	135.998	84.457
256.185	135.822	84.401
256.239	135.669	84.352
256.262	135.534	84.306
256.249	135.392	84.244
256.282	135.200	84.220
256.314	134.942	84.185
256.306	134.761	84.220
256.353	134.520	84.255
256.409	134.262	84.301
256.514	133.928	84.318
256.610	133.617	84.340
256.704	133.281	84.343
256.787	132.951	84.327
256.778	132.750	84.383
256.809	132.535	84.401
256.844	132.359	84.410
256.870	132.240	84.403
256.894	132.186	84.403
256.908	132.179	84.385
256.897	132.234	84.372
256.894	132.334	84.343
256.836	132.536	84.323
256.791	132.746	84.268
256.703	133.110	84.244
256.594	133.589	84.241
256.472	134.179	84.247
256.375	134.794	84.240
256.242	135.559	84.284
256.022	136.237	84.295
255.748	136.047	84.264
255.783	135.975	84.342
255.907	135.991	84.407
256.018	136.156	84.468
256.055	136.175	84.526
256.108	136.082	84.530
256.153	135.991	84.577
256.178	135.856	84.545
256.255	135.688	84.475
256.242	135.587	84.441
256.232	135.454	84.389
256.233	135.312	84.384
256.247	135.083	84.348
256.239	134.902	84.383
256.272	134.659	84.390
256.366	134.338	84.366
256.426	134.047	84.350
256.549	133.686	84.297
256.639	133.319	84.252
256.695	132.970	84.219
256.729	132.699	84.207
256.778	132.408	84.200
256.851	132.143	84.199
256.915	131.951	84.224
256.947	131.858	84.283
256.984	131.773	84.315
257.009	131.745	84.352
256.980	131.815	84.391
256.987	131.876	84.393
256.931	132.085	84.402
256.870	132.368	84.380
256.784	132.763	84.361
256.737	133.210	84.301
256.560	133.920	84.289
256.406	134.720	84.271
256.269	135.604	84.250
255.936	136.267	84.211
255.635	136.041	84.190
255.687	135.979	84.248
255.800	136.082	84.325
255.867	136.221	84.381
255.910	136.125	84.413
255.994	136.029	84.451
256.082	135.969	84.473
256.141	135.841	84.431
256.148	135.781	84.382
256.141	135.699	84.314
256.089	135.668	84.295
256.091	135.560	84.277
256.144	135.379	84.255
256.132	135.244	84.301
256.203	135.010	84.310
256.282	134.754	84.324
256.356	134.515	84.334
256.473	134.186	84.311
256.530	133.892	84.290
256.646	133.519	84.251
256.678	133.220	84.246
256.727	132.911	84.224
256.769	132.688	84.237
256.820	132.464	84.240
256.852	132.327	84.247
256.905	132.186	84.218
256.911	132.147	84.235
256.930	132.119	84.208
256.870	132.222	84.221
256.848	132.317	84.195
256.787	132.510	84.184
256.719	132.779	84.204
256.645	133.159	84.210
256.541	133.688	84.242
256.457	134.275	84.248
256.380	134.904	84.249
256.273	135.632	84.256
256.036	136.270	84.253
255.790	136.074	84.226
255.854	135.952	84.263
255.966	135.938	84.340
256.096	136.016	84.398
256.146	136.084	84.467
256.131	136.081	84.518
256.084	135.935	84.500
256.088	135.770	84.470
256.087	135.680	84.411
256.095	135.568	84.347
256.124	135.435	84.293
256.148	135.256	84.270
256.184	135.040	84.250
256.241	134.801	84.249
256.297	134.573	84.277
256.404	134.274	84.273
256.489	133.981	84.277
256.583	133.675	84.262
256.666	133.358	84.256
256.712	133.067	84.234
256.760	132.814	84.241
256.833	132.590	84.251
256.873	132.425	84.256
256.913	132.270	84.249
256.930	132.187	84.238
256.934	132.140	84.226
256.915	132.179	84.213
256.899	132.222	84.186
256.826	132.420	84.217
256.784	132.630	84.221
256.698	132.956	84.252
256.612	133.437	84.287
256.480	134.001	84.343
256.391	134.642	84.383
256.255	135.430	84.459
256.095	136.182	84.519
255.779	136.101	84.403
255.770	136.011	84.412
255.874	135.996	84.410
256.014	136.111	84.410
256.073	136.148	84.428
256.099	136.095	84.401
256.147	135.984	84.386
256.170	135.803	84.348
256.231	135.639	84.308
256.226	135.519	84.262
256.197	135.397	84.255
256.226	135.226	84.241
256.279	134.964	84.240
256.302	134.754	84.288
256.317	134.576	84.353
256.423	134.270	84.353
256.524	133.951	84.357
256.653	133.615	84.362
256.703	133.351	84.355
256.740	133.062	84.342
256.761	132.817	84.334
256.763	132.659	84.337
256.797	132.522	84.325
256.816	132.447	84.333
256.840	132.397	84.304
256.838	132.421	84.310
256.854	132.475	84.271
256.836	132.599	84.243
256.810	132.756	84.228
256.705	133.092	84.235
256.630	133.455	84.224
256.541	133.916	84.223
256.437	134.478	84.236
256.337	135.101	84.262
256.229	135.804	84.292
255.946	136.254	84.313
255.790	136.076	84.347
255.872	136.006	84.405
255.987	136.052	84.471
256.105	136.170	84.542
256.134	136.142	84.567
256.156	136.093	84.566
256.204	135.940	84.522
256.224	135.795	84.458
256.253	135.672	84.399
256.249	135.530	84.338
256.243	135.402	84.314
256.252	135.206	84.298
256.269	134.976	84.285
256.279	134.776	84.297
256.330	134.532	84.296
256.427	134.206	84.282
256.506	133.882	84.275
256.625	133.518	84.253
256.681	133.216	84.247
256.772	132.847	84.220
256.806	132.585	84.254
256.835	132.363	84.303
256.866	132.187	84.359
256.904	132.045	84.371
256.960	131.949	84.393
256.983	131.942	84.418
256.951	132.014	84.432
256.936	132.116	84.430
256.918	132.267	84.394
256.823	132.566	84.370
256.766	132.876	84.304
256.684	133.337	84.251
256.532	133.977	84.248
256.379	134.711	84.233
256.240	135.533	84.240
255.991	136.288	84.242
255.648	136.110	84.199
255.700	135.993	84.253
255.809	136.033	84.319
255.902	136.259	84.403
255.959	136.183	84.445
256.002	136.118	84.479
256.086	136.027	84.522
256.164	135.892	84.476
256.215	135.794	84.424
256.206	135.745	84.366
256.170	135.674	84.319
256.157	135.584	84.306
256.150	135.447	84.304
256.156	135.292	84.345
256.182	135.085	84.390
256.255	134.825	84.404
256.333	134.565	84.404
256.435	134.242	84.366
256.521	133.896	84.323
256.595	133.563	84.282
256.645	133.232	84.245
256.698	132.918	84.204
256.763	132.639	84.192
256.817	132.403	84.183
256.858	132.223	84.188
256.896	132.104	84.205
256.949	132.004	84.205
256.959	131.981	84.209
256.954	132.017	84.219
256.947	132.106	84.208
256.899	132.275	84.215
256.817	132.582	84.235
256.735	132.957	84.260
256.643	133.471	84.282
256.532	134.064	84.283
256.438	134.725	84.264
256.306	135.520	84.281
256.094	136.299	84.278
255.754	136.127	84.203
255.779	136.018	84.270
255.872	136.019	84.355
256.014	136.116	84.382
256.014	136.185	84.463
255.982	136.136	84.496
256.016	135.991	84.478
256.035	135.833	84.432
256.074	135.752	84.381
256.103	135.634	84.318
256.142	135.495	84.250
256.140	135.371	84.246
256.178	135.158	84.221
256.230	134.938	84.231
256.258	134.743	84.276
256.356	134.471	84.282
256.445	134.176	84.300
256.525	133.880	84.276
256.639	133.530	84.242
256.699	133.224	84.225
256.777	132.895	84.195
256.810	132.686	84.216
256.840	132.495	84.238
256.888	132.304	84.244
256.900	132.192	84.255
256.928	132.095	84.258
256.930	132.064	84.265
256.928	132.077	84.243
256.854	132.224	84.262
256.800	132.411	84.256
256.696	132.710	84.283
256.637	133.051	84.279
256.538	133.554	84.305
256.433	134.164	84.327
256.336	134.860	84.360
256.201	135.685	84.397
255.978	136.316	84.368
255.740	136.100	84.284
255.800	136.016	84.285
255.947	136.021	84.300
256.050	136.200	84.341
256.081	136.193	84.404
256.090	136.114	84.433
256.104	135.942	84.451
256.143	135.768	84.447
256.161	135.658	84.416
256.182	135.510	84.351
256.171	135.397	84.332
256.212	135.207	84.299
256.266	134.975	84.280
256.288	134.785	84.284
256.332	134.563	84.311
256.391	134.303	84.320
256.490	133.983	84.310
256.569	133.694	84.308
256.636	133.404	84.283
256.691	133.099	84.261
256.720	132.872	84.245
256.754	132.708	84.273
256.802	132.559	84.271
256.842	132.478	84.290
256.890	132.404	84.271
256.906	132.393	84.253
256.904	132.434	84.240
256.865	132.623	84.193
256.797	132.815	84.187
256.720	133.109	84.190
256.620	133.474	84.197
256.505	133.956	84.239
256.413	134.513	84.262
256.291	135.161	84.333
256.179	135.872	84.400
255.941	136.422	84.410
255.766	136.106	84.439
255.833	136.028	84.473
255.940	136.048	84.499
256.081	136.182	84.514
256.100	136.227	84.549
256.138	136.136	84.496
256.175	135.982	84.438
256.195	135.822	84.382
256.239	135.658	84.324
256.237	135.520	84.277
256.231	135.392	84.253
256.269	135.166	84.209
256.311	134.917	84.194
256.312	134.729	84.232
256.374	134.478	84.260
256.445	134.184	84.286
256.571	133.824	84.300
256.673	133.502	84.331
256.734	133.191	84.342
256.758	132.938	84.371
256.765	132.713	84.400
256.796	132.540	84.436
256.857	132.370	84.434
256.883	132.274	84.415
256.899	132.257	84.401
256.900	132.277	84.378
256.863	132.395	84.371
256.848	132.508	84.328
256.796	132.716	84.290
256.744	132.972	84.242
256.629	133.419	84.246
256.503	133.947	84.240
256.397	134.554	84.246
256.279	135.256	84.269
256.163	136.045	84.300
255.824	136.220	84.238
255.725	136.079	84.310
255.816	136.036	84.371
255.939	136.140	84.429
256.016	136.283	84.508
256.073	136.180	84.522
256.111	136.104	84.540
256.172	135.931	84.524
256.192	135.836	84.509
256.225	135.710	84.455
256.213	135.596	84.402
256.230	135.432	84.360
256.243	135.244	84.344
256.256	135.040	84.338
256.273	134.822	84.372
256.302	134.595	84.389
256.372	134.287	84.364
256.470	133.949	84.331
256.572	133.607	84.286
256.651	133.257	84.241
256.693	132.932	84.218
256.771	132.612	84.182
256.822	132.362	84.177
256.864	132.156	84.214
256.920	131.980	84.229
256.952	131.908	84.284
256.966	131.879	84.341
256.988	131.862	84.355
256.979	131.945	84.376
256.944	132.085	84.397
256.895	132.336	84.375
256.817	132.684	84.341
256.749	133.120	84.307
256.590	133.771	84.304
256.468	134.499	84.281
256.311	135.373	84.258
256.116	136.286	84.265
255.664	136.180	84.152
255.632	136.097	84.239
255.728	136.109	84.298
255.838	136.304	84.359
255.864	136.252	84.400
255.942	136.143	84.424
256.011	136.109	84.483
256.080	135.994	84.469
256.121	135.892	84.394
256.111	135.830	84.345
256.106	135.739	84.280
256.094	135.662	84.258
256.075	135.566	84.262
256.097	135.417	84.276
256.153	135.202	84.314
256.234	134.940	84.314
256.307	134.700	84.324
256.404	134.424	84.324
256.498	134.099	84.287
256.545	133.798	84.279
256.618	133.457	84.251
256.696	133.123	84.225
256.744	132.857	84.222
256.795	132.639	84.222
256.830	132.484	84.228
256.856	132.377	84.249
256.916	132.260	84.226
256.914	132.235	84.215
256.891	132.274	84.215
256.838	132.394	84.212
256.795	132.545	84.191
256.723	132.788	84.195
256.655	133.121	84.205
256.554	133.606	84.234
256.456	134.176	84.255
256.398	134.771	84.240
256.267	135.526	84.280
256.121	136.283	84.279
255.815	136.205	84.187
255.796	136.109	84.261
255.935	136.013	84.299
256.052	136.090	84.369
256.131	136.178	84.452
256.112	136.197	84.502
256.090	136.078	84.505
256.090	135.880	84.465
256.072	135.799	84.434
256.085	135.695	84.370
256.122	135.530	84.292
256.132	135.402	84.278
256.135	135.222	84.258
256.228	134.941	84.240
256.254	134.741	84.271
256.315	134.501	84.294
256.437	134.184	84.277
256.516	133.874	84.271
256.601	133.577	84.250
256.669	133.257	84.233
256.726	132.975	84.232
256.801	132.735	84.222
256.829	132.583	84.250
256.883	132.403	84.242
256.914	132.303	84.245
256.917	132.250	84.231
256.903	132.267	84.225
256.869	132.345	84.212
256.844	132.458	84.196
256.782	132.661	84.213
256.698	132.959	84.233
256.620	133.369	84.266
256.497	133.915	84.317
256.379	134.571	84.384
256.244	135.315	84.459
256.167	136.061	84.487
255.834	136.264	84.404
255.738	136.125	84.410
255.833	136.069	84.406
255.961	136.183	84.418
256.041	136.256	84.431
256.068	136.227	84.422
256.105	136.155	84.403
256.177	135.912	84.338
256.219	135.763	84.308
256.215	135.647	84.276
256.215	135.510	84.242
256.222	135.353	84.231
256.233	135.165	84.244
256.271	134.939	84.270
256.317	134.700	84.306
256.374	134.470	84.352
256.492	134.138	84.347
256.578	133.841	84.361
256.689	133.529	84.361
256.711	133.276	84.348
256.726	133.021	84.344
256.763	132.795	84.319
256.787	132.644	84.315
256.796	132.556	84.331
256.810	132.507	84.321
256.811	132.513	84.316
256.841	132.531	84.277
256.834	132.622	84.248
256.812	132.774	84.224
256.753	133.023	84.221
256.652	133.397	84.238
256.557	133.819	84.230
256.478	134.321	84.219
256.361	134.922	84.239
256.256	135.581	84.267
256.090	136.294	84.328
255.791	136.211	84.301
255.791	136.133	84.381
255.920	136.089	84.434
256.051	136.213	84.499
256.101	136.284	84.584
256.125	136.197	84.568
256.156	136.121	84.549
256.183	135.965	84.493
256.233	135.813	84.422
256.252	135.663	84.361
256.224	135.549	84.332
256.238	135.389	84.308
256.245	135.182	84.291
256.257	134.945	84.288
256.310	134.700	84.278
256.364	134.455	84.300
256.460	134.119	84.276
256.573	133.762	84.247
256.664	133.427	84.234
256.709	133.123	84.230
256.784	132.779	84.222
256.792	132.576	84.280
256.834	132.355	84.317
256.876	132.198	84.370
256.921	132.081	84.386
256.958	132.033	84.406
256.944	132.073	84.448
256.967	132.114	84.428
256.911	132.285	84.417
256.848	132.509	84.388
256.797	132.787	84.335
256.709	133.204	84.271
256.582	133.768	84.252
256.416	134.493	84.264
256.279	135.285	84.251
256.122	136.165	84.251
255.723	136.273	84.165
255.621	136.151	84.236
255.725	136.117	84.297
255.868	136.255	84.359
255.916	136.354	84.421
255.963	136.225	84.453
256.019	136.172	84.509
256.119	136.053	84.511
256.153	135.987	84.465
256.170	135.903	84.402
256.177	135.783	84.310
256.128	135.738	84.296
256.115	135.630	84.301
256.100	135.511	84.341
256.146	135.306	84.373
256.204	135.049	84.391
256.268	134.784	84.398
256.354	134.526	84.390
256.442	134.196	84.361
256.527	133.852	84.308
256.619	133.484	84.252
256.668	133.155	84.216
256.714	132.880	84.194
256.782	132.610	84.173
256.807	132.446	84.193
256.870	132.267	84.186
256.913	132.170	84.194
256.939	132.120	84.208
256.941	132.109	84.194
256.922	132.190	84.209
256.877	132.345	84.222
256.818	132.582	84.226
256.754	132.887	84.239
256.695	133.306	84.241
256.552	133.885	84.274
256.457	134.518	84.272
256.319	135.288	84.291
256.208	136.074	84.259
255.864	136.349	84.195
255.751	136.150	84.236
255.790	136.121	84.321
255.943	136.142	84.364
255.992	136.300	84.442
256.007	136.244	84.479
256.002	136.188	84.490
255.999	136.014	84.446
256.031	135.909	84.417
256.087	135.780	84.326
256.104	135.666	84.274
256.117	135.541	84.255
256.131	135.382	84.231
256.164	135.165	84.239
256.228	134.927	84.230
256.283	134.716	84.276
256.389	134.410	84.276
256.472	134.134	84.273
256.541	133.833	84.262
256.651	133.483	84.240
256.720	133.163	84.215
256.797	132.864	84.194
256.827	132.659	84.207
256.873	132.472	84.212
256.892	132.334	84.232
256.906	132.239	84.247
256.912	132.171	84.255
256.916	132.159	84.250
256.869	132.241	84.255
256.818	132.375	84.242
256.754	132.605	84.237
256.649	132.948	84.276
256.590	133.347	84.264
256.479	133.909	84.302
256.348	134.604	84.351
256.257	135.352	84.373
256.160	136.172	84.393
255.783	136.310	84.286
255.733	136.146	84.281
255.827	136.113	84.282
255.964	136.208	84.331
256.077	136.301	84.379
256.082	136.255	84.409
256.102	136.144	84.430
256.087	135.977	84.446
256.127	135.831	84.424
256.175	135.660	84.366
256.180	135.524	84.310
256.185	135.391	84.304
256.212	135.193	84.290
256.244	134.968	84.279
256.314	134.714	84.274
256.359	134.490	84.310
256.433	134.202	84.305
256.524	133.893	84.295
256.583	133.608	84.301
256.644	133.307	84.280
256.681	133.046	84.258
256.732	132.823	84.254
256.806	132.632	84.251
256.834	132.523	84.262
256.853	132.476	84.290
256.870	132.449	84.281
256.906	132.429	84.250
256.883	132.538	84.234
256.872	132.638	84.195
256.787	132.888	84.190
256.710	133.216	84.193
256.582	133.676	84.211
256.485	134.207	84.262
256.364	134.813	84.300
256.248	135.520	84.370
256.120	136.281	84.455
255.786	136.247	84.381
255.753	136.146	84.444
255.862	136.107	84.469
255.990	136.233	84.500
256.061	136.346	84.551
256.088	136.270	84.508
256.115	136.187	84.479
256.154	136.005	84.419
256.233	135.821	84.338
256.236	135.715	84.302
256.210	135.586	84.254
256.231	135.417	84.221
256.229	135.237	84.214
256.271	134.979	84.203
256.308	134.756	84.229
256.375	134.503	84.270
256.442	134.230	84.306
256.552	133.889	84.315
256.658	133.546	84.336
256.722	133.238	84.343
256.747	132.977	84.367
256.758	132.775	84.397
256.781	132.629	84.425
256.809	132.525	84.433
256.839	132.478	84.423
256.883	132.431	84.393
256.856	132.512	84.379
256.838	132.602	84.336
256.810	132.756	84.298
256.756	132.979	84.261
256.665	133.334	84.245
256.549	133.803	84.228
256.421	134.375	84.259
256.342	134.940	84.229
256.212	135.665	84.277
256.042	136.355	84.286
255.714	136.264	84.247
255.737	136.163	84.319
255.871	136.144	84.369
255.986	136.303	84.428
256.048	136.317	84.474
256.054	136.284	84.515
256.120	136.147	84.533
256.124	136.030	84.511
256.179	135.904	84.463
256.211	135.760	84.395
256.201	135.620	84.356
