NO_OF_FRAMES	5000
NO_OF_DATA_TYPES	3
FREQUENCY	500
TIME_STAMP	2026-05-27, 15:59:54
DATA_INCLUDED	Position
DATA_TYPES	Unidentified [96077]_pos_X	Unidentified [96077]_pos_Y	Unidentified [96077]_pos_Z


267.376	35.725	155.543
267.339	35.340	155.557
267.317	34.885	155.563
267.280	34.343	155.579
267.259	33.719	155.593
267.230	33.052	155.601
267.220	32.329	155.617
267.504	32.276	155.612
267.645	32.308	155.687
267.660	32.276	155.737
267.623	32.219	155.737
267.652	32.297	155.738
267.641	32.406	155.751
267.591	32.488	155.745
267.530	32.521	155.755
267.532	32.549	155.728
267.484	32.558	155.718
267.422	32.597	155.704
267.385	32.657	155.686
267.366	32.752	155.676
267.357	32.877	155.674
267.379	33.053	155.667
267.404	33.281	155.642
267.444	33.522	155.632
267.486	33.792	155.615
267.517	34.094	155.583
267.539	34.404	155.573
267.541	34.726	155.548
267.520	35.028	155.523
267.506	35.335	155.581
267.516	35.623	155.608
267.528	35.905	155.606
267.530	36.146	155.612
267.508	36.358	155.612
267.460	36.511	155.602
267.398	36.607	155.584
267.320	36.662	155.586
267.245	36.679	155.599
267.197	36.676	155.607
267.178	36.665	155.621
267.188	36.637	155.625
267.226	36.596	155.620
267.274	36.517	155.604
267.307	36.414	155.596
267.351	36.288	155.584
267.383	36.106	155.587
267.399	35.860	155.582
267.396	35.541	155.587
267.381	35.147	155.582
267.351	34.669	155.586
267.290	34.115	155.586
267.264	33.523	155.598
267.215	32.868	155.617
267.230	32.257	155.628
267.486	32.335	155.629
267.571	32.366	155.674
267.572	32.353	155.700
267.538	32.296	155.709
267.564	32.358	155.693
267.591	32.504	155.702
267.599	32.604	155.716
267.642	32.611	155.731
267.609	32.606	155.744
267.532	32.615	155.730
267.453	32.648	155.691
267.412	32.700	155.710
267.423	32.795	155.720
267.451	32.923	155.712
267.479	33.089	155.696
267.496	33.295	155.676
267.504	33.552	155.645
267.498	33.821	155.615
267.483	34.119	155.582
267.471	34.436	155.574
267.461	34.748	155.586
267.458	35.066	155.592
267.460	35.387	155.608
267.468	35.721	155.584
267.464	36.021	155.588
267.454	36.280	155.589
267.431	36.508	155.599
267.408	36.691	155.591
267.375	36.794	155.616
267.335	36.878	155.620
267.286	36.910	155.625
267.228	36.912	155.639
267.196	36.876	155.655
267.178	36.831	155.654
267.185	36.758	155.647
267.211	36.663	155.632
267.240	36.521	155.618
267.277	36.329	155.618
267.300	36.096	155.607
267.327	35.762	155.622
267.344	35.380	155.617
267.361	34.892	155.621
267.356	34.330	155.628
267.330	33.710	155.625
267.305	33.057	155.619
267.264	32.361	155.633
267.501	32.362	155.574
267.573	32.390	155.615
267.583	32.391	155.692
267.566	32.362	155.719
267.571	32.348	155.713
267.603	32.499	155.706
267.612	32.609	155.722
267.640	32.602	155.754
267.575	32.598	155.762
267.493	32.586	155.762
267.402	32.620	155.757
267.338	32.673	155.769
267.315	32.775	155.754
267.323	32.911	155.741
267.368	33.093	155.717
267.405	33.313	155.691
267.448	33.555	155.677
267.493	33.830	155.647
267.512	34.144	155.623
267.524	34.469	155.595
267.522	34.808	155.585
267.509	35.117	155.599
267.498	35.448	155.600
267.471	35.776	155.589
267.435	36.079	155.594
267.393	36.349	155.598
267.370	36.579	155.589
267.334	36.770	155.586
267.287	36.916	155.601
267.257	37.009	155.622
267.225	37.079	155.647
267.201	37.107	155.664
267.188	37.090	155.687
267.205	37.083	155.671
267.235	37.040	155.672
267.273	36.983	155.644
267.302	36.887	155.633
267.326	36.767	155.587
267.357	36.602	155.597
267.398	36.411	155.616
267.454	36.154	155.624
267.489	35.847	155.611
267.493	35.474	155.601
267.461	35.007	155.583
267.412	34.489	155.555
267.335	33.877	155.561
267.263	33.249	155.558
267.204	32.550	155.598
267.377	32.323	155.592
267.531	32.397	155.647
267.577	32.378	155.711
267.564	32.326	155.725
267.565	32.318	155.725
267.619	32.468	155.722
267.626	32.583	155.760
267.611	32.663	155.784
267.607	32.686	155.770
267.548	32.667	155.761
267.476	32.690	155.757
267.414	32.746	155.737
267.369	32.824	155.714
267.353	32.937	155.692
267.356	33.078	155.682
267.364	33.276	155.654
267.397	33.507	155.643
267.426	33.773	155.622
267.455	34.075	155.594
267.491	34.386	155.579
267.512	34.714	155.567
267.529	35.038	155.574
267.533	35.358	155.591
267.528	35.694	155.578
267.517	35.986	155.593
267.493	36.260	155.600
267.449	36.500	155.567
267.401	36.696	155.566
267.378	36.813	155.612
267.362	36.893	155.635
267.343	36.952	155.641
267.315	36.975	155.646
267.292	36.973	155.639
267.262	36.959	155.618
267.249	36.913	155.606
267.249	36.847	155.597
267.274	36.763	155.588
267.303	36.641	155.586
267.340	36.462	155.592
267.371	36.218	155.585
267.397	35.893	155.581
267.402	35.467	155.585
267.400	34.956	155.577
267.379	34.344	155.582
267.339	33.608	155.607
267.283	32.805	155.620
267.394	32.243	155.611
267.630	32.346	155.646
267.682	32.290	155.702
267.636	32.188	155.723
267.659	32.300	155.715
267.648	32.395	155.728
267.614	32.460	155.729
267.592	32.531	155.749
267.670	32.532	155.736
267.634	32.524	155.762
267.554	32.542	155.772
267.501	32.563	155.754
267.455	32.604	155.747
267.436	32.686	155.729
267.443	32.785	155.733
267.465	32.966	155.700
267.471	33.155	155.641
267.490	33.394	155.626
267.539	33.643	155.626
267.584	33.908	155.634
267.609	34.235	155.601
267.615	34.564	155.586
267.601	34.876	155.600
267.576	35.208	155.597
267.533	35.541	155.590
267.482	35.830	155.593
267.427	36.114	155.606
267.395	36.351	155.601
267.363	36.549	155.603
267.331	36.686	155.611
267.294	36.774	155.636
267.259	36.839	155.647
267.231	36.870	155.657
267.224	36.867	155.664
267.252	36.846	155.662
267.280	36.812	155.650
267.304	36.755	155.634
267.326	36.669	155.622
267.336	36.518	155.616
267.350	36.320	155.612
267.347	36.070	155.597
267.346	35.728	155.588
267.344	35.302	155.583
267.327	34.790	155.589
267.290	34.184	155.593
267.271	33.524	155.611
267.236	32.800	155.640
267.352	32.318	155.623
267.569	32.390	155.655
267.631	32.417	155.681
267.620	32.382	155.710
267.577	32.333	155.708
267.607	32.449	155.667
267.577	32.604	155.671
267.625	32.648	155.717
267.683	32.616	155.773
267.648	32.603	155.774
267.563	32.625	155.766
267.483	32.689	155.736
267.434	32.749	155.723
267.403	32.865	155.696
267.394	33.004	155.686
267.402	33.201	155.675
267.417	33.430	155.670
267.443	33.707	155.646
267.473	34.007	155.630
267.501	34.343	155.594
267.516	34.678	155.582
267.524	35.013	155.584
267.530	35.365	155.585
267.531	35.703	155.594
267.522	36.018	155.592
267.496	36.303	155.595
267.463	36.558	155.588
267.414	36.741	155.587
267.358	36.880	155.604
267.299	36.979	155.611
267.241	37.035	155.623
267.201	37.056	155.640
267.183	37.042	155.649
267.175	37.012	155.662
267.190	36.952	155.660
267.219	36.874	155.657
267.261	36.764	155.655
267.310	36.612	155.650
267.356	36.431	155.635
267.392	36.176	155.627
267.412	35.881	155.613
267.421	35.513	155.610
267.395	35.101	155.547
267.373	34.604	155.589
267.363	34.077	155.613
267.366	33.538	155.625
267.350	32.955	155.635
267.331	32.377	155.633
267.525	32.420	155.598
267.563	32.478	155.629
267.543	32.497	155.682
267.490	32.507	155.698
267.457	32.501	155.714
267.532	32.546	155.707
267.579	32.602	155.751
267.580	32.657	155.784
267.543	32.723	155.785
267.504	32.793	155.771
267.469	32.899	155.762
267.453	33.017	155.754
267.449	33.177	155.728
267.457	33.347	155.714
267.467	33.541	155.697
267.475	33.791	155.661
267.474	34.051	155.643
267.485	34.347	155.613
267.487	34.646	155.598
267.487	34.949	155.578
267.493	35.263	155.571
267.487	35.569	155.570
267.473	35.885	155.573
267.456	36.150	155.591
267.449	36.382	155.606
267.433	36.603	155.608
267.424	36.760	155.614
267.399	36.868	155.638
267.368	36.958	155.645
267.331	37.021	155.654
267.304	37.026	155.667
267.270	37.012	155.646
267.250	36.980	155.653
267.273	36.955	155.669
267.324	36.909	155.667
267.387	36.850	155.655
267.431	36.799	155.613
267.459	36.699	155.602
267.455	36.559	155.583
267.437	36.375	155.566
267.409	36.139	155.561
267.377	35.853	155.555
267.360	35.490	155.574
267.344	35.066	155.575
267.330	34.551	155.583
267.312	33.958	155.591
267.300	33.325	155.599
267.284	32.661	155.607
267.445	32.326	155.599
267.648	32.404	155.661
267.683	32.401	155.715
267.648	32.369	155.729
267.609	32.338	155.718
267.629	32.459	155.718
267.609	32.593	155.733
267.587	32.669	155.754
267.590	32.668	155.730
267.544	32.664	155.714
267.483	32.692	155.702
267.426	32.729	155.697
267.413	32.804	155.682
267.404	32.912	155.676
267.423	33.059	155.672
267.445	33.246	155.666
267.486	33.478	155.657
267.522	33.735	155.631
267.553	34.024	155.609
267.557	34.355	155.550
267.543	34.646	155.548
267.539	34.955	155.591
267.565	35.272	155.605
267.592	35.566	155.610
267.585	35.863	155.600
267.559	36.114	155.613
267.549	36.186	155.525
267.487	36.372	155.521
267.425	36.529	155.506
267.364	36.614	155.519
267.310	36.660	155.545
267.270	36.685	155.549
267.259	36.662	155.563
267.271	36.642	155.568
267.294	36.612	155.562
267.331	36.545	155.551
267.369	36.454	155.547
267.416	36.328	155.539
267.450	36.162	155.529
267.464	35.949	155.518
267.465	35.650	155.518
267.444	35.274	155.532
267.420	34.841	155.516
267.395	34.303	155.528
267.354	33.715	155.525
267.303	33.208	155.646
267.264	32.546	155.653
267.459	32.381	155.628
267.602	32.451	155.668
267.634	32.444	155.701
267.602	32.391	155.709
267.621	32.414	155.699
267.654	32.566	155.674
267.638	32.668	155.688
267.646	32.699	155.704
267.653	32.703	155.701
267.571	32.710	155.670
267.500	32.734	155.714
267.483	32.761	155.735
267.478	32.825	155.728
267.478	32.956	155.712
267.483	33.130	155.688
267.483	33.330	155.667
267.483	33.565	155.647
267.482	33.814	155.627
267.486	34.124	155.608
267.497	34.450	155.605
267.509	34.762	155.618
267.525	35.097	155.620
267.542	35.455	155.605
267.539	35.801	155.590
267.529	36.111	155.594
267.514	36.382	155.607
267.492	36.632	155.598
267.464	36.793	155.614
267.428	36.907	155.614
267.367	36.986	155.619
267.297	37.016	155.628
267.250	37.021	155.646
267.209	36.991	155.665
267.204	36.964	155.654
267.212	36.906	155.648
267.234	36.828	155.636
267.262	36.702	155.631
267.302	36.536	155.628
267.346	36.323	155.626
267.382	36.062	155.621
267.397	35.734	155.606
267.407	35.312	155.626
267.411	34.854	155.610
267.393	34.316	155.607
267.367	33.748	155.612
267.318	33.174	155.581
267.285	32.556	155.603
267.467	32.455	155.588
267.614	32.543	155.641
267.649	32.569	155.707
267.626	32.603	155.724
267.576	32.616	155.707
267.563	32.615	155.702
267.650	32.618	155.705
267.683	32.617	155.736
267.621	32.607	155.784
267.534	32.632	155.785
267.464	32.687	155.774
267.415	32.786	155.747
267.397	32.903	155.749
267.417	33.062	155.730
267.452	33.252	155.717
267.482	33.492	155.691
267.511	33.729	155.676
267.532	34.002	155.646
267.538	34.312	155.620
267.533	34.632	155.604
267.517	34.956	155.604
267.501	35.280	155.606
267.483	35.621	155.589
267.461	35.922	155.591
267.445	36.227	155.583
267.422	36.477	155.599
267.408	36.687	155.605
267.383	36.851	155.614
267.363	36.979	155.621
267.330	37.062	155.644
267.310	37.129	155.651
267.284	37.130	155.673
267.279	37.118	155.676
267.288	37.103	155.671
267.298	37.077	155.631
267.295	37.015	155.614
267.340	36.950	155.631
267.408	36.870	155.634
267.469	36.779	155.612
267.508	36.650	155.601
267.521	36.451	155.595
267.493	36.196	155.581
267.445	35.899	155.550
267.400	35.535	155.551
267.355	35.121	155.548
267.327	34.648	155.565
267.290	34.104	155.580
267.270	33.524	155.589
267.261	32.906	155.610
267.329	32.375	155.615
267.586	32.443	155.645
267.678	32.474	155.694
267.679	32.474	155.730
267.640	32.443	155.725
267.635	32.499	155.710
267.625	32.654	155.716
267.616	32.751	155.747
267.617	32.785	155.750
267.564	32.804	155.751
267.501	32.871	155.720
267.443	32.942	155.702
267.397	33.031	155.687
267.384	33.164	155.670
267.392	33.325	155.660
267.419	33.511	155.663
267.449	33.725	155.663
267.482	33.988	155.642
267.529	34.283	155.615
267.681	34.675	155.223
267.703	35.000	155.208
267.589	35.142	155.414
267.565	35.448	155.459
267.536	35.739	155.475
267.517	35.999	155.538
267.509	36.225	155.585
267.506	36.444	155.594
267.500	36.610	155.592
267.462	36.712	155.605
267.422	36.786	155.596
267.359	36.798	155.613
267.302	36.801	155.605
267.264	36.792	155.609
267.259	36.778	155.620
267.269	36.769	155.619
267.304	36.725	155.608
267.337	36.658	155.602
267.381	36.559	155.588
267.411	36.425	155.575
267.437	36.237	155.574
267.443	36.000	155.575
267.447	35.687	155.572
267.434	35.289	155.578
267.403	34.836	155.573
267.353	34.305	155.570
267.323	33.732	155.588
267.288	33.125	155.605
267.252	32.493	155.619
267.496	32.496	155.608
267.608	32.570	155.662
267.626	32.591	155.698
267.599	32.586	155.716
267.584	32.569	155.706
267.644	32.606	155.692
267.705	32.706	155.699
267.694	32.786	155.729
267.656	32.834	155.751
267.597	32.906	155.735
267.532	33.001	155.707
267.466	33.099	155.661
267.449	33.232	155.683
267.477	33.388	155.696
267.522	33.569	155.698
267.561	33.779	155.676
267.613	33.867	155.581
267.612	34.176	155.531
267.587	34.483	155.497
267.557	34.773	155.491
267.529	35.055	155.506
267.512	35.361	155.519
267.508	35.651	155.527
267.512	35.943	155.527
267.515	36.208	155.529
267.511	36.437	155.521
267.499	36.627	155.518
267.472	36.746	155.535
267.445	36.836	155.541
267.413	36.895	155.543
267.381	36.880	155.558
267.344	36.864	155.558
267.306	36.931	155.701
267.278	36.912	155.684
267.271	36.837	155.669
267.277	36.726	155.648
267.297	36.562	155.619
267.319	36.368	155.609
267.339	36.112	155.595
267.356	35.776	155.591
267.374	35.356	155.609
267.379	34.865	155.599
267.370	34.305	155.598
267.355	33.672	155.627
267.331	33.032	155.624
267.356	32.428	155.644
267.574	32.523	155.608
267.633	32.568	155.629
267.590	32.564	155.650
267.549	32.527	155.698
267.578	32.551	155.704
267.632	32.691	155.720
267.662	32.805	155.742
267.677	32.833	155.783
267.623	32.878	155.783
267.538	32.936	155.760
267.456	33.015	155.742
267.400	33.098	155.741
267.378	33.222	155.745
267.380	33.377	155.743
267.411	33.582	155.724
267.450	33.807	155.703
267.482	34.089	155.662
267.511	34.392	155.623
267.530	34.691	155.611
267.547	35.000	155.597
267.553	35.305	155.607
267.545	35.618	155.595
267.528	35.917	155.592
267.494	36.204	155.595
267.463	36.454	155.610
267.428	36.687	155.597
267.392	36.838	155.609
267.347	36.988	155.597
267.305	37.070	155.625
267.269	37.114	155.649
267.238	37.127	155.666
267.221	37.116	155.684
267.229	37.096	155.688
267.253	37.048	155.684
267.284	36.999	155.670
267.321	36.915	155.643
267.375	36.814	155.626
267.403	36.680	155.598
267.417	36.505	155.569
267.434	36.287	155.589
267.472	36.011	155.612
267.504	35.714	155.597
267.522	35.323	155.601
267.497	34.891	155.585
267.449	34.401	155.557
267.388	33.844	155.573
267.331	33.303	155.568
267.275	32.719	155.598
267.388	32.511	155.580
267.521	32.594	155.658
267.571	32.614	155.732
267.577	32.649	155.757
267.557	32.675	155.733
267.586	32.678	155.742
267.673	32.690	155.738
267.743	32.683	155.751
267.690	32.691	155.764
267.609	32.708	155.757
267.529	32.752	155.742
267.459	32.855	155.708
267.416	32.966	155.697
267.416	33.101	155.685
267.415	33.297	155.661
267.433	33.504	155.651
267.447	33.750	155.629
267.481	34.049	155.605
267.507	34.365	155.583
267.522	34.671	155.588
267.533	34.992	155.587
267.543	35.324	155.593
267.547	35.661	155.579
267.541	35.970	155.582
267.530	36.246	155.590
267.514	36.509	155.585
267.486	36.714	155.582
267.440	36.859	155.557
267.398	36.964	155.596
267.375	37.027	155.617
267.367	37.047	155.638
267.360	37.046	155.639
267.356	37.040	155.622
267.344	37.029	155.602
267.341	36.982	155.590
267.333	36.943	155.575
267.339	36.868	155.577
267.350	36.792	155.572
267.387	36.671	155.575
267.408	36.497	155.585
267.427	36.271	155.579
267.437	35.963	155.579
267.434	35.601	155.571
267.429	35.162	155.566
267.425	34.649	155.575
267.379	34.045	155.594
267.352	33.420	155.587
267.308	32.722	155.614
267.483	32.510	155.584
267.622	32.561	155.672
267.640	32.561	155.710
267.606	32.526	155.710
267.610	32.550	155.694
267.634	32.684	155.687
267.621	32.775	155.706
267.610	32.814	155.734
267.631	32.830	155.713
267.581	32.831	155.708
267.525	32.858	155.709
267.486	32.897	155.704
267.472	32.967	155.696
267.463	33.079	155.684
267.474	33.227	155.668
267.465	33.419	155.616
267.490	33.622	155.642
267.544	33.866	155.634
267.594	34.151	155.605
267.618	34.445	155.595
267.609	34.729	155.597
267.592	35.041	155.583
267.559	35.352	155.584
267.524	35.656	155.580
267.482	35.949	155.582
267.440	36.227	155.587
267.421	36.455	155.602
267.401	36.658	155.593
267.381	36.799	155.587
267.352	36.904	155.587
267.324	36.964	155.597
267.298	36.987	155.612
267.293	36.978	155.634
267.305	36.972	155.624
267.321	36.946	155.612
267.345	36.900	155.605
267.352	36.825	155.595
267.365	36.705	155.598
267.378	36.551	155.596
267.380	36.350	155.587
267.388	36.089	155.585
267.390	35.775	155.569
267.385	35.380	155.585
267.377	34.919	155.587
267.371	34.396	155.593
267.352	33.835	155.607
267.345	33.261	155.614
267.330	32.641	155.639
267.517	32.591	155.586
267.645	32.648	155.641
267.652	32.680	155.687
267.624	32.715	155.670
267.576	32.711	155.678
267.621	32.725	155.697
267.754	32.737	155.688
267.779	32.737	155.735
267.726	32.759	155.761
267.637	32.807	155.751
267.550	32.893	155.720
267.477	32.998	155.694
267.434	33.116	155.694
267.417	33.294	155.690
267.421	33.503	155.694
267.451	33.730	155.689
267.481	34.018	155.658
267.512	34.339	155.624
267.536	34.657	155.610
267.545	34.978	155.612
267.555	35.338	155.611
267.559	35.682	155.601
267.551	36.015	155.595
267.544	36.318	155.598
267.514	36.597	155.594
267.475	36.814	155.602
267.429	36.983	155.606
267.382	37.127	155.600
267.341	37.218	155.605
267.300	37.270	155.624
267.262	37.310	155.629
267.239	37.293	155.655
267.240	37.266	155.660
267.250	37.210	155.664
267.281	37.135	155.656
267.300	37.021	155.651
267.347	36.878	155.639
267.384	36.683	155.629
267.413	36.454	155.628
267.432	36.170	155.610
267.422	35.827	155.558
267.419	35.418	155.596
267.441	34.952	155.615
267.459	34.457	155.602
267.444	33.867	155.623
267.420	33.288	155.606
267.373	32.647	155.621
267.531	32.571	155.555
267.606	32.633	155.620
267.587	32.665	155.690
267.547	32.676	155.726
267.513	32.681	155.731
267.567	32.705	155.727
267.648	32.738	155.761
267.657	32.777	155.787
267.616	32.818	155.796
267.562	32.869	155.797
267.513	32.951	155.792
267.478	33.057	155.786
267.456	33.204	155.759
267.449	33.379	155.733
267.456	33.571	155.712
267.468	33.802	155.686
267.477	34.070	155.660
267.494	34.374	155.633
267.509	34.683	155.606
267.511	34.996	155.587
267.524	35.329	155.583
267.521	35.667	155.575
267.520	35.993	155.575
267.507	36.281	155.589
267.503	36.550	155.596
267.490	36.773	155.605
267.463	36.954	155.615
267.437	37.100	155.613
267.396	37.194	155.625
267.355	37.257	155.647
267.305	37.290	155.622
267.268	37.286	155.657
267.278	37.287	155.672
267.319	37.271	155.665
267.354	37.222	155.654
267.391	37.162	155.630
267.418	37.054	155.612
267.430	36.938	155.576
267.420	36.771	155.564
267.414	36.535	155.561
267.391	36.247	155.558
267.386	35.879	155.569
267.380	35.451	155.565
267.378	34.917	155.564
267.359	34.300	155.562
267.343	33.589	155.581
267.328	32.840	155.589
267.535	32.571	155.562
267.722	32.607	155.663
267.744	32.581	155.706
267.692	32.504	155.727
267.706	32.589	155.719
267.699	32.696	155.740
267.648	32.762	155.758
267.603	32.809	155.766
267.645	32.791	155.744
267.609	32.785	155.749
267.539	32.814	155.748
267.487	32.863	155.726
267.453	32.923	155.712
267.454	33.025	155.706
267.461	33.173	155.701
267.492	33.363	155.683
267.531	33.597	155.653
267.573	33.857	155.624
267.602	34.148	155.598
267.594	34.463	155.530
267.581	34.769	155.558
267.598	35.073	155.600
267.621	35.389	155.625
267.640	35.705	155.611
267.627	36.033	155.600
267.598	36.316	155.612
267.546	36.561	155.610
267.480	36.776	155.593
267.409	36.924	155.593
267.340	37.043	155.596
267.279	37.089	155.626
267.244	37.103	155.644
267.224	37.093	155.650
267.228	37.084	155.643
267.255	37.052	155.631
267.299	36.991	155.617
267.355	36.903	155.606
267.402	36.770	155.594
267.434	36.599	155.585
267.450	36.362	155.582
267.452	36.049	155.586
267.426	35.681	155.588
267.412	35.208	155.588
267.386	34.657	155.598
267.343	34.027	155.592
267.315	33.366	155.583
267.271	32.632	155.618
267.536	32.603	155.602
267.672	32.643	155.661
267.692	32.606	155.713
267.654	32.551	155.717
267.687	32.624	155.697
267.704	32.759	155.709
267.693	32.867	155.716
267.699	32.891	155.745
267.692	32.883	155.723
267.603	32.876	155.720
267.539	32.912	155.748
267.521	32.950	155.749
267.516	33.032	155.734
267.525	33.146	155.723
267.525	33.330	155.702
267.527	33.537	155.684
267.532	33.781	155.653
267.524	34.066	155.625
267.528	34.377	155.601
267.537	34.682	155.608
267.547	35.010	155.606
267.563	35.340	155.619
267.573	35.697	155.593
267.568	36.031	155.595
267.551	36.354	155.588
267.540	36.632	155.597
267.520	36.839	155.618
267.479	37.004	155.619
267.431	37.121	155.621
267.374	37.194	155.621
267.308	37.218	155.644
267.259	37.223	155.661
267.225	37.200	155.661
267.221	37.161	155.652
267.231	37.098	155.642
267.259	37.014	155.623
267.293	36.876	155.621
267.337	36.698	155.617
267.379	36.466	155.610
267.418	36.171	155.608
267.432	35.805	155.611
267.440	35.371	155.609
267.433	34.876	155.594
267.415	34.309	155.597
267.383	33.698	155.600
267.326	33.067	155.583
267.383	32.574	155.604
267.588	32.681	155.614
267.664	32.724	155.671
267.675	32.744	155.707
267.631	32.755	155.708
267.611	32.725	155.697
267.654	32.763	155.674
267.676	32.827	155.722
267.627	32.890	155.770
267.574	32.962	155.781
267.509	33.043	155.781
267.468	33.153	155.774
267.440	33.306	155.762
267.442	33.482	155.748
267.471	33.667	155.746
267.504	33.901	155.727
267.547	34.178	155.684
267.563	34.467	155.662
267.576	34.771	155.631
267.567	35.083	155.612
267.562	35.406	155.597
267.534	35.721	155.595
267.513	36.038	155.586
267.485	36.331	155.575
267.471	36.614	155.566
267.451	36.838	155.588
267.421	37.030	155.596
267.392	37.194	155.607
267.371	37.305	155.629
267.341	37.390	155.658
267.316	37.438	155.672
267.293	37.441	155.683
267.296	37.423	155.690
267.297	37.406	155.689
267.310	37.370	155.671
267.320	37.304	155.624
267.336	37.202	155.607
267.385	37.090	155.617
267.461	36.920	155.623
267.515	36.729	155.596
267.546	36.453	155.594
267.538	36.113	155.578
267.497	35.702	155.553
267.440	35.197	155.538
267.386	34.622	155.541
267.321	33.977	155.564
267.278	33.298	155.569
267.265	32.596	155.616
267.552	32.655	155.610
267.680	32.650	155.669
267.691	32.601	155.713
267.689	32.596	155.720
267.732	32.722	155.734
267.726	32.800	155.770
267.694	32.876	155.774
267.689	32.882	155.776
267.658	32.901	155.762
267.583	32.895	155.775
267.516	32.939	155.763
267.464	33.016	155.731
267.429	33.100	155.723
267.422	33.250	155.705
267.433	33.434	155.691
267.469	33.661	155.674
267.497	33.930	155.654
267.540	34.226	155.622
267.573	34.543	155.602
267.599	34.874	155.589
267.616	35.208	155.598
267.624	35.549	155.592
267.618	35.897	155.574
267.607	36.204	155.584
267.575	36.489	155.572
267.524	36.741	155.562
267.496	36.913	155.605
267.469	37.050	155.619
267.446	37.130	155.630
267.412	37.181	155.634
267.370	37.183	155.641
267.334	37.172	155.630
267.303	37.143	155.627
267.295	37.130	155.613
267.301	37.093	155.594
267.327	37.007	155.593
267.373	36.911	155.586
267.413	36.754	155.582
267.445	36.536	155.571
267.466	36.245	155.567
267.469	35.865	155.576
267.459	35.403	155.585
267.448	34.850	155.580
267.402	34.214	155.588
267.353	33.494	155.600
267.291	32.730	155.615
267.546	32.640	155.591
267.686	32.660	155.677
267.686	32.614	155.729
267.650	32.587	155.716
267.683	32.695	155.714
267.673	32.792	155.725
267.649	32.863	155.749
267.666	32.889	155.747
267.691	32.889	155.768
267.638	32.889	155.784
267.582	32.932	155.782
267.535	32.997	155.755
267.511	33.073	155.745
267.510	33.190	155.730
267.516	33.353	155.708
267.523	33.557	155.651
267.554	33.771	155.668
267.612	34.042	155.645
267.654	34.325	155.620
267.662	34.616	155.606
267.655	34.908	155.604
267.632	35.233	155.592
267.603	35.549	155.583
267.555	35.862	155.579
267.515	36.145	155.592
267.470	36.422	155.600
267.443	36.658	155.603
267.428	36.820	155.620
267.401	36.981	155.609
267.371	37.070	155.610
267.336	37.125	155.632
267.316	37.138	155.648
267.309	37.129	155.654
267.320	37.108	155.654
267.334	37.080	155.628
267.345	37.006	155.614
267.361	36.886	155.612
267.376	36.741	155.596
267.384	36.545	155.594
267.389	36.275	155.592
267.394	35.960	155.575
267.384	35.541	155.580
267.377	35.052	155.573
267.355	34.464	155.596
267.329	33.827	155.617
267.309	33.172	155.621
267.384	32.631	155.628
267.602	32.722	155.636
267.667	32.748	155.676
267.655	32.736	155.698
267.622	32.688	155.715
267.627	32.774	155.651
267.623	32.900	155.689
267.742	32.882	155.735
267.776	32.845	155.785
267.724	32.845	155.791
267.641	32.861	155.783
267.557	32.929	155.753
267.497	33.010	155.723
267.456	33.119	155.726
267.460	33.273	155.710
267.477	33.468	155.699
267.492	33.706	155.683
267.524	33.985	155.661
267.555	34.291	155.638
267.574	34.623	155.604
267.587	34.950	155.607
267.595	35.322	155.595
267.593	35.678	155.580
267.588	36.027	155.584
267.571	36.358	155.575
267.555	36.651	155.572
267.511	36.869	155.580
267.458	37.059	155.590
267.400	37.189	155.597
267.350	37.276	155.604
267.302	37.317	155.622
267.264	37.337	155.628
267.242	37.325	155.639
267.243	37.276	155.657
267.265	37.212	155.644
267.287	37.125	155.647
267.329	36.995	155.642
267.373	36.840	155.627
267.415	36.633	155.619
267.443	36.359	155.635
267.464	36.063	155.604
267.457	35.686	155.582
267.425	35.244	155.563
267.420	34.764	155.591
267.413	34.226	155.618
267.422	33.671	155.623
267.406	33.112	155.620
267.446	32.687	155.602
267.601	32.774	155.602
267.605	32.811	155.651
267.572	32.827	155.691
267.510	32.839	155.708
267.501	32.835	155.727
267.594	32.908	155.731
267.619	32.974	155.779
267.607	33.030	155.807
267.573	33.106	155.812
267.541	33.201	155.789
267.520	33.322	155.773
267.505	33.447	155.776
267.515	33.613	155.751
267.528	33.785	155.742
267.541	34.018	155.706
267.541	34.278	155.670
267.544	34.549	155.638
267.543	34.831	155.624
267.539	35.123	155.607
267.537	35.431	155.594
267.545	35.754	155.565
267.530	36.046	155.566
267.518	36.334	155.576
267.499	36.608	155.580
267.493	36.821	155.594
267.472	36.986	155.610
267.446	37.144	155.614
267.424	37.228	155.637
267.391	37.289	155.647
267.353	37.322	155.665
267.324	37.325	155.662
267.306	37.309	155.629
267.307	37.279	155.646
267.339	37.236	155.660
267.387	37.198	155.652
267.444	37.141	155.620
267.485	37.064	155.602
267.507	36.931	155.584
267.502	36.763	155.567
267.484	36.539	155.553
267.458	36.247	155.554
267.419	35.902	155.554
267.402	35.481	155.571
267.383	34.975	155.570
267.358	34.388	155.579
267.352	33.725	155.596
267.330	33.034	155.604
267.494	32.664	155.601
267.704	32.745	155.668
267.749	32.744	155.712
267.722	32.679	155.747
267.693	32.691	155.726
267.715	32.805	155.742
267.693	32.915	155.758
267.640	32.993	155.774
267.628	33.015	155.747
267.602	32.998	155.742
267.541	33.025	155.729
267.494	33.076	155.713
267.467	33.156	155.689
267.471	33.255	155.681
267.472	33.408	155.678
267.508	33.590	155.684
267.545	33.825	155.671
267.590	34.106	155.634
267.619	34.410	155.596
267.630	34.708	155.575
267.616	35.010	155.530
267.602	35.302	155.566
267.612	35.601	155.600
267.622	35.911	155.595
267.646	36.168	155.607
267.631	36.439	155.611
267.594	36.672	155.606
267.547	36.841	155.600
267.473	36.970	155.585
267.399	37.052	155.582
267.330	37.099	155.594
267.284	37.102	155.612
267.268	37.085	155.625
267.276	37.062	155.626
267.300	37.023	155.617
267.342	36.961	155.601
267.383	36.872	155.591
267.432	36.743	155.593
267.461	36.575	155.589
267.486	36.350	155.585
267.487	36.045	155.595
267.468	35.685	155.587
267.438	35.244	155.584
267.405	34.721	155.592
267.355	34.149	155.593
267.331	33.518	155.612
267.291	32.859	155.626
267.505	32.754	155.600
267.640	32.802	155.671
267.663	32.801	155.706
267.643	32.783	155.714
267.639	32.761	155.709
267.673	32.908	155.698
267.691	33.014	155.716
267.751	33.041	155.725
267.722	33.031	155.749
267.645	33.041	155.730
267.553	33.080	155.706
267.512	33.126	155.724
267.512	33.201	155.736
267.534	33.325	155.716
267.554	33.484	155.699
267.567	33.689	155.681
267.568	33.941	155.636
267.565	34.210	155.606
267.554	34.507	155.586
267.540	34.800	155.584
267.535	35.112	155.599
267.546	35.447	155.602
267.554	35.796	155.581
267.564	36.116	155.576
267.562	36.418	155.577
267.548	36.698	155.583
267.523	36.920	155.596
267.496	37.100	155.608
267.460	37.238	155.608
267.418	37.312	155.613
267.365	37.365	155.607
267.314	37.355	155.635
267.272	37.351	155.641
267.261	37.304	155.648
267.268	37.246	155.634
267.288	37.156	155.619
267.313	37.023	155.604
267.343	36.841	155.603
267.380	36.609	155.610
267.408	36.305	155.608
267.430	35.944	155.602
267.442	35.485	155.617
267.439	34.953	155.613
267.422	34.360	155.615
267.392	33.718	155.614
267.354	33.057	155.624
267.476	32.759	155.544
267.603	32.831	155.596
267.641	32.814	155.691
267.645	32.803	155.711
267.637	32.778	155.711
267.656	32.893	155.699
267.645	33.027	155.723
267.678	33.063	155.744
267.661	33.057	155.767
267.587	33.064	155.776
267.508	33.096	155.779
267.460	33.177	155.762
267.432	33.269	155.766
267.435	33.409	155.750
267.462	33.561	155.740
267.510	33.775	155.726
267.553	34.025	155.699
267.588	34.327	155.654
267.611	34.622	155.627
267.618	34.933	155.600
267.626	35.252	155.596
267.603	35.577	155.586
267.575	35.908	155.582
267.545	36.213	155.587
267.520	36.505	155.584
267.497	36.778	155.577
267.464	36.986	155.591
267.420	37.178	155.590
267.391	37.302	155.614
267.354	37.393	155.633
267.318	37.445	155.658
267.300	37.467	155.677
267.290	37.470	155.678
267.305	37.441	155.686
267.316	37.407	155.682
267.354	37.343	155.658
267.380	37.255	155.613
267.399	37.161	155.594
267.454	37.014	155.612
267.514	36.833	155.620
267.565	36.598	155.607
267.581	36.287	155.593
267.562	35.915	155.579
267.525	35.459	155.581
267.456	34.944	155.564
267.392	34.361	155.558
267.340	33.727	155.583
267.293	33.077	155.601
267.419	32.727	155.594
267.602	32.785	155.664
267.654	32.789	155.700
267.648	32.754	155.734
267.650	32.742	155.732
267.687	32.855	155.746
267.700	32.987	155.768
267.700	33.056	155.781
267.689	33.049	155.789
267.620	33.068	155.765
267.545	33.070	155.754
267.484	33.130	155.724
267.452	33.192	155.712
267.440	33.294	155.708
267.446	33.436	155.686
267.467	33.628	155.667
267.496	33.861	155.656
267.529	34.135	155.630
267.557	34.447	155.595
267.588	34.753	155.578
267.605	35.058	155.582
267.621	35.389	155.591
267.627	35.724	155.576
267.619	36.031	155.589
267.596	36.341	155.578
267.571	36.605	155.577
267.523	36.836	155.562
267.489	37.003	155.604
267.466	37.132	155.625
267.447	37.212	155.634
267.424	37.263	155.636
267.391	37.272	155.641
267.354	37.256	155.637
267.334	37.244	155.617
267.334	37.213	155.603
267.333	37.165	155.591
267.364	37.099	155.582
267.400	36.989	155.583
267.444	36.823	155.585
267.470	36.611	155.577
267.488	36.313	155.576
267.490	35.934	155.578
267.483	35.485	155.578
267.467	34.943	155.583
267.431	34.322	155.587
267.382	33.615	155.595
267.334	32.868	155.614
267.563	32.766	155.601
267.694	32.786	155.684
267.699	32.764	155.715
267.674	32.710	155.720
267.709	32.802	155.701
267.708	32.915	155.719
267.681	32.980	155.729
267.678	33.007	155.745
267.711	33.010	155.740
267.661	33.032	155.747
267.607	33.061	155.745
267.569	33.112	155.732
267.539	33.182	155.725
267.541	33.299	155.720
267.542	33.467	155.690
267.547	33.669	155.632
267.570	33.899	155.649
267.634	34.163	155.632
267.668	34.434	155.608
267.675	34.731	155.594
267.676	35.021	155.595
267.659	35.333	155.580
267.621	35.651	155.571
267.586	35.959	155.572
267.544	36.235	155.586
267.501	36.517	155.594
267.475	36.753	155.595
267.452	36.942	155.598
267.425	37.085	155.594
267.400	37.180	155.606
267.372	37.238	155.626
267.352	37.257	155.645
267.338	37.245	155.658
267.352	37.227	155.653
267.368	37.191	155.642
267.379	37.136	155.621
267.397	37.041	155.605
267.413	36.895	155.603
267.424	36.712	155.599
267.425	36.464	155.594
267.428	36.155	155.588
267.424	35.785	155.579
267.411	35.323	155.590
267.397	34.792	155.590
267.372	34.195	155.604
267.361	33.559	155.617
267.335	32.907	155.638
267.552	32.824	155.597
267.666	32.884	155.649
267.694	32.890	155.687
267.660	32.878	155.700
267.624	32.846	155.667
267.652	32.928	155.657
267.697	33.037	155.714
267.745	33.088	155.761
267.729	33.144	155.784
267.676	33.210	155.775
267.610	33.298	155.760
267.546	33.408	155.730
267.512	33.539	155.718
267.494	33.685	155.712
267.494	33.875	155.702
267.519	34.113	155.683
267.542	34.406	155.657
267.566	34.678	155.638
267.584	34.994	155.611
267.598	35.315	155.597
267.610	35.630	155.581
267.607	35.970	155.574
267.601	36.276	155.575
267.589	36.575	155.578
267.556	36.824	155.585
267.523	37.037	155.592
267.465	37.201	155.608
267.422	37.341	155.610
267.369	37.432	155.624
267.327	37.483	155.632
267.284	37.503	155.646
267.269	37.484	155.666
267.263	37.468	155.657
267.270	37.401	155.659
267.293	37.308	155.663
267.332	37.183	155.649
267.371	37.020	155.630
267.429	36.805	155.625
267.461	36.546	155.607
267.474	36.212	155.605
267.494	35.815	155.590
267.458	35.345	155.556
267.437	34.822	155.581
267.428	34.247	155.612
267.440	33.643	155.623
267.426	33.014	155.626
267.564	32.805	155.576
267.654	32.863	155.623
267.624	32.886	155.663
267.577	32.866	155.695
267.519	32.842	155.707
267.553	32.948	155.719
267.591	33.056	155.752
267.642	33.094	155.800
267.624	33.138	155.809
267.579	33.194	155.794
267.543	33.270	155.778
267.517	33.359	155.776
267.516	33.470	155.778
267.530	33.620	155.759
267.545	33.809	155.732
267.569	34.027	155.705
267.571	34.296	155.661
267.566	34.574	155.625
267.567	34.853	155.618
267.568	35.155	155.599
267.568	35.462	155.591
267.561	35.808	155.556
267.551	36.094	155.575
267.538	36.394	155.580
267.521	36.675	155.590
267.504	36.898	155.606
267.475	37.106	155.610
267.454	37.251	155.627
267.427	37.346	155.644
267.396	37.416	155.659
267.359	37.451	155.668
267.338	37.449	155.673
267.318	37.430	155.649
267.319	37.413	155.642
267.348	37.360	155.657
267.404	37.314	155.644
267.464	37.252	155.618
267.507	37.154	155.608
267.536	37.007	155.596
267.530	36.830	155.568
267.508	36.583	155.555
267.474	36.279	155.544
267.441	35.916	155.542
267.414	35.474	155.563
267.390	34.948	155.572
267.367	34.347	155.582
267.351	33.676	155.603
267.342	32.983	155.613
267.574	32.797	155.602
267.730	32.855	155.676
267.772	32.830	155.721
267.730	32.762	155.741
267.738	32.813	155.734
267.734	32.947	155.739
267.696	33.026	155.757
267.637	33.096	155.761
267.635	33.106	155.731
267.599	33.092	155.722
267.549	33.120	155.718
267.504	33.181	155.691
267.485	33.259	155.685
267.485	33.380	155.680
267.498	33.534	155.687
267.530	33.737	155.680
267.577	33.979	155.663
267.620	34.292	155.604
267.793	34.688	155.188
267.795	34.979	155.196
267.802	35.283	155.166
267.765	35.575	155.167
267.773	35.896	155.183
267.787	36.195	155.213
267.671	36.301	155.450
267.643	36.563	155.515
267.616	36.793	155.529
267.561	36.954	155.551
267.498	37.076	155.545
267.428	37.141	155.550
267.360	37.160	155.572
267.305	37.145	155.609
267.295	37.145	155.620
267.307	37.131	155.627
267.334	37.082	155.621
267.376	37.032	155.594
267.413	36.948	155.584
267.462	36.845	155.578
267.499	36.680	155.581
267.513	36.469	155.588
267.515	36.193	155.580
267.499	35.852	155.572
267.457	35.433	155.582
267.420	34.961	155.576
267.391	34.424	155.577
267.360	33.839	155.592
267.329	33.227	155.608
267.418	32.851	155.594
267.613	32.943	155.631
267.672	32.979	155.672
267.669	32.972	155.711
267.639	32.960	155.704
267.648	32.951	155.698
267.722	33.044	155.680
267.743	33.120	155.715
267.721	33.203	155.738
267.678	33.271	155.737
267.602	33.346	155.685
267.543	33.437	155.700
267.538	33.536	155.725
267.563	33.669	155.721
267.587	33.844	155.703
267.607	34.061	155.678
267.613	34.306	155.650
267.601	34.594	155.603
267.584	34.852	155.603
267.568	35.150	155.585
267.560	35.444	155.591
267.560	35.758	155.579
267.562	36.055	155.592
267.571	36.352	155.580
267.578	36.636	155.573
267.561	36.862	155.586
267.536	37.061	155.596
267.510	37.212	155.605
267.482	37.315	155.613
267.439	37.381	155.621
267.400	37.394	155.632
267.346	37.394	155.630
267.319	37.371	155.643
267.300	37.332	155.647
267.310	37.283	155.635
267.315	37.188	155.620
267.341	37.060	155.610
267.373	36.870	155.610
267.400	36.648	155.602
267.436	36.345	155.604
267.456	35.975	155.604
267.469	35.518	155.612
267.469	34.982	155.616
267.458	34.394	155.608
267.428	33.734	155.629
267.392	33.067	155.646
267.561	32.858	155.572
267.664	32.915	155.611
267.680	32.932	155.680
267.671	32.916	155.725
267.669	32.882	155.728
267.704	32.971	155.713
267.697	33.108	155.739
267.732	33.145	155.758
267.697	33.146	155.775
267.621	33.143	155.786
267.540	33.196	155.770
267.475	33.274	155.753
267.445	33.375	155.751
267.448	33.502	155.749
267.484	33.669	155.737
267.514	33.885	155.721
267.575	34.152	155.682
267.603	34.436	155.652
267.633	34.738	155.629
267.637	35.056	155.605
267.644	35.379	155.602
267.624	35.706	155.594
267.603	36.039	155.579
267.578	36.344	155.590
267.538	36.638	155.592
267.504	36.903	155.586
267.468	37.103	155.592
267.429	37.275	155.599
267.396	37.408	155.610
267.357	37.478	155.641
267.326	37.541	155.641
267.306	37.550	155.670
267.295	37.534	155.681
267.317	37.500	155.681
267.338	37.453	155.675
267.372	37.380	155.653
267.412	37.290	155.628
267.441	37.180	155.586
267.464	37.012	155.566
267.502	36.817	155.592
267.546	36.573	155.601
267.586	36.262	155.590
267.597	35.906	155.577
267.579	35.465	155.583
267.520	34.961	155.575
267.452	34.412	155.559
267.395	33.811	155.571
267.344	33.203	155.602
267.416	32.870	155.592
267.591	32.958	155.649
267.651	32.991	155.699
267.647	32.990	155.735
267.630	32.959	155.742
267.655	32.957	155.742
267.737	33.049	155.739
267.756	33.127	155.780
267.717	33.197	155.790
267.656	33.282	155.772
267.592	33.350	155.759
267.533	33.456	155.748
267.494	33.588	155.727
267.487	33.733	155.715
267.488	33.925	155.686
267.504	34.138	155.665
267.529	34.424	155.620
267.556	34.702	155.610
267.568	34.997	155.595
267.594	35.316	155.577
267.609	35.629	155.564
267.616	35.948	155.565
267.620	36.253	155.571
267.618	36.534	155.587
267.596	36.811	155.575
267.573	37.025	155.592
267.533	37.211	155.571
267.482	37.341	155.575
267.448	37.449	155.609
267.428	37.511	155.642
267.417	37.530	155.662
267.410	37.530	155.660
267.398	37.517	155.651
267.392	37.486	155.634
267.376	37.438	155.610
267.367	37.363	155.598
267.379	37.267	155.578
267.400	37.145	155.568
267.434	36.957	155.571
267.469	36.701	155.570
267.480	36.350	155.575
267.491	35.943	155.560
267.487	35.412	155.577
267.470	34.803	155.579
267.433	34.090	155.597
267.399	33.324	155.604
267.525	32.838	155.593
267.726	32.924	155.646
267.761	32.877	155.701
267.724	32.779	155.728
267.748	32.900	155.731
267.731	32.998	155.742
267.706	33.062	155.748
267.695	33.112	155.755
267.758	33.121	155.737
267.715	33.096	155.776
267.641	33.109	155.774
267.587	33.141	155.754
267.541	33.195	155.738
267.531	33.277	155.731
267.541	33.404	155.715
267.568	33.572	155.697
267.589	33.777	155.639
267.604	34.022	155.592
267.637	34.280	155.604
267.667	34.565	155.603
267.694	34.848	155.604
267.710	35.165	155.591
267.698	35.485	155.590
267.673	35.806	155.591
267.631	36.109	155.586
267.582	36.410	155.582
267.536	36.689	155.582
267.479	36.908	155.597
267.445	37.087	155.601
267.417	37.217	155.600
267.379	37.288	155.623
267.350	37.340	155.634
267.329	37.342	155.657
267.328	37.334	155.662
267.357	37.316	155.653
267.387	37.269	155.642
267.417	37.219	155.615
267.443	37.093	155.611
267.459	36.934	155.607
267.467	36.752	155.590
267.464	36.471	155.603
267.462	36.129	155.589
267.459	35.698	155.588
267.430	35.184	155.588
267.406	34.598	155.604
267.376	33.944	155.617
267.351	33.274	155.631
267.471	32.881	155.625
267.664	32.955	155.663
267.714	32.982	155.689
267.705	32.950	155.719
267.669	32.894	155.730
267.706	33.029	155.689
267.699	33.159	155.684
267.766	33.185	155.708
267.795	33.162	155.769
267.745	33.155	155.790
267.682	33.190	155.776
267.615	33.252	155.746
267.554	33.362	155.716
267.530	33.461	155.720
267.523	33.623	155.693
267.526	33.830	155.685
267.546	34.084	155.664
267.569	34.387	155.636
267.586	34.685	155.620
267.606	34.992	155.612
267.626	35.337	155.593
267.626	35.674	155.583
267.625	36.009	155.581
267.621	36.344	155.575
267.606	36.645	155.579
267.584	36.897	155.584
267.551	37.108	155.588
267.505	37.264	155.591
267.446	37.359	155.610
267.388	37.425	155.614
267.337	37.435	155.632
267.301	37.430	155.641
267.296	37.404	155.660
267.297	37.372	155.661
267.317	37.316	155.663
267.351	37.236	155.649
267.379	37.123	155.634
267.426	36.973	155.622
267.461	36.778	155.624
267.497	36.535	155.613
267.512	36.214	155.617
267.508	35.847	155.608
267.497	35.434	155.580
267.460	34.974	155.562
267.448	34.478	155.605
267.451	33.960	155.639
267.456	33.453	155.640
267.439	32.940	155.651
267.603	32.992	155.606
267.641	33.049	155.650
267.626	33.098	155.687
267.575	33.126	155.708
267.549	33.157	155.720
267.620	33.179	155.731
267.722	33.173	155.763
267.720	33.199	155.799
267.673	33.247	155.799
267.624	33.306	155.771
267.584	33.391	155.756
267.563	33.491	155.750
267.562	33.624	155.746
267.575	33.805	155.719
267.593	34.003	155.690
267.594	34.248	155.654
267.592	34.512	155.623
267.583	34.792	155.601
267.573	35.081	155.598
267.575	35.391	155.588
267.573	35.725	155.554
267.575	36.035	155.553
267.556	36.348	155.558
267.548	36.632	155.563
267.542	36.870	155.586
267.514	37.085	155.599
267.500	37.248	155.611
267.481	37.382	155.613
267.456	37.450	155.639
267.429	37.515	155.643
267.395	37.535	155.656
267.373	37.539	155.649
267.360	37.505	155.635
267.372	37.482	155.647
267.414	37.452	155.645
267.481	37.419	155.633
267.524	37.368	155.615
267.547	37.294	155.603
267.558	37.174	155.582
267.544	37.003	155.562
267.516	36.805	155.545
267.487	36.534	155.553
267.456	36.205	155.557
267.436	35.834	155.560
267.430	35.366	155.585
267.411	34.828	155.590
267.404	34.224	155.593
267.406	33.589	155.612
267.402	32.964	155.623
267.659	32.991	155.617
267.753	33.038	155.673
267.763	33.005	155.722
267.714	32.966	155.733
267.698	32.979	155.708
267.706	33.139	155.706
267.702	33.249	155.738
267.734	33.256	155.726
267.689	33.245	155.724
267.624	33.264	155.700
267.550	33.301	155.681
267.511	33.379	155.659
267.498	33.442	155.680
267.509	33.578	155.666
267.534	33.736	155.660
267.564	33.957	155.654
267.609	34.211	155.634
267.804	34.658	155.192
267.797	34.931	155.205
267.796	35.229	155.138
267.791	35.552	155.153
267.812	35.855	155.166
267.824	36.147	155.194
267.840	36.430	155.189
267.823	36.694	155.203
267.794	36.941	155.185
267.601	36.963	155.400
267.527	37.099	155.460
267.452	37.208	155.494
267.392	37.268	155.530
267.348	37.290	155.565
267.326	37.281	155.596
267.330	37.279	155.608
267.349	37.249	155.622
267.375	37.208	155.622
267.410	37.131	155.619
267.456	37.036	155.604
267.490	36.906	155.592
267.523	36.714	155.597
267.529	36.467	155.600
267.513	36.150	155.600
267.494	35.761	155.603
267.462	35.310	155.601
267.436	34.798	155.595
267.405	34.199	155.608
267.387	33.589	155.619
267.354	32.977	155.629
267.586	32.982	155.627
267.690	33.030	155.667
267.708	33.042	155.692
267.679	33.010	155.708
267.679	33.005	155.684
267.717	33.138	155.667
267.744	33.247	155.685
267.778	33.268	155.714
267.735	33.281	155.700
267.650	33.309	155.694
267.600	33.360	155.718
267.574	33.438	155.732
267.573	33.539	155.716
267.592	33.685	155.702
267.599	33.881	155.679
267.607	34.117	155.653
267.603	34.372	155.624
267.598	34.670	155.593
267.576	34.957	155.598
267.586	35.270	155.598
267.604	35.582	155.600
267.613	35.925	155.584
267.620	36.251	155.578
267.621	36.550	155.581
267.609	36.822	155.595
267.585	37.064	155.599
267.564	37.263	155.602
267.531	37.392	155.616
267.492	37.466	155.631
267.428	37.512	155.634
267.373	37.517	155.643
267.332	37.502	155.663
267.312	37.483	155.668
267.316	37.443	155.654
267.328	37.377	155.634
267.356	37.269	155.632
267.380	37.125	155.614
267.417	36.941	155.615
267.456	36.690	155.609
267.482	36.358	155.620
267.503	35.973	155.622
267.505	35.516	155.623
267.495	34.997	155.608
267.478	34.435	155.606
267.452	33.812	155.626
267.412	33.207	155.601
267.544	32.979	155.575
267.682	33.076	155.624
267.734	33.102	155.678
267.723	33.115	155.714
267.689	33.115	155.704
267.692	33.076	155.718
267.739	33.150	155.694
267.725	33.216	155.738
267.666	33.269	155.773
267.606	33.334	155.781
267.551	33.424	155.777
267.515	33.545	155.771
267.495	33.688	155.762
267.509	33.856	155.755
267.548	34.077	155.723
267.578	34.342	155.686
267.610	34.588	155.671
267.631	34.878	155.640
267.646	35.176	155.619
267.643	35.511	155.586
267.632	35.820	155.568
267.607	36.116	155.583
267.580	36.434	155.577
267.554	36.721	155.573
267.532	36.965	155.580
267.499	37.198	155.581
267.469	37.369	155.619
267.443	37.517	155.620
267.420	37.620	155.643
267.384	37.684	155.677
267.354	37.726	155.688
267.351	37.725	155.695
267.342	37.702	155.704
267.354	37.679	155.697
267.372	37.631	155.686
267.394	37.568	155.626
267.411	37.475	155.616
267.464	37.369	155.624
267.532	37.232	155.616
267.590	37.029	155.612
267.620	36.786	155.589
267.607	36.484	155.571
267.566	36.089	155.564
267.518	35.648	155.549
267.458	35.141	155.539
267.408	34.556	155.565
267.365	33.936	155.586
267.338	33.301	155.600
267.471	32.969	155.597
267.666	33.041	155.647
267.719	33.055	155.685
267.716	33.039	155.712
267.698	33.011	155.718
267.737	33.120	155.718
267.737	33.251	155.740
267.759	33.312	155.746
267.734	33.324	155.754
267.660	33.347	155.746
267.583	33.394	155.727
267.534	33.456	155.709
267.494	33.539	155.691
267.485	33.650	155.680
267.490	33.814	155.668
267.514	34.017	155.658
267.552	34.287	155.626
267.585	34.558	155.613
267.615	34.858	155.580
267.637	35.159	155.583
267.656	35.480	155.586
267.665	35.806	155.574
267.664	36.122	155.579
267.651	36.426	155.578
267.626	36.696	155.573
267.579	36.920	155.574
267.549	37.126	155.609
267.545	37.269	155.635
267.534	37.372	155.638
267.511	37.434	155.642
267.472	37.457	155.646
267.429	37.448	155.632
267.389	37.446	155.623
267.375	37.414	155.612
267.376	37.376	155.613
267.393	37.320	155.608
267.425	37.228	155.601
267.470	37.091	155.583
267.500	36.905	155.581
267.527	36.659	155.577
267.539	36.330	155.582
267.541	35.933	155.583
267.526	35.463	155.588
267.497	34.910	155.586
267.449	34.271	155.594
267.409	33.593	155.602
267.397	32.947	155.624
267.645	33.017	155.629
267.729	33.042	155.680
267.720	32.993	155.710
267.693	32.948	155.710
267.737	33.060	155.687
267.736	33.174	155.706
267.724	33.265	155.725
267.719	33.293	155.729
267.722	33.273	155.732
267.679	33.264	155.740
267.632	33.285	155.748
267.595	33.344	155.727
267.588	33.427	155.720
267.581	33.548	155.693
267.573	33.705	155.666
267.602	33.924	155.682
267.671	34.194	155.652
267.702	34.451	155.632
267.725	34.734	155.617
267.722	35.025	155.601
267.711	35.332	155.597
267.667	35.628	155.596
267.624	35.942	155.582
267.584	36.245	155.583
267.557	36.549	155.587
267.534	36.803	155.604
267.514	37.019	155.610
267.492	37.197	155.618
267.472	37.319	155.617
267.443	37.398	155.626
267.421	37.424	155.645
267.398	37.423	155.653
267.392	37.409	155.664
267.394	37.385	155.656
267.410	37.344	155.644
267.422	37.264	155.633
267.430	37.178	155.607
267.445	37.014	155.605
267.462	36.821	155.586
267.472	36.553	155.588
267.467	36.232	155.587
267.468	35.843	155.574
267.456	35.349	155.609
267.442	34.827	155.596
267.428	34.249	155.603
267.417	33.620	155.630
267.403	33.028	155.636
267.626	33.055	155.611
267.705	33.111	155.636
267.708	33.130	155.675
267.666	33.125	155.654
267.640	33.087	155.674
267.723	33.183	155.665
267.781	33.287	155.718
267.774	33.382	155.762
267.732	33.477	155.769
267.672	33.587	155.752
267.609	33.696	155.747
267.560	33.822	155.739
267.527	34.003	155.713
267.521	34.188	155.708
267.527	34.424	155.696
267.547	34.675	155.692
267.571	34.956	155.659
267.603	35.263	155.633
267.620	35.600	155.586
267.620	35.911	155.576
267.634	36.219	155.570
267.635	36.521	155.575
267.623	36.802	155.582
267.596	37.043	155.589
267.563	37.252	155.591
267.525	37.402	155.612
267.475	37.535	155.624
267.428	37.632	155.629
267.384	37.690	155.642
267.348	37.703	155.660
267.316	37.680	155.681
267.305	37.656	155.690
267.309	37.612	155.679
267.331	37.530	155.684
267.350	37.433	155.671
267.397	37.294	155.650
267.438	37.125	155.617
267.484	36.903	155.604
267.509	36.617	155.600
267.515	36.283	155.570
267.502	35.881	155.547
267.494	35.419	155.585
267.504	34.916	155.597
267.519	34.369	155.596
267.498	33.774	155.618
267.459	33.194	155.611
267.600	33.059	155.553
267.673	33.115	155.615
267.646	33.136	155.670
267.595	33.143	155.714
267.567	33.124	155.740
267.607	33.179	155.729
267.686	33.267	155.759
267.688	33.344	155.799
267.662	33.434	155.803
267.633	33.513	155.799
267.599	33.607	155.801
267.580	33.730	155.794
267.578	33.880	155.780
267.591	34.071	155.742
267.599	34.296	155.696
267.596	34.532	155.672
267.601	34.776	155.653
267.601	35.069	155.621
267.614	35.361	155.609
267.619	35.664	155.588
267.609	35.982	155.560
267.604	36.288	155.562
267.589	36.573	155.579
267.568	36.838	155.596
267.555	37.068	155.616
267.539	37.272	155.622
267.522	37.425	155.640
267.499	37.557	155.635
267.468	37.628	155.652
267.430	37.665	155.665
267.388	37.673	155.679
267.360	37.657	155.655
267.353	37.627	155.655
267.378	37.584	155.673
267.432	37.541	155.667
267.496	37.486	155.630
267.536	37.403	155.610
267.558	37.287	155.593
267.563	37.116	155.569
267.550	36.899	155.560
267.525	36.645	155.538
267.503	36.304	155.545
267.479	35.894	155.568
267.457	35.420	155.584
267.435	34.866	155.584
267.416	34.252	155.585
267.410	33.568	155.610
267.447	32.981	155.621
267.701	33.080	155.630
267.775	33.100	155.686
267.773	33.066	155.729
267.726	33.011	155.734
267.723	33.113	155.703
267.724	33.238	155.735
267.698	33.347	155.751
267.695	33.386	155.750
267.659	33.410	155.737
267.603	33.429	155.723
267.554	33.482	155.712
267.526	33.560	155.694
267.522	33.638	155.691
267.533	33.773	155.684
267.569	33.947	155.675
267.603	34.170	155.663
267.805	34.571	155.215
267.828	34.844	155.202
267.844	35.130	155.174
267.840	35.431	155.129
267.824	35.725	155.139
267.836	36.040	155.159
267.848	36.294	155.199
267.723	36.396	155.438
267.702	36.644	155.507
267.661	36.888	155.517
267.602	37.074	155.551
267.538	37.222	155.557
267.464	37.328	155.559
267.405	37.382	155.578
267.353	37.398	155.609
267.331	37.400	155.620
267.341	37.375	155.629
267.361	37.349	155.634
267.390	37.305	155.613
267.432	37.223	155.602
267.473	37.122	155.589
267.521	36.983	155.588
267.541	36.803	155.572
267.554	36.541	155.581
267.532	36.218	155.578
267.504	35.832	155.584
267.483	35.357	155.594
267.445	34.841	155.595
267.416	34.267	155.593
267.395	33.655	155.606
267.376	33.074	155.623
267.608	33.103	155.626
267.688	33.157	155.655
267.706	33.146	155.694
267.679	33.126	155.700
267.694	33.142	155.685
267.726	33.294	155.678
267.753	33.386	155.701
267.796	33.390	155.725
267.760	33.393	155.733
267.665	33.431	155.696
267.605	33.478	155.712
267.581	33.545	155.720
267.594	33.638	155.714
267.610	33.776	155.702
267.619	33.958	155.684
267.629	34.198	155.655
267.623	34.460	155.616
267.614	34.731	155.591
267.596	35.016	155.587
267.605	35.327	155.591
267.608	35.639	155.598
267.619	35.969	155.584
267.628	36.312	155.566
267.634	36.611	155.579
267.622	36.897	155.582
267.600	37.145	155.591
267.578	37.358	155.590
267.556	37.497	155.596
267.509	37.582	155.616
267.461	37.638	155.624
267.398	37.653	155.626
267.356	37.649	155.643
267.334	37.608	155.656
267.325	37.566	155.647
267.341	37.510	155.626
267.359	37.415	155.616
267.388	37.272	155.608
267.425	37.097	155.598
267.465	36.860	155.591
267.497	36.549	155.601
267.513	36.173	155.603
267.521	35.729	155.602
267.506	35.205	155.607
267.493	34.641	155.609
267.463	34.035	155.619
267.417	33.427	155.592
267.511	33.096	155.572
267.682	33.196	155.610
267.733	33.238	155.665
267.744	33.249	155.699
267.717	33.236	155.708
267.708	33.211	155.702
267.758	33.268	155.680
267.746	33.331	155.727
267.694	33.391	155.765
267.633	33.456	155.770
267.576	33.524	155.782
267.534	33.642	155.784
267.517	33.779	155.771
267.518	33.960	155.759
267.549	34.175	155.732
267.586	34.418	155.706
267.617	34.677	155.684
267.647	34.954	155.664
267.666	35.269	155.633
267.667	35.583	155.605
267.647	35.901	155.582
267.632	36.210	155.579
267.611	36.528	155.575
267.583	36.799	155.586
267.547	37.069	155.569
267.520	37.283	155.589
267.496	37.458	155.603
267.465	37.615	155.606
267.440	37.721	155.624
267.403	37.789	155.657
267.373	37.813	155.683
267.354	37.825	155.699
267.357	37.816	155.695
267.358	37.780	155.697
267.380	37.738	155.684
267.405	37.651	155.657
267.420	37.555	155.605
267.463	37.436	155.621
267.515	37.287	155.625
267.579	37.089	155.611
267.617	36.829	155.600
267.626	36.514	155.581
267.590	36.098	155.572
267.553	35.653	155.546
267.483	35.103	155.557
267.422	34.514	155.565
267.379	33.865	155.593
267.345	33.206	155.613
267.550	33.098	155.599
267.689	33.131	155.673
267.724	33.149	155.692
267.710	33.092	155.737
267.727	33.113	155.737
267.753	33.245	155.753
267.748	33.359	155.773
267.760	33.410	155.775
267.728	33.407	155.781
267.645	33.416	155.768
267.573	33.453	155.756
267.539	33.509	155.734
267.504	33.594	155.717
267.510	33.714	155.702
267.520	33.894	155.680
267.545	34.127	155.662
267.576	34.405	155.627
267.613	34.684	155.612
267.639	34.983	155.599
267.665	35.313	155.576
267.683	35.626	155.575
267.688	35.951	155.582
267.695	36.270	155.586
267.670	36.582	155.592
267.640	36.869	155.581
267.595	37.092	155.579
267.558	37.300	155.600
267.545	37.434	155.627
267.537	37.531	155.639
267.511	37.574	155.647
267.468	37.596	155.651
267.428	37.580	155.652
267.396	37.568	155.640
267.383	37.546	155.618
267.381	37.502	155.616
267.400	37.437	155.606
267.437	37.354	155.596
267.476	37.207	155.589
267.516	36.995	155.583
267.542	36.726	155.582
267.554	36.371	155.573
267.551	35.936	155.582
267.537	35.419	155.591
267.499	34.805	155.597
267.451	34.107	155.609
267.401	33.385	155.617
267.562	33.077	155.597
267.722	33.148	155.664
267.746	33.140	155.697
267.717	33.073	155.714
267.734	33.123	155.695
267.760	33.243	155.711
267.734	33.329	155.727
267.715	33.369	155.750
267.746	33.377	155.744
267.705	33.386	155.754
267.656	33.408	155.760
267.621	33.456	155.743
267.594	33.534	155.720
267.589	33.632	155.724
267.603	33.774	155.713
267.605	33.979	155.643
267.630	34.225	155.635
267.679	34.481	155.629
267.716	34.749	155.613
267.743	35.022	155.602
267.740	35.325	155.590
267.723	35.633	155.578
267.682	35.940	155.577
267.640	36.243	155.573
267.596	36.539	155.579
267.558	36.801	155.589
267.526	37.039	155.597
267.502	37.231	155.611
267.476	37.366	155.614
267.451	37.468	155.616
267.427	37.520	155.633
267.399	37.537	155.652
267.396	37.527	155.666
267.398	37.516	155.660
267.418	37.486	155.654
267.432	37.427	155.646
267.444	37.346	155.626
267.460	37.236	155.611
267.469	37.069	155.601
267.482	36.849	155.590
267.493	36.563	155.584
267.483	36.206	155.583
267.473	35.779	155.582
267.446	35.270	155.588
267.442	34.704	155.595
267.415	34.079	155.615
267.405	33.449	155.634
267.518	33.139	155.601
267.689	33.209	155.632
267.721	33.254	155.657
267.709	33.240	155.696
267.674	33.222	155.668
267.676	33.228	155.662
267.753	33.361	155.685
267.780	33.431	155.746
267.778	33.502	155.771
267.738	33.588	155.765
267.679	33.661	155.765
267.620	33.777	155.743
267.579	33.926	155.720
267.563	34.092	155.710
267.562	34.319	155.677
267.569	34.551	155.670
267.587	34.819	155.660
267.614	35.105	155.645
267.634	35.430	155.613
267.651	35.774	155.569
267.652	36.085	155.569
267.661	36.415	155.566
267.646	36.717	155.579
267.631	36.990	155.590
267.608	37.232	155.599
267.581	37.445	155.591
267.535	37.606	155.594
267.478	37.724	155.625
267.424	37.814	155.630
267.380	37.856	155.642
267.348	37.849	155.664
267.323	37.837	155.671
267.312	37.803	155.680
267.325	37.728	155.689
267.346	37.633	155.683
267.382	37.496	155.670
267.420	37.327	155.652
267.462	37.100	155.638
267.505	36.813	155.624
267.534	36.452	155.610
267.539	36.021	155.609
267.514	35.518	155.573
267.479	34.931	155.594
267.478	34.318	155.620
267.479	33.642	155.647
267.506	33.085	155.641
267.715	33.186	155.604
267.744	33.196	155.650
267.711	33.167	155.697
267.643	33.115	155.704
267.638	33.216	155.697
267.634	33.340	155.742
267.695	33.390	155.764
267.716	33.365	155.815
267.677	33.370	155.826
267.615	33.397	155.802
267.581	33.437	155.786
267.557	33.493	155.776
267.565	33.586	155.784
267.589	33.716	155.770
267.617	33.911	155.731
267.632	34.140	155.698
267.653	34.403	155.658
267.648	34.688	155.633
267.653	34.995	155.612
267.651	35.316	155.617
267.642	35.667	155.587
267.633	36.012	155.580
267.627	36.364	155.577
267.607	36.699	155.582
267.583	36.990	155.603
267.561	37.281	155.604
267.544	37.486	155.619
267.517	37.652	155.637
267.471	37.791	155.654
267.435	37.889	155.663
267.390	37.958	155.666
267.368	37.988	155.669
267.356	37.978	155.660
267.347	37.953	155.637
267.377	37.907	155.656
267.442	37.850	155.654
267.514	37.766	155.632
267.570	37.612	155.634
267.595	37.449	155.597
267.583	37.207	155.586
267.565	36.874	155.567
267.524	36.487	155.549
267.483	36.007	155.558
267.445	35.440	155.574
267.414	34.771	155.580
267.375	33.996	155.605
267.345	33.201	155.616
267.688	33.128	155.602
267.859	33.130	155.668
267.872	33.053	155.705
267.864	33.043	155.715
267.873	33.181	155.733
267.835	33.268	155.741
267.767	33.303	155.768
267.751	33.338	155.753
267.753	33.341	155.755
267.684	33.355	155.759
267.607	33.360	155.754
267.545	33.412	155.722
267.497	33.479	155.705
267.487	33.569	155.718
267.508	33.710	155.709
267.549	33.901	155.687
267.606	34.150	155.651
267.653	34.427	155.617
267.680	34.707	155.604
267.709	35.022	155.582
267.731	35.338	155.584
267.728	35.679	155.567
267.698	35.999	155.529
267.683	36.297	155.577
267.682	36.574	155.623
267.679	36.852	155.625
267.663	37.090	155.625
267.638	37.293	155.619
267.590	37.412	155.630
267.520	37.499	155.616
267.440	37.538	155.627
267.362	37.531	155.648
267.324	37.532	155.643
267.319	37.525	155.655
267.344	37.512	155.638
267.393	37.454	155.643
267.442	37.385	155.608
267.483	37.261	155.595
267.526	37.102	155.594
267.563	36.889	155.584
267.571	36.612	155.593
267.561	36.254	155.581
267.529	35.815	155.578
267.486	35.285	155.589
267.444	34.698	155.581
267.393	34.044	155.606
267.367	33.379	155.619
267.552	33.175	155.584
267.708	33.262	155.636
267.726	33.266	155.682
267.712	33.252	155.695
267.695	33.193	155.707
267.748	33.338	155.705
267.776	33.469	155.721
267.832	33.485	155.746
267.822	33.471	155.763
267.752	33.474	155.747
267.674	33.495	155.745
267.608	33.538	155.691
267.561	33.610	155.699
267.586	33.714	155.721
267.637	33.875	155.710
267.686	34.077	155.682
267.707	34.321	155.660
267.705	34.602	155.628
267.691	34.899	155.588
267.667	35.195	155.577
267.642	35.503	155.576
267.614	35.832	155.565
267.610	36.144	155.584
267.610	36.472	155.589
267.616	36.785	155.589
267.603	37.060	155.592
267.599	37.319	155.585
267.580	37.491	155.605
267.554	37.613	155.626
267.512	37.708	155.635
267.467	37.756	155.647
267.424	37.773	155.654
267.386	37.743	155.665
267.363	37.715	155.673
267.359	37.643	155.667
267.368	37.567	155.641
267.390	37.453	155.618
267.413	37.293	155.593
267.441	37.071	155.591
267.470	36.790	155.588
267.491	36.407	155.590
267.502	35.960	155.593
267.503	35.411	155.625
267.491	34.818	155.610
267.460	34.149	155.631
267.435	33.461	155.636
267.582	33.165	155.591
267.737	33.254	155.606
267.724	33.255	155.625
267.690	33.239	155.685
267.691	33.180	155.718
267.756	33.315	155.707
267.787	33.456	155.721
267.841	33.482	155.744
267.815	33.458	155.771
267.727	33.448	155.771
267.624	33.476	155.755
267.543	33.516	155.745
267.496	33.584	155.749
267.486	33.705	155.753
267.513	33.867	155.742
267.549	34.093	155.713
267.589	34.363	155.673
267.630	34.633	155.656
267.655	34.951	155.621
267.688	35.265	155.620
267.699	35.605	155.602
267.683	35.957	155.586
267.681	36.294	155.585
267.651	36.628	155.582
267.618	36.926	155.593
267.572	37.219	155.588
267.540	37.447	155.587
267.509	37.618	155.608
267.461	37.764	155.618
267.414	37.880	155.623
267.371	37.944	155.649
267.344	37.970	155.669
267.330	37.970	155.682
267.334	37.940	155.690
267.357	37.894	155.687
267.388	37.823	155.680
267.432	37.710	155.664
267.476	37.585	155.631
267.488	37.418	155.580
267.512	37.194	155.591
267.553	36.920	155.612
267.601	36.586	155.609
267.629	36.178	155.596
267.613	35.717	155.590
267.572	35.154	155.584
267.508	34.541	155.574
267.439	33.868	155.582
267.378	33.215	155.593
267.605	33.214	155.589
267.688	33.285	155.640
267.714	33.279	155.700
267.694	33.229	155.720
267.699	33.227	155.716
267.744	33.392	155.734
267.771	33.500	155.769
267.817	33.501	155.777
267.780	33.481	155.790
267.693	33.473	155.790
267.613	33.501	155.775
267.564	33.548	155.755
267.537	33.632	155.745
267.523	33.750	155.724
267.536	33.922	155.707
267.557	34.139	155.681
267.590	34.414	155.635
267.618	34.688	155.617
267.640	34.994	155.591
267.662	35.301	155.590
267.675	35.617	155.593
267.683	35.972	155.577
267.687	36.305	155.585
267.681	36.620	155.599
267.661	36.927	155.604
267.644	37.208	155.600
267.620	37.442	155.596
267.569	37.591	155.592
267.518	37.735	155.592
267.469	37.799	155.654
267.444	37.866	155.670
267.434	37.903	155.664
267.427	37.895	155.663
267.433	37.874	155.636
267.434	37.820	155.628
267.435	37.756	155.603
267.439	37.664	155.586
267.458	37.536	155.583
267.487	37.367	155.575
267.509	37.133	155.585
267.533	36.837	155.572
267.548	36.433	155.570
267.545	35.947	155.567
267.527	35.375	155.573
267.502	34.699	155.582
267.462	33.929	155.601
267.445	33.169	155.614
267.726	33.226	155.606
267.810	33.234	155.670
267.796	33.133	155.718
267.788	33.141	155.701
267.814	33.292	155.718
267.788	33.383	155.730
267.760	33.426	155.753
267.809	33.454	155.736
267.824	33.442	155.740
267.754	33.429	155.759
267.675	33.445	155.756
267.620	33.490	155.734
267.598	33.549	155.727
267.600	33.643	155.724
267.624	33.792	155.713
267.652	34.007	155.684
267.670	34.233	155.615
267.667	34.508	155.584
267.684	34.779	155.609
267.718	35.058	155.614
267.755	35.357	155.611
267.758	35.676	155.606
267.745	36.010	155.596
267.721	36.333	155.586
267.664	36.642	155.589
267.613	36.932	155.594
267.556	37.179	155.603
267.517	37.375	155.612
267.485	37.519	155.624
267.442	37.618	155.632
267.410	37.685	155.646
267.377	37.709	155.659
267.364	37.704	155.668
267.377	37.684	155.679
267.413	37.657	155.659
267.445	37.597	155.646
267.479	37.502	155.633
267.493	37.380	155.610
267.495	37.195	155.601
267.507	36.945	155.594
267.508	36.637	155.583
267.499	36.230	155.580
267.485	35.757	155.579
267.466	35.177	155.598
267.442	34.547	155.601
267.411	33.846	155.627
267.412	33.197	155.644
267.678	33.259	155.632
267.767	33.316	155.656
267.779	33.278	155.700
267.744	33.230	155.706
267.766	33.270	155.692
267.782	33.438	155.686
267.774	33.538	155.674
267.829	33.496	155.740
267.805	33.493	155.776
267.750	33.503	155.779
267.690	33.552	155.762
267.639	33.624	155.740
267.601	33.722	155.727
267.589	33.871	155.705
267.590	34.056	155.685
267.602	34.295	155.666
267.612	34.574	155.645
267.631	34.853	155.637
267.661	35.168	155.612
267.677	35.497	155.593
267.684	35.836	155.576
267.690	36.164	155.585
267.686	36.497	155.581
267.668	36.806	155.591
267.653	37.083	155.600
267.628	37.347	155.587
267.595	37.533	155.587
267.544	37.643	155.609
267.476	37.728	155.623
267.419	37.769	155.638
267.374	37.761	155.656
267.345	37.747	155.665
267.341	37.716	155.667
267.346	37.668	155.671
267.376	37.578	155.673
267.411	37.476	155.660
267.448	37.338	155.637
267.489	37.181	155.617
267.524	36.934	155.625
267.557	36.657	155.612
267.567	36.311	155.594
267.560	35.897	155.583
267.535	35.425	155.576
267.491	34.931	155.567
267.482	34.404	155.611
267.484	33.846	155.642
267.488	33.326	155.640
267.637	33.294	155.586
267.705	33.385	155.615
267.700	33.422	155.670
267.663	33.451	155.704
267.621	33.459	155.717
267.654	33.492	155.722
267.771	33.490	155.733
267.777	33.496	155.785
267.727	33.519	155.800
267.672	33.553	155.776
267.632	33.610	155.764
267.606	33.691	155.761
267.608	33.817	155.752
267.624	33.977	155.737
267.643	34.180	155.700
267.657	34.410	155.668
267.657	34.669	155.638
267.653	34.936	155.612
267.645	35.224	155.606
267.639	35.543	155.587
267.624	35.865	155.574
267.629	36.175	155.574
267.617	36.518	155.557
267.606	36.800	155.584
267.586	37.078	155.592
267.572	37.326	155.599
267.557	37.528	155.599
267.541	37.672	155.615
267.516	37.799	155.620
267.482	37.860	155.638
267.450	37.914	155.643
267.422	37.923	155.655
267.404	37.903	155.635
267.394	37.885	155.629
267.431	37.856	155.640
267.487	37.805	155.644
267.548	37.752	155.615
267.596	37.658	155.612
267.609	37.549	155.595
267.599	37.395	155.575
267.569	37.198	155.555
267.535	36.945	155.543
267.515	36.641	155.542
267.494	36.266	155.557
267.479	35.837	155.563
267.467	35.322	155.577
267.460	34.731	155.597
267.450	34.100	155.607
267.450	33.452	155.616
267.648	33.269	155.593
267.794	33.359	155.644
267.828	33.341	155.707
267.786	33.315	155.712
267.748	33.277	155.704
267.762	33.406	155.711
267.752	33.542	155.733
267.762	33.611	155.739
267.742	33.639	155.727
267.678	33.657	155.718
267.624	33.698	155.696
267.578	33.759	155.684
267.556	33.849	155.681
267.561	33.943	155.693
267.586	34.112	155.674
267.613	34.319	155.660
267.648	34.569	155.630
267.677	34.817	155.620
267.699	35.115	155.586
267.848	35.498	155.185
267.857	35.822	155.128
267.851	36.113	155.166
267.872	36.402	155.183
267.876	36.656	155.222
267.884	36.919	155.215
267.724	36.993	155.428
267.671	37.204	155.488
267.607	37.375	155.510
267.544	37.481	155.532
267.475	37.559	155.552
267.418	37.605	155.581
267.383	37.603	155.607
267.369	37.588	155.629
267.384	37.573	155.636
267.411	37.551	155.626
267.438	37.482	155.619
267.485	37.381	155.618
267.524	37.288	155.600
267.557	37.135	155.599
267.579	36.940	155.588
267.576	36.679	155.580
267.561	36.334	155.582
267.538	35.914	155.586
267.510	35.445	155.594
267.482	34.921	155.580
267.453	34.342	155.588
267.436	33.712	155.627
267.477	33.249	155.620
267.691	33.348	155.627
267.757	33.388	155.662
267.760	33.389	155.698
267.735	33.370	155.704
267.738	33.355	155.695
267.786	33.463	155.676
267.809	33.565	155.702
267.800	33.623	155.725
267.743	33.670	155.691
267.681	33.726	155.716
267.658	33.791	155.737
267.650	33.901	155.731
267.659	34.034	155.720
267.666	34.225	155.690
267.672	34.440	155.661
267.657	34.685	155.639
267.644	34.940	155.614
267.636	35.219	155.609
267.639	35.528	155.598
267.635	35.841	155.590
267.658	36.165	155.589
267.668	36.499	155.572
267.665	36.798	155.583
267.653	37.087	155.581
267.638	37.352	155.585
267.621	37.558	155.592
267.598	37.718	155.598
267.560	37.835	155.605
267.508	37.894	155.627
267.446	37.929	155.638
267.398	37.934	155.644
267.363	37.906	155.655
267.346	37.861	155.662
267.354	37.793	155.653
267.372	37.691	155.642
267.403	37.555	155.634
267.428	37.381	155.619
267.470	37.154	155.613
267.516	36.853	155.614
267.543	36.492	155.614
267.550	36.044	155.619
267.562	35.528	155.622
267.535	34.941	155.617
267.508	34.320	155.619
267.476	33.654	155.616
267.560	33.285	155.578
267.746	33.394	155.615
267.794	33.429	155.664
267.804	33.402	155.715
267.757	33.386	155.711
267.757	33.380	155.701
267.790	33.480	155.701
267.767	33.573	155.739
267.723	33.627	155.775
267.664	33.687	155.788
267.606	33.754	155.789
267.560	33.839	155.804
267.546	34.010	155.771
267.549	34.185	155.752
267.572	34.381	155.730
267.611	34.602	155.709
267.651	34.836	155.688
267.692	35.115	155.660
267.711	35.419	155.626
267.706	35.724	155.600
267.689	36.038	155.580
267.676	36.356	155.567
267.652	36.661	155.570
267.620	36.931	155.578
267.587	37.202	155.582
267.570	37.436	155.572
267.539	37.608	155.610
267.503	37.760	155.623
267.468	37.879	155.645
267.430	37.979	155.650
267.406	38.022	155.678
267.380	38.025	155.698
267.376	38.018	155.701
267.378	38.002	155.687
267.400	37.968	155.675
267.431	37.896	155.661
267.454	37.807	155.603
267.500	37.717	155.602
267.569	37.583	155.605
267.627	37.403	155.608
267.656	37.179	155.594
267.668	36.874	155.583
267.649	36.522	155.564
267.603	36.077	155.551
267.542	35.591	155.547
267.490	35.030	155.561
267.440	34.441	155.573
267.409	33.789	155.614
267.440	33.268	155.625
267.666	33.353	155.636
267.751	33.381	155.681
267.768	33.379	155.711
267.745	33.323	155.737
267.773	33.405	155.724
267.799	33.540	155.745
267.809	33.621	155.758
267.818	33.624	155.752
267.749	33.613	155.753
267.663	33.630	155.738
267.604	33.656	155.730
267.562	33.728	155.713
267.542	33.835	155.696
267.551	33.986	155.678
267.572	34.182	155.654
267.600	34.435	155.624
267.627	34.687	155.619
267.658	34.968	155.600
267.689	35.278	155.597
267.705	35.597	155.583
267.719	35.928	155.579
267.720	36.257	155.579
267.710	36.566	155.588
267.689	36.860	155.591
267.654	37.132	155.566
267.606	37.368	155.578
267.595	37.535	155.624
267.591	37.664	155.632
267.572	37.755	155.631
267.535	37.829	155.620
267.498	37.830	155.637
267.455	37.821	155.632
267.429	37.822	155.609
267.419	37.788	155.619
267.423	37.749	155.615
267.455	37.704	155.600
267.499	37.604	155.595
267.536	37.465	155.586
267.558	37.280	155.574
267.580	37.003	155.577
267.590	36.666	155.574
267.585	36.253	155.569
267.574	35.743	155.574
267.531	35.134	155.599
267.494	34.482	155.588
267.443	33.740	155.621
267.542	33.262	155.615
267.754	33.360	155.653
267.807	33.371	155.683
267.788	33.305	155.706
267.780	33.315	155.691
267.818	33.429	155.691
267.805	33.531	155.715
267.780	33.603	155.722
267.799	33.598	155.722
267.786	33.590	155.721
267.730	33.577	155.733
267.675	33.599	155.732
267.641	33.655	155.716
267.627	33.726	155.714
267.627	33.856	155.675
267.622	34.033	155.665
267.666	34.255	155.667
267.717	34.502	155.643
267.747	34.759	155.632
267.772	35.055	155.600
267.764	35.361	155.587
267.742	35.647	155.588
267.705	35.965	155.578
267.670	36.275	155.576
267.638	36.570	155.592
267.607	36.861	155.601
267.576	37.134	155.596
267.573	37.358	155.598
267.556	37.527	155.605
267.532	37.644	155.611
267.501	37.715	155.627
267.468	37.752	155.649
267.452	37.759	155.661
267.443	37.748	155.655
267.444	37.725	155.647
267.449	37.675	155.643
267.460	37.604	155.640
267.477	37.502	155.637
267.483	37.381	155.606
267.497	37.199	155.595
267.512	36.946	155.592
267.523	36.651	155.578
267.519	36.266	155.588
267.517	35.829	155.587
267.505	35.298	155.609
267.496	34.756	155.605
267.484	34.157	155.625
267.471	33.547	155.649
267.607	33.360	155.586
267.746	33.452	155.609
267.767	33.483	155.651
267.740	33.500	155.654
267.701	33.491	155.698
267.740	33.497	155.703
267.850	33.535	155.693
267.895	33.535	155.739
267.847	33.553	155.760
267.773	33.590	155.749
267.685	33.634	155.730
267.617	33.703	155.718
267.565	33.816	155.722
267.552	33.971	155.717
267.562	34.183	155.691
267.583	34.421	155.685
267.619	34.679	155.659
267.649	34.978	155.631
267.677	35.290	155.616
267.689	35.633	155.597
267.703	35.981	155.583
267.704	36.325	155.585
267.701	36.645	155.594
267.675	36.965	155.585
267.644	37.265	155.585
267.606	37.523	155.576
267.571	37.707	155.593
267.526	37.846	155.608
267.480	37.976	155.604
267.435	38.069	155.606
267.391	38.107	155.629
267.368	38.102	155.656
267.358	38.089	155.667
267.370	38.062	155.667
267.395	38.015	155.660
267.419	37.926	155.667
267.467	37.821	155.632
267.513	37.674	155.619
267.546	37.496	155.610
267.549	37.277	155.572
267.557	37.001	155.566
267.578	36.680	155.593
267.613	36.300	155.588
267.632	35.874	155.579
267.623	35.371	155.597
267.590	34.813	155.589
267.536	34.223	155.592
267.488	33.616	155.599
267.571	33.352	155.563
267.700	33.445	155.618
267.724	33.494	155.674
267.726	33.512	155.722
267.703	33.514	155.737
267.722	33.519	155.723
267.809	33.538	155.729
267.850	33.542	155.757
267.812	33.556	155.769
267.751	33.570	155.768
267.682	33.608	155.751
267.621	33.664	155.758
267.588	33.773	155.746
267.568	33.932	155.710
267.575	34.116	155.692
267.579	34.337	155.675
267.604	34.591	155.639
267.619	34.864	155.627
267.650	35.162	155.603
267.669	35.494	155.580
267.672	35.830	155.577
267.686	36.156	155.578
267.687	36.479	155.591
267.678	36.801	155.593
267.675	37.086	155.609
267.656	37.366	155.595
267.644	37.567	155.604
267.605	37.740	155.601
267.564	37.858	155.603
267.495	37.945	155.598
267.447	37.985	155.641
267.436	37.999	155.660
267.448	37.988	155.668
267.472	37.960	155.652
267.485	37.913	155.644
267.497	37.856	155.619
267.502	37.775	155.595
267.510	37.669	155.586
267.513	37.536	155.578
267.519	37.364	155.572
267.534	37.119	155.587
267.555	36.827	155.567
267.562	36.434	155.568
267.562	35.975	155.561
267.554	35.416	155.580
267.531	34.802	155.583
267.513	34.091	155.605
267.484	33.370	155.626
267.726	33.376	155.593
267.831	33.411	155.659
267.825	33.370	155.705
267.776	33.304	155.721
267.804	33.425	155.701
267.805	33.537	155.724
267.788	33.612	155.745
267.783	33.668	155.742
267.806	33.648	155.734
267.743	33.640	155.735
267.685	33.638	155.748
267.640	33.686	155.725
267.626	33.750	155.724
267.628	33.852	155.721
267.651	34.011	155.707
267.679	34.218	155.677
267.693	34.468	155.623
267.694	34.730	155.568
267.706	34.993	155.600
267.746	35.276	155.613
267.773	35.565	155.608
267.778	35.866	155.616
267.778	36.186	155.598
267.744	36.490	155.599
267.696	36.780	155.604
267.639	37.065	155.593
267.585	37.297	155.596
267.543	37.477	155.608
267.506	37.602	155.623
267.466	37.679	155.635
267.437	37.724	155.647
267.411	37.736	155.651
267.404	37.724	155.659
267.424	37.724	155.662
267.458	37.714	155.652
267.508	37.679	155.638
267.545	37.611	155.618
267.562	37.524	155.594
267.566	37.394	155.585
267.559	37.186	155.595
267.559	36.926	155.593
267.563	36.606	155.578
267.548	36.198	155.566
267.527	35.736	155.563
267.501	35.179	155.579
267.487	34.573	155.598
267.464	33.935	155.634
267.477	33.371	155.634
267.712	33.453	155.620
267.791	33.503	155.652
267.808	33.511	155.688
267.778	33.489	155.703
267.768	33.472	155.694
267.802	33.548	155.641
267.815	33.641	155.669
267.832	33.665	155.733
267.819	33.717	155.742
267.786	33.769	155.729
267.727	33.842	155.731
267.680	33.965	155.715
267.640	34.136	155.675
267.619	34.316	155.659
267.613	34.514	155.661
267.618	34.765	155.644
267.631	35.041	155.641
267.657	35.348	155.620
267.676	35.651	155.604
267.693	35.994	155.577
267.703	36.332	155.566
267.697	36.652	155.578
267.684	36.972	155.580
267.676	37.256	155.587
267.666	37.505	155.583
267.636	37.718	155.579
267.593	37.865	155.588
267.529	37.980	155.597
267.472	38.049	155.628
267.424	38.096	155.626
267.384	38.095	155.635
267.365	38.080	155.633
267.352	38.039	155.647
267.371	37.975	155.650
267.390	37.872	155.650
267.431	37.739	155.638
267.476	37.562	155.630
267.509	37.338	155.629
267.552	37.057	155.616
267.576	36.719	155.606
267.595	36.297	155.598
267.585	35.836	155.585
267.548	35.275	155.567
267.517	34.686	155.595
267.508	34.063	155.633
267.515	33.447	155.642
267.719	33.457	155.593
267.794	33.494	155.640
267.784	33.501	155.678
267.729	33.464	155.695
267.695	33.467	155.679
267.706	33.608	155.691
267.768	33.684	155.725
267.815	33.691	155.769
267.776	33.701	155.803
267.714	33.733	155.785
267.658	33.764	155.791
267.623	33.838	155.784
267.621	33.945	155.774
267.646	34.105	155.747
267.672	34.284	155.728
267.685	34.502	155.710
267.697	34.751	155.676
267.704	35.034	155.638
267.704	35.325	155.620
267.692	35.636	155.604
267.681	35.962	155.584
267.670	36.288	155.576
267.657	36.619	155.566
267.635	36.926	155.573
267.618	37.207	155.595
267.603	37.470	155.596
267.582	37.684	155.605
267.558	37.841	155.627
267.529	37.965	155.639
267.495	38.067	155.644
267.464	38.127	155.662
267.430	38.145	155.671
267.417	38.138	155.677
267.417	38.138	155.645
267.422	38.101	155.622
267.459	38.049	155.635
267.522	37.975	155.633
267.584	37.883	155.625
267.635	37.753	155.604
267.653	37.591	155.582
267.643	37.356	155.561
267.610	37.029	155.562
267.582	36.664	155.546
267.546	36.234	155.546
267.516	35.721	155.564
267.487	35.108	155.592
267.458	34.437	155.612
267.443	33.708	155.629
267.622	33.381	155.590
267.835	33.449	155.656
267.891	33.437	155.700
267.871	33.364	155.727
267.878	33.396	155.727
267.895	33.529	155.723
267.844	33.602	155.742
267.778	33.644	155.761
267.772	33.652	155.740
267.736	33.669	155.736
267.673	33.677	155.747
267.617	33.739	155.710
267.587	33.812	155.709
267.577	33.928	155.707
267.582	34.078	155.710
267.612	34.303	155.670
267.648	34.550	155.646
267.693	34.805	155.634
267.720	35.092	155.610
267.756	35.405	155.586
267.764	35.703	155.583
267.764	36.048	155.564
267.736	36.338	155.543
267.716	36.639	155.586
267.712	36.919	155.612
267.723	37.179	155.621
267.714	37.411	155.615
267.696	37.561	155.619
267.641	37.676	155.618
267.581	37.731	155.617
267.496	37.769	155.605
267.430	37.773	155.615
267.367	37.757	155.602
267.357	37.742	155.615
267.387	37.731	155.676
267.423	37.662	155.652
267.474	37.571	155.632
267.520	37.452	155.604
267.556	37.275	155.604
267.582	37.055	155.597
267.605	36.780	155.586
267.613	36.427	155.586
267.586	35.988	155.579
267.553	35.489	155.583
267.503	34.932	155.586
267.478	34.341	155.604
267.451	33.698	155.634
267.580	33.457	155.592
267.752	33.546	155.629
267.798	33.572	155.677
267.768	33.584	155.698
267.741	33.546	155.701
267.767	33.559	155.693
267.835	33.668	155.684
267.848	33.738	155.734
267.820	33.815	155.745
267.786	33.866	155.753
267.731	33.927	155.737
267.676	34.018	155.701
267.640	34.128	155.693
267.657	34.265	155.706
267.697	34.446	155.695
267.729	34.634	155.684
267.754	34.879	155.650
267.759	35.157	155.621
267.736	35.443	155.591
267.709	35.730	155.566
267.674	36.027	155.557
267.662	36.330	155.558
267.647	36.609	155.580
267.639	36.898	155.599
267.643	37.190	155.588
267.646	37.435	155.596
267.630	37.646	155.598
267.611	37.813	155.601
267.580	37.932	155.614
267.542	37.985	155.646
267.499	38.030	155.643
267.455	38.015	155.652
267.432	37.974	155.664
267.406	37.937	155.659
267.411	37.848	155.664
267.415	37.744	155.649
267.435	37.581	155.631
267.458	37.388	155.605
267.486	37.135	155.593
267.520	36.806	155.595
267.539	36.405	155.596
267.545	35.901	155.597
267.540	35.308	155.629
267.520	34.679	155.627
267.506	33.981	155.654
267.536	33.420	155.644
267.767	33.538	155.600
267.816	33.565	155.640
267.774	33.544	155.644
267.715	33.476	155.692
267.771	33.571	155.692
267.811	33.731	155.710
267.891	33.776	155.739
267.905	33.763	155.778
267.841	33.752	155.785
267.736	33.770	155.768
267.642	33.779	155.767
267.578	33.843	155.761
267.556	33.948	155.747
267.557	34.082	155.745
267.588	34.310	155.706
267.621	34.532	155.693
267.664	34.780	155.661
267.701	35.081	155.628
267.727	35.399	155.605
267.740	35.717	155.599
267.744	36.066	155.583
267.743	36.392	155.591
267.728	36.709	155.597
267.699	37.038	155.588
267.659	37.332	155.591
267.618	37.580	155.597
267.580	37.783	155.599
267.529	37.934	155.606
267.480	38.056	155.622
267.440	38.130	155.642
267.400	38.163	155.669
267.382	38.169	155.672
267.382	38.153	155.681
267.406	38.113	155.681
267.430	38.064	155.665
267.468	37.967	155.654
267.518	37.853	155.631
267.559	37.689	155.618
267.576	37.495	155.564
267.578	37.234	155.579
267.612	36.903	155.612
267.649	36.535	155.609
267.666	36.106	155.595
267.656	35.608	155.592
267.611	35.027	155.589
267.542	34.415	155.580
267.482	33.743	155.607
267.587	33.474	155.555
267.733	33.555	155.618
267.758	33.572	155.676
267.749	33.562	155.731
267.718	33.513	155.742
267.751	33.566	155.722
267.799	33.680	155.754
267.826	33.766	155.781
267.832	33.797	155.792
267.783	33.840	155.778
267.718	33.871	155.782
267.657	33.936	155.776
267.620	34.033	155.756
267.608	34.175	155.728
267.607	34.370	155.684
267.607	34.549	155.679
267.628	34.788	155.655
267.654	35.044	155.632
267.686	35.349	155.602
267.700	35.643	155.587
267.702	35.967	155.568
267.717	36.272	155.575
267.719	36.571	155.590
267.711	36.880	155.593
267.704	37.165	155.607
267.693	37.428	155.599
267.668	37.632	155.611
267.630	37.804	155.614
267.586	37.929	155.602
267.524	38.008	155.607
267.483	38.059	155.642
267.477	38.066	155.671
267.478	38.059	155.673
267.491	38.030	155.657
267.506	37.987	155.642
267.512	37.924	155.631
267.524	37.863	155.589
267.535	37.758	155.582
267.545	37.603	155.589
267.560	37.436	155.578
267.578	37.202	155.589
267.583	36.905	155.578
267.594	36.518	155.571
267.591	36.051	155.568
267.578	35.503	155.569
267.551	34.881	155.579
267.527	34.186	155.604
267.497	33.478	155.623
267.739	33.517	155.598
267.839	33.548	155.652
267.823	33.507	155.711
267.779	33.446	155.728
267.806	33.562	155.698
267.813	33.666	155.722
267.804	33.761	155.735
267.798	33.804	155.735
267.817	33.795	155.724
267.767	33.780	155.727
267.706	33.794	155.738
267.669	33.851	155.713
267.655	33.930	155.711
267.668	34.057	155.690
267.686	34.215	155.677
267.714	34.428	155.657
267.725	34.673	155.608
267.728	34.929	155.578
267.747	35.200	155.592
267.774	35.482	155.607
267.796	35.766	155.606
267.797	36.074	155.594
267.795	36.375	155.603
267.758	36.676	155.600
267.706	36.966	155.587
267.654	37.232	155.597
267.604	37.453	155.597
267.561	37.612	155.610
267.522	37.724	155.617
267.488	37.795	155.630
267.459	37.827	155.638
267.441	37.840	155.640
267.429	37.822	155.654
267.449	37.802	155.649
267.488	37.755	155.639
267.520	37.678	155.641
267.557	37.582	155.612
267.573	37.470	155.598
267.578	37.301	155.594
267.572	37.077	155.592
267.575	36.790	155.601
267.573	36.436	155.578
267.559	36.016	155.570
267.531	35.531	155.584
267.507	34.992	155.593
267.493	34.413	155.612
267.469	33.789	155.644
267.587	33.525	155.601
267.761	33.620	155.629
267.813	33.648	155.665
267.798	33.654	155.703
267.769	33.659	155.694
267.776	33.643	155.685
267.825	33.715	155.625
267.861	33.715	155.679
267.856	33.723	155.734
267.833	33.735	155.755
267.778	33.793	155.736
267.730	33.890	155.720
267.689	34.009	155.705
267.658	34.180	155.679
267.648	34.374	155.661
267.644	34.608	155.648
267.657	34.863	155.654
267.672	35.158	155.634
267.696	35.462	155.622
267.712	35.795	155.599
267.722	36.159	155.571
267.720	36.496	155.581
267.716	36.836	155.582
267.711	37.169	155.584
267.699	37.470	155.575
267.684	37.703	155.588
267.644	37.895	155.592
267.597	38.054	155.587
267.541	38.154	155.604
267.484	38.213	155.625
267.435	38.231	155.638
267.416	38.236	155.639
267.395	38.217	155.638
267.390	38.172	155.647
267.404	38.084	155.650
267.432	37.972	155.642
267.469	37.809	155.638
267.514	37.602	155.638
267.548	37.343	155.625
267.577	37.009	155.643
267.606	36.627	155.617
267.608	36.161	155.604
267.593	35.617	155.602
267.541	35.006	155.583
267.515	34.368	155.613
267.506	33.671	155.662
267.700	33.548	155.594
267.833	33.602	155.630
267.854	33.594	155.683
267.802	33.556	155.695
267.748	33.505	155.691
267.765	33.682	155.685
267.779	33.814	155.715
267.848	33.791	155.771
267.830	33.783	155.796
267.749	33.768	155.805
267.679	33.790	155.806
267.633	33.837	155.787
267.625	33.921	155.777
267.641	34.039	155.781
267.668	34.203	155.754
267.692	34.405	155.725
267.713	34.650	155.690
267.727	34.904	155.659
267.731	35.195	155.634
267.723	35.507	155.618
267.709	35.820	155.605
267.706	36.154	155.591
267.687	36.511	155.573
267.675	36.824	155.582
267.657	37.145	155.590
267.646	37.431	155.593
267.621	37.669	155.613
267.601	37.881	155.617
267.572	38.031	155.637
267.537	38.161	155.640
267.502	38.247	155.659
267.473	38.300	155.672
267.447	38.316	155.678
267.443	38.308	155.662
267.432	38.285	155.627
267.462	38.229	155.653
267.525	38.186	155.644
267.593	38.094	155.627
267.649	37.966	155.613
267.679	37.775	155.613
267.671	37.557	155.584
267.635	37.254	155.563
267.596	36.873	155.545
267.561	36.437	155.551
267.520	35.921	155.560
267.489	35.311	155.585
267.462	34.607	155.607
267.442	33.853	155.623
267.636	33.487	155.592
267.872	33.557	155.645
267.950	33.522	155.697
267.925	33.446	155.715
267.948	33.532	155.724
267.945	33.649	155.732
267.887	33.716	155.741
267.808	33.736	155.766
267.836	33.753	155.741
267.797	33.738	155.754
267.725	33.739	155.758
267.654	33.759	155.739
267.611	33.809	155.720
267.589	33.917	155.706
267.588	34.058	155.710
267.615	34.261	155.675
267.658	34.476	155.650
267.696	34.723	155.637
267.734	35.020	155.603
267.768	35.310	155.592
267.781	35.637	155.576
267.789	35.967	155.573
267.780	36.289	155.558
267.750	36.610	155.548
267.736	36.906	155.586
267.739	37.187	155.613
267.731	37.440	155.609
267.716	37.630	155.620
267.674	37.788	155.613
267.611	37.870	155.623
267.543	37.944	155.612
267.468	37.978	155.604
267.418	37.965	155.625
267.394	37.941	155.641
267.402	37.921	155.636
267.441	37.859	155.635
267.486	37.783	155.608
267.536	37.659	155.592
267.580	37.486	155.592
267.607	37.283	155.585
267.620	37.007	155.585
267.629	36.661	155.584
267.613	36.244	155.568
267.576	35.743	155.560
267.530	35.131	155.588
267.487	34.503	155.596
267.448	33.806	155.630
267.611	33.556	155.587
267.779	33.622	155.636
267.817	33.601	155.680
267.785	33.560	155.697
267.782	33.567	155.690
267.822	33.707	155.683
267.835	33.810	155.726
267.840	33.863	155.752
267.867	33.889	155.738
267.829	33.885	155.745
267.763	33.890	155.760
267.719	33.920	155.740
267.672	34.006	155.677
267.670	34.089	155.705
267.705	34.230	155.708
267.746	34.409	155.704
267.780	34.644	155.667
267.788	34.902	155.648
267.788	35.198	155.595
267.760	35.469	155.579
267.728	35.761	155.570
267.702	36.061	155.576
267.689	36.369	155.591
267.681	36.678	155.608
267.675	36.981	155.614
267.676	37.299	155.589
267.663	37.559	155.596
267.645	37.755	155.598
267.622	37.910	155.605
267.586	38.022	155.623
267.548	38.080	155.639
267.504	38.102	155.643
267.463	38.085	155.650
267.441	38.057	155.650
267.438	38.011	155.646
267.432	37.940	155.644
267.462	37.830	155.636
267.490	37.673	155.610
267.516	37.488	155.597
267.533	37.222	155.589
267.558	36.889	155.592
267.579	36.491	155.589
267.579	35.992	155.600
267.583	35.413	155.626
267.551	34.791	155.622
267.535	34.125	155.639
267.537	33.526	155.643
267.752	33.622	155.604
267.820	33.668	155.612
267.789	33.661	155.642
267.751	33.616	155.700
267.791	33.631	155.697
267.849	33.789	155.699
267.880	33.887	155.732
267.895	33.906	155.767
267.842	33.914	155.771
267.757	33.930	155.760
267.670	33.967	155.754
267.617	34.039	155.744
267.581	34.155	155.735
267.592	34.303	155.733
267.617	34.500	155.713
267.650	34.731	155.689
267.693	34.985	155.666
267.725	35.289	155.626
267.747	35.585	155.605
267.751	35.900	155.599
267.758	36.224	155.591
267.755	36.553	155.590
267.737	36.896	155.572
267.705	37.189	155.594
267.671	37.478	155.588
267.632	37.721	155.588
267.594	37.908	155.589
267.548	38.073	155.593
267.505	38.175	155.621
267.467	38.251	155.637
267.435	38.297	155.646
267.414	38.289	155.673
267.413	38.273	155.678
267.427	38.237	155.678
267.454	38.182	155.667
267.493	38.100	155.635
267.533	37.986	155.622
267.578	37.818	155.598
267.584	37.614	155.565
267.609	37.363	155.588
267.649	37.050	155.602
267.682	36.683	155.599
267.701	36.252	155.588
267.672	35.742	155.573
267.620	35.153	155.574
267.557	34.523	155.580
267.490	33.857	155.607
267.597	33.580	155.567
267.736	33.670	155.612
267.790	33.679	155.684
267.780	33.669	155.728
267.744	33.627	155.722
267.784	33.700	155.705
267.832	33.810	155.748
267.856	33.886	155.775
267.863	33.934	155.790
267.821	33.970	155.781
267.751	34.010	155.779
267.687	34.082	155.775
267.647	34.192	155.761
267.625	34.347	155.720
267.620	34.518	155.693
267.633	34.708	155.685
267.655	34.955	155.650
267.682	35.221	155.627
267.707	35.506	155.606
267.720	35.828	155.577
267.741	36.139	155.565
267.744	36.434	155.569
267.741	36.734	155.583
267.737	37.034	155.594
267.727	37.320	155.594
267.716	37.571	155.597
267.689	37.774	155.608
267.652	37.946	155.607
267.594	38.053	155.601
267.541	38.139	155.612
267.514	38.164	155.660
267.508	38.185	155.659
267.505	38.160	155.662
267.510	38.122	155.654
267.518	38.079	155.636
267.523	38.003	155.626
267.539	37.917	155.597
267.549	37.796	155.582
267.562	37.633	155.586
267.583	37.443	155.577
267.595	37.171	155.586
267.614	36.820	155.573
267.610	36.395	155.561
267.611	35.862	155.567
267.590	35.258	155.577
267.557	34.579	155.590
267.521	33.826	155.617
267.701	33.569	155.587
267.865	33.638	155.656
267.879	33.626	155.694
267.819	33.551	155.716
267.838	33.604	155.709
267.865	33.759	155.718
267.839	33.846	155.733
267.803	33.897	155.756
267.846	33.909	155.736
267.818	33.886	155.743
267.756	33.873	155.757
267.718	33.915	155.738
267.692	33.977	155.718
267.693	34.072	155.710
267.702	34.207	155.702
267.728	34.390	155.685
267.747	34.622	155.651
267.752	34.881	155.574
267.758	35.155	155.570
267.781	35.408	155.598
267.811	35.685	155.607
267.832	35.984	155.606
267.825	36.287	155.601
267.808	36.602	155.593
267.763	36.899	155.591
267.711	37.186	155.587
267.657	37.430	155.591
267.608	37.628	155.602
267.564	37.773	155.620
267.524	37.873	155.625
267.487	37.925	155.640
267.463	37.966	155.640
267.446	37.960	155.648
267.457	37.944	155.655
267.489	37.931	155.645
267.524	37.870	155.641
267.566	37.790	155.623
267.596	37.692	155.596
267.605	37.546	155.586
267.598	37.347	155.587
267.595	37.067	155.601
267.595	36.747	155.584
267.590	36.354	155.573
267.568	35.878	155.579
267.545	35.326	155.600
267.524	34.737	155.614
267.497	34.116	155.636
267.526	33.582	155.642
267.745	33.686	155.627
267.827	33.724	155.671
267.834	33.749	155.686
267.799	33.726	155.704
267.795	33.700	155.686
267.845	33.775	155.650
267.858	33.860	155.663
267.860	33.906	155.740
267.852	33.959	155.756
267.823	34.030	155.749
267.782	34.113	155.745
267.733	34.251	155.715
267.703	34.420	155.691
267.683	34.606	155.670
267.675	34.827	155.651
267.678	35.063	155.645
267.702	35.336	155.637
267.711	35.639	155.622
267.728	35.969	155.594
267.749	36.294	155.582
267.750	36.616	155.576
267.741	36.938	155.577
267.734	37.259	155.576
267.721	37.535	155.584
267.712	37.765	155.589
267.676	37.964	155.591
267.629	38.121	155.592
267.583	38.239	155.600
267.520	38.300	155.635
267.472	38.328	155.639
267.441	38.326	155.634
267.418	38.309	155.642
267.413	38.263	155.647
267.422	38.194	155.652
267.445	38.081	155.651
267.478	37.929	155.636
267.524	37.716	155.637
267.562	37.459	155.631
267.593	37.146	155.619
267.627	36.737	155.625
267.631	36.276	155.608
267.622	35.727	155.607
267.576	35.113	155.586
267.538	34.449	155.601
267.516	33.755	155.659
267.722	33.677	155.592
267.848	33.738	155.633
267.871	33.727	155.685
267.826	33.690	155.701
267.772	33.650	155.692
267.796	33.808	155.692
267.807	33.938	155.729
267.871	33.929	155.765
267.847	33.927	155.791
267.769	33.926	155.807
267.693	33.958	155.797
267.652	34.001	155.797
267.641	34.096	155.783
267.661	34.238	155.765
267.693	34.407	155.748
267.722	34.617	155.730
267.754	34.865	155.696
267.776	35.160	155.648
267.771	35.462	155.612
267.762	35.773	155.600
267.744	36.105	155.586
267.736	36.433	155.585
267.711	36.767	155.580
267.692	37.077	155.579
267.674	37.398	155.572
267.652	37.667	155.590
267.634	37.899	155.599
267.597	38.088	155.615
267.572	38.225	155.635
267.538	38.349	155.641
267.501	38.417	155.668
267.479	38.457	155.678
267.463	38.450	155.690
267.462	38.446	155.680
267.478	38.432	155.630
267.491	38.385	155.622
267.539	38.319	155.631
267.598	38.203	155.630
267.666	38.057	155.622
267.709	37.874	155.597
267.715	37.599	155.589
267.685	37.248	155.577
267.640	36.817	155.556
267.599	36.328	155.541
267.546	35.740	155.559
267.497	35.057	155.588
267.460	34.313	155.602
267.473	33.591	155.629
267.795	33.665	155.618
267.924	33.649	155.672
267.928	33.570	155.717
267.934	33.604	155.714
267.946	33.720	155.743
267.920	33.808	155.740
267.867	33.862	155.767
267.902	33.867	155.751
267.863	33.876	155.763
267.782	33.885	155.771
267.701	33.909	155.756
267.648	33.938	155.739
267.615	34.032	155.724
267.597	34.170	155.708
267.620	34.347	155.685
267.651	34.548	155.668
267.695	34.793	155.637
267.740	35.069	155.614
267.774	35.356	155.598
267.796	35.668	155.587
267.811	36.008	155.571
267.814	36.329	155.574
267.809	36.638	155.588
267.781	36.941	155.559
267.745	37.224	155.569
267.726	37.465	155.609
267.720	37.675	155.626
267.703	37.833	155.629
267.670	37.941	155.632
267.621	37.996	155.651
267.562	38.049	155.622
267.494	38.033	155.633
267.455	38.027	155.626
267.439	38.006	155.629
267.462	37.962	155.631
267.494	37.872	155.640
267.549	37.778	155.615
267.595	37.631	155.598
267.630	37.461	155.579
267.649	37.203	155.582
267.649	36.874	155.589
267.660	36.494	155.579
267.640	36.023	155.577
267.600	35.480	155.580
267.541	34.860	155.590
267.500	34.198	155.617
267.507	33.611	155.641
267.749	33.723	155.627
267.842	33.736	155.686
267.837	33.731	155.696
267.793	33.687	155.695
267.798	33.739	155.683
267.842	33.880	155.711
267.867	33.977	155.741
267.896	34.009	155.758
267.865	34.015	155.775
267.807	34.054	155.759
267.755	34.093	155.761
267.732	34.174	155.728
267.713	34.280	155.684
267.705	34.407	155.660
267.725	34.577	155.677
267.775	34.764	155.680
267.814	35.008	155.658
267.839	35.280	155.615
267.830	35.551	155.597
267.802	35.844	155.571
267.771	36.140	155.557
267.734	36.424	155.563
267.696	36.696	155.577
267.677	36.992	155.577
267.662	37.254	155.601
267.656	37.506	155.599
267.655	37.714	155.596
267.626	37.875	155.611
267.604	37.982	155.625
267.572	38.058	155.637
267.550	38.082	155.652
267.526	38.084	155.649
267.509	38.068	155.657
267.508	38.034	155.647
267.502	37.962	155.653
267.516	37.877	155.638
267.524	37.758	155.618
267.544	37.609	155.601
267.564	37.419	155.580
267.568	37.152	155.587
267.591	36.835	155.586
267.606	36.449	155.586
267.599	35.995	155.584
267.600	35.488	155.600
267.569	34.937	155.607
267.555	34.353	155.624
267.536	33.740	155.655
267.717	33.741	155.579
267.820	33.807	155.625
267.811	33.853	155.632
267.778	33.855	155.689
267.775	33.868	155.708
267.831	33.887	155.709
267.958	33.882	155.710
267.969	33.893	155.745
267.912	33.914	155.750
267.821	33.944	155.728
267.735	33.993	155.714
267.666	34.075	155.707
267.632	34.216	155.694
267.624	34.386	155.694
267.638	34.592	155.679
267.670	34.836	155.654
267.707	35.089	155.644
267.735	35.404	155.619
267.747	35.720	155.601
267.769	36.065	155.589
267.770	36.405	155.580
267.769	36.724	155.599
267.755	37.068	155.586
267.730	37.385	155.576
267.698	37.655	155.579
267.655	37.900	155.583
267.619	38.071	155.595
267.586	38.213	155.595
267.548	38.326	155.594
267.500	38.407	155.601
267.477	38.432	155.630
267.455	38.426	155.640
267.455	38.403	155.647
267.464	38.355	155.661
267.491	38.287	155.658
267.532	38.202	155.646
267.563	38.100	155.618
267.600	37.937	155.617
267.626	37.752	155.581
267.623	37.532	155.566
267.639	37.247	155.603
267.675	36.922	155.611
267.707	36.552	155.590
267.701	36.108	155.587
267.678	35.590	155.589
267.624	35.031	155.580
267.577	34.461	155.571
267.523	33.839	155.602
267.668	33.734	155.564
267.786	33.819	155.618
267.814	33.840	155.692
267.809	33.842	155.728
267.784	33.827	155.724
267.825	33.826	155.710
267.914	33.877	155.716
267.927	33.937	155.757
267.877	34.000	155.769
267.823	34.064	155.751
267.763	34.145	155.741
267.705	34.233	155.752
267.665	34.391	155.722
267.644	34.552	155.710
267.652	34.753	155.685
267.659	34.981	155.658
267.684	35.226	155.643
267.708	35.517	155.614
267.720	35.826	155.588
267.743	36.147	155.568
267.753	36.437	155.574
267.754	36.740	155.584
267.761	37.039	155.585
267.762	37.323	155.587
267.749	37.579	155.587
267.736	37.776	155.601
267.703	37.950	155.606
267.661	38.088	155.596
267.598	38.173	155.600
267.564	38.239	155.632
267.552	38.252	155.658
267.550	38.228	155.675
267.556	38.218	155.664
267.559	38.180	155.650
267.555	38.134	155.640
267.552	38.077	155.610
267.562	37.995	155.596
267.572	37.891	155.582
267.587	37.757	155.583
267.613	37.582	155.581
267.631	37.354	155.568
267.640	37.020	155.579
267.651	36.649	155.561
267.650	36.181	155.564
267.640	35.662	155.568
267.622	35.057	155.586
267.598	34.426	155.594
267.555	33.713	155.629
267.769	33.738	155.600
267.873	33.786	155.662
267.873	33.770	155.727
267.831	33.729	155.731
267.818	33.764	155.707
267.846	33.895	155.720
267.855	34.007	155.742
267.882	34.057	155.742
267.855	34.052	155.752
267.798	34.072	155.732
267.748	34.098	155.734
267.726	34.152	155.720
267.713	34.252	155.693
267.718	34.369	155.685
267.730	34.521	155.674
267.751	34.733	155.624
267.748	34.953	155.597
267.785	35.224	155.608
267.817	35.490	155.603
267.849	35.763	155.598
267.856	36.059	155.599
267.845	36.370	155.590
267.810	36.652	155.601
267.760	36.966	155.586
267.713	37.241	155.592
267.672	37.488	155.598
267.628	37.690	155.614
267.590	37.872	155.614
267.561	37.997	155.621
267.538	38.072	155.624
267.514	38.127	155.625
267.493	38.143	155.636
267.494	38.138	155.635
267.511	38.113	155.633
267.539	38.061	155.634
267.575	37.984	155.625
267.593	37.887	155.598
267.603	37.753	155.590
267.614	37.565	155.592
267.608	37.326	155.593
267.611	37.036	155.588
267.625	36.668	155.576
267.610	36.217	155.579
267.592	35.738	155.575
267.577	35.162	155.608
267.559	34.578	155.617
267.542	33.954	155.648
267.691	33.765	155.602
267.843	33.865	155.636
267.884	33.911	155.668
267.864	33.920	155.699
267.834	33.921	155.687
267.823	33.910	155.648
267.912	33.946	155.652
267.990	33.953	155.701
267.975	33.982	155.733
267.918	34.019	155.746
267.844	34.095	155.732
267.774	34.213	155.706
267.709	34.355	155.689
267.682	34.535	155.671
267.674	34.737	155.666
267.688	34.985	155.657
267.713	35.252	155.654
267.730	35.547	155.631
267.752	35.869	155.604
267.758	36.197	155.592
267.771	36.542	155.582
267.771	36.876	155.588
267.768	37.225	155.584
267.759	37.536	155.580
267.744	37.793	155.583
267.709	38.012	155.588
267.668	38.182	155.593
267.621	38.325	155.590
267.573	38.408	155.609
267.523	38.477	155.612
267.482	38.477	155.621
267.459	38.468	155.631
267.453	38.441	155.640
267.448	38.386	155.656
267.474	38.296	155.658
267.507	38.184	155.642
267.542	38.029	155.630
267.589	37.823	155.626
267.628	37.563	155.623
267.639	37.252	155.620
267.652	36.864	155.610
267.662	36.432	155.590
267.627	35.939	155.556
267.607	35.372	155.610
267.607	34.780	155.628
267.620	34.153	155.648
267.682	33.728	155.621
267.853	33.835	155.612
267.877	33.869	155.655
267.838	33.867	155.686
267.778	33.838	155.699
267.763	33.852	155.688
267.835	33.962	155.713
267.839	34.040	155.784
267.825	34.134	155.800
267.796	34.219	155.795
267.752	34.294	155.791
267.715	34.390	155.798
267.708	34.510	155.793
267.709	34.657	155.779
267.724	34.842	155.755
267.744	35.047	155.726
267.752	35.291	155.686
267.749	35.560	155.645
267.751	35.833	155.628
267.749	36.140	155.585
267.747	36.428	155.573
267.736	36.712	155.566
267.732	37.009	155.567
267.715	37.299	155.577
267.705	37.572	155.580
267.688	37.800	155.596
267.670	37.992	155.608
267.641	38.154	155.624
267.614	38.261	155.647
267.583	38.337	155.656
267.553	38.381	155.674
267.519	38.392	155.684
267.497	38.384	155.677
267.476	38.368	155.652
267.494	38.332	155.664
267.547	38.298	155.663
267.614	38.245	155.646
267.675	38.181	155.631
267.716	38.092	155.611
267.725	37.952	155.588
267.704	37.768	155.568
267.674	37.535	155.541
267.629	37.227	155.544
267.606	36.851	155.557
267.602	36.432	155.559
267.581	35.917	155.580
267.565	35.326	155.595
267.558	34.705	155.595
267.559	34.022	155.622
267.731	33.760	155.598
267.908	33.838	155.662
267.950	33.863	155.706
267.922	33.823	155.731
267.871	33.779	155.727
267.885	33.910	155.726
267.879	34.039	155.753
267.895	34.102	155.754
267.877	34.126	155.745
267.816	34.151	155.716
267.753	34.180	155.699
267.709	34.243	155.689
267.671	34.344	155.667
267.669	34.468	155.659
267.685	34.621	155.651
267.714	34.806	155.657
267.756	35.051	155.641
267.785	35.326	155.620
267.804	35.619	155.587
267.823	35.932	155.564
267.816	36.234	155.531
267.786	36.518	155.547
267.787	36.801	155.598
267.968	37.242	155.205
267.970	37.507	155.206
267.961	37.731	155.238
267.927	37.935	155.237
267.886	38.108	155.206
267.823	38.224	155.177
267.773	38.308	155.161
267.705	38.340	155.176
267.666	38.343	155.185
267.500	38.133	155.440
267.495	38.105	155.505
267.513	38.037	155.548
267.553	37.967	155.552
267.593	37.865	155.561
267.631	37.742	155.558
267.666	37.588	155.553
267.683	37.360	155.567
267.685	37.052	155.579
267.674	36.686	155.581
267.641	36.253	155.575
267.622	35.753	155.581
267.586	35.195	155.598
267.554	34.620	155.605
267.521	33.966	155.633
267.703	33.835	155.588
267.856	33.929	155.640
267.892	33.937	155.690
267.870	33.934	155.709
267.838	33.908	155.700
267.872	33.937	155.671
267.943	34.018	155.675
267.945	34.077	155.733
267.913	34.157	155.731
267.865	34.223	155.712
267.789	34.299	155.678
267.746	34.383	155.721
267.738	34.506	155.721
267.767	34.669	155.703
267.791	34.848	155.689
267.802	35.070	155.666
267.807	35.313	155.647
267.780	35.587	155.600
267.766	35.882	155.580
267.749	36.188	155.569
267.733	36.488	155.574
267.734	36.793	155.585
267.741	37.091	155.591
267.747	37.406	155.577
267.745	37.671	155.582
267.741	37.914	155.586
267.715	38.105	155.601
267.682	38.267	155.609
267.650	38.386	155.618
267.615	38.476	155.623
267.559	38.499	155.640
267.510	38.498	155.637
267.481	38.490	155.647
267.457	38.443	155.651
267.459	38.379	155.644
267.470	38.271	155.631
267.490	38.144	155.611
267.533	37.940	155.605
267.573	37.697	155.605
267.599	37.375	155.616
267.623	36.987	155.616
267.656	36.530	155.611
267.650	35.988	155.611
267.637	35.388	155.603
267.612	34.708	155.616
267.590	33.994	155.651
267.756	33.838	155.544
267.868	33.908	155.585
267.889	33.881	155.683
267.880	33.840	155.720
267.884	33.833	155.714
267.905	33.971	155.706
267.891	34.071	155.738
267.910	34.101	155.759
267.878	34.106	155.773
267.795	34.095	155.780
267.724	34.129	155.781
267.667	34.189	155.772
267.633	34.286	155.768
267.633	34.432	155.746
267.653	34.602	155.730
267.697	34.797	155.720
267.749	35.055	155.683
267.795	35.334	155.647
267.810	35.621	155.623
267.814	35.951	155.592
267.815	36.264	155.589
267.803	36.581	155.593
267.773	36.906	155.595
267.752	37.248	155.587
267.720	37.541	155.584
267.690	37.809	155.582
267.645	38.047	155.579
267.613	38.226	155.598
267.570	38.367	155.617
267.535	38.469	155.632
267.499	38.554	155.637
267.478	38.571	155.668
267.461	38.571	155.686
267.475	38.546	155.691
267.499	38.524	155.666
267.527	38.470	155.656
267.566	38.388	155.628
267.589	38.266	155.589
267.621	38.119	155.608
267.684	37.940	155.619
267.740	37.711	155.625
267.770	37.449	155.595
267.771	37.090	155.586
267.749	36.679	155.572
267.692	36.191	155.557
267.630	35.661	155.552
267.576	35.051	155.569
267.530	34.425	155.603
267.504	33.799	155.634
267.738	33.846	155.617
267.846	33.905	155.669
267.870	33.893	155.709
267.853	33.857	155.723
267.862	33.873	155.715
267.901	34.004	155.736
267.923	34.115	155.761
267.955	34.143	155.767
267.904	34.160	155.760
267.826	34.181	155.741
267.749	34.225	155.730
267.698	34.279	155.724
267.671	34.405	155.697
267.661	34.551	155.666
267.669	34.719	155.655
267.693	34.925	155.636
267.722	35.175	155.626
267.755	35.450	155.611
267.778	35.733	155.595
267.796	36.061	155.568
267.814	36.372	155.577
267.817	36.686	155.583
267.813	36.991	155.591
267.805	37.301	155.582
267.779	37.570	155.587
267.744	37.797	155.567
267.701	37.988	155.594
267.676	38.121	155.630
267.656	38.223	155.648
267.638	38.290	155.639
267.608	38.321	155.640
267.578	38.333	155.629
267.551	38.306	155.624
267.536	38.290	155.607
267.532	38.247	155.603
267.544	38.185	155.600
267.570	38.097	155.593
267.612	37.980	155.582
267.651	37.806	155.584
267.672	37.570	155.575
267.687	37.273	155.570
267.687	36.877	155.575
267.687	36.428	155.563
267.664	35.879	155.575
267.640	35.257	155.586
267.595	34.575	155.596
267.549	33.843	155.627
267.798	33.858	155.612
267.912	33.900	155.669
267.909	33.869	155.705
267.876	33.813	155.702
267.903	33.907	155.676
267.918	34.009	155.702
267.896	34.083	155.729
267.889	34.125	155.737
267.909	34.126	155.733
267.859	34.141	155.738
267.807	34.173	155.739
267.774	34.214	155.734
267.752	34.318	155.703
267.746	34.443	155.699
267.737	34.614	155.644
267.755	34.815	155.644
267.793	35.055	155.644
267.841	35.315	155.634
267.870	35.593	155.597
267.887	35.887	155.580
267.875	36.188	155.569
267.845	36.490	155.569
267.802	36.793	155.571
267.753	37.096	155.575
267.719	37.383	155.576
267.692	37.626	155.600
267.665	37.855	155.596
267.647	38.023	155.601
267.620	38.150	155.606
267.588	38.232	155.624
267.561	38.281	155.636
267.544	38.301	155.640
267.541	38.280	155.652
267.548	38.252	155.653
267.557	38.207	155.637
267.568	38.127	155.634
267.578	38.017	155.623
267.592	37.870	155.612
267.610	37.683	155.597
267.613	37.418	155.603
267.620	37.109	155.595
267.626	36.740	155.579
267.622	36.297	155.582
267.610	35.791	155.584
267.599	35.218	155.608
267.583	34.622	155.622
267.574	33.988	155.654
267.748	33.874	155.597
267.875	33.964	155.627
267.897	33.986	155.678
267.866	34.005	155.694
267.828	34.009	155.661
267.853	33.999	155.697
267.962	34.053	155.697
268.002	34.061	155.748
267.969	34.083	155.770
267.900	34.133	155.754
267.823	34.185	155.746
267.754	34.285	155.731
267.703	34.425	155.710
267.681	34.608	155.682
267.687	34.800	155.687
267.708	35.034	155.688
267.749	35.323	155.656
267.769	35.615	155.632
267.790	35.945	155.601
267.797	36.288	155.583
267.803	36.618	155.593
267.804	36.967	155.584
267.795	37.311	155.575
267.779	37.612	155.586
267.751	37.884	155.587
267.705	38.117	155.592
267.664	38.309	155.588
267.611	38.446	155.603
267.576	38.544	155.625
267.527	38.618	155.622
267.488	38.651	155.632
267.457	38.629	155.656
267.459	38.617	155.660
267.470	38.568	155.658
267.498	38.484	155.662
267.525	38.368	155.667
267.573	38.227	155.638
267.610	38.022	155.635
267.651	37.792	155.621
267.670	37.490	155.616
267.665	37.123	155.582
267.657	36.693	155.579
267.671	36.208	155.603
267.683	35.676	155.608
267.682	35.075	155.625
267.668	34.451	155.616
267.642	33.820	155.633
267.844	33.893	155.593
267.883	33.945	155.639
267.855	33.939	155.688
267.797	33.912	155.719
267.777	33.933	155.712
267.839	34.050	155.730
267.875	34.139	155.769
267.881	34.207	155.800
267.853	34.259	155.802
267.813	34.331	155.796
267.769	34.418	155.795
267.742	34.515	155.791
267.728	34.666	155.775
267.733	34.833	155.750
267.743	35.039	155.717
267.753	35.280	155.686
267.757	35.543	155.655
267.767	35.834	155.627
267.773	36.150	155.596
267.777	36.447	155.575
267.781	36.763	155.565
267.768	37.083	155.567
267.754	37.399	155.568
267.744	37.654	155.598
267.729	37.925	155.591
267.712	38.113	155.625
267.687	38.289	155.634
267.658	38.410	155.647
267.625	38.505	155.655
267.588	38.574	155.661
267.537	38.599	155.663
267.501	38.578	155.652
267.494	38.571	155.667
267.530	38.541	155.670
267.584	38.501	155.655
267.637	38.405	155.652
267.668	38.312	155.625
267.697	38.186	155.593
267.696	37.980	155.576
267.680	37.740	155.556
267.659	37.433	155.542
267.633	37.029	155.566
267.627	36.566	155.566
267.614	36.006	155.567
267.589	35.348	155.590
267.571	34.637	155.588
267.557	33.855	155.621
267.872	33.898	155.603
268.002	33.918	155.674
268.001	33.847	155.724
267.964	33.811	155.721
267.990	33.934	155.723
267.956	34.001	155.748
267.893	34.055	155.769
267.862	34.073	155.773
267.877	34.075	155.743
267.832	34.086	155.740
267.766	34.117	155.737
267.731	34.150	155.722
267.706	34.244	155.712
267.703	34.383	155.691
267.718	34.562	155.677
267.753	34.766	155.665
267.796	35.008	155.647
267.831	35.290	155.613
267.856	35.576	155.585
267.867	35.882	155.567
267.840	36.194	155.523
267.824	36.499	155.572
267.837	36.817	155.597
268.006	37.244	155.228
268.012	37.538	155.218
267.991	37.803	155.230
267.949	38.014	155.246
267.888	38.202	155.211
267.823	38.337	155.187
267.765	38.434	155.175
267.687	38.455	155.209
267.649	38.467	155.219
267.639	38.465	155.218
267.655	38.435	155.216
267.681	38.388	155.209
267.724	38.329	155.192
267.770	38.223	155.199
267.800	38.073	155.202
267.847	37.907	155.188
267.722	37.488	155.415
267.696	37.149	155.482
267.677	36.780	155.498
267.655	36.330	155.517
267.615	35.806	155.537
267.590	35.193	155.577
267.559	34.573	155.584
267.529	33.900	155.623
267.784	33.936	155.595
267.890	33.982	155.661
267.907	33.975	155.695
267.875	33.929	155.713
267.878	33.942	155.700
267.919	34.080	155.712
267.941	34.184	155.732
267.990	34.210	155.736
267.951	34.208	155.748
267.872	34.220	155.707
267.781	34.241	155.718
267.758	34.292	155.729
267.763	34.375	155.724
267.778	34.501	155.706
267.791	34.673	155.692
267.808	34.886	155.660
267.810	35.132	155.635
267.798	35.412	155.598
267.786	35.688	155.589
267.773	36.020	155.574
267.771	36.331	155.588
267.784	36.653	155.601
267.791	36.997	155.591
267.794	37.334	155.582
267.790	37.633	155.590
267.769	37.908	155.590
267.742	38.125	155.606
267.712	38.309	155.603
267.671	38.412	155.622
267.624	38.489	155.633
267.563	38.525	155.646
267.516	38.523	155.638
267.486	38.500	155.655
267.470	38.453	155.653
267.481	38.375	155.641
267.493	38.265	155.621
267.526	38.125	155.611
267.574	37.920	155.613
267.611	37.656	155.617
267.638	37.341	155.613
267.663	36.935	155.628
267.682	36.473	155.612
267.674	35.944	155.601
267.657	35.322	155.623
267.622	34.678	155.623
267.589	33.996	155.641
267.767	33.918	155.548
267.860	33.965	155.615
267.877	33.969	155.683
267.871	33.917	155.716
267.890	33.935	155.704
267.899	34.059	155.708
267.885	34.163	155.733
267.912	34.182	155.757
267.878	34.183	155.786
267.805	34.208	155.782
267.738	34.252	155.784
267.694	34.330	155.777
267.672	34.446	155.761
267.674	34.594	155.751
267.706	34.767	155.742
267.749	35.002	155.717
267.796	35.255	155.691
267.821	35.558	155.646
267.839	35.852	155.621
267.843	36.165	155.606
267.834	36.488	155.602
267.811	36.804	155.601
267.787	37.139	155.591
267.755	37.457	155.580
267.726	37.733	155.590
267.696	37.992	155.578
267.663	38.198	155.585
267.619	38.353	155.611
267.586	38.462	155.639
267.559	38.550	155.643
267.524	38.607	155.661
267.506	38.622	155.677
267.499	38.602	155.692
267.520	38.580	155.691
267.540	38.557	155.676
267.579	38.501	155.657
267.596	38.408	155.613
267.619	38.310	155.601
267.671	38.169	155.626
267.737	37.991	155.625
267.781	37.766	155.609
267.793	37.501	155.578
267.782	37.119	155.578
267.740	36.683	155.565
267.681	36.183	155.545
267.620	35.625	155.555
267.568	35.005	155.580
267.528	34.361	155.611
267.599	33.876	155.615
267.813	33.960	155.639
267.887	33.982	155.692
267.896	33.967	155.725
267.873	33.927	155.727
267.910	34.011	155.722
267.928	34.143	155.762
267.959	34.231	155.759
267.964	34.217	155.779
267.897	34.234	155.762
267.820	34.268	155.734
267.749	34.294	155.735
267.703	34.386	155.711
267.677	34.502	155.691
267.679	34.659	155.664
267.701	34.838	155.657
267.724	35.071	155.644
267.756	35.332	155.631
267.793	35.621	155.596
267.815	35.939	155.575
267.834	36.249	155.570
267.845	36.571	155.570
267.849	36.890	155.574
267.836	37.201	155.581
267.823	37.494	155.579
267.790	37.754	155.565
267.750	37.967	155.574
267.717	38.146	155.606
267.694	38.266	155.634
267.681	38.343	155.645
267.653	38.396	155.649
267.621	38.409	155.648
267.587	38.408	155.630
267.564	38.397	155.613
267.547	38.361	155.602
267.552	38.313	155.600
267.575	38.231	155.606
267.605	38.122	155.593
267.650	37.968	155.589
267.682	37.768	155.571
267.702	37.489	155.574
267.703	37.152	155.571
267.708	36.704	155.581
267.701	36.212	155.577
267.664	35.630	155.577
267.619	34.972	155.595
267.576	34.269	155.609
267.710	33.897	155.597
267.892	33.998	155.646
267.934	33.989	155.694
267.909	33.928	155.707
267.897	33.948	155.686
267.939	34.064	155.698
267.920	34.151	155.724
267.899	34.211	155.744
267.930	34.229	155.741
267.902	34.229	155.744
267.848	34.241	155.750
267.805	34.286	155.737
267.782	34.351	155.724
267.776	34.459	155.708
267.770	34.603	155.677
267.768	34.781	155.643
267.805	34.999	155.652
267.851	35.240	155.647
267.891	35.492	155.628
267.919	35.774	155.607
267.910	36.080	155.578
267.873	36.371	155.578
267.839	36.667	155.583
267.800	36.979	155.579
267.750	37.275	155.583
267.730	37.543	155.590
267.703	37.779	155.602
267.681	37.978	155.606
267.661	38.135	155.614
267.631	38.247	155.618
267.611	38.305	155.634
267.581	38.347	155.644
267.567	38.336	155.659
267.568	38.334	155.651
267.575	38.298	155.641
267.590	38.233	155.636
267.599	38.144	155.619
267.614	38.021	155.620
267.626	37.865	155.608
267.639	37.653	155.594
267.650	37.389	155.578
267.651	37.042	155.586
267.646	36.644	155.587
267.643	36.175	155.586
267.638	35.645	155.591
267.616	35.069	155.612
267.601	34.459	155.637
267.619	33.916	155.643
267.837	34.007	155.624
267.902	34.081	155.645
267.914	34.093	155.692
267.872	34.093	155.685
267.840	34.103	155.679
267.921	34.122	155.697
268.015	34.149	155.721
268.016	34.154	155.755
267.964	34.181	155.766
267.887	34.232	155.745
267.813	34.296	155.726
267.754	34.392	155.717
267.710	34.549	155.697
267.704	34.726	155.694
267.724	34.938	155.687
267.751	35.196	155.671
267.775	35.470	155.652
267.805	35.797	155.611
267.816	36.119	155.599
267.833	36.463	155.582
267.824	36.805	155.585
267.824	37.142	155.593
267.807	37.479	155.579
267.790	37.760	155.598
267.756	38.032	155.590
267.710	38.243	155.592
267.668	38.420	155.603
267.625	38.550	155.611
267.576	38.647	155.609
267.539	38.706	155.623
267.507	38.724	155.637
267.489	38.716	155.648
267.497	38.684	155.648
267.509	38.632	155.649
267.536	38.535	155.652
267.573	38.413	155.645
267.610	38.248	155.630
267.651	38.033	155.624
267.687	37.770	155.614
267.702	37.465	155.582
267.678	37.052	155.575
267.691	36.610	155.596
267.706	36.116	155.604
267.714	35.554	155.617
267.709	34.939	155.624
267.671	34.308	155.626
267.748	33.929	155.593
267.878	34.030	155.605
267.883	34.054	155.667
267.850	34.060	155.700
267.795	34.025	155.719
267.820	34.076	155.711
267.890	34.184	155.742
267.903	34.266	155.798
267.888	34.352	155.807
267.847	34.440	155.790
267.812	34.525	155.785
267.776	34.624	155.793
267.759	34.739	155.787
267.754	34.901	155.767
267.762	35.088	155.729
267.770	35.291	155.706
267.775	35.544	155.667
267.780	35.818	155.638
267.794	36.109	155.610
267.799	36.400	155.591
267.803	36.698	155.571
267.801	37.002	155.572
267.787	37.323	155.564
267.777	37.599	155.577
267.769	37.855	155.598
267.755	38.081	155.601
267.725	38.275	155.618
267.704	38.408	155.638
267.670	38.516	155.653
267.628	38.590	155.657
267.586	38.647	155.659
267.548	38.652	155.643
267.521	38.629	155.655
267.536	38.614	155.671
267.578	38.576	155.672
267.632	38.516	155.658
267.672	38.427	155.654
267.708	38.344	155.606
267.717	38.188	155.591
267.712	37.988	155.567
267.688	37.725	155.557
267.675	37.409	155.548
267.654	37.005	155.555
267.649	36.523	155.565
267.630	35.963	155.564
267.619	35.305	155.592
267.602	34.599	155.592
267.632	33.925	155.610
267.918	34.010	155.634
268.010	34.047	155.678
267.999	33.985	155.722
267.954	33.934	155.727
267.975	34.036	155.736
267.963	34.146	155.757
267.919	34.221	155.768
267.885	34.234	155.779
267.882	34.246	155.748
267.828	34.253	155.738
267.768	34.278	155.735
267.741	34.335	155.716
267.729	34.445	155.698
267.733	34.577	155.682
267.752	34.735	155.686
267.794	34.961	155.660
267.832	35.208	155.643
267.864	35.488	155.604
267.882	35.780	155.568
267.879	36.079	155.536
267.852	36.358	155.545
267.854	36.672	155.587
267.872	36.956	155.618
267.889	37.252	155.619
267.875	37.539	155.608
267.849	37.787	155.622
267.796	38.007	155.607
267.737	38.174	155.602
267.658	38.275	155.608
267.599	38.349	155.619
267.536	38.394	155.631
267.507	38.402	155.639
267.498	38.390	155.633
267.509	38.351	155.638
267.549	38.299	155.629
267.593	38.230	155.614
267.631	38.114	155.599
267.681	37.966	155.598
267.709	37.769	155.592
267.723	37.516	155.580
267.713	37.176	155.581
267.694	36.760	155.585
267.667	36.287	155.581
267.632	35.752	155.585
267.603	35.137	155.594
267.582	34.507	155.600
267.624	33.959	155.627
267.852	34.067	155.629
267.918	34.066	155.685
267.915	34.054	155.710
267.891	34.006	155.717
267.917	34.097	155.692
267.947	34.225	155.707
267.967	34.298	155.728
268.005	34.308	155.731
267.957	34.298	155.730
267.861	34.299	155.709
267.801	34.327	155.736
267.781	34.385	155.723
267.794	34.475	155.719
267.846	34.415	155.634
267.861	34.593	155.617
267.863	34.815	155.584
267.854	35.086	155.539
267.841	35.366	155.506
267.834	35.660	155.494
267.833	35.964	155.511
267.833	36.299	155.506
267.852	36.619	155.529
267.861	36.965	155.515
267.858	37.284	155.514
267.844	37.577	155.520
267.821	37.829	155.534
267.797	38.042	155.538
267.765	38.217	155.545
267.716	38.444	155.680
267.659	38.541	155.673
267.598	38.567	155.677
267.548	38.591	155.669
267.516	38.567	155.673
267.514	38.528	155.661
267.527	38.467	155.642
267.547	38.366	155.631
267.569	38.225	155.622
267.603	38.049	155.606
267.651	37.801	155.612
267.678	37.496	155.616
267.696	37.128	155.616
267.708	36.680	155.614
