NO_OF_FRAMES	5000
NO_OF_DATA_TYPES	3
FREQUENCY	500
TIME_STAMP	2026-03-26, 17:16:48
DATA_INCLUDED	Position
DATA_TYPES	Unidentified [3420]_pos_X	Unidentified [3420]_pos_Y	Unidentified [3420]_pos_Z


-36.244	-7.318	66.636
-36.243	-7.394	66.711
-36.242	-7.393	66.672
-36.252	-7.419	66.673
-36.248	-7.433	66.659
-36.243	-7.447	66.652
-36.238	-7.467	66.646
-36.247	-7.484	66.620
-36.246	-7.544	66.653
-36.250	-7.559	66.636
-36.244	-7.571	66.628
-36.263	-7.598	66.644
-36.258	-7.635	66.646
-36.262	-7.656	66.657
-36.260	-7.670	66.666
-36.255	-7.646	66.659
-36.259	-7.695	66.716
-36.268	-7.685	66.692
-36.254	-7.629	66.644
-36.245	-7.622	66.649
-36.256	-7.622	66.672
-36.251	-7.615	66.696
-36.257	-7.571	66.672
-36.253	-7.504	66.649
-36.232	-7.473	66.652
-36.241	-7.452	66.651
-36.250	-7.444	66.679
-36.239	-7.408	66.662
-36.242	-7.373	66.647
-36.242	-7.386	66.670
-36.237	-7.365	66.680
-36.243	-7.347	66.677
-36.238	-7.335	66.717
-36.238	-7.368	66.720
-36.232	-7.360	66.708
-36.248	-7.329	66.667
-36.244	-7.382	66.698
-36.247	-7.365	66.648
-36.243	-7.393	66.657
-36.232	-7.442	66.692
-36.251	-7.484	66.678
-36.241	-7.468	66.634
-36.248	-7.509	66.640
-36.258	-7.545	66.637
-36.239	-7.618	66.692
-36.262	-7.593	66.642
-36.243	-7.630	66.671
-36.258	-7.627	66.630
-36.265	-7.668	66.669
-36.260	-7.657	66.684
-36.247	-7.665	66.668
-36.249	-7.681	66.671
-36.247	-7.659	66.668
-36.247	-7.653	66.653
-36.251	-7.615	66.640
-36.253	-7.612	66.664
-36.254	-7.606	66.691
-36.244	-7.537	66.644
-36.239	-7.534	66.668
-36.249	-7.471	66.627
-36.247	-7.447	66.631
-36.245	-7.430	66.656
-36.241	-7.438	66.687
-36.245	-7.393	66.681
-36.246	-7.365	66.659
-36.246	-7.381	66.693
-36.229	-7.369	66.704
-36.247	-7.356	66.702
-36.246	-7.336	66.677
-36.248	-7.393	66.717
-36.247	-7.368	66.684
-36.246	-7.405	66.715
-36.250	-7.392	66.660
-36.244	-7.394	66.634
-36.253	-7.424	66.647
-36.253	-7.443	66.642
-36.252	-7.502	66.663
-36.243	-7.450	66.573
-36.258	-7.609	66.746
-36.252	-7.581	66.645
-36.248	-7.611	66.671
-36.262	-7.655	66.689
-36.251	-7.633	66.670
-36.250	-7.664	66.673
-36.265	-7.624	66.611
-36.272	-7.674	66.673
-36.236	-7.629	66.633
-36.248	-7.630	66.654
-36.246	-7.645	66.679
-36.259	-7.586	66.623
-36.257	-7.596	66.668
-36.257	-7.576	66.675
-36.245	-7.526	66.684
-36.249	-7.566	66.722
-36.244	-7.514	66.709
-36.241	-7.468	66.685
-36.248	-7.464	66.683
-36.247	-7.429	66.692
-36.240	-7.373	66.648
-36.245	-7.382	66.661
-36.236	-7.376	66.681
-36.247	-7.343	66.651
-36.251	-7.364	66.696
-36.247	-7.369	66.720
-36.249	-7.341	66.677
-36.244	-7.367	66.665
-36.245	-7.394	66.694
-36.255	-7.428	66.719
-36.253	-7.407	66.629
-36.242	-7.448	66.667
-36.250	-7.450	66.650
-36.249	-7.522	66.700
-36.255	-7.518	66.650
-36.249	-7.561	66.691
-36.245	-7.559	66.648
-36.248	-7.568	66.625
-36.254	-7.620	66.669
-36.260	-7.646	66.662
-36.257	-7.637	66.650
-36.260	-7.664	66.672
-36.252	-7.639	66.650
-36.243	-7.662	66.680
-36.256	-7.624	66.634
-36.253	-7.633	66.651
-36.245	-7.639	66.690
-36.246	-7.626	66.689
-36.247	-7.543	66.627
-36.248	-7.517	66.638
-36.255	-7.513	66.670
-36.241	-7.493	66.684
-36.244	-7.449	66.664
-36.249	-7.445	66.665
-36.247	-7.426	66.672
-36.248	-7.402	66.661
-36.230	-7.390	66.673
-36.243	-7.381	66.686
-36.237	-7.367	66.689
-36.233	-7.395	66.706
-36.237	-7.369	66.661
-36.239	-7.381	66.693
-36.241	-7.393	66.684
-36.248	-7.392	66.676
-36.245	-7.396	66.664
-36.252	-7.415	66.662
-36.252	-7.457	66.667
-36.247	-7.481	66.671
-36.247	-7.477	66.622
-36.250	-7.523	66.665
-36.257	-7.577	66.663
-36.252	-7.552	66.648
-36.266	-7.601	66.671
-36.252	-7.628	66.659
-36.243	-7.619	66.651
-36.266	-7.627	66.655
-36.254	-7.580	66.626
-36.261	-7.660	66.704
-36.246	-7.625	66.659
-36.253	-7.630	66.661
-36.264	-7.619	66.661
-36.249	-7.594	66.676
-36.251	-7.571	66.683
-36.240	-7.517	66.611
-36.240	-7.502	66.650
-36.253	-7.494	66.679
-36.250	-7.464	66.638
-36.246	-7.455	66.683
-36.254	-7.421	66.664
-36.239	-7.439	66.707
-36.244	-7.368	66.645
-36.251	-7.384	66.686
-36.241	-7.381	66.691
-36.253	-7.393	66.693
-36.249	-7.360	66.671
-36.250	-7.343	66.632
-36.247	-7.399	66.690
-36.238	-7.416	66.698
-36.257	-7.419	66.671
-36.240	-7.427	66.669
-36.247	-7.461	66.681
-36.247	-7.472	66.666
-36.261	-7.469	66.622
-36.255	-7.470	66.603
-36.250	-7.569	66.684
-36.245	-7.583	66.664
-36.258	-7.590	66.644
-36.256	-7.611	66.649
-36.247	-7.598	66.655
-36.253	-7.632	66.647
-36.241	-7.625	66.659
-36.249	-7.642	66.633
-36.243	-7.649	66.698
-36.258	-7.604	66.609
-36.243	-7.682	66.747
-36.251	-7.588	66.664
-36.257	-7.590	66.683
-36.249	-7.555	66.661
-36.236	-7.544	66.650
-36.249	-7.508	66.668
-36.245	-7.523	66.701
-36.241	-7.499	66.694
-36.240	-7.438	66.682
-36.241	-7.440	66.679
-36.232	-7.399	66.657
-36.232	-7.382	66.652
-36.238	-7.381	66.669
-36.240	-7.412	66.697
-36.238	-7.382	66.685
-36.234	-7.394	66.694
-36.239	-7.357	66.653
-36.238	-7.392	66.660
-36.246	-7.394	66.661
-36.238	-7.434	66.691
-36.251	-7.404	66.643
-36.239	-7.446	66.671
-36.251	-7.443	66.624
-36.241	-7.502	66.683
-36.251	-7.487	66.621
-36.258	-7.534	66.636
-36.241	-7.557	66.666
-36.245	-7.568	66.638
-36.243	-7.613	66.698
-36.251	-7.625	66.682
-36.263	-7.601	66.638
-36.248	-7.613	66.617
-36.256	-7.640	66.693
-36.245	-7.617	66.659
-36.251	-7.628	66.681
-36.249	-7.600	66.649
-36.251	-7.591	66.661
-36.248	-7.571	66.649
-36.258	-7.555	66.654
-36.246	-7.495	66.656
-36.238	-7.537	66.722
-36.250	-7.449	66.629
-36.243	-7.489	66.713
-36.251	-7.419	66.653
-36.250	-7.404	66.671
-36.238	-7.438	66.717
-36.245	-7.425	66.720
-36.241	-7.396	66.694
-36.242	-7.375	66.702
-36.244	-7.387	66.693
-36.240	-7.380	66.686
-36.244	-7.385	66.673
-36.258	-7.377	66.633
-36.240	-7.389	66.669
-36.236	-7.401	66.668
-36.253	-7.461	66.690
-36.250	-7.487	66.690
-36.253	-7.505	66.671
-36.247	-7.514	66.653
-36.245	-7.521	66.626
-36.254	-7.535	66.626
-36.257	-7.599	66.660
-36.253	-7.609	66.683
-36.252	-7.618	66.671
-36.253	-7.630	66.647
-36.258	-7.610	66.642
-36.253	-7.632	66.683
-36.253	-7.646	66.691
-36.249	-7.613	66.660
-36.259	-7.585	66.651
-36.261	-7.580	66.649
-36.256	-7.586	66.677
-36.241	-7.537	66.623
-36.244	-7.507	66.620
-36.247	-7.505	66.690
-36.238	-7.490	66.694
-36.259	-7.485	66.694
-36.240	-7.425	66.659
-36.239	-7.445	66.702
-36.240	-7.419	66.680
-36.244	-7.398	66.670
-36.244	-7.420	66.719
-36.245	-7.396	66.694
-36.257	-7.374	66.674
-36.244	-7.380	66.690
-36.251	-7.355	66.632
-36.246	-7.406	66.717
-36.253	-7.375	66.643
-36.243	-7.435	66.682
-36.249	-7.424	66.632
-36.245	-7.479	66.694
-36.246	-7.479	66.648
-36.248	-7.486	66.631
-36.254	-7.511	66.635
-36.256	-7.511	66.612
-36.250	-7.558	66.631
-36.244	-7.562	66.639
-36.253	-7.555	66.615
-36.243	-7.631	66.682
-36.244	-7.606	66.652
-36.271	-7.632	66.664
-36.248	-7.586	66.610
-36.257	-7.678	66.735
-36.236	-7.613	66.673
-36.260	-7.587	66.650
-36.241	-7.588	66.666
-36.260	-7.537	66.637
-36.244	-7.580	66.694
-36.247	-7.502	66.636
-36.245	-7.505	66.683
-36.249	-7.472	66.652
-36.253	-7.466	66.676
-36.250	-7.461	66.702
-36.259	-7.456	66.701
-36.241	-7.400	66.662
-36.247	-7.385	66.663
-36.241	-7.399	66.680
-36.239	-7.370	66.659
-36.247	-7.410	66.740
-36.249	-7.394	66.682
-36.246	-7.399	66.685
-36.248	-7.428	66.693
-36.244	-7.421	66.672
-36.236	-7.421	66.675
-36.233	-7.478	66.696
-36.245	-7.469	66.664
-36.244	-7.501	66.664
-36.246	-7.513	66.658
-36.254	-7.517	66.623
-36.254	-7.515	66.587
-36.250	-7.629	66.703
-36.253	-7.577	66.628
-36.236	-7.581	66.657
-36.254	-7.655	66.705
-36.269	-7.629	66.683
-36.256	-7.586	66.622
-36.249	-7.626	66.668
-36.248	-7.600	66.639
-36.251	-7.596	66.638
-36.238	-7.584	66.657
-36.239	-7.561	66.654
-36.248	-7.545	66.658
-36.246	-7.526	66.673
-36.242	-7.510	66.685
-36.236	-7.503	66.684
-36.254	-7.442	66.630
-36.241	-7.458	66.682
-36.227	-7.411	66.667
-36.252	-7.427	66.671
-36.247	-7.398	66.662
-36.246	-7.385	66.664
-36.240	-7.388	66.670
-36.254	-7.374	66.665
-36.239	-7.361	66.674
-36.245	-7.398	66.676
-36.238	-7.383	66.645
-36.248	-7.423	66.698
-36.246	-7.368	66.602
-36.245	-7.428	66.664
-36.250	-7.438	66.639
-36.250	-7.464	66.633
-36.247	-7.490	66.653
-36.254	-7.532	66.652
-36.249	-7.561	66.682
-36.250	-7.516	66.607
-36.258	-7.554	66.608
-36.249	-7.577	66.634
-36.244	-7.592	66.622
-36.247	-7.607	66.647
-36.251	-7.648	66.679
-36.252	-7.613	66.666
-36.254	-7.604	66.652
-36.258	-7.557	66.595
-36.244	-7.581	66.628
-36.250	-7.567	66.639
-36.252	-7.588	66.697
-36.232	-7.533	66.677
-36.248	-7.508	66.649
-36.251	-7.524	66.663
-36.243	-7.482	66.698
-36.248	-7.476	66.701
-36.240	-7.419	66.640
-36.243	-7.409	66.653
-36.239	-7.444	66.709
-36.249	-7.406	66.714
-36.240	-7.397	66.675
-36.248	-7.361	66.665
-36.244	-7.338	66.647
-36.245	-7.368	66.686
-36.246	-7.438	66.717
-36.242	-7.392	66.673
-36.234	-7.432	66.688
-36.246	-7.428	66.661
-36.250	-7.476	66.702
-36.246	-7.426	66.619
-36.248	-7.504	66.678
-36.252	-7.507	66.637
-36.254	-7.554	66.659
-36.245	-7.513	66.576
-36.248	-7.593	66.657
-36.250	-7.551	66.607
-36.246	-7.611	66.649
-36.249	-7.626	66.653
-36.261	-7.640	66.675
-36.250	-7.605	66.632
-36.252	-7.655	66.683
-36.244	-7.652	66.676
-36.249	-7.609	66.679
-36.250	-7.603	66.671
-36.255	-7.571	66.659
-36.256	-7.575	66.678
-36.249	-7.528	66.646
-36.232	-7.501	66.639
-36.239	-7.481	66.665
-36.244	-7.498	66.727
-36.243	-7.460	66.696
-36.240	-7.413	66.682
-36.243	-7.403	66.679
-36.240	-7.409	66.698
-36.245	-7.407	66.712
-36.244	-7.360	66.680
-36.244	-7.372	66.688
-36.245	-7.371	66.682
-36.249	-7.376	66.663
-36.245	-7.411	66.701
-36.239	-7.383	66.650
-36.252	-7.432	66.690
-36.248	-7.438	66.673
-36.256	-7.429	66.634
-36.252	-7.454	66.628
-36.241	-7.494	66.655
-36.250	-7.516	66.638
-36.254	-7.566	66.658
-36.257	-7.570	66.622
-36.246	-7.598	66.646
-36.250	-7.627	66.651
-36.236	-7.605	66.653
-36.258	-7.614	66.642
-36.261	-7.650	66.683
-36.260	-7.687	66.717
-36.244	-7.630	66.643
-36.255	-7.612	66.653
-36.252	-7.637	66.689
-36.252	-7.591	66.661
-36.243	-7.573	66.657
-36.255	-7.530	66.643
-36.244	-7.530	66.682
-36.246	-7.477	66.648
-36.249	-7.491	66.683
-36.241	-7.468	66.689
-36.247	-7.477	66.724
-36.236	-7.382	66.660
-36.238	-7.404	66.677
-36.245	-7.404	66.698
-36.238	-7.379	66.688
-36.239	-7.375	66.696
-36.241	-7.353	66.655
-36.241	-7.393	66.697
-36.245	-7.347	66.656
-36.247	-7.414	66.691
-36.247	-7.444	66.711
-36.233	-7.402	66.646
-36.246	-7.451	66.643
-36.258	-7.466	66.659
-36.257	-7.519	66.695
-36.252	-7.490	66.626
-36.248	-7.572	66.706
-36.250	-7.572	66.689
-36.254	-7.549	66.614
-36.257	-7.630	66.691
-36.244	-7.633	66.681
-36.246	-7.599	66.648
-36.258	-7.667	66.707
-36.255	-7.653	66.693
-36.253	-7.574	66.603
-36.240	-7.616	66.642
-36.258	-7.583	66.638
-36.240	-7.540	66.616
-36.236	-7.565	66.627
-36.238	-7.600	66.697
-36.241	-7.521	66.664
-36.238	-7.506	66.660
-36.248	-7.497	66.653
-36.251	-7.450	66.663
-36.242	-7.427	66.657
-36.250	-7.419	66.674
-36.239	-7.423	66.712
-36.239	-7.408	66.705
-36.240	-7.386	66.680
-36.230	-7.379	66.694
-36.252	-7.378	66.652
-36.255	-7.374	66.645
-36.249	-7.386	66.691
-36.246	-7.402	66.660
-36.249	-7.438	66.702
-36.251	-7.394	66.641
-36.240	-7.438	66.672
-36.238	-7.467	66.680
-36.258	-7.467	66.626
-36.242	-7.530	66.700
-36.234	-7.549	66.694
-36.265	-7.581	66.697
-36.251	-7.593	66.676
-36.254	-7.558	66.612
-36.261	-7.630	66.700
-36.260	-7.624	66.656
-36.244	-7.599	66.627
-36.259	-7.589	66.626
-36.263	-7.578	66.592
-36.254	-7.642	66.695
-36.245	-7.599	66.669
-36.248	-7.618	66.703
-36.237	-7.541	66.623
-36.252	-7.506	66.602
-36.245	-7.506	66.638
-36.248	-7.482	66.617
-36.248	-7.531	66.698
-36.255	-7.463	66.669
-36.245	-7.460	66.663
-36.240	-7.457	66.693
-36.240	-7.433	66.690
-36.245	-7.405	66.666
-36.232	-7.380	66.665
-36.251	-7.400	66.663
-36.228	-7.420	66.706
-36.239	-7.395	66.674
-36.243	-7.389	66.661
-36.246	-7.429	66.697
-36.239	-7.426	66.678
-36.245	-7.434	66.681
-36.245	-7.461	66.698
-36.246	-7.451	66.667
-36.250	-7.488	66.687
-36.260	-7.497	66.664
-36.252	-7.522	66.664
-36.242	-7.528	66.653
-36.249	-7.544	66.619
-36.256	-7.596	66.661
-36.255	-7.611	66.663
-36.255	-7.637	66.664
-36.251	-7.618	66.648
-36.253	-7.665	66.706
-36.248	-7.592	66.630
-36.253	-7.606	66.639
-36.259	-7.599	66.659
-36.260	-7.613	66.671
-36.264	-7.563	66.640
-36.254	-7.602	66.697
-36.234	-7.550	66.687
-36.239	-7.530	66.656
-36.250	-7.471	66.635
-36.239	-7.470	66.660
-36.249	-7.442	66.648
-36.236	-7.429	66.671
-36.242	-7.435	66.682
-36.248	-7.445	66.692
-36.253	-7.389	66.669
-36.247	-7.407	66.694
-36.239	-7.393	66.701
-36.256	-7.347	66.634
-36.238	-7.392	66.694
-36.241	-7.403	66.691
-36.233	-7.432	66.706
-36.241	-7.380	66.651
-36.256	-7.427	66.658
-36.249	-7.435	66.654
-36.264	-7.429	66.615
-36.253	-7.454	66.614
-36.246	-7.505	66.649
-36.251	-7.564	66.694
-36.253	-7.569	66.714
-36.251	-7.604	66.695
-36.260	-7.610	66.671
-36.240	-7.606	66.675
-36.237	-7.591	66.644
-36.254	-7.603	66.632
-36.252	-7.678	66.715
-36.251	-7.585	66.630
-36.240	-7.604	66.637
-36.263	-7.576	66.628
-36.257	-7.613	66.674
-36.250	-7.544	66.613
-36.247	-7.556	66.668
-36.240	-7.520	66.665
-36.260	-7.537	66.682
-36.242	-7.451	66.621
-36.236	-7.486	66.680
-36.255	-7.441	66.663
-36.245	-7.437	66.651
-36.235	-7.428	66.698
-36.252	-7.402	66.662
-36.239	-7.404	66.676
-36.248	-7.395	66.687
-36.247	-7.400	66.679
-36.243	-7.384	66.667
-36.230	-7.355	66.620
-36.250	-7.393	66.667
-36.249	-7.402	66.656
-36.252	-7.421	66.666
-36.258	-7.427	66.661
-36.236	-7.458	66.675
-36.251	-7.469	66.652
-36.253	-7.464	66.629
-36.253	-7.552	66.706
-36.253	-7.531	66.650
-36.254	-7.569	66.650
-36.245	-7.609	66.673
-36.248	-7.586	66.652
-36.251	-7.589	66.644
-36.259	-7.596	66.646
-36.252	-7.608	66.668
-36.249	-7.632	66.675
-36.264	-7.620	66.670
-36.247	-7.587	66.647
-36.262	-7.583	66.674
-36.258	-7.596	66.686
-36.244	-7.542	66.666
-36.241	-7.539	66.677
-36.253	-7.482	66.639
-36.246	-7.474	66.654
-36.241	-7.443	66.649
-36.245	-7.441	66.663
-36.248	-7.453	66.693
-36.244	-7.427	66.688
-36.242	-7.403	66.670
-36.242	-7.362	66.664
-36.239	-7.390	66.678
-36.234	-7.377	66.678
-36.238	-7.407	66.689
-36.249	-7.396	66.698
-36.243	-7.419	66.672
-36.237	-7.412	66.651
-36.244	-7.448	66.685
-36.244	-7.438	66.661
-36.242	-7.471	66.648
-36.260	-7.474	66.641
-36.246	-7.518	66.650
-36.246	-7.567	66.700
-36.243	-7.550	66.631
-36.255	-7.607	66.681
-36.242	-7.597	66.676
-36.245	-7.640	66.693
-36.252	-7.586	66.627
-36.245	-7.637	66.650
-36.256	-7.623	66.663
-36.249	-7.620	66.681
-36.256	-7.567	66.611
-36.262	-7.600	66.662
-36.239	-7.608	66.681
-36.246	-7.562	66.633
-36.254	-7.559	66.650
-36.244	-7.570	66.715
-36.240	-7.496	66.654
-36.251	-7.506	66.693
-36.247	-7.465	66.677
-36.243	-7.459	66.691
-36.247	-7.372	66.631
-36.244	-7.394	66.663
-36.246	-7.379	66.649
-36.241	-7.358	66.649
-36.244	-7.387	66.664
-36.241	-7.398	66.715
-36.239	-7.377	66.670
-36.243	-7.390	66.677
-36.249	-7.400	66.672
-36.245	-7.394	66.659
-36.248	-7.440	66.685
-36.252	-7.437	66.663
-36.245	-7.450	66.664
-36.257	-7.447	66.639
-36.239	-7.491	66.661
-36.248	-7.509	66.614
-36.257	-7.581	66.683
-36.244	-7.557	66.637
-36.249	-7.621	66.687
-36.251	-7.593	66.624
-36.252	-7.626	66.649
-36.241	-7.624	66.649
-36.253	-7.679	66.695
-36.250	-7.661	66.708
-36.241	-7.612	66.650
-36.257	-7.627	66.679
-36.248	-7.573	66.658
-36.249	-7.612	66.679
-36.258	-7.579	66.661
-36.239	-7.535	66.656
-36.251	-7.495	66.657
-36.238	-7.477	66.658
-36.236	-7.470	66.671
-36.252	-7.452	66.675
-36.241	-7.431	66.664
-36.248	-7.416	66.666
-36.247	-7.404	66.685
-36.230	-7.359	66.650
-36.255	-7.390	66.695
-36.244	-7.362	66.660
-36.244	-7.401	66.700
-36.234	-7.393	66.693
-36.243	-7.360	66.630
-36.236	-7.420	66.723
-36.244	-7.432	66.694
-36.249	-7.457	66.702
-36.237	-7.427	66.654
-36.250	-7.491	66.689
-36.250	-7.507	66.698
-36.233	-7.533	66.684
-36.242	-7.532	66.647
-36.255	-7.524	66.642
-36.257	-7.626	66.675
-36.249	-7.622	66.672
-36.262	-7.619	66.670
-36.242	-7.659	66.711
-36.249	-7.598	66.634
-36.252	-7.636	66.659
-36.254	-7.640	66.688
-36.257	-7.598	66.630
-36.250	-7.621	66.653
-36.250	-7.568	66.641
-36.247	-7.534	66.630
-36.249	-7.552	66.667
-36.258	-7.547	66.676
-36.258	-7.498	66.652
-36.242	-7.513	66.705
-36.246	-7.452	66.669
-36.240	-7.457	66.720
-36.249	-7.464	66.720
-36.247	-7.422	66.703
-36.246	-7.396	66.699
-36.243	-7.383	66.694
-36.243	-7.387	66.675
-36.242	-7.419	66.737
-36.252	-7.410	66.712
-36.243	-7.369	66.672
-36.249	-7.393	66.668
-36.250	-7.404	66.664
-36.259	-7.431	66.679
-36.247	-7.472	66.694
-36.257	-7.494	66.691
-36.252	-7.468	66.649
-36.256	-7.528	66.683
-36.248	-7.558	66.692
-36.251	-7.607	66.710
-36.242	-7.604	66.683
-36.241	-7.612	66.665
-36.247	-7.640	66.684
-36.241	-7.648	66.690
-36.245	-7.631	66.668
-36.260	-7.630	66.655
-36.230	-7.692	66.718
-36.260	-7.617	66.639
-36.252	-7.630	66.689
-36.251	-7.583	66.645
-36.246	-7.581	66.672
-36.251	-7.555	66.653
-36.236	-7.562	66.716
-36.244	-7.536	66.685
-36.244	-7.485	66.663
-36.245	-7.475	66.702
-36.239	-7.460	66.677
-36.251	-7.397	66.660
-36.248	-7.391	66.680
-36.252	-7.400	66.723
-36.244	-7.352	66.676
-36.241	-7.390	66.713
-36.245	-7.354	66.669
-36.251	-7.339	66.651
-36.250	-7.396	66.700
-36.245	-7.375	66.659
-36.240	-7.408	66.694
-36.246	-7.413	66.690
-36.243	-7.463	66.704
-36.251	-7.456	66.647
-36.248	-7.522	66.700
-36.247	-7.488	66.636
-36.252	-7.579	66.691
-36.257	-7.542	66.624
-36.249	-7.569	66.653
-36.253	-7.560	66.614
-36.255	-7.633	66.676
-36.262	-7.644	66.666
-36.256	-7.652	66.662
-36.245	-7.601	66.634
-36.251	-7.672	66.704
-36.244	-7.629	66.658
-36.249	-7.620	66.667
-36.246	-7.644	66.705
-36.244	-7.572	66.623
-36.251	-7.559	66.635
-36.240	-7.549	66.655
-36.250	-7.522	66.660
-36.243	-7.510	66.699
-36.236	-7.478	66.685
-36.255	-7.448	66.663
-36.239	-7.446	66.709
-36.255	-7.424	66.705
-36.249	-7.424	66.739
-36.243	-7.357	66.656
-36.239	-7.347	66.690
-36.245	-7.338	66.656
-36.241	-7.357	66.671
-36.246	-7.359	66.692
-36.238	-7.350	66.671
-36.249	-7.385	66.703
-36.245	-7.386	66.682
-36.234	-7.398	66.675
-36.249	-7.445	66.685
-36.253	-7.434	66.627
-36.251	-7.490	66.659
-36.252	-7.526	66.666
-36.246	-7.524	66.658
-36.251	-7.559	66.614
-36.255	-7.610	66.669
-36.251	-7.640	66.695
-36.258	-7.645	66.680
-36.259	-7.653	66.675
-36.260	-7.665	66.680
-36.263	-7.632	66.645
-36.248	-7.638	66.637
-36.249	-7.664	66.686
-36.244	-7.598	66.644
-36.247	-7.598	66.658
-36.252	-7.555	66.617
-36.254	-7.578	66.685
-36.250	-7.545	66.669
-36.247	-7.494	66.637
-36.243	-7.487	66.688
-36.241	-7.506	66.732
-36.243	-7.433	66.678
-36.243	-7.403	66.656
-36.246	-7.361	66.644
-36.248	-7.367	66.654
-36.249	-7.401	66.718
-36.243	-7.355	66.689
-36.246	-7.371	66.710
-36.233	-7.357	66.705
-36.243	-7.367	66.701
-36.243	-7.379	66.672
-36.249	-7.425	66.733
-36.248	-7.431	66.704
-36.242	-7.413	66.642
-36.261	-7.403	66.583
-36.250	-7.467	66.643
-36.254	-7.490	66.657
-36.241	-7.539	66.646
-36.261	-7.587	66.696
-36.257	-7.628	66.702
-36.255	-7.580	66.609
-36.260	-7.651	66.680
-36.258	-7.656	66.666
-36.252	-7.657	66.672
-36.266	-7.661	66.666
-36.249	-7.621	66.627
-36.259	-7.690	66.693
-36.241	-7.621	66.636
-36.255	-7.634	66.667
-36.254	-7.629	66.677
-36.237	-7.584	66.647
-36.247	-7.560	66.675
-36.257	-7.509	66.618
-36.244	-7.508	66.677
-36.240	-7.549	66.744
-36.247	-7.408	66.609
-36.248	-7.454	66.686
-36.250	-7.425	66.688
-36.239	-7.419	66.696
-36.248	-7.345	66.636
-36.250	-7.371	66.697
-36.243	-7.326	66.637
-36.239	-7.339	66.687
-36.243	-7.382	66.719
-36.258	-7.363	66.671
-36.239	-7.347	66.636
-36.246	-7.391	66.682
-36.250	-7.379	66.664
-36.239	-7.407	66.652
-36.248	-7.433	66.651
-36.259	-7.495	66.694
-36.251	-7.495	66.640
-36.251	-7.494	66.609
-36.254	-7.568	66.662
-36.249	-7.586	66.656
-36.256	-7.630	66.686
-36.252	-7.587	66.623
-36.254	-7.621	66.635
-36.259	-7.664	66.682
-36.254	-7.631	66.630
-36.257	-7.686	66.698
-36.246	-7.637	66.652
-36.244	-7.648	66.676
-36.257	-7.658	66.713
-36.257	-7.598	66.649
-36.253	-7.569	66.639
-36.244	-7.558	66.669
-36.251	-7.548	66.667
-36.240	-7.498	66.643
-36.244	-7.473	66.671
-36.248	-7.460	66.683
-36.242	-7.422	66.669
-36.236	-7.391	66.671
-36.242	-7.412	66.690
-36.225	-7.374	66.679
-36.242	-7.369	66.689
-36.244	-7.363	66.684
-36.248	-7.353	66.681
-36.245	-7.401	66.725
-36.236	-7.398	66.712
-36.257	-7.408	66.694
-36.240	-7.373	66.648
-36.245	-7.413	66.680
-36.256	-7.432	66.658
-36.250	-7.449	66.667
-36.253	-7.495	66.673
-36.244	-7.525	66.668
-36.265	-7.509	66.616
-36.242	-7.541	66.625
-36.252	-7.595	66.672
-36.258	-7.578	66.631
-36.254	-7.628	66.669
-36.256	-7.606	66.658
-36.255	-7.634	66.647
-36.247	-7.634	66.664
-36.253	-7.659	66.697
-36.260	-7.655	66.708
-36.256	-7.629	66.671
-36.259	-7.584	66.636
-36.252	-7.606	66.681
-36.237	-7.575	66.670
-36.240	-7.552	66.675
-36.237	-7.510	66.657
-36.251	-7.480	66.648
-36.252	-7.428	66.644
-36.254	-7.413	66.643
-36.255	-7.404	66.662
-36.245	-7.428	66.704
-36.236	-7.359	66.649
-36.250	-7.366	66.675
-36.248	-7.374	66.696
-36.233	-7.393	66.717
-36.255	-7.374	66.698
-36.250	-7.387	66.693
-36.249	-7.397	66.698
-36.238	-7.374	66.671
-36.244	-7.427	66.688
-36.245	-7.455	66.680
-36.250	-7.472	66.684
-36.243	-7.513	66.686
-36.245	-7.526	66.679
-36.244	-7.536	66.651
-36.256	-7.560	66.653
-36.248	-7.578	66.645
-36.245	-7.626	66.686
-36.242	-7.612	66.637
-36.246	-7.625	66.640
-36.256	-7.658	66.683
-36.267	-7.660	66.685
-36.263	-7.674	66.688
-36.246	-7.642	66.664
-36.243	-7.647	66.670
-36.254	-7.626	66.686
-36.256	-7.610	66.665
-36.251	-7.634	66.729
-36.242	-7.560	66.643
-36.246	-7.519	66.657
-36.237	-7.476	66.644
-36.251	-7.487	66.680
-36.256	-7.425	66.637
-36.247	-7.433	66.674
-36.239	-7.395	66.653
-36.253	-7.370	66.654
-36.245	-7.372	66.678
-36.248	-7.349	66.653
-36.252	-7.393	66.700
-36.248	-7.357	66.681
-36.237	-7.378	66.684
-36.238	-7.390	66.683
-36.234	-7.392	66.676
-36.249	-7.391	66.655
-36.260	-7.437	66.668
-36.247	-7.424	66.658
-36.251	-7.462	66.669
-36.249	-7.469	66.633
-36.258	-7.502	66.633
-36.243	-7.571	66.673
-36.251	-7.569	66.641
-36.239	-7.592	66.652
-36.246	-7.603	66.632
-36.245	-7.639	66.679
-36.246	-7.668	66.689
-36.251	-7.655	66.678
-36.243	-7.654	66.682
-36.252	-7.695	66.711
-36.261	-7.671	66.693
-36.257	-7.598	66.648
-36.255	-7.582	66.648
-36.250	-7.603	66.688
-36.246	-7.542	66.654
-36.249	-7.547	66.673
-36.259	-7.505	66.667
-36.244	-7.511	66.685
-36.248	-7.459	66.656
-36.240	-7.452	66.692
-36.248	-7.432	66.706
-36.243	-7.384	66.665
-36.250	-7.379	66.640
-36.245	-7.361	66.652
-36.244	-7.398	66.740
-36.236	-7.345	66.668
-36.243	-7.348	66.670
-36.252	-7.368	66.667
-36.239	-7.366	66.666
-36.246	-7.366	66.626
-36.253	-7.443	66.703
-36.251	-7.420	66.660
-36.256	-7.437	66.649
-36.260	-7.498	66.666
-36.240	-7.523	66.672
-36.255	-7.509	66.619
-36.246	-7.525	66.605
-36.250	-7.573	66.643
-36.255	-7.615	66.647
-36.246	-7.642	66.669
-36.258	-7.655	66.690
-36.240	-7.661	66.672
-36.253	-7.667	66.684
-36.245	-7.665	66.700
-36.252	-7.666	66.675
-36.249	-7.648	66.668
-36.256	-7.647	66.674
-36.248	-7.632	66.691
-36.244	-7.606	66.664
-36.245	-7.566	66.650
-36.245	-7.553	66.657
-36.247	-7.494	66.655
-36.244	-7.500	66.692
-36.238	-7.433	66.665
-36.239	-7.435	66.709
-36.240	-7.402	66.682
-36.249	-7.392	66.687
-36.239	-7.374	66.694
-36.258	-7.356	66.684
-36.233	-7.363	66.706
-36.240	-7.351	66.701
-36.238	-7.347	66.676
-36.256	-7.363	66.672
-36.249	-7.366	66.670
-36.233	-7.383	66.679
-36.240	-7.441	66.708
-36.256	-7.448	66.691
-36.252	-7.476	66.679
-36.252	-7.469	66.647
-36.248	-7.486	66.644
-36.255	-7.512	66.612
-36.248	-7.553	66.635
-36.259	-7.580	66.656
-36.262	-7.594	66.645
-36.252	-7.669	66.710
-36.254	-7.651	66.668
-36.249	-7.671	66.688
-36.255	-7.644	66.656
-36.257	-7.675	66.688
-36.253	-7.643	66.659
-36.256	-7.625	66.633
-36.255	-7.651	66.708
-36.254	-7.557	66.582
-36.252	-7.602	66.658
-36.244	-7.584	66.664
-36.238	-7.549	66.683
-36.251	-7.540	66.685
-36.246	-7.475	66.675
-36.245	-7.457	66.681
-36.247	-7.424	66.656
-36.238	-7.428	66.699
-36.240	-7.409	66.695
-36.241	-7.372	66.699
-36.246	-7.403	66.732
-36.242	-7.360	66.699
-36.241	-7.381	66.697
-36.241	-7.404	66.733
-36.247	-7.350	66.659
-36.247	-7.368	66.669
-36.247	-7.405	66.687
-36.246	-7.402	66.669
-36.244	-7.420	66.676
-36.250	-7.452	66.663
-36.251	-7.480	66.676
-36.248	-7.512	66.679
-36.255	-7.500	66.597
-36.259	-7.579	66.672
-36.253	-7.611	66.685
-36.252	-7.626	66.669
-36.254	-7.591	66.649
-36.249	-7.655	66.693
-36.260	-7.649	66.685
-36.261	-7.678	66.700
-36.262	-7.658	66.686
-36.252	-7.655	66.674
-36.242	-7.618	66.638
-36.245	-7.592	66.655
-36.257	-7.585	66.640
-36.250	-7.546	66.618
-36.246	-7.574	66.690
-36.259	-7.539	66.687
-36.240	-7.507	66.676
-36.241	-7.468	66.660
-36.254	-7.457	66.681
-36.240	-7.450	66.702
-36.241	-7.440	66.718
-36.244	-7.412	66.681
-36.231	-7.369	66.679
-36.242	-7.386	66.686
-36.249	-7.341	66.658
-36.230	-7.354	66.678
-36.236	-7.345	66.655
-36.249	-7.406	66.690
-36.235	-7.366	66.655
-36.245	-7.403	66.665
-36.248	-7.453	66.703
-36.237	-7.413	66.653
-36.257	-7.445	66.647
-36.229	-7.494	66.654
-36.239	-7.498	66.648
-36.249	-7.538	66.614
-36.253	-7.589	66.680
-36.261	-7.606	66.672
-36.250	-7.629	66.670
-36.255	-7.673	66.700
-36.258	-7.701	66.726
-36.247	-7.648	66.653
-36.251	-7.659	66.676
-36.259	-7.639	66.665
-36.244	-7.622	66.631
-36.248	-7.629	66.661
-36.239	-7.568	66.614
-36.251	-7.609	66.684
-36.241	-7.575	66.686
-36.237	-7.545	66.660
-36.251	-7.500	66.662
-36.250	-7.494	66.660
-36.245	-7.462	66.672
-36.232	-7.458	66.705
-36.243	-7.428	66.683
-36.245	-7.436	66.721
-36.257	-7.380	66.669
-36.230	-7.394	66.687
-36.237	-7.376	66.703
-36.240	-7.344	66.672
-36.244	-7.383	66.695
-36.241	-7.391	66.719
-36.239	-7.411	66.731
-36.243	-7.399	66.690
-36.246	-7.393	66.653
-36.238	-7.443	66.673
-36.244	-7.445	66.653
-36.227	-7.501	66.695
-36.254	-7.525	66.655
-36.253	-7.526	66.621
-36.252	-7.570	66.637
-36.253	-7.625	66.698
-36.247	-7.590	66.616
-36.258	-7.649	66.653
-36.241	-7.642	66.676
-36.261	-7.639	66.653
-36.252	-7.669	66.665
-36.247	-7.682	66.698
-36.256	-7.662	66.676
-36.237	-7.663	66.683
-36.245	-7.620	66.666
-36.243	-7.634	66.719
-36.250	-7.576	66.662
-36.238	-7.598	66.687
-36.255	-7.519	66.651
-36.240	-7.497	66.675
-36.255	-7.458	66.650
-36.244	-7.496	66.714
-36.242	-7.416	66.676
-36.248	-7.429	66.711
-36.241	-7.364	66.657
-36.247	-7.385	66.716
-36.254	-7.361	66.694
-36.236	-7.358	66.710
-36.236	-7.330	66.664
-36.247	-7.356	66.671
-36.247	-7.319	66.651
-36.247	-7.390	66.698
-36.243	-7.421	66.718
-36.247	-7.431	66.682
-36.244	-7.450	66.681
-36.250	-7.437	66.636
-36.239	-7.496	66.665
-36.244	-7.499	66.635
-36.239	-7.528	66.640
-36.235	-7.596	66.714
-36.249	-7.613	66.656
-36.253	-7.633	66.667
-36.248	-7.631	66.657
-36.248	-7.650	66.693
-36.255	-7.698	66.721
-36.251	-7.691	66.695
-36.250	-7.657	66.678
-36.251	-7.631	66.642
-36.242	-7.663	66.690
-36.246	-7.617	66.689
-36.261	-7.661	66.728
-36.244	-7.571	66.635
-36.249	-7.563	66.673
-36.245	-7.507	66.647
-36.242	-7.466	66.666
-36.248	-7.465	66.663
-36.250	-7.417	66.637
-36.240	-7.422	66.676
-36.249	-7.421	66.687
-36.242	-7.398	66.686
-36.244	-7.372	66.695
-36.234	-7.370	66.714
-36.237	-7.376	66.695
-36.229	-7.379	66.725
-36.242	-7.392	66.712
-36.233	-7.339	66.666
-36.243	-7.367	66.654
-36.245	-7.423	66.676
-36.250	-7.409	66.654
-36.253	-7.414	66.633
-36.252	-7.478	66.687
-36.257	-7.520	66.690
-36.260	-7.557	66.679
-36.253	-7.561	66.667
-36.253	-7.582	66.647
-36.251	-7.605	66.654
-36.243	-7.639	66.652
-36.252	-7.644	66.653
-36.249	-7.663	66.680
-36.254	-7.639	66.646
-36.253	-7.694	66.697
-36.251	-7.659	66.653
-36.248	-7.627	66.624
-36.249	-7.686	66.705
-36.244	-7.641	66.694
-36.243	-7.601	66.661
-36.249	-7.564	66.668
-36.247	-7.576	66.707
-36.242	-7.510	66.677
-36.229	-7.519	66.725
-36.244	-7.472	66.676
-36.252	-7.420	66.646
-36.227	-7.387	66.664
-36.233	-7.382	66.679
-36.255	-7.439	66.732
-36.255	-7.365	66.665
-36.233	-7.349	66.659
-36.254	-7.360	66.691
-36.237	-7.357	66.689
-36.226	-7.378	66.689
-36.252	-7.386	66.697
-36.243	-7.385	66.661
-36.239	-7.400	66.674
-36.252	-7.453	66.718
-36.248	-7.468	66.693
-36.252	-7.474	66.654
-36.247	-7.529	66.682
-36.235	-7.567	66.706
-36.248	-7.546	66.636
-36.243	-7.566	66.647
-36.248	-7.606	66.649
-36.256	-7.609	66.639
-36.247	-7.644	66.671
-36.237	-7.681	66.722
-36.246	-7.642	66.668
-36.255	-7.682	66.700
-36.239	-7.615	66.638
-36.256	-7.658	66.681
-36.256	-7.604	66.630
-36.260	-7.595	66.641
-36.248	-7.604	66.702
-36.253	-7.567	66.670
-36.250	-7.525	66.670
-36.246	-7.499	66.665
-36.247	-7.486	66.685
-36.243	-7.469	66.695
-36.252	-7.416	66.659
-36.243	-7.435	66.689
-36.246	-7.393	66.669
-36.239	-7.413	66.715
-36.246	-7.372	66.676
-36.257	-7.329	66.643
-36.231	-7.371	66.693
-36.240	-7.359	66.671
-36.248	-7.348	66.659
-36.248	-7.404	66.690
-36.239	-7.385	66.681
-36.249	-7.406	66.654
-36.243	-7.429	66.673
-36.254	-7.465	66.663
-36.240	-7.464	66.641
-36.256	-7.481	66.620
-36.252	-7.545	66.656
-36.255	-7.562	66.638
-36.258	-7.617	66.673
-36.252	-7.622	66.680
-36.247	-7.630	66.658
-36.259	-7.618	66.665
-36.254	-7.652	66.682
-36.232	-7.637	66.640
-36.252	-7.669	66.684
-36.250	-7.659	66.695
-36.242	-7.635	66.697
-36.252	-7.607	66.639
-36.260	-7.598	66.679
-36.242	-7.579	66.686
-36.251	-7.536	66.657
-36.242	-7.520	66.682
-36.248	-7.475	66.654
-36.253	-7.527	66.703
-36.236	-7.470	66.718
-36.234	-7.418	66.652
-36.254	-7.422	66.681
-36.247	-7.403	66.692
-36.240	-7.363	66.684
-36.247	-7.351	66.651
-36.245	-7.408	66.711
-36.243	-7.357	66.667
-36.234	-7.425	66.726
-36.229	-7.384	66.679
-36.244	-7.409	66.695
-36.244	-7.422	66.689
-36.242	-7.417	66.644
-36.246	-7.454	66.646
-36.250	-7.443	66.616
-36.240	-7.506	66.657
-36.253	-7.535	66.650
-36.248	-7.572	66.681
-36.247	-7.595	66.666
-36.256	-7.597	66.647
-36.246	-7.652	66.711
-36.247	-7.658	66.667
-36.253	-7.637	66.640
-36.262	-7.626	66.629
-36.239	-7.679	66.681
-36.256	-7.653	66.656
-36.254	-7.642	66.668
-36.258	-7.644	66.688
-36.260	-7.613	66.661
-36.248	-7.605	66.690
-36.251	-7.561	66.690
-36.254	-7.504	66.635
-36.246	-7.499	66.671
-36.241	-7.459	66.659
-36.254	-7.435	66.640
-36.244	-7.437	66.715
-36.238	-7.434	66.709
-36.243	-7.400	66.689
-36.236	-7.415	66.718
-36.242	-7.367	66.689
-36.238	-7.385	66.731
-36.247	-7.354	66.670
-36.243	-7.356	66.692
-36.237	-7.365	66.679
-36.244	-7.388	66.682
-36.252	-7.394	66.660
-36.241	-7.410	66.661
-36.256	-7.428	66.663
-36.235	-7.454	66.653
-36.242	-7.501	66.678
-36.245	-7.545	66.693
-36.252	-7.494	66.609
-36.250	-7.545	66.628
-36.248	-7.597	66.650
-36.256	-7.604	66.656
-36.253	-7.630	66.667
-36.258	-7.608	66.615
-36.256	-7.644	66.661
-36.257	-7.686	66.682
-36.259	-7.631	66.639
-36.258	-7.633	66.667
-36.255	-7.651	66.692
-36.243	-7.644	66.712
-36.240	-7.610	66.698
-36.237	-7.575	66.679
-36.238	-7.541	66.660
-36.248	-7.503	66.660
-36.235	-7.477	66.656
-36.240	-7.484	66.689
-36.245	-7.458	66.710
-36.235	-7.402	66.679
-36.243	-7.388	66.671
-36.234	-7.388	66.697
-36.240	-7.335	66.661
-36.239	-7.367	66.695
-36.247	-7.403	66.730
-36.234	-7.364	66.709
-36.248	-7.374	66.676
-36.254	-7.354	66.662
-36.249	-7.375	66.654
-36.241	-7.416	66.693
-36.250	-7.424	66.667
-36.247	-7.468	66.685
-36.252	-7.477	66.643
-36.241	-7.525	66.695
-36.248	-7.542	66.637
-36.257	-7.548	66.648
-36.248	-7.625	66.686
-36.256	-7.611	66.647
-36.249	-7.646	66.673
-36.265	-7.648	66.675
-36.243	-7.658	66.666
-36.255	-7.651	66.668
-36.252	-7.705	66.689
-36.254	-7.664	66.682
-36.243	-7.646	66.679
-36.251	-7.621	66.679
-36.234	-7.619	66.695
-36.252	-7.571	66.648
-36.234	-7.537	66.664
-36.250	-7.519	66.688
-36.239	-7.463	66.650
-36.240	-7.466	66.666
-36.245	-7.462	66.690
-36.252	-7.408	66.649
-36.252	-7.426	66.723
-36.242	-7.399	66.702
-36.253	-7.364	66.672
-36.232	-7.344	66.678
-36.238	-7.357	66.691
-36.245	-7.373	66.706
-36.243	-7.369	66.686
-36.245	-7.364	66.681
-36.259	-7.370	66.671
-36.247	-7.400	66.696
-36.243	-7.435	66.681
-36.249	-7.451	66.659
-36.245	-7.433	66.616
-36.252	-7.458	66.621
-36.263	-7.494	66.629
-36.255	-7.561	66.646
-36.261	-7.594	66.679
-36.249	-7.595	66.663
-36.263	-7.613	66.651
-36.263	-7.628	66.657
-36.255	-7.658	66.694
-36.257	-7.686	66.710
-36.248	-7.676	66.698
-36.270	-7.677	66.695
-36.250	-7.670	66.695
-36.242	-7.647	66.678
-36.249	-7.621	66.677
-36.246	-7.589	66.685
-36.243	-7.556	66.656
-36.249	-7.543	66.678
-36.236	-7.494	66.660
-36.238	-7.499	66.680
-36.247	-7.441	66.637
-36.238	-7.448	66.685
-36.235	-7.451	66.711
-36.242	-7.426	66.713
-36.242	-7.378	66.676
-36.237	-7.334	66.652
-36.237	-7.353	66.677
-36.251	-7.336	66.679
-36.235	-7.359	66.707
-36.243	-7.371	66.704
-36.247	-7.360	66.663
-36.257	-7.389	66.641
-36.246	-7.377	66.642
-36.253	-7.429	66.672
-36.257	-7.494	66.696
-36.245	-7.472	66.677
-36.259	-7.477	66.623
-36.255	-7.549	66.675
-36.261	-7.555	66.616
-36.255	-7.608	66.668
-36.263	-7.638	66.699
-36.255	-7.613	66.639
-36.249	-7.604	66.596
-36.247	-7.635	66.647
-36.249	-7.657	66.647
-36.254	-7.633	66.676
-36.256	-7.746	66.775
-36.241	-7.654	66.661
-36.254	-7.608	66.658
-36.249	-7.558	66.604
-36.247	-7.604	66.681
-36.254	-7.582	66.694
-36.261	-7.567	66.675
-36.247	-7.511	66.686
-36.238	-7.484	66.662
-36.253	-7.452	66.677
-36.248	-7.408	66.669
-36.236	-7.415	66.677
-36.238	-7.373	66.658
-36.251	-7.380	66.697
-36.240	-7.394	66.726
-36.236	-7.381	66.709
-36.238	-7.352	66.664
-36.231	-7.330	66.634
-36.248	-7.369	66.701
-36.240	-7.376	66.677
-36.252	-7.373	66.649
-36.236	-7.413	66.680
-36.236	-7.453	66.698
-36.248	-7.443	66.673
-36.252	-7.474	66.653
-36.254	-7.518	66.676
-36.257	-7.598	66.719
-36.255	-7.594	66.684
-36.251	-7.563	66.631
-36.251	-7.599	66.641
-36.245	-7.659	66.669
-36.254	-7.648	66.660
-36.252	-7.677	66.679
-36.254	-7.686	66.679
-36.246	-7.603	66.601
-36.242	-7.669	66.696
-36.244	-7.626	66.654
-36.244	-7.574	66.601
-36.248	-7.604	66.677
-36.243	-7.622	66.692
-36.236	-7.530	66.644
-36.243	-7.517	66.635
-36.249	-7.512	66.700
-36.246	-7.464	66.653
-36.249	-7.467	66.686
-36.234	-7.449	66.713
-36.238	-7.392	66.670
-36.240	-7.381	66.672
-36.237	-7.396	66.725
-36.249	-7.369	66.701
-36.244	-7.355	66.695
-36.247	-7.361	66.690
-36.245	-7.343	66.675
-36.239	-7.357	66.680
-36.243	-7.360	66.671
-36.238	-7.425	66.704
-36.240	-7.406	66.681
-36.239	-7.472	66.714
-36.246	-7.426	66.616
-36.235	-7.508	66.677
-36.245	-7.516	66.647
-36.237	-7.586	66.681
-36.254	-7.537	66.619
-36.258	-7.608	66.674
-36.267	-7.613	66.662
-36.267	-7.649	66.681
-36.250	-7.663	66.655
-36.256	-7.686	66.696
-36.253	-7.677	66.655
-36.253	-7.686	66.676
-36.235	-7.663	66.677
-36.246	-7.626	66.647
-36.238	-7.603	66.626
-36.236	-7.595	66.658
-36.249	-7.605	66.712
-36.239	-7.550	66.659
-36.247	-7.525	66.701
-36.241	-7.464	66.651
-36.244	-7.452	66.656
-36.243	-7.463	66.697
-36.246	-7.444	66.702
-36.242	-7.394	66.683
-36.234	-7.377	66.685
-36.239	-7.339	66.675
-36.239	-7.344	66.658
-36.246	-7.379	66.708
-36.232	-7.386	66.729
-36.252	-7.347	66.659
-36.236	-7.371	66.711
-36.230	-7.401	66.720
-36.250	-7.436	66.697
-36.260	-7.416	66.656
-36.250	-7.430	66.648
-36.251	-7.459	66.653
-36.239	-7.489	66.663
-36.264	-7.535	66.647
-36.253	-7.550	66.643
-36.263	-7.572	66.633
-36.249	-7.598	66.673
-36.250	-7.656	66.672
-36.251	-7.645	66.652
-36.255	-7.659	66.692
-36.245	-7.645	66.644
-36.257	-7.661	66.645
-36.257	-7.656	66.642
-36.253	-7.670	66.691
-36.251	-7.625	66.647
-36.251	-7.630	66.690
-36.242	-7.670	66.755
-36.248	-7.601	66.711
-36.254	-7.521	66.633
-36.251	-7.511	66.663
-36.250	-7.439	66.608
-36.252	-7.478	66.701
-36.233	-7.416	66.653
-36.241	-7.430	66.714
-36.239	-7.396	66.684
-36.247	-7.361	66.658
-36.239	-7.384	66.700
-36.240	-7.392	66.738
-36.252	-7.353	66.688
-36.231	-7.397	66.753
-36.246	-7.368	66.699
-36.251	-7.381	66.685
-36.242	-7.385	66.683
-36.236	-7.406	66.684
-36.249	-7.406	66.640
-36.244	-7.475	66.687
-36.248	-7.508	66.693
-36.251	-7.508	66.647
-36.257	-7.526	66.634
-36.250	-7.547	66.631
-36.239	-7.586	66.669
-36.244	-7.632	66.670
-36.249	-7.625	66.654
-36.261	-7.638	66.657
-36.266	-7.651	66.675
-36.248	-7.629	66.627
-36.256	-7.662	66.682
-36.258	-7.673	66.701
-36.254	-7.653	66.673
-36.253	-7.647	66.683
-36.249	-7.576	66.659
-36.250	-7.616	66.708
-36.245	-7.564	66.653
-36.244	-7.558	66.704
-36.240	-7.507	66.678
-36.240	-7.493	66.676
-36.256	-7.451	66.668
-36.249	-7.436	66.688
-36.245	-7.453	66.744
-36.245	-7.395	66.700
-36.235	-7.363	66.680
-36.251	-7.346	66.660
-36.256	-7.380	66.696
-36.240	-7.361	66.690
-36.246	-7.366	66.689
-36.234	-7.379	66.694
-36.251	-7.394	66.679
-36.247	-7.410	66.699
-36.251	-7.421	66.667
-36.244	-7.430	66.660
-36.247	-7.453	66.653
-36.253	-7.475	66.623
-36.247	-7.564	66.706
-36.236	-7.578	66.713
-36.256	-7.573	66.662
-36.251	-7.603	66.683
-36.250	-7.630	66.662
-36.252	-7.621	66.667
-36.263	-7.627	66.637
-36.268	-7.663	66.678
-36.242	-7.664	66.678
-36.253	-7.643	66.664
-36.246	-7.663	66.681
-36.252	-7.633	66.664
-36.244	-7.610	66.669
-36.249	-7.596	66.671
-36.244	-7.548	66.637
-36.237	-7.574	66.691
-36.251	-7.484	66.636
-36.246	-7.516	66.699
-36.242	-7.474	66.687
-36.245	-7.425	66.645
-36.244	-7.402	66.658
-36.248	-7.416	66.724
-36.238	-7.373	66.676
-36.236	-7.348	66.637
-36.255	-7.343	66.674
-36.244	-7.375	66.693
-36.243	-7.364	66.681
-36.248	-7.367	66.682
-36.245	-7.382	66.685
-36.251	-7.379	66.668
-36.241	-7.381	66.657
-36.263	-7.416	66.648
-36.245	-7.469	66.699
-36.258	-7.488	66.682
-36.244	-7.510	66.671
-36.251	-7.525	66.669
-36.248	-7.560	66.664
-36.263	-7.601	66.666
-36.252	-7.601	66.671
-36.246	-7.618	66.660
-36.258	-7.618	66.651
-36.248	-7.657	66.681
-36.251	-7.684	66.705
-36.263	-7.630	66.642
-36.247	-7.644	66.646
-36.245	-7.657	66.678
-36.251	-7.620	66.642
-36.245	-7.626	66.680
-36.250	-7.606	66.680
-36.246	-7.540	66.628
-36.253	-7.568	66.685
-36.256	-7.518	66.662
-36.251	-7.447	66.619
-36.244	-7.446	66.639
-36.255	-7.422	66.645
-36.248	-7.418	66.683
-36.250	-7.390	66.672
-36.239	-7.390	66.672
-36.217	-7.351	66.682
-36.244	-7.324	66.642
-36.244	-7.327	66.643
-36.240	-7.332	66.641
-36.239	-7.373	66.703
-36.233	-7.346	66.645
-36.242	-7.397	66.678
-36.252	-7.400	66.689
-36.230	-7.417	66.689
-36.244	-7.465	66.685
-36.245	-7.470	66.660
-36.257	-7.500	66.674
-36.258	-7.494	66.628
-36.257	-7.538	66.614
-36.254	-7.581	66.687
-36.247	-7.620	66.680
-36.253	-7.598	66.636
-36.250	-7.614	66.645
-36.257	-7.598	66.622
-36.266	-7.697	66.727
-36.262	-7.649	66.681
-36.248	-7.611	66.638
-36.257	-7.627	66.676
-36.244	-7.585	66.651
-36.254	-7.623	66.692
-36.258	-7.601	66.701
-36.251	-7.601	66.737
-36.246	-7.495	66.627
-36.244	-7.539	66.709
-36.249	-7.439	66.633
-36.228	-7.439	66.640
-36.237	-7.447	66.704
-36.252	-7.408	66.690
-36.243	-7.405	66.689
-36.247	-7.371	66.681
-36.238	-7.327	66.636
-36.247	-7.383	66.718
-36.246	-7.343	66.661
-36.253	-7.333	66.654
-36.240	-7.395	66.713
-36.253	-7.359	66.654
-36.244	-7.352	66.645
-36.240	-7.408	66.672
-36.241	-7.470	66.724
-36.239	-7.467	66.683
-36.247	-7.458	66.627
-36.256	-7.495	66.635
-36.245	-7.546	66.674
-36.250	-7.550	66.649
-36.249	-7.612	66.688
-36.245	-7.600	66.626
-36.253	-7.610	66.627
-36.262	-7.628	66.652
-36.261	-7.630	66.635
-36.253	-7.657	66.663
-36.256	-7.636	66.649
-36.256	-7.622	66.649
-36.253	-7.598	66.624
-36.251	-7.597	66.667
-36.244	-7.622	66.706
-36.253	-7.539	66.643
-36.246	-7.570	66.698
-36.246	-7.520	66.678
-36.244	-7.483	66.651
-36.247	-7.451	66.646
-36.263	-7.486	66.734
-36.232	-7.440	66.699
-36.244	-7.423	66.700
-36.243	-7.374	66.671
-36.249	-7.350	66.660
-36.247	-7.373	66.697
-36.246	-7.349	66.671
-36.238	-7.352	66.650
-36.241	-7.358	66.676
-36.239	-7.376	66.696
-36.242	-7.384	66.685
-36.231	-7.392	66.673
-36.238	-7.445	66.702
-36.253	-7.403	66.603
-36.242	-7.463	66.651
-36.269	-7.483	66.640
-36.253	-7.518	66.646
-36.240	-7.544	66.645
-36.241	-7.572	66.671
-36.246	-7.616	66.674
-36.247	-7.589	66.634
-36.255	-7.613	66.635
-36.247	-7.679	66.702
-36.264	-7.657	66.688
-36.257	-7.678	66.695
-36.248	-7.667	66.701
-36.255	-7.655	66.694
-36.252	-7.635	66.671
-36.250	-7.656	66.719
-36.257	-7.598	66.670
-36.255	-7.534	66.635
-36.260	-7.525	66.641
-36.257	-7.533	66.665
-36.252	-7.500	66.679
-36.251	-7.463	66.678
-36.250	-7.429	66.677
-36.238	-7.418	66.683
-36.247	-7.413	66.697
-36.239	-7.384	66.674
-36.246	-7.382	66.717
-36.235	-7.363	66.681
-36.236	-7.361	66.685
-36.254	-7.333	66.627
-36.248	-7.355	66.690
-36.247	-7.382	66.674
-36.245	-7.397	66.691
-36.239	-7.411	66.674
-36.241	-7.412	66.668
-36.244	-7.442	66.676
-36.241	-7.452	66.620
-36.258	-7.522	66.672
-36.248	-7.528	66.627
-36.249	-7.558	66.638
-36.248	-7.580	66.649
-36.252	-7.600	66.642
-36.253	-7.618	66.647
-36.235	-7.607	66.605
-36.252	-7.679	66.682
-36.245	-7.694	66.717
-36.244	-7.702	66.714
-36.250	-7.664	66.680
-36.256	-7.693	66.728
-36.250	-7.633	66.679
-36.252	-7.643	66.683
-36.240	-7.614	66.680
-36.240	-7.549	66.637
-36.240	-7.515	66.619
-36.239	-7.501	66.671
-36.256	-7.493	66.682
-36.251	-7.428	66.658
-36.242	-7.453	66.689
-36.244	-7.455	66.735
-36.240	-7.409	66.699
-36.233	-7.382	66.689
-36.249	-7.339	66.635
-36.245	-7.362	66.669
-36.232	-7.369	66.685
-36.244	-7.369	66.687
-36.246	-7.395	66.702
-36.231	-7.385	66.717
-36.250	-7.384	66.657
-36.252	-7.425	66.678
-36.245	-7.456	66.686
-36.247	-7.476	66.678
-36.251	-7.485	66.663
-36.241	-7.509	66.644
-36.266	-7.526	66.611
-36.257	-7.602	66.703
-36.252	-7.594	66.656
-36.262	-7.636	66.668
-36.254	-7.600	66.599
-36.264	-7.669	66.688
-36.257	-7.694	66.711
-36.248	-7.651	66.680
-36.259	-7.700	66.744
-36.252	-7.652	66.670
-36.246	-7.655	66.689
-36.245	-7.583	66.621
-36.247	-7.586	66.640
-36.251	-7.547	66.648
-36.243	-7.552	66.693
-36.247	-7.558	66.716
-36.256	-7.498	66.679
-36.245	-7.453	66.666
-36.229	-7.470	66.736
-36.238	-7.429	66.703
-36.254	-7.420	66.698
-36.242	-7.384	66.666
-36.240	-7.350	66.667
-36.235	-7.333	66.654
-36.247	-7.361	66.665
-36.241	-7.388	66.694
-36.236	-7.353	66.686
-36.248	-7.374	66.672
-36.239	-7.393	66.688
-36.254	-7.413	66.665
-36.243	-7.430	66.663
-36.254	-7.465	66.660
-36.252	-7.485	66.664
-36.241	-7.486	66.633
-36.238	-7.552	66.674
-36.253	-7.562	66.658
-36.249	-7.616	66.667
-36.258	-7.600	66.644
-36.255	-7.615	66.645
-36.261	-7.625	66.624
-36.249	-7.665	66.692
-36.268	-7.668	66.667
-36.248	-7.633	66.654
-36.242	-7.639	66.643
-36.256	-7.624	66.646
-36.256	-7.681	66.743
-36.237	-7.572	66.648
-36.244	-7.602	66.698
-36.243	-7.552	66.658
-36.249	-7.507	66.637
-36.234	-7.548	66.738
-36.242	-7.500	66.703
-36.240	-7.448	66.677
-36.228	-7.416	66.665
-36.250	-7.432	66.702
-36.235	-7.404	66.703
-36.239	-7.411	66.729
-36.257	-7.333	66.656
-36.250	-7.343	66.670
-36.237	-7.347	66.645
-36.241	-7.316	66.663
-36.241	-7.355	66.669
-36.254	-7.342	66.631
-36.253	-7.437	66.695
-36.242	-7.408	66.649
-36.250	-7.471	66.672
-36.248	-7.462	66.648
-36.260	-7.505	66.689
-36.256	-7.531	66.661
-36.247	-7.552	66.659
-36.238	-7.601	66.665
-36.239	-7.610	66.674
-36.258	-7.601	66.624
-36.251	-7.597	66.592
-36.246	-7.669	66.686
-36.245	-7.662	66.666
-36.252	-7.597	66.580
-36.241	-7.632	66.664
-36.251	-7.659	66.670
-36.256	-7.597	66.626
-36.239	-7.643	66.698
-36.254	-7.575	66.630
-36.248	-7.531	66.617
-36.251	-7.526	66.637
-36.244	-7.525	66.692
-36.239	-7.504	66.706
-36.247	-7.464	66.692
-36.248	-7.452	66.677
-36.239	-7.386	66.618
-36.243	-7.449	66.739
-36.240	-7.392	66.707
-36.227	-7.387	66.705
-36.248	-7.361	66.659
-36.246	-7.363	66.686
-36.258	-7.363	66.685
-36.238	-7.393	66.718
-36.245	-7.378	66.671
-36.248	-7.393	66.702
-36.236	-7.434	66.693
-36.248	-7.428	66.664
-36.244	-7.434	66.639
-36.253	-7.503	66.681
-36.240	-7.505	66.651
-36.254	-7.551	66.663
-36.254	-7.609	66.707
-36.245	-7.594	66.657
-36.255	-7.620	66.655
-36.253	-7.645	66.678
-36.243	-7.661	66.684
-36.248	-7.621	66.623
-36.253	-7.631	66.638
-36.248	-7.661	66.681
-36.247	-7.647	66.667
-36.254	-7.638	66.667
-36.245	-7.617	66.678
-36.261	-7.569	66.600
-36.247	-7.570	66.631
-36.249	-7.541	66.648
-36.234	-7.555	66.707
-36.246	-7.467	66.660
-36.236	-7.476	66.679
-36.234	-7.443	66.678
-36.241	-7.430	66.710
-36.234	-7.448	66.721
-36.237	-7.388	66.680
-36.243	-7.381	66.683
-36.237	-7.387	66.703
-36.240	-7.369	66.688
-36.240	-7.325	66.631
-36.238	-7.351	66.666
-36.241	-7.363	66.676
-36.243	-7.347	66.636
-36.245	-7.402	66.687
-36.252	-7.395	66.634
-36.241	-7.446	66.658
-36.248	-7.481	66.674
-36.261	-7.499	66.656
-36.248	-7.510	66.650
-36.251	-7.515	66.616
-36.246	-7.578	66.664
-36.253	-7.575	66.630
-36.249	-7.657	66.696
-36.255	-7.643	66.671
-36.259	-7.666	66.694
-36.249	-7.648	66.656
-36.255	-7.654	66.656
-36.245	-7.669	66.669
-36.249	-7.674	66.681
-36.252	-7.625	66.652
-36.255	-7.607	66.677
-36.245	-7.591	66.667
-36.242	-7.552	66.658
-36.241	-7.554	66.674
-36.244	-7.523	66.659
-36.243	-7.492	66.676
-36.252	-7.463	66.681
-36.245	-7.454	66.675
-36.243	-7.444	66.700
-36.247	-7.378	66.667
-36.238	-7.387	66.682
-36.246	-7.404	66.718
-36.230	-7.370	66.707
-36.235	-7.371	66.716
-36.237	-7.298	66.622
-36.247	-7.403	66.719
-36.256	-7.390	66.699
-36.252	-7.389	66.648
-36.245	-7.407	66.665
-36.246	-7.434	66.673
-36.250	-7.460	66.656
-36.240	-7.482	66.674
-36.257	-7.546	66.700
-36.265	-7.535	66.658
-36.259	-7.590	66.676
-36.249	-7.583	66.652
-36.250	-7.599	66.628
-36.254	-7.688	66.714
-36.256	-7.653	66.667
-36.261	-7.687	66.715
-36.254	-7.659	66.691
-36.261	-7.664	66.665
-36.249	-7.652	66.669
-36.249	-7.654	66.674
-36.240	-7.635	66.681
-36.241	-7.607	66.670
-36.244	-7.573	66.656
-36.241	-7.561	66.671
-36.243	-7.540	66.673
-36.245	-7.512	66.706
-36.250	-7.477	66.659
-36.254	-7.399	66.617
-36.241	-7.441	66.703
-36.245	-7.438	66.709
-36.230	-7.410	66.704
-36.248	-7.378	66.678
-36.238	-7.363	66.685
-36.246	-7.378	66.702
-36.239	-7.359	66.672
-36.253	-7.382	66.705
-36.243	-7.349	66.662
-36.239	-7.369	66.687
-36.254	-7.407	66.685
-36.247	-7.447	66.694
-36.247	-7.425	66.663
-36.247	-7.484	66.691
-36.241	-7.504	66.675
-36.246	-7.509	66.657
-36.246	-7.512	66.589
-36.254	-7.552	66.635
-36.242	-7.569	66.621
-36.250	-7.640	66.664
-36.259	-7.657	66.702
-36.253	-7.634	66.645
-36.253	-7.654	66.669
-36.259	-7.657	66.671
-36.256	-7.664	66.672
-36.253	-7.642	66.655
-36.248	-7.644	66.697
-36.253	-7.624	66.671
-36.243	-7.611	66.687
-36.247	-7.605	66.696
-36.243	-7.557	66.685
-36.247	-7.527	66.668
-36.247	-7.472	66.647
-36.239	-7.466	66.680
-36.241	-7.494	66.733
-36.241	-7.424	66.666
-36.243	-7.396	66.656
-36.244	-7.396	66.710
-36.247	-7.388	66.685
-36.248	-7.349	66.666
-36.241	-7.356	66.689
-36.241	-7.404	66.739
-36.242	-7.353	66.683
-36.236	-7.366	66.688
-36.234	-7.403	66.709
-36.254	-7.405	66.736
-36.238	-7.419	66.703
-36.240	-7.440	66.731
-36.248	-7.472	66.752
-36.239	-7.474	66.748
-36.228	-7.498	66.717
-36.234	-7.533	66.764
-36.233	-7.604	66.827
-36.242	-7.573	66.811
-36.240	-7.571	66.802
-36.246	-7.623	66.835
-36.247	-7.592	66.824
-36.241	-7.620	66.889
-36.245	-7.670	66.941
-36.239	-7.661	67.039
-36.237	-7.646	67.026
-36.238	-7.606	67.034
-36.252	-7.531	66.994
-36.250	-7.547	67.055
-36.253	-7.504	67.041
-36.262	-7.522	67.089
-36.270	-7.500	67.112
-36.268	-7.439	67.074
-36.269	-7.396	67.048
-36.279	-7.403	67.105
-36.253	-7.335	67.060
-36.256	-7.361	67.125
-36.258	-7.361	67.125
-36.250	-7.350	67.129
-36.243	-7.362	67.160
-36.235	-7.309	67.104
-36.229	-7.336	67.126
-36.237	-7.355	67.132
-36.224	-7.362	67.124
-36.232	-7.384	67.153
-36.225	-7.432	67.173
-36.235	-7.410	67.124
-36.228	-7.469	67.196
-36.233	-7.471	67.169
-36.234	-7.550	67.218
-36.251	-7.538	67.192
-36.261	-7.575	67.206
-36.272	-7.606	67.215
-36.269	-7.582	67.185
-36.282	-7.641	67.231
-36.280	-7.634	67.251
-36.281	-7.613	67.245
-36.279	-7.640	67.279
-36.273	-7.647	67.299
-36.283	-7.617	67.287
-36.262	-7.620	67.322
-36.253	-7.602	67.350
-36.251	-7.561	67.364
-36.255	-7.541	67.393
-36.255	-7.548	67.466
-36.258	-7.507	67.458
-36.248	-7.474	67.468
-36.246	-7.434	67.474
-36.243	-7.410	67.492
-36.241	-7.396	67.520
-36.238	-7.372	67.519
-36.246	-7.356	67.529
-36.241	-7.335	67.536
-36.256	-7.359	67.586
-36.261	-7.306	67.561
-36.277	-7.324	67.544
-36.297	-7.338	67.565
-36.301	-7.350	67.519
-36.319	-7.341	67.515
-36.326	-7.401	67.537
-36.323	-7.432	67.555
-36.326	-7.469	67.571
-36.318	-7.482	67.537
-36.311	-7.527	67.593
-36.296	-7.513	67.538
-36.275	-7.566	67.584
-36.280	-7.594	67.590
-36.276	-7.594	67.564
-36.257	-7.640	67.604
-36.241	-7.667	67.614
-36.246	-7.642	67.594
-36.225	-7.669	67.612
-36.219	-7.594	67.550
-36.214	-7.665	67.632
-36.211	-7.631	67.592
-36.219	-7.601	67.578
-36.234	-7.542	67.545
-36.233	-7.552	67.587
-36.249	-7.509	67.564
-36.262	-7.473	67.545
-36.268	-7.457	67.564
-36.295	-7.382	67.521
-36.293	-7.416	67.583
-36.309	-7.369	67.565
-36.319	-7.350	67.560
-36.326	-7.364	67.569
-36.325	-7.330	67.597
-36.327	-7.314	67.556
-36.312	-7.300	67.528
-36.303	-7.332	67.542
-36.289	-7.334	67.526
-36.286	-7.361	67.503
-36.273	-7.361	67.435
-36.259	-7.372	67.303
-36.245	-7.382	67.098
-36.233	-7.365	66.912
-36.222	-7.360	66.758
-36.208	-7.456	66.672
-36.181	-7.511	66.547
-36.179	-7.536	66.490
-36.156	-7.525	66.405
-36.152	-7.607	66.486
-36.182	-7.597	66.453
-36.172	-7.637	66.528
-36.176	-7.689	66.600
-36.206	-7.711	66.667
-36.229	-7.760	66.766
-36.258	-7.739	66.757
-36.290	-7.710	66.775
-36.324	-7.739	66.836
-36.328	-7.641	66.759
-36.345	-7.609	66.705
-36.359	-7.592	66.689
-36.341	-7.549	66.661
-36.332	-7.498	66.635
-36.304	-7.480	66.651
-36.260	-7.431	66.648
-36.231	-7.382	66.637
-36.183	-7.323	66.659
-36.159	-7.328	66.709
-36.140	-7.285	66.710
-36.116	-7.262	66.719
-36.131	-7.211	66.662
-36.135	-7.256	66.737
-36.152	-7.258	66.724
-36.183	-7.252	66.700
-36.215	-7.312	66.723
-36.257	-7.295	66.683
-36.285	-7.338	66.677
-36.306	-7.396	66.688
-36.334	-7.449	66.682
-36.341	-7.472	66.680
-36.359	-7.508	66.671
-36.346	-7.549	66.652
-36.325	-7.628	66.700
-36.312	-7.622	66.638
-36.281	-7.667	66.673
-36.262	-7.711	66.694
-36.230	-7.701	66.662
-36.216	-7.696	66.645
-36.189	-7.776	66.721
-36.171	-7.756	66.724
-36.162	-7.701	66.674
-36.161	-7.689	66.660
-36.175	-7.657	66.654
-36.177	-7.624	66.664
-36.185	-7.593	66.678
-36.187	-7.550	66.657
-36.225	-7.489	66.663
-36.226	-7.461	66.680
-36.260	-7.413	66.683
-36.283	-7.396	66.696
-36.292	-7.375	66.743
-36.314	-7.307	66.680
-36.313	-7.284	66.712
-36.306	-7.286	66.731
-36.303	-7.236	66.683
-36.288	-7.276	66.733
-36.299	-7.256	66.709
-36.258	-7.251	66.701
-36.245	-7.303	66.749
-36.233	-7.309	66.703
-36.213	-7.320	66.684
-36.194	-7.359	66.701
-36.196	-7.381	66.661
-36.194	-7.414	66.659
-36.188	-7.464	66.642
-36.204	-7.480	66.631
-36.212	-7.532	66.622
-36.212	-7.598	66.666
-36.230	-7.615	66.663
-36.244	-7.631	66.619
-36.261	-7.672	66.665
-36.263	-7.740	66.703
-36.277	-7.775	66.743
-36.274	-7.715	66.669
-36.296	-7.720	66.698
-36.281	-7.719	66.698
-36.284	-7.725	66.720
-36.279	-7.715	66.742
-36.286	-7.673	66.716
-36.269	-7.627	66.719
-36.259	-7.610	66.724
-36.255	-7.537	66.699
-36.244	-7.501	66.677
-36.243	-7.475	66.700
-36.227	-7.429	66.700
-36.220	-7.412	66.725
-36.213	-7.352	66.681
-36.216	-7.345	66.700
-36.223	-7.313	66.703
-36.227	-7.303	66.718
-36.213	-7.279	66.682
-36.225	-7.257	66.681
-36.229	-7.301	66.727
-36.226	-7.301	66.697
-36.230	-7.302	66.708
-36.240	-7.337	66.708
-36.239	-7.357	66.671
-36.244	-7.426	66.713
-36.247	-7.448	66.705
-36.252	-7.454	66.666
-36.261	-7.500	66.678
-36.263	-7.580	66.710
-36.260	-7.582	66.672
-36.271	-7.636	66.687
-36.261	-7.678	66.726
-36.250	-7.697	66.717
-36.256	-7.703	66.710
-36.266	-7.738	66.741
-36.269	-7.679	66.651
-36.249	-7.718	66.699
-36.261	-7.697	66.683
-36.248	-7.669	66.664
-36.242	-7.646	66.677
-36.238	-7.616	66.661
-36.237	-7.603	66.692
-36.227	-7.500	66.616
-36.229	-7.525	66.692
-36.234	-7.505	66.712
-36.237	-7.461	66.700
-36.234	-7.443	66.719
-36.223	-7.393	66.699
-36.235	-7.379	66.715
-36.235	-7.387	66.720
-36.236	-7.298	66.679
-36.246	-7.340	66.731
-36.250	-7.326	66.733
-36.257	-7.325	66.696
-36.249	-7.325	66.703
-36.263	-7.370	66.741
-36.264	-7.367	66.702
-36.264	-7.393	66.706
-36.255	-7.373	66.664
-36.243	-7.438	66.690
-36.248	-7.471	66.693
-36.251	-7.482	66.678
-36.250	-7.557	66.701
-36.238	-7.552	66.677
-36.240	-7.571	66.651
-36.243	-7.547	66.584
-36.239	-7.636	66.665
-36.238	-7.690	66.683
-36.247	-7.652	66.641
-36.251	-7.675	66.665
-36.250	-7.683	66.659
-36.263	-7.668	66.656
-36.254	-7.697	66.698
-36.242	-7.671	66.692
-36.252	-7.637	66.679
-36.267	-7.593	66.645
-36.244	-7.602	66.693
-36.257	-7.574	66.734
-36.251	-7.535	66.725
-36.242	-7.474	66.704
-36.249	-7.445	66.691
-36.250	-7.381	66.676
-36.248	-7.421	66.762
-36.249	-7.394	66.746
-36.250	-7.337	66.679
-36.241	-7.306	66.696
-36.242	-7.326	66.709
-36.236	-7.273	66.668
-36.259	-7.293	66.704
-36.237	-7.275	66.670
-36.233	-7.319	66.677
-36.239	-7.318	66.674
-36.227	-7.367	66.699
-36.243	-7.429	66.711
-36.228	-7.427	66.673
-36.237	-7.487	66.714
-36.240	-7.513	66.703
-36.248	-7.556	66.712
-36.236	-7.545	66.650
-36.254	-7.588	66.665
-36.245	-7.634	66.685
-36.254	-7.670	66.679
-36.264	-7.690	66.692
-36.262	-7.670	66.652
-36.262	-7.718	66.685
-36.269	-7.719	66.686
-36.263	-7.710	66.673
-36.254	-7.664	66.646
-36.264	-7.678	66.687
-36.266	-7.690	66.713
-36.258	-7.673	66.767
-36.251	-7.564	66.648
-36.244	-7.529	66.654
-36.232	-7.489	66.688
-36.228	-7.445	66.660
-36.232	-7.433	66.721
-36.227	-7.392	66.710
-36.230	-7.352	66.712
-36.231	-7.359	66.739
-36.232	-7.346	66.762
-36.233	-7.307	66.745
-36.244	-7.315	66.764
-36.243	-7.276	66.707
-36.254	-7.290	66.702
-36.263	-7.310	66.727
-36.256	-7.281	66.683
-36.247	-7.319	66.697
-36.260	-7.364	66.671
-36.257	-7.409	66.703
-36.259	-7.439	66.663
-36.241	-7.440	66.661
-36.243	-7.501	66.687
-36.248	-7.592	66.758
-36.250	-7.579	66.679
-36.249	-7.610	66.672
-36.256	-7.665	66.728
-36.248	-7.650	66.654
-36.259	-7.718	66.708
-36.254	-7.746	66.745
-36.258	-7.751	66.706
-36.253	-7.738	66.687
-36.254	-7.697	66.657
-36.252	-7.740	66.709
-36.248	-7.730	66.695
-36.258	-7.693	66.697
-36.255	-7.625	66.649
-36.256	-7.601	66.656
-36.243	-7.569	66.678
-36.244	-7.522	66.692
-36.234	-7.494	66.743
-36.237	-7.449	66.737
-36.243	-7.412	66.739
-36.247	-7.347	66.727
-36.239	-7.337	66.762
-36.243	-7.269	66.699
-36.235	-7.254	66.698
-36.247	-7.283	66.742
-36.246	-7.271	66.722
-36.241	-7.274	66.730
-36.242	-7.274	66.702
-36.245	-7.265	66.680
-36.240	-7.276	66.678
-36.244	-7.308	66.653
-36.245	-7.353	66.650
-36.250	-7.379	66.638
-36.253	-7.426	66.659
-36.237	-7.492	66.681
-36.237	-7.512	66.699
-36.231	-7.561	66.676
-36.257	-7.604	66.722
-36.245	-7.645	66.720
-36.251	-7.678	66.717
-36.251	-7.736	66.727
-36.257	-7.722	66.696
-36.256	-7.747	66.716
-36.260	-7.784	66.707
-36.271	-7.787	66.729
-36.257	-7.720	66.663
-36.269	-7.731	66.687
-36.251	-7.753	66.724
-36.251	-7.692	66.704
-36.255	-7.653	66.683
-36.257	-7.619	66.661
-36.248	-7.530	66.645
-36.240	-7.473	66.667
-36.238	-7.466	66.701
-36.234	-7.403	66.691
-36.244	-7.357	66.733
-36.233	-7.365	66.771
-36.242	-7.303	66.752
-36.236	-7.281	66.759
-36.224	-7.270	66.772
-36.242	-7.239	66.727
-36.243	-7.253	66.729
-36.239	-7.258	66.735
-36.244	-7.286	66.732
-36.248	-7.252	66.675
-36.253	-7.251	66.634
-36.249	-7.300	66.651
-36.247	-7.366	66.678
-36.241	-7.384	66.656
-36.245	-7.415	66.645
-36.242	-7.476	66.639
-36.239	-7.543	66.715
-36.242	-7.589	66.720
-36.237	-7.642	66.764
-36.249	-7.679	66.744
-36.253	-7.717	66.757
-36.245	-7.721	66.718
-36.252	-7.728	66.709
-36.264	-7.745	66.714
-36.249	-7.774	66.715
-36.260	-7.773	66.697
-36.246	-7.758	66.680
-36.264	-7.750	66.694
-36.257	-7.707	66.664
-36.252	-7.687	66.653
-36.259	-7.626	66.645
-36.241	-7.579	66.615
-36.243	-7.592	66.728
-36.237	-7.465	66.693
-36.233	-7.427	66.693
-36.243	-7.389	66.735
-36.252	-7.320	66.738
-36.232	-7.307	66.773
-36.235	-7.296	66.788
-36.237	-7.255	66.761
-36.236	-7.262	66.773
-36.239	-7.202	66.744
-36.243	-7.189	66.720
-36.241	-7.231	66.745
-36.257	-7.216	66.684
-36.251	-7.220	66.652
-36.255	-7.239	66.662
-36.240	-7.257	66.621
-36.246	-7.352	66.687
-36.241	-7.378	66.656
-36.242	-7.432	66.670
-36.241	-7.480	66.664
-36.228	-7.543	66.702
-36.247	-7.619	66.725
-36.250	-7.596	66.675
-36.246	-7.677	66.728
-36.248	-7.755	66.778
-36.259	-7.800	66.819
-36.265	-7.815	66.773
-36.264	-7.845	66.809
-36.247	-7.832	66.755
-36.261	-7.772	66.684
-36.255	-7.807	66.716
-36.264	-7.741	66.663
-36.268	-7.728	66.673
-36.259	-7.759	66.732
-36.258	-7.673	66.688
-36.254	-7.608	66.659
-36.237	-7.526	66.684
-36.241	-7.483	66.698
-36.232	-7.404	66.707
-36.231	-7.362	66.752
-36.237	-7.330	66.783
-36.240	-7.304	66.828
-36.244	-7.274	66.813
-36.234	-7.250	66.810
-36.231	-7.233	66.805
-36.241	-7.164	66.729
-36.237	-7.186	66.766
-36.236	-7.197	66.752
-36.247	-7.215	66.719
-36.246	-7.210	66.680
-36.243	-7.228	66.656
-36.243	-7.295	66.659
-36.250	-7.340	66.658
-36.247	-7.397	66.670
-36.245	-7.418	66.631
-36.247	-7.495	66.642
-36.246	-7.548	66.683
-36.227	-7.637	66.775
-36.249	-7.666	66.750
-36.237	-7.783	66.849
-36.236	-7.797	66.811
-36.245	-7.873	66.868
-36.262	-7.853	66.813
-36.259	-7.871	66.814
-36.257	-7.883	66.802
-36.266	-7.879	66.806
-36.246	-7.799	66.697
-36.250	-7.784	66.691
-36.263	-7.815	66.761
-36.256	-7.723	66.675
-36.261	-7.670	66.696
-36.246	-7.643	66.718
-36.244	-7.507	66.657
-36.243	-7.465	66.720
-36.238	-7.404	66.740
-36.232	-7.354	66.799
-36.240	-7.302	66.825
-36.238	-7.249	66.824
-36.238	-7.215	66.824
-36.227	-7.216	66.852
-36.230	-7.186	66.851
-36.230	-7.146	66.790
-36.235	-7.125	66.740
-36.240	-7.140	66.725
-36.243	-7.142	66.663
-36.241	-7.183	66.687
-36.250	-7.213	66.660
-36.246	-7.224	66.624
-36.252	-7.309	66.635
-36.234	-7.353	66.603
-36.245	-7.426	66.637
-36.247	-7.493	66.631
-36.234	-7.598	66.716
-36.246	-7.645	66.753
-36.239	-7.737	66.773
-36.240	-7.773	66.782
-36.241	-7.859	66.832
-36.240	-7.900	66.875
-36.258	-7.965	66.909
-36.258	-7.946	66.866
-36.261	-7.935	66.819
-36.267	-7.929	66.800
-36.271	-7.873	66.758
-36.256	-7.871	66.776
-36.253	-7.755	66.650
-36.253	-7.756	66.693
-36.253	-7.654	66.660
-36.244	-7.592	66.691
-36.230	-7.463	66.662
-36.247	-7.427	66.702
-36.236	-7.348	66.761
-36.237	-7.303	66.814
-36.219	-7.285	66.862
-36.235	-7.225	66.862
-36.235	-7.147	66.857
-36.232	-7.158	66.875
-36.239	-7.101	66.831
-36.247	-7.096	66.844
-36.236	-7.072	66.785
-36.229	-7.083	66.724
-36.233	-7.087	66.664
-36.231	-7.140	66.639
-36.231	-7.155	66.616
-36.234	-7.228	66.602
-36.227	-7.340	66.655
-36.235	-7.378	66.612
-36.223	-7.437	66.632
-36.234	-7.539	66.652
-36.227	-7.640	66.747
-36.234	-7.729	66.779
-36.244	-7.784	66.781
-36.246	-7.851	66.824
-36.261	-7.979	66.941
-36.250	-8.014	66.946
-36.258	-8.002	66.911
-36.252	-8.003	66.866
-36.275	-8.001	66.852
-36.264	-7.973	66.818
-36.275	-7.925	66.755
-36.274	-7.838	66.695
-36.266	-7.794	66.684
-36.271	-7.736	66.662
-36.252	-7.605	66.593
-36.257	-7.579	66.694
-36.225	-7.451	66.689
-36.224	-7.347	66.711
-36.218	-7.286	66.775
-36.217	-7.267	66.842
-36.218	-7.205	66.849
-36.215	-7.147	66.881
-36.224	-7.089	66.873
-36.223	-7.061	66.891
-36.228	-7.012	66.862
-36.229	-7.039	66.845
-36.225	-6.988	66.752
-36.215	-7.010	66.697
-36.237	-7.064	66.663
-36.236	-7.102	66.619
-36.246	-7.155	66.607
-36.240	-7.189	66.552
-36.243	-7.324	66.621
-36.254	-7.416	66.639
-36.246	-7.509	66.672
-36.234	-7.574	66.687
-36.239	-7.665	66.730
-36.241	-7.822	66.827
-36.250	-7.905	66.848
-36.271	-8.008	66.932
-36.257	-8.034	66.926
-36.271	-8.047	66.872
-36.261	-8.054	66.859
-36.271	-8.092	66.868
-36.266	-8.014	66.745
-36.263	-8.055	66.798
-36.266	-8.000	66.783
-36.256	-7.883	66.700
-36.262	-7.830	66.695
-36.262	-7.765	66.712
-36.252	-7.640	66.647
-36.245	-7.505	66.684
-36.231	-7.389	66.670
-36.226	-7.319	66.772
-36.223	-7.222	66.784
-36.227	-7.208	66.868
-36.214	-7.147	66.916
-36.225	-7.062	66.917
-36.230	-6.993	66.890
-36.223	-6.874	66.792
-36.229	-6.942	66.867
-36.228	-6.902	66.756
-36.206	-6.902	66.715
-36.243	-7.020	66.683
-36.236	-7.023	66.609
-36.237	-7.070	66.590
-36.227	-7.158	66.600
-36.236	-7.239	66.628
-36.228	-7.376	66.658
-36.233	-7.441	66.615
-36.221	-7.555	66.667
-36.227	-7.700	66.738
-36.232	-7.879	66.863
-36.243	-7.909	66.850
-36.238	-8.071	66.955
-36.254	-8.127	66.969
-36.249	-8.140	66.910
-36.267	-8.126	66.844
-36.273	-8.209	66.904
-36.280	-8.143	66.780
-36.283	-8.142	66.792
-36.270	-8.051	66.746
-36.276	-8.013	66.725
-36.283	-7.867	66.667
-36.259	-7.823	66.700
-36.279	-7.657	66.633
-36.260	-7.581	66.663
-36.234	-7.459	66.698
-36.218	-7.345	66.762
-36.218	-7.267	66.822
-36.212	-7.153	66.779
-36.205	-7.056	66.830
-36.201	-7.002	66.885
-36.203	-6.935	66.936
-36.218	-6.857	66.874
-36.200	-6.835	66.848
-36.214	-6.798	66.809
-36.218	-6.802	66.744
-36.211	-6.876	66.693
-36.229	-6.903	66.600
-36.237	-6.981	66.563
-36.234	-7.074	66.580
-36.243	-7.159	66.608
-36.245	-7.268	66.618
-36.245	-7.403	66.614
-36.238	-7.548	66.646
-36.245	-7.661	66.680
-36.242	-7.849	66.810
-36.238	-7.902	66.787
-36.244	-8.072	66.898
-36.247	-8.155	66.900
-36.252	-8.259	66.965
-36.263	-8.243	66.851
-36.273	-8.269	66.857
-36.256	-8.294	66.833
-36.267	-8.261	66.818
-36.281	-8.180	66.746
-36.262	-8.109	66.715
-36.264	-7.994	66.676
-36.275	-7.937	66.746
-36.264	-7.764	66.653
-36.261	-7.656	66.683
-36.250	-7.466	66.642
-36.233	-7.359	66.738
-36.221	-7.258	66.780
-36.228	-7.157	66.832
-36.218	-7.062	66.860
-36.208	-6.942	66.863
-36.208	-6.878	66.933
-36.226	-6.784	66.886
-36.220	-6.734	66.868
-36.227	-6.704	66.813
-36.223	-6.728	66.778
-36.217	-6.757	66.749
-36.217	-6.775	66.623
-36.233	-6.882	66.558
-36.235	-6.972	66.556
-36.247	-7.095	66.595
-36.246	-7.217	66.638
-36.238	-7.340	66.627
-36.239	-7.463	66.606
-36.236	-7.637	66.696
-36.223	-7.770	66.718
-36.248	-7.947	66.830
-36.235	-8.068	66.882
-36.250	-8.201	66.915
-36.238	-8.279	66.895
-36.269	-8.351	66.900
-36.262	-8.362	66.866
-36.278	-8.392	66.835
-36.277	-8.353	66.791
-36.275	-8.276	66.701
-36.272	-8.274	66.789
-36.265	-8.161	66.761
-36.264	-7.956	66.636
-36.266	-7.857	66.691
-36.269	-7.707	66.664
-36.255	-7.536	66.628
-36.243	-7.389	66.702
-36.221	-7.276	66.770
-36.224	-7.166	66.824
-36.209	-7.010	66.817
-36.202	-6.929	66.933
-36.213	-6.783	66.891
-36.225	-6.729	66.884
-36.233	-6.666	66.878
-36.222	-6.628	66.856
-36.221	-6.638	66.817
-36.209	-6.650	66.746
-36.222	-6.664	66.664
-36.218	-6.779	66.636
-36.233	-6.854	66.536
-36.245	-6.956	66.522
-36.241	-7.086	66.565
-36.255	-7.275	66.667
-36.246	-7.375	66.620
-36.240	-7.547	66.686
-36.242	-7.708	66.703
-36.241	-7.847	66.761
-36.231	-8.064	66.871
-36.231	-8.190	66.907
-36.244	-8.331	66.946
-36.249	-8.365	66.895
-36.255	-8.434	66.853
-36.282	-8.441	66.836
-36.282	-8.448	66.812
-36.270	-8.390	66.757
-36.289	-8.380	66.792
-36.283	-8.251	66.726
-36.259	-8.106	66.688
-36.270	-7.959	66.687
-36.266	-7.853	66.736
-36.269	-7.661	66.674
-36.248	-7.451	66.682
-36.236	-7.299	66.732
-36.230	-7.180	66.781
-36.211	-7.043	66.875
-36.211	-6.898	66.897
-36.200	-6.808	66.943
-36.210	-6.681	66.905
-36.223	-6.630	66.911
-36.234	-6.553	66.867
-36.233	-6.599	66.886
-36.224	-6.585	66.796
-36.233	-6.569	66.725
-36.228	-6.654	66.657
-36.224	-6.735	66.604
-36.242	-6.883	66.570
-36.246	-6.975	66.524
-36.245	-7.155	66.598
-36.260	-7.269	66.574
-36.257	-7.450	66.595
-36.253	-7.623	66.624
-36.244	-7.856	66.798
-36.237	-8.077	66.894
-36.227	-8.183	66.883
-36.244	-8.333	66.901
-36.252	-8.405	66.887
-36.264	-8.447	66.839
-36.265	-8.497	66.836
-36.273	-8.506	66.812
-36.275	-8.487	66.797
-36.282	-8.400	66.704
-36.275	-8.388	66.762
-36.276	-8.266	66.724
-36.270	-8.078	66.676
-36.272	-7.890	66.670
-36.273	-7.757	66.689
-36.264	-7.535	66.679
-36.236	-7.382	66.753
-36.228	-7.165	66.736
-36.218	-7.017	66.790
-36.209	-6.915	66.914
-36.211	-6.765	66.897
-36.208	-6.626	66.902
-36.220	-6.572	66.929
-36.221	-6.533	66.940
-36.230	-6.484	66.864
-36.227	-6.469	66.802
-36.225	-6.478	66.720
-36.231	-6.558	66.711
-36.233	-6.647	66.642
-36.230	-6.723	66.538
-36.246	-6.906	66.543
-36.237	-7.038	66.550
-36.235	-7.239	66.615
-36.243	-7.420	66.625
-36.256	-7.603	66.658
-36.255	-7.858	66.779
-36.240	-8.032	66.829
-36.239	-8.216	66.883
-36.246	-8.405	66.927
-36.257	-8.463	66.863
-36.262	-8.494	66.831
-36.271	-8.582	66.836
-36.274	-8.576	66.796
-36.276	-8.574	66.782
-36.280	-8.553	66.789
-36.283	-8.420	66.689
-36.280	-8.371	66.715
-36.273	-8.177	66.659
-36.281	-8.034	66.693
-36.271	-7.815	66.664
-36.272	-7.641	66.676
-36.235	-7.391	66.685
-36.224	-7.256	66.788
-36.217	-7.086	66.838
-36.209	-6.889	66.862
-36.208	-6.757	66.921
-36.220	-6.617	66.924
-36.215	-6.511	66.946
-36.225	-6.436	66.934
-36.231	-6.398	66.910
-36.206	-6.394	66.895
-36.226	-6.378	66.788
-36.236	-6.425	66.701
-36.230	-6.541	66.682
-36.229	-6.645	66.623
-36.236	-6.750	66.556
-36.258	-6.965	66.545
-36.248	-7.139	66.609
-36.248	-7.342	66.635
-36.254	-7.513	66.605
-36.247	-7.724	66.650
-36.247	-7.997	66.803
-36.241	-8.206	66.839
-36.250	-8.375	66.860
-36.255	-8.508	66.899
-36.263	-8.608	66.864
-36.278	-8.690	66.875
-36.268	-8.672	66.793
-36.278	-8.681	66.785
-36.285	-8.651	66.784
-36.291	-8.565	66.740
-36.285	-8.494	66.734
-36.284	-8.329	66.672
-36.282	-8.164	66.686
-36.271	-7.905	66.641
-36.285	-7.712	66.665
-36.257	-7.483	66.685
-36.242	-7.290	66.762
-36.225	-7.104	66.799
-36.201	-6.883	66.868
-36.210	-6.740	66.908
-36.211	-6.552	66.911
-36.222	-6.463	66.990
-36.223	-6.321	66.947
-36.227	-6.231	66.909
-36.228	-6.273	66.917
-36.222	-6.217	66.786
-36.230	-6.289	66.735
-36.241	-6.371	66.671
-36.250	-6.487	66.615
-36.236	-6.613	66.536
-36.247	-6.803	66.524
-36.241	-7.009	66.538
-36.251	-7.223	66.597
-36.261	-7.450	66.608
-36.264	-7.720	66.690
-36.238	-7.975	66.798
-36.238	-8.222	66.889
-36.249	-8.413	66.864
-36.259	-8.537	66.845
-36.265	-8.681	66.872
-36.278	-8.745	66.859
-36.275	-8.807	66.814
-36.276	-8.803	66.790
-36.296	-8.750	66.747
-36.294	-8.696	66.726
-36.298	-8.613	66.729
-36.292	-8.472	66.710
-36.289	-8.322	66.709
-36.289	-8.044	66.675
-36.291	-7.854	66.733
-36.277	-7.632	66.733
-36.258	-7.333	66.746
-36.238	-7.153	66.784
-36.224	-6.874	66.818
-36.212	-6.695	66.879
-36.211	-6.520	66.948
-36.215	-6.364	66.974
-36.225	-6.229	66.965
-36.228	-6.174	66.952
-36.237	-6.134	66.934
-36.220	-6.096	66.828
-36.224	-6.137	66.792
-36.231	-6.199	66.682
-36.241	-6.314	66.581
-36.244	-6.497	66.581
-36.249	-6.680	66.570
-36.255	-6.907	66.550
-36.250	-7.125	66.591
-36.245	-7.360	66.623
-36.254	-7.676	66.691
-36.241	-7.971	66.816
-36.252	-8.220	66.836
-36.239	-8.432	66.852
-36.253	-8.589	66.849
-36.252	-8.738	66.876
-36.266	-8.805	66.786
-36.254	-8.951	66.877
-36.267	-8.940	66.794
-36.272	-8.897	66.755
-36.297	-8.835	66.705
-36.308	-8.731	66.698
-36.312	-8.581	66.699
-36.298	-8.426	66.682
-36.298	-8.222	66.698
-36.299	-7.960	66.703
-36.285	-7.699	66.715
-36.262	-7.416	66.749
-36.258	-7.165	66.757
-36.230	-6.893	66.780
-36.225	-6.675	66.883
-36.229	-6.458	66.900
-36.222	-6.289	66.973
-36.226	-6.161	66.953
-36.234	-6.082	66.979
-36.225	-5.986	66.905
-36.232	-5.971	66.857
-36.233	-5.981	66.790
-36.229	-6.028	66.711
-36.250	-6.165	66.609
-36.241	-6.348	66.590
-36.250	-6.548	66.582
-36.242	-6.773	66.524
-36.254	-7.054	66.581
-36.252	-7.278	66.579
-36.269	-7.604	66.622
-36.243	-7.901	66.737
-36.246	-8.135	66.707
-36.251	-8.447	66.813
-36.252	-8.648	66.839
-36.261	-8.825	66.850
-36.265	-8.999	66.884
-36.270	-9.107	66.894
-36.287	-9.131	66.863
-36.295	-9.056	66.768
-36.303	-9.046	66.777
-36.315	-8.861	66.660
-36.301	-8.741	66.657
-36.308	-8.527	66.670
-36.305	-8.351	66.662
-36.298	-8.099	66.716
-36.297	-7.821	66.735
-36.279	-7.495	66.755
-36.246	-7.220	66.787
-36.243	-6.900	66.775
-36.233	-6.640	66.856
-36.225	-6.430	66.929
-36.226	-6.211	66.951
-36.223	-6.053	66.958
-36.225	-5.846	66.895
-36.219	-5.844	66.960
-36.223	-5.778	66.884
-36.222	-5.803	66.791
-36.236	-5.886	66.751
-36.246	-5.973	66.661
-36.240	-6.143	66.589
-36.259	-6.371	66.537
-36.252	-6.627	66.524
-36.266	-6.936	66.551
-36.257	-7.179	66.567
-36.266	-7.523	66.586
-36.254	-7.831	66.654
-36.235	-8.166	66.731
-36.247	-8.474	66.793
-36.258	-8.710	66.829
-36.264	-8.898	66.792
-36.268	-9.115	66.897
-36.282	-9.207	66.856
-36.284	-9.306	66.904
-36.311	-9.299	66.862
-36.314	-9.188	66.771
-36.323	-9.143	66.794
-36.321	-8.935	66.693
-36.321	-8.722	66.678
-36.313	-8.494	66.699
-36.322	-8.238	66.701
-36.298	-7.886	66.682
-36.288	-7.523	66.668
-36.265	-7.246	66.773
-36.241	-6.916	66.814
-36.225	-6.623	66.848
-36.227	-6.330	66.920
-36.228	-6.118	66.959
-36.223	-5.903	66.957
-36.215	-5.724	66.956
-36.222	-5.669	67.023
-36.233	-5.584	66.935
-36.226	-5.592	66.859
-36.220	-5.659	66.762
-36.235	-5.749	66.615
-36.248	-5.953	66.600
-36.255	-6.202	66.556
-36.259	-6.443	66.510
-36.266	-6.760	66.475
-36.255	-7.123	66.566
-36.247	-7.445	66.526
-36.256	-7.821	66.644
-36.248	-8.263	66.754
-36.254	-8.501	66.734
-36.250	-8.784	66.785
-36.273	-9.050	66.831
-36.264	-9.328	66.944
-36.279	-9.395	66.896
-36.302	-9.461	66.860
-36.305	-9.465	66.822
-36.325	-9.444	66.830
-36.332	-9.300	66.762
-36.336	-9.160	66.773
-36.337	-8.891	66.651
-36.319	-8.654	66.705
-36.325	-8.319	66.635
-36.321	-7.960	66.667
-36.302	-7.643	66.694
-36.281	-7.269	66.762
-36.258	-6.931	66.802
-36.242	-6.550	66.833
-36.232	-6.251	66.900
-36.222	-6.001	66.919
-36.212	-5.738	66.970
-36.212	-5.543	66.985
-36.214	-5.414	66.963
-36.230	-5.407	66.970
-36.227	-5.394	66.856
-36.215	-5.403	66.763
-36.235	-5.629	66.750
-36.244	-5.787	66.614
-36.248	-6.050	66.613
-36.257	-6.360	66.564
-36.256	-6.700	66.553
-36.278	-7.038	66.525
-36.280	-7.465	66.558
-36.248	-7.787	66.558
-36.248	-8.242	66.691
-36.239	-8.592	66.738
-36.252	-8.897	66.730
-36.258	-9.207	66.844
-36.273	-9.442	66.890
-36.281	-9.577	66.861
-36.299	-9.703	66.899
-36.312	-9.713	66.846
-36.325	-9.633	66.778
-36.341	-9.522	66.788
-36.348	-9.342	66.769
-36.354	-9.041	66.684
-36.355	-8.759	66.647
-36.344	-8.445	66.690
-36.322	-8.077	66.680
-36.306	-7.624	66.647
-36.280	-7.269	66.758
-36.251	-6.851	66.752
-36.249	-6.515	66.844
-36.238	-6.153	66.912
-36.218	-5.787	66.886
-36.214	-5.571	66.986
-36.206	-5.360	66.992
-36.227	-5.195	66.994
-36.224	-5.160	66.985
-36.227	-5.182	66.959
-36.223	-5.277	66.841
-36.232	-5.382	66.743
-36.257	-5.607	66.641
-36.252	-5.859	66.555
-36.275	-6.251	66.556
-36.261	-6.633	66.550
-36.287	-7.007	66.503
-36.269	-7.472	66.561
-36.247	-7.864	66.604
-36.252	-8.258	66.556
-36.246	-8.702	66.687
-36.256	-9.065	66.760
-36.267	-9.405	66.826
-36.275	-9.669	66.879
-36.291	-9.769	66.806
-36.300	-9.915	66.860
-36.321	-9.858	66.781
-36.340	-9.845	66.815
-36.355	-9.727	66.802
-36.359	-9.519	66.777
-36.355	-9.235	66.741
-36.368	-8.927	66.719
-36.347	-8.548	66.714
-36.337	-8.126	66.688
-36.331	-7.675	66.678
-36.300	-7.226	66.717
-36.272	-6.772	66.739
-36.256	-6.354	66.794
-36.243	-6.049	66.926
-36.222	-5.615	66.931
-36.215	-5.373	66.986
-36.208	-5.142	67.024
-36.220	-4.964	66.999
-36.209	-4.876	66.939
-36.221	-4.876	66.891
-36.239	-4.987	66.834
-36.248	-5.203	66.745
-36.247	-5.431	66.691
-36.266	-5.762	66.567
-36.278	-6.145	66.532
-36.274	-6.543	66.462
-36.281	-7.011	66.503
-36.288	-7.543	66.542
-36.263	-7.978	66.533
-36.254	-8.463	66.638
-36.255	-8.876	66.626
-36.266	-9.313	66.759
-36.257	-9.662	66.830
-36.276	-9.857	66.778
-36.301	-10.096	66.843
-36.313	-10.204	66.875
-36.335	-10.199	66.879
-36.357	-10.089	66.804
-36.350	-9.948	66.831
-36.385	-9.715	66.802
-36.387	-9.418	66.812
-36.377	-9.040	66.755
-36.363	-8.549	66.685
-36.354	-8.130	66.706
-36.345	-7.550	66.595
-36.307	-7.119	66.684
-36.285	-6.566	66.707
-36.252	-6.150	66.822
-36.238	-5.739	66.877
-36.222	-5.349	66.907
-36.203	-5.067	67.029
-36.199	-4.820	66.985
-36.201	-4.655	66.988
-36.206	-4.587	66.982
-36.215	-4.613	66.901
-36.235	-4.746	66.824
-36.253	-4.926	66.726
-36.256	-5.274	66.685
-36.266	-5.623	66.504
-36.284	-6.045	66.457
-36.277	-6.583	66.481
-36.299	-7.111	66.495
-36.276	-7.670	66.527
-36.269	-8.200	66.513
-36.256	-8.735	66.610
-36.289	-9.470	66.953
-36.271	-9.817	66.925
-36.297	-10.081	66.889
-36.309	-10.505	67.090
-36.332	-10.620	67.064
-36.346	-10.685	67.037
-36.384	-10.634	67.046
-36.387	-10.485	66.978
-36.382	-10.270	66.961
-36.406	-9.844	66.787
-36.414	-9.545	66.847
-36.408	-9.085	66.797
-36.389	-8.521	66.701
-36.372	-7.992	66.676
-36.340	-7.400	66.644
-36.312	-6.834	66.633
-36.287	-6.341	66.759
-36.251	-5.857	66.788
-36.237	-5.378	66.855
-36.218	-5.021	66.978
-36.201	-4.730	66.983
-36.188	-4.523	67.004
-36.201	-4.433	67.068
-36.202	-4.394	67.019
-36.232	-4.447	66.893
-36.229	-4.631	66.791
-36.252	-4.930	66.782
-36.267	-5.297	66.647
-36.281	-5.755	66.527
-36.271	-6.305	66.475
-36.300	-6.863	66.413
-36.291	-7.482	66.463
-36.283	-8.046	66.443
-36.253	-8.615	66.524
-36.259	-9.174	66.610
-36.274	-9.648	66.645
-36.263	-10.049	66.686
-36.305	-10.395	66.782
-36.350	-10.852	67.072
-36.356	-10.892	67.044
-36.367	-10.862	67.059
-36.371	-10.719	67.053
-36.377	-10.501	67.034
-36.383	-10.109	66.926
-36.393	-9.691	66.885
-36.385	-9.196	66.845
-36.369	-8.628	66.784
-36.353	-8.078	66.758
-36.324	-7.425	66.663
-36.286	-6.833	66.673
-36.279	-6.299	66.737
-36.258	-5.740	66.684
-36.241	-5.266	66.790
-36.228	-4.887	66.870
-36.199	-4.576	66.929
-36.197	-4.376	66.982
-36.210	-4.285	66.984
-36.231	-4.287	66.978
-36.264	-4.351	66.933
-36.259	-4.580	66.854
-36.282	-4.821	66.726
-36.287	-5.300	66.703
-36.278	-5.787	66.606
-36.295	-6.361	66.571
-36.291	-6.934	66.484
-36.288	-7.534	66.464
-36.286	-8.187	66.503
-36.274	-8.693	66.438
-36.256	-9.266	66.497
-36.255	-9.709	66.549
-36.254	-10.111	66.575
-36.272	-10.481	66.695
-36.289	-10.755	66.816
-36.299	-10.837	66.898
-36.314	-10.777	66.949
-36.310	-10.581	67.010
-36.328	-10.249	66.923
-36.330	-9.885	66.902
-36.339	-9.390	66.834
-36.334	-8.935	66.845
-36.330	-8.392	66.824
-36.320	-7.696	66.674
-36.295	-7.169	66.724
-36.273	-6.520	66.679
-36.264	-5.998	66.726
-36.258	-5.467	66.726
-36.262	-5.094	66.885
-36.228	-4.719	66.829
-36.238	-4.452	66.900
-36.247	-4.249	66.909
-36.272	-4.193	66.904
-36.281	-4.287	66.950
-36.293	-4.423	66.901
-36.324	-4.673	66.821
-36.330	-5.063	66.846
-36.313	-5.499	66.790
-36.315	-6.028	66.716
-36.291	-6.586	66.620
-36.283	-7.192	66.583
-36.254	-7.823	66.546
-36.218	-8.407	66.487
-36.223	-8.928	66.446
-36.214	-9.458	66.450
-36.213	-9.975	66.525
-36.230	-10.337	66.605
-36.237	-10.626	66.641
-36.282	-11.035	66.987
-36.263	-11.039	67.107
-36.276	-10.816	67.061
-36.302	-10.458	67.003
-36.316	-10.164	67.030
-36.332	-9.715	67.038
-36.347	-9.269	67.048
-36.359	-8.622	66.919
-36.364	-8.036	66.913
-36.344	-7.410	66.825
-36.313	-6.786	66.757
-36.304	-6.211	66.772
-36.303	-5.640	66.675
-36.286	-5.210	66.769
-36.275	-4.766	66.768
-36.265	-4.452	66.774
-36.266	-4.234	66.820
-36.277	-4.158	66.854
-36.296	-4.134	66.836
-36.308	-4.229	66.824
-36.310	-4.481	66.785
-36.307	-4.759	66.733
-36.318	-5.225	66.745
-36.319	-5.713	66.693
-36.294	-6.304	66.722
-36.253	-6.864	66.621
-36.259	-7.480	66.568
-36.223	-8.148	66.588
-36.361	-8.433	66.251
-36.270	-9.181	66.374
-36.257	-9.603	66.291
-36.265	-10.079	66.385
-36.246	-10.470	66.462
-36.280	-10.767	66.593
-36.236	-10.813	66.704
-36.211	-10.697	66.760
-36.221	-10.467	66.903
-36.244	-10.085	66.864
-36.266	-9.679	66.902
-36.280	-9.238	67.006
-36.294	-8.639	66.919
-36.308	-8.134	67.015
-36.317	-7.440	66.882
-36.320	-6.840	66.851
-36.315	-6.274	66.831
-36.295	-5.678	66.736
-36.303	-5.197	66.776
-36.292	-4.741	66.731
-36.277	-4.478	66.779
-36.309	-4.260	66.813
-36.314	-4.095	66.748
-36.336	-4.100	66.759
-36.358	-4.142	66.681
-36.338	-4.384	66.715
-36.350	-4.683	66.695
-36.350	-5.109	66.716
-36.329	-5.610	66.754
-36.300	-6.153	66.772
-36.280	-6.765	66.754
-36.246	-7.346	66.733
-36.212	-8.031	66.744
-36.163	-8.628	66.711
-36.157	-9.186	66.676
-36.142	-9.673	66.572
-36.161	-10.093	66.529
-36.173	-10.448	66.505
-36.219	-10.791	66.596
-36.221	-11.072	66.894
-36.200	-10.862	66.848
-36.197	-10.609	66.872
-36.203	-10.233	66.831
-36.237	-9.817	66.896
-36.262	-9.381	66.998
-36.285	-8.841	67.010
-36.298	-8.255	66.998
-36.323	-7.578	66.896
-36.332	-6.993	66.906
-36.328	-6.433	66.939
-36.334	-5.862	66.905
-36.310	-5.368	66.926
-36.307	-4.842	66.823
-36.315	-4.550	66.815
-36.326	-4.288	66.800
-36.338	-4.087	66.725
-36.362	-4.089	66.723
-36.359	-4.250	66.778
-36.371	-4.369	66.646
-36.354	-4.653	66.649
-36.339	-4.974	66.578
-36.314	-5.475	66.673
-36.302	-5.971	66.643
-36.252	-6.588	66.698
-36.212	-7.214	66.734
-36.189	-7.894	66.816
-36.164	-8.480	66.784
-36.155	-8.976	66.704
-36.131	-9.578	66.733
-36.145	-9.986	66.644
-36.167	-10.411	66.681
-36.202	-10.690	66.620
-36.234	-10.851	66.644
-36.237	-10.767	66.624
-36.240	-10.600	66.630
-36.246	-10.320	66.680
-36.279	-9.931	66.659
-36.297	-9.476	66.699
-36.319	-8.985	66.764
-36.325	-8.459	66.834
-36.358	-7.855	66.848
-36.332	-7.292	66.934
-36.338	-6.669	66.936
-36.335	-6.128	66.991
-36.324	-5.583	67.014
-36.305	-5.104	66.998
-36.302	-4.708	66.933
-36.302	-4.449	66.973
-36.301	-4.203	66.865
-36.333	-4.101	66.794
-36.331	-4.086	66.713
-36.335	-4.313	66.744
-36.339	-4.482	66.572
-36.337	-4.775	66.572
-36.319	-5.245	66.600
-36.290	-5.717	66.524
-36.290	-6.317	66.598
-36.233	-6.923	66.607
-36.216	-7.543	66.675
-36.183	-8.223	66.787
-36.175	-8.791	66.806
-36.180	-9.330	66.829
-36.185	-9.857	66.839
-36.195	-10.264	66.791
-36.234	-10.608	66.772
-36.257	-10.810	66.700
-36.279	-11.070	66.937
-36.266	-10.927	66.893
-36.295	-10.618	66.808
-36.299	-10.264	66.768
-36.304	-9.821	66.731
-36.318	-9.340	66.768
-36.313	-8.754	66.750
-36.322	-8.219	66.818
-36.313	-7.632	66.914
-36.307	-6.982	66.913
-36.296	-6.400	66.963
-36.294	-5.868	67.042
-36.300	-5.324	67.040
-36.288	-4.919	67.030
-36.292	-4.552	67.032
-36.302	-4.292	66.983
-36.300	-4.122	66.906
-36.322	-4.045	66.778
-36.337	-4.111	66.720
-36.330	-4.341	66.678
-36.344	-4.601	66.585
-36.338	-4.975	66.502
-36.336	-5.423	66.477
-36.320	-5.957	66.521
-36.273	-6.616	66.592
-36.251	-7.198	66.618
-36.227	-7.879	66.733
-36.190	-8.510	66.796
-36.188	-9.109	66.858
-36.185	-9.652	66.883
-36.192	-10.082	66.863
-36.212	-10.453	66.854
-36.224	-10.789	66.865
-36.255	-11.120	67.049
-36.204	-10.989	66.985
-36.216	-10.759	66.882
-36.235	-10.343	66.767
-36.257	-9.953	66.717
-36.262	-9.500	66.753
-36.269	-8.927	66.675
-36.268	-8.408	66.755
-36.285	-7.693	66.689
-36.279	-7.169	66.815
-36.294	-6.520	66.850
-36.290	-6.005	66.967
-36.285	-5.480	67.038
-36.289	-4.987	67.066
-36.296	-4.582	67.018
-36.306	-4.373	67.103
-36.339	-4.141	67.035
-36.339	-4.019	66.911
-36.379	-4.061	66.822
-36.373	-4.197	66.725
-36.382	-4.495	66.617
-36.379	-4.853	66.590
-36.349	-5.286	66.552
-36.325	-5.803	66.501
-36.307	-6.348	66.470
-36.252	-6.977	66.492
-36.219	-7.617	66.547
-36.178	-8.307	66.684
-36.297	-8.630	66.457
-36.221	-9.282	66.550
-36.201	-9.830	66.697
-36.204	-10.337	66.856
-36.218	-10.722	66.928
-36.226	-11.123	67.157
-36.180	-11.027	67.089
-36.179	-10.770	66.977
-36.206	-10.365	66.811
-36.231	-9.999	66.734
-36.246	-9.566	66.730
-36.268	-9.031	66.688
-36.280	-8.501	66.703
-36.286	-7.825	66.618
-36.288	-7.256	66.710
-36.285	-6.632	66.749
-36.301	-6.106	66.877
-36.291	-5.563	66.948
-36.299	-5.089	67.016
-36.296	-4.725	67.094
-36.310	-4.441	67.163
-36.327	-4.247	67.149
-36.357	-4.059	67.024
-36.380	-4.097	66.958
-36.382	-4.247	66.889
-36.362	-4.448	66.734
-36.376	-4.736	66.621
-36.364	-5.187	66.579
-36.323	-5.725	66.519
-36.307	-6.271	66.484
-36.265	-6.875	66.435
-36.220	-7.506	66.505
-36.155	-8.132	66.554
-36.128	-8.758	66.648
-36.269	-9.088	66.469
-36.223	-9.711	66.633
-36.203	-10.181	66.709
-36.211	-10.629	66.918
-36.232	-11.115	67.208
-36.214	-11.057	67.166
-36.206	-10.867	67.127
-36.210	-10.546	67.043
-36.240	-10.122	66.881
-36.250	-9.683	66.803
-36.294	-9.205	66.770
-36.290	-8.623	66.693
-36.301	-7.992	66.586
-36.317	-7.408	66.617
-36.291	-6.808	66.633
-36.301	-6.222	66.738
-36.296	-5.724	66.847
-36.281	-5.238	66.944
-36.268	-4.796	67.002
-36.286	-4.463	67.059
-36.301	-4.249	67.105
-36.329	-4.082	67.088
-36.340	-4.101	67.088
-36.355	-4.175	66.962
-36.357	-4.419	66.909
-36.355	-4.642	66.684
-36.358	-5.115	66.665
-36.329	-5.529	66.509
-36.316	-6.137	66.520
-36.284	-6.680	66.395
-36.244	-7.350	66.449
-36.209	-8.010	66.498
-36.170	-8.626	66.552
-36.331	-8.923	66.327
-36.242	-9.539	66.462
-36.227	-10.089	66.623
-36.226	-10.527	66.778
-36.228	-11.072	67.158
-36.211	-11.052	67.172
-36.190	-10.870	67.150
-36.197	-10.530	67.087
-36.207	-10.117	66.976
-36.218	-9.750	67.009
-36.229	-9.184	66.884
-36.239	-8.657	66.840
-36.248	-8.021	66.712
-36.278	-7.374	66.596
-36.282	-6.821	66.646
-36.286	-6.229	66.728
-36.283	-5.664	66.702
-36.277	-5.209	66.829
-36.270	-4.783	66.900
-36.274	-4.450	66.982
-36.296	-4.213	67.041
-36.322	-4.052	67.015
-36.359	-4.038	67.023
-36.383	-4.166	67.028
-36.392	-4.353	66.963
-36.369	-4.690	66.850
-36.359	-5.020	66.701
-36.351	-5.512	66.615
-36.335	-6.108	66.638
-36.303	-6.732	66.560
-36.272	-7.384	66.534
-36.202	-7.947	66.419
-36.172	-8.656	66.559
-36.321	-8.983	66.309
-36.248	-9.546	66.327
-36.224	-10.019	66.435
-36.209	-10.577	66.722
-36.217	-10.812	66.779
-36.150	-10.815	66.848
-36.111	-10.699	66.952
-36.120	-10.364	66.953
-36.156	-9.958	66.926
-36.170	-9.550	66.981
-36.190	-9.050	66.935
-36.204	-8.478	66.855
-36.238	-7.909	66.802
-36.266	-7.234	66.693
-36.270	-6.686	66.696
-36.289	-6.103	66.708
-36.307	-5.563	66.716
-36.322	-5.117	66.791
-36.311	-4.672	66.745
-36.315	-4.427	66.918
-36.338	-4.220	66.976
-36.363	-4.039	66.912
-36.398	-4.034	66.905
-36.413	-4.245	66.962
-36.399	-4.467	66.936
-36.383	-4.777	66.846
-36.354	-5.177	66.781
-36.331	-5.688	66.735
-36.296	-6.230	66.675
-36.253	-6.841	66.581
-36.223	-7.489	66.563
-36.162	-8.138	66.572
-36.142	-8.768	66.562
-36.298	-9.074	66.279
-36.240	-9.628	66.303
-36.238	-10.146	66.441
-36.227	-10.577	66.561
-36.238	-10.836	66.683
-36.167	-10.793	66.784
-36.131	-10.607	66.854
-36.154	-10.233	66.800
-36.155	-9.929	66.924
-36.201	-9.499	66.970
-36.212	-8.976	66.919
-36.242	-8.405	66.890
-36.271	-7.815	66.835
-36.285	-7.189	66.778
-36.292	-6.589	66.775
-36.293	-6.063	66.808
-36.295	-5.466	66.733
-36.296	-5.050	66.793
-36.311	-4.672	66.745
-36.310	-4.362	66.803
-36.348	-4.184	66.832
-36.365	-4.080	66.837
-36.380	-4.117	66.797
-36.378	-4.292	66.839
-36.355	-4.520	66.797
-36.345	-4.866	66.813
-36.324	-5.369	66.829
-36.295	-5.878	66.744
-36.278	-6.431	66.711
-36.227	-7.028	66.673
-36.188	-7.643	66.637
-36.161	-8.337	66.695
-36.123	-8.945	66.715
-36.128	-9.447	66.637
-36.147	-9.938	66.628
-36.178	-10.355	66.653
-36.216	-10.673	66.642
-36.253	-11.089	66.946
-36.218	-10.919	66.880
-36.194	-10.705	66.899
-36.215	-10.329	66.883
-36.236	-9.943	66.919
-36.250	-9.485	66.940
-36.253	-8.928	66.909
-36.280	-8.377	66.935
-36.299	-7.737	66.872
-36.309	-7.145	66.868
-36.321	-6.481	66.826
-36.312	-5.978	66.870
-36.300	-5.431	66.902
-36.274	-4.978	66.921
-36.268	-4.583	66.852
-36.285	-4.282	66.843
-36.301	-4.107	66.794
-36.342	-4.061	66.752
-36.336	-4.122	66.769
-36.356	-4.258	66.722
-36.359	-4.520	66.623
-36.339	-4.926	66.690
-36.316	-5.327	66.620
-36.304	-5.938	66.683
-36.268	-6.535	66.701
-36.249	-7.120	66.639
-36.200	-7.826	66.746
-36.177	-8.457	66.740
-36.331	-8.713	66.385
-36.247	-9.503	66.600
-36.232	-9.971	66.569
-36.246	-10.476	66.710
-36.278	-10.751	66.653
-36.197	-11.046	67.007
-36.160	-10.861	66.984
-36.130	-10.537	66.959
-36.145	-10.106	66.842
-36.157	-9.658	66.820
-36.153	-9.123	66.826
-36.178	-8.616	66.846
-36.184	-8.010	66.822
-36.215	-7.392	66.841
-36.229	-6.769	66.818
-36.252	-6.222	66.932
-36.265	-5.684	66.948
-36.284	-5.151	66.929
-36.287	-4.707	66.894
-36.310	-4.448	67.007
-36.324	-4.207	66.971
-36.376	-4.040	66.879
-36.406	-4.077	66.860
-36.406	-4.138	66.739
-36.411	-4.377	66.667
-36.396	-4.646	66.594
-36.368	-5.013	66.506
-36.330	-5.580	66.513
-36.300	-6.126	66.563
-36.241	-6.731	66.562
-36.194	-7.377	66.630
-36.138	-8.049	66.699
-36.095	-8.702	66.785
-36.215	-9.040	66.544
-36.170	-9.666	66.618
-36.169	-10.145	66.674
-36.196	-10.591	66.791
-36.187	-10.844	66.814
-36.119	-10.737	66.828
-36.091	-10.563	66.861
-36.100	-10.241	66.804
-36.117	-9.886	66.825
-36.162	-9.473	66.824
-36.186	-8.877	66.671
-36.224	-8.405	66.726
-36.260	-7.790	66.682
-36.280	-7.191	66.705
-36.294	-6.602	66.742
-36.318	-6.047	66.784
-36.318	-5.498	66.835
-36.309	-5.076	66.939
-36.322	-4.643	66.921
-36.326	-4.408	67.014
-36.375	-4.190	67.041
-36.385	-4.083	67.001
-36.399	-4.088	66.911
-36.388	-4.227	66.873
-36.367	-4.523	66.795
-36.328	-4.730	66.626
-36.305	-5.209	66.565
-36.273	-5.735	66.501
-36.236	-6.300	66.463
-36.196	-6.915	66.451
-36.152	-7.513	66.453
-36.095	-8.190	66.505
-36.090	-8.841	66.627
-36.231	-9.134	66.334
-36.169	-9.821	66.581
-36.181	-10.306	66.712
-36.208	-10.641	66.739
-36.180	-11.057	67.138
-36.128	-10.941	67.203
-36.116	-10.610	67.113
-36.144	-10.240	67.054
-36.184	-9.822	67.009
-36.204	-9.322	66.963
-36.232	-8.733	66.834
-36.261	-8.240	66.855
-36.289	-7.586	66.726
-36.300	-7.002	66.646
-36.323	-6.397	66.667
-36.304	-5.864	66.699
-36.294	-5.332	66.769
-36.309	-4.894	66.832
-36.292	-4.556	66.919
-36.320	-4.274	66.952
-36.340	-4.105	66.955
-36.381	-4.063	67.019
-36.392	-4.109	66.977
-36.375	-4.309	66.968
-36.352	-4.543	66.853
-36.320	-4.873	66.752
-36.284	-5.330	66.656
-36.270	-5.931	66.628
-36.212	-6.453	66.467
-36.183	-7.031	66.395
-36.154	-7.733	66.467
-36.122	-8.351	66.458
-36.271	-8.720	66.235
-36.204	-9.341	66.288
-36.182	-9.941	66.466
-36.182	-10.470	66.666
-36.212	-10.783	66.728
-36.147	-11.072	67.152
-36.111	-10.849	67.177
-36.109	-10.485	67.129
-36.138	-10.062	67.097
-36.159	-9.647	67.119
-36.187	-9.090	66.994
-36.212	-8.555	66.981
-36.250	-7.953	66.906
-36.261	-7.318	66.793
-36.273	-6.732	66.762
-36.289	-6.123	66.692
-36.302	-5.629	66.711
-36.285	-5.094	66.663
-36.288	-4.688	66.719
-36.308	-4.399	66.784
-36.336	-4.150	66.799
-36.385	-4.054	66.842
-36.412	-4.075	66.888
-36.414	-4.154	66.840
-36.403	-4.420	66.908
-36.388	-4.688	66.772
-36.368	-5.131	66.848
-36.331	-5.560	66.699
-36.280	-6.139	66.674
-36.215	-6.819	66.677
-36.181	-7.373	66.544
-36.114	-8.055	66.550
-36.092	-8.649	66.491
-36.081	-9.123	66.384
-36.086	-9.712	66.457
-36.116	-10.169	66.523
-36.133	-10.569	66.579
-36.183	-11.097	66.967
-36.130	-10.990	66.980
-36.113	-10.794	67.027
-36.133	-10.431	67.015
-36.173	-10.061	67.082
-36.216	-9.627	67.100
-36.243	-9.120	67.072
-36.272	-8.540	67.002
-36.314	-7.974	66.973
-36.334	-7.318	66.859
-36.343	-6.680	66.789
-36.349	-6.183	66.868
-36.328	-5.604	66.750
-36.324	-5.121	66.721
-36.328	-4.749	66.775
-36.319	-4.437	66.783
-36.335	-4.192	66.772
-36.356	-4.105	66.782
-36.379	-4.182	66.839
-36.363	-4.202	66.770
-36.349	-4.480	66.783
-36.326	-4.762	66.735
-36.300	-5.229	66.783
-36.280	-5.715	66.780
-36.256	-6.214	66.708
-36.207	-6.831	66.684
-36.168	-7.463	66.697
-36.136	-8.089	66.640
-36.093	-8.744	66.685
-36.096	-9.187	66.505
-36.114	-9.675	66.469
-36.149	-10.187	66.547
-36.178	-10.516	66.537
-36.216	-10.792	66.603
-36.208	-10.832	66.645
-36.203	-10.704	66.729
-36.215	-10.452	66.795
-36.254	-10.108	66.797
-36.285	-9.738	66.889
-36.312	-9.266	66.983
-36.339	-8.708	66.924
-36.348	-8.207	67.015
-36.362	-7.547	66.907
-36.364	-6.951	66.904
-36.366	-6.365	66.887
-36.336	-5.812	66.860
-36.304	-5.328	66.876
-36.295	-4.840	66.809
-36.274	-4.533	66.813
-36.294	-4.292	66.839
-36.319	-4.097	66.744
-36.325	-4.090	66.749
-36.335	-4.169	66.727
-36.323	-4.358	66.661
-36.314	-4.664	66.684
-36.287	-5.075	66.730
-36.279	-5.489	66.657
-36.270	-6.084	66.733
-36.240	-6.665	66.744
-36.225	-7.303	66.796
-36.185	-7.950	66.822
-36.172	-8.556	66.797
-36.164	-9.053	66.660
-36.168	-9.620	66.661
-36.179	-10.041	66.582
-36.207	-10.463	66.616
-36.233	-10.718	66.554
-36.273	-11.046	66.859
-36.239	-10.936	66.850
-36.246	-10.692	66.835
-36.263	-10.302	66.783
-36.272	-9.898	66.796
-36.272	-9.521	66.939
-36.302	-8.906	66.854
-36.293	-8.413	66.940
-36.313	-7.783	66.955
-36.310	-7.164	66.938
-36.322	-6.556	66.930
-36.306	-6.039	66.973
-36.293	-5.484	66.971
-36.284	-4.997	66.930
-36.268	-4.620	66.879
-36.288	-4.355	66.901
-36.322	-4.140	66.805
-36.338	-4.069	66.765
-36.331	-4.146	66.750
-36.358	-4.316	66.697
-36.342	-4.530	66.612
-36.353	-4.837	66.577
-36.342	-5.309	66.623
-36.317	-5.826	66.607
-36.281	-6.446	66.652
-36.242	-6.974	66.605
-36.222	-7.627	66.677
-36.201	-8.340	66.798
-36.333	-8.599	66.460
-36.243	-9.323	66.599
-36.211	-9.818	66.612
-36.208	-10.319	66.696
-36.218	-10.606	66.600
-36.236	-10.830	66.629
-36.221	-10.792	66.622
-36.197	-10.674	66.672
-36.196	-10.350	66.673
-36.217	-9.980	66.668
-36.237	-9.555	66.713
-36.250	-9.051	66.746
-36.261	-8.505	66.785
-36.277	-7.933	66.851
-36.294	-7.331	66.908
-36.302	-6.666	66.894
-36.315	-6.199	67.043
-36.312	-5.627	67.049
-36.316	-5.136	67.063
-36.298	-4.747	67.023
-36.317	-4.436	67.048
-36.339	-4.193	66.909
-36.367	-4.029	66.827
-36.383	-4.041	66.754
-36.384	-4.239	66.801
-36.375	-4.382	66.559
-36.377	-4.679	66.552
-36.362	-5.169	66.581
-36.327	-5.635	66.498
-36.296	-6.158	66.528
-36.257	-6.827	66.579
-36.223	-7.449	66.674
-36.165	-8.146	66.792
-36.140	-8.725	66.816
-36.296	-9.036	66.560
-36.215	-9.655	66.638
-36.199	-10.133	66.671
-36.187	-10.551	66.736
-36.221	-10.816	66.728
-36.194	-11.101	67.000
-36.183	-10.824	66.863
-36.194	-10.549	66.833
-36.213	-10.162	66.737
-36.228	-9.742	66.763
-36.265	-9.218	66.767
-36.265	-8.660	66.780
-36.267	-8.071	66.790
-36.296	-7.366	66.741
-36.300	-6.831	66.894
-36.307	-6.271	66.977
-36.311	-5.710	67.011
-36.314	-5.228	67.084
-36.295	-4.773	67.065
-36.324	-4.484	67.102
-36.328	-4.237	67.061
-36.364	-4.055	66.952
-36.361	-4.057	66.884
-36.367	-4.116	66.762
-36.375	-4.381	66.747
-36.362	-4.609	66.570
-36.359	-5.048	66.541
-36.322	-5.486	66.411
-36.287	-6.055	66.508
-36.251	-6.669	66.559
-36.207	-7.297	66.626
-36.168	-7.931	66.663
-36.142	-8.584	66.764
-36.112	-9.155	66.823
-36.126	-9.712	66.866
-36.145	-10.159	66.900
-36.168	-10.540	66.927
-36.219	-11.040	67.163
-36.197	-11.046	67.049
-36.173	-10.931	67.030
-36.191	-10.643	66.923
-36.217	-10.231	66.773
-36.245	-9.772	66.668
-36.280	-9.303	66.663
-36.274	-8.790	66.669
-36.296	-8.243	66.716
-36.300	-7.588	66.683
-36.283	-6.977	66.725
-36.299	-6.411	66.832
-36.302	-5.888	66.947
-36.302	-5.340	67.000
-36.298	-4.944	67.088
-36.299	-4.537	67.096
-36.306	-4.342	67.174
-36.332	-4.099	67.047
-36.349	-4.016	66.974
-36.365	-4.112	66.908
-36.386	-4.284	66.811
-36.368	-4.545	66.667
-36.355	-4.881	66.563
-36.335	-5.353	66.524
-36.304	-5.896	66.500
-36.274	-6.454	66.429
-36.232	-7.068	66.464
-36.198	-7.768	66.574
-36.163	-8.427	66.666
-36.138	-8.985	66.697
-36.137	-9.586	66.813
-36.138	-10.047	66.846
-36.173	-10.488	66.949
-36.195	-10.775	66.974
-36.218	-11.141	67.242
-36.184	-10.999	67.197
-36.177	-10.648	67.003
-36.184	-10.337	66.966
-36.211	-9.879	66.834
-36.232	-9.440	66.806
-36.247	-8.834	66.668
-36.258	-8.346	66.702
-36.287	-7.699	66.685
-36.285	-7.095	66.665
-36.288	-6.466	66.701
-36.281	-5.969	66.825
-36.284	-5.396	66.902
-36.276	-4.919	66.960
-36.285	-4.616	67.077
-36.287	-4.361	67.175
-36.317	-4.100	67.094
-36.370	-4.030	67.052
-36.393	-4.081	67.018
-36.382	-4.253	66.932
-36.377	-4.514	66.799
-36.383	-4.786	66.632
-36.363	-5.248	66.583
-36.342	-5.824	66.539
-36.306	-6.399	66.507
-36.265	-6.998	66.427
-36.207	-7.706	66.542
-36.169	-8.329	66.554
-36.296	-8.616	66.273
-36.203	-9.378	66.503
-36.194	-9.873	66.589
-36.185	-10.386	66.791
-36.194	-10.954	67.102
-36.186	-11.160	67.213
-36.151	-10.968	67.171
-36.135	-10.680	67.144
-36.148	-10.360	67.132
-36.169	-9.895	66.985
-36.189	-9.429	66.975
-36.213	-8.856	66.811
-36.232	-8.327	66.803
-36.267	-7.636	66.643
-36.278	-7.072	66.660
-36.310	-6.442	66.645
-36.307	-5.880	66.692
-36.297	-5.376	66.792
-36.284	-4.932	66.894
-36.295	-4.554	66.920
-36.314	-4.336	67.047
-36.327	-4.145	67.101
-36.377	-4.003	67.009
-36.386	-4.082	67.023
-36.403	-4.292	67.002
-36.379	-4.529	66.877
-36.377	-4.868	66.793
-36.361	-5.343	66.721
-36.330	-5.830	66.586
-36.301	-6.454	66.568
-36.258	-7.030	66.470
-36.214	-7.701	66.513
-36.159	-8.297	66.480
-36.305	-8.620	66.218
-36.220	-9.332	66.376
-36.184	-9.857	66.437
-36.177	-10.406	66.679
-36.204	-10.728	66.770
-36.180	-11.100	67.113
-36.133	-10.926	67.106
-36.132	-10.681	67.145
-36.155	-10.274	67.075
-36.181	-9.848	67.040
-36.218	-9.360	67.025
-36.228	-8.800	66.921
-36.256	-8.294	66.912
-36.281	-7.605	66.750
-36.298	-6.976	66.599
-36.311	-6.416	66.664
-36.314	-5.893	66.712
-36.326	-5.299	66.719
-36.320	-4.855	66.756
-36.305	-4.565	66.850
-36.321	-4.297	66.938
-36.331	-4.099	66.941
-36.360	-4.034	66.938
-36.369	-4.088	66.946
-36.376	-4.271	66.914
-36.354	-4.584	66.861
-36.346	-4.950	66.858
-36.325	-5.383	66.768
-36.305	-5.948	66.705
-36.277	-6.539	66.646
-36.238	-7.119	66.572
-36.199	-7.793	66.575
-36.155	-8.428	66.575
-36.309	-8.711	66.250
-36.257	-9.351	66.297
-36.234	-9.886	66.372
-36.236	-10.394	66.543
-36.239	-10.719	66.636
-36.211	-11.086	67.022
-36.176	-10.886	66.993
-36.162	-10.617	67.055
-36.175	-10.241	67.044
-36.198	-9.867	67.075
-36.223	-9.319	67.012
-36.249	-8.774	67.005
-36.268	-8.209	66.965
-36.270	-7.563	66.873
-36.279	-6.935	66.752
-36.288	-6.335	66.741
-36.278	-5.829	66.735
-36.282	-5.286	66.740
-36.285	-4.780	66.717
-36.294	-4.485	66.766
-36.316	-4.241	66.836
-36.349	-4.122	66.847
-36.368	-4.053	66.848
-36.393	-4.162	66.830
-36.376	-4.366	66.861
-36.356	-4.656	66.800
-36.342	-5.076	66.860
-36.321	-5.526	66.787
-36.301	-6.101	66.775
-36.260	-6.717	66.751
-36.238	-7.272	66.654
-36.190	-7.980	66.708
-36.161	-8.591	66.664
-36.139	-9.187	66.673
-36.157	-9.614	66.531
-36.174	-10.135	66.592
-36.191	-10.555	66.642
-36.228	-10.846	66.699
-36.203	-11.062	66.981
-36.150	-10.850	66.955
-36.172	-10.506	66.957
-36.176	-10.131	66.949
-36.211	-9.708	66.980
-36.209	-9.123	66.925
-36.229	-8.587	66.950
-36.255	-8.035	66.979
-36.265	-7.357	66.883
-36.295	-6.723	66.857
-36.302	-6.169	66.897
-36.290	-5.555	66.828
-36.284	-5.136	66.889
-36.277	-4.726	66.826
-36.280	-4.389	66.827
-36.308	-4.121	66.769
-36.346	-4.003	66.745
-36.385	-3.990	66.673
-36.385	-4.165	66.754
-36.374	-4.390	66.709
-36.361	-4.702	66.696
-36.339	-5.173	66.732
-36.323	-5.659	66.661
-36.297	-6.240	66.695
-36.255	-6.863	66.680
-36.210	-7.454	66.651
-36.171	-8.155	66.753
-36.134	-8.763	66.737
-36.291	-9.097	66.451
-36.242	-9.724	66.534
-36.231	-10.236	66.631
-36.227	-10.622	66.640
-36.206	-10.763	66.624
-36.126	-10.752	66.753
-36.102	-10.525	66.778
-36.099	-10.065	66.634
-36.118	-9.789	66.758
-36.142	-9.341	66.804
-36.166	-8.759	66.737
-36.182	-8.273	66.824
-36.212	-7.624	66.766
-36.241	-7.034	66.775
-36.279	-6.489	66.877
-36.282	-5.943	66.898
-36.312	-5.391	66.934
-36.318	-4.899	66.919
-36.313	-4.611	67.008
-36.351	-4.275	66.929
-36.375	-4.098	66.886
-36.399	-4.056	66.824
-36.403	-4.071	66.731
-36.395	-4.213	66.680
-36.397	-4.544	66.628
-36.370	-4.841	66.570
-36.318	-5.292	66.576
-36.287	-5.839	66.552
-36.239	-6.461	66.612
-36.202	-7.060	66.595
-36.142	-7.702	66.625
-36.107	-8.359	66.683
-36.225	-8.699	66.454
-36.174	-9.424	66.586
-36.169	-9.953	66.656
-36.183	-10.409	66.750
-36.195	-10.809	66.838
-36.143	-10.793	66.812
-36.098	-10.675	66.875
-36.093	-10.387	66.838
-36.115	-10.002	66.774
-36.147	-9.575	66.741
-36.164	-9.109	66.760
-36.189	-8.523	66.678
-36.225	-8.057	66.774
-36.263	-7.349	66.638
-36.270	-6.804	66.696
-36.286	-6.234	66.779
-36.314	-5.677	66.814
-36.313	-5.224	66.914
-36.298	-4.765	66.893
-36.336	-4.504	67.043
-36.345	-4.240	67.038
-36.380	-4.077	67.010
-36.396	-4.026	66.953
-36.380	-4.133	66.894
-36.374	-4.309	66.789
-36.356	-4.595	66.633
-36.339	-5.032	66.599
-36.293	-5.433	66.478
-36.262	-6.068	66.599
-36.206	-6.621	66.474
-36.167	-7.266	66.506
-36.135	-7.942	66.573
-36.089	-8.602	66.665
-36.252	-8.835	66.316
-36.189	-9.505	66.457
-36.177	-10.103	66.659
-36.190	-10.578	66.805
-36.200	-10.846	66.854
-36.112	-10.787	66.931
-36.089	-10.614	66.999
-36.078	-10.266	66.920
-36.112	-9.895	66.945
-36.157	-9.448	66.916
-36.183	-8.907	66.819
-36.210	-8.375	66.784
-36.255	-7.777	66.709
-36.286	-7.177	66.668
-36.303	-6.575	66.651
-36.322	-6.014	66.705
-36.309	-5.515	66.790
-36.302	-5.071	66.876
-36.294	-4.613	66.800
-36.318	-4.346	66.960
-36.354	-4.114	66.928
-36.377	-3.990	66.925
-36.403	-4.003	66.923
-36.395	-4.183	66.955
-36.378	-4.423	66.900
-36.342	-4.698	66.730
-36.304	-5.177	66.717
-36.276	-5.651	66.530
-36.232	-6.233	66.516
-36.210	-6.869	66.491
-36.158	-7.471	66.456
-36.128	-8.115	66.438
-36.094	-8.756	66.506
-36.258	-9.032	66.200
-36.176	-9.726	66.411
-36.181	-10.282	66.618
-36.200	-10.681	66.715
-36.162	-11.084	67.100
-36.089	-10.926	67.138
-36.077	-10.584	67.110
-36.099	-10.206	67.081
-36.138	-9.825	67.094
-36.165	-9.313	67.067
-36.192	-8.721	66.959
-36.237	-8.234	66.942
-36.246	-7.588	66.819
-36.266	-7.012	66.745
-36.298	-6.361	66.647
-36.309	-5.858	66.692
-36.307	-5.335	66.717
-36.303	-4.877	66.765
-36.324	-4.520	66.734
-36.340	-4.275	66.861
-36.388	-4.092	66.839
-36.411	-4.055	66.894
-36.400	-4.120	66.857
-36.416	-4.301	66.889
-36.383	-4.595	66.868
-36.370	-4.914	66.836
-36.306	-5.333	66.712
-36.279	-5.882	66.666
-36.232	-6.484	66.629
-36.183	-7.125	66.603
-36.127	-7.755	66.566
-36.095	-8.369	66.509
-36.252	-8.619	66.119
-36.177	-9.279	66.237
-36.136	-9.875	66.384
-36.161	-10.281	66.429
-36.178	-10.678	66.572
-36.164	-10.837	66.730
-36.118	-10.752	66.862
-36.125	-10.470	66.895
-36.158	-10.117	66.939
-36.201	-9.713	66.959
-36.237	-9.289	67.024
-36.268	-8.738	66.966
-36.313	-8.164	66.932
-36.319	-7.502	66.794
-36.331	-7.002	66.828
-36.340	-6.402	66.778
-36.338	-5.855	66.718
-36.335	-5.299	66.716
-36.312	-4.896	66.784
-36.311	-4.586	66.812
-36.323	-4.282	66.795
-36.347	-4.119	66.768
-36.368	-4.093	66.793
-36.369	-4.132	66.786
-36.366	-4.375	66.856
-36.343	-4.598	66.731
-36.325	-4.992	66.808
-36.291	-5.398	66.744
-36.262	-6.025	66.793
-36.225	-6.584	66.734
-36.193	-7.180	66.689
-36.157	-7.819	66.661
-36.100	-8.478	66.683
-36.275	-8.664	66.221
-36.196	-9.335	66.308
-36.197	-9.897	66.384
-36.206	-10.308	66.426
-36.227	-10.664	66.546
-36.226	-10.814	66.622
-36.192	-10.779	66.739
-36.199	-10.571	66.789
-36.220	-10.239	66.792
-36.264	-9.885	66.868
-36.295	-9.470	66.949
-36.314	-8.963	66.976
-36.333	-8.393	66.943
-36.356	-7.776	66.877
-36.352	-7.190	66.860
-36.346	-6.580	66.858
-36.326	-6.005	66.828
-36.319	-5.457	66.811
-36.306	-5.077	66.892
-36.286	-4.635	66.754
-36.288	-4.312	66.774
-36.309	-4.141	66.758
-36.328	-4.069	66.738
-36.340	-4.128	66.757
-36.335	-4.271	66.745
-36.328	-4.543	66.704
-36.307	-4.790	66.662
-36.285	-5.308	66.737
-36.271	-5.815	66.661
-36.276	-6.373	66.673
-36.250	-7.043	66.710
-36.211	-7.668	66.754
-36.174	-8.326	66.774
-36.139	-8.866	66.701
-36.161	-9.418	66.649
-36.155	-9.876	66.544
-36.183	-10.266	66.566
-36.204	-10.645	66.565
-36.244	-10.831	66.602
-36.209	-10.744	66.586
-36.203	-10.614	66.647
-36.212	-10.317	66.700
-36.215	-9.966	66.743
-36.247	-9.550	66.823
-36.252	-9.021	66.841
-36.282	-8.535	66.929
-36.301	-7.970	66.970
-36.308	-7.345	66.927
-36.305	-6.689	66.901
-36.307	-6.155	66.939
-36.295	-5.608	66.958
-36.302	-5.145	66.938
-36.290	-4.726	66.858
-36.295	-4.466	66.905
-36.316	-4.208	66.854
-36.342	-4.061	66.743
-36.371	-4.057	66.704
-36.378	-4.217	66.706
-36.374	-4.430	66.613
-36.348	-4.739	66.631
-36.331	-5.124	66.563
-36.315	-5.699	66.661
-36.293	-6.209	66.663
-36.250	-6.834	66.660
-36.218	-7.453	66.738
-36.194	-8.135	66.804
-36.149	-8.705	66.782
-36.303	-8.998	66.444
-36.215	-9.646	66.570
-36.196	-10.067	66.516
-36.195	-10.502	66.574
-36.225	-10.783	66.593
-36.199	-11.070	66.895
-36.190	-10.862	66.824
-36.208	-10.505	66.757
-36.203	-10.136	66.730
-36.221	-9.732	66.802
-36.245	-9.243	66.863
-36.263	-8.681	66.869
-36.278	-8.100	66.916
-36.295	-7.492	66.951
-36.310	-6.864	66.957
-36.326	-6.279	66.991
-36.320	-5.732	66.997
-36.308	-5.186	66.972
-36.321	-4.781	66.943
-36.323	-4.483	66.976
-36.333	-4.260	66.968
-36.361	-4.049	66.810
-36.376	-4.036	66.756
-36.378	-4.141	66.718
-36.375	-4.395	66.658
-36.367	-4.609	66.541
-36.357	-5.052	66.558
-36.311	-5.504	66.537
-36.291	-6.040	66.572
-36.238	-6.632	66.596
-36.215	-7.282	66.685
-36.160	-7.984	66.779
-36.137	-8.582	66.812
-36.281	-8.819	66.505
-36.203	-9.561	66.675
-36.188	-10.003	66.646
-36.184	-10.446	66.709
-36.213	-10.756	66.713
-36.205	-11.153	67.036
-36.188	-10.955	66.920
-36.199	-10.652	66.834
-36.224	-10.212	66.711
-36.244	-9.836	66.705
-36.253	-9.352	66.745
-36.261	-8.824	66.726
-36.292	-8.275	66.807
-36.308	-7.608	66.789
-36.309	-7.000	66.802
-36.318	-6.421	66.937
-36.306	-5.908	67.035
-36.324	-5.359	67.072
-36.295	-4.875	67.025
-36.320	-4.543	67.050
-36.321	-4.270	67.037
-36.337	-4.055	66.947
-36.361	-4.017	66.887
-36.360	-4.104	66.801
-36.367	-4.219	66.668
-36.364	-4.543	66.599
-36.350	-4.871	66.494
-36.320	-5.356	66.557
-36.292	-5.889	66.534
-36.267	-6.448	66.491
-36.220	-7.049	66.510
-36.195	-7.715	66.606
-36.148	-8.424	66.748
-36.123	-8.976	66.747
-36.274	-9.309	66.578
-36.237	-9.885	66.661
-36.216	-10.419	66.871
-36.228	-10.715	66.849
-36.217	-11.143	67.126
-36.168	-10.992	67.059
-36.176	-10.685	66.917
-36.204	-10.346	66.866
-36.219	-9.886	66.709
-36.238	-9.357	66.640
-36.252	-8.866	66.682
-36.274	-8.329	66.672
-36.283	-7.675	66.688
-36.272	-7.055	66.683
-36.301	-6.475	66.810
-36.286	-5.982	66.925
-36.294	-5.457	67.066
-36.295	-4.920	67.001
-36.301	-4.634	67.143
-36.317	-4.327	67.161
-36.331	-4.081	67.063
-36.356	-3.998	66.975
-36.380	-4.078	66.915
-36.387	-4.212	66.823
-36.370	-4.498	66.718
-36.363	-4.814	66.649
-36.345	-5.203	66.505
-36.322	-5.742	66.450
-36.288	-6.334	66.452
-36.244	-6.978	66.479
-36.204	-7.628	66.527
-36.151	-8.295	66.605
-36.130	-8.887	66.673
-36.125	-9.509	66.796
-36.128	-9.944	66.767
-36.165	-10.417	66.914
-36.186	-10.754	66.931
-36.190	-11.140	67.203
-36.140	-10.973	67.177
-36.123	-10.711	67.077
-36.126	-10.335	66.975
-36.157	-9.897	66.880
-36.200	-9.370	66.749
-36.209	-8.839	66.685
-36.241	-8.314	66.670
-36.257	-7.684	66.628
-36.293	-7.079	66.607
-36.293	-6.478	66.693
-36.277	-5.948	66.789
-36.301	-5.439	66.918
-36.297	-4.952	66.968
-36.306	-4.590	67.014
-36.307	-4.343	67.131
-36.350	-4.126	67.099
-36.380	-4.017	67.019
-36.412	-4.053	66.978
-36.421	-4.243	66.911
-36.392	-4.476	66.774
-36.389	-4.822	66.721
-36.353	-5.260	66.602
-36.332	-5.800	66.543
-36.283	-6.384	66.496
-36.248	-6.979	66.468
-36.199	-7.618	66.496
-36.156	-8.276	66.524
-36.115	-8.881	66.592
-36.115	-9.428	66.607
-36.099	-9.942	66.711
-36.115	-10.330	66.773
-36.140	-10.749	66.911
-36.176	-10.914	66.943
-36.135	-10.829	66.990
-36.128	-10.629	67.053
-36.135	-10.256	66.946
-36.170	-9.836	66.867
-36.202	-9.413	66.860
-36.229	-8.866	66.754
-36.256	-8.349	66.729
-36.290	-7.714	66.628
-36.302	-7.169	66.692
-36.315	-6.560	66.712
-36.306	-5.951	66.706
-36.309	-5.411	66.774
-36.299	-4.956	66.851
-36.294	-4.618	66.938
-36.305	-4.374	67.058
-36.324	-4.097	67.022
-36.343	-4.004	66.998
-36.367	-4.020	66.942
-36.388	-4.278	66.992
-36.367	-4.496	66.913
-36.362	-4.811	66.766
-36.334	-5.264	66.710
-36.315	-5.801	66.607
-36.291	-6.451	66.647
-36.258	-6.973	66.476
-36.199	-7.623	66.505
-36.169	-8.230	66.471
-36.155	-8.848	66.517
-36.147	-9.436	66.554
-36.140	-9.922	66.597
-36.160	-10.294	66.622
-36.190	-10.717	66.788
-36.213	-11.117	67.124
-36.151	-10.981	67.132
-36.134	-10.715	67.121
-36.167	-10.343	67.092
-36.194	-9.920	67.077
-36.226	-9.417	67.013
-36.221	-8.836	66.907
-36.243	-8.295	66.850
-36.267	-7.651	66.723
-36.278	-7.041	66.627
-36.300	-6.485	66.673
-36.303	-5.929	66.710
-36.308	-5.317	66.662
-36.309	-4.894	66.764
-36.296	-4.570	66.835
-36.308	-4.299	66.933
-36.314	-4.079	66.932
-36.347	-4.028	66.961
-36.370	-4.062	66.926
-36.376	-4.274	66.973
-36.356	-4.538	66.921
-36.353	-4.804	66.775
-36.336	-5.328	66.775
-36.320	-5.859	66.669
-36.288	-6.441	66.642
-36.249	-7.072	66.569
-36.214	-7.716	66.554
-36.174	-8.367	66.580
-36.163	-8.919	66.523
-36.160	-9.504	66.537
-36.178	-10.004	66.553
-36.202	-10.451	66.642
-36.205	-10.781	66.716
-36.193	-11.091	67.050
-36.129	-10.898	67.033
-36.129	-10.556	66.998
-36.142	-10.240	67.061
-36.161	-9.816	67.049
-36.178	-9.318	67.054
-36.196	-8.727	66.978
-36.215	-8.183	66.957
-36.249	-7.515	66.839
-36.261	-6.898	66.752
-36.271	-6.313	66.732
-36.281	-5.773	66.724
-36.279	-5.216	66.682
-36.296	-4.801	66.754
-36.312	-4.517	66.803
-36.329	-4.260	66.851
-36.379	-4.096	66.822
-36.393	-4.029	66.807
-36.409	-4.181	66.856
-36.398	-4.372	66.876
-36.380	-4.631	66.769
-36.366	-5.033	66.815
-36.328	-5.483	66.756
-36.315	-6.070	66.740
-36.251	-6.677	66.718
-36.210	-7.326	66.738
-36.164	-7.949	66.689
-36.132	-8.618	66.745
-36.297	-8.811	66.256
-36.198	-9.560	66.464
-36.200	-10.003	66.443
-36.199	-10.526	66.582
-36.226	-10.734	66.561
-36.192	-11.045	66.969
-36.146	-10.824	66.918
-36.152	-10.540	66.949
-36.171	-10.155	66.953
-36.197	-9.726	66.958
-36.216	-9.161	66.932
-36.246	-8.645	66.957
-36.272	-8.019	66.938
-36.287	-7.385	66.879
-36.304	-6.775	66.871
-36.310	-6.192	66.880
-36.315	-5.663	66.878
-36.298	-5.187	66.914
-36.282	-4.717	66.813
-36.282	-4.427	66.836
-36.330	-4.158	66.794
-36.356	-4.027	66.730
-36.381	-4.008	66.703
-36.379	-4.154	66.736
-36.377	-4.394	66.703
-36.356	-4.685	66.678
-36.322	-5.178	66.732
-36.319	-5.630	66.682
-36.276	-6.235	66.736
-36.224	-6.794	66.661
-36.209	-7.461	66.727
-36.160	-8.120	66.749
-36.144	-8.742	66.765
-36.130	-9.310	66.754
-36.141	-9.829	66.712
-36.182	-10.260	66.726
-36.207	-10.610	66.669
-36.207	-10.872	66.735
-36.146	-10.752	66.707
-36.122	-10.551	66.723
-36.125	-10.225	66.723
-36.142	-9.856	66.713
-36.171	-9.423	66.774
-36.182	-8.903	66.759
-36.213	-8.382	66.800
-36.257	-7.789	66.797
-36.270	-7.140	66.755
-36.293	-6.516	66.765
-36.297	-6.057	66.918
-36.306	-5.442	66.895
-36.319	-4.990	66.953
-36.305	-4.599	66.921
-36.306	-4.364	67.021
-36.323	-4.118	66.891
-36.371	-4.052	66.868
-36.388	-4.019	66.693
-36.377	-4.201	66.710
-36.372	-4.463	66.617
-36.357	-4.782	66.611
-36.328	-5.248	66.606
-36.287	-5.772	66.565
-36.249	-6.364	66.606
-36.216	-6.970	66.559
-36.176	-7.599	66.596
-36.133	-8.294	66.653
-36.110	-8.867	66.697
-36.113	-9.487	66.756
-36.130	-10.000	66.817
-36.162	-10.457	66.870
-36.198	-10.751	66.786
-36.167	-11.083	67.134
-36.095	-10.852	67.039
-36.100	-10.550	66.985
-36.112	-10.149	66.904
-36.130	-9.745	66.880
-36.159	-9.284	66.913
-36.178	-8.699	66.797
-36.215	-8.126	66.761
-36.237	-7.445	66.658
-36.265	-6.902	66.712
-36.277	-6.311	66.784
-36.297	-5.768	66.818
-36.305	-5.263	66.892
-36.309	-4.811	66.913
-36.332	-4.474	66.971
-36.361	-4.236	67.021
-36.370	-4.043	66.966
-36.396	-4.011	66.960
-36.407	-4.062	66.857
-36.404	-4.281	66.785
-36.364	-4.563	66.654
-36.350	-4.959	66.593
-36.324	-5.426	66.541
-36.282	-5.868	66.414
-36.235	-6.573	66.481
-36.185	-7.174	66.497
-36.137	-7.815	66.529
-36.101	-8.513	66.617
-36.228	-8.794	66.356
-36.153	-9.553	66.575
-36.144	-10.069	66.644
-36.171	-10.536	66.768
-36.173	-10.844	66.845
-36.097	-10.730	66.871
-36.072	-10.618	66.955
-36.066	-10.283	66.929
-36.090	-9.851	66.855
-36.130	-9.495	66.933
-36.166	-8.898	66.758
-36.205	-8.452	66.818
-36.255	-7.833	66.736
-36.277	-7.240	66.701
-36.305	-6.639	66.696
-36.319	-6.081	66.721
-36.315	-5.559	66.778
-36.334	-5.125	66.882
-36.315	-4.673	66.834
-36.330	-4.392	66.932
-36.366	-4.187	66.982
-36.394	-4.030	66.910
-36.413	-4.092	66.967
-36.413	-4.258	66.976
-36.371	-4.471	66.902
-36.345	-4.745	66.764
-36.300	-5.207	66.693
-36.262	-5.611	66.469
-36.234	-6.269	66.514
-36.184	-6.862	66.449
-36.156	-7.478	66.456
-36.107	-8.151	66.457
-36.088	-8.759	66.531
-36.219	-9.118	66.346
-36.163	-9.709	66.397
-36.184	-10.196	66.576
-36.201	-10.575	66.641
-36.173	-11.125	67.152
-36.140	-10.914	67.114
-36.122	-10.644	67.097
-36.151	-10.268	67.063
-36.176	-9.878	67.060
-36.203	-9.428	67.087
-36.224	-8.822	66.955
-36.246	-8.322	66.945
-36.278	-7.671	66.810
-36.306	-7.064	66.703
-36.331	-6.439	66.672
-36.311	-5.852	66.618
-36.303	-5.359	66.703
-36.305	-4.902	66.738
-36.297	-4.549	66.734
-36.316	-4.311	66.843
-36.339	-4.119	66.860
-36.369	-4.042	66.863
-36.366	-4.096	66.870
-36.382	-4.258	66.873
-36.362	-4.527	66.831
-36.349	-4.847	66.795
-36.316	-5.315	66.738
-36.278	-5.854	66.666
-36.239	-6.443	66.626
-36.193	-7.009	66.499
-36.158	-7.678	66.500
-36.113	-8.328	66.526
-36.242	-8.699	66.290
-36.193	-9.307	66.318
-36.161	-9.888	66.412
-36.185	-10.284	66.450
-36.196	-10.713	66.642
-36.174	-11.058	66.986
-36.142	-10.902	67.040
-36.129	-10.653	67.107
-36.161	-10.285	67.100
-36.182	-9.846	67.069
-36.230	-9.374	67.113
-36.253	-8.777	67.008
-36.274	-8.242	66.999
-36.316	-7.593	66.892
-36.293	-6.968	66.784
-36.312	-6.408	66.797
-36.314	-5.899	66.791
-36.302	-5.304	66.738
-36.308	-4.879	66.782
-36.311	-4.540	66.745
-36.303	-4.256	66.785
-36.350	-4.061	66.733
-36.376	-4.050	66.772
-36.382	-4.023	66.667
-36.388	-4.329	66.861
-36.346	-4.568	66.760
-36.337	-4.890	66.718
-36.318	-5.383	66.745
-36.296	-5.969	66.767
-36.243	-6.539	66.738
-36.196	-7.145	66.702
-36.158	-7.784	66.659
-36.126	-8.432	66.670
-36.271	-8.646	66.214
-36.205	-9.297	66.244
-36.182	-9.865	66.342
-36.177	-10.358	66.465
-36.202	-10.687	66.538
-36.195	-11.084	66.912
-36.162	-10.923	66.902
-36.149	-10.703	66.977
-36.177	-10.344	66.989
-36.220	-9.945	67.004
-36.252	-9.437	67.013
-36.291	-8.914	67.013
-36.311	-8.386	67.041
-36.341	-7.754	66.977
-36.326	-7.147	66.900
-36.339	-6.491	66.816
-36.334	-5.985	66.836
-36.323	-5.453	66.847
-36.309	-5.010	66.856
-36.304	-4.600	66.738
-36.303	-4.368	66.823
-36.335	-4.126	66.750
-36.357	-4.087	66.730
-36.360	-4.116	66.711
-36.358	-4.297	66.706
-36.329	-4.554	66.652
-36.321	-4.912	66.726
-36.291	-5.351	66.719
-36.271	-5.847	66.655
-36.257	-6.434	66.670
-36.213	-7.125	66.763
-36.191	-7.683	66.717
-36.131	-8.374	66.785
-36.258	-8.645	66.445
-36.197	-9.363	66.520
-36.179	-9.842	66.473
-36.204	-10.187	66.425
-36.219	-10.556	66.469
-36.253	-11.069	66.862
-36.206	-10.930	66.798
-36.214	-10.753	66.799
-36.236	-10.426	66.827
-36.249	-10.032	66.820
-36.272	-9.631	66.899
-36.271	-9.086	66.901
-36.301	-8.548	66.950
-36.329	-7.983	66.970
-36.346	-7.332	66.913
-36.338	-6.732	66.952
-36.329	-6.225	67.011
-36.314	-5.628	66.991
-36.311	-5.144	66.937
-36.275	-4.711	66.843
-36.299	-4.402	66.851
-36.319	-4.200	66.843
-36.338	-4.083	66.771
-36.343	-4.087	66.724
-36.342	-4.199	66.657
-36.337	-4.463	66.617
-36.325	-4.719	66.603
-36.313	-5.214	66.661
-36.288	-5.686	66.625
-36.271	-6.249	66.672
-36.224	-6.864	66.694
-36.211	-7.470	66.721
-36.182	-8.191	66.867
-36.148	-8.738	66.795
-36.290	-9.046	66.519
-36.216	-9.675	66.577
-36.219	-10.081	66.521
-36.223	-10.519	66.589
-36.253	-10.773	66.581
-36.244	-11.071	66.895
-36.210	-10.852	66.797
-36.222	-10.568	66.800
-36.232	-10.154	66.739
-36.247	-9.716	66.759
-36.276	-9.255	66.868
-36.267	-8.716	66.911
-36.295	-8.131	66.926
-36.294	-7.504	66.967
-36.303	-6.884	66.966
-36.312	-6.265	66.974
-36.297	-5.715	66.994
-36.313	-5.171	66.942
-36.293	-4.815	66.986
-36.299	-4.503	67.019
-36.322	-4.224	66.924
-36.340	-4.016	66.805
-36.379	-3.992	66.755
-36.367	-4.154	66.773
-36.373	-4.334	66.624
-36.382	-4.581	66.560
-36.358	-5.008	66.544
-36.323	-5.467	66.555
-36.305	-6.049	66.653
-36.272	-6.626	66.636
-36.241	-7.249	66.677
-36.185	-7.953	66.777
-36.168	-8.576	66.809
-36.144	-9.161	66.853
-36.142	-9.708	66.858
-36.137	-10.106	66.767
-36.147	-10.562	66.842
-36.181	-10.785	66.710
-36.166	-10.893	66.753
-36.139	-10.735	66.717
-36.146	-10.459	66.664
-36.161	-10.104	66.644
-36.180	-9.720	66.705
-36.198	-9.211	66.685
-36.209	-8.667	66.693
-36.242	-8.162	66.814
-36.270	-7.487	66.767
-36.268	-6.902	66.871
-36.317	-6.365	67.023
-36.316	-5.763	66.987
-36.321	-5.262	67.041
-36.313	-4.814	67.014
-36.332	-4.494	67.096
-36.352	-4.228	67.046
-36.378	-4.029	66.920
-36.396	-3.971	66.843
-36.419	-3.989	66.694
-36.407	-4.254	66.707
-36.393	-4.534	66.584
-36.370	-4.887	66.502
-36.340	-5.332	66.468
-36.311	-5.910	66.522
-36.248	-6.528	66.562
-36.211	-7.114	66.566
-36.168	-7.840	66.706
-36.123	-8.470	66.744
-36.086	-9.037	66.760
-36.222	-9.387	66.577
-36.202	-9.909	66.639
-36.186	-10.456	66.846
-36.204	-10.771	66.843
-36.165	-11.050	67.036
-36.141	-10.942	67.005
