NO_OF_FRAMES	5000
NO_OF_DATA_TYPES	3
FREQUENCY	500
TIME_STAMP	2026-06-08, 16:31:07
DATA_INCLUDED	Position
DATA_TYPES	Unidentified [1696316]_pos_X	Unidentified [1696316]_pos_Y	Unidentified [1696316]_pos_Z


368.764	80.655	118.499
368.721	80.811	118.533
368.692	80.944	118.620
369.011	82.771	119.632
369.021	82.854	119.726
369.058	82.711	119.729
367.899	85.274	120.284
367.910	85.261	120.331
367.943	85.180	120.337
367.960	85.193	120.345
367.906	85.184	120.341
367.867	85.190	120.310
367.759	85.175	120.274
367.683	85.204	120.258
367.655	85.170	120.238
367.606	85.067	120.237
367.920	82.622	119.816
368.448	81.896	119.879
368.748	81.488	120.111
368.958	81.237	120.248
369.141	81.219	120.234
369.232	81.262	120.156
369.272	81.146	120.071
369.319	81.104	119.993
369.335	81.022	119.832
369.365	81.106	119.687
369.303	81.147	119.533
369.247	81.214	119.372
369.201	81.419	119.285
369.141	81.605	119.229
369.127	81.882	119.267
369.066	81.897	119.226
369.054	82.017	119.287
369.026	81.993	119.300
369.030	81.990	119.340
369.046	81.956	119.377
369.087	81.947	119.437
369.129	81.924	119.487
369.184	81.931	119.547
369.201	81.799	119.510
369.233	81.781	119.527
369.245	81.678	119.480
369.256	81.574	119.421
369.238	81.431	119.343
369.217	81.291	119.287
369.195	81.175	119.253
369.183	81.078	119.273
369.170	80.991	119.416
369.157	80.930	119.672
369.186	80.872	119.953
369.288	80.877	120.004
369.361	81.027	119.993
369.341	80.998	119.904
369.370	81.092	119.912
369.367	81.142	119.816
369.356	81.190	119.672
369.324	81.270	119.559
369.252	81.274	119.355
369.202	81.415	119.249
369.152	81.673	119.222
369.127	81.923	119.244
369.102	82.023	119.233
369.066	82.075	119.270
369.027	82.012	119.263
369.029	82.024	119.317
369.059	82.052	119.398
369.076	81.951	119.422
369.118	81.907	119.474
369.173	81.909	119.542
369.221	81.961	119.624
369.228	81.761	119.557
369.242	81.625	119.510
369.273	81.580	119.499
369.250	81.396	119.402
369.229	81.228	119.320
369.208	81.078	119.264
369.174	80.914	119.231
369.186	80.895	119.366
369.176	80.821	119.584
369.181	80.806	119.918
369.283	80.835	120.066
369.331	80.853	119.985
369.363	80.969	119.933
369.338	80.931	119.854
369.341	80.973	119.779
369.337	81.062	119.650
369.299	81.149	119.533
369.259	81.206	119.356
369.209	81.360	119.234
369.146	81.558	119.165
369.130	81.915	119.222
369.124	82.122	119.250
369.081	82.133	119.231
369.025	82.092	119.232
369.012	82.098	119.278
369.024	82.084	119.337
369.073	82.088	119.408
369.111	82.074	119.487
369.137	81.949	119.491
369.198	81.973	119.565
369.202	81.830	119.535
369.220	81.711	119.504
369.252	81.657	119.496
369.244	81.461	119.402
369.225	81.319	119.347
369.235	81.206	119.316
369.203	81.015	119.260
369.181	80.846	119.286
369.163	80.830	119.505
369.193	80.790	119.837
369.226	80.684	120.006
369.315	80.780	120.019
369.366	80.887	119.949
369.364	80.978	119.936
369.350	80.931	119.842
369.358	81.006	119.742
369.343	81.098	119.611
369.304	81.192	119.464
369.243	81.279	119.296
369.192	81.471	119.213
369.143	81.736	119.196
369.149	82.103	119.291
369.108	82.132	119.262
369.044	82.050	119.222
369.018	82.078	119.272
369.011	82.035	119.292
369.046	82.039	119.359
369.094	82.028	119.434
369.130	82.016	119.495
369.168	81.957	119.520
369.213	81.927	119.550
369.227	81.837	119.529
369.253	81.738	119.501
369.254	81.598	119.439
369.234	81.438	119.372
369.242	81.356	119.353
369.205	81.149	119.281
369.190	81.000	119.298
369.170	80.868	119.419
369.212	80.960	119.783
369.186	80.726	119.949
369.313	80.844	120.051
369.363	80.915	119.985
369.347	80.913	119.928
369.361	80.965	119.902
369.361	80.970	119.779
369.350	81.023	119.632
369.340	81.229	119.572
369.276	81.241	119.373
369.218	81.367	119.236
369.151	81.588	119.190
369.149	81.968	119.258
369.120	82.067	119.250
369.108	82.198	119.321
369.038	82.084	119.288
369.018	82.009	119.295
369.032	82.004	119.368
369.066	81.960	119.418
369.117	81.945	119.486
369.168	81.907	119.521
369.213	81.888	119.560
369.236	81.814	119.561
369.247	81.649	119.487
369.252	81.543	119.443
369.264	81.446	119.398
369.226	81.252	119.305
369.208	81.055	119.230
369.199	80.954	119.260
369.200	80.937	119.440
369.211	80.862	119.743
369.250	80.886	120.042
369.338	80.883	120.072
369.369	80.970	119.985
369.346	80.918	119.891
369.348	80.978	119.874
369.349	81.021	119.782
369.311	81.021	119.605
369.301	81.170	119.512
369.275	81.361	119.413
369.202	81.435	119.268
369.156	81.642	119.219
369.128	81.888	119.213
369.098	81.990	119.213
369.061	82.040	119.232
369.037	82.099	119.293
369.007	82.003	119.282
369.052	82.073	119.380
369.071	81.970	119.397
369.103	81.911	119.435
369.186	81.952	119.516
369.198	81.839	119.497
369.235	81.799	119.509
369.247	81.694	119.478
369.277	81.624	119.450
369.265	81.494	119.400
369.229	81.253	119.279
369.243	81.230	119.309
369.192	80.961	119.233
369.184	80.883	119.343
369.174	80.806	119.570
369.188	80.818	119.916
369.319	80.921	120.090
369.351	80.900	120.001
369.373	81.037	119.976
369.365	81.016	119.928
369.365	81.046	119.847
369.371	81.093	119.710
369.349	81.216	119.607
369.297	81.289	119.455
369.219	81.318	119.252
369.164	81.533	119.193
369.142	81.876	119.235
369.120	82.073	119.254
369.089	82.215	119.306
369.043	82.135	119.294
369.012	82.067	119.295
369.032	82.076	119.357
369.061	82.047	119.421
369.090	81.943	119.440
369.137	81.917	119.498
369.188	81.891	119.548
369.205	81.769	119.523
369.232	81.680	119.502
369.276	81.658	119.511
369.270	81.516	119.445
369.237	81.300	119.344
369.210	81.110	119.262
369.210	81.001	119.253
369.188	80.864	119.329
369.192	80.830	119.566
369.197	80.778	119.904
369.309	80.871	120.108
369.337	80.800	119.998
369.377	80.942	119.959
369.350	80.911	119.885
369.339	80.862	119.775
369.341	80.964	119.673
369.323	81.077	119.550
369.281	81.161	119.394
369.245	81.355	119.292
369.174	81.465	119.186
369.151	81.788	119.209
369.141	82.014	119.241
369.116	82.125	119.268
369.049	82.063	119.245
369.022	82.052	119.263
369.028	81.998	119.291
369.077	82.047	119.374
369.103	81.980	119.406
369.168	82.031	119.487
369.219	82.007	119.523
369.214	81.868	119.498
369.241	81.817	119.487
369.243	81.649	119.415
369.262	81.562	119.392
369.255	81.492	119.366
369.236	81.291	119.305
369.192	81.087	119.235
369.189	81.001	119.282
369.162	80.852	119.379
369.190	80.872	119.657
369.192	80.831	119.946
369.285	80.837	120.051
369.320	80.815	119.965
369.367	81.020	120.013
369.381	81.020	119.958
369.391	81.063	119.857
369.401	81.169	119.726
369.335	81.134	119.526
369.306	81.278	119.406
369.244	81.423	119.287
369.152	81.494	119.164
369.111	81.741	119.144
369.128	82.108	119.258
369.089	82.194	119.273
369.054	82.188	119.298
369.048	82.189	119.349
369.050	82.107	119.374
369.072	82.045	119.415
369.105	81.973	119.448
369.172	81.986	119.536
369.210	81.912	119.547
369.237	81.829	119.553
369.246	81.679	119.499
369.268	81.594	119.476
369.266	81.433	119.404
369.240	81.236	119.307
369.224	81.116	119.274
369.239	81.056	119.315
369.194	80.856	119.374
369.224	80.895	119.675
369.238	80.826	119.990
369.322	80.808	120.082
369.356	80.828	119.983
369.349	80.829	119.896
369.356	80.928	119.903
369.358	80.954	119.818
369.341	80.984	119.657
369.334	81.150	119.567
369.298	81.262	119.430
369.229	81.399	119.292
369.187	81.609	119.243
369.127	81.815	119.206
369.135	82.084	119.273
369.086	82.103	119.255
369.041	82.090	119.269
369.008	82.033	119.267
369.012	82.003	119.300
369.071	82.085	119.416
369.103	82.002	119.432
369.138	81.913	119.435
369.197	81.921	119.492
369.216	81.820	119.474
369.228	81.741	119.454
369.258	81.697	119.445
369.253	81.515	119.355
369.231	81.360	119.302
369.221	81.250	119.276
369.201	81.104	119.260
369.179	80.957	119.314
369.173	80.910	119.522
369.185	80.862	119.834
369.266	80.880	120.042
369.344	80.920	120.024
369.382	81.000	119.977
369.357	80.979	119.945
369.389	81.068	119.914
369.403	81.084	119.777
369.385	81.173	119.646
369.327	81.187	119.472
369.272	81.306	119.320
369.199	81.407	119.204
369.159	81.740	119.233
369.128	81.951	119.236
369.128	82.180	119.313
369.061	82.132	119.298
369.024	82.061	119.297
369.021	81.979	119.308
369.043	81.981	119.374
369.098	81.993	119.454
369.129	81.920	119.493
369.172	81.865	119.525
369.220	81.861	119.560
369.233	81.724	119.514
369.266	81.668	119.506
369.270	81.511	119.416
369.239	81.340	119.340
369.229	81.221	119.296
369.236	81.164	119.313
369.203	80.954	119.302
369.206	80.932	119.537
369.196	80.803	119.815
369.288	80.895	120.068
369.337	80.854	120.008
369.383	80.943	119.937
369.386	81.041	119.933
369.366	80.979	119.835
369.360	81.040	119.740
369.348	81.135	119.603
369.313	81.229	119.471
369.274	81.365	119.340
369.195	81.464	119.215
369.154	81.737	119.209
369.127	81.925	119.206
369.107	82.074	119.240
369.061	82.061	119.251
369.034	82.051	119.272
369.020	81.991	119.287
369.073	82.050	119.397
369.094	81.957	119.411
369.144	81.913	119.457
369.195	81.917	119.505
369.209	81.783	119.476
369.257	81.781	119.505
369.276	81.711	119.492
369.283	81.571	119.424
369.242	81.335	119.309
369.240	81.230	119.284
369.221	81.117	119.268
369.190	80.916	119.243
369.186	80.890	119.411
369.161	80.755	119.629
369.223	80.843	119.974
369.338	80.930	120.079
369.372	80.966	120.001
369.383	81.035	119.978
369.366	80.972	119.898
369.388	81.047	119.816
369.375	81.094	119.665
369.319	81.124	119.511
369.299	81.299	119.389
369.235	81.418	119.259
369.161	81.598	119.190
369.112	81.732	119.120
369.138	82.168	119.288
369.098	82.198	119.297
369.027	82.076	119.265
369.016	82.083	119.306
369.027	82.007	119.338
369.068	81.991	119.396
369.112	81.950	119.447
369.169	81.926	119.508
369.220	81.956	119.576
369.231	81.806	119.536
369.253	81.692	119.501
369.262	81.576	119.458
369.259	81.412	119.374
369.230	81.244	119.301
369.226	81.100	119.265
369.206	80.944	119.251
369.192	80.857	119.361
369.206	80.872	119.645
369.208	80.788	119.945
369.330	80.847	120.083
369.390	80.961	120.040
369.385	80.961	119.951
369.383	80.960	119.907
369.357	80.882	119.769
369.361	81.006	119.659
369.321	81.059	119.512
369.304	81.208	119.391
369.264	81.480	119.332
369.167	81.514	119.185
369.124	81.760	119.174
369.137	82.047	119.245
369.116	82.208	119.311
369.044	82.063	119.253
369.029	82.117	119.314
369.033	82.060	119.336
369.074	82.056	119.411
369.102	81.994	119.437
369.140	81.913	119.460
369.185	81.897	119.502
369.221	81.871	119.531
369.240	81.758	119.493
369.275	81.710	119.465
369.258	81.510	119.385
369.234	81.346	119.307
369.232	81.241	119.294
369.198	81.062	119.254
369.183	80.916	119.300
369.177	80.888	119.504
369.201	80.889	119.847
369.263	80.844	120.035
369.356	80.941	120.066
369.375	80.953	119.972
369.360	80.966	119.941
369.369	80.967	119.867
369.387	81.049	119.776
369.369	81.100	119.612
369.331	81.242	119.500
369.284	81.322	119.331
369.222	81.491	119.249
369.152	81.692	119.195
369.155	82.022	119.259
369.116	82.151	119.278
369.068	82.128	119.285
369.030	82.059	119.280
369.036	82.059	119.324
369.031	81.952	119.344
369.101	82.014	119.443
369.149	81.977	119.500
369.177	81.861	119.486
369.207	81.835	119.526
369.256	81.805	119.548
369.256	81.626	119.466
369.277	81.553	119.443
369.265	81.418	119.376
369.221	81.144	119.240
369.217	81.019	119.223
369.206	80.941	119.275
369.177	80.834	119.417
369.191	80.808	119.724
369.230	80.785	120.003
369.321	80.800	120.035
369.389	80.983	120.010
369.372	80.943	119.933
369.364	80.958	119.887
369.367	81.010	119.783
369.358	81.061	119.630
369.317	81.163	119.504
369.276	81.271	119.352
369.216	81.427	119.256
369.151	81.611	119.189
369.142	81.921	119.231
369.134	82.122	119.279
369.075	82.087	119.261
369.048	82.131	119.305
369.006	81.958	119.245
369.045	82.015	119.336
369.070	81.988	119.388
369.120	81.993	119.448
369.194	81.990	119.500
369.225	81.939	119.523
369.225	81.780	119.472
369.260	81.752	119.474
369.282	81.692	119.462
369.278	81.565	119.404
369.249	81.378	119.331
369.249	81.223	119.288
369.218	81.068	119.269
369.183	80.895	119.316
369.149	80.724	119.453
369.213	80.915	119.890
369.249	80.775	120.012
369.328	80.831	120.014
369.374	80.982	120.000
369.391	81.012	119.984
369.376	80.986	119.885
369.423	81.156	119.819
369.379	81.155	119.628
369.334	81.219	119.464
369.275	81.315	119.303
369.196	81.460	119.214
369.126	81.657	119.162
369.125	82.021	119.254
369.107	82.107	119.252
369.067	82.187	119.310
369.043	82.142	119.323
369.031	82.080	119.344
369.062	82.070	119.409
369.080	81.964	119.416
369.136	81.954	119.488
369.195	81.920	119.532
369.227	81.873	119.549
369.241	81.764	119.520
369.265	81.670	119.487
369.275	81.560	119.432
369.240	81.344	119.320
369.217	81.150	119.249
369.229	81.138	119.290
369.202	80.929	119.292
369.200	80.907	119.514
369.188	80.747	119.779
369.267	80.810	120.040
369.362	80.915	120.079
369.344	80.819	119.916
369.368	80.961	119.930
369.357	80.937	119.861
369.374	81.018	119.771
369.361	81.039	119.590
369.346	81.277	119.542
369.264	81.277	119.340
369.215	81.439	119.235
369.145	81.626	119.178
369.126	81.895	119.205
369.099	81.985	119.205
369.076	82.117	119.293
369.030	82.059	119.284
369.015	82.001	119.301
369.057	82.019	119.373
369.088	81.943	119.407
369.144	81.967	119.483
369.201	81.973	119.532
369.228	81.927	119.558
369.239	81.790	119.504
369.266	81.700	119.466
369.276	81.577	119.406
369.259	81.436	119.338
369.239	81.268	119.282
369.221	81.149	119.263
369.196	80.994	119.262
369.184	80.921	119.405
369.193	80.893	119.681
369.194	80.803	119.945
369.334	80.925	120.070
369.389	81.038	120.028
369.354	80.955	119.920
369.390	81.062	119.948
369.375	81.012	119.793
369.368	81.114	119.676
369.338	81.214	119.568
369.281	81.243	119.382
369.240	81.419	119.279
369.159	81.562	119.192
369.120	81.796	119.183
369.129	82.076	119.252
369.092	82.158	119.298
369.049	82.113	119.299
369.012	81.990	119.279
369.039	82.042	119.374
369.088	82.011	119.432
369.112	81.904	119.449
369.205	82.003	119.571
369.201	81.837	119.537
369.248	81.814	119.562
369.260	81.667	119.505
369.282	81.593	119.479
369.269	81.466	119.425
369.243	81.259	119.314
369.216	81.071	119.249
369.224	80.980	119.261
369.186	80.824	119.325
369.179	80.793	119.576
369.196	80.800	119.922
369.292	80.807	120.052
369.371	80.940	120.024
369.356	80.913	119.915
369.362	80.946	119.890
369.361	81.008	119.822
369.332	80.964	119.618
369.332	81.143	119.551
369.281	81.229	119.394
369.247	81.436	119.299
369.164	81.546	119.194
369.142	81.821	119.199
369.138	82.114	119.277
369.082	82.085	119.229
369.036	82.093	119.260
369.011	82.022	119.260
369.044	82.100	119.355
369.075	82.063	119.398
369.116	82.008	119.447
369.148	81.913	119.463
369.203	81.910	119.505
369.221	81.801	119.489
369.251	81.756	119.492
369.276	81.670	119.459
369.299	81.615	119.447
369.235	81.328	119.301
369.231	81.199	119.278
369.212	81.065	119.256
369.191	80.917	119.300
369.181	80.889	119.497
369.182	80.787	119.781
369.248	80.828	120.025
369.325	80.857	120.028
369.375	80.987	119.994
369.358	80.999	119.962
369.384	81.061	119.924
369.366	81.000	119.761
369.365	81.108	119.623
369.324	81.224	119.505
369.271	81.307	119.328
369.208	81.463	119.236
369.145	81.679	119.193
369.112	81.890	119.187
369.122	82.122	119.264
369.055	82.087	119.258
369.039	82.109	119.298
369.007	81.975	119.278
369.042	81.989	119.355
369.077	81.947	119.400
369.127	81.921	119.454
369.185	81.929	119.522
369.196	81.781	119.488
369.247	81.789	119.531
369.269	81.684	119.494
369.282	81.543	119.428
369.267	81.445	119.380
369.245	81.292	119.322
369.214	81.052	119.238
369.201	80.896	119.246
369.189	80.859	119.424
369.200	80.807	119.710
369.268	80.918	120.063
369.299	80.764	120.020
369.352	80.866	119.963
369.372	80.959	119.947
369.392	81.039	119.945
369.376	81.014	119.804
369.357	80.999	119.613
369.322	81.154	119.509
369.279	81.214	119.340
369.218	81.359	119.227
369.179	81.674	119.236
369.149	81.910	119.236
369.118	82.009	119.229
369.070	82.048	119.242
369.031	82.058	119.278
369.012	81.965	119.263
369.058	82.072	119.385
369.081	81.999	119.415
369.115	81.931	119.435
369.173	81.931	119.500
369.217	81.896	119.532
369.230	81.764	119.495
369.253	81.696	119.478
369.278	81.635	119.447
369.262	81.505	119.392
369.236	81.280	119.300
369.226	81.140	119.254
369.205	81.008	119.254
369.167	80.807	119.295
369.185	80.847	119.563
369.193	80.849	119.901
369.283	80.831	120.040
369.352	80.916	120.019
369.350	80.912	119.922
369.363	80.989	119.932
369.368	81.003	119.841
369.375	81.037	119.706
369.346	81.112	119.558
369.318	81.269	119.450
369.253	81.360	119.287
369.180	81.496	119.194
369.137	81.799	119.206
369.153	82.159	119.299
369.106	82.155	119.270
369.049	82.090	119.264
369.024	82.078	119.302
369.023	82.003	119.311
369.062	82.021	119.412
369.108	82.005	119.464
369.159	81.966	119.509
369.183	81.880	119.526
369.233	81.841	119.551
369.259	81.750	119.530
369.289	81.651	119.495
369.286	81.526	119.434
369.252	81.311	119.327
369.257	81.300	119.356
369.233	81.039	119.264
369.204	80.920	119.331
369.176	80.803	119.492
369.194	80.787	119.840
369.270	80.812	120.047
369.338	80.841	120.025
369.358	80.888	119.937
369.353	80.937	119.921
369.396	81.086	119.919
369.362	80.980	119.724
369.349	81.087	119.578
369.313	81.223	119.466
369.261	81.350	119.330
369.192	81.487	119.223
369.161	81.742	119.211
369.141	82.017	119.248
369.092	82.009	119.202
369.062	82.088	119.251
369.016	82.062	119.262
369.017	82.023	119.291
369.044	82.013	119.340
369.098	82.015	119.420
369.134	81.985	119.469
369.190	81.937	119.491
369.207	81.854	119.493
369.251	81.860	119.519
369.277	81.783	119.503
369.293	81.701	119.469
369.263	81.479	119.372
369.246	81.297	119.302
369.210	81.129	119.260
369.219	81.087	119.320
369.166	80.836	119.350
369.171	80.810	119.599
369.185	80.789	119.919
369.289	80.814	120.043
369.349	80.882	119.997
369.398	81.065	120.021
369.368	80.971	119.935
369.402	81.079	119.873
369.400	81.076	119.695
369.365	81.173	119.570
369.302	81.188	119.373
369.245	81.351	119.253
369.178	81.536	119.195
369.145	81.808	119.201
369.112	81.990	119.217
369.104	82.168	119.288
369.051	82.128	119.297
369.019	82.030	119.285
369.045	82.062	119.357
369.096	82.083	119.457
369.127	82.003	119.472
369.165	81.936	119.505
369.214	81.928	119.553
369.221	81.764	119.513
369.278	81.855	119.585
369.280	81.653	119.482
369.277	81.504	119.407
369.235	81.299	119.319
369.243	81.223	119.310
369.200	80.959	119.231
369.204	80.928	119.366
369.179	80.797	119.555
369.203	80.798	119.904
369.305	80.852	120.063
369.353	80.864	119.986
369.389	81.019	119.973
369.380	81.016	119.943
369.355	80.926	119.799
369.365	81.020	119.680
369.340	81.092	119.546
369.309	81.221	119.422
369.245	81.330	119.273
369.177	81.495	119.195
369.154	81.831	119.233
369.107	81.908	119.178
369.116	82.136	119.287
369.050	82.067	119.265
369.021	81.991	119.266
369.032	82.028	119.332
369.088	82.060	119.427
369.114	81.954	119.425
369.154	81.900	119.459
369.209	81.920	119.532
369.205	81.742	119.472
369.260	81.754	119.499
369.275	81.602	119.432
369.263	81.463	119.368
369.243	81.340	119.313
369.235	81.179	119.259
369.215	81.055	119.245
369.189	80.938	119.281
369.162	80.790	119.429
369.205	80.868	119.805
369.237	80.824	120.012
369.339	80.899	120.037
369.365	80.968	119.982
369.361	80.989	119.947
369.367	80.968	119.867
369.372	81.014	119.762
369.368	81.120	119.629
369.327	81.180	119.476
369.284	81.349	119.363
369.211	81.447	119.231
369.158	81.661	119.197
369.139	81.969	119.237
369.088	82.025	119.209
369.046	82.056	119.237
369.010	82.034	119.257
369.003	81.990	119.277
369.031	81.998	119.342
369.085	82.017	119.427
369.128	81.983	119.487
369.192	81.956	119.534
369.216	81.868	119.529
369.252	81.789	119.531
369.261	81.661	119.476
369.281	81.560	119.441
369.245	81.349	119.340
369.237	81.216	119.285
369.220	81.079	119.257
369.210	80.963	119.275
369.202	80.877	119.415
369.175	80.771	119.633
369.199	80.741	119.945
369.304	80.775	120.028
369.345	80.835	119.964
369.377	80.989	119.976
369.357	80.917	119.893
369.384	81.010	119.823
369.379	81.051	119.666
369.340	81.165	119.540
369.291	81.224	119.367
369.223	81.350	119.231
369.158	81.543	119.181
369.128	81.884	119.221
369.136	82.114	119.271
369.059	82.073	119.234
369.022	82.043	119.244
369.024	82.084	119.299
369.030	82.060	119.346
369.071	82.036	119.410
369.118	81.997	119.454
369.178	81.989	119.518
369.196	81.890	119.510
369.230	81.827	119.526
369.260	81.768	119.516
369.267	81.614	119.437
369.262	81.433	119.360
369.256	81.368	119.342
369.222	81.111	119.238
369.195	80.982	119.238
369.196	80.902	119.328
369.175	80.806	119.529
369.174	80.744	119.842
369.274	80.823	120.060
369.358	80.884	120.030
369.344	80.850	119.921
369.384	81.015	119.967
369.370	80.961	119.851
369.376	81.013	119.718
369.381	81.211	119.645
369.326	81.205	119.447
369.267	81.335	119.308
369.190	81.481	119.213
369.164	81.808	119.238
369.128	81.985	119.229
369.099	82.076	119.244
369.071	82.164	119.304
369.034	82.094	119.298
369.034	82.073	119.338
369.054	81.971	119.358
369.109	82.004	119.442
369.155	81.997	119.508
369.197	81.931	119.525
369.233	81.897	119.557
369.247	81.750	119.503
369.281	81.718	119.501
369.290	81.593	119.445
369.271	81.453	119.384
369.238	81.245	119.299
369.232	81.069	119.267
369.198	80.901	119.267
369.204	80.891	119.460
369.195	80.814	119.753
369.241	80.807	120.012
369.330	80.818	120.045
369.376	80.952	120.002
369.363	80.912	119.931
369.379	80.980	119.912
369.365	80.964	119.771
369.361	81.041	119.620
369.338	81.228	119.541
369.281	81.275	119.364
369.222	81.408	119.239
369.145	81.613	119.185
369.114	81.826	119.170
369.111	82.060	119.239
369.080	82.164	119.283
369.022	82.040	119.250
369.021	82.079	119.313
369.029	82.002	119.339
369.072	81.973	119.386
369.134	82.004	119.484
369.175	81.927	119.507
369.205	81.863	119.511
369.228	81.766	119.501
369.272	81.732	119.502
369.288	81.646	119.477
369.261	81.427	119.371
369.252	81.296	119.322
369.226	81.095	119.255
369.195	80.894	119.213
369.190	80.831	119.341
369.178	80.776	119.569
369.202	80.811	119.930
369.306	80.843	120.082
369.354	80.855	120.016
369.377	80.943	119.962
369.337	80.860	119.884
369.377	80.989	119.853
369.377	80.995	119.682
369.364	81.140	119.584
369.331	81.291	119.464
369.258	81.391	119.304
369.192	81.553	119.228
369.128	81.759	119.178
369.136	82.067	119.264
369.095	82.123	119.258
369.032	82.072	119.251
369.036	82.120	119.308
369.028	82.056	119.331
369.061	82.013	119.379
369.109	82.005	119.430
369.151	81.963	119.482
369.185	81.894	119.490
369.224	81.856	119.514
369.250	81.815	119.518
369.248	81.588	119.405
369.289	81.613	119.437
369.252	81.397	119.341
369.223	81.195	119.267
369.203	81.010	119.228
369.197	80.940	119.289
369.154	80.758	119.401
369.218	80.902	119.815
369.228	80.780	120.009
369.328	80.822	120.043
369.352	80.872	119.960
369.383	80.986	119.979
369.389	80.997	119.923
369.386	80.990	119.787
369.377	81.091	119.646
369.341	81.211	119.526
369.303	81.335	119.379
369.235	81.439	119.253
369.163	81.617	119.188
369.132	81.898	119.210
369.117	82.065	119.237
369.064	82.062	119.240
369.034	82.084	119.284
369.024	82.069	119.314
369.040	82.043	119.361
369.082	82.018	119.411
369.128	81.989	119.467
369.183	81.978	119.527
369.214	81.880	119.517
369.257	81.880	119.549
369.260	81.682	119.469
369.267	81.596	119.435
369.286	81.561	119.427
369.237	81.275	119.292
369.231	81.145	119.279
369.197	80.935	119.234
369.192	80.891	119.373
369.150	80.716	119.535
369.187	80.777	119.918
369.309	80.853	120.084
369.357	80.876	120.023
369.383	80.990	119.995
369.368	80.969	119.943
369.373	80.990	119.843
369.370	81.003	119.682
369.348	81.106	119.553
369.311	81.198	119.406
369.253	81.350	119.280
369.194	81.553	119.225
369.150	81.810	119.210
369.115	81.944	119.189
369.093	82.092	119.251
369.052	82.120	119.283
369.022	82.046	119.276
369.037	82.050	119.339
369.092	82.125	119.451
369.112	81.974	119.431
369.155	81.940	119.475
369.206	81.944	119.536
369.235	81.875	119.533
369.246	81.741	119.491
369.295	81.757	119.511
369.284	81.571	119.427
369.250	81.378	119.332
369.238	81.193	119.272
369.226	81.119	119.295
369.191	80.883	119.274
369.183	80.843	119.477
369.203	80.836	119.807
369.259	80.821	120.040
369.332	80.833	120.032
369.383	80.957	119.999
369.405	81.067	120.009
369.351	80.905	119.858
369.391	81.013	119.769
369.375	81.115	119.638
369.317	81.160	119.475
369.276	81.313	119.341
369.210	81.400	119.213
369.141	81.647	119.184
369.127	81.929	119.213
369.107	82.071	119.240
369.035	81.979	119.206
369.033	82.119	119.303
369.000	81.988	119.269
369.056	82.054	119.373
369.079	82.004	119.412
369.129	81.960	119.450
369.179	81.949	119.510
369.206	81.833	119.497
369.237	81.823	119.523
369.280	81.790	119.532
369.278	81.608	119.437
369.261	81.459	119.373
369.237	81.281	119.307
369.224	81.104	119.254
369.207	80.970	119.265
369.188	80.849	119.364
369.169	80.746	119.580
369.204	80.800	119.944
369.289	80.761	120.034
369.373	80.922	120.024
369.357	80.892	119.937
369.372	80.934	119.931
369.383	80.988	119.836
369.399	81.086	119.710
369.367	81.176	119.582
369.295	81.165	119.364
369.249	81.346	119.259
369.171	81.530	119.201
369.145	81.791	119.192
369.154	82.141	119.297
369.085	82.071	119.236
369.082	82.225	119.350
369.012	82.021	119.264
369.035	82.061	119.352
369.071	82.042	119.404
369.105	81.978	119.437
369.161	81.949	119.487
369.216	81.960	119.537
369.242	81.899	119.546
369.264	81.787	119.516
369.261	81.609	119.426
369.258	81.470	119.376
369.238	81.316	119.307
369.233	81.208	119.289
369.211	81.037	119.250
369.195	80.905	119.293
369.192	80.873	119.510
369.212	80.826	119.809
369.255	80.782	120.024
369.341	80.846	120.055
369.352	80.876	119.961
369.394	81.031	120.001
369.381	80.956	119.889
369.389	81.002	119.766
369.375	81.111	119.635
369.344	81.235	119.511
369.282	81.310	119.335
369.226	81.483	119.258
369.151	81.659	119.189
369.126	81.911	119.206
369.122	82.136	119.273
369.051	82.063	119.238
369.029	82.103	119.296
369.032	82.084	119.325
369.046	82.021	119.361
369.093	82.034	119.422
369.134	81.980	119.455
369.178	81.939	119.492
369.215	81.846	119.492
369.250	81.841	119.529
369.277	81.743	119.501
369.286	81.617	119.436
369.281	81.517	119.408
369.242	81.276	119.303
369.211	81.022	119.208
369.202	80.920	119.228
369.198	80.869	119.363
369.184	80.810	119.593
369.218	80.849	119.963
369.299	80.789	120.058
369.351	80.837	120.002
369.379	80.946	119.978
369.385	80.995	119.974
369.381	80.985	119.849
369.386	81.030	119.695
369.363	81.163	119.586
369.313	81.257	119.431
369.252	81.381	119.292
369.187	81.528	119.208
369.134	81.767	119.185
369.144	82.107	119.271
369.058	82.013	119.192
369.045	82.131	119.276
369.020	82.070	119.280
369.030	82.070	119.333
369.068	82.075	119.401
369.107	82.038	119.444
369.132	81.919	119.449
369.217	82.035	119.566
369.236	81.952	119.564
369.251	81.791	119.505
369.272	81.678	119.455
369.281	81.570	119.419
369.251	81.410	119.347
369.236	81.206	119.277
369.207	81.025	119.242
369.200	80.917	119.304
369.181	80.830	119.464
369.206	80.809	119.788
369.288	80.883	120.071
369.337	80.825	120.059
369.376	80.899	119.981
369.357	80.881	119.928
369.376	80.934	119.901
369.404	81.036	119.805
369.392	81.127	119.673
369.332	81.167	119.505
369.287	81.296	119.354
369.214	81.355	119.204
369.148	81.585	119.168
369.122	81.849	119.189
369.117	82.079	119.248
369.058	82.065	119.247
369.017	82.045	119.253
369.012	82.055	119.300
369.028	81.996	119.334
369.099	82.095	119.450
369.131	81.990	119.457
369.163	81.955	119.501
369.205	81.878	119.508
369.241	81.829	119.520
369.258	81.728	119.479
369.260	81.575	119.403
369.258	81.436	119.342
369.247	81.310	119.306
369.238	81.173	119.279
369.221	81.029	119.278
369.197	80.913	119.366
369.183	80.819	119.580
369.180	80.736	119.875
369.285	80.767	120.035
369.350	80.842	120.013
369.363	80.908	119.957
369.392	81.015	119.989
369.400	81.054	119.900
369.417	81.096	119.748
369.375	81.174	119.598
369.320	81.206	119.420
369.248	81.284	119.251
369.195	81.520	119.216
369.149	81.784	119.214
369.141	82.068	119.271
369.092	82.073	119.250
369.037	82.031	119.241
369.037	82.111	119.322
369.034	82.057	119.342
369.073	82.042	119.402
369.105	81.970	119.432
369.157	81.935	119.473
369.211	81.924	119.529
369.249	81.890	119.550
369.242	81.718	119.481
369.264	81.626	119.448
369.283	81.547	119.408
369.252	81.340	119.322
369.237	81.186	119.272
369.219	81.068	119.260
369.188	80.891	119.271
369.166	80.808	119.454
369.197	80.785	119.772
369.228	80.746	119.996
369.333	80.859	120.052
369.371	80.922	119.977
369.389	81.004	119.986
369.372	80.952	119.885
369.391	81.018	119.784
369.382	81.111	119.637
369.331	81.207	119.501
369.273	81.261	119.327
369.219	81.436	119.241
369.158	81.630	119.188
369.136	81.956	119.243
369.124	82.103	119.259
369.075	82.153	119.285
369.038	82.102	119.288
369.024	82.070	119.307
369.054	82.067	119.373
369.118	82.124	119.472
369.112	81.932	119.437
369.172	81.905	119.483
369.235	81.943	119.551
369.240	81.813	119.517
369.268	81.720	119.488
369.272	81.581	119.427
369.270	81.445	119.362
369.231	81.267	119.302
369.255	81.183	119.306
369.218	80.991	119.268
369.199	80.904	119.385
369.158	80.716	119.540
369.195	80.782	119.924
369.287	80.784	120.054
369.363	80.911	120.037
369.379	80.952	119.987
369.383	80.966	119.956
369.386	80.994	119.860
369.416	81.107	119.744
369.363	81.155	119.592
369.315	81.204	119.413
369.267	81.400	119.305
369.198	81.604	119.253
369.153	81.820	119.220
369.131	82.043	119.252
369.096	82.112	119.259
369.046	82.113	119.274
369.040	82.120	119.310
369.006	81.992	119.292
369.064	82.037	119.384
369.098	81.981	119.422
369.147	81.914	119.445
369.204	81.959	119.525
369.241	81.911	119.551
369.279	81.886	119.560
369.268	81.692	119.466
369.267	81.558	119.411
369.258	81.435	119.364
369.217	81.153	119.250
369.213	81.026	119.239
369.204	80.924	119.308
369.173	80.790	119.439
369.206	80.830	119.798
369.232	80.774	120.017
369.322	80.789	120.030
369.361	80.887	119.976
369.376	80.955	119.972
369.374	80.929	119.892
369.409	81.028	119.803
369.371	81.034	119.613
369.357	81.280	119.562
369.284	81.264	119.338
369.228	81.460	119.269
369.152	81.557	119.156
369.145	81.937	119.231
369.106	82.014	119.217
369.075	82.140	119.285
369.036	82.119	119.306
369.039	82.109	119.338
369.047	82.038	119.365
369.083	82.005	119.405
369.133	82.011	119.477
369.191	81.965	119.504
369.218	81.916	119.530
369.243	81.858	119.533
369.260	81.738	119.484
369.257	81.557	119.404
369.254	81.452	119.363
369.227	81.233	119.271
369.216	81.124	119.251
369.206	80.963	119.241
369.176	80.830	119.327
369.203	80.882	119.607
369.212	80.822	119.921
369.305	80.833	120.070
369.323	80.777	119.980
369.366	80.890	119.945
369.361	80.911	119.925
369.395	81.021	119.877
369.421	81.126	119.759
369.359	81.141	119.587
369.314	81.189	119.410
369.249	81.310	119.270
369.190	81.509	119.216
369.165	81.835	119.237
369.124	81.990	119.227
369.120	82.195	119.305
369.065	82.155	119.307
369.030	82.101	119.315
369.030	82.066	119.337
369.061	82.017	119.388
369.111	82.006	119.445
369.152	81.954	119.481
369.209	81.946	119.535
369.230	81.882	119.540
369.255	81.755	119.503
369.282	81.727	119.505
369.276	81.572	119.430
369.248	81.372	119.337
369.240	81.241	119.300
369.218	81.054	119.256
369.188	80.900	119.274
369.182	80.867	119.477
369.210	80.834	119.796
369.227	80.740	119.993
369.327	80.826	120.049
369.374	80.931	119.997
369.361	80.943	119.962
369.372	80.950	119.902
369.391	81.018	119.799
369.357	81.018	119.604
369.331	81.151	119.485
369.282	81.235	119.326
369.219	81.402	119.226
369.157	81.622	119.189
369.141	81.909	119.222
369.104	82.019	119.223
369.084	82.130	119.289
369.027	82.043	119.267
369.030	82.103	119.336
369.039	81.986	119.333
369.085	82.004	119.408
369.112	81.908	119.433
369.183	81.950	119.511
369.235	81.985	119.570
369.257	81.888	119.556
369.281	81.806	119.535
369.270	81.573	119.408
369.253	81.418	119.336
369.231	81.268	119.292
369.225	81.127	119.257
369.228	81.070	119.296
369.196	80.914	119.386
369.181	80.808	119.589
369.214	80.845	119.950
369.318	80.886	120.086
369.372	80.918	120.019
369.388	81.010	119.994
369.396	81.028	119.971
369.370	80.962	119.826
369.396	81.066	119.710
369.371	81.208	119.606
369.328	81.291	119.450
369.269	81.408	119.313
369.190	81.563	119.236
369.140	81.776	119.193
369.151	82.132	119.296
369.083	82.056	119.232
369.049	82.096	119.270
369.035	82.127	119.332
369.020	81.993	119.310
369.073	82.034	119.398
369.097	81.965	119.432
369.162	81.943	119.482
369.193	81.903	119.513
369.236	81.841	119.520
369.251	81.761	119.509
369.261	81.604	119.435
369.276	81.515	119.393
369.254	81.384	119.349
369.259	81.290	119.335
369.216	81.006	119.235
369.209	80.962	119.317
369.172	80.800	119.459
369.197	80.801	119.795
369.264	80.842	120.051
369.323	80.782	120.005
369.370	80.942	119.987
369.365	80.932	119.942
369.399	81.046	119.941
369.398	81.073	119.812
369.394	81.174	119.677
369.332	81.181	119.488
369.278	81.255	119.315
369.216	81.435	119.233
369.167	81.711	119.226
369.141	81.938	119.223
369.117	82.050	119.224
369.054	82.073	119.250
369.046	82.113	119.309
369.027	82.045	119.306
369.038	82.015	119.355
369.105	82.082	119.457
369.148	82.008	119.483
369.190	81.965	119.516
369.225	81.895	119.524
369.250	81.837	119.536
369.265	81.711	119.477
369.281	81.583	119.419
369.265	81.450	119.368
369.224	81.202	119.263
369.223	81.078	119.238
369.202	80.960	119.253
369.181	80.826	119.358
369.182	80.780	119.599
369.213	80.805	119.954
369.331	80.894	120.097
369.357	80.874	119.988
369.363	80.916	119.953
369.395	81.039	119.975
369.376	80.976	119.825
369.402	81.126	119.726
369.336	81.108	119.537
369.301	81.217	119.395
369.258	81.418	119.308
369.160	81.489	119.175
369.144	81.810	119.205
369.113	81.989	119.213
369.061	82.000	119.203
369.056	82.157	119.310
369.019	82.092	119.317
369.021	81.993	119.312
369.076	82.046	119.403
369.119	81.987	119.447
369.162	81.951	119.481
369.194	81.886	119.501
369.219	81.772	119.479
369.266	81.776	119.513
369.274	81.644	119.452
369.260	81.484	119.383
369.232	81.317	119.312
369.224	81.109	119.227
369.221	81.050	119.263
369.208	80.983	119.360
369.170	80.783	119.472
369.200	80.825	119.833
369.289	80.860	120.063
369.339	80.834	120.029
369.369	80.918	119.975
369.358	80.923	119.932
369.424	81.138	119.973
369.375	80.959	119.732
369.363	81.095	119.610
369.309	81.128	119.439
369.269	81.274	119.312
369.200	81.436	119.222
369.147	81.637	119.163
369.147	81.980	119.240
369.104	82.101	119.254
369.054	82.103	119.264
369.010	82.018	119.255
369.021	82.056	119.318
369.052	82.047	119.373
369.089	82.006	119.424
369.131	81.937	119.448
369.195	81.975	119.532
369.206	81.847	119.503
369.245	81.809	119.527
369.267	81.703	119.477
369.268	81.545	119.404
369.267	81.441	119.361
369.243	81.287	119.309
369.227	81.093	119.251
369.209	80.956	119.269
369.196	80.864	119.403
369.199	80.828	119.672
369.229	80.804	119.977
369.325	80.848	120.072
369.373	80.904	119.994
369.363	80.909	119.938
369.375	80.971	119.929
369.363	80.938	119.790
369.374	81.068	119.679
369.332	81.145	119.547
369.307	81.300	119.423
369.232	81.354	119.251
369.159	81.547	119.186
369.154	81.924	119.259
369.119	82.013	119.229
369.088	82.096	119.266
369.045	82.097	119.289
369.038	82.114	119.335
369.035	82.031	119.348
369.092	82.049	119.425
369.112	81.941	119.435
369.181	81.978	119.520
369.208	81.896	119.517
369.244	81.851	119.543
369.248	81.684	119.476
369.277	81.632	119.456
369.262	81.450	119.366
369.246	81.286	119.304
369.238	81.183	119.281
369.227	81.070	119.288
369.211	80.962	119.359
369.174	80.789	119.507
369.218	80.871	119.896
369.278	80.812	120.049
369.343	80.841	120.022
369.378	80.950	119.976
369.382	80.997	119.965
369.382	81.000	119.886
369.386	81.038	119.757
369.360	81.135	119.610
369.320	81.207	119.456
369.261	81.293	119.289
369.207	81.526	119.250
369.171	81.791	119.230
369.138	81.976	119.230
369.109	82.106	119.255
369.079	82.150	119.300
369.019	82.019	119.254
369.035	82.042	119.322
369.061	82.012	119.374
369.107	82.002	119.438
369.146	81.956	119.473
369.199	81.932	119.518
369.225	81.866	119.530
369.266	81.849	119.551
369.282	81.736	119.506
369.298	81.612	119.450
369.264	81.449	119.370
369.248	81.278	119.313
369.226	81.071	119.255
369.215	80.973	119.295
369.176	80.826	119.406
369.183	80.787	119.700
369.229	80.802	119.994
369.311	80.804	120.047
369.352	80.858	119.964
369.374	80.967	119.966
369.396	81.046	119.960
369.365	80.957	119.788
369.375	81.060	119.655
369.329	81.106	119.499
369.285	81.229	119.361
369.233	81.420	119.260
369.159	81.596	119.191
369.155	81.984	119.266
369.131	82.082	119.252
369.093	82.140	119.282
369.041	82.117	119.292
369.010	81.999	119.270
369.046	82.058	119.367
369.075	81.988	119.395
369.131	81.965	119.449
369.168	81.921	119.485
369.233	81.969	119.561
369.242	81.851	119.533
369.250	81.702	119.471
369.273	81.595	119.427
369.277	81.482	119.387
369.250	81.360	119.343
369.229	81.126	119.251
369.224	81.032	119.274
369.177	80.841	119.313
369.188	80.840	119.568
369.214	80.842	119.906
369.282	80.774	120.036
369.341	80.822	120.004
369.368	80.922	119.958
369.384	80.988	119.956
369.399	81.063	119.911
369.379	81.005	119.724
369.347	81.085	119.576
369.314	81.218	119.449
369.254	81.298	119.274
369.186	81.457	119.202
369.147	81.772	119.215
369.131	81.984	119.235
369.104	82.111	119.261
369.042	82.029	119.237
369.014	82.023	119.272
369.039	82.057	119.340
369.059	81.988	119.374
369.095	81.950	119.415
369.163	81.978	119.493
369.209	81.945	119.528
369.224	81.844	119.522
369.259	81.756	119.500
369.266	81.653	119.451
369.262	81.499	119.377
369.240	81.345	119.316
369.233	81.187	119.263
369.234	81.103	119.274
369.206	80.980	119.302
369.181	80.842	119.456
369.191	80.791	119.763
369.260	80.839	120.038
369.343	80.844	120.040
369.409	81.053	120.038
369.387	81.037	119.995
369.385	80.998	119.915
369.389	80.989	119.781
369.377	81.067	119.624
369.339	81.207	119.527
369.282	81.279	119.350
369.209	81.327	119.191
369.158	81.614	119.182
369.134	81.874	119.198
369.120	82.075	119.261
369.076	82.109	119.280
369.037	82.085	119.289
369.007	81.980	119.276
369.060	82.058	119.380
369.103	82.026	119.428
369.128	81.944	119.459
369.188	81.933	119.515
369.224	81.890	119.535
369.241	81.762	119.503
369.269	81.688	119.478
369.288	81.620	119.456
369.258	81.390	119.343
369.247	81.286	119.307
369.237	81.171	119.295
369.217	80.983	119.262
369.188	80.862	119.365
369.227	80.929	119.664
369.211	80.831	119.955
369.304	80.814	120.049
369.369	80.921	120.013
369.393	81.026	119.992
369.374	80.994	119.946
369.382	81.028	119.844
369.373	81.019	119.667
369.344	81.131	119.551
369.298	81.201	119.393
369.242	81.359	119.272
369.190	81.576	119.230
369.127	81.774	119.183
369.129	82.026	119.238
369.099	82.146	119.278
369.062	82.177	119.314
369.046	82.178	119.360
369.043	82.078	119.357
369.092	82.090	119.446
369.109	81.933	119.412
369.171	81.960	119.492
369.227	81.978	119.563
369.252	81.902	119.571
369.270	81.792	119.535
369.289	81.681	119.493
369.275	81.506	119.401
369.250	81.305	119.319
369.245	81.227	119.310
369.239	81.048	119.272
369.191	80.866	119.280
369.189	80.848	119.496
369.199	80.794	119.814
369.249	80.754	120.018
369.361	80.912	120.085
369.384	80.938	119.990
369.362	80.923	119.947
369.391	80.998	119.919
369.402	81.072	119.812
369.357	81.041	119.593
369.341	81.240	119.505
369.265	81.274	119.303
369.222	81.506	119.262
369.145	81.663	119.190
369.140	81.980	119.234
369.103	82.067	119.234
369.072	82.158	119.282
369.008	82.003	119.237
369.016	82.036	119.284
369.062	82.122	119.390
369.080	81.972	119.385
369.133	82.001	119.462
369.170	81.909	119.464
369.225	81.923	119.528
369.245	81.855	119.525
369.262	81.722	119.472
369.273	81.608	119.418
369.263	81.472	119.370
369.234	81.272	119.282
369.222	81.134	119.265
369.208	80.992	119.260
369.183	80.853	119.340
369.180	80.783	119.566
369.186	80.756	119.892
369.303	80.822	120.066
369.392	80.952	120.071
369.414	81.043	120.035
369.372	80.922	119.945
369.399	81.024	119.887
369.403	81.074	119.743
369.374	81.185	119.609
369.330	81.241	119.439
369.258	81.346	119.286
369.180	81.461	119.178
369.144	81.750	119.185
369.119	81.995	119.226
369.111	82.159	119.284
369.059	82.109	119.279
369.033	82.100	119.319
369.022	82.024	119.316
369.067	82.035	119.399
369.119	82.016	119.450
369.152	81.953	119.483
369.201	81.902	119.510
369.229	81.871	119.535
369.271	81.851	119.550
369.273	81.653	119.464
369.276	81.538	119.404
369.254	81.376	119.338
369.234	81.189	119.267
369.211	81.023	119.238
369.223	80.984	119.340
369.169	80.786	119.459
369.216	80.847	119.835
369.265	80.813	120.038
369.345	80.881	120.056
369.387	80.986	120.002
369.373	80.958	119.946
369.380	80.980	119.893
369.368	80.968	119.747
369.370	81.096	119.633
369.338	81.217	119.503
369.272	81.288	119.338
369.196	81.369	119.196
369.145	81.663	119.198
369.139	81.942	119.230
369.105	82.053	119.245
369.069	82.126	119.289
369.019	82.007	119.254
369.017	82.020	119.307
369.057	82.036	119.375
369.093	81.989	119.417
369.135	81.963	119.472
369.191	81.948	119.520
369.229	81.899	119.537
369.240	81.741	119.488
369.287	81.735	119.498
369.264	81.557	119.425
369.265	81.434	119.367
369.261	81.349	119.352
369.256	81.207	119.310
369.223	81.018	119.292
369.180	80.829	119.360
369.167	80.740	119.580
369.193	80.751	119.914
369.325	80.870	120.078
369.375	80.910	120.019
369.381	80.967	119.976
369.379	81.009	119.963
369.375	80.995	119.836
369.393	81.081	119.705
369.364	81.191	119.583
369.303	81.219	119.389
369.231	81.346	119.259
369.169	81.505	119.187
369.136	81.747	119.169
369.148	82.118	119.289
369.084	82.099	119.249
369.065	82.146	119.304
369.025	82.066	119.294
369.049	82.096	119.379
369.082	82.070	119.418
369.123	81.992	119.447
369.174	81.972	119.503
369.206	81.931	119.537
369.244	81.896	119.558
369.249	81.710	119.486
369.285	81.654	119.472
369.291	81.547	119.426
369.248	81.330	119.325
369.248	81.201	119.286
369.231	81.029	119.258
369.207	80.908	119.318
369.186	80.810	119.478
369.190	80.760	119.795
369.249	80.753	120.021
369.347	80.830	120.055
369.394	80.972	120.017
369.373	80.962	119.963
369.404	81.079	119.949
369.381	80.994	119.761
369.371	81.111	119.629
369.340	81.299	119.552
369.264	81.273	119.319
369.208	81.434	119.219
369.144	81.623	119.164
369.142	81.965	119.228
369.124	82.137	119.274
369.075	82.132	119.273
369.026	82.031	119.251
369.031	82.062	119.313
369.049	82.045	119.370
369.082	81.961	119.392
369.126	81.946	119.436
369.186	81.940	119.499
369.223	81.879	119.510
369.263	81.905	119.554
369.262	81.717	119.480
369.268	81.559	119.404
369.255	81.415	119.342
369.232	81.239	119.275
369.229	81.129	119.267
369.217	81.017	119.283
369.176	80.801	119.337
369.195	80.823	119.620
369.203	80.794	119.932
369.307	80.822	120.064
369.364	80.885	120.012
369.364	80.927	119.961
369.381	80.996	119.969
369.371	80.963	119.830
369.375	81.012	119.672
369.359	81.153	119.572
369.312	81.244	119.426
369.237	81.316	119.259
369.169	81.479	119.176
369.133	81.776	119.198
369.122	82.035	119.253
369.094	82.134	119.282
369.047	82.067	119.259
369.035	82.087	119.318
369.027	81.988	119.319
369.084	82.036	119.410
369.127	82.008	119.464
369.162	81.932	119.485
369.209	81.923	119.537
369.241	81.833	119.530
369.268	81.770	119.520
369.271	81.613	119.439
369.290	81.531	119.410
369.248	81.320	119.313
369.229	81.145	119.261
369.231	81.065	119.282
369.202	80.916	119.327
369.209	80.876	119.526
369.230	80.899	119.887
369.277	80.825	120.055
369.332	80.823	120.021
369.389	80.955	119.992
369.384	81.024	119.985
369.377	80.997	119.895
369.386	81.016	119.756
369.359	81.103	119.616
369.325	81.273	119.510
369.274	81.331	119.333
369.213	81.518	119.259
369.145	81.679	119.186
369.139	81.935	119.217
369.120	82.115	119.269
369.070	82.120	119.286
369.038	82.092	119.307
369.024	82.024	119.308
369.050	81.964	119.344
369.104	81.991	119.429
369.147	81.933	119.461
369.188	81.913	119.502
369.237	81.902	119.545
369.258	81.819	119.531
369.292	81.760	119.517
369.287	81.575	119.430
369.272	81.449	119.379
369.243	81.265	119.306
369.233	81.119	119.269
369.193	80.862	119.216
369.187	80.834	119.393
369.193	80.768	119.653
369.225	80.828	119.982
369.314	80.823	120.063
369.389	80.967	120.029
369.396	81.042	120.005
369.371	80.973	119.926
369.384	81.009	119.823
369.393	81.095	119.691
369.338	81.147	119.534
369.304	81.253	119.395
369.234	81.362	119.252
369.168	81.551	119.187
369.134	81.826	119.197
369.107	81.969	119.197
369.086	82.108	119.262
369.046	82.093	119.275
369.039	82.100	119.327
369.024	81.984	119.318
369.082	82.006	119.401
369.121	81.952	119.436
369.165	81.913	119.482
369.192	81.874	119.514
369.247	81.839	119.529
369.277	81.792	119.524
369.279	81.647	119.461
369.262	81.453	119.379
369.259	81.354	119.343
369.245	81.221	119.307
369.219	81.023	119.270
369.201	80.925	119.354
369.185	80.814	119.539
369.186	80.755	119.848
369.268	80.773	120.030
369.345	80.836	120.020
369.360	80.875	119.932
369.358	80.930	119.931
369.389	81.028	119.899
369.382	81.001	119.734
369.374	81.178	119.636
369.327	81.260	119.488
369.265	81.351	119.323
369.186	81.438	119.194
369.141	81.714	119.185
369.139	82.043	119.263
369.083	82.011	119.214
369.059	82.103	119.275
369.032	82.073	119.287
369.040	82.076	119.336
369.059	82.002	119.379
369.081	81.916	119.390
369.155	81.985	119.496
369.202	81.958	119.531
369.231	81.876	119.526
369.259	81.799	119.530
369.267	81.660	119.459
369.280	81.558	119.418
369.260	81.397	119.350
369.249	81.269	119.302
369.204	81.000	119.214
369.207	80.949	119.277
369.209	80.896	119.454
369.214	80.877	119.752
369.229	80.786	119.995
369.343	80.895	120.085
369.398	81.008	120.036
369.376	80.994	119.979
369.370	80.991	119.921
369.369	80.987	119.794
369.363	81.051	119.637
369.325	81.160	119.516
369.283	81.240	119.364
369.233	81.464	119.281
369.154	81.576	119.181
369.122	81.823	119.181
369.151	82.185	119.317
369.076	82.106	119.267
369.022	82.022	119.245
369.020	82.008	119.285
369.059	82.065	119.371
369.085	82.019	119.411
369.130	81.983	119.460
369.182	81.948	119.501
369.215	81.899	119.525
369.242	81.817	119.525
369.270	81.764	119.515
369.286	81.653	119.467
369.262	81.442	119.373
369.243	81.245	119.286
369.240	81.174	119.291
369.218	81.006	119.268
369.196	80.880	119.341
369.194	80.837	119.567
369.186	80.747	119.865
369.275	80.788	120.049
369.331	80.804	120.000
369.373	80.944	119.976
369.364	80.951	119.940
369.389	81.029	119.892
369.371	80.991	119.711
369.370	81.172	119.618
369.296	81.125	119.397
369.253	81.309	119.289
369.184	81.456	119.197
369.140	81.724	119.178
369.145	82.048	119.254
369.098	82.053	119.213
369.049	82.076	119.256
369.034	82.077	119.287
369.040	82.097	119.354
369.062	82.043	119.380
369.114	82.023	119.442
369.145	81.936	119.457
369.213	81.991	119.541
369.235	81.925	119.557
369.241	81.739	119.488
369.288	81.729	119.506
369.262	81.505	119.391
369.248	81.359	119.324
369.243	81.247	119.304
369.211	81.023	119.231
369.215	80.969	119.309
369.196	80.871	119.453
369.195	80.770	119.709
369.249	80.817	120.026
369.333	80.832	120.071
369.365	80.886	119.994
369.386	81.001	119.995
369.363	80.918	119.899
369.378	80.992	119.805
369.391	81.123	119.701
369.345	81.201	119.551
369.293	81.231	119.358
369.225	81.337	119.224
369.163	81.566	119.182
369.153	81.959	119.258
369.122	82.031	119.229
369.083	82.115	119.262
369.055	82.133	119.298
369.023	82.040	119.294
369.032	81.981	119.311
369.091	82.051	119.428
369.112	81.935	119.427
369.198	82.016	119.529
369.205	81.905	119.521
369.237	81.843	119.528
369.257	81.705	119.480
369.290	81.693	119.491
369.280	81.500	119.391
369.248	81.329	119.321
369.238	81.161	119.278
369.195	80.919	119.208
369.183	80.842	119.312
369.177	80.796	119.531
369.195	80.780	119.874
369.272	80.762	120.040
369.353	80.849	120.036
369.369	80.874	119.948
369.350	80.875	119.912
369.385	81.001	119.892
369.373	80.967	119.723
369.350	81.053	119.568
369.303	81.125	119.417
369.255	81.303	119.298
369.192	81.471	119.218
369.149	81.725	119.200
369.129	81.972	119.223
369.106	82.123	119.267
369.059	82.085	119.271
369.027	82.061	119.281
369.036	82.111	119.353
369.059	82.034	119.388
369.111	82.029	119.439
369.140	81.936	119.454
369.191	81.915	119.496
369.239	81.936	119.560
369.247	81.778	119.499
369.266	81.654	119.445
369.273	81.548	119.395
369.259	81.400	119.342
369.267	81.363	119.352
369.227	81.076	119.245
369.211	80.996	119.304
369.160	80.741	119.357
369.184	80.787	119.674
369.222	80.782	119.977
369.331	80.834	120.066
369.376	80.931	120.013
369.368	80.922	119.950
369.375	80.969	119.925
369.394	81.055	119.846
369.367	81.040	119.658
369.331	81.150	119.528
369.283	81.214	119.366
369.226	81.370	119.255
369.152	81.546	119.189
369.138	81.863	119.219
369.131	82.105	119.275
369.079	82.110	119.268
369.030	82.036	119.253
369.033	82.099	119.322
369.038	82.032	119.345
369.079	82.004	119.397
369.126	81.995	119.460
369.167	81.938	119.494
369.208	81.891	119.518
369.250	81.907	119.565
369.264	81.717	119.489
369.272	81.619	119.452
369.270	81.471	119.378
369.256	81.305	119.318
369.243	81.229	119.318
369.208	80.958	119.235
369.197	80.856	119.311
369.175	80.794	119.521
369.230	80.881	119.919
369.275	80.790	120.063
369.329	80.776	120.000
369.360	80.888	119.958
369.343	80.885	119.916
369.403	81.071	119.935
369.380	81.029	119.760
369.351	81.082	119.593
369.319	81.188	119.447
369.268	81.329	119.317
369.191	81.433	119.201
369.148	81.707	119.189
369.150	82.040	119.262
369.106	82.101	119.259
369.060	82.114	119.272
369.002	81.973	119.230
369.020	82.004	119.297
369.055	82.017	119.362
369.096	81.988	119.415
369.145	81.974	119.463
369.202	81.970	119.521
369.228	81.909	119.528
369.238	81.760	119.478
369.280	81.724	119.485
369.283	81.587	119.422
369.258	81.414	119.348
369.244	81.277	119.301
369.235	81.143	119.281
369.202	80.947	119.267
369.194	80.851	119.392
369.180	80.763	119.626
369.248	80.880	120.010
369.298	80.785	120.048
369.370	80.878	119.996
369.392	80.999	119.997
369.370	80.962	119.939
369.387	81.024	119.852
369.400	81.084	119.697
369.349	81.144	119.546
369.298	81.234	119.396
369.229	81.299	119.228
369.168	81.551	119.202
369.134	81.796	119.196
369.129	82.031	119.234
369.097	82.117	119.271
369.051	82.087	119.274
369.039	82.055	119.303
369.019	81.959	119.307
369.072	81.960	119.381
369.121	81.965	119.444
369.159	81.900	119.468
369.212	81.911	119.532
369.247	81.846	119.538
369.272	81.800	119.541
369.280	81.638	119.460
369.250	81.414	119.346
369.238	81.288	119.303
369.229	81.134	119.260
369.222	81.044	119.271
369.199	80.909	119.335
369.186	80.825	119.540
369.199	80.805	119.868
369.252	80.739	120.020
369.342	80.824	120.013
369.375	80.933	119.962
369.380	81.007	119.970
369.355	80.907	119.840
369.377	80.992	119.723
369.359	81.129	119.611
369.330	81.268	119.491
369.246	81.264	119.277
369.192	81.408	119.189
369.141	81.659	119.172
369.140	82.014	119.256
369.103	82.035	119.227
369.071	82.158	119.314
369.035	82.081	119.308
369.021	82.004	119.305
369.055	82.000	119.367
369.110	82.018	119.447
369.142	81.920	119.450
369.200	81.936	119.516
369.231	81.846	119.511
369.251	81.785	119.510
369.258	81.637	119.450
369.283	81.569	119.424
369.277	81.460	119.378
369.241	81.278	119.312
369.215	81.072	119.250
369.198	80.928	119.263
369.169	80.786	119.377
369.183	80.753	119.660
369.213	80.784	119.973
369.331	80.866	120.074
369.363	80.883	119.975
369.362	80.899	119.933
369.363	80.948	119.918
369.384	81.022	119.820
369.375	81.032	119.643
369.349	81.194	119.554
369.286	81.208	119.359
369.237	81.409	119.272
369.156	81.576	119.203
369.141	81.875	119.224
369.137	82.123	119.281
369.104	82.178	119.290
369.049	82.139	119.299
369.013	82.019	119.279
369.040	82.060	119.360
369.098	82.072	119.440
369.130	81.974	119.450
369.166	81.948	119.501
369.203	81.872	119.508
369.235	81.828	119.530
369.248	81.663	119.468
369.283	81.658	119.480
369.264	81.448	119.374
369.248	81.313	119.332
369.232	81.165	119.280
369.222	81.031	119.275
369.188	80.852	119.313
369.183	80.768	119.505
369.205	80.787	119.860
369.259	80.729	120.028
369.361	80.886	120.054
369.376	80.931	119.979
369.360	80.956	119.949
369.373	80.958	119.867
369.394	81.059	119.771
369.369	81.153	119.625
369.318	81.180	119.445
369.270	81.395	119.349
369.196	81.462	119.214
369.134	81.655	119.164
369.137	82.023	119.258
369.097	82.061	119.239
369.057	82.087	119.262
369.028	82.092	119.295
369.026	82.037	119.308
369.061	82.037	119.371
369.091	81.964	119.398
369.137	81.959	119.461
369.200	81.950	119.506
369.222	81.867	119.514
369.238	81.742	119.472
369.273	81.724	119.483
369.295	81.655	119.451
369.260	81.440	119.363
369.259	81.351	119.345
369.229	81.096	119.263
369.190	80.882	119.228
369.183	80.823	119.372
369.173	80.748	119.604
369.202	80.779	119.945
369.313	80.828	120.076
369.386	80.946	120.051
369.394	80.995	120.005
369.368	80.943	119.936
369.381	80.965	119.831
369.386	81.076	119.707
369.348	81.116	119.539
369.323	81.338	119.462
369.248	81.369	119.279
369.175	81.537	119.204
369.133	81.752	119.177
369.119	81.958	119.203
369.089	82.113	119.265
369.064	82.157	119.314
369.042	82.131	119.335
369.031	81.969	119.310
369.080	82.001	119.404
369.123	82.002	119.457
369.164	81.948	119.493
369.213	81.932	119.534
369.239	81.843	119.529
369.266	81.763	119.510
369.276	81.685	119.491
369.275	81.502	119.398
369.233	81.275	119.292
369.247	81.253	119.321
369.225	81.041	119.259
369.207	80.901	119.318
369.187	80.819	119.516
369.214	80.812	119.858
369.265	80.764	120.029
369.346	80.856	120.038
369.365	80.886	119.956
369.363	80.929	119.944
369.365	80.933	119.868
369.375	81.023	119.763
369.371	81.120	119.628
369.310	81.154	119.449
369.252	81.260	119.295
369.205	81.447	119.228
369.141	81.631	119.161
369.127	81.941	119.217
369.097	82.077	119.243
369.052	82.079	119.259
369.027	82.039	119.263
369.028	82.045	119.308
369.057	82.035	119.371
369.111	82.041	119.441
369.145	82.011	119.494
369.194	81.979	119.525
369.227	81.898	119.535
369.232	81.732	119.481
369.277	81.709	119.490
369.273	81.528	119.400
369.252	81.376	119.334
369.247	81.253	119.288
369.230	81.077	119.247
369.210	80.947	119.255
369.190	80.840	119.372
369.196	80.799	119.622
369.198	80.767	119.935
369.283	80.748	120.048
369.370	80.871	120.008
369.365	80.913	119.960
369.378	80.978	119.958
369.394	81.037	119.871
369.368	80.988	119.670
369.357	81.177	119.588
369.302	81.243	119.423
369.244	81.387	119.295
369.167	81.481	119.178
369.133	81.751	119.179
369.115	81.968	119.210
369.103	82.160	119.286
369.058	82.146	119.293
369.041	82.135	119.324
369.039	82.052	119.333
369.065	82.019	119.387
369.101	81.969	119.420
369.144	81.924	119.457
369.203	81.924	119.514
369.235	81.860	119.524
369.265	81.798	119.527
369.257	81.609	119.439
369.278	81.557	119.425
369.249	81.345	119.335
369.241	81.220	119.300
369.224	81.033	119.255
369.186	80.804	119.231
369.189	80.843	119.473
369.197	80.783	119.770
369.242	80.772	120.017
369.330	80.786	120.066
369.364	80.870	120.001
369.368	80.926	119.957
369.363	80.923	119.904
369.399	81.077	119.854
369.375	81.068	119.653
369.332	81.156	119.511
369.285	81.287	119.374
369.221	81.429	119.257
369.166	81.624	119.198
369.131	81.891	119.208
369.136	82.142	119.278
369.053	82.069	119.239
369.045	82.109	119.283
369.004	81.985	119.254
369.052	82.066	119.360
369.088	82.032	119.408
369.123	81.946	119.417
369.173	81.951	119.479
369.209	81.928	119.513
369.230	81.811	119.488
369.266	81.769	119.492
369.268	81.622	119.424
369.270	81.546	119.405
369.247	81.373	119.332
369.222	81.135	119.254
369.218	81.044	119.272
369.183	80.842	119.296
369.183	80.845	119.538
369.197	80.790	119.847
369.273	80.818	120.060
369.331	80.820	120.037
369.363	80.896	119.977
369.376	80.975	119.987
369.389	81.008	119.920
369.372	80.978	119.738
369.387	81.168	119.646
369.332	81.254	119.490
369.248	81.242	119.277
369.186	81.390	119.183
369.131	81.605	119.152
369.119	81.931	119.212
369.103	82.064	119.241
369.072	82.116	119.284
369.049	82.113	119.314
369.040	82.067	119.340
369.060	82.025	119.369
369.113	82.042	119.448
369.130	81.898	119.438
369.195	81.943	119.518
369.231	81.907	119.538
369.251	81.800	119.511
369.281	81.755	119.499
369.278	81.576	119.418
369.274	81.463	119.377
369.242	81.294	119.312
369.223	81.111	119.266
369.208	80.974	119.285
369.186	80.859	119.413
369.183	80.754	119.643
369.184	80.666	119.914
369.323	80.800	120.049
369.362	80.864	119.991
369.369	80.929	119.967
369.403	81.098	120.001
369.372	80.991	119.817
369.364	81.036	119.661
369.334	81.143	119.536
369.291	81.228	119.390
369.226	81.339	119.249
369.166	81.526	119.190
369.138	81.787	119.184
369.133	82.052	119.254
369.091	82.110	119.271
369.048	82.088	119.271
369.036	82.071	119.299
369.028	82.005	119.315
369.076	82.025	119.395
369.129	81.996	119.445
369.168	81.970	119.502
369.226	81.986	119.560
369.240	81.890	119.548
369.269	81.797	119.520
369.264	81.630	119.454
369.272	81.504	119.391
369.254	81.395	119.361
369.241	81.262	119.323
369.213	80.995	119.236
369.214	80.896	119.292
369.191	80.840	119.483
369.195	80.795	119.786
369.238	80.751	120.022
369.338	80.797	120.066
369.390	80.938	120.021
369.372	80.916	119.963
369.392	81.011	119.948
369.392	81.017	119.806
369.398	81.186	119.701
369.337	81.207	119.527
369.278	81.277	119.352
369.218	81.405	119.232
369.151	81.572	119.161
369.144	81.993	119.267
369.116	82.078	119.241
369.098	82.172	119.297
369.043	82.109	119.297
369.027	82.075	119.315
369.074	82.145	119.403
369.076	81.976	119.382
369.134	81.995	119.456
369.177	81.942	119.483
369.214	81.904	119.507
369.245	81.864	119.526
369.273	81.797	119.518
369.259	81.627	119.426
369.274	81.513	119.385
369.231	81.268	119.278
369.246	81.235	119.311
369.214	81.011	119.275
369.182	80.841	119.332
369.192	80.838	119.589
369.200	80.801	119.907
369.294	80.816	120.065
369.377	80.921	120.067
369.359	80.906	119.971
369.347	80.877	119.924
369.368	80.959	119.860
369.383	81.038	119.734
369.346	81.086	119.577
369.294	81.138	119.409
369.258	81.330	119.304
369.182	81.430	119.195
369.141	81.716	119.183
369.132	82.027	119.252
369.094	82.071	119.244
369.046	82.065	119.253
369.052	82.146	119.328
369.030	82.041	119.318
369.073	82.031	119.390
369.089	81.953	119.407
369.154	81.942	119.466
369.179	81.851	119.462
369.243	81.931	119.558
369.241	81.748	119.485
369.273	81.689	119.462
369.275	81.546	119.405
369.259	81.431	119.367
369.257	81.298	119.326
369.251	81.211	119.329
369.228	81.029	119.327
369.188	80.825	119.407
369.208	80.823	119.723
369.224	80.786	119.997
369.318	80.810	120.066
369.374	80.893	120.003
369.359	80.886	119.942
369.356	80.901	119.896
369.368	80.953	119.797
369.382	81.090	119.683
369.355	81.178	119.552
369.296	81.295	119.411
369.220	81.378	119.259
369.153	81.536	119.179
369.123	81.831	119.203
369.115	82.062	119.251
369.101	82.211	119.318
369.039	82.061	119.267
369.010	81.996	119.270
369.041	82.016	119.337
369.099	82.061	119.431
369.128	81.999	119.474
369.176	81.955	119.509
369.189	81.834	119.493
369.237	81.782	119.507
369.268	81.729	119.502
369.279	81.663	119.475
369.280	81.520	119.412
369.245	81.285	119.307
369.229	81.134	119.268
369.208	80.944	119.227
369.202	80.925	119.347
369.189	80.808	119.537
369.221	80.836	119.900
369.272	80.763	120.042
369.330	80.788	120.010
369.352	80.841	119.935
369.372	80.950	119.963
369.355	80.902	119.854
369.379	80.996	119.747
369.370	81.142	119.626
369.327	81.257	119.496
369.272	81.351	119.332
369.195	81.432	119.203
369.147	81.707	119.196
369.141	82.039	119.275
369.086	82.020	119.218
369.066	82.096	119.279
369.046	82.129	119.325
369.018	82.003	119.305
369.073	82.053	119.400
369.112	82.022	119.444
369.135	81.914	119.449
369.181	81.893	119.488
369.210	81.814	119.491
369.257	81.799	119.509
369.263	81.633	119.433
369.284	81.604	119.434
369.262	81.476	119.380
369.229	81.234	119.279
369.229	81.141	119.275
369.196	80.927	119.259
369.167	80.796	119.376
369.199	80.820	119.684
369.205	80.768	119.965
369.362	80.974	120.130
369.349	80.868	119.975
369.382	80.989	119.985
369.348	80.906	119.904
369.400	81.062	119.850
369.378	81.083	119.679
369.340	81.158	119.545
369.290	81.251	119.393
369.243	81.400	119.282
369.167	81.557	119.203
369.142	81.879	119.245
369.107	81.999	119.225
369.081	82.080	119.257
369.041	82.076	119.281
369.013	81.983	119.272
369.036	81.984	119.336
369.078	82.000	119.413
369.123	81.949	119.446
369.166	81.912	119.487
369.201	81.845	119.498
369.231	81.819	119.529
369.251	81.695	119.487
369.284	81.634	119.461
369.269	81.483	119.394
369.236	81.239	119.279
369.233	81.181	119.287
369.232	81.058	119.291
369.203	80.894	119.343
369.175	80.775	119.529
369.224	80.874	119.927
369.282	80.802	120.054
369.346	80.826	120.003
369.373	80.961	119.981
369.361	80.956	119.944
369.377	81.011	119.874
369.363	80.998	119.713
369.336	81.046	119.551
369.321	81.274	119.487
369.252	81.353	119.319
369.190	81.513	119.239
369.135	81.677	119.162
369.144	82.047	119.267
369.084	82.000	119.203
369.063	82.133	119.299
369.027	82.051	119.282
369.035	82.044	119.336
369.067	82.038	119.394
369.110	82.007	119.446
369.173	82.010	119.514
369.187	81.845	119.479
369.221	81.798	119.503
369.262	81.765	119.512
369.283	81.692	119.492
369.293	81.568	119.435
369.260	81.347	119.335
369.236	81.190	119.277
369.211	80.993	119.230
369.208	80.918	119.277
369.206	80.882	119.461
369.224	80.868	119.764
369.243	80.795	120.011
369.322	80.805	120.046
369.385	80.960	120.025
369.360	80.927	119.949
369.386	81.048	119.964
369.382	81.042	119.826
369.339	80.997	119.616
369.309	81.100	119.492
369.276	81.248	119.361
369.224	81.431	119.265
369.148	81.541	119.159
369.121	81.882	119.215
369.142	82.149	119.291
369.084	82.136	119.282
369.019	81.980	119.216
369.012	81.992	119.276
369.041	82.011	119.343
369.106	82.093	119.443
369.135	81.988	119.463
369.179	81.926	119.491
369.216	81.912	119.528
369.242	81.833	119.530
369.276	81.786	119.525
369.270	81.583	119.424
369.276	81.501	119.399
369.241	81.288	119.308
369.238	81.172	119.285
369.210	80.961	119.240
369.184	80.836	119.315
369.181	80.783	119.539
369.200	80.788	119.886
369.267	80.735	120.022
369.366	80.889	120.055
369.356	80.887	119.944
369.354	80.939	119.942
369.354	80.922	119.842
369.407	81.147	119.805
369.354	81.092	119.589
369.317	81.232	119.465
369.251	81.290	119.288
369.176	81.455	119.201
369.144	81.735	119.208
369.128	81.961	119.225
369.114	82.140	119.278
369.071	82.128	119.287
369.022	82.023	119.263
369.029	82.026	119.315
369.053	81.987	119.361
369.101	81.986	119.430
369.150	81.951	119.470
369.196	81.934	119.525
369.228	81.863	119.532
369.242	81.723	119.480
369.280	81.706	119.499
369.278	81.529	119.404
369.268	81.431	119.374
369.266	81.373	119.374
369.221	81.078	119.270
369.197	80.901	119.268
369.188	80.850	119.443
369.182	80.742	119.704
369.249	80.814	120.023
369.350	80.838	120.074
369.359	80.866	119.974
369.378	80.979	119.985
369.361	80.926	119.899
369.361	80.935	119.773
369.379	81.130	119.690
369.319	81.157	119.525
369.276	81.269	119.384
369.215	81.352	119.227
369.150	81.552	119.175
369.138	81.894	119.225
369.117	82.034	119.240
369.074	82.078	119.248
369.034	82.031	119.251
369.001	81.989	119.268
369.041	82.042	119.364
369.109	82.120	119.467
369.129	82.004	119.475
369.183	81.975	119.519
369.206	81.907	119.530
369.235	81.809	119.512
369.257	81.681	119.472
369.286	81.643	119.472
369.280	81.512	119.408
369.240	81.315	119.324
369.244	81.202	119.304
369.214	80.990	119.252
369.183	80.819	119.308
369.213	80.875	119.590
369.202	80.794	119.897
369.303	80.858	120.085
369.336	80.798	120.000
369.361	80.883	119.948
369.359	80.928	119.933
369.373	80.961	119.861
369.374	80.981	119.718
369.353	81.103	119.585
369.311	81.198	119.446
369.256	81.360	119.325
369.195	81.524	119.240
369.140	81.722	119.190
369.127	81.995	119.240
369.109	82.099	119.268
369.064	82.117	119.295
369.018	82.032	119.284
369.035	82.045	119.336
369.073	82.034	119.401
369.115	81.993	119.443
369.161	81.944	119.484
369.219	81.972	119.553
369.225	81.854	119.532
369.262	81.798	119.529
369.279	81.687	119.490
369.288	81.575	119.438
369.262	81.380	119.347
369.235	81.173	119.266
369.236	81.054	119.255
369.213	80.928	119.289
369.205	80.886	119.469
369.194	80.775	119.740
369.254	80.834	120.036
369.337	80.840	120.063
369.387	80.963	120.013
369.355	80.911	119.946
369.374	80.960	119.913
369.371	80.970	119.778
369.363	81.047	119.634
369.321	81.109	119.478
369.275	81.268	119.366
369.225	81.432	119.262
369.160	81.569	119.174
369.131	81.852	119.197
369.120	82.072	119.256
369.069	82.074	119.256
369.031	82.016	119.247
369.027	82.020	119.299
369.055	82.016	119.356
369.077	81.965	119.393
369.125	81.915	119.443
369.176	81.900	119.492
369.230	81.909	119.538
369.269	81.902	119.578
369.265	81.686	119.483
369.275	81.533	119.418
369.263	81.438	119.366
369.253	81.307	119.328
369.223	81.037	119.227
369.225	81.009	119.277
369.200	80.879	119.361
369.180	80.773	119.564
369.219	80.826	119.934
369.273	80.731	120.026
369.346	80.833	120.007
369.356	80.897	119.950
369.379	80.990	119.972
369.361	80.961	119.857
369.375	80.994	119.692
369.347	81.091	119.562
369.305	81.190	119.419
369.248	81.339	119.292
369.188	81.522	119.228
369.139	81.768	119.209
369.143	82.121	119.306
369.099	82.093	119.256
369.059	82.116	119.293
369.033	82.073	119.298
369.042	82.065	119.347
369.080	82.048	119.406
369.125	82.004	119.451
369.168	81.978	119.502
369.200	81.919	119.527
369.246	81.918	119.573
369.250	81.727	119.486
369.269	81.620	119.439
369.276	81.528	119.402
369.239	81.274	119.290
369.227	81.149	119.256
369.216	81.009	119.237
369.192	80.914	119.285
369.178	80.809	119.452
369.194	80.799	119.774
369.235	80.767	120.009
369.330	80.819	120.048
369.388	80.939	120.002
369.379	80.979	119.974
369.367	80.944	119.895
369.386	81.035	119.816
369.361	81.025	119.616
369.315	81.147	119.490
369.255	81.205	119.309
369.210	81.408	119.236
369.147	81.602	119.183
369.140	81.921	119.221
369.117	82.072	119.254
369.083	82.115	119.278
369.034	82.068	119.284
369.025	82.017	119.298
369.046	81.990	119.349
369.086	81.969	119.400
369.133	81.943	119.451
369.185	81.925	119.496
369.217	81.861	119.517
369.230	81.744	119.484
369.277	81.736	119.499
369.286	81.599	119.436
369.264	81.419	119.359
369.233	81.261	119.290
369.239	81.155	119.275
369.194	80.924	119.231
369.192	80.865	119.372
369.187	80.838	119.613
369.210	80.831	119.946
369.305	80.815	120.060
369.371	80.934	120.026
369.351	80.913	119.938
369.369	80.998	119.950
369.361	80.989	119.836
369.388	81.098	119.725
369.336	81.083	119.542
369.291	81.166	119.389
369.243	81.351	119.285
369.162	81.433	119.162
369.123	81.709	119.165
369.119	82.000	119.240
369.100	82.091	119.263
369.040	82.030	119.246
369.031	82.019	119.286
369.031	81.999	119.332
369.084	82.028	119.420
369.109	81.918	119.428
369.157	81.899	119.481
369.193	81.818	119.490
369.253	81.899	119.575
369.279	81.777	119.540
369.289	81.657	119.492
369.290	81.519	119.426
369.259	81.326	119.331
369.239	81.177	119.296
369.229	81.033	119.265
369.200	80.903	119.312
369.196	80.881	119.531
369.216	80.827	119.847
369.245	80.735	120.014
369.333	80.823	120.034
369.360	80.891	119.964
369.352	80.915	119.926
369.357	80.915	119.861
369.366	80.982	119.743
369.349	81.080	119.606
369.317	81.180	119.471
369.252	81.236	119.286
369.213	81.502	119.258
369.150	81.704	119.205
369.135	81.950	119.230
369.107	82.071	119.249
369.057	82.070	119.262
369.021	81.994	119.241
369.021	82.008	119.303
369.039	81.965	119.347
369.107	81.976	119.421
369.131	81.905	119.449
369.187	81.903	119.507
369.237	81.954	119.574
369.259	81.833	119.541
369.285	81.752	119.520
369.284	81.558	119.425
369.289	81.507	119.410
369.249	81.268	119.315
369.250	81.168	119.301
369.195	80.886	119.228
369.190	80.869	119.387
369.197	80.820	119.648
369.205	80.748	119.939
369.302	80.804	120.060
369.381	80.955	120.043
369.382	80.979	119.981
369.367	80.969	119.934
369.373	80.983	119.828
369.386	81.088	119.701
369.319	81.099	119.535
369.302	81.259	119.421
369.236	81.332	119.257
369.167	81.542	119.205
369.143	81.838	119.213
369.133	82.056	119.259
369.093	82.125	119.271
369.044	82.058	119.262
369.013	81.979	119.266
369.036	81.975	119.313
369.084	81.999	119.405
369.116	81.941	119.436
369.174	81.949	119.503
369.221	81.940	119.551
369.231	81.806	119.522
369.266	81.739	119.516
369.282	81.611	119.463
369.282	81.495	119.408
369.251	81.272	119.302
369.211	81.072	119.237
369.216	80.971	119.239
369.189	80.861	119.312
369.201	80.896	119.555
369.215	80.825	119.857
369.237	80.719	120.018
369.322	80.759	120.012
369.369	80.898	119.979
369.356	80.921	119.943
369.357	80.940	119.877
369.362	80.976	119.744
369.336	80.984	119.561
369.308	81.139	119.448
369.257	81.244	119.294
369.204	81.471	119.244
369.156	81.719	119.215
369.124	81.899	119.194
369.115	82.101	119.261
369.062	82.069	119.259
369.039	82.084	119.293
369.034	82.040	119.320
369.061	82.027	119.371
369.088	81.946	119.403
369.133	81.887	119.439
369.205	81.964	119.535
369.242	81.931	119.558
369.263	81.853	119.553
369.256	81.614	119.442
369.270	81.537	119.411
369.271	81.427	119.369
369.235	81.207	119.270
369.228	81.065	119.248
369.208	80.939	119.264
369.194	80.854	119.402
369.181	80.769	119.646
369.237	80.834	119.998
369.324	80.836	120.080
369.373	80.899	120.008
369.379	80.976	119.983
369.382	81.030	119.971
369.371	80.972	119.821
369.369	81.028	119.670
369.343	81.144	119.552
369.294	81.248	119.406
369.209	81.289	119.217
369.155	81.479	119.165
369.121	81.725	119.146
369.114	81.957	119.206
369.092	82.093	119.253
369.027	82.013	119.244
369.038	82.091	119.331
369.044	82.019	119.350
369.075	81.966	119.385
369.118	81.947	119.442
369.163	81.897	119.478
369.218	81.936	119.550
369.226	81.795	119.510
369.274	81.770	119.525
369.287	81.644	119.469
369.278	81.490	119.393
369.245	81.299	119.308
369.253	81.252	119.321
369.216	81.004	119.253
369.188	80.849	119.306
369.193	80.826	119.534
369.214	80.845	119.884
369.288	80.816	120.061
369.335	80.796	120.007
369.374	80.944	119.972
369.368	80.962	119.956
369.358	80.934	119.850
369.357	80.957	119.711
369.345	81.063	119.584
369.319	81.228	119.479
369.267	81.326	119.316
369.190	81.417	119.189
369.149	81.701	119.193
369.140	82.009	119.263
369.101	82.023	119.232
369.065	82.072	119.270
369.025	82.030	119.276
369.029	82.001	119.313
369.067	82.012	119.387
369.105	81.958	119.433
369.148	81.902	119.453
369.196	81.910	119.525
369.230	81.833	119.524
369.264	81.837	119.560
369.285	81.694	119.494
369.294	81.645	119.475
369.270	81.436	119.378
369.237	81.234	119.296
369.225	81.069	119.260
369.205	80.932	119.271
369.178	80.797	119.404
369.171	80.724	119.676
369.229	80.796	119.998
369.344	80.881	120.077
369.352	80.866	119.967
369.370	80.955	119.949
369.356	80.952	119.902
369.353	80.964	119.785
369.351	81.006	119.624
369.331	81.173	119.540
369.268	81.224	119.358
369.210	81.370	119.238
369.151	81.557	119.178
369.137	81.896	119.237
369.118	82.042	119.231
369.080	82.101	119.271
369.045	82.089	119.297
369.016	81.983	119.279
369.056	82.036	119.372
369.085	81.994	119.412
369.135	81.960	119.470
369.175	81.875	119.485
369.223	81.898	119.546
369.229	81.750	119.499
369.270	81.721	119.503
369.279	81.561	119.436
369.257	81.431	119.372
369.250	81.306	119.327
369.237	81.107	119.256
369.200	80.923	119.225
369.185	80.817	119.321
369.183	80.788	119.565
369.228	80.853	119.947
369.292	80.805	120.055
369.363	80.904	120.030
369.381	80.961	119.966
369.346	80.922	119.917
369.363	80.996	119.852
369.368	81.000	119.690
369.345	81.130	119.580
369.286	81.180	119.409
369.233	81.302	119.262
369.161	81.433	119.176
369.139	81.747	119.195
369.135	82.036	119.263
369.090	82.063	119.247
369.062	82.107	119.297
369.019	82.006	119.275
369.040	82.039	119.340
369.080	82.022	119.416
369.123	81.999	119.460
369.152	81.872	119.455
369.194	81.862	119.499
369.229	81.810	119.518
369.264	81.747	119.511
369.272	81.618	119.463
369.279	81.509	119.407
369.263	81.384	119.358
369.232	81.124	119.249
369.215	81.005	119.235
369.212	80.933	119.308
369.168	80.773	119.437
369.210	80.822	119.796
369.233	80.755	120.008
369.321	80.818	120.035
369.373	80.965	120.011
369.364	80.934	119.941
369.349	80.917	119.867
369.360	80.966	119.755
369.345	81.053	119.617
369.311	81.136	119.473
369.264	81.241	119.326
369.211	81.442	119.247
369.146	81.638	119.194
369.139	81.965	119.250
369.143	82.160	119.299
369.073	82.099	119.269
369.063	82.149	119.328
369.032	82.055	119.322
369.056	82.020	119.360
369.096	81.989	119.422
369.128	81.920	119.456
369.188	81.899	119.503
369.230	81.894	119.540
369.245	81.747	119.498
369.268	81.695	119.495
369.293	81.621	119.456
369.281	81.506	119.409
369.245	81.258	119.309
369.224	81.111	119.273
369.212	80.961	119.258
369.180	80.808	119.348
369.205	80.868	119.648
369.206	80.800	119.949
369.314	80.846	120.088
369.327	80.775	119.956
369.372	80.950	119.964
369.343	80.885	119.890
369.358	80.929	119.811
369.357	80.971	119.663
369.327	81.069	119.524
369.280	81.189	119.388
369.224	81.308	119.249
369.166	81.502	119.191
369.145	81.821	119.218
369.124	81.999	119.236
369.104	82.107	119.268
369.044	82.040	119.253
369.013	81.984	119.251
369.030	81.977	119.311
369.075	82.006	119.397
369.125	81.987	119.453
369.154	81.893	119.466
369.221	81.937	119.544
369.232	81.808	119.517
369.278	81.771	119.515
369.305	81.710	119.506
369.275	81.511	119.407
369.247	81.278	119.298
369.255	81.226	119.310
369.224	81.030	119.258
369.195	80.885	119.289
369.188	80.818	119.477
369.210	80.840	119.826
369.300	80.924	120.107
369.335	80.800	120.034
369.377	80.911	119.981
369.371	80.973	119.964
369.352	80.930	119.881
369.374	80.997	119.774
369.360	81.081	119.634
369.324	81.186	119.492
369.260	81.232	119.300
369.206	81.455	119.247
369.141	81.557	119.146
369.139	82.000	119.266
369.100	82.021	119.226
369.056	82.040	119.236
369.033	82.018	119.260
369.028	82.000	119.296
369.057	82.028	119.380
369.091	81.963	119.409
369.141	81.956	119.476
369.183	81.891	119.491
369.220	81.864	119.524
369.236	81.790	119.521
369.264	81.688	119.489
369.284	81.596	119.432
369.290	81.519	119.409
369.250	81.284	119.313
369.239	81.133	119.282
369.211	80.959	119.270
369.179	80.805	119.363
369.217	80.878	119.689
369.207	80.762	119.952
369.313	80.830	120.066
369.374	80.902	120.014
369.360	80.931	119.952
369.364	80.960	119.930
369.371	80.985	119.823
369.351	80.976	119.646
369.349	81.162	119.571
369.301	81.243	119.410
369.225	81.314	119.246
369.165	81.507	119.189
369.139	81.808	119.206
369.113	81.996	119.228
369.078	82.045	119.230
369.041	82.037	119.261
369.020	81.999	119.284
369.048	82.019	119.348
369.081	81.988	119.400
369.116	81.934	119.437
369.157	81.875	119.469
369.207	81.919	119.542
369.238	81.826	119.535
369.245	81.705	119.494
369.260	81.561	119.434
369.258	81.437	119.363
369.257	81.370	119.355
369.221	81.102	119.240
369.208	80.957	119.225
369.219	80.968	119.354
369.189	80.836	119.533
369.207	80.825	119.872
369.294	80.862	120.080
369.342	80.834	120.017
369.378	80.955	119.980
369.383	81.044	120.000
369.374	80.969	119.873
369.382	81.026	119.758
369.351	81.068	119.587
369.298	81.160	119.440
369.259	81.327	119.326
369.208	81.516	119.251
369.140	81.709	119.204
369.117	81.888	119.195
369.118	82.100	119.274
369.064	82.089	119.271
369.031	82.060	119.291
369.021	82.000	119.305
369.048	81.969	119.348
369.109	81.986	119.429
369.136	81.885	119.435
369.188	81.892	119.499
369.214	81.813	119.509
369.274	81.884	119.570
369.270	81.636	119.457
369.279	81.545	119.424
369.273	81.436	119.378
369.239	81.198	119.283
369.221	81.031	119.234
369.214	80.941	119.270
369.207	80.879	119.422
369.190	80.785	119.648
369.212	80.750	119.953
369.310	80.819	120.072
369.354	80.847	119.989
369.359	80.907	119.946
369.354	80.938	119.911
369.361	80.981	119.821
369.358	80.993	119.644
369.319	81.088	119.517
369.286	81.233	119.398
369.223	81.315	119.232
369.175	81.590	119.222
369.134	81.793	119.184
369.138	82.084	119.266
369.079	82.047	119.229
369.058	82.126	119.304
369.029	82.015	119.290
369.025	81.952	119.318
369.106	82.080	119.458
369.111	81.913	119.432
369.179	81.940	119.499
369.229	81.941	119.556
369.237	81.812	119.521
369.266	81.749	119.508
369.274	81.615	119.458
369.274	81.501	119.402
369.256	81.328	119.327
369.232	81.153	119.273
369.220	80.992	119.253
369.211	80.929	119.356
369.176	80.741	119.507
369.193	80.759	119.860
369.273	80.789	120.044
369.348	80.848	120.026
369.379	80.952	119.980
369.372	80.986	119.964
369.367	80.969	119.872
369.356	80.930	119.701
369.331	81.015	119.550
369.294	81.133	119.417
369.247	81.268	119.291
369.186	81.424	119.196
369.156	81.807	119.250
369.137	81.974	119.240
369.122	82.145	119.293
369.070	82.109	119.290
369.018	81.984	119.252
369.052	82.115	119.372
369.077	82.034	119.408
369.114	81.999	119.453
369.152	81.930	119.478
369.198	81.907	119.524
369.235	81.836	119.530
369.257	81.773	119.527
369.298	81.755	119.535
369.278	81.533	119.418
369.265	81.387	119.353
369.238	81.202	119.285
369.220	81.020	119.232
369.213	80.936	119.282
369.207	80.890	119.461
369.185	80.765	119.717
369.235	80.765	119.992
369.343	80.877	120.083
369.383	80.940	119.995
369.379	80.995	119.975
369.363	80.940	119.898
369.379	81.048	119.828
369.362	81.083	119.652
369.321	81.191	119.534
369.257	81.197	119.336
369.223	81.416	119.255
369.161	81.588	119.194
369.119	81.804	119.176
369.130	82.069	119.262
369.085	82.116	119.278
369.029	82.020	119.259
369.019	81.973	119.273
369.041	81.979	119.346
369.081	81.943	119.389
369.118	81.910	119.448
369.168	81.877	119.481
369.218	81.856	119.519
369.245	81.788	119.518
369.267	81.707	119.493
369.275	81.581	119.436
369.273	81.461	119.385
369.241	81.237	119.288
369.235	81.145	119.284
369.206	80.961	119.245
369.181	80.814	119.308
369.197	80.863	119.598
369.196	80.807	119.908
369.285	80.812	120.065
369.371	80.919	120.043
369.363	80.930	119.959
369.354	80.925	119.920
369.361	80.974	119.845
369.367	81.024	119.719
369.358	81.183	119.626
369.305	81.211	119.439
369.249	81.348	119.301
369.179	81.509	119.223
369.124	81.697	119.173
369.127	81.997	119.233
369.092	82.042	119.227
369.081	82.188	119.330
369.031	82.055	119.295
369.045	82.066	119.350
369.062	81.972	119.376
369.108	81.956	119.431
369.155	81.905	119.473
369.194	81.880	119.516
369.245	81.899	119.574
369.268	81.782	119.538
369.282	81.665	119.486
369.267	81.499	119.414
369.271	81.413	119.381
369.223	81.131	119.257
369.219	80.989	119.238
369.220	80.956	119.323
369.182	80.794	119.459
369.190	80.762	119.785
369.245	80.769	120.025
369.312	80.751	120.009
369.355	80.887	119.966
369.356	80.899	119.924
369.357	80.943	119.888
369.358	80.953	119.760
369.348	81.041	119.602
369.315	81.166	119.497
369.264	81.230	119.313
369.205	81.381	119.216
369.148	81.627	119.181
369.139	81.918	119.227
369.124	82.098	119.275
369.064	82.033	119.240
369.012	81.938	119.216
369.021	81.991	119.296
369.062	82.008	119.364
369.112	82.028	119.447
369.131	81.903	119.446
369.199	81.943	119.526
369.220	81.853	119.525
369.236	81.739	119.502
369.270	81.670	119.481
369.268	81.528	119.410
369.265	81.419	119.364
369.258	81.340	119.352
369.223	81.085	119.251
369.208	80.946	119.261
369.196	80.892	119.401
369.194	80.806	119.634
369.220	80.811	119.961
369.309	80.820	120.060
369.364	80.901	120.006
369.356	80.893	119.924
369.353	80.927	119.916
369.338	80.901	119.783
369.363	81.035	119.684
369.339	81.122	119.547
369.273	81.166	119.374
369.235	81.362	119.279
369.185	81.621	119.257
369.141	81.837	119.232
369.117	82.007	119.236
369.082	82.056	119.242
369.042	82.036	119.250
369.032	82.037	119.302
369.039	81.995	119.332
369.095	82.011	119.417
369.116	81.938	119.439
369.169	81.914	119.491
369.224	81.954	119.564
369.238	81.825	119.539
369.267	81.751	119.528
369.273	81.587	119.447
369.281	81.542	119.430
369.253	81.326	119.329
369.219	81.076	119.234
369.240	81.080	119.297
369.202	80.927	119.343
369.188	80.812	119.514
369.202	80.778	119.841
369.276	80.794	120.048
369.332	80.807	120.014
369.363	80.899	119.950
369.344	80.899	119.917
369.364	80.975	119.877
369.380	81.033	119.764
369.343	81.049	119.583
369.305	81.159	119.452
369.249	81.275	119.295
369.184	81.385	119.185
369.146	81.675	119.186
369.130	81.958	119.226
369.099	82.026	119.229
369.070	82.100	119.287
369.037	82.057	119.295
369.034	82.032	119.327
369.055	81.977	119.368
369.096	81.944	119.413
369.139	81.908	119.467
369.200	81.888	119.508
369.219	81.829	119.521
369.272	81.844	119.557
369.308	81.795	119.563
369.277	81.529	119.428
369.271	81.468	119.401
369.238	81.193	119.273
369.226	81.026	119.231
369.205	80.923	119.269
369.196	80.887	119.444
369.203	80.819	119.715
369.233	80.806	119.999
369.330	80.870	120.078
369.358	80.881	119.978
369.360	80.958	119.958
369.346	80.902	119.881
369.375	81.002	119.812
369.358	81.031	119.639
369.320	81.103	119.496
369.279	81.271	119.393
369.211	81.339	119.230
369.167	81.620	119.227
369.131	81.853	119.213
369.110	82.010	119.229
369.058	81.986	119.206
369.023	81.996	119.242
369.026	82.007	119.292
369.047	82.003	119.343
369.087	81.996	119.420
369.126	81.945	119.454
369.166	81.880	119.477
369.204	81.853	119.517
369.238	81.779	119.522
369.274	81.733	119.518
369.282	81.594	119.461
369.280	81.500	119.404
369.227	81.199	119.274
369.249	81.209	119.310
369.213	80.946	119.242
369.177	80.797	119.303
369.184	80.787	119.560
369.203	80.793	119.898
369.272	80.736	120.022
369.369	80.917	120.046
369.383	80.988	119.994
369.349	80.930	119.928
369.363	80.964	119.856
369.361	80.959	119.702
369.345	81.117	119.591
369.313	81.271	119.476
369.246	81.321	119.286
369.182	81.514	119.229
369.125	81.688	119.164
369.136	81.997	119.243
369.100	82.047	119.240
369.039	81.985	119.221
369.027	82.007	119.268
369.035	82.007	119.325
369.086	82.060	119.419
369.106	81.937	119.425
369.161	81.935	119.487
369.212	81.937	119.539
369.245	81.859	119.542
369.261	81.764	119.522
369.296	81.738	119.526
369.274	81.534	119.425
369.256	81.350	119.334
369.232	81.172	119.274
369.235	81.069	119.279
369.202	80.917	119.293
369.188	80.853	119.477
369.197	80.761	119.765
369.258	80.818	120.039
369.348	80.894	120.083
369.381	80.970	120.001
369.377	81.020	119.983
369.370	80.983	119.901
369.373	81.029	119.790
369.362	81.068	119.634
369.317	81.170	119.506
369.269	81.276	119.357
369.203	81.383	119.224
369.158	81.641	119.205
369.122	81.892	119.219
369.110	82.034	119.247
369.082	82.108	119.288
369.048	82.046	119.278
369.021	81.966	119.292
369.064	82.038	119.389
369.094	81.952	119.417
369.132	81.915	119.462
369.200	81.927	119.533
369.224	81.870	119.543
369.240	81.756	119.523
369.265	81.627	119.475
369.302	81.612	119.472
369.282	81.494	119.423
369.252	81.284	119.334
369.230	81.086	119.266
369.216	80.990	119.289
369.196	80.877	119.398
369.191	80.790	119.632
369.215	80.796	119.971
369.321	80.864	120.090
369.387	80.965	120.044
369.353	80.905	119.935
369.358	80.935	119.908
369.364	81.001	119.833
369.349	80.987	119.645
369.306	81.053	119.504
369.294	81.244	119.406
369.218	81.334	119.250
369.156	81.480	119.168
369.138	81.800	119.199
369.125	82.010	119.233
369.096	82.088	119.258
369.062	82.098	119.287
369.033	82.064	119.311
369.036	82.005	119.335
369.081	81.991	119.407
369.114	81.909	119.431
369.179	81.939	119.508
369.216	81.916	119.539
369.225	81.750	119.491
369.250	81.666	119.477
369.287	81.651	119.481
369.285	81.557	119.442
369.256	81.291	119.309
369.231	81.148	119.269
369.210	80.994	119.256
369.171	80.793	119.268
369.183	80.830	119.520
369.203	80.836	119.868
369.238	80.716	120.007
369.342	80.845	120.031
369.382	80.975	119.998
369.347	80.909	119.923
369.363	80.936	119.864
369.373	81.031	119.768
369.338	81.066	119.592
369.314	81.189	119.472
369.240	81.249	119.282
369.182	81.397	119.195
369.138	81.662	119.179
369.128	81.929	119.212
369.103	82.057	119.242
369.068	82.107	119.279
369.027	82.052	119.285
369.017	81.974	119.292
369.047	81.960	119.353
369.120	82.034	119.460
369.135	81.880	119.448
369.185	81.878	119.503
369.240	81.914	119.566
369.242	81.704	119.487
369.281	81.713	119.511
369.282	81.548	119.427
369.270	81.420	119.380
369.221	81.134	119.253
369.220	81.051	119.254
369.217	80.966	119.298
369.192	80.818	119.415
369.203	80.806	119.726
369.223	80.753	119.981
369.326	80.806	120.050
369.362	80.885	119.981
369.382	81.017	119.991
369.371	80.957	119.913
369.343	80.880	119.747
369.345	81.012	119.627
369.336	81.211	119.564
369.269	81.200	119.357
369.232	81.478	119.310
369.143	81.526	119.165
369.119	81.835	119.205
369.108	82.008	119.234
369.090	82.118	119.289
369.038	82.024	119.260
369.006	81.927	119.251
369.038	81.964	119.326
369.090	81.999	119.416
369.124	81.921	119.445
369.192	81.976	119.533
369.225	81.930	119.552
369.228	81.786	119.515
369.275	81.743	119.521
369.294	81.655	119.472
369.258	81.424	119.365
369.257	81.307	119.323
369.217	81.070	119.232
369.213	80.983	119.255
369.174	80.819	119.313
369.176	80.805	119.551
369.201	80.819	119.902
369.302	80.855	120.079
369.360	80.897	120.035
369.381	80.988	119.991
369.383	81.049	119.989
369.395	81.079	119.916
369.357	80.995	119.723
369.353	81.098	119.579
369.298	81.196	119.443
369.246	81.295	119.288
369.171	81.404	119.171
369.151	81.789	119.231
369.122	81.934	119.208
369.115	82.128	119.284
369.047	82.036	119.249
369.015	81.988	119.261
369.034	82.023	119.326
369.085	82.058	119.413
369.103	81.911	119.405
369.162	81.954	119.488
369.200	81.897	119.515
369.222	81.828	119.524
369.259	81.744	119.509
369.286	81.667	119.491
369.272	81.524	119.415
369.250	81.324	119.321
369.237	81.201	119.295
369.240	81.100	119.291
369.216	80.933	119.294
369.201	80.859	119.458
369.188	80.751	119.723
369.225	80.730	119.987
369.334	80.827	120.074
369.366	80.869	119.981
369.361	80.915	119.945
369.354	80.943	119.915
369.352	80.912	119.761
369.350	81.033	119.646
369.326	81.161	119.522
369.255	81.183	119.314
369.208	81.404	119.245
369.148	81.557	119.171
369.117	81.789	119.162
369.135	82.090	119.262
369.080	82.103	119.269
369.039	82.035	119.259
369.025	82.037	119.302
369.050	82.026	119.357
369.087	81.983	119.398
369.115	81.924	119.426
369.202	81.991	119.520
369.220	81.907	119.527
369.237	81.788	119.507
369.247	81.645	119.446
369.283	81.637	119.453
369.269	81.498	119.387
369.230	81.246	119.287
369.238	81.193	119.299
369.210	81.008	119.271
369.182	80.851	119.324
369.198	80.859	119.570
369.205	80.797	119.877
369.281	80.790	120.052
369.352	80.856	120.040
369.379	80.914	119.972
369.386	81.025	119.986
369.358	80.955	119.866
369.370	81.005	119.732
369.363	81.164	119.636
369.313	81.193	119.465
369.245	81.257	119.280
369.189	81.462	119.221
369.147	81.721	119.201
369.137	82.010	119.247
369.106	82.085	119.248
369.082	82.194	119.322
369.042	82.118	119.320
369.036	82.043	119.329
369.048	81.968	119.359
369.110	82.001	119.443
369.155	81.966	119.490
369.202	81.917	119.514
369.227	81.858	119.528
369.262	81.831	119.550
369.273	81.657	119.474
369.266	81.502	119.387
369.237	81.285	119.292
369.233	81.199	119.278
369.208	81.026	119.240
369.221	80.980	119.317
369.182	80.848	119.446
369.176	80.731	119.694
369.230	80.767	120.006
369.311	80.765	120.036
369.357	80.890	119.985
369.359	80.923	119.946
369.347	80.900	119.886
369.358	80.949	119.788
369.344	81.007	119.626
369.333	81.192	119.553
369.281	81.250	119.375
369.221	81.418	119.272
369.153	81.578	119.200
369.120	81.778	119.166
369.127	82.052	119.256
369.091	82.144	119.308
369.024	82.010	119.255
369.016	81.977	119.278
369.043	81.990	119.349
369.071	81.923	119.380
369.116	81.893	119.437
369.192	81.971	119.533
369.216	81.880	119.535
369.238	81.780	119.507
369.280	81.755	119.525
369.280	81.583	119.445
369.263	81.420	119.372
369.265	81.339	119.345
369.226	81.106	119.252
369.203	80.950	119.244
369.187	80.835	119.329
369.189	80.808	119.576
369.194	80.755	119.891
369.297	80.828	120.073
369.343	80.813	119.996
369.385	80.973	119.983
369.362	80.946	119.940
369.361	80.936	119.837
369.378	81.048	119.725
369.348	81.108	119.581
369.289	81.166	119.411
369.245	81.339	119.299
369.183	81.490	119.221
369.145	81.787	119.225
369.111	81.936	119.217
369.103	82.089	119.266
369.056	82.061	119.257
369.022	82.019	119.278
369.019	81.953	119.289
369.067	81.993	119.386
369.092	81.905	119.401
369.150	81.907	119.470
369.208	81.963	119.553
369.231	81.853	119.536
369.254	81.743	119.499
369.262	81.616	119.446
369.296	81.595	119.445
369.252	81.328	119.318
369.242	81.256	119.316
369.204	80.987	119.222
369.190	80.892	119.264
369.167	80.791	119.417
369.209	80.856	119.763
369.233	80.784	119.995
369.311	80.794	120.039
369.370	80.941	120.008
369.353	80.927	119.955
369.355	80.924	119.898
369.345	80.917	119.753
369.357	81.033	119.634
369.324	81.204	119.547
369.280	81.248	119.374
369.227	81.417	119.269
369.151	81.537	119.165
369.124	81.848	119.204
369.110	82.019	119.230
369.073	82.070	119.248
369.065	82.181	119.344
369.022	82.009	119.282
369.036	81.974	119.328
369.097	82.048	119.430
369.126	81.956	119.445
369.191	81.980	119.518
369.227	81.943	119.551
369.233	81.786	119.501
369.270	81.763	119.513
369.275	81.624	119.446
369.269	81.495	119.391
369.239	81.282	119.307
369.221	81.123	119.265
369.192	80.888	119.209
369.185	80.850	119.324
369.203	80.837	119.569
369.175	80.711	119.841
369.281	80.816	120.061
369.370	80.912	120.068
369.356	80.869	119.951
369.362	80.962	119.955
369.352	80.913	119.849
369.365	81.009	119.742
369.349	81.081	119.587
369.314	81.209	119.464
369.252	81.299	119.296
369.186	81.436	119.207
369.143	81.750	119.217
369.140	82.045	119.274
369.100	82.052	119.240
369.060	82.090	119.267
369.027	82.028	119.271
369.039	82.036	119.324
369.065	82.033	119.390
369.099	81.973	119.418
369.176	82.043	119.523
369.199	81.955	119.526
369.233	81.900	119.545
369.258	81.805	119.527
369.265	81.649	119.462
369.274	81.562	119.425
369.241	81.382	119.348
369.241	81.231	119.296
369.228	81.133	119.294
369.204	80.913	119.268
369.191	80.851	119.426
369.201	80.793	119.691
369.253	80.866	120.026
369.291	80.717	120.019
369.362	80.875	119.998
369.350	80.873	119.940
369.341	80.879	119.901
369.372	80.975	119.816
369.365	81.029	119.657
369.330	81.130	119.532
369.282	81.198	119.369
369.219	81.338	119.241
369.158	81.535	119.188
369.130	81.820	119.204
369.113	82.019	119.239
369.084	82.102	119.269
369.055	82.098	119.294
369.019	81.979	119.270
369.036	81.972	119.328
369.092	82.032	119.429
369.129	81.966	119.463
369.178	81.934	119.499
369.227	81.937	119.550
369.238	81.810	119.519
369.245	81.640	119.454
369.270	81.591	119.432
369.253	81.384	119.341
369.245	81.349	119.344
369.214	81.035	119.210
369.219	81.004	119.262
369.197	80.922	119.358
369.181	80.814	119.536
369.215	80.837	119.888
369.305	80.895	120.113
369.353	80.831	120.029
369.357	80.837	119.927
369.358	80.923	119.939
369.391	81.007	119.911
369.348	80.901	119.694
369.357	81.114	119.620
369.308	81.130	119.438
369.262	81.313	119.322
369.183	81.386	119.187
369.132	81.630	119.167
369.140	82.003	119.258
369.129	82.138	119.291
369.052	82.032	119.252
369.039	82.108	119.324
369.045	82.052	119.336
369.057	81.986	119.384
369.105	81.998	119.445
369.132	81.874	119.433
369.195	81.929	119.523
369.220	81.836	119.514
369.250	81.778	119.511
369.275	81.711	119.487
369.282	81.544	119.406
369.254	81.359	119.324
369.233	81.202	119.275
369.229	81.110	119.282
369.203	80.939	119.267
369.163	80.746	119.356
369.193	80.801	119.676
369.223	80.802	119.988
369.330	80.884	120.091
369.390	80.967	120.029
369.367	80.957	119.970
369.371	80.998	119.939
369.371	81.016	119.828
369.383	81.121	119.706
369.341	81.158	119.543
369.293	81.270	119.413
369.232	81.359	119.264
369.149	81.452	119.148
369.126	81.792	119.185
369.124	82.049	119.251
369.085	82.093	119.260
369.042	82.057	119.267
369.048	82.117	119.349
369.028	81.982	119.329
369.083	81.993	119.404
369.118	81.966	119.450
369.168	81.927	119.498
369.203	81.857	119.509
369.254	81.891	119.572
369.273	81.746	119.519
369.285	81.647	119.477
369.265	81.425	119.367
369.248	81.328	119.333
369.248	81.230	119.323
369.217	81.002	119.259
369.200	80.907	119.342
369.181	80.799	119.529
369.210	80.798	119.872
369.253	80.731	120.024
369.364	80.887	120.065
369.357	80.874	119.957
369.355	80.917	119.946
369.370	80.959	119.877
369.360	80.966	119.732
369.351	81.100	119.610
369.303	81.130	119.428
369.254	81.291	119.302
369.199	81.455	119.226
369.141	81.712	119.204
369.129	81.996	119.252
369.102	82.090	119.257
369.055	82.053	119.248
369.018	82.002	119.264
369.033	82.021	119.326
369.052	81.994	119.371
369.114	82.009	119.449
369.135	81.892	119.452
369.187	81.889	119.505
369.217	81.846	119.525
369.264	81.806	119.535
369.274	81.681	119.487
369.288	81.561	119.433
369.256	81.400	119.360
369.221	81.160	119.257
369.220	81.047	119.246
369.206	80.909	119.258
369.200	80.835	119.416
369.202	80.807	119.699
369.217	80.761	119.981
369.319	80.810	120.064
369.358	80.867	119.982
369.356	80.879	119.927
369.358	80.907	119.906
369.354	80.916	119.781
369.360	81.013	119.652
369.321	81.114	119.522
369.293	81.272	119.393
369.222	81.329	119.238
369.160	81.537	119.188
369.135	81.857	119.225
369.116	82.015	119.234
369.094	82.125	119.285
369.030	82.039	119.264
369.027	82.041	119.305
369.036	81.976	119.326
369.075	81.969	119.397
369.115	81.892	119.414
369.182	81.968	119.516
369.217	81.913	119.533
369.251	81.847	119.542
369.282	81.809	119.543
369.272	81.596	119.439
369.279	81.500	119.404
369.249	81.325	119.326
369.243	81.199	119.306
369.201	80.956	119.230
369.195	80.878	119.329
369.157	80.746	119.488
369.189	80.767	119.841
369.263	80.762	120.028
369.322	80.766	120.003
369.349	80.894	119.957
369.360	80.957	119.953
369.338	80.880	119.840
369.373	80.998	119.745
369.371	81.155	119.648
369.310	81.187	119.472
369.254	81.283	119.304
369.209	81.490	119.247
369.132	81.644	119.176
369.127	81.908	119.202
369.109	82.070	119.247
369.048	82.034	119.243
369.037	82.065	119.301
369.033	81.997	119.304
369.067	82.031	119.387
369.097	81.975	119.415
369.139	81.918	119.456
369.179	81.864	119.482
369.224	81.881	119.543
369.244	81.717	119.482
369.272	81.674	119.480
369.269	81.519	119.404
369.275	81.464	119.389
369.240	81.273	119.319
369.223	81.081	119.268
369.211	80.923	119.268
369.194	80.855	119.413
369.175	80.753	119.632
369.222	80.812	119.990
369.308	80.799	120.073
369.373	80.887	120.010
369.391	80.987	119.994
369.360	80.914	119.926
369.357	80.914	119.799
369.364	81.010	119.674
369.338	81.128	119.544
369.288	81.199	119.383
369.220	81.342	119.254
369.169	81.565	119.215
369.144	81.865	119.233
369.122	82.029	119.242
369.088	82.085	119.257
369.043	82.053	119.266
369.031	82.029	119.290
369.041	82.002	119.337
369.070	81.986	119.399
369.125	81.949	119.441
369.184	81.987	119.525
369.204	81.906	119.522
369.234	81.793	119.510
369.276	81.801	119.541
369.281	81.638	119.465
369.296	81.595	119.447
369.256	81.348	119.338
369.225	81.096	119.237
369.223	81.030	119.266
369.212	80.959	119.349
369.173	80.774	119.498
369.199	80.781	119.850
369.249	80.736	120.018
369.353	80.868	120.046
369.363	80.886	119.960
369.358	80.936	119.943
369.359	80.943	119.872
369.375	81.009	119.757
369.338	81.012	119.572
369.331	81.211	119.486
369.246	81.215	119.273
369.194	81.411	119.210
369.140	81.640	119.179
369.141	81.979	119.249
369.095	82.031	119.239
369.065	82.098	119.295
369.032	82.030	119.285
369.034	82.017	119.330
369.061	81.978	119.370
369.083	81.886	119.388
369.142	81.924	119.478
369.189	81.869	119.498
369.203	81.776	119.494
369.242	81.710	119.488
369.269	81.670	119.490
369.274	81.548	119.421
369.277	81.454	119.390
369.242	81.244	119.302
369.215	81.059	119.258
369.213	80.951	119.283
369.202	80.891	119.441
369.187	80.778	119.692
369.221	80.794	119.990
369.306	80.797	120.043
369.390	80.977	120.031
369.390	81.039	119.998
369.377	81.022	119.957
369.359	80.969	119.796
369.371	81.064	119.670
369.325	81.132	119.528
369.276	81.188	119.357
369.219	81.369	119.258
369.151	81.521	119.176
369.143	81.900	119.243
369.112	82.023	119.241
369.091	82.102	119.269
369.043	82.043	119.274
369.010	81.950	119.262
369.046	82.004	119.349
369.065	81.920	119.380
369.122	81.927	119.442
369.193	81.974	119.532
369.215	81.878	119.524
369.233	81.814	119.526
369.265	81.726	119.511
369.274	81.582	119.447
369.268	81.445	119.383
369.246	81.274	119.303
369.215	81.058	119.234
369.218	81.006	119.276
369.192	80.887	119.343
369.195	80.799	119.552
369.215	80.852	119.926
369.302	80.858	120.086
369.341	80.812	120.007
369.346	80.848	119.927
369.366	80.969	119.957
369.356	80.938	119.846
369.363	80.971	119.708
369.338	81.051	119.566
369.306	81.199	119.451
369.238	81.217	119.248
369.174	81.377	119.171
369.144	81.687	119.176
369.153	82.073	119.291
369.096	82.042	119.240
369.063	82.084	119.276
369.014	81.971	119.254
369.040	82.019	119.327
369.063	81.965	119.365
369.110	81.944	119.421
369.149	81.913	119.474
369.204	81.905	119.524
369.225	81.833	119.532
369.235	81.688	119.478
369.257	81.607	119.456
369.272	81.516	119.413
369.254	81.349	119.358
369.234	81.149	119.260
369.239	81.085	119.288
369.198	80.869	119.257
369.191	80.840	119.438
369.189	80.762	119.712
369.232	80.776	119.998
369.354	80.904	120.117
369.409	80.988	120.048
369.356	80.907	119.946
369.351	80.888	119.883
369.341	80.896	119.762
369.352	81.000	119.630
369.327	81.127	119.515
369.271	81.212	119.349
369.219	81.340	119.221
369.157	81.571	119.194
369.140	81.885	119.221
369.124	82.062	119.253
369.065	82.050	119.239
369.032	82.003	119.241
369.029	82.077	119.323
369.048	82.021	119.357
369.096	82.017	119.429
369.125	81.921	119.437
369.180	81.942	119.512
369.216	81.877	119.514
369.224	81.743	119.487
369.259	81.713	119.490
369.263	81.563	119.434
369.248	81.404	119.350
369.231	81.233	119.281
369.219	81.061	119.237
369.205	80.943	119.234
369.180	80.858	119.329
369.182	80.764	119.541
369.182	80.751	119.868
369.286	80.805	120.063
369.336	80.813	120.017
369.354	80.878	119.956
369.347	80.896	119.927
369.354	80.904	119.839
369.352	80.963	119.715
369.350	81.063	119.582
369.311	81.193	119.456
369.252	81.311	119.305
369.176	81.407	119.184
369.140	81.707	119.191
369.154	82.072	119.288
369.094	82.037	119.236
369.060	82.085	119.276
369.028	82.064	119.299
369.035	82.015	119.323
369.063	82.029	119.394
369.105	81.964	119.434
369.140	81.891	119.454
369.192	81.869	119.494
369.238	81.889	119.554
369.266	81.812	119.546
369.254	81.579	119.438
369.279	81.552	119.428
369.243	81.328	119.327
369.237	81.187	119.273
369.239	81.076	119.270
369.203	80.910	119.276
369.192	80.830	119.430
369.185	80.755	119.720
369.221	80.730	119.981
369.305	80.749	120.034
369.379	80.913	120.002
369.368	80.962	119.974
369.367	80.988	119.946
369.353	80.945	119.794
369.358	81.022	119.649
369.319	81.102	119.500
369.267	81.174	119.338
369.220	81.351	119.234
369.149	81.556	119.188
369.126	81.828	119.197
369.115	82.025	119.244
369.105	82.173	119.315
369.032	81.998	119.247
369.018	81.985	119.289
369.051	82.025	119.373
369.088	81.981	119.420
369.123	81.908	119.444
369.190	81.945	119.517
369.212	81.859	119.516
369.245	81.799	119.523
369.270	81.771	119.524
369.275	81.564	119.430
369.277	81.505	119.406
369.242	81.274	119.304
369.261	81.253	119.339
369.199	80.920	119.222
369.166	80.778	119.295
369.178	80.799	119.560
369.206	80.804	119.904
369.290	80.830	120.069
369.360	80.866	120.034
369.344	80.871	119.931
369.361	80.963	119.949
369.372	81.004	119.873
369.381	81.047	119.738
369.341	81.077	119.570
369.301	81.185	119.443
369.241	81.257	119.269
369.201	81.540	119.264
369.133	81.683	119.173
369.132	81.977	119.237
369.115	82.121	119.285
369.081	82.138	119.310
369.025	82.021	119.280
369.040	82.068	119.359
369.069	82.001	119.385
369.126	82.013	119.462
369.138	81.880	119.450
369.201	81.901	119.520
369.241	81.864	119.543
369.258	81.777	119.526
369.266	81.610	119.443
369.264	81.510	119.415
369.256	81.352	119.339
369.242	81.230	119.306
369.235	81.121	119.301
369.204	80.890	119.272
369.176	80.786	119.419
369.192	80.797	119.740
369.248	80.822	120.030
369.315	80.761	120.033
369.356	80.833	119.956
369.372	80.939	119.961
369.347	80.875	119.877
369.366	80.976	119.796
369.359	81.036	119.638
369.325	81.145	119.521
369.273	81.225	119.359
369.218	81.380	119.245
369.163	81.615	119.216
369.116	81.805	119.180
369.101	81.979	119.212
369.096	82.172	119.312
369.042	82.071	119.283
369.040	82.073	119.328
369.053	82.053	119.378
369.064	81.927	119.380
369.134	81.942	119.453
369.196	81.968	119.527
369.234	81.946	119.565
369.253	81.854	119.555
369.257	81.682	119.480
369.278	81.592	119.442
369.253	81.397	119.357
369.255	81.317	119.327
369.215	81.035	119.226
369.216	80.957	119.247
369.192	80.855	119.340
369.158	80.680	119.499
369.179	80.723	119.859
369.276	80.770	120.056
369.347	80.834	120.033
369.360	80.895	119.957
369.333	80.865	119.906
369.353	80.927	119.854
369.363	80.956	119.715
369.332	81.010	119.550
369.296	81.127	119.413
369.257	81.323	119.314
369.202	81.504	119.235
369.143	81.732	119.199
369.149	82.061	119.283
369.109	82.088	119.265
369.066	82.086	119.278
369.020	82.005	119.269
369.015	81.957	119.287
369.067	82.013	119.386
369.104	81.963	119.425
369.142	81.928	119.467
369.186	81.875	119.492
369.241	81.925	119.567
369.259	81.817	119.541
369.266	81.657	119.472
369.271	81.561	119.428
369.229	81.299	119.305
369.223	81.188	119.270
369.220	81.043	119.250
369.212	80.950	119.297
369.176	80.787	119.404
369.167	80.692	119.667
369.211	80.744	119.982
369.307	80.775	120.051
369.346	80.811	119.951
369.356	80.916	119.956
369.356	80.944	119.918
369.366	80.999	119.814
369.375	81.080	119.683
369.332	81.157	119.540
369.286	81.285	119.409
369.214	81.319	119.226
369.158	81.554	119.187
369.123	81.820	119.202
369.122	82.062	119.259
369.083	82.079	119.273
369.061	82.110	119.311
369.025	81.993	119.285
369.057	82.050	119.383
369.074	81.937	119.388
369.128	81.945	119.459
369.163	81.887	119.486
369.206	81.832	119.494
369.225	81.714	119.480
369.257	81.675	119.475
369.268	81.532	119.417
369.266	81.465	119.384
369.250	81.297	119.319
369.218	81.073	119.241
369.201	80.939	119.235
369.194	80.881	119.345
369.181	80.773	119.549
369.224	80.878	119.938
369.283	80.771	120.049
369.338	80.819	120.013
369.360	80.899	119.962
369.354	80.941	119.944
369.362	80.954	119.863
369.361	80.976	119.716
369.344	81.063	119.575
369.311	81.222	119.466
369.258	81.356	119.327
369.186	81.434	119.202
369.136	81.718	119.193
369.141	82.016	119.254
369.127	82.149	119.295
369.062	82.082	119.275
369.005	81.954	119.244
369.029	81.997	119.317
369.078	82.042	119.413
369.108	81.956	119.437
369.128	81.835	119.429
369.183	81.870	119.502
369.212	81.745	119.483
369.249	81.736	119.503
369.284	81.706	119.513
369.271	81.514	119.404
369.261	81.372	119.351
369.226	81.197	119.279
369.216	81.009	119.238
369.193	80.882	119.270
369.188	80.854	119.464
369.185	80.781	119.745
369.225	80.764	119.999
369.344	80.863	120.077
369.375	80.935	120.006
369.347	80.896	119.929
369.350	80.916	119.892
369.369	80.978	119.779
369.350	81.001	119.619
369.337	81.221	119.557
369.268	81.218	119.342
369.208	81.352	119.233
369.137	81.514	119.148
369.130	81.862	119.210
369.138	82.097	119.282
369.091	82.134	119.288
369.054	82.095	119.310
369.023	81.989	119.294
369.057	82.024	119.369
369.088	81.961	119.413
369.117	81.895	119.440
369.164	81.823	119.460
369.203	81.812	119.508
369.260	81.844	119.557
369.263	81.658	119.479
369.290	81.594	119.459
369.269	81.404	119.368
369.241	81.249	119.308
369.225	81.118	119.270
369.196	80.873	119.216
369.181	80.793	119.328
369.199	80.861	119.623
369.206	80.790	119.924
369.276	80.735	120.028
369.374	80.912	120.037
369.348	80.858	119.923
369.353	80.888	119.911
369.374	80.986	119.858
369.367	80.985	119.689
369.342	81.106	119.565
369.302	81.218	119.429
369.233	81.294	119.264
369.189	81.553	119.237
369.143	81.800	119.226
369.134	82.063	119.285
369.108	82.115	119.277
369.054	82.042	119.263
369.031	82.023	119.281
369.030	81.966	119.314
369.084	82.050	119.429
369.111	81.931	119.422
369.160	81.936	119.488
369.207	81.903	119.518
369.239	81.873	119.563
369.260	81.760	119.518
369.277	81.660	119.475
369.254	81.457	119.378
369.242	81.298	119.322
369.227	81.138	119.265
369.225	81.034	119.263
369.200	80.902	119.288
369.166	80.757	119.438
369.177	80.709	119.742
369.244	80.766	120.014
369.332	80.814	120.049
369.362	80.907	119.987
369.379	80.984	119.976
369.374	80.965	119.908
369.352	80.911	119.737
369.369	81.115	119.671
369.309	81.064	119.447
369.276	81.261	119.354
369.215	81.395	119.233
369.160	81.661	119.223
369.149	81.966	119.257
369.086	81.945	119.194
369.075	82.108	119.278
369.023	82.006	119.256
369.018	81.969	119.283
369.049	81.988	119.357
369.094	82.008	119.437
369.132	81.904	119.455
369.170	81.861	119.479
369.218	81.828	119.513
369.238	81.724	119.489
369.263	81.709	119.504
369.272	81.568	119.446
369.266	81.442	119.390
369.237	81.231	119.297
369.229	81.088	119.265
369.205	80.943	119.256
369.186	80.838	119.368
369.174	80.730	119.572
369.195	80.738	119.913
369.303	80.794	120.064
369.354	80.838	120.010
369.393	81.015	120.012
369.367	80.953	119.949
369.355	80.932	119.826
369.383	81.067	119.732
369.334	81.078	119.555
369.315	81.291	119.473
369.230	81.270	119.246
369.175	81.476	119.190
369.145	81.779	119.210
369.125	82.004	119.245
369.106	82.089	119.265
369.078	82.108	119.302
369.030	81.977	119.275
369.036	81.973	119.319
369.089	82.039	119.431
369.109	81.914	119.424
369.155	81.893	119.470
369.211	81.908	119.533
369.235	81.842	119.536
369.269	81.800	119.543
369.270	81.631	119.469
369.259	81.461	119.378
369.260	81.402	119.369
369.233	81.216	119.301
369.218	81.023	119.254
369.179	80.804	119.249
369.179	80.807	119.490
369.216	80.861	119.852
369.268	80.808	120.054
369.350	80.845	120.050
369.357	80.883	119.960
369.352	80.918	119.935
369.369	80.958	119.897
369.376	80.988	119.767
369.348	81.025	119.599
369.311	81.130	119.471
369.267	81.267	119.326
369.192	81.360	119.205
369.139	81.593	119.172
369.128	81.893	119.217
369.100	82.007	119.231
369.059	82.033	119.247
369.050	82.098	119.322
369.028	81.989	119.306
369.050	81.977	119.359
369.095	81.957	119.411
369.133	81.929	119.460
369.178	81.894	119.502
369.227	81.894	119.547
369.241	81.739	119.496
369.252	81.641	119.469
369.289	81.598	119.450
369.255	81.380	119.347
369.257	81.311	119.335
369.228	81.069	119.255
369.198	80.919	119.257
369.185	80.836	119.386
369.204	80.857	119.670
369.194	80.744	119.933
369.335	80.859	120.091
369.367	80.918	120.021
369.353	80.886	119.942
369.361	80.961	119.944
369.349	80.897	119.787
369.385	81.083	119.713
369.327	81.059	119.513
369.293	81.198	119.397
369.241	81.332	119.270
369.174	81.537	119.216
369.145	81.822	119.226
369.143	82.074	119.286
369.084	82.085	119.260
369.078	82.156	119.320
369.024	82.016	119.290
369.062	82.079	119.384
369.080	81.992	119.392
369.107	81.899	119.404
369.172	81.929	119.488
369.230	81.981	119.570
369.236	81.826	119.534
369.256	81.696	119.491
369.265	81.602	119.459
369.269	81.443	119.380
369.233	81.251	119.296
369.237	81.131	119.269
369.212	80.951	119.233
369.197	80.870	119.309
369.152	80.731	119.444
369.186	80.739	119.794
369.264	80.817	120.062
369.356	80.910	120.103
369.384	80.950	120.013
369.341	80.875	119.927
369.363	80.942	119.887
369.354	80.895	119.721
369.351	81.020	119.607
369.332	81.197	119.507
369.272	81.315	119.370
369.216	81.452	119.259
369.156	81.632	119.188
369.118	81.845	119.182
369.119	82.068	119.255
369.064	82.059	119.254
369.026	81.989	119.251
369.035	82.015	119.307
369.060	82.021	119.376
369.105	82.031	119.442
369.139	81.948	119.469
369.199	81.971	119.535
369.218	81.852	119.519
369.250	81.829	119.543
369.256	81.648	119.468
369.291	81.654	119.478
369.262	81.423	119.373
369.240	81.257	119.305
369.226	81.102	119.268
369.202	80.925	119.252
369.174	80.794	119.355
369.166	80.724	119.595
369.206	80.778	119.960
369.302	80.797	120.064
369.346	80.803	119.978
369.356	80.878	119.946
369.367	80.948	119.947
369.395	81.034	119.877
369.375	81.025	119.691
369.352	81.111	119.562
369.306	81.216	119.420
369.240	81.331	119.274
369.169	81.464	119.183
369.139	81.823	119.235
369.123	81.977	119.233
369.096	82.093	119.272
369.055	82.088	119.292
369.026	82.003	119.288
369.033	81.965	119.316
369.073	81.970	119.385
369.115	81.932	119.433
369.164	81.908	119.480
369.193	81.880	119.511
369.222	81.825	119.524
369.251	81.714	119.492
369.277	81.628	119.455
369.264	81.471	119.382
369.247	81.274	119.291
369.231	81.186	119.285
369.210	80.987	119.239
369.191	80.875	119.303
369.160	80.741	119.449
369.221	80.869	119.845
369.278	80.870	120.079
369.323	80.806	120.026
369.376	80.919	119.989
369.364	80.927	119.957
369.346	80.892	119.868
369.384	80.960	119.754
369.358	81.035	119.602
369.328	81.173	119.490
369.285	81.289	119.356
369.206	81.400	119.226
369.137	81.577	119.166
369.119	81.872	119.202
369.113	82.053	119.252
369.061	82.036	119.251
369.039	82.033	119.281
369.017	81.975	119.287
369.060	82.017	119.376
369.093	81.947	119.400
369.153	81.981	119.490
369.179	81.893	119.493
369.217	81.834	119.514
369.235	81.738	119.500
369.267	81.675	119.488
369.270	81.535	119.423
369.258	81.406	119.365
369.258	81.300	119.331
369.214	81.019	119.216
369.222	80.979	119.286
369.185	80.833	119.370
369.165	80.721	119.581
369.197	80.765	119.941
369.304	80.823	120.073
369.341	80.808	119.985
369.351	80.884	119.947
369.361	80.941	119.949
369.373	80.941	119.827
369.381	81.056	119.714
369.350	81.150	119.580
369.322	81.301	119.464
369.229	81.283	119.245
369.165	81.438	119.168
369.123	81.693	119.158
369.115	81.990	119.241
369.089	82.070	119.254
369.066	82.087	119.290
369.017	82.000	119.274
369.032	81.983	119.310
369.074	82.005	119.401
369.106	81.925	119.411
369.145	81.874	119.449
369.198	81.878	119.503
369.234	81.813	119.505
369.253	81.730	119.494
369.263	81.623	119.444
369.258	81.477	119.382
369.240	81.326	119.316
369.238	81.246	119.315
369.208	80.972	119.222
369.196	80.876	119.280
369.172	80.804	119.459
369.196	80.792	119.770
369.258	80.826	120.037
369.328	80.818	120.051
369.382	80.950	120.017
369.367	80.917	119.960
369.368	80.932	119.910
369.387	81.018	119.807
369.394	81.148	119.691
369.329	81.177	119.508
369.284	81.274	119.366
369.218	81.393	119.234
369.152	81.622	119.207
369.138	81.937	119.251
369.108	82.033	119.243
369.075	82.064	119.254
369.027	82.013	119.263
369.036	82.059	119.337
369.056	81.995	119.362
369.089	81.963	119.405
369.130	81.941	119.464
369.165	81.807	119.446
369.216	81.844	119.527
369.246	81.786	119.520
369.243	81.583	119.435
369.281	81.569	119.439
369.269	81.463	119.390
369.240	81.266	119.310
369.215	81.038	119.231
369.215	80.938	119.262
369.210	80.888	119.405
369.187	80.781	119.616
369.234	80.833	119.968
369.295	80.762	120.036
369.362	80.859	119.996
369.361	80.910	119.954
369.355	80.890	119.911
369.369	80.955	119.833
369.377	81.014	119.682
369.348	81.100	119.551
369.290	81.184	119.395
369.242	81.347	119.290
369.183	81.517	119.221
369.135	81.755	119.195
369.138	82.044	119.272
369.100	82.043	119.247
369.070	82.125	119.314
369.016	81.988	119.266
369.047	82.022	119.343
369.074	81.999	119.383
369.112	81.967	119.439
369.159	81.902	119.469
369.200	81.879	119.508
369.233	81.832	119.529
369.247	81.680	119.477
369.253	81.535	119.415
369.273	81.535	119.427
369.257	81.338	119.330
369.230	81.152	119.272
369.212	80.996	119.250
369.199	80.865	119.273
369.172	80.785	119.432
369.182	80.750	119.738
369.226	80.725	119.981
369.295	80.701	120.013
369.361	80.877	120.007
369.374	80.933	119.978
369.379	80.985	119.950
369.369	80.975	119.802
369.378	81.092	119.674
369.322	81.098	119.484
369.279	81.235	119.358
369.243	81.455	119.285
369.142	81.492	119.144
369.126	81.838	119.193
369.117	82.016	119.231
369.095	82.158	119.295
369.069	82.173	119.336
369.020	81.984	119.277
369.057	82.056	119.363
369.088	81.981	119.389
369.135	81.978	119.455
369.163	81.893	119.467
369.212	81.890	119.525
369.264	81.904	119.567
369.263	81.716	119.492
369.274	81.609	119.449
369.266	81.431	119.372
369.224	81.215	119.278
369.223	81.098	119.263
369.228	81.036	119.294
369.193	80.847	119.322
369.199	80.862	119.560
369.190	80.769	119.849
369.273	80.813	120.078
369.342	80.792	120.048
369.384	80.896	119.998
369.375	80.917	119.975
369.383	80.978	119.922
369.380	80.968	119.758
369.357	81.020	119.582
369.327	81.175	119.473
369.267	81.281	119.316
369.208	81.441	119.231
369.137	81.645	119.180
369.117	81.874	119.186
369.095	82.033	119.230
369.080	82.150	119.299
369.031	82.031	119.278
369.027	82.013	119.312
369.059	82.023	119.374
369.104	82.010	119.429
369.125	81.878	119.424
369.204	81.965	119.522
369.226	81.879	119.531
369.250	81.848	119.542
369.266	81.672	119.456
369.283	81.601	119.431
369.254	81.402	119.344
369.242	81.248	119.289
369.228	81.056	119.238
369.214	80.967	119.285
369.189	80.850	119.398
369.202	80.816	119.658
369.221	80.792	119.966
369.312	80.839	120.083
369.376	80.890	120.024
369.359	80.910	119.972
369.375	80.982	119.977
369.371	80.943	119.825
369.383	81.040	119.702
369.363	81.164	119.583
369.304	81.235	119.419
369.239	81.329	119.267
369.173	81.480	119.194
369.129	81.728	119.184
369.128	82.007	119.249
369.089	82.067	119.259
369.049	82.018	119.253
369.021	82.008	119.291
369.041	82.004	119.354
369.078	81.972	119.394
369.107	81.866	119.392
369.170	81.942	119.501
369.201	81.867	119.511
369.230	81.804	119.518
369.255	81.682	119.475
369.270	81.595	119.444
369.286	81.529	119.413
369.263	81.360	119.345
369.235	81.176	119.281
369.213	80.980	119.237
369.210	80.936	119.334
369.194	80.843	119.506
369.216	80.847	119.844
369.256	80.763	120.019
369.333	80.810	120.042
369.379	80.954	120.014
369.364	80.918	119.952
369.371	80.963	119.912
369.378	80.982	119.770
369.370	81.092	119.632
369.323	81.165	119.485
369.275	81.268	119.335
369.203	81.424	119.243
369.148	81.613	119.183
369.137	81.896	119.222
369.113	82.052	119.251
369.067	82.109	119.289
369.026	82.020	119.268
369.020	81.994	119.296
369.048	81.991	119.352
369.090	81.964	119.405
369.129	81.905	119.433
369.176	81.892	119.485
369.226	81.906	119.543
369.235	81.742	119.483
369.268	81.677	119.477
369.280	81.603	119.444
369.251	81.381	119.340
369.245	81.299	119.327
369.233	81.114	119.269
369.222	81.003	119.292
369.174	80.741	119.303
369.187	80.785	119.582
369.210	80.791	119.923
369.321	80.866	120.103
369.377	80.894	120.054
369.377	80.904	119.972
369.370	80.972	119.980
369.369	80.909	119.835
369.379	81.006	119.714
369.366	81.194	119.626
369.313	81.217	119.436
369.242	81.295	119.275
369.185	81.453	119.197
369.123	81.639	119.144
369.124	81.937	119.217
369.109	82.120	119.278
369.045	82.053	119.262
369.026	82.045	119.296
369.024	81.978	119.307
369.061	81.962	119.369
369.112	81.966	119.433
369.161	81.942	119.480
369.224	81.971	119.555
369.235	81.852	119.532
369.256	81.728	119.491
369.270	81.642	119.460
369.275	81.510	119.400
369.269	81.435	119.381
369.247	81.268	119.325
369.212	81.002	119.237
369.204	80.914	119.288
369.169	80.753	119.411
369.183	80.743	119.722
369.233	80.768	120.001
369.329	80.796	120.058
369.363	80.864	119.985
369.400	81.011	120.013
369.353	80.897	119.908
369.382	80.999	119.814
369.384	81.074	119.669
369.330	81.134	119.511
369.275	81.211	119.346
369.240	81.463	119.302
369.166	81.585	119.207
369.137	81.880	119.231
369.125	82.036	119.245
369.076	82.076	119.255
369.051	82.085	119.302
369.039	82.053	119.321
369.054	82.053	119.383
369.097	82.000	119.424
369.123	81.939	119.454
369.176	81.924	119.506
369.213	81.844	119.511
369.248	81.804	119.526
369.261	81.675	119.468
369.273	81.556	119.420
369.257	81.420	119.359
369.236	81.242	119.289
369.233	81.112	119.263
369.210	80.957	119.253
369.207	80.929	119.381
369.188	80.796	119.578
369.185	80.725	119.877
369.325	80.869	120.092
369.355	80.823	120.008
369.359	80.881	119.953
369.360	80.912	119.947
369.373	80.958	119.863
369.382	81.008	119.720
369.360	81.115	119.595
369.309	81.167	119.422
369.246	81.265	119.270
369.191	81.507	119.242
369.135	81.695	119.196
369.129	81.998	119.256
369.107	82.070	119.263
369.038	81.989	119.237
369.026	82.028	119.294
369.026	81.959	119.309
369.068	81.961	119.366
369.103	81.913	119.409
369.137	81.832	119.422
369.206	81.918	119.530
369.217	81.771	119.500
369.277	81.855	119.568
369.286	81.659	119.483
369.268	81.469	119.390
369.253	81.316	119.326
369.232	81.165	119.273
369.205	80.966	119.211
369.193	80.852	119.247
369.184	80.809	119.435
369.177	80.741	119.714
369.274	80.865	120.051
369.317	80.795	120.053
369.360	80.839	119.965
369.366	80.921	119.963
369.367	80.946	119.928
369.384	81.007	119.823
369.375	81.076	119.667
369.319	81.123	119.504
369.278	81.212	119.350
369.212	81.343	119.235
369.152	81.558	119.187
369.134	81.885	119.234
369.100	81.969	119.205
369.096	82.146	119.298
369.040	82.026	119.263
369.039	82.069	119.323
369.049	81.993	119.331
369.087	82.010	119.410
369.126	81.957	119.445
369.185	81.977	119.514
369.224	81.944	119.547
369.256	81.872	119.542
369.263	81.721	119.489
369.272	81.590	119.439
369.273	81.485	119.391
369.247	81.283	119.307
369.234	81.140	119.274
369.213	81.010	119.264
369.194	80.870	119.332
369.194	80.868	119.544
369.173	80.696	119.799
369.257	80.748	120.025
369.347	80.801	120.049
369.349	80.848	119.966
369.368	80.901	119.959
369.353	80.891	119.872
369.371	80.973	119.756
369.365	81.086	119.623
369.322	81.190	119.484
369.263	81.282	119.312
369.197	81.393	119.210
369.145	81.669	119.195
369.129	81.952	119.240
369.106	82.028	119.227
369.095	82.215	119.343
369.043	82.096	119.316
369.027	82.028	119.319
