NO_OF_FRAMES	5000
NO_OF_DATA_TYPES	3
FREQUENCY	500
TIME_STAMP	2026-06-05, 12:38:12
DATA_INCLUDED	Position
DATA_TYPES	Unidentified [1030425]_pos_X	Unidentified [1030425]_pos_Y	Unidentified [1030425]_pos_Z


0.000	0.000	0.000
0.000	0.000	0.000
0.000	0.000	0.000
0.000	0.000	0.000
0.000	0.000	0.000
0.000	0.000	0.000
0.000	0.000	0.000
77.393	97.238	256.462
78.805	89.439	255.249
75.170	98.880	259.379
75.126	98.681	259.146
75.159	98.781	259.425
75.150	98.788	259.426
75.149	98.801	259.402
75.135	98.802	259.405
75.128	98.801	259.414
75.124	98.819	259.415
75.121	98.832	259.406
75.126	98.856	259.402
75.121	98.899	259.400
75.126	98.969	259.398
75.130	99.060	259.394
75.134	99.160	259.384
75.137	99.293	259.380
75.147	99.460	259.345
75.151	99.668	259.341
75.157	99.886	259.337
75.165	100.138	259.335
75.171	100.394	259.326
75.178	100.653	259.325
75.185	100.933	259.311
75.199	101.211	259.296
75.202	101.461	259.300
75.215	101.689	259.300
75.225	101.873	259.300
75.219	102.022	259.314
75.227	102.120	259.318
75.226	102.153	259.305
75.225	102.107	259.303
75.225	102.003	259.316
75.232	101.826	259.304
75.228	101.621	259.309
75.234	101.365	259.307
75.221	101.043	259.305
75.226	100.723	259.311
75.213	100.399	259.324
75.209	100.067	259.329
75.192	99.737	259.326
75.189	99.438	259.329
75.177	99.198	259.351
75.165	98.981	259.384
75.154	98.805	259.393
75.151	98.697	259.411
75.147	98.648	259.412
75.133	98.635	259.406
75.131	98.640	259.410
75.124	98.622	259.409
75.117	98.626	259.416
75.117	98.627	259.410
75.115	98.629	259.417
75.110	98.626	259.413
75.109	98.636	259.410
75.116	98.650	259.409
75.111	98.692	259.410
75.117	98.782	259.397
75.124	98.906	259.392
75.134	99.109	259.384
75.140	99.328	259.344
75.141	99.655	259.338
75.158	100.009	259.325
75.172	100.431	259.326
75.176	100.874	259.318
75.200	101.369	259.308
75.211	101.872	259.312
75.216	102.367	259.330
75.229	102.838	259.359
75.218	103.237	259.370
75.185	103.372	259.234
75.188	103.279	259.218
75.205	103.086	259.383
75.246	102.854	259.489
75.258	102.545	259.459
75.265	102.193	259.350
75.264	101.763	259.258
75.250	101.315	259.219
75.253	100.852	259.247
75.256	100.361	259.270
75.231	99.887	259.277
75.209	99.462	259.310
75.184	99.124	259.392
75.169	98.758	259.434
75.151	98.476	259.433
75.140	98.284	259.409
75.129	98.126	259.404
75.127	98.024	259.408
75.128	98.014	259.433
75.122	98.018	259.441
75.117	98.029	259.452
75.109	98.060	259.460
75.108	98.086	259.451
75.112	98.160	259.437
75.110	98.279	259.424
75.111	98.472	259.414
75.116	98.715	259.412
75.121	99.066	259.405
75.138	99.501	259.388
75.145	100.047	259.359
75.155	100.688	259.343
75.174	101.440	259.322
75.197	102.269	259.320
75.201	103.152	259.366
75.118	103.350	259.022
75.114	103.318	259.049
75.171	103.317	259.479
75.224	103.321	259.749
75.247	103.299	259.701
75.245	103.180	259.431
75.255	103.046	259.209
75.260	102.905	259.082
75.285	102.675	259.154
75.308	102.383	259.269
75.305	102.025	259.295
75.295	101.621	259.308
75.266	101.210	259.314
75.228	100.857	259.373
75.216	100.503	259.379
75.214	100.168	259.378
75.202	99.782	259.345
75.198	99.462	259.304
75.182	99.234	259.313
75.169	99.046	259.344
75.168	98.868	259.383
75.160	98.758	259.413
75.149	98.706	259.425
75.136	98.713	259.415
75.130	98.717	259.401
75.118	98.696	259.402
75.111	98.696	259.399
75.112	98.713	259.403
75.113	98.706	259.414
75.114	98.706	259.407
75.111	98.714	259.412
75.107	98.725	259.412
75.116	98.780	259.422
75.110	98.832	259.400
75.116	98.927	259.392
75.116	99.046	259.391
75.136	99.214	259.381
75.139	99.399	259.371
75.142	99.627	259.356
75.161	99.887	259.350
75.173	100.180	259.329
75.187	100.463	259.326
75.193	100.780	259.309
75.204	101.110	259.303
75.208	101.441	259.304
75.226	101.740	259.300
75.227	102.014	259.318
75.229	102.239	259.328
75.228	102.391	259.330
75.233	102.506	259.335
75.225	102.538	259.331
75.230	102.490	259.334
75.234	102.370	259.334
75.234	102.180	259.320
75.221	101.903	259.307
75.227	101.602	259.307
75.226	101.238	259.311
75.220	100.854	259.317
75.220	100.457	259.328
75.209	100.065	259.326
75.195	99.704	259.334
75.195	99.354	259.328
75.175	99.055	259.367
75.171	98.803	259.398
75.159	98.605	259.411
75.149	98.466	259.418
75.148	98.406	259.420
75.136	98.383	259.418
75.125	98.380	259.417
75.114	98.376	259.422
75.113	98.378	259.436
75.113	98.374	259.425
75.111	98.380	259.432
75.112	98.399	259.434
75.116	98.450	259.437
75.120	98.526	259.420
75.112	98.669	259.414
75.120	98.858	259.396
75.122	99.132	259.389
75.142	99.469	259.368
75.146	99.898	259.343
75.162	100.400	259.330
75.164	100.962	259.315
75.185	101.600	259.307
75.204	102.287	259.321
75.206	102.983	259.369
75.148	103.402	259.224
75.127	103.334	259.077
75.167	103.253	259.305
75.207	103.111	259.594
75.247	102.962	259.608
75.252	102.738	259.455
75.252	102.464	259.288
75.260	102.172	259.183
75.273	101.840	259.130
75.272	101.464	259.196
75.274	101.039	259.248
75.266	100.596	259.310
75.252	100.260	259.350
75.207	99.918	259.372
75.187	99.596	259.405
75.187	99.268	259.402
75.177	98.990	259.377
75.159	98.798	259.361
75.156	98.670	259.367
75.161	98.581	259.395
75.149	98.529	259.408
75.136	98.538	259.427
75.133	98.546	259.438
75.127	98.548	259.426
75.111	98.535	259.426
75.101	98.556	259.419
75.106	98.578	259.418
75.101	98.616	259.417
75.103	98.676	259.422
75.110	98.783	259.419
75.111	98.932	259.399
75.122	99.132	259.389
75.134	99.351	259.347
75.141	99.653	259.353
75.159	100.000	259.339
75.166	100.389	259.337
75.175	100.794	259.325
75.182	101.243	259.315
75.198	101.702	259.312
75.213	102.164	259.322
75.234	102.603	259.349
75.232	102.952	259.354
75.237	103.275	259.359
75.218	103.397	259.277
75.223	103.325	259.247
75.229	103.162	259.349
75.262	102.918	259.433
75.270	102.611	259.428
75.267	102.235	259.330
75.264	101.778	259.271
75.260	101.317	259.254
75.256	100.816	259.266
75.241	100.327	259.288
75.224	99.846	259.298
75.211	99.409	259.319
75.181	99.035	259.382
75.157	98.680	259.416
75.153	98.410	259.433
75.131	98.183	259.414
75.126	98.054	259.409
75.125	97.985	259.423
75.125	97.985	259.439
75.109	97.978	259.447
75.113	97.980	259.447
75.104	97.990	259.456
75.102	97.994	259.460
75.105	98.057	259.451
75.104	98.144	259.433
75.111	98.320	259.422
75.113	98.579	259.424
75.124	98.925	259.415
75.141	99.388	259.387
75.150	99.946	259.360
75.166	100.621	259.342
75.180	101.423	259.321
75.196	102.295	259.311
75.208	103.277	259.370
75.118	103.362	258.982
75.120	103.344	259.037
75.180	103.344	259.516
75.229	103.365	259.788
75.244	103.347	259.700
75.242	103.258	259.396
75.237	103.108	259.156
75.255	102.943	259.060
75.281	102.705	259.177
75.308	102.401	259.282
75.303	102.035	259.298
75.288	101.604	259.301
75.265	101.214	259.324
75.223	100.854	259.385
75.209	100.511	259.385
75.214	100.155	259.379
75.208	99.767	259.346
75.201	99.427	259.305
75.187	99.200	259.308
75.167	99.012	259.352
75.173	98.833	259.391
75.162	98.705	259.422
75.158	98.673	259.443
75.141	98.676	259.419
75.130	98.673	259.412
75.130	98.654	259.405
75.121	98.662	259.406
75.119	98.669	259.402
75.112	98.669	259.414
75.112	98.668	259.411
75.117	98.691	259.419
75.111	98.710	259.417
75.111	98.760	259.414
75.108	98.835	259.400
75.113	98.955	259.389
75.117	99.105	259.364
75.129	99.307	259.369
75.141	99.541	259.361
75.145	99.810	259.350
75.160	100.127	259.337
75.174	100.469	259.328
75.183	100.826	259.316
75.199	101.208	259.295
75.212	101.596	259.297
75.223	101.960	259.305
75.225	102.280	259.313
75.231	102.577	259.340
75.226	102.808	259.349
75.223	102.948	259.338
75.223	103.006	259.345
75.224	102.983	259.356
75.228	102.861	259.358
75.241	102.665	259.354
75.245	102.372	259.331
75.248	102.024	259.320
75.239	101.621	259.308
75.247	101.183	259.310
75.228	100.715	259.318
75.229	100.282	259.324
75.209	99.832	259.333
75.192	99.408	259.329
75.180	99.060	259.375
75.160	98.738	259.396
75.155	98.494	259.403
75.144	98.286	259.419
75.132	98.153	259.428
75.127	98.105	259.433
75.121	98.106	259.433
75.116	98.098	259.443
75.107	98.092	259.436
75.102	98.084	259.434
75.093	98.077	259.433
75.100	98.094	259.440
75.106	98.135	259.453
75.103	98.231	259.444
75.110	98.409	259.424
75.112	98.663	259.412
75.119	99.009	259.394
75.133	99.460	259.360
75.145	100.031	259.343
75.156	100.709	259.330
75.173	101.487	259.311
75.193	102.345	259.322
75.198	103.289	259.370
75.110	103.360	258.993
75.107	103.321	259.047
75.165	103.312	259.516
75.218	103.317	259.780
75.244	103.284	259.694
75.232	103.181	259.412
75.234	103.047	259.163
75.246	102.887	259.068
75.270	102.659	259.169
75.309	102.372	259.284
75.299	102.000	259.302
75.291	101.586	259.311
75.264	101.193	259.332
75.220	100.840	259.388
75.220	100.492	259.390
75.213	100.133	259.383
75.206	99.753	259.342
75.196	99.425	259.295
75.176	99.196	259.314
75.165	99.011	259.364
75.161	98.826	259.395
75.162	98.703	259.425
75.146	98.649	259.437
75.136	98.664	259.428
75.128	98.661	259.406
75.120	98.642	259.401
75.109	98.638	259.407
75.109	98.659	259.406
75.111	98.649	259.409
75.107	98.645	259.412
75.101	98.663	259.413
75.110	98.691	259.422
75.107	98.725	259.412
75.111	98.803	259.402
75.113	98.908	259.389
75.121	99.052	259.380
75.136	99.233	259.353
75.134	99.437	259.365
75.152	99.701	259.352
75.161	99.976	259.340
75.174	100.299	259.328
75.184	100.626	259.322
75.199	100.989	259.305
75.208	101.340	259.297
75.225	101.703	259.291
75.228	102.027	259.311
75.239	102.313	259.324
75.237	102.555	259.341
75.237	102.729	259.339
75.231	102.815	259.341
75.234	102.828	259.341
75.236	102.758	259.346
75.240	102.588	259.339
75.252	102.356	259.325
75.242	102.049	259.320
75.241	101.681	259.320
75.244	101.284	259.309
75.235	100.843	259.323
75.227	100.413	259.333
75.215	99.987	259.333
75.206	99.583	259.333
75.189	99.226	259.367
75.171	98.902	259.382
75.162	98.640	259.413
75.159	98.437	259.415
75.143	98.272	259.416
75.135	98.188	259.431
75.129	98.157	259.438
75.118	98.161	259.434
75.112	98.161	259.430
75.102	98.151	259.428
75.100	98.157	259.436
75.104	98.187	259.434
75.101	98.239	259.443
75.115	98.355	259.424
75.112	98.511	259.420
75.121	98.721	259.408
75.126	99.026	259.401
75.130	99.382	259.363
75.136	99.866	259.345
75.154	100.431	259.338
75.164	101.068	259.315
75.184	101.798	259.304
75.198	102.603	259.343
75.186	103.397	259.377
75.113	103.372	259.015
75.125	103.330	259.148
75.181	103.278	259.545
75.223	103.226	259.727
75.242	103.090	259.585
75.244	102.934	259.363
75.237	102.730	259.193
75.249	102.485	259.122
75.279	102.195	259.171
75.287	101.835	259.251
75.291	101.443	259.296
75.271	101.015	259.320
75.236	100.657	259.369
75.210	100.358	259.386
75.199	100.009	259.384
75.195	99.673	259.373
75.184	99.370	259.329
75.172	99.162	259.315
75.167	99.000	259.336
75.166	98.873	259.381
75.164	98.784	259.406
75.153	98.755	259.431
75.135	98.755	259.422
75.129	98.759	259.407
75.113	98.749	259.408
75.111	98.753	259.412
75.114	98.768	259.409
75.107	98.770	259.404
75.113	98.797	259.401
75.109	98.824	259.400
75.114	98.899	259.403
75.117	98.969	259.400
75.119	99.057	259.393
75.126	99.179	259.375
75.132	99.317	259.355
75.140	99.505	259.333
75.146	99.722	259.341
75.157	99.941	259.343
75.170	100.205	259.331
75.175	100.440	259.330
75.185	100.693	259.316
75.196	100.978	259.303
75.202	101.237	259.295
75.221	101.495	259.300
75.226	101.690	259.300
75.226	101.863	259.304
75.229	101.982	259.310
75.227	102.057	259.319
75.227	102.070	259.318
75.234	102.007	259.310
75.231	101.868	259.305
75.231	101.696	259.320
75.225	101.479	259.309
75.228	101.195	259.288
75.222	100.888	259.309
75.222	100.558	259.321
75.210	100.244	259.318
75.206	99.927	259.324
75.201	99.621	259.326
75.195	99.355	259.332
75.176	99.117	259.354
75.167	98.928	259.394
75.161	98.776	259.398
75.156	98.700	259.414
75.157	98.677	259.409
75.153	98.674	259.405
75.141	98.670	259.405
75.134	98.670	259.414
75.128	98.674	259.415
75.123	98.668	259.417
75.123	98.666	259.413
75.121	98.672	259.421
75.114	98.673	259.411
75.117	98.689	259.406
75.117	98.733	259.416
75.119	98.793	259.400
75.116	98.917	259.388
75.124	99.071	259.371
75.138	99.297	259.353
75.143	99.580	259.345
75.151	99.899	259.333
75.159	100.283	259.334
75.168	100.666	259.319
75.181	101.112	259.312
75.186	101.572	259.319
75.203	102.026	259.324
75.218	102.468	259.338
75.214	102.850	259.362
75.217	103.172	259.373
75.207	103.397	259.343
75.203	103.353	259.254
75.207	103.225	259.336
75.238	102.984	259.427
75.262	102.705	259.451
75.270	102.330	259.375
75.266	101.901	259.297
75.265	101.454	259.269
75.264	100.964	259.277
75.257	100.466	259.299
75.235	99.963	259.305
75.208	99.512	259.316
75.185	99.134	259.383
75.172	98.777	259.414
75.158	98.481	259.441
75.138	98.249	259.424
75.125	98.097	259.416
75.124	98.015	259.425
75.121	98.001	259.437
75.110	97.999	259.440
75.103	98.000	259.446
75.099	98.014	259.453
75.096	98.018	259.457
75.093	98.052	259.452
75.092	98.121	259.437
75.101	98.274	259.427
75.101	98.513	259.418
75.115	98.806	259.412
75.125	99.226	259.402
75.131	99.748	259.369
75.149	100.381	259.345
75.173	101.142	259.332
75.179	101.985	259.321
75.194	102.899	259.355
75.121	103.400	259.069
75.106	103.345	258.972
75.156	103.356	259.343
75.214	103.359	259.740
75.239	103.376	259.778
75.243	103.297	259.498
75.232	103.166	259.228
75.235	103.013	259.074
75.255	102.808	259.118
75.299	102.531	259.248
75.300	102.187	259.293
75.295	101.777	259.293
75.263	101.366	259.303
75.229	100.983	259.356
75.205	100.645	259.394
75.197	100.313	259.388
75.203	99.933	259.354
75.193	99.582	259.311
75.183	99.316	259.298
75.172	99.115	259.316
75.169	98.952	259.372
75.167	98.800	259.407
75.152	98.733	259.438
75.139	98.726	259.425
75.135	98.735	259.411
75.126	98.730	259.407
75.116	98.716	259.406
75.114	98.723	259.401
75.116	98.716	259.406
75.109	98.720	259.414
75.117	98.736	259.417
75.113	98.750	259.411
75.119	98.791	259.418
75.117	98.848	259.403
75.113	98.925	259.393
75.117	99.049	259.376
75.129	99.188	259.358
75.138	99.351	259.349
75.140	99.566	259.347
75.147	99.804	259.348
75.164	100.073	259.344
75.173	100.342	259.329
75.182	100.615	259.319
75.194	100.922	259.308
75.203	101.212	259.292
75.210	101.510	259.307
75.222	101.748	259.304
75.221	101.967	259.316
75.221	102.143	259.312
75.226	102.256	259.320
75.232	102.293	259.316
75.233	102.287	259.324
75.225	102.193	259.330
75.230	102.023	259.323
75.230	101.791	259.303
75.224	101.524	259.316
75.230	101.210	259.308
75.227	100.851	259.313
75.219	100.487	259.330
75.212	100.129	259.332
75.198	99.782	259.337
75.199	99.452	259.330
75.187	99.189	259.368
75.166	98.938	259.390
75.162	98.749	259.404
75.155	98.622	259.418
75.150	98.552	259.414
75.145	98.546	259.415
75.129	98.541	259.415
75.129	98.542	259.418
75.113	98.533	259.423
75.118	98.537	259.420
75.116	98.546	259.423
75.111	98.541	259.422
75.109	98.541	259.427
75.113	98.577	259.417
75.114	98.613	259.422
75.120	98.702	259.406
75.117	98.845	259.402
75.123	99.059	259.387
75.137	99.339	259.360
75.141	99.698	259.339
75.144	100.120	259.339
75.168	100.601	259.322
75.178	101.146	259.302
75.192	101.723	259.308
75.203	102.325	259.333
75.212	102.913	259.361
75.191	103.418	259.373
75.147	103.356	259.122
75.168	103.238	259.239
75.207	103.059	259.501
75.239	102.846	259.575
75.250	102.573	259.450
75.254	102.239	259.319
75.250	101.855	259.233
75.254	101.479	259.206
75.265	101.059	259.209
75.257	100.586	259.247
75.245	100.150	259.290
75.204	99.760	259.344
75.189	99.436	259.399
75.174	99.114	259.419
75.165	98.824	259.428
75.151	98.637	259.412
75.140	98.507	259.385
75.148	98.420	259.377
75.148	98.388	259.406
75.136	98.384	259.427
75.127	98.393	259.439
75.128	98.411	259.452
75.113	98.422	259.440
75.109	98.438	259.422
75.109	98.487	259.409
75.103	98.547	259.410
75.099	98.641	259.420
75.112	98.792	259.424
75.117	99.019	259.419
75.128	99.297	259.387
75.137	99.665	259.362
75.149	100.084	259.337
75.162	100.561	259.319
75.175	101.102	259.295
75.189	101.667	259.314
75.209	102.291	259.329
75.211	102.878	259.365
75.206	103.407	259.379
75.163	103.373	259.127
75.181	103.280	259.225
75.220	103.101	259.486
75.260	102.905	259.567
75.275	102.657	259.454
75.268	102.322	259.320
75.280	101.975	259.221
75.261	101.592	259.193
75.265	101.167	259.201
75.257	100.697	259.239
75.261	100.276	259.297
75.217	99.883	259.348
75.194	99.552	259.404
75.179	99.233	259.419
75.166	98.910	259.418
75.149	98.688	259.399
75.135	98.548	259.379
75.138	98.455	259.373
75.150	98.424	259.405
75.133	98.418	259.423
75.126	98.423	259.440
75.124	98.427	259.450
75.115	98.432	259.445
75.103	98.438	259.419
75.102	98.472	259.409
75.109	98.528	259.412
75.102	98.594	259.421
75.114	98.722	259.430
75.124	98.923	259.418
75.125	99.180	259.407
75.134	99.500	259.370
75.144	99.884	259.339
75.164	100.356	259.333
75.171	100.850	259.316
75.186	101.399	259.309
75.204	101.982	259.326
75.218	102.598	259.354
75.219	103.152	259.368
75.171	103.410	259.197
75.172	103.332	259.157
75.208	103.209	259.360
75.246	103.002	259.540
75.269	102.774	259.529
75.268	102.460	259.374
75.262	102.118	259.265
75.253	101.727	259.210
75.257	101.318	259.196
75.266	100.872	259.230
75.260	100.410	259.276
75.231	99.973	259.317
75.198	99.622	259.363
75.179	99.292	259.408
75.171	98.973	259.426
75.154	98.710	259.417
75.146	98.549	259.388
75.140	98.443	259.379
75.144	98.384	259.387
75.147	98.371	259.412
75.129	98.369	259.434
75.127	98.394	259.443
75.125	98.397	259.443
75.115	98.414	259.431
75.108	98.442	259.410
75.110	98.501	259.405
75.109	98.591	259.411
75.111	98.708	259.420
75.119	98.901	259.419
75.125	99.158	259.398
75.136	99.470	259.369
75.141	99.871	259.340
75.159	100.329	259.323
75.165	100.824	259.316
75.183	101.389	259.304
75.197	101.965	259.312
75.213	102.593	259.353
75.215	103.165	259.371
75.163	103.401	259.177
75.165	103.320	259.142
75.198	103.195	259.387
75.243	102.990	259.550
75.262	102.776	259.540
75.268	102.458	259.376
75.258	102.131	259.262
75.253	101.743	259.220
75.252	101.341	259.183
75.256	100.910	259.233
75.259	100.454	259.280
75.235	100.022	259.322
75.202	99.670	259.369
75.181	99.353	259.407
75.173	99.031	259.424
75.165	98.759	259.419
75.143	98.586	259.391
75.142	98.484	259.373
75.150	98.410	259.387
75.135	98.396	259.415
75.132	98.398	259.428
75.133	98.417	259.441
75.115	98.432	259.445
75.107	98.442	259.426
75.111	98.476	259.409
75.106	98.517	259.409
75.103	98.596	259.407
75.104	98.691	259.419
75.111	98.866	259.414
75.118	99.117	259.404
75.133	99.416	259.372
75.138	99.799	259.345
75.149	100.240	259.328
75.159	100.722	259.314
75.181	101.269	259.300
75.190	101.845	259.300
75.218	102.470	259.346
75.215	103.055	259.366
75.177	103.421	259.261
75.163	103.355	259.114
75.181	103.228	259.315
75.237	103.060	259.542
75.262	102.833	259.559
75.272	102.545	259.416
75.263	102.214	259.291
75.254	101.826	259.220
75.258	101.451	259.197
75.261	101.010	259.210
75.256	100.535	259.268
75.240	100.110	259.317
75.204	99.732	259.355
75.181	99.401	259.400
75.174	99.103	259.417
75.160	98.802	259.417
75.144	98.605	259.393
75.133	98.494	259.376
75.143	98.411	259.387
75.141	98.387	259.415
75.130	98.387	259.431
75.125	98.397	259.443
75.119	98.422	259.443
75.107	98.442	259.432
75.108	98.463	259.409
75.106	98.519	259.401
75.116	98.590	259.411
75.117	98.690	259.416
75.112	98.839	259.414
75.120	99.090	259.404
75.137	99.379	259.359
75.143	99.753	259.352
75.151	100.178	259.334
75.163	100.639	259.316
75.180	101.186	259.296
75.191	101.752	259.300
75.210	102.373	259.329
75.214	102.954	259.364
75.199	103.437	259.349
75.170	103.369	259.104
75.186	103.256	259.256
75.216	103.068	259.515
75.256	102.870	259.570
75.260	102.588	259.439
75.262	102.258	259.301
75.259	101.897	259.222
75.258	101.513	259.193
75.253	101.083	259.203
75.248	100.610	259.259
75.248	100.178	259.303
75.210	99.804	259.351
75.193	99.468	259.400
75.176	99.155	259.416
75.168	98.856	259.423
75.152	98.660	259.402
75.139	98.541	259.375
75.148	98.466	259.379
75.143	98.432	259.402
75.136	98.430	259.429
75.129	98.428	259.441
75.127	98.454	259.447
75.112	98.469	259.435
75.104	98.475	259.418
75.106	98.515	259.412
75.106	98.561	259.408
75.111	98.650	259.413
75.109	98.778	259.421
75.118	98.994	259.410
75.124	99.251	259.389
75.136	99.584	259.353
75.150	99.976	259.334
75.158	100.420	259.323
75.166	100.907	259.311
75.183	101.454	259.307
75.203	102.030	259.328
75.218	102.601	259.349
75.225	103.151	259.374
75.177	103.411	259.226
75.167	103.329	259.153
75.210	103.184	259.341
75.248	102.979	259.529
75.270	102.749	259.526
75.277	102.425	259.384
75.264	102.068	259.266
75.257	101.670	259.225
75.262	101.260	259.207
75.270	100.816	259.239
75.250	100.339	259.281
75.230	99.910	259.317
75.208	99.546	259.374
75.176	99.218	259.422
75.167	98.896	259.432
75.158	98.653	259.416
75.142	98.501	259.393
75.147	98.397	259.381
75.143	98.347	259.388
75.137	98.339	259.414
75.123	98.342	259.430
75.124	98.359	259.440
75.117	98.362	259.444
75.108	98.398	259.428
75.105	98.448	259.417
75.104	98.522	259.401
75.101	98.620	259.412
75.109	98.765	259.412
75.123	98.991	259.405
75.134	99.279	259.383
75.136	99.644	259.357
75.153	100.068	259.333
75.168	100.553	259.317
75.172	101.109	259.306
75.189	101.697	259.293
75.220	102.336	259.326
75.223	102.960	259.365
75.191	103.425	259.302
75.156	103.350	259.096
75.178	103.235	259.276
75.229	103.082	259.540
75.263	102.889	259.575
75.273	102.645	259.436
75.262	102.319	259.303
75.262	101.972	259.217
75.263	101.625	259.191
75.262	101.191	259.177
75.252	100.752	259.242
75.256	100.337	259.309
75.211	99.949	259.357
75.183	99.625	259.402
75.172	99.297	259.409
75.162	98.987	259.414
75.161	98.756	259.393
75.142	98.610	259.378
75.145	98.515	259.374
75.154	98.475	259.402
75.146	98.456	259.425
75.135	98.473	259.436
75.128	98.473	259.448
75.120	98.485	259.433
75.109	98.482	259.410
75.104	98.504	259.403
75.101	98.556	259.413
75.106	98.623	259.416
75.107	98.722	259.426
75.114	98.898	259.415
75.120	99.139	259.394
75.131	99.405	259.369
75.130	99.761	259.345
75.155	100.177	259.325
75.164	100.617	259.320
75.177	101.112	259.304
75.184	101.651	259.317
75.211	102.219	259.326
75.211	102.759	259.350
75.212	103.259	259.375
75.176	103.398	259.188
75.179	103.307	259.179
75.214	103.144	259.388
75.251	102.926	259.522
75.270	102.650	259.494
75.265	102.305	259.353
75.271	101.936	259.256
75.251	101.516	259.218
75.261	101.086	259.225
75.250	100.607	259.258
75.254	100.157	259.285
75.218	99.732	259.334
75.201	99.364	259.367
75.174	99.055	259.418
75.171	98.754	259.440
75.152	98.547	259.416
75.133	98.402	259.395
75.139	98.320	259.385
75.140	98.287	259.404
75.130	98.280	259.416
75.121	98.286	259.436
75.117	98.297	259.435
75.118	98.335	259.438
75.110	98.392	259.426
75.113	98.467	259.416
75.106	98.561	259.408
75.110	98.687	259.411
75.116	98.885	259.418
75.123	99.169	259.404
75.137	99.507	259.368
75.136	99.929	259.350
75.165	100.434	259.339
75.170	100.984	259.304
75.188	101.611	259.303
75.209	102.270	259.314
75.218	102.940	259.364
75.176	103.413	259.283
75.148	103.344	259.067
75.182	103.270	259.278
75.228	103.124	259.569
75.265	102.958	259.606
75.268	102.746	259.463
75.267	102.453	259.300
75.265	102.149	259.196
75.269	101.805	259.134
75.269	101.436	259.190
75.268	101.003	259.246
75.261	100.572	259.314
75.239	100.216	259.361
75.198	99.880	259.382
75.179	99.581	259.411
75.187	99.249	259.401
75.170	98.989	259.380
75.154	98.806	259.365
75.145	98.688	259.365
75.160	98.629	259.395
75.154	98.604	259.411
75.138	98.596	259.425
75.138	98.611	259.431
75.134	98.609	259.421
75.119	98.619	259.421
75.112	98.620	259.412
75.114	98.642	259.398
75.115	98.698	259.408
75.110	98.753	259.424
75.121	98.847	259.412
75.123	98.996	259.398
75.133	99.178	259.391
75.135	99.392	259.351
75.139	99.663	259.337
75.156	99.970	259.335
75.166	100.329	259.333
75.173	100.687	259.320
75.183	101.090	259.310
75.204	101.529	259.312
75.209	101.943	259.316
75.233	102.333	259.319
75.233	102.698	259.341
75.233	102.975	259.354
75.235	103.205	259.362
75.238	103.326	259.347
75.224	103.313	259.326
75.229	103.210	259.342
75.249	103.016	259.388
75.260	102.743	259.391
75.270	102.373	259.347
75.270	101.946	259.313
75.268	101.500	259.304
75.256	101.007	259.296
75.251	100.500	259.310
75.232	100.011	259.319
75.214	99.553	259.323
75.190	99.154	259.369
75.171	98.788	259.398
75.166	98.498	259.420
75.140	98.245	259.414
75.131	98.077	259.424
75.132	97.985	259.427
75.122	97.973	259.433
75.109	97.977	259.444
75.104	97.970	259.445
75.099	97.970	259.443
75.095	97.960	259.443
75.091	97.978	259.444
75.092	98.012	259.452
75.096	98.106	259.449
75.101	98.292	259.434
75.105	98.556	259.437
75.112	98.905	259.411
75.128	99.392	259.370
75.144	100.030	259.355
75.165	100.765	259.333
75.184	101.628	259.311
75.205	102.603	259.340
75.162	103.449	259.281
75.093	103.338	258.849
75.121	103.358	259.189
75.196	103.408	259.662
75.229	103.461	259.836
75.215	103.282	259.516
75.223	103.089	259.282
75.228	102.879	259.148
75.253	102.628	259.116
75.282	102.333	259.188
75.286	101.965	259.244
75.280	101.553	259.264
75.269	101.116	259.282
75.229	100.706	259.347
75.205	100.394	259.388
75.193	100.048	259.387
75.192	99.723	259.384
75.189	99.378	259.347
75.173	99.147	259.326
75.162	98.979	259.340
75.159	98.860	259.362
75.163	98.749	259.398
75.156	98.724	259.436
75.138	98.722	259.436
75.130	98.731	259.425
75.123	98.728	259.421
75.116	98.717	259.410
75.115	98.726	259.396
75.115	98.746	259.408
75.114	98.787	259.411
75.111	98.822	259.404
75.119	98.903	259.410
75.123	99.015	259.405
75.127	99.156	259.392
75.132	99.319	259.369
75.138	99.513	259.348
75.141	99.764	259.346
75.149	100.021	259.332
75.158	100.310	259.344
75.169	100.594	259.327
75.180	100.924	259.327
75.195	101.241	259.303
75.205	101.550	259.314
75.220	101.821	259.300
75.233	102.080	259.306
75.238	102.275	259.315
75.241	102.416	259.317
75.232	102.491	259.323
75.242	102.499	259.327
75.238	102.421	259.331
75.242	102.281	259.325
75.241	102.077	259.308
75.246	101.794	259.312
75.240	101.471	259.316
75.243	101.110	259.327
75.233	100.720	259.319
75.221	100.356	259.326
75.214	99.970	259.329
75.203	99.613	259.328
75.192	99.299	259.337
75.172	99.029	259.374
75.162	98.799	259.395
75.151	98.637	259.412
75.147	98.541	259.411
75.146	98.505	259.406
75.134	98.498	259.410
75.122	98.477	259.412
75.120	98.486	259.427
75.115	98.479	259.422
75.114	98.487	259.421
75.113	98.486	259.423
75.116	98.496	259.432
75.109	98.498	259.433
75.106	98.528	259.427
75.107	98.595	259.422
75.118	98.708	259.407
75.120	98.875	259.400
75.128	99.127	259.388
75.141	99.429	259.346
75.146	99.828	259.341
75.162	100.294	259.337
75.167	100.801	259.317
75.189	101.368	259.314
75.201	101.969	259.320
75.220	102.587	259.348
75.211	103.181	259.369
75.156	103.403	259.171
75.149	103.310	259.143
75.189	103.184	259.376
75.230	102.991	259.559
75.252	102.763	259.548
75.256	102.450	259.393
75.253	102.121	259.274
75.253	101.718	259.194
75.251	101.321	259.194
75.253	100.877	259.222
75.250	100.430	259.269
75.236	99.995	259.328
75.201	99.652	259.361
75.174	99.333	259.415
75.168	99.026	259.423
75.165	98.758	259.415
75.141	98.589	259.385
75.128	98.486	259.374
75.136	98.416	259.382
75.139	98.396	259.412
75.130	98.407	259.436
75.121	98.408	259.448
75.117	98.425	259.450
75.102	98.435	259.434
75.105	98.450	259.415
75.101	98.491	259.409
75.100	98.554	259.421
75.106	98.638	259.428
75.103	98.783	259.422
75.123	99.011	259.410
75.126	99.288	259.382
75.130	99.648	259.349
75.151	100.071	259.340
75.158	100.523	259.316
75.173	101.059	259.310
75.183	101.626	259.313
75.205	102.237	259.331
75.209	102.823	259.358
75.210	103.374	259.371
75.149	103.373	259.133
75.174	103.297	259.202
75.210	103.118	259.469
75.256	102.915	259.569
75.271	102.669	259.473
75.271	102.330	259.331
75.264	101.968	259.229
75.259	101.579	259.199
75.257	101.150	259.200
75.266	100.703	259.246
75.256	100.255	259.286
75.226	99.856	259.335
75.202	99.521	259.390
75.180	99.204	259.421
75.170	98.896	259.424
75.159	98.674	259.409
75.137	98.542	259.384
75.140	98.450	259.381
75.145	98.423	259.405
75.130	98.406	259.427
75.128	98.411	259.446
75.130	98.424	259.452
75.111	98.429	259.441
75.105	98.433	259.427
75.099	98.454	259.410
75.106	98.516	259.416
75.113	98.593	259.427
75.111	98.711	259.427
75.116	98.886	259.421
75.122	99.146	259.398
75.133	99.466	259.369
75.140	99.856	259.343
75.166	100.329	259.333
75.169	100.813	259.317
75.178	101.367	259.311
75.196	101.966	259.322
75.210	102.580	259.353
75.215	103.163	259.374
75.170	103.419	259.193
75.170	103.343	259.141
75.199	103.217	259.368
75.252	103.028	259.550
75.265	102.784	259.541
75.278	102.488	259.377
75.265	102.147	259.265
75.263	101.747	259.191
75.264	101.371	259.191
75.266	100.920	259.229
75.251	100.449	259.270
75.239	100.029	259.320
75.202	99.673	259.354
75.186	99.358	259.402
75.173	99.031	259.424
75.163	98.765	259.420
75.148	98.606	259.393
75.138	98.496	259.376
75.147	98.446	259.383
75.149	98.428	259.416
75.133	98.417	259.435
75.128	98.427	259.447
75.118	98.446	259.448
75.107	98.441	259.428
75.108	98.462	259.421
75.110	98.499	259.408
75.103	98.565	259.418
75.107	98.662	259.422
75.117	98.817	259.421
75.122	99.040	259.408
75.132	99.314	259.376
75.142	99.673	259.352
75.154	100.089	259.338
75.167	100.534	259.322
75.175	101.056	259.309
75.192	101.617	259.314
75.215	102.224	259.321
75.210	102.801	259.357
75.215	103.333	259.371
75.172	103.396	259.150
75.176	103.292	259.182
75.216	103.127	259.437
75.252	102.917	259.558
75.265	102.643	259.485
75.265	102.304	259.337
75.260	101.932	259.239
75.250	101.543	259.206
75.256	101.111	259.209
75.252	100.646	259.249
75.251	100.190	259.287
75.209	99.770	259.331
75.192	99.419	259.368
75.174	99.118	259.423
75.171	98.822	259.434
75.152	98.593	259.408
75.136	98.459	259.383
75.137	98.367	259.379
75.144	98.343	259.399
75.134	98.325	259.426
75.123	98.345	259.437
75.126	98.354	259.449
75.118	98.384	259.446
75.113	98.421	259.420
75.106	98.470	259.414
75.108	98.555	259.406
75.105	98.667	259.414
75.107	98.836	259.416
75.121	99.081	259.411
75.130	99.382	259.379
75.135	99.781	259.352
75.151	100.251	259.330
75.165	100.744	259.306
75.177	101.332	259.293
75.198	101.942	259.307
75.213	102.590	259.352
75.208	103.207	259.374
75.159	103.401	259.158
75.156	103.325	259.143
75.195	103.201	259.411
75.244	103.021	259.585
75.254	102.803	259.543
75.263	102.520	259.375
75.268	102.201	259.262
75.263	101.844	259.187
75.258	101.480	259.172
75.262	101.061	259.222
75.254	100.593	259.264
75.235	100.195	259.322
75.204	99.840	259.375
75.179	99.512	259.398
75.169	99.202	259.409
75.166	98.910	259.402
75.148	98.714	259.380
75.139	98.598	259.372
75.146	98.534	259.376
75.153	98.504	259.406
75.139	98.507	259.422
75.130	98.512	259.439
75.130	98.512	259.433
75.114	98.508	259.426
75.104	98.523	259.405
75.110	98.548	259.401
75.100	98.580	259.412
75.104	98.648	259.418
75.110	98.751	259.420
75.115	98.918	259.404
75.122	99.147	259.396
75.131	99.399	259.345
75.134	99.747	259.345
75.158	100.136	259.324
75.168	100.553	259.323
75.173	101.032	259.315
75.187	101.547	259.316
75.205	102.084	259.325
75.218	102.600	259.345
75.225	103.068	259.357
75.213	103.434	259.349
75.174	103.349	259.161
75.204	103.213	259.270
75.242	103.009	259.477
75.264	102.750	259.517
75.267	102.400	259.391
75.255	102.026	259.293
75.254	101.607	259.240
75.259	101.159	259.227
75.249	100.671	259.245
75.245	100.194	259.272
75.222	99.748	259.307
75.200	99.375	259.352
75.178	99.042	259.421
75.163	98.720	259.435
75.150	98.505	259.437
75.137	98.336	259.406
75.134	98.245	259.394
75.136	98.198	259.406
75.126	98.180	259.432
75.117	98.188	259.444
75.113	98.217	259.447
75.113	98.268	259.441
75.107	98.335	259.438
75.109	98.434	259.427
75.108	98.577	259.415
75.113	98.747	259.410
75.116	98.982	259.398
75.126	99.308	259.387
75.129	99.714	259.377
75.149	100.211	259.352
75.165	100.763	259.330
75.172	101.389	259.310
75.192	102.072	259.314
75.208	102.806	259.348
75.184	103.432	259.349
75.134	103.360	259.043
75.157	103.303	259.231
75.214	103.216	259.560
75.242	103.109	259.669
75.263	102.934	259.499
75.259	102.720	259.333
75.263	102.442	259.186
75.268	102.175	259.138
75.282	101.816	259.164
75.283	101.437	259.252
75.278	101.012	259.294
75.250	100.607	259.342
75.214	100.280	259.370
75.192	99.948	259.383
75.181	99.620	259.402
75.179	99.277	259.379
75.171	99.050	259.356
75.164	98.880	259.354
75.168	98.754	259.377
75.157	98.657	259.404
75.153	98.643	259.432
75.138	98.655	259.435
75.136	98.661	259.421
75.123	98.666	259.413
75.116	98.669	259.417
75.115	98.696	259.423
75.116	98.714	259.415
75.111	98.752	259.414
75.113	98.810	259.406
75.117	98.910	259.405
75.118	99.037	259.388
75.124	99.185	259.383
75.130	99.362	259.346
75.137	99.599	259.343
75.145	99.856	259.345
75.154	100.150	259.330
75.166	100.451	259.327
75.175	100.793	259.315
75.185	101.147	259.308
75.201	101.499	259.308
75.212	101.829	259.296
75.228	102.136	259.313
75.238	102.401	259.326
75.236	102.598	259.335
75.235	102.735	259.334
75.237	102.794	259.329
75.245	102.765	259.341
75.242	102.643	259.346
75.250	102.442	259.335
75.245	102.180	259.326
75.241	101.836	259.310
75.244	101.472	259.322
75.237	101.049	259.316
75.238	100.615	259.325
75.228	100.202	259.325
75.205	99.798	259.334
75.192	99.411	259.336
75.181	99.083	259.359
75.165	98.807	259.390
75.158	98.591	259.414
75.152	98.441	259.416
75.136	98.316	259.417
75.135	98.283	259.413
75.128	98.284	259.426
75.118	98.271	259.429
75.116	98.279	259.427
75.101	98.272	259.423
75.108	98.286	259.429
75.100	98.316	259.433
75.102	98.375	259.435
75.108	98.475	259.430
75.110	98.627	259.417
75.119	98.837	259.410
75.131	99.138	259.396
75.136	99.489	259.370
75.146	99.942	259.347
75.165	100.480	259.331
75.176	101.090	259.307
75.187	101.768	259.298
75.208	102.504	259.332
75.203	103.262	259.378
75.131	103.378	259.078
75.138	103.333	259.105
75.179	103.245	259.474
75.226	103.130	259.654
75.251	102.980	259.585
75.249	102.786	259.396
75.245	102.529	259.242
75.253	102.272	259.149
75.270	101.933	259.136
75.268	101.560	259.219
75.284	101.151	259.284
75.252	100.715	259.330
75.225	100.377	259.366
75.198	100.036	259.385
75.178	99.735	259.411
75.192	99.382	259.382
75.169	99.105	259.361
75.159	98.924	259.356
75.158	98.791	259.365
75.162	98.683	259.398
75.156	98.643	259.417
75.140	98.649	259.440
75.131	98.663	259.438
75.130	98.669	259.417
75.116	98.672	259.418
75.112	98.682	259.430
75.113	98.702	259.425
75.110	98.734	259.417
75.105	98.775	259.417
75.108	98.852	259.410
75.115	98.959	259.401
75.118	99.098	259.390
75.128	99.260	259.356
75.135	99.482	259.341
75.140	99.741	259.340
75.151	100.015	259.330
75.157	100.337	259.328
75.172	100.650	259.321
75.175	101.008	259.316
75.194	101.377	259.304
75.207	101.715	259.300
75.217	102.044	259.322
75.235	102.329	259.315
75.241	102.561	259.339
75.237	102.733	259.327
75.238	102.816	259.338
75.245	102.831	259.342
75.244	102.749	259.341
75.249	102.578	259.337
75.251	102.334	259.322
75.253	102.031	259.319
75.255	101.678	259.319
75.250	101.266	259.299
75.247	100.845	259.314
75.232	100.417	259.334
75.220	99.993	259.328
75.209	99.608	259.332
75.191	99.269	259.356
75.173	98.957	259.382
75.167	98.707	259.410
75.148	98.514	259.417
75.150	98.380	259.423
75.138	98.313	259.417
75.133	98.292	259.422
75.123	98.279	259.425
75.116	98.279	259.427
75.115	98.285	259.423
75.105	98.277	259.424
75.106	98.294	259.428
75.107	98.334	259.434
75.108	98.418	259.433
75.111	98.539	259.430
75.113	98.706	259.414
75.121	98.959	259.405
75.132	99.268	259.380
75.137	99.684	259.363
75.159	100.172	259.345
75.168	100.732	259.319
75.178	101.367	259.311
75.206	102.085	259.313
75.218	102.817	259.354
75.180	103.444	259.342
75.138	103.365	259.044
75.157	103.299	259.236
75.206	103.196	259.567
75.244	103.080	259.662
75.254	102.891	259.507
75.255	102.668	259.327
75.254	102.371	259.182
75.256	102.088	259.133
75.265	101.731	259.182
75.275	101.337	259.250
75.263	100.913	259.305
75.242	100.508	259.340
75.212	100.176	259.377
75.186	99.857	259.392
75.184	99.521	259.394
75.174	99.182	259.366
75.158	98.963	259.361
75.153	98.816	259.355
75.159	98.699	259.383
75.157	98.610	259.414
75.150	98.616	259.429
75.136	98.621	259.434
75.128	98.629	259.423
75.117	98.626	259.410
75.113	98.640	259.423
75.109	98.652	259.426
75.106	98.685	259.418
75.112	98.726	259.424
75.109	98.775	259.420
75.118	98.881	259.408
75.119	99.009	259.394
75.117	99.167	259.382
75.125	99.361	259.340
75.138	99.622	259.339
75.144	99.884	259.333
75.150	100.208	259.329
75.165	100.541	259.333
75.168	100.896	259.317
75.184	101.278	259.295
75.202	101.644	259.308
75.211	101.997	259.313
75.228	102.314	259.322
75.235	102.578	259.346
75.223	102.776	259.338
75.230	102.903	259.334
75.234	102.930	259.330
75.239	102.893	259.341
75.238	102.768	259.345
75.247	102.538	259.336
75.250	102.253	259.319
75.257	101.889	259.304
75.250	101.501	259.317
75.251	101.066	259.311
75.235	100.602	259.319
75.227	100.183	259.329
75.201	99.749	259.335
75.197	99.370	259.345
75.172	99.028	259.371
75.165	98.746	259.398
75.156	98.534	259.410
75.144	98.353	259.420
75.131	98.248	259.411
75.135	98.220	259.414
75.123	98.217	259.423
75.118	98.206	259.426
75.107	98.207	259.430
75.112	98.209	259.423
75.107	98.224	259.433
75.109	98.262	259.430
75.110	98.350	259.435
75.113	98.484	259.426
75.118	98.666	259.417
75.126	98.901	259.406
75.132	99.226	259.390
75.138	99.641	259.363
75.149	100.145	259.345
75.166	100.738	259.327
75.177	101.411	259.315
75.202	102.165	259.320
75.208	102.929	259.358
75.152	103.419	259.190
75.129	103.352	259.035
75.166	103.301	259.321
75.223	103.234	259.645
75.246	103.155	259.695
75.256	102.976	259.481
75.242	102.784	259.296
75.248	102.544	259.161
75.259	102.279	259.120
75.279	101.938	259.207
75.285	101.557	259.265
75.274	101.136	259.305
75.246	100.729	259.345
75.213	100.431	259.378
75.198	100.101	259.388
75.192	99.790	259.385
75.191	99.453	259.358
75.177	99.229	259.318
75.172	99.066	259.329
75.166	98.939	259.371
75.166	98.842	259.392
75.157	98.803	259.420
75.148	98.811	259.437
75.140	98.822	259.418
75.125	98.817	259.396
75.118	98.821	259.409
75.118	98.837	259.419
75.116	98.839	259.416
75.122	98.866	259.404
75.114	98.899	259.403
75.119	98.947	259.398
75.115	99.023	259.395
75.121	99.114	259.391
75.132	99.225	259.380
75.138	99.361	259.362
75.145	99.526	259.345
75.140	99.731	259.341
75.153	99.941	259.335
75.162	100.187	259.343
75.169	100.418	259.332
75.172	100.653	259.322
75.186	100.904	259.313
75.199	101.146	259.299
75.203	101.388	259.304
75.210	101.570	259.312
75.218	101.717	259.307
75.216	101.817	259.309
75.216	101.880	259.308
75.212	101.879	259.296
75.218	101.828	259.305
75.223	101.719	259.313
75.221	101.559	259.310
75.224	101.352	259.304
75.219	101.092	259.308
75.214	100.809	259.306
75.209	100.499	259.319
75.202	100.207	259.316
75.199	99.914	259.328
75.193	99.646	259.332
75.185	99.387	259.333
75.166	99.171	259.373
75.159	99.000	259.382
75.154	98.868	259.398
75.154	98.805	259.393
75.153	98.786	259.398
75.136	98.772	259.404
75.136	98.773	259.407
75.132	98.787	259.414
75.118	98.774	259.414
75.118	98.773	259.410
75.114	98.768	259.409
75.116	98.781	259.409
75.121	98.788	259.402
75.112	98.793	259.412
75.118	98.819	259.406
75.120	98.856	259.399
75.119	98.949	259.390
75.132	99.099	259.385
75.132	99.244	259.352
75.139	99.483	259.353
75.136	99.755	259.340
75.156	100.078	259.332
75.163	100.418	259.322
75.169	100.793	259.318
75.184	101.188	259.305
75.193	101.586	259.319
75.196	101.963	259.315
75.215	102.329	259.334
75.213	102.637	259.357
75.213	102.872	259.351
75.219	103.019	259.351
75.226	103.103	259.353
75.227	103.075	259.365
75.237	102.963	259.357
75.244	102.764	259.359
75.256	102.461	259.333
75.256	102.124	259.316
75.269	101.710	259.320
75.263	101.258	259.312
75.249	100.790	259.316
75.236	100.340	259.328
75.224	99.886	259.337
75.198	99.450	259.339
75.179	99.087	259.375
75.168	98.755	259.387
75.159	98.497	259.413
75.141	98.275	259.423
75.133	98.133	259.424
75.126	98.066	259.426
75.126	98.066	259.442
75.110	98.060	259.438
75.105	98.053	259.440
75.096	98.045	259.435
75.100	98.050	259.442
75.095	98.046	259.451
75.096	98.060	259.448
75.105	98.164	259.444
75.107	98.315	259.427
75.110	98.562	259.426
75.118	98.882	259.411
75.137	99.336	259.359
75.146	99.897	259.349
75.160	100.580	259.342
75.176	101.374	259.316
75.201	102.252	259.319
75.206	103.216	259.361
75.111	103.380	258.992
75.123	103.360	259.010
75.177	103.345	259.480
75.230	103.380	259.785
75.249	103.374	259.725
75.242	103.273	259.415
75.229	103.135	259.153
75.255	102.969	259.044
75.269	102.736	259.154
75.301	102.443	259.285
75.293	102.082	259.293
75.290	101.659	259.301
75.262	101.240	259.314
75.220	100.888	259.381
75.204	100.531	259.383
75.206	100.179	259.375
75.195	99.786	259.353
75.190	99.445	259.303
75.176	99.210	259.317
75.161	99.000	259.339
75.161	98.824	259.398
75.151	98.701	259.428
75.142	98.665	259.441
75.134	98.675	259.428
75.130	98.669	259.417
75.118	98.650	259.416
75.107	98.645	259.412
75.109	98.657	259.408
75.114	98.661	259.415
75.116	98.671	259.430
75.103	98.680	259.417
75.104	98.694	259.414
75.110	98.735	259.420
75.108	98.794	259.404
75.109	98.875	259.394
75.112	98.996	259.382
75.119	99.170	259.374
75.132	99.357	259.355
75.136	99.600	259.359
75.157	99.881	259.339
75.162	100.188	259.330
75.177	100.500	259.320
75.177	100.830	259.308
75.194	101.183	259.289
75.201	101.547	259.294
75.214	101.870	259.293
75.225	102.187	259.312
75.225	102.427	259.332
75.224	102.624	259.336
75.225	102.753	259.332
75.224	102.797	259.346
75.229	102.760	259.347
75.233	102.635	259.348
75.241	102.434	259.337
75.237	102.152	259.323
75.237	101.801	259.314
75.236	101.440	259.325
75.235	101.014	259.320
75.224	100.570	259.326
75.215	100.160	259.333
75.199	99.757	259.340
75.195	99.373	259.336
75.173	99.044	259.371
75.165	98.760	259.407
75.152	98.546	259.419
75.144	98.356	259.427
75.130	98.232	259.423
75.127	98.199	259.427
75.117	98.186	259.437
75.110	98.184	259.436
75.094	98.178	259.431
75.099	98.184	259.430
75.103	98.217	259.435
75.107	98.269	259.431
75.108	98.348	259.431
75.113	98.486	259.423
75.110	98.669	259.408
75.109	98.936	259.393
75.135	99.271	259.355
75.130	99.727	259.355
75.153	100.287	259.342
75.159	100.891	259.313
75.178	101.596	259.315
75.199	102.382	259.334
75.203	103.205	259.375
75.118	103.382	259.060
75.130	103.344	259.070
75.173	103.290	259.463
75.224	103.245	259.707
75.235	103.127	259.641
75.240	102.981	259.411
75.249	102.785	259.221
75.250	102.565	259.132
75.267	102.283	259.145
75.290	101.954	259.235
75.280	101.553	259.286
75.278	101.136	259.308
75.251	100.753	259.348
75.214	100.448	259.382
75.194	100.131	259.388
75.193	99.804	259.382
75.187	99.461	259.341
75.168	99.232	259.315
75.170	99.072	259.330
75.161	98.929	259.372
75.163	98.816	259.399
75.158	98.776	259.426
75.141	98.776	259.423
75.139	98.784	259.416
75.118	98.776	259.411
75.116	98.777	259.414
75.114	98.787	259.411
75.117	98.800	259.404
75.113	98.814	259.405
75.115	98.854	259.405
75.108	98.902	259.395
75.125	98.989	259.408
75.114	99.069	259.402
75.125	99.185	259.361
75.136	99.352	259.358
75.127	99.531	259.340
75.146	99.771	259.338
75.161	99.996	259.344
75.163	100.254	259.337
75.170	100.499	259.329
75.183	100.761	259.319
75.190	101.050	259.298
75.203	101.307	259.284
75.215	101.558	259.297
75.227	101.770	259.303
75.220	101.928	259.304
75.224	102.059	259.325
75.223	102.134	259.319
75.228	102.135	259.315
75.232	102.075	259.313
75.229	101.936	259.324
75.227	101.756	259.306
75.224	101.528	259.311
75.232	101.259	259.306
75.216	100.927	259.318
75.214	100.591	259.320
75.208	100.268	259.327
75.205	99.955	259.335
75.193	99.646	259.332
75.184	99.370	259.339
75.169	99.139	259.375
75.161	98.931	259.391
75.161	98.773	259.404
75.155	98.685	259.402
75.150	98.662	259.409
75.139	98.659	259.408
75.129	98.647	259.415
75.124	98.642	259.414
75.113	98.644	259.405
75.122	98.652	259.416
75.116	98.650	259.416
75.111	98.643	259.417
75.114	98.660	259.412
75.114	98.677	259.422
75.116	98.715	259.412
75.119	98.791	259.408
75.117	98.911	259.393
75.130	99.124	259.388
75.134	99.348	259.346
75.142	99.668	259.344
75.159	100.048	259.332
75.164	100.459	259.326
75.171	100.913	259.315
75.188	101.408	259.313
75.203	101.901	259.316
75.213	102.403	259.339
75.212	102.853	259.356
75.210	103.267	259.374
75.176	103.387	259.232
75.179	103.288	259.223
75.201	103.119	259.391
75.240	102.875	259.494
75.256	102.573	259.469
75.263	102.205	259.354
75.255	101.770	259.272
75.257	101.339	259.238
75.251	100.858	259.255
75.247	100.375	259.284
75.238	99.910	259.286
75.209	99.482	259.321
75.189	99.136	259.393
75.169	98.780	259.436
75.150	98.506	259.440
75.138	98.315	259.414
75.129	98.172	259.405
75.126	98.100	259.411
75.127	98.086	259.432
75.113	98.092	259.439
75.116	98.106	259.443
75.110	98.126	259.445
75.098	98.164	259.447
75.101	98.241	259.434
75.105	98.371	259.419
75.105	98.542	259.412
75.113	98.750	259.418
75.112	99.075	259.404
75.133	99.483	259.394
75.140	99.979	259.365
75.153	100.568	259.333
75.169	101.264	259.324
75.183	102.018	259.313
75.194	102.832	259.354
75.141	103.403	259.220
75.116	103.338	259.010
75.147	103.299	259.282
75.207	103.269	259.631
75.236	103.224	259.721
75.254	103.111	259.510
75.251	102.940	259.302
75.257	102.755	259.149
75.265	102.492	259.120
75.285	102.190	259.197
75.295	101.825	259.264
75.281	101.414	259.283
75.260	101.009	259.312
75.224	100.651	259.362
75.193	100.329	259.385
75.193	99.981	259.377
75.190	99.647	259.357
75.179	99.345	259.311
75.163	99.151	259.309
75.163	98.994	259.331
75.163	98.859	259.383
75.152	98.761	259.404
75.144	98.763	259.426
75.133	98.760	259.420
75.122	98.757	259.407
75.113	98.746	259.407
75.107	98.753	259.400
75.114	98.769	259.403
75.119	98.772	259.401
75.111	98.802	259.399
75.119	98.835	259.406
75.117	98.906	259.410
75.118	98.988	259.402
75.127	99.090	259.395
75.123	99.217	259.375
75.137	99.384	259.358
75.136	99.578	259.344
75.145	99.809	259.346
75.161	100.056	259.349
75.169	100.313	259.335
75.177	100.566	259.326
75.186	100.843	259.311
75.195	101.112	259.313
75.208	101.389	259.300
75.213	101.632	259.302
75.220	101.822	259.304
75.224	101.978	259.312
75.222	102.095	259.319
75.221	102.139	259.317
75.221	102.122	259.313
75.228	102.025	259.326
75.220	101.866	259.314
75.228	101.682	259.317
75.225	101.434	259.310
75.222	101.124	259.303
75.218	100.801	259.314
75.207	100.460	259.323
75.212	100.126	259.325
75.197	99.809	259.331
75.187	99.497	259.328
75.179	99.239	259.349
75.166	98.998	259.382
75.165	98.808	259.406
75.155	98.686	259.412
75.150	98.616	259.407
75.146	98.610	259.409
75.136	98.600	259.413
75.130	98.606	259.412
75.118	98.602	259.423
75.113	98.594	259.415
75.118	98.600	259.420
75.111	98.602	259.420
75.109	98.611	259.422
75.117	98.625	259.429
75.114	98.661	259.415
75.119	98.731	259.414
75.122	98.855	259.402
75.125	99.037	259.392
75.137	99.270	259.358
75.139	99.594	259.351
75.156	99.967	259.334
75.163	100.421	259.323
75.170	100.894	259.320
75.180	101.424	259.309
75.196	101.964	259.319
75.213	102.527	259.347
75.214	103.035	259.377
75.186	103.422	259.342
75.154	103.332	259.154
75.176	103.202	259.284
75.216	102.993	259.505
75.243	102.755	259.544
75.258	102.422	259.417
75.251	102.042	259.297
75.249	101.647	259.237
75.255	101.216	259.228
75.259	100.747	259.237
75.250	100.278	259.273
75.230	99.826	259.306
75.200	99.440	259.342
75.179	99.122	259.421
75.161	98.791	259.439
75.142	98.535	259.429
75.128	98.375	259.403
75.136	98.286	259.392
75.135	98.217	259.400
75.125	98.204	259.425
75.111	98.206	259.444
75.114	98.220	259.448
75.108	98.254	259.452
75.106	98.315	259.433
75.096	98.396	259.425
75.101	98.510	259.417
75.104	98.648	259.412
75.108	98.852	259.410
75.117	99.143	259.410
75.130	99.513	259.389
75.130	99.949	259.358
75.153	100.472	259.341
75.162	101.075	259.316
75.177	101.736	259.299
75.199	102.453	259.333
75.204	103.177	259.377
75.132	103.373	259.124
75.137	103.334	259.121
75.179	103.256	259.424
75.233	103.133	259.626
75.251	102.975	259.586
75.261	102.778	259.409
75.262	102.525	259.256
75.261	102.239	259.166
75.282	101.908	259.124
75.273	101.542	259.186
75.282	101.135	259.267
75.255	100.707	259.319
75.227	100.368	259.357
75.191	100.040	259.370
75.176	99.719	259.394
75.186	99.383	259.382
75.169	99.100	259.346
75.159	98.924	259.356
75.154	98.783	259.362
75.158	98.681	259.398
75.151	98.630	259.422
75.139	98.633	259.434
75.133	98.654	259.429
75.118	98.644	259.414
75.111	98.643	259.417
75.107	98.659	259.427
75.112	98.681	259.426
75.114	98.719	259.422
75.109	98.761	259.423
75.110	98.842	259.420
75.121	98.961	259.402
75.114	99.115	259.398
75.131	99.274	259.354
75.135	99.496	259.350
75.139	99.768	259.340
75.148	100.061	259.341
75.166	100.387	259.340
75.170	100.723	259.323
75.180	101.077	259.317
75.188	101.457	259.310
75.213	101.802	259.302
75.224	102.152	259.316
75.234	102.415	259.332
75.239	102.659	259.338
75.236	102.819	259.333
75.232	102.895	259.329
75.239	102.893	259.341
75.238	102.812	259.343
75.246	102.629	259.346
75.247	102.364	259.332
75.251	102.054	259.324
75.250	101.672	259.314
75.250	101.260	259.313
75.236	100.813	259.322
75.230	100.364	259.325
75.218	99.935	259.330
75.204	99.542	259.329
75.194	99.182	259.353
75.174	98.864	259.382
75.159	98.609	259.405
75.149	98.407	259.417
75.146	98.281	259.428
75.134	98.211	259.426
75.129	98.209	259.433
75.120	98.199	259.430
75.116	98.198	259.424
75.108	98.194	259.432
75.099	98.184	259.430
75.098	98.207	259.441
75.102	98.261	259.429
75.110	98.364	259.438
75.115	98.522	259.423
75.109	98.715	259.409
75.126	99.008	259.394
75.136	99.364	259.369
75.139	99.830	259.358
75.159	100.392	259.335
75.173	101.030	259.324
75.182	101.743	259.298
75.214	102.550	259.337
75.204	103.347	259.380
75.121	103.379	259.038
75.135	103.337	259.121
75.186	103.278	259.525
75.234	103.215	259.716
75.248	103.091	259.598
75.240	102.900	259.376
75.239	102.691	259.205
75.248	102.451	259.121
75.264	102.139	259.154
75.282	101.783	259.222
75.271	101.386	259.289
75.265	100.969	259.321
75.238	100.604	259.363
75.199	100.306	259.392
75.196	99.994	259.387
75.195	99.668	259.374
75.182	99.360	259.324
75.168	99.175	259.318
75.159	99.025	259.335
75.167	98.911	259.377
75.163	98.830	259.407
75.155	98.812	259.429
75.130	98.814	259.436
75.129	98.821	259.403
75.118	98.821	259.403
75.111	98.820	259.412
75.114	98.850	259.416
75.117	98.863	259.410
75.112	98.887	259.407
75.107	98.929	259.401
75.109	98.982	259.388
75.119	99.074	259.397
75.119	99.164	259.387
75.128	99.284	259.372
75.130	99.429	259.341
75.131	99.623	259.340
75.137	99.824	259.332
75.152	100.049	259.344
75.162	100.297	259.338
75.171	100.521	259.325
75.181	100.769	259.324
75.191	101.017	259.312
75.203	101.259	259.291
75.204	101.466	259.300
75.216	101.645	259.302
75.218	101.760	259.313
75.222	101.859	259.303
75.212	101.894	259.308
75.218	101.869	259.308
75.221	101.794	259.306
75.223	101.658	259.315
75.220	101.473	259.314
75.227	101.258	259.300
75.216	100.976	259.299
75.211	100.669	259.313
75.209	100.393	259.329
75.208	100.095	259.339
75.192	99.802	259.339
75.193	99.535	259.328
75.182	99.311	259.343
75.169	99.119	259.379
75.164	98.961	259.395
75.157	98.849	259.406
75.153	98.801	259.404
75.149	98.794	259.396
75.139	98.784	259.410
75.132	98.785	259.416
75.123	98.779	259.415
75.121	98.786	259.404
75.119	98.792	259.412
75.114	98.786	259.407
75.115	98.787	259.395
75.115	98.806	259.406
75.120	98.807	259.402
75.112	98.840	259.401
75.124	98.908	259.395
75.127	99.029	259.387
75.133	99.179	259.372
75.141	99.369	259.348
75.143	99.627	259.334
75.152	99.920	259.326
75.166	100.264	259.324
75.165	100.599	259.318
75.178	100.989	259.317
75.188	101.393	259.317
75.208	101.779	259.303
75.213	102.162	259.319
75.216	102.475	259.343
75.222	102.753	259.353
75.218	102.957	259.362
75.220	103.060	259.355
75.226	103.084	259.358
75.238	103.016	259.366
75.237	102.852	259.359
75.252	102.603	259.352
75.258	102.287	259.330
75.263	101.884	259.308
75.260	101.461	259.317
75.255	101.007	259.312
75.244	100.545	259.333
75.232	100.077	259.332
75.206	99.646	259.332
75.191	99.263	259.338
75.172	98.914	259.381
75.158	98.633	259.405
75.149	98.406	259.420
75.135	98.231	259.425
75.136	98.144	259.427
75.119	98.116	259.430
75.112	98.115	259.439
75.110	98.105	259.430
75.110	98.105	259.430
75.098	98.102	259.439
75.095	98.088	259.442
75.103	98.105	259.443
75.105	98.163	259.441
75.105	98.291	259.433
75.104	98.474	259.424
75.112	98.746	259.423
75.125	99.116	259.397
75.133	99.566	259.360
75.145	100.156	259.345
75.163	100.835	259.322
75.178	101.601	259.314
75.205	102.478	259.329
75.198	103.369	259.379
75.114	103.373	258.981
75.127	103.351	259.097
75.183	103.327	259.559
75.232	103.314	259.764
75.248	103.247	259.644
75.238	103.124	259.373
75.234	102.968	259.154
75.248	102.817	259.080
75.283	102.542	259.181
75.291	102.248	259.274
75.280	101.853	259.289
75.271	101.453	259.290
75.236	101.045	259.339
75.212	100.690	259.389
75.205	100.349	259.396
75.193	99.963	259.380
75.191	99.607	259.336
75.176	99.315	259.307
75.162	99.082	259.317
75.156	98.910	259.368
75.153	98.737	259.411
75.154	98.667	259.432
75.136	98.665	259.438
75.132	98.661	259.418
75.118	98.645	259.418
75.110	98.629	259.414
75.107	98.647	259.409
75.107	98.641	259.407
75.111	98.648	259.415
75.109	98.655	259.411
75.105	98.669	259.417
75.104	98.694	259.420
75.111	98.753	259.418
75.105	98.822	259.400
75.110	98.940	259.388
75.119	99.101	259.382
75.128	99.283	259.362
75.140	99.518	259.355
75.142	99.798	259.344
75.164	100.113	259.337
75.168	100.443	259.328
75.177	100.784	259.306
75.201	101.151	259.305
75.200	101.525	259.298
75.216	101.874	259.300
75.223	102.195	259.311
75.229	102.471	259.339
75.217	102.687	259.344
75.223	102.840	259.347
75.221	102.892	259.344
75.224	102.874	259.354
75.227	102.780	259.351
75.240	102.583	259.341
75.243	102.316	259.327
75.239	101.969	259.316
75.242	101.589	259.316
75.236	101.158	259.323
75.235	100.710	259.322
75.227	100.288	259.332
75.205	99.844	259.336
75.194	99.446	259.331
75.184	99.111	259.365
75.162	98.793	259.393
75.157	98.553	259.405
75.151	98.370	259.427
75.139	98.238	259.430
75.129	98.190	259.431
75.119	98.179	259.425
75.112	98.180	259.432
75.108	98.175	259.431
75.096	98.168	259.435
75.100	98.201	259.440
75.103	98.230	259.434
75.111	98.316	259.433
75.112	98.447	259.433
75.114	98.608	259.424
75.114	98.835	259.404
75.120	99.157	259.398
75.135	99.560	259.359
75.143	100.051	259.347
75.160	100.647	259.330
75.176	101.321	259.324
75.191	102.066	259.327
75.208	102.867	259.363
75.151	103.429	259.248
75.107	103.346	259.012
75.152	103.308	259.271
75.204	103.238	259.618
75.228	103.168	259.707
75.248	103.022	259.507
75.239	102.830	259.313
75.242	102.609	259.160
75.250	102.333	259.111
75.276	102.010	259.186
75.284	101.647	259.255
75.284	101.224	259.297
75.250	100.826	259.328
75.220	100.491	259.370
75.197	100.207	259.388
75.192	99.880	259.379
75.201	99.540	259.353
75.177	99.289	259.316
75.168	99.126	259.315
75.165	99.009	259.366
75.162	98.885	259.384
75.154	98.818	259.408
75.145	98.829	259.433
75.132	98.831	259.418
75.128	98.828	259.398
75.116	98.822	259.406
75.109	98.825	259.416
75.117	98.843	259.411
75.113	98.859	259.409
75.116	98.889	259.407
75.114	98.925	259.394
75.112	98.992	259.393
75.119	99.073	259.394
75.116	99.168	259.391
75.131	99.297	259.372
75.139	99.439	259.359
75.138	99.621	259.346
75.143	99.818	259.343
75.152	100.028	259.339
75.163	100.267	259.336
75.171	100.473	259.332
75.181	100.704	259.322
75.190	100.935	259.311
75.203	101.148	259.299
75.211	101.354	259.295
75.215	101.515	259.302
75.219	101.625	259.310
75.215	101.684	259.308
75.221	101.710	259.302
75.215	101.691	259.298
75.217	101.613	259.303
75.221	101.494	259.313
75.218	101.308	259.302
75.214	101.087	259.313
75.204	100.842	259.304
75.207	100.575	259.316
75.201	100.314	259.326
75.196	100.027	259.330
75.189	99.771	259.331
75.184	99.527	259.329
75.173	99.324	259.343
75.167	99.146	259.380
75.159	99.002	259.396
75.150	98.898	259.399
75.151	98.852	259.397
75.146	98.851	259.397
75.135	98.847	259.403
75.126	98.837	259.401
75.128	98.848	259.409
75.123	98.841	259.411
75.119	98.859	259.412
75.119	98.855	259.411
75.113	98.861	259.400
75.111	98.864	259.401
75.116	98.888	259.403
75.118	98.929	259.401
75.124	99.013	259.392
75.124	99.128	259.379
75.133	99.271	259.360
75.144	99.488	259.348
75.140	99.743	259.337
75.152	100.033	259.338
75.155	100.344	259.318
75.170	100.675	259.324
75.171	101.023	259.310
75.186	101.400	259.312
75.197	101.731	259.304
75.201	102.080	259.324
75.211	102.346	259.329
75.217	102.580	259.340
75.219	102.745	259.346
75.221	102.828	259.341
75.222	102.822	259.349
75.228	102.742	259.349
75.235	102.565	259.337
75.250	102.313	259.329
75.246	101.985	259.320
75.250	101.626	259.319
75.248	101.226	259.311
75.238	100.792	259.324
75.232	100.374	259.340
75.218	99.951	259.336
75.196	99.550	259.325
75.185	99.218	259.343
75.164	98.900	259.387
75.159	98.652	259.406
75.147	98.474	259.423
75.142	98.342	259.417
75.128	98.283	259.422
75.125	98.270	259.422
75.116	98.261	259.424
75.105	98.255	259.416
75.109	98.258	259.425
75.097	98.251	259.436
75.098	98.275	259.424
75.107	98.332	259.437
75.102	98.415	259.428
75.103	98.547	259.410
75.112	98.711	259.405
75.115	98.958	259.398
75.129	99.301	259.376
75.134	99.716	259.356
75.148	100.236	259.339
75.165	100.807	259.318
75.171	101.478	259.306
75.190	102.201	259.325
75.207	102.954	259.361
75.150	103.422	259.197
75.133	103.358	259.052
75.171	103.308	259.313
75.219	103.207	259.619
75.254	103.097	259.648
75.249	102.914	259.466
75.249	102.700	259.279
75.255	102.434	259.159
75.263	102.152	259.123
75.276	101.793	259.178
75.274	101.399	259.261
75.273	100.985	259.303
75.245	100.581	259.348
75.211	100.262	259.378
75.187	99.934	259.385
75.186	99.622	259.396
75.180	99.299	259.366
75.165	99.065	259.338
75.157	98.903	259.340
75.162	98.793	259.386
75.160	98.705	259.415
75.151	98.699	259.430
75.128	98.695	259.442
75.136	98.707	259.423
75.118	98.707	259.413
75.111	98.711	259.427
75.107	98.723	259.430
75.117	98.753	259.415
75.110	98.782	259.416
75.105	98.820	259.409
75.114	98.897	259.412
75.116	99.000	259.395
75.119	99.119	259.389
75.132	99.270	259.372
75.142	99.446	259.350
75.135	99.672	259.345
75.147	99.912	259.340
75.158	100.200	259.339
75.167	100.470	259.328
75.174	100.774	259.320
75.189	101.068	259.305
75.200	101.372	259.309
75.216	101.645	259.296
75.220	101.882	259.302
75.227	102.102	259.305
75.228	102.247	259.318
75.231	102.324	259.314
75.234	102.351	259.317
75.235	102.308	259.317
75.234	102.182	259.318
75.238	101.995	259.307
75.226	101.735	259.308
75.232	101.452	259.311
75.237	101.109	259.320
75.218	100.752	259.321
75.209	100.393	259.329
75.210	100.043	259.336
75.192	99.695	259.329
75.191	99.387	259.336
75.169	99.116	259.356
75.162	98.906	259.389
75.160	98.734	259.407
75.151	98.632	259.414
75.147	98.601	259.416
75.136	98.598	259.409
75.125	98.598	259.416
75.118	98.583	259.416
75.115	98.588	259.420
75.113	98.594	259.415
75.109	98.593	259.415
75.111	98.597	259.421
75.109	98.610	259.419
75.107	98.615	259.417
75.111	98.643	259.417
75.107	98.706	259.410
75.107	98.813	259.404
75.121	99.003	259.399
75.131	99.227	259.355
75.134	99.520	259.343
75.144	99.884	259.333
75.154	100.305	259.333
75.171	100.761	259.326
75.185	101.271	259.316
75.198	101.784	259.319
75.215	102.330	259.337
75.212	102.839	259.359
75.210	103.281	259.377
75.170	103.386	259.213
75.164	103.287	259.206
75.200	103.099	259.408
75.233	102.875	259.525
75.249	102.573	259.482
75.248	102.213	259.353
75.252	101.805	259.259
75.241	101.371	259.230
75.252	100.922	259.242
75.243	100.435	259.264
75.243	99.977	259.289
75.212	99.558	259.321
75.188	99.222	259.400
75.166	98.877	259.437
75.154	98.602	259.435
75.140	98.415	259.419
75.134	98.294	259.391
75.133	98.211	259.396
75.124	98.182	259.429
75.117	98.185	259.443
75.115	98.193	259.448
75.111	98.224	259.452
75.109	98.279	259.446
75.103	98.347	259.425
75.109	98.438	259.422
75.100	98.580	259.412
75.104	98.753	259.415
75.108	99.023	259.413
75.129	99.369	259.386
75.135	99.802	259.373
75.144	100.313	259.351
75.159	100.890	259.326
75.169	101.547	259.313
75.194	102.251	259.328
75.197	102.989	259.367
75.136	103.407	259.194
75.119	103.342	259.073
75.169	103.286	259.339
75.222	103.173	259.624
75.255	103.057	259.627
75.254	102.860	259.456
75.255	102.633	259.288
75.263	102.363	259.158
75.280	102.070	259.131
75.278	101.703	259.172
75.282	101.311	259.262
75.266	100.881	259.313
75.239	100.513	259.353
75.206	100.195	259.375
75.189	99.886	259.392
75.186	99.558	259.387
75.175	99.256	259.356
75.162	99.039	259.345
75.159	98.902	259.353
75.160	98.781	259.380
75.161	98.707	259.407
75.144	98.700	259.430
75.135	98.706	259.435
75.127	98.717	259.410
75.116	98.716	259.406
75.112	98.727	259.421
75.114	98.738	259.424
75.113	98.769	259.419
75.110	98.799	259.414
75.116	98.841	259.414
75.122	98.932	259.410
75.120	99.044	259.396
75.123	99.164	259.390
75.133	99.334	259.359
75.143	99.531	259.348
75.144	99.774	259.344
75.156	100.031	259.343
75.168	100.321	259.334
75.172	100.603	259.338
75.178	100.910	259.317
75.199	101.222	259.298
75.209	101.534	259.306
75.220	101.803	259.302
75.231	102.040	259.311
75.232	102.233	259.311
75.232	102.359	259.316
75.232	102.423	259.325
75.239	102.419	259.324
75.233	102.335	259.323
75.236	102.191	259.329
75.228	101.949	259.300
75.228	101.686	259.312
75.231	101.366	259.316
75.228	100.996	259.310
75.222	100.624	259.327
75.211	100.264	259.318
75.207	99.903	259.331
75.189	99.549	259.328
75.184	99.260	259.344
75.164	99.009	259.372
75.157	98.787	259.398
75.149	98.643	259.408
75.146	98.567	259.408
75.141	98.541	259.408
75.134	98.542	259.415
75.134	98.546	259.416
75.115	98.525	259.414
75.108	98.527	259.418
75.106	98.530	259.424
75.111	98.540	259.418
75.109	98.541	259.421
75.107	98.551	259.423
75.104	98.581	259.424
75.109	98.653	259.413
75.114	98.780	259.415
75.118	98.973	259.395
75.124	99.233	259.382
75.132	99.549	259.350
75.146	99.939	259.340
75.160	100.408	259.330
75.166	100.909	259.324
75.179	101.463	259.314
75.190	102.049	259.330
75.211	102.643	259.353
75.205	103.199	259.373
75.151	103.396	259.200
75.156	103.325	259.165
75.179	103.155	259.378
75.229	102.955	259.548
75.239	102.705	259.535
75.249	102.380	259.377
75.252	102.023	259.267
75.242	101.632	259.221
75.255	101.200	259.212
75.261	100.742	259.240
75.251	100.295	259.277
75.226	99.864	259.313
75.197	99.514	259.382
75.180	99.205	259.425
75.169	98.888	259.434
75.147	98.652	259.422
75.140	98.507	259.394
75.134	98.421	259.380
75.141	98.375	259.398
75.136	98.364	259.416
75.122	98.367	259.445
75.118	98.384	259.453
75.115	98.385	259.449
75.103	98.396	259.434
75.107	98.424	259.412
75.098	98.478	259.410
75.105	98.556	259.421
75.105	98.684	259.424
75.110	98.866	259.420
75.117	99.142	259.407
75.127	99.480	259.368
75.142	99.893	259.342
75.150	100.380	259.320
75.163	100.920	259.307
75.174	101.504	259.309
75.197	102.140	259.320
75.209	102.777	259.363
75.207	103.375	259.386
75.155	103.394	259.128
75.167	103.298	259.186
75.205	103.155	259.474
75.250	102.973	259.595
75.267	102.745	259.497
75.261	102.425	259.337
75.271	102.106	259.237
75.265	101.746	259.189
75.263	101.343	259.186
75.272	100.921	259.236
75.260	100.473	259.297
75.240	100.065	259.341
75.204	99.745	259.387
75.182	99.418	259.404
75.171	99.101	259.412
75.162	98.845	259.396
75.152	98.688	259.369
75.139	98.582	259.372
75.151	98.511	259.395
75.143	98.492	259.412
75.129	98.493	259.437
75.129	98.489	259.443
75.120	98.501	259.439
75.114	98.501	259.430
75.101	98.510	259.411
75.105	98.541	259.403
75.107	98.597	259.419
75.103	98.674	259.425
75.114	98.802	259.429
75.116	98.994	259.409
75.124	99.234	259.385
75.133	99.521	259.352
75.141	99.871	259.333
75.151	100.290	259.336
75.159	100.716	259.321
75.183	101.213	259.320
75.193	101.716	259.319
75.207	102.247	259.330
75.215	102.757	259.355
75.219	103.192	259.362
75.190	103.418	259.255
75.187	103.338	259.183
75.214	103.170	259.335
75.241	102.944	259.480
75.261	102.658	259.480
75.269	102.312	259.367
75.254	101.906	259.267
75.249	101.474	259.233
75.253	101.023	259.244
75.247	100.524	259.269
75.241	100.048	259.287
75.208	99.614	259.318
75.195	99.269	259.381
75.171	98.913	259.421
75.154	98.621	259.430
75.146	98.411	259.427
75.135	98.266	259.393
75.129	98.173	259.399
75.129	98.146	259.421
75.117	98.139	259.441
75.111	98.161	259.446
75.108	98.189	259.449
75.098	98.223	259.442
75.099	98.292	259.433
75.110	98.409	259.424
75.105	98.559	259.416
75.103	98.734	259.413
75.112	99.012	259.404
75.131	99.358	259.386
75.130	99.791	259.370
75.144	100.310	259.344
75.157	100.913	259.331
75.179	101.577	259.308
75.203	102.308	259.313
75.200	103.062	259.365
75.129	103.402	259.115
75.134	103.348	259.077
75.174	103.305	259.374
75.225	103.207	259.645
75.247	103.085	259.628
75.259	102.912	259.435
75.251	102.693	259.268
75.257	102.426	259.154
75.269	102.149	259.131
75.285	101.779	259.190
75.269	101.378	259.266
75.269	100.955	259.315
75.240	100.578	259.356
75.200	100.260	259.381
75.183	99.937	259.383
75.181	99.615	259.387
75.178	99.302	259.366
75.168	99.075	259.336
75.160	98.940	259.350
75.157	98.816	259.373
75.162	98.730	259.397
75.149	98.724	259.433
75.132	98.741	259.440
75.131	98.747	259.413
75.122	98.755	259.409
75.109	98.764	259.424
75.114	98.786	259.423
75.120	98.811	259.413
75.114	98.833	259.406
75.107	98.884	259.403
75.117	98.972	259.401
75.122	99.082	259.399
75.122	99.189	259.371
75.131	99.335	259.352
75.135	99.545	259.346
75.137	99.774	259.341
75.155	100.013	259.335
75.157	100.291	259.343
75.175	100.553	259.320
75.173	100.845	259.318
75.190	101.156	259.298
75.203	101.446	259.311
75.216	101.706	259.310
75.218	101.934	259.305
75.228	102.138	259.310
75.235	102.264	259.312
75.228	102.327	259.321
75.228	102.330	259.322
75.233	102.270	259.326
75.229	102.129	259.330
75.225	101.905	259.317
75.234	101.662	259.309
75.226	101.344	259.305
75.223	100.990	259.321
75.216	100.627	259.325
75.209	100.290	259.330
75.211	99.930	259.334
75.198	99.606	259.329
75.193	99.320	259.336
75.174	99.082	259.374
75.163	98.859	259.393
75.154	98.711	259.414
75.151	98.635	259.415
75.146	98.611	259.412
75.139	98.613	259.413
75.130	98.604	259.414
75.120	98.598	259.413
75.118	98.597	259.418
75.111	98.602	259.420
75.104	98.600	259.425
75.110	98.609	259.415
75.108	98.618	259.418
75.115	98.629	259.417
75.113	98.685	259.409
75.114	98.786	259.407
75.119	98.946	259.395
75.133	99.177	259.387
75.137	99.443	259.359
75.141	99.809	259.344
75.153	100.224	259.330
75.170	100.673	259.326
75.177	101.176	259.303
75.196	101.709	259.308
75.203	102.261	259.324
75.210	102.795	259.354
75.206	103.281	259.374
75.163	103.373	259.195
75.171	103.284	259.192
75.195	103.093	259.413
75.235	102.868	259.530
75.252	102.583	259.487
75.253	102.238	259.359
75.253	101.838	259.270
75.249	101.410	259.218
75.256	100.972	259.235
75.245	100.489	259.267
75.245	100.016	259.280
75.203	99.615	259.319
75.188	99.280	259.379
75.176	98.954	259.434
75.158	98.667	259.435
75.140	98.477	259.421
75.132	98.359	259.399
75.131	98.278	259.390
75.130	98.260	259.410
75.115	98.256	259.431
75.113	98.265	259.440
75.107	98.285	259.448
75.104	98.320	259.441
75.104	98.366	259.426
75.101	98.446	259.411
75.103	98.564	259.414
75.100	98.706	259.407
75.104	98.932	259.407
75.124	99.246	259.397
75.136	99.643	259.369
75.134	100.108	259.352
75.158	100.654	259.326
75.168	101.272	259.301
75.187	101.935	259.305
75.196	102.654	259.352
75.198	103.353	259.379
75.130	103.359	259.098
75.146	103.313	259.165
75.193	103.220	259.500
75.242	103.077	259.632
75.263	102.918	259.545
75.261	102.681	259.367
75.267	102.400	259.241
75.274	102.120	259.152
75.271	101.749	259.142
75.279	101.369	259.217
75.270	100.960	259.291
75.246	100.554	259.338
75.217	100.245	259.371
75.191	99.925	259.383
75.180	99.596	259.386
75.180	99.294	259.367
75.162	99.059	259.362
75.154	98.897	259.358
75.153	98.762	259.370
75.155	98.687	259.405
75.143	98.661	259.424
75.137	98.682	259.436
75.130	98.684	259.430
75.124	98.685	259.414
75.110	98.691	259.422
75.102	98.697	259.420
75.112	98.727	259.428
75.110	98.753	259.424
75.103	98.800	259.420
75.111	98.882	259.414
75.119	99.012	259.395
75.118	99.147	259.383
75.128	99.308	259.349
75.134	99.542	259.345
75.138	99.793	259.343
75.156	100.081	259.333
75.161	100.386	259.328
75.167	100.711	259.327
75.186	101.056	259.315
75.197	101.404	259.307
75.201	101.719	259.295
75.219	102.035	259.313
75.236	102.304	259.319
75.233	102.505	259.326
75.234	102.655	259.331
75.232	102.724	259.331
75.236	102.710	259.337
75.236	102.601	259.336
75.238	102.416	259.332
75.241	102.181	259.317
75.237	101.849	259.307
75.241	101.507	259.321
75.239	101.106	259.320
75.227	100.677	259.315
75.216	100.287	259.332
75.204	99.889	259.334
75.194	99.509	259.337
75.179	99.197	259.364
75.172	98.916	259.378
75.160	98.686	259.408
75.146	98.520	259.419
75.143	98.428	259.419
75.139	98.394	259.420
75.120	98.373	259.425
75.123	98.387	259.422
75.116	98.391	259.420
75.112	98.384	259.421
75.102	98.374	259.425
75.105	98.388	259.429
75.098	98.385	259.431
75.102	98.419	259.423
75.105	98.493	259.425
75.110	98.609	259.409
75.112	98.790	259.417
75.121	99.067	259.392
75.131	99.404	259.360
75.140	99.850	259.341
75.161	100.383	259.327
75.173	100.969	259.316
75.183	101.626	259.313
75.211	102.342	259.330
75.213	103.058	259.361
75.146	103.423	259.160
75.128	103.352	259.085
75.171	103.273	259.357
75.222	103.131	259.623
75.245	102.967	259.622
75.248	102.756	259.444
75.244	102.475	259.284
75.256	102.184	259.186
75.260	101.860	259.135
75.266	101.482	259.207
75.260	101.041	259.267
75.255	100.610	259.323
75.225	100.266	259.361
75.195	99.959	259.385
75.175	99.657	259.414
75.181	99.333	259.390
75.171	99.071	259.371
75.154	98.897	259.358
75.146	98.768	259.369
75.156	98.684	259.392
75.147	98.646	259.414
75.143	98.661	259.430
75.132	98.678	259.428
75.126	98.682	259.414
75.115	98.681	259.411
75.113	98.703	259.428
75.104	98.710	259.420
75.103	98.734	259.413
75.108	98.805	259.421
75.113	98.878	259.410
75.121	99.006	259.400
75.118	99.145	259.386
75.125	99.311	259.350
75.139	99.549	259.344
75.141	99.809	259.344
75.157	100.099	259.331
75.164	100.411	259.333
75.176	100.747	259.319
75.183	101.106	259.320
75.189	101.475	259.308
75.207	101.823	259.307
75.228	102.157	259.327
75.234	102.412	259.331
75.226	102.634	259.341
75.228	102.781	259.333
75.231	102.856	259.338
75.230	102.837	259.349
75.237	102.746	259.343
75.241	102.558	259.338
75.245	102.293	259.316
75.255	101.974	259.311
75.245	101.600	259.319
75.247	101.187	259.314
75.241	100.756	259.321
75.231	100.337	259.331
75.215	99.921	259.326
75.199	99.533	259.333
75.184	99.195	259.347
75.164	98.897	259.380
75.150	98.661	259.405
75.145	98.486	259.411
75.133	98.349	259.409
75.134	98.324	259.416
75.125	98.313	259.417
75.115	98.303	259.421
75.106	98.295	259.416
75.104	98.302	259.427
75.104	98.301	259.423
75.104	98.300	259.420
75.096	98.329	259.430
75.106	98.403	259.425
75.107	98.504	259.428
75.107	98.658	259.417
75.112	98.883	259.402
75.124	99.188	259.390
75.136	99.582	259.361
75.150	100.053	259.342
75.170	100.611	259.331
75.175	101.248	259.311
75.188	101.929	259.320
75.212	102.679	259.348
75.204	103.396	259.377
75.127	103.374	259.059
75.149	103.342	259.182
75.187	103.239	259.520
75.232	103.111	259.662
75.244	102.943	259.551
75.247	102.729	259.366
75.248	102.452	259.207
75.251	102.195	259.140
75.263	101.823	259.144
75.261	101.451	259.237
75.273	101.031	259.292
75.241	100.614	259.340
75.208	100.283	259.368
75.186	99.966	259.377
75.182	99.656	259.407
75.179	99.325	259.378
75.165	99.075	259.357
75.154	98.899	259.350
75.154	98.786	259.370
75.153	98.690	259.406
75.147	98.669	259.426
75.139	98.678	259.438
75.130	98.686	259.427
75.122	98.692	259.410
75.110	98.689	259.419
75.104	98.714	259.425
75.112	98.727	259.421
75.109	98.763	259.414
75.113	98.814	259.417
75.110	98.895	259.412
75.119	99.009	259.400
75.118	99.145	259.386
75.124	99.295	259.377
75.133	99.505	259.346
75.138	99.748	259.345
75.149	100.018	259.347
75.163	100.312	259.338
75.172	100.605	259.329
75.177	100.939	259.315
75.187	101.266	259.308
75.209	101.595	259.315
75.220	101.883	259.312
75.226	102.146	259.315
75.238	102.357	259.322
75.233	102.507	259.329
75.238	102.593	259.331
75.234	102.609	259.335
75.238	102.528	259.340
75.239	102.377	259.327
75.245	102.165	259.313
75.240	101.861	259.303
75.238	101.537	259.316
75.243	101.156	259.313
75.226	100.764	259.320
75.224	100.384	259.327
75.213	99.993	259.325
75.197	99.634	259.323
75.189	99.311	259.330
75.171	99.050	259.372
75.159	98.810	259.388
75.151	98.635	259.409
75.147	98.524	259.414
75.138	98.484	259.416
75.129	98.478	259.409
75.124	98.474	259.418
75.113	98.466	259.428
75.117	98.468	259.422
75.108	98.459	259.420
75.106	98.469	259.426
75.106	98.468	259.422
75.106	98.486	259.436
75.107	98.504	259.428
75.106	98.575	259.423
75.122	98.690	259.418
75.111	98.865	259.404
75.128	99.126	259.390
75.137	99.444	259.362
75.140	99.850	259.347
75.162	100.340	259.332
75.169	100.857	259.321
75.188	101.457	259.316
75.196	102.074	259.314
75.212	102.724	259.350
75.210	103.328	259.376
75.146	103.384	259.126
75.150	103.299	259.165
75.186	103.163	259.455
75.233	102.971	259.588
75.246	102.746	259.519
75.251	102.432	259.361
75.250	102.093	259.246
75.251	101.725	259.183
75.251	101.323	259.185
75.259	100.878	259.235
75.250	100.444	259.294
75.239	100.027	259.339
75.196	99.692	259.374
75.178	99.385	259.405
75.170	99.069	259.418
75.153	98.803	259.408
75.143	98.650	259.385
75.137	98.544	259.369
75.146	98.484	259.392
75.137	98.466	259.418
75.124	98.466	259.434
75.126	98.474	259.451
75.119	98.478	259.449
75.107	98.488	259.427
75.099	98.500	259.412
75.100	98.536	259.408
75.102	98.589	259.423
75.098	98.670	259.424
75.106	98.809	259.431
75.119	99.012	259.402
75.116	99.259	259.391
75.129	99.569	259.349
75.139	99.944	259.335
75.154	100.366	259.320
75.161	100.820	259.315
75.176	101.325	259.319
75.190	101.859	259.325
75.208	102.395	259.337
75.207	102.894	259.363
75.216	103.352	259.372
75.173	103.386	259.192
75.184	103.277	259.208
75.217	103.084	259.420
75.250	102.857	259.514
75.265	102.545	259.447
75.261	102.193	259.326
75.254	101.780	259.234
75.249	101.346	259.218
75.253	100.897	259.239
75.247	100.413	259.270
75.237	99.954	259.290
75.205	99.542	259.323
75.183	99.220	259.400
75.167	98.879	259.435
75.152	98.610	259.434
75.143	98.425	259.412
75.134	98.312	259.389
75.129	98.243	259.395
75.132	98.224	259.424
75.120	98.213	259.439
75.112	98.227	259.443
75.108	98.258	259.453
75.104	98.301	259.439
75.108	98.350	259.429
75.103	98.454	259.419
75.104	98.586	259.416
75.111	98.753	259.418
75.109	99.000	259.408
75.130	99.344	259.399
75.134	99.761	259.369
75.149	100.253	259.349
75.158	100.827	259.326
75.173	101.470	259.307
75.193	102.153	259.311
75.206	102.872	259.360
75.173	103.427	259.313
75.135	103.350	259.053
75.165	103.287	259.257
75.217	103.184	259.568
75.254	103.036	259.634
75.260	102.855	259.483
75.262	102.603	259.318
75.270	102.311	259.186
75.264	102.014	259.130
75.274	101.650	259.162
75.277	101.237	259.248
75.261	100.812	259.303
75.243	100.440	259.358
75.210	100.117	259.381
75.174	99.793	259.399
75.180	99.473	259.398
75.173	99.172	259.386
75.156	98.959	259.355
75.150	98.805	259.353
75.159	98.716	259.393
75.154	98.646	259.411
75.142	98.642	259.429
75.138	98.660	259.440
75.136	98.662	259.431
75.123	98.669	259.420
75.114	98.678	259.426
75.110	98.689	259.419
75.114	98.723	259.417
75.106	98.768	259.428
75.112	98.837	259.422
75.120	98.940	259.410
75.115	99.087	259.394
75.120	99.240	259.358
75.129	99.457	259.357
75.136	99.707	259.347
75.145	99.984	259.338
75.158	100.308	259.337
75.159	100.622	259.327
75.167	100.991	259.315
75.189	101.370	259.312
75.205	101.717	259.306
75.218	102.063	259.317
75.227	102.355	259.324
75.236	102.597	259.341
75.228	102.781	259.333
75.231	102.873	259.342
75.232	102.892	259.349
75.234	102.823	259.349
75.239	102.676	259.348
75.250	102.423	259.334
75.242	102.104	259.320
75.244	101.740	259.315
75.241	101.333	259.311
75.235	100.885	259.308
75.229	100.451	259.330
75.214	100.010	259.329
75.191	99.606	259.332
75.189	99.267	259.336
75.166	98.934	259.373
75.155	98.668	259.404
75.151	98.460	259.417
75.131	98.292	259.421
75.129	98.207	259.429
75.120	98.195	259.426
75.116	98.198	259.424
75.114	98.204	259.420
75.108	98.188	259.430
75.107	98.204	259.428
75.100	98.205	259.429
75.096	98.233	259.438
75.104	98.320	259.431
75.107	98.442	259.426
75.108	98.632	259.421
75.114	98.894	259.410
75.124	99.226	259.364
75.127	99.698	259.354
75.147	100.259	259.344
75.165	100.886	259.318
75.181	101.617	259.309
75.203	102.417	259.320
75.203	103.267	259.370
75.119	103.383	259.042
75.137	103.361	259.071
75.167	103.284	259.490
75.217	103.241	259.731
75.240	103.149	259.640
75.234	102.984	259.393
75.235	102.816	259.203
75.242	102.593	259.123
75.263	102.298	259.155
75.283	101.959	259.240
75.269	101.570	259.290
75.267	101.136	259.308
75.229	100.751	259.339
75.200	100.431	259.378
75.196	100.125	259.397
75.187	99.783	259.393
75.192	99.448	259.338
75.167	99.212	259.326
75.170	99.052	259.325
75.160	98.910	259.377
75.160	98.800	259.404
75.151	98.763	259.430
75.133	98.759	259.432
75.134	98.782	259.416
75.128	98.784	259.410
75.114	98.766	259.412
75.115	98.789	259.402
75.115	98.806	259.418
75.116	98.822	259.412
75.108	98.854	259.402
75.112	98.904	259.401
75.111	98.977	259.403
75.119	99.074	259.397
75.120	99.187	259.378
75.133	99.329	259.345
75.136	99.519	259.340
75.136	99.740	259.333
75.154	99.978	259.334
75.158	100.247	259.339
75.170	100.502	259.330
75.176	100.768	259.318
75.190	101.043	259.302
75.201	101.328	259.299
75.213	101.588	259.304
75.222	101.793	259.296
75.219	101.973	259.317
75.224	102.104	259.324
75.227	102.182	259.314
75.227	102.178	259.319
75.227	102.114	259.316
75.231	101.993	259.328
75.232	101.795	259.315
75.226	101.564	259.311
75.223	101.267	259.308
75.224	100.947	259.310
75.216	100.596	259.330
75.209	100.287	259.335
75.207	99.948	259.330
75.195	99.638	259.333
75.184	99.357	259.330
75.164	99.116	259.376
75.157	98.899	259.396
75.153	98.737	259.411
75.145	98.655	259.417
75.143	98.617	259.420
75.132	98.616	259.411
75.128	98.609	259.412
75.116	98.607	259.421
75.111	98.600	259.423
75.111	98.601	259.416
75.111	98.602	259.420
75.107	98.609	259.424
75.107	98.617	259.424
75.108	98.631	259.411
75.113	98.701	259.415
75.115	98.789	259.402
75.119	98.947	259.392
75.124	99.171	259.380
75.142	99.450	259.345
75.141	99.806	259.337
75.155	100.232	259.337
75.166	100.671	259.317
75.177	101.176	259.303
75.197	101.701	259.315
75.207	102.247	259.324
75.208	102.758	259.361
75.206	103.234	259.375
75.170	103.393	259.215
75.163	103.292	259.188
75.198	103.133	259.370
75.229	102.890	259.513
75.248	102.613	259.497
75.247	102.257	259.373
75.256	101.854	259.270
75.243	101.426	259.224
75.252	100.988	259.233
75.242	100.505	259.265
75.246	100.038	259.276
75.208	99.617	259.319
75.184	99.281	259.387
75.174	98.941	259.434
75.158	98.653	259.438
75.139	98.442	259.419
75.127	98.308	259.403
75.133	98.228	259.391
75.125	98.208	259.414
75.115	98.192	259.438
75.115	98.209	259.448
75.115	98.242	259.444
75.109	98.262	259.442
75.097	98.304	259.427
75.105	98.384	259.424
75.103	98.502	259.418
75.100	98.662	259.419
75.116	98.889	259.413
75.120	99.201	259.396
75.129	99.600	259.378
75.137	100.075	259.350
75.158	100.636	259.328
75.165	101.261	259.298
75.183	101.951	259.309
75.197	102.691	259.351
75.183	103.381	259.382
75.130	103.362	259.078
75.146	103.310	259.186
75.195	103.225	259.532
75.244	103.090	259.654
75.261	102.928	259.541
75.264	102.697	259.352
75.257	102.412	259.203
75.269	102.149	259.131
75.282	101.793	259.146
75.278	101.415	259.234
75.273	100.986	259.290
75.247	100.574	259.337
75.218	100.264	259.373
75.185	99.947	259.382
75.179	99.641	259.400
75.181	99.314	259.372
75.163	99.078	259.363
75.152	98.904	259.347
75.153	98.781	259.377
75.157	98.674	259.402
75.147	98.645	259.426
75.133	98.652	259.432
75.132	98.678	259.428
75.121	98.673	259.408
75.119	98.681	259.423
75.110	98.691	259.422
75.107	98.707	259.420
75.108	98.742	259.422
75.110	98.798	259.416
75.121	98.895	259.411
75.119	99.007	259.397
75.120	99.157	259.392
75.128	99.329	259.364
75.137	99.551	259.356
75.148	99.826	259.345
75.152	100.109	259.343
75.160	100.406	259.332
75.163	100.724	259.330
75.182	101.070	259.315
75.198	101.423	259.308
75.208	101.733	259.313
75.222	102.046	259.316
75.229	102.301	259.324
75.239	102.502	259.334
75.229	102.645	259.331
75.236	102.712	259.335
75.231	102.686	259.341
75.240	102.585	259.344
75.242	102.385	259.328
75.242	102.154	259.317
75.238	101.821	259.303
75.233	101.471	259.323
75.240	101.077	259.322
75.228	100.651	259.318
75.215	100.267	259.327
75.202	99.881	259.326
75.194	99.492	259.327
75.181	99.185	259.348
75.167	98.912	259.387
75.162	98.683	259.407
75.139	98.507	259.416
75.137	98.403	259.413
75.134	98.372	259.421
75.127	98.374	259.416
75.120	98.357	259.424
75.118	98.365	259.423
75.109	98.370	259.434
75.109	98.371	259.428
75.104	98.369	259.434
75.102	98.375	259.435
75.104	98.409	259.427
75.102	98.479	259.428
75.108	98.618	259.418
75.115	98.808	259.409
75.117	99.081	259.393
75.141	99.446	259.362
75.151	99.901	259.347
75.161	100.430	259.332
75.164	101.026	259.314
75.181	101.677	259.307
75.202	102.399	259.338
75.208	103.117	259.375
75.133	103.410	259.139
75.134	103.350	259.097
75.174	103.263	259.389
75.224	103.121	259.627
75.238	102.949	259.611
75.247	102.716	259.428
75.247	102.442	259.283
75.250	102.144	259.168
75.258	101.805	259.135
75.256	101.407	259.208
75.260	100.976	259.270
75.255	100.548	259.333
75.225	100.199	259.367
75.185	99.883	259.383
75.175	99.590	259.403
75.174	99.268	259.396
75.165	99.026	259.376
75.149	98.844	259.358
75.147	98.722	259.367
75.154	98.644	259.398
75.153	98.627	259.422
75.143	98.635	259.440
75.130	98.640	259.432
75.129	98.648	259.431
75.106	98.642	259.417
75.110	98.670	259.423
75.115	98.694	259.420
75.105	98.727	259.418
75.103	98.781	259.419
75.111	98.884	259.412
75.115	99.027	259.396
75.125	99.206	259.381
75.129	99.408	259.370
75.133	99.680	259.350
75.147	99.975	259.335
75.152	100.311	259.335
75.170	100.656	259.329
75.173	101.030	259.318
75.180	101.439	259.321
75.203	101.834	259.306
75.222	102.219	259.320
75.225	102.531	259.341
75.235	102.815	259.350
75.230	103.007	259.346
75.233	103.133	259.336
75.231	103.156	259.347
75.234	103.071	259.363
75.244	102.917	259.359
75.255	102.684	259.350
75.263	102.359	259.319
75.264	101.968	259.313
75.258	101.534	259.313
75.261	101.076	259.307
75.242	100.601	259.319
75.235	100.154	259.341
75.213	99.711	259.333
75.195	99.311	259.334
75.172	98.964	259.371
75.155	98.669	259.408
75.147	98.414	259.413
75.133	98.241	259.422
75.122	98.131	259.421
75.126	98.113	259.432
75.112	98.100	259.432
75.111	98.098	259.435
75.100	98.095	259.434
75.091	98.083	259.434
75.090	98.083	259.440
75.093	98.111	259.453
75.094	98.178	259.447
75.095	98.307	259.428
75.099	98.513	259.433
75.114	98.785	259.419
75.125	99.159	259.392
75.133	99.632	259.367
75.150	100.229	259.344
75.160	100.909	259.321
75.184	101.690	259.307
75.205	102.556	259.341
75.190	103.428	259.369
75.114	103.377	258.970
75.123	103.337	259.138
75.191	103.316	259.578
75.225	103.317	259.777
75.235	103.234	259.616
75.231	103.109	259.364
75.238	102.968	259.150
75.247	102.799	259.088
75.273	102.517	259.189
75.287	102.212	259.290
75.283	101.816	259.292
75.265	101.406	259.297
75.237	101.005	259.340
75.205	100.644	259.391
75.199	100.305	259.395
75.198	99.924	259.376
75.182	99.551	259.328
75.175	99.279	259.308
75.175	99.060	259.321
75.163	98.864	259.376
75.158	98.702	259.413
75.155	98.641	259.441
75.136	98.622	259.437
75.135	98.626	259.425
75.121	98.612	259.416
75.119	98.618	259.418
75.112	98.620	259.412
75.108	98.617	259.408
75.108	98.618	259.418
75.103	98.627	259.426
75.106	98.640	259.420
75.110	98.689	259.431
75.112	98.746	259.423
75.108	98.837	259.398
75.119	98.994	259.382
75.124	99.184	259.379
75.129	99.411	259.371
75.134	99.697	259.354
75.155	100.012	259.341
75.166	100.387	259.334
75.166	100.735	259.320
75.185	101.146	259.305
75.195	101.567	259.308
75.212	101.956	259.304
75.229	102.330	259.316
75.230	102.665	259.342
75.219	102.914	259.345
75.221	103.128	259.359
75.220	103.233	259.359
75.218	103.241	259.358
75.230	103.152	259.374
75.239	102.971	259.368
75.245	102.719	259.361
75.256	102.354	259.330
75.256	101.950	259.318
75.254	101.501	259.320
75.250	101.031	259.309
75.237	100.532	259.324
75.229	100.062	259.335
75.202	99.611	259.336
75.191	99.224	259.364
75.160	98.832	259.381
75.154	98.526	259.408
75.138	98.251	259.421
75.128	98.057	259.440
75.128	97.952	259.444
75.117	97.922	259.452
75.108	97.912	259.456
75.100	97.922	259.449
75.097	97.909	259.456
75.090	97.911	259.466
75.083	97.909	259.471
75.084	97.949	259.471
75.095	98.040	259.458
75.102	98.215	259.444
75.099	98.467	259.438
75.111	98.818	259.415
75.134	99.317	259.363
75.137	99.945	259.350
75.152	100.718	259.337
75.171	101.607	259.313
75.194	102.600	259.339
75.138	103.450	259.262
75.078	103.343	258.846
75.103	103.372	259.211
75.181	103.433	259.686
75.201	103.456	259.785
75.200	103.278	259.488
75.216	103.069	259.296
75.229	102.867	259.160
75.243	102.615	259.125
75.270	102.309	259.182
75.281	101.962	259.240
75.276	101.547	259.253
75.265	101.110	259.277
75.232	100.715	259.342
75.203	100.401	259.393
75.181	100.068	259.392
75.186	99.745	259.390
75.187	99.400	259.349
75.169	99.168	259.344
75.160	98.984	259.338
75.161	98.850	259.366
75.160	98.735	259.401
75.144	98.700	259.437
75.135	98.704	259.450
75.126	98.697	259.433
75.120	98.699	259.421
75.113	98.703	259.412
75.112	98.711	259.399
75.107	98.723	259.408
75.104	98.758	259.413
75.102	98.811	259.404
75.111	98.882	259.420
75.121	99.002	259.405
75.118	99.143	259.395
75.129	99.296	259.355
75.136	99.515	259.345
75.132	99.753	259.340
75.144	100.013	259.329
75.150	100.314	259.329
75.163	100.592	259.326
75.178	100.909	259.314
75.188	101.220	259.300
75.200	101.522	259.307
75.212	101.783	259.301
75.219	102.015	259.302
75.234	102.227	259.310
75.231	102.342	259.312
75.236	102.406	259.317
75.236	102.411	259.322
75.237	102.322	259.310
75.232	102.182	259.317
75.234	101.960	259.311
75.231	101.694	259.307
75.228	101.385	259.315
75.227	101.038	259.316
75.224	100.661	259.320
75.215	100.313	259.323
75.207	99.948	259.330
75.193	99.600	259.330
75.181	99.296	259.359
75.162	99.014	259.380
75.155	98.779	259.403
75.147	98.601	259.416
75.147	98.495	259.422
75.139	98.439	259.412
75.134	98.434	259.423
75.125	98.424	259.415
75.118	98.430	259.426
75.111	98.428	259.426
75.104	98.427	259.435
75.104	98.431	259.429
75.102	98.435	259.433
75.103	98.458	259.430
75.105	98.512	259.427
75.103	98.610	259.416
75.114	98.766	259.412
75.119	99.007	259.397
75.127	99.312	259.366
75.135	99.716	259.349
75.158	100.201	259.343
75.166	100.732	259.325
75.176	101.326	259.307
75.188	101.973	259.324
75.202	102.656	259.347
75.203	103.312	259.378
75.144	103.392	259.125
75.140	103.319	259.149
75.184	103.187	259.469
75.228	103.031	259.612
75.241	102.823	259.547
75.246	102.535	259.379
75.248	102.224	259.259
75.246	101.879	259.174
75.251	101.519	259.153
75.264	101.102	259.226
75.253	100.650	259.283
75.239	100.264	259.332
75.200	99.919	259.372
75.180	99.613	259.406
75.171	99.308	259.403
75.164	99.009	259.394
75.154	98.806	259.381
75.145	98.668	259.370
75.145	98.592	259.389
75.141	98.540	259.411
75.136	98.556	259.430
75.129	98.556	259.443
75.129	98.557	259.437
75.114	98.568	259.424
75.106	98.578	259.417
75.114	98.595	259.409
75.097	98.632	259.415
75.104	98.690	259.425
75.112	98.794	259.422
75.114	98.938	259.409
75.118	99.146	259.396
75.128	99.386	259.345
75.127	99.702	259.343
75.147	100.072	259.331
75.153	100.451	259.327
75.163	100.897	259.324
75.173	101.358	259.321
75.193	101.830	259.318
75.205	102.313	259.329
75.209	102.762	259.350
75.214	103.141	259.371
75.199	103.418	259.332
75.182	103.344	259.212
75.210	103.208	259.297
75.230	102.988	259.447
75.253	102.712	259.471
75.260	102.362	259.369
75.260	101.965	259.293
75.243	101.512	259.248
75.247	101.044	259.246
75.252	100.548	259.281
75.236	100.075	259.285
75.204	99.632	259.307
75.188	99.263	259.353
75.168	98.898	259.414
75.157	98.586	259.437
75.137	98.352	259.429
75.125	98.205	259.413
75.114	98.094	259.409
75.120	98.071	259.422
75.113	98.070	259.431
75.108	98.081	259.446
75.104	98.096	259.446
75.098	98.119	259.455
75.091	98.164	259.444
75.104	98.254	259.434
75.100	98.376	259.422
75.103	98.564	259.420
75.109	98.826	259.414
75.119	99.183	259.405
75.131	99.636	259.377
75.144	100.184	259.355
75.159	100.843	259.336
75.179	101.577	259.308
75.204	102.394	259.325
75.198	103.246	259.375
75.112	103.375	259.044
75.125	103.341	259.082
75.170	103.298	259.500
75.224	103.262	259.727
75.248	103.192	259.660
75.249	103.037	259.402
75.246	102.863	259.202
75.240	102.647	259.117
75.271	102.379	259.162
75.287	102.052	259.249
75.277	101.646	259.286
75.271	101.229	259.295
75.237	100.850	259.337
75.207	100.511	259.385
75.190	100.187	259.395
75.188	99.848	259.384
75.189	99.501	259.341
75.169	99.257	259.303
75.157	99.076	259.319
75.160	98.941	259.366
75.160	98.801	259.391
75.153	98.754	259.421
75.138	98.762	259.429
75.132	98.769	259.406
75.120	98.763	259.408
75.114	98.768	259.409
75.112	98.775	259.405
75.115	98.787	259.404
75.120	98.812	259.401
75.108	98.835	259.400
75.115	98.898	259.399
75.117	98.970	259.410
75.119	99.071	259.396
75.122	99.199	259.390
75.133	99.332	259.346
75.139	99.533	259.343
75.138	99.750	259.342
75.157	99.992	259.344
75.158	100.246	259.335
75.175	100.502	259.332
75.181	100.767	259.327
75.185	101.037	259.314
75.201	101.330	259.302
75.209	101.578	259.305
75.224	101.786	259.301
75.216	101.963	259.319
75.215	102.099	259.320
75.216	102.162	259.310
75.218	102.170	259.327
75.222	102.107	259.324
75.219	101.969	259.329
75.220	101.771	259.316
75.218	101.546	259.316
75.216	101.250	259.301
75.207	100.921	259.305
75.212	100.578	259.320
75.199	100.256	259.324
75.200	99.929	259.325
75.187	99.620	259.332
75.179	99.345	259.339
75.162	99.118	259.373
75.167	98.911	259.390
75.152	98.760	259.406
75.146	98.673	259.408
75.147	98.648	259.405
75.140	98.648	259.408
75.122	98.650	259.413
75.120	98.639	259.416
75.113	98.637	259.416
75.115	98.648	259.424
75.115	98.650	259.422
75.109	98.653	259.419
75.112	98.667	259.417
75.114	98.675	259.418
75.109	98.717	259.413
75.115	98.810	259.407
75.119	98.952	259.391
75.125	99.137	259.367
75.131	99.403	259.350
75.140	99.744	259.347
75.149	100.128	259.335
75.165	100.543	259.324
75.177	101.019	259.319
75.188	101.522	259.313
75.185	102.027	259.325
75.208	102.525	259.353
75.208	102.972	259.369
75.195	103.357	259.383
75.169	103.356	259.194
75.179	103.242	259.250
75.205	103.033	259.448
75.241	102.785	259.516
75.250	102.446	259.429
75.247	102.069	259.328
75.248	101.644	259.258
75.249	101.192	259.231
75.243	100.710	259.254
75.244	100.233	259.278
75.214	99.772	259.303
75.200	99.397	259.348
75.176	99.046	259.403
75.162	98.718	259.443
75.141	98.466	259.437
75.135	98.297	259.416
75.125	98.189	259.397
75.125	98.140	259.416
75.115	98.129	259.426
75.113	98.133	259.443
75.107	98.154	259.448
75.098	98.182	259.454
75.098	98.214	259.437
75.104	98.302	259.427
75.101	98.401	259.419
75.094	98.556	259.409
75.102	98.761	259.414
75.110	99.079	259.408
75.131	99.483	259.387
75.138	99.972	259.351
75.152	100.547	259.335
75.168	101.225	259.311
75.185	101.963	259.315
75.197	102.758	259.356
75.170	103.431	259.345
75.121	103.343	259.005
75.147	103.313	259.233
75.201	103.252	259.597
75.234	103.164	259.709
75.250	103.032	259.538
75.252	102.832	259.327
75.252	102.592	259.172
75.264	102.349	259.118
75.279	102.019	259.159
75.282	101.652	259.247
75.278	101.226	259.292
75.253	100.841	259.329
75.221	100.513	259.367
75.198	100.223	259.388
75.187	99.892	259.388
75.184	99.558	259.358
75.173	99.305	259.320
75.164	99.120	259.320
75.157	98.968	259.343
75.156	98.863	259.385
75.160	98.797	259.412
75.139	98.798	259.440
75.131	98.812	259.429
75.124	98.794	259.399
75.108	98.789	259.405
75.113	98.810	259.416
75.113	98.812	259.413
75.120	98.826	259.420
75.113	98.857	259.411
75.109	98.889	259.410
75.112	98.947	259.395
75.125	99.052	259.398
75.118	99.146	259.390
75.135	99.281	259.380
75.134	99.435	259.357
75.131	99.626	259.347
75.147	99.848	259.346
75.158	100.071	259.337
75.163	100.316	259.333
75.172	100.542	259.324
75.182	100.788	259.320
75.197	101.042	259.302
75.199	101.272	259.294
75.212	101.485	259.304
75.214	101.650	259.300
75.216	101.769	259.310
75.215	101.858	259.312
75.209	101.882	259.302
75.220	101.867	259.302
75.227	101.773	259.310
75.213	101.631	259.315
75.215	101.453	259.312
75.219	101.220	259.300
75.203	100.932	259.310
75.205	100.646	259.320
75.198	100.350	259.329
75.195	100.052	259.332
75.185	99.780	259.333
75.186	99.520	259.334
75.174	99.297	259.343
75.168	99.096	259.367
75.152	98.941	259.400
75.157	98.831	259.408
75.149	98.765	259.414
75.150	98.769	259.409
75.140	98.759	259.407
75.129	98.756	259.406
75.118	98.752	259.412
75.120	98.763	259.414
75.116	98.759	259.407
75.113	98.768	259.415
75.109	98.777	259.417
75.114	98.785	259.413
75.110	98.799	259.413
75.121	98.848	259.406
75.109	98.918	259.401
75.114	99.053	259.386
75.121	99.214	259.358
75.134	99.459	259.344
75.143	99.755	259.337
75.149	100.079	259.333
75.162	100.445	259.323
75.163	100.830	259.323
75.178	101.250	259.310
75.191	101.659	259.315
75.199	102.084	259.328
75.206	102.467	259.345
75.207	102.785	259.356
75.211	103.045	259.361
75.209	103.227	259.358
75.208	103.300	259.347
75.215	103.276	259.352
75.225	103.132	259.373
75.247	102.898	259.382
75.267	102.595	259.365
75.266	102.214	259.337
75.269	101.773	259.319
75.263	101.301	259.300
75.252	100.808	259.303
75.242	100.323	259.322
75.221	99.853	259.332
75.202	99.421	259.332
75.177	99.050	259.382
75.161	98.712	259.411
75.147	98.433	259.420
75.132	98.218	259.431
75.129	98.099	259.431
75.123	98.056	259.434
75.116	98.057	259.440
75.107	98.047	259.438
75.093	98.031	259.437
75.088	98.026	259.452
75.083	98.022	259.451
75.088	98.028	259.450
75.090	98.064	259.445
75.089	98.153	259.441
75.094	98.336	259.435
75.108	98.587	259.429
75.113	98.917	259.410
75.125	99.395	259.382
75.141	99.982	259.344
75.146	100.696	259.333
75.170	101.521	259.316
75.194	102.430	259.324
75.186	103.395	259.380
75.096	103.359	258.932
75.114	103.351	259.091
75.179	103.358	259.569
75.225	103.392	259.810
75.236	103.354	259.664
75.232	103.258	259.353
75.226	103.104	259.118
75.245	102.913	259.059
75.269	102.651	259.192
75.302	102.354	259.289
75.296	101.969	259.288
75.277	101.555	259.298
75.242	101.135	259.336
75.209	100.792	259.389
75.196	100.451	259.387
75.195	100.085	259.380
75.197	99.715	259.348
75.179	99.392	259.306
75.161	99.175	259.314
75.158	98.990	259.346
75.152	98.813	259.392
75.149	98.705	259.431
75.143	98.680	259.448
75.119	98.684	259.424
75.119	98.685	259.418
75.117	98.676	259.413
75.113	98.685	259.409
75.113	98.687	259.406
75.108	98.683	259.415
75.106	98.686	259.421
75.105	98.713	259.415
75.108	98.743	259.419
75.109	98.777	259.417
75.108	98.853	259.404
75.104	98.960	259.383
75.112	99.104	259.374
75.126	99.265	259.354
75.129	99.474	259.354
75.139	99.722	259.354
75.152	99.982	259.344
75.162	100.277	259.326
75.176	100.574	259.319
75.175	100.879	259.304
75.192	101.207	259.288
75.200	101.526	259.296
75.216	101.814	259.302
75.214	102.073	259.313
75.220	102.270	259.320
75.220	102.418	259.333
75.229	102.517	259.335
75.224	102.509	259.339
75.226	102.440	259.332
75.229	102.303	259.328
75.229	102.109	259.325
75.217	101.809	259.310
75.216	101.491	259.315
75.227	101.147	259.324
75.214	100.746	259.322
75.210	100.367	259.339
75.201	99.987	259.339
75.190	99.634	259.336
75.182	99.313	259.341
75.166	99.046	259.381
75.155	98.795	259.397
75.150	98.619	259.415
75.139	98.502	259.424
75.133	98.466	259.422
75.133	98.463	259.415
75.112	98.456	259.420
75.112	98.445	259.429
75.110	98.452	259.425
75.103	98.455	259.429
75.103	98.452	259.428
75.098	98.448	259.430
75.108	98.461	259.433
75.100	98.491	259.431
75.105	98.556	259.421
75.101	98.664	259.410
75.105	98.840	259.404
75.118	99.103	259.389
75.133	99.438	259.352
75.138	99.858	259.340
75.151	100.358	259.334
75.161	100.902	259.322
75.177	101.518	259.313
75.200	102.168	259.321
75.202	102.824	259.359
75.189	103.427	259.381
75.137	103.372	259.095
75.148	103.291	259.215
75.199	103.146	259.518
75.234	102.961	259.614
75.248	102.744	259.500
75.252	102.437	259.338
75.251	102.111	259.238
75.257	101.748	259.176
75.255	101.372	259.196
75.261	100.933	259.247
75.263	100.503	259.301
75.233	100.111	259.346
75.199	99.805	259.395
75.173	99.492	259.412
75.173	99.187	259.414
75.158	98.920	259.395
75.150	98.755	259.378
75.142	98.655	259.376
75.143	98.581	259.393
75.141	98.561	259.419
75.123	98.557	259.434
75.121	98.569	259.443
75.116	98.559	259.438
75.110	98.563	259.423
75.092	98.567	259.415
75.098	98.590	259.408
75.099	98.624	259.416
75.099	98.688	259.431
75.102	98.781	259.431
75.114	98.941	259.410
75.120	99.138	259.397
75.125	99.361	259.346
75.131	99.666	259.340
75.149	100.017	259.337
75.157	100.398	259.331
75.164	100.803	259.323
75.173	101.249	259.314
75.189	101.710	259.314
75.207	102.182	259.327
75.221	102.611	259.348
75.221	102.967	259.360
75.222	103.286	259.369
75.207	103.417	259.276
75.210	103.351	259.260
75.230	103.196	259.356
75.254	102.948	259.437
75.266	102.640	259.434
75.268	102.268	259.340
75.264	101.825	259.282
75.250	101.357	259.264
75.256	100.880	259.282
75.240	100.371	259.292
75.223	99.893	259.304
75.213	99.466	259.323
75.183	99.091	259.388
75.159	98.738	259.424
75.150	98.460	259.439
75.131	98.249	259.427
75.121	98.114	259.417
75.121	98.045	259.425
75.116	98.038	259.439
75.111	98.035	259.445
75.102	98.043	259.447
75.100	98.049	259.454
75.089	98.066	259.453
75.094	98.118	259.443
75.096	98.214	259.437
75.100	98.383	259.428
75.105	98.603	259.426
75.108	98.917	259.419
75.127	99.324	259.394
75.133	99.853	259.361
75.156	100.484	259.347
75.167	101.207	259.326
75.185	102.025	259.327
75.203	102.906	259.359
75.127	103.414	259.124
75.098	103.340	258.998
75.149	103.335	259.325
75.208	103.304	259.671
75.236	103.297	259.750
75.248	103.211	259.511
75.239	103.075	259.281
75.240	102.924	259.102
75.258	102.716	259.128
75.295	102.427	259.228
75.289	102.077	259.292
75.289	101.684	259.294
75.254	101.264	259.310
75.218	100.894	259.360
75.202	100.550	259.394
75.193	100.197	259.388
75.192	99.816	259.364
75.177	99.466	259.305
75.166	99.223	259.310
75.162	99.022	259.335
75.159	98.828	259.386
75.151	98.703	259.413
75.148	98.642	259.432
75.131	98.642	259.423
75.126	98.639	259.413
75.117	98.631	259.409
75.110	98.628	259.411
75.109	98.636	259.409
75.107	98.647	259.415
75.102	98.639	259.413
75.106	98.645	259.418
75.106	98.685	259.427
75.114	98.737	259.426
75.104	98.818	259.418
75.106	98.952	259.384
75.124	99.125	259.378
75.130	99.321	259.371
75.136	99.582	259.361
75.138	99.858	259.346
75.158	100.205	259.338
75.167	100.533	259.334
75.168	100.899	259.318
75.186	101.293	259.303
75.206	101.673	259.302
75.213	102.056	259.319
75.224	102.385	259.331
75.216	102.669	259.352
75.218	102.883	259.355
75.214	103.016	259.354
75.216	103.076	259.353
75.223	103.030	259.361
75.227	102.903	259.364
75.233	102.694	259.358
75.240	102.396	259.334
75.244	102.037	259.317
75.244	101.629	259.317
75.242	101.179	259.318
75.230	100.709	259.316
75.226	100.269	259.330
75.206	99.819	259.327
75.202	99.423	259.345
75.166	99.051	259.364
75.160	98.740	259.399
75.147	98.477	259.418
75.137	98.294	259.422
75.132	98.156	259.430
75.130	98.117	259.439
75.112	98.117	259.436
75.112	98.117	259.436
75.096	98.104	259.442
75.093	98.099	259.435
75.085	98.107	259.443
75.094	98.113	259.451
75.095	98.151	259.453
75.098	98.226	259.443
75.103	98.396	259.434
75.105	98.617	259.429
75.109	98.933	259.414
75.126	99.352	259.381
75.137	99.903	259.360
75.157	100.569	259.340
75.167	101.339	259.323
75.182	102.166	259.320
75.194	103.084	259.370
75.100	103.397	259.024
75.094	103.339	259.008
75.151	103.333	259.418
75.204	103.328	259.758
75.225	103.299	259.742
75.224	103.197	259.475
75.229	103.076	259.210
75.234	102.931	259.073
75.255	102.718	259.146
75.294	102.432	259.265
75.291	102.091	259.302
75.275	101.673	259.308
75.256	101.260	259.322
75.225	100.915	259.378
75.200	100.557	259.395
75.196	100.234	259.382
75.194	99.857	259.358
75.184	99.528	259.311
75.175	99.282	259.309
75.157	99.082	259.343
75.161	98.917	259.382
75.154	98.773	259.416
75.140	98.717	259.438
75.137	98.732	259.426
75.126	98.729	259.409
75.116	98.720	259.411
75.110	98.720	259.408
75.110	98.720	259.408
75.112	98.730	259.413
75.109	98.718	259.416
75.105	98.731	259.413
75.109	98.766	259.416
75.106	98.796	259.410
75.111	98.868	259.405
75.108	98.965	259.390
75.114	99.097	259.384
75.128	99.269	259.366
75.133	99.466	259.362
75.138	99.700	259.358
75.151	99.966	259.343
75.163	100.270	259.331
75.175	100.552	259.323
75.176	100.873	259.308
75.194	101.202	259.296
75.205	101.531	259.303
75.213	101.819	259.305
75.217	102.090	259.311
75.223	102.304	259.328
75.222	102.454	259.332
75.219	102.554	259.328
75.229	102.580	259.334
75.226	102.506	259.332
75.230	102.366	259.321
75.229	102.172	259.324
75.216	101.879	259.305
75.217	101.575	259.307
75.225	101.197	259.307
75.221	100.808	259.315
75.210	100.430	259.334
75.204	100.044	259.331
75.189	99.680	259.337
75.183	99.351	259.337
75.165	99.070	259.374
75.154	98.822	259.403
75.153	98.625	259.418
75.147	98.493	259.425
75.136	98.446	259.429
75.122	98.430	259.422
75.116	98.433	259.427
75.111	98.427	259.422
75.106	98.423	259.437
75.104	98.434	259.431
75.098	98.431	259.432
75.102	98.436	259.443
75.096	98.437	259.434
75.099	98.469	259.429
75.102	98.546	259.422
75.103	98.672	259.418
75.108	98.852	259.410
75.120	99.135	259.390
75.130	99.470	259.344
75.140	99.915	259.338
75.158	100.416	259.334
75.169	100.985	259.314
75.181	101.613	259.314
75.204	102.284	259.320
75.202	102.950	259.364
75.157	103.444	259.286
75.129	103.369	259.067
75.153	103.285	259.276
75.206	103.134	259.572
75.233	102.946	259.614
75.249	102.729	259.466
75.253	102.439	259.313
75.248	102.124	259.200
75.259	101.775	259.155
75.260	101.397	259.196
75.255	100.959	259.258
75.252	100.516	259.316
75.228	100.167	259.359
75.188	99.848	259.390
75.173	99.554	259.414
75.168	99.247	259.416
75.159	98.988	259.387
75.146	98.818	259.371
75.144	98.710	259.367
75.145	98.639	259.400
75.144	98.619	259.418
75.129	98.618	259.439
75.127	98.626	259.444
75.118	98.617	259.430
75.103	98.613	259.417
75.102	98.635	259.419
75.102	98.655	259.414
75.099	98.686	259.418
75.108	98.740	259.424
75.107	98.831	259.418
75.108	98.959	259.398
75.116	99.152	259.391
75.121	99.356	259.345
75.129	99.630	259.351
75.141	99.935	259.333
75.151	100.292	259.333
75.160	100.644	259.329
75.174	101.052	259.320
75.187	101.484	259.316
75.198	101.895	259.312
75.220	102.290	259.331
75.227	102.655	259.349
75.231	102.936	259.354
75.220	103.169	259.356
75.230	103.309	259.346
75.225	103.333	259.331
75.228	103.252	259.342
75.241	103.092	259.381
75.251	102.822	259.379
75.260	102.486	259.355
75.270	102.094	259.327
75.258	101.645	259.317
75.260	101.167	259.300
75.239	100.651	259.308
75.237	100.190	259.324
75.202	99.722	259.335
75.193	99.317	259.335
75.173	98.956	259.385
75.156	98.640	259.416
75.143	98.384	259.425
75.124	98.182	259.429
75.122	98.084	259.431
75.117	98.057	259.434
75.112	98.054	259.437
75.102	98.041	259.449
75.100	98.029	259.437
75.090	98.019	259.447
75.081	98.030	259.450
75.091	98.037	259.455
75.091	98.100	259.444
75.096	98.216	259.434
75.095	98.419	259.436
75.108	98.695	259.426
75.112	99.074	259.400
75.127	99.590	259.363
75.144	100.233	259.341
75.159	100.958	259.330
75.176	101.783	259.304
75.203	102.737	259.344
75.143	103.460	259.240
75.094	103.339	258.898
75.132	103.346	259.235
75.196	103.362	259.672
75.232	103.394	259.811
75.229	103.331	259.581
75.221	103.201	259.289
75.219	103.051	259.083
75.235	102.838	259.094
75.276	102.559	259.226
75.293	102.255	259.304
75.284	101.836	259.303
75.269	101.409	259.307
75.235	101.024	259.356
75.199	100.667	259.400
75.189	100.341	259.394
75.196	99.976	259.373
75.189	99.613	259.321
75.177	99.335	259.302
75.160	99.133	259.317
75.156	98.958	259.367
75.158	98.809	259.400
75.141	98.733	259.438
75.141	98.735	259.430
75.128	98.740	259.412
75.122	98.743	259.410
75.112	98.731	259.410
75.115	98.743	259.400
75.110	98.737	259.402
75.108	98.743	259.419
75.104	98.759	259.417
75.103	98.768	259.403
75.106	98.812	259.416
75.111	98.867	259.408
75.108	98.946	259.389
75.114	99.054	259.384
75.122	99.196	259.376
75.127	99.353	259.363
75.133	99.564	259.353
75.131	99.792	259.352
75.157	100.051	259.338
75.164	100.334	259.331
75.177	100.609	259.321
75.180	100.904	259.310
75.195	101.223	259.295
75.204	101.513	259.305
75.207	101.760	259.308
75.211	101.995	259.332
75.211	102.169	259.330
75.218	102.299	259.327
75.221	102.356	259.325
75.224	102.339	259.324
75.226	102.268	259.331
75.222	102.113	259.332
75.214	101.885	259.312
75.217	101.618	259.308
75.218	101.308	259.308
75.217	100.948	259.317
75.216	100.584	259.324
75.203	100.243	259.328
75.200	99.886	259.330
75.189	99.569	259.339
75.188	99.292	259.345
75.166	99.046	259.381
75.157	98.835	259.397
75.142	98.689	259.418
75.143	98.617	259.420
75.138	98.595	259.415
75.118	98.582	259.412
75.122	98.588	259.417
75.111	98.581	259.421
75.111	98.582	259.415
75.106	98.576	259.420
75.111	98.583	259.419
75.109	98.592	259.427
75.107	98.595	259.421
75.108	98.630	259.423
75.109	98.698	259.411
75.109	98.809	259.410
75.116	98.998	259.392
75.125	99.253	259.381
75.138	99.574	259.362
75.142	99.941	259.335
75.152	100.393	259.336
75.158	100.871	259.324
75.180	101.422	259.317
75.192	101.977	259.322
75.204	102.535	259.358
75.204	103.068	259.376
75.173	103.428	259.316
75.155	103.354	259.151
75.168	103.210	259.289
75.218	103.018	259.520
75.242	102.782	259.550
75.251	102.447	259.411
75.251	102.085	259.291
75.244	101.687	259.234
75.257	101.274	259.220
75.259	100.810	259.237
75.244	100.345	259.270
75.229	99.917	259.306
75.198	99.556	259.351
75.172	99.236	259.411
75.168	98.913	259.443
75.149	98.662	259.431
75.135	98.500	259.402
75.127	98.402	259.391
75.131	98.345	259.397
75.132	98.335	259.422
75.118	98.334	259.434
75.111	98.336	259.450
75.114	98.348	259.456
75.105	98.357	259.446
75.100	98.379	259.423
75.103	98.438	259.419
75.092	98.514	259.418
75.104	98.646	259.427
75.102	98.824	259.419
75.114	99.113	259.407
75.128	99.460	259.386
75.134	99.870	259.349
75.147	100.372	259.340
75.153	100.912	259.309
75.175	101.522	259.307
75.195	102.178	259.332
75.200	102.828	259.369
75.194	103.432	259.382
75.142	103.379	259.093
75.155	103.289	259.221
75.209	103.159	259.509
75.250	102.972	259.607
75.258	102.752	259.489
75.266	102.449	259.333
75.263	102.133	259.234
75.263	101.782	259.154
75.261	101.397	259.180
75.269	100.964	259.236
75.255	100.530	259.298
75.239	100.153	259.349
75.197	99.839	259.384
75.178	99.543	259.409
75.168	99.225	259.408
75.162	98.969	259.388
75.142	98.784	259.366
75.141	98.682	259.370
75.144	98.619	259.395
75.145	98.594	259.415
75.131	98.594	259.430
75.124	98.596	259.440
75.113	98.594	259.437
75.104	98.584	259.425
75.098	98.586	259.413
75.099	98.606	259.402
75.104	98.647	259.415
75.106	98.703	259.425
75.105	98.796	259.422
75.115	98.931	259.413
75.114	99.114	259.400
75.121	99.325	259.356
75.131	99.623	259.346
75.141	99.936	259.336
75.158	100.309	259.334
75.164	100.678	259.328
75.173	101.093	259.323
75.182	101.542	259.321
75.203	101.963	259.318
75.214	102.373	259.332
75.217	102.729	259.345
75.228	103.037	259.353
75.226	103.258	259.356
75.220	103.370	259.327
75.219	103.348	259.318
75.222	103.226	259.360
75.244	103.012	259.396
75.255	102.713	259.393
75.264	102.345	259.346
75.259	101.900	259.306
75.253	101.447	259.295
75.244	100.939	259.292
75.233	100.438	259.311
75.221	99.947	259.320
75.198	99.497	259.328
75.178	99.115	259.373
75.156	98.748	259.407
75.146	98.459	259.426
75.135	98.231	259.431
75.120	98.087	259.422
75.120	98.026	259.430
75.110	98.017	259.438
75.102	98.024	259.439
75.104	98.020	259.442
75.092	98.016	259.447
75.090	98.020	259.451
75.091	98.037	259.455
75.092	98.076	259.445
75.092	98.180	259.444
75.095	98.376	259.435
75.098	98.620	259.427
75.110	98.974	259.411
75.128	99.452	259.380
75.138	100.049	259.354
75.149	100.754	259.324
75.173	101.578	259.315
75.196	102.485	259.331
75.178	103.426	259.366
75.097	103.357	258.918
75.116	103.359	259.120
75.176	103.361	259.592
75.223	103.399	259.821
75.230	103.353	259.651
75.221	103.237	259.338
75.221	103.080	259.127
75.234	102.863	259.075
75.259	102.607	259.194
75.293	102.302	259.293
75.273	101.898	259.299
75.265	101.469	259.303
75.237	101.065	259.344
75.206	100.709	259.394
75.195	100.386	259.390
75.195	100.022	259.375
75.202	99.654	259.337
75.180	99.349	259.299
75.169	99.142	259.325
75.159	98.971	259.361
75.154	98.805	259.399
75.152	98.720	259.429
75.142	98.708	259.436
75.131	98.709	259.417
75.123	98.714	259.412
75.118	98.709	259.417
75.107	98.705	259.401
75.108	98.727	259.409
75.108	98.742	259.422
75.102	98.745	259.413
75.100	98.772	259.420
75.109	98.826	259.420
75.103	98.895	259.408
75.107	98.990	259.393
75.113	99.121	259.384
75.122	99.285	259.363
75.132	99.485	259.347
75.130	99.712	259.342
75.147	99.979	259.346
75.159	100.284	259.338
75.166	100.562	259.326
75.179	100.883	259.317
75.192	101.208	259.298
75.200	101.526	259.302
75.202	101.802	259.290
75.216	102.067	259.321
75.220	102.275	259.318
75.226	102.443	259.333
75.229	102.536	259.342
75.225	102.530	259.337
75.226	102.461	259.340
75.233	102.333	259.332
75.236	102.125	259.316
75.226	101.844	259.303
75.218	101.529	259.312
75.228	101.171	259.311
75.217	100.775	259.316
75.213	100.401	259.331
75.212	100.017	259.334
75.191	99.656	259.329
75.183	99.349	259.346
75.164	99.046	259.358
75.159	98.825	259.400
75.149	98.643	259.420
75.140	98.526	259.418
75.137	98.467	259.422
75.124	98.469	259.419
75.115	98.459	259.417
75.108	98.462	259.421
75.101	98.465	259.425
75.097	98.458	259.427
75.097	98.457	259.423
75.101	98.462	259.424
75.099	98.463	259.427
75.091	98.477	259.425
75.105	98.556	259.421
75.105	98.666	259.416
75.107	98.832	259.405
75.120	99.089	259.394
75.129	99.414	259.362
75.135	99.828	259.342
75.149	100.317	259.336
75.159	100.846	259.321
75.170	101.455	259.310
75.188	102.098	259.325
75.202	102.758	259.358
75.191	103.370	259.380
75.138	103.396	259.111
75.150	103.295	259.182
75.189	103.162	259.491
75.232	102.971	259.610
75.242	102.748	259.508
75.245	102.436	259.353
75.245	102.115	259.246
75.250	101.753	259.178
75.255	101.371	259.187
75.261	100.931	259.234
75.252	100.500	259.294
75.235	100.103	259.347
75.192	99.791	259.389
75.173	99.490	259.414
75.161	99.185	259.411
75.151	98.918	259.410
75.145	98.748	259.386
75.132	98.644	259.377
75.143	98.581	259.386
75.137	98.559	259.404
75.132	98.573	259.432
75.120	98.565	259.448
75.119	98.570	259.440
75.105	98.557	259.419
75.102	98.575	259.414
75.096	98.594	259.412
75.097	98.631	259.411
75.097	98.698	259.421
75.096	98.784	259.423
75.105	98.952	259.413
75.116	99.152	259.397
75.121	99.372	259.345
75.129	99.696	259.342
75.143	100.038	259.332
75.151	100.419	259.326
75.161	100.838	259.322
75.177	101.300	259.316
75.193	101.762	259.314
75.205	102.241	259.326
75.223	102.667	259.342
75.221	103.033	259.355
75.218	103.345	259.361
75.197	103.398	259.231
75.215	103.309	259.266
75.216	103.108	259.398
75.252	102.863	259.457
75.265	102.528	259.415
75.257	102.147	259.322
75.248	101.693	259.267
75.247	101.215	259.259
75.250	100.729	259.286
75.237	100.235	259.294
75.211	99.762	259.310
75.200	99.363	259.334
75.174	98.991	259.396
75.160	98.661	259.433
75.146	98.409	259.442
75.131	98.234	259.414
75.119	98.115	259.420
75.127	98.087	259.425
75.111	98.079	259.433
75.106	98.073	259.435
75.104	98.081	259.450
75.097	98.081	259.446
75.086	98.096	259.453
75.095	98.151	259.447
75.095	98.240	259.433
75.099	98.405	259.430
75.101	98.616	259.423
75.111	98.927	259.412
75.120	99.327	259.391
75.130	99.839	259.357
75.151	100.461	259.339
75.159	101.173	259.315
75.189	101.998	259.312
75.204	102.865	259.347
75.133	103.439	259.176
75.106	103.339	258.976
75.150	103.334	259.294
75.207	103.306	259.684
75.233	103.273	259.754
75.237	103.163	259.529
75.243	103.018	259.286
75.240	102.860	259.109
75.260	102.645	259.123
75.281	102.328	259.211
75.290	101.986	259.283
75.279	101.593	259.301
75.259	101.168	259.310
75.221	100.794	259.364
75.196	100.466	259.393
75.192	100.135	259.392
75.185	99.772	259.368
75.181	99.448	259.322
75.170	99.226	259.307
75.154	99.048	259.328
75.160	98.892	259.379
75.154	98.777	259.411
75.146	98.738	259.433
75.130	98.747	259.426
75.129	98.754	259.415
75.115	98.743	259.407
75.113	98.749	259.402
75.111	98.756	259.403
75.109	98.763	259.408
75.109	98.760	259.407
75.112	98.772	259.413
75.106	98.796	259.416
75.112	98.838	259.404
75.106	98.905	259.407
75.110	99.001	259.396
75.111	99.128	259.379
75.131	99.294	259.365
75.127	99.485	259.360
75.137	99.729	259.349
75.154	99.976	259.342
75.159	100.267	259.334
75.169	100.531	259.322
75.177	100.831	259.311
75.193	101.133	259.304
75.199	101.437	259.305
75.214	101.711	259.302
75.209	101.939	259.328
75.214	102.138	259.332
75.217	102.278	259.334
75.220	102.357	259.325
75.216	102.348	259.329
75.215	102.285	259.329
75.212	102.148	259.322
75.217	101.933	259.323
75.219	101.671	259.317
75.214	101.367	259.310
75.215	101.017	259.318
75.207	100.634	259.327
75.202	100.292	259.330
75.207	99.946	259.332
75.185	99.611	259.327
75.182	99.309	259.336
75.166	99.061	259.378
75.155	98.840	259.401
75.148	98.668	259.417
75.137	98.571	259.415
75.134	98.541	259.417
75.125	98.552	259.414
75.122	98.540	259.424
75.108	98.526	259.420
75.113	98.529	259.424
75.104	98.540	259.421
75.102	98.526	259.417
75.100	98.536	259.423
75.102	98.546	259.422
75.103	98.567	259.415
75.106	98.642	259.411
75.109	98.763	259.408
75.115	98.961	259.399
75.121	99.223	259.377
75.130	99.556	259.352
75.147	99.960	259.333
75.154	100.432	259.326
75.162	100.964	259.318
75.175	101.540	259.320
75.192	102.151	259.320
75.202	102.761	259.359
75.199	103.324	259.381
75.136	103.374	259.152
