NO_OF_FRAMES	5000
NO_OF_DATA_TYPES	3
FREQUENCY	500
TIME_STAMP	2026-06-05, 12:48:13
DATA_INCLUDED	Position
DATA_TYPES	Unidentified [1041534]_pos_X	Unidentified [1041534]_pos_Y	Unidentified [1041534]_pos_Z


74.952	98.163	259.373
74.956	98.224	259.370
74.961	98.302	259.368
75.014	98.536	259.444
74.972	98.558	259.362
75.028	98.883	259.423
75.034	99.126	259.394
75.049	99.396	259.382
75.067	99.726	259.370
75.075	100.088	259.362
75.090	100.469	259.359
75.099	100.874	259.359
75.122	101.302	259.360
75.131	101.684	259.351
75.139	102.066	259.358
75.160	102.398	259.371
75.163	102.664	259.401
75.177	102.851	259.398
75.184	102.959	259.393
75.175	102.930	259.367
75.186	102.824	259.379
75.200	102.626	259.401
75.195	102.334	259.406
75.195	101.971	259.381
75.197	101.557	259.358
75.193	101.102	259.337
75.190	100.634	259.353
75.174	100.155	259.365
75.150	99.673	259.363
75.124	99.250	259.379
75.097	98.846	259.396
75.071	98.481	259.426
75.057	98.153	259.448
75.036	97.872	259.478
75.032	97.652	259.479
75.027	97.520	259.473
75.027	97.456	259.480
75.015	97.451	259.482
75.001	97.431	259.486
75.004	97.445	259.490
74.990	97.449	259.500
74.991	97.484	259.502
75.004	97.571	259.497
75.010	97.723	259.486
75.013	97.954	259.479
75.010	98.270	259.466
75.026	98.717	259.444
75.047	99.298	259.413
75.069	100.003	259.380
75.093	100.848	259.365
75.117	101.793	259.368
75.142	102.867	259.403
75.017	102.997	258.956
75.022	102.999	259.007
75.098	103.073	259.573
75.147	103.147	259.875
75.143	102.992	259.621
75.157	102.789	259.415
75.161	102.602	259.321
75.178	102.370	259.169
75.193	102.118	259.177
75.203	101.780	259.228
75.215	101.427	259.271
75.197	100.991	259.302
75.180	100.569	259.329
75.146	100.218	259.408
75.105	99.894	259.451
75.100	99.552	259.459
75.101	99.209	259.438
75.093	98.905	259.394
75.073	98.678	259.366
75.067	98.523	259.376
75.067	98.384	259.405
75.064	98.276	259.445
75.056	98.259	259.482
75.035	98.260	259.488
75.038	98.272	259.478
75.033	98.293	259.474
75.015	98.295	259.456
75.011	98.303	259.448
75.020	98.346	259.437
75.016	98.405	259.445
75.014	98.477	259.443
75.025	98.583	259.449
75.024	98.723	259.436
75.025	98.914	259.422
75.038	99.129	259.397
75.045	99.392	259.369
75.045	99.674	259.361
75.060	99.989	259.351
75.081	100.332	259.333
75.095	100.662	259.345
75.109	101.003	259.342
75.125	101.358	259.348
75.138	101.647	259.357
75.151	101.930	259.362
75.157	102.142	259.366
75.164	102.296	259.356
75.165	102.380	259.348
75.164	102.380	259.360
75.170	102.296	259.365
75.168	102.131	259.364
75.182	101.909	259.363
75.179	101.599	259.356
75.172	101.257	259.358
75.174	100.859	259.360
75.168	100.456	259.365
75.156	100.044	259.370
75.127	99.645	259.369
75.116	99.254	259.371
75.090	98.908	259.395
75.070	98.585	259.419
75.054	98.291	259.442
75.044	98.042	259.459
75.031	97.848	259.466
75.033	97.731	259.469
75.023	97.656	259.470
75.023	97.638	259.472
75.014	97.646	259.474
75.012	97.652	259.470
75.007	97.691	259.479
75.007	97.753	259.481
75.006	97.858	259.483
75.010	98.001	259.467
75.013	98.218	259.447
75.028	98.535	259.435
75.036	98.920	259.420
75.054	99.405	259.394
75.070	99.974	259.366
75.090	100.655	259.359
75.116	101.410	259.354
75.127	102.224	259.373
75.107	103.053	259.394
75.030	102.957	258.998
75.053	102.950	259.192
75.121	102.938	259.615
75.168	102.956	259.802
75.176	102.895	259.664
75.170	102.783	259.397
75.166	102.641	259.202
75.172	102.463	259.122
75.195	102.203	259.215
75.210	101.913	259.315
75.215	101.542	259.348
75.197	101.132	259.347
75.172	100.754	259.391
75.142	100.405	259.415
75.123	100.067	259.439
75.115	99.707	259.409
75.118	99.329	259.388
75.095	99.052	259.361
75.086	98.828	259.367
75.082	98.639	259.404
75.075	98.487	259.430
75.058	98.367	259.458
75.056	98.326	259.482
75.041	98.336	259.466
75.044	98.350	259.454
75.030	98.327	259.457
75.022	98.345	259.444
75.020	98.348	259.444
75.020	98.362	259.453
75.022	98.409	259.449
75.020	98.458	259.451
75.023	98.533	259.447
75.027	98.625	259.441
75.028	98.773	259.422
75.034	98.956	259.406
75.042	99.162	259.393
75.057	99.416	259.369
75.061	99.694	259.384
75.078	99.993	259.371
75.088	100.321	259.368
75.108	100.644	259.360
75.116	100.961	259.345
75.134	101.310	259.343
75.141	101.602	259.344
75.142	101.864	259.357
75.153	102.080	259.367
75.163	102.235	259.370
75.153	102.314	259.370
75.162	102.325	259.370
75.162	102.261	259.376
75.165	102.121	259.377
75.174	101.896	259.367
75.170	101.610	259.358
75.175	101.275	259.351
75.161	100.898	259.349
75.163	100.502	259.355
75.153	100.096	259.367
75.133	99.696	259.372
75.118	99.311	259.368
75.090	98.959	259.395
75.075	98.643	259.417
75.070	98.358	259.438
75.048	98.097	259.450
75.031	97.894	259.467
75.030	97.767	259.472
75.030	97.705	259.476
75.022	97.689	259.473
75.011	97.682	259.477
75.009	97.690	259.482
75.008	97.730	259.482
75.006	97.783	259.488
75.009	97.876	259.488
75.015	98.010	259.479
75.016	98.208	259.451
75.023	98.488	259.449
75.033	98.841	259.435
75.058	99.297	259.415
75.067	99.835	259.371
75.088	100.478	259.352
75.098	101.196	259.354
75.113	101.980	259.368
75.138	102.830	259.409
75.036	103.007	259.091
75.043	102.963	259.097
75.104	102.952	259.510
75.143	102.925	259.761
75.168	102.859	259.729
75.176	102.749	259.470
75.164	102.589	259.257
75.170	102.409	259.132
75.185	102.159	259.183
75.202	101.853	259.279
75.212	101.508	259.334
75.195	101.075	259.327
75.174	100.683	259.365
75.144	100.334	259.404
75.118	99.988	259.431
75.111	99.647	259.442
75.111	99.281	259.408
75.089	98.980	259.371
75.083	98.765	259.371
75.066	98.583	259.397
75.066	98.427	259.422
75.054	98.311	259.447
75.050	98.281	259.465
75.042	98.284	259.462
75.038	98.297	259.459
75.028	98.287	259.457
75.020	98.298	259.453
75.014	98.301	259.442
75.017	98.336	259.444
75.009	98.359	259.452
75.018	98.417	259.447
75.018	98.479	259.443
75.025	98.587	259.438
75.029	98.728	259.424
75.034	98.909	259.411
75.033	99.106	259.389
75.050	99.350	259.381
75.061	99.633	259.376
75.077	99.928	259.368
75.095	100.255	259.364
75.105	100.582	259.357
75.114	100.900	259.352
75.129	101.231	259.352
75.143	101.529	259.348
75.150	101.776	259.347
75.152	102.008	259.365
75.161	102.174	259.367
75.160	102.262	259.369
75.160	102.264	259.367
75.159	102.200	259.373
75.159	102.074	259.368
75.166	101.857	259.357
75.162	101.573	259.346
75.172	101.256	259.355
75.169	100.884	259.345
75.158	100.491	259.345
75.153	100.097	259.361
75.134	99.710	259.363
75.121	99.322	259.371
75.105	98.990	259.399
75.078	98.670	259.414
75.063	98.400	259.431
75.046	98.147	259.440
75.044	97.950	259.461
75.032	97.822	259.469
75.030	97.762	259.473
75.025	97.743	259.476
75.018	97.743	259.479
75.007	97.757	259.482
75.010	97.787	259.486
75.005	97.823	259.488
75.005	97.888	259.485
75.020	98.019	259.469
75.018	98.199	259.459
75.026	98.456	259.451
75.033	98.781	259.424
75.044	99.219	259.413
75.063	99.737	259.385
75.087	100.331	259.364
75.098	101.008	259.357
75.117	101.750	259.367
75.130	102.564	259.399
75.056	103.047	259.222
75.038	102.987	259.059
75.078	102.953	259.349
75.133	102.915	259.704
75.163	102.855	259.753
75.170	102.718	259.550
75.167	102.551	259.346
75.166	102.345	259.181
75.182	102.097	259.156
75.189	101.779	259.249
75.209	101.434	259.310
75.199	101.019	259.330
75.185	100.627	259.361
75.142	100.281	259.395
75.113	99.927	259.437
75.104	99.587	259.446
75.106	99.217	259.418
75.086	98.921	259.392
75.071	98.697	259.383
75.059	98.550	259.389
75.065	98.391	259.417
75.063	98.300	259.450
75.044	98.285	259.467
75.044	98.302	259.477
75.038	98.304	259.471
75.022	98.298	259.467
75.015	98.296	259.466
75.014	98.328	259.459
75.019	98.346	259.459
75.017	98.383	259.449
75.017	98.444	259.458
75.025	98.531	259.457
75.025	98.637	259.441
75.028	98.781	259.428
75.039	98.981	259.413
75.046	99.200	259.396
75.059	99.477	259.390
75.064	99.761	259.369
75.081	100.094	259.374
75.102	100.434	259.364
75.113	100.779	259.355
75.125	101.125	259.349
75.136	101.475	259.349
75.147	101.772	259.362
75.151	102.042	259.365
75.164	102.252	259.374
75.165	102.402	259.372
75.158	102.448	259.371
75.166	102.440	259.375
75.167	102.329	259.367
75.171	102.161	259.374
75.174	101.894	259.363
75.174	101.575	259.353
75.175	101.211	259.335
75.168	100.798	259.349
75.166	100.400	259.355
75.144	99.958	259.362
75.130	99.550	259.359
75.108	99.174	259.380
75.082	98.810	259.397
75.067	98.493	259.413
75.059	98.205	259.437
75.039	97.973	259.454
75.034	97.812	259.466
75.033	97.715	259.469
75.022	97.686	259.478
75.024	97.676	259.475
75.017	97.678	259.476
75.015	97.685	259.481
75.000	97.694	259.483
75.003	97.724	259.487
75.004	97.806	259.484
75.018	97.930	259.482
75.017	98.114	259.457
75.026	98.391	259.454
75.031	98.742	259.440
75.048	99.207	259.410
75.064	99.760	259.382
75.090	100.430	259.360
75.106	101.169	259.351
75.121	101.999	259.361
75.145	102.875	259.404
75.043	102.992	259.060
75.042	102.946	259.102
75.112	102.942	259.544
75.144	102.916	259.786
75.173	102.865	259.727
75.167	102.742	259.459
75.155	102.606	259.224
75.167	102.438	259.116
75.191	102.203	259.190
75.206	101.905	259.291
75.207	101.545	259.329
75.197	101.129	259.324
75.172	100.734	259.364
75.148	100.389	259.396
75.116	100.042	259.426
75.109	99.698	259.435
75.107	99.340	259.400
75.090	99.035	259.349
75.079	98.826	259.360
75.071	98.629	259.385
75.066	98.471	259.416
75.058	98.343	259.448
75.046	98.291	259.471
75.035	98.288	259.470
75.029	98.307	259.474
75.025	98.305	259.458
75.018	98.306	259.443
75.005	98.315	259.439
75.010	98.330	259.448
75.012	98.373	259.450
75.019	98.436	259.459
75.022	98.511	259.454
75.019	98.612	259.444
75.028	98.759	259.426
75.033	98.937	259.405
75.039	99.131	259.395
75.046	99.372	259.387
75.056	99.630	259.378
75.075	99.919	259.373
75.083	100.238	259.361
75.102	100.557	259.364
75.115	100.876	259.352
75.132	101.205	259.346
75.144	101.505	259.349
75.145	101.757	259.349
75.151	101.979	259.359
75.153	102.143	259.367
75.158	102.229	259.365
75.157	102.236	259.360
75.161	102.196	259.370
75.156	102.061	259.368
75.162	101.855	259.363
75.165	101.584	259.349
75.162	101.271	259.355
75.157	100.905	259.343
75.155	100.521	259.346
75.140	100.144	259.360
75.129	99.767	259.364
75.116	99.379	259.372
75.094	99.047	259.396
75.067	98.731	259.406
75.061	98.469	259.432
75.043	98.201	259.446
75.038	98.003	259.456
75.027	97.860	259.469
75.029	97.790	259.474
75.028	97.770	259.479
75.021	97.771	259.485
75.015	97.775	259.477
75.013	97.798	259.488
75.008	97.842	259.484
75.013	97.907	259.489
75.015	98.015	259.478
75.018	98.187	259.460
75.026	98.439	259.453
75.038	98.740	259.446
75.047	99.144	259.420
75.068	99.647	259.403
75.084	100.213	259.380
75.100	100.848	259.368
75.117	101.566	259.362
75.131	102.351	259.380
75.110	103.073	259.390
75.048	103.001	259.050
75.068	102.960	259.223
75.129	102.913	259.615
75.163	102.859	259.764
75.174	102.737	259.598
75.164	102.574	259.401
75.174	102.365	259.229
75.183	102.135	259.159
75.189	101.822	259.212
75.203	101.485	259.285
75.207	101.082	259.317
75.188	100.681	259.352
75.150	100.313	259.393
75.116	99.977	259.423
75.105	99.666	259.446
75.103	99.310	259.424
75.089	98.998	259.391
75.079	98.780	259.371
75.064	98.619	259.383
75.067	98.485	259.413
75.060	98.384	259.430
75.046	98.335	259.459
75.042	98.347	259.474
75.038	98.363	259.466
75.022	98.362	259.454
75.015	98.357	259.458
75.017	98.382	259.446
75.018	98.400	259.437
75.022	98.448	259.449
75.019	98.503	259.443
75.025	98.590	259.445
75.032	98.696	259.432
75.035	98.834	259.434
75.042	99.009	259.413
75.044	99.203	259.390
75.063	99.441	259.375
75.061	99.684	259.370
75.071	99.950	259.367
75.088	100.243	259.356
75.102	100.538	259.351
75.115	100.832	259.354
75.131	101.122	259.352
75.144	101.398	259.351
75.152	101.605	259.351
75.153	101.797	259.353
75.155	101.918	259.360
75.149	101.984	259.363
75.149	101.970	259.354
75.157	101.892	259.363
75.157	101.735	259.353
75.165	101.536	259.350
75.162	101.289	259.347
75.159	100.959	259.340
75.150	100.622	259.351
75.143	100.279	259.354
75.129	99.920	259.353
75.110	99.569	259.363
75.103	99.225	259.372
75.089	98.935	259.401
75.069	98.652	259.412
75.053	98.428	259.431
75.045	98.231	259.443
75.034	98.075	259.441
75.030	97.984	259.445
75.033	97.945	259.457
75.021	97.943	259.466
75.019	97.947	259.470
75.015	97.946	259.464
75.009	97.965	259.462
75.010	98.003	259.471
75.018	98.070	259.462
75.021	98.166	259.457
75.021	98.321	259.456
75.027	98.521	259.438
75.037	98.785	259.432
75.043	99.140	259.407
75.057	99.542	259.386
75.070	100.019	259.374
75.089	100.563	259.366
75.103	101.142	259.354
75.121	101.781	259.365
75.135	102.446	259.390
75.124	103.039	259.406
75.060	102.985	259.140
75.086	102.912	259.245
75.126	102.785	259.551
75.169	102.661	259.686
75.172	102.424	259.557
75.169	102.170	259.392
75.171	101.858	259.274
75.179	101.542	259.208
75.177	101.159	259.198
75.186	100.751	259.269
75.181	100.328	259.325
75.146	99.921	259.372
75.120	99.618	259.409
75.082	99.295	259.430
75.084	99.004	259.451
75.074	98.697	259.429
75.060	98.490	259.408
75.043	98.354	259.414
75.038	98.220	259.416
75.048	98.158	259.448
75.041	98.155	259.460
75.034	98.156	259.466
75.035	98.177	259.465
75.028	98.208	259.457
75.008	98.233	259.457
75.008	98.276	259.451
75.016	98.379	259.460
75.018	98.481	259.451
75.022	98.642	259.448
75.033	98.845	259.440
75.037	99.096	259.421
75.049	99.404	259.404
75.059	99.738	259.371
75.079	100.127	259.354
75.097	100.537	259.367
75.107	100.975	259.365
75.123	101.432	259.370
75.133	101.870	259.377
75.144	102.278	259.383
75.156	102.646	259.406
75.157	102.951	259.401
75.138	103.049	259.309
75.146	102.960	259.317
75.161	102.797	259.417
75.193	102.568	259.480
75.195	102.256	259.461
75.203	101.897	259.385
75.192	101.455	259.315
75.184	101.008	259.299
75.176	100.515	259.319
75.173	100.039	259.323
75.148	99.551	259.350
75.117	99.121	259.392
75.091	98.727	259.440
75.067	98.357	259.449
75.049	98.023	259.460
75.031	97.782	259.475
75.028	97.596	259.462
75.030	97.487	259.472
75.025	97.461	259.478
75.011	97.465	259.482
75.004	97.462	259.500
75.003	97.487	259.503
74.998	97.531	259.495
74.994	97.608	259.491
74.998	97.761	259.483
75.010	97.985	259.467
75.009	98.315	259.464
75.025	98.762	259.448
75.048	99.333	259.415
75.065	100.032	259.387
75.089	100.860	259.368
75.112	101.792	259.377
75.131	102.821	259.407
75.015	102.976	258.985
75.020	102.973	259.032
75.104	103.035	259.564
75.145	103.118	259.872
75.148	102.996	259.673
75.161	102.795	259.409
75.168	102.599	259.295
75.177	102.380	259.159
75.191	102.125	259.188
75.208	101.802	259.248
75.215	101.449	259.280
75.200	101.019	259.302
75.174	100.605	259.347
75.140	100.256	259.413
75.097	99.920	259.445
75.090	99.567	259.444
75.095	99.209	259.429
75.077	98.895	259.379
75.069	98.685	259.361
75.062	98.513	259.377
75.060	98.381	259.407
75.051	98.279	259.440
75.045	98.272	259.481
75.030	98.279	259.486
75.030	98.278	259.470
75.020	98.298	259.466
75.009	98.297	259.444
75.005	98.305	259.442
75.014	98.364	259.441
75.007	98.412	259.443
75.017	98.487	259.442
75.021	98.600	259.441
75.027	98.750	259.432
75.028	98.945	259.419
75.040	99.166	259.390
75.046	99.409	259.373
75.062	99.701	259.364
75.070	100.016	259.367
75.088	100.353	259.351
75.103	100.676	259.351
75.119	101.038	259.348
75.142	101.388	259.352
75.149	101.685	259.358
75.157	101.957	259.360
75.161	102.178	259.372
75.171	102.332	259.364
75.179	102.415	259.372
75.174	102.411	259.365
75.171	102.316	259.370
75.167	102.157	259.376
75.175	101.913	259.371
75.172	101.602	259.359
75.171	101.234	259.352
75.174	100.844	259.360
75.162	100.430	259.356
75.141	100.010	259.365
75.132	99.604	259.368
75.114	99.210	259.365
75.088	98.853	259.394
75.068	98.529	259.418
75.053	98.227	259.443
75.036	97.977	259.458
75.035	97.785	259.466
75.034	97.685	259.468
75.030	97.654	259.476
75.016	97.643	259.474
75.010	97.641	259.467
74.996	97.639	259.475
74.996	97.661	259.484
74.995	97.689	259.488
74.991	97.743	259.488
75.000	97.861	259.481
75.005	98.043	259.462
75.010	98.331	259.458
75.027	98.688	259.430
75.040	99.187	259.411
75.060	99.788	259.385
75.089	100.514	259.373
75.108	101.333	259.358
75.129	102.223	259.370
75.096	103.099	259.374
75.014	102.984	258.947
75.052	102.979	259.200
75.112	102.994	259.692
75.155	103.037	259.881
75.165	102.974	259.685
75.157	102.836	259.376
75.155	102.685	259.166
75.164	102.475	259.113
75.193	102.214	259.224
75.210	101.914	259.319
75.214	101.523	259.347
75.197	101.093	259.342
75.165	100.696	259.387
75.137	100.358	259.429
75.114	99.987	259.435
75.113	99.644	259.441
75.104	99.254	259.386
75.098	98.975	259.371
75.078	98.746	259.367
75.070	98.571	259.400
75.066	98.411	259.428
75.046	98.295	259.465
75.043	98.282	259.488
75.023	98.285	259.469
75.026	98.296	259.466
75.023	98.313	259.457
75.010	98.321	259.444
75.003	98.318	259.446
75.009	98.362	259.447
75.006	98.400	259.448
75.013	98.458	259.448
75.019	98.545	259.450
75.019	98.657	259.436
75.023	98.816	259.420
75.027	99.000	259.401
75.041	99.230	259.384
75.051	99.497	259.375
75.063	99.786	259.366
75.080	100.115	259.366
75.098	100.441	259.359
75.107	100.798	259.359
75.124	101.151	259.346
75.132	101.487	259.342
75.148	101.795	259.352
75.152	102.060	259.362
75.164	102.271	259.369
75.168	102.432	259.376
75.161	102.479	259.378
75.163	102.475	259.380
75.170	102.362	259.372
75.172	102.181	259.379
75.169	101.923	259.364
75.177	101.607	259.354
75.178	101.237	259.350
75.166	100.810	259.343
75.159	100.406	259.360
75.145	99.981	259.359
75.135	99.575	259.365
75.108	99.169	259.375
75.089	98.825	259.406
75.069	98.504	259.421
75.044	98.216	259.437
75.035	97.992	259.447
75.031	97.844	259.471
75.030	97.762	259.474
75.023	97.748	259.473
75.018	97.736	259.476
75.006	97.733	259.476
75.000	97.736	259.473
74.995	97.748	259.483
74.999	97.779	259.480
75.001	97.832	259.490
75.008	97.945	259.473
75.013	98.121	259.461
75.017	98.390	259.456
75.029	98.728	259.430
75.036	99.181	259.407
75.055	99.717	259.377
75.081	100.371	259.361
75.096	101.091	259.357
75.115	101.907	259.360
75.136	102.772	259.401
75.034	103.019	259.085
75.039	102.960	259.071
75.101	102.954	259.476
75.147	102.922	259.778
75.169	102.879	259.749
75.178	102.765	259.493
75.160	102.611	259.279
75.172	102.448	259.116
75.182	102.195	259.179
75.204	101.893	259.279
75.218	101.555	259.326
75.204	101.130	259.325
75.174	100.733	259.361
75.148	100.386	259.411
75.119	100.080	259.451
75.112	99.728	259.445
75.111	99.378	259.409
75.093	99.074	259.368
75.081	98.866	259.360
75.073	98.689	259.384
75.066	98.538	259.411
75.059	98.429	259.444
75.043	98.388	259.478
75.041	98.389	259.465
75.040	98.404	259.453
75.022	98.402	259.453
75.020	98.408	259.449
75.009	98.407	259.445
75.014	98.431	259.448
75.011	98.447	259.439
75.012	98.477	259.443
75.019	98.541	259.445
75.017	98.615	259.435
75.021	98.707	259.428
75.020	98.847	259.409
75.029	99.010	259.400
75.044	99.200	259.389
75.045	99.408	259.391
75.055	99.640	259.375
75.067	99.878	259.366
75.084	100.144	259.366
75.106	100.417	259.347
75.111	100.675	259.352
75.126	100.921	259.344
75.125	101.173	259.326
75.140	101.395	259.342
75.137	101.553	259.351
75.141	101.667	259.363
75.148	101.729	259.362
75.146	101.736	259.357
75.150	101.677	259.359
75.148	101.557	259.361
75.152	101.388	259.364
75.155	101.148	259.348
75.152	100.888	259.337
75.152	100.573	259.349
75.138	100.261	259.360
75.120	99.932	259.366
75.110	99.620	259.373
75.100	99.313	259.379
75.086	99.033	259.400
75.075	98.765	259.411
75.062	98.549	259.438
75.057	98.371	259.446
75.044	98.216	259.459
75.029	98.121	259.452
75.030	98.092	259.449
75.023	98.096	259.456
75.016	98.089	259.463
75.012	98.087	259.447
75.010	98.099	259.463
75.003	98.097	259.456
75.015	98.119	259.464
75.010	98.161	259.459
75.011	98.244	259.460
75.012	98.377	259.445
75.031	98.570	259.444
75.033	98.829	259.417
75.042	99.164	259.400
75.056	99.568	259.382
75.066	100.039	259.367
75.091	100.553	259.364
75.104	101.113	259.334
75.117	101.733	259.363
75.125	102.349	259.379
75.132	102.947	259.412
75.076	103.026	259.195
75.077	102.939	259.191
75.123	102.788	259.483
75.157	102.616	259.634
75.177	102.384	259.566
75.172	102.091	259.416
75.171	101.752	259.296
75.177	101.415	259.247
75.177	101.008	259.228
75.184	100.589	259.269
75.181	100.141	259.322
75.148	99.745	259.371
75.116	99.418	259.434
75.088	99.122	259.455
75.078	98.811	259.465
75.070	98.541	259.452
75.043	98.342	259.424
75.040	98.212	259.418
75.040	98.104	259.426
75.042	98.067	259.451
75.033	98.062	259.464
75.030	98.065	259.477
75.029	98.090	259.473
75.010	98.113	259.460
75.001	98.150	259.453
75.008	98.231	259.453
75.013	98.350	259.444
75.014	98.492	259.456
75.019	98.668	259.444
75.021	98.928	259.434
75.043	99.243	259.405
75.045	99.609	259.374
75.061	100.029	259.361
75.084	100.489	259.351
75.097	100.981	259.346
75.108	101.500	259.351
75.124	102.050	259.379
75.143	102.537	259.404
75.144	102.983	259.417
75.099	103.001	259.220
75.114	102.889	259.247
75.148	102.719	259.472
75.184	102.492	259.555
75.192	102.211	259.497
75.187	101.872	259.373
75.183	101.482	259.289
75.183	101.064	259.247
75.184	100.624	259.264
75.185	100.167	259.293
75.148	99.709	259.322
75.125	99.326	259.368
75.086	98.982	259.428
75.084	98.665	259.456
75.064	98.354	259.469
75.040	98.123	259.450
75.028	97.969	259.432
75.030	97.852	259.442
75.029	97.788	259.454
75.024	97.785	259.466
75.015	97.788	259.486
75.018	97.818	259.490
75.009	97.874	259.491
75.001	97.929	259.469
75.004	98.053	259.452
75.015	98.229	259.450
75.015	98.445	259.445
75.022	98.730	259.441
75.039	99.107	259.430
75.048	99.568	259.423
75.061	100.095	259.380
75.082	100.687	259.370
75.104	101.344	259.357
75.120	102.062	259.373
75.134	102.780	259.400
75.061	102.999	259.148
75.071	102.968	259.141
75.108	102.883	259.459
75.156	102.800	259.678
75.179	102.681	259.652
75.179	102.483	259.459
75.186	102.274	259.304
75.181	102.010	259.214
75.190	101.694	259.175
75.195	101.348	259.240
75.200	100.954	259.305
75.182	100.534	259.346
75.145	100.184	259.378
75.109	99.848	259.408
75.083	99.556	259.439
75.084	99.224	259.441
75.081	98.913	259.418
75.069	98.685	259.383
75.053	98.522	259.388
75.054	98.388	259.416
75.058	98.282	259.434
75.048	98.221	259.460
75.035	98.242	259.474
75.034	98.270	259.462
75.024	98.287	259.454
75.013	98.302	259.461
75.007	98.323	259.463
75.018	98.372	259.449
75.019	98.437	259.446
75.018	98.525	259.445
75.027	98.649	259.441
75.044	98.832	259.424
75.036	99.033	259.416
75.046	99.254	259.392
75.059	99.538	259.382
75.070	99.848	259.371
75.077	100.193	259.366
75.090	100.538	259.351
75.107	100.906	259.351
75.126	101.286	259.356
75.135	101.623	259.355
75.141	101.948	259.360
75.158	102.230	259.375
75.166	102.438	259.384
75.167	102.586	259.397
75.167	102.629	259.380
75.168	102.604	259.383
75.167	102.477	259.390
75.176	102.276	259.379
75.168	101.977	259.377
75.177	101.626	259.362
75.176	101.242	259.364
75.175	100.815	259.362
75.155	100.369	259.360
75.144	99.909	259.360
75.127	99.494	259.371
75.102	99.088	259.381
75.085	98.728	259.408
75.061	98.407	259.420
75.044	98.109	259.443
75.042	97.897	259.468
75.029	97.728	259.472
75.030	97.640	259.467
75.029	97.619	259.474
75.011	97.614	259.473
75.013	97.626	259.479
75.002	97.627	259.483
74.998	97.641	259.496
74.994	97.671	259.490
74.996	97.755	259.485
75.004	97.900	259.479
75.011	98.133	259.471
75.024	98.465	259.460
75.034	98.881	259.445
75.050	99.437	259.414
75.071	100.105	259.376
75.092	100.876	259.363
75.115	101.740	259.359
75.136	102.718	259.395
75.027	103.035	259.046
75.030	102.984	259.037
75.086	103.000	259.500
75.141	103.029	259.829
75.153	103.037	259.790
75.161	102.889	259.475
75.143	102.715	259.235
75.153	102.533	259.114
75.173	102.295	259.172
75.197	102.023	259.291
75.207	101.659	259.329
75.197	101.258	259.336
75.176	100.834	259.348
75.140	100.455	259.399
75.102	100.090	259.418
75.101	99.723	259.425
75.097	99.333	259.417
75.083	99.003	259.380
75.064	98.727	259.359
75.056	98.532	259.381
75.055	98.359	259.412
75.051	98.216	259.440
75.047	98.157	259.476
75.027	98.162	259.477
75.024	98.175	259.468
75.015	98.184	259.467
75.006	98.176	259.453
75.007	98.194	259.445
75.007	98.239	259.452
75.008	98.295	259.459
75.000	98.368	259.458
75.016	98.486	259.454
75.020	98.629	259.438
75.024	98.835	259.416
75.030	99.076	259.391
75.046	99.371	259.383
75.058	99.711	259.370
75.068	100.091	259.366
75.091	100.491	259.362
75.097	100.894	259.363
75.117	101.341	259.369
75.131	101.764	259.360
75.147	102.161	259.361
75.152	102.536	259.383
75.163	102.818	259.388
75.160	103.019	259.379
75.139	103.016	259.323
75.147	102.918	259.361
75.169	102.718	259.438
75.189	102.447	259.460
75.188	102.110	259.426
75.185	101.699	259.356
75.185	101.257	259.314
75.181	100.776	259.315
75.167	100.287	259.321
75.144	99.783	259.333
75.123	99.308	259.348
75.096	98.886	259.402
75.061	98.485	259.439
75.042	98.115	259.451
75.032	97.817	259.470
75.025	97.584	259.472
75.019	97.434	259.468
75.015	97.369	259.469
75.012	97.367	259.493
74.997	97.349	259.501
74.989	97.361	259.507
74.987	97.381	259.512
74.982	97.425	259.503
74.986	97.523	259.496
74.996	97.704	259.484
75.000	97.970	259.472
75.007	98.364	259.466
75.023	98.877	259.441
75.048	99.555	259.418
75.073	100.352	259.378
75.098	101.305	259.371
75.125	102.346	259.378
75.032	103.059	259.144
74.996	102.926	258.864
75.050	102.958	259.325
75.125	103.003	259.814
75.156	103.052	259.893
75.158	102.947	259.598
75.149	102.798	259.293
75.151	102.634	259.070
75.184	102.407	259.097
75.207	102.129	259.258
75.225	101.771	259.318
75.218	101.381	259.328
75.186	100.955	259.336
75.156	100.578	259.394
75.108	100.223	259.422
75.095	99.860	259.433
75.095	99.515	259.420
75.083	99.155	259.382
75.063	98.883	259.368
75.064	98.682	259.379
75.070	98.521	259.409
75.054	98.361	259.431
75.044	98.296	259.468
75.042	98.303	259.486
75.029	98.307	259.474
75.025	98.331	259.465
75.016	98.313	259.464
75.003	98.320	259.459
75.015	98.343	259.449
75.012	98.377	259.439
75.014	98.434	259.449
75.012	98.505	259.454
75.024	98.617	259.446
75.030	98.782	259.449
75.032	98.963	259.412
75.036	99.185	259.401
75.047	99.453	259.384
75.061	99.749	259.373
75.070	100.068	259.361
75.088	100.417	259.360
75.106	100.758	259.359
75.115	101.116	259.347
75.133	101.463	259.349
75.140	101.758	259.363
75.151	102.042	259.371
75.159	102.250	259.374
75.154	102.399	259.371
75.157	102.478	259.378
75.161	102.481	259.376
75.164	102.382	259.367
75.164	102.211	259.377
75.164	101.971	259.372
75.170	101.654	259.356
75.169	101.291	259.354
75.160	100.891	259.353
75.157	100.470	259.352
75.147	100.052	259.359
75.119	99.627	259.368
75.106	99.216	259.363
75.082	98.854	259.395
75.064	98.523	259.413
75.045	98.221	259.429
75.039	97.969	259.453
75.026	97.773	259.463
75.021	97.662	259.472
75.021	97.600	259.470
75.021	97.599	259.482
75.001	97.602	259.480
74.997	97.618	259.477
74.997	97.662	259.482
74.994	97.730	259.491
74.992	97.824	259.485
75.007	97.972	259.473
75.007	98.194	259.467
75.015	98.516	259.450
75.025	98.936	259.436
75.050	99.483	259.416
75.069	100.113	259.369
75.091	100.851	259.365
75.106	101.669	259.354
75.123	102.609	259.409
75.030	103.032	259.092
75.014	102.972	259.019
75.066	102.982	259.403
75.137	103.011	259.797
75.161	103.025	259.828
75.163	102.918	259.535
75.153	102.782	259.295
75.160	102.615	259.134
75.175	102.385	259.151
75.199	102.122	259.274
75.202	101.764	259.317
75.204	101.387	259.346
75.174	100.949	259.344
75.149	100.579	259.400
75.112	100.231	259.424
75.104	99.849	259.437
75.107	99.473	259.419
75.090	99.106	259.382
75.077	98.815	259.358
75.061	98.603	259.367
75.058	98.435	259.408
75.053	98.255	259.431
75.046	98.163	259.468
75.032	98.164	259.471
75.024	98.175	259.474
75.018	98.195	259.470
75.014	98.214	259.453
75.001	98.211	259.439
75.001	98.259	259.444
75.012	98.323	259.459
75.011	98.417	259.460
75.018	98.525	259.461
75.016	98.658	259.445
75.020	98.846	259.427
75.018	99.074	259.410
75.036	99.356	259.404
75.051	99.667	259.384
75.063	100.019	259.371
75.080	100.398	259.355
75.099	100.807	259.358
75.117	101.230	259.364
75.135	101.640	259.365
75.140	102.039	259.364
75.162	102.389	259.378
75.162	102.688	259.394
75.157	102.902	259.383
75.155	103.000	259.359
75.150	102.978	259.354
75.160	102.870	259.397
75.183	102.673	259.437
75.185	102.385	259.430
75.179	102.023	259.384
75.184	101.604	259.350
75.187	101.164	259.336
75.177	100.678	259.335
75.162	100.178	259.333
75.135	99.679	259.358
75.108	99.220	259.369
75.086	98.795	259.396
75.061	98.419	259.426
75.045	98.062	259.448
75.031	97.784	259.466
75.022	97.555	259.478
75.016	97.404	259.471
75.011	97.350	259.483
75.006	97.338	259.492
74.985	97.329	259.490
74.979	97.349	259.508
74.985	97.376	259.511
74.978	97.428	259.502
74.984	97.530	259.500
74.992	97.736	259.492
75.007	98.037	259.482
75.020	98.474	259.467
75.029	99.030	259.434
75.052	99.756	259.393
75.082	100.641	259.381
75.108	101.629	259.357
75.130	102.733	259.404
75.013	103.028	258.989
75.003	102.957	258.985
75.082	102.969	259.530
75.135	102.977	259.873
75.166	102.981	259.826
75.166	102.883	259.520
75.146	102.760	259.178
75.154	102.628	259.035
75.194	102.408	259.144
75.214	102.113	259.306
75.232	101.762	259.357
75.207	101.352	259.346
75.173	100.935	259.347
75.142	100.584	259.411
75.113	100.251	259.435
75.102	99.880	259.448
75.103	99.534	259.409
75.098	99.189	259.364
75.082	98.935	259.346
75.071	98.744	259.378
75.069	98.593	259.417
75.058	98.456	259.438
75.050	98.394	259.467
75.036	98.388	259.481
75.028	98.403	259.466
75.024	98.414	259.459
75.020	98.412	259.444
75.007	98.412	259.437
75.011	98.446	259.436
75.016	98.469	259.445
75.018	98.523	259.454
75.023	98.595	259.449
75.020	98.691	259.440
75.023	98.812	259.432
75.023	98.963	259.408
75.033	99.152	259.391
75.046	99.372	259.387
75.047	99.603	259.372
75.072	99.856	259.367
75.082	100.152	259.365
75.095	100.430	259.362
75.106	100.713	259.351
75.118	100.996	259.340
75.136	101.296	259.352
75.136	101.519	259.337
75.141	101.708	259.350
75.146	101.861	259.358
75.147	101.944	259.369
75.139	101.956	259.359
75.147	101.914	259.350
75.153	101.813	259.368
75.157	101.627	259.362
75.163	101.418	259.359
75.153	101.110	259.346
75.154	100.785	259.349
75.142	100.434	259.356
75.135	100.089	259.368
75.117	99.743	259.364
75.106	99.397	259.348
75.096	99.088	259.378
75.068	98.794	259.406
75.060	98.554	259.430
75.047	98.341	259.439
75.038	98.172	259.445
75.029	98.072	259.444
75.020	98.017	259.443
75.020	98.014	259.449
75.020	98.012	259.451
75.011	98.021	259.463
75.009	98.029	259.461
75.001	98.057	259.462
75.006	98.106	259.451
75.013	98.188	259.455
75.009	98.312	259.457
75.017	98.487	259.436
75.029	98.728	259.424
75.035	99.037	259.404
75.046	99.416	259.385
75.061	99.853	259.372
75.075	100.371	259.358
75.095	100.947	259.354
75.112	101.550	259.354
75.112	102.198	259.364
75.134	102.831	259.400
75.063	103.026	259.189
75.065	102.959	259.173
75.104	102.837	259.445
75.149	102.685	259.638
75.162	102.499	259.613
75.170	102.238	259.442
75.167	101.949	259.311
75.172	101.630	259.236
75.172	101.265	259.202
75.176	100.859	259.239
75.179	100.426	259.302
75.155	100.007	259.355
75.124	99.674	259.420
75.091	99.350	259.434
75.076	99.036	259.453
75.070	98.713	259.455
75.059	98.473	259.426
75.041	98.300	259.411
75.033	98.149	259.415
75.040	98.055	259.439
75.036	98.026	259.461
75.030	98.044	259.478
75.021	98.053	259.477
75.018	98.086	259.463
75.006	98.131	259.461
74.999	98.177	259.459
75.001	98.277	259.452
75.009	98.420	259.460
75.013	98.583	259.450
75.018	98.807	259.430
75.031	99.115	259.420
75.045	99.470	259.387
75.053	99.867	259.363
75.074	100.338	259.354
75.086	100.827	259.347
75.105	101.368	259.351
75.124	101.921	259.373
75.131	102.458	259.399
75.136	102.948	259.424
75.082	103.019	259.224
75.109	102.927	259.218
75.141	102.773	259.464
75.175	102.566	259.579
75.197	102.299	259.530
75.186	101.979	259.393
75.183	101.615	259.297
75.185	101.232	259.250
75.180	100.819	259.258
75.182	100.373	259.289
75.161	99.909	259.317
75.133	99.519	259.361
75.096	99.184	259.426
75.084	98.853	259.460
75.068	98.547	259.466
75.049	98.288	259.448
75.031	98.093	259.430
75.028	97.972	259.433
75.028	97.882	259.449
75.027	97.860	259.468
75.018	97.870	259.484
75.023	97.891	259.495
75.021	97.941	259.491
75.004	98.006	259.469
75.004	98.117	259.451
75.006	98.286	259.448
75.018	98.511	259.442
75.019	98.765	259.440
75.035	99.115	259.422
75.048	99.549	259.400
75.058	100.032	259.390
75.076	100.582	259.371
75.091	101.197	259.360
75.117	101.858	259.364
75.131	102.537	259.398
75.095	103.061	259.349
75.064	102.998	259.117
75.091	102.933	259.313
75.149	102.828	259.595
75.168	102.706	259.684
75.183	102.506	259.518
75.183	102.274	259.363
75.179	102.002	259.258
75.181	101.684	259.164
75.191	101.341	259.209
75.196	100.951	259.279
75.180	100.524	259.331
75.156	100.171	259.385
75.119	99.816	259.407
75.084	99.512	259.435
75.084	99.181	259.447
75.077	98.868	259.429
75.070	98.632	259.408
75.046	98.442	259.385
75.051	98.313	259.408
75.045	98.168	259.432
75.038	98.126	259.450
75.029	98.154	259.479
75.028	98.179	259.475
75.023	98.202	259.462
75.002	98.234	259.451
75.002	98.296	259.459
75.017	98.401	259.447
75.015	98.515	259.446
75.021	98.662	259.443
75.030	98.874	259.437
75.040	99.128	259.417
75.045	99.419	259.398
75.052	99.740	259.371
75.072	100.126	259.363
75.087	100.522	259.356
75.097	100.938	259.352
75.112	101.383	259.351
75.134	101.821	259.365
75.142	102.222	259.373
75.149	102.599	259.403
75.161	102.901	259.397
75.130	103.029	259.329
75.143	102.963	259.278
75.152	102.830	259.394
75.175	102.609	259.468
75.175	102.306	259.458
75.190	101.957	259.393
75.181	101.529	259.323
75.171	101.075	259.293
75.167	100.589	259.312
75.164	100.106	259.325
75.142	99.616	259.334
75.113	99.174	259.376
75.079	98.748	259.416
75.057	98.371	259.452
75.046	98.006	259.478
75.027	97.731	259.466
75.014	97.519	259.463
75.018	97.395	259.468
75.011	97.333	259.479
75.006	97.340	259.495
75.002	97.352	259.498
75.003	97.399	259.510
74.992	97.455	259.511
74.987	97.545	259.492
74.992	97.719	259.489
75.005	97.976	259.467
75.008	98.343	259.452
75.023	98.815	259.433
75.043	99.437	259.411
75.073	100.223	259.382
75.091	101.088	259.369
75.109	102.104	259.374
75.076	103.087	259.359
74.990	102.957	258.828
75.027	103.022	259.188
75.110	103.140	259.723
75.113	103.087	259.784
75.128	102.909	259.559
75.147	102.716	259.397
75.167	102.524	259.245
75.172	102.307	259.138
75.195	102.048	259.166
75.200	101.715	259.246
75.200	101.339	259.284
75.192	100.933	259.315
75.162	100.537	259.365
75.118	100.190	259.417
75.090	99.854	259.451
75.088	99.508	259.455
75.088	99.149	259.427
75.071	98.850	259.378
75.065	98.636	259.371
75.053	98.473	259.385
75.051	98.330	259.418
75.044	98.237	259.458
75.039	98.232	259.495
75.025	98.232	259.488
75.024	98.260	259.482
75.019	98.279	259.474
75.004	98.291	259.456
75.004	98.337	259.447
75.007	98.414	259.441
75.013	98.504	259.444
75.018	98.634	259.446
75.024	98.789	259.442
75.037	99.007	259.425
75.036	99.232	259.401
75.038	99.504	259.374
75.057	99.811	259.357
75.066	100.150	259.359
75.082	100.499	259.357
75.085	100.856	259.355
75.113	101.230	259.362
75.131	101.574	259.362
75.141	101.888	259.350
75.154	102.165	259.369
75.164	102.384	259.371
75.160	102.525	259.386
75.170	102.601	259.382
75.174	102.587	259.376
75.170	102.472	259.376
75.174	102.282	259.374
75.168	102.023	259.372
75.178	101.691	259.359
75.170	101.313	259.356
75.171	100.895	259.353
75.159	100.463	259.357
75.144	100.039	259.366
75.126	99.622	259.373
75.110	99.222	259.368
75.084	98.870	259.396
75.065	98.547	259.413
75.045	98.257	259.447
75.034	98.012	259.451
75.024	97.847	259.469
75.018	97.738	259.474
75.023	97.700	259.474
75.016	97.703	259.472
75.005	97.698	259.474
74.998	97.700	259.468
74.988	97.736	259.474
74.994	97.777	259.480
75.000	97.861	259.481
75.008	98.014	259.471
75.008	98.215	259.459
75.015	98.497	259.448
75.028	98.880	259.432
75.047	99.359	259.411
75.061	99.920	259.376
75.088	100.603	259.369
75.107	101.360	259.359
75.121	102.186	259.374
75.109	103.042	259.400
75.033	102.988	259.006
75.050	102.972	259.164
75.115	102.962	259.611
75.159	102.963	259.816
75.167	102.901	259.683
75.163	102.784	259.419
75.153	102.665	259.205
75.155	102.479	259.114
75.191	102.247	259.204
75.198	101.951	259.311
75.206	101.592	259.350
75.194	101.178	259.342
75.160	100.780	259.376
75.131	100.421	259.409
75.101	100.050	259.424
75.100	99.692	259.434
75.104	99.292	259.382
75.083	98.980	259.362
75.074	98.734	259.354
75.058	98.544	259.393
75.054	98.357	259.427
75.044	98.216	259.453
75.034	98.159	259.474
75.023	98.154	259.475
75.019	98.150	259.456
75.012	98.155	259.457
75.006	98.157	259.445
75.002	98.171	259.446
74.998	98.200	259.449
75.003	98.270	259.463
74.997	98.353	259.460
75.012	98.488	259.449
75.014	98.650	259.434
75.018	98.856	259.417
75.032	99.117	259.389
75.039	99.409	259.376
75.057	99.760	259.372
75.075	100.154	259.375
75.093	100.564	259.366
75.106	100.994	259.359
75.126	101.460	259.354
75.130	101.901	259.365
75.150	102.301	259.370
75.153	102.676	259.391
75.155	102.970	259.402
75.122	103.034	259.311
75.134	102.952	259.317
75.145	102.783	259.429
75.172	102.548	259.487
75.173	102.221	259.462
75.184	101.856	259.378
75.173	101.431	259.318
75.173	100.959	259.297
75.174	100.481	259.311
75.159	99.978	259.314
75.142	99.505	259.335
75.099	99.070	259.383
75.071	98.666	259.422
75.055	98.284	259.463
75.035	97.957	259.475
75.022	97.727	259.475
75.015	97.541	259.466
75.012	97.417	259.467
75.011	97.398	259.482
75.002	97.404	259.486
74.995	97.411	259.501
75.000	97.429	259.511
74.991	97.484	259.502
74.985	97.553	259.491
74.989	97.708	259.486
74.995	97.948	259.468
75.004	98.291	259.468
75.016	98.752	259.446
75.038	99.366	259.425
75.052	100.100	259.390
75.080	100.959	259.363
75.103	101.954	259.366
75.103	103.021	259.411
74.995	102.974	258.885
75.010	103.014	259.125
75.095	103.091	259.658
75.125	103.147	259.854
75.131	102.955	259.591
75.142	102.756	259.394
75.160	102.565	259.290
75.174	102.348	259.142
75.194	102.077	259.174
75.203	101.750	259.248
75.213	101.385	259.292
75.198	100.960	259.312
75.174	100.562	259.359
75.130	100.213	259.407
75.096	99.875	259.430
75.087	99.557	259.452
75.092	99.197	259.428
75.071	98.903	259.376
75.065	98.701	259.368
75.059	98.549	259.386
75.064	98.420	259.414
75.043	98.327	259.463
75.035	98.308	259.481
75.026	98.314	259.485
75.025	98.338	259.478
75.013	98.342	259.461
75.009	98.359	259.446
75.010	98.382	259.436
75.005	98.423	259.443
75.010	98.493	259.441
75.011	98.571	259.437
75.023	98.703	259.440
75.018	98.857	259.427
75.028	99.058	259.422
75.035	99.277	259.399
75.042	99.536	259.369
75.055	99.815	259.367
75.063	100.130	259.369
75.080	100.444	259.351
75.097	100.770	259.349
75.117	101.106	259.351
75.132	101.424	259.358
75.144	101.681	259.366
75.150	101.915	259.372
75.158	102.107	259.365
75.156	102.216	259.365
75.153	102.257	259.351
75.165	102.231	259.360
75.161	102.135	259.371
75.158	101.935	259.370
75.166	101.681	259.362
75.169	101.400	259.355
75.157	101.034	259.349
75.155	100.650	259.364
75.142	100.263	259.375
75.128	99.856	259.366
75.111	99.465	259.354
75.087	99.097	259.377
75.074	98.771	259.403
75.055	98.487	259.427
75.042	98.205	259.434
75.036	98.005	259.446
75.027	97.858	259.465
75.018	97.785	259.463
75.019	97.760	259.467
75.012	97.778	259.477
75.001	97.774	259.476
75.002	97.790	259.477
74.987	97.805	259.471
74.993	97.859	259.487
75.002	97.967	259.478
75.010	98.115	259.457
75.008	98.340	259.451
75.018	98.637	259.437
75.032	99.042	259.418
75.048	99.529	259.389
75.072	100.123	259.368
75.087	100.799	259.365
75.112	101.550	259.353
75.115	102.379	259.382
75.082	103.078	259.353
75.019	102.977	258.998
75.059	102.964	259.242
75.115	102.931	259.656
75.153	102.904	259.790
75.166	102.808	259.599
75.160	102.673	259.380
75.154	102.512	259.184
75.167	102.302	259.143
75.181	102.024	259.248
75.195	101.683	259.310
75.193	101.304	259.329
75.176	100.880	259.343
75.146	100.504	259.382
75.111	100.143	259.425
75.099	99.794	259.445
75.094	99.429	259.431
75.086	99.074	259.387
75.076	98.813	259.373
75.061	98.604	259.376
75.058	98.434	259.414
75.049	98.290	259.430
75.039	98.211	259.464
75.027	98.209	259.467
75.019	98.216	259.469
75.015	98.223	259.463
75.013	98.236	259.461
75.005	98.243	259.447
75.001	98.278	259.446
75.001	98.338	259.450
75.002	98.405	259.451
75.009	98.515	259.449
75.016	98.644	259.442
75.016	98.817	259.427
75.023	99.030	259.408
75.043	99.289	259.385
75.051	99.604	259.384
75.056	99.942	259.365
75.075	100.326	259.360
75.090	100.706	259.359
75.106	101.122	259.361
75.123	101.541	259.355
75.132	101.938	259.358
75.147	102.285	259.369
75.154	102.589	259.392
75.156	102.817	259.397
75.155	102.953	259.382
75.143	102.980	259.371
75.156	102.910	259.382
75.173	102.755	259.416
75.183	102.504	259.421
75.182	102.161	259.395
75.190	101.771	259.361
75.187	101.337	259.346
75.171	100.861	259.333
75.165	100.379	259.340
75.143	99.878	259.347
75.124	99.418	259.371
75.093	98.983	259.403
75.063	98.572	259.416
75.053	98.208	259.441
75.031	97.892	259.470
75.025	97.633	259.481
75.015	97.451	259.482
75.011	97.353	259.490
75.004	97.335	259.495
75.002	97.341	259.497
74.985	97.333	259.501
74.984	97.356	259.513
74.981	97.386	259.507
74.979	97.459	259.509
74.987	97.607	259.500
74.997	97.851	259.488
75.000	98.194	259.479
75.020	98.678	259.441
75.041	99.315	259.420
75.055	100.113	259.390
75.083	101.034	259.369
75.103	102.081	259.365
75.081	103.110	259.383
74.994	102.977	258.858
75.021	102.970	259.165
75.106	102.958	259.707
75.152	102.974	259.902
75.158	102.945	259.728
75.157	102.835	259.388
75.145	102.715	259.086
75.161	102.538	259.050
75.205	102.281	259.203
75.215	101.978	259.330
75.220	101.607	259.348
75.201	101.185	259.335
75.169	100.788	259.381
75.135	100.457	259.415
75.102	100.115	259.460
75.102	99.765	259.448
75.096	99.386	259.380
75.088	99.090	259.337
75.079	98.874	259.353
75.060	98.690	259.387
75.064	98.544	259.418
75.050	98.434	259.454
75.041	98.401	259.475
75.033	98.411	259.468
75.025	98.417	259.460
75.020	98.413	259.447
75.013	98.410	259.449
74.996	98.411	259.434
75.010	98.442	259.441
75.014	98.477	259.443
75.008	98.515	259.449
75.020	98.580	259.446
75.017	98.659	259.433
75.018	98.789	259.423
75.020	98.936	259.405
75.030	99.124	259.384
75.038	99.332	259.383
75.052	99.582	259.383
75.062	99.829	259.367
75.080	100.113	259.368
75.092	100.400	259.352
75.113	100.710	259.353
75.117	100.980	259.340
75.126	101.267	259.333
75.136	101.515	259.342
75.141	101.710	259.347
75.138	101.873	259.359
75.146	101.972	259.357
75.143	102.003	259.361
75.142	101.971	259.367
75.148	101.852	259.372
75.148	101.685	259.364
75.149	101.464	259.354
75.156	101.183	259.344
75.150	100.866	259.344
75.148	100.505	259.342
75.129	100.161	259.364
75.110	99.789	259.363
75.103	99.448	259.363
75.086	99.141	259.388
75.077	98.846	259.399
75.057	98.591	259.420
75.044	98.375	259.435
75.039	98.193	259.438
75.031	98.062	259.447
75.024	97.999	259.454
75.019	97.998	259.455
75.022	98.006	259.466
75.006	97.999	259.457
75.004	98.005	259.459
74.993	98.003	259.462
74.998	98.028	259.468
75.000	98.081	259.461
75.008	98.186	259.468
75.012	98.329	259.446
75.014	98.541	259.437
75.021	98.821	259.418
75.036	99.178	259.399
75.047	99.620	259.382
75.065	100.141	259.372
75.083	100.706	259.356
75.099	101.323	259.346
75.112	102.005	259.365
75.128	102.691	259.407
75.060	103.046	259.243
75.049	102.979	259.138
75.081	102.891	259.378
75.135	102.752	259.641
75.156	102.618	259.675
75.158	102.377	259.490
75.169	102.131	259.342
75.164	101.822	259.244
75.170	101.482	259.178
75.175	101.106	259.217
75.178	100.687	259.295
75.170	100.278	259.357
75.138	99.902	259.389
75.097	99.614	259.431
75.082	99.314	259.447
75.077	99.011	259.444
75.073	98.726	259.427
75.054	98.546	259.398
75.041	98.407	259.405
75.050	98.287	259.423
75.045	98.239	259.449
75.028	98.231	259.463
75.026	98.252	259.477
75.026	98.280	259.465
75.013	98.283	259.460
74.995	98.300	259.461
75.006	98.349	259.460
75.002	98.408	259.452
75.011	98.507	259.444
75.015	98.623	259.444
75.020	98.804	259.430
75.025	99.024	259.416
75.033	99.283	259.400
75.047	99.577	259.382
75.059	99.910	259.367
75.074	100.296	259.357
75.091	100.680	259.368
75.100	101.083	259.359
75.112	101.492	259.353
75.125	101.896	259.370
75.131	102.231	259.378
75.148	102.548	259.392
75.154	102.778	259.396
75.162	102.922	259.390
75.163	102.972	259.375
75.167	102.913	259.373
75.176	102.765	259.402
75.189	102.525	259.410
75.179	102.198	259.386
75.194	101.826	259.369
75.194	101.398	259.342
75.182	100.926	259.342
75.165	100.444	259.343
75.152	99.951	259.354
75.128	99.493	259.361
75.092	99.055	259.383
75.074	98.664	259.409
75.057	98.314	259.427
75.033	97.996	259.457
75.025	97.759	259.470
75.021	97.584	259.470
75.024	97.505	259.482
75.019	97.481	259.486
75.002	97.471	259.487
74.993	97.461	259.491
74.986	97.460	259.500
74.980	97.486	259.494
74.984	97.530	259.500
74.984	97.644	259.490
74.990	97.837	259.482
75.004	98.113	259.463
75.012	98.505	259.453
75.024	99.025	259.432
75.047	99.684	259.391
75.082	100.497	259.372
75.100	101.426	259.362
75.120	102.453	259.385
75.020	103.067	259.094
74.991	102.970	258.894
75.057	103.060	259.371
75.125	103.176	259.824
75.123	103.086	259.740
75.132	102.885	259.478
75.145	102.682	259.367
75.157	102.493	259.207
75.163	102.253	259.144
75.184	101.967	259.193
75.199	101.633	259.261
75.193	101.233	259.280
75.183	100.818	259.323
75.153	100.438	259.373
75.102	100.087	259.427
75.082	99.765	259.445
75.085	99.434	259.441
75.076	99.079	259.410
75.061	98.824	259.372
75.054	98.633	259.358
75.054	98.496	259.391
75.046	98.368	259.429
75.045	98.318	259.477
75.033	98.315	259.492
75.022	98.309	259.478
75.021	98.336	259.478
75.015	98.339	259.460
74.997	98.340	259.439
75.007	98.369	259.443
75.007	98.409	259.452
75.009	98.470	259.451
75.012	98.546	259.450
75.018	98.652	259.450
75.017	98.790	259.433
75.018	98.963	259.411
75.034	99.171	259.392
75.044	99.418	259.366
75.043	99.680	259.362
75.059	99.973	259.357
75.074	100.292	259.358
75.088	100.603	259.359
75.103	100.917	259.356
75.118	101.234	259.353
75.129	101.517	259.342
75.141	101.756	259.343
75.146	101.954	259.359
75.144	102.089	259.357
75.147	102.161	259.355
75.142	102.156	259.360
75.151	102.084	259.362
75.156	101.935	259.369
75.163	101.714	259.358
75.157	101.438	259.351
75.158	101.113	259.355
75.152	100.740	259.357
75.137	100.366	259.356
75.127	99.989	259.366
75.115	99.622	259.367
75.098	99.248	259.359
75.080	98.943	259.403
75.066	98.647	259.418
75.047	98.390	259.432
75.033	98.150	259.441
75.031	98.003	259.453
75.025	97.911	259.462
75.023	97.873	259.465
75.023	97.869	259.476
75.007	97.863	259.466
75.000	97.864	259.472
75.003	97.892	259.479
74.994	97.929	259.472
75.006	98.016	259.477
75.006	98.132	259.465
75.007	98.322	259.459
75.022	98.562	259.439
75.028	98.884	259.427
75.042	99.292	259.408
75.055	99.767	259.374
75.090	100.357	259.373
75.095	100.991	259.358
75.113	101.697	259.357
75.125	102.478	259.391
75.083	103.084	259.349
75.041	103.019	259.066
75.076	102.963	259.279
75.128	102.887	259.630
75.151	102.818	259.755
75.161	102.682	259.569
75.164	102.492	259.384
75.162	102.261	259.220
75.164	102.006	259.166
75.170	101.675	259.221
75.186	101.333	259.280
75.184	100.922	259.332
75.159	100.525	259.359
75.129	100.175	259.395
75.092	99.827	259.435
75.083	99.489	259.445
75.090	99.146	259.433
75.072	98.842	259.401
75.062	98.640	259.382
75.049	98.494	259.398
75.048	98.362	259.416
75.039	98.274	259.447
75.027	98.275	259.473
75.019	98.278	259.477
75.020	98.306	259.465
75.006	98.302	259.464
74.999	98.304	259.474
74.999	98.330	259.465
75.003	98.384	259.446
75.004	98.449	259.450
75.009	98.532	259.447
75.017	98.662	259.440
75.021	98.823	259.438
75.022	99.015	259.412
75.034	99.254	259.393
75.046	99.537	259.382
75.061	99.859	259.368
75.075	100.219	259.372
75.088	100.585	259.362
75.098	100.956	259.353
75.114	101.361	259.350
75.127	101.712	259.360
75.136	102.053	259.364
75.151	102.337	259.381
75.153	102.568	259.399
75.152	102.723	259.396
75.154	102.777	259.393
75.158	102.747	259.392
75.162	102.627	259.392
75.172	102.420	259.373
75.170	102.126	259.372
75.174	101.765	259.357
75.178	101.365	259.359
75.170	100.920	259.356
75.166	100.464	259.348
75.138	99.996	259.368
75.121	99.554	259.366
75.098	99.140	259.384
75.080	98.769	259.403
75.058	98.439	259.412
75.038	98.128	259.441
75.026	97.889	259.460
75.024	97.720	259.463
75.020	97.627	259.476
75.012	97.593	259.475
75.005	97.591	259.486
74.991	97.574	259.486
74.989	97.581	259.481
74.993	97.628	259.489
74.981	97.671	259.496
74.989	97.770	259.488
75.000	97.925	259.481
75.003	98.160	259.468
75.003	98.494	259.448
75.025	98.933	259.429
75.048	99.490	259.405
75.061	100.157	259.376
75.090	100.942	259.359
75.113	101.808	259.362
75.134	102.781	259.410
75.020	103.032	259.032
75.021	102.989	259.026
75.083	103.014	259.500
75.142	103.062	259.833
75.148	103.056	259.789
75.150	102.884	259.455
75.136	102.699	259.238
75.147	102.508	259.124
75.180	102.246	259.179
75.195	101.944	259.269
75.200	101.580	259.304
75.192	101.154	259.296
75.170	100.730	259.336
75.136	100.361	259.407
75.106	100.014	259.432
75.096	99.658	259.441
75.093	99.277	259.422
75.077	98.956	259.387
75.066	98.724	259.365
75.051	98.530	259.381
75.051	98.375	259.410
75.041	98.252	259.446
75.027	98.209	259.483
75.023	98.215	259.483
75.019	98.232	259.475
75.011	98.238	259.467
75.000	98.237	259.458
74.991	98.247	259.445
74.999	98.284	259.447
74.997	98.336	259.450
75.000	98.417	259.454
75.008	98.516	259.453
75.019	98.656	259.439
75.013	98.828	259.420
75.027	99.063	259.407
75.036	99.338	259.391
75.046	99.646	259.373
75.060	99.992	259.374
75.074	100.347	259.364
75.089	100.733	259.353
75.105	101.131	259.348
75.117	101.514	259.358
75.136	101.878	259.356
75.139	102.187	259.371
75.158	102.467	259.378
75.155	102.669	259.389
75.160	102.784	259.379
75.156	102.798	259.386
75.160	102.737	259.390
75.167	102.582	259.396
75.180	102.342	259.382
75.168	102.022	259.369
75.176	101.630	259.360
75.173	101.213	259.354
75.171	100.766	259.357
75.160	100.313	259.353
75.134	99.836	259.364
75.119	99.393	259.375
75.094	99.004	259.396
75.067	98.621	259.412
75.044	98.282	259.443
75.032	97.977	259.456
75.022	97.748	259.473
75.021	97.584	259.476
75.013	97.500	259.484
75.012	97.483	259.480
75.001	97.479	259.479
74.989	97.477	259.482
74.988	97.504	259.489
74.980	97.531	259.492
74.991	97.594	259.497
74.988	97.733	259.489
74.992	97.939	259.478
75.002	98.250	259.464
75.017	98.677	259.447
75.028	99.231	259.422
75.054	99.923	259.386
75.075	100.736	259.376
75.102	101.654	259.363
75.120	102.706	259.405
75.001	103.026	258.998
75.003	103.003	258.986
75.069	103.061	259.493
75.125	103.168	259.863
75.121	103.043	259.693
75.143	102.852	259.442
75.144	102.654	259.339
75.149	102.422	259.181
75.173	102.186	259.177
75.182	101.871	259.227
75.196	101.516	259.264
75.183	101.082	259.289
75.170	100.665	259.327
75.134	100.306	259.395
75.094	99.967	259.449
75.081	99.642	259.463
75.086	99.286	259.444
75.070	98.960	259.407
75.064	98.725	259.374
75.053	98.552	259.368
75.048	98.406	259.404
75.045	98.302	259.439
75.042	98.262	259.482
75.022	98.267	259.493
75.020	98.269	259.490
75.012	98.281	259.475
75.007	98.303	259.458
74.994	98.323	259.450
75.004	98.386	259.444
75.006	98.460	259.442
75.003	98.553	259.449
75.018	98.698	259.445
75.018	98.872	259.440
75.016	99.082	259.409
75.035	99.337	259.403
75.041	99.623	259.374
75.060	99.945	259.363
75.069	100.283	259.362
75.081	100.631	259.354
75.090	100.988	259.349
75.114	101.358	259.349
75.120	101.696	259.357
75.138	101.999	259.370
75.146	102.247	259.372
75.151	102.452	259.384
75.163	102.583	259.388
75.160	102.612	259.372
75.165	102.572	259.382
75.171	102.430	259.370
75.166	102.199	259.367
75.171	101.923	259.366
75.178	101.580	259.354
75.169	101.180	259.355
75.159	100.741	259.354
75.152	100.337	259.365
75.137	99.895	259.360
75.116	99.485	259.362
75.092	99.103	259.382
75.070	98.739	259.402
75.053	98.430	259.423
75.036	98.134	259.443
75.019	97.886	259.462
75.022	97.725	259.477
75.011	97.616	259.470
75.009	97.577	259.480
75.003	97.580	259.472
74.996	97.585	259.479
74.983	97.603	259.480
74.994	97.667	259.485
74.986	97.738	259.487
74.991	97.872	259.484
74.997	98.068	259.467
75.006	98.345	259.458
75.017	98.710	259.433
75.029	99.182	259.413
75.053	99.774	259.385
75.081	100.477	259.367
75.094	101.270	259.359
75.119	102.150	259.375
75.098	103.062	259.399
75.009	102.982	258.953
75.042	102.999	259.162
75.117	103.016	259.636
75.152	103.065	259.868
75.146	102.996	259.684
75.144	102.837	259.379
75.145	102.676	259.192
75.154	102.463	259.120
75.181	102.193	259.216
75.189	101.876	259.296
75.196	101.500	259.325
75.186	101.065	259.325
75.155	100.666	259.374
75.127	100.325	259.415
75.106	99.967	259.433
75.102	99.622	259.433
75.094	99.235	259.403
75.070	98.941	259.372
75.056	98.709	259.370
75.046	98.523	259.395
75.046	98.370	259.421
75.038	98.257	259.459
75.037	98.233	259.482
75.021	98.241	259.480
75.020	98.254	259.471
75.010	98.267	259.465
74.994	98.260	259.451
74.997	98.271	259.447
75.001	98.320	259.459
75.000	98.371	259.453
75.001	98.454	259.454
75.001	98.559	259.450
75.012	98.719	259.441
75.012	98.921	259.417
75.024	99.162	259.399
75.043	99.469	259.382
75.052	99.784	259.369
75.059	100.147	259.361
75.078	100.529	259.370
75.094	100.926	259.361
75.109	101.352	259.360
75.131	101.745	259.365
75.134	102.105	259.361
75.146	102.430	259.379
75.151	102.686	259.403
75.146	102.852	259.399
75.145	102.941	259.395
75.149	102.929	259.386
75.161	102.822	259.398
75.175	102.637	259.406
75.176	102.340	259.388
75.173	101.984	259.369
75.180	101.572	259.361
75.176	101.118	259.350
75.168	100.644	259.356
75.154	100.160	259.360
75.125	99.672	259.369
75.105	99.219	259.380
75.070	98.806	259.402
75.058	98.439	259.413
75.037	98.090	259.439
75.016	97.810	259.472
75.019	97.608	259.491
75.007	97.461	259.475
75.009	97.404	259.489
75.002	97.409	259.491
74.986	97.399	259.492
74.977	97.404	259.496
74.985	97.444	259.499
74.974	97.502	259.513
74.981	97.609	259.488
74.991	97.808	259.491
75.000	98.104	259.480
75.010	98.492	259.453
75.014	98.996	259.429
75.040	99.670	259.386
75.065	100.488	259.376
75.087	101.429	259.357
75.114	102.493	259.392
75.003	103.063	259.068
74.982	102.974	258.895
75.052	103.058	259.393
75.122	103.135	259.842
75.115	103.064	259.772
75.133	102.880	259.486
75.139	102.673	259.331
75.151	102.464	259.172
75.168	102.210	259.152
75.181	101.896	259.224
75.199	101.546	259.268
75.195	101.120	259.291
75.169	100.694	259.324
75.132	100.319	259.392
75.095	99.969	259.447
75.079	99.642	259.456
75.077	99.276	259.432
75.065	98.954	259.396
75.061	98.717	259.372
75.052	98.553	259.371
75.055	98.405	259.404
75.040	98.295	259.446
75.038	98.253	259.471
75.024	98.258	259.485
75.021	98.273	259.479
75.012	98.296	259.481
75.000	98.302	259.467
74.989	98.317	259.452
74.996	98.364	259.444
74.999	98.440	259.450
75.004	98.528	259.462
75.009	98.644	259.445
75.011	98.811	259.438
75.015	99.011	259.426
75.025	99.243	259.403
75.039	99.520	259.374
75.046	99.821	259.365
75.053	100.147	259.358
75.073	100.492	259.353
75.082	100.847	259.350
75.103	101.214	259.358
75.114	101.544	259.352
75.122	101.848	259.353
75.139	102.125	259.369
75.146	102.332	259.380
75.161	102.478	259.381
75.161	102.544	259.375
75.161	102.522	259.373
75.168	102.414	259.369
75.165	102.226	259.367
75.161	101.960	259.363
75.169	101.634	259.357
75.170	101.265	259.351
75.156	100.840	259.356
75.149	100.419	259.347
75.137	100.006	259.358
75.116	99.596	259.366
75.096	99.211	259.382
75.070	98.847	259.405
75.058	98.544	259.415
75.034	98.254	259.434
75.018	98.023	259.451
75.018	97.864	259.469
75.003	97.748	259.464
75.016	97.700	259.471
75.005	97.700	259.472
74.999	97.702	259.466
74.988	97.715	259.475
74.989	97.750	259.477
74.987	97.820	259.484
74.993	97.911	259.481
74.998	98.072	259.456
74.999	98.288	259.458
75.013	98.580	259.442
75.023	98.968	259.422
75.044	99.456	259.412
75.058	100.016	259.373
75.082	100.687	259.370
75.094	101.430	259.354
75.116	102.243	259.381
75.108	103.072	259.401
75.029	103.024	259.024
75.044	103.007	259.185
75.110	102.984	259.611
75.151	102.974	259.806
75.159	102.913	259.668
75.156	102.790	259.424
75.150	102.650	259.214
75.151	102.453	259.127
75.177	102.207	259.216
75.189	101.894	259.310
75.196	101.520	259.343
75.180	101.105	259.338
75.150	100.704	259.373
75.118	100.363	259.412
75.099	100.014	259.429
75.101	99.666	259.437
75.097	99.295	259.392
75.079	98.996	259.359
75.064	98.773	259.360
75.048	98.581	259.396
75.051	98.424	259.419
75.040	98.297	259.460
75.031	98.257	259.478
75.020	98.256	259.469
75.018	98.261	259.467
75.005	98.263	259.473
75.001	98.274	259.451
75.004	98.290	259.458
74.999	98.333	259.456
75.003	98.384	259.453
75.009	98.471	259.455
75.004	98.574	259.447
75.013	98.724	259.433
75.010	98.927	259.425
75.019	99.157	259.404
75.033	99.437	259.399
75.044	99.717	259.371
75.058	100.060	259.371
75.079	100.424	259.368
75.093	100.800	259.372
75.105	101.191	259.359
75.120	101.571	259.349
75.132	101.958	259.370
75.142	102.267	259.365
75.143	102.539	259.396
75.147	102.743	259.391
75.145	102.861	259.379
75.150	102.884	259.388
75.151	102.811	259.398
75.159	102.659	259.400
75.175	102.430	259.388
75.168	102.085	259.368
75.171	101.691	259.355
75.168	101.269	259.351
75.166	100.806	259.354
75.155	100.354	259.360
75.135	99.855	259.360
75.114	99.390	259.378
75.079	98.971	259.401
75.062	98.581	259.409
75.039	98.211	259.436
75.027	97.903	259.463
75.021	97.651	259.476
75.014	97.474	259.487
75.013	97.392	259.487
75.005	97.374	259.508
74.989	97.361	259.501
74.977	97.358	259.500
74.985	97.395	259.503
74.971	97.428	259.505
74.985	97.499	259.511
74.992	97.658	259.490
74.992	97.891	259.485
74.999	98.240	259.481
75.014	98.710	259.454
75.025	99.323	259.418
75.047	100.092	259.388
75.079	101.000	259.360
75.099	102.029	259.365
75.093	103.103	259.406
74.976	102.975	258.863
75.008	102.971	259.146
75.088	102.995	259.690
75.128	103.056	259.913
75.141	103.027	259.726
75.132	102.866	259.355
75.119	102.688	259.095
75.144	102.488	259.051
75.187	102.218	259.200
75.205	101.905	259.313
75.212	101.531	259.339
75.193	101.097	259.329
75.156	100.685	259.381
75.116	100.318	259.419
75.095	99.965	259.446
75.083	99.596	259.439
75.080	99.204	259.384
75.064	98.899	259.362
75.057	98.667	259.364
75.045	98.484	259.398
75.046	98.323	259.432
75.031	98.193	259.469
75.025	98.169	259.489
75.015	98.182	259.476
75.018	98.194	259.466
75.007	98.194	259.460
74.994	98.199	259.459
74.992	98.218	259.459
74.997	98.273	259.451
74.988	98.345	259.462
74.998	98.437	259.465
75.008	98.558	259.450
75.013	98.740	259.434
75.014	98.957	259.407
75.024	99.222	259.388
75.033	99.539	259.372
75.047	99.886	259.368
75.064	100.278	259.361
75.080	100.693	259.372
75.091	101.116	259.357
75.119	101.552	259.354
75.122	101.976	259.349
75.141	102.356	259.371
75.144	102.668	259.392
75.151	102.921	259.403
75.134	103.048	259.371
75.132	103.021	259.330
75.139	102.898	259.385
75.161	102.687	259.440
75.169	102.394	259.448
75.174	102.033	259.395
75.182	101.612	259.349
75.171	101.150	259.320
75.163	100.665	259.323
75.146	100.169	259.328
75.140	99.687	259.354
75.101	99.220	259.372
75.079	98.794	259.411
75.056	98.416	259.444
75.028	98.054	259.452
75.019	97.778	259.474
75.013	97.564	259.477
75.007	97.415	259.473
75.004	97.351	259.489
74.998	97.354	259.493
74.981	97.342	259.497
74.980	97.372	259.504
74.975	97.408	259.512
74.973	97.480	259.510
74.976	97.607	259.494
74.987	97.822	259.491
74.988	98.125	259.472
75.005	98.547	259.457
75.017	99.119	259.424
75.043	99.827	259.394
75.067	100.701	259.377
75.094	101.677	259.365
75.114	102.769	259.401
74.993	103.035	258.975
74.988	102.964	258.974
75.067	102.996	259.540
75.123	103.017	259.882
75.148	103.045	259.832
75.144	102.923	259.502
75.127	102.787	259.176
75.138	102.621	259.043
75.173	102.377	259.140
75.194	102.075	259.301
75.208	101.697	259.342
75.194	101.292	259.335
75.157	100.860	259.351
75.125	100.488	259.401
75.092	100.118	259.446
75.077	99.741	259.426
75.084	99.382	259.407
75.072	99.045	259.371
75.066	98.768	259.353
75.048	98.563	259.389
75.056	98.397	259.427
75.040	98.235	259.452
75.032	98.168	259.482
75.014	98.161	259.483
75.015	98.186	259.487
75.013	98.191	259.469
75.003	98.207	259.457
74.993	98.224	259.446
74.990	98.274	259.451
74.998	98.358	259.459
74.999	98.442	259.457
75.006	98.567	259.452
75.013	98.740	259.434
75.007	98.964	259.415
75.018	99.226	259.396
75.033	99.546	259.384
75.042	99.883	259.364
75.071	100.284	259.357
75.080	100.674	259.370
75.094	101.082	259.361
75.113	101.525	259.373
75.124	101.935	259.370
75.139	102.300	259.367
75.147	102.636	259.388
75.150	102.884	259.394
75.136	103.021	259.370
75.127	103.012	259.340
75.140	102.920	259.378
75.165	102.734	259.442
75.177	102.476	259.452
75.168	102.115	259.409
75.176	101.709	259.366
75.173	101.258	259.324
75.163	100.771	259.330
75.148	100.286	259.330
75.133	99.781	259.345
75.111	99.306	259.357
75.078	98.887	259.396
75.053	98.495	259.426
75.042	98.113	259.453
75.023	97.806	259.465
75.010	97.551	259.483
75.002	97.353	259.486
74.994	97.277	259.500
74.996	97.251	259.503
74.982	97.253	259.500
74.979	97.286	259.508
74.976	97.339	259.515
74.968	97.411	259.510
74.971	97.551	259.499
74.979	97.803	259.493
74.991	98.137	259.472
75.007	98.583	259.452
75.022	99.186	259.421
75.049	99.957	259.390
75.066	100.853	259.373
75.093	101.878	259.363
75.104	102.976	259.413
74.984	102.992	258.931
74.992	102.942	259.040
75.090	102.941	259.607
75.138	102.938	259.891
75.149	102.907	259.779
75.149	102.789	259.461
75.135	102.672	259.153
75.138	102.510	259.034
75.181	102.266	259.168
75.199	101.967	259.306
75.206	101.613	259.349
75.193	101.210	259.341
75.157	100.808	259.363
75.124	100.467	259.408
75.088	100.137	259.445
75.083	99.789	259.451
75.091	99.446	259.404
75.076	99.138	259.353
75.063	98.910	259.346
75.060	98.741	259.371
75.051	98.596	259.416
75.041	98.473	259.446
75.031	98.417	259.470
75.020	98.412	259.465
75.016	98.444	259.464
75.018	98.464	259.453
75.002	98.450	259.443
75.003	98.476	259.428
75.002	98.500	259.433
75.010	98.556	259.453
75.006	98.610	259.446
75.013	98.693	259.450
75.009	98.797	259.434
75.008	98.935	259.417
75.013	99.096	259.393
75.018	99.276	259.380
75.034	99.501	259.370
75.052	99.735	259.372
75.063	99.976	259.370
75.077	100.260	259.376
75.094	100.518	259.370
75.100	100.780	259.364
75.115	101.034	259.341
75.122	101.267	259.336
75.131	101.466	259.343
75.135	101.605	259.348
75.136	101.703	259.355
75.142	101.747	259.362
75.135	101.734	259.354
75.134	101.650	259.362
75.138	101.528	259.364
75.135	101.345	259.361
75.137	101.105	259.351
75.138	100.823	259.343
75.130	100.505	259.345
75.121	100.186	259.370
75.105	99.833	259.355
75.097	99.511	259.359
75.080	99.208	259.379
75.059	98.912	259.402
75.060	98.664	259.425
75.039	98.430	259.438
75.027	98.237	259.449
75.019	98.086	259.447
75.017	97.988	259.449
75.015	97.949	259.465
75.006	97.955	259.463
74.995	97.951	259.469
74.996	97.969	259.466
74.999	98.003	259.465
74.990	98.052	259.464
74.994	98.149	259.468
74.999	98.282	259.472
75.005	98.488	259.446
75.020	98.753	259.436
75.028	99.098	259.415
75.050	99.549	259.401
75.057	100.030	259.368
75.074	100.592	259.367
75.088	101.212	259.358
75.103	101.890	259.363
75.116	102.595	259.403
75.073	103.099	259.324
75.040	103.018	259.117
75.071	102.951	259.339
75.121	102.831	259.633
75.148	102.730	259.706
75.159	102.525	259.535
75.161	102.286	259.363
75.160	102.030	259.259
75.156	101.685	259.161
75.166	101.346	259.218
75.181	100.962	259.279
75.176	100.538	259.343
75.146	100.159	259.391
75.105	99.819	259.413
75.075	99.516	259.448
75.080	99.190	259.449
75.068	98.873	259.433
75.051	98.640	259.404
75.032	98.463	259.399
75.039	98.308	259.416
75.040	98.180	259.447
75.024	98.132	259.461
75.015	98.138	259.478
75.012	98.157	259.465
75.008	98.184	259.464
74.991	98.205	259.466
74.986	98.244	259.463
74.995	98.297	259.460
75.000	98.418	259.458
74.998	98.530	259.456
75.009	98.704	259.450
75.014	98.932	259.420
75.019	99.207	259.401
75.036	99.526	259.382
75.053	99.888	259.368
75.065	100.294	259.367
75.084	100.724	259.363
75.093	101.171	259.357
75.115	101.627	259.369
75.121	102.082	259.372
75.132	102.492	259.391
75.141	102.847	259.404
75.127	103.075	259.368
75.117	102.988	259.269
75.137	102.871	259.366
75.161	102.657	259.483
75.169	102.366	259.482
75.174	102.033	259.417
75.174	101.621	259.333
75.171	101.184	259.278
75.159	100.713	259.298
75.158	100.230	259.314
75.134	99.736	259.332
75.111	99.287	259.349
75.078	98.904	259.412
75.056	98.524	259.442
75.033	98.169	259.464
75.017	97.890	259.472
75.010	97.704	259.457
75.011	97.553	259.459
75.007	97.475	259.472
75.003	97.473	259.478
74.992	97.482	259.483
75.000	97.520	259.495
74.984	97.575	259.498
74.978	97.660	259.493
74.978	97.813	259.483
74.991	98.025	259.457
74.995	98.343	259.461
75.007	98.755	259.443
75.026	99.299	259.425
75.035	99.948	259.386
75.065	100.725	259.386
75.084	101.588	259.354
75.108	102.576	259.399
75.006	103.031	259.082
75.009	102.994	258.980
75.045	103.027	259.429
75.128	103.094	259.820
75.135	103.080	259.776
75.145	102.876	259.481
75.140	102.694	259.302
75.154	102.494	259.170
75.176	102.243	259.175
75.193	101.938	259.243
75.200	101.579	259.288
75.195	101.166	259.293
75.170	100.745	259.342
75.135	100.375	259.387
75.090	100.005	259.421
75.087	99.658	259.431
75.084	99.287	259.437
75.065	98.953	259.403
75.053	98.696	259.376
75.046	98.508	259.382
75.038	98.331	259.405
75.032	98.192	259.437
75.031	98.143	259.479
75.018	98.149	259.490
75.009	98.157	259.486
75.008	98.182	259.473
74.993	98.200	259.462
74.993	98.239	259.458
74.994	98.313	259.442
74.995	98.408	259.449
75.007	98.543	259.447
75.012	98.720	259.444
75.017	98.946	259.429
75.023	99.206	259.410
75.029	99.513	259.379
75.043	99.859	259.371
75.064	100.262	259.367
75.075	100.654	259.363
75.084	101.070	259.352
75.103	101.499	259.354
75.122	101.928	259.369
75.137	102.308	259.375
75.147	102.653	259.398
75.155	102.907	259.402
75.144	103.059	259.376
75.136	103.050	259.334
75.141	102.920	259.371
75.167	102.726	259.443
75.171	102.450	259.458
75.174	102.093	259.410
75.171	101.670	259.341
75.163	101.228	259.323
75.160	100.746	259.330
75.152	100.259	259.325
75.132	99.762	259.344
75.111	99.287	259.349
75.083	98.890	259.406
75.058	98.515	259.445
75.034	98.142	259.448
75.020	97.861	259.469
75.009	97.624	259.469
75.003	97.472	259.474
75.004	97.401	259.480
75.004	97.394	259.490
74.990	97.402	259.495
74.988	97.406	259.499
74.976	97.447	259.503
74.970	97.514	259.506
74.978	97.644	259.487
74.989	97.861	259.482
74.992	98.155	259.463
75.011	98.591	259.454
75.025	99.156	259.426
75.047	99.855	259.394
75.067	100.719	259.384
75.096	101.655	259.364
75.110	102.739	259.403
74.993	103.035	258.969
74.990	103.009	258.960
75.074	103.101	259.533
75.108	103.181	259.875
75.114	103.024	259.679
75.137	102.827	259.452
75.146	102.643	259.339
75.154	102.435	259.159
75.168	102.192	259.139
75.173	101.878	259.219
75.195	101.557	259.283
75.180	101.128	259.305
75.165	100.721	259.340
75.128	100.342	259.409
75.082	99.991	259.437
75.075	99.642	259.459
75.074	99.265	259.430
75.064	98.916	259.394
75.055	98.671	259.367
75.038	98.468	259.379
75.040	98.324	259.410
75.041	98.184	259.436
75.033	98.137	259.487
75.017	98.150	259.500
75.016	98.157	259.495
75.010	98.172	259.476
74.993	98.197	259.461
74.986	98.227	259.443
74.993	98.301	259.448
74.994	98.421	259.446
75.000	98.543	259.456
75.002	98.708	259.457
75.004	98.919	259.438
75.018	99.182	259.407
75.021	99.471	259.384
75.039	99.820	259.374
75.057	100.218	259.366
75.064	100.602	259.359
75.081	101.026	259.346
75.095	101.463	259.358
75.111	101.880	259.370
75.125	102.253	259.377
75.141	102.609	259.396
75.150	102.882	259.390
75.141	103.049	259.371
75.129	103.052	259.334
75.141	102.937	259.369
75.161	102.747	259.432
75.173	102.485	259.454
75.174	102.139	259.411
75.172	101.722	259.356
75.167	101.282	259.321
75.166	100.805	259.338
75.156	100.327	259.337
75.131	99.805	259.345
75.113	99.344	259.359
75.084	98.927	259.399
75.055	98.533	259.428
75.037	98.171	259.458
75.018	97.866	259.467
75.007	97.630	259.471
75.000	97.457	259.477
74.999	97.374	259.482
74.994	97.367	259.490
74.992	97.370	259.490
74.983	97.380	259.499
74.975	97.417	259.493
74.964	97.475	259.501
74.975	97.583	259.494
74.979	97.784	259.491
74.983	98.057	259.475
74.995	98.455	259.460
75.011	98.981	259.437
75.030	99.653	259.393
75.057	100.455	259.375
75.083	101.397	259.368
75.106	102.452	259.390
75.006	103.067	259.103
74.985	102.985	258.881
75.045	103.039	259.357
75.113	103.109	259.824
75.131	103.109	259.817
75.131	102.900	259.512
75.134	102.714	259.316
75.151	102.509	259.158
75.163	102.251	259.140
75.185	101.942	259.212
75.192	101.589	259.282
75.193	101.174	259.292
75.173	100.736	259.334
75.133	100.351	259.393
75.080	99.995	259.431
75.069	99.663	259.455
75.078	99.310	259.434
75.066	98.972	259.404
75.052	98.723	259.376
75.045	98.531	259.381
75.041	98.390	259.401
75.037	98.265	259.436
75.041	98.222	259.482
75.016	98.221	259.488
75.013	98.238	259.474
75.005	98.263	259.473
74.994	98.281	259.466
74.988	98.330	259.449
74.997	98.386	259.441
75.001	98.482	259.442
75.003	98.598	259.440
75.016	98.771	259.441
75.016	98.969	259.428
75.024	99.226	259.415
75.034	99.516	259.389
75.042	99.820	259.359
75.055	100.207	259.357
75.067	100.572	259.353
75.076	100.956	259.348
75.093	101.366	259.360
75.112	101.742	259.371
75.122	102.101	259.373
75.145	102.408	259.383
75.145	102.661	259.397
75.147	102.825	259.392
75.155	102.908	259.384
75.153	102.896	259.378
75.160	102.803	259.396
75.161	102.607	259.387
75.169	102.324	259.369
75.169	101.979	259.368
75.175	101.564	259.353
75.169	101.120	259.351
75.165	100.662	259.351
75.146	100.187	259.363
75.123	99.721	259.371
75.106	99.289	259.382
75.078	98.886	259.393
75.055	98.534	259.416
75.037	98.203	259.434
75.021	97.925	259.462
75.019	97.716	259.472
75.004	97.575	259.480
75.009	97.518	259.479
74.999	97.503	259.485
74.983	97.496	259.486
74.984	97.516	259.482
74.978	97.534	259.492
74.978	97.598	259.491
74.975	97.691	259.498
74.979	97.846	259.487
74.989	98.099	259.469
75.008	98.450	259.462
75.008	98.890	259.432
75.027	99.476	259.408
75.051	100.191	259.384
75.074	100.994	259.371
75.100	101.940	259.369
75.103	102.913	259.429
74.977	102.950	258.941
74.976	102.947	259.033
75.049	103.024	259.553
75.125	103.176	259.885
75.121	103.002	259.614
75.135	102.800	259.395
75.144	102.618	259.306
75.150	102.383	259.160
75.168	102.116	259.179
75.174	101.786	259.238
75.181	101.414	259.274
75.172	100.985	259.303
75.154	100.561	259.345
75.112	100.212	259.401
75.077	99.873	259.452
75.078	99.544	259.448
75.080	99.193	259.428
75.058	98.890	259.394
75.048	98.674	259.365
75.042	98.517	259.384
75.038	98.380	259.408
75.033	98.281	259.450
75.024	98.256	259.487
75.016	98.267	259.490
75.016	98.285	259.482
75.001	98.294	259.468
74.991	98.312	259.460
74.988	98.328	259.446
74.990	98.382	259.449
74.991	98.472	259.446
74.999	98.566	259.445
75.007	98.717	259.447
75.008	98.888	259.428
75.015	99.107	259.412
75.023	99.358	259.395
75.037	99.656	259.376
75.044	99.985	259.360
75.060	100.341	259.354
75.079	100.704	259.362
75.089	101.076	259.347
75.099	101.451	259.349
75.108	101.790	259.346
75.122	102.098	259.366
75.145	102.362	259.375
75.144	102.558	259.397
75.153	102.679	259.386
75.147	102.696	259.386
75.145	102.642	259.380
75.164	102.509	259.382
75.158	102.273	259.369
75.153	101.972	259.360
75.163	101.608	259.364
75.163	101.201	259.361
75.155	100.777	259.363
75.140	100.330	259.369
75.122	99.857	259.366
75.106	99.416	259.371
75.078	98.997	259.391
75.054	98.628	259.417
75.033	98.277	259.439
75.018	97.961	259.449
75.012	97.716	259.469
75.006	97.548	259.474
75.002	97.451	259.482
75.000	97.410	259.494
74.986	97.411	259.491
74.978	97.426	259.489
74.978	97.474	259.488
74.982	97.541	259.500
74.977	97.643	259.499
74.985	97.844	259.499
74.990	98.122	259.481
74.998	98.487	259.461
75.014	98.994	259.438
75.035	99.621	259.424
75.065	100.365	259.373
75.082	101.252	259.361
75.103	102.232	259.367
75.045	103.119	259.321
74.978	102.988	258.873
75.026	103.054	259.265
75.101	103.156	259.763
75.104	103.124	259.771
75.110	102.933	259.533
75.126	102.729	259.369
75.142	102.546	259.257
75.155	102.325	259.149
75.174	102.054	259.187
75.184	101.731	259.260
75.186	101.347	259.293
75.176	100.930	259.322
75.141	100.524	259.362
75.102	100.186	259.410
75.079	99.852	259.454
75.072	99.500	259.453
75.070	99.145	259.429
75.055	98.859	259.386
75.044	98.669	259.370
75.042	98.520	259.385
75.043	98.400	259.415
75.035	98.337	259.457
75.022	98.328	259.492
75.018	98.339	259.491
75.005	98.344	259.477
75.002	98.357	259.473
74.987	98.372	259.462
74.988	98.388	259.456
74.988	98.438	259.447
74.994	98.497	259.445
74.997	98.575	259.448
75.005	98.702	259.450
75.009	98.864	259.441
75.015	99.059	259.418
75.023	99.298	259.391
75.030	99.578	259.366
75.038	99.877	259.353
75.051	100.218	259.362
75.073	100.552	259.357
75.079	100.892	259.363
75.096	101.248	259.357
75.112	101.555	259.352
75.128	101.859	259.358
75.135	102.096	259.365
75.142	102.280	259.380
75.145	102.405	259.376
75.153	102.445	259.373
75.145	102.409	259.365
75.151	102.275	259.364
75.148	102.074	259.363
75.154	101.815	259.354
75.154	101.492	259.361
75.149	101.104	259.347
75.144	100.709	259.369
75.137	100.307	259.361
75.120	99.881	259.366
75.103	99.488	259.356
75.076	99.107	259.386
75.065	98.778	259.411
75.039	98.477	259.427
75.025	98.196	259.445
75.018	97.972	259.457
75.010	97.826	259.463
75.007	97.751	259.467
75.006	97.735	259.473
74.993	97.738	259.474
74.986	97.737	259.477
74.973	97.741	259.472
74.974	97.762	259.480
74.977	97.810	259.488
74.983	97.880	259.486
74.986	98.004	259.468
74.982	98.192	259.463
75.001	98.481	259.448
75.008	98.842	259.426
75.028	99.319	259.408
75.044	99.892	259.375
75.070	100.583	259.361
75.093	101.358	259.361
75.106	102.197	259.373
75.105	103.077	259.415
75.012	103.026	259.003
75.031	102.996	259.161
75.100	102.973	259.611
75.143	102.979	259.830
75.151	102.913	259.699
75.145	102.785	259.432
75.139	102.649	259.210
75.143	102.462	259.110
75.171	102.209	259.211
75.185	101.909	259.314
75.193	101.551	259.347
75.168	101.125	259.336
75.142	100.731	259.376
75.118	100.380	259.416
75.098	100.039	259.422
75.089	99.702	259.449
75.088	99.320	259.408
75.067	99.011	259.350
75.051	98.797	259.360
75.041	98.605	259.392
75.036	98.449	259.427
75.025	98.306	259.462
75.015	98.246	259.475
75.015	98.248	259.473
75.011	98.264	259.471
75.000	98.257	259.469
74.994	98.260	259.451
74.985	98.270	259.444
74.989	98.318	259.455
74.991	98.375	259.459
75.000	98.462	259.453
75.008	98.561	259.451
75.010	98.711	259.439
75.006	98.895	259.423
75.016	99.124	259.400
75.026	99.390	259.390
75.037	99.703	259.371
75.050	100.041	259.373
75.067	100.404	259.363
75.077	100.792	259.370
75.100	101.189	259.358
75.115	101.569	259.356
75.123	101.950	259.359
75.137	102.260	259.366
75.141	102.551	259.389
75.144	102.750	259.393
75.142	102.865	259.396
75.141	102.895	259.390
75.147	102.827	259.396
75.152	102.676	259.406
75.164	102.447	259.392
75.161	102.115	259.366
75.170	101.717	259.362
75.170	101.307	259.348
75.152	100.838	259.346
75.144	100.363	259.352
75.125	99.890	259.362
75.109	99.424	259.366
75.074	99.008	259.397
75.056	98.617	259.411
75.042	98.268	259.440
75.024	97.956	259.460
75.012	97.695	259.470
75.007	97.518	259.478
74.995	97.407	259.484
74.999	97.397	259.501
74.985	97.379	259.496
74.970	97.384	259.494
74.973	97.419	259.496
74.972	97.459	259.505
74.972	97.555	259.504
74.977	97.731	259.492
74.987	97.978	259.478
74.992	98.328	259.470
75.011	98.792	259.437
75.031	99.412	259.418
75.050	100.170	259.391
75.063	100.996	259.406
75.059	101.985	259.374
75.071	103.096	259.399
74.975	102.985	258.848
74.996	103.013	259.147
75.087	103.095	259.681
75.126	103.170	259.906
75.126	102.992	259.596
75.122	102.789	259.365
75.136	102.586	259.226
75.143	102.352	259.127
75.173	102.074	259.191
75.185	101.730	259.256
75.184	101.333	259.289
75.171	100.906	259.303
75.151	100.487	259.353
75.099	100.125	259.412
75.078	99.784	259.450
75.071	99.420	259.454
75.066	99.054	259.423
75.047	98.779	259.389
75.038	98.581	259.375
75.036	98.429	259.388
75.034	98.282	259.422
75.028	98.225	259.461
75.016	98.216	259.496
75.009	98.222	259.489
75.008	98.250	259.483
74.998	98.265	259.474
74.978	98.272	259.460
74.989	98.318	259.455
74.993	98.398	259.450
74.990	98.495	259.445
74.997	98.618	259.448
75.008	98.793	259.446
75.006	99.004	259.430
75.016	99.252	259.408
75.022	99.558	259.374
75.031	99.878	259.366
75.054	100.254	259.362
75.069	100.626	259.356
75.077	101.008	259.359
75.098	101.427	259.365
75.115	101.802	259.370
75.123	102.136	259.368
75.142	102.439	259.381
75.148	102.673	259.387
75.145	102.812	259.383
75.147	102.874	259.379
75.152	102.829	259.384
75.154	102.713	259.393
75.169	102.514	259.389
75.161	102.196	259.370
75.166	101.840	259.363
75.168	101.425	259.351
75.164	100.982	259.355
75.152	100.508	259.352
75.131	100.039	259.365
75.118	99.608	259.373
75.088	99.181	259.376
75.066	98.800	259.407
75.043	98.467	259.422
75.019	98.155	259.439
75.013	97.907	259.467
75.004	97.724	259.471
75.001	97.606	259.474
75.004	97.573	259.483
75.000	97.569	259.482
74.983	97.558	259.482
74.980	97.574	259.480
74.976	97.604	259.487
74.971	97.645	259.493
74.973	97.742	259.491
74.982	97.907	259.480
74.991	98.153	259.472
75.001	98.500	259.455
75.005	98.922	259.424
75.031	99.504	259.393
75.051	100.193	259.382
75.073	100.977	259.374
75.099	101.874	259.378
75.120	102.872	259.412
74.997	103.040	258.998
75.009	103.029	259.035
75.079	103.066	259.541
75.124	103.126	259.855
75.129	103.067	259.736
75.139	102.862	259.425
75.132	102.665	259.251
75.149	102.456	259.143
75.164	102.174	259.184
75.169	101.848	259.259
75.182	101.470	259.284
75.174	101.027	259.301
75.152	100.613	259.348
75.109	100.244	259.409
75.078	99.885	259.429
75.067	99.561	259.453
75.074	99.198	259.423
75.060	98.886	259.390
75.052	98.658	259.373
75.038	98.491	259.385
75.039	98.353	259.414
75.031	98.239	259.449
75.025	98.214	259.487
75.011	98.215	259.490
75.010	98.238	259.489
75.004	98.260	259.472
74.995	98.279	259.452
74.985	98.313	259.454
74.993	98.402	259.445
74.997	98.495	259.448
75.002	98.626	259.450
75.006	98.785	259.444
75.013	99.003	259.424
75.013	99.241	259.412
75.030	99.529	259.386
75.041	99.860	259.374
75.049	100.228	259.368
75.068	100.609	259.368
75.077	100.996	259.354
75.093	101.409	259.355
75.108	101.784	259.359
75.119	102.130	259.370
75.126	102.454	259.385
75.143	102.709	259.405
75.147	102.873	259.391
75.148	102.956	259.402
75.145	102.941	259.395
75.152	102.832	259.385
75.158	102.639	259.395
75.167	102.347	259.374
75.165	101.988	259.370
75.174	101.577	259.357
75.167	101.127	259.356
75.160	100.655	259.359
75.141	100.180	259.371
75.120	99.692	259.371
75.107	99.264	259.379
75.070	98.852	259.404
75.047	98.501	259.425
75.028	98.145	259.445
75.014	97.861	259.472
75.010	97.645	259.468
75.001	97.499	259.481
74.999	97.438	259.498
74.994	97.432	259.493
74.988	97.440	259.489
74.974	97.437	259.488
74.973	97.480	259.504
74.974	97.548	259.499
74.973	97.640	259.496
74.976	97.818	259.487
74.989	98.078	259.470
75.000	98.463	259.456
75.006	98.958	259.435
75.035	99.615	259.400
75.048	100.380	259.370
75.073	101.305	259.365
75.094	102.321	259.381
75.025	103.113	259.220
74.975	103.001	258.848
75.031	103.076	259.291
75.101	103.193	259.794
75.102	103.117	259.757
75.118	102.920	259.539
75.128	102.719	259.379
75.143	102.522	259.220
75.153	102.315	259.134
75.171	102.024	259.183
75.181	101.695	259.260
75.183	101.316	259.291
75.172	100.894	259.321
75.142	100.499	259.366
75.093	100.140	259.427
75.075	99.819	259.465
75.071	99.485	259.456
75.067	99.113	259.412
75.055	98.846	259.371
75.047	98.640	259.357
75.036	98.494	259.385
75.040	98.373	259.419
75.033	98.292	259.474
75.021	98.287	259.498
75.007	98.291	259.492
75.009	98.312	259.479
74.998	98.328	259.473
74.989	98.364	259.457
74.991	98.402	259.438
74.998	98.469	259.436
75.001	98.561	259.448
75.006	98.694	259.451
75.004	98.857	259.443
75.015	99.064	259.423
75.020	99.282	259.396
75.033	99.558	259.380
75.036	99.837	259.359
75.054	100.185	259.361
75.065	100.520	259.359
75.076	100.864	259.350
75.087	101.208	259.360
75.107	101.545	259.359
75.119	101.848	259.368
75.125	102.113	259.363
75.142	102.326	259.369
75.147	102.466	259.379
75.145	102.517	259.372
75.151	102.494	259.369
75.147	102.399	259.368
75.151	102.210	259.360
75.155	101.961	259.360
75.159	101.650	259.352
75.155	101.279	259.352
75.148	100.870	259.360
75.140	100.441	259.352
75.128	100.029	259.373
75.112	99.609	259.373
75.089	99.214	259.386
75.066	98.865	259.400
75.042	98.540	259.424
75.027	98.236	259.439
75.017	97.987	259.462
75.013	97.799	259.470
75.001	97.668	259.476
75.004	97.618	259.480
74.997	97.621	259.485
74.991	97.623	259.479
74.982	97.631	259.474
74.983	97.665	259.488
74.977	97.704	259.497
74.975	97.801	259.493
74.986	97.958	259.483
74.989	98.211	259.461
75.005	98.528	259.446
75.016	98.968	259.425
75.031	99.529	259.409
75.051	100.177	259.381
75.081	100.928	259.374
75.096	101.778	259.373
75.114	102.725	259.403
75.015	103.075	259.046
75.007	103.022	259.006
75.061	103.039	259.441
75.119	103.087	259.825
75.140	103.103	259.819
75.138	102.942	259.500
75.135	102.755	259.263
75.138	102.581	259.139
75.154	102.324	259.167
75.176	102.035	259.276
75.194	101.664	259.309
75.182	101.251	259.310
75.158	100.818	259.332
75.123	100.433	259.394
75.088	100.075	259.422
75.080	99.712	259.451
75.081	99.322	259.430
75.069	98.985	259.388
75.052	98.718	259.372
75.040	98.530	259.381
75.040	98.373	259.413
75.033	98.232	259.447
75.021	98.182	259.485
75.012	98.190	259.497
75.006	98.188	259.480
75.007	98.212	259.474
74.987	98.216	259.459
74.984	98.245	259.456
74.993	98.304	259.455
74.990	98.388	259.457
75.000	98.482	259.463
75.006	98.612	259.450
75.006	98.785	259.444
75.010	99.006	259.424
75.022	99.278	259.408
75.030	99.596	259.380
75.037	99.921	259.364
75.059	100.323	259.363
75.077	100.730	259.374
75.087	101.144	259.366
75.108	101.565	259.370
75.111	101.988	259.361
75.130	102.358	259.369
75.133	102.683	259.393
75.141	102.936	259.394
75.129	103.068	259.357
75.124	103.045	259.342
75.133	102.921	259.394
75.148	102.708	259.448
75.171	102.429	259.449
75.169	102.073	259.402
75.165	101.645	259.357
75.166	101.192	259.330
75.156	100.711	259.328
75.148	100.227	259.336
75.130	99.724	259.354
75.098	99.248	259.359
75.069	98.829	259.407
75.045	98.459	259.433
75.028	98.117	259.457
75.015	97.835	259.475
75.006	97.611	259.469
75.003	97.472	259.468
75.003	97.425	259.491
74.987	97.416	259.496
74.982	97.412	259.498
74.975	97.425	259.500
74.970	97.467	259.510
74.966	97.530	259.504
74.970	97.669	259.493
74.978	97.875	259.485
74.981	98.176	259.469
74.995	98.580	259.445
75.013	99.132	259.414
75.039	99.821	259.383
75.063	100.667	259.384
75.085	101.601	259.363
75.104	102.696	259.405
74.989	103.051	258.973
74.980	103.007	258.941
75.061	103.090	259.487
75.115	103.200	259.880
75.110	103.072	259.703
75.125	102.867	259.445
75.134	102.669	259.330
75.149	102.470	259.174
75.166	102.213	259.162
75.183	101.909	259.224
75.191	101.552	259.260
75.180	101.131	259.285
75.158	100.708	259.328
75.115	100.331	259.395
75.087	99.991	259.439
75.069	99.654	259.439
75.078	99.307	259.439
75.057	98.978	259.408
75.053	98.739	259.370
75.042	98.567	259.374
75.034	98.434	259.402
75.030	98.311	259.435
75.028	98.290	259.480
75.007	98.275	259.492
74.999	98.299	259.482
75.000	98.323	259.476
74.988	98.343	259.464
74.987	98.369	259.461
74.992	98.425	259.434
74.990	98.494	259.441
74.993	98.586	259.447
75.006	98.741	259.446
75.005	98.920	259.432
75.007	99.135	259.418
75.022	99.386	259.399
75.030	99.687	259.368
75.036	100.013	259.361
75.059	100.366	259.351
75.070	100.710	259.354
75.087	101.083	259.352
75.102	101.463	259.361
75.121	101.801	259.370
75.129	102.100	259.366
75.141	102.354	259.373
75.148	102.546	259.388
75.148	102.653	259.382
75.153	102.680	259.379
75.158	102.621	259.381
75.157	102.480	259.376
75.163	102.236	259.373
75.151	101.933	259.364
75.160	101.576	259.356
75.164	101.177	259.361
75.145	100.731	259.355
75.132	100.299	259.365
75.112	99.846	259.367
75.103	99.443	259.364
75.076	99.047	259.387
75.055	98.691	259.407
75.042	98.383	259.427
75.023	98.095	259.446
75.016	97.872	259.474
75.001	97.709	259.473
75.000	97.633	259.475
74.999	97.611	259.472
74.992	97.613	259.482
74.974	97.609	259.485
74.975	97.627	259.476
74.972	97.663	259.485
74.972	97.723	259.496
74.979	97.851	259.486
74.977	98.029	259.474
74.992	98.329	259.464
75.010	98.708	259.439
75.020	99.194	259.419
75.036	99.807	259.380
75.068	100.547	259.372
75.086	101.391	259.360
75.104	102.319	259.366
75.054	103.118	259.310
74.994	103.017	258.918
75.027	103.040	259.218
75.100	103.071	259.694
75.130	103.143	259.884
75.133	102.991	259.590
75.132	102.800	259.343
75.135	102.603	259.190
75.147	102.355	259.147
75.162	102.059	259.224
75.174	101.718	259.278
75.176	101.315	259.294
75.165	100.875	259.323
75.137	100.476	259.367
75.095	100.118	259.419
75.069	99.777	259.455
75.073	99.411	259.451
75.066	99.047	259.421
75.048	98.779	259.383
75.036	98.589	259.380
75.027	98.421	259.389
75.041	98.296	259.422
75.027	98.205	259.466
75.020	98.224	259.498
75.003	98.229	259.482
75.004	98.261	259.488
75.001	98.278	259.468
74.974	98.281	259.456
74.977	98.346	259.444
74.987	98.415	259.450
74.990	98.513	259.449
74.995	98.627	259.451
75.000	98.806	259.446
75.007	99.024	259.420
75.018	99.287	259.404
75.026	99.590	259.370
75.032	99.916	259.363
75.057	100.306	259.352
75.072	100.706	259.350
75.079	101.109	259.361
75.100	101.529	259.361
75.109	101.932	259.373
75.125	102.283	259.372
75.130	102.609	259.391
75.142	102.846	259.394
75.145	103.004	259.394
75.131	103.018	259.361
75.137	102.950	259.366
75.161	102.791	259.421
75.169	102.550	259.426
75.163	102.206	259.400
75.171	101.815	259.369
75.168	101.378	259.346
75.163	100.902	259.339
75.153	100.417	259.342
75.126	99.911	259.348
75.108	99.453	259.358
75.084	99.039	259.392
75.057	98.639	259.413
75.035	98.288	259.448
75.016	97.964	259.462
75.011	97.741	259.478
75.005	97.574	259.470
74.998	97.465	259.476
74.995	97.458	259.484
74.979	97.445	259.490
74.972	97.443	259.489
74.973	97.462	259.491
74.963	97.501	259.497
74.969	97.585	259.488
74.973	97.743	259.485
74.982	97.971	259.473
74.986	98.306	259.465
75.000	98.761	259.448
75.024	99.352	259.416
75.043	100.091	259.382
75.063	100.949	259.374
75.084	101.932	259.361
75.096	103.021	259.417
74.977	103.012	258.894
74.988	103.035	259.068
75.081	103.141	259.642
75.105	103.199	259.833
75.106	102.996	259.604
75.128	102.801	259.417
75.140	102.636	259.307
75.147	102.417	259.143
75.164	102.156	259.164
75.176	101.839	259.225
75.181	101.500	259.286
75.168	101.061	259.311
75.149	100.665	259.351
75.116	100.322	259.408
75.080	99.975	259.436
75.064	99.661	259.461
75.067	99.309	259.431
75.060	98.994	259.387
75.048	98.767	259.362
75.046	98.615	259.376
75.038	98.490	259.409
75.038	98.399	259.437
75.029	98.370	259.486
75.006	98.364	259.488
75.009	98.380	259.467
74.998	98.389	259.472
74.990	98.404	259.457
74.987	98.417	259.448
74.989	98.456	259.438
74.996	98.523	259.442
74.993	98.586	259.447
75.000	98.696	259.445
75.008	98.845	259.440
75.016	99.035	259.425
75.016	99.234	259.394
75.029	99.490	259.373
75.031	99.770	259.362
75.038	100.072	259.356
75.060	100.385	259.352
75.070	100.710	259.360
75.086	101.045	259.355
75.101	101.378	259.353
75.114	101.654	259.341
75.124	101.922	259.355
75.137	102.135	259.365
75.133	102.276	259.364
75.143	102.348	259.372
75.140	102.335	259.356
75.144	102.259	259.366
75.145	102.107	259.364
75.143	101.879	259.363
75.149	101.592	259.357
75.145	101.246	259.350
75.143	100.864	259.356
75.137	100.478	259.358
75.121	100.080	259.363
75.104	99.685	259.373
75.086	99.311	259.381
75.061	98.968	259.397
75.051	98.655	259.410
75.029	98.388	259.432
75.018	98.133	259.452
75.013	97.954	259.463
75.008	97.837	259.469
74.999	97.766	259.465
75.000	97.757	259.479
74.982	97.755	259.472
74.981	97.780	259.475
74.980	97.821	259.478
74.976	97.883	259.484
74.977	97.969	259.479
74.993	98.136	259.469
74.988	98.343	259.464
75.006	98.631	259.445
75.008	98.998	259.429
75.040	99.475	259.411
75.051	100.019	259.377
75.070	100.651	259.365
75.085	101.374	259.356
75.097	102.159	259.374
75.107	103.013	259.413
75.015	103.041	259.072
75.026	103.021	259.139
75.095	102.998	259.574
75.133	102.976	259.795
75.149	102.917	259.697
75.146	102.776	259.445
75.137	102.627	259.245
75.142	102.440	259.130
75.168	102.177	259.203
75.173	101.866	259.297
75.182	101.504	259.336
75.168	101.083	259.336
75.140	100.676	259.370
75.108	100.331	259.413
75.080	99.974	259.426
75.086	99.624	259.423
75.085	99.249	259.407
75.060	98.959	259.364
75.044	98.731	259.372
75.043	98.558	259.394
75.034	98.393	259.420
75.028	98.275	259.452
75.015	98.232	259.473
75.008	98.230	259.478
75.004	98.246	259.470
74.996	98.254	259.465
74.982	98.255	259.453
74.989	98.303	259.443
74.986	98.355	259.452
74.989	98.433	259.455
74.998	98.532	259.453
75.003	98.664	259.447
75.002	98.843	259.433
75.001	99.048	259.417
75.023	99.296	259.400
75.033	99.605	259.385
75.040	99.904	259.378
75.060	100.273	259.366
75.074	100.651	259.368
75.083	101.033	259.359
75.103	101.436	259.361
75.117	101.811	259.365
75.129	102.160	259.371
75.143	102.463	259.375
75.142	102.692	259.401
75.146	102.852	259.392
75.138	102.909	259.385
75.141	102.889	259.388
75.152	102.765	259.396
75.155	102.564	259.389
75.160	102.265	259.376
75.164	101.908	259.366
75.161	101.488	259.354
75.157	101.031	259.354
75.146	100.576	259.347
75.134	100.120	259.357
75.113	99.648	259.370
75.089	99.213	259.376
75.064	98.827	259.407
75.038	98.458	259.426
75.020	98.128	259.438
75.012	97.871	259.468
75.008	97.664	259.469
74.994	97.545	259.473
75.002	97.514	259.493
74.990	97.513	259.494
74.975	97.505	259.486
74.972	97.508	259.492
74.966	97.526	259.509
74.958	97.560	259.502
74.980	97.654	259.502
74.977	97.810	259.488
74.975	98.036	259.485
74.991	98.377	259.473
75.005	98.833	259.449
75.020	99.429	259.422
75.050	100.157	259.386
75.066	100.994	259.357
75.092	101.970	259.367
75.095	103.030	259.410
74.979	103.047	258.940
74.995	103.050	259.078
75.074	103.121	259.633
75.108	103.198	259.879
75.102	103.015	259.596
75.125	102.821	259.388
75.134	102.633	259.297
75.140	102.405	259.150
75.160	102.126	259.173
75.175	101.807	259.237
75.180	101.445	259.273
75.173	101.008	259.299
75.153	100.592	259.344
75.104	100.239	259.414
75.074	99.890	259.431
75.069	99.552	259.450
75.072	99.202	259.439
75.058	98.893	259.395
75.039	98.665	259.363
75.033	98.514	259.384
75.035	98.367	259.414
75.027	98.253	259.449
75.025	98.232	259.494
75.007	98.230	259.500
75.002	98.270	259.491
75.003	98.288	259.476
74.987	98.310	259.460
74.984	98.341	259.448
74.987	98.416	259.450
74.995	98.519	259.453
74.997	98.640	259.457
75.004	98.791	259.452
75.003	98.994	259.438
75.008	99.234	259.413
75.022	99.514	259.386
75.030	99.814	259.373
75.047	100.173	259.362
75.061	100.528	259.358
75.076	100.907	259.357
75.088	101.289	259.367
75.107	101.658	259.370
75.117	102.016	259.362
75.132	102.298	259.366
75.139	102.554	259.384
75.146	102.727	259.381
75.149	102.800	259.380
75.146	102.789	259.377
75.158	102.700	259.387
75.169	102.515	259.387
75.166	102.246	259.372
75.164	101.910	259.358
75.164	101.522	259.363
75.161	101.082	259.351
75.152	100.637	259.364
75.130	100.180	259.365
75.114	99.732	259.368
75.094	99.285	259.378
75.068	98.902	259.393
75.049	98.553	259.420
75.033	98.232	259.447
75.011	97.965	259.463
74.999	97.767	259.469
74.998	97.639	259.476
75.002	97.580	259.478
74.991	97.583	259.473
74.980	97.573	259.476
74.973	97.576	259.480
74.971	97.602	259.493
74.961	97.634	259.494
74.970	97.732	259.498
74.976	97.883	259.484
74.983	98.118	259.467
74.995	98.455	259.454
75.005	98.877	259.432
75.024	99.447	259.414
75.047	100.140	259.387
75.065	100.923	259.368
75.092	101.836	259.362
75.115	102.853	259.399
74.989	103.046	258.990
75.001	103.037	259.031
75.071	103.091	259.547
75.121	103.160	259.851
75.125	103.066	259.714
75.130	102.856	259.418
75.131	102.669	259.284
75.141	102.438	259.148
75.164	102.173	259.180
75.172	101.857	259.258
75.181	101.476	259.280
75.170	101.056	259.308
75.153	100.640	259.349
75.106	100.278	259.398
75.073	99.935	259.445
75.066	99.587	259.449
75.072	99.220	259.437
75.056	98.898	259.393
75.043	98.667	259.373
75.035	98.506	259.379
75.035	98.365	259.410
75.029	98.245	259.444
75.018	98.212	259.486
75.007	98.230	259.494
75.006	98.237	259.483
74.993	98.241	259.471
74.987	98.260	259.464
74.978	98.269	259.453
74.987	98.323	259.459
74.985	98.377	259.454
74.984	98.469	259.457
74.995	98.581	259.449
74.995	98.753	259.446
75.000	98.979	259.425
75.007	99.243	259.400
75.020	99.564	259.382
75.030	99.924	259.368
75.053	100.321	259.362
75.060	100.726	259.355
75.076	101.161	259.364
75.098	101.603	259.361
75.110	102.032	259.365
75.127	102.407	259.380
75.130	102.733	259.398
75.133	102.984	259.405
75.116	103.088	259.355
75.117	103.034	259.337
75.127	102.878	259.396
75.143	102.636	259.459
75.156	102.332	259.445
75.160	101.953	259.401
75.160	101.513	259.341
75.161	101.063	259.322
75.144	100.565	259.328
75.142	100.074	259.337
75.120	99.581	259.344
75.087	99.140	259.372
75.056	98.724	259.411
75.048	98.378	259.444
75.020	98.014	259.464
75.002	97.750	259.477
74.992	97.531	259.469
74.988	97.391	259.487
74.995	97.343	259.491
74.972	97.336	259.489
74.965	97.337	259.502
74.967	97.375	259.505
74.969	97.428	259.514
74.961	97.526	259.506
74.971	97.707	259.489
74.985	97.984	259.479
74.982	98.365	259.464
75.005	98.868	259.438
75.025	99.543	259.402
75.052	100.368	259.373
75.069	101.314	259.366
75.089	102.365	259.383
75.003	103.107	259.190
74.965	102.974	258.854
75.020	102.983	259.291
75.096	103.001	259.786
75.137	103.031	259.898
75.146	102.975	259.635
75.129	102.848	259.295
75.123	102.708	259.057
75.149	102.528	259.092
75.189	102.226	259.240
75.201	101.916	259.334
75.199	101.532	259.349
75.169	101.102	259.337
75.139	100.723	259.397
75.097	100.363	259.430
75.074	100.021	259.463
75.072	99.658	259.435
75.076	99.281	259.374
75.062	99.012	259.335
75.054	98.811	259.364
75.042	98.644	259.405
75.043	98.511	259.426
75.036	98.437	259.461
75.022	98.419	259.485
75.007	98.433	259.464
75.008	98.452	259.459
74.992	98.443	259.448
74.995	98.458	259.439
74.987	98.463	259.428
74.993	98.507	259.441
75.001	98.540	259.449
74.998	98.594	259.443
74.995	98.674	259.440
75.004	98.789	259.438
75.003	98.927	259.415
75.010	99.100	259.397
75.016	99.299	259.391
75.023	99.531	259.374
75.042	99.771	259.372
75.053	100.057	259.374
75.069	100.335	259.350
75.082	100.604	259.354
75.090	100.877	259.350
75.105	101.150	259.355
75.118	101.407	259.348
75.116	101.588	259.335
75.122	101.753	259.361
75.127	101.868	259.360
75.124	101.920	259.364
75.127	101.888	259.356
75.126	101.807	259.358
75.136	101.660	259.360
75.129	101.474	259.364
75.135	101.215	259.361
75.125	100.909	259.345
75.130	100.590	259.353
75.113	100.259	259.356
75.099	99.901	259.355
75.083	99.544	259.361
75.074	99.227	259.377
75.055	98.922	259.398
75.046	98.648	259.418
75.035	98.427	259.434
75.024	98.223	259.445
75.016	98.073	259.447
75.006	97.997	259.460
75.004	97.961	259.465
75.000	97.974	259.467
74.993	97.977	259.471
74.987	97.979	259.475
74.979	98.006	259.457
74.979	98.052	259.464
74.986	98.132	259.461
74.992	98.266	259.458
74.997	98.449	259.446
75.007	98.697	259.436
75.013	99.022	259.419
75.023	99.427	259.403
75.042	99.898	259.371
75.062	100.461	259.364
75.080	101.069	259.352
75.095	101.741	259.358
75.098	102.466	259.394
75.078	103.113	259.396
75.030	103.050	259.105
75.048	102.979	259.249
75.102	102.885	259.587
75.134	102.772	259.718
75.136	102.598	259.571
75.145	102.378	259.397
75.146	102.120	259.274
75.154	101.826	259.189
75.152	101.487	259.205
75.166	101.097	259.270
75.169	100.696	259.338
75.136	100.304	259.382
75.103	99.967	259.402
75.070	99.666	259.434
75.063	99.339	259.447
75.060	99.027	259.436
75.053	98.775	259.410
75.038	98.596	259.387
75.028	98.457	259.401
75.033	98.344	259.440
75.022	98.290	259.455
75.011	98.303	259.476
75.014	98.325	259.463
75.001	98.342	259.455
74.986	98.350	259.460
74.978	98.381	259.461
74.987	98.420	259.455
74.996	98.492	259.447
74.988	98.566	259.439
74.994	98.698	259.439
75.008	98.886	259.431
75.007	99.088	259.413
75.022	99.342	259.401
75.034	99.623	259.377
75.044	99.943	259.363
75.061	100.294	259.359
75.073	100.664	259.359
75.083	101.052	259.360
75.095	101.446	259.354
75.113	101.806	259.364
75.119	102.131	259.367
75.135	102.445	259.386
75.138	102.659	259.402
75.142	102.800	259.392
75.147	102.873	259.391
75.146	102.832	259.388
75.154	102.712	259.390
75.155	102.501	259.384
75.158	102.210	259.364
75.157	101.850	259.356
75.160	101.452	259.355
75.153	101.001	259.351
75.146	100.531	259.355
75.130	100.070	259.364
75.103	99.619	259.372
75.084	99.184	259.365
75.059	98.802	259.401
75.040	98.455	259.426
75.022	98.119	259.445
75.014	97.861	259.466
74.999	97.655	259.470
75.001	97.547	259.474
75.002	97.516	259.485
74.991	97.517	259.489
74.979	97.510	259.487
74.977	97.512	259.490
74.969	97.542	259.488
74.969	97.588	259.495
74.968	97.695	259.489
74.978	97.875	259.485
74.982	98.149	259.468
75.007	98.526	259.449
75.013	99.020	259.428
75.030	99.659	259.386
75.059	100.425	259.368
75.087	101.320	259.362
75.099	102.309	259.378
75.036	103.131	259.261
74.978	103.014	258.864
75.020	103.076	259.254
75.097	103.172	259.761
75.110	103.153	259.766
75.115	102.954	259.528
75.132	102.754	259.369
75.137	102.564	259.252
75.148	102.329	259.156
75.163	102.049	259.188
75.175	101.702	259.247
75.177	101.319	259.283
75.159	100.880	259.306
75.138	100.493	259.361
75.089	100.158	259.416
75.064	99.835	259.459
75.069	99.490	259.454
75.072	99.141	259.419
75.049	98.864	259.375
75.040	98.680	259.369
75.033	98.529	259.390
75.039	98.418	259.417
75.023	98.326	259.466
75.013	98.318	259.496
75.002	98.332	259.487
75.001	98.339	259.476
74.995	98.362	259.475
74.983	98.371	259.450
74.986	98.402	259.435
74.988	98.457	259.442
74.996	98.537	259.445
75.000	98.650	259.449
75.007	98.802	259.438
75.005	98.983	259.432
75.009	99.190	259.409
75.022	99.457	259.389
75.031	99.724	259.367
75.040	100.042	259.355
75.057	100.372	259.352
75.068	100.717	259.355
75.080	101.069	259.352
75.098	101.414	259.356
75.110	101.712	259.345
75.125	102.004	259.362
75.140	102.227	259.371
75.140	102.401	259.378
75.140	102.494	259.363
75.142	102.502	259.371
75.149	102.440	259.366
75.149	102.283	259.362
75.143	102.049	259.357
75.149	101.764	259.357
75.154	101.426	259.355
75.145	101.030	259.361
75.138	100.621	259.363
75.127	100.213	259.367
75.105	99.784	259.368
75.095	99.399	259.361
75.071	99.026	259.386
75.048	98.690	259.409
75.029	98.405	259.430
75.018	98.132	259.442
75.007	97.928	259.463
75.004	97.803	259.477
74.995	97.735	259.474
75.004	97.722	259.473
74.985	97.720	259.479
74.972	97.726	259.475
74.966	97.746	259.477
74.968	97.786	259.483
74.972	97.849	259.485
74.977	97.963	259.483
74.985	98.162	259.456
74.994	98.436	259.453
75.003	98.772	259.435
75.017	99.228	259.415
75.033	99.781	259.387
75.057	100.436	259.368
75.073	101.198	259.361
75.099	102.030	259.368
75.117	102.929	259.414
75.019	103.060	259.052
75.017	103.037	259.090
75.082	103.031	259.542
75.128	103.034	259.821
75.145	103.010	259.753
75.148	102.912	259.487
75.130	102.779	259.238
75.130	102.631	259.119
75.162	102.418	259.192
75.179	102.148	259.312
75.190	101.803	259.339
75.173	101.404	259.356
75.150	100.991	259.368
75.119	100.617	259.409
75.089	100.268	259.421
75.086	99.888	259.417
75.086	99.527	259.388
75.075	99.172	259.350
75.061	98.919	259.354
75.054	98.716	259.381
75.046	98.539	259.426
75.038	98.396	259.446
75.020	98.321	259.478
75.008	98.309	259.484
75.003	98.319	259.465
75.004	98.337	259.457
74.989	98.318	259.455
74.986	98.335	259.447
74.986	98.352	259.451
74.993	98.401	259.451
74.994	98.453	259.463
74.998	98.528	259.458
75.000	98.631	259.448
75.001	98.762	259.430
74.999	98.941	259.416
75.013	99.161	259.396
75.018	99.418	259.397
75.035	99.705	259.384
75.050	100.029	259.368
75.068	100.375	259.365
75.082	100.736	259.373
75.092	101.109	259.362
75.103	101.484	259.348
75.116	101.820	259.352
75.124	102.135	259.365
75.136	102.416	259.379
75.137	102.606	259.393
75.135	102.720	259.386
75.133	102.749	259.393
75.135	102.697	259.402
75.148	102.567	259.393
75.157	102.318	259.377
75.152	102.012	259.363
75.156	101.637	259.352
75.149	101.234	259.347
75.145	100.795	259.349
75.141	100.358	259.358
75.121	99.888	259.362
75.106	99.460	259.369
75.074	99.056	259.396
75.052	98.673	259.408
75.031	98.354	259.442
75.019	98.045	259.460
75.008	97.821	259.469
75.007	97.650	259.476
74.997	97.555	259.488
74.996	97.534	259.495
74.980	97.528	259.485
74.973	97.531	259.488
74.967	97.549	259.493
74.957	97.567	259.485
74.973	97.651	259.497
74.974	97.779	259.490
74.982	97.969	259.482
74.985	98.266	259.471
74.998	98.656	259.445
75.008	99.167	259.419
75.039	99.819	259.386
75.052	100.599	259.369
75.078	101.480	259.353
75.096	102.491	259.391
75.002	103.098	259.141
74.976	103.013	258.904
75.027	103.084	259.356
75.093	103.161	259.808
75.106	103.119	259.779
75.122	102.937	259.506
75.132	102.737	259.349
75.130	102.527	259.206
75.151	102.292	259.160
75.172	101.993	259.200
75.183	101.647	259.268
75.174	101.246	259.285
75.163	100.824	259.321
75.140	100.442	259.377
75.094	100.104	259.422
75.073	99.762	259.451
75.068	99.406	259.450
75.062	99.067	259.414
75.054	98.824	259.379
75.033	98.621	259.372
75.031	98.489	259.396
75.030	98.359	259.428
75.022	98.309	259.478
75.008	98.311	259.491
75.002	98.315	259.489
74.996	98.332	259.483
74.990	98.352	259.475
74.977	98.359	259.459
74.981	98.393	259.445
74.990	98.449	259.449
74.982	98.519	259.447
74.998	98.636	259.446
74.999	98.783	259.450
74.996	98.977	259.425
75.005	99.204	259.409
75.019	99.464	259.377
75.028	99.756	259.359
75.039	100.087	259.363
75.052	100.412	259.349
75.068	100.764	259.355
75.088	101.121	259.371
75.102	101.478	259.362
75.113	101.792	259.356
75.123	102.075	259.360
75.134	102.296	259.369
75.143	102.479	259.375
75.140	102.559	259.367
75.142	102.566	259.374
75.146	102.490	259.378
75.151	102.341	259.370
75.142	102.093	259.367
75.148	101.794	259.359
75.162	101.444	259.356
75.143	101.035	259.353
75.138	100.619	259.360
75.126	100.210	259.366
75.100	99.766	259.358
75.091	99.366	259.366
75.065	99.001	259.396
75.048	98.648	259.419
75.024	98.336	259.441
75.006	98.046	259.447
75.013	97.859	259.474
75.001	97.712	259.475
75.000	97.633	259.475
74.997	97.618	259.483
74.981	97.608	259.484
74.982	97.630	259.480
74.981	97.671	259.490
74.970	97.733	259.492
74.962	97.823	259.489
74.977	97.965	259.475
74.989	98.209	259.470
74.988	98.520	259.454
75.005	98.923	259.433
75.021	99.452	259.418
75.039	100.057	259.383
75.057	100.780	259.371
75.085	101.606	259.361
75.102	102.535	259.399
75.019	103.117	259.189
75.002	103.041	258.982
75.033	103.045	259.315
75.109	103.085	259.762
75.133	103.118	259.850
75.134	102.996	259.560
75.131	102.828	259.331
75.127	102.640	259.156
75.149	102.415	259.146
75.171	102.117	259.235
75.181	101.782	259.297
75.176	101.383	259.320
75.151	100.943	259.337
75.121	100.551	259.387
75.093	100.189	259.424
75.082	99.809	259.433
75.074	99.436	259.426
75.065	99.062	259.394
75.051	98.796	259.378
75.035	98.570	259.378
75.032	98.397	259.409
75.029	98.248	259.445
75.021	98.163	259.472
75.004	98.157	259.489
75.005	98.173	259.484
74.997	98.180	259.482
74.981	98.174	259.471
74.969	98.199	259.452
74.978	98.251	259.461
74.978	98.318	259.456
74.988	98.410	259.459
74.991	98.534	259.463
74.984	98.691	259.444
74.998	98.923	259.430
75.012	99.203	259.409
75.023	99.529	259.383
75.038	99.895	259.367
75.050	100.317	259.356
75.062	100.741	259.368
75.083	101.208	259.357
75.099	101.684	259.364
75.113	102.152	259.363
75.120	102.579	259.384
75.128	102.957	259.396
75.096	103.111	259.312
75.091	102.997	259.256
75.117	102.845	259.394
75.143	102.628	259.504
75.151	102.317	259.498
75.161	101.975	259.404
75.149	101.558	259.321
75.156	101.133	259.276
75.150	100.655	259.293
75.142	100.166	259.312
75.121	99.700	259.327
75.089	99.257	259.358
75.066	98.877	259.422
75.042	98.505	259.456
75.026	98.167	259.463
75.006	97.907	259.476
74.995	97.715	259.463
74.998	97.577	259.458
74.998	97.514	259.469
74.984	97.513	259.490
74.982	97.523	259.493
74.983	97.574	259.505
74.975	97.632	259.503
74.965	97.730	259.488
74.969	97.880	259.479
74.982	98.130	259.461
74.984	98.454	259.451
74.994	98.891	259.445
75.020	99.479	259.428
75.034	100.151	259.388
75.059	100.945	259.373
75.076	101.833	259.375
75.096	102.829	259.412
74.979	103.037	258.994
74.991	103.028	259.029
75.064	103.087	259.554
75.112	103.166	259.855
75.110	103.058	259.700
75.130	102.856	259.424
75.137	102.667	259.305
75.150	102.448	259.166
75.168	102.179	259.179
75.172	101.860	259.244
75.189	101.515	259.279
75.178	101.074	259.302
75.152	100.667	259.343
75.109	100.308	259.408
75.071	99.987	259.448
75.062	99.646	259.448
75.066	99.290	259.423
75.058	98.998	259.398
75.041	98.768	259.369
75.034	98.593	259.384
75.037	98.471	259.408
75.030	98.361	259.431
75.025	98.341	259.479
75.001	98.344	259.480
75.001	98.357	259.480
74.998	98.371	259.474
74.990	98.385	259.456
74.977	98.389	259.438
74.988	98.440	259.438
74.990	98.513	259.449
74.997	98.606	259.437
75.002	98.734	259.442
75.004	98.905	259.436
75.012	99.093	259.414
75.021	99.324	259.397
75.024	99.599	259.372
75.040	99.889	259.366
75.046	100.215	259.353
75.070	100.539	259.357
75.074	100.868	259.366
75.092	101.216	259.355
75.111	101.533	259.356
75.116	101.819	259.358
75.128	102.080	259.361
75.140	102.273	259.366
75.138	102.411	259.375
75.141	102.467	259.369
75.135	102.443	259.367
75.147	102.335	259.365
75.135	102.157	259.373
75.143	101.892	259.369
75.147	101.581	259.354
75.142	101.217	259.349
75.135	100.826	259.356
75.125	100.408	259.363
75.108	99.973	259.363
75.097	99.578	259.366
75.073	99.189	259.374
75.060	98.823	259.400
75.038	98.502	259.430
75.023	98.202	259.446
75.013	97.957	259.464
74.999	97.784	259.473
74.997	97.664	259.479
75.002	97.626	259.479
74.989	97.628	259.477
74.973	97.622	259.476
74.971	97.645	259.487
74.969	97.698	259.484
74.971	97.771	259.489
74.974	97.886	259.484
74.979	98.074	259.467
74.986	98.351	259.463
75.000	98.698	259.437
75.006	99.159	259.411
75.030	99.748	259.382
75.060	100.449	259.368
75.075	101.234	259.360
75.091	102.121	259.375
75.092	103.085	259.414
74.994	103.053	258.967
75.012	103.048	259.133
75.088	103.075	259.616
75.123	103.122	259.873
75.116	103.057	259.706
75.118	102.878	259.404
75.125	102.697	259.213
75.133	102.495	259.131
75.163	102.215	259.203
75.178	101.917	259.288
75.176	101.539	259.311
75.172	101.096	259.308
75.145	100.684	259.366
75.107	100.312	259.418
75.079	99.953	259.433
75.074	99.607	259.442
75.071	99.208	259.403
75.048	98.908	259.380
75.037	98.669	259.373
75.029	98.475	259.393
75.027	98.300	259.432
75.020	98.190	259.462
75.006	98.146	259.489
75.003	98.161	259.484
74.992	98.177	259.478
74.988	98.191	259.472
74.976	98.214	259.456
74.980	98.264	259.455
74.987	98.357	259.450
74.983	98.453	259.457
74.995	98.583	259.453
74.993	98.763	259.448
74.998	98.988	259.427
75.019	99.264	259.404
75.019	99.589	259.378
75.031	99.941	259.372
75.049	100.334	259.359
75.061	100.765	259.367
75.078	101.203	259.356
75.093	101.643	259.363
75.110	102.096	259.375
75.126	102.494	259.385
75.130	102.827	259.387
75.127	103.095	259.388
75.104	103.063	259.263
75.119	102.964	259.342
75.139	102.759	259.454
75.156	102.494	259.484
75.158	102.152	259.430
75.161	101.767	259.348
75.157	101.343	259.295
75.147	100.859	259.298
75.148	100.377	259.318
75.130	99.876	259.327
75.103	99.427	259.336
75.075	99.026	259.395
75.056	98.631	259.436
75.025	98.258	259.469
75.017	97.955	259.475
74.995	97.732	259.466
74.993	97.552	259.462
74.995	97.432	259.471
74.991	97.423	259.488
74.978	97.419	259.499
74.981	97.455	259.498
74.977	97.516	259.500
74.964	97.601	259.502
74.961	97.741	259.488
74.979	97.960	259.477
74.978	98.272	259.470
74.990	98.669	259.445
75.003	99.212	259.430
75.030	99.879	259.398
75.055	100.675	259.380
75.077	101.571	259.369
75.091	102.596	259.401
74.991	103.079	259.045
74.977	103.025	258.960
75.034	103.090	259.413
75.114	103.210	259.832
75.111	103.105	259.729
75.126	102.909	259.459
75.136	102.721	259.352
75.142	102.507	259.213
75.163	102.264	259.162
75.171	101.976	259.218
75.185	101.620	259.261
75.173	101.210	259.270
75.164	100.801	259.316
75.127	100.418	259.384
75.072	100.063	259.424
75.065	99.742	259.458
75.058	99.379	259.444
75.050	99.043	259.414
75.041	98.786	259.376
75.030	98.594	259.369
75.027	98.438	259.393
75.033	98.329	259.433
75.019	98.235	259.470
75.000	98.231	259.500
75.001	98.248	259.488
74.998	98.266	259.477
74.986	98.305	259.468
74.980	98.356	259.452
74.990	98.432	259.445
74.991	98.535	259.445
74.995	98.675	259.450
74.999	98.833	259.446
75.005	99.049	259.429
75.018	99.292	259.408
75.021	99.583	259.383
75.031	99.898	259.365
75.048	100.253	259.362
75.062	100.609	259.364
75.070	100.994	259.353
75.087	101.383	259.361
75.104	101.751	259.370
75.115	102.101	259.370
75.131	102.391	259.373
75.140	102.636	259.385
75.144	102.796	259.382
75.147	102.873	259.385
75.146	102.853	259.386
75.154	102.758	259.391
75.160	102.570	259.388
75.156	102.283	259.366
75.159	101.948	259.357
75.152	101.542	259.351
75.153	101.113	259.353
75.144	100.646	259.363
75.130	100.180	259.365
75.105	99.718	259.377
75.087	99.287	259.388
75.062	98.879	259.395
75.041	98.519	259.419
75.013	98.173	259.443
75.010	97.893	259.470
75.001	97.671	259.477
74.994	97.526	259.478
74.991	97.453	259.483
74.985	97.440	259.489
74.974	97.438	259.492
74.964	97.456	259.490
74.962	97.486	259.491
74.965	97.557	259.504
74.970	97.673	259.497
74.969	97.868	259.490
74.978	98.145	259.471
74.984	98.536	259.458
75.003	99.036	259.429
75.030	99.702	259.386
75.052	100.493	259.369
75.076	101.425	259.362
75.098	102.467	259.382
75.008	103.123	259.119
74.978	103.029	258.876
75.035	103.119	259.355
75.093	103.221	259.823
75.093	103.126	259.747
75.105	102.926	259.519
75.124	102.733	259.379
75.130	102.544	259.210
75.139	102.316	259.131
75.160	102.034	259.191
75.172	101.705	259.269
75.169	101.318	259.298
75.163	100.902	259.333
75.138	100.511	259.374
75.087	100.168	259.428
75.067	99.825	259.447
75.060	99.481	259.446
75.058	99.124	259.408
75.046	98.853	259.373
75.032	98.649	259.360
75.028	98.503	259.390
75.029	98.385	259.424
75.017	98.303	259.473
75.016	98.301	259.504
74.992	98.305	259.487
75.001	98.339	259.482
74.984	98.362	259.463
74.978	98.379	259.448
74.978	98.426	259.437
74.990	98.495	259.435
74.989	98.585	259.441
74.991	98.707	259.448
74.993	98.868	259.445
75.002	99.065	259.420
75.016	99.297	259.400
75.018	99.570	259.377
75.028	99.864	259.356
75.037	100.204	259.353
75.050	100.546	259.359
75.065	100.908	259.355
75.083	101.275	259.351
75.099	101.599	259.350
75.109	101.931	259.363
75.124	102.200	259.362
75.134	102.423	259.384
75.133	102.575	259.385
75.134	102.640	259.383
75.135	102.613	259.376
75.150	102.525	259.374
75.151	102.322	259.362
75.145	102.061	259.363
75.150	101.721	259.353
75.154	101.366	259.357
75.146	100.940	259.361
75.145	100.512	259.359
75.119	100.065	259.366
75.102	99.649	259.374
75.083	99.233	259.384
75.052	98.852	259.395
75.036	98.516	259.422
75.017	98.205	259.444
75.013	97.952	259.465
75.002	97.750	259.477
74.993	97.613	259.476
74.997	97.556	259.481
74.985	97.552	259.487
74.972	97.557	259.479
74.975	97.568	259.482
74.967	97.598	259.486
74.967	97.659	259.494
74.967	97.763	259.493
74.974	97.934	259.483
74.978	98.207	259.467
74.987	98.547	259.454
75.002	99.019	259.425
75.031	99.611	259.393
75.049	100.307	259.374
75.068	101.127	259.369
75.086	102.053	259.374
75.091	103.061	259.420
74.985	103.044	258.958
75.006	103.054	259.088
75.083	103.099	259.607
75.120	103.175	259.885
75.122	103.040	259.654
75.120	102.844	259.375
75.126	102.641	259.249
75.140	102.419	259.153
75.157	102.132	259.190
75.165	101.799	259.260
75.174	101.416	259.278
75.167	100.982	259.306
75.146	100.578	259.350
75.094	100.211	259.410
75.068	99.866	259.451
75.068	99.517	259.449
75.067	99.136	259.424
75.041	98.845	259.393
75.036	98.632	259.368
75.033	98.481	259.397
75.030	98.340	259.410
75.021	98.257	259.457
75.008	98.246	259.488
74.999	98.255	259.493
74.998	98.264	259.480
74.987	98.261	259.473
74.969	98.261	259.464
74.977	98.295	259.459
74.981	98.346	259.462
74.975	98.415	259.457
74.982	98.522	259.454
74.992	98.659	259.449
74.988	98.851	259.438
75.002	99.084	259.428
75.011	99.355	259.404
75.022	99.669	259.367
75.027	100.019	259.359
75.059	100.414	259.350
75.061	100.811	259.357
75.082	101.228	259.355
75.100	101.640	259.353
75.099	102.032	259.360
75.126	102.387	259.375
75.131	102.687	259.397
75.128	102.896	259.394
75.133	103.031	259.389
75.123	103.030	259.367
75.132	102.948	259.378
75.153	102.758	259.413
75.163	102.507	259.419
75.150	102.148	259.387
75.162	101.741	259.374
75.158	101.305	259.351
75.151	100.821	259.336
75.137	100.334	259.340
75.121	99.842	259.360
75.103	99.377	259.352
75.068	98.966	259.403
75.043	98.571	259.425
75.024	98.226	259.446
75.005	97.915	259.469
75.005	97.700	259.471
74.992	97.551	259.474
74.992	97.489	259.479
74.990	97.493	259.482
74.969	97.477	259.485
74.958	97.480	259.486
74.955	97.482	259.499
74.959	97.514	259.494
74.956	97.565	259.499
74.964	97.685	259.490
74.972	97.894	259.489
74.979	98.177	259.465
74.989	98.602	259.451
75.005	99.159	259.424
75.034	99.881	259.391
75.055	100.740	259.371
75.083	101.716	259.355
75.102	102.813	259.393
74.981	103.072	258.962
74.978	103.030	258.959
75.055	103.079	259.522
75.107	103.162	259.880
75.111	103.110	259.750
75.115	102.880	259.433
75.121	102.679	259.242
75.127	102.456	259.122
75.156	102.182	259.164
75.167	101.852	259.247
75.176	101.471	259.285
75.172	101.033	259.302
75.143	100.605	259.343
75.100	100.251	259.401
75.068	99.906	259.428
75.056	99.575	259.462
75.064	99.229	259.436
75.041	98.909	259.392
