NO_OF_FRAMES	5000
NO_OF_DATA_TYPES	3
FREQUENCY	500
TIME_STAMP	2026-06-05, 13:02:34
DATA_INCLUDED	Position
DATA_TYPES	Unidentified [1056390]_pos_X	Unidentified [1056390]_pos_Y	Unidentified [1056390]_pos_Z


72.959	3.936	261.591
72.959	3.930	261.611
72.965	3.837	261.599
72.964	3.677	261.569
72.968	3.393	261.575
72.967	3.016	261.563
72.959	2.541	261.554
73.019	1.561	261.492
73.020	0.957	261.475
73.021	0.314	261.434
73.014	-0.353	261.434
73.018	-1.077	261.412
73.027	-1.760	261.390
73.041	-2.301	261.534
72.945	-2.289	261.650
72.932	-2.188	261.601
72.951	-2.070	261.520
72.992	-1.941	261.470
73.025	-1.829	261.439
73.061	-1.703	261.426
73.082	-1.577	261.418
73.098	-1.454	261.428
73.107	-1.287	261.432
73.109	-1.100	261.419
73.095	-0.898	261.361
73.099	-0.674	261.264
73.111	-0.460	261.207
73.095	-0.235	261.236
73.074	0.018	261.349
73.055	0.274	261.413
73.049	0.541	261.428
73.039	0.824	261.428
73.039	1.076	261.435
73.047	1.353	261.427
73.056	1.615	261.416
73.058	1.840	261.428
73.041	2.039	261.433
73.032	2.215	261.453
73.020	2.347	261.490
73.005	2.416	261.461
73.009	2.442	261.482
73.010	2.430	261.506
73.017	2.327	261.506
73.018	2.199	261.521
73.021	1.980	261.502
73.031	1.716	261.510
73.023	1.360	261.484
73.036	0.970	261.451
73.043	0.535	261.419
73.041	0.044	261.423
73.039	-0.481	261.380
73.042	-1.040	261.407
73.049	-1.588	261.378
73.038	-2.123	261.412
72.983	-2.481	261.504
72.949	-2.359	261.560
72.944	-2.277	261.474
72.972	-2.187	261.422
73.008	-2.104	261.414
73.034	-2.028	261.428
73.061	-1.939	261.427
73.092	-1.826	261.430
73.109	-1.669	261.447
73.109	-1.478	261.445
73.112	-1.241	261.406
73.106	-0.976	261.335
73.119	-0.628	261.250
73.106	-0.245	261.238
73.086	0.163	261.319
73.060	0.634	261.387
73.050	1.132	261.447
73.051	1.662	261.443
73.045	2.188	261.488
73.026	2.702	261.492
73.022	3.209	261.530
73.022	3.658	261.567
72.965	4.470	261.634
72.963	4.767	261.650
72.963	4.929	261.671
72.969	4.946	261.657
72.975	4.798	261.639
72.978	4.516	261.643
72.985	4.113	261.634
72.978	3.610	261.605
72.970	2.991	261.583
73.089	2.341	262.116
72.957	1.513	261.522
73.084	0.785	262.027
73.080	-0.123	261.933
73.065	-1.034	261.850
73.057	-1.880	261.723
72.970	-2.195	261.769
72.940	-2.062	261.832
72.941	-1.960	261.686
72.981	-1.834	261.582
73.026	-1.724	261.531
73.053	-1.596	261.466
73.090	-1.451	261.436
73.121	-1.312	261.435
73.117	-1.153	261.426
73.127	-0.939	261.417
73.131	-0.705	261.382
73.125	-0.465	261.317
73.123	-0.263	261.233
73.102	-0.044	261.226
73.091	0.199	261.286
73.058	0.446	261.382
73.041	0.700	261.436
73.037	0.944	261.472
73.028	1.175	261.435
73.035	1.418	261.421
73.043	1.627	261.408
73.041	1.828	261.411
73.038	1.977	261.399
73.030	2.098	261.439
73.026	2.180	261.458
73.018	2.214	261.452
73.015	2.196	261.467
73.022	2.120	261.479
73.014	1.986	261.464
73.021	1.803	261.484
73.024	1.556	261.504
73.024	1.251	261.507
73.025	0.911	261.473
73.029	0.506	261.442
73.024	0.075	261.445
73.035	-0.389	261.411
73.036	-0.912	261.387
73.060	-1.394	261.379
73.051	-1.877	261.407
73.048	-2.347	261.466
72.970	-2.404	261.548
72.946	-2.334	261.533
72.956	-2.274	261.463
72.989	-2.198	261.420
73.011	-2.153	261.411
73.038	-2.100	261.397
73.060	-2.051	261.412
73.078	-1.978	261.448
73.099	-1.859	261.454
73.097	-1.729	261.432
73.101	-1.560	261.333
73.102	-1.370	261.308
73.097	-1.112	261.287
73.089	-0.804	261.298
73.077	-0.433	261.352
73.070	-0.020	261.405
73.061	0.436	261.408
73.049	0.911	261.431
73.055	1.430	261.437
73.048	1.921	261.419
73.040	2.436	261.494
73.030	2.949	261.507
73.003	3.389	261.535
72.937	4.210	261.630
72.948	4.539	261.647
72.940	4.769	261.660
72.955	4.887	261.661
72.963	4.872	261.661
72.968	4.718	261.665
72.976	4.427	261.665
72.972	4.012	261.642
72.977	3.497	261.581
72.969	2.869	261.563
73.106	2.245	262.069
73.090	1.368	261.946
73.079	0.504	261.828
73.064	-0.356	261.752
73.053	-1.215	261.690
73.040	-2.043	261.594
72.937	-2.277	261.667
72.912	-2.147	261.720
72.923	-2.032	261.595
72.956	-1.909	261.494
73.007	-1.779	261.466
73.051	-1.636	261.444
73.094	-1.505	261.412
73.117	-1.362	261.413
73.121	-1.203	261.437
73.131	-1.008	261.448
73.127	-0.775	261.401
73.127	-0.536	261.321
73.112	-0.320	261.192
73.103	-0.100	261.230
73.088	0.157	261.308
73.057	0.396	261.395
73.048	0.660	261.440
73.042	0.918	261.454
73.032	1.160	261.448
73.034	1.395	261.432
73.038	1.601	261.415
73.044	1.788	261.432
73.040	1.968	261.432
73.027	2.065	261.435
73.022	2.148	261.448
73.027	2.175	261.448
73.024	2.152	261.452
73.028	2.079	261.468
73.023	1.925	261.469
73.030	1.741	261.480
73.019	1.477	261.489
73.021	1.170	261.468
73.016	0.813	261.448
73.031	0.437	261.442
73.035	-0.012	261.436
73.031	-0.484	261.405
73.042	-0.988	261.388
73.055	-1.472	261.369
73.046	-1.952	261.415
73.037	-2.417	261.455
72.968	-2.389	261.538
72.943	-2.315	261.517
72.963	-2.241	261.437
72.998	-2.178	261.419
73.022	-2.124	261.416
73.046	-2.070	261.401
73.063	-2.008	261.424
73.081	-1.935	261.459
73.102	-1.803	261.450
73.111	-1.664	261.420
73.105	-1.494	261.347
73.108	-1.284	261.297
73.105	-1.012	261.287
73.088	-0.708	261.298
73.074	-0.339	261.361
73.074	0.058	261.408
73.063	0.495	261.417
73.051	0.944	261.430
73.053	1.415	261.439
73.054	1.883	261.419
73.044	2.358	261.454
73.018	2.809	261.473
73.012	3.247	261.525
72.998	3.616	261.545
72.941	4.359	261.640
72.947	4.592	261.633
72.957	4.697	261.648
72.962	4.704	261.646
72.972	4.599	261.650
72.973	4.334	261.679
72.973	3.971	261.641
72.977	3.501	261.581
72.973	2.930	261.548
73.096	2.326	262.059
72.965	1.561	261.496
73.090	0.852	262.001
73.089	-0.005	261.924
73.082	-0.887	261.829
73.067	-1.706	261.739
72.998	-2.253	261.740
72.937	-2.129	261.826
72.935	-2.020	261.714
72.963	-1.913	261.576
73.005	-1.805	261.496
73.047	-1.708	261.438
73.088	-1.566	261.398
73.110	-1.432	261.416
73.122	-1.287	261.438
73.132	-1.085	261.446
73.120	-0.861	261.415
73.124	-0.627	261.353
73.118	-0.369	261.229
73.106	-0.140	261.216
73.097	0.106	261.286
73.067	0.373	261.380
73.048	0.633	261.433
73.032	0.909	261.460
73.033	1.171	261.454
73.035	1.419	261.452
73.039	1.662	261.421
73.049	1.900	261.410
73.041	2.091	261.452
73.028	2.243	261.457
73.025	2.376	261.473
73.014	2.439	261.447
73.016	2.472	261.471
73.016	2.435	261.487
73.026	2.330	261.489
73.028	2.189	261.505
73.017	1.946	261.498
73.025	1.685	261.515
73.023	1.340	261.517
73.026	0.929	261.469
73.039	0.499	261.425
73.032	0.008	261.432
73.037	-0.504	261.384
73.043	-1.065	261.396
73.049	-1.587	261.365
73.040	-2.117	261.425
72.990	-2.444	261.498
72.947	-2.343	261.579
72.937	-2.278	261.459
72.974	-2.171	261.434
73.002	-2.098	261.409
73.036	-2.019	261.422
73.066	-1.928	261.412
73.084	-1.839	261.432
73.106	-1.683	261.449
73.106	-1.501	261.431
73.112	-1.279	261.400
73.092	-1.023	261.313
73.100	-0.714	261.246
73.101	-0.322	261.251
73.081	0.058	261.331
73.058	0.506	261.387
73.046	0.982	261.430
73.045	1.499	261.446
73.040	1.990	261.437
73.033	2.508	261.488
73.030	2.990	261.521
73.020	3.446	261.547
72.948	4.277	261.619
72.947	4.583	261.639
72.948	4.803	261.661
72.950	4.883	261.669
72.956	4.846	261.651
72.958	4.662	261.642
72.965	4.367	261.642
72.969	3.924	261.636
72.963	3.384	261.604
72.959	2.760	261.570
73.090	2.091	262.099
73.090	1.231	261.947
73.073	0.365	261.852
73.058	-0.508	261.764
73.051	-1.369	261.678
73.040	-2.166	261.598
72.933	-2.240	261.685
72.918	-2.129	261.697
72.945	-1.979	261.581
72.973	-1.874	261.501
73.021	-1.755	261.468
73.068	-1.587	261.445
73.101	-1.464	261.425
73.119	-1.313	261.413
73.122	-1.138	261.433
73.122	-0.937	261.426
73.115	-0.692	261.376
73.126	-0.460	261.302
73.111	-0.258	261.200
73.104	-0.054	261.231
73.087	0.201	261.327
73.062	0.446	261.409
73.039	0.694	261.450
73.032	0.933	261.463
73.034	1.177	261.431
73.037	1.422	261.429
73.045	1.633	261.410
73.044	1.826	261.426
73.037	1.978	261.409
73.034	2.091	261.438
73.020	2.165	261.451
73.019	2.187	261.464
73.008	2.161	261.463
73.021	2.094	261.484
73.015	1.955	261.465
73.022	1.773	261.502
73.023	1.526	261.507
73.023	1.217	261.498
73.017	0.867	261.455
73.025	0.477	261.433
73.029	0.039	261.422
73.029	-0.418	261.407
73.029	-0.938	261.384
73.047	-1.421	261.369
73.040	-1.910	261.421
73.035	-2.378	261.469
72.969	-2.392	261.554
72.944	-2.315	261.506
72.950	-2.248	261.431
72.991	-2.170	261.403
73.013	-2.121	261.398
73.035	-2.074	261.394
73.056	-2.011	261.425
73.084	-1.935	261.449
73.099	-1.813	261.450
73.100	-1.670	261.420
73.099	-1.494	261.340
73.097	-1.295	261.307
73.091	-1.022	261.280
73.081	-0.722	261.294
73.084	-0.339	261.345
73.062	0.062	261.405
73.052	0.508	261.417
73.049	0.970	261.417
73.043	1.463	261.441
73.043	1.948	261.418
73.036	2.426	261.475
73.018	2.907	261.499
73.008	3.344	261.535
72.944	4.126	261.637
72.944	4.435	261.654
72.948	4.652	261.649
72.949	4.763	261.647
72.955	4.731	261.653
72.965	4.566	261.680
72.970	4.302	261.664
72.971	3.900	261.635
72.974	3.405	261.580
72.967	2.799	261.551
73.099	2.175	262.076
73.090	1.327	261.955
73.088	0.496	261.831
73.066	-0.345	261.753
73.054	-1.211	261.694
73.036	-2.013	261.593
72.948	-2.267	261.657
72.918	-2.151	261.716
72.926	-2.026	261.588
72.962	-1.904	261.492
73.010	-1.782	261.458
73.060	-1.634	261.443
73.089	-1.500	261.405
73.116	-1.370	261.422
73.130	-1.192	261.436
73.122	-0.984	261.436
73.124	-0.745	261.379
73.127	-0.496	261.319
73.113	-0.269	261.233
73.093	-0.034	261.211
73.081	0.249	261.305
73.060	0.523	261.392
73.038	0.797	261.451
73.033	1.080	261.466
73.024	1.357	261.446
73.027	1.619	261.420
73.035	1.877	261.432
73.033	2.089	261.448
73.030	2.269	261.462
73.022	2.403	261.469
73.021	2.481	261.461
73.017	2.499	261.467
73.007	2.446	261.451
73.010	2.351	261.476
73.023	2.185	261.489
73.023	1.931	261.487
73.016	1.618	261.504
73.020	1.242	261.499
73.018	0.829	261.461
73.024	0.364	261.432
73.026	-0.162	261.440
73.019	-0.715	261.420
73.042	-1.270	261.350
73.044	-1.816	261.390
73.038	-2.324	261.433
72.968	-2.372	261.557
72.944	-2.276	261.556
72.951	-2.172	261.458
72.988	-2.074	261.447
73.022	-1.985	261.448
73.051	-1.880	261.423
73.078	-1.751	261.417
73.088	-1.605	261.440
73.114	-1.409	261.450
73.100	-1.171	261.416
73.102	-0.903	261.375
73.118	-0.553	261.258
73.100	-0.226	261.220
73.089	0.154	261.285
73.074	0.567	261.363
73.057	1.003	261.412
73.041	1.462	261.445
73.045	1.917	261.445
73.038	2.362	261.484
73.030	2.782	261.482
73.025	3.173	261.516
73.019	3.521	261.543
72.956	4.207	261.620
72.949	4.389	261.635
72.950	4.453	261.649
72.951	4.414	261.637
72.955	4.259	261.621
72.959	3.979	261.627
72.962	3.580	261.620
72.956	3.095	261.600
72.949	2.543	261.559
73.080	1.927	262.093
73.084	1.117	261.944
73.062	0.306	261.851
73.057	-0.527	261.768
73.053	-1.328	261.674
73.047	-2.107	261.592
72.946	-2.238	261.675
72.918	-2.147	261.700
72.945	-2.020	261.590
72.970	-1.935	261.486
73.013	-1.825	261.446
73.064	-1.676	261.442
73.083	-1.581	261.426
73.109	-1.474	261.431
73.116	-1.338	261.437
73.114	-1.160	261.430
73.105	-0.984	261.385
73.108	-0.789	261.280
73.107	-0.593	261.210
73.094	-0.385	261.214
73.084	-0.156	261.313
73.070	0.079	261.408
73.050	0.344	261.389
73.044	0.607	261.421
73.042	0.865	261.415
73.039	1.126	261.410
73.048	1.382	261.430
73.047	1.614	261.400
73.044	1.812	261.409
73.034	1.991	261.399
73.017	2.143	261.452
73.016	2.241	261.445
73.011	2.317	261.478
73.010	2.303	261.496
73.016	2.238	261.507
73.017	2.146	261.509
73.022	1.954	261.501
73.027	1.748	261.515
73.028	1.446	261.487
73.029	1.099	261.471
73.027	0.694	261.428
73.035	0.254	261.403
73.044	-0.215	261.434
73.046	-0.719	261.410
73.052	-1.239	261.390
73.035	-1.763	261.406
73.033	-2.258	261.447
72.958	-2.403	261.520
72.933	-2.323	261.517
72.933	-2.277	261.390
72.970	-2.178	261.412
73.002	-2.137	261.411
73.026	-2.083	261.417
73.061	-2.035	261.429
73.077	-1.974	261.442
73.092	-1.876	261.459
73.106	-1.735	261.431
73.098	-1.564	261.359
73.106	-1.365	261.298
73.090	-1.127	261.272
73.083	-0.823	261.261
73.067	-0.434	261.327
73.062	-0.016	261.416
73.052	0.460	261.419
73.042	0.959	261.437
73.040	1.501	261.444
73.041	2.030	261.437
73.022	2.566	261.486
73.011	3.102	261.509
73.001	3.612	261.546
72.941	4.463	261.647
72.935	4.817	261.661
72.948	5.020	261.664
72.988	4.904	261.618
73.009	4.662	261.626
73.008	4.320	261.652
72.995	3.850	261.643
72.984	3.303	261.590
72.968	2.653	261.546
73.091	1.967	262.067
73.083	1.095	261.914
73.069	0.233	261.777
73.042	-0.674	261.689
73.043	-1.488	261.622
73.027	-2.278	261.596
72.930	-2.190	261.737
72.914	-2.054	261.743
72.933	-1.893	261.628
72.963	-1.795	261.509
73.017	-1.664	261.443
73.065	-1.525	261.417
73.098	-1.419	261.410
73.115	-1.321	261.421
73.119	-1.176	261.427
73.124	-1.037	261.421
73.121	-0.877	261.358
73.117	-0.741	261.277
73.113	-0.568	261.228
73.100	-0.391	261.233
73.066	-0.199	261.353
73.052	-0.009	261.422
73.040	0.217	261.425
73.037	0.446	261.409
73.041	0.664	261.397
73.036	0.863	261.384
73.043	1.076	261.369
73.039	1.280	261.402
73.053	1.465	261.393
73.037	1.600	261.380
73.037	1.745	261.434
73.027	1.856	261.423
73.019	1.916	261.439
73.017	1.965	261.443
73.019	1.957	261.463
73.020	1.903	261.462
73.027	1.808	261.501
73.028	1.649	261.477
73.027	1.458	261.486
73.037	1.192	261.454
73.035	0.906	261.447
73.050	0.579	261.433
73.049	0.207	261.423
73.049	-0.205	261.425
73.061	-0.628	261.426
73.047	-1.096	261.427
73.049	-1.529	261.412
73.039	-1.962	261.422
73.025	-2.377	261.426
72.977	-2.402	261.489
72.960	-2.342	261.485
72.970	-2.278	261.442
72.992	-2.222	261.417
73.023	-2.163	261.427
73.037	-2.091	261.426
73.069	-2.001	261.422
73.081	-1.901	261.430
73.099	-1.755	261.436
73.102	-1.573	261.405
73.097	-1.375	261.342
73.089	-1.147	261.296
73.083	-0.864	261.281
73.060	-0.564	261.313
73.055	-0.212	261.374
73.035	0.157	261.422
73.038	0.562	261.419
73.034	0.980	261.446
73.031	1.378	261.445
73.037	1.796	261.443
73.043	2.199	261.454
73.018	2.561	261.472
73.021	2.944	261.502
73.004	3.205	261.515
72.995	3.433	261.518
73.004	3.582	261.545
72.960	4.042	261.626
72.962	4.015	261.620
72.968	3.859	261.626
72.970	3.620	261.618
72.969	3.291	261.585
72.970	2.835	261.551
73.093	2.344	262.058
72.967	1.698	261.486
73.097	1.106	262.007
73.097	0.333	261.912
73.084	-0.460	261.818
73.078	-1.237	261.728
73.060	-1.969	261.640
72.973	-2.260	261.735
72.942	-2.141	261.746
72.946	-2.020	261.629
72.975	-1.920	261.514
73.016	-1.837	261.450
73.056	-1.706	261.428
73.087	-1.591	261.417
73.107	-1.475	261.420
73.116	-1.332	261.448
73.115	-1.152	261.459
73.114	-0.969	261.419
73.102	-0.770	261.315
73.107	-0.541	261.230
73.091	-0.337	261.218
73.068	-0.119	261.305
73.055	0.120	261.405
73.026	0.368	261.416
73.022	0.626	261.406
73.026	0.885	261.423
73.026	1.136	261.406
73.030	1.377	261.430
73.043	1.589	261.408
73.042	1.793	261.419
73.034	1.946	261.393
73.034	2.101	261.432
73.025	2.185	261.448
73.027	2.233	261.449
73.024	2.244	261.460
73.023	2.198	261.485
73.035	2.089	261.484
73.024	1.908	261.463
73.024	1.686	261.503
73.028	1.422	261.465
73.028	1.074	261.449
73.037	0.703	261.416
73.046	0.276	261.420
73.042	-0.184	261.414
73.052	-0.681	261.417
73.057	-1.199	261.395
73.055	-1.670	261.382
73.046	-2.159	261.424
72.987	-2.431	261.505
72.956	-2.326	261.533
72.948	-2.264	261.446
72.974	-2.197	261.422
73.009	-2.144	261.407
73.034	-2.085	261.407
73.056	-2.036	261.431
73.070	-1.972	261.450
73.087	-1.870	261.455
73.096	-1.742	261.449
73.098	-1.594	261.390
73.083	-1.411	261.306
73.078	-1.185	261.276
73.077	-0.909	261.288
73.062	-0.589	261.342
73.050	-0.211	261.387
73.045	0.192	261.423
73.034	0.647	261.394
73.041	1.087	261.434
73.040	1.569	261.433
73.045	2.034	261.438
73.023	2.472	261.462
73.020	2.930	261.488
73.005	3.299	261.527
72.997	3.632	261.525
72.948	4.281	261.635
72.953	4.440	261.639
72.957	4.484	261.639
72.967	4.384	261.660
72.969	4.186	261.655
72.974	3.872	261.643
72.969	3.461	261.589
72.972	2.909	261.563
73.094	2.360	262.068
72.967	1.633	261.498
73.098	0.976	262.011
73.097	0.132	261.928
73.081	-0.734	261.836
73.070	-1.536	261.731
73.051	-2.231	261.689
72.938	-2.151	261.817
72.931	-2.062	261.736
72.947	-1.946	261.596
72.996	-1.848	261.496
73.027	-1.767	261.454
73.073	-1.635	261.408
73.096	-1.527	261.416
73.113	-1.400	261.435
73.113	-1.223	261.455
73.111	-1.037	261.446
73.107	-0.822	261.376
73.109	-0.604	261.245
73.106	-0.361	261.212
73.092	-0.140	261.255
73.058	0.122	261.367
73.034	0.395	261.410
73.033	0.682	261.434
73.023	0.963	261.444
73.014	1.247	261.431
73.032	1.529	261.421
73.041	1.765	261.428
73.033	1.986	261.435
73.029	2.200	261.451
73.015	2.356	261.437
73.014	2.484	261.466
73.012	2.537	261.468
73.013	2.537	261.480
73.005	2.466	261.502
73.018	2.347	261.499
73.016	2.142	261.504
73.013	1.892	261.508
73.020	1.568	261.494
73.020	1.167	261.474
73.028	0.742	261.432
73.027	0.264	261.415
73.035	-0.252	261.420
73.035	-0.822	261.380
73.058	-1.385	261.375
73.045	-1.919	261.401
73.031	-2.406	261.457
72.950	-2.334	261.570
72.937	-2.245	261.531
72.954	-2.161	261.406
72.991	-2.047	261.423
73.018	-1.952	261.427
73.054	-1.856	261.412
73.073	-1.748	261.429
73.087	-1.597	261.442
73.106	-1.410	261.454
73.097	-1.169	261.428
73.092	-0.903	261.365
73.102	-0.573	261.252
73.098	-0.217	261.237
73.077	0.162	261.294
73.058	0.596	261.365
73.043	1.046	261.427
73.030	1.534	261.459
73.038	2.029	261.464
73.031	2.503	261.492
73.021	2.958	261.501
73.008	3.383	261.544
72.951	4.149	261.618
72.948	4.437	261.636
72.945	4.618	261.645
72.945	4.673	261.644
72.947	4.579	261.646
72.951	4.415	261.624
72.962	4.059	261.628
72.962	3.636	261.606
72.956	3.098	261.584
72.948	2.473	261.562
73.080	1.820	262.090
73.078	0.991	261.929
73.064	0.134	261.851
73.050	-0.717	261.744
73.044	-1.533	261.663
73.027	-2.259	261.610
72.935	-2.169	261.730
72.918	-2.072	261.678
72.939	-1.959	261.557
72.989	-1.842	261.469
73.024	-1.722	261.461
73.066	-1.570	261.438
73.090	-1.440	261.426
73.105	-1.297	261.427
73.112	-1.113	261.437
73.106	-0.900	261.420
73.107	-0.653	261.362
73.118	-0.423	261.245
73.104	-0.204	261.223
73.090	0.008	261.238
73.073	0.269	261.343
73.058	0.518	261.426
73.041	0.775	261.438
73.030	1.015	261.451
73.027	1.279	261.424
73.040	1.503	261.422
73.045	1.717	261.408
73.040	1.915	261.422
73.023	2.062	261.434
73.017	2.178	261.454
73.011	2.232	261.451
73.011	2.263	261.465
73.013	2.243	261.468
73.013	2.163	261.494
73.012	2.015	261.486
73.013	1.817	261.504
73.021	1.552	261.498
73.017	1.239	261.500
73.021	0.878	261.470
73.024	0.480	261.443
73.035	0.035	261.414
73.034	-0.432	261.403
73.040	-0.951	261.393
73.052	-1.444	261.375
73.039	-1.939	261.425
73.024	-2.399	261.462
72.961	-2.355	261.548
72.938	-2.297	261.494
72.963	-2.221	261.434
72.979	-2.170	261.398
73.007	-2.117	261.393
73.037	-2.066	261.405
73.057	-2.000	261.419
73.079	-1.916	261.441
73.087	-1.807	261.454
73.093	-1.655	261.405
73.097	-1.478	261.336
73.089	-1.260	261.295
73.085	-1.000	261.271
73.083	-0.662	261.290
73.070	-0.271	261.369
73.060	0.135	261.417
73.038	0.600	261.399
73.025	1.080	261.425
73.037	1.606	261.445
73.034	2.124	261.460
73.019	2.613	261.475
73.007	3.119	261.508
73.001	3.573	261.543
72.935	4.390	261.632
72.934	4.700	261.658
72.939	4.909	261.668
72.945	4.985	261.675
72.959	4.927	261.691
72.959	4.772	261.670
72.972	4.432	261.675
72.969	3.979	261.657
72.969	3.461	261.589
72.960	2.825	261.556
73.090	2.157	262.077
73.086	1.279	261.949
73.074	0.411	261.838
73.053	-0.466	261.760
73.040	-1.327	261.688
73.036	-2.139	261.602
72.917	-2.210	261.728
72.908	-2.094	261.726
72.914	-1.987	261.591
72.954	-1.859	261.500
73.002	-1.747	261.458
73.052	-1.584	261.425
73.092	-1.460	261.404
73.116	-1.320	261.421
73.115	-1.152	261.445
73.119	-0.946	261.436
73.112	-0.715	261.387
73.127	-0.481	261.293
73.103	-0.270	261.212
73.091	-0.054	261.222
73.075	0.187	261.317
73.046	0.442	261.405
73.032	0.690	261.428
73.020	0.941	261.456
73.013	1.162	261.421
73.023	1.406	261.428
73.022	1.619	261.400
73.039	1.819	261.417
73.023	1.961	261.413
73.024	2.095	261.441
73.018	2.162	261.449
73.015	2.193	261.454
73.019	2.175	261.475
73.018	2.108	261.484
73.017	1.971	261.477
73.018	1.802	261.482
73.016	1.551	261.496
73.018	1.262	261.494
73.016	0.928	261.465
73.025	0.554	261.439
73.023	0.116	261.438
73.029	-0.319	261.413
73.032	-0.822	261.379
73.050	-1.294	261.375
73.044	-1.756	261.401
73.044	-2.229	261.453
72.978	-2.382	261.524
72.955	-2.307	261.534
72.952	-2.251	261.446
72.974	-2.173	261.409
73.010	-2.126	261.407
73.029	-2.079	261.395
73.053	-2.008	261.411
73.078	-1.944	261.447
73.088	-1.832	261.454
73.097	-1.686	261.430
73.099	-1.513	261.365
73.096	-1.327	261.293
73.085	-1.099	261.291
73.074	-0.832	261.262
73.073	-0.484	261.345
73.060	-0.114	261.383
73.047	0.269	261.411
73.039	0.689	261.406
73.034	1.118	261.421
73.037	1.570	261.422
73.037	1.997	261.423
73.024	2.404	261.471
73.011	2.822	261.467
73.005	3.195	261.510
72.993	3.498	261.525
72.990	3.720	261.556
72.940	4.299	261.624
72.950	4.356	261.631
72.954	4.291	261.644
72.958	4.126	261.642
72.963	3.855	261.628
72.965	3.466	261.592
72.963	2.972	261.541
73.095	2.441	262.049
72.958	1.743	261.498
73.093	1.115	262.004
73.096	0.290	261.925
73.074	-0.548	261.824
73.067	-1.356	261.751
73.055	-2.100	261.668
72.950	-2.184	261.755
72.925	-2.099	261.728
72.941	-1.986	261.618
72.980	-1.899	261.504
73.008	-1.855	261.447
73.049	-1.737	261.429
73.088	-1.654	261.415
73.103	-1.563	261.421
73.120	-1.447	261.453
73.115	-1.309	261.439
73.106	-1.171	261.385
73.107	-1.008	261.284
73.099	-0.830	261.225
73.091	-0.619	261.245
73.056	-0.418	261.338
73.043	-0.189	261.407
73.036	0.081	261.428
73.029	0.374	261.420
73.031	0.638	261.400
73.034	0.905	261.418
73.032	1.166	261.414
73.034	1.431	261.413
73.038	1.672	261.410
73.029	1.886	261.398
73.024	2.080	261.423
73.020	2.250	261.466
73.015	2.349	261.465
73.005	2.397	261.469
73.013	2.397	261.492
73.016	2.345	261.503
73.023	2.240	261.520
73.021	2.074	261.516
73.020	1.823	261.493
73.022	1.508	261.454
73.031	1.148	261.441
73.037	0.764	261.423
73.042	0.323	261.420
73.050	-0.163	261.413
73.050	-0.690	261.403
73.053	-1.226	261.404
73.039	-1.749	261.395
73.037	-2.262	261.427
72.958	-2.382	261.507
72.936	-2.303	261.490
72.955	-2.227	261.426
72.976	-2.164	261.406
73.019	-2.103	261.445
73.031	-2.033	261.429
73.070	-1.969	261.433
73.079	-1.895	261.449
73.096	-1.769	261.448
73.100	-1.600	261.427
73.093	-1.414	261.361
73.088	-1.192	261.291
73.078	-0.899	261.263
73.074	-0.564	261.286
73.054	-0.175	261.347
73.041	0.256	261.408
73.023	0.732	261.417
73.032	1.246	261.447
73.031	1.761	261.452
73.024	2.283	261.471
73.027	2.794	261.485
73.016	3.299	261.527
72.948	4.178	261.604
72.944	4.555	261.639
72.943	4.850	261.668
72.947	5.008	261.672
72.968	4.937	261.639
72.987	4.728	261.641
72.983	4.413	261.643
72.984	3.937	261.650
72.969	3.401	261.596
72.954	2.750	261.567
73.079	2.072	262.068
73.077	1.185	261.915
73.063	0.313	261.817
73.043	-0.581	261.716
73.041	-1.430	261.648
73.032	-2.228	261.603
72.930	-2.154	261.752
72.912	-2.052	261.725
72.926	-1.952	261.598
72.969	-1.813	261.499
73.014	-1.714	261.463
73.052	-1.567	261.430
73.089	-1.460	261.424
73.116	-1.332	261.429
73.113	-1.178	261.439
73.110	-1.007	261.424
73.098	-0.814	261.364
73.095	-0.620	261.264
73.099	-0.414	261.196
73.088	-0.210	261.233
73.056	0.004	261.353
73.043	0.238	261.404
73.030	0.504	261.435
73.022	0.740	261.415
73.031	0.995	261.426
73.027	1.231	261.406
73.038	1.465	261.424
73.035	1.664	261.395
73.031	1.840	261.396
73.023	1.986	261.411
73.024	2.102	261.441
73.015	2.174	261.447
73.016	2.213	261.468
73.011	2.164	261.473
73.014	2.090	261.474
73.009	1.965	261.471
73.013	1.775	261.507
73.014	1.520	261.481
73.027	1.237	261.487
73.022	0.861	261.438
73.031	0.494	261.418
73.040	0.053	261.426
73.044	-0.400	261.400
73.038	-0.911	261.402
73.055	-1.395	261.392
73.045	-1.876	261.433
73.035	-2.333	261.441
72.966	-2.352	261.524
72.949	-2.288	261.482
72.951	-2.226	261.409
72.982	-2.153	261.395
73.010	-2.105	261.422
73.035	-2.044	261.411
73.064	-1.993	261.424
73.076	-1.907	261.446
73.094	-1.793	261.449
73.095	-1.653	261.426
73.090	-1.473	261.341
73.091	-1.255	261.295
73.082	-0.999	261.272
73.077	-0.694	261.296
73.058	-0.317	261.360
73.051	0.073	261.406
73.039	0.520	261.418
73.030	0.964	261.421
73.035	1.465	261.426
73.031	1.952	261.419
73.027	2.440	261.468
73.012	2.911	261.493
72.996	3.343	261.520
72.937	4.148	261.626
72.936	4.455	261.657
72.941	4.674	261.660
72.947	4.798	261.653
72.955	4.773	261.665
72.958	4.652	261.655
72.962	4.377	261.663
72.964	3.979	261.628
72.961	3.477	261.583
72.960	2.886	261.544
73.087	2.254	262.066
72.956	1.467	261.479
73.085	0.751	262.021
73.079	-0.132	261.923
73.071	-1.018	261.837
73.055	-1.846	261.736
72.954	-2.182	261.765
72.927	-2.042	261.834
72.926	-1.953	261.689
72.955	-1.832	261.569
73.001	-1.746	261.488
73.039	-1.625	261.446
73.078	-1.492	261.408
73.107	-1.355	261.432
73.115	-1.185	261.444
73.115	-0.973	261.443
73.106	-0.733	261.404
73.108	-0.470	261.330
73.105	-0.231	261.231
73.083	-0.001	261.223
73.066	0.262	261.284
73.042	0.543	261.391
73.034	0.819	261.443
73.022	1.100	261.470
73.022	1.373	261.460
73.019	1.632	261.437
73.019	1.873	261.427
73.030	2.088	261.451
73.018	2.259	261.458
73.004	2.393	261.456
73.004	2.483	261.442
72.999	2.518	261.463
73.004	2.497	261.469
73.002	2.406	261.483
73.012	2.257	261.499
73.006	2.021	261.486
73.011	1.756	261.500
73.009	1.425	261.506
73.010	1.006	261.472
73.016	0.582	261.428
73.016	0.085	261.430
73.023	-0.433	261.399
73.034	-0.993	261.396
73.043	-1.534	261.370
73.035	-2.051	261.396
72.995	-2.401	261.498
72.945	-2.299	261.551
72.946	-2.199	261.502
72.970	-2.097	261.437
72.997	-2.025	261.413
73.026	-1.940	261.434
73.056	-1.832	261.407
73.077	-1.720	261.436
73.087	-1.549	261.438
73.102	-1.360	261.449
73.098	-1.120	261.414
73.088	-0.836	261.318
73.105	-0.500	261.239
73.091	-0.150	261.248
73.069	0.256	261.327
73.050	0.680	261.385
73.040	1.139	261.439
73.034	1.633	261.441
73.035	2.115	261.454
73.023	2.588	261.491
73.015	3.042	261.522
73.011	3.470	261.540
72.940	4.244	261.610
72.936	4.506	261.647
72.939	4.701	261.644
72.942	4.743	261.648
72.944	4.660	261.641
72.950	4.453	261.657
72.951	4.155	261.622
72.951	3.719	261.613
72.953	3.168	261.589
72.940	2.544	261.557
73.076	1.889	262.085
73.068	1.044	261.908
73.067	0.198	261.849
73.041	-0.681	261.734
73.035	-1.501	261.665
73.029	-2.236	261.604
72.927	-2.150	261.744
72.911	-2.066	261.673
72.941	-1.923	261.574
72.973	-1.815	261.484
73.014	-1.706	261.471
73.063	-1.538	261.436
73.094	-1.404	261.420
73.112	-1.249	261.414
73.118	-1.060	261.429
73.112	-0.845	261.407
73.115	-0.605	261.357
73.109	-0.377	261.250
73.096	-0.170	261.209
73.078	0.047	261.230
73.068	0.324	261.348
73.039	0.547	261.387
73.033	0.818	261.456
73.028	1.043	261.461
73.024	1.311	261.422
73.031	1.533	261.416
73.037	1.744	261.421
73.022	1.916	261.426
73.031	2.077	261.440
73.007	2.167	261.426
73.011	2.248	261.456
73.008	2.280	261.480
73.000	2.232	261.479
73.008	2.152	261.493
73.009	1.992	261.476
73.007	1.797	261.485
73.010	1.532	261.489
73.011	1.227	261.491
73.011	0.871	261.461
73.020	0.478	261.435
73.020	0.038	261.439
73.029	-0.411	261.400
73.028	-0.933	261.395
73.044	-1.417	261.382
73.034	-1.914	261.423
73.027	-2.378	261.461
72.961	-2.340	261.542
72.934	-2.283	261.509
72.954	-2.205	261.419
72.984	-2.147	261.397
73.006	-2.090	261.405
73.034	-2.037	261.405
73.054	-1.962	261.420
73.074	-1.881	261.439
73.087	-1.763	261.451
73.093	-1.603	261.402
73.091	-1.430	261.342
73.096	-1.222	261.301
73.085	-0.964	261.278
73.082	-0.640	261.302
73.065	-0.276	261.363
73.059	0.113	261.423
73.049	0.555	261.400
73.031	0.992	261.428
73.038	1.470	261.435
73.035	1.928	261.406
73.024	2.401	261.478
73.007	2.861	261.499
73.003	3.282	261.535
72.984	3.651	261.547
72.929	4.371	261.642
72.933	4.580	261.643
72.937	4.684	261.642
72.946	4.675	261.646
72.953	4.538	261.667
72.959	4.291	261.660
72.959	3.916	261.637
72.967	3.440	261.580
72.959	2.877	261.533
73.090	2.265	262.076
72.953	1.477	261.498
73.083	0.795	262.006
73.072	-0.088	261.934
73.068	-0.944	261.830
73.046	-1.758	261.739
72.964	-2.191	261.756
72.916	-2.079	261.821
72.919	-1.972	261.700
72.954	-1.864	261.557
72.993	-1.764	261.494
73.034	-1.658	261.458
73.072	-1.512	261.408
73.096	-1.389	261.416
73.113	-1.219	261.428
73.116	-1.029	261.455
73.110	-0.808	261.419
73.113	-0.557	261.335
73.105	-0.321	261.222
73.090	-0.101	261.207
73.071	0.160	261.281
73.043	0.429	261.360
73.030	0.699	261.403
73.018	0.979	261.467
73.017	1.254	261.447
73.020	1.526	261.435
73.028	1.758	261.443
73.020	1.982	261.423
73.030	2.181	261.458
73.023	2.340	261.464
73.012	2.462	261.444
73.006	2.529	261.470
73.001	2.534	261.467
73.007	2.484	261.482
73.007	2.365	261.491
73.011	2.195	261.489
73.012	1.959	261.488
73.010	1.659	261.497
73.014	1.306	261.500
73.020	0.900	261.451
73.030	0.446	261.426
73.024	-0.059	261.417
73.030	-0.598	261.411
73.040	-1.149	261.381
73.043	-1.673	261.369
73.031	-2.203	261.424
72.969	-2.348	261.539
72.938	-2.258	261.534
72.957	-2.174	261.479
72.973	-2.067	261.438
73.014	-1.987	261.430
73.038	-1.898	261.428
73.067	-1.793	261.419
73.087	-1.657	261.428
73.096	-1.496	261.451
73.106	-1.270	261.428
73.095	-1.014	261.382
73.105	-0.705	261.291
73.102	-0.344	261.241
73.083	0.030	261.281
73.056	0.454	261.325
73.055	0.919	261.401
73.039	1.439	261.452
73.029	1.929	261.441
73.025	2.420	261.484
73.017	2.921	261.511
73.012	3.386	261.547
72.951	4.204	261.617
72.945	4.563	261.624
72.942	4.798	261.638
72.942	4.892	261.665
72.947	4.853	261.658
72.948	4.699	261.639
72.952	4.428	261.632
72.957	4.006	261.626
72.945	3.496	261.601
72.947	2.877	261.582
73.073	2.229	262.111
72.941	1.441	261.494
73.066	0.709	262.029
73.062	-0.193	261.924
73.060	-1.085	261.830
73.045	-1.902	261.716
72.941	-2.130	261.769
72.925	-2.016	261.819
72.940	-1.895	261.683
72.971	-1.784	261.587
73.004	-1.694	261.499
73.048	-1.548	261.467
73.082	-1.408	261.433
73.094	-1.264	261.431
73.102	-1.084	261.432
73.106	-0.866	261.416
73.106	-0.622	261.374
73.111	-0.365	261.300
73.099	-0.148	261.216
73.086	0.086	261.212
73.074	0.322	261.280
73.050	0.583	261.390
73.036	0.836	261.441
73.019	1.086	261.475
73.024	1.331	261.448
73.029	1.559	261.418
73.031	1.775	261.399
73.023	1.952	261.397
73.026	2.116	261.447
73.006	2.229	261.442
73.006	2.302	261.451
72.998	2.305	261.436
73.000	2.276	261.462
73.002	2.195	261.491
73.000	2.052	261.495
73.004	1.846	261.485
73.013	1.584	261.495
73.009	1.278	261.493
73.010	0.900	261.477
73.016	0.495	261.460
73.014	0.039	261.432
73.015	-0.434	261.402
73.019	-0.958	261.398
73.036	-1.444	261.378
73.030	-1.939	261.418
73.020	-2.389	261.477
72.943	-2.330	261.562
72.929	-2.266	261.495
72.945	-2.207	261.416
72.988	-2.133	261.405
73.010	-2.093	261.406
73.029	-2.046	261.403
73.049	-1.989	261.414
73.066	-1.916	261.445
73.089	-1.814	261.457
73.087	-1.666	261.411
73.088	-1.498	261.330
73.087	-1.289	261.285
73.089	-1.025	261.267
73.077	-0.702	261.288
73.065	-0.324	261.356
73.055	0.091	261.409
73.052	0.550	261.397
73.038	1.033	261.408
73.032	1.548	261.422
73.044	2.073	261.436
73.020	2.565	261.485
73.003	3.078	261.505
72.990	3.556	261.551
72.930	4.383	261.642
72.927	4.727	261.650
72.929	4.959	261.674
72.943	5.073	261.666
72.951	5.000	261.664
72.966	4.798	261.671
72.973	4.444	261.675
72.965	3.981	261.645
72.958	3.430	261.594
72.952	2.787	261.546
73.082	2.098	262.050
73.076	1.199	261.912
73.060	0.316	261.835
73.040	-0.569	261.759
73.032	-1.424	261.675
73.019	-2.217	261.625
72.911	-2.141	261.766
72.897	-2.034	261.712
72.914	-1.897	261.573
72.955	-1.773	261.470
73.009	-1.634	261.470
73.061	-1.476	261.425
73.085	-1.327	261.410
73.109	-1.177	261.423
73.119	-0.992	261.443
73.121	-0.764	261.407
73.121	-0.531	261.378
73.107	-0.287	261.280
73.102	-0.070	261.244
73.083	0.156	261.240
73.056	0.397	261.320
73.033	0.645	261.412
73.029	0.917	261.480
73.019	1.141	261.459
73.015	1.397	261.450
73.025	1.608	261.418
73.026	1.824	261.410
73.021	1.987	261.414
73.016	2.151	261.456
73.012	2.241	261.444
73.008	2.325	261.469
73.005	2.315	261.456
73.003	2.274	261.465
73.011	2.184	261.481
73.009	2.030	261.484
73.016	1.820	261.487
73.012	1.533	261.490
73.010	1.189	261.493
73.010	0.826	261.468
73.010	0.416	261.432
73.019	-0.053	261.427
73.014	-0.539	261.380
73.027	-1.052	261.379
73.041	-1.546	261.377
73.036	-2.040	261.438
73.000	-2.403	261.493
72.938	-2.304	261.528
72.932	-2.239	261.470
72.964	-2.165	261.438
72.986	-2.113	261.397
73.016	-2.061	261.415
73.040	-2.021	261.409
73.066	-1.959	261.431
73.078	-1.874	261.461
73.094	-1.743	261.456
73.095	-1.600	261.399
73.092	-1.405	261.313
73.086	-1.188	261.287
73.082	-0.905	261.277
73.083	-0.555	261.325
73.060	-0.172	261.374
73.047	0.267	261.414
73.037	0.741	261.396
73.029	1.254	261.415
73.044	1.787	261.423
73.030	2.314	261.454
73.020	2.817	261.475
73.007	3.322	261.532
72.931	4.195	261.609
72.931	4.561	261.639
72.932	4.837	261.653
72.937	5.005	261.653
72.947	5.013	261.666
72.953	4.908	261.677
72.955	4.669	261.665
72.964	4.290	261.656
72.961	3.786	261.618
72.960	3.196	261.573
72.952	2.532	261.523
73.084	1.811	262.072
73.083	0.936	261.923
73.069	0.052	261.855
73.048	-0.839	261.758
73.040	-1.685	261.671
72.973	-2.213	261.676
72.916	-2.084	261.787
72.909	-1.983	261.653
72.936	-1.864	261.549
72.977	-1.756	261.485
73.027	-1.611	261.449
73.073	-1.476	261.410
73.096	-1.353	261.422
73.101	-1.205	261.436
73.116	-1.025	261.449
73.110	-0.810	261.404
73.114	-0.588	261.351
73.102	-0.385	261.220
73.092	-0.188	261.217
73.077	0.009	261.247
73.060	0.253	261.367
73.041	0.482	261.436
73.019	0.704	261.434
73.018	0.917	261.442
73.016	1.130	261.416
73.005	1.335	261.418
73.025	1.528	261.415
73.031	1.678	261.400
73.023	1.808	261.416
73.021	1.915	261.421
73.010	1.973	261.411
73.009	2.010	261.452
73.006	2.000	261.461
72.998	1.932	261.455
73.005	1.846	261.471
73.006	1.693	261.497
73.007	1.495	261.470
73.014	1.274	261.490
73.010	0.985	261.464
73.025	0.688	261.434
73.032	0.317	261.403
73.035	-0.084	261.422
73.036	-0.501	261.395
73.031	-0.941	261.399
73.050	-1.358	261.410
73.031	-1.788	261.420
73.024	-2.187	261.432
72.975	-2.390	261.479
72.955	-2.325	261.471
72.951	-2.276	261.422
72.971	-2.198	261.406
73.000	-2.145	261.407
73.020	-2.067	261.402
73.041	-1.982	261.421
73.070	-1.890	261.426
73.083	-1.756	261.439
73.082	-1.583	261.423
73.089	-1.392	261.352
73.086	-1.181	261.315
73.075	-0.933	261.283
73.075	-0.628	261.291
73.055	-0.303	261.359
73.047	0.055	261.399
73.025	0.431	261.397
73.023	0.804	261.408
73.023	1.216	261.430
73.031	1.609	261.435
73.030	1.990	261.428
73.021	2.352	261.470
73.008	2.676	261.448
73.008	3.021	261.500
73.002	3.236	261.509
72.992	3.388	261.528
73.004	3.493	261.549
73.007	3.482	261.548
73.020	3.390	261.548
73.020	3.176	261.531
73.024	2.912	261.547
73.019	2.502	261.488
73.022	2.027	261.469
73.020	1.482	261.450
73.016	0.859	261.420
73.016	0.231	261.394
73.015	-0.436	261.402
73.022	-1.136	261.417
73.026	-1.797	261.397
72.996	-2.387	261.428
72.925	-2.263	261.591
72.915	-2.134	261.584
72.945	-2.012	261.483
72.983	-1.879	261.450
73.022	-1.755	261.443
73.069	-1.597	261.400
73.087	-1.488	261.428
73.108	-1.352	261.443
73.107	-1.163	261.448
73.104	-0.943	261.420
73.093	-0.724	261.361
73.099	-0.487	261.273
73.088	-0.261	261.217
73.068	-0.031	261.260
73.047	0.228	261.364
73.030	0.490	261.429
73.010	0.737	261.423
73.017	1.008	261.441
73.015	1.257	261.427
73.022	1.505	261.434
73.027	1.717	261.427
73.033	1.925	261.424
73.026	2.077	261.422
73.026	2.222	261.448
73.013	2.297	261.449
73.011	2.346	261.461
73.008	2.322	261.465
73.023	2.261	261.482
73.021	2.150	261.482
73.013	1.959	261.467
73.019	1.731	261.490
73.015	1.423	261.486
73.022	1.080	261.463
73.024	0.678	261.412
73.030	0.249	261.414
73.029	-0.216	261.402
73.037	-0.724	261.407
73.043	-1.241	261.393
73.041	-1.735	261.388
73.035	-2.230	261.437
72.968	-2.352	261.519
72.944	-2.271	261.493
72.955	-2.200	261.427
72.971	-2.125	261.411
73.004	-2.075	261.412
73.035	-2.020	261.418
73.055	-1.988	261.431
73.072	-1.906	261.441
73.083	-1.817	261.465
73.081	-1.688	261.432
73.089	-1.533	261.356
73.079	-1.342	261.293
73.064	-1.115	261.271
73.075	-0.824	261.306
73.053	-0.479	261.333
73.046	-0.085	261.413
73.039	0.350	261.407
73.036	0.813	261.413
73.027	1.309	261.418
73.034	1.803	261.416
73.033	2.308	261.455
73.010	2.784	261.469
73.010	3.277	261.531
72.939	4.123	261.601
72.937	4.466	261.631
72.936	4.726	261.639
72.945	4.882	261.653
72.952	4.909	261.664
72.959	4.825	261.671
72.959	4.604	261.669
72.964	4.242	261.649
72.960	3.773	261.607
72.961	3.209	261.560
72.951	2.571	261.514
73.086	1.871	262.057
73.087	1.007	261.904
73.075	0.135	261.852
73.056	-0.746	261.754
73.047	-1.580	261.668
73.007	-2.239	261.638
72.923	-2.099	261.775
72.910	-2.001	261.666
72.934	-1.885	261.551
72.976	-1.773	261.465
73.015	-1.641	261.453
73.073	-1.498	261.411
73.096	-1.372	261.422
73.104	-1.216	261.432
73.112	-1.044	261.459
73.111	-0.831	261.419
73.103	-0.599	261.377
73.097	-0.389	261.226
73.094	-0.174	261.197
73.074	0.035	261.233
73.050	0.287	261.363
73.034	0.525	261.416
73.019	0.751	261.430
73.014	1.003	261.440
73.011	1.219	261.412
73.013	1.434	261.406
73.025	1.631	261.414
73.020	1.799	261.420
73.019	1.928	261.401
73.015	2.031	261.426
73.010	2.091	261.426
73.018	2.105	261.457
73.010	2.061	261.457
73.011	1.973	261.458
73.014	1.830	261.470
73.016	1.638	261.491
73.011	1.389	261.508
73.017	1.101	261.475
73.011	0.758	261.448
73.015	0.385	261.428
73.030	-0.026	261.423
73.032	-0.467	261.386
73.033	-0.963	261.389
73.052	-1.413	261.382
73.040	-1.867	261.425
73.037	-2.288	261.446
72.964	-2.343	261.532
72.945	-2.274	261.498
72.954	-2.223	261.405
72.981	-2.149	261.386
73.002	-2.102	261.403
73.027	-2.052	261.405
73.056	-1.968	261.416
73.068	-1.876	261.437
73.082	-1.757	261.455
73.089	-1.591	261.424
73.083	-1.422	261.344
73.081	-1.206	261.300
73.075	-0.936	261.286
73.063	-0.642	261.288
73.059	-0.272	261.367
73.044	0.096	261.416
73.039	0.522	261.405
73.022	0.944	261.416
73.040	1.416	261.440
73.033	1.862	261.429
73.024	2.297	261.472
73.010	2.720	261.477
73.004	3.120	261.491
72.932	3.888	261.595
72.927	4.150	261.616
72.930	4.338	261.632
72.942	4.424	261.641
72.946	4.409	261.642
72.954	4.286	261.636
72.955	4.039	261.636
72.956	3.672	261.615
72.957	3.220	261.565
72.955	2.672	261.523
72.951	2.036	261.504
72.951	1.359	261.470
72.950	0.649	261.448
72.950	-0.092	261.449
72.948	-0.857	261.440
72.945	-1.584	261.419
72.862	-1.929	261.544
72.843	-1.766	261.671
72.982	-1.575	262.136
72.876	-1.489	261.499
72.926	-1.386	261.454
73.108	-1.233	262.015
73.139	-1.231	261.896
73.153	-1.225	261.833
73.152	-1.168	261.768
73.144	-1.055	261.699
73.139	-0.942	261.614
73.118	-0.805	261.454
73.107	-0.670	261.297
73.097	-0.486	261.279
73.069	-0.293	261.292
73.044	-0.076	261.395
73.024	0.172	261.441
73.014	0.457	261.428
73.014	0.722	261.400
73.021	0.996	261.413
73.010	1.253	261.426
73.022	1.502	261.410
73.034	1.736	261.417
73.022	1.930	261.404
73.021	2.117	261.441
73.005	2.274	261.455
73.013	2.381	261.467
72.992	2.418	261.476
73.003	2.422	261.494
73.016	2.362	261.507
73.012	2.231	261.521
73.012	2.060	261.518
73.012	1.809	261.495
73.015	1.499	261.462
73.025	1.134	261.468
73.025	0.712	261.423
73.037	0.272	261.414
73.032	-0.228	261.417
73.033	-0.745	261.409
73.048	-1.269	261.398
73.037	-1.785	261.399
73.032	-2.301	261.435
72.955	-2.329	261.544
72.927	-2.254	261.521
72.941	-2.195	261.397
72.974	-2.111	261.384
73.003	-2.044	261.423
73.029	-1.975	261.432
73.062	-1.898	261.434
73.079	-1.798	261.446
73.099	-1.657	261.460
73.090	-1.479	261.419
73.095	-1.264	261.358
73.077	-1.020	261.270
73.084	-0.712	261.234
73.074	-0.355	261.262
73.053	0.039	261.376
73.036	0.493	261.385
73.025	0.975	261.427
73.027	1.509	261.449
73.011	2.015	261.436
73.019	2.550	261.484
73.008	3.057	261.507
73.005	3.543	261.529
72.943	4.383	261.616
72.943	4.702	261.638
72.940	4.926	261.662
72.946	4.999	261.661
72.955	4.946	261.651
72.954	4.768	261.648
72.958	4.439	261.659
72.955	3.979	261.643
72.958	3.428	261.604
72.952	2.785	261.572
73.074	2.115	262.082
73.080	1.233	261.934
73.059	0.345	261.847
73.046	-0.521	261.753
73.043	-1.391	261.679
73.040	-2.171	261.593
72.926	-2.129	261.749
72.920	-2.020	261.712
72.934	-1.902	261.572
72.972	-1.786	261.490
73.019	-1.654	261.490
73.057	-1.504	261.441
73.092	-1.379	261.420
73.100	-1.235	261.423
73.114	-1.064	261.439
73.104	-0.862	261.418
73.097	-0.648	261.380
73.103	-0.412	261.274
73.094	-0.233	261.206
73.086	-0.031	261.234
73.063	0.199	261.334
73.035	0.422	261.417
73.029	0.657	261.448
73.018	0.867	261.433
73.015	1.094	261.425
73.016	1.300	261.415
73.028	1.493	261.421
73.030	1.671	261.411
73.020	1.799	261.426
73.010	1.928	261.415
73.013	2.010	261.442
73.011	2.049	261.440
73.008	2.059	261.466
73.011	2.018	261.474
73.006	1.930	261.483
72.998	1.784	261.491
73.011	1.619	261.499
73.012	1.405	261.501
73.018	1.114	261.492
73.014	0.800	261.434
73.023	0.438	261.415
73.027	0.039	261.410
73.041	-0.358	261.417
73.035	-0.829	261.391
73.042	-1.288	261.385
73.035	-1.705	261.421
73.028	-2.137	261.446
72.987	-2.381	261.473
72.952	-2.312	261.480
72.944	-2.266	261.426
72.967	-2.196	261.404
72.992	-2.147	261.394
73.014	-2.089	261.415
73.040	-2.013	261.421
73.057	-1.927	261.439
73.077	-1.808	261.447
73.087	-1.651	261.425
73.083	-1.467	261.372
73.079	-1.275	261.307
73.071	-1.033	261.293
73.068	-0.760	261.253
73.054	-0.439	261.328
73.044	-0.083	261.407
73.029	0.289	261.401
73.024	0.684	261.404
73.021	1.068	261.420
73.027	1.469	261.452
73.023	1.867	261.450
73.024	2.252	261.479
73.010	2.585	261.475
73.008	2.914	261.486
72.996	3.161	261.513
72.986	3.357	261.527
72.991	3.470	261.529
73.001	3.503	261.551
73.011	3.451	261.551
73.015	3.286	261.547
73.017	3.043	261.549
73.010	2.683	261.504
73.027	2.264	261.473
73.022	1.750	261.465
73.023	1.148	261.447
73.024	0.519	261.402
73.022	-0.135	261.421
73.017	-0.843	261.412
73.028	-1.510	261.413
73.013	-2.169	261.388
72.936	-2.332	261.526
72.911	-2.198	261.615
72.929	-2.035	261.535
72.971	-1.901	261.474
73.001	-1.789	261.444
73.047	-1.655	261.425
73.080	-1.532	261.416
73.097	-1.396	261.438
73.110	-1.218	261.444
73.114	-1.023	261.440
73.093	-0.807	261.394
73.095	-0.579	261.319
73.091	-0.348	261.200
73.084	-0.121	261.243
73.069	0.124	261.337
73.032	0.374	261.388
73.021	0.640	261.408
73.019	0.897	261.441
73.011	1.153	261.431
73.017	1.394	261.426
73.021	1.617	261.414
73.033	1.832	261.439
73.028	2.000	261.414
73.026	2.123	261.436
73.010	2.214	261.451
73.013	2.285	261.462
73.016	2.275	261.474
73.016	2.236	261.474
73.016	2.121	261.474
73.014	1.941	261.478
73.017	1.739	261.484
73.014	1.461	261.479
73.019	1.113	261.457
73.020	0.748	261.437
73.017	0.307	261.408
73.027	-0.137	261.416
73.033	-0.626	261.390
73.038	-1.133	261.373
73.048	-1.614	261.376
73.039	-2.100	261.413
72.989	-2.383	261.499
72.946	-2.291	261.521
72.947	-2.202	261.462
72.965	-2.138	261.413
72.991	-2.082	261.406
73.022	-2.029	261.410
73.050	-1.966	261.415
73.069	-1.909	261.442
73.083	-1.809	261.458
73.088	-1.684	261.447
73.091	-1.522	261.388
73.086	-1.357	261.313
73.073	-1.115	261.272
73.067	-0.850	261.296
73.056	-0.533	261.337
73.045	-0.169	261.380
73.039	0.243	261.415
73.031	0.667	261.396
73.019	1.116	261.417
73.026	1.602	261.413
73.022	2.051	261.421
73.018	2.509	261.456
73.010	2.955	261.472
73.001	3.371	261.526
72.934	4.119	261.609
72.937	4.357	261.637
72.938	4.536	261.643
72.943	4.597	261.643
72.952	4.534	261.658
72.956	4.361	261.665
72.959	4.078	261.634
72.955	3.667	261.597
72.957	3.162	261.553
72.950	2.565	261.511
73.085	1.919	262.070
73.083	1.100	261.913
73.081	0.277	261.842
73.065	-0.570	261.746
73.062	-1.372	261.681
73.046	-2.137	261.612
72.934	-2.157	261.712
72.914	-2.058	261.692
72.930	-1.947	261.576
72.963	-1.846	261.465
73.007	-1.734	261.442
73.052	-1.604	261.421
73.086	-1.495	261.405
73.105	-1.379	261.429
73.103	-1.217	261.451
73.105	-1.041	261.444
73.099	-0.832	261.397
73.097	-0.629	261.265
73.089	-0.414	261.191
73.081	-0.198	261.216
73.052	0.049	261.333
73.032	0.309	261.394
73.028	0.580	261.416
73.012	0.841	261.432
73.012	1.095	261.417
73.022	1.358	261.418
73.025	1.599	261.424
73.025	1.812	261.424
73.023	1.988	261.415
73.016	2.157	261.441
73.012	2.286	261.433
73.002	2.362	261.452
73.005	2.374	261.468
73.003	2.336	261.479
73.006	2.267	261.500
73.005	2.109	261.486
73.005	1.905	261.496
73.001	1.640	261.480
73.014	1.327	261.495
73.013	0.934	261.460
73.019	0.525	261.421
73.032	0.065	261.441
73.034	-0.428	261.416
73.035	-0.953	261.385
73.041	-1.481	261.363
73.036	-1.989	261.410
73.001	-2.406	261.472
72.937	-2.301	261.508
72.934	-2.220	261.460
72.949	-2.152	261.414
72.988	-2.100	261.417
73.014	-2.044	261.417
73.043	-1.987	261.417
73.062	-1.931	261.435
73.074	-1.852	261.460
73.079	-1.731	261.449
73.091	-1.577	261.401
73.090	-1.402	261.321
73.079	-1.192	261.268
73.077	-0.923	261.271
73.064	-0.594	261.317
73.053	-0.207	261.381
73.040	0.212	261.428
73.024	0.656	261.409
73.024	1.144	261.431
73.022	1.655	261.422
73.028	2.151	261.467
73.015	2.633	261.471
73.008	3.127	261.507
72.997	3.575	261.538
72.933	4.367	261.625
72.930	4.657	261.645
72.934	4.860	261.644
72.946	4.893	261.666
72.951	4.839	261.670
72.955	4.667	261.661
72.958	4.331	261.659
72.958	3.857	261.640
72.958	3.326	261.578
72.954	2.704	261.533
73.082	2.025	262.074
73.085	1.158	261.929
73.074	0.286	261.843
73.044	-0.591	261.755
73.041	-1.433	261.674
73.027	-2.205	261.605
72.916	-2.126	261.759
72.905	-2.017	261.701
72.931	-1.883	261.583
72.969	-1.771	261.474
73.005	-1.651	261.445
73.057	-1.494	261.421
73.089	-1.366	261.408
73.109	-1.209	261.423
73.113	-1.034	261.456
73.112	-0.824	261.429
73.108	-0.586	261.375
73.101	-0.355	261.268
73.097	-0.148	261.220
73.081	0.067	261.213
73.062	0.311	261.335
73.035	0.551	261.410
73.024	0.791	261.448
73.007	1.017	261.450
73.016	1.256	261.427
73.022	1.476	261.434
73.018	1.660	261.407
73.026	1.827	261.425
73.021	1.962	261.415
73.011	2.061	261.434
73.010	2.108	261.452
73.012	2.131	261.447
73.010	2.076	261.456
73.003	1.984	261.463
73.009	1.853	261.469
73.008	1.631	261.491
73.001	1.382	261.484
73.006	1.078	261.466
73.016	0.741	261.449
73.012	0.343	261.425
73.026	-0.072	261.424
73.025	-0.527	261.395
73.031	-1.009	261.381
73.053	-1.453	261.374
73.039	-1.910	261.420
73.033	-2.333	261.461
72.967	-2.320	261.526
72.945	-2.242	261.498
72.955	-2.186	261.409
72.986	-2.118	261.401
73.003	-2.074	261.405
73.035	-2.008	261.408
73.053	-1.948	261.424
73.075	-1.856	261.446
73.083	-1.732	261.451
73.090	-1.568	261.418
73.090	-1.396	261.344
73.080	-1.190	261.293
73.077	-0.920	261.300
73.072	-0.601	261.317
73.048	-0.263	261.344
73.049	0.128	261.410
73.038	0.551	261.406
73.021	0.993	261.411
73.028	1.467	261.440
73.027	1.913	261.425
73.022	2.375	261.476
73.009	2.819	261.484
73.001	3.211	261.508
72.991	3.556	261.523
72.930	4.228	261.621
72.931	4.397	261.646
72.939	4.488	261.642
72.944	4.447	261.639
72.948	4.271	261.654
72.958	4.015	261.637
72.956	3.627	261.605
72.955	3.146	261.562
72.947	2.580	261.517
73.084	1.970	262.062
73.085	1.176	261.914
73.079	0.382	261.832
73.061	-0.435	261.755
73.052	-1.244	261.679
73.032	-2.003	261.592
72.939	-2.201	261.688
72.910	-2.093	261.709
72.927	-1.982	261.579
72.952	-1.896	261.467
72.996	-1.801	261.437
73.039	-1.673	261.428
73.075	-1.574	261.414
73.105	-1.481	261.424
73.118	-1.354	261.450
73.109	-1.203	261.455
73.105	-1.029	261.413
73.094	-0.854	261.305
73.095	-0.656	261.216
73.094	-0.440	261.235
73.063	-0.223	261.309
73.041	0.013	261.414
73.025	0.284	261.403
73.024	0.578	261.406
73.019	0.859	261.414
73.018	1.129	261.409
73.025	1.412	261.419
73.028	1.675	261.381
73.027	1.931	261.413
73.020	2.142	261.433
73.010	2.340	261.447
72.999	2.479	261.456
73.005	2.568	261.477
72.998	2.593	261.472
72.997	2.573	261.483
73.001	2.485	261.505
73.012	2.326	261.511
73.011	2.097	261.515
73.012	1.804	261.494
73.021	1.455	261.479
73.025	1.023	261.434
73.032	0.565	261.424
73.034	0.053	261.422
73.030	-0.485	261.412
73.039	-1.069	261.403
73.038	-1.620	261.385
73.028	-2.152	261.419
72.957	-2.341	261.535
72.937	-2.216	261.550
72.936	-2.140	261.461
72.973	-2.012	261.442
73.007	-1.916	261.426
73.037	-1.789	261.436
73.064	-1.641	261.422
73.080	-1.499	261.435
73.096	-1.298	261.449
73.102	-1.056	261.440
73.090	-0.761	261.382
73.090	-0.413	261.284
73.089	-0.070	261.246
73.070	0.304	261.261
73.045	0.694	261.326
73.025	1.128	261.389
73.009	1.566	261.474
73.009	2.007	261.471
73.001	2.444	261.490
73.009	2.857	261.490
73.009	3.224	261.511
72.993	3.538	261.533
72.942	4.212	261.602
72.936	4.358	261.624
72.934	4.386	261.632
72.936	4.301	261.621
72.947	4.107	261.607
72.945	3.826	261.590
72.947	3.423	261.581
72.945	2.920	261.551
73.063	2.336	262.096
72.936	1.647	261.530
73.070	1.016	262.045
73.070	0.184	261.938
73.057	-0.658	261.829
73.049	-1.455	261.719
73.037	-2.158	261.658
72.948	-2.090	261.783
72.931	-2.017	261.741
72.953	-1.909	261.588
72.986	-1.831	261.508
73.021	-1.755	261.454
73.059	-1.633	261.434
73.083	-1.543	261.425
73.098	-1.446	261.429
73.106	-1.312	261.437
73.096	-1.165	261.416
73.093	-1.010	261.367
73.095	-0.857	261.248
73.081	-0.670	261.211
73.087	-0.467	261.237
73.062	-0.263	261.359
73.046	-0.036	261.430
73.036	0.217	261.443
73.038	0.490	261.419
73.035	0.736	261.399
73.039	0.985	261.405
73.032	1.240	261.396
73.034	1.482	261.403
73.032	1.705	261.396
73.019	1.879	261.388
73.005	2.056	261.437
73.003	2.190	261.471
73.000	2.257	261.466
72.993	2.296	261.480
73.005	2.277	261.506
73.009	2.205	261.507
73.019	2.080	261.511
73.006	1.862	261.496
73.017	1.606	261.492
73.028	1.306	261.473
73.020	0.917	261.445
73.038	0.527	261.425
73.034	0.071	261.417
73.027	-0.401	261.397
73.024	-0.942	261.393
73.035	-1.446	261.406
73.021	-1.949	261.430
73.005	-2.388	261.452
72.934	-2.311	261.486
72.924	-2.252	261.433
72.950	-2.173	261.411
72.984	-2.098	261.407
73.009	-2.044	261.417
73.029	-1.984	261.420
73.060	-1.929	261.444
73.079	-1.837	261.450
73.091	-1.703	261.442
73.102	-1.549	261.396
73.088	-1.364	261.318
73.082	-1.149	261.292
73.072	-0.879	261.277
73.069	-0.541	261.311
73.041	-0.187	261.360
73.030	0.236	261.433
73.032	0.710	261.420
73.022	1.172	261.434
73.028	1.714	261.432
73.031	2.224	261.455
73.008	2.710	261.466
73.004	3.206	261.504
72.993	3.662	261.544
72.930	4.444	261.628
72.930	4.706	261.640
72.935	4.873	261.653
72.949	4.866	261.660
72.951	4.787	261.654
72.958	4.548	261.662
72.958	4.175	261.651
72.958	3.696	261.614
72.949	3.131	261.557
73.085	2.517	262.082
72.952	1.731	261.490
73.082	1.024	262.021
73.076	0.117	261.943
73.062	-0.760	261.836
73.052	-1.602	261.734
72.996	-2.177	261.725
72.924	-2.038	261.836
72.921	-1.937	261.737
72.950	-1.821	261.585
72.985	-1.727	261.508
73.032	-1.610	261.456
73.068	-1.468	261.411
73.104	-1.339	261.417
73.116	-1.186	261.430
73.114	-1.003	261.447
73.112	-0.776	261.409
73.113	-0.538	261.340
73.106	-0.320	261.243
73.094	-0.124	261.206
73.080	0.112	261.253
73.051	0.352	261.359
73.033	0.609	261.418
73.024	0.854	261.443
73.006	1.090	261.449
73.008	1.324	261.429
73.024	1.551	261.436
73.024	1.732	261.404
73.027	1.912	261.423
73.019	2.058	261.429
73.011	2.157	261.427
73.007	2.220	261.450
73.006	2.240	261.446
73.010	2.205	261.459
73.011	2.114	261.473
73.003	1.964	261.473
73.013	1.771	261.498
73.005	1.507	261.486
73.015	1.213	261.496
73.013	0.861	261.465
73.032	0.483	261.433
73.029	0.024	261.424
73.030	-0.432	261.401
73.024	-0.946	261.395
73.048	-1.407	261.383
73.040	-1.890	261.421
73.025	-2.340	261.460
72.962	-2.309	261.532
72.940	-2.242	261.491
72.952	-2.187	261.405
72.984	-2.103	261.413
73.009	-2.054	261.418
73.024	-2.002	261.408
73.056	-1.949	261.427
73.068	-1.876	261.452
73.087	-1.757	261.454
73.089	-1.604	261.418
73.089	-1.432	261.329
73.077	-1.228	261.292
73.075	-0.977	261.284
73.065	-0.666	261.306
73.050	-0.301	261.359
73.037	0.092	261.404
73.033	0.523	261.398
73.029	0.979	261.431
73.040	1.466	261.430
73.029	1.921	261.409
73.015	2.387	261.456
73.010	2.863	261.501
72.999	3.289	261.528
72.979	3.663	261.542
72.929	4.382	261.633
72.933	4.580	261.643
72.937	4.682	261.646
72.946	4.674	261.652
72.953	4.537	261.665
72.954	4.283	261.668
72.954	3.921	261.631
72.958	3.435	261.581
72.953	2.850	261.545
73.084	2.256	262.077
72.953	1.477	261.492
73.085	0.794	262.021
73.074	-0.071	261.922
73.064	-0.950	261.834
73.054	-1.771	261.737
72.955	-2.146	261.765
72.916	-2.024	261.820
72.925	-1.933	261.683
72.954	-1.809	261.573
72.990	-1.743	261.496
73.035	-1.613	261.436
73.070	-1.489	261.396
73.103	-1.362	261.421
73.103	-1.215	261.441
73.110	-1.017	261.445
73.105	-0.793	261.401
73.109	-0.559	261.326
73.098	-0.326	261.223
73.088	-0.111	261.217
73.063	0.153	261.286
73.033	0.411	261.374
73.021	0.676	261.427
73.010	0.967	261.454
73.009	1.228	261.454
73.019	1.501	261.429
73.019	1.742	261.424
73.016	1.962	261.418
73.020	2.163	261.446
73.008	2.318	261.429
73.006	2.448	261.436
73.001	2.512	261.459
72.998	2.536	261.472
73.001	2.479	261.486
72.998	2.355	261.482
73.004	2.208	261.492
73.003	1.973	261.504
73.007	1.683	261.502
73.006	1.333	261.487
73.006	0.931	261.458
73.021	0.482	261.419
73.022	-0.010	261.415
73.023	-0.539	261.407
73.035	-1.087	261.387
73.033	-1.634	261.365
73.034	-2.138	261.422
72.967	-2.325	261.523
72.935	-2.227	261.550
72.938	-2.156	261.462
72.969	-2.060	261.442
73.003	-1.985	261.421
73.024	-1.905	261.426
73.060	-1.810	261.409
73.079	-1.699	261.435
73.095	-1.542	261.451
73.099	-1.342	261.447
73.093	-1.117	261.401
73.091	-0.824	261.305
73.095	-0.484	261.254
73.081	-0.138	261.270
73.055	0.277	261.332
73.033	0.713	261.377
73.031	1.214	261.445
73.027	1.723	261.448
73.026	2.240	261.475
73.009	2.736	261.494
73.002	3.211	261.543
73.007	3.655	261.571
72.935	4.454	261.631
72.937	4.734	261.654
72.931	4.935	261.657
72.935	4.975	261.657
72.940	4.871	261.656
72.944	4.656	261.641
72.947	4.312	261.640
72.946	3.826	261.636
72.946	3.301	261.578
72.938	2.623	261.555
73.074	1.930	262.084
73.070	1.049	261.923
73.055	0.180	261.847
73.038	-0.701	261.758
73.026	-1.550	261.674
72.998	-2.236	261.621
72.924	-2.079	261.756
72.906	-1.990	261.671
72.945	-1.852	261.555
72.979	-1.750	261.469
73.026	-1.619	261.480
73.063	-1.457	261.431
73.093	-1.331	261.419
73.106	-1.179	261.418
73.107	-0.998	261.437
73.109	-0.772	261.400
73.106	-0.542	261.351
73.097	-0.336	261.230
73.096	-0.108	261.211
73.073	0.100	261.250
73.058	0.345	261.349
73.039	0.597	261.420
73.022	0.837	261.463
73.018	1.071	261.437
73.012	1.309	261.443
73.017	1.527	261.418
73.024	1.734	261.407
73.017	1.896	261.414
73.013	2.037	261.426
73.008	2.156	261.450
73.001	2.197	261.442
72.994	2.201	261.445
73.002	2.189	261.485
73.005	2.089	261.475
72.997	1.931	261.483
73.002	1.750	261.508
72.996	1.475	261.472
73.005	1.188	261.484
73.003	0.820	261.450
73.012	0.442	261.452
73.021	-0.001	261.431
73.014	-0.455	261.383
73.029	-0.950	261.384
73.042	-1.416	261.380
73.029	-1.889	261.426
73.023	-2.337	261.465
72.941	-2.331	261.520
72.930	-2.249	261.492
72.943	-2.180	261.416
72.972	-2.102	261.401
73.002	-2.059	261.398
73.020	-2.006	261.410
73.050	-1.929	261.414
73.062	-1.864	261.450
73.078	-1.723	261.438
73.091	-1.571	261.411
73.089	-1.406	261.332
73.082	-1.200	261.308
73.083	-0.938	261.284
73.060	-0.639	261.301
73.059	-0.264	261.370
73.044	0.118	261.412
73.039	0.559	261.416
73.025	1.003	261.430
73.027	1.472	261.446
73.030	1.940	261.446
73.019	2.391	261.469
73.005	2.843	261.478
72.995	3.250	261.525
72.983	3.630	261.544
72.924	4.324	261.629
72.927	4.510	261.647
72.935	4.601	261.652
72.942	4.575	261.656
72.948	4.428	261.664
72.949	4.174	261.652
72.952	3.788	261.631
72.956	3.309	261.576
72.947	2.737	261.535
73.077	2.129	262.070
73.077	1.314	261.936
73.061	0.495	261.823
73.045	-0.328	261.747
73.038	-1.175	261.676
73.025	-1.955	261.592
72.919	-2.222	261.644
72.905	-2.091	261.726
72.906	-1.996	261.589
72.939	-1.884	261.474
72.990	-1.774	261.457
73.035	-1.642	261.430
73.068	-1.519	261.406
73.102	-1.406	261.415
73.100	-1.261	261.438
73.109	-1.084	261.452
73.099	-0.880	261.405
73.105	-0.660	261.313
73.104	-0.459	261.216
73.089	-0.240	261.223
73.064	-0.003	261.300
73.039	0.232	261.386
73.031	0.497	261.428
73.017	0.746	261.418
73.014	0.989	261.428
73.007	1.232	261.415
73.023	1.469	261.429
73.025	1.679	261.422
73.027	1.849	261.409
73.017	2.008	261.410
73.017	2.146	261.422
73.002	2.220	261.428
73.000	2.267	261.446
73.004	2.274	261.486
73.012	2.232	261.487
73.012	2.129	261.506
73.009	1.962	261.485
73.017	1.754	261.509
73.013	1.479	261.493
73.017	1.151	261.468
73.020	0.783	261.434
73.032	0.386	261.426
73.035	-0.079	261.421
73.030	-0.552	261.394
73.039	-1.055	261.412
73.035	-1.535	261.385
73.033	-2.023	261.428
72.989	-2.388	261.459
72.940	-2.284	261.508
72.929	-2.220	261.456
72.954	-2.151	261.403
72.985	-2.106	261.401
73.017	-2.061	261.418
73.037	-2.006	261.424
73.066	-1.954	261.433
73.076	-1.865	261.447
73.090	-1.739	261.438
73.085	-1.607	261.387
73.079	-1.438	261.315
73.078	-1.232	261.296
73.063	-0.981	261.279
73.048	-0.691	261.302
73.038	-0.317	261.376
73.039	0.068	261.410
73.032	0.478	261.414
73.029	0.901	261.419
73.028	1.358	261.424
73.034	1.813	261.419
73.025	2.237	261.460
73.004	2.648	261.448
73.002	3.066	261.479
72.994	3.407	261.518
72.992	3.682	261.554
72.941	4.301	261.620
72.946	4.417	261.627
72.959	4.396	261.645
72.959	4.288	261.645
72.957	4.051	261.644
72.955	3.715	261.620
72.958	3.283	261.564
72.952	2.747	261.515
73.090	2.180	262.052
73.085	1.392	261.938
73.073	0.615	261.820
73.065	-0.162	261.725
73.058	-0.988	261.691
73.041	-1.762	261.616
72.978	-2.270	261.614
72.921	-2.131	261.722
72.923	-2.033	261.598
72.935	-1.958	261.475
72.985	-1.852	261.451
73.023	-1.758	261.439
73.062	-1.659	261.401
73.091	-1.579	261.414
73.097	-1.477	261.441
73.109	-1.338	261.448
73.101	-1.182	261.415
73.094	-1.044	261.335
73.087	-0.873	261.243
73.077	-0.680	261.230
73.064	-0.459	261.272
73.034	-0.232	261.375
73.018	0.016	261.422
73.011	0.291	261.418
73.024	0.573	261.409
73.014	0.833	261.405
73.008	1.085	261.383
73.019	1.365	261.416
73.027	1.604	261.388
73.026	1.854	261.411
73.018	2.046	261.434
73.017	2.209	261.445
73.008	2.338	261.456
73.004	2.419	261.470
73.003	2.452	261.476
72.999	2.438	261.496
73.008	2.359	261.522
73.008	2.221	261.513
73.012	2.006	261.508
73.022	1.744	261.467
73.024	1.421	261.470
73.027	1.039	261.452
73.039	0.633	261.418
73.035	0.165	261.425
73.041	-0.335	261.418
73.041	-0.889	261.400
73.041	-1.424	261.394
73.036	-1.932	261.414
72.999	-2.370	261.461
72.941	-2.272	261.490
72.929	-2.206	261.457
72.951	-2.139	261.422
72.986	-2.067	261.417
73.021	-2.015	261.437
73.039	-1.953	261.427
73.060	-1.894	261.445
73.077	-1.790	261.460
73.087	-1.641	261.447
73.093	-1.466	261.406
73.082	-1.270	261.320
73.074	-1.009	261.272
73.068	-0.714	261.250
73.058	-0.326	261.324
73.033	0.073	261.383
73.026	0.525	261.397
73.020	1.020	261.451
73.016	1.536	261.444
73.028	2.063	261.451
73.018	2.571	261.470
73.009	3.076	261.500
73.002	3.572	261.553
72.934	4.382	261.632
72.936	4.730	261.639
72.935	4.972	261.659
72.945	5.039	261.678
72.954	4.987	261.661
72.957	4.800	261.654
72.964	4.455	261.666
72.958	4.010	261.641
72.959	3.443	261.596
72.949	2.805	261.552
73.075	2.118	262.055
73.075	1.230	261.922
73.062	0.349	261.833
73.052	-0.535	261.761
73.043	-1.405	261.680
73.026	-2.183	261.613
72.929	-2.082	261.747
72.904	-1.990	261.684
72.935	-1.857	261.581
72.963	-1.740	261.484
73.021	-1.584	261.475
73.062	-1.426	261.441
73.090	-1.272	261.417
73.107	-1.130	261.427
73.115	-0.951	261.438
73.109	-0.725	261.412
73.108	-0.494	261.376
73.097	-0.271	261.285
73.086	-0.085	261.209
73.078	0.134	261.253
73.056	0.371	261.335
73.030	0.603	261.414
73.016	0.836	261.457
73.013	1.069	261.458
73.012	1.292	261.437
73.011	1.474	261.425
73.021	1.682	261.410
73.019	1.838	261.432
73.017	1.958	261.410
73.003	2.062	261.426
73.000	2.143	261.446
72.997	2.144	261.436
73.010	2.126	261.470
73.010	2.038	261.469
73.008	1.912	261.479
73.008	1.743	261.491
73.003	1.487	261.489
73.011	1.220	261.490
73.003	0.886	261.463
73.021	0.534	261.436
73.019	0.113	261.437
73.020	-0.323	261.409
73.016	-0.802	261.383
73.039	-1.270	261.371
73.038	-1.712	261.410
73.030	-2.147	261.439
72.973	-2.368	261.504
72.946	-2.263	261.522
72.946	-2.204	261.437
72.956	-2.132	261.406
72.990	-2.084	261.401
73.016	-2.025	261.404
73.039	-1.960	261.419
73.054	-1.885	261.445
73.070	-1.768	261.455
73.085	-1.615	261.422
73.077	-1.447	261.369
73.073	-1.252	261.304
73.070	-1.000	261.268
73.065	-0.713	261.292
73.054	-0.361	261.344
73.046	0.019	261.407
73.031	0.432	261.383
73.022	0.878	261.418
73.021	1.354	261.437
73.018	1.837	261.442
73.018	2.313	261.481
73.004	2.760	261.468
72.999	3.207	261.528
72.929	4.017	261.599
72.922	4.292	261.644
72.927	4.518	261.641
72.933	4.634	261.646
72.937	4.635	261.641
72.944	4.490	261.668
72.956	4.252	261.654
72.953	3.897	261.640
72.957	3.421	261.591
72.950	2.874	261.538
73.084	2.282	262.068
72.947	1.510	261.494
73.078	0.835	262.012
73.071	-0.025	261.922
73.064	-0.892	261.834
73.055	-1.700	261.742
72.971	-2.161	261.742
72.920	-2.045	261.809
72.919	-1.958	261.695
72.949	-1.838	261.563
72.977	-1.751	261.488
73.021	-1.639	261.445
73.058	-1.507	261.402
73.097	-1.389	261.415
73.100	-1.233	261.431
73.105	-1.043	261.454
73.094	-0.821	261.411
73.107	-0.580	261.342
73.097	-0.346	261.217
73.080	-0.115	261.213
73.061	0.144	261.279
73.041	0.419	261.385
73.027	0.698	261.414
73.017	0.990	261.449
73.017	1.281	261.461
73.017	1.553	261.431
73.028	1.813	261.425
73.028	2.060	261.426
73.023	2.278	261.463
73.003	2.458	261.460
73.000	2.585	261.457
72.996	2.677	261.460
72.997	2.701	261.459
73.003	2.674	261.476
72.997	2.578	261.507
72.997	2.391	261.505
73.006	2.195	261.520
72.996	1.869	261.493
73.005	1.527	261.493
73.003	1.091	261.462
73.011	0.622	261.410
73.016	0.115	261.421
73.013	-0.435	261.405
73.023	-1.011	261.398
73.031	-1.590	261.360
73.021	-2.121	261.407
72.946	-2.345	261.522
72.927	-2.206	261.561
72.931	-2.117	261.493
72.964	-1.999	261.452
72.994	-1.902	261.438
73.030	-1.782	261.421
73.049	-1.651	261.417
73.076	-1.504	261.430
73.084	-1.306	261.444
73.097	-1.066	261.437
73.087	-0.784	261.391
73.096	-0.445	261.287
73.090	-0.110	261.226
73.076	0.268	261.247
73.056	0.669	261.338
73.035	1.093	261.410
73.024	1.549	261.466
73.010	1.977	261.455
73.011	2.439	261.490
73.001	2.828	261.471
73.005	3.222	261.533
72.996	3.526	261.534
72.998	3.773	261.550
72.932	4.365	261.630
72.927	4.405	261.639
72.930	4.336	261.621
72.938	4.175	261.594
72.944	3.863	261.607
72.948	3.483	261.589
72.945	2.962	261.585
73.069	2.432	262.096
72.935	1.738	261.537
73.069	1.106	262.045
73.058	0.265	261.947
73.057	-0.575	261.833
73.052	-1.358	261.719
73.041	-2.110	261.662
72.950	-2.083	261.773
72.929	-2.001	261.738
72.942	-1.905	261.609
72.981	-1.822	261.513
73.014	-1.748	261.459
73.047	-1.633	261.441
73.069	-1.545	261.428
73.087	-1.453	261.436
73.100	-1.321	261.438
73.089	-1.176	261.432
73.086	-1.009	261.367
73.085	-0.870	261.270
73.081	-0.683	261.216
73.083	-0.494	261.230
73.059	-0.284	261.330
73.044	-0.066	261.427
73.029	0.175	261.434
73.031	0.442	261.412
73.021	0.690	261.400
73.029	0.930	261.399
73.019	1.178	261.394
73.028	1.417	261.405
73.026	1.626	261.393
73.022	1.839	261.429
72.996	1.971	261.407
72.994	2.112	261.466
72.990	2.200	261.464
72.992	2.260	261.501
72.994	2.256	261.492
73.003	2.210	261.508
73.000	2.103	261.527
72.992	1.927	261.497
73.008	1.711	261.500
73.015	1.442	261.472
73.024	1.106	261.447
73.021	0.731	261.418
73.027	0.327	261.411
73.040	-0.123	261.428
73.034	-0.618	261.410
73.027	-1.127	261.429
73.018	-1.619	261.414
73.004	-2.103	261.420
72.958	-2.385	261.481
72.939	-2.286	261.518
72.939	-2.224	261.433
72.955	-2.158	261.399
72.994	-2.095	261.405
73.023	-2.034	261.436
73.044	-1.977	261.433
73.062	-1.904	261.439
73.086	-1.796	261.442
73.091	-1.648	261.411
73.088	-1.481	261.364
73.086	-1.288	261.301
73.072	-1.043	261.290
73.062	-0.752	261.269
73.052	-0.388	261.342
73.042	-0.014	261.410
73.024	0.428	261.422
73.021	0.891	261.447
73.025	1.390	261.462
73.018	1.877	261.435
73.017	2.389	261.456
73.008	2.889	261.482
73.001	3.351	261.526
72.922	4.195	261.611
72.924	4.530	261.633
72.931	4.772	261.643
72.937	4.902	261.640
72.946	4.895	261.655
72.950	4.778	261.651
72.955	4.512	261.662
72.957	4.107	261.644
72.960	3.616	261.591
72.955	3.035	261.547
73.084	2.398	262.067
72.950	1.599	261.497
73.084	0.893	262.010
73.074	0.001	261.933
73.066	-0.893	261.837
73.049	-1.719	261.740
72.952	-2.129	261.755
72.923	-1.991	261.844
72.920	-1.899	261.704
72.952	-1.775	261.577
73.001	-1.675	261.507
73.036	-1.555	261.440
73.071	-1.422	261.399
73.097	-1.302	261.427
73.106	-1.150	261.444
73.113	-0.954	261.456
73.110	-0.729	261.410
73.106	-0.497	261.338
73.094	-0.261	261.211
73.075	-0.055	261.207
73.063	0.177	261.276
73.041	0.415	261.371
73.020	0.658	261.412
73.010	0.922	261.442
73.004	1.166	261.439
73.014	1.400	261.426
73.017	1.626	261.423
73.020	1.826	261.426
73.021	2.002	261.432
73.022	2.151	261.450
73.005	2.258	261.446
73.005	2.323	261.442
73.001	2.345	261.462
73.002	2.308	261.452
73.011	2.238	261.465
73.015	2.086	261.490
72.998	1.876	261.473
73.006	1.632	261.489
73.008	1.329	261.487
73.001	0.949	261.441
73.020	0.569	261.413
73.019	0.111	261.426
73.023	-0.343	261.407
73.026	-0.876	261.400
73.047	-1.367	261.384
73.034	-1.858	261.421
73.024	-2.329	261.463
72.954	-2.271	261.534
72.932	-2.212	261.500
72.961	-2.134	261.421
72.979	-2.080	261.405
73.002	-2.034	261.409
73.032	-1.978	261.415
73.057	-1.935	261.434
73.070	-1.857	261.459
73.082	-1.740	261.465
73.091	-1.595	261.424
73.085	-1.440	261.341
73.070	-1.251	261.291
73.067	-0.997	261.285
73.068	-0.669	261.301
73.050	-0.310	261.367
73.035	0.085	261.427
73.031	0.539	261.412
73.018	0.987	261.426
73.021	1.486	261.424
73.026	1.968	261.419
73.012	2.455	261.466
73.009	2.941	261.502
72.983	3.369	261.510
72.974	3.761	261.558
72.922	4.512	261.629
72.931	4.719	261.642
72.936	4.829	261.645
72.940	4.824	261.657
72.947	4.690	261.661
72.953	4.436	261.656
72.951	4.043	261.630
72.949	3.549	261.579
72.948	2.957	261.545
73.077	2.339	262.041
72.942	1.566	261.481
73.076	0.853	262.011
73.076	-0.027	261.924
73.065	-0.919	261.841
73.043	-1.743	261.733
72.951	-2.132	261.750
72.925	-1.995	261.845
72.909	-1.908	261.706
72.943	-1.801	261.552
72.995	-1.695	261.506
73.029	-1.586	261.447
73.067	-1.457	261.408
73.100	-1.328	261.425
73.099	-1.158	261.437
73.104	-0.966	261.457
73.101	-0.725	261.416
73.091	-0.481	261.345
73.100	-0.253	261.223
73.077	-0.035	261.196
73.064	0.214	261.276
73.036	0.472	261.361
73.021	0.733	261.420
73.009	0.990	261.436
72.999	1.254	261.440
73.010	1.492	261.413
73.017	1.734	261.417
73.017	1.944	261.433
73.018	2.119	261.450
73.009	2.254	261.427
73.002	2.373	261.457
72.995	2.413	261.446
73.001	2.437	261.465
72.998	2.378	261.486
73.008	2.258	261.496
73.007	2.086	261.506
73.002	1.843	261.494
73.002	1.558	261.490
73.010	1.215	261.504
73.016	0.818	261.457
73.013	0.380	261.433
73.031	-0.093	261.441
73.023	-0.612	261.415
73.034	-1.143	261.379
73.034	-1.651	261.386
73.031	-2.154	261.432
72.952	-2.343	261.524
72.932	-2.236	261.519
72.938	-2.175	261.452
72.965	-2.097	261.426
72.996	-2.048	261.406
73.023	-1.985	261.409
73.047	-1.929	261.407
73.066	-1.860	261.428
73.074	-1.751	261.454
73.085	-1.603	261.421
73.080	-1.429	261.364
73.079	-1.221	261.286
73.071	-0.971	261.261
73.067	-0.669	261.273
73.058	-0.283	261.334
73.051	0.128	261.396
73.033	0.601	261.408
73.023	1.075	261.420
73.020	1.589	261.415
73.033	2.125	261.444
73.010	2.629	261.483
73.006	3.153	261.514
72.991	3.630	261.546
72.928	4.470	261.633
72.925	4.805	261.654
72.926	5.030	261.672
72.943	5.069	261.666
72.964	4.937	261.662
72.967	4.701	261.647
72.970	4.303	261.666
72.954	3.804	261.631
72.952	3.209	261.584
73.082	2.588	262.094
72.937	1.776	261.496
73.069	1.043	261.987
73.064	0.119	261.903
73.046	-0.791	261.811
73.042	-1.639	261.733
72.950	-2.143	261.753
72.917	-1.974	261.857
72.906	-1.877	261.722
72.939	-1.769	261.578
72.976	-1.653	261.505
73.021	-1.535	261.445
73.068	-1.384	261.403
73.083	-1.248	261.415
73.096	-1.091	261.431
73.105	-0.887	261.429
73.105	-0.660	261.404
73.101	-0.415	261.327
73.093	-0.192	261.250
73.083	0.054	261.230
73.076	0.293	261.259
73.047	0.563	261.381
73.027	0.818	261.438
73.016	1.085	261.461
73.019	1.350	261.456
73.017	1.593	261.414
73.023	1.830	261.419
73.022	2.037	261.418
73.019	2.216	261.442
73.006	2.375	261.445
73.000	2.490	261.461
72.992	2.552	261.467
72.984	2.547	261.462
72.992	2.506	261.471
72.993	2.420	261.486
72.994	2.239	261.486
73.003	2.021	261.511
73.001	1.727	261.504
72.998	1.382	261.508
73.001	0.983	261.458
73.008	0.548	261.424
73.007	0.068	261.428
73.014	-0.443	261.404
73.019	-1.007	261.387
73.036	-1.534	261.381
73.015	-2.051	261.411
72.968	-2.351	261.503
72.936	-2.228	261.551
72.931	-2.161	261.457
72.961	-2.071	261.430
72.992	-1.995	261.428
73.012	-1.914	261.417
73.042	-1.823	261.421
73.068	-1.700	261.427
73.082	-1.551	261.449
73.094	-1.356	261.439
73.087	-1.121	261.397
73.082	-0.860	261.310
73.094	-0.503	261.239
73.085	-0.150	261.258
73.057	0.268	261.332
73.035	0.702	261.369
73.019	1.187	261.429
73.018	1.716	261.431
73.019	2.213	261.460
72.998	2.692	261.470
73.007	3.181	261.517
72.993	3.629	261.554
72.930	4.444	261.628
72.923	4.735	261.651
72.927	4.936	261.676
72.929	5.007	261.673
72.933	4.949	261.662
72.938	4.747	261.649
72.947	4.421	261.657
72.945	3.975	261.637
72.940	3.441	261.594
72.943	2.786	261.568
73.070	2.117	262.093
73.064	1.236	261.943
73.045	0.361	261.858
73.034	-0.506	261.756
73.028	-1.366	261.674
73.021	-2.148	261.606
72.918	-2.109	261.726
72.896	-2.004	261.704
72.921	-1.869	261.569
72.959	-1.762	261.497
73.009	-1.616	261.476
73.053	-1.464	261.446
73.082	-1.322	261.421
73.092	-1.178	261.422
73.102	-0.993	261.425
73.104	-0.780	261.411
73.102	-0.542	261.359
73.098	-0.305	261.274
73.089	-0.108	261.210
73.079	0.121	261.229
73.057	0.372	261.317
73.029	0.613	261.391
73.020	0.874	261.446
73.007	1.111	261.449
73.015	1.347	261.434
73.010	1.575	261.417
73.027	1.785	261.411
73.023	1.969	261.416
73.016	2.116	261.438
73.002	2.227	261.445
72.989	2.296	261.435
72.992	2.316	261.439
72.989	2.292	261.466
72.999	2.220	261.471
73.003	2.093	261.490
72.996	1.902	261.508
73.007	1.660	261.500
73.004	1.373	261.495
72.997	1.012	261.482
73.011	0.629	261.425
73.013	0.196	261.418
73.014	-0.257	261.405
73.021	-0.756	261.375
73.030	-1.250	261.374
73.026	-1.724	261.401
73.013	-2.205	261.440
72.949	-2.304	261.521
72.932	-2.226	261.508
72.935	-2.166	261.437
72.957	-2.085	261.410
72.994	-2.027	261.417
73.023	-1.988	261.399
73.035	-1.925	261.415
73.057	-1.849	261.434
73.078	-1.740	261.447
73.080	-1.587	261.422
73.085	-1.416	261.351
73.080	-1.203	261.292
73.082	-0.958	261.277
73.073	-0.641	261.294
73.054	-0.274	261.354
73.034	0.114	261.403
73.037	0.566	261.404
73.024	1.026	261.423
73.023	1.508	261.441
73.022	2.004	261.435
73.017	2.490	261.481
72.998	2.974	261.506
72.979	3.405	261.524
72.919	4.206	261.634
72.921	4.549	261.632
72.925	4.757	261.647
72.934	4.866	261.646
72.936	4.833	261.660
72.943	4.699	261.662
72.949	4.438	261.653
72.954	4.023	261.645
72.952	3.531	261.589
72.951	2.940	261.550
73.080	2.323	262.071
72.943	1.525	261.493
73.071	0.825	262.017
73.066	-0.070	261.925
73.053	-0.934	261.834
73.039	-1.766	261.735
72.941	-2.127	261.762
72.917	-1.969	261.835
72.917	-1.884	261.700
72.945	-1.775	261.555
72.991	-1.676	261.502
73.029	-1.555	261.451
73.059	-1.419	261.409
73.089	-1.279	261.421
73.102	-1.112	261.439
73.106	-0.905	261.441
73.103	-0.669	261.399
73.096	-0.427	261.320
73.098	-0.181	261.237
73.078	0.056	261.222
73.066	0.306	261.270
73.040	0.584	261.381
73.021	0.855	261.442
73.007	1.119	261.479
73.013	1.405	261.472
73.007	1.648	261.421
73.005	1.882	261.413
73.022	2.105	261.430
73.010	2.282	261.436
72.994	2.416	261.432
73.003	2.532	261.467
72.994	2.561	261.453
72.988	2.544	261.455
72.991	2.471	261.483
72.997	2.348	261.493
73.001	2.153	261.494
72.992	1.869	261.466
73.003	1.572	261.498
73.005	1.174	261.451
73.011	0.759	261.436
73.007	0.280	261.408
73.010	-0.216	261.403
73.011	-0.757	261.386
73.029	-1.289	261.373
73.027	-1.810	261.402
73.017	-2.322	261.456
72.941	-2.262	261.544
72.926	-2.177	261.535
72.938	-2.114	261.430
72.977	-2.017	261.431
73.004	-1.950	261.432
73.033	-1.861	261.414
73.061	-1.763	261.424
73.079	-1.642	261.443
73.083	-1.477	261.464
73.085	-1.274	261.424
73.080	-1.045	261.361
73.082	-0.739	261.269
73.086	-0.412	261.216
73.065	-0.048	261.295
73.054	0.372	261.348
73.036	0.814	261.408
73.029	1.302	261.460
73.029	1.790	261.436
73.019	2.281	261.451
73.008	2.750	261.478
73.005	3.218	261.521
72.943	4.062	261.605
72.932	4.418	261.631
72.929	4.695	261.642
72.929	4.857	261.661
72.932	4.898	261.648
72.938	4.799	261.640
72.942	4.581	261.651
72.944	4.230	261.652
72.939	3.792	261.626
72.945	3.236	261.584
72.931	2.594	261.554
73.064	1.927	262.085
73.062	1.058	261.919
73.054	0.224	261.847
73.025	-0.657	261.730
73.015	-1.481	261.677
73.001	-2.203	261.615
72.916	-2.081	261.755
72.900	-1.991	261.677
72.922	-1.862	261.563
72.964	-1.737	261.480
73.003	-1.616	261.477
73.053	-1.450	261.432
73.074	-1.326	261.426
73.090	-1.160	261.414
73.098	-0.968	261.426
73.092	-0.751	261.394
73.096	-0.496	261.366
73.092	-0.249	261.262
73.080	-0.026	261.212
73.070	0.219	261.248
73.044	0.495	261.342
73.023	0.744	261.420
73.013	1.030	261.450
73.009	1.303	261.456
73.012	1.567	261.437
73.012	1.809	261.420
73.020	2.028	261.409
73.011	2.221	261.445
72.998	2.379	261.448
72.997	2.485	261.467
72.993	2.548	261.457
72.986	2.550	261.473
72.986	2.494	261.480
72.984	2.376	261.474
72.999	2.204	261.503
73.005	1.956	261.496
72.999	1.650	261.509
73.003	1.293	261.511
72.995	0.868	261.446
73.009	0.413	261.428
73.013	-0.092	261.437
73.017	-0.626	261.387
73.032	-1.160	261.375
73.032	-1.693	261.385
73.023	-2.211	261.442
72.936	-2.290	261.549
72.930	-2.188	261.555
72.939	-2.100	261.477
72.963	-2.006	261.437
72.996	-1.932	261.432
73.023	-1.827	261.413
73.059	-1.704	261.400
73.067	-1.574	261.429
73.081	-1.398	261.452
73.080	-1.161	261.423
73.086	-0.888	261.374
73.092	-0.558	261.283
73.091	-0.219	261.232
73.067	0.168	261.262
73.047	0.583	261.349
73.024	1.043	261.401
73.030	1.557	261.441
73.028	2.034	261.455
73.014	2.512	261.474
73.005	2.976	261.515
72.992	3.420	261.541
72.982	3.783	261.545
72.938	4.533	261.629
72.933	4.737	261.653
72.928	4.844	261.652
72.934	4.802	261.654
72.934	4.652	261.635
72.935	4.398	261.623
72.944	3.964	261.633
72.939	3.485	261.595
72.932	2.870	261.579
73.059	2.236	262.105
72.928	1.451	261.506
73.055	0.744	262.022
73.047	-0.137	261.923
73.038	-1.018	261.829
73.026	-1.828	261.718
72.937	-2.103	261.753
72.916	-1.974	261.821
72.927	-1.849	261.682
72.941	-1.749	261.570
72.984	-1.660	261.500
73.031	-1.527	261.460
73.063	-1.381	261.418
73.077	-1.238	261.415
73.092	-1.060	261.411
73.088	-0.849	261.411
73.095	-0.614	261.384
73.090	-0.366	261.292
73.091	-0.147	261.222
73.075	0.077	261.213
73.058	0.338	261.294
73.030	0.604	261.386
73.020	0.865	261.433
73.015	1.125	261.475
73.002	1.387	261.440
73.007	1.631	261.408
73.016	1.868	261.397
73.020	2.075	261.430
73.009	2.248	261.439
72.992	2.390	261.433
72.990	2.504	261.466
72.988	2.545	261.472
72.980	2.534	261.464
72.981	2.478	261.487
72.988	2.363	261.488
72.990	2.174	261.503
72.983	1.931	261.494
72.990	1.638	261.513
72.995	1.276	261.499
72.997	0.873	261.453
73.007	0.428	261.431
73.008	-0.066	261.414
73.016	-0.599	261.378
73.020	-1.131	261.370
73.026	-1.646	261.384
73.003	-2.175	261.418
72.928	-2.319	261.523
72.924	-2.211	261.546
72.930	-2.130	261.449
72.959	-2.051	261.446
72.990	-1.975	261.436
73.012	-1.891	261.415
73.041	-1.810	261.417
73.059	-1.695	261.427
73.072	-1.538	261.454
73.093	-1.331	261.425
73.083	-1.114	261.376
73.088	-0.813	261.282
73.092	-0.471	261.233
73.078	-0.101	261.280
73.050	0.325	261.344
73.033	0.755	261.380
73.022	1.267	261.439
73.024	1.768	261.452
73.016	2.273	261.476
73.005	2.766	261.494
72.999	3.255	261.515
72.990	3.691	261.544
72.930	4.503	261.627
72.927	4.778	261.664
72.923	5.000	261.661
72.928	5.054	261.663
72.935	4.979	261.664
72.940	4.771	261.656
72.944	4.441	261.658
72.946	3.987	261.630
72.940	3.439	261.598
72.933	2.783	261.564
73.065	2.109	262.082
73.053	1.222	261.934
73.042	0.366	261.848
73.023	-0.517	261.745
73.016	-1.372	261.672
73.005	-2.151	261.581
72.907	-2.088	261.725
72.888	-1.985	261.695
72.912	-1.870	261.569
72.945	-1.748	261.494
73.002	-1.609	261.478
73.041	-1.455	261.435
73.069	-1.318	261.425
73.085	-1.164	261.428
73.097	-0.978	261.437
73.099	-0.738	261.398
73.103	-0.491	261.359
73.090	-0.254	261.285
73.079	-0.073	261.210
73.070	0.188	261.238
73.054	0.448	261.334
73.030	0.686	261.403
73.012	0.932	261.457
73.006	1.187	261.460
73.006	1.430	261.440
73.010	1.647	261.419
73.006	1.853	261.410
73.015	2.042	261.418
73.009	2.177	261.451
72.990	2.282	261.421
72.989	2.367	261.445
72.987	2.393	261.453
72.981	2.376	261.469
72.989	2.285	261.476
73.005	2.178	261.493
72.987	1.961	261.496
72.998	1.721	261.503
73.006	1.450	261.489
72.999	1.072	261.474
73.001	0.671	261.412
73.007	0.245	261.400
73.013	-0.217	261.409
73.018	-0.708	261.390
73.024	-1.223	261.366
73.020	-1.699	261.400
73.010	-2.185	261.440
72.947	-2.316	261.523
72.928	-2.234	261.501
72.936	-2.154	261.453
72.960	-2.070	261.415
72.990	-2.030	261.431
73.018	-1.977	261.412
73.044	-1.917	261.410
73.057	-1.845	261.433
73.072	-1.730	261.450
73.081	-1.596	261.425
73.090	-1.410	261.346
73.083	-1.222	261.290
73.083	-0.955	261.292
73.072	-0.637	261.285
73.051	-0.286	261.348
73.036	0.118	261.403
73.027	0.570	261.397
73.020	1.036	261.403
73.021	1.533	261.429
73.027	2.014	261.432
73.005	2.505	261.469
73.002	2.992	261.480
72.984	3.436	261.510
72.918	4.250	261.633
72.920	4.600	261.638
72.923	4.846	261.649
72.931	4.981	261.654
72.939	4.972	261.674
72.945	4.873	261.666
72.950	4.617	261.665
72.951	4.253	261.633
72.954	3.761	261.593
72.948	3.162	261.562
73.080	2.550	262.081
72.936	1.757	261.498
73.071	1.046	262.015
73.061	0.142	261.916
73.037	-0.746	261.830
73.036	-1.576	261.732
72.963	-2.137	261.735
72.904	-1.999	261.846
72.896	-1.901	261.721
72.917	-1.800	261.576
72.967	-1.683	261.500
73.016	-1.572	261.447
73.056	-1.437	261.401
73.079	-1.290	261.419
73.090	-1.143	261.434
73.099	-0.935	261.446
73.102	-0.703	261.419
73.095	-0.451	261.350
73.091	-0.219	261.249
73.072	-0.004	261.200
73.057	0.255	261.255
73.034	0.532	261.379
73.019	0.789	261.420
73.002	1.062	261.468
72.999	1.325	261.453
72.997	1.568	261.434
73.010	1.804	261.426
73.006	2.010	261.413
73.014	2.207	261.462
72.995	2.353	261.428
72.989	2.474	261.439
72.983	2.523	261.440
72.994	2.551	261.471
72.987	2.490	261.473
72.985	2.389	261.494
72.994	2.242	261.503
72.992	2.015	261.503
72.997	1.749	261.509
73.000	1.409	261.498
72.990	0.997	261.440
73.005	0.562	261.413
73.006	0.083	261.433
73.018	-0.412	261.404
73.012	-0.969	261.387
73.024	-1.485	261.379
73.012	-2.013	261.416
72.960	-2.327	261.497
72.929	-2.210	261.539
72.916	-2.142	261.475
72.949	-2.046	261.439
72.984	-1.987	261.430
73.008	-1.923	261.424
73.030	-1.842	261.414
73.061	-1.747	261.429
73.074	-1.615	261.453
73.085	-1.442	261.445
73.079	-1.243	261.402
73.070	-1.006	261.314
73.072	-0.704	261.252
73.075	-0.340	261.248
73.055	0.029	261.327
73.032	0.441	261.367
73.023	0.922	261.419
73.026	1.433	261.443
73.019	1.920	261.429
73.020	2.421	261.473
73.017	2.925	261.504
73.003	3.381	261.523
72.989	3.804	261.531
72.925	4.598	261.619
72.924	4.852	261.645
72.928	4.999	261.657
72.930	5.029	261.640
72.938	4.904	261.650
72.939	4.650	261.647
72.945	4.288	261.642
72.943	3.794	261.620
72.944	3.218	261.573
72.935	2.538	261.545
73.074	1.850	262.054
73.071	0.975	261.900
73.053	0.099	261.844
73.037	-0.783	261.750
73.034	-1.614	261.676
72.966	-2.185	261.653
72.912	-2.043	261.770
72.913	-1.929	261.670
72.936	-1.810	261.556
72.978	-1.701	261.455
73.027	-1.544	261.461
73.062	-1.387	261.415
73.090	-1.255	261.419
73.094	-1.095	261.422
73.108	-0.891	261.433
73.101	-0.647	261.410
73.090	-0.407	261.327
73.095	-0.178	261.251
73.078	0.047	261.219
73.065	0.291	261.255
73.046	0.552	261.364
73.020	0.791	261.424
73.014	1.048	261.456
73.007	1.298	261.459
73.003	1.523	261.423
73.009	1.754	261.415
73.005	1.947	261.428
73.011	2.129	261.443
72.988	2.242	261.447
72.982	2.354	261.451
72.979	2.385	261.452
72.979	2.382	261.468
72.971	2.338	261.470
72.983	2.237	261.491
72.989	2.075	261.489
72.982	1.841	261.487
72.983	1.570	261.491
72.986	1.228	261.489
72.998	0.860	261.472
73.000	0.433	261.438
72.999	-0.020	261.423
73.001	-0.525	261.389
73.008	-1.035	261.382
73.017	-1.528	261.374
73.005	-2.027	261.432
72.964	-2.353	261.498
72.912	-2.257	261.528
72.902	-2.192	261.476
72.931	-2.131	261.414
72.975	-2.068	261.418
72.997	-2.015	261.407
73.018	-1.964	261.410
73.040	-1.902	261.429
73.059	-1.814	261.456
73.067	-1.679	261.446
73.072	-1.522	261.384
73.070	-1.333	261.295
73.067	-1.094	261.280
73.067	-0.806	261.286
73.050	-0.458	261.312
73.043	-0.063	261.382
73.028	0.380	261.387
73.026	0.847	261.409
73.016	1.351	261.439
73.019	1.873	261.432
73.010	2.371	261.447
73.002	2.883	261.479
72.982	3.377	261.521
72.918	4.258	261.612
72.919	4.635	261.644
72.921	4.926	261.658
72.924	5.116	261.661
72.947	5.120	261.657
72.959	4.978	261.673
72.963	4.708	261.668
72.965	4.301	261.663
72.957	3.790	261.619
72.950	3.189	261.569
73.079	2.559	262.084
72.935	1.758	261.476
73.074	1.016	261.969
73.068	0.094	261.903
73.050	-0.819	261.819
73.040	-1.672	261.745
72.946	-2.086	261.782
72.917	-1.927	261.862
72.918	-1.845	261.706
72.937	-1.736	261.552
72.986	-1.609	261.489
73.028	-1.502	261.436
73.070	-1.340	261.403
73.095	-1.191	261.404
73.102	-1.040	261.442
73.110	-0.825	261.433
73.111	-0.601	261.408
73.098	-0.346	261.330
73.092	-0.134	261.239
73.080	0.098	261.226
73.054	0.310	261.255
73.033	0.571	261.378
73.022	0.817	261.443
73.002	1.050	261.463
72.998	1.291	261.453
73.001	1.521	261.430
73.007	1.722	261.418
73.009	1.902	261.400
73.013	2.077	261.430
73.002	2.212	261.452
72.988	2.285	261.427
72.986	2.349	261.451
72.980	2.340	261.459
72.988	2.304	261.467
72.990	2.215	261.497
72.991	2.060	261.489
72.985	1.848	261.482
72.987	1.591	261.487
72.992	1.280	261.503
72.991	0.918	261.473
72.996	0.520	261.415
73.001	0.083	261.434
73.008	-0.371	261.418
73.004	-0.901	261.393
73.019	-1.379	261.388
73.011	-1.861	261.417
73.003	-2.321	261.457
72.926	-2.289	261.510
72.910	-2.223	261.488
72.925	-2.162	261.405
72.959	-2.079	261.409
72.985	-2.035	261.427
73.005	-1.984	261.407
73.033	-1.927	261.420
73.057	-1.846	261.450
73.069	-1.722	261.459
73.074	-1.574	261.418
73.075	-1.404	261.345
73.067	-1.179	261.292
73.063	-0.921	261.276
73.063	-0.599	261.323
73.039	-0.239	261.362
73.027	0.161	261.409
73.025	0.601	261.402
73.018	1.053	261.414
73.017	1.538	261.439
73.021	2.009	261.435
73.013	2.485	261.473
72.999	2.932	261.503
72.993	3.353	261.514
72.978	3.728	261.552
72.930	4.436	261.643
72.931	4.664	261.637
72.935	4.773	261.638
72.939	4.766	261.645
72.948	4.642	261.660
72.955	4.407	261.659
72.955	4.033	261.625
72.959	3.557	261.577
72.955	2.981	261.544
73.083	2.386	262.077
72.952	1.624	261.491
73.089	0.932	262.023
73.074	0.065	261.936
73.060	-0.809	261.843
73.055	-1.627	261.740
72.978	-2.120	261.743
72.922	-1.997	261.842
72.917	-1.906	261.717
72.943	-1.799	261.569
72.984	-1.708	261.484
73.020	-1.601	261.444
73.053	-1.461	261.410
73.095	-1.326	261.417
73.096	-1.165	261.431
73.097	-0.982	261.453
73.098	-0.757	261.420
73.088	-0.514	261.360
73.087	-0.285	261.218
73.076	-0.058	261.209
73.056	0.175	261.276
73.030	0.435	261.348
73.011	0.700	261.419
72.995	0.959	261.452
72.991	1.226	261.432
72.994	1.464	261.436
73.000	1.707	261.423
73.001	1.918	261.426
73.013	2.109	261.430
72.993	2.270	261.416
72.992	2.399	261.440
72.985	2.471	261.456
72.978	2.482	261.451
72.975	2.454	261.474
72.985	2.376	261.487
72.992	2.252	261.485
72.995	2.046	261.498
72.986	1.784	261.496
72.985	1.469	261.482
72.992	1.096	261.453
72.990	0.699	261.405
73.001	0.243	261.424
73.009	-0.236	261.415
73.002	-0.765	261.412
73.017	-1.282	261.374
73.010	-1.789	261.401
73.014	-2.282	261.454
72.935	-2.267	261.522
72.911	-2.192	261.497
72.928	-2.125	261.424
72.966	-2.042	261.424
72.987	-2.008	261.423
73.013	-1.949	261.420
73.036	-1.891	261.441
73.056	-1.788	261.436
73.063	-1.681	261.465
73.070	-1.515	261.421
73.074	-1.337	261.352
73.070	-1.104	261.287
73.061	-0.831	261.282
73.056	-0.490	261.297
73.042	-0.104	261.366
73.020	0.307	261.377
73.018	0.768	261.399
73.004	1.264	261.433
73.016	1.768	261.424
73.009	2.272	261.456
73.000	2.750	261.466
72.999	3.263	261.528
72.926	4.144	261.589
72.918	4.526	261.619
72.921	4.819	261.645
72.928	4.998	261.664
72.929	5.066	261.663
72.943	5.013	261.660
72.941	4.827	261.663
72.949	4.493	261.658
72.946	4.032	261.632
72.944	3.489	261.572
72.939	2.853	261.538
73.077	2.164	262.061
73.081	1.300	261.921
73.058	0.424	261.854
73.039	-0.460	261.758
73.036	-1.307	261.680
73.026	-2.102	261.591
72.917	-2.061	261.749
72.898	-1.963	261.726
72.907	-1.851	261.583
72.955	-1.722	261.487
72.998	-1.604	261.452
73.049	-1.454	261.423
73.081	-1.310	261.406
73.085	-1.170	261.421
73.104	-1.007	261.456
73.106	-0.768	261.413
73.094	-0.551	261.377
73.090	-0.309	261.290
73.092	-0.113	261.214
73.078	0.108	261.233
73.050	0.355	261.328
73.024	0.584	261.397
73.013	0.832	261.441
73.000	1.050	261.441
72.993	1.309	261.436
72.996	1.506	261.423
73.007	1.715	261.405
73.005	1.899	261.418
73.005	2.061	261.425
72.997	2.172	261.434
72.990	2.245	261.448
72.990	2.289	261.462
72.975	2.250	261.448
72.984	2.202	261.473
72.997	2.089	261.489
72.988	1.909	261.473
72.991	1.707	261.512
72.987	1.417	261.486
72.993	1.081	261.462
72.996	0.716	261.430
72.992	0.300	261.414
73.004	-0.144	261.413
73.013	-0.612	261.410
73.018	-1.114	261.382
73.026	-1.582	261.397
73.008	-2.054	261.438
72.959	-2.353	261.486
72.926	-2.258	261.525
72.921	-2.197	261.452
72.934	-2.126	261.434
72.973	-2.076	261.420
73.007	-2.017	261.414
73.024	-1.953	261.417
73.044	-1.887	261.441
73.064	-1.775	261.457
73.071	-1.634	261.455
73.070	-1.465	261.388
73.069	-1.258	261.317
73.057	-1.023	261.280
73.063	-0.713	261.270
73.035	-0.382	261.317
73.028	0.014	261.387
73.021	0.448	261.415
73.014	0.891	261.420
73.011	1.392	261.433
73.012	1.864	261.430
73.005	2.358	261.464
72.995	2.820	261.485
72.987	3.287	261.517
72.976	3.695	261.547
72.913	4.468	261.624
72.916	4.702	261.643
72.916	4.868	261.631
72.926	4.875	261.651
72.931	4.774	261.662
72.941	4.565	261.659
72.939	4.214	261.646
72.936	3.760	261.604
72.938	3.213	261.548
73.076	2.603	262.069
72.930	1.848	261.499
73.071	1.139	262.000
73.068	0.258	261.942
73.050	-0.611	261.829
73.039	-1.435	261.741
73.007	-2.137	261.680
72.921	-2.010	261.826
72.913	-1.919	261.719
72.936	-1.810	261.583
72.966	-1.707	261.513
73.014	-1.595	261.456
73.059	-1.447	261.405
73.083	-1.315	261.417
73.098	-1.158	261.432
73.111	-0.964	261.444
73.097	-0.748	261.412
73.096	-0.507	261.350
73.096	-0.249	261.268
73.081	-0.054	261.198
73.065	0.199	261.246
73.037	0.448	261.340
73.022	0.698	261.409
73.006	0.962	261.455
72.996	1.201	261.458
73.002	1.458	261.436
73.005	1.682	261.418
73.012	1.873	261.401
73.009	2.068	261.425
73.003	2.212	261.428
72.989	2.315	261.441
72.990	2.398	261.458
72.978	2.407	261.458
72.975	2.372	261.471
72.991	2.293	261.474
72.989	2.141	261.490
72.985	1.931	261.482
72.990	1.673	261.494
72.988	1.362	261.492
72.992	1.003	261.468
72.995	0.594	261.422
72.998	0.131	261.424
73.007	-0.335	261.405
72.997	-0.858	261.375
73.017	-1.368	261.386
73.014	-1.862	261.421
73.003	-2.315	261.449
72.921	-2.259	261.537
72.907	-2.190	261.503
72.927	-2.121	261.423
72.959	-2.047	261.418
72.982	-2.007	261.412
73.011	-1.955	261.409
73.032	-1.891	261.420
73.052	-1.816	261.451
73.060	-1.696	261.452
73.067	-1.538	261.403
73.067	-1.362	261.327
73.057	-1.147	261.271
73.052	-0.887	261.271
73.053	-0.560	261.303
73.041	-0.189	261.360
73.026	0.213	261.400
73.010	0.645	261.393
73.001	1.126	261.432
73.012	1.610	261.417
73.027	2.122	261.450
73.003	2.584	261.467
72.993	3.083	261.496
72.928	3.949	261.591
72.916	4.338	261.619
72.919	4.644	261.637
72.925	4.863	261.651
72.931	4.983	261.650
72.937	4.945	261.676
72.940	4.811	261.679
72.948	4.531	261.662
72.949	4.127	261.637
72.942	3.633	261.581
72.943	3.007	261.565
72.937	2.358	261.513
72.939	1.583	261.498
73.080	0.867	262.031
72.934	0.032	261.470
73.078	-0.734	262.025
73.067	-1.622	261.921
72.970	-1.962	261.918
72.943	-1.846	261.980
72.938	-1.779	261.809
72.961	-1.679	261.659
73.011	-1.570	261.583
73.048	-1.469	261.531
73.078	-1.354	261.440
73.094	-1.256	261.420
73.103	-1.084	261.433
73.104	-0.877	261.433
73.098	-0.649	261.408
73.095	-0.398	261.334
73.090	-0.173	261.225
73.077	0.042	261.222
73.060	0.294	261.261
73.035	0.542	261.376
73.013	0.787	261.428
73.005	1.052	261.449
73.000	1.289	261.454
73.004	1.528	261.417
73.002	1.727	261.419
73.011	1.946	261.412
73.009	2.110	261.440
73.003	2.248	261.434
72.992	2.351	261.464
72.990	2.399	261.449
72.977	2.402	261.455
72.976	2.356	261.465
72.986	2.260	261.483
72.991	2.101	261.498
72.982	1.878	261.483
72.984	1.610	261.490
72.991	1.305	261.485
72.987	0.925	261.462
72.995	0.515	261.422
72.996	0.061	261.425
73.005	-0.404	261.386
73.002	-0.936	261.384
73.015	-1.423	261.385
73.009	-1.923	261.430
72.985	-2.347	261.467
72.912	-2.257	261.523
72.907	-2.190	261.481
72.932	-2.113	261.425
72.962	-2.048	261.413
72.990	-2.007	261.415
73.011	-1.962	261.409
73.032	-1.910	261.429
73.048	-1.814	261.450
73.056	-1.694	261.449
73.065	-1.541	261.398
73.058	-1.373	261.321
73.057	-1.146	261.285
73.049	-0.880	261.281
73.038	-0.551	261.307
73.035	-0.160	261.369
73.020	0.260	261.417
73.008	0.711	261.402
72.997	1.198	261.417
73.015	1.702	261.404
73.015	2.202	261.446
72.987	2.667	261.441
72.992	3.176	261.511
72.927	4.051	261.587
72.927	4.407	261.634
72.927	4.729	261.630
72.935	4.930	261.654
72.942	5.007	261.671
72.948	4.967	261.684
72.950	4.822	261.674
72.951	4.515	261.669
72.951	4.095	261.636
72.947	3.575	261.583
72.943	2.947	261.557
73.067	2.293	262.070
73.069	1.430	261.949
73.063	0.575	261.842
73.044	-0.287	261.761
73.042	-1.150	261.697
73.019	-1.982	261.606
72.921	-2.102	261.698
72.902	-1.965	261.727
72.902	-1.883	261.591
72.942	-1.749	261.477
73.001	-1.596	261.456
73.041	-1.451	261.431
73.082	-1.312	261.412
73.101	-1.180	261.430
73.102	-0.995	261.442
73.095	-0.791	261.440
73.103	-0.548	261.400
73.094	-0.319	261.301
73.083	-0.128	261.204
73.068	0.097	261.211
73.039	0.332	261.292
73.025	0.572	261.386
73.000	0.799	261.435
72.990	1.033	261.449
72.982	1.263	261.441
72.989	1.478	261.425
72.998	1.683	261.400
72.995	1.863	261.389
72.994	2.020	261.426
72.988	2.138	261.432
72.975	2.206	261.430
72.974	2.255	261.442
72.975	2.256	261.441
72.984	2.211	261.465
72.991	2.126	261.495
72.984	1.964	261.497
72.987	1.756	261.510
72.991	1.504	261.504
72.984	1.192	261.511
72.992	0.837	261.451
73.005	0.457	261.432
73.003	0.026	261.442
73.014	-0.418	261.406
73.007	-0.931	261.372
73.034	-1.376	261.397
73.019	-1.839	261.435
73.007	-2.281	261.458
72.933	-2.277	261.512
72.920	-2.216	261.491
72.938	-2.150	261.422
72.970	-2.078	261.404
72.989	-2.038	261.415
73.018	-1.985	261.408
73.038	-1.913	261.424
73.053	-1.828	261.446
73.063	-1.704	261.453
73.066	-1.537	261.411
73.071	-1.375	261.342
73.064	-1.166	261.295
73.060	-0.911	261.277
73.047	-0.605	261.311
73.037	-0.245	261.367
73.021	0.133	261.407
73.023	0.566	261.415
73.011	0.995	261.427
73.019	1.447	261.432
73.006	1.868	261.412
73.005	2.349	261.474
72.991	2.770	261.461
72.990	3.179	261.497
72.974	3.516	261.513
72.966	3.792	261.559
72.930	4.394	261.633
72.934	4.489	261.645
72.942	4.472	261.642
72.949	4.342	261.644
72.946	4.093	261.642
72.947	3.732	261.616
72.949	3.282	261.564
72.941	2.720	261.526
73.072	2.153	262.051
73.072	1.360	261.917
73.059	0.572	261.834
73.054	-0.217	261.748
73.036	-1.049	261.671
73.032	-1.803	261.608
72.939	-2.197	261.631
72.906	-2.046	261.729
72.909	-1.968	261.584
72.932	-1.862	261.458
72.982	-1.761	261.449
73.019	-1.657	261.431
73.058	-1.555	261.404
73.086	-1.478	261.421
73.099	-1.363	261.449
73.091	-1.231	261.474
73.095	-1.074	261.426
73.079	-0.927	261.347
73.077	-0.754	261.236
73.068	-0.562	261.229
73.042	-0.368	261.303
73.023	-0.149	261.390
73.000	0.084	261.429
72.996	0.337	261.429
73.005	0.595	261.402
73.004	0.836	261.424
72.998	1.068	261.404
72.991	1.301	261.420
73.007	1.519	261.399
73.009	1.730	261.422
72.994	1.883	261.415
72.990	2.041	261.434
72.988	2.162	261.441
72.984	2.211	261.445
72.984	2.277	261.471
72.983	2.249	261.485
72.991	2.178	261.499
72.989	2.050	261.499
72.978	1.860	261.474
72.993	1.641	261.476
73.003	1.345	261.465
73.008	1.013	261.420
73.012	0.630	261.382
73.015	0.205	261.406
73.020	-0.227	261.396
73.016	-0.725	261.404
73.022	-1.211	261.402
73.014	-1.695	261.410
73.003	-2.170	261.414
72.948	-2.288	261.473
72.929	-2.210	261.488
72.933	-2.168	261.418
72.962	-2.083	261.419
72.988	-2.034	261.433
73.019	-1.976	261.440
73.038	-1.908	261.441
73.056	-1.830	261.441
73.066	-1.708	261.446
73.069	-1.560	261.413
73.066	-1.392	261.365
73.063	-1.173	261.296
73.051	-0.924	261.288
73.044	-0.634	261.298
73.027	-0.278	261.340
73.015	0.088	261.410
73.003	0.518	261.413
73.001	0.965	261.447
73.003	1.433	261.451
73.018	1.895	261.426
73.010	2.369	261.446
73.002	2.801	261.452
73.000	3.242	261.505
72.984	3.626	261.531
72.925	4.333	261.624
72.930	4.545	261.638
72.935	4.662	261.640
72.942	4.684	261.634
72.946	4.577	261.643
72.950	4.350	261.644
72.944	4.014	261.614
72.947	3.526	261.581
72.940	2.979	261.534
73.078	2.387	262.032
72.945	1.653	261.465
73.075	0.968	262.001
73.074	0.107	261.916
73.067	-0.762	261.813
73.060	-1.571	261.725
72.982	-2.106	261.734
72.930	-1.975	261.848
72.918	-1.899	261.705
72.945	-1.770	261.566
72.987	-1.674	261.492
73.029	-1.584	261.441
73.060	-1.453	261.401
73.087	-1.342	261.423
73.090	-1.205	261.440
73.104	-1.032	261.462
73.092	-0.821	261.416
73.087	-0.608	261.359
73.081	-0.397	261.230
73.071	-0.189	261.211
73.048	0.037	261.276
73.025	0.291	261.380
73.008	0.547	261.419
73.003	0.804	261.442
72.997	1.067	261.439
72.992	1.313	261.416
72.993	1.558	261.426
73.006	1.787	261.430
73.006	1.976	261.412
73.007	2.162	261.447
72.995	2.297	261.431
72.988	2.406	261.453
72.985	2.440	261.450
72.991	2.441	261.467
72.984	2.363	261.467
72.996	2.256	261.497
72.993	2.080	261.496
72.986	1.829	261.492
72.991	1.530	261.480
72.993	1.169	261.456
73.005	0.762	261.417
73.016	0.333	261.412
73.012	-0.160	261.410
73.010	-0.678	261.394
73.024	-1.192	261.375
73.019	-1.703	261.386
73.008	-2.206	261.419
72.933	-2.278	261.512
72.914	-2.187	261.513
72.925	-2.112	261.436
72.945	-2.042	261.419
72.980	-1.988	261.424
73.005	-1.937	261.414
73.034	-1.877	261.415
73.043	-1.797	261.447
73.053	-1.677	261.465
73.059	-1.529	261.438
73.063	-1.354	261.365
73.046	-1.158	261.286
73.043	-0.893	261.272
73.038	-0.577	261.302
73.028	-0.209	261.352
73.011	0.190	261.409
73.003	0.641	261.397
72.999	1.114	261.437
73.001	1.649	261.436
73.002	2.148	261.449
72.988	2.632	261.480
72.984	3.133	261.492
72.973	3.600	261.532
72.903	4.448	261.626
72.903	4.779	261.633
72.908	4.984	261.664
72.915	5.069	261.664
72.928	5.050	261.665
72.927	4.883	261.674
72.934	4.584	261.666
72.934	4.172	261.627
72.929	3.637	261.584
72.933	3.002	261.549
73.062	2.352	262.049
73.059	1.485	261.929
73.051	0.615	261.813
73.043	-0.236	261.733
73.034	-1.117	261.659
73.016	-1.929	261.574
72.919	-2.099	261.673
72.902	-1.950	261.710
72.906	-1.858	261.592
72.930	-1.746	261.466
72.990	-1.589	261.448
73.043	-1.434	261.428
73.077	-1.289	261.397
73.088	-1.151	261.418
73.099	-0.981	261.437
73.100	-0.760	261.442
73.099	-0.522	261.399
73.095	-0.279	261.309
73.088	-0.072	261.213
73.084	0.166	261.218
73.060	0.406	261.281
73.020	0.655	261.394
73.018	0.917	261.471
73.012	1.162	261.470
73.003	1.403	261.463
73.009	1.637	261.434
73.021	1.851	261.418
73.012	2.037	261.437
73.012	2.198	261.461
72.993	2.307	261.443
72.997	2.394	261.438
72.985	2.432	261.454
72.983	2.397	261.452
72.997	2.337	261.464
72.995	2.223	261.484
72.995	2.031	261.483
72.999	1.798	261.498
72.997	1.489	261.480
72.989	1.128	261.473
72.998	0.747	261.437
73.002	0.309	261.413
73.016	-0.161	261.409
73.013	-0.657	261.390
73.027	-1.169	261.357
73.025	-1.662	261.389
73.011	-2.160	261.436
72.938	-2.306	261.506
72.918	-2.215	261.519
72.931	-2.137	261.440
72.937	-2.072	261.424
72.977	-2.023	261.413
73.000	-1.981	261.408
73.022	-1.936	261.425
73.041	-1.874	261.441
73.053	-1.778	261.466
73.056	-1.652	261.436
73.062	-1.481	261.357
73.049	-1.307	261.288
73.043	-1.065	261.280
73.029	-0.791	261.273
73.025	-0.432	261.352
73.014	-0.059	261.417
73.000	0.363	261.399
72.994	0.823	261.423
72.996	1.315	261.438
72.993	1.790	261.425
72.989	2.273	261.447
72.980	2.742	261.472
72.972	3.202	261.499
72.957	3.633	261.538
72.900	4.413	261.637
72.905	4.686	261.644
72.907	4.875	261.654
72.917	4.926	261.665
72.925	4.862	261.673
72.929	4.695	261.657
72.937	4.353	261.660
72.936	3.921	261.621
72.936	3.406	261.559
72.932	2.782	261.525
73.061	2.120	262.061
73.064	1.259	261.934
73.057	0.415	261.846
73.036	-0.441	261.747
73.026	-1.291	261.669
73.010	-2.084	261.574
72.911	-2.088	261.715
72.895	-1.980	261.698
72.909	-1.863	261.579
72.940	-1.748	261.465
73.007	-1.619	261.452
73.042	-1.472	261.410
73.075	-1.351	261.411
73.092	-1.193	261.416
73.105	-1.019	261.438
73.094	-0.817	261.424
73.097	-0.573	261.382
73.093	-0.333	261.278
73.084	-0.125	261.220
73.068	0.092	261.216
73.046	0.350	261.341
73.022	0.597	261.406
73.007	0.843	261.449
73.004	1.083	261.447
72.996	1.341	261.450
73.003	1.560	261.422
73.015	1.772	261.426
73.008	1.967	261.425
73.011	2.126	261.441
72.999	2.245	261.438
72.992	2.340	261.443
72.986	2.381	261.449
72.984	2.370	261.470
72.982	2.305	261.461
72.996	2.228	261.498
72.992	2.046	261.495
72.993	1.835	261.494
72.985	1.540	261.476
72.995	1.218	261.481
73.003	0.841	261.448
72.999	0.436	261.419
73.009	-0.024	261.411
73.003	-0.503	261.377
73.015	-1.007	261.387
73.013	-1.507	261.375
73.012	-1.989	261.428
72.965	-2.327	261.468
72.918	-2.233	261.501
72.914	-2.168	261.471
72.935	-2.096	261.421
72.963	-2.053	261.409
72.994	-1.992	261.400
73.015	-1.951	261.405
73.031	-1.892	261.427
73.047	-1.797	261.444
73.054	-1.666	261.439
73.055	-1.527	261.398
73.055	-1.353	261.308
73.046	-1.124	261.284
73.038	-0.843	261.263
73.028	-0.525	261.309
73.021	-0.141	261.394
73.003	0.276	261.409
73.001	0.724	261.404
72.990	1.206	261.416
72.995	1.681	261.433
72.994	2.181	261.454
72.983	2.646	261.480
72.980	3.122	261.505
72.964	3.545	261.504
72.903	4.355	261.616
72.913	4.618	261.651
72.918	4.837	261.640
72.924	4.909	261.661
72.926	4.868	261.669
72.936	4.716	261.658
72.942	4.409	261.659
72.936	3.979	261.631
72.937	3.471	261.569
72.935	2.856	261.544
73.074	2.221	262.086
73.070	1.366	261.943
73.053	0.512	261.833
73.037	-0.339	261.753
73.033	-1.183	261.679
73.019	-1.971	261.602
72.921	-2.094	261.689
72.901	-1.972	261.728
72.906	-1.883	261.565
72.942	-1.763	261.463
72.993	-1.631	261.459
73.036	-1.495	261.429
73.072	-1.355	261.409
73.090	-1.212	261.417
73.090	-1.046	261.438
73.093	-0.832	261.435
73.097	-0.610	261.391
73.091	-0.358	261.292
73.090	-0.151	261.214
73.065	0.066	261.230
73.045	0.301	261.293
73.029	0.555	261.394
73.018	0.789	261.427
72.998	1.035	261.441
72.995	1.287	261.432
73.008	1.520	261.416
73.018	1.743	261.417
73.013	1.911	261.404
73.013	2.074	261.434
72.998	2.205	261.428
72.990	2.290	261.431
72.989	2.348	261.428
72.995	2.359	261.460
72.991	2.312	261.472
73.003	2.214	261.462
73.000	2.049	261.487
72.990	1.834	261.477
72.992	1.562	261.488
73.001	1.250	261.473
73.007	0.883	261.454
73.009	0.475	261.426
73.010	0.031	261.435
73.006	-0.445	261.387
73.015	-0.955	261.389
73.023	-1.444	261.396
73.010	-1.933	261.440
72.990	-2.331	261.472
72.923	-2.245	261.533
72.914	-2.169	261.490
72.930	-2.110	261.436
72.965	-2.044	261.408
72.985	-2.007	261.420
73.008	-1.964	261.410
73.029	-1.888	261.422
73.046	-1.813	261.466
73.052	-1.682	261.450
73.053	-1.522	261.399
73.051	-1.356	261.318
73.048	-1.129	261.272
73.036	-0.870	261.273
73.024	-0.542	261.312
73.019	-0.163	261.368
73.001	0.238	261.407
72.997	0.680	261.394
72.991	1.145	261.424
72.994	1.640	261.418
73.000	2.130	261.449
72.977	2.588	261.465
72.976	3.072	261.501
72.957	3.489	261.519
72.949	3.842	261.545
72.916	4.552	261.638
72.919	4.745	261.648
72.923	4.842	261.656
72.931	4.820	261.666
72.932	4.675	261.671
72.944	4.382	261.675
72.938	4.002	261.629
72.936	3.507	261.562
72.934	2.910	261.532
73.061	2.281	262.074
73.058	1.436	261.948
73.055	0.593	261.819
73.043	-0.235	261.754
73.028	-1.093	261.692
73.014	-1.894	261.599
72.913	-2.130	261.678
72.895	-1.987	261.734
72.890	-1.888	261.604
72.924	-1.785	261.475
72.972	-1.637	261.456
73.023	-1.492	261.434
73.062	-1.367	261.405
73.081	-1.229	261.426
73.089	-1.062	261.437
73.088	-0.856	261.443
73.088	-0.620	261.390
73.076	-0.360	261.295
73.085	-0.146	261.227
73.059	0.073	261.207
73.044	0.332	261.294
73.021	0.596	261.369
73.012	0.863	261.440
72.998	1.138	261.451
73.000	1.397	261.437
72.999	1.649	261.419
73.006	1.888	261.403
73.012	2.103	261.425
73.005	2.281	261.453
72.990	2.411	261.412
72.988	2.538	261.430
72.986	2.585	261.438
72.988	2.597	261.456
72.983	2.539	261.463
72.984	2.419	261.462
73.000	2.266	261.502
72.995	2.023	261.483
72.988	1.732	261.487
72.995	1.379	261.485
72.999	0.970	261.446
73.004	0.515	261.411
73.012	0.043	261.415
73.017	-0.480	261.411
73.025	-1.052	261.389
73.026	-1.565	261.376
73.009	-2.080	261.431
72.933	-2.256	261.508
72.922	-2.150	261.555
72.924	-2.076	261.481
72.953	-1.987	261.451
72.983	-1.909	261.428
73.008	-1.841	261.413
73.034	-1.753	261.415
73.061	-1.643	261.440
73.060	-1.500	261.454
73.066	-1.301	261.439
73.069	-1.077	261.376
73.064	-0.813	261.290
73.067	-0.488	261.239
73.059	-0.135	261.276
73.033	0.261	261.342
73.018	0.686	261.384
73.006	1.148	261.439
73.001	1.638	261.439
73.005	2.125	261.442
72.990	2.597	261.480
72.989	3.062	261.502
72.973	3.498	261.525
72.924	4.268	261.615
72.915	4.589	261.626
72.919	4.796	261.647
72.917	4.882	261.651
72.928	4.843	261.650
72.928	4.685	261.640
72.935	4.388	261.657
72.934	4.005	261.630
72.935	3.488	261.594
72.928	2.877	261.570
73.045	2.257	262.093
72.923	1.449	261.488
73.045	0.741	262.004
73.043	-0.142	261.922
73.035	-1.033	261.835
73.024	-1.826	261.716
72.940	-2.044	261.796
72.907	-1.926	261.826
72.910	-1.839	261.684
72.938	-1.713	261.567
72.983	-1.609	261.501
73.026	-1.485	261.458
73.061	-1.331	261.421
73.076	-1.192	261.426
73.091	-1.019	261.439
73.085	-0.796	261.431
73.091	-0.555	261.394
73.087	-0.318	261.310
73.075	-0.116	261.224
73.075	0.109	261.218
73.055	0.356	261.301
73.029	0.617	261.391
73.015	0.862	261.443
73.000	1.102	261.455
73.003	1.344	261.438
73.004	1.567	261.414
73.014	1.779	261.406
73.010	1.967	261.417
73.008	2.117	261.419
72.984	2.235	261.417
72.982	2.328	261.439
72.977	2.371	261.444
72.976	2.356	261.453
72.981	2.299	261.463
72.986	2.198	261.478
72.990	2.032	261.484
72.990	1.821	261.497
72.986	1.527	261.469
72.988	1.210	261.479
72.995	0.839	261.439
72.996	0.453	261.421
73.003	-0.015	261.417
73.007	-0.473	261.385
73.011	-0.976	261.368
73.025	-1.464	261.373
73.017	-1.937	261.437
72.979	-2.330	261.463
72.924	-2.245	261.508
72.917	-2.166	261.474
72.931	-2.099	261.418
72.966	-2.033	261.410
72.993	-1.978	261.413
73.016	-1.923	261.414
73.032	-1.864	261.435
73.048	-1.766	261.450
73.065	-1.628	261.450
73.068	-1.463	261.395
73.064	-1.290	261.318
73.056	-1.045	261.284
73.048	-0.759	261.273
73.042	-0.416	261.316
73.030	-0.052	261.396
73.013	0.354	261.399
73.002	0.809	261.422
72.992	1.264	261.431
73.000	1.755	261.419
72.996	2.225	261.437
72.984	2.676	261.464
72.972	3.133	261.517
72.963	3.537	261.528
72.900	4.309	261.620
72.908	4.557	261.642
72.912	4.713	261.649
72.916	4.763	261.645
72.920	4.695	261.660
72.931	4.496	261.674
72.929	4.208	261.644
72.931	3.761	261.620
72.932	3.251	261.561
72.926	2.656	261.515
73.052	2.014	262.055
73.054	1.181	261.918
73.039	0.348	261.837
73.014	-0.501	261.743
73.010	-1.333	261.662
73.003	-2.104	261.606
72.896	-2.083	261.725
72.872	-1.975	261.690
72.893	-1.875	261.546
72.935	-1.747	261.477
72.981	-1.625	261.438
73.030	-1.493	261.422
73.065	-1.354	261.410
73.077	-1.218	261.424
73.086	-1.051	261.464
73.088	-0.834	261.431
73.083	-0.602	261.394
73.082	-0.375	261.277
73.083	-0.152	261.227
73.064	0.074	261.243
73.039	0.332	261.331
73.016	0.586	261.387
73.007	0.849	261.451
72.999	1.114	261.455
72.996	1.369	261.449
72.997	1.596	261.402
73.008	1.827	261.416
73.012	2.033	261.427
73.013	2.191	261.442
73.003	2.338	261.454
72.992	2.427	261.455
72.987	2.472	261.466
72.994	2.461	261.469
72.988	2.387	261.468
73.000	2.290	261.494
73.003	2.100	261.486
72.989	1.848	261.510
72.993	1.569	261.492
72.992	1.210	261.489
73.006	0.821	261.457
73.004	0.364	261.418
73.012	-0.111	261.423
73.012	-0.617	261.404
73.013	-1.132	261.389
73.021	-1.633	261.382
73.017	-2.143	261.414
72.943	-2.273	261.504
72.922	-2.183	261.531
72.921	-2.115	261.461
72.956	-2.035	261.431
72.990	-1.991	261.430
73.008	-1.938	261.412
73.033	-1.886	261.422
73.044	-1.816	261.443
73.054	-1.712	261.459
73.069	-1.561	261.432
73.072	-1.406	261.371
73.066	-1.197	261.292
73.060	-0.948	261.289
73.049	-0.649	261.278
73.035	-0.295	261.352
73.016	0.102	261.417
73.012	0.567	261.402
72.994	1.030	261.429
72.998	1.533	261.448
73.002	2.051	261.440
72.992	2.551	261.480
72.980	3.045	261.506
72.961	3.510	261.559
72.902	4.340	261.633
72.903	4.665	261.651
72.904	4.888	261.671
72.914	4.994	261.675
72.922	4.978	261.681
72.922	4.814	261.695
72.925	4.534	261.688
72.935	4.116	261.665
72.928	3.623	261.602
72.925	3.001	261.572
73.044	2.378	262.102
72.924	1.561	261.505
73.039	0.843	262.031
73.034	-0.045	261.932
73.026	-0.941	261.862
73.013	-1.771	261.733
72.905	-2.080	261.767
72.880	-1.947	261.841
72.880	-1.856	261.713
72.914	-1.739	261.559
72.958	-1.641	261.495
72.993	-1.516	261.452
73.039	-1.371	261.417
73.060	-1.227	261.421
73.072	-1.073	261.437
73.071	-0.858	261.437
73.075	-0.631	261.394
73.069	-0.397	261.332
73.068	-0.176	261.227
73.051	0.028	261.222
73.041	0.273	261.283
73.014	0.503	261.379
72.996	0.744	261.412
72.992	0.994	261.460
72.988	1.243	261.442
72.988	1.456	261.419
72.994	1.668	261.406
72.993	1.862	261.428
72.996	2.004	261.406
72.995	2.140	261.426
72.985	2.219	261.463
72.985	2.256	261.453
72.993	2.242	261.465
72.987	2.179	261.459
72.994	2.062	261.477
72.985	1.857	261.472
72.999	1.664	261.506
72.999	1.374	261.511
72.987	1.041	261.465
72.993	0.679	261.421
72.997	0.270	261.418
73.010	-0.184	261.414
73.004	-0.655	261.377
73.020	-1.128	261.385
73.021	-1.577	261.401
73.016	-2.042	261.463
72.949	-2.283	261.496
72.935	-2.194	261.507
72.924	-2.138	261.457
72.947	-2.065	261.439
72.986	-2.002	261.430
73.006	-1.948	261.411
73.028	-1.885	261.409
73.045	-1.810	261.427
73.057	-1.695	261.459
73.066	-1.550	261.432
73.066	-1.382	261.372
73.070	-1.184	261.310
73.062	-0.946	261.278
73.056	-0.647	261.272
73.044	-0.303	261.343
73.030	0.074	261.414
73.020	0.490	261.405
73.012	0.937	261.420
73.010	1.396	261.427
73.006	1.866	261.420
72.999	2.338	261.467
72.983	2.785	261.470
72.976	3.222	261.513
72.963	3.619	261.550
72.902	4.338	261.637
72.908	4.559	261.654
72.915	4.693	261.648
72.919	4.687	261.651
72.923	4.570	261.665
72.932	4.352	261.666
72.933	3.984	261.650
72.935	3.542	261.591
72.935	2.966	261.557
73.050	2.384	262.060
72.929	1.621	261.512
73.057	0.958	262.027
73.054	0.102	261.934
73.034	-0.764	261.841
73.023	-1.565	261.753
72.960	-2.112	261.736
72.896	-1.977	261.834
72.892	-1.894	261.717
72.917	-1.785	261.569
72.963	-1.701	261.495
73.004	-1.581	261.441
73.039	-1.460	261.409
73.072	-1.342	261.417
73.074	-1.198	261.431
73.078	-1.019	261.452
73.074	-0.804	261.408
73.075	-0.582	261.348
73.079	-0.353	261.229
73.067	-0.132	261.206
73.039	0.087	261.260
73.015	0.351	261.363
72.999	0.619	261.410
72.988	0.888	261.450
72.983	1.152	261.442
72.980	1.425	261.426
72.988	1.671	261.417
72.996	1.884	261.416
72.994	2.088	261.418
72.984	2.249	261.434
72.977	2.373	261.447
72.973	2.454	261.447
72.975	2.490	261.464
72.971	2.454	261.469
72.969	2.364	261.483
72.993	2.226	261.504
72.992	2.032	261.512
72.987	1.763	261.518
72.996	1.450	261.492
72.990	1.063	261.473
73.002	0.647	261.426
73.000	0.169	261.444
73.009	-0.317	261.417
73.007	-0.857	261.397
73.024	-1.364	261.371
73.017	-1.885	261.423
73.001	-2.305	261.472
72.925	-2.212	261.549
72.914	-2.142	261.517
72.939	-2.056	261.431
72.967	-1.993	261.423
73.000	-1.936	261.424
73.020	-1.873	261.411
73.047	-1.803	261.430
73.068	-1.696	261.458
73.070	-1.551	261.457
73.071	-1.378	261.409
73.074	-1.186	261.329
73.066	-0.943	261.283
73.057	-0.642	261.258
73.045	-0.281	261.305
73.030	0.130	261.375
73.010	0.573	261.399
73.002	1.042	261.444
73.002	1.558	261.446
72.996	2.060	261.440
72.993	2.573	261.489
72.980	3.060	261.508
72.970	3.512	261.525
72.904	4.353	261.628
72.901	4.695	261.641
72.902	4.916	261.658
72.901	5.009	261.667
72.913	4.984	261.656
72.913	4.826	261.660
72.918	4.509	261.680
72.924	4.105	261.645
72.916	3.595	261.597
72.916	2.947	261.577
73.039	2.312	262.072
73.041	1.444	261.951
