NO_OF_FRAMES	5000
NO_OF_DATA_TYPES	3
FREQUENCY	500
TIME_STAMP	2026-06-05, 12:50:08
DATA_INCLUDED	Position
DATA_TYPES	Unidentified [1045101]_pos_X	Unidentified [1045101]_pos_Y	Unidentified [1045101]_pos_Z


40.072	99.551	261.065
40.105	99.495	261.049
40.092	99.434	261.047
40.092	99.469	261.042
40.085	99.400	261.035
40.076	99.334	261.041
40.079	99.276	261.040
40.101	99.236	261.049
40.122	99.203	261.053
40.129	99.174	261.059
40.134	99.153	261.057
40.131	99.139	261.069
40.130	99.121	261.072
40.133	99.133	261.084
40.151	99.133	261.087
40.185	99.142	261.088
40.235	99.155	261.090
40.310	99.172	261.087
40.395	99.199	261.084
40.495	99.257	261.083
40.485	99.320	261.074
40.433	99.383	261.070
40.391	99.432	261.073
40.402	99.504	261.089
40.416	99.572	261.077
40.425	99.636	261.058
40.429	99.695	261.044
40.441	99.743	261.036
40.434	99.771	261.040
40.417	99.790	261.039
40.385	99.793	261.056
40.345	99.787	261.058
40.283	99.764	261.060
40.199	99.716	261.065
40.122	99.661	261.059
39.962	99.624	261.062
39.981	99.598	261.062
40.041	99.549	261.049
40.104	99.490	261.047
40.145	99.427	261.050
40.154	99.361	261.046
40.118	99.317	261.043
40.075	99.272	261.033
40.049	99.228	261.038
40.072	99.203	261.044
40.099	99.170	261.046
40.128	99.152	261.044
40.143	99.159	261.064
40.150	99.158	261.068
40.142	99.170	261.070
40.138	99.180	261.082
40.128	99.173	261.071
40.141	99.200	261.078
40.150	99.204	261.087
40.170	99.226	261.086
40.191	99.239	261.089
40.223	99.256	261.084
40.262	99.268	261.083
40.311	99.290	261.077
40.385	99.330	261.086
40.447	99.352	261.075
40.487	99.411	261.076
40.458	99.454	261.065
40.411	99.496	261.059
40.390	99.551	261.069
40.389	99.607	261.067
40.372	99.651	261.059
40.361	99.694	261.051
40.332	99.716	261.041
40.292	99.730	261.039
40.243	99.732	261.043
40.135	99.731	261.050
40.038	99.752	261.053
40.032	99.727	261.053
40.062	99.707	261.049
40.075	99.676	261.054
40.111	99.630	261.048
40.115	99.589	261.035
40.092	99.541	261.031
40.081	99.483	261.029
40.080	99.420	261.033
40.087	99.363	261.038
40.095	99.309	261.044
40.110	99.265	261.051
40.121	99.229	261.050
40.123	99.195	261.055
40.128	99.170	261.064
40.129	99.144	261.073
40.121	99.129	261.080
40.123	99.122	261.084
40.143	99.117	261.089
40.179	99.118	261.092
40.221	99.115	261.091
40.285	99.128	261.093
40.376	99.151	261.094
40.468	99.194	261.094
40.497	99.254	261.083
40.438	99.320	261.078
40.404	99.380	261.079
40.397	99.457	261.092
40.411	99.525	261.086
40.422	99.603	261.070
40.432	99.686	261.058
40.444	99.733	261.047
40.445	99.778	261.045
40.431	99.807	261.049
40.398	99.816	261.051
40.354	99.826	261.064
40.281	99.803	261.066
40.180	99.771	261.063
40.020	99.755	261.070
39.965	99.734	261.060
40.023	99.696	261.053
40.105	99.636	261.048
40.161	99.579	261.046
40.171	99.515	261.039
40.135	99.440	261.034
40.095	99.381	261.033
40.068	99.316	261.030
40.065	99.259	261.030
40.089	99.210	261.042
40.129	99.170	261.041
40.136	99.139	261.049
40.150	99.128	261.059
40.148	99.118	261.061
40.133	99.098	261.078
40.124	99.108	261.077
40.124	99.111	261.085
40.139	99.130	261.092
40.155	99.136	261.090
40.168	99.158	261.092
40.198	99.182	261.088
40.229	99.204	261.087
40.273	99.224	261.088
40.334	99.269	261.089
40.404	99.307	261.093
40.470	99.361	261.084
40.485	99.420	261.079
40.451	99.483	261.065
40.409	99.532	261.069
40.396	99.606	261.083
40.395	99.662	261.071
40.378	99.708	261.061
40.346	99.736	261.052
40.319	99.769	261.044
40.275	99.780	261.045
40.208	99.781	261.049
40.070	99.798	261.058
40.052	99.796	261.048
40.066	99.767	261.044
40.068	99.734	261.052
40.095	99.696	261.055
40.124	99.654	261.042
40.102	99.595	261.038
40.092	99.539	261.034
40.078	99.470	261.036
40.088	99.407	261.033
40.092	99.341	261.038
40.100	99.285	261.041
40.117	99.240	261.046
40.121	99.199	261.048
40.128	99.165	261.049
40.124	99.136	261.065
40.126	99.129	261.076
40.120	99.104	261.076
40.121	99.095	261.090
40.146	99.098	261.084
40.189	99.097	261.087
40.229	99.100	261.093
40.305	99.136	261.091
40.392	99.154	261.091
40.487	99.212	261.088
40.478	99.275	261.078
40.421	99.334	261.068
40.395	99.413	261.080
40.387	99.470	261.085
40.397	99.553	261.080
40.406	99.620	261.061
40.406	99.693	261.047
40.427	99.749	261.051
40.419	99.788	261.048
40.397	99.800	261.045
40.364	99.811	261.055
40.317	99.803	261.069
40.234	99.773	261.066
40.122	99.738	261.068
39.953	99.735	261.070
39.978	99.705	261.062
40.057	99.660	261.051
40.129	99.592	261.047
40.168	99.535	261.042
40.159	99.472	261.033
40.118	99.416	261.032
40.079	99.346	261.031
40.064	99.285	261.032
40.078	99.228	261.040
40.112	99.191	261.044
40.132	99.156	261.051
40.142	99.141	261.060
40.146	99.125	261.062
40.136	99.116	261.070
40.124	99.110	261.075
40.118	99.110	261.084
40.136	99.113	261.081
40.155	99.131	261.085
40.170	99.151	261.081
40.189	99.168	261.081
40.219	99.193	261.081
40.264	99.228	261.085
40.316	99.267	261.085
40.376	99.292	261.080
40.440	99.352	261.078
40.491	99.414	261.079
40.464	99.478	261.067
40.423	99.544	261.064
40.393	99.596	261.068
40.390	99.656	261.066
40.382	99.711	261.064
40.357	99.741	261.056
40.326	99.769	261.048
40.286	99.781	261.042
40.232	99.780	261.055
40.113	99.773	261.055
40.057	99.778	261.053
40.066	99.768	261.054
40.083	99.725	261.060
40.094	99.682	261.053
40.126	99.623	261.047
40.127	99.572	261.042
40.106	99.513	261.037
40.086	99.448	261.041
40.089	99.388	261.032
40.091	99.324	261.044
40.096	99.259	261.048
40.121	99.229	261.056
40.130	99.190	261.059
40.137	99.159	261.055
40.131	99.135	261.065
40.128	99.126	261.076
40.129	99.116	261.086
40.131	99.106	261.089
40.156	99.107	261.086
40.197	99.115	261.081
40.263	99.132	261.090
40.349	99.149	261.096
40.453	99.199	261.091
40.507	99.247	261.086
40.454	99.318	261.070
40.408	99.380	261.076
40.392	99.446	261.082
40.412	99.512	261.082
40.406	99.588	261.062
40.409	99.672	261.051
40.410	99.719	261.041
40.412	99.755	261.036
40.406	99.787	261.038
40.382	99.807	261.046
40.353	99.802	261.052
40.291	99.783	261.064
40.203	99.748	261.066
40.113	99.699	261.059
39.961	99.677	261.066
39.975	99.648	261.061
40.046	99.603	261.043
40.121	99.547	261.046
40.165	99.493	261.050
40.160	99.416	261.050
40.125	99.361	261.041
40.084	99.311	261.042
40.060	99.258	261.046
40.077	99.211	261.046
40.104	99.176	261.050
40.128	99.156	261.055
40.142	99.143	261.064
40.154	99.147	261.068
40.144	99.135	261.075
40.140	99.148	261.084
40.135	99.142	261.079
40.152	99.154	261.085
40.177	99.170	261.085
40.201	99.195	261.082
40.241	99.209	261.078
40.287	99.235	261.084
40.350	99.276	261.086
40.413	99.313	261.082
40.471	99.375	261.080
40.461	99.436	261.063
40.425	99.492	261.058
40.390	99.554	261.064
40.387	99.617	261.070
40.386	99.664	261.059
40.369	99.715	261.047
40.363	99.760	261.048
40.340	99.779	261.040
40.311	99.775	261.039
40.258	99.768	261.044
40.190	99.750	261.057
40.048	99.738	261.056
39.998	99.722	261.063
40.026	99.680	261.049
40.075	99.632	261.053
40.097	99.591	261.059
40.116	99.538	261.046
40.101	99.477	261.040
40.091	99.427	261.045
40.080	99.363	261.041
40.070	99.311	261.048
40.078	99.256	261.044
40.102	99.207	261.051
40.109	99.181	261.051
40.119	99.164	261.057
40.123	99.148	261.059
40.131	99.139	261.069
40.135	99.143	261.083
40.140	99.146	261.086
40.154	99.148	261.084
40.195	99.169	261.088
40.238	99.167	261.087
40.307	99.203	261.082
40.387	99.225	261.090
40.473	99.273	261.085
40.495	99.328	261.078
40.448	99.396	261.070
40.406	99.443	261.075
40.396	99.506	261.084
40.403	99.576	261.078
40.408	99.627	261.059
40.406	99.687	261.045
40.404	99.723	261.038
40.406	99.761	261.041
40.386	99.765	261.039
40.357	99.762	261.048
40.324	99.743	261.062
40.255	99.709	261.059
40.180	99.668	261.063
40.110	99.613	261.061
39.950	99.573	261.062
39.969	99.545	261.059
40.027	99.506	261.049
40.093	99.460	261.056
40.150	99.405	261.051
40.161	99.358	261.048
40.119	99.304	261.039
40.070	99.265	261.034
40.057	99.239	261.043
40.071	99.216	261.042
40.099	99.196	261.043
40.120	99.184	261.052
40.150	99.185	261.058
40.159	99.195	261.070
40.153	99.200	261.071
40.139	99.203	261.078
40.139	99.205	261.076
40.154	99.219	261.085
40.177	99.228	261.081
40.209	99.242	261.087
40.238	99.244	261.084
40.287	99.266	261.085
40.337	99.282	261.088
40.402	99.313	261.089
40.472	99.353	261.079
40.479	99.399	261.067
40.452	99.460	261.070
40.411	99.497	261.069
40.394	99.545	261.072
40.393	99.599	261.069
40.382	99.642	261.054
40.372	99.683	261.048
40.347	99.710	261.049
40.320	99.718	261.039
40.273	99.712	261.051
40.211	99.695	261.054
40.093	99.678	261.057
39.995	99.683	261.066
40.007	99.659	261.060
40.060	99.615	261.055
40.081	99.585	261.049
40.110	99.538	261.049
40.107	99.501	261.043
40.097	99.445	261.039
40.078	99.397	261.037
40.068	99.341	261.039
40.072	99.300	261.042
40.094	99.262	261.048
40.103	99.227	261.046
40.113	99.210	261.052
40.123	99.192	261.060
40.127	99.175	261.062
40.122	99.175	261.072
40.128	99.171	261.073
40.146	99.171	261.082
40.174	99.183	261.082
40.223	99.177	261.083
40.291	99.193	261.083
40.378	99.214	261.084
40.481	99.259	261.080
40.492	99.318	261.080
40.437	99.369	261.070
40.405	99.427	261.075
40.395	99.490	261.083
40.412	99.540	261.082
40.421	99.605	261.060
40.420	99.661	261.048
40.432	99.708	261.044
40.423	99.745	261.037
40.403	99.750	261.039
40.377	99.758	261.057
40.340	99.753	261.065
40.281	99.729	261.064
40.206	99.688	261.068
40.134	99.638	261.070
39.992	99.598	261.068
39.965	99.561	261.062
40.023	99.523	261.050
40.083	99.477	261.050
40.135	99.418	261.048
40.152	99.366	261.044
40.117	99.312	261.044
40.071	99.282	261.034
40.049	99.249	261.037
40.062	99.217	261.038
40.092	99.196	261.045
40.120	99.180	261.035
40.143	99.183	261.057
40.154	99.188	261.061
40.143	99.188	261.062
40.133	99.201	261.068
40.131	99.210	261.070
40.129	99.218	261.075
40.150	99.232	261.081
40.176	99.249	261.085
40.205	99.252	261.082
40.244	99.265	261.085
40.294	99.279	261.081
40.363	99.297	261.085
40.439	99.332	261.083
40.494	99.383	261.079
40.461	99.421	261.067
40.420	99.461	261.067
40.406	99.519	261.081
40.400	99.566	261.073
40.394	99.614	261.060
40.384	99.660	261.052
40.370	99.691	261.048
40.342	99.704	261.045
40.302	99.717	261.045
40.232	99.706	261.047
40.078	99.717	261.057
40.027	99.727	261.057
40.040	99.722	261.052
40.074	99.685	261.056
40.092	99.659	261.056
40.126	99.623	261.048
40.114	99.576	261.030
40.096	99.529	261.038
40.080	99.467	261.035
40.081	99.413	261.038
40.084	99.354	261.039
40.098	99.295	261.044
40.116	99.249	261.048
40.123	99.218	261.050
40.125	99.184	261.054
40.127	99.153	261.060
40.129	99.142	261.076
40.123	99.120	261.077
40.125	99.113	261.082
40.142	99.112	261.091
40.167	99.110	261.087
40.208	99.116	261.090
40.253	99.125	261.096
40.320	99.150	261.094
40.398	99.182	261.092
40.471	99.232	261.081
40.484	99.299	261.081
40.425	99.361	261.071
40.391	99.427	261.075
40.375	99.494	261.081
40.388	99.560	261.072
40.390	99.627	261.063
40.388	99.692	261.048
40.395	99.734	261.042
40.383	99.758	261.042
40.362	99.767	261.050
40.327	99.757	261.060
40.261	99.734	261.065
40.165	99.712	261.056
39.987	99.694	261.069
39.953	99.687	261.065
40.018	99.648	261.051
40.097	99.595	261.048
40.151	99.553	261.050
40.160	99.492	261.038
40.135	99.440	261.040
40.093	99.389	261.032
40.065	99.335	261.035
40.064	99.288	261.039
40.100	99.244	261.038
40.125	99.215	261.037
40.141	99.196	261.055
40.149	99.183	261.067
40.140	99.175	261.068
40.127	99.152	261.072
40.120	99.154	261.079
40.136	99.146	261.084
40.151	99.151	261.091
40.173	99.165	261.084
40.198	99.179	261.087
40.232	99.190	261.086
40.276	99.206	261.086
40.325	99.234	261.084
40.390	99.261	261.079
40.454	99.322	261.081
40.476	99.380	261.075
40.442	99.444	261.072
40.405	99.495	261.068
40.382	99.563	261.076
40.382	99.634	261.077
40.376	99.687	261.062
40.359	99.729	261.063
40.329	99.751	261.046
40.301	99.768	261.045
40.249	99.761	261.050
40.174	99.746	261.057
40.024	99.760	261.065
40.010	99.744	261.064
40.044	99.709	261.050
40.064	99.675	261.060
40.102	99.625	261.052
40.119	99.581	261.047
40.093	99.518	261.036
40.081	99.468	261.033
40.072	99.405	261.040
40.068	99.346	261.038
40.085	99.298	261.045
40.098	99.253	261.047
40.118	99.217	261.044
40.123	99.193	261.057
40.124	99.169	261.058
40.130	99.164	261.068
40.129	99.147	261.075
40.131	99.137	261.078
40.153	99.146	261.087
40.196	99.142	261.082
40.248	99.147	261.085
40.333	99.176	261.085
40.427	99.211	261.086
40.509	99.271	261.086
40.470	99.327	261.069
40.422	99.377	261.068
40.394	99.442	261.078
40.405	99.514	261.088
40.414	99.579	261.073
40.420	99.632	261.051
40.432	99.704	261.043
40.434	99.746	261.040
40.425	99.781	261.039
40.408	99.798	261.047
40.367	99.792	261.056
40.327	99.784	261.067
40.252	99.744	261.071
40.173	99.699	261.068
40.100	99.647	261.065
39.955	99.626	261.069
39.993	99.574	261.056
40.059	99.526	261.050
40.121	99.473	261.049
40.152	99.397	261.046
40.137	99.336	261.041
40.100	99.286	261.035
40.062	99.246	261.036
40.048	99.206	261.036
40.068	99.173	261.040
40.105	99.147	261.036
40.120	99.135	261.043
40.142	99.140	261.057
40.147	99.144	261.064
40.139	99.154	261.069
40.128	99.171	261.074
40.126	99.176	261.078
40.141	99.193	261.082
40.165	99.220	261.082
40.179	99.233	261.081
40.210	99.256	261.083
40.254	99.275	261.081
40.299	99.287	261.077
40.357	99.318	261.086
40.427	99.359	261.074
40.487	99.412	261.080
40.465	99.452	261.064
40.427	99.502	261.063
40.385	99.550	261.073
40.384	99.605	261.074
40.381	99.648	261.062
40.370	99.687	261.053
40.345	99.714	261.050
40.314	99.718	261.042
40.271	99.722	261.047
40.208	99.710	261.048
40.062	99.712	261.053
40.012	99.709	261.059
40.025	99.687	261.050
40.068	99.663	261.058
40.083	99.625	261.061
40.117	99.588	261.049
40.105	99.538	261.040
40.086	99.492	261.042
40.076	99.437	261.041
40.072	99.376	261.042
40.083	99.335	261.048
40.100	99.289	261.052
40.117	99.242	261.053
40.125	99.214	261.056
40.128	99.199	261.062
40.130	99.168	261.067
40.132	99.158	261.077
40.134	99.150	261.078
40.135	99.145	261.087
40.165	99.147	261.090
40.207	99.146	261.086
40.259	99.153	261.093
40.334	99.166	261.095
40.419	99.195	261.088
40.503	99.247	261.090
40.477	99.298	261.074
40.426	99.366	261.063
40.391	99.429	261.078
40.393	99.493	261.084
40.402	99.558	261.074
40.404	99.625	261.053
40.408	99.687	261.046
40.412	99.715	261.036
40.403	99.753	261.040
40.386	99.767	261.042
40.352	99.760	261.055
40.304	99.753	261.063
40.224	99.717	261.062
40.131	99.672	261.065
39.981	99.643	261.060
39.953	99.618	261.061
40.017	99.572	261.046
40.089	99.528	261.053
40.144	99.479	261.050
40.158	99.421	261.042
40.118	99.362	261.041
40.078	99.326	261.036
40.053	99.282	261.038
40.063	99.238	261.036
40.090	99.203	261.040
40.130	99.189	261.043
40.138	99.180	261.053
40.151	99.175	261.062
40.144	99.174	261.071
40.140	99.173	261.071
40.128	99.171	261.074
40.133	99.176	261.081
40.149	99.187	261.084
40.175	99.200	261.092
40.196	99.213	261.082
40.241	99.224	261.081
40.281	99.238	261.088
40.341	99.265	261.081
40.399	99.300	261.079
40.465	99.351	261.078
40.482	99.403	261.074
40.438	99.458	261.068
40.403	99.505	261.065
40.388	99.561	261.076
40.387	99.617	261.070
40.375	99.666	261.063
40.355	99.697	261.055
40.318	99.723	261.043
40.268	99.735	261.044
40.200	99.734	261.051
40.044	99.753	261.060
40.031	99.757	261.055
40.043	99.735	261.046
40.055	99.713	261.060
40.096	99.673	261.054
40.127	99.641	261.039
40.106	99.584	261.038
40.087	99.536	261.030
40.067	99.472	261.028
40.075	99.414	261.029
40.089	99.360	261.038
40.103	99.301	261.048
40.121	99.257	261.044
40.134	99.221	261.051
40.136	99.185	261.057
40.130	99.163	261.069
40.124	99.139	261.072
40.123	99.121	261.081
40.128	99.096	261.090
40.158	99.103	261.092
40.197	99.088	261.091
40.254	99.101	261.097
40.327	99.122	261.097
40.416	99.153	261.096
40.502	99.203	261.089
40.457	99.264	261.079
40.412	99.325	261.076
40.389	99.390	261.088
40.402	99.462	261.087
40.421	99.551	261.075
40.430	99.616	261.060
40.442	99.694	261.044
40.452	99.749	261.044
40.437	99.785	261.043
40.411	99.811	261.047
40.365	99.827	261.061
40.289	99.821	261.061
40.189	99.806	261.068
39.999	99.812	261.072
39.985	99.799	261.066
40.043	99.761	261.049
40.126	99.697	261.050
40.170	99.645	261.046
40.139	99.576	261.040
40.111	99.518	261.026
40.091	99.451	261.028
40.081	99.368	261.034
40.097	99.300	261.035
40.119	99.237	261.039
40.140	99.176	261.044
40.147	99.143	261.047
40.145	99.104	261.057
40.138	99.076	261.066
40.132	99.053	261.074
40.129	99.042	261.077
40.134	99.044	261.087
40.145	99.049	261.091
40.155	99.062	261.088
40.167	99.082	261.093
40.186	99.099	261.099
40.209	99.133	261.095
40.258	99.174	261.097
40.306	99.210	261.093
40.380	99.247	261.094
40.444	99.311	261.087
40.485	99.390	261.083
40.458	99.452	261.079
40.422	99.522	261.078
40.388	99.589	261.076
40.383	99.656	261.080
40.371	99.706	261.060
40.323	99.756	261.054
40.260	99.788	261.050
40.102	99.840	261.039
40.071	99.889	261.048
40.115	99.908	261.046
40.172	99.895	261.048
40.160	99.876	261.047
40.154	99.847	261.040
40.142	99.801	261.033
40.127	99.741	261.028
40.111	99.662	261.019
40.101	99.579	261.015
40.126	99.508	261.023
40.149	99.414	261.031
40.155	99.337	261.041
40.150	99.262	261.055
40.154	99.189	261.065
40.139	99.126	261.069
40.129	99.071	261.082
40.131	99.035	261.088
40.130	98.991	261.094
40.138	98.966	261.098
40.151	98.961	261.106
40.180	98.965	261.112
40.219	98.977	261.111
40.274	98.997	261.112
40.350	99.031	261.112
40.439	99.089	261.100
40.493	99.163	261.098
40.445	99.258	261.084
40.401	99.339	261.085
40.389	99.436	261.089
40.402	99.530	261.086
40.413	99.637	261.075
40.412	99.717	261.050
40.409	99.803	261.039
40.376	99.859	261.044
40.330	99.899	261.041
40.236	99.941	261.043
40.087	99.995	261.068
40.070	100.018	261.052
40.080	100.000	261.053
40.087	99.997	261.059
40.117	99.946	261.049
40.125	99.892	261.039
40.121	99.820	261.031
40.100	99.733	261.027
40.087	99.640	261.024
40.092	99.547	261.027
40.110	99.445	261.033
40.115	99.350	261.041
40.114	99.259	261.045
40.132	99.184	261.058
40.134	99.122	261.062
40.121	99.054	261.068
40.123	99.016	261.084
40.126	98.985	261.090
40.124	98.967	261.091
40.128	98.954	261.094
40.139	98.955	261.098
40.155	98.962	261.099
40.168	98.985	261.101
40.190	99.015	261.102
40.229	99.056	261.099
40.272	99.098	261.092
40.320	99.148	261.097
40.372	99.201	261.089
40.430	99.289	261.078
40.456	99.384	261.073
40.423	99.468	261.064
40.390	99.552	261.066
40.364	99.635	261.068
40.369	99.711	261.064
40.366	99.771	261.057
40.352	99.828	261.055
40.317	99.847	261.047
40.266	99.856	261.047
40.199	99.859	261.048
40.025	99.873	261.057
40.030	99.878	261.052
40.057	99.844	261.043
40.109	99.783	261.045
40.160	99.731	261.038
40.163	99.670	261.036
40.109	99.596	261.022
40.068	99.517	261.026
40.074	99.442	261.023
40.094	99.361	261.038
40.125	99.287	261.038
40.152	99.226	261.046
40.160	99.168	261.057
40.157	99.130	261.060
40.135	99.095	261.078
40.126	99.056	261.078
40.120	99.033	261.085
40.128	99.023	261.092
40.143	99.016	261.097
40.177	99.023	261.101
40.229	99.029	261.098
40.300	99.060	261.095
40.388	99.099	261.094
40.486	99.166	261.096
40.479	99.250	261.075
40.425	99.317	261.070
40.392	99.403	261.082
40.399	99.491	261.089
40.419	99.587	261.075
40.427	99.674	261.061
40.431	99.762	261.051
40.441	99.819	261.042
40.429	99.869	261.039
40.397	99.900	261.044
40.344	99.915	261.058
40.265	99.915	261.065
40.103	99.908	261.069
39.998	99.915	261.078
40.024	99.886	261.067
40.089	99.822	261.061
40.125	99.754	261.054
40.148	99.686	261.041
40.143	99.607	261.038
40.121	99.532	261.033
40.103	99.431	261.033
40.097	99.350	261.038
40.103	99.258	261.042
40.109	99.183	261.049
40.128	99.127	261.057
40.134	99.080	261.059
40.136	99.044	261.066
40.130	99.019	261.076
40.127	99.006	261.082
40.129	98.998	261.089
40.127	99.007	261.086
40.134	99.022	261.092
40.157	99.055	261.093
40.169	99.074	261.093
40.190	99.117	261.098
40.228	99.153	261.096
40.278	99.200	261.091
40.333	99.244	261.085
40.399	99.297	261.088
40.466	99.369	261.076
40.471	99.442	261.070
40.430	99.514	261.063
40.396	99.578	261.066
40.385	99.647	261.070
40.387	99.716	261.059
40.377	99.757	261.047
40.350	99.792	261.043
40.318	99.821	261.038
40.259	99.813	261.037
40.138	99.819	261.040
40.046	99.844	261.056
40.056	99.830	261.047
40.076	99.795	261.048
40.072	99.763	261.052
40.109	99.716	261.045
40.117	99.659	261.037
40.098	99.597	261.033
40.078	99.530	261.029
40.073	99.451	261.026
40.088	99.384	261.037
40.106	99.314	261.042
40.120	99.255	261.053
40.126	99.206	261.057
40.137	99.164	261.053
40.128	99.125	261.066
40.122	99.100	261.076
40.125	99.084	261.078
40.119	99.060	261.082
40.126	99.057	261.094
40.143	99.055	261.093
40.168	99.055	261.086
40.202	99.064	261.088
40.257	99.085	261.092
40.327	99.118	261.092
40.411	99.142	261.093
40.485	99.212	261.087
40.456	99.286	261.071
40.395	99.336	261.059
40.368	99.419	261.072
40.373	99.498	261.069
40.385	99.570	261.061
40.392	99.642	261.047
40.396	99.702	261.036
40.401	99.756	261.031
40.387	99.780	261.036
40.359	99.799	261.041
40.314	99.803	261.058
40.232	99.774	261.059
40.119	99.765	261.058
39.944	99.765	261.064
39.974	99.744	261.062
40.052	99.696	261.043
40.122	99.635	261.047
40.164	99.587	261.041
40.140	99.518	261.038
40.100	99.457	261.035
40.069	99.387	261.031
40.065	99.330	261.043
40.081	99.266	261.043
40.124	99.210	261.044
40.140	99.174	261.052
40.147	99.142	261.050
40.141	99.118	261.064
40.128	99.097	261.072
40.114	99.081	261.084
40.116	99.076	261.080
40.129	99.072	261.085
40.150	99.086	261.091
40.171	99.097	261.084
40.197	99.118	261.082
40.232	99.144	261.088
40.282	99.188	261.092
40.333	99.220	261.086
40.394	99.268	261.087
40.457	99.337	261.084
40.475	99.408	261.076
40.436	99.469	261.068
40.391	99.533	261.066
40.378	99.610	261.075
40.380	99.677	261.066
40.374	99.724	261.059
40.358	99.782	261.059
40.317	99.805	261.044
40.263	99.803	261.041
40.187	99.816	261.048
40.036	99.834	261.061
40.043	99.835	261.051
40.070	99.800	261.049
40.099	99.759	261.045
40.112	99.728	261.051
40.127	99.672	261.041
40.112	99.610	261.032
40.103	99.546	261.029
40.092	99.472	261.027
40.098	99.397	261.034
40.109	99.327	261.036
40.119	99.263	261.052
40.128	99.203	261.051
40.137	99.166	261.057
40.130	99.122	261.065
40.123	99.092	261.077
40.129	99.072	261.085
40.127	99.052	261.090
40.134	99.050	261.101
40.163	99.054	261.103
40.198	99.064	261.098
40.243	99.075	261.106
40.312	99.108	261.106
40.395	99.142	261.097
40.481	99.216	261.096
40.469	99.283	261.086
40.416	99.353	261.072
40.384	99.429	261.087
40.380	99.501	261.089
40.401	99.585	261.081
40.408	99.655	261.063
40.420	99.732	261.050
40.419	99.785	261.041
40.394	99.812	261.038
40.364	99.833	261.047
40.301	99.839	261.052
40.224	99.832	261.064
40.062	99.824	261.064
39.975	99.832	261.067
40.002	99.799	261.062
40.071	99.745	261.055
40.100	99.701	261.050
40.127	99.643	261.043
40.124	99.583	261.035
40.106	99.511	261.040
40.083	99.435	261.025
40.076	99.365	261.036
40.072	99.304	261.037
40.093	99.243	261.041
40.112	99.188	261.049
40.126	99.161	261.053
40.133	99.129	261.057
40.131	99.110	261.072
40.121	99.099	261.078
40.121	99.098	261.085
40.128	99.096	261.084
40.135	99.100	261.082
40.156	99.109	261.083
40.172	99.120	261.086
40.202	99.140	261.087
40.244	99.166	261.090
40.298	99.191	261.089
40.356	99.227	261.090
40.433	99.265	261.074
40.482	99.333	261.077
40.441	99.399	261.067
40.398	99.456	261.059
40.375	99.523	261.073
40.381	99.591	261.070
40.380	99.645	261.061
40.375	99.694	261.051
40.366	99.733	261.042
40.347	99.755	261.038
40.323	99.755	261.038
40.264	99.749	261.050
40.182	99.736	261.051
39.996	99.732	261.059
39.980	99.723	261.054
40.025	99.685	261.047
40.103	99.641	261.052
40.122	99.591	261.046
40.126	99.549	261.039
40.109	99.492	261.028
40.089	99.428	261.026
40.080	99.364	261.035
40.085	99.296	261.037
40.102	99.250	261.042
40.121	99.199	261.042
40.117	99.164	261.046
40.129	99.139	261.052
40.118	99.108	261.064
40.110	99.091	261.067
40.112	99.084	261.078
40.117	99.062	261.072
40.144	99.072	261.087
40.172	99.083	261.082
40.208	99.085	261.089
40.258	99.102	261.086
40.323	99.134	261.084
40.404	99.175	261.083
40.472	99.246	261.083
40.454	99.316	261.072
40.409	99.379	261.066
40.381	99.439	261.070
40.390	99.524	261.078
40.393	99.589	261.066
40.399	99.661	261.057
40.399	99.715	261.043
40.394	99.755	261.040
40.369	99.784	261.044
40.314	99.789	261.049
40.232	99.776	261.056
40.065	99.790	261.062
39.996	99.799	261.065
40.010	99.771	261.049
40.074	99.730	261.054
40.105	99.685	261.053
40.136	99.633	261.037
40.126	99.579	261.031
40.108	99.508	261.027
40.090	99.435	261.022
40.100	99.362	261.034
40.101	99.292	261.031
40.110	99.225	261.046
40.127	99.183	261.045
40.136	99.142	261.051
40.132	99.112	261.063
40.132	99.086	261.073
40.124	99.066	261.074
40.123	99.048	261.083
40.134	99.049	261.086
40.150	99.058	261.091
40.171	99.072	261.091
40.197	99.090	261.088
40.232	99.115	261.091
40.284	99.151	261.095
40.345	99.193	261.095
40.410	99.231	261.085
40.479	99.296	261.084
40.462	99.368	261.070
40.419	99.442	261.066
40.390	99.510	261.069
40.385	99.578	261.073
40.392	99.648	261.061
40.384	99.706	261.054
40.383	99.755	261.046
40.363	99.790	261.040
40.330	99.800	261.039
40.276	99.796	261.045
40.193	99.791	261.052
40.022	99.794	261.061
40.000	99.790	261.063
40.031	99.759	261.052
40.067	99.714	261.057
40.102	99.672	261.053
40.126	99.625	261.045
40.116	99.567	261.038
40.091	99.498	261.040
40.071	99.433	261.040
40.072	99.378	261.045
40.077	99.311	261.045
40.101	99.262	261.051
40.116	99.219	261.057
40.123	99.190	261.056
40.123	99.162	261.068
40.122	99.146	261.074
40.119	99.134	261.083
40.116	99.121	261.084
40.129	99.115	261.098
40.157	99.126	261.087
40.182	99.128	261.085
40.220	99.135	261.085
40.271	99.151	261.089
40.342	99.185	261.087
40.416	99.227	261.093
40.476	99.280	261.083
40.442	99.344	261.067
40.408	99.408	261.064
40.374	99.471	261.073
40.369	99.542	261.077
40.380	99.599	261.063
40.382	99.665	261.050
40.386	99.724	261.046
40.381	99.746	261.035
40.364	99.766	261.040
40.341	99.759	261.052
40.289	99.748	261.056
40.206	99.719	261.057
40.087	99.683	261.059
39.943	99.681	261.070
39.986	99.653	261.060
40.065	99.608	261.048
40.131	99.559	261.045
40.157	99.508	261.048
40.138	99.459	261.043
40.097	99.406	261.037
40.071	99.359	261.038
40.056	99.298	261.039
40.091	99.252	261.040
40.125	99.218	261.044
40.141	99.195	261.051
40.147	99.175	261.059
40.144	99.162	261.065
40.138	99.153	261.075
40.126	99.131	261.073
40.128	99.125	261.072
40.150	99.130	261.085
40.166	99.138	261.081
40.189	99.142	261.085
40.224	99.153	261.078
40.267	99.168	261.080
40.309	99.195	261.077
40.369	99.219	261.079
40.426	99.265	261.071
40.480	99.336	261.067
40.448	99.395	261.060
40.409	99.452	261.058
40.379	99.521	261.062
40.376	99.581	261.070
40.374	99.642	261.056
40.352	99.685	261.048
40.320	99.717	261.035
40.272	99.737	261.038
40.210	99.741	261.045
40.062	99.751	261.049
40.016	99.766	261.053
40.038	99.753	261.047
40.070	99.724	261.050
40.088	99.698	261.056
40.124	99.654	261.042
40.125	99.598	261.031
40.103	99.542	261.034
40.083	99.472	261.029
40.078	99.400	261.028
40.086	99.344	261.037
40.102	99.276	261.038
40.116	99.223	261.045
40.132	99.183	261.048
40.140	99.144	261.060
40.129	99.112	261.068
40.122	99.097	261.075
40.122	99.069	261.080
40.124	99.063	261.085
40.145	99.051	261.088
40.179	99.059	261.091
40.227	99.063	261.094
40.293	99.088	261.092
40.382	99.115	261.097
40.473	99.168	261.093
40.475	99.233	261.080
40.417	99.298	261.066
40.388	99.370	261.070
40.399	99.445	261.082
40.415	99.527	261.073
40.432	99.607	261.057
40.432	99.682	261.040
40.445	99.746	261.040
40.444	99.800	261.037
40.413	99.833	261.034
40.366	99.845	261.053
40.306	99.848	261.058
40.218	99.837	261.059
40.038	99.829	261.063
39.984	99.825	261.069
40.022	99.794	261.061
40.088	99.728	261.057
40.112	99.681	261.055
40.130	99.612	261.036
40.123	99.541	261.038
40.110	99.472	261.040
40.087	99.392	261.036
40.078	99.330	261.037
40.073	99.253	261.041
40.094	99.193	261.045
40.110	99.154	261.051
40.123	99.122	261.056
40.127	99.106	261.064
40.130	99.091	261.070
40.120	99.084	261.082
40.120	99.082	261.084
40.125	99.090	261.087
40.133	99.104	261.086
40.147	99.119	261.089
40.167	99.141	261.082
40.191	99.164	261.087
40.226	99.194	261.088
40.278	99.229	261.089
40.339	99.273	261.086
40.404	99.307	261.081
40.471	99.373	261.073
40.461	99.441	261.074
40.416	99.500	261.060
40.377	99.559	261.069
40.370	99.617	261.067
40.371	99.680	261.063
40.374	99.721	261.058
40.358	99.754	261.055
40.344	99.769	261.045
40.317	99.777	261.050
40.260	99.764	261.051
40.179	99.752	261.062
39.994	99.738	261.060
39.985	99.729	261.058
40.025	99.690	261.051
40.096	99.644	261.056
40.145	99.598	261.051
40.116	99.543	261.044
40.091	99.497	261.036
40.081	99.441	261.032
40.084	99.381	261.039
40.098	99.324	261.041
40.124	99.268	261.047
40.146	99.231	261.047
40.141	99.196	261.061
40.142	99.168	261.067
40.131	99.138	261.066
40.120	99.107	261.071
40.126	99.104	261.090
40.134	99.094	261.096
40.152	99.097	261.099
40.184	99.100	261.092
40.223	99.107	261.098
40.281	99.136	261.098
40.343	99.159	261.097
40.417	99.203	261.094
40.483	99.257	261.090
40.453	99.331	261.074
40.413	99.388	261.078
40.391	99.456	261.085
40.402	99.535	261.085
40.414	99.606	261.073
40.402	99.660	261.059
40.386	99.724	261.052
40.359	99.760	261.046
40.296	99.793	261.041
40.121	99.834	261.050
40.055	99.879	261.061
40.076	99.895	261.053
40.115	99.883	261.052
40.121	99.862	261.051
40.141	99.828	261.046
40.139	99.790	261.036
40.133	99.721	261.024
40.115	99.649	261.023
40.105	99.567	261.022
40.126	99.481	261.022
40.147	99.391	261.035
40.156	99.314	261.035
40.150	99.230	261.050
40.153	99.170	261.057
40.138	99.102	261.069
40.128	99.050	261.070
40.132	99.009	261.079
40.134	98.975	261.090
40.137	98.961	261.099
40.144	98.960	261.099
40.155	98.959	261.104
40.153	98.970	261.104
40.171	98.996	261.104
40.188	99.023	261.101
40.222	99.057	261.096
40.263	99.108	261.091
40.303	99.164	261.091
40.354	99.231	261.084
40.390	99.305	261.079
40.441	99.392	261.077
40.468	99.477	261.076
40.447	99.566	261.065
40.401	99.654	261.062
40.349	99.744	261.060
40.288	99.813	261.061
40.179	99.891	261.050
40.089	99.990	261.054
40.119	100.036	261.045
40.161	100.060	261.040
40.175	100.079	261.048
40.197	100.063	261.034
40.170	100.026	261.035
40.135	99.969	261.035
40.105	99.896	261.030
40.095	99.795	261.022
40.097	99.695	261.018
40.122	99.594	261.019
40.140	99.495	261.032
40.144	99.381	261.036
40.143	99.286	261.047
40.141	99.195	261.051
40.131	99.110	261.066
40.123	99.044	261.078
40.119	98.986	261.089
40.116	98.949	261.091
40.117	98.926	261.101
40.124	98.898	261.104
40.151	98.892	261.101
40.193	98.887	261.109
40.271	98.915	261.108
40.371	98.945	261.107
40.493	99.020	261.102
40.476	99.109	261.088
40.408	99.188	261.070
40.385	99.300	261.095
40.391	99.399	261.093
40.392	99.518	261.077
40.388	99.618	261.051
40.384	99.704	261.040
40.401	99.784	261.035
40.402	99.844	261.036
40.380	99.886	261.040
40.334	99.903	261.048
40.272	99.910	261.050
40.141	99.897	261.049
39.956	99.911	261.065
39.978	99.897	261.055
40.055	99.854	261.046
40.139	99.788	261.045
40.181	99.717	261.044
40.147	99.636	261.032
40.103	99.573	261.029
40.071	99.487	261.025
40.058	99.390	261.033
40.077	99.311	261.045
40.111	99.246	261.051
40.136	99.175	261.054
40.139	99.128	261.066
40.137	99.090	261.073
40.123	99.047	261.079
40.115	99.025	261.089
40.113	99.010	261.099
40.127	99.005	261.094
40.149	99.011	261.102
40.170	99.025	261.102
40.185	99.040	261.098
40.219	99.075	261.091
40.268	99.114	261.096
40.310	99.166	261.095
40.376	99.221	261.095
40.423	99.299	261.078
40.463	99.385	261.080
40.434	99.471	261.065
40.395	99.559	261.065
40.364	99.638	261.069
40.369	99.714	261.065
40.369	99.783	261.063
40.350	99.837	261.058
40.317	99.876	261.045
40.273	99.885	261.042
40.210	99.889	261.049
40.046	99.891	261.058
40.031	99.902	261.058
40.054	99.865	261.053
40.091	99.812	261.058
40.103	99.764	261.053
40.138	99.697	261.043
40.126	99.625	261.033
40.108	99.554	261.025
40.094	99.468	261.028
40.102	99.386	261.035
40.117	99.301	261.036
40.128	99.230	261.041
40.142	99.172	261.049
40.143	99.117	261.061
40.140	99.077	261.077
40.130	99.047	261.076
40.130	99.022	261.089
40.127	99.009	261.089
40.134	99.008	261.099
40.151	99.008	261.101
40.189	99.028	261.099
40.243	99.046	261.102
40.315	99.077	261.105
40.406	99.127	261.100
40.491	99.200	261.095
40.458	99.282	261.077
40.405	99.355	261.071
40.389	99.437	261.083
40.410	99.523	261.088
40.425	99.606	261.072
40.435	99.694	261.059
40.437	99.758	261.043
40.434	99.816	261.038
40.407	99.852	261.031
40.358	99.880	261.039
40.282	99.891	261.049
40.126	99.907	261.057
40.019	99.923	261.064
40.028	99.913	261.064
40.070	99.868	261.056
40.100	99.817	261.055
40.146	99.759	261.038
40.144	99.695	261.033
40.112	99.608	261.028
40.086	99.520	261.024
40.074	99.440	261.032
40.081	99.341	261.033
40.094	99.260	261.041
40.114	99.183	261.045
40.128	99.125	261.044
40.136	99.083	261.061
40.124	99.036	261.073
40.115	98.997	261.073
40.119	98.985	261.080
40.116	98.974	261.090
40.122	98.973	261.093
40.134	98.975	261.090
40.151	99.002	261.092
40.168	99.027	261.098
40.194	99.046	261.093
40.233	99.086	261.093
40.287	99.133	261.093
40.351	99.190	261.096
40.418	99.247	261.076
40.468	99.331	261.075
40.437	99.409	261.063
40.402	99.481	261.059
40.373	99.570	261.068
40.373	99.644	261.070
40.376	99.708	261.054
40.362	99.770	261.044
40.334	99.799	261.038
40.298	99.825	261.035
40.231	99.828	261.037
40.065	99.859	261.043
40.030	99.879	261.045
40.055	99.853	261.042
40.096	99.816	261.043
40.137	99.769	261.043
40.127	99.713	261.034
40.101	99.651	261.026
40.072	99.574	261.020
40.063	99.513	261.025
40.084	99.425	261.028
40.115	99.348	261.037
40.135	99.270	261.043
40.139	99.200	261.042
40.145	99.153	261.056
40.140	99.100	261.066
40.114	99.052	261.073
40.117	99.021	261.085
40.124	98.993	261.088
40.127	98.981	261.095
40.140	98.977	261.100
40.163	98.982	261.098
40.191	98.991	261.096
40.226	99.014	261.101
40.277	99.052	261.103
40.343	99.103	261.098
40.426	99.164	261.096
40.474	99.243	261.083
40.439	99.333	261.077
40.400	99.418	261.069
40.367	99.506	261.072
40.373	99.600	261.076
40.376	99.685	261.058
40.365	99.753	261.053
40.342	99.820	261.050
40.302	99.859	261.041
40.215	99.893	261.040
40.060	99.955	261.057
40.056	99.971	261.056
40.101	99.964	261.050
40.128	99.946	261.054
40.117	99.899	261.047
40.128	99.858	261.037
40.121	99.788	261.026
40.116	99.710	261.021
40.094	99.611	261.023
40.104	99.522	261.024
40.127	99.429	261.029
40.144	99.336	261.038
40.142	99.244	261.044
40.142	99.169	261.054
40.145	99.107	261.071
40.128	99.051	261.080
40.122	99.004	261.082
40.127	98.982	261.099
40.128	98.958	261.106
40.143	98.949	261.107
40.154	98.949	261.113
40.178	98.973	261.112
40.204	98.993	261.110
40.242	99.030	261.108
40.290	99.079	261.110
40.355	99.137	261.110
40.419	99.199	261.099
40.474	99.292	261.092
40.449	99.388	261.087
40.410	99.479	261.071
40.380	99.570	261.077
40.375	99.671	261.078
40.375	99.741	261.063
40.357	99.810	261.054
40.321	99.863	261.042
40.262	99.898	261.041
40.146	99.935	261.042
40.063	99.971	261.053
40.079	99.976	261.053
40.109	99.956	261.054
40.089	99.930	261.054
40.109	99.884	261.043
40.107	99.823	261.032
40.104	99.766	261.038
40.083	99.680	261.033
40.077	99.583	261.026
40.080	99.498	261.031
40.108	99.410	261.037
40.116	99.328	261.043
40.118	99.246	261.048
40.129	99.177	261.054
40.133	99.131	261.064
40.125	99.086	261.076
40.118	99.043	261.082
40.122	99.030	261.091
40.127	99.011	261.103
40.146	99.000	261.099
40.169	99.007	261.104
40.212	99.007	261.100
40.260	99.028	261.101
40.319	99.063	261.099
40.398	99.109	261.099
40.473	99.168	261.093
40.464	99.261	261.075
40.408	99.337	261.069
40.370	99.413	261.074
40.365	99.509	261.078
40.370	99.586	261.066
40.377	99.657	261.048
40.382	99.734	261.047
40.383	99.780	261.034
40.371	99.803	261.036
40.349	99.816	261.043
40.297	99.804	261.049
40.222	99.790	261.053
40.088	99.769	261.056
39.938	99.765	261.061
39.981	99.738	261.050
40.061	99.687	261.037
40.131	99.627	261.038
40.158	99.565	261.036
40.143	99.501	261.029
40.106	99.438	261.025
40.072	99.373	261.035
40.061	99.296	261.031
40.083	99.233	261.035
40.118	99.187	261.036
40.134	99.145	261.051
40.139	99.123	261.062
40.144	99.102	261.066
40.131	99.076	261.075
40.117	99.065	261.079
40.126	99.057	261.078
40.140	99.072	261.090
40.163	99.079	261.089
40.182	99.100	261.084
40.216	99.108	261.083
40.259	99.150	261.092
40.313	99.180	261.083
40.379	99.231	261.088
40.435	99.274	261.079
40.475	99.363	261.071
40.439	99.432	261.066
40.395	99.486	261.060
40.375	99.566	261.064
40.375	99.640	261.066
40.373	99.698	261.055
40.363	99.759	261.050
40.338	99.787	261.045
40.308	99.810	261.039
40.261	99.805	261.044
40.184	99.798	261.043
40.025	99.801	261.058
40.011	99.790	261.056
40.038	99.751	261.049
40.062	99.707	261.055
40.097	99.663	261.047
40.114	99.603	261.037
40.098	99.537	261.033
40.078	99.470	261.029
40.067	99.396	261.034
40.060	99.324	261.038
40.076	99.260	261.038
40.095	99.211	261.043
40.108	99.160	261.046
40.124	99.140	261.054
40.125	99.111	261.056
40.121	99.096	261.071
40.114	99.084	261.072
40.125	99.087	261.079
40.130	99.093	261.090
40.164	99.100	261.088
40.198	99.108	261.080
40.242	99.125	261.086
40.305	99.167	261.093
40.381	99.201	261.087
40.462	99.267	261.083
40.482	99.335	261.080
40.423	99.399	261.071
40.396	99.461	261.073
40.371	99.536	261.082
40.380	99.600	261.079
40.389	99.667	261.061
40.386	99.724	261.052
40.388	99.765	261.046
40.388	99.789	261.045
40.373	99.804	261.047
40.333	99.784	261.058
40.278	99.763	261.066
40.188	99.715	261.062
40.080	99.685	261.059
39.938	99.671	261.070
39.980	99.627	261.060
40.054	99.576	261.050
40.125	99.533	261.045
40.152	99.471	261.048
40.142	99.413	261.047
40.096	99.359	261.031
40.069	99.320	261.035
40.052	99.264	261.040
40.076	99.220	261.039
40.107	99.190	261.044
40.129	99.174	261.053
40.142	99.167	261.063
40.143	99.160	261.061
40.137	99.161	261.074
40.121	99.155	261.076
40.130	99.166	261.082
40.141	99.167	261.085
40.158	99.177	261.084
40.182	99.200	261.083
40.214	99.219	261.081
40.253	99.227	261.082
40.295	99.258	261.083
40.347	99.294	261.088
40.405	99.325	261.079
40.465	99.381	261.076
40.463	99.436	261.070
40.427	99.489	261.058
40.392	99.550	261.070
40.378	99.609	261.071
40.372	99.657	261.068
40.362	99.702	261.057
40.340	99.741	261.054
40.296	99.750	261.045
40.248	99.748	261.045
40.181	99.746	261.054
40.033	99.751	261.059
40.023	99.741	261.057
40.049	99.717	261.052
40.064	99.679	261.049
40.098	99.640	261.052
40.120	99.599	261.045
40.099	99.543	261.042
40.080	99.494	261.036
40.071	99.433	261.034
40.071	99.359	261.038
40.084	99.308	261.041
40.096	99.256	261.047
40.111	99.218	261.057
40.125	99.186	261.052
40.124	99.163	261.056
40.124	99.136	261.065
40.116	99.119	261.070
40.118	99.112	261.075
40.137	99.104	261.089
40.173	99.104	261.081
40.232	99.109	261.088
40.312	99.129	261.092
40.405	99.147	261.082
40.500	99.200	261.087
40.462	99.262	261.068
40.406	99.311	261.065
40.390	99.379	261.075
40.406	99.456	261.086
40.402	99.526	261.069
40.398	99.595	261.048
40.397	99.654	261.038
40.402	99.704	261.031
40.389	99.731	261.037
40.374	99.746	261.032
40.347	99.753	261.046
40.302	99.740	261.050
40.225	99.706	261.056
40.146	99.661	261.053
40.065	99.622	261.057
39.945	99.594	261.064
39.990	99.561	261.050
40.061	99.517	261.041
40.118	99.459	261.045
40.155	99.406	261.051
40.140	99.348	261.037
40.090	99.303	261.040
40.052	99.264	261.040
40.054	99.231	261.042
40.074	99.195	261.045
40.104	99.172	261.039
40.126	99.157	261.048
40.144	99.159	261.058
40.150	99.154	261.062
40.137	99.162	261.068
40.120	99.151	261.072
40.135	99.168	261.076
40.153	99.169	261.076
40.174	99.182	261.078
40.217	99.198	261.078
40.263	99.207	261.073
40.321	99.241	261.078
40.386	99.272	261.078
40.454	99.318	261.070
40.458	99.378	261.059
40.416	99.422	261.053
40.397	99.476	261.064
40.382	99.535	261.066
40.386	99.591	261.066
40.376	99.639	261.050
40.370	99.686	261.043
40.356	99.717	261.038
40.335	99.729	261.034
40.281	99.727	261.044
40.208	99.708	261.051
40.067	99.713	261.053
39.983	99.708	261.059
40.007	99.689	261.052
40.065	99.651	261.045
40.092	99.614	261.052
40.128	99.575	261.037
40.125	99.531	261.041
40.105	99.469	261.036
40.088	99.416	261.037
40.073	99.354	261.040
40.074	99.300	261.043
40.098	99.253	261.047
40.118	99.221	261.049
40.130	99.195	261.058
40.135	99.173	261.062
40.136	99.147	261.072
40.131	99.140	261.079
40.126	99.135	261.084
40.136	99.115	261.095
40.164	99.131	261.089
40.193	99.128	261.100
40.234	99.136	261.089
40.294	99.162	261.088
40.367	99.184	261.099
40.439	99.234	261.088
40.479	99.294	261.080
40.427	99.357	261.070
40.400	99.418	261.069
40.377	99.484	261.079
40.379	99.552	261.073
40.388	99.617	261.064
40.383	99.682	261.054
40.389	99.736	261.042
40.380	99.769	261.037
40.358	99.783	261.041
40.327	99.787	261.052
40.262	99.755	261.058
40.183	99.738	261.055
40.067	99.715	261.067
39.944	99.698	261.068
39.987	99.669	261.060
40.056	99.613	261.049
40.098	99.570	261.049
40.113	99.528	261.047
40.121	99.474	261.037
40.109	99.424	261.040
40.091	99.352	261.033
40.079	99.307	261.035
40.091	99.257	261.038
40.107	99.215	261.047
40.109	99.183	261.049
40.124	99.171	261.049
40.139	99.158	261.058
40.134	99.152	261.075
40.129	99.147	261.081
40.140	99.151	261.085
40.145	99.154	261.089
40.161	99.165	261.085
40.184	99.168	261.085
40.216	99.185	261.092
40.257	99.218	261.090
40.300	99.233	261.086
40.357	99.276	261.084
40.413	99.314	261.092
40.473	99.370	261.083
40.465	99.424	261.070
40.426	99.485	261.063
40.396	99.533	261.068
40.381	99.591	261.070
40.371	99.634	261.061
40.365	99.684	261.055
40.351	99.711	261.046
40.323	99.728	261.037
40.284	99.714	261.041
40.232	99.705	261.043
40.157	99.690	261.050
39.995	99.684	261.059
39.983	99.662	261.051
40.023	99.623	261.039
40.045	99.583	261.048
40.085	99.547	261.043
40.096	99.502	261.037
40.075	99.459	261.039
40.077	99.406	261.030
40.064	99.356	261.033
40.057	99.314	261.033
40.074	99.268	261.044
40.097	99.246	261.051
40.109	99.220	261.053
40.115	99.199	261.052
40.123	99.190	261.056
40.120	99.179	261.066
40.128	99.170	261.076
40.135	99.166	261.078
40.171	99.170	261.082
40.229	99.175	261.089
40.298	99.189	261.091
40.374	99.200	261.086
40.485	99.245	261.090
40.495	99.299	261.080
40.431	99.341	261.067
40.403	99.403	261.081
40.402	99.459	261.085
40.419	99.510	261.082
40.421	99.578	261.060
40.430	99.641	261.046
40.427	99.676	261.036
40.420	99.704	261.033
40.407	99.733	261.037
40.375	99.736	261.048
40.336	99.725	261.059
40.281	99.702	261.058
40.211	99.664	261.065
40.141	99.611	261.066
40.062	99.563	261.055
39.944	99.522	261.059
39.988	99.493	261.055
40.046	99.454	261.045
40.104	99.390	261.047
40.137	99.333	261.046
40.116	99.292	261.039
40.071	99.252	261.036
40.042	99.223	261.027
40.054	99.200	261.030
40.083	99.183	261.033
40.106	99.163	261.037
40.129	99.170	261.041
40.144	99.175	261.058
40.141	99.190	261.058
40.133	99.203	261.059
40.129	99.214	261.071
40.127	99.225	261.071
40.148	99.237	261.073
40.169	99.251	261.079
40.206	99.270	261.080
40.247	99.275	261.078
40.291	99.297	261.083
40.351	99.319	261.087
40.424	99.347	261.084
40.481	99.387	261.074
40.459	99.428	261.068
40.423	99.472	261.069
40.394	99.513	261.073
40.395	99.561	261.078
40.391	99.604	261.067
40.373	99.632	261.052
40.356	99.676	261.050
40.323	99.685	261.046
40.269	99.683	261.044
40.171	99.690	261.050
40.029	99.720	261.062
40.029	99.718	261.058
40.052	99.702	261.051
40.087	99.684	261.047
40.117	99.660	261.053
40.138	99.628	261.039
40.119	99.581	261.031
40.096	99.530	261.026
40.087	99.468	261.030
40.095	99.412	261.034
40.113	99.356	261.042
40.121	99.306	261.043
40.129	99.246	261.047
40.142	99.212	261.061
40.133	99.176	261.069
40.122	99.146	261.074
40.125	99.113	261.082
40.123	99.093	261.087
40.133	99.076	261.098
40.158	99.076	261.098
40.186	99.057	261.096
40.227	99.063	261.100
40.287	99.089	261.099
40.366	99.112	261.100
40.448	99.154	261.097
40.481	99.217	261.083
40.432	99.292	261.080
40.403	99.362	261.076
40.385	99.433	261.086
40.404	99.527	261.086
40.409	99.607	261.065
40.414	99.685	261.052
40.417	99.753	261.040
40.404	99.798	261.045
40.366	99.830	261.040
40.308	99.843	261.053
40.231	99.836	261.059
40.067	99.861	261.064
40.003	99.875	261.068
40.021	99.850	261.065
40.063	99.803	261.059
40.094	99.756	261.060
40.127	99.701	261.045
40.110	99.645	261.038
40.093	99.566	261.035
40.075	99.494	261.034
40.075	99.418	261.040
40.075	99.347	261.045
40.091	99.279	261.046
40.105	99.223	261.046
40.115	99.176	261.050
40.113	99.137	261.053
40.124	99.109	261.071
40.118	99.083	261.077
40.118	99.086	261.078
40.122	99.069	261.087
40.136	99.085	261.093
40.150	99.083	261.084
40.170	99.092	261.085
40.201	99.117	261.091
40.250	99.137	261.089
40.301	99.173	261.093
40.358	99.214	261.087
40.421	99.258	261.084
40.470	99.326	261.077
40.439	99.401	261.070
40.405	99.467	261.064
40.366	99.527	261.064
40.361	99.593	261.070
40.366	99.657	261.055
40.363	99.716	261.053
40.356	99.744	261.045
40.334	99.755	261.044
40.316	99.758	261.048
40.265	99.736	261.053
40.181	99.719	261.047
40.005	99.693	261.055
39.962	99.696	261.057
40.009	99.652	261.048
40.089	99.600	261.048
40.142	99.558	261.045
40.152	99.496	261.035
40.122	99.445	261.033
40.082	99.383	261.030
40.060	99.324	261.032
40.063	99.265	261.037
40.103	99.226	261.036
40.130	99.191	261.046
40.141	99.162	261.058
40.147	99.144	261.064
40.141	99.117	261.066
40.126	99.100	261.078
40.123	99.087	261.085
40.131	99.077	261.085
40.166	99.088	261.084
40.203	99.082	261.092
40.258	99.100	261.088
40.320	99.122	261.084
40.392	99.153	261.081
40.474	99.213	261.075
40.469	99.279	261.069
40.413	99.336	261.061
40.390	99.408	261.073
40.385	99.478	261.074
40.392	99.547	261.069
40.392	99.619	261.051
40.394	99.687	261.046
40.392	99.723	261.039
40.382	99.767	261.034
40.347	99.779	261.037
40.298	99.783	261.045
40.219	99.755	261.058
40.097	99.738	261.059
39.976	99.738	261.070
40.001	99.709	261.059
40.061	99.665	261.052
40.082	99.608	261.051
40.118	99.563	261.050
40.117	99.514	261.046
40.097	99.447	261.043
40.079	99.377	261.043
40.064	99.315	261.040
40.063	99.269	261.048
40.089	99.212	261.049
40.098	99.178	261.051
40.111	99.147	261.049
40.121	99.129	261.051
40.123	99.122	261.062
40.121	99.126	261.079
40.123	99.120	261.077
40.126	99.132	261.083
40.142	99.141	261.088
40.168	99.156	261.085
40.200	99.174	261.083
40.242	99.198	261.084
40.291	99.222	261.087
40.349	99.255	261.088
40.417	99.302	261.083
40.470	99.354	261.082
40.449	99.414	261.067
40.410	99.473	261.063
40.378	99.533	261.072
40.374	99.589	261.075
40.375	99.638	261.068
40.370	99.687	261.052
40.356	99.717	261.044
40.353	99.733	261.042
40.333	99.739	261.043
40.294	99.726	261.051
40.236	99.689	261.062
40.140	99.667	261.058
39.955	99.654	261.063
39.961	99.633	261.055
40.030	99.596	261.045
40.101	99.554	261.050
40.139	99.504	261.047
40.121	99.472	261.045
40.093	99.418	261.036
40.079	99.375	261.041
40.074	99.328	261.037
40.093	99.276	261.046
40.124	99.244	261.047
40.143	99.217	261.053
40.141	99.198	261.058
40.151	99.182	261.074
40.143	99.163	261.075
40.132	99.161	261.084
40.131	99.141	261.089
40.149	99.144	261.093
40.183	99.148	261.096
40.212	99.154	261.088
40.258	99.158	261.091
40.313	99.184	261.094
40.377	99.213	261.096
40.450	99.264	261.089
40.474	99.317	261.079
40.430	99.367	261.069
40.396	99.433	261.079
40.382	99.494	261.078
40.393	99.566	261.076
40.392	99.619	261.063
40.387	99.669	261.051
40.365	99.710	261.046
40.344	99.745	261.045
40.282	99.748	261.043
40.172	99.753	261.046
40.017	99.788	261.062
40.025	99.806	261.057
40.062	99.783	261.048
40.125	99.749	261.049
40.143	99.705	261.045
40.134	99.669	261.036
40.105	99.609	261.025
40.090	99.551	261.021
40.097	99.480	261.023
40.124	99.416	261.029
40.144	99.335	261.034
40.148	99.267	261.036
40.149	99.213	261.052
40.144	99.160	261.061
40.125	99.112	261.066
40.122	99.071	261.078
40.129	99.043	261.087
40.128	99.022	261.095
40.133	99.002	261.096
40.147	99.000	261.093
40.167	99.011	261.104
40.188	99.023	261.107
40.230	99.048	261.112
40.286	99.087	261.108
40.360	99.110	261.099
40.437	99.165	261.099
40.478	99.245	261.093
40.436	99.321	261.081
40.403	99.399	261.080
40.378	99.477	261.083
40.377	99.557	261.077
40.369	99.640	261.057
40.327	99.713	261.050
40.250	99.778	261.038
40.094	99.865	261.035
40.095	99.937	261.024
40.151	99.975	261.032
40.180	99.981	261.036
40.178	99.986	261.040
40.157	99.974	261.031
40.131	99.940	261.028
40.120	99.883	261.020
40.109	99.810	261.012
40.105	99.705	261.013
40.117	99.612	261.013
40.143	99.531	261.021
40.156	99.430	261.028
40.150	99.326	261.044
40.148	99.232	261.059
40.140	99.146	261.064
40.129	99.067	261.070
40.122	98.996	261.082
40.123	98.951	261.091
40.134	98.905	261.105
40.147	98.876	261.100
40.158	98.860	261.110
40.180	98.864	261.113
40.208	98.874	261.111
40.243	98.902	261.108
40.282	98.942	261.102
40.339	99.003	261.096
40.395	99.069	261.099
40.446	99.159	261.094
40.466	99.272	261.084
40.431	99.386	261.070
40.393	99.492	261.068
40.371	99.607	261.071
40.364	99.708	261.061
40.354	99.797	261.054
40.330	99.869	261.049
40.283	99.911	261.038
40.219	99.953	261.036
40.071	99.986	261.046
40.059	100.010	261.046
40.081	100.000	261.041
40.094	99.966	261.051
40.093	99.919	261.049
40.121	99.859	261.037
40.114	99.786	261.032
40.090	99.695	261.027
40.071	99.603	261.024
40.076	99.508	261.027
40.088	99.412	261.038
40.103	99.328	261.049
40.113	99.238	261.052
40.117	99.170	261.048
40.123	99.122	261.062
40.118	99.070	261.072
40.115	99.027	261.080
40.114	99.011	261.086
40.119	98.989	261.091
40.137	98.990	261.103
40.171	98.999	261.099
40.220	98.997	261.100
40.294	99.034	261.101
40.377	99.071	261.100
40.479	99.148	261.101
40.484	99.226	261.088
40.422	99.307	261.078
40.384	99.385	261.087
40.379	99.480	261.091
40.395	99.563	261.082
40.403	99.652	261.066
40.415	99.727	261.049
40.430	99.787	261.044
40.431	99.832	261.042
40.412	99.861	261.044
40.391	99.872	261.053
40.338	99.863	261.067
40.260	99.837	261.065
40.161	99.799	261.060
39.979	99.777	261.061
39.963	99.745	261.060
40.030	99.695	261.047
40.120	99.630	261.046
40.160	99.563	261.046
40.162	99.481	261.038
40.124	99.413	261.034
40.086	99.349	261.036
40.063	99.270	261.030
40.064	99.217	261.039
40.097	99.159	261.043
40.128	99.127	261.051
40.138	99.109	261.059
40.142	99.095	261.069
40.137	99.089	261.070
40.121	99.084	261.075
40.115	99.098	261.094
40.120	99.108	261.081
40.139	99.125	261.088
40.152	99.152	261.088
40.169	99.178	261.081
40.186	99.203	261.087
40.222	99.233	261.087
40.267	99.271	261.080
40.312	99.306	261.084
40.377	99.338	261.072
40.441	99.402	261.075
40.476	99.455	261.071
40.448	99.514	261.066
40.407	99.564	261.057
40.379	99.627	261.063
40.376	99.685	261.064
40.366	99.729	261.059
40.336	99.750	261.046
40.295	99.770	261.039
40.249	99.787	261.041
40.161	99.778	261.040
40.050	99.805	261.057
40.053	99.789	261.053
40.076	99.750	261.049
40.071	99.719	261.052
40.100	99.678	261.049
40.115	99.621	261.040
40.093	99.560	261.032
40.078	99.501	261.031
40.065	99.430	261.036
40.080	99.365	261.038
40.092	99.297	261.044
40.106	99.238	261.048
40.112	99.187	261.055
40.123	99.145	261.052
40.123	99.119	261.061
40.122	99.097	261.069
40.115	99.070	261.077
40.115	99.069	261.083
40.119	99.056	261.093
40.148	99.059	261.090
40.195	99.064	261.091
40.252	99.077	261.090
40.332	99.098	261.094
40.428	99.155	261.087
40.499	99.213	261.085
40.447	99.275	261.066
40.403	99.357	261.067
40.380	99.425	261.074
40.396	99.504	261.080
40.408	99.580	261.063
40.413	99.659	261.054
40.428	99.722	261.038
40.434	99.771	261.034
40.425	99.808	261.034
40.397	99.823	261.041
40.360	99.820	261.053
40.297	99.806	261.063
40.207	99.779	261.064
40.084	99.741	261.060
39.947	99.736	261.067
39.993	99.692	261.052
40.073	99.639	261.042
40.145	99.573	261.042
40.173	99.509	261.048
40.148	99.438	261.043
40.103	99.369	261.036
40.072	99.304	261.030
40.064	99.243	261.035
40.071	99.183	261.039
40.118	99.141	261.045
40.136	99.116	261.054
40.140	99.099	261.063
40.143	99.084	261.062
40.132	99.083	261.071
40.120	99.081	261.081
40.118	99.085	261.085
40.133	99.103	261.089
40.141	99.121	261.083
40.160	99.140	261.081
40.184	99.165	261.084
40.213	99.193	261.084
40.259	99.224	261.088
40.304	99.260	261.089
40.368	99.302	261.079
40.429	99.347	261.074
40.480	99.411	261.073
40.448	99.467	261.064
40.414	99.534	261.056
40.380	99.598	261.065
40.377	99.659	261.061
40.371	99.707	261.054
40.342	99.748	261.051
40.306	99.773	261.039
40.260	99.792	261.032
40.204	99.794	261.046
40.057	99.804	261.050
40.048	99.809	261.045
40.062	99.781	261.045
40.076	99.751	261.053
40.088	99.701	261.050
40.117	99.661	261.041
40.107	99.603	261.033
40.087	99.537	261.040
40.077	99.484	261.038
40.074	99.396	261.037
40.088	99.342	261.040
40.097	99.280	261.053
40.114	99.233	261.054
40.125	99.190	261.057
40.127	99.153	261.060
40.120	99.136	261.069
40.118	99.116	261.080
40.113	99.109	261.088
40.117	99.095	261.093
40.141	99.099	261.098
40.182	99.098	261.099
40.236	99.103	261.097
40.316	99.121	261.100
40.416	99.156	261.098
40.499	99.218	261.089
40.456	99.290	261.082
40.402	99.342	261.070
40.382	99.422	261.083
40.393	99.494	261.088
40.400	99.568	261.071
40.404	99.654	261.051
40.417	99.719	261.044
40.429	99.767	261.042
40.414	99.808	261.034
40.390	99.826	261.039
40.359	99.831	261.053
40.305	99.827	261.065
40.217	99.791	261.061
40.126	99.769	261.066
39.958	99.739	261.061
39.965	99.710	261.060
40.037	99.662	261.045
40.109	99.598	261.042
40.153	99.545	261.051
40.157	99.479	261.044
40.119	99.409	261.037
40.086	99.349	261.035
40.058	99.288	261.043
40.062	99.221	261.043
40.096	99.187	261.044
40.123	99.148	261.053
40.138	99.136	261.059
40.136	99.116	261.070
40.136	99.113	261.075
40.125	99.115	261.079
40.115	99.103	261.080
40.124	99.111	261.090
40.141	99.122	261.087
40.160	99.141	261.085
40.191	99.164	261.087
40.223	99.179	261.080
40.276	99.205	261.089
40.333	99.244	261.085
40.402	99.285	261.079
40.476	99.354	261.078
40.462	99.412	261.070
40.425	99.465	261.058
40.386	99.522	261.062
40.381	99.591	261.070
40.383	99.654	261.060
40.376	99.712	261.048
40.360	99.749	261.046
40.326	99.766	261.041
40.299	99.773	261.036
40.234	99.768	261.045
40.126	99.767	261.053
40.026	99.775	261.055
40.026	99.749	261.052
40.062	99.705	261.051
40.071	99.669	261.055
40.119	99.622	261.047
40.116	99.564	261.036
40.094	99.505	261.038
40.076	99.433	261.030
40.069	99.366	261.033
40.067	99.296	261.034
40.081	99.239	261.043
40.105	99.191	261.047
40.119	99.163	261.053
40.121	99.126	261.050
40.120	99.104	261.064
40.117	99.091	261.070
40.114	99.082	261.081
40.120	99.079	261.083
40.143	99.084	261.090
40.177	99.092	261.088
40.218	99.095	261.085
40.273	99.119	261.084
40.354	99.158	261.092
40.435	99.200	261.082
40.493	99.260	261.077
40.446	99.326	261.072
40.400	99.390	261.069
40.382	99.462	261.073
40.382	99.534	261.078
40.386	99.595	261.061
40.388	99.662	261.046
40.394	99.710	261.041
40.398	99.741	261.033
40.386	99.766	261.033
40.355	99.768	261.050
40.316	99.755	261.053
40.246	99.720	261.056
40.152	99.685	261.061
40.001	99.664	261.062
39.941	99.636	261.058
40.005	99.595	261.048
40.074	99.541	261.041
40.129	99.491	261.044
40.150	99.431	261.041
40.126	99.377	261.035
40.090	99.328	261.026
40.053	99.283	261.035
40.050	99.241	261.037
40.079	99.202	261.044
40.115	99.175	261.046
40.126	99.158	261.052
40.144	99.160	261.062
40.138	99.152	261.065
40.127	99.150	261.075
40.116	99.150	261.076
40.120	99.152	261.081
40.141	99.167	261.085
40.158	99.178	261.082
40.183	99.195	261.085
40.211	99.205	261.078
40.248	99.225	261.082
40.290	99.250	261.081
40.343	99.276	261.083
40.402	99.316	261.074
40.457	99.365	261.072
40.472	99.423	261.069
40.435	99.476	261.064
40.391	99.530	261.059
40.375	99.594	261.074
40.374	99.648	261.065
40.359	99.686	261.056
40.330	99.729	261.051
40.295	99.746	261.046
40.246	99.748	261.050
40.187	99.742	261.056
40.040	99.750	261.062
40.017	99.745	261.055
40.036	99.722	261.050
40.064	99.679	261.055
40.080	99.638	261.058
40.115	99.597	261.051
40.103	99.545	261.042
40.082	99.486	261.037
40.073	99.425	261.035
40.063	99.367	261.033
40.075	99.316	261.043
40.089	99.259	261.045
40.114	99.228	261.056
40.126	99.206	261.057
40.120	99.179	261.060
40.121	99.154	261.067
40.117	99.142	261.076
40.117	99.141	261.079
40.136	99.148	261.088
40.173	99.138	261.084
40.248	99.150	261.092
40.334	99.169	261.102
40.453	99.204	261.090
40.501	99.257	261.086
40.445	99.312	261.069
40.410	99.377	261.081
40.407	99.439	261.087
40.405	99.503	261.081
40.398	99.575	261.066
40.389	99.637	261.053
40.380	99.677	261.038
40.386	99.725	261.040
40.380	99.746	261.041
40.359	99.759	261.042
40.331	99.749	261.050
40.287	99.729	261.055
40.211	99.695	261.060
40.145	99.646	261.062
40.086	99.589	261.062
39.944	99.550	261.070
39.965	99.521	261.057
40.023	99.479	261.046
40.084	99.427	261.054
40.141	99.371	261.050
40.145	99.331	261.052
40.100	99.288	261.055
40.047	99.259	261.045
40.036	99.228	261.044
40.059	99.205	261.048
40.087	99.191	261.051
40.113	99.180	261.050
40.136	99.185	261.058
40.141	99.193	261.066
40.133	99.201	261.068
40.128	99.196	261.067
40.131	99.209	261.073
40.153	99.215	261.074
40.181	99.229	261.071
40.226	99.234	261.071
40.282	99.255	261.075
40.341	99.279	261.073
40.407	99.316	261.070
40.470	99.353	261.072
40.452	99.399	261.061
40.415	99.452	261.061
40.391	99.499	261.070
40.385	99.547	261.071
40.386	99.593	261.064
40.376	99.641	261.048
40.362	99.672	261.043
40.350	99.695	261.039
40.332	99.694	261.039
40.280	99.686	261.044
40.212	99.668	261.054
40.098	99.638	261.060
39.965	99.634	261.067
39.982	99.616	261.059
40.037	99.565	261.054
40.076	99.535	261.056
40.109	99.496	261.052
40.115	99.448	261.043
40.096	99.399	261.037
40.078	99.352	261.039
40.061	99.301	261.042
40.060	99.253	261.037
40.082	99.215	261.043
40.101	99.188	261.043
40.117	99.165	261.050
40.125	99.156	261.054
40.122	99.142	261.063
40.117	99.138	261.072
40.124	99.136	261.071
40.130	99.131	261.082
40.174	99.149	261.079
40.215	99.156	261.087
40.274	99.163	261.078
40.340	99.187	261.084
40.416	99.225	261.079
40.485	99.285	261.080
40.449	99.340	261.059
40.410	99.402	261.062
40.377	99.457	261.072
40.392	99.518	261.071
40.396	99.577	261.063
40.394	99.637	261.049
40.399	99.690	261.043
40.392	99.720	261.032
40.382	99.740	261.028
40.351	99.740	261.043
40.310	99.732	261.054
40.250	99.705	261.062
40.167	99.677	261.056
40.075	99.633	261.069
39.932	99.604	261.067
39.980	99.579	261.061
40.051	99.536	261.050
40.113	99.483	261.055
40.119	99.438	261.047
40.110	99.401	261.045
40.091	99.352	261.039
40.077	99.310	261.035
40.076	99.265	261.037
40.103	99.230	261.047
40.123	99.196	261.048
40.132	99.186	261.049
40.138	99.183	261.061
40.142	99.171	261.068
40.130	99.165	261.072
40.124	99.167	261.073
40.124	99.170	261.074
40.138	99.184	261.083
40.152	99.198	261.086
40.173	99.210	261.089
40.201	99.221	261.085
40.238	99.239	261.091
40.285	99.271	261.089
40.345	99.296	261.084
40.410	99.330	261.079
40.469	99.380	261.084
40.456	99.431	261.074
40.423	99.470	261.062
40.391	99.528	261.074
40.380	99.571	261.081
40.372	99.627	261.066
40.346	99.664	261.053
40.291	99.688	261.048
40.222	99.726	261.043
40.059	99.772	261.045
40.050	99.804	261.047
40.098	99.812	261.039
40.142	99.804	261.046
40.123	99.783	261.051
40.135	99.759	261.038
40.126	99.724	261.027
40.121	99.675	261.022
40.099	99.617	261.022
40.099	99.546	261.027
40.126	99.484	261.030
40.142	99.420	261.036
40.153	99.349	261.041
40.151	99.283	261.054
40.152	99.229	261.069
40.140	99.176	261.072
40.123	99.122	261.085
40.128	99.099	261.091
40.132	99.060	261.104
40.137	99.038	261.109
40.159	99.025	261.108
40.199	99.011	261.111
40.249	99.024	261.113
40.319	99.035	261.111
40.395	99.071	261.103
40.477	99.127	261.102
40.466	99.197	261.088
40.413	99.267	261.074
40.379	99.348	261.087
40.396	99.433	261.085
40.413	99.532	261.077
40.422	99.623	261.052
40.425	99.710	261.038
40.421	99.776	261.032
40.379	99.822	261.034
40.330	99.870	261.036
40.251	99.892	261.046
40.074	99.943	261.058
40.043	99.972	261.049
40.053	99.959	261.043
40.070	99.939	261.056
40.107	99.888	261.047
40.131	99.840	261.035
40.118	99.776	261.024
40.097	99.691	261.029
40.078	99.601	261.024
40.083	99.504	261.028
40.095	99.410	261.031
40.098	99.323	261.038
40.113	99.236	261.048
40.129	99.172	261.055
40.127	99.106	261.058
40.121	99.054	261.068
40.125	99.011	261.080
40.119	98.987	261.084
40.113	98.965	261.095
40.131	98.966	261.101
40.142	98.969	261.095
40.159	98.977	261.097
40.177	98.994	261.103
40.202	99.021	261.097
40.245	99.064	261.100
40.290	99.102	261.099
40.347	99.161	261.096
40.400	99.215	261.086
40.453	99.300	261.078
40.438	99.383	261.072
40.410	99.473	261.063
40.366	99.553	261.067
40.359	99.629	261.063
40.359	99.702	261.056
40.357	99.761	261.045
40.344	99.806	261.049
40.314	99.833	261.043
40.278	99.830	261.043
40.204	99.821	261.036
40.029	99.830	261.046
39.995	99.822	261.044
40.020	99.796	261.035
40.084	99.738	261.036
40.141	99.680	261.035
40.157	99.617	261.023
40.120	99.550	261.024
40.077	99.479	261.022
40.072	99.402	261.022
40.078	99.329	261.027
40.107	99.258	261.037
40.140	99.200	261.042
40.157	99.154	261.053
40.148	99.118	261.067
40.139	99.081	261.065
40.126	99.058	261.081
40.120	99.033	261.085
40.133	99.031	261.094
40.152	99.024	261.101
40.198	99.037	261.101
40.245	99.039	261.107
40.321	99.072	261.104
40.404	99.109	261.096
40.490	99.182	261.097
40.466	99.256	261.077
40.412	99.327	261.073
40.390	99.411	261.087
40.406	99.489	261.089
40.421	99.578	261.076
40.429	99.668	261.059
40.436	99.741	261.043
40.444	99.803	261.038
40.429	99.842	261.039
40.391	99.873	261.040
40.344	99.885	261.055
40.272	99.881	261.059
40.173	99.868	261.064
39.991	99.867	261.069
39.998	99.840	261.066
40.053	99.786	261.051
40.101	99.720	261.051
40.125	99.647	261.047
40.127	99.567	261.037
40.112	99.506	261.032
40.088	99.412	261.031
40.069	99.316	261.030
40.062	99.248	261.033
40.073	99.176	261.037
40.099	99.121	261.043
40.109	99.078	261.039
40.119	99.058	261.056
40.120	99.033	261.063
40.117	99.023	261.070
40.119	99.030	261.084
40.120	99.035	261.089
40.130	99.064	261.092
40.145	99.079	261.093
40.162	99.109	261.087
40.189	99.146	261.095
40.218	99.178	261.090
40.265	99.208	261.091
40.318	99.262	261.093
40.381	99.299	261.088
40.445	99.361	261.084
40.472	99.426	261.077
40.438	99.488	261.070
40.401	99.545	261.069
40.378	99.610	261.069
40.382	99.667	261.070
40.378	99.711	261.055
40.367	99.750	261.052
40.350	99.767	261.044
40.324	99.776	261.044
40.276	99.754	261.048
40.205	99.744	261.056
40.029	99.720	261.049
39.977	99.710	261.053
40.007	99.689	261.051
40.070	99.631	261.047
40.129	99.590	261.039
40.116	99.540	261.037
40.103	99.499	261.033
40.083	99.431	261.020
40.089	99.383	261.027
40.100	99.315	261.033
40.114	99.257	261.031
40.142	99.212	261.045
40.147	99.171	261.048
40.136	99.143	261.055
40.133	99.130	261.067
40.122	99.101	261.070
40.125	99.086	261.076
40.127	99.077	261.083
40.151	99.076	261.095
40.197	99.088	261.097
40.244	99.088	261.099
40.315	99.121	261.100
40.398	99.152	261.096
40.484	99.200	261.098
40.460	99.275	261.082
40.407	99.319	261.071
40.391	99.390	261.082
40.413	99.464	261.099
40.430	99.543	261.080
40.432	99.610	261.064
40.429	99.670	261.044
40.423	99.718	261.037
40.383	99.759	261.042
40.319	99.798	261.049
40.148	99.826	261.057
40.048	99.881	261.062
40.051	99.897	261.057
40.086	99.880	261.056
40.114	99.861	261.050
40.153	99.828	261.045
40.156	99.772	261.029
40.136	99.705	261.026
40.115	99.622	261.022
40.099	99.543	261.013
40.118	99.463	261.022
40.136	99.361	261.027
40.140	99.274	261.035
40.139	99.200	261.049
40.149	99.135	261.055
40.138	99.075	261.062
40.123	99.018	261.069
40.121	98.979	261.078
40.126	98.954	261.094
40.122	98.928	261.095
40.135	98.926	261.098
40.146	98.926	261.097
40.154	98.945	261.102
40.171	98.969	261.103
40.207	98.996	261.097
40.255	99.048	261.099
40.314	99.100	261.101
40.378	99.157	261.092
40.444	99.237	261.085
40.468	99.335	261.080
40.439	99.431	261.072
40.399	99.516	261.070
40.376	99.609	261.070
40.368	99.692	261.062
40.347	99.778	261.050
40.296	99.836	261.042
40.228	99.891	261.037
40.098	99.950	261.040
40.105	99.997	261.039
40.151	100.007	261.038
40.159	99.997	261.038
40.146	99.975	261.048
40.136	99.919	261.032
40.119	99.863	261.031
40.105	99.783	261.032
40.090	99.693	261.023
40.086	99.591	261.025
40.096	99.502	261.031
40.119	99.411	261.040
40.133	99.307	261.047
40.129	99.218	261.053
40.136	99.140	261.053
40.122	99.070	261.062
40.121	99.026	261.080
40.108	98.984	261.083
40.112	98.948	261.091
40.124	98.925	261.094
40.135	98.926	261.097
40.150	98.913	261.100
40.182	98.929	261.107
40.231	98.951	261.102
40.282	98.986	261.102
40.355	99.036	261.101
40.429	99.103	261.094
40.474	99.186	261.084
40.432	99.289	261.073
40.381	99.373	261.062
40.356	99.472	261.070
40.364	99.563	261.079
40.372	99.655	261.054
40.374	99.721	261.045
40.376	99.788	261.036
40.375	99.836	261.041
40.347	99.854	261.043
40.302	99.858	261.053
40.221	99.845	261.054
40.039	99.846	261.057
39.965	99.851	261.069
40.002	99.829	261.054
40.082	99.776	261.050
40.147	99.711	261.049
40.164	99.647	261.040
40.128	99.574	261.033
40.090	99.507	261.027
40.060	99.430	261.027
40.066	99.354	261.037
40.096	99.286	261.049
40.134	99.225	261.045
40.147	99.175	261.053
40.149	99.141	261.063
40.138	99.110	261.075
40.122	99.072	261.082
40.112	99.047	261.080
40.125	99.041	261.087
40.142	99.042	261.094
40.161	99.047	261.095
40.186	99.058	261.090
40.214	99.072	261.087
40.259	99.105	261.094
40.315	99.149	261.088
40.378	99.188	261.087
40.447	99.253	261.080
40.475	99.337	261.075
40.433	99.409	261.067
40.390	99.484	261.067
40.369	99.570	261.071
40.371	99.638	261.066
40.376	99.714	261.056
40.368	99.768	261.050
40.351	99.810	261.051
40.326	99.839	261.045
40.274	99.830	261.047
40.197	99.823	261.053
40.029	99.837	261.065
40.004	99.819	261.057
40.036	99.790	261.050
40.088	99.726	261.050
40.112	99.680	261.052
40.126	99.622	261.044
40.118	99.560	261.026
40.097	99.473	261.027
40.091	99.396	261.033
40.098	99.323	261.032
40.104	99.247	261.035
40.116	99.177	261.043
40.135	99.124	261.047
40.142	99.093	261.061
40.133	99.057	261.063
40.126	99.028	261.074
40.130	99.014	261.077
40.130	99.017	261.084
40.143	99.015	261.087
40.175	99.030	261.090
40.219	99.049	261.094
40.266	99.080	261.091
40.329	99.114	261.098
40.396	99.160	261.095
40.475	99.237	261.091
40.467	99.316	261.079
40.411	99.374	261.062
40.389	99.461	261.082
40.382	99.535	261.081
40.389	99.608	261.071
40.398	99.672	261.058
40.395	99.734	261.048
40.396	99.780	261.034
40.376	99.812	261.042
40.339	99.808	261.044
40.276	99.796	261.045
40.190	99.780	261.055
40.013	99.783	261.061
39.982	99.758	261.055
40.032	99.730	261.048
40.076	99.677	261.051
40.113	99.625	261.051
40.127	99.569	261.034
40.117	99.511	261.033
40.094	99.433	261.033
40.076	99.357	261.036
40.067	99.295	261.031
40.075	99.243	261.034
40.094	99.192	261.041
40.108	99.157	261.045
40.128	99.122	261.042
40.127	99.103	261.057
40.126	99.102	261.076
40.119	99.086	261.072
40.114	99.083	261.075
40.131	99.080	261.086
40.152	99.093	261.082
40.180	99.105	261.082
40.206	99.122	261.086
40.259	99.152	261.089
40.301	99.178	261.086
40.371	99.214	261.087
40.434	99.257	261.081
40.472	99.321	261.074
40.438	99.385	261.064
40.399	99.446	261.063
40.376	99.514	261.064
40.378	99.578	261.076
40.377	99.630	261.057
40.372	99.681	261.045
40.363	99.719	261.038
40.351	99.740	261.037
40.324	99.747	261.045
40.269	99.725	261.047
40.196	99.704	261.053
40.049	99.687	261.054
39.953	99.686	261.067
39.989	99.660	261.051
40.062	99.607	261.043
40.106	99.557	261.048
40.117	99.514	261.040
40.112	99.479	261.037
40.098	99.420	261.030
40.076	99.360	261.038
40.079	99.301	261.033
40.091	99.250	261.036
40.113	99.209	261.041
40.122	99.170	261.044
40.123	99.145	261.052
40.137	99.133	261.064
40.129	99.111	261.081
40.126	99.102	261.076
40.135	99.095	261.078
40.157	99.101	261.085
40.191	99.106	261.085
40.228	99.112	261.081
40.287	99.135	261.085
40.343	99.159	261.090
40.406	99.197	261.086
40.475	99.262	261.091
40.464	99.334	261.074
40.414	99.389	261.065
40.389	99.461	261.076
40.380	99.529	261.078
40.391	99.602	261.076
40.385	99.653	261.057
40.378	99.708	261.049
40.374	99.749	261.045
40.357	99.769	261.039
40.308	99.768	261.048
40.244	99.756	261.055
40.142	99.733	261.061
39.987	99.741	261.071
39.988	99.718	261.059
40.040	99.678	261.052
40.070	99.631	261.053
40.106	99.585	261.049
40.110	99.544	261.045
40.100	99.485	261.040
40.084	99.426	261.038
40.065	99.360	261.038
40.065	99.306	261.037
40.083	99.262	261.039
40.103	99.228	261.050
40.117	99.196	261.051
40.122	99.178	261.051
40.127	99.153	261.060
40.129	99.143	261.070
40.127	99.150	261.075
40.129	99.144	261.080
40.147	99.143	261.082
40.179	99.158	261.085
40.209	99.163	261.074
40.263	99.181	261.083
40.319	99.206	261.082
40.383	99.233	261.088
40.452	99.282	261.080
40.474	99.344	261.070
40.423	99.400	261.065
40.393	99.452	261.069
40.375	99.521	261.076
40.380	99.571	261.075
40.378	99.635	261.062
40.373	99.676	261.053
40.366	99.702	261.047
40.358	99.714	261.044
40.343	99.724	261.046
40.301	99.698	261.053
40.241	99.673	261.058
40.153	99.633	261.062
40.010	99.602	261.062
39.937	99.583	261.059
39.998	99.553	261.054
40.068	99.516	261.057
40.118	99.463	261.050
40.117	99.415	261.044
40.106	99.382	261.049
40.079	99.346	261.037
40.067	99.299	261.036
40.076	99.262	261.036
40.111	99.218	261.034
40.123	99.193	261.041
40.132	99.183	261.041
40.138	99.180	261.053
40.135	99.167	261.060
40.130	99.162	261.065
40.125	99.155	261.073
40.141	99.165	261.071
40.158	99.176	261.074
40.192	99.181	261.075
40.232	99.185	261.081
40.276	99.204	261.079
40.329	99.230	261.087
40.393	99.273	261.085
40.454	99.317	261.082
40.461	99.365	261.068
40.424	99.418	261.063
40.389	99.463	261.068
40.381	99.518	261.071
40.385	99.573	261.074
40.374	99.618	261.057
40.348	99.657	261.052
40.316	99.685	261.050
40.260	99.692	261.039
40.131	99.701	261.040
40.023	99.739	261.060
40.033	99.751	261.053
40.072	99.720	261.046
40.093	99.706	261.052
40.118	99.678	261.045
40.129	99.635	261.032
40.116	99.596	261.025
40.102	99.527	261.022
40.080	99.464	261.022
40.103	99.400	261.031
40.119	99.334	261.037
40.133	99.277	261.039
40.136	99.216	261.047
40.140	99.172	261.061
40.137	99.133	261.064
40.133	99.100	261.075
40.128	99.068	261.080
40.129	99.042	261.083
40.137	99.033	261.094
40.154	99.017	261.100
40.184	99.019	261.093
40.229	99.029	261.098
40.282	99.058	261.101
40.351	99.075	261.101
40.440	99.135	261.092
40.478	99.200	261.088
40.431	99.268	261.074
40.399	99.342	261.076
40.385	99.432	261.082
40.396	99.506	261.077
40.411	99.594	261.061
40.400	99.664	261.046
40.398	99.742	261.043
40.370	99.787	261.036
40.313	99.817	261.037
40.245	99.845	261.054
40.081	99.899	261.060
40.051	99.921	261.056
40.059	99.913	261.048
40.082	99.891	261.061
40.104	99.851	261.054
40.135	99.806	261.040
40.132	99.745	261.035
40.102	99.671	261.031
40.081	99.588	261.027
40.078	99.502	261.029
40.093	99.420	261.033
40.106	99.342	261.042
40.114	99.259	261.051
40.123	99.193	261.057
40.124	99.140	261.054
40.117	99.095	261.065
40.115	99.057	261.072
40.120	99.034	261.085
40.114	99.011	261.087
40.127	99.006	261.088
40.134	99.005	261.092
40.149	99.013	261.099
40.159	99.026	261.090
40.183	99.049	261.095
40.218	99.073	261.093
40.268	99.114	261.096
40.311	99.160	261.094
40.361	99.205	261.085
40.411	99.272	261.078
40.458	99.355	261.076
40.437	99.442	261.062
40.406	99.518	261.058
40.375	99.593	261.064
40.373	99.674	261.068
40.370	99.734	261.060
40.356	99.787	261.058
40.333	99.811	261.042
40.287	99.825	261.049
40.228	99.818	261.045
40.078	99.818	261.044
40.010	99.840	261.059
40.024	99.814	261.050
40.077	99.771	261.042
40.132	99.722	261.045
40.171	99.661	261.040
40.140	99.595	261.031
40.091	99.525	261.024
40.068	99.447	261.025
40.068	99.374	261.032
40.097	99.305	261.040
40.124	99.243	261.044
40.145	99.182	261.054
40.144	99.136	261.062
40.133	99.103	261.070
40.119	99.060	261.076
40.111	99.042	261.081
40.116	99.021	261.085
40.131	99.009	261.092
40.177	99.023	261.101
40.230	99.005	261.093
40.308	99.032	261.098
40.402	99.068	261.086
40.500	99.132	261.093
40.465	99.205	261.071
40.409	99.280	261.077
40.389	99.361	261.084
40.406	99.446	261.089
40.400	99.536	261.065
40.399	99.619	261.048
40.393	99.694	261.041
40.401	99.757	261.034
40.391	99.799	261.032
40.359	99.827	261.035
40.319	99.840	261.046
40.242	99.833	261.058
40.151	99.811	261.056
39.971	99.802	261.063
39.964	99.786	261.059
40.012	99.739	261.050
40.086	99.662	261.054
40.103	99.614	261.052
40.119	99.549	261.042
40.106	99.484	261.033
40.091	99.394	261.036
40.078	99.323	261.041
40.067	99.254	261.038
40.081	99.194	261.044
40.095	99.135	261.049
40.109	99.104	261.048
40.121	99.079	261.055
40.126	99.054	261.064
40.124	99.038	261.070
40.122	99.042	261.080
40.129	99.042	261.077
40.144	99.059	261.081
40.167	99.081	261.082
40.198	99.105	261.085
40.233	99.132	261.084
40.277	99.178	261.076
40.328	99.212	261.077
40.388	99.265	261.083
40.449	99.339	261.072
40.453	99.403	261.062
40.415	99.480	261.055
40.382	99.535	261.059
40.366	99.598	261.065
40.368	99.664	261.062
40.367	99.720	261.050
40.352	99.758	261.041
40.342	99.774	261.042
40.317	99.776	261.040
40.278	99.762	261.043
40.218	99.734	261.053
40.124	99.703	261.057
39.964	99.687	261.064
39.973	99.652	261.062
40.028	99.601	261.043
40.072	99.546	261.055
40.091	99.493	261.048
40.110	99.443	261.042
40.103	99.398	261.040
40.083	99.329	261.039
40.066	99.275	261.042
40.062	99.219	261.035
40.076	99.191	261.041
40.094	99.162	261.050
40.111	99.144	261.055
40.126	99.133	261.059
40.123	99.119	261.067
40.121	99.128	261.070
40.121	99.128	261.076
40.135	99.141	261.085
40.168	99.157	261.082
40.208	99.163	261.086
40.270	99.182	261.083
40.342	99.213	261.081
40.418	99.247	261.082
40.487	99.312	261.081
40.451	99.383	261.067
40.408	99.437	261.061
40.377	99.486	261.076
40.392	99.548	261.078
40.401	99.610	261.062
40.395	99.663	261.047
40.396	99.707	261.041
40.395	99.735	261.035
40.385	99.752	261.040
40.354	99.754	261.047
40.318	99.749	261.055
40.260	99.717	261.055
40.174	99.678	261.057
40.090	99.625	261.064
39.940	99.594	261.068
39.965	99.564	261.070
40.030	99.521	261.056
40.067	99.472	261.063
40.084	99.425	261.057
40.108	99.378	261.054
40.101	99.335	261.045
40.077	99.284	261.051
40.066	99.252	261.046
40.064	99.217	261.039
40.070	99.195	261.049
40.085	99.183	261.049
40.109	99.179	261.054
40.127	99.181	261.054
40.130	99.193	261.067
40.126	99.206	261.069
40.131	99.212	261.068
40.129	99.220	261.073
40.148	99.240	261.074
40.174	99.261	261.073
40.208	99.269	261.070
40.241	99.280	261.079
40.284	99.299	261.077
40.333	99.322	261.075
40.393	99.350	261.072
40.449	99.388	261.070
40.475	99.437	261.067
40.439	99.478	261.067
40.399	99.518	261.062
40.375	99.567	261.067
40.365	99.612	261.066
40.358	99.642	261.055
40.346	99.665	261.051
40.324	99.675	261.050
40.306	99.676	261.041
40.274	99.661	261.045
40.214	99.634	261.058
40.138	99.598	261.060
39.973	99.582	261.064
39.955	99.553	261.064
40.007	99.514	261.051
40.052	99.481	261.055
40.080	99.464	261.063
40.104	99.417	261.048
40.100	99.382	261.045
40.084	99.348	261.047
40.060	99.325	261.048
40.057	99.285	261.041
40.067	99.254	261.044
40.081	99.237	261.052
40.106	99.239	261.052
40.121	99.226	261.049
40.126	99.232	261.054
40.122	99.217	261.069
40.132	99.228	261.068
40.150	99.226	261.079
40.181	99.227	261.074
40.246	99.227	261.072
40.324	99.254	261.078
40.415	99.278	261.076
40.492	99.316	261.072
40.463	99.359	261.061
40.410	99.402	261.056
40.386	99.448	261.066
40.396	99.506	261.078
40.402	99.559	261.062
40.402	99.601	261.053
40.408	99.657	261.038
40.413	99.687	261.036
40.391	99.701	261.030
40.371	99.708	261.035
40.342	99.706	261.048
40.298	99.685	261.066
40.238	99.657	261.063
40.172	99.608	261.065
40.119	99.551	261.068
40.024	99.496	261.072
39.944	99.451	261.069
39.989	99.415	261.059
40.047	99.374	261.063
40.102	99.326	261.064
40.113	99.283	261.056
40.098	99.249	261.052
40.072	99.229	261.041
40.056	99.197	261.040
40.068	99.173	261.034
40.088	99.166	261.041
40.108	99.156	261.041
40.119	99.164	261.034
40.133	99.176	261.052
40.130	99.188	261.062
40.121	99.198	261.061
40.129	99.214	261.070
40.139	99.226	261.068
40.153	99.246	261.069
40.185	99.258	261.071
40.222	99.276	261.072
40.271	99.298	261.073
40.321	99.314	261.076
40.382	99.344	261.070
40.451	99.381	261.082
40.468	99.434	261.075
40.430	99.471	261.063
40.398	99.498	261.073
40.392	99.545	261.077
40.390	99.579	261.073
40.371	99.606	261.061
40.351	99.641	261.054
40.313	99.647	261.053
40.258	99.653	261.043
40.117	99.661	261.047
40.020	99.683	261.059
40.034	99.697	261.056
40.071	99.673	261.044
40.086	99.663	261.048
40.114	99.646	261.044
40.125	99.605	261.034
40.116	99.571	261.026
40.093	99.517	261.026
40.078	99.458	261.024
40.095	99.412	261.034
40.109	99.353	261.033
40.121	99.303	261.042
40.132	99.260	261.051
40.140	99.220	261.066
40.133	99.177	261.068
40.122	99.144	261.077
40.127	99.123	261.081
40.123	99.091	261.089
40.130	99.065	261.096
40.150	99.058	261.097
40.176	99.049	261.098
40.224	99.053	261.101
40.277	99.079	261.103
40.347	99.089	261.101
40.430	99.123	261.099
40.483	99.183	261.088
40.434	99.254	261.080
40.395	99.313	261.076
40.380	99.400	261.081
40.398	99.474	261.079
40.407	99.563	261.063
40.405	99.646	261.052
40.407	99.708	261.038
40.382	99.764	261.033
40.342	99.803	261.034
40.276	99.828	261.044
40.160	99.848	261.052
40.040	99.892	261.065
40.026	99.896	261.059
40.061	99.879	261.058
40.086	99.851	261.058
40.124	99.802	261.046
40.130	99.754	261.044
40.115	99.694	261.033
40.094	99.612	261.033
40.084	99.530	261.032
40.091	99.457	261.036
40.099	99.374	261.045
40.110	99.302	261.055
40.126	99.236	261.055
40.127	99.182	261.064
40.121	99.132	261.065
40.125	99.089	261.077
40.119	99.066	261.084
40.113	99.038	261.087
40.117	99.025	261.096
40.135	99.026	261.096
40.153	99.027	261.103
40.162	99.037	261.098
40.188	99.052	261.099
40.223	99.080	261.102
40.270	99.109	261.098
40.320	99.153	261.096
40.379	99.204	261.094
40.442	99.274	261.082
40.453	99.345	261.076
40.414	99.434	261.063
40.376	99.512	261.067
40.357	99.590	261.073
40.364	99.665	261.059
40.363	99.716	261.053
40.353	99.775	261.051
40.334	99.800	261.048
40.303	99.805	261.044
40.250	99.803	261.047
40.156	99.785	261.050
39.989	99.801	261.065
39.988	99.783	261.051
40.040	99.748	261.049
40.110	99.685	261.049
40.156	99.628	261.036
40.132	99.574	261.035
40.081	99.512	261.028
40.061	99.446	261.034
40.063	99.367	261.040
40.085	99.299	261.038
40.117	99.241	261.043
40.143	99.185	261.054
40.141	99.151	261.056
40.136	99.116	261.070
40.120	99.078	261.074
40.114	99.057	261.078
40.111	99.042	261.087
40.126	99.030	261.093
40.164	99.024	261.095
40.209	99.036	261.097
40.266	99.049	261.096
40.337	99.079	261.095
40.430	99.124	261.086
40.484	99.196	261.087
40.431	99.270	261.078
40.399	99.340	261.078
40.381	99.417	261.085
40.388	99.489	261.082
40.408	99.581	261.067
40.417	99.662	261.057
40.421	99.721	261.037
40.414	99.776	261.035
40.382	99.807	261.040
40.323	99.824	261.048
40.242	99.832	261.054
40.066	99.855	261.061
39.996	99.869	261.056
40.021	99.843	261.053
40.085	99.784	261.045
40.120	99.740	261.043
40.141	99.683	261.036
40.121	99.616	261.027
40.099	99.543	261.020
40.084	99.455	261.020
40.088	99.367	261.020
40.102	99.281	261.025
40.115	99.206	261.035
40.131	99.139	261.041
40.137	99.090	261.051
40.130	99.049	261.061
40.121	99.011	261.077
40.126	98.985	261.083
40.125	98.970	261.086
40.122	98.963	261.095
40.136	98.976	261.100
40.145	98.985	261.102
40.161	99.018	261.107
40.178	99.047	261.114
40.217	99.088	261.104
40.271	99.131	261.113
40.326	99.182	261.103
40.403	99.235	261.105
40.471	99.309	261.090
40.465	99.399	261.089
40.418	99.470	261.076
40.386	99.553	261.080
40.379	99.629	261.083
40.375	99.699	261.065
40.347	99.755	261.054
40.299	99.805	261.048
40.233	99.854	261.041
40.097	99.911	261.044
40.093	99.950	261.050
40.138	99.959	261.045
40.135	99.950	261.050
40.127	99.914	261.048
40.122	99.880	261.036
40.110	99.827	261.039
40.104	99.763	261.037
40.083	99.680	261.027
40.080	99.595	261.029
40.101	99.508	261.036
40.122	99.422	261.043
40.125	99.331	261.049
40.127	99.253	261.059
40.136	99.188	261.065
40.130	99.117	261.067
40.117	99.068	261.081
40.117	99.022	261.089
40.119	98.991	261.088
40.124	98.966	261.098
40.128	98.953	261.101
40.152	98.953	261.106
40.182	98.957	261.107
40.214	98.972	261.104
40.263	98.998	261.100
40.324	99.038	261.102
40.401	99.092	261.097
40.462	99.167	261.090
40.463	99.256	261.083
40.413	99.343	261.067
40.373	99.430	261.069
40.368	99.523	261.075
40.383	99.612	261.069
40.383	99.685	261.055
40.383	99.758	261.047
40.371	99.807	261.041
40.351	99.843	261.043
40.301	99.841	261.049
40.218	99.837	261.053
40.028	99.848	261.055
39.988	99.860	261.055
40.013	99.827	261.050
40.082	99.776	261.050
40.151	99.724	261.044
40.162	99.655	261.033
40.122	99.593	261.031
40.080	99.524	261.028
40.061	99.448	261.031
40.069	99.364	261.036
40.093	99.289	261.045
40.130	99.236	261.045
40.140	99.177	261.053
40.139	99.128	261.060
40.123	99.091	261.067
40.114	99.052	261.080
40.108	99.029	261.087
40.112	99.012	261.089
40.131	99.008	261.098
40.160	99.008	261.093
40.195	99.020	261.090
40.232	99.036	261.096
40.290	99.077	261.090
40.355	99.105	261.082
40.429	99.176	261.080
40.463	99.255	261.073
40.419	99.336	261.058
40.380	99.422	261.067
40.365	99.505	261.077
40.370	99.588	261.063
40.373	99.673	261.052
40.369	99.739	261.046
40.364	99.806	261.040
40.350	99.838	261.039
40.316	99.855	261.046
40.257	99.849	261.052
40.173	99.846	261.062
39.997	99.848	261.065
39.987	99.838	261.062
40.024	99.786	261.056
40.070	99.729	261.054
40.114	99.676	261.051
40.120	99.603	261.040
40.102	99.532	261.036
40.092	99.445	261.037
40.076	99.365	261.036
40.073	99.281	261.035
40.079	99.207	261.042
40.100	99.145	261.043
40.118	99.100	261.045
40.117	99.067	261.065
40.120	99.034	261.073
40.117	99.020	261.075
40.114	99.008	261.079
40.112	99.016	261.084
40.133	99.028	261.087
40.152	99.049	261.088
40.184	99.062	261.084
40.224	99.094	261.088
40.274	99.135	261.091
40.349	99.181	261.085
40.424	99.241	261.083
40.469	99.307	261.070
40.425	99.384	261.066
40.388	99.441	261.059
40.377	99.525	261.072
40.384	99.602	261.066
40.393	99.667	261.057
40.395	99.729	261.049
40.396	99.778	261.036
40.384	99.801	261.032
40.358	99.809	261.038
40.318	99.793	261.050
40.252	99.770	261.055
40.161	99.751	261.056
39.981	99.740	261.064
39.983	99.707	261.056
40.043	99.663	261.051
40.107	99.604	261.050
40.115	99.549	261.052
40.122	99.494	261.042
40.114	99.430	261.039
40.102	99.356	261.037
40.087	99.294	261.041
40.090	99.232	261.044
40.104	99.175	261.047
40.123	99.150	261.050
40.130	99.114	261.053
40.130	99.090	261.061
40.132	99.082	261.078
40.127	99.076	261.079
40.115	99.071	261.081
40.125	99.082	261.093
40.144	99.102	261.094
40.171	99.111	261.093
40.207	99.138	261.092
40.251	99.157	261.090
40.314	99.196	261.089
40.385	99.227	261.086
40.468	99.287	261.081
40.474	99.358	261.073
40.424	99.411	261.067
40.396	99.474	261.073
40.387	99.537	261.075
40.400	99.607	261.067
40.409	99.668	261.062
40.399	99.716	261.040
40.396	99.749	261.038
40.380	99.770	261.035
40.345	99.788	261.040
40.293	99.778	261.050
40.208	99.755	261.059
40.046	99.750	261.065
39.969	99.742	261.068
40.013	99.718	261.063
40.078	99.675	261.061
40.106	99.634	261.064
40.137	99.587	261.052
40.127	99.531	261.049
40.114	99.467	261.049
40.092	99.408	261.044
40.082	99.350	261.049
40.085	99.293	261.052
40.113	99.250	261.056
40.127	99.217	261.064
40.139	99.196	261.066
40.144	99.171	261.075
40.141	99.157	261.087
40.131	99.146	261.094
40.131	99.148	261.091
40.139	99.136	261.101
40.160	99.151	261.099
40.188	99.161	261.097
40.222	99.166	261.098
40.273	99.182	261.092
40.326	99.211	261.095
40.397	99.237	261.093
40.463	99.291	261.084
40.465	99.356	261.071
40.415	99.413	261.065
40.392	99.476	261.074
40.378	99.534	261.075
40.384	99.604	261.069
40.382	99.662	261.059
40.378	99.709	261.042
40.372	99.756	261.041
40.362	99.770	261.038
40.337	99.769	261.047
40.290	99.764	261.057
40.207	99.732	261.056
40.098	99.710	261.058
39.941	99.710	261.067
39.977	99.685	261.061
40.055	99.639	261.046
40.124	99.584	261.051
40.136	99.536	261.046
40.113	99.482	261.045
40.094	99.436	261.040
40.083	99.363	261.036
40.084	99.313	261.046
40.112	99.265	261.046
40.131	99.213	261.049
40.135	99.169	261.051
40.139	99.155	261.067
40.137	99.137	261.075
40.131	99.110	261.078
40.121	99.100	261.088
40.123	99.091	261.090
40.146	99.100	261.104
40.167	99.113	261.094
40.190	99.114	261.097
40.228	99.126	261.096
40.275	99.156	261.096
40.338	99.193	261.098
40.401	99.235	261.098
40.471	99.302	261.094
40.448	99.363	261.083
40.411	99.423	261.067
40.386	99.492	261.083
40.390	99.549	261.077
40.392	99.615	261.069
40.380	99.669	261.054
40.351	99.709	261.048
40.302	99.736	261.040
40.223	99.767	261.036
40.046	99.814	261.048
40.050	99.843	261.043
40.095	99.839	261.038
40.136	99.820	261.043
40.140	99.780	261.040
40.130	99.752	261.030
40.108	99.691	261.022
40.098	99.640	261.017
40.089	99.558	261.023
40.111	99.493	261.016
40.147	99.422	261.024
40.165	99.349	261.040
40.165	99.279	261.049
40.148	99.196	261.058
40.147	99.147	261.059
40.130	99.095	261.075
40.129	99.046	261.089
40.141	99.021	261.101
40.139	98.988	261.107
40.150	98.991	261.113
40.160	98.973	261.115
40.186	98.989	261.125
40.214	99.002	261.118
40.260	99.029	261.117
40.315	99.076	261.118
40.389	99.116	261.110
40.460	99.174	261.108
40.488	99.261	261.097
40.437	99.344	261.083
40.398	99.429	261.081
40.376	99.516	261.084
40.378	99.608	261.084
40.352	99.685	261.065
40.301	99.770	261.048
40.211	99.840	261.041
40.085	99.928	261.044
40.102	99.982	261.042
40.153	100.020	261.044
40.163	100.029	261.046
40.160	100.019	261.047
40.139	100.004	261.038
40.125	99.960	261.032
40.107	99.890	261.022
40.098	99.810	261.019
40.092	99.716	261.019
40.108	99.622	261.025
40.140	99.521	261.029
40.156	99.429	261.041
40.155	99.338	261.057
40.153	99.244	261.066
40.148	99.163	261.071
40.136	99.087	261.085
40.128	99.025	261.096
40.131	98.966	261.095
40.142	98.930	261.105
40.158	98.908	261.115
40.177	98.881	261.111
40.213	98.883	261.117
40.247	98.892	261.119
40.298	98.926	261.114
40.355	98.971	261.114
40.419	99.028	261.105
40.480	99.129	261.100
40.455	99.228	261.090
40.408	99.343	261.077
40.372	99.440	261.082
40.374	99.551	261.089
40.379	99.657	261.071
40.376	99.743	261.054
40.367	99.823	261.045
40.348	99.874	261.044
40.315	99.912	261.044
40.262	99.925	261.047
40.119	99.939	261.053
40.013	99.957	261.063
40.016	99.940	261.055
40.069	99.897	261.054
40.108	99.840	261.049
40.141	99.783	261.047
40.141	99.712	261.034
40.123	99.637	261.032
40.110	99.547	261.024
40.099	99.444	261.024
40.100	99.360	261.037
40.110	99.270	261.044
40.128	99.199	261.045
40.138	99.137	261.053
40.130	99.093	261.062
40.125	99.039	261.074
40.120	99.008	261.076
40.117	98.993	261.085
40.126	98.986	261.093
40.139	98.984	261.095
40.171	98.995	261.100
40.205	99.007	261.096
40.257	99.040	261.094
40.325	99.087	261.095
40.400	99.147	261.099
40.477	99.228	261.095
40.456	99.314	261.082
40.402	99.385	261.071
40.372	99.479	261.078
40.375	99.565	261.082
40.391	99.644	261.073
40.385	99.721	261.057
40.389	99.779	261.043
40.395	99.829	261.042
40.383	99.855	261.040
40.345	99.857	261.049
40.288	99.844	261.056
40.210	99.818	261.061
40.031	99.783	261.057
39.954	99.777	261.067
40.000	99.734	261.059
40.081	99.658	261.047
40.135	99.589	261.043
40.118	99.537	261.037
40.098	99.466	261.032
40.074	99.395	261.027
40.064	99.314	261.024
40.080	99.247	261.035
40.103	99.183	261.029
40.126	99.135	261.040
40.124	99.096	261.043
40.129	99.069	261.055
40.123	99.048	261.060
40.118	99.040	261.080
40.113	99.033	261.078
40.118	99.042	261.078
40.134	99.046	261.084
40.147	99.072	261.088
40.170	99.096	261.086
40.204	99.129	261.087
40.238	99.162	261.088
40.287	99.206	261.086
40.347	99.256	261.091
40.408	99.307	261.083
40.471	99.372	261.079
40.452	99.426	261.073
40.418	99.492	261.067
40.385	99.548	261.065
40.376	99.610	261.074
40.364	99.663	261.062
40.322	99.706	261.051
40.266	99.740	261.041
40.116	99.783	261.031
40.051	99.847	261.038
40.080	99.854	261.034
40.145	99.857	261.039
40.175	99.836	261.037
40.143	99.819	261.036
40.116	99.784	261.029
40.103	99.716	261.019
40.100	99.660	261.012
40.097	99.576	261.011
40.121	99.504	261.016
40.151	99.410	261.021
40.164	99.332	261.024
40.163	99.256	261.053
40.147	99.172	261.058
40.149	99.112	261.066
40.134	99.047	261.078
40.140	98.999	261.080
40.137	98.963	261.097
40.138	98.936	261.096
40.141	98.922	261.099
40.153	98.923	261.109
40.166	98.918	261.110
40.193	98.931	261.103
40.243	98.972	261.106
40.304	99.017	261.106
40.377	99.066	261.101
40.449	99.143	261.096
40.465	99.219	261.086
40.421	99.327	261.078
40.381	99.413	261.074
40.372	99.521	261.081
40.367	99.618	261.076
40.360	99.704	261.053
40.320	99.786	261.045
40.271	99.860	261.038
40.111	99.944	261.032
40.101	100.010	261.030
40.142	100.040	261.033
40.180	100.055	261.039
40.159	100.044	261.047
40.152	100.025	261.036
40.145	99.980	261.028
40.133	99.907	261.020
40.119	99.823	261.020
40.110	99.716	261.016
40.117	99.617	261.018
40.137	99.510	261.026
40.157	99.405	261.035
40.154	99.292	261.043
40.155	99.197	261.059
40.154	99.119	261.074
40.133	99.033	261.079
40.130	98.977	261.085
40.124	98.926	261.098
40.130	98.882	261.106
40.135	98.864	261.106
40.148	98.857	261.110
40.162	98.857	261.110
40.181	98.872	261.113
40.203	98.906	261.115
40.235	98.948	261.108
40.286	99.005	261.105
40.335	99.073	261.108
40.389	99.145	261.102
40.431	99.248	261.086
40.458	99.358	261.083
40.435	99.477	261.067
40.403	99.581	261.065
40.378	99.680	261.060
40.377	99.773	261.069
40.360	99.847	261.053
40.328	99.904	261.049
40.283	99.937	261.040
40.215	99.966	261.039
40.053	99.985	261.046
40.042	99.999	261.044
40.073	99.980	261.032
40.108	99.934	261.039
40.135	99.875	261.044
40.113	99.798	261.025
40.106	99.725	261.018
40.082	99.629	261.014
40.078	99.531	261.017
40.101	99.437	261.018
40.131	99.340	261.026
40.142	99.241	261.030
40.132	99.157	261.045
40.137	99.091	261.055
40.131	99.038	261.067
40.108	98.982	261.079
40.110	98.954	261.086
40.116	98.936	261.091
40.119	98.921	261.097
40.142	98.927	261.104
40.174	98.941	261.104
40.229	98.964	261.111
40.308	99.007	261.111
40.397	99.065	261.111
40.487	99.141	261.109
40.454	99.224	261.085
40.397	99.309	261.088
40.385	99.404	261.100
40.399	99.491	261.096
40.404	99.596	261.077
40.401	99.683	261.060
40.388	99.762	261.039
40.362	99.815	261.043
40.314	99.862	261.041
40.176	99.909	261.029
40.054	99.975	261.043
40.060	99.999	261.046
40.106	100.011	261.042
40.133	99.974	261.038
40.128	99.927	261.034
40.114	99.886	261.031
40.105	99.822	261.015
40.095	99.722	261.001
40.095	99.628	261.005
40.119	99.535	261.011
40.147	99.418	261.013
40.165	99.320	261.024
40.152	99.223	261.044
40.149	99.133	261.057
40.144	99.059	261.059
40.126	98.986	261.071
40.130	98.944	261.086
40.129	98.901	261.091
40.132	98.871	261.094
40.144	98.864	261.110
40.145	98.870	261.107
40.164	98.887	261.113
40.181	98.916	261.114
40.202	98.955	261.107
40.254	99.007	261.106
40.299	99.068	261.116
40.363	99.129	261.108
40.420	99.221	261.092
40.469	99.313	261.094
40.437	99.416	261.081
40.406	99.524	261.074
40.357	99.626	261.077
40.322	99.716	261.076
40.266	99.818	261.067
40.103	99.933	261.062
40.093	100.024	261.040
40.151	100.084	261.019
40.214	100.121	261.027
40.225	100.125	261.031
40.227	100.119	261.023
40.192	100.090	261.017
40.152	100.029	261.018
40.123	99.952	261.019
40.128	99.857	261.020
40.129	99.735	261.014
40.140	99.621	261.015
40.161	99.506	261.024
40.167	99.384	261.036
40.154	99.259	261.050
40.143	99.159	261.058
40.137	99.057	261.071
40.134	98.974	261.080
40.127	98.906	261.089
40.130	98.849	261.097
40.136	98.800	261.101
40.141	98.780	261.109
40.154	98.776	261.108
40.182	98.789	261.108
40.224	98.812	261.110
40.272	98.860	261.108
40.336	98.918	261.108
40.400	99.005	261.096
40.463	99.111	261.101
40.464	99.231	261.089
40.420	99.357	261.080
40.379	99.479	261.075
40.373	99.600	261.082
40.378	99.709	261.064
40.366	99.801	261.058
40.339	99.878	261.051
40.314	99.937	261.047
40.256	99.974	261.038
40.093	100.021	261.045
40.070	100.044	261.049
40.085	100.031	261.039
40.087	99.996	261.049
40.094	99.967	261.048
40.121	99.903	261.044
40.096	99.817	261.031
40.095	99.728	261.025
40.071	99.629	261.021
40.067	99.527	261.023
40.085	99.430	261.027
40.096	99.329	261.033
40.100	99.243	261.038
40.106	99.169	261.045
40.114	99.110	261.053
40.110	99.051	261.061
40.112	99.015	261.068
40.117	98.995	261.082
40.111	98.971	261.080
40.123	98.975	261.090
40.136	98.972	261.089
40.157	98.986	261.089
40.192	99.015	261.096
40.227	99.040	261.098
40.284	99.079	261.100
40.342	99.140	261.089
40.398	99.183	261.086
40.460	99.279	261.083
40.443	99.367	261.075
40.390	99.439	261.062
40.352	99.521	261.067
40.344	99.600	261.070
40.349	99.677	261.063
40.353	99.739	261.051
40.350	99.794	261.050
40.343	99.822	261.048
40.323	99.830	261.050
40.277	99.818	261.048
40.199	99.792	261.052
40.031	99.785	261.055
39.954	99.779	261.065
39.993	99.747	261.047
40.069	99.684	261.050
40.138	99.628	261.045
40.149	99.560	261.039
40.127	99.500	261.036
40.083	99.435	261.031
40.064	99.359	261.034
40.062	99.294	261.041
40.097	99.232	261.042
40.127	99.181	261.047
40.143	99.145	261.055
40.138	99.107	261.061
40.127	99.080	261.068
40.124	99.065	261.077
40.114	99.058	261.082
40.118	99.042	261.084
40.140	99.046	261.094
40.168	99.055	261.080
40.202	99.066	261.085
40.243	99.098	261.080
40.301	99.133	261.081
40.373	99.180	261.085
40.444	99.239	261.076
40.469	99.311	261.068
40.425	99.390	261.062
40.386	99.451	261.062
40.371	99.533	261.068
40.378	99.606	261.064
40.383	99.686	261.049
40.385	99.749	261.045
40.374	99.789	261.045
40.354	99.822	261.041
40.323	99.824	261.041
40.253	99.817	261.050
40.166	99.799	261.057
40.012	99.807	261.067
40.008	99.780	261.058
40.055	99.739	261.057
40.080	99.683	261.056
40.119	99.625	261.048
40.124	99.557	261.045
40.106	99.485	261.037
40.088	99.413	261.035
40.077	99.338	261.036
40.070	99.267	261.038
40.092	99.200	261.046
40.105	99.149	261.050
40.120	99.108	261.046
40.121	99.079	261.048
40.121	99.051	261.055
40.127	99.049	261.073
40.121	99.050	261.079
40.123	99.045	261.075
40.137	99.061	261.082
40.158	99.073	261.084
40.189	99.099	261.078
40.239	99.114	261.077
40.298	99.164	261.088
40.368	99.199	261.089
40.441	99.251	261.085
40.490	99.322	261.074
40.436	99.393	261.063
40.409	99.455	261.066
40.379	99.522	261.072
40.390	99.581	261.077
40.401	99.654	261.062
40.396	99.705	261.050
40.401	99.758	261.044
40.391	99.772	261.037
40.367	99.775	261.039
40.329	99.777	261.049
40.259	99.739	261.057
40.165	99.707	261.057
39.972	99.705	261.065
39.959	99.685	261.054
40.010	99.629	261.047
40.099	99.586	261.049
40.138	99.531	261.042
40.110	99.468	261.035
40.091	99.423	261.028
40.071	99.361	261.029
40.069	99.294	261.032
40.088	99.244	261.032
40.117	99.198	261.042
40.133	99.160	261.040
40.136	99.147	261.050
40.136	99.117	261.064
40.133	99.102	261.066
40.124	99.094	261.074
40.121	99.086	261.079
40.135	99.095	261.084
40.156	99.112	261.091
40.163	99.109	261.081
40.193	99.131	261.085
40.219	99.148	261.089
40.267	99.171	261.094
40.319	99.205	261.089
40.389	99.244	261.085
40.458	99.309	261.084
40.459	99.371	261.076
40.411	99.428	261.065
40.384	99.486	261.073
40.369	99.542	261.077
40.376	99.614	261.069
40.359	99.660	261.052
40.329	99.709	261.049
40.274	99.734	261.037
40.174	99.773	261.035
40.043	99.832	261.044
40.046	99.844	261.044
40.105	99.852	261.042
40.139	99.835	261.046
40.127	99.811	261.041
40.131	99.773	261.029
40.113	99.727	261.018
40.093	99.663	261.016
40.088	99.585	261.017
40.106	99.517	261.019
40.137	99.440	261.028
40.150	99.360	261.034
40.151	99.279	261.049
40.147	99.220	261.057
40.141	99.149	261.059
40.119	99.086	261.066
40.123	99.045	261.075
40.127	99.004	261.084
40.129	98.973	261.090
40.133	98.958	261.096
40.152	98.951	261.103
40.170	98.952	261.103
40.209	98.966	261.099
40.258	98.988	261.100
40.312	99.034	261.098
40.382	99.073	261.100
40.459	99.154	261.090
40.451	99.236	261.072
40.408	99.335	261.071
40.371	99.434	261.073
40.371	99.534	261.078
40.377	99.630	261.070
40.365	99.710	261.046
40.352	99.785	261.042
40.319	99.839	261.042
40.272	99.881	261.037
40.131	99.916	261.041
40.062	99.966	261.060
40.069	99.968	261.048
40.079	99.948	261.052
40.078	99.929	261.057
40.109	99.879	261.044
40.110	99.827	261.039
40.105	99.754	261.028
40.091	99.667	261.020
40.083	99.580	261.028
40.090	99.482	261.024
40.100	99.391	261.026
40.103	99.301	261.042
40.113	99.210	261.046
40.118	99.144	261.046
40.119	99.092	261.059
40.118	99.044	261.069
40.118	98.999	261.071
40.116	98.979	261.082
40.126	98.965	261.095
40.135	98.957	261.093
40.164	98.958	261.092
40.196	98.973	261.095
40.233	98.993	261.099
40.285	99.028	261.094
40.346	99.074	261.095
40.417	99.127	261.094
40.483	99.213	261.089
40.461	99.295	261.077
40.416	99.385	261.065
40.381	99.474	261.077
40.370	99.562	261.079
40.375	99.639	261.072
40.378	99.710	261.052
40.373	99.776	261.052
40.364	99.809	261.048
40.347	99.827	261.049
40.306	99.816	261.053
40.233	99.798	261.053
40.093	99.780	261.053
39.959	99.781	261.064
39.989	99.761	261.054
40.057	99.706	261.042
40.129	99.638	261.038
40.166	99.586	261.038
40.135	99.516	261.028
40.097	99.449	261.028
40.066	99.377	261.026
40.059	99.309	261.029
40.086	99.246	261.035
40.125	99.188	261.031
40.141	99.150	261.047
40.148	99.116	261.053
40.146	99.096	261.058
40.134	99.075	261.066
40.124	99.061	261.082
40.127	99.050	261.076
40.152	99.051	261.086
40.179	99.057	261.083
40.218	99.069	261.088
40.272	99.100	261.083
40.334	99.121	261.084
40.413	99.170	261.082
40.480	99.238	261.081
40.448	99.296	261.065
40.410	99.374	261.062
40.379	99.451	261.070
40.379	99.523	261.075
40.391	99.599	261.062
40.393	99.666	261.053
40.389	99.736	261.042
40.391	99.773	261.041
40.371	99.803	261.036
40.333	99.811	261.048
40.274	99.804	261.051
40.188	99.786	261.057
40.010	99.770	261.061
39.974	99.771	261.062
40.015	99.721	261.055
40.093	99.661	261.054
40.116	99.612	261.054
40.131	99.554	261.040
40.118	99.487	261.034
40.101	99.405	261.035
40.085	99.330	261.028
40.076	99.262	261.030
40.081	99.196	261.036
40.100	99.143	261.039
40.111	99.101	261.042
40.118	99.072	261.041
40.119	99.061	261.063
40.123	99.046	261.069
40.111	99.042	261.075
40.114	99.057	261.072
40.119	99.060	261.082
40.142	99.098	261.082
40.169	99.105	261.083
40.200	99.129	261.085
40.251	99.161	261.089
40.308	99.205	261.090
40.382	99.248	261.083
40.463	99.314	261.079
40.460	99.374	261.071
40.419	99.444	261.063
40.392	99.505	261.071
40.387	99.571	261.072
40.400	99.637	261.074
40.404	99.698	261.052
40.400	99.742	261.044
40.396	99.782	261.041
40.376	99.788	261.036
40.338	99.791	261.050
40.280	99.759	261.049
40.204	99.753	261.059
40.027	99.730	261.058
39.964	99.719	261.063
40.004	99.679	261.053
40.072	99.624	261.052
40.096	99.579	261.047
40.115	99.525	261.040
40.105	99.469	261.036
40.092	99.400	261.038
40.079	99.333	261.026
40.075	99.273	261.036
40.083	99.221	261.033
40.100	99.172	261.043
40.106	99.139	261.047
40.119	99.118	261.049
40.122	99.101	261.057
40.119	99.085	261.068
40.107	99.086	261.079
40.112	99.089	261.076
40.135	99.096	261.081
40.151	99.101	261.081
40.183	99.116	261.084
40.222	99.129	261.083
40.280	99.162	261.088
40.345	99.194	261.088
40.422	99.234	261.085
40.479	99.293	261.076
40.439	99.358	261.064
40.402	99.412	261.061
40.379	99.477	261.067
40.392	99.542	261.076
40.401	99.610	261.062
40.398	99.673	261.046
40.389	99.710	261.039
40.389	99.733	261.035
40.356	99.745	261.032
40.316	99.755	261.047
40.248	99.741	261.055
40.153	99.735	261.052
39.978	99.732	261.069
39.977	99.710	261.054
40.040	99.677	261.048
40.090	99.622	261.045
40.119	99.580	261.044
40.127	99.527	261.037
40.117	99.474	261.028
40.108	99.405	261.033
40.088	99.343	261.028
40.086	99.276	261.030
40.103	99.229	261.037
40.119	99.191	261.041
40.128	99.152	261.044
40.133	99.132	261.052
40.138	99.107	261.061
40.128	99.099	261.069
40.128	99.094	261.077
40.125	99.085	261.082
40.141	99.093	261.083
40.158	99.103	261.076
40.191	99.107	261.079
40.228	99.125	261.092
40.282	99.154	261.089
40.342	99.184	261.083
40.415	99.231	261.087
40.474	99.288	261.082
40.442	99.345	261.061
40.402	99.414	261.059
40.376	99.465	261.065
40.387	99.539	261.072
40.396	99.604	261.064
40.388	99.663	261.049
40.389	99.708	261.042
40.382	99.740	261.034
40.359	99.756	261.035
40.321	99.761	261.052
40.259	99.741	261.060
40.168	99.722	261.054
39.988	99.714	261.058
39.972	99.705	261.059
40.025	99.664	261.049
40.096	99.602	261.053
40.106	99.559	261.052
40.124	99.512	261.039
40.115	99.452	261.026
40.105	99.392	261.039
40.090	99.334	261.035
40.088	99.268	261.032
40.094	99.219	261.042
40.109	99.178	261.044
40.116	99.152	261.051
40.123	99.120	261.049
40.127	99.109	261.066
40.123	99.091	261.067
40.119	99.089	261.073
40.128	99.097	261.084
40.149	99.111	261.084
40.169	99.106	261.077
40.206	99.124	261.083
40.250	99.146	261.082
40.313	99.180	261.089
40.376	99.219	261.088
40.439	99.263	261.079
40.477	99.329	261.076
40.430	99.393	261.066
40.395	99.443	261.060
40.381	99.517	261.074
40.378	99.578	261.070
40.377	99.630	261.057
40.372	99.681	261.045
40.356	99.719	261.041
40.344	99.741	261.034
40.326	99.741	261.038
40.271	99.721	261.043
40.190	99.707	261.050
40.044	99.682	261.059
39.950	99.673	261.061
39.981	99.644	261.054
40.055	99.594	261.048
40.085	99.545	261.045
40.108	99.506	261.036
40.107	99.457	261.033
40.095	99.408	261.034
40.080	99.349	261.026
40.071	99.288	261.030
40.079	99.235	261.030
40.099	99.200	261.037
40.111	99.175	261.044
40.123	99.149	261.040
40.136	99.141	261.057
40.134	99.125	261.069
40.123	99.121	261.075
40.130	99.121	261.078
40.141	99.124	261.079
40.164	99.130	261.079
40.198	99.137	261.077
40.237	99.149	261.083
40.301	99.180	261.083
40.366	99.213	261.087
40.434	99.255	261.083
40.471	99.306	261.077
40.428	99.375	261.068
40.387	99.423	261.067
40.372	99.481	261.075
40.374	99.544	261.071
40.378	99.604	261.060
40.375	99.668	261.054
40.368	99.696	261.039
40.356	99.717	261.038
40.330	99.726	261.043
40.282	99.720	261.049
40.221	99.702	261.055
40.118	99.679	261.061
39.959	99.684	261.067
39.973	99.654	261.053
40.031	99.616	261.047
40.071	99.576	261.052
40.105	99.535	261.045
40.116	99.495	261.039
40.115	99.449	261.041
40.087	99.394	261.040
40.070	99.339	261.043
40.069	99.291	261.037
40.087	99.250	261.034
40.098	99.224	261.043
40.115	99.204	261.050
40.127	99.182	261.052
40.135	99.172	261.058
40.130	99.168	261.074
40.125	99.160	261.078
40.134	99.156	261.080
40.155	99.169	261.077
40.179	99.166	261.085
40.213	99.171	261.082
40.259	99.181	261.087
40.314	99.202	261.085
40.379	99.233	261.091
40.437	99.271	261.085
40.479	99.323	261.084
40.447	99.380	261.063
40.408	99.437	261.068
40.382	99.494	261.066
40.379	99.552	261.073
40.378	99.606	261.064
40.368	99.652	261.051
40.363	99.693	261.048
40.353	99.706	261.041
40.335	99.706	261.045
40.296	99.692	261.049
40.230	99.666	261.052
40.137	99.626	261.054
39.959	99.611	261.062
39.960	99.586	261.053
40.021	99.558	261.046
40.099	99.511	261.049
40.116	99.469	261.048
40.114	99.427	261.044
40.100	99.387	261.038
40.081	99.341	261.027
40.076	99.290	261.030
40.098	99.249	261.030
40.120	99.208	261.035
40.132	99.182	261.038
40.131	99.164	261.040
40.144	99.158	261.048
40.136	99.141	261.063
40.126	99.130	261.064
40.134	99.120	261.071
40.157	99.130	261.076
40.180	99.133	261.076
40.219	99.143	261.078
40.272	99.173	261.081
40.322	99.188	261.087
40.381	99.225	261.087
40.455	99.269	261.077
40.470	99.327	261.075
40.430	99.396	261.073
40.394	99.439	261.071
40.380	99.498	261.082
40.383	99.555	261.077
40.389	99.605	261.070
40.367	99.648	261.056
40.350	99.696	261.049
40.313	99.702	261.042
40.250	99.706	261.049
40.104	99.709	261.052
39.996	99.731	261.055
40.002	99.726	261.053
40.046	99.703	261.042
40.079	99.663	261.045
40.113	99.627	261.036
40.122	99.587	261.029
40.104	99.546	261.016
40.082	99.488	261.022
40.075	99.416	261.020
40.096	99.358	261.021
40.110	99.300	261.029
40.123	99.248	261.029
40.128	99.201	261.043
40.130	99.164	261.056
40.121	99.127	261.054
40.115	99.104	261.068
40.119	99.086	261.072
40.122	99.073	261.092
40.132	99.059	261.088
40.155	99.063	261.092
40.179	99.061	261.094
40.216	99.077	261.103
40.265	99.106	261.095
40.332	99.130	261.099
40.411	99.177	261.100
40.471	99.231	261.087
40.435	99.305	261.080
40.394	99.371	261.078
40.372	99.438	261.075
40.378	99.508	261.079
40.383	99.586	261.066
40.379	99.657	261.049
40.365	99.714	261.040
40.336	99.754	261.034
40.282	99.778	261.039
40.183	99.811	261.041
40.055	99.857	261.059
40.047	99.865	261.055
40.074	99.861	261.055
40.077	99.840	261.052
40.111	99.806	261.047
40.123	99.756	261.038
40.111	99.707	261.030
40.089	99.632	261.025
40.075	99.562	261.027
40.082	99.488	261.028
40.106	99.415	261.035
40.108	99.333	261.044
40.119	99.260	261.045
40.126	99.207	261.051
40.121	99.154	261.050
40.113	99.108	261.062
40.116	99.075	261.076
40.111	99.042	261.081
40.117	99.024	261.086
40.130	99.015	261.093
40.145	99.005	261.091
40.167	99.009	261.094
40.195	99.022	261.094
40.228	99.039	261.089
40.284	99.075	261.095
40.340	99.117	261.092
40.398	99.151	261.087
40.462	99.240	261.082
40.454	99.318	261.076
40.412	99.395	261.067
40.377	99.485	261.066
40.364	99.564	261.073
40.376	99.642	261.063
40.376	99.709	261.057
40.363	99.760	261.054
40.343	99.793	261.043
40.320	99.814	261.049
40.263	99.801	261.044
40.173	99.798	261.050
39.996	99.800	261.059
39.991	99.797	261.055
40.038	99.756	261.042
40.118	99.704	261.047
40.159	99.641	261.036
40.142	99.585	261.035
40.093	99.520	261.027
40.071	99.461	261.028
40.072	99.380	261.037
40.093	99.320	261.034
40.123	99.251	261.036
40.150	99.189	261.040
40.152	99.153	261.053
40.143	99.113	261.066
40.132	99.083	261.065
40.121	99.055	261.078
40.118	99.039	261.083
40.128	99.027	261.087
40.157	99.029	261.090
40.193	99.032	261.091
40.232	99.042	261.092
40.302	99.078	261.093
40.371	99.115	261.091
40.458	99.178	261.089
40.478	99.248	261.078
40.423	99.322	261.074
40.387	99.396	261.073
40.379	99.480	261.084
40.388	99.563	261.079
40.400	99.638	261.062
40.400	99.711	261.048
40.393	99.765	261.042
40.375	99.809	261.041
40.325	99.821	261.041
40.244	99.827	261.050
40.075	99.848	261.063
40.019	99.879	261.069
40.024	99.859	261.061
40.080	99.811	261.049
40.103	99.762	261.049
40.136	99.707	261.039
40.134	99.642	261.030
40.110	99.570	261.026
40.086	99.474	261.022
40.094	99.393	261.021
40.108	99.305	261.027
40.116	99.225	261.037
40.123	99.154	261.039
40.131	99.095	261.053
40.132	99.054	261.061
40.120	99.005	261.075
40.114	98.981	261.073
40.118	98.967	261.082
40.115	98.956	261.086
40.124	98.967	261.091
40.134	98.976	261.093
40.142	98.992	261.091
40.157	99.025	261.101
40.179	99.055	261.092
40.218	99.100	261.093
40.273	99.161	261.093
40.328	99.210	261.092
40.381	99.266	261.073
40.450	99.356	261.082
40.445	99.428	261.074
40.414	99.503	261.067
40.376	99.582	261.064
40.352	99.660	261.062
40.343	99.718	261.054
40.293	99.776	261.047
40.241	99.815	261.037
40.108	99.863	261.032
40.066	99.911	261.038
40.098	99.926	261.041
40.124	99.916	261.038
40.130	99.895	261.042
40.126	99.864	261.038
40.105	99.825	261.035
40.099	99.755	261.035
40.083	99.677	261.026
40.068	99.594	261.019
40.078	99.503	261.029
40.104	99.425	261.031
40.117	99.345	261.037
40.119	99.260	261.051
40.120	99.184	261.052
40.129	99.144	261.067
40.119	99.092	261.074
40.111	99.045	261.082
40.109	99.008	261.083
40.114	98.989	261.095
40.124	98.971	261.096
40.139	98.960	261.096
40.178	98.972	261.101
40.231	98.984	261.101
40.297	99.003	261.100
40.387	99.053	261.102
40.481	99.117	261.100
40.463	99.187	261.079
40.406	99.272	261.070
40.373	99.355	261.080
40.379	99.454	261.088
40.394	99.541	261.073
40.404	99.625	261.053
40.419	99.713	261.042
40.429	99.769	261.034
40.421	99.825	261.031
40.385	99.845	261.043
40.337	99.870	261.056
40.253	99.864	261.058
40.078	99.861	261.051
39.965	99.879	261.070
40.001	99.853	261.053
40.078	99.790	261.050
40.153	99.734	261.048
40.181	99.672	261.040
40.140	99.596	261.035
40.093	99.520	261.027
40.067	99.427	261.023
40.062	99.351	261.033
40.088	99.268	261.044
40.119	99.193	261.044
40.144	99.135	261.053
40.147	99.103	261.071
40.139	99.055	261.075
40.125	99.013	261.077
40.113	98.993	261.083
40.119	98.988	261.087
40.132	98.986	261.096
40.144	98.994	261.095
40.156	99.013	261.096
40.175	99.030	261.096
40.204	99.063	261.095
40.243	99.101	261.097
40.297	99.147	261.100
40.363	99.201	261.091
40.432	99.262	261.089
40.476	99.356	261.076
40.444	99.440	261.068
40.401	99.510	261.063
40.370	99.586	261.072
40.380	99.672	261.068
40.375	99.740	261.059
40.361	99.796	261.047
40.328	99.832	261.044
40.286	99.851	261.039
40.226	99.852	261.040
40.068	99.874	261.051
40.037	99.877	261.052
40.055	99.854	261.046
40.078	99.815	261.049
40.088	99.769	261.050
40.116	99.711	261.037
40.119	99.652	261.032
40.098	99.565	261.027
40.072	99.479	261.026
40.069	99.391	261.030
40.088	99.312	261.032
40.095	99.237	261.045
40.106	99.167	261.048
40.123	99.120	261.049
40.127	99.077	261.061
40.118	99.041	261.074
40.112	99.015	261.074
40.109	99.003	261.084
40.111	98.998	261.087
40.122	98.999	261.090
40.149	99.010	261.085
40.172	99.018	261.090
40.209	99.036	261.091
40.264	99.084	261.092
40.333	99.119	261.099
40.413	99.168	261.085
40.472	99.248	261.075
40.430	99.325	261.066
40.381	99.399	261.059
40.359	99.483	261.072
40.364	99.564	261.073
40.375	99.638	261.062
40.382	99.710	261.048
40.386	99.769	261.034
40.382	99.810	261.035
40.361	99.822	261.038
40.327	99.830	261.052
40.266	99.812	261.058
40.170	99.785	261.056
39.977	99.782	261.058
39.953	99.757	261.056
40.013	99.715	261.045
40.094	99.653	261.048
40.140	99.594	261.043
40.118	99.534	261.036
40.092	99.468	261.032
40.072	99.403	261.032
40.060	99.327	261.033
40.072	99.260	261.036
40.099	99.197	261.036
40.121	99.155	261.048
40.123	99.120	261.049
40.128	99.096	261.056
40.118	99.069	261.062
40.110	99.052	261.071
40.109	99.050	261.086
40.123	99.046	261.085
40.139	99.054	261.087
40.163	99.081	261.087
40.182	99.100	261.090
40.208	99.124	261.084
40.255	99.148	261.092
40.305	99.191	261.086
40.361	99.234	261.089
40.425	99.292	261.083
40.473	99.370	261.083
40.441	99.428	261.071
40.400	99.492	261.065
40.372	99.556	261.071
40.373	99.631	261.077
40.370	99.691	261.064
40.348	99.729	261.057
40.310	99.760	261.049
40.249	99.765	261.039
40.142	99.776	261.046
40.028	99.819	261.057
40.042	99.812	261.049
40.080	99.783	261.045
40.099	99.758	261.048
40.121	99.719	261.045
40.127	99.669	261.033
40.117	99.613	261.023
40.097	99.548	261.023
40.085	99.474	261.022
40.098	99.397	261.028
40.118	99.318	261.036
40.132	99.260	261.045
40.136	99.189	261.046
40.145	99.151	261.059
40.138	99.107	261.068
40.124	99.063	261.073
40.126	99.029	261.077
40.130	99.014	261.089
40.131	99.010	261.095
40.151	99.005	261.094
40.181	99.007	261.104
40.215	99.015	261.101
40.268	99.044	261.098
40.342	99.083	261.103
40.421	99.130	261.097
40.476	99.208	261.093
40.433	99.280	261.076
40.398	99.353	261.069
40.371	99.434	261.079
40.391	99.527	261.079
40.400	99.610	261.074
40.396	99.681	261.044
40.392	99.749	261.036
40.371	99.804	261.040
40.332	99.839	261.042
40.262	99.854	261.047
40.094	99.894	261.062
40.051	99.923	261.053
40.049	99.903	261.058
40.079	99.878	261.061
40.095	99.843	261.056
40.127	99.786	261.042
40.130	99.727	261.037
40.101	99.653	261.033
40.080	99.571	261.023
40.077	99.485	261.031
40.092	99.400	261.038
40.102	99.313	261.042
40.108	99.234	261.054
40.127	99.182	261.052
40.123	99.124	261.054
40.111	99.072	261.060
40.116	99.052	261.074
40.115	99.031	261.081
