NO_OF_FRAMES	5000
NO_OF_DATA_TYPES	3
FREQUENCY	500
TIME_STAMP	2026-06-05, 12:50:21
DATA_INCLUDED	Position
DATA_TYPES	Unidentified [1045108]_pos_X	Unidentified [1045108]_pos_Y	Unidentified [1045108]_pos_Z


5.532	104.598	261.170
5.565	104.521	261.157
5.566	104.515	261.128
5.556	104.475	261.092
5.547	104.446	261.069
5.550	104.420	261.063
5.552	104.341	261.067
5.565	104.265	261.076
5.567	104.109	261.082
5.550	103.914	261.086
5.506	103.669	261.069
5.466	103.361	261.069
5.404	103.031	261.061
5.352	102.670	261.072
5.309	102.271	261.020
5.299	101.848	260.995
5.315	101.433	260.977
5.345	101.042	260.969
5.419	100.642	260.962
5.507	100.282	260.959
5.497	99.966	260.966
5.433	99.685	260.964
5.391	99.476	260.927
5.391	99.312	260.904
5.416	99.218	260.916
5.427	99.183	260.910
5.432	99.243	260.929
5.440	99.404	260.945
5.435	99.650	260.927
5.408	100.042	260.922
5.382	100.545	260.937
5.368	101.205	260.954
5.356	102.051	260.981
5.378	103.093	261.016
5.504	104.324	261.088
5.409	104.598	261.064
5.385	104.373	261.038
5.438	104.263	261.098
5.514	104.268	261.195
5.585	104.332	261.252
5.606	104.347	261.194
5.577	104.355	261.076
5.541	104.289	261.022
5.505	104.223	261.040
5.503	104.083	261.058
5.505	103.874	261.059
5.490	103.624	261.035
5.465	103.319	261.031
5.421	102.969	261.037
5.363	102.600	261.034
5.296	102.253	261.028
5.248	101.881	261.002
5.224	101.503	261.001
5.212	101.139	260.987
5.197	100.794	260.955
5.209	100.472	260.955
5.235	100.187	260.961
5.275	99.952	260.970
5.325	99.742	260.969
5.377	99.618	260.961
5.451	99.574	260.938
5.482	99.594	260.915
5.449	99.677	260.928
5.410	99.845	260.927
5.380	100.106	260.918
5.386	100.458	260.933
5.406	100.924	260.944
5.403	101.490	260.952
5.419	102.174	260.962
5.452	102.973	260.980
5.538	103.922	261.039
5.549	104.731	261.077
5.444	104.571	261.059
5.450	104.599	261.054
5.521	104.754	261.155
5.510	104.638	261.166
5.554	104.561	261.164
5.554	104.526	261.121
5.546	104.498	261.072
5.533	104.458	261.087
5.541	104.433	261.069
5.550	104.388	261.063
5.554	104.314	261.070
5.550	104.192	261.072
5.553	104.002	261.090
5.516	103.776	261.087
5.473	103.500	261.071
5.422	103.145	261.078
5.359	102.800	261.056
5.310	102.409	261.042
5.284	101.985	260.996
5.270	101.567	260.985
5.281	101.157	260.980
5.322	100.756	260.964
5.389	100.370	260.986
5.473	100.045	260.971
5.508	99.739	260.966
5.443	99.498	260.976
5.401	99.305	260.940
5.386	99.184	260.913
5.409	99.143	260.906
5.429	99.173	260.921
5.437	99.282	260.930
5.440	99.522	260.943
5.443	99.861	260.946
5.428	100.338	260.946
5.409	100.956	260.946
5.401	101.777	260.967
5.406	102.794	261.016
5.470	103.987	261.070
5.435	104.722	261.054
5.359	104.427	261.047
5.398	104.275	261.069
5.478	104.232	261.165
5.552	104.251	261.246
5.578	104.263	261.209
5.554	104.246	261.104
5.527	104.214	261.015
5.494	104.130	261.021
5.470	104.022	261.035
5.482	103.844	261.036
5.479	103.597	261.030
5.463	103.301	261.016
5.413	102.964	261.024
5.368	102.617	261.030
5.310	102.272	261.035
5.257	101.902	261.006
5.225	101.544	261.023
5.209	101.182	260.993
5.190	100.831	260.968
5.188	100.514	260.951
5.203	100.219	260.967
5.235	99.967	260.966
5.285	99.759	260.964
5.337	99.606	260.971
5.400	99.548	260.950
5.462	99.548	260.933
5.474	99.600	260.924
5.437	99.741	260.943
5.393	99.971	260.948
5.389	100.286	260.937
5.400	100.716	260.916
5.410	101.242	260.941
5.415	101.877	260.949
5.439	102.631	260.977
5.505	103.540	261.005
5.608	104.569	261.073
5.471	104.611	261.046
5.450	104.580	261.038
5.495	104.672	261.108
5.509	104.722	261.165
5.535	104.613	261.176
5.554	104.585	261.150
5.547	104.533	261.091
5.535	104.499	261.093
5.530	104.460	261.070
5.547	104.419	261.065
5.553	104.351	261.061
5.549	104.254	261.066
5.549	104.098	261.087
5.534	103.881	261.088
5.490	103.624	261.077
5.449	103.296	261.081
5.376	102.946	261.067
5.332	102.580	261.060
5.282	102.169	261.025
5.261	101.738	260.990
5.269	101.307	260.967
5.283	100.921	260.974
5.326	100.523	260.978
5.398	100.159	260.976
5.491	99.831	260.969
5.478	99.562	260.969
5.430	99.336	260.972
5.386	99.178	260.930
5.384	99.087	260.913
5.401	99.069	260.911
5.406	99.137	260.926
5.416	99.326	260.944
5.426	99.609	260.939
5.415	100.029	260.939
5.394	100.590	260.966
5.390	101.303	260.956
5.392	102.260	261.001
5.434	103.376	261.042
5.541	104.648	261.099
5.370	104.526	261.034
5.363	104.330	261.026
5.426	104.223	261.119
5.514	104.214	261.202
5.569	104.230	261.244
5.563	104.210	261.163
5.528	104.179	261.047
5.491	104.124	261.022
5.471	104.016	261.031
5.469	103.868	261.032
5.478	103.661	261.026
5.456	103.390	261.015
5.423	103.082	261.018
5.386	102.746	261.047
5.334	102.378	261.024
5.277	102.034	261.018
5.238	101.685	261.007
5.211	101.336	260.993
5.201	100.996	260.976
5.201	100.667	260.953
5.205	100.373	260.945
5.230	100.103	260.956
5.271	99.890	260.970
5.326	99.723	260.962
5.381	99.631	260.949
5.434	99.608	260.942
5.480	99.658	260.919
5.454	99.759	260.924
5.411	99.956	260.945
5.388	100.242	260.933
5.393	100.625	260.925
5.406	101.108	260.958
5.408	101.688	260.957
5.420	102.383	260.968
5.463	103.179	260.993
5.554	104.148	261.054
5.515	104.693	261.059
5.458	104.574	261.055
5.481	104.612	261.073
5.527	104.767	261.172
5.529	104.636	261.167
5.564	104.539	261.151
5.568	104.511	261.123
5.560	104.484	261.079
5.547	104.455	261.077
5.558	104.421	261.060
5.562	104.359	261.056
5.562	104.270	261.072
5.559	104.134	261.077
5.553	103.919	261.088
5.511	103.668	261.085
5.462	103.362	261.076
5.401	103.011	261.057
5.351	102.642	261.067
5.293	102.245	261.029
5.273	101.824	260.997
5.279	101.398	260.981
5.302	100.990	260.978
5.365	100.600	260.985
5.459	100.231	260.962
5.514	99.908	260.971
5.459	99.626	260.978
5.404	99.404	260.944
5.391	99.228	260.919
5.404	99.129	260.904
5.414	99.107	260.910
5.410	99.159	260.939
5.409	99.324	260.947
5.417	99.594	260.937
5.398	99.992	260.936
5.381	100.512	260.947
5.370	101.207	260.950
5.359	102.100	260.981
5.388	103.181	261.035
5.508	104.439	261.092
5.381	104.581	261.063
5.369	104.365	261.042
5.429	104.223	261.103
5.504	104.201	261.200
5.565	104.214	261.248
5.581	104.196	261.186
5.547	104.165	261.077
5.500	104.117	261.018
5.470	104.006	261.032
5.466	103.866	261.041
5.477	103.662	261.033
5.461	103.391	261.023
5.431	103.092	261.017
5.393	102.748	261.039
5.334	102.391	261.019
5.286	102.048	261.018
5.239	101.706	261.011
5.226	101.344	261.008
5.225	100.997	260.965
5.229	100.679	260.950
5.248	100.394	260.945
5.295	100.108	260.954
5.359	99.890	260.965
5.421	99.721	260.949
5.479	99.637	260.936
5.461	99.606	260.931
5.422	99.654	260.911
5.382	99.768	260.913
5.381	99.981	260.909
5.383	100.260	260.929
5.378	100.653	260.939
5.388	101.162	260.953
5.394	101.749	260.948
5.420	102.465	260.978
5.459	103.295	261.005
5.540	104.279	261.073
5.457	104.649	261.058
5.408	104.572	261.046
5.468	104.624	261.092
5.531	104.744	261.188
5.550	104.586	261.185
5.573	104.514	261.151
5.564	104.485	261.120
5.561	104.470	261.095
5.548	104.438	261.083
5.550	104.417	261.073
5.561	104.353	261.063
5.565	104.265	261.079
5.562	104.125	261.086
5.541	103.917	261.087
5.504	103.672	261.083
5.458	103.369	261.078
5.403	103.019	261.065
5.351	102.659	261.066
5.313	102.265	261.019
5.309	101.845	260.997
5.310	101.425	260.977
5.349	101.017	260.964
5.401	100.635	260.970
5.487	100.264	260.963
5.503	99.949	260.961
5.446	99.671	260.956
5.403	99.458	260.940
5.388	99.285	260.905
5.401	99.186	260.911
5.405	99.159	260.923
5.414	99.226	260.921
5.413	99.378	260.954
5.405	99.641	260.935
5.389	100.025	260.941
5.356	100.542	260.944
5.338	101.199	260.965
5.329	102.071	260.989
5.368	103.115	261.038
5.495	104.344	261.095
5.398	104.579	261.074
5.382	104.360	261.049
5.429	104.235	261.104
5.506	104.236	261.209
5.578	104.277	261.259
5.599	104.275	261.205
5.562	104.273	261.073
5.530	104.215	261.031
5.487	104.132	261.044
5.489	104.010	261.057
5.490	103.799	261.044
5.477	103.558	261.036
5.454	103.262	261.017
5.410	102.912	261.043
5.351	102.557	261.026
5.292	102.215	261.012
5.256	101.847	260.996
5.241	101.484	261.008
5.225	101.128	260.970
5.230	100.789	260.953
5.249	100.482	260.941
5.289	100.203	260.942
5.345	99.966	260.955
5.409	99.781	260.950
5.470	99.665	260.943
5.478	99.622	260.928
5.440	99.643	260.916
5.408	99.747	260.916
5.384	99.924	260.918
5.387	100.172	260.924
5.387	100.522	260.944
5.390	100.996	260.945
5.396	101.550	260.960
5.410	102.227	260.969
5.438	103.023	260.992
5.522	103.955	261.051
5.517	104.724	261.082
5.415	104.560	261.059
5.442	104.568	261.061
5.526	104.730	261.168
5.537	104.621	261.185
5.568	104.515	261.164
5.562	104.492	261.149
5.562	104.481	261.099
5.546	104.446	261.089
5.544	104.409	261.067
5.547	104.373	261.062
5.555	104.284	261.078
5.547	104.151	261.085
5.539	103.968	261.085
5.506	103.735	261.075
5.463	103.453	261.072
5.410	103.109	261.070
5.349	102.765	261.060
5.317	102.366	261.030
5.301	101.965	261.001
5.301	101.544	260.979
5.340	101.141	260.969
5.409	100.741	260.955
5.489	100.367	260.965
5.505	100.046	260.971
5.444	99.757	260.966
5.400	99.535	260.933
5.387	99.347	260.901
5.408	99.245	260.905
5.420	99.199	260.910
5.425	99.248	260.920
5.431	99.377	260.936
5.426	99.616	260.944
5.401	99.977	260.931
5.375	100.448	260.945
5.359	101.084	260.964
5.338	101.894	260.991
5.364	102.911	261.020
5.470	104.099	261.076
5.424	104.642	261.082
5.383	104.387	261.061
5.427	104.283	261.081
5.491	104.255	261.187
5.574	104.333	261.256
5.613	104.372	261.212
5.584	104.370	261.105
5.534	104.296	261.030
5.492	104.191	261.038
5.483	104.046	261.048
5.483	103.827	261.046
5.475	103.569	261.021
5.449	103.252	261.014
5.406	102.897	261.018
5.346	102.537	261.031
5.285	102.187	261.020
5.241	101.808	261.004
5.214	101.439	261.007
5.199	101.071	260.979
5.199	100.724	260.951
5.215	100.416	260.948
5.260	100.124	260.949
5.304	99.893	260.965
5.373	99.704	260.955
5.443	99.589	260.951
5.484	99.552	260.927
5.452	99.589	260.933
5.413	99.684	260.929
5.389	99.872	260.907
5.391	100.150	260.911
5.399	100.542	260.950
5.410	101.049	260.950
5.422	101.648	260.965
5.444	102.376	260.965
5.505	103.226	260.996
5.576	104.239	261.067
5.492	104.655	261.045
5.428	104.548	261.038
5.465	104.597	261.084
5.522	104.774	261.189
5.529	104.610	261.173
5.559	104.519	261.158
5.561	104.519	261.135
5.543	104.492	261.089
5.532	104.457	261.071
5.546	104.424	261.062
5.556	104.370	261.066
5.556	104.279	261.079
5.560	104.145	261.078
5.543	103.956	261.087
5.504	103.716	261.070
5.460	103.419	261.073
5.403	103.069	261.066
5.343	102.709	261.069
5.303	102.325	261.035
5.277	101.901	261.003
5.253	101.482	260.986
5.266	101.079	260.983
5.286	100.684	260.971
5.341	100.318	260.988
5.398	99.991	260.973
5.477	99.707	260.960
5.482	99.481	260.966
5.425	99.302	260.960
5.383	99.187	260.940
5.371	99.142	260.924
5.394	99.190	260.908
5.388	99.313	260.937
5.392	99.565	260.935
5.390	99.941	260.943
5.388	100.415	260.949
5.380	101.067	260.956
5.381	101.880	260.971
5.410	102.923	261.015
5.493	104.134	261.086
5.407	104.670	261.055
5.353	104.433	261.035
5.399	104.306	261.072
5.481	104.264	261.171
5.559	104.324	261.248
5.587	104.335	261.201
5.568	104.333	261.098
5.536	104.299	261.034
5.497	104.225	261.040
5.483	104.115	261.059
5.493	103.928	261.053
5.486	103.680	261.033
5.460	103.381	261.022
5.423	103.035	261.022
5.366	102.683	261.036
5.303	102.325	261.029
5.257	101.962	260.996
5.223	101.591	261.002
5.215	101.219	260.987
5.210	100.862	260.970
5.216	100.539	260.951
5.247	100.235	260.955
5.288	99.976	260.965
5.338	99.756	260.966
5.389	99.607	260.948
5.444	99.537	260.937
5.465	99.518	260.918
5.427	99.579	260.929
5.398	99.718	260.937
5.372	99.937	260.922
5.380	100.262	260.922
5.380	100.690	260.942
5.384	101.234	260.950
5.386	101.879	260.952
5.416	102.637	260.984
5.484	103.571	261.026
5.585	104.636	261.096
5.422	104.575	261.063
5.415	104.555	261.043
5.482	104.687	261.153
5.506	104.694	261.177
5.545	104.586	261.163
5.557	104.562	261.156
5.547	104.523	261.099
5.540	104.486	261.106
5.538	104.437	261.088
5.541	104.395	261.068
5.547	104.334	261.063
5.557	104.232	261.061
5.556	104.078	261.080
5.527	103.871	261.075
5.493	103.623	261.072
5.451	103.299	261.074
5.381	102.957	261.070
5.335	102.594	261.061
5.311	102.197	261.010
5.304	101.751	260.998
5.316	101.350	260.983
5.373	100.938	260.968
5.433	100.565	260.972
5.518	100.207	260.961
5.479	99.899	260.981
5.415	99.636	260.958
5.386	99.440	260.921
5.395	99.279	260.902
5.414	99.199	260.903
5.422	99.198	260.924
5.432	99.290	260.944
5.437	99.467	260.953
5.430	99.759	260.939
5.402	100.174	260.941
5.376	100.726	260.949
5.358	101.430	260.985
5.352	102.364	261.009
5.406	103.450	261.036
5.528	104.687	261.118
5.377	104.494	261.057
5.388	104.340	261.044
5.460	104.249	261.153
5.527	104.282	261.223
5.600	104.337	261.260
5.602	104.352	261.164
5.560	104.335	261.044
5.519	104.280	261.024
5.503	104.184	261.045
5.499	104.037	261.068
5.502	103.816	261.055
5.486	103.555	261.033
5.451	103.227	261.031
5.393	102.879	261.041
5.345	102.496	261.017
5.279	102.151	261.007
5.244	101.770	261.002
5.222	101.399	261.001
5.205	101.028	260.973
5.211	100.686	260.934
5.223	100.384	260.946
5.254	100.092	260.959
5.309	99.862	260.961
5.362	99.675	260.951
5.422	99.570	260.935
5.483	99.533	260.933
5.456	99.570	260.926
5.418	99.663	260.936
5.386	99.869	260.919
5.378	100.139	260.917
5.383	100.539	260.941
5.384	101.031	260.947
5.396	101.646	260.966
5.408	102.377	260.977
5.470	103.224	260.997
5.558	104.263	261.072
5.474	104.642	261.052
5.412	104.532	261.038
5.453	104.579	261.095
5.509	104.769	261.189
5.526	104.611	261.176
5.561	104.518	261.156
5.563	104.519	261.130
5.545	104.492	261.091
5.535	104.453	261.083
5.540	104.434	261.072
5.544	104.372	261.063
5.551	104.289	261.078
5.561	104.146	261.075
5.545	103.956	261.084
5.503	103.715	261.070
5.462	103.427	261.067
5.409	103.086	261.065
5.346	102.727	261.061
5.313	102.338	261.028
5.297	101.918	261.002
5.291	101.505	260.980
5.304	101.108	260.970
5.366	100.709	260.970
5.425	100.339	260.966
5.506	100.018	260.965
5.482	99.734	260.955
5.427	99.515	260.952
5.381	99.340	260.936
5.385	99.225	260.909
5.403	99.180	260.912
5.408	99.233	260.936
5.410	99.374	260.938
5.416	99.616	260.937
5.407	99.970	260.950
5.383	100.457	260.958
5.365	101.094	260.960
5.362	101.904	260.989
5.369	102.913	261.022
5.464	104.104	261.078
5.409	104.656	261.055
5.369	104.406	261.052
5.422	104.299	261.077
5.496	104.283	261.188
5.575	104.368	261.254
5.602	104.400	261.203
5.578	104.378	261.096
5.536	104.285	261.051
5.492	104.174	261.042
5.476	104.017	261.049
5.476	103.783	261.043
5.467	103.499	261.010
5.437	103.185	261.010
5.388	102.817	261.020
5.337	102.438	261.014
5.276	102.072	261.016
5.233	101.706	261.009
5.214	101.325	261.005
5.199	100.968	260.973
5.194	100.614	260.953
5.205	100.298	260.944
5.250	100.008	260.965
5.287	99.786	260.966
5.343	99.586	260.958
5.402	99.483	260.953
5.462	99.434	260.947
5.469	99.490	260.934
5.428	99.600	260.922
5.392	99.812	260.927
5.385	100.105	260.918
5.387	100.533	260.940
5.394	101.076	260.959
5.405	101.737	260.953
5.429	102.507	260.971
5.497	103.456	261.004
5.598	104.566	261.072
5.446	104.582	261.039
5.438	104.575	261.045
5.492	104.721	261.156
5.496	104.729	261.175
5.533	104.610	261.165
5.557	104.569	261.152
5.556	104.512	261.099
5.536	104.459	261.098
5.520	104.411	261.057
5.524	104.346	261.057
5.522	104.224	261.052
5.519	104.087	261.065
5.521	103.878	261.060
5.492	103.631	261.059
5.450	103.313	261.055
5.390	102.969	261.060
5.335	102.601	261.051
5.285	102.219	261.017
5.245	101.809	261.015
5.231	101.409	260.984
5.241	101.007	260.972
5.281	100.636	260.971
5.341	100.273	260.973
5.415	99.971	260.975
5.508	99.708	260.967
5.464	99.502	260.956
5.409	99.340	260.963
5.380	99.260	260.921
5.396	99.260	260.907
5.410	99.341	260.913
5.422	99.506	260.919
5.437	99.779	260.939
5.438	100.179	260.944
5.439	100.698	260.938
5.435	101.353	260.945
5.432	102.183	260.966
5.459	103.166	261.010
5.538	104.342	261.086
5.398	104.626	261.038
5.371	104.448	261.002
5.423	104.372	261.103
5.520	104.436	261.190
5.612	104.554	261.242
5.578	104.481	261.162
5.541	104.375	261.074
5.507	104.255	261.032
5.486	104.106	261.044
5.481	103.934	261.049
5.472	103.677	261.023
5.464	103.391	261.010
5.424	103.058	260.999
5.371	102.693	260.997
5.321	102.302	261.008
5.281	101.898	261.003
5.228	101.522	261.016
5.207	101.122	260.994
5.185	100.753	260.967
5.172	100.392	260.953
5.175	100.071	260.967
5.185	99.791	260.968
5.214	99.554	260.972
5.257	99.376	260.985
5.315	99.273	260.984
5.376	99.257	260.961
5.440	99.333	260.951
5.474	99.490	260.943
5.449	99.740	260.954
5.403	100.127	260.956
5.393	100.636	260.948
5.412	101.288	260.938
5.445	102.067	260.949
5.482	103.057	260.982
5.574	104.194	261.047
5.488	104.675	261.014
5.452	104.555	261.006
5.490	104.580	261.087
5.575	104.740	261.214
5.561	104.648	261.179
5.530	104.442	261.104
5.501	104.281	261.046
5.480	104.158	261.022
5.456	104.048	261.027
5.441	103.896	260.998
5.438	103.705	261.002
5.440	103.479	261.003
5.428	103.203	261.001
5.385	102.888	261.037
5.351	102.541	261.021
5.302	102.212	261.031
5.263	101.818	261.028
5.231	101.476	261.001
5.204	101.110	260.999
5.193	100.774	260.973
5.179	100.454	260.982
5.193	100.162	260.989
5.225	99.907	260.993
5.284	99.685	261.007
5.354	99.531	260.988
5.428	99.441	260.972
5.485	99.450	260.961
5.436	99.506	260.959
5.392	99.651	260.949
5.376	99.892	260.928
5.395	100.235	260.922
5.413	100.702	260.938
5.440	101.263	260.944
5.471	101.952	260.950
5.498	102.776	260.985
5.561	103.734	260.996
5.609	104.759	261.058
5.454	104.633	261.010
5.449	104.663	261.023
5.502	104.834	261.125
5.482	104.748	261.123
5.516	104.694	261.140
5.526	104.665	261.126
5.536	104.596	261.065
5.519	104.530	261.079
5.515	104.494	261.065
5.531	104.457	261.050
5.551	104.380	261.062
5.559	104.276	261.062
5.552	104.109	261.086
5.541	103.879	261.077
5.505	103.627	261.092
5.459	103.291	261.090
5.388	102.925	261.077
5.344	102.538	261.071
5.298	102.128	261.032
5.247	101.683	261.003
5.218	101.255	260.991
5.201	100.840	260.992
5.206	100.451	260.992
5.210	100.095	261.007
5.233	99.772	260.998
5.275	99.471	260.988
5.318	99.243	260.983
5.368	99.075	260.956
5.424	98.986	260.961
5.458	98.963	260.952
5.426	99.032	260.962
5.393	99.209	260.969
5.373	99.513	260.937
5.368	99.946	260.931
5.358	100.513	260.956
5.376	101.255	260.962
5.385	102.222	260.981
5.459	103.377	261.022
5.592	104.671	261.098
5.409	104.575	261.035
5.388	104.404	261.020
5.418	104.309	261.116
5.486	104.352	261.177
5.559	104.410	261.219
5.578	104.427	261.136
5.537	104.409	261.033
5.497	104.333	261.008
5.488	104.231	261.037
5.492	104.088	261.066
5.501	103.848	261.047
5.498	103.600	261.035
5.467	103.261	261.022
5.411	102.902	261.035
5.355	102.531	261.032
5.294	102.170	261.028
5.251	101.777	261.014
5.211	101.407	261.012
5.199	101.023	260.986
5.213	100.651	260.963
5.242	100.323	260.964
5.301	100.026	260.976
5.396	99.766	260.977
5.488	99.573	260.968
5.488	99.443	260.960
5.423	99.380	260.947
5.375	99.387	260.923
5.389	99.476	260.893
5.412	99.632	260.905
5.407	99.900	260.928
5.433	100.267	260.929
5.448	100.757	260.950
5.456	101.339	260.954
5.458	102.065	260.935
5.463	102.941	260.961
5.538	103.992	261.036
5.492	104.753	261.056
5.374	104.562	261.015
5.412	104.558	261.071
5.507	104.701	261.184
5.549	104.653	261.207
5.557	104.431	261.142
5.539	104.295	261.107
5.519	104.199	261.069
5.499	104.113	261.059
5.491	104.011	261.040
5.484	103.863	261.025
5.479	103.676	261.020
5.469	103.442	261.039
5.439	103.154	261.038
5.392	102.832	261.053
5.344	102.488	261.040
5.305	102.152	261.041
5.261	101.779	261.024
5.228	101.407	261.004
5.205	101.053	260.992
5.193	100.715	260.976
5.189	100.405	260.976
5.207	100.118	260.982
5.234	99.872	260.989
5.283	99.670	260.987
5.337	99.526	260.975
5.396	99.467	260.949
5.460	99.470	260.943
5.462	99.545	260.948
5.418	99.696	260.949
5.390	99.952	260.934
5.386	100.315	260.920
5.399	100.780	260.911
5.413	101.384	260.956
5.425	102.092	260.943
5.456	102.954	260.994
5.555	103.961	261.038
5.530	104.754	261.055
5.430	104.550	261.040
5.444	104.575	261.058
5.523	104.772	261.157
5.499	104.674	261.148
5.526	104.563	261.126
5.546	104.547	261.125
5.539	104.529	261.078
5.521	104.479	261.079
5.529	104.453	261.058
5.556	104.399	261.062
5.566	104.328	261.074
5.562	104.200	261.069
5.562	104.032	261.088
5.536	103.800	261.065
5.485	103.529	261.067
5.441	103.193	261.066
5.375	102.847	261.070
5.317	102.460	261.046
5.276	102.047	261.009
5.243	101.625	260.997
5.246	101.204	260.974
5.245	100.801	260.981
5.281	100.425	260.978
5.342	100.080	260.985
5.412	99.763	260.974
5.485	99.518	260.965
5.463	99.317	260.968
5.406	99.164	260.938
5.368	99.093	260.929
5.369	99.110	260.898
5.392	99.198	260.921
5.397	99.400	260.932
5.409	99.703	260.936
5.403	100.141	260.951
5.402	100.713	260.947
5.398	101.457	260.956
5.406	102.406	260.984
5.467	103.540	261.024
5.529	104.750	261.095
5.354	104.515	261.024
5.357	104.357	261.029
5.430	104.281	261.127
5.522	104.327	261.218
5.598	104.398	261.240
5.590	104.423	261.150
5.539	104.364	261.051
5.503	104.258	261.047
5.483	104.133	261.049
5.481	103.939	261.045
5.487	103.691	261.029
5.465	103.407	261.021
5.423	103.050	261.002
5.371	102.689	261.032
5.316	102.313	261.018
5.265	101.939	261.014
5.218	101.570	261.003
5.201	101.192	260.991
5.191	100.837	260.970
5.192	100.494	260.953
5.209	100.176	260.953
5.237	99.907	260.944
5.288	99.680	260.970
5.336	99.505	260.950
5.393	99.423	260.955
5.452	99.405	260.934
5.461	99.453	260.926
5.424	99.592	260.932
5.390	99.806	260.920
5.374	100.139	260.912
5.385	100.591	260.932
5.401	101.161	260.946
5.408	101.853	260.947
5.433	102.680	260.968
5.509	103.675	261.015
5.583	104.763	261.076
5.415	104.549	261.032
5.425	104.512	261.038
5.483	104.614	261.143
5.530	104.758	261.210
5.530	104.508	261.163
5.528	104.335	261.104
5.503	104.241	261.060
5.484	104.172	261.064
5.475	104.110	261.042
5.483	103.995	261.034
5.475	103.846	261.022
5.468	103.665	261.028
5.447	103.418	261.042
5.423	103.126	261.054
5.374	102.816	261.058
5.327	102.476	261.047
5.285	102.124	261.052
5.249	101.748	261.007
5.219	101.389	261.003
5.210	101.019	260.975
5.230	100.680	260.972
5.260	100.364	260.995
5.325	100.060	260.995
5.395	99.826	260.977
5.481	99.634	260.966
5.467	99.514	260.962
5.410	99.455	260.963
5.374	99.455	260.943
5.374	99.534	260.916
5.391	99.712	260.921
5.400	99.971	260.937
5.412	100.342	260.954
5.432	100.826	260.944
5.435	101.425	260.967
5.441	102.176	260.968
5.449	103.045	260.998
5.527	104.107	261.068
5.455	104.715	261.066
5.366	104.573	261.035
5.419	104.619	261.087
5.519	104.804	261.194
5.533	104.639	261.168
5.561	104.499	261.145
5.561	104.433	261.129
5.555	104.434	261.111
5.544	104.416	261.086
5.539	104.395	261.057
5.543	104.318	261.045
5.546	104.218	261.051
5.548	104.062	261.087
5.534	103.830	261.084
5.487	103.560	261.061
5.445	103.219	261.082
5.372	102.872	261.064
5.327	102.494	261.048
5.286	102.106	261.016
5.243	101.712	261.004
5.226	101.291	260.973
5.214	100.925	260.964
5.235	100.548	260.977
5.252	100.212	260.971
5.306	99.928	260.983
5.367	99.673	260.967
5.431	99.494	260.957
5.476	99.374	260.936
5.440	99.313	260.943
5.393	99.324	260.936
5.369	99.417	260.914
5.375	99.616	260.906
5.383	99.902	260.934
5.380	100.294	260.931
5.379	100.820	260.935
5.392	101.491	260.958
5.414	102.331	260.981
5.466	103.323	261.017
5.575	104.506	261.087
5.413	104.576	261.040
5.381	104.472	261.014
5.431	104.461	261.111
5.542	104.623	261.210
5.576	104.580	261.236
5.564	104.424	261.162
5.539	104.322	261.067
5.504	104.215	261.049
5.490	104.106	261.047
5.484	103.945	261.047
5.475	103.751	261.029
5.465	103.508	261.021
5.430	103.202	261.029
5.374	102.879	261.044
5.330	102.515	261.039
5.282	102.182	261.027
5.237	101.798	261.011
5.211	101.425	261.002
5.200	101.048	260.975
5.206	100.691	260.963
5.224	100.381	260.970
5.273	100.083	260.974
5.335	99.821	260.982
5.407	99.619	260.969
5.478	99.477	260.953
5.455	99.407	260.959
5.411	99.415	260.936
5.377	99.501	260.927
5.383	99.656	260.916
5.391	99.927	260.925
5.400	100.297	260.941
5.417	100.802	260.937
5.432	101.413	260.966
5.445	102.176	260.970
5.478	103.086	260.995
5.550	104.178	261.060
5.460	104.657	261.038
5.391	104.512	261.044
5.418	104.535	261.096
5.522	104.722	261.202
5.537	104.589	261.190
5.547	104.394	261.133
5.524	104.275	261.091
5.513	104.202	261.074
5.497	104.145	261.079
5.494	104.069	261.036
5.497	103.944	261.021
5.493	103.775	261.031
5.480	103.577	261.038
5.451	103.312	261.037
5.412	103.006	261.058
5.364	102.678	261.061
5.319	102.345	261.049
5.272	101.977	261.020
5.235	101.602	261.002
5.229	101.232	260.993
5.217	100.883	260.971
5.224	100.560	260.972
5.248	100.245	260.963
5.295	99.987	260.983
5.352	99.761	260.975
5.412	99.600	260.962
5.474	99.518	260.961
5.453	99.485	260.933
5.405	99.522	260.934
5.381	99.631	260.915
5.386	99.857	260.910
5.388	100.160	260.923
5.392	100.586	260.926
5.398	101.113	260.945
5.412	101.782	260.958
5.438	102.561	260.984
5.494	103.513	261.023
5.588	104.611	261.089
5.421	104.589	261.043
5.401	104.552	261.027
5.458	104.650	261.133
5.503	104.753	261.185
5.535	104.574	261.161
5.555	104.511	261.148
5.555	104.517	261.135
5.548	104.486	261.115
5.533	104.450	261.075
5.535	104.411	261.067
5.545	104.328	261.073
5.543	104.221	261.079
5.551	104.053	261.089
5.524	103.824	261.080
5.477	103.550	261.076
5.432	103.211	261.067
5.356	102.868	261.067
5.311	102.489	261.046
5.279	102.083	261.021
5.250	101.658	261.001
5.246	101.240	260.970
5.261	100.842	260.980
5.296	100.480	260.982
5.356	100.118	260.980
5.418	99.817	260.962
5.475	99.574	260.951
5.446	99.379	260.948
5.398	99.245	260.949
5.368	99.173	260.918
5.368	99.184	260.914
5.381	99.288	260.927
5.375	99.496	260.934
5.382	99.809	260.930
5.382	100.248	260.940
5.377	100.818	260.940
5.375	101.573	260.969
5.402	102.518	260.993
5.462	103.648	261.039
5.514	104.763	261.098
5.362	104.497	261.035
5.382	104.356	261.043
5.457	104.302	261.139
5.549	104.355	261.209
5.604	104.406	261.228
5.590	104.415	261.131
5.547	104.346	261.045
5.504	104.219	261.032
5.476	104.095	261.047
5.469	103.897	261.044
5.475	103.635	261.034
5.453	103.315	261.017
5.392	102.965	261.011
5.358	102.583	261.022
5.299	102.224	261.017
5.248	101.835	261.001
5.218	101.460	261.008
5.203	101.086	260.977
5.198	100.737	260.958
5.200	100.396	260.936
5.226	100.089	260.954
5.273	99.835	260.949
5.325	99.613	260.965
5.370	99.479	260.947
5.427	99.414	260.946
5.474	99.419	260.932
5.437	99.508	260.923
5.405	99.678	260.924
5.373	99.940	260.926
5.374	100.328	260.928
5.389	100.807	260.936
5.396	101.433	260.966
5.402	102.184	260.958
5.458	103.098	260.990
5.542	104.172	261.056
5.461	104.652	261.047
5.416	104.538	261.048
5.455	104.591	261.101
5.526	104.773	261.204
5.520	104.598	261.174
5.537	104.447	261.142
5.537	104.355	261.122
5.521	104.306	261.083
5.499	104.255	261.062
5.500	104.196	261.047
5.497	104.094	261.031
5.494	103.930	261.036
5.493	103.726	261.043
5.474	103.456	261.050
5.440	103.147	261.057
5.380	102.813	261.072
5.326	102.468	261.055
5.275	102.095	261.021
5.241	101.712	261.006
5.221	101.342	260.996
5.231	100.976	260.969
5.248	100.629	260.973
5.307	100.308	260.968
5.378	100.029	260.979
5.482	99.785	260.970
5.488	99.608	260.965
5.421	99.500	260.959
5.376	99.447	260.925
5.380	99.469	260.910
5.407	99.557	260.902
5.425	99.732	260.916
5.431	100.016	260.925
5.450	100.381	260.947
5.455	100.869	260.941
5.450	101.464	260.942
5.439	102.212	260.944
5.458	103.088	260.994
5.521	104.131	261.067
5.438	104.699	261.030
5.371	104.543	261.011
5.434	104.586	261.066
5.535	104.776	261.204
5.549	104.620	261.178
5.569	104.494	261.155
5.567	104.458	261.135
5.563	104.456	261.115
5.548	104.425	261.076
5.549	104.395	261.044
5.547	104.312	261.043
5.557	104.204	261.064
5.550	104.047	261.088
5.532	103.801	261.077
5.490	103.533	261.076
5.443	103.199	261.075
5.369	102.843	261.071
5.320	102.476	261.055
5.275	102.091	261.013
5.238	101.687	260.998
5.216	101.280	260.975
5.208	100.890	260.968
5.224	100.528	260.982
5.244	100.191	260.984
5.281	99.906	260.990
5.342	99.650	260.979
5.397	99.470	260.964
5.465	99.334	260.953
5.453	99.280	260.940
5.407	99.283	260.955
5.370	99.386	260.933
5.372	99.577	260.916
5.376	99.869	260.943
5.374	100.282	260.942
5.375	100.819	260.941
5.380	101.499	260.961
5.406	102.355	260.982
5.467	103.388	261.031
5.578	104.597	261.105
5.404	104.581	261.042
5.378	104.448	261.020
5.420	104.403	261.113
5.519	104.494	261.208
5.607	104.634	261.255
5.556	104.433	261.138
5.519	104.292	261.063
5.481	104.126	261.047
5.463	103.929	261.057
5.453	103.715	261.034
5.430	103.435	261.011
5.413	103.115	261.000
5.373	102.789	261.008
5.321	102.392	261.013
5.280	101.987	261.005
5.227	101.595	261.022
5.205	101.207	261.008
5.182	100.847	260.990
5.175	100.489	260.965
5.191	100.167	260.963
5.224	99.865	260.962
5.271	99.604	260.982
5.338	99.428	260.989
5.417	99.316	260.979
5.489	99.273	260.963
5.456	99.314	260.952
5.402	99.476	260.945
5.381	99.722	260.908
5.388	100.079	260.911
5.399	100.571	260.950
5.426	101.204	260.963
5.455	101.991	260.959
5.505	102.954	260.998
5.596	104.088	261.051
5.501	104.649	261.005
5.417	104.521	261.011
5.456	104.538	261.084
5.521	104.687	261.192
5.533	104.656	261.195
5.525	104.449	261.131
5.507	104.280	261.070
5.489	104.146	261.036
5.456	104.014	261.027
5.440	103.863	261.007
5.434	103.664	260.996
5.438	103.435	260.998
5.416	103.148	260.988
5.381	102.839	261.014
5.349	102.482	261.010
5.304	102.141	261.031
5.261	101.759	261.017
5.233	101.412	261.005
5.206	101.062	260.997
5.186	100.729	260.982
5.173	100.415	260.971
5.174	100.135	260.988
5.172	99.889	260.995
5.180	99.686	261.010
5.201	99.534	260.987
5.232	99.459	260.982
5.272	99.463	260.974
5.305	99.551	260.962
5.345	99.712	260.965
5.384	99.974	260.961
5.438	100.321	260.962
5.481	100.800	260.968
5.493	101.400	260.972
5.487	102.119	260.968
5.502	102.970	260.991
5.575	103.950	261.007
5.555	104.728	261.039
5.456	104.580	261.022
5.486	104.644	261.041
5.550	104.842	261.143
5.546	104.721	261.129
5.568	104.657	261.118
5.544	104.648	261.095
5.520	104.615	261.064
5.499	104.560	261.075
5.499	104.530	261.044
5.517	104.460	261.041
5.539	104.368	261.044
5.551	104.249	261.050
5.554	104.066	261.067
5.524	103.821	261.059
5.488	103.540	261.067
5.444	103.181	261.068
5.369	102.824	261.066
5.323	102.437	261.045
5.283	102.014	261.026
5.234	101.573	261.007
5.207	101.150	260.989
5.207	100.739	260.996
5.223	100.360	260.999
5.285	100.005	261.014
5.378	99.684	261.012
5.488	99.417	260.985
5.477	99.189	260.971
5.404	99.062	260.975
5.374	98.983	260.932
5.396	98.985	260.902
5.386	99.087	260.934
5.387	99.292	260.942
5.388	99.613	260.922
5.394	100.070	260.939
5.402	100.664	260.957
5.414	101.437	260.943
5.425	102.428	260.974
5.485	103.590	261.002
5.540	104.808	261.084
5.347	104.573	261.002
5.345	104.421	261.001
5.408	104.333	261.122
5.517	104.385	261.192
5.585	104.436	261.223
5.578	104.444	261.135
5.532	104.413	261.048
5.496	104.308	261.039
5.482	104.187	261.047
5.475	104.019	261.054
5.483	103.789	261.042
5.478	103.497	261.028
5.443	103.152	261.018
5.386	102.797	261.051
5.335	102.405	261.020
5.275	102.039	261.030
5.231	101.662	261.011
5.206	101.285	261.008
5.193	100.904	260.989
5.194	100.552	260.963
5.202	100.226	260.963
5.226	99.927	260.967
5.274	99.678	260.985
5.315	99.488	260.974
5.368	99.375	260.968
5.425	99.341	260.950
5.456	99.359	260.933
5.420	99.474	260.936
5.384	99.637	260.941
5.358	99.947	260.928
5.371	100.352	260.938
5.381	100.871	260.941
5.383	101.526	260.957
5.386	102.316	260.966
5.444	103.242	260.996
5.559	104.393	261.065
5.436	104.668	261.039
5.411	104.579	261.024
5.453	104.607	261.106
5.526	104.793	261.197
5.518	104.600	261.183
5.530	104.372	261.121
5.511	104.233	261.076
5.486	104.114	261.055
5.469	103.998	261.043
5.472	103.833	261.013
5.455	103.657	260.999
5.441	103.432	260.992
5.421	103.154	261.019
5.396	102.853	261.037
5.351	102.514	261.038
5.304	102.161	261.042
5.266	101.778	261.034
5.229	101.420	261.003
5.204	101.067	260.984
5.192	100.723	260.975
5.206	100.398	260.964
5.244	100.101	260.986
5.315	99.852	260.973
5.405	99.648	260.974
5.499	99.504	260.975
5.466	99.426	260.967
5.409	99.432	260.954
5.379	99.501	260.906
5.399	99.667	260.907
5.412	99.929	260.921
5.423	100.281	260.948
5.441	100.767	260.947
5.459	101.372	260.972
5.475	102.105	260.961
5.498	102.990	260.980
5.553	104.020	261.025
5.500	104.735	261.054
5.408	104.604	261.040
5.434	104.667	261.072
5.498	104.827	261.177
5.519	104.675	261.148
5.565	104.575	261.148
5.572	104.534	261.154
5.551	104.491	261.097
5.525	104.408	261.069
5.519	104.339	261.051
5.523	104.221	261.062
5.517	104.075	261.060
5.517	103.857	261.056
5.498	103.608	261.051
5.460	103.269	261.043
5.401	102.937	261.051
5.349	102.556	261.031
5.290	102.177	261.029
5.249	101.760	261.013
5.215	101.372	261.001
5.197	100.980	260.987
5.197	100.596	260.970
5.184	100.258	260.974
5.208	99.934	260.973
5.251	99.651	260.980
5.289	99.434	260.973
5.350	99.285	260.969
5.416	99.203	260.941
5.464	99.182	260.941
5.436	99.262	260.943
5.392	99.423	260.948
5.369	99.693	260.920
5.369	100.080	260.918
5.383	100.593	260.927
5.389	101.253	260.941
5.406	102.085	260.961
5.454	103.079	260.989
5.568	104.273	261.062
5.452	104.658	261.030
5.401	104.460	261.013
5.421	104.368	261.065
5.475	104.416	261.140
5.552	104.574	261.230
5.544	104.517	261.145
5.524	104.424	261.070
5.489	104.309	261.021
5.466	104.190	261.045
5.468	104.025	261.056
5.481	103.788	261.029
5.465	103.533	261.019
5.434	103.211	261.008
5.392	102.850	261.016
5.344	102.455	261.015
5.291	102.093	261.013
5.233	101.711	261.008
5.217	101.301	260.995
5.190	100.917	260.973
5.174	100.542	260.961
5.181	100.211	260.962
5.190	99.915	260.971
5.228	99.650	260.982
5.284	99.449	260.974
5.343	99.326	260.976
5.413	99.276	260.957
5.469	99.313	260.953
5.432	99.437	260.948
5.388	99.643	260.937
5.357	99.968	260.918
5.372	100.416	260.922
5.390	100.990	260.943
5.411	101.701	260.951
5.449	102.571	260.960
5.520	103.601	260.993
5.601	104.745	261.074
5.425	104.573	261.005
5.419	104.544	261.017
5.485	104.614	261.145
5.538	104.804	261.214
5.504	104.564	261.170
5.504	104.378	261.093
5.488	104.237	261.042
5.466	104.145	261.036
5.444	104.027	261.029
5.441	103.874	261.008
5.452	103.685	261.007
5.448	103.456	261.005
5.423	103.182	261.028
5.382	102.859	261.047
5.352	102.509	261.051
5.299	102.174	261.044
5.253	101.805	261.015
5.229	101.434	261.011
5.203	101.079	260.997
5.185	100.735	260.978
5.182	100.421	260.977
5.195	100.141	260.988
5.209	99.889	261.009
5.246	99.666	260.998
5.298	99.535	261.000
5.351	99.464	260.975
5.407	99.469	260.964
5.458	99.557	260.943
5.439	99.705	260.956
5.393	99.963	260.948
5.373	100.336	260.944
5.389	100.808	260.923
5.414	101.424	260.941
5.430	102.133	260.961
5.463	102.997	260.985
5.548	104.014	261.041
5.523	104.762	261.030
5.433	104.594	261.012
5.452	104.631	261.052
5.525	104.835	261.146
5.494	104.718	261.152
5.508	104.644	261.112
5.514	104.638	261.111
5.523	104.606	261.069
5.512	104.551	261.079
5.511	104.516	261.065
5.539	104.450	261.067
5.554	104.376	261.068
5.560	104.261	261.067
5.551	104.073	261.084
5.531	103.834	261.077
5.492	103.563	261.081
5.441	103.209	261.085
5.373	102.849	261.078
5.321	102.456	261.052
5.289	102.033	261.015
5.248	101.611	261.000
5.251	101.174	260.986
5.256	100.769	260.990
5.282	100.387	260.989
5.336	100.032	260.983
5.400	99.714	260.983
5.462	99.449	260.972
5.468	99.233	260.961
5.418	99.088	260.957
5.368	99.017	260.930
5.367	99.015	260.897
5.383	99.109	260.916
5.384	99.325	260.943
5.384	99.633	260.928
5.382	100.097	260.942
5.386	100.685	260.951
5.382	101.471	260.958
5.397	102.475	260.992
5.468	103.662	261.034
5.505	104.784	261.096
5.343	104.496	261.032
5.350	104.318	261.035
5.426	104.221	261.135
5.511	104.234	261.207
5.558	104.226	261.228
5.549	104.197	261.133
5.512	104.154	261.043
5.477	104.077	261.023
5.459	103.960	261.034
5.462	103.790	261.041
5.460	103.550	261.033
5.446	103.261	261.016
5.399	102.951	261.021
5.362	102.586	261.036
5.311	102.226	261.022
5.260	101.852	261.010
5.219	101.509	261.016
5.207	101.160	260.994
5.194	100.818	260.958
5.200	100.486	260.945
5.226	100.195	260.954
5.265	99.922	260.966
5.326	99.720	260.966
5.380	99.568	260.950
5.440	99.491	260.937
5.471	99.472	260.931
5.434	99.524	260.933
5.394	99.661	260.915
5.367	99.886	260.911
5.375	100.198	260.912
5.378	100.624	260.933
5.383	101.171	260.951
5.396	101.829	260.941
5.421	102.587	260.973
5.482	103.539	261.004
5.583	104.611	261.080
5.418	104.579	261.047
5.411	104.538	261.025
5.472	104.649	261.138
5.500	104.709	261.174
5.528	104.550	261.157
5.547	104.490	261.146
5.549	104.503	261.121
5.534	104.458	261.095
5.531	104.433	261.079
5.536	104.400	261.072
5.539	104.312	261.075
5.546	104.198	261.071
5.550	104.033	261.092
5.525	103.806	261.082
5.478	103.538	261.077
5.438	103.210	261.069
5.368	102.864	261.059
5.321	102.485	261.038
5.284	102.075	261.010
5.259	101.656	260.993
5.267	101.235	260.970
5.283	100.842	260.964
5.324	100.476	260.977
5.388	100.121	260.963
5.468	99.818	260.954
5.476	99.578	260.946
5.425	99.395	260.964
5.386	99.250	260.931
5.367	99.187	260.913
5.379	99.190	260.910
5.388	99.302	260.923
5.383	99.494	260.933
5.381	99.814	260.927
5.386	100.243	260.948
5.380	100.816	260.956
5.366	101.562	260.972
5.384	102.494	260.995
5.443	103.621	261.051
5.506	104.776	261.088
5.362	104.502	261.054
5.377	104.345	261.050
5.451	104.267	261.149
5.534	104.303	261.216
5.595	104.343	261.243
5.583	104.327	261.142
5.548	104.305	261.045
5.508	104.241	261.043
5.486	104.139	261.054
5.486	103.982	261.061
5.486	103.737	261.054
5.465	103.469	261.029
5.427	103.136	261.018
5.376	102.777	261.048
5.324	102.400	261.021
5.266	102.043	261.021
5.229	101.665	261.002
5.213	101.300	260.986
5.203	100.935	260.967
5.197	100.590	260.961
5.212	100.294	260.953
5.251	100.006	260.952
5.298	99.787	260.958
5.351	99.618	260.949
5.411	99.514	260.936
5.460	99.490	260.936
5.452	99.543	260.922
5.422	99.656	260.928
5.384	99.867	260.926
5.373	100.189	260.916
5.382	100.608	260.933
5.385	101.149	260.954
5.389	101.807	260.949
5.411	102.574	260.972
5.477	103.524	261.003
5.589	104.602	261.071
5.437	104.588	261.046
5.427	104.550	261.042
5.486	104.675	261.152
5.511	104.722	261.174
5.540	104.578	261.142
5.564	104.535	261.141
5.557	104.526	261.109
5.536	104.466	261.083
5.529	104.437	261.074
5.535	104.396	261.067
5.544	104.305	261.066
5.540	104.198	261.075
5.541	104.036	261.077
5.520	103.807	261.072
5.477	103.552	261.062
5.432	103.213	261.063
5.361	102.863	261.057
5.315	102.480	261.039
5.284	102.085	261.016
5.268	101.668	260.997
5.300	101.246	260.977
5.346	100.842	260.969
5.421	100.474	260.971
5.507	100.129	260.966
5.472	99.818	260.968
5.411	99.575	260.961
5.376	99.377	260.917
5.396	99.245	260.894
5.399	99.172	260.913
5.400	99.189	260.919
5.399	99.284	260.928
5.403	99.491	260.934
5.402	99.795	260.921
5.382	100.225	260.936
5.363	100.803	260.927
5.341	101.551	260.974
5.342	102.477	260.978
5.410	103.588	261.029
5.501	104.747	261.091
5.374	104.476	261.053
5.399	104.321	261.044
5.464	104.254	261.152
5.540	104.315	261.228
5.605	104.367	261.249
5.606	104.375	261.140
5.556	104.317	261.044
5.501	104.218	261.047
5.474	104.086	261.042
5.474	103.889	261.050
5.473	103.645	261.041
5.454	103.345	261.020
5.411	103.004	261.010
5.361	102.626	261.035
5.304	102.271	261.024
5.256	101.877	261.011
5.225	101.512	260.995
5.210	101.142	260.972
5.212	100.792	260.967
5.227	100.446	260.946
5.274	100.157	260.947
5.325	99.896	260.956
5.394	99.672	260.949
5.460	99.534	260.955
5.460	99.456	260.938
5.420	99.466	260.928
5.386	99.537	260.913
5.379	99.696	260.894
5.382	99.961	260.913
5.369	100.322	260.934
5.386	100.792	260.939
5.395	101.406	260.970
5.418	102.121	260.963
5.451	103.000	260.985
5.522	104.049	261.047
5.477	104.697	261.052
5.396	104.546	261.047
5.438	104.616	261.092
5.524	104.778	261.203
5.541	104.615	261.171
5.566	104.476	261.152
5.559	104.410	261.130
5.548	104.402	261.097
5.532	104.355	261.085
5.529	104.324	261.057
5.523	104.233	261.040
5.521	104.098	261.051
5.527	103.917	261.053
5.503	103.675	261.053
5.461	103.364	261.056
5.413	103.039	261.068
5.346	102.681	261.051
5.304	102.324	261.036
5.273	101.930	261.013
5.249	101.550	261.001
5.254	101.168	260.981
5.276	100.805	260.958
5.309	100.475	260.965
5.372	100.144	260.967
5.447	99.883	260.968
5.485	99.693	260.964
5.436	99.552	260.963
5.389	99.468	260.937
5.365	99.455	260.918
5.373	99.507	260.911
5.383	99.652	260.914
5.382	99.887	260.934
5.386	100.218	260.937
5.379	100.677	260.943
5.385	101.240	260.940
5.391	101.940	260.950
5.397	102.809	260.996
5.465	103.822	261.045
5.487	104.770	261.078
5.363	104.532	261.036
5.405	104.505	261.045
5.495	104.607	261.181
5.562	104.682	261.223
5.564	104.443	261.174
5.546	104.303	261.135
5.536	104.213	261.073
5.509	104.141	261.080
5.492	104.072	261.049
5.487	103.946	261.036
5.488	103.789	261.017
5.466	103.600	261.040
5.444	103.333	261.057
5.404	103.037	261.044
5.359	102.721	261.055
5.312	102.395	261.043
5.276	102.025	261.020
5.250	101.657	261.007
5.233	101.296	260.983
5.227	100.942	260.961
5.238	100.622	260.973
5.270	100.313	260.977
5.310	100.042	260.986
5.361	99.812	260.972
5.408	99.651	260.962
5.464	99.562	260.946
5.460	99.536	260.946
5.419	99.570	260.943
5.388	99.681	260.926
5.373	99.896	260.929
5.367	100.197	260.933
5.368	100.620	260.955
5.369	101.153	260.958
5.379	101.809	260.974
5.410	102.594	260.994
5.471	103.540	261.030
5.572	104.604	261.104
5.414	104.561	261.056
5.407	104.536	261.041
5.473	104.671	261.171
5.507	104.693	261.186
5.539	104.569	261.170
5.560	104.550	261.149
5.551	104.514	261.098
5.541	104.467	261.104
5.532	104.420	261.086
5.537	104.391	261.070
5.547	104.303	261.060
5.546	104.203	261.075
5.539	104.053	261.074
5.515	103.834	261.068
5.479	103.582	261.080
5.436	103.256	261.077
5.366	102.914	261.056
5.335	102.540	261.039
5.317	102.144	261.008
5.316	101.735	261.001
5.354	101.315	260.969
5.419	100.904	260.959
5.503	100.541	260.961
5.502	100.194	260.959
5.436	99.882	260.969
5.401	99.646	260.937
5.397	99.447	260.911
5.412	99.305	260.902
5.422	99.243	260.918
5.424	99.254	260.936
5.426	99.351	260.944
5.426	99.551	260.942
5.407	99.848	260.944
5.382	100.272	260.942
5.357	100.850	260.955
5.322	101.579	260.973
5.325	102.498	261.005
5.417	103.601	261.048
5.517	104.732	261.119
5.381	104.446	261.069
5.402	104.313	261.061
5.466	104.280	261.164
5.551	104.352	261.236
5.619	104.432	261.240
5.596	104.393	261.145
5.541	104.303	261.044
5.495	104.168	261.025
5.477	104.015	261.043
5.472	103.803	261.034
5.450	103.525	261.015
5.434	103.220	260.999
5.386	102.875	261.004
5.338	102.488	261.014
5.282	102.114	261.009
5.236	101.725	260.998
5.208	101.348	260.993
5.194	100.990	260.959
5.195	100.642	260.941
5.207	100.313	260.939
5.243	100.024	260.945
5.295	99.780	260.957
5.361	99.571	260.961
5.429	99.458	260.959
5.484	99.413	260.938
5.459	99.453	260.949
5.414	99.574	260.930
5.390	99.790	260.908
5.379	100.109	260.914
5.387	100.547	260.946
5.398	101.113	260.969
5.413	101.802	260.974
5.456	102.641	260.992
5.524	103.642	261.014
5.591	104.717	261.085
5.425	104.540	261.048
5.435	104.526	261.033
5.488	104.644	261.181
5.530	104.725	261.208
5.541	104.495	261.168
5.542	104.337	261.126
5.515	104.255	261.073
5.490	104.177	261.076
5.473	104.110	261.040
5.479	103.999	261.028
5.473	103.840	261.013
5.459	103.645	261.018
5.448	103.395	261.035
5.411	103.085	261.042
5.361	102.766	261.060
5.315	102.439	261.049
5.278	102.072	261.034
5.237	101.697	261.019
5.213	101.341	260.993
5.202	100.975	260.970
5.222	100.648	260.978
5.244	100.338	260.975
5.296	100.065	260.989
5.369	99.821	260.980
5.452	99.654	260.965
5.484	99.544	260.955
5.428	99.504	260.959
5.387	99.525	260.940
5.376	99.628	260.916
5.394	99.813	260.899
5.407	100.096	260.930
5.417	100.488	260.946
5.432	100.977	260.951
5.441	101.595	260.962
5.451	102.349	260.980
5.482	103.203	260.988
5.561	104.248	261.073
5.447	104.693	261.045
5.380	104.583	261.020
5.437	104.665	261.094
5.489	104.793	261.177
5.519	104.669	261.158
5.563	104.623	261.162
5.539	104.588	261.112
5.539	104.530	261.103
5.526	104.484	261.096
5.530	104.427	261.073
5.543	104.372	261.066
5.546	104.294	261.065
5.555	104.161	261.062
5.532	103.963	261.072
5.503	103.716	261.072
5.463	103.429	261.084
5.407	103.073	261.070
5.354	102.721	261.072
5.298	102.310	261.025
5.270	101.893	260.992
5.232	101.466	260.983
5.232	101.052	260.977
5.242	100.654	260.977
5.263	100.292	260.975
5.309	99.972	260.974
5.364	99.663	260.971
5.412	99.431	260.964
5.474	99.237	260.959
5.443	99.129	260.946
5.403	99.078	260.941
5.368	99.119	260.922
5.368	99.262	260.915
5.365	99.514	260.936
5.353	99.891	260.946
5.355	100.387	260.958
5.355	101.046	260.962
5.380	101.899	260.985
5.414	102.955	261.028
5.526	104.174	261.093
5.420	104.652	261.055
5.358	104.414	261.024
5.392	104.291	261.078
5.470	104.251	261.173
5.555	104.310	261.240
5.578	104.314	261.194
5.549	104.305	261.083
5.519	104.265	261.018
5.494	104.186	261.044
5.486	104.062	261.065
5.493	103.855	261.051
5.490	103.604	261.027
5.459	103.301	261.030
5.416	102.969	261.040
5.361	102.588	261.033
5.298	102.250	261.015
5.250	101.868	261.010
5.225	101.498	261.007
5.229	101.125	260.992
5.241	100.775	260.967
5.268	100.456	260.952
5.331	100.148	260.944
5.402	99.897	260.953
5.481	99.692	260.940
5.475	99.563	260.952
5.416	99.486	260.932
5.378	99.489	260.905
5.373	99.580	260.882
5.386	99.726	260.901
5.389	99.963	260.917
5.392	100.307	260.935
5.407	100.760	260.936
5.418	101.325	260.959
5.424	102.008	260.952
5.426	102.815	260.969
5.492	103.785	261.022
5.520	104.745	261.090
5.379	104.552	261.035
5.412	104.568	261.061
5.511	104.742	261.182
5.530	104.638	261.184
5.563	104.543	261.151
5.569	104.525	261.162
5.566	104.481	261.116
5.547	104.426	261.091
5.537	104.386	261.083
5.534	104.306	261.073
5.542	104.202	261.080
5.534	104.063	261.083
5.522	103.859	261.062
5.491	103.602	261.070
5.451	103.299	261.055
5.387	102.952	261.058
5.335	102.595	261.058
5.293	102.218	261.015
5.256	101.808	261.000
5.241	101.408	260.982
5.239	101.010	260.959
5.265	100.630	260.958
5.302	100.284	260.976
5.353	99.981	260.967
5.411	99.723	260.960
5.469	99.522	260.959
5.446	99.374	260.952
5.403	99.283	260.950
5.370	99.284	260.920
5.371	99.350	260.910
5.375	99.530	260.923
5.367	99.804	260.944
5.363	100.200	260.939
5.357	100.739	260.957
5.369	101.425	260.976
5.388	102.288	260.991
5.441	103.315	261.036
5.554	104.534	261.111
5.386	104.574	261.061
5.371	104.428	261.034
5.426	104.366	261.129
5.528	104.442	261.209
5.615	104.573	261.258
5.570	104.443	261.149
5.532	104.333	261.072
5.496	104.190	261.048
5.474	104.042	261.061
5.471	103.839	261.041
5.461	103.561	261.024
5.444	103.255	261.000
5.388	102.924	261.003
5.349	102.545	260.998
5.297	102.171	261.021
5.247	101.754	261.014
5.220	101.378	261.014
5.204	100.992	260.988
5.202	100.628	260.971
5.219	100.292	260.960
5.257	99.988	260.944
5.309	99.707	260.952
5.378	99.507	260.958
5.452	99.363	260.959
5.481	99.285	260.954
5.435	99.304	260.959
5.390	99.415	260.928
5.376	99.618	260.910
5.379	99.930	260.903
5.382	100.366	260.937
5.400	100.922	260.935
5.409	101.651	260.963
5.459	102.546	260.981
5.521	103.612	261.000
5.574	104.735	261.066
5.410	104.524	261.010
5.410	104.453	261.043
5.451	104.490	261.160
5.545	104.641	261.225
5.569	104.591	261.239
5.527	104.332	261.114
5.482	104.145	261.015
5.438	103.936	260.992
5.428	103.723	260.986
5.414	103.475	260.994
5.405	103.156	260.987
5.368	102.851	260.981
5.343	102.482	261.001
5.304	102.112	261.022
5.247	101.717	261.016
5.212	101.340	261.002
5.186	100.980	260.991
5.170	100.632	260.979
5.155	100.322	260.972
5.157	100.030	260.965
5.166	99.758	260.991
5.188	99.541	260.999
5.225	99.394	261.002
5.291	99.320	260.995
5.361	99.333	260.979
5.438	99.419	260.964
5.475	99.611	260.954
5.422	99.920	260.955
5.391	100.333	260.971
5.391	100.893	260.937
5.431	101.608	260.968
5.474	102.453	260.975
5.548	103.462	261.011
5.638	104.621	261.062
5.471	104.571	260.984
5.474	104.587	260.999
5.540	104.687	261.139
5.569	104.777	261.166
5.557	104.594	261.129
5.535	104.474	261.092
5.500	104.396	261.053
5.489	104.342	261.042
5.476	104.273	261.006
5.466	104.190	261.009
5.469	104.064	261.021
5.479	103.872	261.033
5.483	103.623	261.026
5.447	103.321	261.032
5.403	103.000	261.046
5.358	102.644	261.054
5.315	102.293	261.041
5.278	101.898	261.022
5.239	101.533	261.017
5.213	101.153	260.996
5.201	100.796	260.982
5.192	100.457	260.979
5.207	100.141	260.999
5.227	99.891	260.996
5.254	99.667	260.998
5.289	99.506	260.982
5.325	99.427	260.979
5.376	99.406	260.965
5.431	99.455	260.961
5.456	99.576	260.948
5.425	99.797	260.945
5.390	100.116	260.948
5.380	100.551	260.933
5.383	101.072	260.919
5.397	101.721	260.936
5.423	102.509	260.966
5.467	103.436	260.999
5.580	104.495	261.056
5.444	104.659	261.014
5.414	104.592	261.003
5.464	104.676	261.075
5.496	104.817	261.166
5.496	104.661	261.142
5.523	104.612	261.120
5.529	104.601	261.085
5.520	104.576	261.064
5.512	104.543	261.067
5.528	104.507	261.067
5.551	104.429	261.061
5.560	104.338	261.074
5.561	104.201	261.084
5.550	104.007	261.092
5.520	103.758	261.080
5.475	103.452	261.088
5.409	103.090	261.082
5.360	102.726	261.072
5.309	102.327	261.044
5.272	101.876	261.003
5.264	101.452	260.996
5.279	101.031	260.996
5.321	100.620	260.995
5.386	100.236	260.985
5.474	99.889	260.974
5.487	99.594	260.966
5.423	99.346	260.987
5.379	99.143	260.939
5.371	99.036	260.903
5.394	98.974	260.912
5.411	99.010	260.917
5.420	99.140	260.936
5.429	99.403	260.946
5.427	99.773	260.951
5.409	100.293	260.937
5.394	100.990	260.935
5.384	101.891	260.967
5.404	102.991	261.021
5.498	104.258	261.077
5.389	104.653	261.036
5.350	104.404	261.014
5.399	104.242	261.077
5.485	104.192	261.176
5.547	104.207	261.258
5.556	104.177	261.198
5.525	104.157	261.079
5.499	104.098	261.012
5.464	104.023	261.040
5.460	103.885	261.035
5.467	103.698	261.036
5.463	103.445	261.019
5.441	103.149	261.020
5.388	102.827	261.041
5.344	102.468	261.027
5.284	102.138	261.027
5.232	101.792	261.011
5.209	101.434	261.005
5.191	101.093	260.983
5.181	100.757	260.959
5.181	100.452	260.952
5.192	100.192	260.961
5.228	99.945	260.973
5.273	99.759	260.973
5.326	99.628	260.959
5.379	99.574	260.935
5.440	99.577	260.923
5.464	99.675	260.916
5.434	99.833	260.942
5.388	100.082	260.942
5.378	100.437	260.936
5.391	100.877	260.927
5.405	101.436	260.935
5.413	102.112	260.944
5.435	102.923	260.977
5.525	103.869	261.024
5.565	104.763	261.070
5.436	104.548	261.039
5.448	104.554	261.030
5.509	104.706	261.152
5.505	104.671	261.178
5.520	104.542	261.149
5.539	104.526	261.151
5.545	104.510	261.091
5.522	104.468	261.070
5.528	104.444	261.063
5.539	104.387	261.061
5.554	104.313	261.072
5.549	104.207	261.078
5.556	104.022	261.087
5.528	103.800	261.068
5.478	103.545	261.076
5.434	103.198	261.073
5.369	102.854	261.062
5.316	102.463	261.042
5.281	102.055	261.001
5.246	101.635	260.991
5.270	101.210	260.973
5.292	100.814	260.982
5.351	100.438	260.988
5.434	100.088	260.968
5.505	99.781	260.956
5.453	99.524	260.966
5.395	99.321	260.951
5.367	99.177	260.920
5.395	99.090	260.916
5.417	99.093	260.908
5.412	99.198	260.940
5.425	99.409	260.940
5.434	99.718	260.943
5.414	100.158	260.935
5.400	100.743	260.938
5.391	101.513	260.954
5.395	102.494	260.993
5.450	103.646	261.042
5.493	104.772	261.090
5.352	104.476	261.038
5.372	104.300	261.032
5.448	104.204	261.135
5.530	104.221	261.228
5.575	104.233	261.238
5.556	104.217	261.138
5.523	104.177	261.036
5.490	104.098	261.016
5.470	103.990	261.033
5.467	103.826	261.032
5.480	103.593	261.031
5.462	103.318	261.017
5.413	102.997	261.018
5.370	102.646	261.039
5.318	102.289	261.023
5.267	101.932	261.012
5.225	101.591	261.001
5.199	101.229	260.988
5.187	100.899	260.962
5.191	100.564	260.947
5.193	100.276	260.952
5.218	100.020	260.958
5.267	99.818	260.983
5.316	99.655	260.961
5.368	99.582	260.961
5.428	99.569	260.925
5.469	99.627	260.911
5.438	99.750	260.922
5.395	99.977	260.939
5.378	100.285	260.928
5.385	100.703	260.919
5.396	101.242	260.944
5.403	101.865	260.945
5.426	102.616	260.963
5.488	103.532	261.011
5.599	104.556	261.064
5.458	104.611	261.059
5.434	104.557	261.036
5.480	104.634	261.118
5.510	104.765	261.180
5.511	104.589	261.162
5.538	104.515	261.135
5.552	104.525	261.112
5.535	104.504	261.085
5.527	104.475	261.073
5.542	104.440	261.065
5.556	104.366	261.064
5.556	104.277	261.068
5.554	104.128	261.088
5.536	103.919	261.083
5.496	103.675	261.069
5.443	103.347	261.079
5.385	103.010	261.058
5.331	102.644	261.058
5.289	102.241	261.011
5.252	101.813	260.999
5.257	101.390	260.965
5.280	100.987	260.972
5.347	100.596	260.971
5.425	100.235	260.962
5.505	99.912	260.959
5.460	99.632	260.964
5.395	99.420	260.959
5.367	99.249	260.928
5.389	99.160	260.905
5.405	99.130	260.922
5.407	99.194	260.929
5.410	99.362	260.939
5.424	99.627	260.935
5.405	100.016	260.921
5.391	100.536	260.940
5.374	101.224	260.943
5.366	102.105	260.988
5.395	103.171	261.011
5.500	104.420	261.092
5.375	104.604	261.054
5.359	104.383	261.024
5.412	104.252	261.100
5.498	104.246	261.182
5.568	104.279	261.248
5.569	104.273	261.184
5.542	104.247	261.066
5.511	104.196	261.022
5.477	104.108	261.039
5.471	103.979	261.049
5.481	103.766	261.047
5.467	103.509	261.036
5.439	103.203	261.024
5.389	102.849	261.038
5.345	102.498	261.024
5.283	102.154	261.028
5.233	101.786	261.012
5.211	101.432	261.014
5.202	101.072	260.975
5.195	100.737	260.954
5.202	100.429	260.953
5.240	100.149	260.955
5.283	99.930	260.968
5.339	99.742	260.951
5.404	99.624	260.941
5.463	99.577	260.930
5.456	99.612	260.914
5.414	99.697	260.931
5.384	99.887	260.927
5.374	100.133	260.908
5.378	100.511	260.934
5.391	100.975	260.947
5.402	101.554	260.953
5.410	102.235	260.958
5.452	103.038	260.982
5.537	103.992	261.039
5.521	104.724	261.073
5.429	104.554	261.044
5.428	104.559	261.056
5.511	104.727	261.154
5.510	104.634	261.166
5.545	104.503	261.138
5.557	104.477	261.146
5.549	104.481	261.091
5.536	104.445	261.083
5.541	104.418	261.069
5.547	104.366	261.055
5.545	104.275	261.072
5.552	104.154	261.080
5.550	103.960	261.091
5.511	103.732	261.083
5.467	103.452	261.072
5.420	103.108	261.067
5.355	102.758	261.062
5.306	102.370	261.028
5.281	101.958	260.996
5.267	101.535	260.978
5.281	101.130	260.960
5.312	100.720	260.953
5.368	100.360	260.966
5.438	100.039	260.952
5.500	99.750	260.955
5.448	99.509	260.959
5.394	99.322	260.950
5.370	99.208	260.925
5.380	99.155	260.893
5.391	99.184	260.911
5.390	99.323	260.928
5.402	99.552	260.930
5.394	99.893	260.946
5.383	100.361	260.950
5.375	100.989	260.948
5.359	101.790	260.965
5.387	102.790	261.020
5.462	103.962	261.066
5.429	104.702	261.062
5.348	104.430	261.055
5.394	104.296	261.060
5.471	104.248	261.171
5.547	104.291	261.240
5.589	104.334	261.226
5.580	104.328	261.118
5.543	104.298	261.034
5.497	104.221	261.035
5.480	104.128	261.044
5.488	103.954	261.065
5.490	103.712	261.036
5.461	103.434	261.035
5.422	103.089	261.024
5.375	102.746	261.037
5.315	102.396	261.021
5.262	102.028	260.997
5.224	101.664	260.997
5.208	101.286	260.976
5.201	100.942	260.961
5.201	100.613	260.947
5.220	100.320	260.953
5.258	100.041	260.957
5.299	99.836	260.965
5.348	99.660	260.959
5.403	99.582	260.937
5.453	99.567	260.923
5.462	99.609	260.914
5.422	99.732	260.931
5.385	99.940	260.932
5.378	100.242	260.926
5.378	100.653	260.925
5.381	101.170	260.944
5.384	101.795	260.961
5.403	102.549	260.969
5.459	103.432	261.008
5.571	104.455	261.073
5.447	104.614	261.067
5.412	104.531	261.048
5.459	104.609	261.118
5.513	104.760	261.191
5.522	104.579	261.172
5.545	104.501	261.141
5.548	104.511	261.128
5.542	104.491	261.092
5.529	104.466	261.079
5.534	104.426	261.067
5.544	104.355	261.067
5.544	104.269	261.075
5.549	104.117	261.082
5.532	103.914	261.074
5.490	103.673	261.066
5.443	103.355	261.071
5.376	103.014	261.062
5.330	102.644	261.060
5.294	102.257	261.022
5.297	101.839	260.991
5.315	101.421	260.984
5.376	101.019	260.975
5.464	100.642	260.968
5.514	100.285	260.965
5.455	99.978	260.965
5.411	99.711	260.949
5.394	99.503	260.899
5.396	99.342	260.908
5.393	99.255	260.915
5.378	99.233	260.915
5.388	99.301	260.916
5.385	99.460	260.937
5.386	99.728	260.935
5.361	100.116	260.934
5.337	100.623	260.945
5.313	101.284	260.962
5.291	102.155	260.976
5.351	103.200	261.024
5.498	104.421	261.115
5.395	104.556	261.074
5.388	104.364	261.051
5.431	104.257	261.107
5.507	104.281	261.205
5.585	104.349	261.260
5.613	104.366	261.192
5.563	104.335	261.069
5.511	104.253	261.029
5.473	104.128	261.043
5.469	103.958	261.049
5.460	103.734	261.038
5.447	103.448	261.028
5.422	103.120	261.025
5.373	102.756	261.034
5.315	102.377	261.019
5.265	102.013	261.010
5.227	101.648	261.001
5.221	101.267	260.980
5.224	100.913	260.952
5.246	100.582	260.942
5.287	100.265	260.949
5.339	100.006	260.944
5.413	99.769	260.936
5.484	99.609	260.947
5.459	99.515	260.943
5.420	99.497	260.928
5.381	99.543	260.916
5.380	99.681	260.893
5.381	99.922	260.918
5.372	100.248	260.926
5.371	100.695	260.951
5.383	101.260	260.949
5.404	101.940	260.960
5.422	102.757	260.984
5.492	103.729	261.033
5.525	104.712	261.094
5.385	104.528	261.041
5.410	104.549	261.058
5.509	104.713	261.196
5.537	104.617	261.185
5.560	104.487	261.157
5.567	104.428	261.151
5.563	104.418	261.125
5.541	104.362	261.101
5.529	104.340	261.061
5.524	104.251	261.048
5.525	104.151	261.068
5.525	103.979	261.068
5.506	103.753	261.065
5.464	103.474	261.053
5.423	103.150	261.052
5.357	102.798	261.050
5.322	102.444	261.038
5.280	102.058	261.020
5.267	101.668	261.001
5.276	101.267	260.980
5.312	100.896	260.944
5.351	100.540	260.959
5.430	100.213	260.947
5.491	99.923	260.970
5.457	99.689	260.940
5.410	99.527	260.954
5.370	99.420	260.912
5.381	99.370	260.900
5.388	99.406	260.911
5.392	99.524	260.919
5.392	99.722	260.924
5.397	100.041	260.931
5.388	100.466	260.942
5.376	101.010	260.937
5.358	101.712	260.955
5.371	102.559	261.000
5.418	103.590	261.040
5.512	104.729	261.098
5.368	104.512	261.042
5.399	104.424	261.045
5.480	104.436	261.165
5.579	104.563	261.229
5.592	104.551	261.244
5.553	104.319	261.153
5.516	104.160	261.049
5.479	103.962	261.022
5.443	103.788	261.023
5.437	103.547	261.028
5.421	103.259	261.000
5.384	102.977	261.004
5.348	102.638	261.014
5.311	102.272	261.018
5.263	101.869	261.011
5.214	101.509	261.008
5.204	101.140	260.995
5.178	100.786	260.971
5.164	100.460	260.950
5.177	100.143	260.964
5.199	99.878	260.973
5.242	99.652	260.990
5.276	99.481	260.982
5.345	99.385	260.980
5.409	99.384	260.962
5.462	99.441	260.940
5.451	99.609	260.946
5.413	99.878	260.943
5.385	100.286	260.951
5.394	100.808	260.930
5.406	101.482	260.972
5.430	102.328	260.984
5.503	103.343	261.014
5.616	104.520	261.063
5.452	104.581	261.012
5.435	104.533	261.024
5.497	104.589	261.130
5.569	104.771	261.214
5.538	104.602	261.190
5.526	104.420	261.103
5.507	104.290	261.068
5.487	104.199	261.045
5.468	104.101	261.021
5.450	103.968	261.015
5.455	103.799	261.004
5.451	103.565	261.000
5.432	103.305	261.014
5.391	102.984	261.014
5.358	102.643	261.038
5.311	102.310	261.044
5.262	101.931	261.023
5.230	101.567	261.022
5.206	101.206	261.001
5.189	100.859	260.984
5.182	100.537	260.977
5.207	100.233	260.984
5.249	99.969	260.988
5.320	99.747	261.001
5.394	99.572	260.985
5.473	99.493	260.963
5.461	99.454	260.973
5.399	99.512	260.952
5.377	99.632	260.941
5.379	99.863	260.907
5.404	100.175	260.932
5.419	100.617	260.946
5.445	101.152	260.951
5.470	101.816	260.963
5.492	102.590	260.969
5.535	103.520	261.000
5.619	104.588	261.056
5.452	104.620	261.026
5.412	104.611	261.030
5.466	104.734	261.115
5.473	104.759	261.135
5.513	104.658	261.132
5.540	104.633	261.123
5.535	104.579	261.086
5.515	104.535	261.094
5.512	104.487	261.077
5.522	104.450	261.078
5.541	104.363	261.060
5.554	104.283	261.064
5.552	104.115	261.073
5.536	103.908	261.074
5.507	103.655	261.065
5.463	103.340	261.080
5.400	102.992	261.060
5.353	102.615	261.072
5.295	102.218	261.037
5.262	101.792	261.005
5.232	101.351	260.991
5.217	100.945	260.979
5.217	100.554	260.989
5.220	100.186	260.980
5.251	99.876	260.983
5.290	99.571	260.985
5.339	99.341	260.970
5.399	99.164	260.956
5.455	99.065	260.948
5.447	99.031	260.952
5.409	99.081	260.950
5.380	99.244	260.949
5.365	99.503	260.920
5.363	99.905	260.931
5.360	100.419	260.948
5.359	101.105	260.958
5.378	101.979	260.973
5.427	103.067	261.008
5.555	104.323	261.076
5.429	104.630	261.038
5.369	104.413	261.015
5.375	104.292	261.071
5.446	104.272	261.156
5.536	104.328	261.223
5.570	104.332	261.166
5.535	104.334	261.046
5.507	104.278	260.998
5.487	104.195	261.030
5.490	104.080	261.044
5.495	103.876	261.044
5.489	103.621	261.034
5.470	103.321	261.021
5.426	102.967	261.049
5.364	102.595	261.039
5.304	102.253	261.030
5.254	101.880	261.004
5.227	101.496	261.016
5.215	101.126	260.993
5.228	100.763	260.968
5.260	100.437	260.957
5.323	100.124	260.967
5.415	99.859	260.968
5.492	99.653	260.953
5.469	99.507	260.977
5.419	99.430	260.950
5.375	99.424	260.907
5.389	99.491	260.887
5.408	99.615	260.903
5.413	99.847	260.931
5.428	100.178	260.933
5.440	100.616	260.955
5.446	101.148	260.954
5.445	101.804	260.935
5.444	102.598	260.955
5.479	103.550	261.005
5.559	104.654	261.091
5.385	104.601	261.018
5.386	104.569	261.012
5.477	104.662	261.163
5.532	104.712	261.197
5.554	104.526	261.167
5.559	104.417	261.138
5.551	104.378	261.104
5.545	104.349	261.095
5.526	104.316	261.057
5.520	104.270	261.040
5.532	104.172	261.047
5.534	104.032	261.059
5.535	103.815	261.069
5.495	103.560	261.069
5.452	103.241	261.054
5.394	102.908	261.069
5.339	102.548	261.049
5.282	102.177	261.011
5.249	101.771	261.010
5.226	101.388	260.988
5.214	101.009	260.969
5.217	100.635	260.974
5.239	100.299	260.978
5.273	99.997	260.985
5.328	99.742	260.975
5.380	99.541	260.962
5.442	99.407	260.950
5.472	99.327	260.934
5.428	99.317	260.953
5.390	99.399	260.938
5.373	99.556	260.910
5.377	99.829	260.926
5.378	100.201	260.928
5.371	100.692	260.936
5.379	101.321	260.950
5.396	102.130	260.979
5.444	103.080	261.005
5.544	104.217	261.078
5.445	104.673	261.051
5.381	104.496	261.031
5.418	104.453	261.076
5.499	104.541	261.189
5.593	104.673	261.254
5.559	104.458	261.199
5.513	104.253	261.084
5.471	104.083	261.024
5.455	103.879	261.020
5.454	103.665	261.019
5.422	103.409	261.004
5.402	103.101	261.001
5.375	102.789	261.023
5.339	102.418	261.016
5.287	102.035	261.023
5.238	101.629	261.017
5.203	101.253	261.009
5.175	100.897	260.990
5.178	100.547	260.965
5.197	100.222	260.960
5.237	99.926	260.963
5.315	99.660	260.981
5.389	99.463	260.988
5.493	99.322	260.979
5.467	99.280	260.980
5.412	99.305	260.964
5.389	99.440	260.923
5.401	99.661	260.901
5.416	99.993	260.920
5.422	100.468	260.953
5.439	101.078	260.963
5.471	101.846	260.982
5.520	102.784	260.990
5.594	103.887	261.022
5.536	104.706	261.008
5.427	104.557	261.023
5.442	104.592	261.061
5.503	104.710	261.196
5.528	104.685	261.175
5.539	104.447	261.122
5.527	104.286	261.097
5.493	104.163	261.058
5.469	104.038	261.050
5.443	103.906	261.029
5.441	103.720	260.992
5.437	103.501	261.000
5.416	103.236	260.991
5.392	102.934	261.014
5.363	102.576	261.022
5.310	102.237	261.025
5.272	101.873	261.019
5.230	101.520	261.022
5.209	101.166	261.002
5.180	100.835	260.985
5.170	100.513	260.965
5.163	100.230	260.977
5.166	99.982	260.989
5.177	99.768	260.993
5.223	99.610	260.991
5.261	99.514	260.976
5.315	99.508	260.965
5.376	99.559	260.940
5.435	99.706	260.953
5.461	99.934	260.942
5.427	100.266	260.971
5.407	100.717	260.948
5.410	101.269	260.941
5.440	101.923	260.937
5.470	102.714	260.975
5.532	103.638	261.009
5.621	104.678	261.065
5.476	104.603	260.999
5.468	104.594	260.992
5.533	104.688	261.112
5.546	104.770	261.129
5.533	104.618	261.125
5.522	104.571	261.101
5.525	104.571	261.073
5.508	104.554	261.059
5.506	104.532	261.046
5.518	104.478	261.034
5.538	104.415	261.071
5.559	104.316	261.081
5.564	104.164	261.092
5.546	103.960	261.095
5.512	103.686	261.076
5.467	103.375	261.077
5.404	103.022	261.069
5.353	102.645	261.059
5.304	102.242	261.033
5.266	101.804	261.001
5.228	101.373	260.980
5.221	100.964	260.987
5.224	100.573	260.994
5.256	100.202	260.988
5.290	99.879	260.997
5.352	99.576	260.968
5.419	99.348	260.963
5.473	99.160	260.948
5.430	99.046	260.938
5.382	99.000	260.933
5.361	99.043	260.910
5.370	99.179	260.913
5.376	99.423	260.922
5.378	99.780	260.926
5.377	100.284	260.937
5.387	100.935	260.945
5.396	101.789	260.963
5.424	102.852	261.000
5.522	104.090	261.056
5.431	104.720	261.028
5.349	104.454	261.012
5.362	104.335	261.050
5.443	104.298	261.151
5.536	104.359	261.225
5.571	104.381	261.203
5.550	104.396	261.090
5.524	104.359	261.014
5.491	104.276	261.042
5.487	104.168	261.061
5.490	103.978	261.068
5.490	103.739	261.048
5.482	103.452	261.035
5.436	103.099	261.031
5.375	102.744	261.050
5.316	102.380	261.027
5.266	102.008	261.017
5.226	101.623	261.008
5.207	101.237	260.995
5.205	100.873	260.972
5.207	100.526	260.957
5.229	100.217	260.956
5.268	99.929	260.957
5.331	99.684	260.967
5.381	99.515	260.959
5.442	99.424	260.943
5.473	99.389	260.929
5.421	99.430	260.934
5.383	99.541	260.922
5.364	99.738	260.907
5.368	100.060	260.906
5.377	100.477	260.929
5.382	101.009	260.943
5.392	101.672	260.953
5.410	102.457	260.961
5.473	103.401	261.005
5.574	104.535	261.086
5.425	104.604	261.035
5.391	104.518	261.032
5.439	104.557	261.130
5.534	104.753	261.212
5.535	104.539	261.180
5.543	104.338	261.127
5.510	104.225	261.070
5.492	104.140	261.073
5.484	104.050	261.063
5.487	103.934	261.043
5.474	103.774	261.025
5.459	103.593	261.027
5.459	103.339	261.043
5.417	103.045	261.045
5.376	102.723	261.060
5.330	102.388	261.047
5.285	102.030	261.034
5.253	101.671	261.009
5.229	101.301	260.986
5.226	100.946	260.970
5.243	100.614	260.968
5.280	100.298	260.970
5.331	100.036	260.982
5.397	99.789	260.967
5.478	99.615	260.964
5.466	99.497	260.955
5.416	99.452	260.946
5.370	99.477	260.927
5.373	99.574	260.916
5.388	99.761	260.902
5.385	100.053	260.933
5.396	100.466	260.941
5.406	100.981	260.952
5.426	101.621	260.955
5.434	102.397	260.960
5.474	103.328	261.002
5.565	104.418	261.056
5.421	104.613	261.046
5.384	104.561	261.030
5.460	104.643	261.121
5.515	104.745	261.173
5.553	104.571	261.158
5.567	104.462	261.142
5.563	104.422	261.110
5.554	104.407	261.109
5.535	104.383	261.069
5.531	104.339	261.040
5.532	104.245	261.044
5.539	104.116	261.057
5.536	103.909	261.067
5.503	103.650	261.065
5.462	103.350	261.068
5.405	103.015	261.064
5.336	102.643	261.060
5.293	102.273	261.034
5.261	101.867	261.012
5.243	101.480	260.993
5.232	101.085	260.968
5.240	100.723	260.961
5.271	100.379	260.973
5.318	100.058	260.968
5.370	99.795	260.968
5.432	99.600	260.948
5.470	99.453	260.943
5.432	99.370	260.929
5.390	99.347	260.926
5.367	99.410	260.914
5.374	99.548	260.894
5.376	99.801	260.917
5.370	100.151	260.927
5.370	100.617	260.923
5.375	101.216	260.943
5.393	101.942	260.949
5.418	102.848	261.004
5.499	103.931	261.041
5.467	104.727	261.065
5.364	104.509	261.038
5.406	104.472	261.067
5.499	104.562	261.181
5.565	104.664	261.229
5.567	104.455	261.185
5.546	104.338	261.088
5.516	104.220	261.060
5.487	104.124	261.062
5.477	104.003	261.039
5.475	103.833	261.026
5.463	103.624	261.017
5.443	103.371	261.043
5.405	103.051	261.032
5.363	102.708	261.049
5.310	102.366	261.030
5.278	102.018	261.026
5.243	101.652	261.004
5.232	101.281	260.997
5.235	100.932	260.967
5.254	100.600	260.958
5.292	100.303	260.960
5.343	100.028	260.966
5.415	99.807	260.975
5.480	99.647	260.962
5.461	99.556	260.945
5.419	99.528	260.930
5.382	99.579	260.923
5.376	99.708	260.907
5.380	99.926	260.919
5.378	100.239	260.930
5.384	100.670	260.943
5.395	101.238	260.951
5.420	101.888	260.966
5.438	102.680	260.990
5.491	103.621	261.020
5.562	104.693	261.089
5.400	104.554	261.039
5.405	104.565	261.039
5.490	104.715	261.174
5.524	104.686	261.173
5.550	104.575	261.153
5.565	104.553	261.143
5.554	104.504	261.103
5.543	104.449	261.108
5.536	104.404	261.076
5.534	104.349	261.060
5.540	104.256	261.068
5.540	104.135	261.068
5.535	103.946	261.071
5.507	103.703	261.061
5.467	103.432	261.057
5.415	103.084	261.063
5.350	102.737	261.051
5.310	102.367	261.030
5.288	101.971	261.008
5.262	101.573	260.983
5.270	101.171	260.970
5.291	100.790	260.961
5.333	100.447	260.980
5.386	100.123	260.983
5.452	99.845	260.957
5.474	99.625	260.948
5.431	99.473	260.950
5.391	99.364	260.935
5.365	99.333	260.928
5.369	99.373	260.912
5.372	99.510	260.928
5.366	99.747	260.921
5.365	100.094	260.947
5.361	100.554	260.948
5.364	101.157	260.953
5.370	101.913	260.980
5.390	102.847	261.026
5.472	103.951	261.072
5.443	104.712	261.066
5.356	104.449	261.045
5.406	104.356	261.072
5.493	104.398	261.192
5.584	104.531	261.248
5.578	104.482	261.199
5.544	104.301	261.105
5.498	104.143	261.045
5.460	103.950	261.051
5.445	103.743	261.039
5.438	103.491	261.018
5.420	103.196	260.994
5.372	102.887	260.987
5.347	102.522	260.982
5.297	102.153	261.005
5.251	101.738	261.003
5.212	101.374	261.008
5.196	101.010	260.979
5.196	100.649	260.962
5.203	100.333	260.950
5.233	100.040	260.948
5.283	99.765	260.960
5.334	99.560	260.963
5.390	99.414	260.962
5.458	99.351	260.963
5.467	99.372	260.947
5.425	99.493	260.944
5.397	99.701	260.920
5.374	100.025	260.913
5.379	100.483	260.944
5.391	101.059	260.957
5.409	101.791	260.980
5.457	102.693	260.999
5.537	103.761	261.016
5.532	104.698	261.044
5.417	104.527	261.027
5.436	104.545	261.054
5.509	104.668	261.198
5.530	104.686	261.191
5.536	104.454	261.145
5.527	104.298	261.101
5.497	104.185	261.055
5.469	104.078	261.050
5.452	103.951	261.007
5.454	103.779	260.992
5.442	103.578	261.004
5.425	103.327	260.986
5.402	103.031	261.017
5.367	102.702	261.021
5.314	102.353	261.027
5.279	101.977	261.022
5.234	101.638	261.005
5.215	101.261	260.992
5.190	100.918	260.973
5.192	100.593	260.962
5.205	100.304	260.965
5.238	100.042	260.978
5.287	99.809	260.987
5.361	99.622	260.978
5.444	99.520	260.973
5.480	99.496	260.942
5.432	99.551	260.954
5.389	99.664	260.926
5.371	99.878	260.914
5.390	100.195	260.922
5.410	100.612	260.940
5.428	101.149	260.950
5.452	101.795	260.963
5.486	102.565	260.976
5.528	103.475	261.007
5.612	104.510	261.052
5.462	104.612	261.028
5.421	104.563	261.033
5.465	104.652	261.094
5.494	104.783	261.167
5.508	104.620	261.159
5.539	104.549	261.133
5.549	104.553	261.111
5.532	104.517	261.066
5.517	104.501	261.061
5.531	104.465	261.052
5.557	104.403	261.061
5.561	104.323	261.074
5.558	104.184	261.078
5.551	103.988	261.080
5.522	103.734	261.070
5.467	103.441	261.065
5.412	103.086	261.068
5.356	102.723	261.068
5.304	102.334	261.031
5.266	101.911	260.996
5.235	101.490	260.978
5.218	101.066	260.978
5.205	100.678	260.977
5.210	100.314	260.980
5.235	99.979	260.969
5.269	99.682	260.979
5.306	99.441	260.974
5.354	99.260	260.956
5.400	99.134	260.938
5.452	99.097	260.939
5.445	99.122	260.952
5.405	99.255	260.952
5.378	99.495	260.930
5.372	99.847	260.921
5.363	100.322	260.927
5.362	100.963	260.955
5.369	101.776	260.961
5.410	102.801	261.003
5.522	103.989	261.056
5.475	104.732	261.051
5.374	104.459	261.033
5.382	104.325	261.039
5.432	104.282	261.135
5.513	104.341	261.210
5.577	104.376	261.201
5.562	104.385	261.099
5.532	104.364	260.995
5.504	104.287	261.006
5.495	104.177	261.051
5.491	104.015	261.063
5.498	103.766	261.037
5.483	103.477	261.006
5.452	103.135	261.027
5.384	102.779	261.044
5.320	102.404	261.021
5.275	102.038	261.012
5.226	101.649	260.999
5.212	101.256	260.992
5.221	100.889	260.972
5.254	100.544	260.955
5.321	100.227	260.960
5.408	99.936	260.956
5.506	99.700	260.959
5.469	99.532	260.964
5.408	99.421	260.937
5.377	99.388	260.906
5.399	99.431	260.881
5.397	99.533	260.905
5.394	99.725	260.915
5.388	100.033	260.920
5.397	100.433	260.933
5.416	100.939	260.937
5.409	101.574	260.939
5.398	102.345	260.950
5.431	103.248	260.983
5.501	104.339	261.065
5.379	104.651	261.028
5.360	104.519	261.004
5.432	104.560	261.112
5.546	104.742	261.225
5.549	104.542	261.190
5.546	104.361	261.139
5.523	104.256	261.103
5.514	104.194	261.074
5.495	104.138	261.065
5.492	104.055	261.046
5.488	103.941	261.036
5.488	103.772	261.044
5.478	103.561	261.054
5.442	103.299	261.047
5.411	102.995	261.068
5.360	102.664	261.062
5.308	102.316	261.048
5.271	101.947	261.011
5.243	101.577	260.993
5.233	101.203	260.965
5.235	100.861	260.957
5.257	100.532	260.959
5.290	100.227	260.958
5.338	99.964	260.972
5.393	99.736	260.945
5.448	99.584	260.947
5.454	99.491	260.932
5.413	99.469	260.925
5.383	99.504	260.916
5.360	99.624	260.899
5.369	99.839	260.909
5.361	100.158	260.937
5.359	100.589	260.932
5.359	101.134	260.946
5.374	101.808	260.960
5.401	102.635	260.992
5.467	103.602	261.039
5.547	104.685	261.099
5.380	104.551	261.047
5.390	104.532	261.043
5.482	104.633	261.166
5.539	104.679	261.197
5.550	104.487	261.164
5.558	104.366	261.144
5.544	104.319	261.097
5.540	104.286	261.087
5.518	104.245	261.055
5.512	104.192	261.049
5.516	104.084	261.054
5.512	103.924	261.054
5.496	103.718	261.067
5.466	103.449	261.067
5.427	103.131	261.062
5.359	102.804	261.050
5.315	102.458	261.039
5.286	102.086	261.016
5.264	101.715	260.992
5.275	101.325	260.977
5.314	100.968	260.958
5.355	100.619	260.953
5.427	100.302	260.955
5.488	100.035	260.961
5.460	99.815	260.953
5.408	99.643	260.946
5.372	99.547	260.904
5.381	99.507	260.901
5.391	99.543	260.904
5.393	99.645	260.911
5.394	99.858	260.928
5.390	100.151	260.934
5.385	100.566	260.942
5.376	101.071	260.935
5.368	101.728	260.960
5.375	102.507	260.998
5.411	103.450	261.034
5.514	104.571	261.098
5.382	104.564	261.065
5.399	104.496	261.058
5.480	104.578	261.176
5.545	104.709	261.234
5.554	104.481	261.198
5.555	104.338	261.158
5.547	104.271	261.110
5.528	104.233	261.099
5.500	104.198	261.053
5.502	104.142	261.041
5.504	104.039	261.050
5.490	103.900	261.051
5.485	103.700	261.063
5.460	103.468	261.064
5.426	103.154	261.057
5.360	102.844	261.061
5.319	102.505	261.048
5.272	102.134	260.992
5.248	101.762	260.979
5.239	101.396	260.978
5.248	101.032	260.951
5.266	100.686	260.952
5.295	100.375	260.957
5.340	100.095	260.967
5.392	99.860	260.951
5.448	99.695	260.949
5.464	99.580	260.938
5.429	99.526	260.931
5.395	99.540	260.925
5.366	99.638	260.909
5.363	99.840	260.916
5.355	100.113	260.929
5.349	100.516	260.952
5.344	101.024	260.956
5.355	101.652	260.964
5.382	102.424	260.999
5.438	103.350	261.045
5.545	104.421	261.104
5.405	104.570	261.072
5.393	104.504	261.063
5.470	104.590	261.142
5.527	104.702	261.218
5.547	104.531	261.185
5.563	104.465	261.159
5.575	104.452	261.140
5.557	104.416	261.113
5.526	104.389	261.074
5.527	104.350	261.048
5.538	104.267	261.080
5.526	104.150	261.073
5.518	103.976	261.082
5.506	103.743	261.066
5.454	103.487	261.052
5.408	103.146	261.054
5.347	102.801	261.047
5.327	102.420	261.023
5.311	102.042	260.998
5.326	101.639	260.987
5.371	101.250	260.963
5.442	100.851	260.940
5.508	100.502	260.959
5.473	100.195	260.957
5.417	99.910	260.942
5.384	99.682	260.917
5.387	99.524	260.891
5.394	99.421	260.896
5.398	99.377	260.919
5.402	99.421	260.921
5.407	99.551	260.929
5.397	99.766	260.932
5.373	100.093	260.929
5.343	100.536	260.942
5.319	101.105	260.960
5.302	101.822	260.970
5.316	102.732	261.002
5.429	103.798	261.063
5.478	104.702	261.110
5.393	104.418	261.065
5.428	104.338	261.071
5.500	104.347	261.177
5.591	104.501	261.249
5.603	104.460	261.217
5.553	104.259	261.124
5.496	104.092	261.049
5.458	103.874	261.026
5.441	103.680	261.033
5.422	103.427	261.008
5.390	103.136	260.987
5.353	102.838	260.987
5.330	102.478	260.996
5.288	102.101	261.005
5.240	101.715	261.018
5.207	101.343	261.006
5.196	100.976	260.991
5.191	100.641	260.962
5.196	100.344	260.949
5.224	100.047	260.944
5.260	99.805	260.953
5.318	99.599	260.951
5.384	99.474	260.964
5.457	99.422	260.967
5.468	99.448	260.954
5.428	99.555	260.947
5.395	99.776	260.926
5.380	100.101	260.908
5.384	100.551	260.933
5.392	101.140	260.963
5.411	101.881	260.977
5.465	102.760	261.010
5.552	103.817	261.040
5.533	104.681	261.044
5.425	104.518	261.050
5.451	104.545	261.052
5.513	104.678	261.182
5.527	104.681	261.195
5.542	104.478	261.157
5.533	104.352	261.113
5.513	104.253	261.062
5.477	104.167	261.047
5.463	104.077	261.031
5.467	103.921	261.015
5.461	103.734	261.012
5.437	103.499	261.016
5.421	103.208	261.023
5.375	102.881	261.051
5.336	102.537	261.038
5.289	102.191	261.041
5.247	101.823	261.004
5.218	101.448	261.007
5.190	101.094	260.986
5.188	100.751	260.979
5.200	100.448	260.984
5.237	100.150	260.978
5.277	99.903	260.993
5.348	99.691	260.979
5.432	99.568	260.967
5.477	99.500	260.952
5.432	99.509	260.953
5.393	99.581	260.935
5.375	99.762	260.904
5.385	100.013	260.914
5.409	100.369	260.936
5.420	100.835	260.939
5.447	101.417	260.958
5.464	102.099	260.952
5.485	102.929	260.980
5.551	103.880	261.022
5.554	104.767	261.064
5.422	104.610	261.035
5.424	104.644	261.039
5.490	104.816	261.143
5.503	104.703	261.146
5.542	104.638	261.141
5.540	104.593	261.118
5.538	104.553	261.080
5.523	104.502	261.091
5.524	104.470	261.071
5.537	104.420	261.054
5.549	104.335	261.070
5.556	104.233	261.060
5.556	104.059	261.090
5.528	103.828	261.087
5.481	103.556	261.072
5.437	103.222	261.083
5.371	102.870	261.076
5.324	102.485	261.053
5.283	102.069	261.009
5.238	101.647	260.995
5.218	101.216	260.991
5.217	100.828	260.979
5.213	100.455	260.984
5.244	100.106	260.982
5.277	99.789	260.990
5.327	99.530	260.975
5.380	99.308	260.964
5.438	99.161	260.949
5.457	99.090	260.944
5.413	99.079	260.949
5.377	99.171	260.944
5.361	99.369	260.936
5.373	99.667	260.922
5.364	100.107	260.940
5.352	100.676	260.941
5.361	101.425	260.962
5.393	102.395	260.984
5.469	103.521	261.036
5.567	104.756	261.108
5.387	104.513	261.012
5.368	104.389	261.025
5.408	104.322	261.118
5.504	104.388	261.194
5.592	104.463	261.237
5.575	104.465	261.128
5.522	104.367	261.032
5.486	104.229	261.024
5.471	104.075	261.044
5.461	103.866	261.038
5.455	103.584	261.020
5.445	103.272	261.011
5.399	102.925	261.006
5.348	102.538	261.016
5.287	102.168	261.021
5.241	101.761	261.020
5.199	101.389	261.011
5.185	101.016	260.983
5.196	100.655	260.970
5.220	100.318	260.955
5.272	100.018	260.957
5.345	99.744	260.974
5.435	99.528	260.969
5.493	99.380	260.969
5.442	99.301	260.965
5.390	99.320	260.942
5.366	99.396	260.908
5.387	99.563	260.910
5.400	99.848	260.932
5.406	100.224	260.944
5.426	100.739	260.943
5.448	101.356	260.952
5.459	102.135	260.948
5.486	103.066	260.971
5.544	104.167	261.043
5.450	104.682	261.026
5.382	104.539	261.026
5.415	104.549	261.092
5.520	104.696	261.195
5.545	104.617	261.194
5.549	104.367	261.131
5.511	104.209	261.073
5.474	104.061	261.056
5.453	103.912	261.012
5.436	103.727	260.999
5.419	103.511	260.985
5.409	103.257	260.987
5.390	102.980	260.997
5.366	102.644	261.019
5.315	102.299	261.020
5.279	101.935	261.017
5.238	101.590	261.023
5.205	101.233	260.990
5.184	100.905	260.981
5.172	100.572	260.967
5.165	100.282	260.958
5.172	100.029	260.980
5.186	99.809	260.990
5.222	99.636	260.992
5.276	99.531	260.984
5.332	99.507	260.983
5.399	99.559	260.960
5.466	99.696	260.948
5.450	99.906	260.963
5.408	100.229	260.964
5.390	100.660	260.954
5.400	101.223	260.934
5.441	101.876	260.948
5.472	102.680	260.985
5.528	103.621	261.000
5.623	104.672	261.072
5.474	104.621	261.014
5.464	104.623	261.016
5.532	104.742	261.144
5.536	104.780	261.165
5.534	104.661	261.132
5.524	104.654	261.114
5.517	104.617	261.065
5.517	104.560	261.079
5.504	104.526	261.061
5.512	104.461	261.056
5.531	104.382	261.066
5.549	104.276	261.080
5.547	104.111	261.086
5.525	103.885	261.073
5.495	103.636	261.066
5.457	103.301	261.069
5.381	102.955	261.071
5.335	102.574	261.052
5.294	102.165	261.021
5.245	101.738	261.000
5.221	101.312	260.987
5.214	100.911	260.988
5.219	100.524	260.990
5.240	100.166	260.986
5.273	99.848	260.981
5.326	99.567	260.976
5.383	99.330	260.968
5.459	99.161	260.957
5.453	99.051	260.944
5.412	99.025	260.960
5.373	99.086	260.933
5.366	99.243	260.925
5.379	99.510	260.926
5.386	99.892	260.928
5.383	100.411	260.941
5.385	101.101	260.951
5.410	101.977	260.966
5.442	103.050	261.005
5.553	104.300	261.066
5.426	104.653	261.025
5.362	104.436	261.009
5.370	104.306	261.066
5.443	104.300	261.164
5.540	104.362	261.237
5.567	104.374	261.184
5.536	104.384	261.071
5.507	104.336	261.005
5.484	104.257	261.035
5.478	104.138	261.057
5.481	103.944	261.056
5.484	103.695	261.037
5.468	103.391	261.027
5.421	103.034	261.043
5.348	102.680	261.036
5.298	102.317	261.026
5.249	101.921	261.008
5.215	101.538	261.005
5.203	101.156	260.984
5.205	100.798	260.965
5.216	100.464	260.956
5.251	100.150	260.960
5.295	99.878	260.961
5.362	99.651	260.956
5.437	99.505	260.949
5.464	99.409	260.931
5.421	99.394	260.936
5.373	99.450	260.933
5.349	99.591	260.911
5.361	99.804	260.912
5.366	100.117	260.932
5.374	100.546	260.941
5.391	101.094	260.935
5.399	101.751	260.951
5.418	102.542	260.964
5.463	103.500	260.996
5.561	104.616	261.078
5.395	104.608	261.027
5.379	104.571	261.017
5.454	104.664	261.159
5.500	104.724	261.188
5.531	104.541	261.153
5.547	104.402	261.124
5.533	104.339	261.097
5.523	104.282	261.082
5.506	104.238	261.055
5.504	104.171	261.039
5.497	104.046	261.027
5.508	103.878	261.033
5.501	103.655	261.039
5.464	103.376	261.047
5.423	103.068	261.054
5.362	102.720	261.056
5.311	102.363	261.042
5.264	101.981	261.011
5.236	101.603	261.002
5.224	101.230	260.980
5.226	100.872	260.964
5.253	100.526	260.960
5.296	100.210	260.967
5.353	99.936	260.976
5.429	99.712	260.957
5.471	99.551	260.949
5.433	99.459	260.950
5.383	99.412	260.943
5.365	99.447	260.911
5.379	99.568	260.908
5.386	99.780	260.915
5.386	100.099	260.934
5.388	100.517	260.935
5.405	101.059	260.946
5.410	101.733	260.962
5.422	102.537	260.976
5.481	103.527	261.017
5.571	104.654	261.095
5.394	104.566	261.033
5.388	104.490	261.018
5.472	104.544	261.147
5.570	104.735	261.224
5.574	104.492	261.196
5.556	104.324	261.127
5.531	104.228	261.082
5.517	104.150	261.071
5.506	104.080	261.060
5.503	103.963	261.052
5.501	103.823	261.031
5.492	103.635	261.040
5.469	103.393	261.037
5.431	103.116	261.043
5.380	102.801	261.064
5.324	102.463	261.045
5.284	102.110	261.047
5.250	101.733	261.019
5.228	101.372	260.999
5.221	101.020	260.995
5.238	100.699	260.982
5.269	100.374	260.982
5.322	100.086	260.983
5.388	99.839	260.976
5.470	99.664	260.962
5.469	99.553	260.957
5.421	99.495	260.958
5.383	99.500	260.931
5.379	99.586	260.910
5.396	99.760	260.914
5.395	100.029	260.942
5.399	100.407	260.945
5.414	100.895	260.953
5.424	101.500	260.966
5.435	102.259	260.976
5.467	103.118	260.999
5.543	104.181	261.079
5.451	104.702	261.066
5.382	104.570	261.042
5.442	104.626	261.112
5.530	104.804	261.215
5.547	104.629	261.169
5.567	104.511	261.165
5.573	104.474	261.155
5.573	104.465	261.127
5.551	104.425	261.102
5.547	104.378	261.065
5.549	104.299	261.061
5.547	104.176	261.068
5.553	103.986	261.076
5.522	103.757	261.077
5.479	103.473	261.071
5.432	103.129	261.063
5.362	102.779	261.045
5.317	102.405	261.037
5.281	102.009	261.007
5.253	101.631	260.988
5.247	101.229	260.963
5.251	100.859	260.956
5.284	100.499	260.962
5.335	100.168	260.967
5.395	99.883	260.966
5.465	99.661	260.948
5.458	99.498	260.943
5.417	99.394	260.940
5.373	99.350	260.923
5.360	99.384	260.903
5.380	99.493	260.908
5.377	99.704	260.923
5.377	100.033	260.935
5.374	100.463	260.945
5.382	101.027	260.946
5.381	101.741	260.968
5.401	102.620	261.002
5.465	103.675	261.038
5.524	104.782	261.108
5.364	104.528	261.052
5.378	104.426	261.050
5.458	104.413	261.153
5.563	104.536	261.236
5.600	104.584	261.233
5.555	104.376	261.133
5.513	104.224	261.060
5.477	104.028	261.050
5.456	103.817	261.053
5.441	103.576	261.032
5.426	103.281	261.007
5.388	102.965	261.011
5.348	102.618	261.017
5.307	102.226	261.011
5.263	101.793	261.012
5.216	101.415	261.014
5.195	101.047	261.000
5.185	100.685	260.984
5.175	100.340	260.967
5.193	100.024	260.976
5.225	99.755	260.970
5.273	99.529	260.987
5.335	99.363	260.985
5.405	99.272	260.972
5.471	99.269	260.960
5.451	99.358	260.961
5.408	99.545	260.944
5.379	99.828	260.924
5.381	100.248	260.917
5.397	100.802	260.943
5.417	101.519	260.976
5.455	102.395	260.979
5.525	103.456	261.021
5.617	104.653	261.068
5.432	104.537	261.004
5.424	104.445	261.003
5.473	104.460	261.126
5.542	104.620	261.199
5.561	104.639	261.233
5.520	104.411	261.149
5.485	104.232	261.019
5.453	104.055	260.979
5.426	103.880	260.983
5.422	103.659	260.996
5.425	103.380	260.990
5.403	103.091	260.991
5.371	102.759	261.011
5.338	102.389	261.028
5.293	101.994	261.019
5.242	101.609	261.020
5.218	101.244	260.998
5.189	100.901	260.989
5.177	100.541	260.961
5.169	100.228	260.967
5.168	99.929	260.975
5.189	99.697	260.999
5.217	99.498	261.008
5.260	99.365	261.002
5.315	99.317	260.984
5.380	99.354	260.962
5.451	99.488	260.953
5.475	99.709	260.946
5.430	100.044	260.981
5.398	100.500	260.982
5.399	101.070	260.953
5.438	101.801	260.958
5.482	102.665	260.978
5.551	103.689	261.003
5.597	104.755	261.057
5.460	104.607	261.001
5.472	104.643	261.030
5.544	104.781	261.166
5.550	104.777	261.162
5.531	104.619	261.124
5.510	104.541	261.105
5.487	104.499	261.070
5.491	104.459	261.068
5.487	104.426	261.031
5.491	104.364	261.017
5.497	104.247	261.036
5.516	104.094	261.055
5.515	103.861	261.059
5.491	103.595	261.049
5.448	103.261	261.063
5.399	102.915	261.073
5.347	102.543	261.055
5.304	102.164	261.031
5.271	101.769	261.012
5.246	101.363	260.993
5.226	100.974	260.974
5.221	100.617	260.985
5.236	100.273	260.993
5.263	99.969	261.003
5.313	99.727	261.001
5.358	99.528	260.984
5.411	99.395	260.973
5.467	99.319	260.960
5.439	99.320	260.961
5.393	99.408	260.959
5.367	99.558	260.939
5.371	99.820	260.932
5.379	100.190	260.938
5.375	100.668	260.933
5.387	101.272	260.941
5.414	102.005	260.953
5.435	102.900	260.990
5.526	103.964	261.035
5.498	104.789	261.054
5.384	104.554	261.027
5.387	104.542	261.034
5.467	104.641	261.151
5.524	104.736	261.199
5.552	104.514	261.167
5.533	104.382	261.104
5.516	104.294	261.062
5.506	104.242	261.052
5.507	104.191	261.048
5.509	104.091	261.036
5.508	103.963	261.037
5.509	103.763	261.039
5.487	103.536	261.054
5.449	103.237	261.073
5.394	102.916	261.077
5.344	102.559	261.057
5.302	102.201	261.029
5.257	101.805	261.027
5.239	101.424	260.988
5.235	101.038	260.981
5.242	100.677	260.974
5.277	100.347	260.979
5.336	100.031	260.990
5.405	99.762	260.968
5.478	99.560	260.965
5.451	99.409	260.966
5.402	99.322	260.947
5.363	99.302	260.937
5.362	99.363	260.924
5.381	99.516	260.925
5.387	99.765	260.923
5.385	100.135	260.942
5.389	100.623	260.941
5.400	101.226	260.957
5.410	101.990	260.957
5.419	102.936	261.000
5.500	104.055	261.065
5.434	104.719	261.049
5.345	104.490	261.027
5.394	104.423	261.082
5.482	104.461	261.170
5.590	104.608	261.244
5.565	104.475	261.176
5.522	104.290	261.086
5.480	104.122	261.034
5.456	103.910	261.035
5.438	103.695	261.035
5.423	103.430	261.025
5.405	103.121	260.993
5.369	102.792	260.998
5.326	102.430	261.013
5.285	102.028	261.008
5.235	101.623	261.009
5.200	101.252	261.003
5.179	100.887	260.979
5.165	100.532	260.962
5.169	100.211	260.949
5.172	99.918	260.957
5.197	99.669	260.971
5.239	99.462	260.983
5.288	99.333	260.973
5.349	99.276	260.973
5.408	99.306	260.944
5.463	99.427	260.929
5.443	99.647	260.929
5.408	100.002	260.941
5.377	100.461	260.932
5.396	101.079	260.925
5.418	101.857	260.949
5.465	102.798	260.976
5.556	103.925	261.033
5.504	104.697	261.002
5.426	104.493	260.988
5.453	104.473	261.027
5.525	104.541	261.169
5.591	104.720	261.214
5.545	104.539	261.176
5.508	104.393	261.075
5.473	104.245	260.991
5.454	104.095	260.981
5.442	103.939	260.989
5.437	103.713	260.995
5.440	103.460	261.004
5.427	103.167	261.007
5.384	102.834	261.031
5.342	102.460	261.030
5.302	102.087	261.037
5.253	101.710	261.032
5.229	101.332	260.992
5.204	100.964	260.984
5.180	100.606	260.965
5.168	100.280	260.980
5.166	99.985	261.000
5.171	99.748	261.007
5.204	99.527	261.002
5.245	99.378	260.995
5.299	99.314	260.989
5.368	99.342	260.970
5.443	99.441	260.957
5.461	99.625	260.962
5.416	99.924	260.975
5.378	100.334	260.960
5.384	100.872	260.932
5.423	101.542	260.948
5.458	102.371	260.961
5.519	103.315	260.983
5.615	104.428	261.046
5.488	104.633	261.008
5.459	104.580	260.994
5.507	104.648	261.087
5.562	104.840	261.171
5.532	104.649	261.134
5.517	104.520	261.094
5.502	104.457	261.073
5.504	104.425	261.062
5.500	104.411	261.037
5.501	104.361	261.018
5.510	104.277	261.028
5.526	104.154	261.045
5.535	103.966	261.073
5.515	103.718	261.063
5.481	103.432	261.060
5.437	103.089	261.064
5.376	102.738	261.061
5.327	102.362	261.038
5.290	101.956	261.025
5.250	101.563	261.004
5.223	101.159	260.983
5.199	100.784	260.978
5.199	100.424	260.989
5.199	100.107	260.998
5.214	99.815	260.992
5.240	99.571	260.981
5.283	99.397	260.965
5.323	99.278	260.961
5.376	99.222	260.945
5.417	99.253	260.936
5.448	99.362	260.950
5.425	99.560	260.941
5.396	99.864	260.934
5.379	100.260	260.914
5.377	100.796	260.911
5.393	101.473	260.931
5.403	102.316	260.959
5.453	103.317	260.991
5.569	104.519	261.056
5.417	104.646	261.001
5.381	104.486	260.984
5.419	104.464	261.078
5.491	104.575	261.165
5.553	104.720	261.225
5.517	104.485	261.154
5.486	104.290	261.048
5.450	104.107	261.018
5.422	103.900	261.008
5.421	103.675	261.004
5.417	103.388	260.996
5.399	103.078	260.989
5.363	102.757	261.002
5.333	102.370	261.020
5.281	101.970	261.023
5.227	101.564	261.025
5.194	101.179	261.021
5.171	100.818	261.005
5.152	100.455	260.972
5.158	100.127	260.961
5.176	99.821	260.980
5.222	99.540	260.993
5.291	99.350	261.009
5.395	99.202	260.999
5.491	99.142	260.980
5.459	99.154	260.982
5.393	99.271	260.958
5.367	99.489	260.918
5.387	99.833	260.906
5.391	100.286	260.953
5.404	100.898	260.965
5.422	101.682	260.969
5.484	102.644	260.993
5.570	103.776	261.018
5.547	104.768	261.028
5.419	104.541	260.997
5.415	104.497	261.020
5.466	104.538	261.133
5.532	104.711	261.185
5.519	104.595	261.190
5.484	104.376	261.090
5.448	104.192	260.989
5.414	103.996	260.981
5.409	103.795	260.998
5.401	103.532	261.000
5.410	103.243	261.002
5.387	102.921	260.988
5.354	102.562	261.004
5.311	102.176	261.011
5.277	101.775	261.005
5.229	101.391	261.016
5.191	101.019	260.991
5.175	100.666	260.972
5.160	100.332	260.965
5.154	100.014	260.972
5.156	99.746	260.985
5.167	99.514	261.003
5.185	99.355	261.007
5.203	99.265	260.992
5.244	99.248	260.978
5.293	99.325	260.978
5.350	99.495	260.954
5.410	99.789	260.954
5.462	100.185	260.969
5.458	100.723	260.973
5.436	101.396	260.976
5.457	102.231	260.967
5.513	103.234	260.962
5.618	104.394	261.034
5.481	104.624	260.991
5.454	104.606	260.988
5.517	104.683	261.094
5.589	104.836	261.165
5.578	104.643	261.115
5.573	104.492	261.083
5.519	104.403	261.048
5.491	104.317	261.021
5.461	104.264	261.001
5.459	104.183	260.992
5.457	104.049	260.993
5.470	103.869	261.012
5.468	103.643	261.025
5.450	103.347	261.026
5.416	103.013	261.043
5.363	102.677	261.058
5.319	102.316	261.045
5.282	101.928	261.017
5.242	101.547	261.013
5.220	101.172	261.001
5.197	100.806	260.990
5.194	100.469	260.989
5.195	100.143	261.002
5.203	99.872	261.008
5.241	99.636	261.011
5.282	99.477	261.007
5.335	99.373	260.975
5.391	99.340	260.971
5.454	99.384	260.952
5.454	99.502	260.954
5.416	99.723	260.958
5.382	100.037	260.950
5.371	100.442	260.927
5.395	100.976	260.920
5.409	101.630	260.952
5.431	102.423	260.956
5.484	103.346	260.994
5.595	104.433	261.048
5.471	104.674	261.007
5.423	104.603	260.977
5.470	104.709	261.078
5.485	104.817	261.137
5.488	104.705	261.127
5.526	104.678	261.116
5.509	104.623	261.059
5.516	104.569	261.074
5.507	104.532	261.064
5.515	104.501	261.059
5.543	104.432	261.057
5.559	104.364	261.068
5.560	104.232	261.083
5.544	104.043	261.092
5.525	103.801	261.082
5.481	103.505	261.099
5.427	103.147	261.082
5.368	102.766	261.064
5.317	102.368	261.040
5.276	101.936	261.004
5.235	101.483	260.984
5.229	101.061	260.967
5.235	100.661	260.987
5.248	100.285	260.993
5.290	99.951	260.979
5.334	99.623	260.972
5.399	99.353	260.967
5.462	99.153	260.958
5.443	99.018	260.951
5.399	98.954	260.934
5.361	98.969	260.919
5.352	99.082	260.908
5.356	99.330	260.920
5.357	99.676	260.927
5.344	100.171	260.936
5.348	100.839	260.942
5.361	101.715	260.964
5.394	102.799	261.011
5.499	104.035	261.069
5.430	104.718	261.038
5.350	104.447	261.026
5.359	104.290	261.054
5.436	104.221	261.147
5.521	104.254	261.222
5.553	104.229	261.195
5.528	104.209	261.095
5.494	104.170	261.020
5.468	104.080	261.026
5.456	103.953	261.035
5.466	103.767	261.031
5.462	103.527	261.020
5.442	103.236	261.018
5.397	102.900	261.027
5.351	102.543	261.028
5.294	102.204	261.028
5.243	101.838	261.013
5.218	101.478	261.008
5.202	101.128	260.982
5.206	100.788	260.958
5.216	100.466	260.945
5.263	100.162	260.951
5.314	99.915	260.962
5.380	99.704	260.957
5.446	99.570	260.953
5.472	99.486	260.929
5.422	99.490	260.920
5.383	99.551	260.917
5.362	99.697	260.897
5.378	99.936	260.908
5.382	100.252	260.929
5.389	100.707	260.933
5.405	101.257	260.950
5.417	101.914	260.947
5.443	102.719	260.977
5.494	103.678	261.010
5.566	104.716	261.088
5.403	104.558	261.030
5.414	104.579	261.039
5.495	104.738	261.174
5.512	104.663	261.166
5.559	104.560	261.158
5.575	104.533	261.150
5.564	104.486	261.105
5.549	104.417	261.118
5.542	104.366	261.063
5.538	104.290	261.064
5.539	104.183	261.060
5.544	104.037	261.063
5.536	103.833	261.061
5.495	103.575	261.072
5.456	103.275	261.055
5.402	102.934	261.064
5.341	102.568	261.058
5.286	102.183	261.019
5.257	101.778	260.997
5.242	101.376	260.979
5.237	100.993	260.969
5.267	100.616	260.956
5.311	100.265	260.970
5.373	99.964	260.965
5.449	99.694	260.945
5.490	99.499	260.947
5.444	99.344	260.950
5.394	99.252	260.932
5.370	99.257	260.913
5.383	99.336	260.909
5.396	99.500	260.929
5.393	99.753	260.925
5.395	100.158	260.936
5.395	100.684	260.944
5.400	101.344	260.957
5.405	102.187	260.977
5.446	103.196	261.011
5.545	104.385	261.092
5.393	104.602	261.055
5.360	104.437	261.029
5.416	104.371	261.129
5.520	104.453	261.207
5.611	104.596	261.264
5.563	104.426	261.157
5.521	104.282	261.066
5.488	104.141	261.041
5.473	103.968	261.055
5.464	103.761	261.036
5.449	103.493	261.019
5.429	103.192	261.003
5.378	102.877	261.001
5.335	102.497	261.001
5.292	102.116	261.018
5.240	101.716	261.003
5.210	101.326	261.000
5.193	100.965	260.980
5.176	100.600	260.965
5.170	100.266	260.946
5.190	99.961	260.959
5.219	99.702	260.965
5.262	99.479	260.963
5.324	99.338	260.964
5.387	99.269	260.954
5.461	99.290	260.940
5.451	99.400	260.944
5.408	99.613	260.934
5.371	99.942	260.918
5.363	100.372	260.918
5.395	100.947	260.929
5.401	101.699	260.949
5.451	102.595	260.972
5.531	103.669	261.006
5.564	104.743	261.051
5.421	104.538	261.002
5.433	104.513	261.023
5.496	104.573	261.152
5.566	104.753	261.214
5.538	104.582	261.195
5.523	104.450	261.099
5.499	104.337	261.019
5.476	104.235	261.009
5.457	104.127	261.013
5.457	103.964	261.008
5.468	103.759	261.004
5.460	103.510	261.006
5.426	103.191	261.019
5.382	102.846	261.034
5.338	102.491	261.035
5.290	102.145	261.036
5.241	101.751	261.006
5.217	101.374	260.992
5.193	101.008	260.979
5.176	100.668	260.969
5.174	100.353	260.972
5.195	100.055	260.979
5.217	99.801	260.998
5.272	99.585	260.989
5.319	99.457	260.982
5.381	99.408	260.965
5.451	99.423	260.956
5.442	99.500	260.955
5.399	99.668	260.957
5.368	99.939	260.935
5.367	100.314	260.925
5.393	100.804	260.922
5.414	101.419	260.953
5.428	102.145	260.952
5.467	103.023	260.984
5.561	104.069	261.051
5.508	104.732	261.033
5.433	104.600	261.015
5.459	104.683	261.063
5.491	104.837	261.141
5.492	104.723	261.143
5.516	104.683	261.129
5.518	104.629	261.094
5.520	104.559	261.079
5.511	104.500	261.074
5.521	104.490	261.050
5.539	104.437	261.047
5.557	104.366	261.060
5.555	104.252	261.066
5.547	104.071	261.083
5.531	103.839	261.082
5.492	103.562	261.068
5.438	103.203	261.079
5.374	102.862	261.064
5.331	102.448	261.047
5.288	102.025	261.001
5.247	101.587	260.988
5.234	101.169	260.978
5.247	100.758	260.975
5.253	100.388	260.984
5.298	100.034	260.985
5.351	99.703	260.982
5.412	99.442	260.967
5.476	99.231	260.952
5.460	99.083	260.950
5.411	99.023	260.942
5.377	99.020	260.929
5.377	99.118	260.914
5.374	99.333	260.928
5.374	99.645	260.922
5.364	100.111	260.942
5.373	100.726	260.955
5.376	101.522	260.965
5.407	102.519	260.993
5.482	103.702	261.036
5.505	104.794	261.076
5.357	104.487	261.022
5.357	104.327	261.018
5.428	104.242	261.124
5.516	104.271	261.204
5.572	104.297	261.210
5.551	104.279	261.106
5.517	104.261	261.025
5.487	104.181	261.020
5.480	104.079	261.030
5.479	103.921	261.057
5.484	103.694	261.033
5.479	103.414	261.022
5.434	103.091	261.017
5.380	102.737	261.041
5.327	102.370	261.024
5.273	102.015	261.017
5.238	101.637	261.006
5.221	101.270	260.999
5.216	100.909	260.963
5.239	100.566	260.949
5.283	100.250	260.957
5.342	99.984	260.965
5.414	99.744	260.959
5.487	99.569	260.954
5.452	99.463	260.949
5.404	99.424	260.939
5.366	99.460	260.897
5.374	99.567	260.899
5.387	99.760	260.906
5.386	100.042	260.922
5.392	100.439	260.939
5.409	100.933	260.940
5.412	101.559	260.953
5.422	102.311	260.960
5.453	103.200	260.982
5.529	104.287	261.056
5.423	104.645	261.047
5.377	104.535	261.012
5.438	104.567	261.100
5.538	104.758	261.212
5.552	104.542	261.170
5.550	104.385	261.137
5.537	104.296	261.109
5.527	104.249	261.087
5.513	104.205	261.081
5.503	104.155	261.048
5.503	104.065	261.044
5.514	103.923	261.051
5.498	103.729	261.056
5.473	103.494	261.054
5.440	103.195	261.060
5.387	102.877	261.062
5.325	102.533	261.042
5.277	102.174	261.020
5.246	101.782	261.008
5.226	101.426	260.986
5.219	101.044	260.969
5.223	100.697	260.959
5.268	100.370	260.961
5.323	100.076	260.972
5.388	99.826	260.963
5.464	99.643	260.946
5.455	99.520	260.935
5.414	99.458	260.927
5.378	99.452	260.911
5.377	99.536	260.894
5.393	99.701	260.907
5.396	99.979	260.911
5.394	100.344	260.925
5.402	100.829	260.934
5.407	101.445	260.943
5.416	102.211	260.960
5.444	103.107	260.994
5.534	104.188	261.058
5.428	104.666	261.038
5.373	104.503	261.025
5.412	104.509	261.097
5.522	104.706	261.212
5.543	104.588	261.215
5.548	104.396	261.144
5.530	104.281	261.099
5.516	104.203	261.081
5.499	104.149	261.066
5.489	104.073	261.048
5.490	103.955	261.031
5.491	103.794	261.026
5.473	103.593	261.042
5.435	103.342	261.055
5.405	103.020	261.048
5.348	102.694	261.057
5.300	102.363	261.051
5.253	101.996	261.017
5.228	101.609	261.008
5.221	101.248	260.981
5.221	100.889	260.972
5.237	100.566	260.966
5.286	100.239	260.978
5.353	99.964	260.965
5.424	99.748	260.955
5.481	99.582	260.951
5.435	99.486	260.950
5.395	99.464	260.925
5.367	99.498	260.910
5.379	99.614	260.908
5.389	99.834	260.914
5.393	100.143	260.933
5.395	100.572	260.941
5.409	101.120	260.954
5.420	101.799	260.963
5.436	102.607	260.977
5.489	103.592	261.029
5.566	104.689	261.102
5.389	104.558	261.047
5.389	104.530	261.028
5.479	104.643	261.174
5.536	104.697	261.193
5.554	104.488	261.159
5.563	104.366	261.123
5.546	104.314	261.102
5.539	104.257	261.090
5.524	104.227	261.064
5.518	104.168	261.046
5.520	104.054	261.040
5.523	103.904	261.046
5.505	103.699	261.043
5.468	103.428	261.045
5.426	103.112	261.056
5.365	102.779	261.057
5.320	102.433	261.033
5.271	102.059	261.020
5.248	101.682	261.002
5.236	101.290	260.967
5.232	100.942	260.962
5.255	100.584	260.961
5.294	100.263	260.962
5.350	99.987	260.970
5.419	99.753	260.966
5.477	99.584	260.941
5.443	99.477	260.946
5.395	99.432	260.935
5.369	99.450	260.906
5.376	99.551	260.900
5.391	99.747	260.916
5.384	100.040	260.928
5.390	100.438	260.932
5.397	100.957	260.940
5.404	101.599	260.958
5.421	102.395	260.980
5.463	103.343	261.016
5.557	104.452	261.085
5.399	104.585	261.040
5.382	104.486	261.009
5.446	104.523	261.121
5.556	104.726	261.214
5.555	104.512	261.198
5.555	104.348	261.131
5.538	104.253	261.099
5.521	104.176	261.080
5.502	104.115	261.048
5.493	104.026	261.035
5.486	103.891	261.026
5.483	103.723	261.022
5.464	103.505	261.039
5.427	103.226	261.048
5.389	102.917	261.052
5.335	102.576	261.038
5.293	102.232	261.031
5.255	101.853	261.008
5.234	101.492	260.992
5.230	101.124	260.979
5.234	100.780	260.961
5.271	100.445	260.961
5.320	100.139	260.970
5.379	99.891	260.974
5.441	99.677	260.949
5.471	99.541	260.959
5.430	99.458	260.955
5.393	99.442	260.934
5.364	99.506	260.918
5.374	99.658	260.905
5.367	99.896	260.920
5.372	100.238	260.938
5.369	100.706	260.944
5.377	101.295	260.952
5.390	102.033	260.966
5.409	102.889	260.998
5.495	103.931	261.055
5.465	104.719	261.072
5.362	104.514	261.041
5.402	104.492	261.077
5.503	104.624	261.190
5.545	104.633	261.202
5.553	104.413	261.147
5.535	104.287	261.108
5.520	104.205	261.072
5.497	104.130	261.061
5.477	104.051	261.036
5.477	103.935	261.012
5.480	103.768	261.022
5.459	103.576	261.036
5.429	103.310	261.039
5.402	103.005	261.035
5.356	102.686	261.038
5.304	102.350	261.040
5.263	101.984	261.005
5.238	101.619	261.001
5.233	101.245	260.983
5.232	100.904	260.962
5.264	100.579	260.957
5.304	100.263	260.958
5.363	99.995	260.964
5.438	99.765	260.947
5.473	99.610	260.955
5.430	99.521	260.947
5.388	99.489	260.926
5.364	99.523	260.913
5.366	99.651	260.909
5.371	99.866	260.929
5.368	100.181	260.939
5.371	100.611	260.944
5.382	101.152	260.941
5.391	101.829	260.965
5.405	102.627	260.989
5.469	103.596	261.029
5.547	104.679	261.102
5.382	104.560	261.042
5.389	104.551	261.048
5.489	104.676	261.186
5.525	104.673	261.184
5.556	104.536	261.157
5.574	104.470	261.148
5.568	104.462	261.116
5.554	104.411	261.097
5.534	104.374	261.066
5.527	104.303	261.051
5.533	104.207	261.059
5.533	104.061	261.071
5.520	103.848	261.055
5.486	103.591	261.052
5.448	103.286	261.053
5.382	102.937	261.047
5.334	102.578	261.043
5.286	102.197	261.002
5.266	101.786	260.988
5.256	101.402	260.974
5.255	101.013	260.961
5.283	100.636	260.953
5.329	100.299	260.972
5.375	100.000	260.961
5.440	99.742	260.943
5.474	99.550	260.942
5.442	99.412	260.942
5.401	99.330	260.924
5.370	99.330	260.912
5.372	99.417	260.907
5.375	99.587	260.913
5.363	99.866	260.931
5.365	100.261	260.937
5.363	100.769	260.938
5.372	101.423	260.959
5.384	102.250	260.980
5.429	103.236	261.024
5.535	104.396	261.088
5.392	104.570	261.050
5.380	104.432	261.035
5.435	104.410	261.129
5.541	104.524	261.208
5.606	104.607	261.253
5.563	104.364	261.172
5.519	104.199	261.076
5.481	104.019	261.013
5.452	103.838	261.022
5.440	103.625	261.012
5.429	103.362	261.004
5.393	103.078	261.006
5.364	102.768	261.010
5.334	102.420	261.008
5.285	102.032	261.014
5.234	101.649	261.014
5.211	101.288	260.999
5.202	100.931	260.979
5.210	100.592	260.963
5.224	100.271	260.951
5.267	99.963	260.959
5.314	99.722	260.975
5.384	99.524	260.968
5.454	99.390	260.967
5.481	99.334	260.963
5.430	99.365	260.954
5.391	99.487	260.934
5.374	99.704	260.918
5.379	100.027	260.916
5.369	100.491	260.950
5.380	101.064	260.967
5.397	101.818	260.968
5.447	102.718	260.998
5.534	103.788	261.023
5.509	104.701	261.044
5.396	104.523	261.035
5.409	104.528	261.054
5.482	104.645	261.184
5.525	104.688	261.205
5.535	104.441	261.156
5.516	104.278	261.092
5.483	104.145	261.055
5.452	104.021	261.037
5.437	103.867	261.011
5.431	103.697	260.994
5.415	103.468	260.987
5.398	103.210	260.991
5.375	102.904	261.005
5.336	102.570	261.018
5.293	102.226	261.020
5.254	101.861	261.014
5.216	101.516	261.004
5.194	101.169	260.985
5.180	100.829	260.969
5.181	100.507	260.958
5.194	100.227	260.962
5.225	99.976	260.973
5.272	99.763	260.980
5.337	99.611	260.971
5.409	99.534	260.964
5.465	99.524	260.950
5.429	99.599	260.954
5.392	99.748	260.934
5.363	99.989	260.925
5.369	100.332	260.915
5.407	100.787	260.927
5.416	101.357	260.951
5.441	102.051	260.947
5.477	102.867	260.995
5.547	103.805	261.003
5.574	104.747	261.059
5.442	104.583	261.032
5.444	104.598	261.023
5.493	104.754	261.140
5.497	104.726	261.169
5.509	104.608	261.140
5.535	104.576	261.124
5.538	104.558	261.076
5.518	104.510	261.069
5.511	104.473	261.052
5.523	104.419	261.050
5.540	104.333	261.064
5.541	104.221	261.070
5.536	104.057	261.073
5.524	103.829	261.076
5.479	103.556	261.056
5.437	103.227	261.053
5.369	102.872	261.048
5.324	102.493	261.032
5.281	102.087	261.018
5.235	101.659	260.994
5.223	101.243	260.975
5.219	100.848	260.982
5.225	100.472	260.982
5.252	100.116	260.978
5.291	99.816	260.974
5.340	99.542	260.961
5.390	99.333	260.957
5.457	99.166	260.944
5.449	99.103	260.950
5.410	99.092	260.943
5.376	99.178	260.947
5.370	99.376	260.919
5.376	99.670	260.920
5.373	100.095	260.934
5.364	100.674	260.944
5.372	101.410	260.957
5.401	102.339	260.978
5.476	103.463	261.032
5.573	104.722	261.096
5.393	104.530	261.030
5.369	104.388	261.026
5.406	104.323	261.107
5.506	104.392	261.196
5.598	104.483	261.243
5.584	104.463	261.155
5.526	104.381	261.023
5.489	104.242	261.030
5.475	104.090	261.051
5.468	103.881	261.035
5.470	103.628	261.029
5.456	103.317	261.014
5.408	102.967	261.003
5.364	102.572	261.016
5.299	102.210	261.014
5.253	101.804	261.005
5.220	101.430	261.004
5.191	101.056	260.985
5.199	100.689	260.961
5.209	100.343	260.951
5.238	100.037	260.947
5.295	99.763	260.965
5.365	99.535	260.964
5.454	99.378	260.967
5.489	99.294	260.947
5.426	99.285	260.955
5.378	99.364	260.913
5.365	99.530	260.897
5.383	99.794	260.911
5.390	100.161	260.923
5.400	100.667	260.939
5.425	101.299	260.948
5.452	102.071	260.951
5.478	103.016	260.972
5.544	104.121	261.024
5.467	104.682	261.021
5.392	104.549	261.032
5.421	104.570	261.090
5.507	104.730	261.189
5.524	104.611	261.191
5.534	104.370	261.112
5.509	104.226	261.086
5.481	104.065	261.055
5.452	103.930	261.031
5.443	103.763	261.008
5.431	103.579	260.990
5.414	103.329	260.991
5.395	103.060	260.993
5.373	102.754	261.015
5.336	102.410	261.029
5.288	102.068	261.035
5.247	101.704	261.024
5.222	101.359	260.997
5.190	101.025	260.987
5.169	100.704	260.970
5.158	100.396	260.958
5.164	100.123	260.974
5.161	99.893	260.982
5.195	99.697	260.989
5.229	99.565	260.976
5.273	99.507	260.973
5.328	99.516	260.958
5.382	99.612	260.937
5.440	99.776	260.933
5.436	100.055	260.947
5.412	100.423	260.969
5.396	100.920	260.948
5.402	101.531	260.948
5.429	102.259	260.939
5.476	103.119	260.972
5.545	104.126	261.041
5.502	104.690	261.011
5.443	104.612	260.998
5.494	104.686	261.066
5.538	104.824	261.158
5.531	104.702	261.132
5.537	104.668	261.118
5.511	104.638	261.071
5.517	104.568	261.069
5.499	104.503	261.070
5.502	104.473	261.050
5.517	104.396	261.043
5.543	104.315	261.062
5.542	104.175	261.066
5.532	103.987	261.077
5.507	103.750	261.078
5.469	103.451	261.084
5.418	103.099	261.078
5.356	102.742	261.074
5.295	102.358	261.042
5.268	101.923	261.016
5.224	101.500	260.989
5.208	101.084	260.982
5.229	100.687	260.984
5.246	100.323	260.991
5.309	99.982	260.993
5.390	99.660	260.983
5.472	99.409	260.966
5.464	99.206	260.962
5.406	99.085	260.949
5.365	99.023	260.916
5.367	99.048	260.895
5.399	99.174	260.913
5.401	99.407	260.927
5.419	99.757	260.923
5.425	100.224	260.938
5.422	100.862	260.943
5.423	101.693	260.955
5.443	102.712	260.972
5.521	103.906	261.052
5.469	104.770	261.051
5.345	104.485	261.009
5.368	104.337	261.035
5.440	104.296	261.138
5.531	104.330	261.211
5.572	104.339	261.193
5.553	104.341	261.100
5.520	104.309	261.013
5.491	104.225	261.025
5.480	104.124	261.051
5.482	103.939	261.053
5.492	103.700	261.033
5.474	103.412	261.032
5.432	103.068	261.019
5.380	102.703	261.047
5.317	102.341	261.025
5.274	101.964	261.025
5.227	101.601	261.010
5.208	101.224	260.998
5.191	100.871	260.978
5.184	100.518	260.965
5.186	100.222	260.965
5.210	99.946	260.971
5.252	99.718	260.975
5.305	99.538	260.964
5.359	99.452	260.956
5.419	99.424	260.935
5.458	99.460	260.919
5.426	99.570	260.923
5.395	99.770	260.940
5.365	100.076	260.912
5.380	100.483	260.921
5.399	100.997	260.930
5.401	101.644	260.945
5.414	102.411	260.947
5.481	103.321	260.983
5.582	104.408	261.051
5.458	104.644	261.025
5.419	104.550	261.011
5.466	104.630	261.100
5.507	104.794	261.173
5.501	104.602	261.163
5.527	104.474	261.125
5.539	104.431	261.104
5.536	104.432	261.090
5.518	104.416	261.064
5.534	104.399	261.046
5.545	104.326	261.055
5.549	104.221	261.073
5.548	104.070	261.095
5.538	103.829	261.079
5.492	103.562	261.082
5.440	103.223	261.065
5.374	102.879	261.061
5.327	102.503	261.039
5.278	102.113	261.008
5.233	101.699	260.995
5.220	101.285	260.970
5.222	100.896	260.972
5.235	100.521	260.969
5.284	100.185	260.985
5.337	99.875	260.973
5.408	99.618	260.962
5.466	99.420	260.948
5.425	99.279	260.947
5.381	99.202	260.930
5.355	99.203	260.921
5.358	99.286	260.900
5.374	99.468	260.922
5.387	99.738	260.932
5.382	100.128	260.926
5.388	100.652	260.946
5.396	101.315	260.956
5.398	102.157	260.963
5.436	103.179	261.001
5.535	104.376	261.080
5.384	104.604	261.031
5.342	104.439	261.006
5.397	104.359	261.091
5.496	104.417	261.192
5.591	104.540	261.243
5.564	104.488	261.157
5.536	104.387	261.082
5.509	104.285	261.037
5.485	104.154	261.057
5.477	103.991	261.051
5.478	103.745	261.027
5.466	103.473	261.010
5.424	103.165	260.999
5.367	102.802	261.017
5.318	102.409	261.007
5.271	102.038	261.009
5.222	101.646	260.997
5.201	101.248	260.988
5.195	100.867	260.980
5.184	100.514	260.960
5.190	100.190	260.950
5.215	99.901	260.956
5.252	99.663	260.957
5.305	99.460	260.965
5.352	99.333	260.965
5.420	99.302	260.929
5.464	99.350	260.941
5.429	99.492	260.940
5.393	99.705	260.927
5.366	100.038	260.913
5.369	100.495	260.921
5.386	101.080	260.939
5.396	101.806	260.943
5.435	102.702	260.985
5.513	103.743	261.001
5.539	104.744	261.060
5.420	104.549	261.030
5.441	104.551	261.045
5.505	104.664	261.177
5.533	104.707	261.195
5.530	104.478	261.152
5.521	104.314	261.104
5.497	104.199	261.056
5.471	104.095	261.050
5.452	103.976	261.014
5.457	103.808	261.012
5.446	103.616	261.008
5.436	103.371	260.993
5.412	103.084	261.023
5.369	102.757	261.035
5.334	102.405	261.033
5.285	102.058	261.038
5.239	101.695	261.009
5.217	101.322	260.997
5.192	100.976	260.977
5.186	100.640	260.975
5.193	100.348	260.970
5.230	100.089	260.984
5.274	99.847	260.998
5.344	99.650	260.980
5.420	99.537	260.962
5.477	99.492	260.947
5.437	99.524	260.952
5.385	99.625	260.938
5.364	99.824	260.924
5.384	100.107	260.913
5.397	100.514	260.945
5.418	101.027	260.949
5.441	101.645	260.954
5.467	102.403	260.961
5.520	103.277	260.988
5.585	104.315	261.040
5.468	104.651	261.024
5.415	104.558	261.028
5.448	104.622	261.080
5.498	104.805	261.175
5.504	104.654	261.150
5.543	104.574	261.134
5.552	104.556	261.116
5.533	104.530	261.071
5.519	104.492	261.064
5.528	104.462	261.046
5.549	104.390	261.059
5.561	104.317	261.066
5.557	104.192	261.073
5.549	104.003	261.088
5.522	103.762	261.074
5.474	103.469	261.069
5.421	103.130	261.066
5.365	102.777	261.057
